{
"type": "FeatureCollection",
"name": "hcp_wgs_counties",
"crs": { "type": "name", "properties": { "name": "urn:ogc:def:crs:OGC:1.3:CRS84" } },
"features": [
{ "type": "Feature", "properties": { "hcs_name": "Aberdeenshire", "abbr": "Aber", "hcs_county": "Aberdeen", "hcs_number": 1, "hcs_code": "ABN", "county": "Aberdeenshire", "region": "Scotland" }, "geometry": { "type": "Polygon", "coordinates": [ [ [ -2.27194133290557, 57.682115829003997 ], [ -2.272471460535577, 57.662502848264005 ], [ -2.277204594228051, 57.658924005243016 ], [ -2.285917147681307, 57.639096481005851 ], [ -2.299449844865696, 57.634867233987187 ], [ -2.329151840620816, 57.635878439696427 ], [ -2.339348424234418, 57.62926923607872 ], [ -2.357212971161442, 57.629843839768498 ], [ -2.363692834126957, 57.625256775443042 ], [ -2.381620482633236, 57.626927569779085 ], [ -2.420914124973593, 57.619037361101313 ], [ -2.425688257837284, 57.614494597401261 ], [ -2.444700610994557, 57.616544216130272 ], [ -2.439001104336739, 57.624305311021665 ], [ -2.461067942724006, 57.633914542982779 ], [ -2.485300496019696, 57.633115132813352 ], [ -2.508903787192334, 57.629180541338762 ], [ -2.519494115810537, 57.618075722511449 ], [ -2.515198464462066, 57.601022168311047 ], [ -2.484068515444782, 57.596740788913039 ], [ -2.474001387317782, 57.580549569793185 ], [ -2.485022048476017, 57.568902232403865 ], [ -2.502887102330311, 57.556080483254384 ], [ -2.488065294856737, 57.551007648180772 ], [ -2.480150055111995, 57.540025913188927 ], [ -2.522629743235854, 57.534396753913747 ], [ -2.532911248446737, 57.536834430832769 ], [ -2.553932909356134, 57.529958716884373 ], [ -2.55001554845247, 57.512476833485074 ], [ -2.520454568777881, 57.49222621452747 ], [ -2.543457756116529, 57.483424483260336 ], [ -2.54547451561588, 57.472286313122339 ], [ -2.552919292638173, 57.461732525555149 ], [ -2.578114405806921, 57.474769310266062 ], [ -2.61016108345317, 57.48026578620653 ], [ -2.636298200587599, 57.48955825532817 ], [ -2.629564134916412, 57.496746455820464 ], [ -2.638388948773032, 57.506520017942378 ], [ -2.656313336010976, 57.512992408178931 ], [ -2.692758861069798, 57.516396234920649 ], [ -2.723514143564752, 57.50435399523959 ], [ -2.741892243198082, 57.504013903144269 ], [ -2.75992347574635, 57.513748390166818 ], [ -2.766431339278795, 57.521204521317891 ], [ -2.787979105218756, 57.50816990559759 ], [ -2.817051656416014, 57.519893441487014 ], [ -2.821005329546035, 57.535061571833374 ], [ -2.836802200319926, 57.53789863920997 ], [ -2.86387914567152, 57.53008699981757 ], [ -2.882792032589786, 57.532892855215835 ], [ -2.886437329377872, 57.521890610762867 ], [ -2.909576472935212, 57.509118899118874 ], [ -2.919569483659189, 57.506291936521187 ], [ -2.916779365934344, 57.495031002234249 ], [ -2.962268723105889, 57.49362666400966 ], [ -2.986587848417097, 57.482942183829671 ], [ -2.996231080638914, 57.467192152597086 ], [ -3.013120938322916, 57.45932231346918 ], [ -3.019998044916015, 57.449486955069332 ], [ -3.010626815553337, 57.442868721341576 ], [ -2.991474213488825, 57.439728437695557 ], [ -2.975081430325548, 57.442555264319729 ], [ -2.960256211313159, 57.434455874429965 ], [ -2.930020918983716, 57.424081221620497 ], [ -2.929148748117127, 57.40362313784658 ], [ -2.940510873111542, 57.395127410503846 ], [ -2.967680022864981, 57.383500300609903 ], [ -2.956826984450642, 57.375804554070143 ], [ -2.974833989889292, 57.369930094087422 ], [ -2.983531032319029, 57.363297310266205 ], [ -2.977719474545521, 57.356625028704109 ], [ -3.022062804534019, 57.343245457064988 ], [ -3.049891833314445, 57.349378083705041 ], [ -3.081999822920658, 57.336659708323936 ], [ -3.093172494241196, 57.327976531709083 ], [ -3.094222670533982, 57.314918347988083 ], [ -3.110062539978399, 57.306330062428984 ], [ -3.095741914905868, 57.293422244665805 ], [ -3.080459419309888, 57.289390940007053 ], [ -3.10995426420112, 57.277302179369613 ], [ -3.118207475686826, 57.281312042002043 ], [ -3.145300347076271, 57.272585109623989 ], [ -3.164912354740907, 57.262252021894184 ], [ -3.188045907944722, 57.262938305602752 ], [ -3.196588158677528, 57.25468398459531 ], [ -3.208522706398704, 57.256135555252477 ], [ -3.218557826801563, 57.249799444456912 ], [ -3.225293664277028, 57.239357506989457 ], [ -3.235627436437337, 57.232424357462122 ], [ -3.235370803059243, 57.223267958482289 ], [ -3.244252231467063, 57.221075485965372 ], [ -3.247406595268369, 57.210369519257043 ], [ -3.242569354305585, 57.202156912240525 ], [ -3.275205280731103, 57.200423717453049 ], [ -3.290385177516223, 57.193754727623087 ], [ -3.327842052274934, 57.188850129829639 ], [ -3.353521000748574, 57.178172387343302 ], [ -3.358277944364626, 57.171665940132712 ], [ -3.352897805628924, 57.159942575255442 ], [ -3.342362897030297, 57.157175386578885 ], [ -3.349374004253573, 57.148134071828046 ], [ -3.333572967734962, 57.142413869498611 ], [ -3.322319215455583, 57.131060649183411 ], [ -3.328068715079838, 57.118082657979514 ], [ -3.336341137627999, 57.110994317564582 ], [ -3.360937747189962, 57.107420270068467 ], [ -3.379534167660176, 57.097463970866819 ], [ -3.397764123573002, 57.100921406203263 ], [ -3.41508231959988, 57.099600750973593 ], [ -3.431746176711723, 57.103009167124704 ], [ -3.449240023551131, 57.092194197915042 ], [ -3.487988795061908, 57.091275248807442 ], [ -3.516952125374254, 57.08666499897484 ], [ -3.538232149031136, 57.091149052549632 ], [ -3.54310205647863, 57.08482432526209 ], [ -3.558959872432422, 57.083049110786504 ], [ -3.5578175579537, 57.096405844510201 ], [ -3.576282908125332, 57.094096617324126 ], [ -3.592994804229598, 57.084101176312394 ], [ -3.610756681746386, 57.085401484801459 ], [ -3.620474007167967, 57.089894282454395 ], [ -3.632937775405928, 57.085723530347202 ], [ -3.646643812335959, 57.088321756023781 ], [ -3.653646883218508, 57.081202668172615 ], [ -3.655158275646998, 57.068533328985694 ], [ -3.677101191323977, 57.081893714721389 ], [ -3.683694604979947, 57.095252040969278 ], [ -3.704581971496556, 57.089834037662143 ], [ -3.714902054448386, 57.079112699484881 ], [ -3.749696126062605, 57.076192669743548 ], [ -3.758065470677185, 57.069319442922755 ], [ -3.746897555913359, 57.057741937690523 ], [ -3.734600723096525, 57.056398473760957 ], [ -3.75692809722019, 57.037403146811378 ], [ -3.744397704245695, 57.016724492875731 ], [ -3.748709540645621, 57.010239796746831 ], [ -3.748232562257997, 56.993120661663141 ], [ -3.758549144225161, 56.986756470016118 ], [ -3.761449320805072, 56.973601915183622 ], [ -3.782732004410713, 56.966791563410723 ], [ -3.801647863819442, 56.935892710726016 ], [ -3.787945562448959, 56.923635918549081 ], [ -3.746189056062025, 56.933730535799299 ], [ -3.732919558031643, 56.930874927353919 ], [ -3.725220138445422, 56.918430231199622 ], [ -3.704098119594688, 56.915494060717833 ], [ -3.683553638481533, 56.916127824302976 ], [ -3.67512633194502, 56.932458722591349 ], [ -3.657914848756117, 56.933079090943181 ], [ -3.640800776074307, 56.923331371186585 ], [ -3.619054320159018, 56.926193965911246 ], [ -3.608634739279899, 56.930798037962056 ], [ -3.582737126228906, 56.930935881671665 ], [ -3.579520445305346, 56.922931514138689 ], [ -3.560759673333306, 56.896940140058256 ], [ -3.568725548570301, 56.892520017364753 ], [ -3.56078296069864, 56.884115043048041 ], [ -3.537022731921727, 56.891435704615645 ], [ -3.524903078159813, 56.886721985438747 ], [ -3.499596996560603, 56.88626819782435 ], [ -3.490554093292353, 56.877042790601919 ], [ -3.465277511139224, 56.872877473318397 ], [ -3.447090268526035, 56.875879806228589 ], [ -3.438040145340313, 56.885520072092952 ], [ -3.421287157940999, 56.879584427657427 ], [ -3.404961997423125, 56.884032299704003 ], [ -3.372138119233806, 56.874626527297345 ], [ -3.367709282837118, 56.881452043691851 ], [ -3.353584148145725, 56.883905384312698 ], [ -3.337133132689767, 56.895797213893246 ], [ -3.320934524367615, 56.895724009921118 ], [ -3.302586767346087, 56.899684986647337 ], [ -3.285083907220316, 56.907220601417123 ], [ -3.283463792080466, 56.913061542842371 ], [ -3.291098100710637, 56.925456736354754 ], [ -3.284246998309017, 56.928568418417974 ], [ -3.256538957492445, 56.91986587069136 ], [ -3.235030708546063, 56.918188661684582 ], [ -3.222950166196727, 56.913389890190629 ], [ -3.18514450422229, 56.903990188411136 ], [ -3.167190656906505, 56.907997204258351 ], [ -3.15212763270324, 56.904813270901855 ], [ -3.139425706565441, 56.897705065535206 ], [ -3.132036149405835, 56.888510973201143 ], [ -3.119512076336293, 56.888815479820785 ], [ -3.106823827631569, 56.895501697716909 ], [ -3.112011964920261, 56.903240842842443 ], [ -3.110488532898319, 56.919416099109384 ], [ -3.094613288852144, 56.932358349120015 ], [ -3.098651128416754, 56.945336177592267 ], [ -3.083634639086318, 56.950709382475061 ], [ -3.083168515192948, 56.958444042169731 ], [ -3.048088876166725, 56.963413166688966 ], [ -3.026338428556819, 56.972785508764879 ], [ -3.007268216570672, 56.96682698392415 ], [ -2.967298343401364, 56.96955570228377 ], [ -2.954055568618529, 56.96681777206156 ], [ -2.944879787738369, 56.97319155367363 ], [ -2.924074984731168, 56.972360975205945 ], [ -2.910242462612045, 56.975799793156966 ], [ -2.912905371352342, 56.981669388866798 ], [ -2.892426356365037, 56.986816425136297 ], [ -2.861379947925843, 56.978885844320331 ], [ -2.851084494644577, 56.972577992590963 ], [ -2.833696977844169, 56.972915077284185 ], [ -2.824570562194865, 56.96194506334141 ], [ -2.783125351411618, 56.956809655495668 ], [ -2.761399924932706, 56.957681723825999 ], [ -2.757449140022375, 56.964071546567247 ], [ -2.737656168311651, 56.97313214959614 ], [ -2.715718282495501, 56.975233695114511 ], [ -2.707922587343154, 56.972736880281666 ], [ -2.681170219987378, 56.982691114605736 ], [ -2.660348852596141, 56.985861290148542 ], [ -2.636729626149985, 56.999752698461485 ], [ -2.61559371370089, 57.001111745910613 ], [ -2.591315130595151, 57.022776989035492 ], [ -2.60136076254823, 57.034841987837531 ], [ -2.600057803347098, 57.049521211608351 ], [ -2.613716334693186, 57.058590650033381 ], [ -2.606688176162343, 57.065618936723439 ], [ -2.579993742431352, 57.065357270942222 ], [ -2.580665690447562, 57.075133719970417 ], [ -2.573464806287548, 57.083005041596742 ], [ -2.57615736318269, 57.091135182720045 ], [ -2.551043130798119, 57.088368691024563 ], [ -2.534375778440735, 57.096715439182091 ], [ -2.541819243965764, 57.111359342540815 ], [ -2.536976437041199, 57.117721062760005 ], [ -2.499316576704869, 57.109857019131866 ], [ -2.482881122278815, 57.1113132507747 ], [ -2.477902519569207, 57.106720984617816 ], [ -2.450592411581872, 57.10202872674234 ], [ -2.426622257258709, 57.10787441258892 ], [ -2.387589880055323, 57.110160830450965 ], [ -2.386023707238404, 57.099315724032664 ], [ -2.371780340938386, 57.077582567401549 ], [ -2.397805023224941, 57.069680545896396 ], [ -2.3932723080406, 57.061235073733293 ], [ -2.369291670465099, 57.061448779498605 ], [ -2.353947793872216, 57.070868199209826 ], [ -2.324298092329553, 57.073521253879569 ], [ -2.294250582751625, 57.079202823534914 ], [ -2.27408599259589, 57.078495427510418 ], [ -2.261556476883004, 57.08500101412011 ], [ -2.26079475705911, 57.09439370260268 ], [ -2.243110914250298, 57.092519316180677 ], [ -2.18573371128932, 57.108341729256082 ], [ -2.173550308567906, 57.113739675296607 ], [ -2.161192783120061, 57.112906294684585 ], [ -2.12376827086034, 57.11909743861915 ], [ -2.113573567260911, 57.1280816727512 ], [ -2.095686375279106, 57.130647219575259 ], [ -2.092813973161701, 57.143158484803891 ], [ -2.077688065532723, 57.140164122829738 ], [ -2.065949530675511, 57.143146951223194 ], [ -2.076310293382387, 57.149361822423813 ], [ -2.077759365885228, 57.174378420063839 ], [ -2.060337763938039, 57.214147699550551 ], [ -2.042798768782185, 57.243215298661191 ], [ -2.017078227326962, 57.276371172666622 ], [ -1.990297054106153, 57.304726262930892 ], [ -1.994982794800392, 57.311815720553987 ], [ -1.96745190992479, 57.328055390734939 ], [ -1.942984289841275, 57.339122399368023 ], [ -1.914785849937727, 57.362852542148559 ], [ -1.888099044173483, 57.373140047083346 ], [ -1.86827700503209, 57.385016464455973 ], [ -1.861000030089683, 57.393199892970088 ], [ -1.864440613979483, 57.400332274168441 ], [ -1.855306582757254, 57.41094235264773 ], [ -1.838415363456265, 57.409851167260854 ], [ -1.826959678465844, 57.421584052817025 ], [ -1.816175420615266, 57.426974855700934 ], [ -1.819545751803804, 57.435354839454611 ], [ -1.797548175616532, 57.447196503689788 ], [ -1.797051371050111, 57.453879204116305 ], [ -1.781910516676125, 57.460534467307731 ], [ -1.775899632057425, 57.473609084793445 ], [ -1.79562809827321, 57.485398299887066 ], [ -1.783442477563397, 57.491923125941206 ], [ -1.791019459922106, 57.502446042203275 ], [ -1.766646782190666, 57.503140570093585 ], [ -1.776254523171017, 57.511435312969986 ], [ -1.798040756974125, 57.516312533130296 ], [ -1.806892404472932, 57.531176034016418 ], [ -1.80217423864031, 57.543494766176572 ], [ -1.804144724171012, 57.556137986510279 ], [ -1.822375892854144, 57.570839947169439 ], [ -1.82793473791308, 57.596807389677728 ], [ -1.820846589352438, 57.607824690261026 ], [ -1.829605001423265, 57.615320219339864 ], [ -1.86137228555531, 57.624326929966593 ], [ -1.884759572760439, 57.637484547936069 ], [ -1.918181161883565, 57.667968719353091 ], [ -1.92003027890192, 57.673993361866337 ], [ -1.941917774192887, 57.680781139382511 ], [ -1.951274696267514, 57.675645320119123 ], [ -1.97704262318348, 57.67678203517584 ], [ -1.995339521271232, 57.681017263655527 ], [ -2.002683746471773, 57.693409166225806 ], [ -2.023300138904133, 57.696645999208542 ], [ -2.042489855264138, 57.691704630879656 ], [ -2.082362730906762, 57.700503522270743 ], [ -2.109123528771127, 57.697181201304886 ], [ -2.118714364221353, 57.700312105634438 ], [ -2.133914584269082, 57.694518226790201 ], [ -2.155877873642388, 57.681468852483746 ], [ -2.175772775407122, 57.673541345741789 ], [ -2.19234619991292, 57.671326770927578 ], [ -2.207578065984895, 57.676031173968447 ], [ -2.247141417960188, 57.682612792553527 ], [ -2.263316007285749, 57.679295004435069 ], [ -2.27194133290557, 57.682115829003997 ] ] ] } },
{ "type": "Feature", "properties": { "hcs_name": "Anglesey", "abbr": "Angle", "hcs_county": "Anglesey", "hcs_number": 2, "hcs_code": "AGL", "county": "Anglesey", "region": "Wales" }, "geometry": { "type": "Polygon", "coordinates": [ [ [ -4.632261331477983, 53.316740926299047 ], [ -4.675607005608583, 53.32117747495758 ], [ -4.685747785946382, 53.312141642171063 ], [ -4.697524686365842, 53.307208376516371 ], [ -4.67896829905366, 53.293453921558104 ], [ -4.686406589154934, 53.289054125452999 ], [ -4.666115963570574, 53.281731296407848 ], [ -4.660565209164474, 53.285818748274394 ], [ -4.627941810427897, 53.279446347663352 ], [ -4.625521216971094, 53.269272088056837 ], [ -4.608670468603562, 53.255903560949449 ], [ -4.614439807746226, 53.248473822394089 ], [ -4.595952328537634, 53.240420610265822 ], [ -4.568385798702216, 53.243818260085888 ], [ -4.557782937270228, 53.252707412702506 ], [ -4.575530597158374, 53.265586744653106 ], [ -4.565992292454364, 53.268466599014289 ], [ -4.552693682161641, 53.255371434695462 ], [ -4.555267176890879, 53.2495045945616 ], [ -4.522301932028561, 53.232179363203308 ], [ -4.523867281138132, 53.226537339847397 ], [ -4.503954655696332, 53.215222713965517 ], [ -4.500249426646017, 53.205259384304945 ], [ -4.50660219484937, 53.193899736464637 ], [ -4.504062844072387, 53.187056661621888 ], [ -4.486569661541308, 53.185128568751928 ], [ -4.484618872045322, 53.178127912410858 ], [ -4.466733137786983, 53.184291064499682 ], [ -4.44837835334464, 53.161513502399544 ], [ -4.439011995589122, 53.157464235377645 ], [ -4.428258740108659, 53.160564679035936 ], [ -4.414463623053474, 53.1707162923867 ], [ -4.411144655845928, 53.178560736800748 ], [ -4.385247836831473, 53.191966152045516 ], [ -4.380309119573611, 53.182461228594576 ], [ -4.386970807731313, 53.16965279032398 ], [ -4.406512132919486, 53.168869344610528 ], [ -4.419727338894656, 53.163885592394749 ], [ -4.407633032740139, 53.144236037278176 ], [ -4.383240409271118, 53.142357439125462 ], [ -4.358388935194506, 53.131432953371416 ], [ -4.345146613596909, 53.134112385352331 ], [ -4.335930079864251, 53.145577421148374 ], [ -4.318084321465815, 53.144113549794533 ], [ -4.303144476673141, 53.147199887088611 ], [ -4.283133514821601, 53.155781197702915 ], [ -4.245056571118669, 53.179193557080602 ], [ -4.230582698861742, 53.181586099783445 ], [ -4.216152351279093, 53.189539574398729 ], [ -4.214695867220794, 53.20452894372 ], [ -4.207841825811369, 53.211951532031293 ], [ -4.191294399695989, 53.216218723586273 ], [ -4.178196789387957, 53.223728259235692 ], [ -4.161825468117482, 53.222181511705465 ], [ -4.155757582233663, 53.232540097560658 ], [ -4.088481029170691, 53.262757727374307 ], [ -4.085467767557547, 53.275521148380577 ], [ -4.075685127239203, 53.281314800164687 ], [ -4.07189150308932, 53.289456907069827 ], [ -4.058799863625518, 53.295447962500766 ], [ -4.057572621842229, 53.301720518185483 ], [ -4.040257429860387, 53.310455428853352 ], [ -4.057008947621646, 53.314836760923747 ], [ -4.070894489919853, 53.312182381778648 ], [ -4.098391456468809, 53.317788384188148 ], [ -4.118347160446172, 53.319242907725901 ], [ -4.1349379752133, 53.314764771126669 ], [ -4.14347898209884, 53.305269047543632 ], [ -4.174160657337306, 53.301235586714427 ], [ -4.201136764314586, 53.295400244265835 ], [ -4.214500959234879, 53.298557946792457 ], [ -4.20419502384321, 53.31361657607961 ], [ -4.219104516055005, 53.319076183716589 ], [ -4.229603842604644, 53.345700531114318 ], [ -4.247200673506164, 53.360562949081199 ], [ -4.264428739401501, 53.360825425950829 ], [ -4.266909580136964, 53.369969856123902 ], [ -4.285905683885161, 53.372912662326613 ], [ -4.270268294286105, 53.386461524487437 ], [ -4.269942869131381, 53.394790274374571 ], [ -4.283646737269443, 53.411213670897268 ], [ -4.324812978953257, 53.418205650388032 ], [ -4.356074264204343, 53.414715369117346 ], [ -4.370888686229611, 53.424604805900998 ], [ -4.405368526258569, 53.427355028299431 ], [ -4.435320752749471, 53.428077150960263 ], [ -4.452457693597376, 53.417667443376892 ], [ -4.462624107975824, 53.416414020071343 ], [ -4.484128220095809, 53.419792124657441 ], [ -4.487419314190796, 53.413085280114139 ], [ -4.50450517540007, 53.409005645830526 ], [ -4.517031324226333, 53.414194872543035 ], [ -4.528128767565286, 53.406851749417051 ], [ -4.562810991245585, 53.407275423840908 ], [ -4.573442509619786, 53.404085330702294 ], [ -4.572053620149294, 53.391988752746983 ], [ -4.555519094490154, 53.374861066272615 ], [ -4.561531638145246, 53.35862468563024 ], [ -4.569024292819256, 53.353182702348136 ], [ -4.573968757841555, 53.333361776014748 ], [ -4.571890693266655, 53.324075551973465 ], [ -4.561232747403512, 53.313570795625488 ], [ -4.566816798216832, 53.293945921933357 ], [ -4.575713036777517, 53.287940624912707 ], [ -4.58788909557815, 53.291910293567923 ], [ -4.596194028371094, 53.30556609264179 ], [ -4.611183502483415, 53.3027646035925 ], [ -4.615100620128783, 53.308693675492577 ], [ -4.632261331477983, 53.316740926299047 ] ] ] } },
{ "type": "Feature", "properties": { "hcs_name": "Angus", "abbr": "Ang", "hcs_county": "Angus", "hcs_number": 3, "hcs_code": "ANG", "county": "Angus", "region": "Scotland" }, "geometry": { "type": "Polygon", "coordinates": [ [ [ -3.372138119233806, 56.874626527297345 ], [ -3.378163095127854, 56.861384430892407 ], [ -3.403193679714294, 56.845615878179494 ], [ -3.392762837480956, 56.842740539150554 ], [ -3.37666110831859, 56.829746409509148 ], [ -3.370470468964577, 56.831291629939336 ], [ -3.35163666614621, 56.820287617930347 ], [ -3.366728890427647, 56.813464164294658 ], [ -3.357670074680092, 56.804385091735142 ], [ -3.37411855921794, 56.789270044910424 ], [ -3.379511881864123, 56.777109691471857 ], [ -3.389797524155828, 56.769244794347969 ], [ -3.378399315823306, 56.754232281190745 ], [ -3.385932617371254, 56.74664873865305 ], [ -3.401222960342639, 56.742086127469264 ], [ -3.392736532369527, 56.726525240756828 ], [ -3.402474601746996, 56.717952117827494 ], [ -3.380754286359005, 56.705174396307569 ], [ -3.33482280983374, 56.713388451424841 ], [ -3.315283160303662, 56.709968975742022 ], [ -3.302032127230637, 56.694964809853914 ], [ -3.308515410953845, 56.689948684817402 ], [ -3.286789043113235, 56.676405620835482 ], [ -3.283563714709053, 56.665491391580723 ], [ -3.26038176547409, 56.668420446548538 ], [ -3.239205083798005, 56.659842872560802 ], [ -3.212975384450952, 56.655422304668591 ], [ -3.175854450843026, 56.651946670024408 ], [ -3.160054645715261, 56.65620121927428 ], [ -3.150835035677825, 56.652751012624172 ], [ -3.148826872125444, 56.643358721034794 ], [ -3.154823047507815, 56.637386196136113 ], [ -3.177207656106848, 56.635764571574668 ], [ -3.175620529061103, 56.624240406121423 ], [ -3.160892248572718, 56.619230478739517 ], [ -3.154119476515304, 56.608449995262895 ], [ -3.165946072194482, 56.601086536830131 ], [ -3.144276015613184, 56.595543420311593 ], [ -3.110910381451156, 56.612223396695491 ], [ -3.097952331883815, 56.598318311678746 ], [ -3.112140752534007, 56.593889523154978 ], [ -3.132571743273941, 56.579135807319666 ], [ -3.18365975786787, 56.564971353877745 ], [ -3.19485124761516, 56.559041024705635 ], [ -3.20520185734848, 56.566529546872722 ], [ -3.224977896334388, 56.559436027781217 ], [ -3.240049866111124, 56.549820124350887 ], [ -3.259403226581663, 56.548889110603277 ], [ -3.269196878019315, 56.544115023946723 ], [ -3.256981277946981, 56.534828873048887 ], [ -3.271374963242322, 56.527119098460822 ], [ -3.269509042520558, 56.517124799102248 ], [ -3.275832122592847, 56.505366781831199 ], [ -3.247197620791837, 56.492139360335905 ], [ -3.237373189110004, 56.494458271470293 ], [ -3.228555696388801, 56.503201544325108 ], [ -3.229514452004649, 56.51098671490368 ], [ -3.195182524682396, 56.507175353591968 ], [ -3.16626381997546, 56.501173730944856 ], [ -3.148589287356254, 56.500232614646755 ], [ -3.144098924883079, 56.505090754567469 ], [ -3.113985167896218, 56.502374857978467 ], [ -3.094837915636074, 56.505021636160173 ], [ -3.086473731857382, 56.483404393181395 ], [ -3.090870710367557, 56.474149664363694 ], [ -3.104327126045785, 56.47234439778692 ], [ -3.121628578155415, 56.483213131989103 ], [ -3.142042682817517, 56.487545929360479 ], [ -3.14362451758785, 56.479737788282527 ], [ -3.123437713070957, 56.474225494050621 ], [ -3.119614807214087, 56.467671706228465 ], [ -3.074321115555526, 56.467938497952545 ], [ -3.051927314105015, 56.458390747550219 ], [ -3.04127248480708, 56.451323125687487 ], [ -2.990733351140782, 56.451294078225629 ], [ -2.955540739690679, 56.461229448859875 ], [ -2.93089711301455, 56.465669490449372 ], [ -2.88862742253795, 56.468743154818995 ], [ -2.865074706303703, 56.464013786649119 ], [ -2.836281969886755, 56.475127277905138 ], [ -2.797181563047336, 56.480284483886223 ], [ -2.740539326613631, 56.464540995163574 ], [ -2.731861663781818, 56.46678505781157 ], [ -2.720674401706059, 56.479189172744682 ], [ -2.714548201696815, 56.493698178065813 ], [ -2.70781249368607, 56.499407725884538 ], [ -2.669951950832476, 56.511406955379769 ], [ -2.653678295327622, 56.521428331426179 ], [ -2.636373660263799, 56.526848599445046 ], [ -2.627229515438109, 56.536382571905683 ], [ -2.605407684372412, 56.550668028460358 ], [ -2.586906604763775, 56.552793947345535 ], [ -2.569799049245296, 56.559911322879749 ], [ -2.549090737800203, 56.561595083753147 ], [ -2.537809343576628, 56.567582308896327 ], [ -2.54032329600103, 56.572963279791246 ], [ -2.524366697659243, 56.579350089823748 ], [ -2.519578260691847, 56.590499615915661 ], [ -2.496100840410527, 56.60632768918213 ], [ -2.481379386278089, 56.627835684446843 ], [ -2.500377518690171, 56.629520820377238 ], [ -2.506663963853181, 56.639145404714739 ], [ -2.505071474339941, 56.652847516260053 ], [ -2.49952546160767, 56.662829572950223 ], [ -2.451441167940054, 56.678488198830003 ], [ -2.440569504912408, 56.68700525707942 ], [ -2.441990989234532, 56.702275237361228 ], [ -2.461586328089172, 56.701546937796081 ], [ -2.476240645555191, 56.70492824645202 ], [ -2.49146937872968, 56.699328843249667 ], [ -2.516293150256062, 56.698547547744333 ], [ -2.531492589746509, 56.705538935105579 ], [ -2.515859105538289, 56.723478261873389 ], [ -2.474331500497842, 56.719857451525947 ], [ -2.475928762321607, 56.707778188961555 ], [ -2.452379686323575, 56.704386286670967 ], [ -2.439003351488056, 56.734332937670601 ], [ -2.427243567261275, 56.751440328435386 ], [ -2.428051243273865, 56.751932460772807 ], [ -2.431629443437393, 56.752763393381969 ], [ -2.440137729801608, 56.757237075180882 ], [ -2.459957096291945, 56.74482613730224 ], [ -2.468659781213292, 56.748029238321898 ], [ -2.481097686670537, 56.763984100458025 ], [ -2.515384733183173, 56.775457961127543 ], [ -2.531644981838295, 56.785667035754329 ], [ -2.539928917069129, 56.781980955797557 ], [ -2.555467760293745, 56.78665781282384 ], [ -2.569901472557902, 56.785484913491565 ], [ -2.591836390561308, 56.788271678553834 ], [ -2.606406912981242, 56.785246684980557 ], [ -2.616065607822825, 56.788469437615781 ], [ -2.63074959612611, 56.808116844377949 ], [ -2.64449048843751, 56.812098529189242 ], [ -2.651411346538609, 56.823167090361594 ], [ -2.666075784830291, 56.83464101141216 ], [ -2.667756807600727, 56.850253167653129 ], [ -2.661142454259324, 56.885732052686883 ], [ -2.681140322832944, 56.888307601154686 ], [ -2.679751247078993, 56.908782923034707 ], [ -2.686788611851202, 56.91531602182652 ], [ -2.710683039497492, 56.924533191436474 ], [ -2.725218341503396, 56.92629703838719 ], [ -2.740017037629879, 56.94849864466093 ], [ -2.761399924932706, 56.957681723825999 ], [ -2.783125351411618, 56.956809655495668 ], [ -2.824570562194865, 56.96194506334141 ], [ -2.833696977844169, 56.972915077284185 ], [ -2.851084494644577, 56.972577992590963 ], [ -2.861379947925843, 56.978885844320331 ], [ -2.892426356365037, 56.986816425136297 ], [ -2.912905371352342, 56.981669388866798 ], [ -2.910242462612045, 56.975799793156966 ], [ -2.924074984731168, 56.972360975205945 ], [ -2.944879787738369, 56.97319155367363 ], [ -2.954055568618529, 56.96681777206156 ], [ -2.967298343401364, 56.96955570228377 ], [ -3.007268216570672, 56.96682698392415 ], [ -3.026338428556819, 56.972785508764879 ], [ -3.048088876166725, 56.963413166688966 ], [ -3.083168515192948, 56.958444042169731 ], [ -3.083634639086318, 56.950709382475061 ], [ -3.098651128416754, 56.945336177592267 ], [ -3.094613288852144, 56.932358349120015 ], [ -3.110488532898319, 56.919416099109384 ], [ -3.112011964920261, 56.903240842842443 ], [ -3.106823827631569, 56.895501697716909 ], [ -3.119512076336293, 56.888815479820785 ], [ -3.132036149405835, 56.888510973201143 ], [ -3.139425706565441, 56.897705065535206 ], [ -3.15212763270324, 56.904813270901855 ], [ -3.167190656906505, 56.907997204258351 ], [ -3.18514450422229, 56.903990188411136 ], [ -3.222950166196727, 56.913389890190629 ], [ -3.235030708546063, 56.918188661684582 ], [ -3.256538957492445, 56.91986587069136 ], [ -3.284246998309017, 56.928568418417974 ], [ -3.291098100710637, 56.925456736354754 ], [ -3.283463792080466, 56.913061542842371 ], [ -3.285083907220316, 56.907220601417123 ], [ -3.302586767346087, 56.899684986647337 ], [ -3.320934524367615, 56.895724009921118 ], [ -3.337133132689767, 56.895797213893246 ], [ -3.353584148145725, 56.883905384312698 ], [ -3.367709282837118, 56.881452043691851 ], [ -3.372138119233806, 56.874626527297345 ] ] ] } },
{ "type": "Feature", "properties": { "hcs_name": "Antrim", "abbr": "Ant", "hcs_county": "Antrim", "hcs_number": 4, "hcs_code": "ANM", "county": "Antrim", "region": "NI" }, "geometry": { "type": "MultiPolygon", "coordinates": [ [ [ [ -6.23992907978855, 55.312039239668401 ], [ -6.27046137812704, 55.306618681012303 ], [ -6.28614470933823, 55.293571770081897 ], [ -6.26042463672476, 55.289918195613801 ], [ -6.22759448618712, 55.296053996567302 ], [ -6.19303586103391, 55.292627434302901 ], [ -6.18879593280522, 55.2848615756659 ], [ -6.20079740787344, 55.2766573289232 ], [ -6.19817492051503, 55.265157418583598 ], [ -6.18663655566366, 55.261641791940697 ], [ -6.18101825575893, 55.271534957395602 ], [ -6.16992233029105, 55.3016670318938 ], [ -6.21882341747099, 55.3063303529348 ], [ -6.23992907978855, 55.312039239668401 ] ] ], [ [ [ -6.658171283184031, 55.199603233461019 ], [ -6.648464733587077, 55.197515063216777 ], [ -6.637448850172271, 55.188181530330866 ], [ -6.613798546242694, 55.181832562932854 ], [ -6.60368871533985, 55.16553642247159 ], [ -6.589290133893454, 55.161472554941255 ], [ -6.58049007010391, 55.144102632974949 ], [ -6.568019407318149, 55.134798423724938 ], [ -6.569570120079014, 55.113092194769038 ], [ -6.585067409361719, 55.08841346985897 ], [ -6.608086682123097, 55.079241361536127 ], [ -6.597619485804219, 55.068110081832813 ], [ -6.58483838208078, 55.063780721953307 ], [ -6.582701344955548, 55.050309302498597 ], [ -6.573197704625561, 55.038648261753472 ], [ -6.580885561426107, 55.005392206724451 ], [ -6.570307511911902, 54.992397279500949 ], [ -6.56966273746988, 54.985264090817715 ], [ -6.55074095333129, 54.982444906903922 ], [ -6.551661162119425, 54.974301427745523 ], [ -6.540028506608903, 54.954595805857949 ], [ -6.517426314029117, 54.940510350275545 ], [ -6.498740992296873, 54.916706179420018 ], [ -6.506346312134445, 54.908315673068223 ], [ -6.497480907486809, 54.889264543621017 ], [ -6.489969375255328, 54.886057069624741 ], [ -6.485828284408252, 54.875064811569814 ], [ -6.47144794496918, 54.853972569091013 ], [ -6.471611639378513, 54.842828827436598 ], [ -6.457209380371244, 54.824565013624991 ], [ -6.459284720227066, 54.816569894687625 ], [ -6.470827380021918, 54.812462139658784 ], [ -6.477929248275156, 54.793761592077573 ], [ -6.477683425119607, 54.772706064020255 ], [ -6.457627511137457, 54.761309116972768 ], [ -6.485975596018868, 54.736516238399808 ], [ -6.495921516529969, 54.713665469122219 ], [ -6.469248058735066, 54.685254348804307 ], [ -6.407091126540258, 54.648844571814273 ], [ -6.426002574310178, 54.568219059146273 ], [ -6.38066107672523, 54.514040499625203 ], [ -6.356915596819579, 54.509345079425948 ], [ -6.339148068817272, 54.509065331608035 ], [ -6.327694008400458, 54.512194453032706 ], [ -6.295409324779434, 54.497234905079942 ], [ -6.280015846731771, 54.5008156076209 ], [ -6.265888444741559, 54.498982404839481 ], [ -6.260544781180239, 54.492681515890297 ], [ -6.238523047153759, 54.492040312124011 ], [ -6.22806674571582, 54.495424521187985 ], [ -6.208661618236313, 54.490134216997475 ], [ -6.200214246083511, 54.483344841220848 ], [ -6.180929222181884, 54.477255935024772 ], [ -6.164271757309483, 54.479430820876154 ], [ -6.142954260942854, 54.486116271055273 ], [ -6.134401584497079, 54.496007881476288 ], [ -6.119660743565435, 54.494298922726557 ], [ -6.074132875844405, 54.506009364041901 ], [ -6.058798191399872, 54.497538992594663 ], [ -6.041801367402392, 54.504436795889262 ], [ -6.034615805889446, 54.512248881734195 ], [ -6.02397886140116, 54.513784753173503 ], [ -6.027051101886334, 54.524651084934291 ], [ -6.012717741218827, 54.53559679220713 ], [ -5.994245175981261, 54.542850115841134 ], [ -5.972558853048771, 54.530927195259366 ], [ -5.96015063479997, 54.538021695928869 ], [ -5.950949593859526, 54.555551701087523 ], [ -5.930845344161698, 54.557841072544143 ], [ -5.925444069836828, 54.569537005459743 ], [ -5.930935459211125, 54.575099787377077 ], [ -5.919996454140804, 54.583521254839795 ], [ -5.916643288727616, 54.606004819257251 ], [ -5.872439403943452, 54.637433693750026 ], [ -5.879940357656011, 54.640145509095731 ], [ -5.898691538206254, 54.6300042593355 ], [ -5.906673228529341, 54.635264412486904 ], [ -5.904264520717703, 54.64199875685356 ], [ -5.914560697255446, 54.646180691828334 ], [ -5.90033748697223, 54.659673518692195 ], [ -5.894199293473001, 54.675176491251698 ], [ -5.872669689630051, 54.68550668790386 ], [ -5.842334691274679, 54.70435283703317 ], [ -5.817707069342941, 54.709942745342815 ], [ -5.790323300532764, 54.720898738955214 ], [ -5.765525146406297, 54.722789388419216 ], [ -5.745934117407975, 54.727181177416526 ], [ -5.733183599636513, 54.738169529302141 ], [ -5.709715677153927, 54.746430762198003 ], [ -5.707368926090103, 54.753366205428193 ], [ -5.688808886764932, 54.768087072108386 ], [ -5.694253014402955, 54.778850259950815 ], [ -5.689420933817916, 54.801884486035746 ], [ -5.691994462009504, 54.810309188477675 ], [ -5.714052974061616, 54.838039616045677 ], [ -5.746072125514695, 54.855427462496465 ], [ -5.758519256218326, 54.858776314918352 ], [ -5.770172011659962, 54.852126226299767 ], [ -5.790347191351859, 54.851715873475854 ], [ -5.786793938187358, 54.842499966548537 ], [ -5.770544187572131, 54.83293071824037 ], [ -5.750573774917658, 54.825279069119333 ], [ -5.738122620995412, 54.815814818179106 ], [ -5.724271426898188, 54.800037389256012 ], [ -5.719208462958221, 54.788127670418064 ], [ -5.732250653784789, 54.789396255410381 ], [ -5.747481671145993, 54.804162690960027 ], [ -5.741401574333356, 54.81112642615831 ], [ -5.758593661871764, 54.818139256096323 ], [ -5.771060279681233, 54.815347946921719 ], [ -5.801282252953637, 54.82289346185167 ], [ -5.811719691102937, 54.83389811976258 ], [ -5.81723256034781, 54.845677183258744 ], [ -5.797091251344801, 54.84552451699399 ], [ -5.798665678291171, 54.854237532328987 ], [ -5.823146313048891, 54.87632002467101 ], [ -5.833721006382939, 54.878169386426514 ], [ -5.8424745877386, 54.890192653224673 ], [ -5.844681842362135, 54.900881723970166 ], [ -5.856844056497373, 54.89862059371444 ], [ -5.875319815924362, 54.905769479422752 ], [ -5.882803675179915, 54.91334706703261 ], [ -5.900411804984238, 54.943755290455293 ], [ -5.917916519214021, 54.960811487655739 ], [ -5.929597587320931, 54.967886880542473 ], [ -5.955651580723409, 54.969284456726093 ], [ -5.969284741192718, 54.981028167450738 ], [ -5.982257301926918, 54.978937876238909 ], [ -5.991663417230935, 54.986393728298673 ], [ -5.987115513174196, 55.000630580434041 ], [ -5.971613160498116, 55.022378116465667 ], [ -5.972144812519975, 55.030890515520305 ], [ -5.963230018310771, 55.048240738002647 ], [ -5.981145879950159, 55.057858477374104 ], [ -5.994645846874327, 55.05935637281889 ], [ -6.023438011541941, 55.05725321299667 ], [ -6.042430641133869, 55.05296323910914 ], [ -6.058147593304263, 55.064369600809172 ], [ -6.053897860710576, 55.066999000868599 ], [ -6.055338549050347, 55.084708990223582 ], [ -6.036114282688313, 55.103018308322369 ], [ -6.035389534217902, 55.12292442297781 ], [ -6.041188211220184, 55.131013286045842 ], [ -6.026208985631524, 55.139048103514355 ], [ -6.025979060441752, 55.158401050615709 ], [ -6.033778056947678, 55.169720462934343 ], [ -6.045750908269895, 55.171915146762807 ], [ -6.06666336291088, 55.196896201082858 ], [ -6.106309611511419, 55.209953836322526 ], [ -6.114146094063219, 55.208993559518063 ], [ -6.139871298345339, 55.227047170021493 ], [ -6.153142629818067, 55.227699502945448 ], [ -6.172843597107853, 55.216119646847865 ], [ -6.189535294592844, 55.211369444430318 ], [ -6.236742511914947, 55.204519790611471 ], [ -6.246469213027209, 55.211562621375627 ], [ -6.257262012944887, 55.212212948674512 ], [ -6.291724431264154, 55.229341271249815 ], [ -6.312663414177763, 55.229812304598219 ], [ -6.332646798997501, 55.239644393085605 ], [ -6.35864462515587, 55.240885024111961 ], [ -6.366821523197311, 55.245178460787393 ], [ -6.380563552234003, 55.242479407501833 ], [ -6.388689350072623, 55.23582709339334 ], [ -6.408331816882367, 55.232239225491355 ], [ -6.424224727735105, 55.237067909727962 ], [ -6.455657819209087, 55.23942928280011 ], [ -6.473837980159367, 55.25186657899733 ], [ -6.50575789179717, 55.244142699077152 ], [ -6.531394662609173, 55.232912526601588 ], [ -6.528521422944582, 55.224978692146458 ], [ -6.535985203603074, 55.219568755710043 ], [ -6.55326356575417, 55.219628695299065 ], [ -6.582679157244669, 55.21008329955221 ], [ -6.606439464496482, 55.205919238915072 ], [ -6.6294995662983, 55.208425056165545 ], [ -6.649572760368393, 55.205059563977905 ], [ -6.658171283184031, 55.199603233461019 ] ] ] ] } },
{ "type": "Feature", "properties": { "hcs_name": "Argyllshire", "abbr": "Argyll", "hcs_county": "Argyll", "hcs_number": 5, "hcs_code": "ARG", "county": "Argyllshire", "region": "Scotland" }, "geometry": { "type": "MultiPolygon", "coordinates": [ [ [ [ -4.978377991233298, 56.714372595271435 ], [ -5.011966577353796, 56.7094262048263 ], [ -5.018326431986005, 56.706705933227951 ], [ -5.048995952661209, 56.704542895057834 ], [ -5.106954206338661, 56.691101401528989 ], [ -5.109177774020343, 56.681428564835059 ], [ -5.154061086317593, 56.677964514664424 ], [ -5.168991184151732, 56.685412858317811 ], [ -5.182485208332928, 56.68804615202292 ], [ -5.198045523404222, 56.685738159444249 ], [ -5.22351447143054, 56.686316180631245 ], [ -5.254007782398134, 56.670298589114402 ], [ -5.277380727952776, 56.669928340989841 ], [ -5.284771277210835, 56.664052094511256 ], [ -5.3021856436684, 56.661766144139825 ], [ -5.315557311979549, 56.650371184865314 ], [ -5.296459689784341, 56.643181633031283 ], [ -5.318714567505003, 56.623363114209184 ], [ -5.335750710864822, 56.616933416420167 ], [ -5.362742908755584, 56.601813293691357 ], [ -5.380653697520232, 56.578522599779603 ], [ -5.391065101850534, 56.5687786841874 ], [ -5.41318825984234, 56.553999846834003 ], [ -5.386438853972992, 56.532226024674827 ], [ -5.360314372999533, 56.526181149489091 ], [ -5.336098688243837, 56.537095382597506 ], [ -5.325571059585634, 56.546468233141688 ], [ -5.301244815661266, 56.551217500978005 ], [ -5.288683609311383, 56.547683418937744 ], [ -5.262669961152398, 56.554180497174968 ], [ -5.249487771884342, 56.548422258950659 ], [ -5.275750960854324, 56.544042071659533 ], [ -5.292467987906991, 56.546921508986898 ], [ -5.303843564551237, 56.540928924905458 ], [ -5.313607707911168, 56.529031593469504 ], [ -5.333396511708859, 56.520245623646687 ], [ -5.353717901684126, 56.519350237651295 ], [ -5.38267859051764, 56.509921125888198 ], [ -5.401080811450995, 56.515836971833117 ], [ -5.412851690350764, 56.525531316038204 ], [ -5.430393890947158, 56.517703613728514 ], [ -5.438968699549839, 56.518398533658583 ], [ -5.451531493159958, 56.505831080727205 ], [ -5.447793175429227, 56.501547802084779 ], [ -5.46170195691823, 56.493924167281428 ], [ -5.460778359609982, 56.4858973168473 ], [ -5.448608608126111, 56.479305758661773 ], [ -5.435663266192556, 56.493343696548934 ], [ -5.413596983115233, 56.49223220676101 ], [ -5.405355793260279, 56.484316515811742 ], [ -5.401041036252249, 56.465765188876603 ], [ -5.407029608216745, 56.458892383547948 ], [ -5.374387179650167, 56.45809670712908 ], [ -5.361644256850499, 56.463067319063043 ], [ -5.361655993183479, 56.470303917507628 ], [ -5.339327174158258, 56.470863154291457 ], [ -5.33254269751099, 56.466157827460933 ], [ -5.284436582008636, 56.46079610903525 ], [ -5.277829015360159, 56.464310651220323 ], [ -5.255786081139261, 56.46364360478772 ], [ -5.244379240101915, 56.454463992710224 ], [ -5.224289957411043, 56.448213509551664 ], [ -5.183863433568561, 56.461573647503677 ], [ -5.175744009401467, 56.470694728855435 ], [ -5.1745988186643, 56.480702121430035 ], [ -5.164201518420634, 56.485084796885431 ], [ -5.156628589205726, 56.500599659751906 ], [ -5.133478384131659, 56.504179783608059 ], [ -5.108859327361071, 56.521329713089706 ], [ -5.104447768503651, 56.529121138591712 ], [ -5.083288825216792, 56.552048640153977 ], [ -5.084692462939835, 56.5369080100511 ], [ -5.095837398856959, 56.530145188439938 ], [ -5.099801834642212, 56.517358354635732 ], [ -5.117622600526078, 56.504192587692657 ], [ -5.124279694999478, 56.493440571588579 ], [ -5.135617176504772, 56.490129758989546 ], [ -5.141459927927992, 56.478655670952534 ], [ -5.160306988066422, 56.469817015597741 ], [ -5.175323188073175, 56.454776516813283 ], [ -5.190486957791057, 56.448305960008526 ], [ -5.225250764000347, 56.444135704066483 ], [ -5.234445403321253, 56.437384116618396 ], [ -5.248880907782077, 56.438599921925821 ], [ -5.266609795125455, 56.457794352531749 ], [ -5.286188063557356, 56.449972869326082 ], [ -5.299835275531769, 56.456073664184373 ], [ -5.325256861085002, 56.451165205246689 ], [ -5.33904488154605, 56.452587387482637 ], [ -5.350165217153858, 56.459718654851592 ], [ -5.366400222879474, 56.454451212974661 ], [ -5.38843770190277, 56.455705620369642 ], [ -5.414454718259957, 56.449805551653121 ], [ -5.448397209042406, 56.451776866923943 ], [ -5.465285540199579, 56.446077458788594 ], [ -5.469415973822982, 56.438221035146391 ], [ -5.484244756815868, 56.434354944883545 ], [ -5.486393044001223, 56.426232537356455 ], [ -5.472493451582525, 56.413797803302892 ], [ -5.503087177800407, 56.403174426302009 ], [ -5.527859872424333, 56.381042833550865 ], [ -5.522912384554278, 56.377778404988106 ], [ -5.538180421599625, 56.361135522014429 ], [ -5.520147418225408, 56.345338042595927 ], [ -5.506411314393584, 56.356596193418142 ], [ -5.496161162043455, 56.359774060512571 ], [ -5.480320950252955, 56.355386070847494 ], [ -5.451728152894449, 56.368238242290595 ], [ -5.445707066529488, 56.361839327152154 ], [ -5.477046048739537, 56.352412392150718 ], [ -5.503915702151067, 56.349924657770792 ], [ -5.512104647029171, 56.343195920585856 ], [ -5.525694508552604, 56.343152705941371 ], [ -5.539458070856647, 56.350134814329877 ], [ -5.556171087149566, 56.346935941692252 ], [ -5.577594058928297, 56.333521137311706 ], [ -5.588660896007541, 56.300729263993375 ], [ -5.589691557537804, 56.291784597841058 ], [ -5.579214569302202, 56.2839474738091 ], [ -5.594693174005929, 56.264847868991829 ], [ -5.59855078958181, 56.25082129840635 ], [ -5.58156014400299, 56.248221977703558 ], [ -5.561874552434981, 56.260726759621811 ], [ -5.535207760780311, 56.257872977768052 ], [ -5.513165374448237, 56.262075341512009 ], [ -5.505925896369818, 56.269917677705493 ], [ -5.494591221972652, 56.268310459080361 ], [ -5.498345684017364, 56.257215071273201 ], [ -5.512267351352937, 56.246560514937229 ], [ -5.550390178060917, 56.238130344152886 ], [ -5.543492625499116, 56.216482690098374 ], [ -5.556210175881972, 56.211354058298937 ], [ -5.570751785415898, 56.189869131116595 ], [ -5.582653745683806, 56.181453555866291 ], [ -5.600392023419335, 56.160928860371769 ], [ -5.594652305601028, 56.153395289500466 ], [ -5.613895649619325, 56.132400289009837 ], [ -5.598348619318632, 56.132733825700477 ], [ -5.592528011558644, 56.141278777496773 ], [ -5.580488621967088, 56.146002793305534 ], [ -5.572468819152469, 56.158319185775781 ], [ -5.547680667319059, 56.171078243657469 ], [ -5.525712643145689, 56.188141696831664 ], [ -5.509593080004641, 56.190492196647298 ], [ -5.517110273900228, 56.169034741519738 ], [ -5.55435093397272, 56.133564135901828 ], [ -5.568055378733027, 56.114062603159446 ], [ -5.553111802561879, 56.11168877513073 ], [ -5.554533642294167, 56.103906552753415 ], [ -5.539540443226431, 56.104441157294509 ], [ -5.529309799989022, 56.099276856209428 ], [ -5.542098778250209, 56.087734413011887 ], [ -5.528686141443807, 56.082454699352795 ], [ -5.536799174588144, 56.075631860665531 ], [ -5.55112578615063, 56.081509226420557 ], [ -5.553301911617751, 56.091075914352572 ], [ -5.566417420716814, 56.087739212989554 ], [ -5.584258481297462, 56.09199616674109 ], [ -5.605750667305655, 56.073566858904982 ], [ -5.615599731198825, 56.0602208297366 ], [ -5.632805582260908, 56.052312801836209 ], [ -5.640096797225842, 56.033966713962485 ], [ -5.656698184389625, 56.022900960308334 ], [ -5.686344381364647, 55.989008220174888 ], [ -5.690416510580046, 55.981166854730333 ], [ -5.705623816040743, 55.967218110447575 ], [ -5.698369009050915, 55.961425452362278 ], [ -5.668271381857161, 55.963942444546355 ], [ -5.649085053290237, 55.98318156095776 ], [ -5.634785430985588, 55.9930638947788 ], [ -5.62944501688349, 56.002506281716236 ], [ -5.611272868509868, 56.019570332181402 ], [ -5.611656402410989, 56.024549085048015 ], [ -5.594978947148582, 56.027248860947132 ], [ -5.587319465569949, 56.038738030058475 ], [ -5.575944859599956, 56.031609634634968 ], [ -5.595083862020868, 56.019338913752563 ], [ -5.59548102521594, 56.009786794468795 ], [ -5.617537338835133, 55.989692185700989 ], [ -5.622613698041735, 55.98035351120874 ], [ -5.633569288432557, 55.973889312966939 ], [ -5.64152293980071, 55.963754694367971 ], [ -5.667007933777159, 55.946876180777544 ], [ -5.681640720336761, 55.925745249060292 ], [ -5.688348345520379, 55.910816156905184 ], [ -5.681350094374294, 55.902931672702344 ], [ -5.686786534470791, 55.895442414381769 ], [ -5.678849855437956, 55.886360481355666 ], [ -5.659017154043719, 55.900990026396862 ], [ -5.644011847571914, 55.905416221358635 ], [ -5.632665576149211, 55.915121603044028 ], [ -5.609005018900054, 55.929213028588521 ], [ -5.593963474899526, 55.931040363280111 ], [ -5.57877116228699, 55.939620317136601 ], [ -5.571395363467565, 55.933289137475299 ], [ -5.585401876573909, 55.920379436255317 ], [ -5.608576115327252, 55.911137438495629 ], [ -5.622102713392534, 55.896555907168178 ], [ -5.625415912875435, 55.883416647477091 ], [ -5.651806427512701, 55.863411344695493 ], [ -5.66287852626884, 55.847373714500307 ], [ -5.663021783743836, 55.827511676542748 ], [ -5.671221003394527, 55.814602299767664 ], [ -5.664391603949782, 55.7993003216096 ], [ -5.640121322733348, 55.786836200986478 ], [ -5.620377220774095, 55.784034744150709 ], [ -5.608967296853875, 55.77488479339732 ], [ -5.616214913175439, 55.769092338398622 ], [ -5.606786955711568, 55.761443462316549 ], [ -5.58079112968904, 55.773617706187515 ], [ -5.567984230392629, 55.775907573560289 ], [ -5.543198627226172, 55.784996278278832 ], [ -5.519271532189856, 55.797337928821406 ], [ -5.496934902257248, 55.817454014203953 ], [ -5.48876842977162, 55.818185238536216 ], [ -5.477190160410459, 55.828102334580024 ], [ -5.475371461879904, 55.835193659413058 ], [ -5.45758885206412, 55.841202256676091 ], [ -5.446378474585942, 55.841004725550157 ], [ -5.470549132112878, 55.821785237142606 ], [ -5.46710272911963, 55.817517501013882 ], [ -5.479120518419434, 55.8039475639494 ], [ -5.509951954059619, 55.794092674394612 ], [ -5.516075090918933, 55.784746611044028 ], [ -5.525507258255163, 55.781949610489669 ], [ -5.553826637304326, 55.766980904533312 ], [ -5.569727627722846, 55.766982513540718 ], [ -5.584544154886307, 55.753444110254058 ], [ -5.583618809794808, 55.748766011252634 ], [ -5.596524225303225, 55.740607374997232 ], [ -5.606968317465575, 55.723935638572826 ], [ -5.637448927421959, 55.696749787852731 ], [ -5.676614916987802, 55.682034326239226 ], [ -5.663071648152518, 55.667837256789873 ], [ -5.672464459175514, 55.65051970249575 ], [ -5.672324597900456, 55.63316275766126 ], [ -5.684553094758654, 55.614725454723342 ], [ -5.685474266134218, 55.600227670329417 ], [ -5.692800343899019, 55.587298742639788 ], [ -5.715005335380968, 55.579327254002024 ], [ -5.715603317809865, 55.568361298820378 ], [ -5.70701099970027, 55.552614329769654 ], [ -5.704227844468559, 55.533625543019433 ], [ -5.7136607810089, 55.520326239668613 ], [ -5.711226122891286, 55.495494053852163 ], [ -5.712004470367517, 55.472863445997248 ], [ -5.716231509730514, 55.442441008811102 ], [ -5.72341597294556, 55.428054310381803 ], [ -5.729976724712893, 55.423963229001416 ], [ -5.753112539345519, 55.422118339261168 ], [ -5.76294263599845, 55.412592505203754 ], [ -5.796704697937663, 55.38988277169755 ], [ -5.793495911552955, 55.38261326264827 ], [ -5.80093082827792, 55.365296480356186 ], [ -5.798392117122817, 55.321613930589265 ], [ -5.804266651661415, 55.309691239051773 ], [ -5.798541305439287, 55.299370982286995 ], [ -5.761743782011888, 55.28903276877103 ], [ -5.719903623156691, 55.293270115175531 ], [ -5.688375096331973, 55.307722043817172 ], [ -5.668607549939736, 55.307747139189409 ], [ -5.651951018103397, 55.310983154726429 ], [ -5.639593608210626, 55.308776273999165 ], [ -5.603599661266152, 55.307515045462594 ], [ -5.561848220140026, 55.324621269500682 ], [ -5.555959201096372, 55.332462866930506 ], [ -5.534412486338574, 55.348208099931426 ], [ -5.516566440035393, 55.369197162650948 ], [ -5.529127155147656, 55.396142045291342 ], [ -5.544987768909118, 55.406355739045033 ], [ -5.551769602298849, 55.417978125974521 ], [ -5.583796232670921, 55.413713926795005 ], [ -5.604102115729681, 55.425934355614302 ], [ -5.579610656768145, 55.425781421563144 ], [ -5.558421769613826, 55.435017727529591 ], [ -5.548539460941759, 55.447514458183186 ], [ -5.544049214812611, 55.468280827795681 ], [ -5.523100879008544, 55.483663409264693 ], [ -5.513004087011876, 55.486386078674698 ], [ -5.515717734902309, 55.496396368101543 ], [ -5.504230107961923, 55.515935761568109 ], [ -5.503708857209044, 55.526106260595498 ], [ -5.490749668625418, 55.52912899503653 ], [ -5.494395441375333, 55.544660591267757 ], [ -5.486884521040409, 55.578919903748499 ], [ -5.470885352297033, 55.581745678077191 ], [ -5.458446768747138, 55.577067988834528 ], [ -5.459042573167877, 55.590696083419523 ], [ -5.466871731434066, 55.593057857728425 ], [ -5.475945395275195, 55.606023937451447 ], [ -5.478519280771772, 55.622071954941838 ], [ -5.476516037358614, 55.632814765140346 ], [ -5.483132274065206, 55.643510663765497 ], [ -5.469554573247128, 55.6506840406104 ], [ -5.468431429417309, 55.657396192591207 ], [ -5.445852376345373, 55.697296519196591 ], [ -5.450095805792871, 55.706150212835794 ], [ -5.420240137270461, 55.733455286599153 ], [ -5.396530415168842, 55.748391129637525 ], [ -5.369275663205373, 55.755719003838784 ], [ -5.345850334789374, 55.766277217912183 ], [ -5.32401915018874, 55.766640134717271 ], [ -5.315004147580632, 55.78318795614225 ], [ -5.323421630941661, 55.806133175250757 ], [ -5.343341350036392, 55.829349843642007 ], [ -5.350119341866097, 55.830990287798805 ], [ -5.369704699663122, 55.849456129644011 ], [ -5.387665958377001, 55.863332714474922 ], [ -5.403462684734151, 55.865999962523823 ], [ -5.403758344356922, 55.876721154038215 ], [ -5.419559328333794, 55.896619501750877 ], [ -5.418514039062921, 55.904101789249992 ], [ -5.42866259422529, 55.946781068760984 ], [ -5.443923317602463, 55.95804731537315 ], [ -5.451106171906932, 55.972019970458447 ], [ -5.445021114994104, 55.989753740584469 ], [ -5.45050911978313, 56.006013598098178 ], [ -5.440749883908053, 56.034481120566461 ], [ -5.430670951994237, 56.035051639104005 ], [ -5.427449221140338, 56.013188169963428 ], [ -5.406945709380742, 56.006015058286216 ], [ -5.379981883420323, 56.00582853204989 ], [ -5.366692673925413, 56.015834610520642 ], [ -5.364499862383139, 56.022430471211457 ], [ -5.345411683917141, 56.022297078667485 ], [ -5.337764933310632, 56.033051364935069 ], [ -5.341652707166022, 56.048571030873951 ], [ -5.324187536487062, 56.065778622572189 ], [ -5.31544486440833, 56.05773407003597 ], [ -5.297485479075017, 56.065300040869339 ], [ -5.292330808477723, 56.079983118229229 ], [ -5.283668039217393, 56.088935210347564 ], [ -5.257251644372674, 56.097344660551485 ], [ -5.255998441879436, 56.112167372264302 ], [ -5.242838089641238, 56.123893219317367 ], [ -5.206320935408256, 56.143690982542026 ], [ -5.191603987544021, 56.149999871261926 ], [ -5.163953708518173, 56.156003330544081 ], [ -5.143913863207203, 56.157502720707782 ], [ -5.117054256590668, 56.171067110639527 ], [ -5.108658860638583, 56.180326585255749 ], [ -5.105929270928059, 56.192216307122017 ], [ -5.110220760974022, 56.197030022123094 ], [ -5.095162508332505, 56.209453922970155 ], [ -5.09056003464091, 56.217628633419771 ], [ -5.07762883348049, 56.223283594106348 ], [ -5.071873081259455, 56.234878421159195 ], [ -5.0534467231595, 56.246599487097953 ], [ -5.039850504749094, 56.234239240828096 ], [ -5.00929985586914, 56.242587015930617 ], [ -4.997992778160404, 56.242290964489683 ], [ -4.976230450029989, 56.251518056874325 ], [ -4.948439574154413, 56.259141254235523 ], [ -4.932095863682056, 56.269494556743901 ], [ -4.9187098659533, 56.269972297274016 ], [ -4.93919737029763, 56.255148879131752 ], [ -4.963361495577594, 56.246609157534643 ], [ -4.97477160829764, 56.238860864922835 ], [ -4.994700200544024, 56.231759310699843 ], [ -5.005880660459368, 56.231303648728399 ], [ -5.03225726189907, 56.223212977750919 ], [ -5.057240059066808, 56.209629478315676 ], [ -5.070464448040942, 56.197098229484261 ], [ -5.084023695491863, 56.175529031375824 ], [ -5.080141994972921, 56.167936800801854 ], [ -5.103277909474905, 56.155303018485093 ], [ -5.152198589172636, 56.137726529254437 ], [ -5.17007171864087, 56.137894065683106 ], [ -5.203242353328614, 56.128375953271885 ], [ -5.210023002204574, 56.108156986731395 ], [ -5.219538851501998, 56.096028917024853 ], [ -5.26446988411664, 56.071006348957233 ], [ -5.268624221865268, 56.06303450148787 ], [ -5.284172472813331, 56.05474146524616 ], [ -5.293653016964885, 56.042428319186349 ], [ -5.301622860475703, 56.023534493109679 ], [ -5.320569022761684, 56.008500812832239 ], [ -5.327587050106272, 56.00807443520975 ], [ -5.341978576741529, 55.994706186774273 ], [ -5.339051267649924, 55.981048474145219 ], [ -5.347308671443969, 55.97343418725292 ], [ -5.341382069874051, 55.963000091421733 ], [ -5.327060004866562, 55.956177835988704 ], [ -5.343369417861362, 55.938856450860108 ], [ -5.34097680710344, 55.932003356893318 ], [ -5.347777982254882, 55.923223676250529 ], [ -5.351785000798334, 55.899272047928612 ], [ -5.345474416137052, 55.892053787211232 ], [ -5.32721902999239, 55.884947774824042 ], [ -5.316557842640575, 55.871205439171817 ], [ -5.309053378549636, 55.869520682479966 ], [ -5.315196963110039, 55.857285687808655 ], [ -5.301678971413004, 55.851787870250831 ], [ -5.272256307557981, 55.847418833887588 ], [ -5.261777234336144, 55.852571978748692 ], [ -5.251519409965839, 55.849295223782143 ], [ -5.247687778845397, 55.839961412578283 ], [ -5.225180269315094, 55.837596420293835 ], [ -5.215761668707459, 55.826565282370723 ], [ -5.204203914119966, 55.826888263143758 ], [ -5.202161668733203, 55.840243571621087 ], [ -5.225888810947603, 55.87648659039624 ], [ -5.241258280324442, 55.893642467252043 ], [ -5.239730866248841, 55.902141631152489 ], [ -5.209155442252706, 55.916197013287068 ], [ -5.194408772488417, 55.936470796850692 ], [ -5.202175606615917, 55.941654786045468 ], [ -5.197143724184454, 55.964290762279447 ], [ -5.199046362062064, 55.970637605086608 ], [ -5.183632681967222, 55.972776637598308 ], [ -5.189171630723345, 55.949030562057878 ], [ -5.185386808943107, 55.938848714055148 ], [ -5.166431156591853, 55.932384285411871 ], [ -5.112167721605056, 55.902552200669369 ], [ -5.102039138806922, 55.899252669766248 ], [ -5.078694914157148, 55.897537889998425 ], [ -5.073668606460878, 55.906199132270153 ], [ -5.083922827747633, 55.940394748575486 ], [ -5.092990887238404, 55.9536738745186 ], [ -5.103189439996576, 55.958276015904175 ], [ -5.118369684010123, 55.973066817551363 ], [ -5.118912530216124, 55.980999845239303 ], [ -5.129290622709107, 55.996715568623067 ], [ -5.121097673669358, 56.006362740357119 ], [ -5.105402638434069, 55.971592125807057 ], [ -5.096493172002585, 55.964517040375526 ], [ -5.077506962697066, 55.958642102474023 ], [ -5.068295028391084, 55.951689542301651 ], [ -5.057040444021563, 55.920614569155269 ], [ -5.049651826056585, 55.907570029314989 ], [ -5.047801238900821, 55.89128904013581 ], [ -5.042941542325003, 55.884534545399738 ], [ -5.045075903098994, 55.871087178977554 ], [ -5.021062220609672, 55.865506874797887 ], [ -4.988110586790382, 55.864405028996728 ], [ -4.981187675062868, 55.861581630894669 ], [ -4.971779414560533, 55.8818123742303 ], [ -4.952855973295804, 55.895389436753703 ], [ -4.945128553338281, 55.91997006523944 ], [ -4.93694494006701, 55.929399251149754 ], [ -4.933683894447777, 55.943020182391336 ], [ -4.910537987651638, 55.960013440591595 ], [ -4.907865065591356, 55.968474230974678 ], [ -4.91352586670371, 55.975158497181489 ], [ -4.932015928027229, 55.981644687705703 ], [ -4.943964608082158, 55.980772535886231 ], [ -4.961029812655184, 55.989636539442621 ], [ -4.954360578306454, 55.998415393208177 ], [ -4.903237768375162, 55.983567158139614 ], [ -4.895324844429456, 55.988539287673738 ], [ -4.895782993407729, 55.999595462515558 ], [ -4.903119408676701, 56.017180013522143 ], [ -4.907506466808988, 56.044350489691432 ], [ -4.914498316192716, 56.050706766070846 ], [ -4.89394435198577, 56.062456657087992 ], [ -4.874879417660592, 56.084807081887597 ], [ -4.875943839586935, 56.093614641876464 ], [ -4.902537004301054, 56.105314984061664 ], [ -4.911427767750491, 56.118809325858635 ], [ -4.901898678257715, 56.133280908184602 ], [ -4.900255553818892, 56.147148689185165 ], [ -4.917809202170283, 56.163653793022291 ], [ -4.907362964376794, 56.171765377684515 ], [ -4.88667156151523, 56.150424806914756 ], [ -4.882569172915161, 56.141572855548837 ], [ -4.891061406415695, 56.125635083588485 ], [ -4.886803304659961, 56.109105951939348 ], [ -4.862424183691776, 56.100237682241954 ], [ -4.853307804241156, 56.112701677457331 ], [ -4.828789021570011, 56.127703913789603 ], [ -4.826512262898069, 56.141395029645011 ], [ -4.816830092458265, 56.153179157711826 ], [ -4.80071319228801, 56.166718395988873 ], [ -4.790526360270854, 56.181294482449445 ], [ -4.779978980267958, 56.189990338414745 ], [ -4.756727360958215, 56.199304298252223 ], [ -4.746251017013368, 56.20689467527621 ], [ -4.731213725063193, 56.223040415680053 ], [ -4.731797058633541, 56.231233783497771 ], [ -4.744086960809351, 56.238816831930187 ], [ -4.775536211534543, 56.240352624384329 ], [ -4.797017722505906, 56.243874898398673 ], [ -4.787602902035491, 56.259678876123658 ], [ -4.797149564285771, 56.275716709052851 ], [ -4.804200715443244, 56.278757139097806 ], [ -4.820912537884586, 56.275705699474209 ], [ -4.835569119741295, 56.286366097621055 ], [ -4.834453142852031, 56.296300957196955 ], [ -4.809874538162536, 56.305319991673471 ], [ -4.799713230911378, 56.30417934794049 ], [ -4.783208589723415, 56.312708168408655 ], [ -4.785804235317898, 56.323744703079157 ], [ -4.792836502224169, 56.333137199790798 ], [ -4.779050411205689, 56.338845250293133 ], [ -4.80772397256352, 56.355284855658191 ], [ -4.831737707402194, 56.366800528072361 ], [ -4.8531741552992, 56.369254680433905 ], [ -4.83318340505091, 56.3811157468771 ], [ -4.834532555023245, 56.390142386499733 ], [ -4.812653417471102, 56.398119199968399 ], [ -4.817097496247055, 56.401434976933835 ], [ -4.811676350548221, 56.417609979343744 ], [ -4.798361492402554, 56.416675160809611 ], [ -4.789938021081102, 56.427340930710947 ], [ -4.781668556500144, 56.427120569413994 ], [ -4.752993448785457, 56.436959724952899 ], [ -4.736451046025023, 56.433739353457341 ], [ -4.726349352303583, 56.440782648719413 ], [ -4.724091695640907, 56.449769544446937 ], [ -4.733295819289662, 56.454913619207602 ], [ -4.704886144848516, 56.461779772021288 ], [ -4.66528389727408, 56.461082813062248 ], [ -4.648822007113191, 56.47904154732246 ], [ -4.670533692412073, 56.479686230891105 ], [ -4.682543402887921, 56.486455630412671 ], [ -4.676060470465537, 56.500056807737437 ], [ -4.654449002006475, 56.515864692401919 ], [ -4.653736238490895, 56.526023168801714 ], [ -4.681808797087963, 56.540268156827374 ], [ -4.697639256342501, 56.541057497420631 ], [ -4.697690836672912, 56.549783536972896 ], [ -4.674008447049221, 56.556034209100723 ], [ -4.661790504844531, 56.562165575356367 ], [ -4.648825793755916, 56.561332572342017 ], [ -4.641101450072738, 56.567711999548777 ], [ -4.606358221800916, 56.571819315665181 ], [ -4.59963602885225, 56.576635758265098 ], [ -4.577566718209154, 56.570801833092887 ], [ -4.570237414603639, 56.576109267673012 ], [ -4.575990313246725, 56.588388230289439 ], [ -4.586185204939013, 56.59966144796504 ], [ -4.597317234540902, 56.604264218378987 ], [ -4.609828417196929, 56.614824613872628 ], [ -4.626306299455381, 56.615632474462011 ], [ -4.63676280499267, 56.624974484304659 ], [ -4.621133346986193, 56.634588447445935 ], [ -4.620798892624198, 56.641396109349763 ], [ -4.630404837573584, 56.64693086661444 ], [ -4.633342112289463, 56.656645936684029 ], [ -4.662687898161097, 56.640147922365522 ], [ -4.696599872225779, 56.643470642020738 ], [ -4.716470825158303, 56.64272137725689 ], [ -4.720444632002277, 56.656444193044848 ], [ -4.717547557478712, 56.676604019258157 ], [ -4.692310176001465, 56.675506853679572 ], [ -4.676149510714845, 56.677671546103653 ], [ -4.657374227083128, 56.674771307160441 ], [ -4.61521428530933, 56.690962595139517 ], [ -4.59202598869273, 56.693198199979058 ], [ -4.591217562186046, 56.704485120792818 ], [ -4.606234438462925, 56.708054235813378 ], [ -4.629012399444843, 56.713895402907418 ], [ -4.65303031905308, 56.715067891634291 ], [ -4.662052707287569, 56.712194934352041 ], [ -4.691326057200511, 56.711281726117846 ], [ -4.708516877724558, 56.707566174754469 ], [ -4.726060157658353, 56.707947971659813 ], [ -4.752562736579913, 56.698840876410195 ], [ -4.767732386968345, 56.698928489114699 ], [ -4.796423750995003, 56.704824862222083 ], [ -4.823166488947604, 56.701693290773839 ], [ -4.877383936028853, 56.703252366297896 ], [ -4.884707996500103, 56.705699965458955 ], [ -4.906451054436443, 56.703052369443995 ], [ -4.931124484244656, 56.703126205170086 ], [ -4.938815031837884, 56.709298929317619 ], [ -4.969594112806988, 56.714419462317629 ], [ -4.971454867384122, 56.714847255324258 ], [ -4.978377991233298, 56.714372595271435 ] ] ], [ [ [ -5.83120123675621, 56.769881007693769 ], [ -5.836992247299404, 56.778096634927337 ], [ -5.859654702910872, 56.778286607070754 ], [ -5.88613133299889, 56.785412066896214 ], [ -5.893815524056732, 56.777371687441992 ], [ -5.88322128635279, 56.770509021979578 ], [ -5.886487065809006, 56.765515607728048 ], [ -5.858571298988469, 56.758737810773184 ], [ -5.844747475614893, 56.744469396082224 ], [ -5.865489531760697, 56.743172826374213 ], [ -5.872692639986573, 56.757416688541582 ], [ -5.885586076989902, 56.762900133491478 ], [ -5.897691592208699, 56.753341105763361 ], [ -5.908952551403196, 56.750061371480584 ], [ -5.91740241894929, 56.760284697453265 ], [ -5.930898655027966, 56.765429880880966 ], [ -5.961992003075859, 56.784280892357714 ], [ -5.970965482839701, 56.772557084528529 ], [ -5.98215751786362, 56.76883657314751 ], [ -6.007775975063494, 56.769363435928021 ], [ -6.016700225024255, 56.764560646580478 ], [ -6.044828207011411, 56.764390149778293 ], [ -6.064639774193592, 56.758524710243528 ], [ -6.085943300159566, 56.763153742483432 ], [ -6.11625603343255, 56.765585833237623 ], [ -6.155391937261337, 56.759141695438359 ], [ -6.160224699048437, 56.753107898921435 ], [ -6.191207121424647, 56.753565815337723 ], [ -6.181164747511016, 56.743982196824298 ], [ -6.188350714243757, 56.73550948697892 ], [ -6.201370615049728, 56.738333560773803 ], [ -6.221636803967764, 56.727900496704201 ], [ -6.227902411457985, 56.715897580643414 ], [ -6.214303873081217, 56.699986913301899 ], [ -6.188683621062196, 56.688271116255457 ], [ -6.159402787706058, 56.687194588915496 ], [ -6.143946674110348, 56.682836428660757 ], [ -6.116657046067814, 56.696601021158777 ], [ -6.092954542103262, 56.691197959316554 ], [ -6.064535710635103, 56.693928611001397 ], [ -6.050950014891915, 56.692825178183874 ], [ -6.029724386110975, 56.680259962839571 ], [ -6.003785225051328, 56.683372906538629 ], [ -5.986465977476373, 56.678997655380051 ], [ -5.961959726770087, 56.681664041975615 ], [ -5.937896742087097, 56.688665257700308 ], [ -5.928389334757905, 56.677455172101837 ], [ -5.885372297930358, 56.674535508439234 ], [ -5.86087904787397, 56.680900187444692 ], [ -5.850472415998346, 56.674101456253702 ], [ -5.83996093258806, 56.674170243065234 ], [ -5.821099929824595, 56.684111389599813 ], [ -5.812031209918056, 56.685144994081469 ], [ -5.79469170863804, 56.695875971537937 ], [ -5.778809155206105, 56.709410320192873 ], [ -5.757651713425703, 56.707902307803373 ], [ -5.732994362450956, 56.711796075119807 ], [ -5.717677938246548, 56.710245259333412 ], [ -5.685407551504007, 56.69371367760106 ], [ -5.659004701362217, 56.682895121453562 ], [ -5.63267377515476, 56.684098660969539 ], [ -5.616032069901814, 56.689679843900187 ], [ -5.592140484136351, 56.688160152540455 ], [ -5.56854448026268, 56.69120239291253 ], [ -5.573032275987433, 56.681856966433401 ], [ -5.603377643735509, 56.681215294442403 ], [ -5.608227416518628, 56.676934472442952 ], [ -5.635660298256782, 56.678396669446357 ], [ -5.673789182551134, 56.677014504089705 ], [ -5.679783003934441, 56.681886370101395 ], [ -5.70814600177721, 56.686501319996395 ], [ -5.720951343479227, 56.695896580528753 ], [ -5.737476214256806, 56.700130416260237 ], [ -5.766960979790148, 56.694421676346373 ], [ -5.79215220788098, 56.67885194575107 ], [ -5.806956715764107, 56.675346985886435 ], [ -5.844897879544161, 56.659163591169325 ], [ -5.863007092118502, 56.660148745119869 ], [ -5.87959017962706, 56.65295598454928 ], [ -5.882407119633085, 56.641785671220909 ], [ -5.904769798064842, 56.657207547814473 ], [ -5.919349656328248, 56.652657414883755 ], [ -5.938733244794582, 56.651763105140127 ], [ -5.943489308220348, 56.655661610665426 ], [ -5.972520334579905, 56.649418395168148 ], [ -6.000189172631742, 56.649039067515325 ], [ -6.006935260803298, 56.644856159385107 ], [ -6.001678430773588, 56.633842607215534 ], [ -6.004443425414206, 56.625378180404255 ], [ -5.989251498597246, 56.613740798687296 ], [ -5.978328742941431, 56.61035039937196 ], [ -5.975090367764584, 56.597509688161551 ], [ -5.963018135850922, 56.590614164163256 ], [ -5.960760253633051, 56.583494630040917 ], [ -5.923803258378468, 56.561185405953715 ], [ -5.895904579442821, 56.549924884687385 ], [ -5.884552038758223, 56.551696938840678 ], [ -5.864300786527937, 56.544213825998277 ], [ -5.844136894812369, 56.543499297368314 ], [ -5.805754892854289, 56.533757114518714 ], [ -5.77548477546206, 56.53456997369382 ], [ -5.765352654828587, 56.553279279058835 ], [ -5.747216658791349, 56.554596888062719 ], [ -5.756624563711086, 56.543005781231486 ], [ -5.7713966972267, 56.532544781643452 ], [ -5.756082405720943, 56.520297240845331 ], [ -5.743368667232842, 56.52468587253113 ], [ -5.729170260890287, 56.516617430372541 ], [ -5.694876823811466, 56.511891947881637 ], [ -5.69044993529387, 56.499321135752282 ], [ -5.679414676282597, 56.500188531150101 ], [ -5.646798245209038, 56.50850211498944 ], [ -5.622184338829999, 56.519949488235859 ], [ -5.611651768333794, 56.521047751194736 ], [ -5.592112391440065, 56.528881309294107 ], [ -5.58777047341481, 56.534640788882157 ], [ -5.560590417904153, 56.544285379800009 ], [ -5.548040493828452, 56.553473489142249 ], [ -5.543160277571742, 56.561918780616658 ], [ -5.523100010926513, 56.574452781993052 ], [ -5.493217542364716, 56.607050622884401 ], [ -5.516510053756696, 56.611230369835468 ], [ -5.512401549556996, 56.617630818017979 ], [ -5.496010896386097, 56.614690209084138 ], [ -5.469269252748362, 56.615821765326416 ], [ -5.452191458455005, 56.626991084605734 ], [ -5.434162138073907, 56.642762098011389 ], [ -5.417464767396372, 56.647679274125593 ], [ -5.406414545504166, 56.642588585942974 ], [ -5.39239829599483, 56.653292210648161 ], [ -5.369358089249604, 56.664949120171393 ], [ -5.355192804944407, 56.675193797154776 ], [ -5.357236040219369, 56.681633719080914 ], [ -5.338277138734123, 56.691538100448035 ], [ -5.321260345718289, 56.697077122822002 ], [ -5.303016227155427, 56.712154120885806 ], [ -5.28264635936068, 56.70274480591597 ], [ -5.275605609933557, 56.711253650634681 ], [ -5.263910032610032, 56.716470810008971 ], [ -5.243021114990898, 56.720218068874736 ], [ -5.256377996036036, 56.730710332309911 ], [ -5.253186606971697, 56.737969737622102 ], [ -5.230583541989851, 56.751125122114587 ], [ -5.237267865533643, 56.762430920496605 ], [ -5.23025963372736, 56.768676087162639 ], [ -5.214311271009913, 56.76814915520751 ], [ -5.181146122846808, 56.786789702492825 ], [ -5.128008418371254, 56.821189102661123 ], [ -5.123648038217588, 56.833947868820921 ], [ -5.14881589445023, 56.836238657107586 ], [ -5.172167378313428, 56.844669647902165 ], [ -5.187184859360724, 56.846026229331279 ], [ -5.243806884682758, 56.842292379362334 ], [ -5.287109366695766, 56.847064601802842 ], [ -5.315334736657633, 56.847450127310985 ], [ -5.335810075160599, 56.855205867595465 ], [ -5.334712568813362, 56.85937034922113 ], [ -5.26386164473098, 56.853477061209034 ], [ -5.250327498225421, 56.854759676399759 ], [ -5.191424791169672, 56.855145989542031 ], [ -5.175252113011381, 56.852613849538393 ], [ -5.146906871936912, 56.838692719256208 ], [ -5.124124154129446, 56.842773404302051 ], [ -5.099441891826109, 56.832642514688104 ], [ -5.092044988760987, 56.835589339165288 ], [ -5.087074270539461, 56.833631549495408 ], [ -5.070907563605306, 56.842232876754153 ], [ -5.082603902013511, 56.848068578615951 ], [ -5.059935911005479, 56.862824165921097 ], [ -5.050848404209164, 56.877054427747503 ], [ -5.04948678874079, 56.885881442743297 ], [ -5.083304316323618, 56.88464692695382 ], [ -5.088940485659556, 56.888269631604885 ], [ -5.087190006075788, 56.901801682877561 ], [ -5.103998876715933, 56.906139372120705 ], [ -5.119798514483283, 56.895792643889379 ], [ -5.143506206166034, 56.89099514988331 ], [ -5.14172246644902, 56.909023079565763 ], [ -5.1302716420081, 56.916821393054335 ], [ -5.133862629434406, 56.923996475337923 ], [ -5.145020056675722, 56.925454840087326 ], [ -5.159882841488868, 56.92003626385241 ], [ -5.187889920542437, 56.917819527894842 ], [ -5.182001198957451, 56.90765466012612 ], [ -5.201381353075992, 56.904838169882368 ], [ -5.194225089562801, 56.886366939877803 ], [ -5.226165971237039, 56.889435109777914 ], [ -5.240805928233515, 56.906913047775042 ], [ -5.256875365935081, 56.913428053652417 ], [ -5.23910178775726, 56.917973065993543 ], [ -5.233348969266625, 56.924895876093345 ], [ -5.241818657552148, 56.931354927630601 ], [ -5.254143669750732, 56.923193796309143 ], [ -5.271487139255851, 56.935076704412609 ], [ -5.284524372339435, 56.93623149687857 ], [ -5.290390101581139, 56.92812910117226 ], [ -5.304636660720841, 56.933487517517584 ], [ -5.327573714367703, 56.932395526286335 ], [ -5.329570096908916, 56.925350820077689 ], [ -5.35089826301049, 56.924502565356434 ], [ -5.384861250413896, 56.91786628732013 ], [ -5.403013142123569, 56.89772498467763 ], [ -5.398438362318821, 56.886823164230371 ], [ -5.416352842920373, 56.876030612004413 ], [ -5.417203138597973, 56.865231820949028 ], [ -5.440601310849584, 56.867473061159153 ], [ -5.468324044754829, 56.8500221541155 ], [ -5.492462425018464, 56.840619935177799 ], [ -5.521230771466342, 56.826856653477954 ], [ -5.544774609697882, 56.809731366479973 ], [ -5.588088217368139, 56.791205378103129 ], [ -5.60612572006243, 56.787309053260941 ], [ -5.64175060707627, 56.764829587499278 ], [ -5.645782359403147, 56.759009695374075 ], [ -5.672722845498266, 56.757653811775974 ], [ -5.678099168956174, 56.750163211402423 ], [ -5.699501190138458, 56.75089456243871 ], [ -5.742997026911107, 56.758045674124972 ], [ -5.786804529872782, 56.745339945573932 ], [ -5.819231685605726, 56.761170940754639 ], [ -5.83120123675621, 56.769881007693769 ] ] ], [ [ [ -5.584443873799009, 55.285307937536771 ], [ -5.597350635222806, 55.27908418116472 ], [ -5.582701408537904, 55.274632940586905 ], [ -5.566530546481512, 55.284076128672197 ], [ -5.584443873799009, 55.285307937536771 ] ] ], [ [ [ -5.721852071673758, 55.728281576253572 ], [ -5.732595828796754, 55.723072532802277 ], [ -5.740021572859681, 55.706777898179894 ], [ -5.761259278621722, 55.690401315781685 ], [ -5.774625757663688, 55.673350555143251 ], [ -5.762381593822768, 55.665485834995096 ], [ -5.768833273514343, 55.654087873307994 ], [ -5.754883256811292, 55.648257689193848 ], [ -5.729073032350147, 55.666763773167993 ], [ -5.736160477502262, 55.671283098795534 ], [ -5.731678724084743, 55.680182250477792 ], [ -5.731930904687505, 55.693005985817123 ], [ -5.725699999401454, 55.70388681518704 ], [ -5.730660381483633, 55.710978939209845 ], [ -5.711540160268105, 55.722299789313944 ], [ -5.721852071673758, 55.728281576253572 ] ] ], [ [ [ -6.124975768950497, 55.937632756096463 ], [ -6.142476380829502, 55.933397740170371 ], [ -6.164040768838678, 55.932727956534649 ], [ -6.173068676703678, 55.925960096477532 ], [ -6.19696211381463, 55.926869203666463 ], [ -6.208287766663135, 55.915217532092505 ], [ -6.225763085786313, 55.909523190605441 ], [ -6.241762988191332, 55.897626508656565 ], [ -6.269416120555505, 55.888538682269342 ], [ -6.274358987718584, 55.879997708053686 ], [ -6.310339195160968, 55.874037909073294 ], [ -6.304994192935481, 55.867224754765218 ], [ -6.308979412781956, 55.857990027761971 ], [ -6.317977445592219, 55.853051081943875 ], [ -6.319657389828995, 55.842127010530611 ], [ -6.327886365511658, 55.835419934846406 ], [ -6.323307387413439, 55.824133062255171 ], [ -6.336685315696949, 55.82482007305066 ], [ -6.346073102552391, 55.834408935371918 ], [ -6.337328788201215, 55.853803960859629 ], [ -6.337021897500507, 55.869358388820018 ], [ -6.326197637746154, 55.877817697882286 ], [ -6.321957403409986, 55.886819308348173 ], [ -6.334132834243086, 55.89116201002571 ], [ -6.35680375577518, 55.875758139930383 ], [ -6.371046555328018, 55.874865556719683 ], [ -6.385400576176959, 55.867100031894438 ], [ -6.39110042484169, 55.858940800569421 ], [ -6.417652881025634, 55.854269479034478 ], [ -6.426096009030382, 55.860585601598231 ], [ -6.438865414787927, 55.854763977491757 ], [ -6.45464611120077, 55.852438675196481 ], [ -6.459082602533067, 55.840238121152446 ], [ -6.457941063941921, 55.809787105629255 ], [ -6.482275557133217, 55.799312293662879 ], [ -6.487000806239901, 55.792370908334568 ], [ -6.475890390522445, 55.786691571228623 ], [ -6.461745695122135, 55.786867338069257 ], [ -6.45593171441508, 55.772837312047535 ], [ -6.468909290651029, 55.761598364408215 ], [ -6.469265122153576, 55.750715043114489 ], [ -6.481814260140593, 55.747014418289531 ], [ -6.497767457534265, 55.735514865111845 ], [ -6.506509637032166, 55.720374440098439 ], [ -6.494340269364317, 55.715927868564918 ], [ -6.500216323567308, 55.706213490440447 ], [ -6.525491839979664, 55.69315731824112 ], [ -6.504907570166305, 55.674432194222881 ], [ -6.488112805482117, 55.671027493394895 ], [ -6.426823704738768, 55.698676796738091 ], [ -6.414191449977106, 55.706624973332246 ], [ -6.38525496456438, 55.730570907932574 ], [ -6.372279848225067, 55.74461502310043 ], [ -6.361867984328032, 55.765457656544179 ], [ -6.346863149026532, 55.784003737897429 ], [ -6.326463861180722, 55.786898628564167 ], [ -6.306889674089788, 55.782690503980092 ], [ -6.297012849129732, 55.784990821906533 ], [ -6.278533957482203, 55.781175424685557 ], [ -6.260130392786469, 55.783201227672151 ], [ -6.251984303908731, 55.773777744119812 ], [ -6.265250541331725, 55.763838403110491 ], [ -6.295976273847218, 55.755373554929179 ], [ -6.304362756899918, 55.748683728727968 ], [ -6.332040599387065, 55.741669716777785 ], [ -6.33560432095357, 55.723730442161546 ], [ -6.341069865574422, 55.716053726727552 ], [ -6.31157267070449, 55.716154556820726 ], [ -6.2906117618368, 55.70475657678103 ], [ -6.269724293110807, 55.682208165242344 ], [ -6.259352874180689, 55.657692711469231 ], [ -6.273708432161858, 55.649511839076155 ], [ -6.300026392780782, 55.650341795723577 ], [ -6.328514554928307, 55.625286143437599 ], [ -6.333294649830615, 55.595768550255869 ], [ -6.296374509162405, 55.580268891804799 ], [ -6.2665682031681, 55.57994014315625 ], [ -6.258786046002935, 55.588629752208462 ], [ -6.240948475137896, 55.591758527573177 ], [ -6.216763022731167, 55.618087111776987 ], [ -6.216283597638296, 55.629674659913015 ], [ -6.194025095040218, 55.632979176446277 ], [ -6.177095693593892, 55.624649619594003 ], [ -6.164976833293354, 55.63056647362685 ], [ -6.141167824555517, 55.627227919323971 ], [ -6.131083754936673, 55.633749506849007 ], [ -6.117433368087196, 55.634770014561255 ], [ -6.091719266041476, 55.646354964184923 ], [ -6.074685309458327, 55.642210336907766 ], [ -6.071238575653418, 55.649865706562686 ], [ -6.078324422360073, 55.658070111755165 ], [ -6.072059948474601, 55.663912742662717 ], [ -6.057868494401194, 55.664990635294473 ], [ -6.049830617410001, 55.671574311623303 ], [ -6.025270036163514, 55.678858647319061 ], [ -6.023039877165264, 55.688437575536319 ], [ -6.035598269816115, 55.693969150698862 ], [ -6.040497141475754, 55.708556475254042 ], [ -6.029730317576993, 55.722926540420403 ], [ -6.034476678652492, 55.7302347130098 ], [ -6.047695143571133, 55.734480933690662 ], [ -6.053107758971497, 55.7429841407236 ], [ -6.046912360589711, 55.763643524481893 ], [ -6.061845531240962, 55.774166606708526 ], [ -6.084530088067477, 55.783117228354904 ], [ -6.093194939839347, 55.800275445183338 ], [ -6.103652934868722, 55.812170629932361 ], [ -6.10517070674732, 55.834131003782112 ], [ -6.103077681501026, 55.84557754563339 ], [ -6.120156981434882, 55.882303768269701 ], [ -6.131991101178644, 55.889429365383705 ], [ -6.120391093274949, 55.922093134222742 ], [ -6.124975768950497, 55.937632756096463 ] ] ], [ [ [ -5.66692451619857, 55.962415913932062 ], [ -5.676168262703015, 55.954420889374383 ], [ -5.698905605303342, 55.953618162345911 ], [ -5.705565304470466, 55.939467306110785 ], [ -5.688914452514759, 55.934950406531641 ], [ -5.66692451619857, 55.962415913932062 ] ] ], [ [ [ -6.221801191820518, 56.027926429892268 ], [ -6.270344034935889, 56.024062879400958 ], [ -6.252450995882607, 56.010917039763974 ], [ -6.237410032473369, 56.007271546128742 ], [ -6.221801191820518, 56.027926429892268 ] ] ], [ [ [ -6.147251346418328, 56.133128301110368 ], [ -6.181327735358598, 56.115924349837087 ], [ -6.183219385709864, 56.102778316772216 ], [ -6.205539187434212, 56.107610424926179 ], [ -6.212498464256614, 56.100274253881096 ], [ -6.232084141507541, 56.094005069955465 ], [ -6.249621206849748, 56.081107500782515 ], [ -6.243875962741946, 56.073922528550675 ], [ -6.247639461335788, 56.062142438266058 ], [ -6.261025969813937, 56.058292338791048 ], [ -6.254961779891706, 56.049004476441745 ], [ -6.268211011524278, 56.044830804627964 ], [ -6.274775466186957, 56.034931116931119 ], [ -6.251575940596348, 56.036584063239161 ], [ -6.240382850328623, 56.032306602754439 ], [ -6.222732670114665, 56.040259758293182 ], [ -6.21789886819268, 56.02829847570964 ], [ -6.193556983593613, 56.037151748447847 ], [ -6.18236329083239, 56.052002696676425 ], [ -6.196932108260842, 56.060621274068779 ], [ -6.178908505638362, 56.074682548292174 ], [ -6.165908338885, 56.080205678669763 ], [ -6.159012202389614, 56.095655337409617 ], [ -6.151595469571163, 56.099687058103797 ], [ -6.142625432445427, 56.114122727660856 ], [ -6.133978429239644, 56.120311651844943 ], [ -6.147251346418328, 56.133128301110368 ] ] ], [ [ [ -5.705798709253192, 56.148870901732437 ], [ -5.748993004345222, 56.135247275750174 ], [ -5.746747051907464, 56.12888639466231 ], [ -5.767160844951671, 56.122217581542841 ], [ -5.786756864017269, 56.10787772402837 ], [ -5.796533465713322, 56.113192564782686 ], [ -5.805387407980665, 56.103284741725957 ], [ -5.816800204398382, 56.101632504448077 ], [ -5.822731888590916, 56.089098174661835 ], [ -5.837733291164295, 56.088831297397739 ], [ -5.903861872929951, 56.06109824922526 ], [ -5.904323656495297, 56.055895134462062 ], [ -5.950004799023067, 56.037533117147653 ], [ -5.962819616502107, 56.025606510182591 ], [ -5.965253398375404, 56.014979980096442 ], [ -5.974513292051679, 56.013309979598752 ], [ -6.001472353932154, 55.988403788277346 ], [ -5.997178518401284, 55.975713721549553 ], [ -5.987508829683185, 55.971460663695694 ], [ -5.960518582623523, 55.968460187262984 ], [ -5.949934911060914, 55.963113579914207 ], [ -5.923645548621721, 55.963383723087937 ], [ -5.913995709034295, 55.974576384288511 ], [ -5.90524514305899, 55.973518955896893 ], [ -5.893449631331459, 55.982286920004938 ], [ -5.878573883710837, 55.972127719685993 ], [ -5.918068293574131, 55.955958348980637 ], [ -5.930076878708249, 55.959460074584435 ], [ -5.93958609805113, 55.95476311732569 ], [ -5.959159654627351, 55.956355884194046 ], [ -5.98063918161584, 55.949059186916202 ], [ -6.003594619619485, 55.952022114574547 ], [ -6.026998101659507, 55.946959542415463 ], [ -6.04300312969081, 55.939541371090456 ], [ -6.078338834029789, 55.902437851896359 ], [ -6.093275564944371, 55.890614338869611 ], [ -6.091641214227534, 55.878298637558551 ], [ -6.096500786051549, 55.87166605605087 ], [ -6.086395053358842, 55.863638872771929 ], [ -6.091474483220175, 55.846998754929778 ], [ -6.081387910061538, 55.822130925070361 ], [ -6.064656041714549, 55.80608911723894 ], [ -6.042835364029503, 55.802011929220335 ], [ -6.034190600669072, 55.795933717493817 ], [ -6.001991694973229, 55.797019343136029 ], [ -5.991479034913479, 55.793899400858798 ], [ -5.964439528353579, 55.792185742923031 ], [ -5.957007349484912, 55.802029535557296 ], [ -5.953591837721137, 55.815477010650618 ], [ -5.940668092548443, 55.824803118299329 ], [ -5.951103851827487, 55.834417499339338 ], [ -5.936519449850745, 55.867399359250669 ], [ -5.921609498340914, 55.872073085853955 ], [ -5.896854727751881, 55.870662162401203 ], [ -5.897654353498156, 55.889442017440722 ], [ -5.881876347564441, 55.891595778819621 ], [ -5.868153620528194, 55.917516968619942 ], [ -5.853047654286707, 55.927770240585126 ], [ -5.851317999241909, 55.939298449366866 ], [ -5.83841958531143, 55.954974821913702 ], [ -5.834452485214176, 55.968164108262869 ], [ -5.82046328119287, 55.973036690980933 ], [ -5.808713745028769, 55.992792233007165 ], [ -5.794747940365906, 56.010937728671649 ], [ -5.777284727783785, 56.016195263261096 ], [ -5.768957482485156, 56.029403137742143 ], [ -5.757623680515792, 56.037194593871369 ], [ -5.751038043984463, 56.050496256941791 ], [ -5.73844208001535, 56.065094985617293 ], [ -5.697454052916537, 56.101785227657878 ], [ -5.687598354091315, 56.114034643128925 ], [ -5.694003791784504, 56.12376516182794 ], [ -5.691868268821572, 56.136237427714633 ], [ -5.705798709253192, 56.148870901732437 ] ] ], [ [ [ -5.687173412890002, 56.199866412326038 ], [ -5.731781478195082, 56.187700274813118 ], [ -5.73686646642278, 56.177323020347281 ], [ -5.751891028183129, 56.170234944557215 ], [ -5.744224215994084, 56.160694667016855 ], [ -5.70057636787608, 56.159628657546243 ], [ -5.672313285150762, 56.176720457836673 ], [ -5.6796806446441, 56.185896977171197 ], [ -5.675965624494884, 56.191721751521207 ], [ -5.687173412890002, 56.199866412326038 ] ] ], [ [ [ -5.609363298067461, 56.228455350191119 ], [ -5.618536899213912, 56.208595324323731 ], [ -5.611505691672911, 56.195426806215686 ], [ -5.589690971343242, 56.204442611607782 ], [ -5.594574390859009, 56.225744186372104 ], [ -5.609363298067461, 56.228455350191119 ] ] ], [ [ [ -5.6910577631504, 56.231355156361481 ], [ -5.715175621250611, 56.212127589597216 ], [ -5.701165905535198, 56.207562502239789 ], [ -5.6907756152343, 56.219791630385409 ], [ -5.6910577631504, 56.231355156361481 ] ] ], [ [ [ -5.751681077965098, 56.249157498442806 ], [ -5.770609550279181, 56.246369313145799 ], [ -5.772718906211311, 56.237043404631123 ], [ -5.753390621776842, 56.241799799775464 ], [ -5.751681077965098, 56.249157498442806 ] ] ], [ [ [ -5.608401173385832, 56.26366530468119 ], [ -5.626239076192333, 56.253861925909334 ], [ -5.61200818485991, 56.25138178831719 ], [ -5.608401173385832, 56.26366530468119 ] ] ], [ [ [ -5.636794634818037, 56.270210371310725 ], [ -5.651242126900941, 56.261251953301603 ], [ -5.655766508787771, 56.252972180753218 ], [ -5.651270868123513, 56.246644870069922 ], [ -5.665746333335685, 56.218779309830985 ], [ -5.650586843833174, 56.209131139033367 ], [ -5.65019869141875, 56.198523901868647 ], [ -5.643478893150943, 56.190940424142148 ], [ -5.63092910042849, 56.189529856735895 ], [ -5.631260362815258, 56.208455653461606 ], [ -5.626496117067784, 56.23017169255769 ], [ -5.617602451437135, 56.242949000346492 ], [ -5.619191062339019, 56.248842905639655 ], [ -5.633533378773959, 56.255142024863289 ], [ -5.630995464423433, 56.265391728049451 ], [ -5.636794634818037, 56.270210371310725 ] ] ], [ [ [ -6.369202661617474, 56.301012680064936 ], [ -6.385637734976129, 56.289943526343542 ], [ -6.362274044661441, 56.28446535695366 ], [ -6.354554513116759, 56.298813323548565 ], [ -6.369202661617474, 56.301012680064936 ] ] ], [ [ [ -5.582121582499898, 56.324735339811419 ], [ -5.608226364698589, 56.313047548202967 ], [ -5.616974352974981, 56.31967540143561 ], [ -5.639962733325691, 56.311412752685499 ], [ -5.65428584178753, 56.297058830552437 ], [ -5.634519953197286, 56.291294617959345 ], [ -5.636698953383743, 56.28134490167411 ], [ -5.626863970206788, 56.265610089990005 ], [ -5.612591467052271, 56.271432448817109 ], [ -5.601218330312496, 56.28274302337821 ], [ -5.606194055330026, 56.298196321923655 ], [ -5.590228401246996, 56.301750987351134 ], [ -5.582121582499898, 56.324735339811419 ] ] ], [ [ [ -6.384753254269329, 56.349944104142317 ], [ -6.411962888715753, 56.344384853755813 ], [ -6.429013556654644, 56.336404548589854 ], [ -6.424287222606612, 56.322277060440669 ], [ -6.444715448203759, 56.314123984235927 ], [ -6.422219293070722, 56.306705330731162 ], [ -6.40691942608761, 56.314680973166681 ], [ -6.385028125606389, 56.335709899017523 ], [ -6.384753254269329, 56.349944104142317 ] ] ], [ [ [ -5.497377846278695, 56.424397283845103 ], [ -5.512524914840562, 56.414918893363222 ], [ -5.543188689814565, 56.407558791991278 ], [ -5.562613860535936, 56.407780223196177 ], [ -5.582656569994252, 56.390964560292645 ], [ -5.587442718009536, 56.381111331769382 ], [ -5.553835957493352, 56.37862178823648 ], [ -5.541739157340351, 56.379628343521368 ], [ -5.526754374150014, 56.396081956102833 ], [ -5.496847279449384, 56.41477443679247 ], [ -5.497377846278695, 56.424397283845103 ] ] ], [ [ [ -6.285326168787804, 56.49703249252137 ], [ -6.307630394900028, 56.490260607410271 ], [ -6.2995912470635, 56.480678819529942 ], [ -6.272553803821967, 56.481298097150926 ], [ -6.260392159505376, 56.486834096343593 ], [ -6.267335539253732, 56.493646280551843 ], [ -6.285326168787804, 56.49703249252137 ] ] ], [ [ [ -6.223476366801091, 56.499905604022679 ], [ -6.236883590065604, 56.494375859038385 ], [ -6.244333745682239, 56.497750005388852 ], [ -6.257152806898827, 56.489836796162827 ], [ -6.268217909164812, 56.476923721183233 ], [ -6.23697672029845, 56.468278040417594 ], [ -6.214552191878186, 56.471763112895978 ], [ -6.205973190499021, 56.469419455796611 ], [ -6.204683770254829, 56.460415981701765 ], [ -6.187770077254831, 56.466641040909963 ], [ -6.159008767334046, 56.463697625714772 ], [ -6.142327357803562, 56.470893287164351 ], [ -6.169296052617775, 56.487408780394937 ], [ -6.188806218148081, 56.485163664638677 ], [ -6.196178350178966, 56.491636789955457 ], [ -6.223476366801091, 56.499905604022679 ] ] ], [ [ [ -5.42730588184925, 56.559966880225488 ], [ -5.436556880499449, 56.559738141260908 ], [ -5.454216231253696, 56.550489044493354 ], [ -5.466686174202298, 56.55250222765406 ], [ -5.477823215335965, 56.547357575855614 ], [ -5.510227900602208, 56.521601354792963 ], [ -5.529086857468075, 56.513228402707909 ], [ -5.541164938940688, 56.504161572731256 ], [ -5.558739655386145, 56.500142389299157 ], [ -5.571624046463378, 56.493768972792871 ], [ -5.576347146320752, 56.475583936270588 ], [ -5.597059049294145, 56.463391128001653 ], [ -5.587617092604491, 56.461862069952012 ], [ -5.552260086192406, 56.4754627565882 ], [ -5.533129790281908, 56.489592264684106 ], [ -5.506879149558008, 56.498156329535767 ], [ -5.486491879384745, 56.518318315742256 ], [ -5.46662551126945, 56.529924887748265 ], [ -5.42730588184925, 56.559966880225488 ] ] ], [ [ [ -5.380886218894664, 56.595652801952944 ], [ -5.3991114954606, 56.592732652654831 ], [ -5.404285646154195, 56.586585687268972 ], [ -5.389506432989066, 56.582013935039839 ], [ -5.380886218894664, 56.595652801952944 ] ] ], [ [ [ -6.752762032506898, 56.55536603382965 ], [ -6.759428908456979, 56.547792362691453 ], [ -6.777188657416596, 56.537609092302461 ], [ -6.796949439765707, 56.535014681127521 ], [ -6.806982101484003, 56.542455992183903 ], [ -6.831955523059389, 56.539616455496237 ], [ -6.845255724298158, 56.53215130702938 ], [ -6.85921849099622, 56.531029093751862 ], [ -6.86423501918993, 56.521761392122698 ], [ -6.87952410870396, 56.518243993113927 ], [ -6.887512700504933, 56.523520356385767 ], [ -6.920588440227188, 56.52637512719572 ], [ -6.933151098965475, 56.529776936410968 ], [ -6.951018110058688, 56.52898353109866 ], [ -6.955002691968496, 56.520914682240033 ], [ -6.976000126454849, 56.516633650897752 ], [ -6.987208418843334, 56.504120818598963 ], [ -6.98010892666513, 56.490815652721437 ], [ -6.976366322049859, 56.471308344335746 ], [ -6.971254945456394, 56.466147320034779 ], [ -6.981495052526649, 56.459335197180998 ], [ -6.943029982972149, 56.45686785316294 ], [ -6.933822085519053, 56.444272688582537 ], [ -6.912566954775706, 56.440864324192518 ], [ -6.893261292307981, 56.445527871854871 ], [ -6.890932219139123, 56.459759860279426 ], [ -6.897406520338123, 56.47060321366915 ], [ -6.878807259158585, 56.483750160901451 ], [ -6.878758669860603, 56.487816635931814 ], [ -6.856701201756745, 56.492745894103351 ], [ -6.816949300154172, 56.488072353073669 ], [ -6.795047432052036, 56.506154050243254 ], [ -6.813778712866899, 56.512399118977193 ], [ -6.803593222619298, 56.523966792437371 ], [ -6.782389528986254, 56.527769362541967 ], [ -6.765685230843353, 56.523119513751581 ], [ -6.752838754666362, 56.528207930917482 ], [ -6.725363721658558, 56.527121694839693 ], [ -6.727057924786512, 56.541415628758621 ], [ -6.741573390935349, 56.543596435845231 ], [ -6.752762032506898, 56.55536603382965 ] ] ], [ [ [ -6.125774051779286, 56.65572473507622 ], [ -6.131296980436085, 56.650622121190565 ], [ -6.146444926713211, 56.653278681676028 ], [ -6.165719049789516, 56.642068274999183 ], [ -6.18910437679466, 56.64363741167984 ], [ -6.207116098394398, 56.6306092322803 ], [ -6.22411248308944, 56.632159461743214 ], [ -6.22856916167456, 56.621836355633043 ], [ -6.221334106900311, 56.60568323861596 ], [ -6.262695922747056, 56.61387982476667 ], [ -6.271532132473628, 56.603534908261317 ], [ -6.289786329661126, 56.606764034205952 ], [ -6.310054689327131, 56.60181713892419 ], [ -6.324335629925358, 56.605071030213225 ], [ -6.310614590258657, 56.576142847474138 ], [ -6.280910807188879, 56.580334794306388 ], [ -6.304464204708879, 56.563337682617679 ], [ -6.306549179258386, 56.558615519229917 ], [ -6.333596968667702, 56.555160023896768 ], [ -6.338815890983535, 56.540097091456211 ], [ -6.336396167007542, 56.534960652849222 ], [ -6.295376248117337, 56.529125376555733 ], [ -6.286792935855576, 56.523598895303351 ], [ -6.263989123568337, 56.523242708066107 ], [ -6.228077468969961, 56.529556924151947 ], [ -6.220724158180557, 56.523166559172665 ], [ -6.206567677246716, 56.52085858466242 ], [ -6.179865501087431, 56.511576547046523 ], [ -6.174194327978289, 56.505850915268972 ], [ -6.155318270966362, 56.502708811841416 ], [ -6.13853663112718, 56.490462074311452 ], [ -6.151243838272524, 56.484947989454717 ], [ -6.122060796063589, 56.47215811703272 ], [ -6.100995533119304, 56.479304937454941 ], [ -6.080570967250829, 56.479331575120867 ], [ -6.054926205823711, 56.487079554543314 ], [ -6.02460021526695, 56.492860873390022 ], [ -6.004663272082402, 56.499217758594831 ], [ -5.996266348972783, 56.487649538350851 ], [ -6.020044252104762, 56.46704265715173 ], [ -6.041782890194362, 56.463327585283892 ], [ -6.054760440563345, 56.451370425642445 ], [ -6.078317668275479, 56.447691659188443 ], [ -6.118384633339972, 56.45137168550621 ], [ -6.129221934717762, 56.448286047902172 ], [ -6.139935970178246, 56.438643097712578 ], [ -6.139041587560997, 56.429607960765544 ], [ -6.155880501334277, 56.409929184450085 ], [ -6.183491138710646, 56.399533922527851 ], [ -6.204799877492204, 56.386378575330745 ], [ -6.20931460091959, 56.373683730381849 ], [ -6.193888537906777, 56.35846460648348 ], [ -6.171633703494573, 56.358073921179717 ], [ -6.144212779951207, 56.367022758379065 ], [ -6.117625427368436, 56.36564860168059 ], [ -6.082508734757868, 56.372144941644606 ], [ -6.072142485118802, 56.383035027497975 ], [ -6.059682909008905, 56.380578318293217 ], [ -6.022727867838386, 56.394655133357588 ], [ -6.004365538143806, 56.376614302397869 ], [ -6.019059826476576, 56.364695244544976 ], [ -6.089440831521196, 56.351084783062021 ], [ -6.088998082599652, 56.347423167633977 ], [ -6.123970427856029, 56.344245049101062 ], [ -6.158843186137472, 56.336957670173319 ], [ -6.178097669060353, 56.340980798098087 ], [ -6.190696680526615, 56.332231139514683 ], [ -6.213835526676903, 56.333094251348101 ], [ -6.225905089402894, 56.342059089541742 ], [ -6.238763887364203, 56.344182257206299 ], [ -6.251459716740948, 56.336690992804506 ], [ -6.236134200240524, 56.327526274450555 ], [ -6.243961424343183, 56.319100658799229 ], [ -6.270236707401574, 56.318627611166583 ], [ -6.267705211000873, 56.325806627165854 ], [ -6.273767610909937, 56.333907433235339 ], [ -6.293564266581828, 56.343870439361361 ], [ -6.316983112022854, 56.343163169516508 ], [ -6.338399800723822, 56.347783188864554 ], [ -6.358054291022722, 56.343057406723453 ], [ -6.364534219038632, 56.338077269650327 ], [ -6.372873373150278, 56.320710706960263 ], [ -6.36798417591056, 56.304927771590719 ], [ -6.352187739614387, 56.301325025679709 ], [ -6.349205026521249, 56.281944268741007 ], [ -6.330035691960326, 56.285216718608723 ], [ -6.329307795659227, 56.272147149543386 ], [ -6.305192146822351, 56.267066922435305 ], [ -6.2714547319241, 56.273301580150019 ], [ -6.257354939942024, 56.27166578181248 ], [ -6.251795161777546, 56.286195946332342 ], [ -6.223651544087402, 56.28590375976119 ], [ -6.200070779978308, 56.291680888272083 ], [ -6.177405585451383, 56.286275047130104 ], [ -6.168967179522003, 56.290296755197751 ], [ -6.151468991140463, 56.285152472329358 ], [ -6.139727780896766, 56.285802590721168 ], [ -6.127372806687859, 56.296495013905762 ], [ -6.087512516288549, 56.297769867111072 ], [ -6.077531052435353, 56.302294779555147 ], [ -6.066539807264848, 56.295682802089438 ], [ -6.045823405479124, 56.292706914968292 ], [ -6.01847175968521, 56.30302793831045 ], [ -5.995939473692302, 56.314549331980558 ], [ -5.985651582023134, 56.322850496205895 ], [ -5.963656321284105, 56.318949750694358 ], [ -5.937454574919999, 56.320638406048339 ], [ -5.919992948526337, 56.334182272816172 ], [ -5.890580373060078, 56.353319795480573 ], [ -5.876801486861479, 56.355953080873007 ], [ -5.852352958411537, 56.35390069582381 ], [ -5.845688174449528, 56.348738052013253 ], [ -5.857820222342467, 56.341581288663598 ], [ -5.866388863507991, 56.330752799909547 ], [ -5.888760472478359, 56.32227794847919 ], [ -5.874743986715161, 56.315074722395721 ], [ -5.834124277851359, 56.310860102190588 ], [ -5.827713653061363, 56.316790878093819 ], [ -5.8096590404458, 56.319322029175083 ], [ -5.799448385146822, 56.324275776433637 ], [ -5.745802624129583, 56.341750228853442 ], [ -5.729644087131843, 56.352587509042841 ], [ -5.706025107730504, 56.36108807435896 ], [ -5.689841721886131, 56.378726888904659 ], [ -5.692210619191703, 56.383106937128474 ], [ -5.728119426598988, 56.382386143754914 ], [ -5.754114059920968, 56.370693916102383 ], [ -5.775810664237555, 56.366378879172963 ], [ -5.758140366637543, 56.381213259909273 ], [ -5.753300758916724, 56.394173130412973 ], [ -5.742093126747375, 56.391414624125687 ], [ -5.731802766473503, 56.396247826573344 ], [ -5.735795898626776, 56.40695766563136 ], [ -5.732372010943076, 56.413719012868611 ], [ -5.714912437245103, 56.414895736143123 ], [ -5.718720755950633, 56.394272176086787 ], [ -5.709261215682331, 56.387196416527175 ], [ -5.695991574620071, 56.388168670411531 ], [ -5.679374675996803, 56.384698371682568 ], [ -5.667647508563141, 56.389654306411437 ], [ -5.653509527475983, 56.415289593884545 ], [ -5.666307152207188, 56.417157469916113 ], [ -5.648007837334263, 56.430928138420377 ], [ -5.645866708646571, 56.447188491178451 ], [ -5.661739252888848, 56.448172625466967 ], [ -5.684064430998377, 56.454132928557378 ], [ -5.681678998807114, 56.460349151925215 ], [ -5.700777377742455, 56.468409218657015 ], [ -5.720273316620628, 56.486062500121768 ], [ -5.741902136272542, 56.481977855803905 ], [ -5.767957525546571, 56.489127205080216 ], [ -5.775361349966468, 56.499475887826449 ], [ -5.794341509453511, 56.513813466671948 ], [ -5.825802563381655, 56.516061835071184 ], [ -5.838310073588605, 56.50923286209072 ], [ -5.850147549371663, 56.51989325228574 ], [ -5.86393671910572, 56.521578988999352 ], [ -5.90648870451543, 56.520534693344175 ], [ -5.916310994150622, 56.517084583153647 ], [ -5.936693290202999, 56.524033390470933 ], [ -5.951719597053289, 56.518779049431259 ], [ -5.964677931879546, 56.530162574438727 ], [ -5.964974900247536, 56.540790103767677 ], [ -5.971375127278046, 56.546629204207015 ], [ -5.973148800383387, 56.557791100470709 ], [ -5.987537624910147, 56.567037768417279 ], [ -5.983941004049597, 56.572773430804993 ], [ -6.013461733128414, 56.588978334258549 ], [ -6.017954575381796, 56.59774448431515 ], [ -6.032162433637811, 56.610053350882438 ], [ -6.05991207907692, 56.615016138246169 ], [ -6.068828826137892, 56.622361404205051 ], [ -6.058251805995748, 56.628081478446795 ], [ -6.067333959454501, 56.638343888373527 ], [ -6.08616831583628, 56.63866117176692 ], [ -6.112630560748616, 56.643898699266906 ], [ -6.125774051779286, 56.65572473507622 ] ] ], [ [ [ -5.880012723928577, 56.670310376751182 ], [ -5.895995910303479, 56.661250413401795 ], [ -5.89473408838982, 56.652671237740194 ], [ -5.879125726454287, 56.65582088152501 ], [ -5.873087196082155, 56.662991218536661 ], [ -5.880012723928577, 56.670310376751182 ] ] ], [ [ [ -5.938826546189822, 56.668303883525567 ], [ -5.949307603668459, 56.661879237152064 ], [ -5.941080400506349, 56.656668700425982 ], [ -5.923369932181968, 56.658663072165538 ], [ -5.923509500957253, 56.667152129421005 ], [ -5.938826546189822, 56.668303883525567 ] ] ], [ [ [ -6.46801095992666, 56.691438818266739 ], [ -6.486528379979816, 56.687195675118794 ], [ -6.521168268567426, 56.675656014601358 ], [ -6.531575961944434, 56.676194381186967 ], [ -6.547640304545126, 56.660334206417993 ], [ -6.565062107350967, 56.658647286994906 ], [ -6.569253550423451, 56.651121789151041 ], [ -6.584874224858915, 56.650127877145273 ], [ -6.599698172432734, 56.638117992460153 ], [ -6.612593786988888, 56.637524750542198 ], [ -6.619120320037479, 56.620906383637049 ], [ -6.634032430077078, 56.61803896584852 ], [ -6.654233450931217, 56.5945758532837 ], [ -6.667116057218597, 56.590600262172707 ], [ -6.683474914627851, 56.593366517395857 ], [ -6.695227822356918, 56.582062205552873 ], [ -6.703535484431566, 56.582508178831034 ], [ -6.695640350073413, 56.563813242559647 ], [ -6.683885067802935, 56.568860474448329 ], [ -6.67846474262902, 56.581432980171435 ], [ -6.66216198098561, 56.584490705392213 ], [ -6.630742250942373, 56.578480683149643 ], [ -6.616308122688701, 56.579902616702711 ], [ -6.584778528992734, 56.589711425177732 ], [ -6.565810184663325, 56.588086362148339 ], [ -6.565868903832524, 56.594322973222106 ], [ -6.550057733486589, 56.594749202805701 ], [ -6.546339913132579, 56.600098011794572 ], [ -6.523300984037232, 56.613190689889223 ], [ -6.525462330403321, 56.627793254306411 ], [ -6.506502023238353, 56.616423589231239 ], [ -6.493517110985319, 56.626981735089871 ], [ -6.457275210097981, 56.667998110749707 ], [ -6.451594941166476, 56.685452867620384 ], [ -6.46801095992666, 56.691438818266739 ] ] ], [ [ [ -6.262932667355932, 56.844935212296377 ], [ -6.270429658220404, 56.828081163663889 ], [ -6.259002369987921, 56.82661966057897 ], [ -6.246283994161304, 56.832206895882443 ], [ -6.239390195276833, 56.82587213022753 ], [ -6.226100656779155, 56.827294882191687 ], [ -6.216130120043316, 56.835767018513337 ], [ -6.222586428035506, 56.845153092101903 ], [ -6.262932667355932, 56.844935212296377 ] ] ], [ [ [ -6.32735859560658, 57.059663744795039 ], [ -6.338146067037297, 57.059173062759292 ], [ -6.351550119793859, 57.051013151218008 ], [ -6.37018517935092, 57.053353596742554 ], [ -6.39910137478549, 57.041380358593031 ], [ -6.409797118155542, 57.029257368129485 ], [ -6.431655826706066, 57.021756457996439 ], [ -6.454557099858273, 57.004446644034914 ], [ -6.413070256387345, 56.986671997824352 ], [ -6.394110442538, 56.975180697453375 ], [ -6.3809968913482, 56.974940002276952 ], [ -6.369704621170166, 56.962285585524029 ], [ -6.368937745404231, 56.952234819758814 ], [ -6.344345849544576, 56.94861879868693 ], [ -6.329779490418151, 56.936205551756508 ], [ -6.311929583105197, 56.935425021604829 ], [ -6.298466811351928, 56.939158658662727 ], [ -6.285880790201682, 56.95233068927201 ], [ -6.266872897005123, 56.956655687613178 ], [ -6.250002596334193, 56.971170672202469 ], [ -6.248728980681373, 56.993854404152991 ], [ -6.238462936537778, 57.003173844822811 ], [ -6.242596471640417, 57.008276501193109 ], [ -6.279344842927996, 57.011366177079367 ], [ -6.275693574252942, 57.016528320939386 ], [ -6.260019965963202, 57.016919773041813 ], [ -6.247111053596189, 57.021756829163095 ], [ -6.254572615650115, 57.032924371024954 ], [ -6.273102068718643, 57.040656107261533 ], [ -6.282845629020979, 57.039670666276031 ], [ -6.29573571265743, 57.048779365729303 ], [ -6.306488546637567, 57.049794493359968 ], [ -6.32735859560658, 57.059663744795039 ] ] ], [ [ [ -6.495717930757722, 57.054357204134313 ], [ -6.515231449074147, 57.050654235076195 ], [ -6.513954619179604, 57.045717357836658 ], [ -6.495380463722304, 57.045163552707365 ], [ -6.495717930757722, 57.054357204134313 ] ] ], [ [ [ -6.501060690621022, 57.068605535557069 ], [ -6.507056042721296, 57.071267781997989 ], [ -6.52904961823545, 57.067257511375203 ], [ -6.552670278136525, 57.069210421464319 ], [ -6.562216528939785, 57.063114801629212 ], [ -6.601910441846814, 57.058075268151264 ], [ -6.60754633858258, 57.04675885003963 ], [ -6.595001428857005, 57.041873232070259 ], [ -6.572127371851011, 57.044592124824973 ], [ -6.551763739774692, 57.053880439415735 ], [ -6.54986236901031, 57.058096216802866 ], [ -6.512321118852209, 57.05450556242107 ], [ -6.495232747718729, 57.059618432153911 ], [ -6.501060690621022, 57.068605535557069 ] ] ] ] } },
{ "type": "Feature", "properties": { "hcs_name": "Armagh", "abbr": "Arm", "hcs_county": "Armagh", "hcs_number": 6, "hcs_code": "ARH", "county": "Armagh", "region": "NI" }, "geometry": { "type": "Polygon", "coordinates": [ [ [ -6.290798519760592, 54.112770573012057 ], [ -6.304068440914456, 54.125147552604332 ], [ -6.321787374568851, 54.147992779970032 ], [ -6.320546419144414, 54.153111599651254 ], [ -6.34028089725559, 54.173710708996083 ], [ -6.334392030989967, 54.183951327168558 ], [ -6.347069993331806, 54.194716551386655 ], [ -6.353590832859911, 54.215052619591013 ], [ -6.364513408206763, 54.225411233128682 ], [ -6.361696771924422, 54.230639664299602 ], [ -6.373512979195732, 54.245741405269456 ], [ -6.360385820236409, 54.261069231619601 ], [ -6.366438141190757, 54.269587030468251 ], [ -6.355909088530629, 54.272172746791234 ], [ -6.35748408653907, 54.280967489919767 ], [ -6.370244552665747, 54.289755389734609 ], [ -6.36956676867355, 54.303572673772457 ], [ -6.361102526152125, 54.312110391354508 ], [ -6.366141344631095, 54.328195632856229 ], [ -6.362009648838014, 54.34025518020411 ], [ -6.375215819659817, 54.351104563279357 ], [ -6.384785607111238, 54.371491380793898 ], [ -6.39278496251616, 54.37660206063493 ], [ -6.400201145632876, 54.395841187531857 ], [ -6.380205352467407, 54.402783659821708 ], [ -6.371469642685931, 54.427942845572453 ], [ -6.346759772702136, 54.436708258829078 ], [ -6.339704050996025, 54.444408069417037 ], [ -6.314439942607435, 54.441665158830759 ], [ -6.309185221055953, 54.451238425856793 ], [ -6.31035008651587, 54.463751544423822 ], [ -6.302110498186113, 54.465346986258872 ], [ -6.298293980777324, 54.474940210655937 ], [ -6.280582489641974, 54.479689933350258 ], [ -6.295599591716407, 54.487369917130486 ], [ -6.325639886108002, 54.4966580321056 ], [ -6.336967853219197, 54.50541393138105 ], [ -6.356915596819579, 54.509345079425948 ], [ -6.38066107672523, 54.514040499625203 ], [ -6.426002574310178, 54.568219059146273 ], [ -6.540971061768336, 54.542299629362034 ], [ -6.578206811312196, 54.516688946819592 ], [ -6.577184597654759, 54.512366897585579 ], [ -6.601164196663369, 54.502921388277997 ], [ -6.610599076482542, 54.507228580223888 ], [ -6.629767111019494, 54.503562244021786 ], [ -6.640117893728859, 54.490257346671001 ], [ -6.648908714357556, 54.487402025620042 ], [ -6.64995851539726, 54.469904679826065 ], [ -6.667291092323288, 54.463103083182354 ], [ -6.674467518578306, 54.450474608882629 ], [ -6.696456829543638, 54.442758877503806 ], [ -6.694110547979773, 54.429346270099565 ], [ -6.703892009417225, 54.426877136718971 ], [ -6.700757622564016, 54.416358164551106 ], [ -6.704750479129537, 54.407394671093108 ], [ -6.721870954021167, 54.401636785353126 ], [ -6.735687407193543, 54.40928792224549 ], [ -6.762207388962944, 54.407187651169025 ], [ -6.772086208963513, 54.414112392485862 ], [ -6.791770736319461, 54.415524158587992 ], [ -6.807914250798473, 54.397379258013913 ], [ -6.804614562303999, 54.379683527334933 ], [ -6.811465071321932, 54.37517052402854 ], [ -6.832594917776008, 54.351652727728514 ], [ -6.837373580023208, 54.335381864472957 ], [ -6.864220334690766, 54.329598965221379 ], [ -6.859107850913747, 54.303894712599778 ], [ -6.850774897028363, 54.297319082251313 ], [ -6.852519564133691, 54.29069718183807 ], [ -6.877642847887782, 54.285254440487037 ], [ -6.876505684830478, 54.277648549214256 ], [ -6.865577149700402, 54.269678972004492 ], [ -6.844150042421456, 54.266829903459879 ], [ -6.827165790082681, 54.260285326438456 ], [ -6.829125652563843, 54.247451034803433 ], [ -6.819053005746137, 54.238296269244849 ], [ -6.819583633583546, 54.232299681084498 ], [ -6.802365080110189, 54.215324885853512 ], [ -6.773711263636939, 54.19890851989927 ], [ -6.755959276627538, 54.19907348737226 ], [ -6.738602258047165, 54.181495662658733 ], [ -6.720929535210456, 54.187140606624965 ], [ -6.706491177686661, 54.199960322476215 ], [ -6.682515810712228, 54.193125537460027 ], [ -6.664682165509167, 54.192991113195013 ], [ -6.658717482791252, 54.184777175786607 ], [ -6.635571935553798, 54.170720618500411 ], [ -6.631739071967282, 54.147041440816267 ], [ -6.640411375804274, 54.142343732001486 ], [ -6.639712261815379, 54.131772457674224 ], [ -6.661253247794582, 54.122592918533179 ], [ -6.656570671541965, 54.111043046300964 ], [ -6.645062079893311, 54.095950308621283 ], [ -6.658692822131201, 54.083642353073635 ], [ -6.665094216851725, 54.066287828439791 ], [ -6.649961181515459, 54.061364623432915 ], [ -6.635947986918749, 54.04395692518824 ], [ -6.617489739317053, 54.038886123458887 ], [ -6.586728518689843, 54.057530901781689 ], [ -6.570079791913257, 54.051181747490013 ], [ -6.549249989073768, 54.050403952447994 ], [ -6.532150633200462, 54.059614279942679 ], [ -6.51575397380099, 54.052518153765249 ], [ -6.480093198803806, 54.067192070565824 ], [ -6.477754583160928, 54.077158610781069 ], [ -6.449941435116828, 54.067763830692456 ], [ -6.445816668657055, 54.058478809746696 ], [ -6.437416729441629, 54.057442766377399 ], [ -6.418149897268073, 54.062377578467753 ], [ -6.387250236857767, 54.061610239600853 ], [ -6.383832388090195, 54.067869921677406 ], [ -6.367301195364503, 54.070283165874542 ], [ -6.362303578664934, 54.079370200367009 ], [ -6.362205256125632, 54.097403959013455 ], [ -6.368053826936674, 54.111405860145325 ], [ -6.34584411788143, 54.113651401571737 ], [ -6.336343308987773, 54.10906408963352 ], [ -6.336352721218596, 54.094703467367083 ], [ -6.319210474085241, 54.091032267380569 ], [ -6.309028000131354, 54.106701977976428 ], [ -6.290798519760592, 54.112770573012057 ] ] ] } },
{ "type": "Feature", "properties": { "hcs_name": "Ayrshire", "abbr": "Ayr", "hcs_county": "Ayr", "hcs_number": 7, "hcs_code": "AYS", "county": "Ayrshire", "region": "Scotland" }, "geometry": { "type": "Polygon", "coordinates": [ [ [ -4.246974133066533, 55.679012876390125 ], [ -4.256351749365868, 55.675802552525774 ], [ -4.267824480142184, 55.685783054778305 ], [ -4.281965583384438, 55.67864526829014 ], [ -4.295895461482669, 55.68400277528692 ], [ -4.323266421690368, 55.687896125243952 ], [ -4.333518423811237, 55.700280240995369 ], [ -4.353196262955837, 55.697399589942371 ], [ -4.363622095162881, 55.708700944309108 ], [ -4.384861506368077, 55.72268394879535 ], [ -4.400623899111138, 55.713602476048479 ], [ -4.419941518051219, 55.727658754816893 ], [ -4.440737715511139, 55.733817989486937 ], [ -4.472003394277024, 55.737433978339247 ], [ -4.46827932857879, 55.743574721645913 ], [ -4.496513287058292, 55.740117884653031 ], [ -4.502502455944057, 55.748742962198101 ], [ -4.530808755617127, 55.754094681398243 ], [ -4.544779880594273, 55.758915106336261 ], [ -4.569073397935266, 55.748775376818131 ], [ -4.574045625044306, 55.753008190815898 ], [ -4.570040332849636, 55.763532602053722 ], [ -4.559216166775686, 55.765572532547225 ], [ -4.565595126111596, 55.778395599499206 ], [ -4.578779472951096, 55.781892860997978 ], [ -4.606829311741921, 55.767609225871709 ], [ -4.619137735197079, 55.764457707346622 ], [ -4.633285737229796, 55.767052310129046 ], [ -4.64863047326845, 55.76243306617522 ], [ -4.662499758591426, 55.767959114476689 ], [ -4.671308116351964, 55.778597941573381 ], [ -4.673475594773545, 55.7891079589469 ], [ -4.686162767531639, 55.803857509370971 ], [ -4.718695363691657, 55.804661241088453 ], [ -4.73036896318333, 55.81101806089508 ], [ -4.722368175794835, 55.820791012616148 ], [ -4.744902777362771, 55.824274752085394 ], [ -4.779111493652657, 55.83945829944016 ], [ -4.778194789571415, 55.84485431740994 ], [ -4.75119992698861, 55.849901730380999 ], [ -4.767396957703371, 55.863309071325517 ], [ -4.794214789862459, 55.872271349262405 ], [ -4.80270070265462, 55.892402065430183 ], [ -4.818873705070408, 55.887509675493739 ], [ -4.845388751118457, 55.875152177298972 ], [ -4.888914228399582, 55.874690365674752 ], [ -4.891214211616091, 55.870544362147392 ], [ -4.887499519915091, 55.846592253154618 ], [ -4.892051173252025, 55.839465494196631 ], [ -4.887349103545556, 55.817649893735805 ], [ -4.869686107567572, 55.798395699407607 ], [ -4.870749619410135, 55.790525386064253 ], [ -4.855170757976617, 55.774259092200687 ], [ -4.8577504060777, 55.750845310497724 ], [ -4.87113589889422, 55.746342590073787 ], [ -4.875424001434148, 55.733413161751969 ], [ -4.90222644461798, 55.722976873025566 ], [ -4.905270253429592, 55.698922297073665 ], [ -4.881837967923333, 55.693356521406599 ], [ -4.863332338843784, 55.684283263255153 ], [ -4.855620574063429, 55.674222706869081 ], [ -4.832693834101476, 55.661357182681414 ], [ -4.81554288518486, 55.648346243051947 ], [ -4.816514816272136, 55.641570927092651 ], [ -4.781743361276585, 55.633219305904355 ], [ -4.753441043876954, 55.629939885594354 ], [ -4.749328984178247, 55.625117108854631 ], [ -4.731196614254159, 55.620813274752038 ], [ -4.687651103419653, 55.601111783748941 ], [ -4.670865031254799, 55.588445897815014 ], [ -4.658244768659243, 55.569685875702731 ], [ -4.658622072081195, 55.549903699827723 ], [ -4.669695192334911, 55.545506267384951 ], [ -4.657153976456331, 55.537245451479265 ], [ -4.650276040692199, 55.527426871266208 ], [ -4.634225065237338, 55.519616557963374 ], [ -4.623525819490724, 55.507861761153372 ], [ -4.620163200538185, 55.498249949806521 ], [ -4.627797354027468, 55.48969120006344 ], [ -4.631884499971709, 55.473824992065332 ], [ -4.64392728901173, 55.470690067814807 ], [ -4.642593417835281, 55.457975241518717 ], [ -4.651148267866501, 55.440993509873238 ], [ -4.679192318817531, 55.437319581870483 ], [ -4.689180241033189, 55.432762536718585 ], [ -4.713007209169099, 55.432890253407216 ], [ -4.722504276055872, 55.426286987485192 ], [ -4.736280574149585, 55.424935026084732 ], [ -4.753924082264518, 55.415735031228948 ], [ -4.756581969591156, 55.409265177636634 ], [ -4.769580448651719, 55.40050892571238 ], [ -4.772299417484575, 55.388135946534909 ], [ -4.769457616051337, 55.373720788657472 ], [ -4.77219979902142, 55.363146705288976 ], [ -4.785155537398583, 55.355326442254153 ], [ -4.805616545999501, 55.349890743958312 ], [ -4.812361232144148, 55.337352245442467 ], [ -4.844898449677412, 55.326051344786812 ], [ -4.837663525604674, 55.312259569225432 ], [ -4.835667144308999, 55.294328021315017 ], [ -4.837468899510968, 55.278209619771062 ], [ -4.844008934569213, 55.273559051137354 ], [ -4.863105020796231, 55.243551319848628 ], [ -4.859744063140226, 55.22809292251349 ], [ -4.872188447356007, 55.217744282639281 ], [ -4.891472101588218, 55.210020021993877 ], [ -4.909778828489216, 55.199107791502549 ], [ -4.942160781456073, 55.163839455896266 ], [ -4.991397447561127, 55.143668793727592 ], [ -4.996683654973174, 55.137864945326278 ], [ -4.995540843601754, 55.125814238474867 ], [ -5.002099535110317, 55.108099039512126 ], [ -5.008798594773789, 55.104291071056494 ], [ -5.01392732834098, 55.087076325948885 ], [ -5.03016857993158, 55.078552479395107 ], [ -5.051253068572188, 55.053050562782616 ], [ -5.051818577691745, 55.043485747369992 ], [ -5.060344120394295, 55.026015791279107 ], [ -5.039753456515588, 54.997790828133667 ], [ -5.030096001159242, 55.002381203472162 ], [ -4.986862435249654, 55.010987829865812 ], [ -4.9727037444995, 55.011760880149119 ], [ -4.942533374101276, 54.999967737808085 ], [ -4.91759930262974, 55.003942733362997 ], [ -4.901013565628854, 55.015787260151043 ], [ -4.8971643621368, 55.028832098108509 ], [ -4.88545900462822, 55.038551037824845 ], [ -4.873501385434214, 55.03826287932641 ], [ -4.841044624252366, 55.04474653331193 ], [ -4.824663984627731, 55.041114683668255 ], [ -4.80275196437573, 55.044398282672461 ], [ -4.791689183704059, 55.037964515644411 ], [ -4.774737596091029, 55.04173803342119 ], [ -4.761201212472129, 55.037964675054162 ], [ -4.740483990658983, 55.047220661982898 ], [ -4.725838925767279, 55.045630655975685 ], [ -4.714381033724135, 55.037650611630887 ], [ -4.688595770987439, 55.044153426716235 ], [ -4.660852573339858, 55.053497543890295 ], [ -4.64769945130673, 55.054776487449601 ], [ -4.633736429204258, 55.051365759446121 ], [ -4.625185303519919, 55.067735150921806 ], [ -4.63435446100162, 55.07817372848853 ], [ -4.655318631382459, 55.087624347998229 ], [ -4.661458342533465, 55.114438188520467 ], [ -4.645618304508758, 55.127833548943251 ], [ -4.6262554803212, 55.134755283088786 ], [ -4.623039068860656, 55.140798949443727 ], [ -4.598302455193492, 55.138434664074261 ], [ -4.584016135513375, 55.141970243193683 ], [ -4.574367781578494, 55.153252561378402 ], [ -4.564981993749386, 55.158008942146346 ], [ -4.530522396191863, 55.157893645118783 ], [ -4.513586008204462, 55.1517047838731 ], [ -4.478634300725185, 55.152919745827809 ], [ -4.463656788884383, 55.162167452879061 ], [ -4.446869935230803, 55.164555111939606 ], [ -4.440930259694313, 55.139715205227205 ], [ -4.420845217604531, 55.143660634608615 ], [ -4.409566822795144, 55.151551436164567 ], [ -4.406649375117146, 55.158798992085309 ], [ -4.412747042717215, 55.168306744279619 ], [ -4.409230764160888, 55.179210653574721 ], [ -4.397552542372612, 55.190844781573183 ], [ -4.394739880243857, 55.199158376391033 ], [ -4.384950696896009, 55.205157241246226 ], [ -4.370750153801887, 55.228853649788668 ], [ -4.36683038140518, 55.230309151550721 ], [ -4.356887228390818, 55.252528959907757 ], [ -4.36233572107568, 55.259818303801971 ], [ -4.355875570370452, 55.265506715729934 ], [ -4.327737775729779, 55.278848645821583 ], [ -4.313294919838797, 55.291042146291211 ], [ -4.310706262536172, 55.300867703974575 ], [ -4.300482314534251, 55.310698742650459 ], [ -4.285893074374474, 55.307606656631798 ], [ -4.272375101331874, 55.309945800507997 ], [ -4.249211868411809, 55.30642447761354 ], [ -4.239939889217479, 55.321219547849971 ], [ -4.217059738183056, 55.316044337333864 ], [ -4.206988089877303, 55.318531897310478 ], [ -4.195092057715577, 55.3147917303207 ], [ -4.173552160873866, 55.295650527313413 ], [ -4.145139090768813, 55.283749599255181 ], [ -4.130557753291646, 55.296003232509179 ], [ -4.116392016740466, 55.299576010832432 ], [ -4.112451128376613, 55.305403702792617 ], [ -4.122553754641724, 55.313769357110274 ], [ -4.118425443564989, 55.32312393656769 ], [ -4.107213175052783, 55.331444106212103 ], [ -4.097665238414003, 55.344081241732468 ], [ -4.085739560378404, 55.351257445111699 ], [ -4.099442537653224, 55.35824334217277 ], [ -4.107502459362355, 55.369016660296111 ], [ -4.097189251299694, 55.38548440704006 ], [ -4.098099030253786, 55.395397545012543 ], [ -4.090837931706601, 55.412069104437087 ], [ -4.068422227606964, 55.415705763221631 ], [ -4.051179978324077, 55.423628713844295 ], [ -4.042907755571779, 55.422261757658951 ], [ -4.007807227549046, 55.435625766329515 ], [ -4.005041420581267, 55.442959951478308 ], [ -4.016787456390975, 55.446609916729159 ], [ -3.997818594994749, 55.455206711005189 ], [ -3.986219909320834, 55.464056943204909 ], [ -4.000447569151091, 55.463710774776416 ], [ -4.015319641525879, 55.471977817354905 ], [ -4.011625429518276, 55.482850527371689 ], [ -4.025697261501384, 55.492450652026278 ], [ -4.012404916213568, 55.504976719164183 ], [ -3.993943762281536, 55.51365470973235 ], [ -3.987699973087953, 55.52620635328875 ], [ -3.965384896095692, 55.534995612657752 ], [ -3.957010674955091, 55.555754953526581 ], [ -3.971345405475099, 55.556453144554617 ], [ -3.976403713722713, 55.564656091769891 ], [ -3.997011244506432, 55.563535504427662 ], [ -4.009451042915437, 55.569788865159957 ], [ -4.00805457298275, 55.575381187253726 ], [ -4.033731824718723, 55.584083150017896 ], [ -4.04062165564053, 55.589042050854445 ], [ -4.066179403896505, 55.579842141063097 ], [ -4.065396271338598, 55.575653675829273 ], [ -4.082729902685567, 55.568359089231315 ], [ -4.092670742996817, 55.570102466270342 ], [ -4.109998602322884, 55.566063547050319 ], [ -4.126311501362094, 55.565718328785934 ], [ -4.150937668101316, 55.572227169149464 ], [ -4.167445101503417, 55.565369577700423 ], [ -4.180617855642297, 55.566089736112062 ], [ -4.210017017370883, 55.553276716607861 ], [ -4.224676159737837, 55.550485796371852 ], [ -4.227945530593798, 55.568190742373929 ], [ -4.205761672637177, 55.582544450824351 ], [ -4.19468700416102, 55.600708887222943 ], [ -4.177325441939737, 55.602848260517497 ], [ -4.18854654505706, 55.610318648826826 ], [ -4.205202173021712, 55.614835174226045 ], [ -4.201910687284349, 55.626876125501923 ], [ -4.221605292537435, 55.635102137301736 ], [ -4.21680959324377, 55.643981279883974 ], [ -4.22234990710225, 55.653916260486795 ], [ -4.246618356372196, 55.674183829663939 ], [ -4.246974133066533, 55.679012876390125 ] ] ] } },
{ "type": "Feature", "properties": { "hcs_name": "Banffshire", "abbr": "Banff", "hcs_county": "Banff", "hcs_number": 8, "hcs_code": "BNF", "county": "Banffshire", "region": "Scotland" }, "geometry": { "type": "MultiPolygon", "coordinates": [ [ [ [ -3.106456420978644, 57.674951832832427 ], [ -3.104220354002746, 57.674834316293023 ], [ -3.111635208817272, 57.675999384807632 ], [ -3.109415663344953, 57.675500219553946 ], [ -3.106456420978644, 57.674951832832427 ] ] ], [ [ [ -3.683694604979947, 57.095252040969278 ], [ -3.677101191323977, 57.081893714721389 ], [ -3.655158275646998, 57.068533328985694 ], [ -3.653646883218508, 57.081202668172615 ], [ -3.646643812335959, 57.088321756023781 ], [ -3.632937775405928, 57.085723530347202 ], [ -3.620474007167967, 57.089894282454395 ], [ -3.610756681746386, 57.085401484801459 ], [ -3.592994804229598, 57.084101176312394 ], [ -3.576282908125332, 57.094096617324126 ], [ -3.5578175579537, 57.096405844510201 ], [ -3.558959872432422, 57.083049110786504 ], [ -3.54310205647863, 57.08482432526209 ], [ -3.538232149031136, 57.091149052549632 ], [ -3.516952125374254, 57.08666499897484 ], [ -3.487988795061908, 57.091275248807442 ], [ -3.449240023551131, 57.092194197915042 ], [ -3.431746176711723, 57.103009167124704 ], [ -3.41508231959988, 57.099600750973593 ], [ -3.397764123573002, 57.100921406203263 ], [ -3.379534167660176, 57.097463970866819 ], [ -3.360937747189962, 57.107420270068467 ], [ -3.336341137627999, 57.110994317564582 ], [ -3.328068715079838, 57.118082657979514 ], [ -3.322319215455583, 57.131060649183411 ], [ -3.333572967734962, 57.142413869498611 ], [ -3.349374004253573, 57.148134071828046 ], [ -3.342362897030297, 57.157175386578885 ], [ -3.352897805628924, 57.159942575255442 ], [ -3.358277944364626, 57.171665940132712 ], [ -3.353521000748574, 57.178172387343302 ], [ -3.327842052274934, 57.188850129829639 ], [ -3.290385177516223, 57.193754727623087 ], [ -3.275205280731103, 57.200423717453049 ], [ -3.242569354305585, 57.202156912240525 ], [ -3.247406595268369, 57.210369519257043 ], [ -3.244252231467063, 57.221075485965372 ], [ -3.235370803059243, 57.223267958482289 ], [ -3.235627436437337, 57.232424357462122 ], [ -3.225293664277028, 57.239357506989457 ], [ -3.218557826801563, 57.249799444456912 ], [ -3.208522706398704, 57.256135555252477 ], [ -3.196588158677528, 57.25468398459531 ], [ -3.188045907944722, 57.262938305602752 ], [ -3.164912354740907, 57.262252021894184 ], [ -3.145300347076271, 57.272585109623989 ], [ -3.118207475686826, 57.281312042002043 ], [ -3.10995426420112, 57.277302179369613 ], [ -3.080459419309888, 57.289390940007053 ], [ -3.095741914905868, 57.293422244665805 ], [ -3.110062539978399, 57.306330062428984 ], [ -3.094222670533982, 57.314918347988083 ], [ -3.093172494241196, 57.327976531709083 ], [ -3.081999822920658, 57.336659708323936 ], [ -3.049891833314445, 57.349378083705041 ], [ -3.022062804534019, 57.343245457064988 ], [ -2.977719474545521, 57.356625028704109 ], [ -2.983531032319029, 57.363297310266205 ], [ -2.974833989889292, 57.369930094087422 ], [ -2.956826984450642, 57.375804554070143 ], [ -2.967680022864981, 57.383500300609903 ], [ -2.940510873111542, 57.395127410503846 ], [ -2.929148748117127, 57.40362313784658 ], [ -2.930020918983716, 57.424081221620497 ], [ -2.960256211313159, 57.434455874429965 ], [ -2.975081430325548, 57.442555264319729 ], [ -2.991474213488825, 57.439728437695557 ], [ -3.010626815553337, 57.442868721341576 ], [ -3.019998044916015, 57.449486955069332 ], [ -3.013120938322916, 57.45932231346918 ], [ -2.996231080638914, 57.467192152597086 ], [ -2.986587848417097, 57.482942183829671 ], [ -2.962268723105889, 57.49362666400966 ], [ -2.916779365934344, 57.495031002234249 ], [ -2.919569483659189, 57.506291936521187 ], [ -2.909576472935212, 57.509118899118874 ], [ -2.886437329377872, 57.521890610762867 ], [ -2.882792032589786, 57.532892855215835 ], [ -2.86387914567152, 57.53008699981757 ], [ -2.836802200319926, 57.53789863920997 ], [ -2.821005329546035, 57.535061571833374 ], [ -2.817051656416014, 57.519893441487014 ], [ -2.787979105218756, 57.50816990559759 ], [ -2.766431339278795, 57.521204521317891 ], [ -2.75992347574635, 57.513748390166818 ], [ -2.741892243198082, 57.504013903144269 ], [ -2.723514143564752, 57.50435399523959 ], [ -2.692758861069798, 57.516396234920649 ], [ -2.656313336010976, 57.512992408178931 ], [ -2.638388948773032, 57.506520017942378 ], [ -2.629564134916412, 57.496746455820464 ], [ -2.636298200587599, 57.48955825532817 ], [ -2.61016108345317, 57.48026578620653 ], [ -2.578114405806921, 57.474769310266062 ], [ -2.552919292638173, 57.461732525555149 ], [ -2.54547451561588, 57.472286313122339 ], [ -2.543457756116529, 57.483424483260336 ], [ -2.520454568777881, 57.49222621452747 ], [ -2.55001554845247, 57.512476833485074 ], [ -2.553932909356134, 57.529958716884373 ], [ -2.532911248446737, 57.536834430832769 ], [ -2.522629743235854, 57.534396753913747 ], [ -2.480150055111995, 57.540025913188927 ], [ -2.488065294856737, 57.551007648180772 ], [ -2.502887102330311, 57.556080483254384 ], [ -2.485022048476017, 57.568902232403865 ], [ -2.474001387317782, 57.580549569793185 ], [ -2.484068515444782, 57.596740788913039 ], [ -2.515198464462066, 57.601022168311047 ], [ -2.519494115810537, 57.618075722511449 ], [ -2.508903787192334, 57.629180541338762 ], [ -2.485300496019696, 57.633115132813352 ], [ -2.461067942724006, 57.633914542982779 ], [ -2.439001104336739, 57.624305311021665 ], [ -2.444700610994557, 57.616544216130272 ], [ -2.425688257837284, 57.614494597401261 ], [ -2.420914124973593, 57.619037361101313 ], [ -2.381620482633236, 57.626927569779085 ], [ -2.363692834126957, 57.625256775443042 ], [ -2.357212971161442, 57.629843839768498 ], [ -2.339348424234418, 57.62926923607872 ], [ -2.329151840620816, 57.635878439696427 ], [ -2.299449844865696, 57.634867233987187 ], [ -2.285917147681307, 57.639096481005851 ], [ -2.277204594228051, 57.658924005243016 ], [ -2.272471460535577, 57.662502848264005 ], [ -2.27194133290557, 57.682115829003997 ], [ -2.277058192984232, 57.686951514663633 ], [ -2.301827350932286, 57.69449617446331 ], [ -2.323732234397476, 57.687884173548831 ], [ -2.326724619025185, 57.67627700641696 ], [ -2.3445741329225, 57.669908897788062 ], [ -2.359686193199404, 57.675803938994392 ], [ -2.396648872525231, 57.668277044812797 ], [ -2.428422407634187, 57.673280987157298 ], [ -2.472442576453707, 57.670531088103743 ], [ -2.495392315280133, 57.673251776222948 ], [ -2.50680497508169, 57.66626768487253 ], [ -2.524833650644478, 57.671294093956988 ], [ -2.540669647481055, 57.669102562275768 ], [ -2.564257512870174, 57.673580997778977 ], [ -2.570598571574874, 57.68122905945885 ], [ -2.590924244282266, 57.678097098380697 ], [ -2.638224535320727, 57.680189538169913 ], [ -2.667690312837355, 57.690577052717266 ], [ -2.681742736204768, 57.682807453991003 ], [ -2.702486612656744, 57.685603737851821 ], [ -2.716753982987133, 57.692287588510062 ], [ -2.731721940044461, 57.684447115989052 ], [ -2.748151910031631, 57.683457595614705 ], [ -2.748965138309601, 57.691074229745446 ], [ -2.785384953031539, 57.694692060366712 ], [ -2.794609417001679, 57.70003750954853 ], [ -2.828788345880001, 57.692765510342142 ], [ -2.846787676605326, 57.69858991003175 ], [ -2.848446988568571, 57.705754455759951 ], [ -2.923117269307257, 57.696837998046242 ], [ -2.931737075995588, 57.687077990972881 ], [ -2.994260433572141, 57.672493908591214 ], [ -3.004422804504232, 57.66657752130935 ], [ -3.027283095339483, 57.663610192336805 ], [ -3.080655907016262, 57.672112591006197 ], [ -3.09763095357557, 57.669743532682858 ], [ -3.095614510562887, 57.65739859685975 ], [ -3.100191854532305, 57.640696154480437 ], [ -3.087965699713834, 57.637908855604728 ], [ -3.092573184855326, 57.625401319333349 ], [ -3.088586282551324, 57.616268531497454 ], [ -3.065532292085345, 57.602588816824131 ], [ -3.033265014250867, 57.603481989328941 ], [ -3.009200817186219, 57.585793464497009 ], [ -3.006069964778737, 57.561660282897577 ], [ -2.988813331200728, 57.552537272313558 ], [ -2.980466739900475, 57.544577808095681 ], [ -3.007964306370044, 57.536739974701788 ], [ -3.06022611714153, 57.536102394716046 ], [ -3.074725342003211, 57.541669468656792 ], [ -3.10584863261101, 57.532234033316129 ], [ -3.129795685488348, 57.518954314252085 ], [ -3.143074861539329, 57.523295339562296 ], [ -3.11348926017018, 57.540352929011974 ], [ -3.124288039051487, 57.551117852324765 ], [ -3.139483861855628, 57.552146135447742 ], [ -3.150788526942719, 57.540640495335815 ], [ -3.168580959537814, 57.534584181137362 ], [ -3.192484137790188, 57.53907761985667 ], [ -3.190902520501965, 57.52475801201355 ], [ -3.199504639798781, 57.522567384827255 ], [ -3.204713602508951, 57.512170642838029 ], [ -3.178544522766852, 57.502053490767565 ], [ -3.182303521992802, 57.494065170431789 ], [ -3.196842816406733, 57.490126381689663 ], [ -3.196952127225336, 57.482383285230526 ], [ -3.214444117996774, 57.477526719133429 ], [ -3.241370116460888, 57.464821609271233 ], [ -3.263754075942458, 57.46796574305661 ], [ -3.275903245829511, 57.457312788668794 ], [ -3.302137646847255, 57.453261332053849 ], [ -3.320004499710686, 57.461531507319386 ], [ -3.332347506676069, 57.461280748251589 ], [ -3.365375826755629, 57.454494520044371 ], [ -3.358292771108453, 57.438843120027414 ], [ -3.364310753010723, 57.421726682691869 ], [ -3.358566639726627, 57.414864822461048 ], [ -3.333515388677276, 57.414788338432231 ], [ -3.315672314636658, 57.408462218576638 ], [ -3.313032898791332, 57.397134934875403 ], [ -3.323439054376264, 57.392711941514527 ], [ -3.338271198878013, 57.401922362077578 ], [ -3.351020220969908, 57.396684024339002 ], [ -3.360905604319949, 57.406100173231735 ], [ -3.379701265546254, 57.413899775819502 ], [ -3.403341748077234, 57.415071752394041 ], [ -3.397656467965556, 57.395665362398546 ], [ -3.385683477164, 57.388821811329933 ], [ -3.398767981078444, 57.382914071330198 ], [ -3.394458211953271, 57.371088567573352 ], [ -3.43146015679095, 57.351049129717786 ], [ -3.435522482511003, 57.342500931154589 ], [ -3.452835560129028, 57.326799250554977 ], [ -3.476350123104107, 57.321642290551125 ], [ -3.493937345708593, 57.30467063570412 ], [ -3.495980374311925, 57.297635790327931 ], [ -3.464631810967574, 57.289629935745303 ], [ -3.455914964609644, 57.278380090164461 ], [ -3.461258103371916, 57.272251879506896 ], [ -3.450042566764233, 57.265573122742666 ], [ -3.447815753606362, 57.256489887536162 ], [ -3.463392692094802, 57.237821047190643 ], [ -3.448888524437038, 57.231232485615934 ], [ -3.438291485987633, 57.232230030273826 ], [ -3.429672077692454, 57.223330884782868 ], [ -3.446796809032581, 57.212097844362589 ], [ -3.432101506486383, 57.204176154489943 ], [ -3.440170076186138, 57.191811524793891 ], [ -3.451104520134659, 57.186856647907589 ], [ -3.453616693382409, 57.178360013795732 ], [ -3.47087480656296, 57.174515792184472 ], [ -3.493636154348687, 57.174260646896009 ], [ -3.516437465078218, 57.16525426868256 ], [ -3.53602669396955, 57.167279993060461 ], [ -3.559191217734612, 57.149186813128743 ], [ -3.564452594632606, 57.138474694394361 ], [ -3.582662804180535, 57.135117035140723 ], [ -3.598317061780138, 57.128680182922032 ], [ -3.600905910699693, 57.120441513525755 ], [ -3.624248529439821, 57.110143730587183 ], [ -3.640799619127014, 57.116495131908216 ], [ -3.654698445130557, 57.115915647725622 ], [ -3.658270903879542, 57.106824320437838 ], [ -3.677405213347357, 57.102725405194882 ], [ -3.683694604979947, 57.095252040969278 ] ] ] ] } },
{ "type": "Feature", "properties": { "hcs_name": "Bedfordshire", "abbr": "Beds", "hcs_county": "Bedford", "hcs_number": 9, "hcs_code": "BED", "county": "Bedfordshire", "region": "East of England" }, "geometry": { "type": "Polygon", "coordinates": [ [ [ -0.537626073161216, 51.831474757878247 ], [ -0.526581354846871, 51.828449256880496 ], [ -0.505768752282706, 51.829066876735133 ], [ -0.501844099048944, 51.836813359861061 ], [ -0.481275569811596, 51.833950873054839 ], [ -0.460535641340238, 51.836027373116679 ], [ -0.471169390288511, 51.845486066104776 ], [ -0.479558750918193, 51.842142427977613 ], [ -0.496648216545814, 51.844066846188859 ], [ -0.521094396047516, 51.854441077945651 ], [ -0.536908672029076, 51.868517170763305 ], [ -0.5367462989666, 51.879749139979843 ], [ -0.518410028519456, 51.878464244243887 ], [ -0.484066865160113, 51.888861348657812 ], [ -0.467530754242482, 51.872461875408739 ], [ -0.432714666347295, 51.848103432685782 ], [ -0.422759609082517, 51.850887205440308 ], [ -0.398465972519325, 51.837344320519222 ], [ -0.376138233114346, 51.829612477799195 ], [ -0.33956679904063, 51.849583367210343 ], [ -0.349682155621694, 51.857344271342129 ], [ -0.355238677661517, 51.867251138558331 ], [ -0.35196978409627, 51.879629168951652 ], [ -0.3647106819011, 51.894070567025253 ], [ -0.373909286384437, 51.895312439954246 ], [ -0.385011300607664, 51.911450225691418 ], [ -0.389610270706456, 51.925945912569752 ], [ -0.402821025564822, 51.930319866481142 ], [ -0.406348250023648, 51.941226122741398 ], [ -0.400286158883653, 51.964883667979962 ], [ -0.391356685413839, 51.976901237479836 ], [ -0.378186046305847, 51.97157128289399 ], [ -0.382683972843659, 51.950957756321095 ], [ -0.374611541361568, 51.948816220739488 ], [ -0.350184696975029, 51.957513191350863 ], [ -0.351420743563109, 51.973438469381527 ], [ -0.361779841564913, 51.974338694661967 ], [ -0.367286840430724, 51.983744173743645 ], [ -0.356344587149043, 51.985250674159779 ], [ -0.33926491981995, 51.982600423204389 ], [ -0.311476299634575, 51.982152279471812 ], [ -0.310731475215826, 51.978634463818096 ], [ -0.290658949281908, 51.97425486677016 ], [ -0.292444735465793, 51.991062934685829 ], [ -0.300002498421729, 52.000755017412601 ], [ -0.283887148517792, 52.001795965545497 ], [ -0.272303700743664, 51.98795974184312 ], [ -0.271901685384172, 51.97710344314789 ], [ -0.253668848069522, 51.977745775162383 ], [ -0.238852777808282, 51.996591353007567 ], [ -0.213402702615022, 52.008515670481437 ], [ -0.2012386428704, 52.009829413790357 ], [ -0.219523716202557, 52.036663269564002 ], [ -0.194953831956238, 52.062401553594349 ], [ -0.175298972068892, 52.060798089576785 ], [ -0.157618392101052, 52.080438370742712 ], [ -0.150445567701724, 52.088827184632088 ], [ -0.146198872687332, 52.106032397106588 ], [ -0.144102843393697, 52.132951621050829 ], [ -0.154726622071478, 52.144398274148493 ], [ -0.163758343609894, 52.140115826320461 ], [ -0.183081928442182, 52.139956218027045 ], [ -0.207663734599734, 52.144524522488403 ], [ -0.234480561585102, 52.14527989430438 ], [ -0.227686624070551, 52.150685314346497 ], [ -0.254876769468193, 52.16352873223493 ], [ -0.267076230321316, 52.164900498864526 ], [ -0.260772532051639, 52.176411318681403 ], [ -0.241052740886985, 52.189737306129402 ], [ -0.260451336746448, 52.205400668422492 ], [ -0.272668625309689, 52.207153364221043 ], [ -0.282771660210281, 52.214190626725909 ], [ -0.272069197825059, 52.223292581692682 ], [ -0.272001534070182, 52.239310215064435 ], [ -0.298470782590161, 52.240997393895917 ], [ -0.313677293442924, 52.238967615374932 ], [ -0.32302355985444, 52.243144218199056 ], [ -0.343406008476597, 52.241901934787627 ], [ -0.344157450922558, 52.235175620427469 ], [ -0.373357362537683, 52.233976494743686 ], [ -0.378363538155349, 52.253358043355519 ], [ -0.38063828119809, 52.27323817722236 ], [ -0.375749701332118, 52.280516301980704 ], [ -0.421763712907931, 52.28496691539322 ], [ -0.426970298015211, 52.290788724890923 ], [ -0.405870413262124, 52.320931176193824 ], [ -0.390122072326709, 52.333686128925052 ], [ -0.40539814620085, 52.333057012501065 ], [ -0.451779496383121, 52.317463027958176 ], [ -0.465305357845736, 52.322961798635781 ], [ -0.506593188543991, 52.319894773131189 ], [ -0.519833544300907, 52.316609052261249 ], [ -0.521591922067083, 52.304682573041084 ], [ -0.540495163444519, 52.291541647507195 ], [ -0.531189794467273, 52.270388892525347 ], [ -0.539333286941113, 52.265998417919754 ], [ -0.541747806908567, 52.256129230354375 ], [ -0.554694631475368, 52.258177744987997 ], [ -0.565613472411057, 52.253534426048681 ], [ -0.585431069123418, 52.272318341101197 ], [ -0.602154058733302, 52.278603318729722 ], [ -0.627064904996169, 52.27484489970572 ], [ -0.635106092239288, 52.265359698283788 ], [ -0.649944286356481, 52.254887204867309 ], [ -0.64326880330939, 52.235091046670505 ], [ -0.637314157499035, 52.227274539133688 ], [ -0.648857429734819, 52.220683378897817 ], [ -0.661710543501332, 52.207875059006398 ], [ -0.668096308047599, 52.195036555507478 ], [ -0.657593643773612, 52.189827121060368 ], [ -0.643835676302097, 52.188995792532673 ], [ -0.627641478149043, 52.181607638163172 ], [ -0.63501467959355, 52.168544857374087 ], [ -0.631087917074015, 52.154800216850802 ], [ -0.635975614987965, 52.14742808526151 ], [ -0.634594770144943, 52.137972120652954 ], [ -0.619131219537549, 52.132989824317221 ], [ -0.607468093752701, 52.133992631844976 ], [ -0.599250184236825, 52.126162688420365 ], [ -0.597792160980777, 52.115605249700643 ], [ -0.590539648895167, 52.108824087301635 ], [ -0.603943200743622, 52.099110692626986 ], [ -0.605770179869864, 52.092081681041499 ], [ -0.635496726466791, 52.078095898157081 ], [ -0.641428772059741, 52.067867491032843 ], [ -0.651042255396548, 52.064151402033637 ], [ -0.674840499798599, 52.04284002517025 ], [ -0.655356382431326, 52.044925150347382 ], [ -0.642039944831623, 52.041161254976394 ], [ -0.6450156572595, 52.013663287442661 ], [ -0.637996689521062, 51.999384041871224 ], [ -0.641079464585871, 51.992462955778826 ], [ -0.65927680468126, 51.992954124608879 ], [ -0.652444718292214, 51.97024658855004 ], [ -0.655264890699443, 51.960576726374988 ], [ -0.673077225092056, 51.952212347372999 ], [ -0.672737497705529, 51.935991154405961 ], [ -0.663219715019524, 51.924881161092074 ], [ -0.669919560721829, 51.913820518661382 ], [ -0.666521230555786, 51.905108333794608 ], [ -0.672825771136363, 51.900809585627854 ], [ -0.654970985001695, 51.888072887746461 ], [ -0.637393251052348, 51.882654049440497 ], [ -0.619711737790664, 51.885270035155393 ], [ -0.608438990803762, 51.875421532160615 ], [ -0.577414525618915, 51.86604445974352 ], [ -0.571447770141996, 51.855058367314882 ], [ -0.548379495281627, 51.836026142826405 ], [ -0.537626073161216, 51.831474757878247 ] ] ] } },
{ "type": "Feature", "properties": { "hcs_name": "Berkshire", "abbr": "Berks", "hcs_county": "Berks", "hcs_number": 10, "hcs_code": "BER", "county": "Berkshire", "region": "South East England" }, "geometry": { "type": "Polygon", "coordinates": [ [ [ -1.486701632192051, 51.349391778900667 ], [ -1.477738536602183, 51.358021956595714 ], [ -1.449664276369493, 51.350252404960216 ], [ -1.443772045420606, 51.355085459670029 ], [ -1.428355752681678, 51.356771365132744 ], [ -1.411269715885432, 51.37283405319134 ], [ -1.378151123198999, 51.367839460003957 ], [ -1.345393672333428, 51.368854872282952 ], [ -1.319008227529664, 51.372933271027605 ], [ -1.293254357367719, 51.371034047786942 ], [ -1.287002985368069, 51.367819451409112 ], [ -1.251899505065864, 51.371963758640355 ], [ -1.240257620395236, 51.366207183986468 ], [ -1.222381563154131, 51.369728459844332 ], [ -1.189865410868534, 51.363387312120523 ], [ -1.176812973697696, 51.357347057971026 ], [ -1.16980011636679, 51.360482020285254 ], [ -1.138835188365552, 51.357204032588655 ], [ -1.116275215335136, 51.358437897349518 ], [ -1.115346349309606, 51.37427338310529 ], [ -1.084440808634422, 51.384441629283096 ], [ -1.050079311650305, 51.358112598046354 ], [ -1.011852483378723, 51.359240419881935 ], [ -0.990117802898898, 51.363213293806965 ], [ -0.972591890945211, 51.359944736890498 ], [ -0.923475294686846, 51.366023021865523 ], [ -0.9056286074095, 51.357982986295923 ], [ -0.847572093398069, 51.352449217027186 ], [ -0.828192090067425, 51.352861876194645 ], [ -0.81313714844135, 51.341309231957915 ], [ -0.793961759624697, 51.34103418610033 ], [ -0.77541541791168, 51.331959921930029 ], [ -0.764682104224629, 51.336993411111202 ], [ -0.735341888001786, 51.365032967370489 ], [ -0.696524949903587, 51.374548932331528 ], [ -0.664321509556766, 51.385747685172078 ], [ -0.641499602629811, 51.387951542910315 ], [ -0.617977719652553, 51.399140159637319 ], [ -0.605076321220472, 51.417593979858552 ], [ -0.605083282733214, 51.431312840677336 ], [ -0.594184485579216, 51.439311950506536 ], [ -0.571707028903029, 51.451000115980207 ], [ -0.572670705844521, 51.459939236447106 ], [ -0.562489968981423, 51.467854109528531 ], [ -0.584906889650192, 51.472837107241794 ], [ -0.581962096208907, 51.481311948866377 ], [ -0.60045344118249, 51.493711267747891 ], [ -0.608157801572554, 51.48626026521697 ], [ -0.623399648466142, 51.486848958206323 ], [ -0.633850454888763, 51.492663485508317 ], [ -0.655322225306743, 51.48717447843768 ], [ -0.678670432957527, 51.494631208161437 ], [ -0.683214225601598, 51.504556708649211 ], [ -0.703515956493375, 51.512652046365893 ], [ -0.690729999535689, 51.556299657762999 ], [ -0.699109588731676, 51.56541953941769 ], [ -0.711161363973464, 51.564892209598007 ], [ -0.715050501802873, 51.576761316157928 ], [ -0.72774636408343, 51.577707783673937 ], [ -0.756570088470108, 51.564927854847362 ], [ -0.776489412832233, 51.565788775507208 ], [ -0.782377676655945, 51.55626417368488 ], [ -0.796842371211642, 51.55142659295818 ], [ -0.807161640447373, 51.552749576344326 ], [ -0.825754615731857, 51.549742657601143 ], [ -0.828827662875178, 51.545682049283037 ], [ -0.8464719796677, 51.545100892120594 ], [ -0.863494931699392, 51.549633316302163 ], [ -0.874019029664187, 51.561014519455078 ], [ -0.888072953038828, 51.558698318936287 ], [ -0.893617534392632, 51.54932205475189 ], [ -0.898214570580011, 51.534952259905303 ], [ -0.878347626238453, 51.523253861448843 ], [ -0.878532198287382, 51.511117194125738 ], [ -0.870655770873115, 51.503610343593543 ], [ -0.892344658846533, 51.496932965502566 ], [ -0.897811495728586, 51.486879587884758 ], [ -0.910264523320657, 51.482185388359198 ], [ -0.910647795180312, 51.476834811669491 ], [ -0.92339983374259, 51.467197174244959 ], [ -0.931204873268666, 51.467283473868989 ], [ -0.949835439161804, 51.459536813500321 ], [ -0.967824714625489, 51.460942195008442 ], [ -0.97934735606113, 51.466899028866138 ], [ -0.996200511683138, 51.469840035843511 ], [ -1.013997807530854, 51.466295177345984 ], [ -1.037949023560748, 51.475833098982477 ], [ -1.037405465023564, 51.483852720186562 ], [ -1.050765171814679, 51.491756240183406 ], [ -1.05950578728727, 51.491869251702902 ], [ -1.087922142076182, 51.485790140244042 ], [ -1.100727463991299, 51.489094120747659 ], [ -1.112194399684794, 51.508794438784619 ], [ -1.13407580610143, 51.511365405312972 ], [ -1.143620930245623, 51.523371965304129 ], [ -1.134629613075839, 51.532875260920328 ], [ -1.136310991363001, 51.539899790133077 ], [ -1.147013051425591, 51.551750153556355 ], [ -1.141327321540174, 51.561218812889628 ], [ -1.126448171271501, 51.570016120255247 ], [ -1.126473289799481, 51.581582870280293 ], [ -1.113201630311958, 51.614298554057875 ], [ -1.124517711306348, 51.622148651659309 ], [ -1.140878583006337, 51.624160500855318 ], [ -1.15734349181134, 51.636147893755201 ], [ -1.180776882070779, 51.635524534015495 ], [ -1.177032474889866, 51.647040948021875 ], [ -1.180954478693323, 51.653794207136748 ], [ -1.197101331741863, 51.658777575470872 ], [ -1.208271597092061, 51.655918775666571 ], [ -1.211083844093902, 51.644420311800864 ], [ -1.218696341040305, 51.639979758104474 ], [ -1.233120322543748, 51.641630975880076 ], [ -1.262602539039265, 51.650047014711646 ], [ -1.279058664251342, 51.645949853587069 ], [ -1.283445500399332, 51.649899746988353 ], [ -1.279822593105762, 51.668816530905595 ], [ -1.262809097905303, 51.670271021487608 ], [ -1.246698113830834, 51.667164808422513 ], [ -1.227029223565829, 51.675824227389171 ], [ -1.221835271787471, 51.684461798507769 ], [ -1.242652135617106, 51.721084158353435 ], [ -1.24045216263802, 51.729468425193488 ], [ -1.244107778987626, 51.74354389897924 ], [ -1.255538599361572, 51.747530538152994 ], [ -1.267770495257555, 51.742725145223638 ], [ -1.288947445019139, 51.751009436684633 ], [ -1.289333968537939, 51.758602055068003 ], [ -1.300977399778348, 51.770562954361793 ], [ -1.306882088793418, 51.790063209931454 ], [ -1.337527460081054, 51.784609757009783 ], [ -1.350644149300892, 51.776108830580853 ], [ -1.361249401098177, 51.773690908384744 ], [ -1.359129619914476, 51.763560475066427 ], [ -1.367717674823567, 51.753074736274662 ], [ -1.365049323382026, 51.747202759112717 ], [ -1.374074164190168, 51.737161425805247 ], [ -1.366923622123347, 51.728786701974002 ], [ -1.372531979070875, 51.718683028549421 ], [ -1.391599601201942, 51.706403088178448 ], [ -1.403636662713264, 51.705937817020327 ], [ -1.421370809855432, 51.710266165275073 ], [ -1.438598, 51.707779 ], [ -1.442037889900143, 51.712416489422942 ], [ -1.463306753042583, 51.712420948484933 ], [ -1.462954310031428, 51.701129850915819 ], [ -1.482877538752913, 51.701526023779628 ], [ -1.497261271009424, 51.697651489668871 ], [ -1.516465046749224, 51.701709826424299 ], [ -1.534452620672994, 51.698206789498371 ], [ -1.545507357802167, 51.703159904861806 ], [ -1.558013139570077, 51.69901013915274 ], [ -1.576662787401922, 51.699800860188688 ], [ -1.598501516041806, 51.68794087859024 ], [ -1.606093967768026, 51.692235162408494 ], [ -1.627910701480598, 51.683930547798894 ], [ -1.635035360118945, 51.687499011619749 ], [ -1.64826412702385, 51.684051847248199 ], [ -1.675114230266884, 51.682418261138523 ], [ -1.676105920462778, 51.688481111753411 ], [ -1.696715085311518, 51.692061660254446 ], [ -1.70155396844709, 51.686192854946228 ], [ -1.703837288884172, 51.685804954871458 ], [ -1.711022916282503, 51.671793818037649 ], [ -1.719265354496698, 51.669826510271328 ], [ -1.69498610382943, 51.66906941103224 ], [ -1.689833738595506, 51.655993653789579 ], [ -1.675493936423812, 51.641364758336785 ], [ -1.665256835847114, 51.642589537476923 ], [ -1.663837498397065, 51.630391772102534 ], [ -1.673150533428102, 51.622593095229618 ], [ -1.666842271441099, 51.617603304753807 ], [ -1.690405936759968, 51.605543635660375 ], [ -1.685541293709014, 51.59130668784497 ], [ -1.691105875098278, 51.583508733931431 ], [ -1.676489322305284, 51.569383355950293 ], [ -1.658358205633633, 51.574159090983194 ], [ -1.648384089959448, 51.57235068745841 ], [ -1.643862776346648, 51.564202532361541 ], [ -1.620652406259104, 51.541054829969148 ], [ -1.613744178882322, 51.536536462592245 ], [ -1.602816929418469, 51.518297181532539 ], [ -1.588046035144635, 51.51307172280827 ], [ -1.582122198166569, 51.495082070521079 ], [ -1.572282193432242, 51.490451851217344 ], [ -1.56680104192974, 51.476894922761957 ], [ -1.545612906720925, 51.458942318594069 ], [ -1.529271581351992, 51.455484785034017 ], [ -1.524077601356416, 51.440869132544158 ], [ -1.532024559695212, 51.429510137351564 ], [ -1.519174324237602, 51.418404338196808 ], [ -1.53255090670509, 51.411199907016616 ], [ -1.529714780972779, 51.403968516977763 ], [ -1.537641465893046, 51.388301091893638 ], [ -1.553357914921706, 51.394702876253945 ], [ -1.559516602353753, 51.385372221621935 ], [ -1.573183905783547, 51.374517474539701 ], [ -1.570047672779219, 51.3679888935132 ], [ -1.550932476354785, 51.370788904823904 ], [ -1.544497110343175, 51.356095441091561 ], [ -1.554872330977586, 51.350933059025365 ], [ -1.547413208764184, 51.344562316336422 ], [ -1.548558169106296, 51.332848260621191 ], [ -1.565186381403487, 51.339753238730566 ], [ -1.579983255524006, 51.339490082929039 ], [ -1.574138484691225, 51.320956332841561 ], [ -1.589126978740919, 51.3092640061164 ], [ -1.55818758020343, 51.316912154988721 ], [ -1.560616619177024, 51.326355983508897 ], [ -1.537130331355546, 51.330527148439053 ], [ -1.53960159936181, 51.33752525803903 ], [ -1.539806414962928, 51.365146820738012 ], [ -1.513723305559645, 51.37249350036582 ], [ -1.502355287179308, 51.368796734610285 ], [ -1.500639940446215, 51.356321711259312 ], [ -1.486701632192051, 51.349391778900667 ] ] ] } },
{ "type": "Feature", "properties": { "hcs_name": "Berwickshire", "abbr": "Ber", "hcs_county": "Berwick", "hcs_number": 11, "hcs_code": "BRW", "county": "Berwickshire", "region": "Scotland" }, "geometry": { "type": "Polygon", "coordinates": [ [ [ -2.825661523572174, 55.699311189027988 ], [ -2.800151702768226, 55.699740882737807 ], [ -2.795046889307303, 55.689985240721029 ], [ -2.775783966050248, 55.697024805405874 ], [ -2.769883380098344, 55.688327392900817 ], [ -2.757478072793356, 55.685131613382417 ], [ -2.741074398286795, 55.689349979898701 ], [ -2.742342614340427, 55.69681777858198 ], [ -2.723303384121825, 55.704086974503511 ], [ -2.709420977096682, 55.681574792058967 ], [ -2.701516327837797, 55.674143924894821 ], [ -2.718130926448799, 55.672677527559863 ], [ -2.744770285602514, 55.665956523855215 ], [ -2.73467494672309, 55.6502797063903 ], [ -2.719396502717333, 55.653927258657127 ], [ -2.69880486705258, 55.648503851340692 ], [ -2.680418215387818, 55.628964841447747 ], [ -2.6733209800246, 55.624830249488319 ], [ -2.671227198607079, 55.602387652431901 ], [ -2.658903348254911, 55.595150988769902 ], [ -2.662131156835491, 55.584162532547246 ], [ -2.647012216310204, 55.572838691588586 ], [ -2.634819929851511, 55.581456728242834 ], [ -2.625008941360996, 55.583403113760355 ], [ -2.612643408535249, 55.567324517582385 ], [ -2.605271979209069, 55.576860569625858 ], [ -2.578172168874231, 55.574939626803065 ], [ -2.544152853653169, 55.582502316117946 ], [ -2.550534730825597, 55.593160185767047 ], [ -2.562843705602976, 55.59960658090629 ], [ -2.576479254375421, 55.596738446492985 ], [ -2.591916761900239, 55.608480552286153 ], [ -2.600739530831752, 55.608956323173395 ], [ -2.608362512094759, 55.620088165258352 ], [ -2.602470687439088, 55.630244432630022 ], [ -2.584552518040665, 55.633309330547966 ], [ -2.569030804557382, 55.627531192610995 ], [ -2.548406611795474, 55.626405822513519 ], [ -2.535209371659998, 55.629359926022637 ], [ -2.502225195608008, 55.620972196638959 ], [ -2.492508554267962, 55.614446507588092 ], [ -2.477378175779393, 55.611099742164328 ], [ -2.453969028734831, 55.615820614035563 ], [ -2.446928596779523, 55.622366789195581 ], [ -2.454897761214373, 55.630692476965557 ], [ -2.473814659626537, 55.629591498350791 ], [ -2.487691170999375, 55.625507896972017 ], [ -2.506565171319264, 55.647020587277993 ], [ -2.492120959728493, 55.649066600860074 ], [ -2.480852393044275, 55.655303791199827 ], [ -2.464241120638714, 55.650072064352869 ], [ -2.442104403941287, 55.659903561307623 ], [ -2.426770097669615, 55.650867238873232 ], [ -2.406685588818338, 55.652531670022661 ], [ -2.397797417176966, 55.656534895911221 ], [ -2.378385585157229, 55.649308477614824 ], [ -2.361549506288959, 55.635711749568557 ], [ -2.352495263448439, 55.639905034487732 ], [ -2.335040891871822, 55.634493051652477 ], [ -2.325382409164641, 55.642555976133508 ], [ -2.299366280293383, 55.647202659020067 ], [ -2.287971730038888, 55.643324525601145 ], [ -2.258988884890982, 55.644611989878364 ], [ -2.237809029744523, 55.640215180728077 ], [ -2.247511706938566, 55.652541811731858 ], [ -2.228595817575314, 55.662807830693914 ], [ -2.218210216711478, 55.664473859876601 ], [ -2.218736233144184, 55.67582505012458 ], [ -2.197458804719958, 55.688667973580117 ], [ -2.180653300939094, 55.703299960350478 ], [ -2.166642601668941, 55.707025912910403 ], [ -2.176797540774628, 55.718711544719746 ], [ -2.152263377475396, 55.722363440306687 ], [ -2.149861972437511, 55.733282348104275 ], [ -2.1387681177358, 55.74045363694831 ], [ -2.123709667741238, 55.73727913922999 ], [ -2.11470594130297, 55.748179998378696 ], [ -2.105861440333634, 55.750590572922519 ], [ -2.103235916690385, 55.761664185768794 ], [ -2.08562991320093, 55.762010117319051 ], [ -2.085867933226928, 55.792885597729232 ], [ -2.062180449582963, 55.802751337448527 ], [ -2.052847387478688, 55.802660052918746 ], [ -2.034357707073077, 55.811085326002534 ], [ -2.0441899266768, 55.816328619728779 ], [ -2.058149885016975, 55.838128641258713 ], [ -2.069891576972223, 55.843056552864255 ], [ -2.075557569962529, 55.856864042771605 ], [ -2.074162469610712, 55.870050232280761 ], [ -2.08157715605228, 55.875225975296416 ], [ -2.103601334966451, 55.875663117736423 ], [ -2.12571226114211, 55.883671978755082 ], [ -2.129805852991832, 55.906738261962126 ], [ -2.136929897620009, 55.916224800081139 ], [ -2.167646546874394, 55.9150459002473 ], [ -2.199954639771289, 55.923054681541856 ], [ -2.217639000489836, 55.93172569099832 ], [ -2.23695869019058, 55.931260218189685 ], [ -2.259146682253826, 55.92378469770258 ], [ -2.310739562145248, 55.930982396606012 ], [ -2.330427250024703, 55.930251051121715 ], [ -2.366727912653773, 55.945965455765219 ], [ -2.380726557746797, 55.93412948836653 ], [ -2.389554617389596, 55.932991627027185 ], [ -2.407423696391503, 55.914303701709407 ], [ -2.446429178729512, 55.897459415978823 ], [ -2.433710076216772, 55.889640572616088 ], [ -2.440468230197697, 55.873684817585669 ], [ -2.430488357753388, 55.866787679695292 ], [ -2.476824930862092, 55.864737195562157 ], [ -2.496884322503997, 55.856353924731785 ], [ -2.502271069890971, 55.860092001190132 ], [ -2.534478934052564, 55.860976984690879 ], [ -2.543113732423452, 55.848053210376825 ], [ -2.5548951523509, 55.839098447166108 ], [ -2.568608239270191, 55.845367710984227 ], [ -2.580894662982549, 55.84546367065839 ], [ -2.583990436233935, 55.834595394275908 ], [ -2.594459899184183, 55.828637111038297 ], [ -2.609904875664949, 55.833777373303263 ], [ -2.633286280758446, 55.835926318237533 ], [ -2.649257924822255, 55.84390257976731 ], [ -2.672632873657845, 55.845594005720486 ], [ -2.696190431516039, 55.836495453890066 ], [ -2.72601959206477, 55.833967097470669 ], [ -2.741263055433856, 55.828895689215983 ], [ -2.755260457355271, 55.832054158429465 ], [ -2.758279335039461, 55.838698095428882 ], [ -2.786240055725513, 55.835858474306761 ], [ -2.818485233883229, 55.829886394966877 ], [ -2.840286707412884, 55.817687180227303 ], [ -2.862829081935829, 55.814687708001394 ], [ -2.881909696355833, 55.802574622214763 ], [ -2.886515396767507, 55.792807043999268 ], [ -2.908146659035529, 55.779865295317265 ], [ -2.911955753212768, 55.76985447224979 ], [ -2.897625793483293, 55.762793526810619 ], [ -2.869720308964279, 55.758782521247454 ], [ -2.845593705447843, 55.757711488756087 ], [ -2.839901583893323, 55.736055270895328 ], [ -2.829475982646926, 55.727236055452913 ], [ -2.83193422471525, 55.720014728638979 ], [ -2.824387420678345, 55.712302653809758 ], [ -2.825661523572174, 55.699311189027988 ] ] ] } },
{ "type": "Feature", "properties": { "hcs_name": "Brecknockshire", "abbr": "Breck", "hcs_county": "Brecknock", "hcs_number": 12, "hcs_code": "BRN", "county": "Breconshire", "region": "Wales" }, "geometry": { "type": "Polygon", "coordinates": [ [ [ -3.758637703650871, 52.128227540782028 ], [ -3.736984447608699, 52.120716756135437 ], [ -3.720308334111601, 52.117491014787852 ], [ -3.714074058250983, 52.104925438080883 ], [ -3.722764246609704, 52.099444731068253 ], [ -3.720248843944371, 52.087590414245774 ], [ -3.701049966055331, 52.082441576629563 ], [ -3.668806109675426, 52.069421729722919 ], [ -3.679884370233547, 52.062119401268092 ], [ -3.662786402694388, 52.052423164390426 ], [ -3.64713165121728, 52.038758557211757 ], [ -3.662243898727323, 52.031396776332507 ], [ -3.675224067169811, 52.021046804215352 ], [ -3.691404431006113, 51.995634749802882 ], [ -3.708326996145627, 51.986776009294481 ], [ -3.713265868564815, 51.978571456726144 ], [ -3.708410399434506, 51.968254432906761 ], [ -3.710725983529231, 51.9611731316771 ], [ -3.697289481098682, 51.947833284354374 ], [ -3.721036370833608, 51.942071629495032 ], [ -3.723076343203709, 51.917415558784008 ], [ -3.727520647014647, 51.910584586041082 ], [ -3.718035381270807, 51.901170668961797 ], [ -3.714216826400147, 51.888341059817542 ], [ -3.721923639924408, 51.87762925917685 ], [ -3.740630800202613, 51.863020787178385 ], [ -3.763744737544183, 51.853734428121015 ], [ -3.772618617779038, 51.84608946834225 ], [ -3.784129196980438, 51.828461279293776 ], [ -3.782006517430598, 51.82152356890667 ], [ -3.788040537329018, 51.812415400852842 ], [ -3.80561183671573, 51.799517460461651 ], [ -3.806787668416407, 51.787755782466483 ], [ -3.801877604107797, 51.782223969997872 ], [ -3.779379113632459, 51.772703770807901 ], [ -3.774138524898222, 51.762507787408815 ], [ -3.759046906446795, 51.768647409240145 ], [ -3.745906861863306, 51.763580789054451 ], [ -3.728882292508017, 51.775692537389759 ], [ -3.719147419991839, 51.77817381509616 ], [ -3.711374534370211, 51.770714896238943 ], [ -3.696308254474816, 51.778106630036632 ], [ -3.669323261415977, 51.785473291201932 ], [ -3.652699021876057, 51.785047737403538 ], [ -3.624925264476056, 51.773919979655915 ], [ -3.597728987514676, 51.769964586505807 ], [ -3.590049702284567, 51.756709267591035 ], [ -3.572237069343276, 51.760684756076287 ], [ -3.567312870773785, 51.75578741411595 ], [ -3.542986805660054, 51.748752309382255 ], [ -3.527611517203262, 51.753046662384385 ], [ -3.513810053273704, 51.74148843178579 ], [ -3.483477894457892, 51.734099523011103 ], [ -3.478652200353613, 51.741444620924909 ], [ -3.467549580098817, 51.745364663123233 ], [ -3.461971376140888, 51.758866017823614 ], [ -3.438598807355929, 51.762498781841543 ], [ -3.420658024598612, 51.756679276097309 ], [ -3.40681668905316, 51.759473026646091 ], [ -3.393774963897063, 51.768458665286062 ], [ -3.385005752300879, 51.780474252077546 ], [ -3.364498694932293, 51.782734527396251 ], [ -3.363787101076182, 51.791037724113309 ], [ -3.334467525812105, 51.790396831822683 ], [ -3.309924092644882, 51.793490305034908 ], [ -3.293601168756092, 51.772534973580719 ], [ -3.280015774555184, 51.782977096617437 ], [ -3.265509285652025, 51.785930533057602 ], [ -3.245790118601845, 51.78340383402594 ], [ -3.238540002239984, 51.795820836769344 ], [ -3.215383261602703, 51.796327600070391 ], [ -3.205602914773368, 51.793156573806385 ], [ -3.187631384959099, 51.798347987186851 ], [ -3.164411249282574, 51.797428235540401 ], [ -3.130249749892708, 51.792770913335744 ], [ -3.105960590462322, 51.795486315186714 ], [ -3.100664271987041, 51.810726756717585 ], [ -3.092066252777516, 51.818363382857683 ], [ -3.079668989142918, 51.81885097424486 ], [ -3.069761603486556, 51.826849745256389 ], [ -3.075905662281778, 51.834668976577937 ], [ -3.091223217026733, 51.839442880353069 ], [ -3.095743032619937, 51.847271538513823 ], [ -3.083811553621893, 51.850146236074806 ], [ -3.076702839225819, 51.857909129330139 ], [ -3.063495972067791, 51.863301279312829 ], [ -3.072247698945965, 51.875182880961965 ], [ -3.040094620217073, 51.884538708495263 ], [ -3.038651469528818, 51.893725712196989 ], [ -3.04836508841108, 51.904266290260246 ], [ -3.049507548524291, 51.911454901858534 ], [ -3.0624046287161, 51.919201599076878 ], [ -3.078879139991495, 51.924828033064259 ], [ -3.080191672211289, 51.93494419582656 ], [ -3.090021274473853, 51.950309816978859 ], [ -3.079181778559121, 51.957266290533539 ], [ -3.093104660382202, 51.965152643467022 ], [ -3.078114899049323, 51.973220319287137 ], [ -3.068034449205817, 51.983720825412895 ], [ -3.080715150453157, 51.999808773376024 ], [ -3.088844886683155, 52.015089956958015 ], [ -3.099204799314928, 52.022637529662106 ], [ -3.086274460278888, 52.040273686766533 ], [ -3.090785594411317, 52.050123062656489 ], [ -3.111515056936986, 52.06492005377509 ], [ -3.12580031672791, 52.078280605202089 ], [ -3.145317593462457, 52.070812846001154 ], [ -3.167615931732898, 52.071207165405426 ], [ -3.173280225069203, 52.055877667555698 ], [ -3.189924489784514, 52.057700871174738 ], [ -3.201033152781211, 52.043112916076332 ], [ -3.207668632273135, 52.043871187027158 ], [ -3.22608166652532, 52.033224911434424 ], [ -3.27271669204215, 52.039141766010424 ], [ -3.279721243380804, 52.054492188348895 ], [ -3.30001926922068, 52.068448315150107 ], [ -3.310287469787513, 52.079653412891069 ], [ -3.320031076767402, 52.07942255556889 ], [ -3.349554017733789, 52.09010475578728 ], [ -3.354410132552319, 52.101610632979927 ], [ -3.350978291979517, 52.114767758131848 ], [ -3.360438441506894, 52.12049098630559 ], [ -3.366725726856139, 52.135162109827561 ], [ -3.363288400849477, 52.145251364946567 ], [ -3.371357721005453, 52.152718686575859 ], [ -3.390465301075778, 52.155656692536901 ], [ -3.401419253400742, 52.150385254488128 ], [ -3.42773846995717, 52.162790969512926 ], [ -3.438286362514708, 52.171070517438352 ], [ -3.462353395958836, 52.177039460840206 ], [ -3.459856158746782, 52.18726653668439 ], [ -3.446273963283241, 52.196860203497792 ], [ -3.456377965729093, 52.207661006296938 ], [ -3.443139537335627, 52.211551532290088 ], [ -3.443214048172225, 52.220338888598263 ], [ -3.45623367324704, 52.24145918827346 ], [ -3.473316253005009, 52.253630156513665 ], [ -3.500211163374481, 52.255088291465505 ], [ -3.498960773035458, 52.261219777198697 ], [ -3.508436511964152, 52.275948972094653 ], [ -3.533132131303605, 52.289898398653143 ], [ -3.55887197366874, 52.278076105156011 ], [ -3.58782064565346, 52.259572391042475 ], [ -3.588130227291115, 52.251275367887885 ], [ -3.604439233411978, 52.240207140842806 ], [ -3.632850168309529, 52.247044524949501 ], [ -3.636476290502318, 52.251743205009866 ], [ -3.652343706210321, 52.254415904489612 ], [ -3.663587223747205, 52.268939493727949 ], [ -3.705960335758954, 52.275139253655361 ], [ -3.73030023102835, 52.27174480523761 ], [ -3.753338744344245, 52.251612800055661 ], [ -3.74479465777007, 52.246619621381001 ], [ -3.749182777721179, 52.240710957579417 ], [ -3.742793404470482, 52.229029281504303 ], [ -3.75050102724294, 52.217157011190643 ], [ -3.746079847435853, 52.21079914314948 ], [ -3.752260218082141, 52.197592584040542 ], [ -3.750811290977345, 52.164305975195504 ], [ -3.741555005527274, 52.139122936732477 ], [ -3.758637703650871, 52.128227540782028 ] ] ] } },
{ "type": "Feature", "properties": { "hcs_name": "Buckinghamshire", "abbr": "Bucks", "hcs_county": "Buckingham", "hcs_number": 13, "hcs_code": "BUC", "county": "Buckinghamshire", "region": "South East England" }, "geometry": { "type": "Polygon", "coordinates": [ [ [ -0.893617534392632, 51.54932205475189 ], [ -0.888072953038828, 51.558698318936287 ], [ -0.874019029664187, 51.561014519455078 ], [ -0.863494931699392, 51.549633316302163 ], [ -0.8464719796677, 51.545100892120594 ], [ -0.828827662875178, 51.545682049283037 ], [ -0.825754615731857, 51.549742657601143 ], [ -0.807161640447373, 51.552749576344326 ], [ -0.796842371211642, 51.55142659295818 ], [ -0.782377676655945, 51.55626417368488 ], [ -0.776489412832233, 51.565788775507208 ], [ -0.756570088470108, 51.564927854847362 ], [ -0.72774636408343, 51.577707783673937 ], [ -0.715050501802873, 51.576761316157928 ], [ -0.711161363973464, 51.564892209598007 ], [ -0.699109588731676, 51.56541953941769 ], [ -0.690729999535689, 51.556299657762999 ], [ -0.703515956493375, 51.512652046365893 ], [ -0.683214225601598, 51.504556708649211 ], [ -0.678670432957527, 51.494631208161437 ], [ -0.655322225306743, 51.48717447843768 ], [ -0.633850454888763, 51.492663485508317 ], [ -0.623399648466142, 51.486848958206323 ], [ -0.608157801572554, 51.48626026521697 ], [ -0.60045344118249, 51.493711267747891 ], [ -0.581962096208907, 51.481311948866377 ], [ -0.584906889650192, 51.472837107241794 ], [ -0.562489968981423, 51.467854109528531 ], [ -0.572670705844521, 51.459939236447106 ], [ -0.571707028903029, 51.451000115980207 ], [ -0.554444218969461, 51.441389772950757 ], [ -0.522794227896776, 51.434981601595901 ], [ -0.534263, 51.455311620684391 ], [ -0.523711444172042, 51.472431581194506 ], [ -0.523121833245096, 51.482469804848613 ], [ -0.504158014120756, 51.481114093956691 ], [ -0.491398701584325, 51.493106266929665 ], [ -0.483252168494433, 51.507197726826398 ], [ -0.492392643119462, 51.517136940188855 ], [ -0.491015121509954, 51.546249135821135 ], [ -0.47735486463472, 51.555286933406983 ], [ -0.484163601889203, 51.571492703877894 ], [ -0.49889320635126, 51.59132267504085 ], [ -0.500571749238835, 51.59968129438024 ], [ -0.519682159106293, 51.60096826316699 ], [ -0.529944768639105, 51.61691990885317 ], [ -0.537863221705536, 51.642365967059739 ], [ -0.514779062090762, 51.660713126373501 ], [ -0.505050451906494, 51.673059386241704 ], [ -0.510630518131034, 51.679603128881901 ], [ -0.547952759967871, 51.677376626213075 ], [ -0.549241078508694, 51.684637897989603 ], [ -0.542944922730775, 51.693917461528514 ], [ -0.548475271093558, 51.70360297763574 ], [ -0.563411876978286, 51.711836272994312 ], [ -0.5559317294036, 51.723856498714589 ], [ -0.545054498425863, 51.724841256885611 ], [ -0.531552926628981, 51.736071107938606 ], [ -0.539930358148766, 51.74266888659055 ], [ -0.555989401715595, 51.743676895332612 ], [ -0.569367171016212, 51.736182551203157 ], [ -0.576134968902802, 51.737753866548559 ], [ -0.5863401005731, 51.752110549468803 ], [ -0.61356089337443, 51.748414415532999 ], [ -0.617504822515476, 51.752721837609343 ], [ -0.642628176900758, 51.753874154313792 ], [ -0.675926812463318, 51.771199700401517 ], [ -0.68256789677751, 51.797213500744739 ], [ -0.709372447671926, 51.820546981221327 ], [ -0.719194816140049, 51.816134026368445 ], [ -0.744336027271416, 51.837321391527922 ], [ -0.731267994786047, 51.84900171633376 ], [ -0.710475006171886, 51.857841884027714 ], [ -0.692344766620946, 51.857055326164158 ], [ -0.686793541692609, 51.84921973244586 ], [ -0.6903124209075, 51.841277582818172 ], [ -0.667280738231184, 51.815871582498986 ], [ -0.645233326978317, 51.815352821864089 ], [ -0.632970477081686, 51.819946753193186 ], [ -0.611950757171868, 51.812349762542475 ], [ -0.597507869825576, 51.814295171770738 ], [ -0.591659268795171, 51.808132646990231 ], [ -0.561503118926038, 51.800175486034334 ], [ -0.547032360458887, 51.783197356856157 ], [ -0.525568984085288, 51.777679334256362 ], [ -0.512728010483837, 51.790014597344026 ], [ -0.519804763465013, 51.800818661251782 ], [ -0.536930683186698, 51.81415379093891 ], [ -0.546633725338111, 51.81339955491827 ], [ -0.551355375747753, 51.799660214344698 ], [ -0.56796924239472, 51.817005670672117 ], [ -0.557053123736088, 51.83095645637097 ], [ -0.543966091765888, 51.824788409352237 ], [ -0.537626073161216, 51.831474757878247 ], [ -0.548379495281627, 51.836026142826405 ], [ -0.571447770141996, 51.855058367314882 ], [ -0.577414525618915, 51.86604445974352 ], [ -0.608438990803762, 51.875421532160615 ], [ -0.619711737790664, 51.885270035155393 ], [ -0.637393251052348, 51.882654049440497 ], [ -0.654970985001695, 51.888072887746461 ], [ -0.672825771136363, 51.900809585627854 ], [ -0.666521230555786, 51.905108333794608 ], [ -0.669919560721829, 51.913820518661382 ], [ -0.663219715019524, 51.924881161092074 ], [ -0.672737497705529, 51.935991154405961 ], [ -0.673077225092056, 51.952212347372999 ], [ -0.655264890699443, 51.960576726374988 ], [ -0.652444718292214, 51.97024658855004 ], [ -0.65927680468126, 51.992954124608879 ], [ -0.641079464585871, 51.992462955778826 ], [ -0.637996689521062, 51.999384041871224 ], [ -0.6450156572595, 52.013663287442661 ], [ -0.642039944831623, 52.041161254976394 ], [ -0.655356382431326, 52.044925150347382 ], [ -0.674840499798599, 52.04284002517025 ], [ -0.651042255396548, 52.064151402033637 ], [ -0.641428772059741, 52.067867491032843 ], [ -0.635496726466791, 52.078095898157081 ], [ -0.605770179869864, 52.092081681041499 ], [ -0.603943200743622, 52.099110692626986 ], [ -0.590539648895167, 52.108824087301635 ], [ -0.597792160980777, 52.115605249700643 ], [ -0.599250184236825, 52.126162688420365 ], [ -0.607468093752701, 52.133992631844976 ], [ -0.619131219537549, 52.132989824317221 ], [ -0.634594770144943, 52.137972120652954 ], [ -0.635975614987965, 52.14742808526151 ], [ -0.631087917074015, 52.154800216850802 ], [ -0.63501467959355, 52.168544857374087 ], [ -0.627641478149043, 52.181607638163172 ], [ -0.643835676302097, 52.188995792532673 ], [ -0.657593643773612, 52.189827121060368 ], [ -0.668096308047599, 52.195036555507478 ], [ -0.684755863209142, 52.196359676178147 ], [ -0.702614292226475, 52.192955337408677 ], [ -0.73464406581199, 52.173555474131597 ], [ -0.750625229106405, 52.16764944751332 ], [ -0.777809804674007, 52.168848216577054 ], [ -0.787714749337131, 52.154248182872514 ], [ -0.79985775824845, 52.157219802907001 ], [ -0.827857535425559, 52.151490309009816 ], [ -0.819678746667871, 52.144270568344012 ], [ -0.830285690438856, 52.140913768427332 ], [ -0.832982234934772, 52.131745330630899 ], [ -0.851306946471838, 52.129347302044629 ], [ -0.869372310272356, 52.130007296096366 ], [ -0.879827267614565, 52.126658353625366 ], [ -0.884138544159785, 52.11632864710635 ], [ -0.869235057876152, 52.109846874876773 ], [ -0.86875847177212, 52.099619355868107 ], [ -0.846993376620148, 52.091542615077941 ], [ -0.835279306843519, 52.079783956386414 ], [ -0.832174884464778, 52.071665425079978 ], [ -0.838835893872983, 52.064203024238694 ], [ -0.859174710479903, 52.063689439804378 ], [ -0.860996503751466, 52.055349143311531 ], [ -0.877654851852324, 52.029868533802833 ], [ -0.891584236627197, 52.029769074349254 ], [ -0.906094260828835, 52.021172630908374 ], [ -0.93041739946222, 52.043680642260362 ], [ -0.93181525004222, 52.054044581235772 ], [ -0.94164848014114, 52.06425812952132 ], [ -0.945161404116152, 52.076894364016397 ], [ -0.95943748373765, 52.079299724043423 ], [ -0.967799889942911, 52.070914129118449 ], [ -0.984695752980429, 52.069720416556208 ], [ -0.994559478157519, 52.073131069297993 ], [ -1.012839423634506, 52.071596545612131 ], [ -1.026397174595672, 52.075438071661111 ], [ -1.038191963948969, 52.066055091855432 ], [ -1.052920842805985, 52.059696908052793 ], [ -1.062019538184136, 52.062758402440849 ], [ -1.082247850289401, 52.052893425353695 ], [ -1.122021547341566, 52.04516914534225 ], [ -1.132730202172026, 52.031600740005551 ], [ -1.136130283862183, 52.020064012630833 ], [ -1.11802012652818, 52.015421241984697 ], [ -1.093744426270181, 52.013315894437447 ], [ -1.089578684019685, 52.006280484651818 ], [ -1.061054069714924, 52.008603388857857 ], [ -1.059056991968, 51.997894470472467 ], [ -1.078130673058397, 51.981024255054635 ], [ -1.095248105193217, 51.957081477868513 ], [ -1.082339734569011, 51.951281428329352 ], [ -1.076007940919385, 51.943330589260505 ], [ -1.059361233898741, 51.949296421519904 ], [ -1.055935588048796, 51.942612157152944 ], [ -1.086035715623462, 51.923202215326612 ], [ -1.082443088259865, 51.912341907099233 ], [ -1.086110696384169, 51.89792610146322 ], [ -1.093024709533854, 51.893551455746611 ], [ -1.0706817653791, 51.888834674849534 ], [ -1.076636835317111, 51.87870128378092 ], [ -1.065146127649472, 51.869503514635603 ], [ -1.061997679657979, 51.844132431956389 ], [ -1.051558175179669, 51.83985856659271 ], [ -1.06192273014496, 51.832377190164003 ], [ -1.075861709519596, 51.829386195276257 ], [ -1.086268443899899, 51.831317901097719 ], [ -1.102240277193378, 51.840143729556033 ], [ -1.121645120596904, 51.845334768386017 ], [ -1.128983285266895, 51.839251833972298 ], [ -1.14923160620521, 51.831117608045972 ], [ -1.147110587454123, 51.823080039859448 ], [ -1.126291458157682, 51.809540168315621 ], [ -1.117394861380834, 51.799198922662939 ], [ -1.121949335893517, 51.787091884300068 ], [ -1.106306330517982, 51.781632637193475 ], [ -1.085736064320603, 51.781284960116658 ], [ -1.078879994088346, 51.771263004937452 ], [ -1.082834405651883, 51.764132485331771 ], [ -1.05623576985683, 51.75201010011498 ], [ -1.045301233347532, 51.744622404168922 ], [ -1.029638725243863, 51.745972650695293 ], [ -1.031969714991521, 51.757001572705498 ], [ -0.980804998371783, 51.753368162314331 ], [ -0.97386, 51.757992 ], [ -0.950060972539963, 51.757114518722737 ], [ -0.926074772501341, 51.760829693338373 ], [ -0.926972695791931, 51.754431744789535 ], [ -0.946486080544612, 51.749117359712059 ], [ -0.95308626569162, 51.731706189261295 ], [ -0.946864390239455, 51.726051319825402 ], [ -0.911095145408141, 51.731343188578577 ], [ -0.887647159555447, 51.718217248416046 ], [ -0.887146390665178, 51.703397934024061 ], [ -0.894644441165674, 51.692665837456111 ], [ -0.881914196220567, 51.684655095215803 ], [ -0.884292930461096, 51.673850739860221 ], [ -0.861998613154071, 51.659060148034911 ], [ -0.845814052813539, 51.639887067198352 ], [ -0.862397269414299, 51.626089644570257 ], [ -0.882645527335013, 51.626862663175856 ], [ -0.887939810768273, 51.619793795346922 ], [ -0.899755714759828, 51.631972175941407 ], [ -0.900774332106146, 51.642945226356971 ], [ -0.913697705130358, 51.637623792985949 ], [ -0.907006330149948, 51.626874396039248 ], [ -0.921879075665352, 51.624536113494976 ], [ -0.93784516536531, 51.635287265543468 ], [ -0.949859761193998, 51.629263964848406 ], [ -0.949581517466329, 51.620692881149253 ], [ -0.939566844500511, 51.618533980415187 ], [ -0.943227499896063, 51.605238868728819 ], [ -0.916891079148585, 51.599293053442125 ], [ -0.92477805778769, 51.590912042615102 ], [ -0.941461814940064, 51.585499883665214 ], [ -0.938411961046562, 51.571168410974209 ], [ -0.92771702099149, 51.568100888579941 ], [ -0.902254862236918, 51.551773701276602 ], [ -0.893617534392632, 51.54932205475189 ] ] ] } },
{ "type": "Feature", "properties": { "hcs_name": "Buteshire", "abbr": "Bute", "hcs_county": "Bute", "hcs_number": 14, "hcs_code": "BTE", "county": "Buteshire", "region": "Scotland" }, "geometry": { "type": "MultiPolygon", "coordinates": [ [ [ [ -5.080848278011143, 55.537023152615305 ], [ -5.086930137632025, 55.525933672619125 ], [ -5.060764971476672, 55.518796626990188 ], [ -5.075722527747955, 55.535533895650957 ], [ -5.080848278011143, 55.537023152615305 ] ] ], [ [ [ -5.266087938912672, 55.721068181828102 ], [ -5.282016928702528, 55.720036255935597 ], [ -5.303793020255998, 55.707887781378645 ], [ -5.32119821300375, 55.702587702318461 ], [ -5.330229676042197, 55.68841067998234 ], [ -5.348840855454065, 55.684767205961997 ], [ -5.370348584278846, 55.673299007679944 ], [ -5.381037072753174, 55.655112982610206 ], [ -5.383294543059936, 55.641547748107271 ], [ -5.392890945047351, 55.630224659659262 ], [ -5.396388890877581, 55.612890143116864 ], [ -5.386613607910486, 55.604812746138165 ], [ -5.366352281620512, 55.581887327452051 ], [ -5.349083443752662, 55.570902179424081 ], [ -5.343227852480027, 55.555557873532457 ], [ -5.342904880336508, 55.543138948229256 ], [ -5.35436419220071, 55.526710414351278 ], [ -5.346014503592616, 55.505698794190131 ], [ -5.326985487193528, 55.497951461725123 ], [ -5.326393422341261, 55.483300434601745 ], [ -5.316904115392028, 55.468170697148878 ], [ -5.286124064610633, 55.452367628924101 ], [ -5.262369839085999, 55.446575551598819 ], [ -5.251382216486249, 55.439436925833832 ], [ -5.200232235922591, 55.433858120538872 ], [ -5.172438713633266, 55.435179654420359 ], [ -5.156758545921568, 55.442393969332521 ], [ -5.138177117877299, 55.443860452316649 ], [ -5.105617955274778, 55.441685763499976 ], [ -5.085023596039851, 55.453113801930421 ], [ -5.079163166088686, 55.465290047141934 ], [ -5.094529687891921, 55.486440322298563 ], [ -5.092638457773901, 55.498875625360625 ], [ -5.079336095362296, 55.509406653983426 ], [ -5.091882900254556, 55.511483189167919 ], [ -5.125117075807685, 55.524133184207933 ], [ -5.128776982505227, 55.530849385825299 ], [ -5.118560783315513, 55.54009348494494 ], [ -5.101858576515266, 55.543833725706882 ], [ -5.083000691008417, 55.552764219789353 ], [ -5.097813830408173, 55.561335265906727 ], [ -5.10751372156737, 55.571171693732865 ], [ -5.128241988722982, 55.576345569078811 ], [ -5.14956182783311, 55.57778269053631 ], [ -5.152947313087481, 55.59179548358339 ], [ -5.132390184516103, 55.602501842210351 ], [ -5.128431464611331, 55.610613062214092 ], [ -5.13616271775181, 55.62756383179677 ], [ -5.138558374699958, 55.64300582901901 ], [ -5.154206763879659, 55.662166992955378 ], [ -5.151227091317939, 55.665308772500268 ], [ -5.161120162837663, 55.678853863865776 ], [ -5.192221305349252, 55.694715947993352 ], [ -5.201138495604087, 55.702183108543167 ], [ -5.256146569885336, 55.72065816137205 ], [ -5.266087938912672, 55.721068181828102 ] ] ], [ [ [ -4.938019048981819, 55.734731474519855 ], [ -4.961179506232658, 55.726494796692037 ], [ -4.967271388911621, 55.718004354277468 ], [ -4.955585771872062, 55.71063555458899 ], [ -4.945372809864538, 55.714900207125467 ], [ -4.938019048981819, 55.734731474519855 ] ] ], [ [ [ -4.904269159839974, 55.792974244178353 ], [ -4.922003892886011, 55.789714953481742 ], [ -4.92951727334139, 55.784006767293349 ], [ -4.936901097909749, 55.769385661230466 ], [ -4.943362750983457, 55.765543570296906 ], [ -4.951052748053804, 55.750958210306976 ], [ -4.947498535485678, 55.743235472124603 ], [ -4.927627544837184, 55.752909628514544 ], [ -4.901671370043392, 55.752877589193083 ], [ -4.89428715556656, 55.763649967888611 ], [ -4.900147863212117, 55.770339891041935 ], [ -4.898060207449642, 55.786609191135035 ], [ -4.904269159839974, 55.792974244178353 ] ] ], [ [ [ -5.160892215641152, 55.804903174851042 ], [ -5.167991601181193, 55.791019683682919 ], [ -5.16428081483219, 55.782849184309889 ], [ -5.14747735158444, 55.784759775342081 ], [ -5.160892215641152, 55.804903174851042 ] ] ], [ [ [ -5.184012975709811, 55.925435498766838 ], [ -5.197895617849476, 55.913595429629325 ], [ -5.210340970933871, 55.910016982721224 ], [ -5.214971059467809, 55.899638687205623 ], [ -5.212230678919171, 55.884499090879039 ], [ -5.206224192478389, 55.882997257864389 ], [ -5.192651145935313, 55.867640507925557 ], [ -5.177008606319395, 55.860125672782509 ], [ -5.170909599187135, 55.852763157266011 ], [ -5.1541423737261, 55.847112067834239 ], [ -5.145828184290303, 55.851680773656632 ], [ -5.127178716147002, 55.842489930357878 ], [ -5.138593986867103, 55.83581083715319 ], [ -5.140909317796104, 55.813133438974511 ], [ -5.126729747285133, 55.809482214422196 ], [ -5.122683252962939, 55.80068261125421 ], [ -5.128860979172975, 55.79063837524857 ], [ -5.117736812519158, 55.771845057027406 ], [ -5.102605681410881, 55.779707753556927 ], [ -5.093807788101682, 55.772558199449421 ], [ -5.060830079050222, 55.758364367216736 ], [ -5.062147426679117, 55.747722538694291 ], [ -5.048368167293535, 55.731838620704615 ], [ -5.032646835211604, 55.722376237556574 ], [ -5.00433504902979, 55.732722762376731 ], [ -5.012203668551418, 55.745510721204028 ], [ -5.032404545541818, 55.754412845148941 ], [ -5.021799745916125, 55.762941010515398 ], [ -5.003296002481573, 55.76666330982161 ], [ -5.002042085263475, 55.774853809865157 ], [ -5.013233610305417, 55.787969483999277 ], [ -5.013571212675382, 55.798528965963477 ], [ -5.022297584727192, 55.809345530000257 ], [ -5.023713174739154, 55.840832930836797 ], [ -5.038697723267799, 55.844129344741923 ], [ -5.051799489068428, 55.837853875086154 ], [ -5.061703311003951, 55.841415586395193 ], [ -5.062014759536318, 55.858881515409088 ], [ -5.090439221505086, 55.861345165889695 ], [ -5.092477573213031, 55.865142165581346 ], [ -5.07458762263069, 55.875520778064043 ], [ -5.080342823021103, 55.88220544694488 ], [ -5.113381242862554, 55.892241871768029 ], [ -5.139447463663098, 55.906075128668768 ], [ -5.161235645567868, 55.922060606874489 ], [ -5.184012975709811, 55.925435498766838 ] ] ] ] } },
{ "type": "Feature", "properties": { "hcs_name": "Caernarfonshire", "abbr": "Caern", "hcs_county": "Caernarfon", "hcs_number": 15, "hcs_code": "CRN", "county": "Caernarvonshire", "region": "Wales" }, "geometry": { "type": "MultiPolygon", "coordinates": [ [ [ [ -4.793416757430547, 52.768651112257835 ], [ -4.795329891332249, 52.754277986785056 ], [ -4.785617951661954, 52.753285513983009 ], [ -4.779883430077658, 52.766078704303112 ], [ -4.793416757430547, 52.768651112257835 ] ] ], [ [ [ -3.833748447015743, 52.962061239473918 ], [ -3.810510571197805, 52.982576634692059 ], [ -3.796135263962213, 52.987843184959395 ], [ -3.76667865239008, 52.993135653194408 ], [ -3.753283751952686, 53.006515162657827 ], [ -3.73577458122467, 53.013877270392385 ], [ -3.727090957964981, 53.025123399837511 ], [ -3.703895905855401, 53.042275072889645 ], [ -3.711696204016324, 53.047557797062616 ], [ -3.733518856182128, 53.048179749221383 ], [ -3.745023346299609, 53.054823735573848 ], [ -3.79568221785808, 53.07268530696016 ], [ -3.797349015557823, 53.101173364843675 ], [ -3.787944035536759, 53.110401513815283 ], [ -3.797294862679123, 53.136913975012938 ], [ -3.808774968519669, 53.140298849687944 ], [ -3.810256910362166, 53.159663174248891 ], [ -3.792087666576528, 53.161698353617027 ], [ -3.78351604039209, 53.170572052253696 ], [ -3.77283272327588, 53.163926068951668 ], [ -3.762742837276668, 53.168566688816405 ], [ -3.750584273123266, 53.165415724178359 ], [ -3.7459160931108, 53.158056213245857 ], [ -3.731266900894909, 53.16275880595343 ], [ -3.742045578120396, 53.17083545083144 ], [ -3.769204954479244, 53.173577003985145 ], [ -3.787268679613195, 53.183152033893123 ], [ -3.79540405632306, 53.193981487620171 ], [ -3.834235324951372, 53.201012833251241 ], [ -3.827984717147626, 53.220311960740496 ], [ -3.821343928103026, 53.228778062971188 ], [ -3.808681841910147, 53.233478185645055 ], [ -3.808270135533194, 53.242648065805902 ], [ -3.822294941169786, 53.251145681512916 ], [ -3.8183923830753, 53.259843422457372 ], [ -3.807475378256963, 53.265067096545195 ], [ -3.814800690374909, 53.274430845138397 ], [ -3.796761181672371, 53.277910135604643 ], [ -3.768848204107051, 53.290623449971577 ], [ -3.766978946004573, 53.305791735634195 ], [ -3.75720974399733, 53.313670540637794 ], [ -3.738581462558951, 53.308652384092142 ], [ -3.739085261147989, 53.314032178153958 ], [ -3.764338296748565, 53.31865081365676 ], [ -3.77833139661033, 53.329028707292828 ], [ -3.788047651809701, 53.325222263713727 ], [ -3.811058930509614, 53.322508130884422 ], [ -3.82862229156655, 53.325485115863891 ], [ -3.835940783692192, 53.33728270369167 ], [ -3.86840977095087, 53.342690722590326 ], [ -3.879096323774637, 53.339198481542603 ], [ -3.876963149279218, 53.332639584549071 ], [ -3.844382546657927, 53.31868186877135 ], [ -3.838114131000814, 53.295684332460723 ], [ -3.820943056933554, 53.288029349364535 ], [ -3.829808501240858, 53.283539629592433 ], [ -3.841401450929107, 53.295375935235029 ], [ -3.852471664205704, 53.295349770959227 ], [ -3.862731185160487, 53.288598845247634 ], [ -3.880516728016299, 53.289404234688085 ], [ -3.913019350742381, 53.275234773418447 ], [ -3.932097135903791, 53.269079438289431 ], [ -3.949869688688386, 53.26714239213409 ], [ -3.983612432486216, 53.259369157823848 ], [ -4.002345507593858, 53.252385701713131 ], [ -4.011500753150437, 53.244075636815062 ], [ -4.026486561701716, 53.242555866190742 ], [ -4.030857438529853, 53.237543176356134 ], [ -4.047270284700324, 53.234009038389665 ], [ -4.065220733304551, 53.233643773390838 ], [ -4.083421990295665, 53.22922208634543 ], [ -4.094072619657753, 53.235876876468218 ], [ -4.115730842297275, 53.231611155834813 ], [ -4.122365276325223, 53.23705751755616 ], [ -4.146512426909756, 53.228968103768501 ], [ -4.16289353838962, 53.218899005743744 ], [ -4.175625634167949, 53.21838428157011 ], [ -4.194597489301524, 53.212676179636958 ], [ -4.209050954031408, 53.201769702614705 ], [ -4.208189855472951, 53.187235521413449 ], [ -4.221461713995837, 53.177751381317691 ], [ -4.243551952256365, 53.17041827458371 ], [ -4.257817394376201, 53.161108872642785 ], [ -4.278110642131917, 53.141495164567488 ], [ -4.311861178612319, 53.127170145437248 ], [ -4.311588165544546, 53.105323521388698 ], [ -4.320103993427463, 53.098828147470954 ], [ -4.337889918764285, 53.122452924059111 ], [ -4.347430062974857, 53.108176666418629 ], [ -4.336560069630279, 53.084712260945452 ], [ -4.338962869756305, 53.053998567040544 ], [ -4.349115162150059, 53.044964334890317 ], [ -4.353550540302899, 53.033443620027661 ], [ -4.390849561777683, 53.012728191357937 ], [ -4.413192498403772, 52.997132518673787 ], [ -4.437059009105875, 52.998703443660993 ], [ -4.443378400355791, 52.990414677986394 ], [ -4.461243490110747, 52.981745537281917 ], [ -4.47278443489097, 52.966042784609357 ], [ -4.481916489311384, 52.966026635862448 ], [ -4.498720942554896, 52.950949025429203 ], [ -4.52911943837367, 52.937386697059338 ], [ -4.565532596942832, 52.93929157311787 ], [ -4.579798721204122, 52.9377943267639 ], [ -4.594501585958566, 52.926738372160855 ], [ -4.617420704521725, 52.922406563219901 ], [ -4.633644290886483, 52.905456507215469 ], [ -4.64843296864818, 52.906138344759462 ], [ -4.666727719847163, 52.889245372863755 ], [ -4.664787961467008, 52.883888914351367 ], [ -4.673791604725787, 52.875746140289863 ], [ -4.69143224366186, 52.87203888553789 ], [ -4.692458399078743, 52.862891372643453 ], [ -4.716963244499725, 52.855215505627434 ], [ -4.726388776293017, 52.847033810783607 ], [ -4.721936085715462, 52.838195296776895 ], [ -4.733207955729689, 52.8320729228099 ], [ -4.73742747449725, 52.824556488345415 ], [ -4.751565443605151, 52.815666429617309 ], [ -4.750528165843439, 52.806523008856047 ], [ -4.767463379061914, 52.794839448239003 ], [ -4.755810764379361, 52.788078741531827 ], [ -4.732355869549227, 52.781845981098442 ], [ -4.720738435253876, 52.802842242771845 ], [ -4.692330977905341, 52.799535909105757 ], [ -4.661493367153833, 52.806082401335111 ], [ -4.642630647156102, 52.80028423515553 ], [ -4.62466152188783, 52.809501657312431 ], [ -4.610769022523086, 52.824583690496262 ], [ -4.588792492065101, 52.822989359970755 ], [ -4.553922230171627, 52.810085434565167 ], [ -4.536149687636332, 52.800226063499487 ], [ -4.542478720071019, 52.786928889197242 ], [ -4.527935798264952, 52.777776367940348 ], [ -4.514719269168879, 52.792972901974125 ], [ -4.486789716884228, 52.794531273622077 ], [ -4.483170343158561, 52.805060075320803 ], [ -4.497290448805471, 52.810023348194619 ], [ -4.503523000640257, 52.8266656730761 ], [ -4.495872732403674, 52.837417713934762 ], [ -4.470356406635407, 52.849920106460957 ], [ -4.478780326428437, 52.853274529510294 ], [ -4.459291234962974, 52.870431226703147 ], [ -4.42937264173871, 52.878581713680241 ], [ -4.409546162663265, 52.881204333441232 ], [ -4.416694169617803, 52.887440347813381 ], [ -4.387193768314321, 52.895839090362699 ], [ -4.370122551227552, 52.89613053712894 ], [ -4.326226686767348, 52.892052178035271 ], [ -4.323791470377547, 52.905670376241112 ], [ -4.313023718749076, 52.909108399044094 ], [ -4.281561150955421, 52.911337351196245 ], [ -4.267040672011868, 52.91023419177283 ], [ -4.254509494086181, 52.913569637231646 ], [ -4.217782901376558, 52.918883722635485 ], [ -4.195028070167557, 52.914512938370457 ], [ -4.169646962654497, 52.9058067415897 ], [ -4.151859112666338, 52.906366479889357 ], [ -4.120696617540461, 52.922625342233438 ], [ -4.106965800407323, 52.923386733909126 ], [ -4.089421647038114, 52.93863203527934 ], [ -4.097437428074888, 52.944993842879981 ], [ -4.100726663331884, 52.95695272229591 ], [ -4.094426436488713, 52.997784368608109 ], [ -4.100913579961224, 53.011862326379159 ], [ -4.091588750729146, 53.018468543019843 ], [ -4.067676650465309, 53.021769703972105 ], [ -4.072202831375598, 53.011299544498144 ], [ -4.046247658499547, 53.015905760400621 ], [ -4.032534659042431, 53.025587166281078 ], [ -4.018041195382562, 53.0297100516648 ], [ -3.990025191405361, 53.026571503552802 ], [ -3.994230594573378, 53.016881372169713 ], [ -3.981472969041138, 53.009506796622432 ], [ -3.969030802826665, 53.008693617436222 ], [ -3.950505986177084, 53.018825380476258 ], [ -3.928498612861814, 53.019453406223576 ], [ -3.898922974097304, 53.015376499389625 ], [ -3.88994886074957, 53.009207380302911 ], [ -3.889323331223317, 52.994334478189622 ], [ -3.873867449946868, 52.986668415546617 ], [ -3.847423149766857, 52.98299335656354 ], [ -3.849884743222863, 52.973193520327193 ], [ -3.833748447015743, 52.962061239473918 ] ] ] ] } },
{ "type": "Feature", "properties": { "hcs_name": "Caithness", "abbr": "Caith", "hcs_county": "Caithness", "hcs_number": 16, "hcs_code": "CTN", "county": "Caithness", "region": "Scotland" }, "geometry": { "type": "MultiPolygon", "coordinates": [ [ [ [ -3.13992299241574, 58.670259617849098 ], [ -3.106479006740262, 58.671128276574443 ], [ -3.100844084209248, 58.684204496227515 ], [ -3.116372017578684, 58.696886672671582 ], [ -3.13992299241574, 58.670259617849098 ] ] ], [ [ [ -3.595438436022838, 58.136350171584247 ], [ -3.570933794575171, 58.144675402994274 ], [ -3.549145217793241, 58.158404224592246 ], [ -3.508294538973317, 58.171853808902057 ], [ -3.484492455338169, 58.192891915409071 ], [ -3.475562842666648, 58.195725642253656 ], [ -3.469934070562105, 58.208344100832157 ], [ -3.439234847575614, 58.228552772681923 ], [ -3.427210236168482, 58.244949745558635 ], [ -3.417660273262282, 58.244561411950734 ], [ -3.39318257820062, 58.263131698412813 ], [ -3.367770484594532, 58.275158106178651 ], [ -3.3277022426996, 58.282232298806697 ], [ -3.325381363632109, 58.2856764511561 ], [ -3.297525149886895, 58.28924959871209 ], [ -3.270339131599028, 58.299001829342096 ], [ -3.251528063598727, 58.29807326351046 ], [ -3.209872415540547, 58.309891808728153 ], [ -3.180103314296595, 58.33296580987323 ], [ -3.165127020924098, 58.340526502130835 ], [ -3.144619910247854, 58.355625662208915 ], [ -3.127152433120258, 58.359448012601433 ], [ -3.108748990211193, 58.370714061694585 ], [ -3.102176375660261, 58.394417648201866 ], [ -3.087696141581137, 58.404454320870165 ], [ -3.087535006872673, 58.412353851999889 ], [ -3.07050576610223, 58.434024187690738 ], [ -3.084151727806706, 58.438132797174489 ], [ -3.053243160431774, 58.447992367440008 ], [ -3.056858079694246, 58.460724300972139 ], [ -3.048498867480681, 58.47210051248716 ], [ -3.052607495386349, 58.479693359256451 ], [ -3.0773440884471, 58.475481056931109 ], [ -3.105359818344152, 58.47380807001236 ], [ -3.120308835993315, 58.479360580222 ], [ -3.133512578402784, 58.50141590421228 ], [ -3.130769216858552, 58.520077145293548 ], [ -3.120142003094566, 58.531216910659744 ], [ -3.085291281242766, 58.548943254902966 ], [ -3.081856021711006, 58.556426681283732 ], [ -3.068968607020287, 58.563357760079619 ], [ -3.062329822769758, 58.582586739153456 ], [ -3.07104954415087, 58.593101947705264 ], [ -3.045949255069874, 58.596379779237971 ], [ -3.035562734858454, 58.610218669073269 ], [ -3.037695814672837, 58.632010127412052 ], [ -3.024289439100968, 58.64362208014191 ], [ -3.055746793533875, 58.645351797899245 ], [ -3.071964167963836, 58.64421241965799 ], [ -3.095023377077078, 58.64687377763439 ], [ -3.114971193816526, 58.642231743094989 ], [ -3.12994658978543, 58.642286839793492 ], [ -3.157061416386455, 58.637237181901988 ], [ -3.168650109857008, 58.642393543094315 ], [ -3.172001058914367, 58.650462521529086 ], [ -3.184313923699738, 58.657418557758291 ], [ -3.218626977075948, 58.655615360785376 ], [ -3.224225981884486, 58.6502440567441 ], [ -3.239998450069237, 58.649863873434391 ], [ -3.249540953965416, 58.654499987682421 ], [ -3.283833559668386, 58.650666953770731 ], [ -3.2939256127976, 58.645513792732316 ], [ -3.346801291063199, 58.648509537334064 ], [ -3.354933373665169, 58.664116845460597 ], [ -3.377197071631488, 58.671970101903327 ], [ -3.399929111735845, 58.664686044731951 ], [ -3.408170898516943, 58.65852520184707 ], [ -3.412730706011462, 58.639326398381783 ], [ -3.382528836170863, 58.628645622101089 ], [ -3.370937071832551, 58.622417797169383 ], [ -3.351747310283214, 58.620139094974057 ], [ -3.346675308611306, 58.611682138578701 ], [ -3.354240827182204, 58.602021270203153 ], [ -3.367702826789118, 58.59535483128721 ], [ -3.397456534977961, 58.602339780272231 ], [ -3.431144721273962, 58.602580848011549 ], [ -3.439109758044812, 58.611421329561281 ], [ -3.457504050823272, 58.612415342421571 ], [ -3.48489656420072, 58.609612432331005 ], [ -3.508855428423539, 58.599218986582507 ], [ -3.525151343441173, 58.596890402165997 ], [ -3.552009573059721, 58.608420782666037 ], [ -3.539965696537303, 58.613994366783572 ], [ -3.544845051759702, 58.623825333021315 ], [ -3.584576940519332, 58.617685557681526 ], [ -3.640077359206204, 58.615198808793046 ], [ -3.651005342261078, 58.6202863357232 ], [ -3.668724773640502, 58.617209275456375 ], [ -3.681639501345918, 58.608790274558118 ], [ -3.722575542684159, 58.595114122548082 ], [ -3.750907828529975, 58.578784362992785 ], [ -3.771537115552706, 58.574542127872718 ], [ -3.775053519799819, 58.565817761513244 ], [ -3.788627274242553, 58.563439109479241 ], [ -3.800741548993591, 58.573621704766097 ], [ -3.826994630372733, 58.568073997990041 ], [ -3.842272004870609, 58.568475129949242 ], [ -3.859027969100212, 58.562813575539984 ], [ -3.858301132901389, 58.548974343953887 ], [ -3.845434675469942, 58.543182754536659 ], [ -3.827093587299144, 58.523632095605372 ], [ -3.812979871097025, 58.516905077451504 ], [ -3.808233187302146, 58.50431227871978 ], [ -3.795148568763935, 58.495560983567806 ], [ -3.791182785062851, 58.483182807475252 ], [ -3.780823684238172, 58.471808138488477 ], [ -3.789383521699398, 58.4681001937331 ], [ -3.793073303083283, 58.454772947132462 ], [ -3.790197786046882, 58.444720884353416 ], [ -3.797530371947533, 58.435073380765488 ], [ -3.784795142829553, 58.431147175023227 ], [ -3.78269671967047, 58.420282291207954 ], [ -3.787622363623674, 58.412255577547391 ], [ -3.773666910722451, 58.390149537118845 ], [ -3.798530039789058, 58.378910372160647 ], [ -3.800712401847414, 58.369318772028066 ], [ -3.813393348755413, 58.354092210752803 ], [ -3.824397498818469, 58.350199599760131 ], [ -3.825463377915918, 58.339566811078448 ], [ -3.81785240535104, 58.330510925335943 ], [ -3.802335974445614, 58.326198411917098 ], [ -3.794196064933696, 58.310388035619923 ], [ -3.795810039023827, 58.303637266322411 ], [ -3.820450419028605, 58.300025916860108 ], [ -3.836074401879093, 58.294754182690909 ], [ -3.837887905868177, 58.283312175345941 ], [ -3.850122371557314, 58.275061828663929 ], [ -3.828790320935232, 58.26954656359878 ], [ -3.820007201314646, 58.251677435758118 ], [ -3.820943748321446, 58.245257806135378 ], [ -3.79445487727435, 58.240878166837831 ], [ -3.777012862980389, 58.23081430121993 ], [ -3.776716970668782, 58.217560928121387 ], [ -3.765095674508199, 58.204177885905551 ], [ -3.777702984454431, 58.195530758568729 ], [ -3.757064265137414, 58.193119166402106 ], [ -3.725756562146518, 58.199104730714929 ], [ -3.712604536823106, 58.186626062854067 ], [ -3.704403601039893, 58.188653156279749 ], [ -3.652810276293354, 58.164924931876719 ], [ -3.632707371363571, 58.165158815942533 ], [ -3.627864914049635, 58.155937820580704 ], [ -3.595438436022838, 58.136350171584247 ] ] ] ] } },
{ "type": "Feature", "properties": { "hcs_name": "Cambridgeshire", "abbr": "Cambs", "hcs_county": "Cambridge", "hcs_number": 17, "hcs_code": "CMB", "county": "Cambridgeshire", "region": "East of England" }, "geometry": { "type": "Polygon", "coordinates": [ [ [ 0.404597709631582, 52.065512654529201 ], [ 0.402965943124693, 52.078191110460267 ], [ 0.390860479638463, 52.088511120292488 ], [ 0.392650735962391, 52.095326359415985 ], [ 0.38180512634, 52.102693975537179 ], [ 0.389569833646577, 52.117494209327234 ], [ 0.404836860067229, 52.129505330532403 ], [ 0.417482059686456, 52.133140806531507 ], [ 0.420735675946397, 52.160232948985119 ], [ 0.435891399987108, 52.159493522103681 ], [ 0.444439670353985, 52.171000297016533 ], [ 0.462659336432121, 52.170935949489234 ], [ 0.470741733446083, 52.163246804980986 ], [ 0.487440678475294, 52.169769744612481 ], [ 0.493195855635072, 52.175537977443277 ], [ 0.494975898844895, 52.188754393113726 ], [ 0.500693964875512, 52.193313273531871 ], [ 0.503042947139144, 52.207041163245528 ], [ 0.51256046392244, 52.214070908446203 ], [ 0.512953532529798, 52.228217002464582 ], [ 0.4949103129708, 52.239295954084064 ], [ 0.477957005580506, 52.234473274975258 ], [ 0.4557941982356, 52.247207617972059 ], [ 0.443912893658621, 52.242132704028585 ], [ 0.426919835682212, 52.253607196813157 ], [ 0.379367815614106, 52.231131003094234 ], [ 0.373033083970931, 52.238541973992838 ], [ 0.339950596531157, 52.267748177160207 ], [ 0.349965312156584, 52.273417640674388 ], [ 0.350540573502518, 52.282945997778185 ], [ 0.359186925030062, 52.289119595840617 ], [ 0.358735800598197, 52.297402436358176 ], [ 0.377905807159362, 52.291284729877923 ], [ 0.385174865056334, 52.283029823926491 ], [ 0.404340135451236, 52.274140555597022 ], [ 0.426131658688473, 52.254379324965953 ], [ 0.459449575393013, 52.26562318839261 ], [ 0.495043169754902, 52.272235826517985 ], [ 0.503757867364685, 52.287418750985843 ], [ 0.469347903337931, 52.30705164231199 ], [ 0.4566036843939, 52.316513815024834 ], [ 0.431356198004302, 52.315848708429982 ], [ 0.424193124257426, 52.32924020870017 ], [ 0.437613498654449, 52.335299904325055 ], [ 0.442593340357475, 52.34860061439506 ], [ 0.409655471484422, 52.360222382493021 ], [ 0.384347014468578, 52.392562295683597 ], [ 0.374691041450185, 52.409746917704254 ], [ 0.417799175803503, 52.428213567399347 ], [ 0.429299445694195, 52.436450429294219 ], [ 0.424671281058772, 52.442628806646916 ], [ 0.397563634313929, 52.449876374034758 ], [ 0.399153914125963, 52.460058001925617 ], [ 0.389914175405666, 52.462531965119744 ], [ 0.371623407139687, 52.474629004959482 ], [ 0.369223715125061, 52.483887009315971 ], [ 0.357245327388949, 52.494381497113949 ], [ 0.330949009276609, 52.509159531045555 ], [ 0.318442214400133, 52.507664391390207 ], [ 0.30938653366633, 52.513617896696438 ], [ 0.278432026560557, 52.508595358183882 ], [ 0.254704445404016, 52.511160808860637 ], [ 0.244237192197062, 52.533114413292857 ], [ 0.233867156993771, 52.528942882650682 ], [ 0.219173353443364, 52.537684952560745 ], [ 0.215071015883137, 52.556821064630263 ], [ 0.206415039938116, 52.567276768078905 ], [ 0.217736261085779, 52.570437775017567 ], [ 0.216001267407238, 52.580449946144398 ], [ 0.204208130093514, 52.585612180748399 ], [ 0.209571301098326, 52.596792852921659 ], [ 0.233471621621875, 52.610625614826269 ], [ 0.218207073702912, 52.621977483581873 ], [ 0.208741085850228, 52.640244793527472 ], [ 0.195681996559366, 52.634086301233758 ], [ 0.175554488974878, 52.644053821636227 ], [ 0.163675202499713, 52.663585203029605 ], [ 0.175398422179986, 52.666356389136233 ], [ 0.169949921398943, 52.678571030737579 ], [ 0.149610780237619, 52.68057089089411 ], [ 0.144254617978458, 52.698862837282398 ], [ 0.150624292056776, 52.707786191203894 ], [ 0.146181810540742, 52.723835575992517 ], [ 0.182650286558772, 52.727575153686246 ], [ 0.188556327288186, 52.736396401199102 ], [ 0.153452083569841, 52.737549617761452 ], [ 0.141821989432192, 52.743690404283747 ], [ 0.132170598500609, 52.734796360730122 ], [ 0.113520921097718, 52.729974967036753 ], [ 0.098904, 52.730376 ], [ 0.090034352110067, 52.72400393209842 ], [ 0.064173603120979, 52.727467509794707 ], [ 0.048198227599144, 52.718843173786162 ], [ 0.045138195711503, 52.711902158773405 ], [ 0.044523544277847, 52.692210533086715 ], [ 0.049123755205087, 52.689453773548742 ], [ 0.047519938488691, 52.675051620742771 ], [ 0.014744581259573, 52.6647927664633 ], [ -0.014968634240189, 52.657771344793986 ], [ -0.00927730876481, 52.633744322527157 ], [ -0.024523283927421, 52.630249008033147 ], [ -0.032153184485176, 52.665473464789542 ], [ -0.059720652279487, 52.674696564832551 ], [ -0.090561025825091, 52.666680997414879 ], [ -0.102402593288611, 52.67211191319538 ], [ -0.140078270167302, 52.654466516602163 ], [ -0.140972653153217, 52.651512337417252 ], [ -0.149053812700607, 52.637375877790326 ], [ -0.161870315343174, 52.62221886944161 ], [ -0.159552950981632, 52.610328426602415 ], [ -0.173312787841726, 52.585265636740019 ], [ -0.19068968976184, 52.574872982297798 ], [ -0.207195402163012, 52.569522130675693 ], [ -0.239514323527398, 52.568168943541892 ], [ -0.185940347686197, 52.545351591105913 ], [ -0.189981457115235, 52.539719253553976 ], [ -0.171070481493386, 52.53149005430199 ], [ -0.114356377356639, 52.489063134679363 ], [ -0.090377408837842, 52.496270657720558 ], [ -0.070876713800923, 52.505874270659298 ], [ -0.069687612837499, 52.516835144375086 ], [ -0.051118037431125, 52.508764392134083 ], [ -0.051412558427595, 52.502421533794454 ], [ -0.039044107576615, 52.499178003434039 ], [ -0.040348947136973, 52.482937778723809 ], [ -0.032434252202815, 52.47307814798792 ], [ -0.009305016742141, 52.462164657560599 ], [ -0.001772240710067, 52.454362567790739 ], [ 0.009159835762129, 52.454406759881664 ], [ 0.023188507864192, 52.44242329992597 ], [ 0.022190542016003, 52.433915408393254 ], [ 0.034056194692306, 52.427263407144189 ], [ 0.019357599105709, 52.414766093023395 ], [ 0.027334554472653, 52.405904079709948 ], [ 0.028142855098486, 52.390018919539514 ], [ 0.041792599294508, 52.38083780459484 ], [ 0.051349424280042, 52.358163136577765 ], [ 0.042911745308644, 52.352540590358039 ], [ 0.026476069269416, 52.351286937691739 ], [ 0.009366445484795, 52.341557468448315 ], [ 0.007849918128836, 52.334041379595895 ], [ -0.01420358747743, 52.312927332637578 ], [ -0.031169162611128, 52.316774059200938 ], [ -0.046456438828661, 52.314677442459441 ], [ -0.066519548528461, 52.285120246725121 ], [ -0.085394951697911, 52.27249296139464 ], [ -0.101750342929354, 52.276886618084205 ], [ -0.118289554992381, 52.262268750087287 ], [ -0.131256498849402, 52.257831092322625 ], [ -0.146570227414546, 52.269749313605239 ], [ -0.151417513185331, 52.284335014418879 ], [ -0.175427796266976, 52.280219939124628 ], [ -0.184162250714414, 52.260725094489118 ], [ -0.18243248764963, 52.256140160702664 ], [ -0.157052972730483, 52.254312627820717 ], [ -0.132226033532763, 52.243294418391258 ], [ -0.137522081299039, 52.230189627206826 ], [ -0.155936145066729, 52.22645500787678 ], [ -0.175170127395302, 52.230380807771304 ], [ -0.187031341297785, 52.22863799339094 ], [ -0.189715655551332, 52.214008470446416 ], [ -0.195583639389885, 52.204478453428258 ], [ -0.189001043245482, 52.200569296956914 ], [ -0.172216355087514, 52.199276827014323 ], [ -0.152855010347366, 52.212023475361761 ], [ -0.130378675222275, 52.207229429265603 ], [ -0.108148054702379, 52.206916531955621 ], [ -0.100432874502925, 52.183260522481071 ], [ -0.112166718260961, 52.17894873832649 ], [ -0.137986078879459, 52.184491246043734 ], [ -0.153434646659554, 52.174600011714887 ], [ -0.156208469115638, 52.167256263343447 ], [ -0.189535448038218, 52.169196372818874 ], [ -0.215906744381011, 52.158998443119486 ], [ -0.224767087478081, 52.1650843743789 ], [ -0.253488315109074, 52.172517405178411 ], [ -0.260772532051639, 52.176411318681403 ], [ -0.267076230321316, 52.164900498864526 ], [ -0.254876769468193, 52.16352873223493 ], [ -0.227686624070551, 52.150685314346497 ], [ -0.234480561585102, 52.14527989430438 ], [ -0.207663734599734, 52.144524522488403 ], [ -0.183081928442182, 52.139956218027045 ], [ -0.163758343609894, 52.140115826320461 ], [ -0.154726622071478, 52.144398274148493 ], [ -0.144102843393697, 52.132951621050829 ], [ -0.146198872687332, 52.106032397106588 ], [ -0.150445567701724, 52.088827184632088 ], [ -0.157618392101052, 52.080438370742712 ], [ -0.147462884853095, 52.069353237741758 ], [ -0.155191881590816, 52.053173665159733 ], [ -0.14593627170753, 52.047508079440455 ], [ -0.13386334960279, 52.046323780435472 ], [ -0.122368708459811, 52.029615687165382 ], [ -0.107281898806356, 52.028546683363437 ], [ -0.067635919947306, 52.041912760605584 ], [ -0.044763129051583, 52.047664314387092 ], [ 0.011081954160392, 52.049655337230007 ], [ 0.039882645146736, 52.053243238507243 ], [ 0.035997148045552, 52.060022652206726 ], [ 0.061338192589777, 52.069111092390976 ], [ 0.106744409900555, 52.066348263467205 ], [ 0.119381446279141, 52.060521003748981 ], [ 0.128133822517559, 52.047337038630175 ], [ 0.151150152925784, 52.052876574193533 ], [ 0.160606307233843, 52.052077447310779 ], [ 0.194985660817016, 52.061048838025691 ], [ 0.181209465733433, 52.072304627010816 ], [ 0.193590278726438, 52.075161500063018 ], [ 0.203467792165943, 52.092650410423239 ], [ 0.234958564718621, 52.089061623704019 ], [ 0.251948236342567, 52.077333771586517 ], [ 0.272500208276956, 52.088786977607882 ], [ 0.292650871147671, 52.088820856208429 ], [ 0.317399093434735, 52.079268395043243 ], [ 0.350960903282638, 52.047599138588495 ], [ 0.364219495578675, 52.044316082476477 ], [ 0.369575088321516, 52.037970005600883 ], [ 0.388207638639005, 52.043714718832767 ], [ 0.379597603937667, 52.049565302935363 ], [ 0.394057032156543, 52.062773991407632 ], [ 0.404597709631582, 52.065512654529201 ] ] ] } },
{ "type": "Feature", "properties": { "hcs_name": "Cardiganshire", "abbr": "Cards", "hcs_county": "Cardigan", "hcs_number": 18, "hcs_code": "CRD", "county": "Cardiganshire", "region": "Wales" }, "geometry": { "type": "Polygon", "coordinates": [ [ [ -4.559621785707052, 52.043582799118674 ], [ -4.542736204874479, 52.04628695893814 ], [ -4.515592908477407, 52.047031512953168 ], [ -4.502756411313652, 52.042794613549972 ], [ -4.486800741128803, 52.048669082230639 ], [ -4.459315021994702, 52.037200542596892 ], [ -4.451017816153061, 52.043682741798335 ], [ -4.436570942339966, 52.043713249861263 ], [ -4.394411314757317, 52.034917837144974 ], [ -4.383126608093255, 52.039687082181096 ], [ -4.350013720242889, 52.026988437050456 ], [ -4.329915552603309, 52.037536582987315 ], [ -4.315766968913405, 52.037290917658936 ], [ -4.303071261507466, 52.046790943740234 ], [ -4.281771182913809, 52.039677917688344 ], [ -4.235160139764691, 52.038208304275528 ], [ -4.230325384097344, 52.048430704328517 ], [ -4.214052238447333, 52.051483628687741 ], [ -4.213250923780564, 52.057885665392867 ], [ -4.19722850995714, 52.064888010745825 ], [ -4.190621511897603, 52.059465024185954 ], [ -4.162878677768535, 52.069582267186128 ], [ -4.154271495716317, 52.086519488993837 ], [ -4.144169455123218, 52.094228575627497 ], [ -4.128831978003491, 52.093296837745918 ], [ -4.100066497212635, 52.096347955034211 ], [ -4.09227499542372, 52.103236571905555 ], [ -4.057957029488851, 52.113896559328239 ], [ -4.039499768786762, 52.107242788439656 ], [ -4.026069140623386, 52.098096519413509 ], [ -4.009368662533221, 52.099336094509162 ], [ -3.995828767552345, 52.11190217622817 ], [ -3.978882677028215, 52.112716147458229 ], [ -3.969644792098626, 52.122971036468599 ], [ -3.940500135405898, 52.138445822749574 ], [ -3.929713999532496, 52.129581837057628 ], [ -3.908966735085343, 52.121164311899186 ], [ -3.894117826613404, 52.125399041272807 ], [ -3.88566499576164, 52.13311429347246 ], [ -3.864990261278392, 52.14231901958216 ], [ -3.842312201441015, 52.135643680098454 ], [ -3.822714617177528, 52.124287625889679 ], [ -3.804894959413749, 52.118870012129754 ], [ -3.786423922749331, 52.107197133843997 ], [ -3.776558125076264, 52.106901378512589 ], [ -3.774478693215777, 52.1160782398142 ], [ -3.758637703650871, 52.128227540782028 ], [ -3.741555005527274, 52.139122936732477 ], [ -3.750811290977345, 52.164305975195504 ], [ -3.752260218082141, 52.197592584040542 ], [ -3.746079847435853, 52.21079914314948 ], [ -3.75050102724294, 52.217157011190643 ], [ -3.742793404470482, 52.229029281504303 ], [ -3.749182777721179, 52.240710957579417 ], [ -3.74479465777007, 52.246619621381001 ], [ -3.753338744344245, 52.251612800055661 ], [ -3.73030023102835, 52.27174480523761 ], [ -3.705960335758954, 52.275139253655361 ], [ -3.723550625865714, 52.287594653883275 ], [ -3.732805179587838, 52.288989581933834 ], [ -3.726177653606784, 52.29966186265046 ], [ -3.729942892091234, 52.309064952437389 ], [ -3.744965572974211, 52.31729455909462 ], [ -3.718167039082561, 52.335120492562503 ], [ -3.705026676366124, 52.341457424382931 ], [ -3.692016758132693, 52.339550475143064 ], [ -3.658515073598539, 52.347803571421515 ], [ -3.663677224706266, 52.354620466917346 ], [ -3.685415468500392, 52.368243047957151 ], [ -3.695976667393392, 52.371158052254486 ], [ -3.703860720982931, 52.388952834101509 ], [ -3.712881287867091, 52.4014696611342 ], [ -3.712081020318254, 52.413375882878185 ], [ -3.726390122218907, 52.416510843968126 ], [ -3.730829702910472, 52.425435136771412 ], [ -3.761997040581122, 52.439851633324814 ], [ -3.771603900930008, 52.442178045094266 ], [ -3.764404793114542, 52.471521178136207 ], [ -3.751321710909964, 52.472931079369161 ], [ -3.73886385152675, 52.486684144749624 ], [ -3.741102813862878, 52.495556386408801 ], [ -3.730240354470827, 52.498651302516166 ], [ -3.74191416163311, 52.507602430461468 ], [ -3.767615995148442, 52.498798606078829 ], [ -3.772244767308777, 52.488642529877545 ], [ -3.793149544235646, 52.486671769071222 ], [ -3.805745852188467, 52.480651014963939 ], [ -3.825360902213419, 52.483665083151209 ], [ -3.837968746527226, 52.501813164058426 ], [ -3.844463503697755, 52.516931102820294 ], [ -3.836266528185336, 52.52581149473086 ], [ -3.840867140776125, 52.551340103482268 ], [ -3.859722252011113, 52.560855856515616 ], [ -3.926920758221145, 52.560762384325507 ], [ -3.959875376933865, 52.559752621581424 ], [ -3.967291098060456, 52.553651954570533 ], [ -3.985513497253384, 52.553404983882572 ], [ -3.998110953649537, 52.541669028451032 ], [ -4.011649639483253, 52.541523780292593 ], [ -4.028880006980289, 52.545735030334228 ], [ -4.050721485200139, 52.539647427977158 ], [ -4.05863884931873, 52.523813896409166 ], [ -4.053000034926996, 52.498962851930919 ], [ -4.052874708537617, 52.479611923852289 ], [ -4.067839402048142, 52.469726227348332 ], [ -4.082046693936725, 52.43835752481769 ], [ -4.079513093431789, 52.432756332944166 ], [ -4.089269013348826, 52.414374821671643 ], [ -4.089251666119158, 52.39933415772358 ], [ -4.111064291355193, 52.3738631486843 ], [ -4.127571765407603, 52.338843096139726 ], [ -4.134587127726499, 52.334288875261592 ], [ -4.140345307410223, 52.322529338873217 ], [ -4.167745314166967, 52.297293074723783 ], [ -4.182635651728006, 52.29142527345239 ], [ -4.189371470948644, 52.280036538156864 ], [ -4.202604546641026, 52.267377893542672 ], [ -4.233799812682554, 52.251511194181774 ], [ -4.255899273549241, 52.247994043210667 ], [ -4.292682921200306, 52.228041158684768 ], [ -4.326919775755589, 52.213079601901001 ], [ -4.354529901084098, 52.210616401832937 ], [ -4.364712810627925, 52.21877749745672 ], [ -4.378812773748324, 52.214433946043584 ], [ -4.407778461641803, 52.191637284403441 ], [ -4.415844574784066, 52.18919671599933 ], [ -4.428942655099139, 52.178174438436137 ], [ -4.446254431691712, 52.169611728551907 ], [ -4.464412395308202, 52.168296985480985 ], [ -4.474542192408089, 52.159545160008143 ], [ -4.488084433385228, 52.153714459719872 ], [ -4.4920710112799, 52.147533414451019 ], [ -4.518338856709077, 52.135061406163409 ], [ -4.547999563180267, 52.135050741253622 ], [ -4.557225084890315, 52.142650111271507 ], [ -4.569220654715594, 52.144365796363616 ], [ -4.583510669002179, 52.137873228273016 ], [ -4.643288553274813, 52.138146528395737 ], [ -4.67450491166834, 52.1290646731509 ], [ -4.687348115151049, 52.12882758581943 ], [ -4.689463996873875, 52.107529619904021 ], [ -4.680021046372114, 52.099444219270794 ], [ -4.681625956329023, 52.085196449509738 ], [ -4.661119374227535, 52.080638644565944 ], [ -4.645196157307114, 52.080142068292126 ], [ -4.636445169993971, 52.068656538672244 ], [ -4.642449439646726, 52.066004555722138 ], [ -4.631343344147825, 52.05608269094202 ], [ -4.609906017363283, 52.057642265601537 ], [ -4.595058099439605, 52.062595188380101 ], [ -4.583624473103428, 52.058581831621645 ], [ -4.566821990092878, 52.057546925384315 ], [ -4.559621785707052, 52.043582799118674 ] ] ] } },
{ "type": "Feature", "properties": { "hcs_name": "Carmarthenshire", "abbr": "Carms", "hcs_county": "Carmarthen", "hcs_number": 19, "hcs_code": "CRM", "county": "Carmarthenshire", "region": "Wales" }, "geometry": { "type": "Polygon", "coordinates": [ [ [ -4.559621785707052, 52.043582799118674 ], [ -4.551257394782335, 52.038027454203082 ], [ -4.54560608997002, 52.018355217045453 ], [ -4.5354025343615, 52.017724219941591 ], [ -4.523304024502683, 52.011428778283502 ], [ -4.511092172873336, 51.994371291287592 ], [ -4.488102020311198, 51.989462746034739 ], [ -4.48560723469526, 51.975773150149848 ], [ -4.493055579377874, 51.962375767262436 ], [ -4.532732469050801, 51.954404663925175 ], [ -4.540856900240177, 51.956695091054414 ], [ -4.560874961603926, 51.945582480818814 ], [ -4.566547634347989, 51.937026549926394 ], [ -4.587833166575545, 51.931802533135205 ], [ -4.600009718457404, 51.940904136811376 ], [ -4.634739980424436, 51.919350693657137 ], [ -4.651451582047279, 51.922652224138496 ], [ -4.665250367382261, 51.929475612453032 ], [ -4.695718134388874, 51.9233778363322 ], [ -4.724106914763585, 51.911411563826867 ], [ -4.752793744058676, 51.875025386575423 ], [ -4.730332393632565, 51.876497867003813 ], [ -4.717939275849778, 51.871910345099728 ], [ -4.722480324200128, 51.865164217291913 ], [ -4.712273978911005, 51.852952787962288 ], [ -4.734820608096157, 51.852612206502648 ], [ -4.745312243701399, 51.845790762058456 ], [ -4.76188059010425, 51.85456290752218 ], [ -4.775835161180996, 51.84830595534374 ], [ -4.782351223838002, 51.840745644712307 ], [ -4.778891562603198, 51.833030320745003 ], [ -4.759417431303104, 51.833065981205387 ], [ -4.74795394759193, 51.837293491105932 ], [ -4.732253191483161, 51.831609514401208 ], [ -4.719585782715825, 51.832437829006849 ], [ -4.697409412053396, 51.829043648769563 ], [ -4.684227676051811, 51.839589668402525 ], [ -4.704156412470017, 51.839125788477872 ], [ -4.703770206492863, 51.851881226832433 ], [ -4.663095696118951, 51.8328296343308 ], [ -4.652591232172043, 51.839259472504963 ], [ -4.637321193192177, 51.832695635344614 ], [ -4.643277415900169, 51.825609525007152 ], [ -4.62920713966616, 51.817418905287077 ], [ -4.614954122344519, 51.816246159496458 ], [ -4.618808796671424, 51.807274053712419 ], [ -4.644580402026922, 51.79722291849604 ], [ -4.637170188930369, 51.789189040714355 ], [ -4.645416166085054, 51.778493023012558 ], [ -4.635113717400268, 51.770522864369731 ], [ -4.622599773459625, 51.768113544047701 ], [ -4.630577541911302, 51.756803091472534 ], [ -4.627230673048202, 51.750834041326335 ], [ -4.635802365178207, 51.739871799943238 ], [ -4.64550589242242, 51.733942864684266 ], [ -4.628693959641839, 51.733828731802866 ], [ -4.61289618403358, 51.738122724263057 ], [ -4.578586901873718, 51.734306877452582 ], [ -4.559885594277701, 51.741876134307972 ], [ -4.463831043971465, 51.731682898443147 ], [ -4.445512342079381, 51.733526186327772 ], [ -4.418274328911718, 51.744188240532139 ], [ -4.372918901681109, 51.717896061943812 ], [ -4.34786364975448, 51.694738898763163 ], [ -4.318770421747293, 51.676060107128698 ], [ -4.298501693505036, 51.668715367219257 ], [ -4.2825534560885, 51.667663720710735 ], [ -4.269244007176451, 51.670941408579331 ], [ -4.254136344047327, 51.678718724710421 ], [ -4.225880953391933, 51.679813971687913 ], [ -4.235795621443708, 51.668564602073744 ], [ -4.209830035468993, 51.673258910513702 ], [ -4.200069917940703, 51.671425721899944 ], [ -4.185648488565645, 51.65826890353248 ], [ -4.167188942436143, 51.650415072541605 ], [ -4.146730156390896, 51.651736573732514 ], [ -4.106783364217907, 51.658938316621757 ], [ -4.091594230778861, 51.657491725311225 ], [ -4.070144947825519, 51.669171645225312 ], [ -4.079649607972003, 51.67990143450762 ], [ -4.070053459104012, 51.684040452111361 ], [ -4.064117130465782, 51.696117699071287 ], [ -4.045634626493858, 51.71342463227942 ], [ -4.049408651376412, 51.729348699039157 ], [ -4.015622976634639, 51.75210572352178 ], [ -4.003013503493048, 51.762799324633498 ], [ -3.99677135146347, 51.774194213795944 ], [ -3.979635264458804, 51.764681617672366 ], [ -3.951989154327427, 51.764689022437061 ], [ -3.948574672805337, 51.768850097997991 ], [ -3.928507749196141, 51.773735689576206 ], [ -3.917274602384385, 51.764730977004966 ], [ -3.901888533547458, 51.770953840392771 ], [ -3.885363170749109, 51.772963991416283 ], [ -3.882073922398881, 51.787819683014902 ], [ -3.891893210392882, 51.796176326543659 ], [ -3.886925591040491, 51.804227791471277 ], [ -3.866187595107093, 51.81012839367223 ], [ -3.842197881012339, 51.809467347177815 ], [ -3.817014673128712, 51.801560077687597 ], [ -3.806787668416407, 51.787755782466483 ], [ -3.80561183671573, 51.799517460461651 ], [ -3.788040537329018, 51.812415400852842 ], [ -3.782006517430598, 51.82152356890667 ], [ -3.784129196980438, 51.828461279293776 ], [ -3.772618617779038, 51.84608946834225 ], [ -3.763744737544183, 51.853734428121015 ], [ -3.740630800202613, 51.863020787178385 ], [ -3.721923639924408, 51.87762925917685 ], [ -3.714216826400147, 51.888341059817542 ], [ -3.718035381270807, 51.901170668961797 ], [ -3.727520647014647, 51.910584586041082 ], [ -3.723076343203709, 51.917415558784008 ], [ -3.721036370833608, 51.942071629495032 ], [ -3.697289481098682, 51.947833284354374 ], [ -3.710725983529231, 51.9611731316771 ], [ -3.708410399434506, 51.968254432906761 ], [ -3.713265868564815, 51.978571456726144 ], [ -3.708326996145627, 51.986776009294481 ], [ -3.691404431006113, 51.995634749802882 ], [ -3.675224067169811, 52.021046804215352 ], [ -3.662243898727323, 52.031396776332507 ], [ -3.64713165121728, 52.038758557211757 ], [ -3.662786402694388, 52.052423164390426 ], [ -3.679884370233547, 52.062119401268092 ], [ -3.668806109675426, 52.069421729722919 ], [ -3.701049966055331, 52.082441576629563 ], [ -3.720248843944371, 52.087590414245774 ], [ -3.722764246609704, 52.099444731068253 ], [ -3.714074058250983, 52.104925438080883 ], [ -3.720308334111601, 52.117491014787852 ], [ -3.736984447608699, 52.120716756135437 ], [ -3.758637703650871, 52.128227540782028 ], [ -3.774478693215777, 52.1160782398142 ], [ -3.776558125076264, 52.106901378512589 ], [ -3.786423922749331, 52.107197133843997 ], [ -3.804894959413749, 52.118870012129754 ], [ -3.822714617177528, 52.124287625889679 ], [ -3.842312201441015, 52.135643680098454 ], [ -3.864990261278392, 52.14231901958216 ], [ -3.88566499576164, 52.13311429347246 ], [ -3.894117826613404, 52.125399041272807 ], [ -3.908966735085343, 52.121164311899186 ], [ -3.929713999532496, 52.129581837057628 ], [ -3.940500135405898, 52.138445822749574 ], [ -3.969644792098626, 52.122971036468599 ], [ -3.978882677028215, 52.112716147458229 ], [ -3.995828767552345, 52.11190217622817 ], [ -4.009368662533221, 52.099336094509162 ], [ -4.026069140623386, 52.098096519413509 ], [ -4.039499768786762, 52.107242788439656 ], [ -4.057957029488851, 52.113896559328239 ], [ -4.09227499542372, 52.103236571905555 ], [ -4.100066497212635, 52.096347955034211 ], [ -4.128831978003491, 52.093296837745918 ], [ -4.144169455123218, 52.094228575627497 ], [ -4.154271495716317, 52.086519488993837 ], [ -4.162878677768535, 52.069582267186128 ], [ -4.190621511897603, 52.059465024185954 ], [ -4.19722850995714, 52.064888010745825 ], [ -4.213250923780564, 52.057885665392867 ], [ -4.214052238447333, 52.051483628687741 ], [ -4.230325384097344, 52.048430704328517 ], [ -4.235160139764691, 52.038208304275528 ], [ -4.281771182913809, 52.039677917688344 ], [ -4.303071261507466, 52.046790943740234 ], [ -4.315766968913405, 52.037290917658936 ], [ -4.329915552603309, 52.037536582987315 ], [ -4.350013720242889, 52.026988437050456 ], [ -4.383126608093255, 52.039687082181096 ], [ -4.394411314757317, 52.034917837144974 ], [ -4.436570942339966, 52.043713249861263 ], [ -4.451017816153061, 52.043682741798335 ], [ -4.459315021994702, 52.037200542596892 ], [ -4.486800741128803, 52.048669082230639 ], [ -4.502756411313652, 52.042794613549972 ], [ -4.515592908477407, 52.047031512953168 ], [ -4.542736204874479, 52.04628695893814 ], [ -4.559621785707052, 52.043582799118674 ] ] ] } },
{ "type": "Feature", "properties": { "hcs_name": "Cheshire", "abbr": "Ches", "hcs_county": "Chester", "hcs_number": 20, "hcs_code": "CHE", "county": "Cheshire", "region": "North West England" }, "geometry": { "type": "Polygon", "coordinates": [ [ [ -1.800276600106698, 53.49337882298969 ], [ -1.796048832215244, 53.502596418495038 ], [ -1.810250544452871, 53.506396512992353 ], [ -1.819575366372038, 53.513755016502408 ], [ -1.822544778283945, 53.522578611627246 ], [ -1.841606165790467, 53.519753878428304 ], [ -1.84560874258654, 53.524633798109718 ], [ -1.871493057307301, 53.5396371049533 ], [ -1.894195671951609, 53.533634271890648 ], [ -1.90864289300322, 53.538685056882841 ], [ -1.92239435288729, 53.53078438072194 ], [ -1.92681976660215, 53.520898325467023 ], [ -1.916666476788233, 53.514405881813481 ], [ -1.935459834462474, 53.505768190812333 ], [ -1.955872511363646, 53.504470035783839 ], [ -1.963408700781471, 53.509844168238558 ], [ -1.98699215229466, 53.516730684085388 ], [ -1.99697791881484, 53.522041580884803 ], [ -2.00929123888209, 53.51917808956577 ], [ -2.023177028962574, 53.528405782323929 ], [ -2.038319859543229, 53.519132131196237 ], [ -2.038167247035101, 53.497667861238753 ], [ -2.04595269482617, 53.48813961160505 ], [ -2.065069923843396, 53.480376065178447 ], [ -2.079527368488724, 53.482707128463886 ], [ -2.100713989757525, 53.481585652982275 ], [ -2.108212343748166, 53.471127555435423 ], [ -2.095740285574395, 53.460704750812603 ], [ -2.09294846858642, 53.437299628444379 ], [ -2.101727801394675, 53.432547149679628 ], [ -2.111274448728463, 53.437535655573292 ], [ -2.139141820490651, 53.43980902115122 ], [ -2.147570978510786, 53.435285158901721 ], [ -2.142742590744859, 53.426799421302917 ], [ -2.157860977081192, 53.416967392564899 ], [ -2.163060347045145, 53.409484386988673 ], [ -2.175284800578807, 53.406595913761272 ], [ -2.206453665699077, 53.405106668162695 ], [ -2.217329392058055, 53.401407169132732 ], [ -2.249596564111776, 53.399506128505571 ], [ -2.253433712092047, 53.409105294907278 ], [ -2.250405190037799, 53.421097656273822 ], [ -2.265279499446787, 53.420101199434292 ], [ -2.284103863447982, 53.42538222392465 ], [ -2.302403982269932, 53.438368915386661 ], [ -2.323242402148714, 53.432535729698749 ], [ -2.349280835253232, 53.439393656169301 ], [ -2.357340821106043, 53.431397888162671 ], [ -2.373865151720698, 53.436956409257263 ], [ -2.4044374746941, 53.440008446104081 ], [ -2.415334574805537, 53.432884060663802 ], [ -2.426978863089059, 53.434060275958814 ], [ -2.434670319803693, 53.422623518270761 ], [ -2.454185830159248, 53.413785536874407 ], [ -2.457769571469113, 53.40266596797936 ], [ -2.471148298913056, 53.397596388363169 ], [ -2.489124066133619, 53.395592656862043 ], [ -2.49994757636731, 53.398277291418971 ], [ -2.518093716773346, 53.395422443264934 ], [ -2.524666707296041, 53.384686239365926 ], [ -2.53499745741779, 53.393990425019091 ], [ -2.546325584800416, 53.395953286074842 ], [ -2.569478328871541, 53.387719967259351 ], [ -2.592713844838253, 53.383198988923972 ], [ -2.589812933989544, 53.373062830535837 ], [ -2.606456451863699, 53.375096603708108 ], [ -2.610935818964545, 53.38572052760756 ], [ -2.623514841680401, 53.374983985604921 ], [ -2.636822344574974, 53.377966226412433 ], [ -2.646686334018362, 53.372439314959024 ], [ -2.659544191366612, 53.37371411001115 ], [ -2.667277775091641, 53.360218952289109 ], [ -2.679493628046816, 53.355433340046929 ], [ -2.702036175144003, 53.359589058396217 ], [ -2.713144919172863, 53.353259224993622 ], [ -2.738785298768922, 53.346151347633359 ], [ -2.76185241142872, 53.332893575305427 ], [ -2.76328757519793, 53.327565128733092 ], [ -2.75241593033758, 53.313583904185847 ], [ -2.78833461643301, 53.296387945021863 ], [ -2.82126511109873, 53.307203669300932 ], [ -2.84774269130934, 53.306443882066922 ], [ -2.84144011237712, 53.298166565978143 ], [ -2.86094938536289, 53.292739952414159 ], [ -2.880475291533, 53.291145243025383 ], [ -2.89994952915656, 53.296744799499407 ], [ -2.91582382348775, 53.305842874750113 ], [ -2.93363849842202, 53.311122131405149 ], [ -2.95774026585587, 53.331401813377333 ], [ -2.96818224717285, 53.347738445604101 ], [ -2.98367294142804, 53.36205086093721 ], [ -3.00144752035897, 53.373747838108457 ], [ -3.00823016920585, 53.393913564174142 ], [ -3.01734335896444, 53.412152926528123 ], [ -3.02947657812069, 53.425427923702031 ], [ -3.03663485228922, 53.439689352984523 ], [ -3.06028455058224, 53.439365258218778 ], [ -3.07573258395466, 53.434201556280982 ], [ -3.10155806555004, 53.420900218148986 ], [ -3.14212711617539, 53.411581088947379 ], [ -3.17080735413088, 53.402021096953412 ], [ -3.1969173338287, 53.387402715574943 ], [ -3.19861024275087, 53.375988678490486 ], [ -3.16255070591498, 53.348421419360292 ], [ -3.14815330149459, 53.34181614123893 ], [ -3.12338229573387, 53.324958418694983 ], [ -3.11976201033789, 53.310050171391843 ], [ -3.10836995557873, 53.290291409367363 ], [ -3.09088549570545, 53.28412674980418 ], [ -3.09046294629671, 53.278555360512279 ], [ -3.101204142966459, 53.266766346519191 ], [ -3.09159672450965, 53.259559887448013 ], [ -3.082943070516274, 53.255639775420896 ], [ -3.079738158053366, 53.254766216857213 ], [ -3.079399081923516, 53.25468490337596 ], [ -3.076198273779404, 53.253994401385654 ], [ -3.073992784941741, 53.253600630378273 ], [ -3.036061258716177, 53.251821407213683 ], [ -2.992360907532433, 53.232880827901639 ], [ -2.949262769025681, 53.211128027494773 ], [ -2.937528210199498, 53.197880280464119 ], [ -2.922290237606771, 53.189302792207428 ], [ -2.920948411859569, 53.177123624991239 ], [ -2.927817908191882, 53.171459391374903 ], [ -2.992320034392459, 53.156663124324766 ], [ -2.977027222888485, 53.147947736193252 ], [ -2.963951164417379, 53.132749034829928 ], [ -2.946485360679173, 53.126880595795299 ], [ -2.94502197010457, 53.122260082621892 ], [ -2.923851587874636, 53.118524131304987 ], [ -2.903291534907737, 53.111749375690685 ], [ -2.891666236223205, 53.118746142983525 ], [ -2.884203932914627, 53.112951727267024 ], [ -2.891828197554813, 53.10723399204393 ], [ -2.890555101126976, 53.099439925913707 ], [ -2.900517358758825, 53.090758641319894 ], [ -2.875722996132144, 53.08119263422607 ], [ -2.88070098418915, 53.073889166137803 ], [ -2.86937654674015, 53.069709619692738 ], [ -2.859550902566915, 53.05457712461282 ], [ -2.868568153009269, 53.050555970280186 ], [ -2.866557826550929, 53.040823366463535 ], [ -2.858297363310756, 53.038111131327831 ], [ -2.861046381541654, 53.022853991357408 ], [ -2.847872417680763, 53.019021413596803 ], [ -2.83738361690665, 53.010298793469865 ], [ -2.829826674542087, 52.995577876151252 ], [ -2.798064466428755, 52.989474468694077 ], [ -2.78929361676842, 52.995682579408573 ], [ -2.766707013494058, 52.99459803625188 ], [ -2.75379845004711, 52.986158447974468 ], [ -2.726886572950517, 52.983256310567448 ], [ -2.715879788049871, 52.98438392267304 ], [ -2.69929926453211, 52.995451827490434 ], [ -2.684626894787802, 52.986258711067954 ], [ -2.664371035937605, 52.98902036080559 ], [ -2.649040956584418, 52.995702098139297 ], [ -2.628015517016419, 52.995146841772112 ], [ -2.621395093829183, 52.98661562682684 ], [ -2.608343188475192, 52.988146650053217 ], [ -2.595475351601655, 52.978893140717339 ], [ -2.597224745198425, 52.963282111583922 ], [ -2.586448686123902, 52.955393280811109 ], [ -2.578142023378463, 52.955744114382981 ], [ -2.561744888432662, 52.964215516083087 ], [ -2.534327827317136, 52.947730945320181 ], [ -2.53237697826389, 52.934425114961776 ], [ -2.517932134292499, 52.932299654649192 ], [ -2.513886094054324, 52.945451258749998 ], [ -2.525998349757199, 52.952878389008163 ], [ -2.521338576942306, 52.974347460565269 ], [ -2.507455776302411, 52.965462133682713 ], [ -2.498969750597062, 52.968451267471146 ], [ -2.481742080435595, 52.958895542716768 ], [ -2.474879064386853, 52.962535032525359 ], [ -2.435256552412241, 52.969423718755785 ], [ -2.436754419039011, 52.986282796728737 ], [ -2.410460799675119, 52.988055534918615 ], [ -2.39747917453138, 52.995007602809373 ], [ -2.380763085563663, 52.998369443885629 ], [ -2.383035993810452, 53.007677919692469 ], [ -2.365667825645169, 53.016861053083709 ], [ -2.384028919823121, 53.031788883226511 ], [ -2.383826329504219, 53.041027164575283 ], [ -2.374895142803941, 53.056810446420329 ], [ -2.362131616267429, 53.060442787321222 ], [ -2.348712258656431, 53.055824335787015 ], [ -2.318053476618407, 53.081403428180039 ], [ -2.303404895283334, 53.082990869766654 ], [ -2.294595689771161, 53.078214268250683 ], [ -2.277056090315848, 53.085934353108527 ], [ -2.257865177867944, 53.089976976297287 ], [ -2.252383580430263, 53.086647524948319 ], [ -2.234712335075771, 53.10338671350258 ], [ -2.217117768802409, 53.10975964303978 ], [ -2.173892494486373, 53.146835249872332 ], [ -2.150920495931536, 53.159536308726288 ], [ -2.14141971355076, 53.156612108155066 ], [ -2.14430399478702, 53.176897488414021 ], [ -2.140269119889312, 53.183879195378942 ], [ -2.11543965117401, 53.169538386339923 ], [ -2.101463682448074, 53.168958418841598 ], [ -2.071113907679123, 53.171968252490053 ], [ -2.047393278646733, 53.192287257339181 ], [ -2.028834224050936, 53.193392468394663 ], [ -2.016379674885886, 53.189287110833753 ], [ -2.001757884686675, 53.192953044289013 ], [ -1.987373651398142, 53.213616577181519 ], [ -1.990183487372667, 53.22309334730231 ], [ -1.976111834175072, 53.227471958174988 ], [ -1.981847818067912, 53.238489337908398 ], [ -1.975700293739298, 53.241588088984336 ], [ -1.977299758209216, 53.252589559177011 ], [ -1.984393875323573, 53.267195530648912 ], [ -1.977733038083989, 53.276203620400771 ], [ -1.981497168516079, 53.299656784813365 ], [ -1.989909902985671, 53.314090430894318 ], [ -1.978701419211678, 53.341479762795117 ], [ -1.987104918836542, 53.3521748791904 ], [ -2.001321427986176, 53.360807722254101 ], [ -2.034095849022926, 53.367785163764893 ], [ -2.042723779068419, 53.37537407640086 ], [ -2.054375079669696, 53.395875519254645 ], [ -2.055037833967551, 53.408402582472021 ], [ -2.04394422807342, 53.419454692393046 ], [ -2.023298588111971, 53.431061239293321 ], [ -2.021855022409189, 53.436195738380299 ], [ -1.995709752416517, 53.446097377510888 ], [ -1.9954572071572, 53.451826244169261 ], [ -1.980196256622908, 53.4663129052879 ], [ -1.93548100535158, 53.479491326473671 ], [ -1.900479046072498, 53.486028447290998 ], [ -1.892880499715833, 53.485595889950879 ], [ -1.869996901604974, 53.494357110814292 ], [ -1.829670466099914, 53.495197531703106 ], [ -1.820691663255323, 53.491597358995406 ], [ -1.800276600106698, 53.49337882298969 ] ] ] } },
{ "type": "Feature", "properties": { "hcs_name": "Clackmannanshire", "abbr": "Clacks", "hcs_county": "Clackmannan", "hcs_number": 21, "hcs_code": "CLM", "county": "Clackmannanshire", "region": "Scotland" }, "geometry": { "type": "Polygon", "coordinates": [ [ [ -3.635868804015, 56.131918939166141 ], [ -3.644765606158052, 56.137591198756645 ], [ -3.644533361104728, 56.146607731642966 ], [ -3.653341596189601, 56.156731891083567 ], [ -3.66457870513852, 56.154321329153206 ], [ -3.664008018498468, 56.171100078067674 ], [ -3.652166122154919, 56.178220130056097 ], [ -3.654229636341173, 56.186911334148803 ], [ -3.68645515819244, 56.195852397425469 ], [ -3.726325547111085, 56.19316925220641 ], [ -3.738218471816027, 56.189381034358256 ], [ -3.757609752014818, 56.220188826320111 ], [ -3.768099664737561, 56.221784349448839 ], [ -3.799224012940101, 56.205725286596603 ], [ -3.829452952575846, 56.196555014222348 ], [ -3.84120553263955, 56.188456499746486 ], [ -3.858165521579793, 56.164611798708123 ], [ -3.854950378479626, 56.152701994224913 ], [ -3.874413892120748, 56.151117204926713 ], [ -3.857674797395959, 56.138984303719099 ], [ -3.878010262872289, 56.13484130825357 ], [ -3.884019720734731, 56.129472184992451 ], [ -3.877064895300346, 56.120610837602626 ], [ -3.852158613362757, 56.121587510233695 ], [ -3.835307747037769, 56.118188052322246 ], [ -3.826128791732868, 56.112701895931387 ], [ -3.797660333315989, 56.108678298842612 ], [ -3.761293687987483, 56.083419436498559 ], [ -3.736741247346249, 56.080789760946743 ], [ -3.718376616673029, 56.092097025541683 ], [ -3.717447153856059, 56.102739454868789 ], [ -3.677512218032372, 56.102170375167091 ], [ -3.672407240740758, 56.107800803850708 ], [ -3.634814769733703, 56.108865387532042 ], [ -3.65965169291218, 56.119837303622127 ], [ -3.650831908335521, 56.129061117005705 ], [ -3.635868804015, 56.131918939166141 ] ] ] } },
{ "type": "Feature", "properties": { "hcs_name": "Cornwall", "abbr": "Corn", "hcs_county": "Cornwall", "hcs_number": 22, "hcs_code": "CNW", "county": "Cornwall", "region": "South West England" }, "geometry": { "type": "MultiPolygon", "coordinates": [ [ [ [ -4.203528623750298, 50.41058366217402 ], [ -4.202942566061918, 50.424544049169704 ], [ -4.197340544799141, 50.434419162460422 ], [ -4.208593303989468, 50.458175903346856 ], [ -4.215370343256697, 50.466605445939734 ], [ -4.223259212036718, 50.466667236508748 ], [ -4.228508178328239, 50.456197517720263 ], [ -4.238840014184617, 50.463194295980941 ], [ -4.21889216580434, 50.475109431476263 ], [ -4.223715502719223, 50.489901552772793 ], [ -4.220478131054413, 50.498232200248438 ], [ -4.194968891638709, 50.493411506003739 ], [ -4.203291878291396, 50.505253639012039 ], [ -4.201733581640133, 50.512688731017469 ], [ -4.214858446961627, 50.534646731846905 ], [ -4.233518550380654, 50.531594050143795 ], [ -4.240880383664105, 50.542495301780718 ], [ -4.260371695966825, 50.544079478242438 ], [ -4.259597353606712, 50.552055939206738 ], [ -4.279298780926617, 50.569244398079192 ], [ -4.271412306950177, 50.582603013949949 ], [ -4.289565579142461, 50.581636647071754 ], [ -4.311245076074664, 50.584874905103014 ], [ -4.306296178264039, 50.594749235592467 ], [ -4.308444018524288, 50.602756334684166 ], [ -4.303465597444868, 50.611784523409334 ], [ -4.307470411293247, 50.618501809532525 ], [ -4.300119111759233, 50.632489704986213 ], [ -4.319715719611801, 50.636048097655895 ], [ -4.333617189884568, 50.641484262048692 ], [ -4.338985198868739, 50.657738278767603 ], [ -4.365688202400013, 50.655357278145523 ], [ -4.371571450679429, 50.660568988780319 ], [ -4.395857434368542, 50.661689732961356 ], [ -4.414359989749682, 50.665104479174687 ], [ -4.423734230129625, 50.661909094154723 ], [ -4.441748883196407, 50.667861683024327 ], [ -4.447651134053255, 50.673061477817363 ], [ -4.462245889898919, 50.671253401496337 ], [ -4.49395023845782, 50.680459643393554 ], [ -4.506880449747726, 50.697991871350155 ], [ -4.500185665752033, 50.700692456654103 ], [ -4.505157332593456, 50.713583368592239 ], [ -4.483964366586429, 50.721376433615674 ], [ -4.443392290174519, 50.724000616587197 ], [ -4.424100196973214, 50.69893909801948 ], [ -4.416538433923237, 50.69324305140897 ], [ -4.387423773460044, 50.690046715313841 ], [ -4.367795970233747, 50.699516344922053 ], [ -4.368536090149155, 50.708788075955475 ], [ -4.362003868938952, 50.718995008956483 ], [ -4.369256275818675, 50.724064123056287 ], [ -4.374109375725192, 50.73791919954229 ], [ -4.385131822916879, 50.748741836072057 ], [ -4.381156071575633, 50.756990240923272 ], [ -4.387377199378606, 50.764969074672329 ], [ -4.380560188302847, 50.769797490574291 ], [ -4.393560817015817, 50.778236127018573 ], [ -4.412986938057508, 50.775202232263709 ], [ -4.409425944343316, 50.765257273159854 ], [ -4.422098368023912, 50.764281849969969 ], [ -4.44405206238944, 50.775716694049954 ], [ -4.453813026603922, 50.788947587285442 ], [ -4.447237536794681, 50.801714926612732 ], [ -4.445964765294645, 50.813319979730842 ], [ -4.43854968119642, 50.823301012145031 ], [ -4.444182666422797, 50.829673181141544 ], [ -4.433738453826639, 50.865515187793058 ], [ -4.425347212623144, 50.873292937694984 ], [ -4.446908082691335, 50.892588147681593 ], [ -4.446731331976514, 50.901358860127509 ], [ -4.458499031918921, 50.907592314292962 ], [ -4.463649338464345, 50.91635586915379 ], [ -4.45662492513383, 50.929143821313893 ], [ -4.471279662323482, 50.931317552839843 ], [ -4.499256445773007, 50.927461156874344 ], [ -4.533784921112131, 50.926731070450828 ], [ -4.545994547975895, 50.928398667391875 ], [ -4.562058560542686, 50.916972260680389 ], [ -4.566681838803933, 50.886363755804197 ], [ -4.558872106511356, 50.875933072598109 ], [ -4.553584919947411, 50.832168829325454 ], [ -4.558243818880252, 50.788108429217978 ], [ -4.561963485973127, 50.781365884179664 ], [ -4.583458408227701, 50.771722477621871 ], [ -4.590185166352878, 50.766291454848869 ], [ -4.613264612881984, 50.760688627836394 ], [ -4.617771996189891, 50.75319818830075 ], [ -4.631927125162036, 50.75013078969517 ], [ -4.641311347741326, 50.738132343687603 ], [ -4.652112364458946, 50.739206756451992 ], [ -4.649835677966571, 50.726906354356842 ], [ -4.65517222044098, 50.715419684729511 ], [ -4.681175832994666, 50.704300814188024 ], [ -4.685644826966657, 50.69582174934304 ], [ -4.698686464366317, 50.694205323482983 ], [ -4.703379744177584, 50.687327589054462 ], [ -4.727782640635072, 50.681727884748568 ], [ -4.734767486573507, 50.671723226384046 ], [ -4.764743799942169, 50.669021057038009 ], [ -4.766373704476506, 50.654730097780117 ], [ -4.760404244405397, 50.646358622675457 ], [ -4.772574418334443, 50.628739453638936 ], [ -4.770525437159598, 50.622276644196411 ], [ -4.796105252491575, 50.598124995627487 ], [ -4.823863205235233, 50.593979391052635 ], [ -4.846728748744508, 50.59777363936238 ], [ -4.871669026972116, 50.589823196067478 ], [ -4.884232868907424, 50.583245276624126 ], [ -4.909043862547066, 50.585195729267042 ], [ -4.919083645418646, 50.591603595808927 ], [ -4.93432387486902, 50.588169429787079 ], [ -4.915471736804691, 50.576015335876477 ], [ -4.940506706598703, 50.554251507870219 ], [ -4.949799046390488, 50.556245299619611 ], [ -4.944723544923247, 50.56851877083551 ], [ -4.972207642188703, 50.557582281464981 ], [ -4.977248607769249, 50.546281238467287 ], [ -4.996160835966903, 50.540354850742183 ], [ -5.006015152658272, 50.546349160757053 ], [ -5.026378609466782, 50.541664216613597 ], [ -5.022989107602718, 50.535571425591286 ], [ -5.029168675091043, 50.524791169993883 ], [ -5.028532743154077, 50.509566619777978 ], [ -5.045339192047198, 50.496594890296429 ], [ -5.035242691244826, 50.494066197613918 ], [ -5.033731056888337, 50.483767456871171 ], [ -5.041206941895338, 50.465525180753737 ], [ -5.039371069511272, 50.452199760346517 ], [ -5.04415895308138, 50.441704942607188 ], [ -5.057913003889151, 50.424156815875087 ], [ -5.085097278520977, 50.415053851811535 ], [ -5.096528157301744, 50.422246377500052 ], [ -5.101200297275517, 50.413859910573059 ], [ -5.124172458550981, 50.410672935393386 ], [ -5.126170946984516, 50.404437346573701 ], [ -5.147649758035734, 50.404873188934879 ], [ -5.142881168026077, 50.395379779758095 ], [ -5.15466261321686, 50.389068864609797 ], [ -5.146639298822312, 50.37536005618108 ], [ -5.155636779044617, 50.347775584143513 ], [ -5.181363193610134, 50.340412247627114 ], [ -5.180076697637043, 50.334198600703758 ], [ -5.20009762798229, 50.320767390936531 ], [ -5.233017889977891, 50.319365465555954 ], [ -5.233858260017902, 50.304789989385554 ], [ -5.24609886272313, 50.28465408752011 ], [ -5.278072873543596, 50.273915877774925 ], [ -5.284675233096976, 50.265981743434615 ], [ -5.300812144209605, 50.262862347987223 ], [ -5.315703005268614, 50.249344016542224 ], [ -5.336169246698695, 50.239677412617787 ], [ -5.356548722829559, 50.240437759819251 ], [ -5.368808192162733, 50.236243831296889 ], [ -5.38289963101936, 50.241056352147091 ], [ -5.39616122410981, 50.239870894692864 ], [ -5.392678308532115, 50.226909288858195 ], [ -5.405360031798554, 50.212789855804012 ], [ -5.426535372908118, 50.200097765654832 ], [ -5.434269876709044, 50.192432028673593 ], [ -5.46899720611516, 50.199686829978631 ], [ -5.469029191590815, 50.205475232350771 ], [ -5.479702807204504, 50.214397227240987 ], [ -5.495662431949111, 50.21932191248716 ], [ -5.543230417467404, 50.211563937853889 ], [ -5.555489377958243, 50.208270937234296 ], [ -5.565264699560122, 50.199719134635544 ], [ -5.594193267390977, 50.188663349947667 ], [ -5.599095831590489, 50.190514533485491 ], [ -5.613987425252549, 50.181611945608999 ], [ -5.628874677008173, 50.167854702384453 ], [ -5.645407286212472, 50.168879450052003 ], [ -5.671190877691329, 50.162756600130713 ], [ -5.691804134024618, 50.150324185374132 ], [ -5.6938073595069, 50.138602040377748 ], [ -5.701975172745144, 50.131727146942623 ], [ -5.705341612557633, 50.122413714290509 ], [ -5.694452697037002, 50.094484487892238 ], [ -5.689045708039778, 50.092138597297087 ], [ -5.69389298710416, 50.0811697690134 ], [ -5.708065419463581, 50.077887037530026 ], [ -5.714503153779623, 50.062916027241947 ], [ -5.698760232576594, 50.055398139386533 ], [ -5.68462625629838, 50.037923180642984 ], [ -5.672873147005514, 50.034693449507081 ], [ -5.642514890708936, 50.044476439398579 ], [ -5.635093568009732, 50.04090816057122 ], [ -5.623595300407482, 50.049994479881555 ], [ -5.607658023856755, 50.04828675934192 ], [ -5.596115824282307, 50.05265002653244 ], [ -5.576137352392065, 50.052205623791423 ], [ -5.554302275569796, 50.060056252859169 ], [ -5.542591988672424, 50.070993701190631 ], [ -5.533307473012003, 50.088526029282257 ], [ -5.548978956448735, 50.103045452297813 ], [ -5.545073738400393, 50.109999709277808 ], [ -5.530792861684612, 50.11569073777715 ], [ -5.523386863665782, 50.126183867133037 ], [ -5.494486296888327, 50.12869095285447 ], [ -5.475091362250574, 50.123368536453398 ], [ -5.46054282564086, 50.122041367090219 ], [ -5.453211490916392, 50.114990812193923 ], [ -5.429476712834224, 50.105549088779959 ], [ -5.419610028635914, 50.099001408009215 ], [ -5.410499835688175, 50.104428497239667 ], [ -5.391578402118755, 50.103486475990621 ], [ -5.366438302068451, 50.093714125508505 ], [ -5.363122919924774, 50.089021839550426 ], [ -5.346225825107796, 50.092509370540505 ], [ -5.329073449192279, 50.089076730254611 ], [ -5.29019474470076, 50.065997128222101 ], [ -5.278310681608849, 50.054875402451373 ], [ -5.281030945176004, 50.044377696628857 ], [ -5.266409931186422, 50.037575360103091 ], [ -5.265628143635107, 50.029470933786861 ], [ -5.255972863895947, 50.022903440399865 ], [ -5.264332065479009, 50.00714542942189 ], [ -5.265082395590698, 49.998682494705598 ], [ -5.251452206232571, 49.991181674663281 ], [ -5.245341884799094, 49.975481959589942 ], [ -5.237042457631813, 49.976613098106355 ], [ -5.220606843136014, 49.971923112839939 ], [ -5.215565039994106, 49.960286578855438 ], [ -5.199478649057514, 49.959407263682145 ], [ -5.185714709616216, 49.963060534475922 ], [ -5.188421004750985, 49.974162981314898 ], [ -5.172512062094751, 49.990732352678371 ], [ -5.166336278054573, 50.003907779546282 ], [ -5.155750305671434, 50.007750640435233 ], [ -5.121707759688737, 50.009018134239838 ], [ -5.111941818187656, 50.00284712242847 ], [ -5.101363505469644, 50.004237641462744 ], [ -5.094139226844416, 50.017234087745791 ], [ -5.096484735655158, 50.026613884923002 ], [ -5.089363490752717, 50.031274782562463 ], [ -5.06973628229535, 50.034725995872911 ], [ -5.062700056983982, 50.061986319049993 ], [ -5.078873820779281, 50.068284179040738 ], [ -5.075135168427439, 50.082171668236697 ], [ -5.099090916969463, 50.085481289223544 ], [ -5.105214745042052, 50.094550569819802 ], [ -5.124214372218318, 50.099097066956091 ], [ -5.111338227645821, 50.104006080835681 ], [ -5.102201984055425, 50.099880995750958 ], [ -5.084776405913209, 50.109537414047459 ], [ -5.091285364423401, 50.114495384708512 ], [ -5.090689924219242, 50.124570676157809 ], [ -5.072969474626968, 50.13437541767837 ], [ -5.076873213631876, 50.140025781917949 ], [ -5.057599705762316, 50.147765464461074 ], [ -5.073513198526873, 50.158762077273266 ], [ -5.0540849438965, 50.162019089203348 ], [ -5.045735130423343, 50.175816983501683 ], [ -5.055102241280487, 50.177958283698423 ], [ -5.055823415691532, 50.195362411162648 ], [ -5.040443545855056, 50.204701781795393 ], [ -5.03330439955539, 50.212407308500211 ], [ -5.024409638936546, 50.210063586801589 ], [ -5.03148266118485, 50.200295329093422 ], [ -5.027269394806622, 50.184882894696052 ], [ -5.019736210264702, 50.181794212834767 ], [ -5.024182696442525, 50.154874380602429 ], [ -4.997074071405692, 50.163081185817923 ], [ -5.004687991437202, 50.150550409842616 ], [ -5.017497201725122, 50.149372099559521 ], [ -5.009622854175451, 50.139317706428386 ], [ -4.972515874072382, 50.164672342473331 ], [ -4.974574459905796, 50.179797462771745 ], [ -4.968237879042391, 50.192519007594974 ], [ -4.957557946486038, 50.202140744416617 ], [ -4.933163257367714, 50.206965070601015 ], [ -4.92357914988398, 50.20219100140892 ], [ -4.910543967043082, 50.205317021719999 ], [ -4.896091994331749, 50.212957571495075 ], [ -4.8737176537206, 50.231080816885843 ], [ -4.865801586834164, 50.234822831485936 ], [ -4.84503412539488, 50.234837707037713 ], [ -4.8307621020477, 50.230582031619051 ], [ -4.819287938955751, 50.231653667875825 ], [ -4.803785358356754, 50.218800817937094 ], [ -4.798160561807447, 50.230245428948685 ], [ -4.78330343417641, 50.235281658698618 ], [ -4.788117483703977, 50.241109756334353 ], [ -4.777639502489028, 50.250510466400215 ], [ -4.768597834262351, 50.252822597208329 ], [ -4.783812661543585, 50.262956266311711 ], [ -4.78432264233419, 50.28494331493264 ], [ -4.754063745307531, 50.30596540268921 ], [ -4.765057662318819, 50.312955739185362 ], [ -4.766762318614115, 50.322193682586331 ], [ -4.753012618962073, 50.332122727320751 ], [ -4.706119818470161, 50.340491059789969 ], [ -4.70249281020708, 50.346552540473759 ], [ -4.689809642802461, 50.346394857668862 ], [ -4.681944411383899, 50.338339608804965 ], [ -4.682354372771279, 50.322229305891653 ], [ -4.652297953712054, 50.326523253710313 ], [ -4.619956170759945, 50.324009590678102 ], [ -4.612339878038915, 50.327909794978652 ], [ -4.601744538493486, 50.324330155487445 ], [ -4.587340729218307, 50.332113147245096 ], [ -4.538539016976104, 50.323964946636274 ], [ -4.513155365316988, 50.330122635642383 ], [ -4.498861536606745, 50.33620259633058 ], [ -4.474230520909528, 50.332953716041992 ], [ -4.473334941535517, 50.33812884302305 ], [ -4.452342401693278, 50.345010728551443 ], [ -4.452348526297651, 50.35132142908131 ], [ -4.437108556984936, 50.360590472573882 ], [ -4.410302116365447, 50.364137799789283 ], [ -4.386475148073107, 50.36415984372681 ], [ -4.366195336712209, 50.3600789171157 ], [ -4.331900577661699, 50.362266289771021 ], [ -4.292625274375228, 50.35894041081383 ], [ -4.270687851394514, 50.352507812799317 ], [ -4.233438272906592, 50.335932078840955 ], [ -4.22083289103348, 50.32652377816833 ], [ -4.226232424247942, 50.319955722394475 ], [ -4.221117292142914, 50.313774949381958 ], [ -4.207852261395198, 50.31851958587967 ], [ -4.18866197513647, 50.31752496462687 ], [ -4.189083428384852, 50.323173795836858 ], [ -4.200948315362975, 50.329497270739211 ], [ -4.190588818939513, 50.339901603673503 ], [ -4.17107942313171, 50.34380069067857 ], [ -4.166694377407494, 50.351538046728813 ], [ -4.176401271851153, 50.361036971948131 ], [ -4.193652406135443, 50.353390761600252 ], [ -4.206300012126227, 50.361720697892181 ], [ -4.215707672876278, 50.358956700926612 ], [ -4.220539024056983, 50.368906531893927 ], [ -4.199819974468484, 50.370201813341069 ], [ -4.193047218427135, 50.375830553428685 ], [ -4.21266710419943, 50.392721627121965 ], [ -4.203528623750298, 50.41058366217402 ] ] ], [ [ [ -6.276269612381766, 49.920972531384542 ], [ -6.281732683215778, 49.930747919891523 ], [ -6.293138811099537, 49.935439239350934 ], [ -6.309037631055342, 49.933588602643972 ], [ -6.31367487730299, 49.927602874862309 ], [ -6.303398899728043, 49.910221921284425 ], [ -6.287832349678369, 49.9100602723992 ], [ -6.276269612381766, 49.920972531384542 ] ] ], [ [ [ -6.320295500582359, 49.95202472164825 ], [ -6.342621592690447, 49.967907925406614 ], [ -6.351770574725951, 49.965049115113217 ], [ -6.338312334181106, 49.954019755666067 ], [ -6.338925330803818, 49.946588072316011 ], [ -6.321941410556588, 49.944490737266548 ], [ -6.320295500582359, 49.95202472164825 ] ] ], [ [ [ -6.261779978725261, 49.963295354770679 ], [ -6.287911395828283, 49.965897621689578 ], [ -6.296964649272181, 49.974094366911913 ], [ -6.304538822401083, 49.967185858895633 ], [ -6.287637298620661, 49.960777026909575 ], [ -6.27075986776573, 49.958492507596993 ], [ -6.261779978725261, 49.963295354770679 ] ] ] ] } },
{ "type": "Feature", "properties": { "hcs_name": "Cromartyshire", "abbr": "Crom", "hcs_county": "Cromarty", "hcs_number": 23, "hcs_code": "CRT", "county": "Cromartyshire", "region": "Scotland" }, "geometry": { "type": "MultiPolygon", "coordinates": [ [ [ [ -5.403399111746193, 57.931486048592028 ], [ -5.39454767602181, 57.92115226565322 ], [ -5.394390126780195, 57.912852631808398 ], [ -5.359627645286516, 57.907874979144928 ], [ -5.345851303751781, 57.907819260064173 ], [ -5.319858514764516, 57.894225608816562 ], [ -5.313425532345603, 57.887464135439252 ], [ -5.29751538346488, 57.885922148345585 ], [ -5.259012424561864, 57.894141728554139 ], [ -5.247842189283418, 57.904737213120882 ], [ -5.292103533962433, 57.899581618325399 ], [ -5.304350350405993, 57.899608642067506 ], [ -5.323508195030636, 57.906627309300362 ], [ -5.395334673840135, 57.925847171180457 ], [ -5.403399111746193, 57.931486048592028 ] ] ], [ [ [ -4.096746576623157, 57.722778136322269 ], [ -4.072053060158596, 57.732312366715455 ], [ -4.05896738537164, 57.729931085229261 ], [ -4.039208883060014, 57.736911341031018 ], [ -4.011900725781278, 57.739806040552665 ], [ -4.052248835969257, 57.7495567433809 ], [ -4.073109970067228, 57.758806095536023 ], [ -4.075004921632621, 57.746250242905091 ], [ -4.085562000720923, 57.744365152924317 ], [ -4.102070565726278, 57.731365661152722 ], [ -4.096746576623157, 57.722778136322269 ] ] ], [ [ [ -3.821734608034099, 57.845337482778859 ], [ -3.827817034368917, 57.835908731455611 ], [ -3.806803681178394, 57.828163874108334 ], [ -3.789824321925473, 57.840021373010117 ], [ -3.777867599883192, 57.853700390213525 ], [ -3.777992237160155, 57.86712419319533 ], [ -3.797120197891307, 57.865134279240749 ], [ -3.815295887666328, 57.857966858575303 ], [ -3.815764652693156, 57.853420401485252 ], [ -3.821734608034099, 57.845337482778859 ] ] ], [ [ [ -4.181445770104052, 57.674664226270288 ], [ -4.214115078781318, 57.673919406713992 ], [ -4.247912852322169, 57.665281330568121 ], [ -4.287485030157764, 57.645732782415351 ], [ -4.322286581793517, 57.631809665964617 ], [ -4.312070346371466, 57.628377583038727 ], [ -4.296501686267264, 57.636830584746107 ], [ -4.272561959001446, 57.644662342757783 ], [ -4.258928149847137, 57.632589475709359 ], [ -4.262554808849255, 57.625014345333973 ], [ -4.274312761383396, 57.62096858438256 ], [ -4.262638149703716, 57.608663830358452 ], [ -4.26307042432501, 57.600822679424525 ], [ -4.236034168256526, 57.607030349916286 ], [ -4.20737712972394, 57.621784717024063 ], [ -4.173187334107756, 57.62551317552159 ], [ -4.142090985217178, 57.604189153455025 ], [ -4.125569220739788, 57.617401043294642 ], [ -4.087105024766553, 57.63972592190828 ], [ -4.063855479207149, 57.649281622077787 ], [ -4.040112782061826, 57.650267818175138 ], [ -4.012135645825785, 57.662040729642158 ], [ -3.993484990531394, 57.677304674742224 ], [ -4.020929489930667, 57.678782738439097 ], [ -4.034911772399889, 57.683559407275801 ], [ -4.045719543649809, 57.676658127358941 ], [ -4.05977220384585, 57.674855822363682 ], [ -4.08879378812961, 57.664136841232931 ], [ -4.127814595363109, 57.659114040067074 ], [ -4.160120635335553, 57.657279486546784 ], [ -4.167907883579893, 57.662994140648252 ], [ -4.179051882943303, 57.667105668772983 ], [ -4.181445770104052, 57.674664226270288 ] ] ], [ [ [ -5.262174683948022, 58.121243788292752 ], [ -5.278765583292756, 58.122442291577961 ], [ -5.300807497173291, 58.120240076662022 ], [ -5.271401508038769, 58.09855117113171 ], [ -5.299805766953265, 58.069477942646394 ], [ -5.325382723227399, 58.068811900630806 ], [ -5.332484953539498, 58.078032391619821 ], [ -5.369048819301005, 58.076503110480374 ], [ -5.380506984978102, 58.080774389985983 ], [ -5.412838481162001, 58.101780887933771 ], [ -5.43704583861139, 58.104289060298569 ], [ -5.454453763100188, 58.084945585047251 ], [ -5.457852941831702, 58.07448451476963 ], [ -5.443990941507938, 58.062073849929163 ], [ -5.418461957868133, 58.055560727982495 ], [ -5.424161819911269, 58.037885583248332 ], [ -5.418429054416657, 58.033940987823769 ], [ -5.386277478355788, 58.028865295529414 ], [ -5.366488474820177, 58.03069010582854 ], [ -5.34997529095332, 58.020359105443923 ], [ -5.347294601457538, 58.013536957057099 ], [ -5.334636010328253, 58.007989662440693 ], [ -5.320465262650776, 57.995428831989081 ], [ -5.307543213159703, 57.988395382754433 ], [ -5.311033947201556, 57.979010465786089 ], [ -5.271364632994359, 57.975276212600519 ], [ -5.246145413178259, 57.970870006707507 ], [ -5.240597589329957, 57.962266226874704 ], [ -5.222375362803859, 57.958595340538302 ], [ -5.191750891554118, 57.955827391052857 ], [ -5.193571831386283, 57.945701649095433 ], [ -5.186428686980756, 57.93686981223172 ], [ -5.222254318831173, 57.926934381113561 ], [ -5.215787204070169, 57.921219300470852 ], [ -5.180813034313751, 57.907699234107852 ], [ -5.165981704877137, 57.893285861075178 ], [ -5.14487394456069, 57.893896316863788 ], [ -5.131579482212248, 57.879512508089427 ], [ -5.111446108105852, 57.875824460681507 ], [ -5.104588382592206, 57.884377723677247 ], [ -5.093627105915991, 57.884205237457671 ], [ -5.069029151862613, 57.891615524565218 ], [ -5.022945656300526, 57.887501315439835 ], [ -5.001742922765139, 57.887427128700189 ], [ -4.980121746054436, 57.881939455380405 ], [ -4.953292834357161, 57.884287826355568 ], [ -4.942261346907761, 57.882788787269995 ], [ -4.928459782241825, 57.890677680434052 ], [ -4.870785540445532, 57.905735484408503 ], [ -4.842127774004261, 57.922205397416661 ], [ -4.824639956108661, 57.917255503043506 ], [ -4.811571560323389, 57.920504730913329 ], [ -4.807237328485241, 57.936745467497524 ], [ -4.823844260962761, 57.934881673799438 ], [ -4.849231701302029, 57.942286290531271 ], [ -4.88504285203068, 57.9479916527943 ], [ -4.910323049372516, 57.946356604264096 ], [ -4.926965113622265, 57.958421017861227 ], [ -4.919817294734246, 57.962004793248624 ], [ -4.920546986469476, 57.975835607383203 ], [ -4.950766797415518, 57.978072421347491 ], [ -4.969797223024675, 57.986996376210307 ], [ -4.990492682718031, 57.991012133357913 ], [ -4.99374661769446, 58.002304378297971 ], [ -5.006217891640301, 58.000666163878527 ], [ -5.037121615306991, 58.010064245811719 ], [ -5.042986295161038, 58.007943688255828 ], [ -5.063321339497957, 58.028939974507509 ], [ -5.065220448484135, 58.043707760920483 ], [ -5.044235334208801, 58.046961697334794 ], [ -5.033115118846709, 58.061840610574237 ], [ -5.050308339513323, 58.063014835922694 ], [ -5.084678827414257, 58.07276880900303 ], [ -5.099850212523157, 58.080345389359728 ], [ -5.136842312401019, 58.090412810743146 ], [ -5.182248642409221, 58.110146411199921 ], [ -5.200612027766341, 58.107827153637203 ], [ -5.238419238105291, 58.115570869567186 ], [ -5.246383165981641, 58.121085302643891 ], [ -5.262174683948022, 58.121243788292752 ] ] ], [ [ [ -3.848506266404749, 57.795424723281272 ], [ -3.834255013009271, 57.804805178887378 ], [ -3.84887622470993, 57.817618550251495 ], [ -3.87193896727963, 57.810366340774813 ], [ -3.861696395895917, 57.797304129025292 ], [ -3.848506266404749, 57.795424723281272 ] ] ], [ [ [ -5.341197695257031, 57.817036365616389 ], [ -5.367681039176702, 57.825241617441932 ], [ -5.382077094198662, 57.835822831333822 ], [ -5.395147420526101, 57.8298280474284 ], [ -5.385566284587259, 57.817261930384603 ], [ -5.345311293782818, 57.80569702895216 ], [ -5.341197695257031, 57.817036365616389 ] ] ], [ [ [ -5.170411950273468, 57.791834083470263 ], [ -5.162630474024023, 57.791975820154647 ], [ -5.149927107900039, 57.803536883564739 ], [ -5.154636688717157, 57.808920391682882 ], [ -5.174310212648774, 57.79625278267482 ], [ -5.170411950273468, 57.791834083470263 ] ] ], [ [ [ -5.225649039826765, 57.766663117079673 ], [ -5.229654632491284, 57.756818268298296 ], [ -5.254396305924792, 57.751865866182072 ], [ -5.260443357825384, 57.742280111126519 ], [ -5.235966752805627, 57.729845378483652 ], [ -5.215444957813524, 57.73176059224771 ], [ -5.208278474052062, 57.72607022032016 ], [ -5.193297785448839, 57.72967365261654 ], [ -5.167357050102838, 57.727250935729188 ], [ -5.143301439741253, 57.736702321173183 ], [ -5.124875269736255, 57.739623403014846 ], [ -5.097325087541509, 57.767877940157632 ], [ -5.074547616346121, 57.782320229141348 ], [ -5.0485165851624, 57.783309857977699 ], [ -5.057301439289748, 57.797533559062948 ], [ -5.059899923205543, 57.81375563022663 ], [ -5.089029926549522, 57.812633512181435 ], [ -5.105989469748957, 57.803372437671946 ], [ -5.111989874109097, 57.796219281082983 ], [ -5.107990584456544, 57.789689175371585 ], [ -5.120047749777647, 57.768517014266806 ], [ -5.148390635084138, 57.759071824009808 ], [ -5.173245418234324, 57.759846045794248 ], [ -5.199104522990345, 57.778736960237822 ], [ -5.225649039826765, 57.766663117079673 ] ] ], [ [ [ -4.989814988265554, 57.709855160197534 ], [ -5.025737430055885, 57.710245597941963 ], [ -5.043400585973296, 57.703795885595589 ], [ -5.07908059684573, 57.708737088854214 ], [ -5.080959677339329, 57.700049681650569 ], [ -5.11507530277616, 57.692625694181295 ], [ -5.128703077716743, 57.696244819237123 ], [ -5.127693562852838, 57.704740420665821 ], [ -5.143109674776418, 57.71512031106883 ], [ -5.158287475606775, 57.709243500714237 ], [ -5.170384999448346, 57.692579231492829 ], [ -5.149897796159217, 57.683640890042035 ], [ -5.134060331509225, 57.680577141137718 ], [ -5.119155350963953, 57.671308372124457 ], [ -5.09892398136208, 57.668159147709247 ], [ -5.078616236264839, 57.657015027102538 ], [ -5.044118506254174, 57.644869051129341 ], [ -5.010562308085964, 57.640510127078372 ], [ -4.99011207166959, 57.642685460475597 ], [ -4.956178391476652, 57.671341068583679 ], [ -4.949220821297187, 57.693659307282786 ], [ -4.95711602226589, 57.704656801389099 ], [ -4.973458505410546, 57.714785397513793 ], [ -4.989814988265554, 57.709855160197534 ] ] ], [ [ [ -4.478542309457957, 57.858903471729874 ], [ -4.486239489924793, 57.852122727503968 ], [ -4.461718044288594, 57.846549420962589 ], [ -4.451534243096004, 57.856785483537664 ], [ -4.43412603779286, 57.859507555273893 ], [ -4.432065018794487, 57.865280162921003 ], [ -4.415621991401244, 57.868108231139495 ], [ -4.406848382963838, 57.884789252938894 ], [ -4.445514974449577, 57.884776506075106 ], [ -4.456165858892684, 57.870380813595283 ], [ -4.477364566345772, 57.86503414479963 ], [ -4.478542309457957, 57.858903471729874 ] ] ], [ [ [ -4.541917328452706, 57.891993750364747 ], [ -4.57228542157692, 57.879919486481342 ], [ -4.573799688499223, 57.869742604978931 ], [ -4.561454372728022, 57.86692682287682 ], [ -4.558033840514663, 57.857880866722638 ], [ -4.531023744669011, 57.863724500352696 ], [ -4.533715597292229, 57.87045835464582 ], [ -4.527532564762386, 57.880612661000214 ], [ -4.541917328452706, 57.891993750364747 ] ] ], [ [ [ -4.137156803815084, 57.744892060206574 ], [ -4.143959712835169, 57.742856350551037 ], [ -4.131390808144101, 57.729857443902894 ], [ -4.113309399903882, 57.727562400393126 ], [ -4.137156803815084, 57.744892060206574 ] ] ], [ [ [ -4.807292704082788, 57.780280947463822 ], [ -4.799893827635868, 57.76801997419755 ], [ -4.778396837500813, 57.761981286628945 ], [ -4.775718990815927, 57.767105625724085 ], [ -4.784753378376686, 57.783027811908298 ], [ -4.785126410314494, 57.796109919628854 ], [ -4.809353573252874, 57.801220396408112 ], [ -4.831688053892476, 57.795056441748102 ], [ -4.807292704082788, 57.780280947463822 ] ] ], [ [ [ -3.860486004416378, 57.784547255882046 ], [ -3.875373593283241, 57.789333138257653 ], [ -3.901351494339707, 57.78494890678531 ], [ -3.907174044554613, 57.778610713603264 ], [ -3.894846592841742, 57.76592421784035 ], [ -3.87663776506806, 57.773129993238349 ], [ -3.860486004416378, 57.784547255882046 ] ] ], [ [ [ -4.020573631511233, 57.823836935374146 ], [ -3.990352815212051, 57.812075407605917 ], [ -3.965587877187642, 57.825876998000616 ], [ -3.991872044929406, 57.835726305551262 ], [ -4.020573631511233, 57.823836935374146 ] ] ], [ [ [ -5.217500486953035, 57.948548942141073 ], [ -5.234652565928672, 57.942567581335091 ], [ -5.218276720811823, 57.936467356412471 ], [ -5.217500486953035, 57.948548942141073 ] ] ], [ [ [ -5.400945912280393, 58.021254934135271 ], [ -5.419883561011941, 58.016005294478397 ], [ -5.420464870255703, 58.00560315530889 ], [ -5.399223244768556, 57.999903503076403 ], [ -5.383005379667623, 58.005203682934187 ], [ -5.403487345196799, 58.009856689182875 ], [ -5.400945912280393, 58.021254934135271 ] ] ], [ [ [ -5.437565799113391, 58.04976213469422 ], [ -5.447557244173638, 58.048763585546233 ], [ -5.449021012879911, 58.03986092657707 ], [ -5.431600020682589, 58.03821540039916 ], [ -5.437565799113391, 58.04976213469422 ] ] ], [ [ [ -5.507145838970069, 57.967369254926631 ], [ -5.522587633997402, 57.960285344485051 ], [ -5.512261916785133, 57.954404776824113 ], [ -5.498322677951, 57.956861650921354 ], [ -5.507145838970069, 57.967369254926631 ] ] ], [ [ [ -5.259572505843292, 57.869818791911385 ], [ -5.243054647441988, 57.865764786379458 ], [ -5.242401945894843, 57.857571679526728 ], [ -5.221892025167031, 57.848949240015145 ], [ -5.225511324297194, 57.84267314719677 ], [ -5.292260333858914, 57.855876731916553 ], [ -5.328478661529163, 57.867683008897089 ], [ -5.336018050397532, 57.861156661460114 ], [ -5.314207632448167, 57.845303212409085 ], [ -5.316521300023687, 57.83637502564379 ], [ -5.294375102060368, 57.834179375383037 ], [ -5.298443947093625, 57.825233334017277 ], [ -5.27755738510612, 57.819570739145533 ], [ -5.244077434973185, 57.822846565903902 ], [ -5.222042243380249, 57.827789744446306 ], [ -5.183859370681141, 57.830783829937012 ], [ -5.197292260052912, 57.840306346329363 ], [ -5.178567529024617, 57.851344616967744 ], [ -5.195475813088026, 57.870119525301583 ], [ -5.200144956226591, 57.881971042551797 ], [ -5.21272835102708, 57.886370060344788 ], [ -5.255820514810178, 57.885615896838168 ], [ -5.259572505843292, 57.869818791911385 ] ] ], [ [ [ -5.440699568249389, 57.875582735015449 ], [ -5.441687914432848, 57.869814142304634 ], [ -5.437963522569366, 57.863037081215587 ], [ -5.408372388214596, 57.842244910478826 ], [ -5.402161506932139, 57.850646345180301 ], [ -5.382739505976938, 57.856634063713543 ], [ -5.405602619150308, 57.869403809332184 ], [ -5.440699568249389, 57.875582735015449 ] ] ], [ [ [ -4.037775630194522, 57.801774527222889 ], [ -4.033015520618107, 57.794046182027941 ], [ -4.008769856154579, 57.797575701389889 ], [ -4.023166007012031, 57.805277118821891 ], [ -4.037775630194522, 57.801774527222889 ] ] ], [ [ [ -4.487112640302342, 57.58960492037528 ], [ -4.462463953655927, 57.595646048584292 ], [ -4.477620721397719, 57.600453498979597 ], [ -4.481359643110093, 57.610355432060771 ], [ -4.52423324547336, 57.640631298168223 ], [ -4.532524089393247, 57.659881938964688 ], [ -4.55401297287539, 57.663372686454252 ], [ -4.571303159343819, 57.662531214040754 ], [ -4.58727933733748, 57.672161946247343 ], [ -4.579317343703385, 57.678909707266897 ], [ -4.574342046575526, 57.691471797837757 ], [ -4.594291574333154, 57.697694026931529 ], [ -4.623921648321831, 57.692583315590333 ], [ -4.634300182510272, 57.698784874873091 ], [ -4.660931512731808, 57.697248446991232 ], [ -4.679665094497359, 57.684360182108101 ], [ -4.667137178303319, 57.677883242409443 ], [ -4.664017740933791, 57.667546397821887 ], [ -4.632845240896401, 57.661139168118822 ], [ -4.618202577781021, 57.631007118448061 ], [ -4.608477828651498, 57.622080806650835 ], [ -4.559790893398464, 57.586512924738706 ], [ -4.547056871771207, 57.581299764321656 ], [ -4.54724188656956, 57.573848189514258 ], [ -4.529917145734167, 57.576099050732722 ], [ -4.518932205804278, 57.584032732314149 ], [ -4.487112640302342, 57.58960492037528 ] ] ], [ [ [ -3.912485243545411, 57.821876333607882 ], [ -3.919032876853348, 57.8176200843345 ], [ -3.938048544003469, 57.816952455657017 ], [ -3.949494228769854, 57.812137002095859 ], [ -3.958636261662258, 57.804094852850739 ], [ -3.975229492024797, 57.800634312143131 ], [ -3.977349238693225, 57.790276452452339 ], [ -3.943401096880822, 57.796311312555865 ], [ -3.920255538055391, 57.803686548194271 ], [ -3.911351270946457, 57.814258019274085 ], [ -3.912485243545411, 57.821876333607882 ] ] ] ] } },
{ "type": "Feature", "properties": { "hcs_name": "Cumberland", "abbr": "Cumb", "hcs_county": "Cumberland", "hcs_number": 24, "hcs_code": "CUM", "county": "Cumberland", "region": "North West England" }, "geometry": { "type": "Polygon", "coordinates": [ [ [ -2.858533637308471, 55.10834448491385 ], [ -2.892561049848914, 55.085202557503045 ], [ -2.897406136628903, 55.077691979974247 ], [ -2.91017432132075, 55.076755846455129 ], [ -2.927270998272367, 55.070393027990995 ], [ -2.94147321957738, 55.068487775729515 ], [ -2.936497911513682, 55.059504615689605 ], [ -2.971807557769449, 55.050179182330602 ], [ -3.029202116274868, 55.055349247872748 ], [ -3.05056890927808, 55.052841742012575 ], [ -3.035348029999288, 55.038999726309896 ], [ -3.025989933315484, 55.036544994079946 ], [ -3.040288812348125, 55.022575756439039 ], [ -3.049318847817216, 55.009313735926732 ], [ -3.044633139812517, 54.998226344462928 ], [ -3.063373932555851, 54.98634876645098 ], [ -3.058308577478841, 54.981447499504327 ], [ -3.067178679516928, 54.970247422859828 ], [ -3.088058528698432, 54.958992228869683 ], [ -3.087237049017006, 54.950049428194149 ], [ -3.073816469644614, 54.946334900695661 ], [ -3.074099288090113, 54.936782909796378 ], [ -3.115458038207392, 54.927085763876185 ], [ -3.134165370456854, 54.927963496017227 ], [ -3.154535845575791, 54.933521084158741 ], [ -3.157067445662876, 54.937808932429704 ], [ -3.179713521489223, 54.943038414567731 ], [ -3.185841869398011, 54.94979949093095 ], [ -3.209412271627825, 54.954599475394907 ], [ -3.23089941388497, 54.952343183396287 ], [ -3.247898703713665, 54.944392167322462 ], [ -3.284658992371817, 54.941733972019065 ], [ -3.312990646474615, 54.919536105261848 ], [ -3.303165357646529, 54.909186261040794 ], [ -3.280234147450629, 54.903047403010099 ], [ -3.269491695552547, 54.903947806655331 ], [ -3.259469698652786, 54.911153705826059 ], [ -3.251113840382014, 54.904248780225203 ], [ -3.264542231593352, 54.892081791939269 ], [ -3.287929457795725, 54.890468257295176 ], [ -3.284287479476815, 54.881876283548593 ], [ -3.295310468876468, 54.878845907089115 ], [ -3.303269641625008, 54.885498619571322 ], [ -3.337164480957828, 54.893368671541133 ], [ -3.33908169951694, 54.900179234808981 ], [ -3.366922516424271, 54.89143646269784 ], [ -3.38584274765245, 54.875169197830623 ], [ -3.399843746323114, 54.867406043997299 ], [ -3.410927847014085, 54.838620903826225 ], [ -3.437711976851945, 54.801991573571819 ], [ -3.431400575974057, 54.781207285965444 ], [ -3.433797402283011, 54.764717004886656 ], [ -3.43899943174757, 54.756336551857771 ], [ -3.463271180865847, 54.739270121790142 ], [ -3.490356126393365, 54.727803361275818 ], [ -3.507428468068457, 54.715919160386868 ], [ -3.518824511481716, 54.693182748310349 ], [ -3.524751192505127, 54.687134294222687 ], [ -3.548018864634632, 54.673494657878521 ], [ -3.575420897374332, 54.645373634301038 ], [ -3.570148775524415, 54.624755580199952 ], [ -3.571032675651888, 54.602265304209702 ], [ -3.582878321348045, 54.590743274160751 ], [ -3.580357242592993, 54.572208947455735 ], [ -3.59871939313197, 54.550908283684521 ], [ -3.607208875311339, 54.530904738200178 ], [ -3.614359006032819, 54.524769107131611 ], [ -3.638661066121229, 54.517707456090932 ], [ -3.635998964178917, 54.507271357119201 ], [ -3.626917866510539, 54.501820036648169 ], [ -3.620129779631173, 54.491358910978718 ], [ -3.608172777422902, 54.490973818678327 ], [ -3.592144345828685, 54.481403732233588 ], [ -3.563699187346753, 54.452157819922903 ], [ -3.541967238405184, 54.438805690222097 ], [ -3.476393748804139, 54.38633116303297 ], [ -3.472765995370922, 54.376180308834059 ], [ -3.461046297834427, 54.36476322791848 ], [ -3.430242132916891, 54.341995897753335 ], [ -3.4161326577159, 54.309190714673299 ], [ -3.4211549308044, 54.284721142344601 ], [ -3.3929522993831, 54.253409049651403 ], [ -3.3794861916446, 54.244474178364499 ], [ -3.3533630397607, 54.220946810027797 ], [ -3.3274016667052, 54.194007174773503 ], [ -3.318875206923, 54.189231405945002 ], [ -3.3002082709331, 54.188323780985797 ], [ -3.2797979722721, 54.195878083138297 ], [ -3.2676792651056, 54.190080953881498 ], [ -3.2542576400206, 54.191568947122398 ], [ -3.240080238243, 54.204206521183202 ], [ -3.2501260172857, 54.210014648093299 ], [ -3.2487539643936, 54.222343048330401 ], [ -3.2376058494373, 54.227887424802503 ], [ -3.2257187576246, 54.239746001986603 ], [ -3.222864593297, 54.251881780954903 ], [ -3.227699322172743, 54.259959768380696 ], [ -3.228906173959928, 54.269619006795111 ], [ -3.22276876778733, 54.277592815870285 ], [ -3.232452448966329, 54.281027239929507 ], [ -3.237862334066058, 54.290303644998502 ], [ -3.231300874209895, 54.31500244460323 ], [ -3.24174835973901, 54.323700199047906 ], [ -3.218381007625582, 54.336069249258053 ], [ -3.220032458557681, 54.340944994532201 ], [ -3.206894624689823, 54.353031927732111 ], [ -3.195954060279344, 54.355932306158927 ], [ -3.180967658044993, 54.375442768580058 ], [ -3.181526259723489, 54.384566938357906 ], [ -3.172458066243064, 54.389070003280906 ], [ -3.170719795584735, 54.39975750947923 ], [ -3.158749115352273, 54.407293064148263 ], [ -3.13537646967826, 54.409962757931609 ], [ -3.115259545194016, 54.41501288059721 ], [ -3.115231013097363, 54.422378583658691 ], [ -3.135905170233392, 54.421839864107042 ], [ -3.154035279322417, 54.429667157725213 ], [ -3.167174, 54.454109 ], [ -3.156250230583093, 54.458695583006872 ], [ -3.145330436361029, 54.468586138433594 ], [ -3.119473451103928, 54.460276326463905 ], [ -3.109458116299503, 54.474013839974589 ], [ -3.097755570289382, 54.471942082120712 ], [ -3.088264, 54.483944 ], [ -3.061944014606097, 54.492547129102093 ], [ -3.014814880309558, 54.499795016494481 ], [ -3.011648834213438, 54.508222488976749 ], [ -3.016861650540589, 54.515230015949768 ], [ -3.01516892292011, 54.525657084618011 ], [ -3.025790968029616, 54.530185702991353 ], [ -3.025117746498482, 54.540947895721132 ], [ -3.016673818373376, 54.547856564187136 ], [ -3.020417159559625, 54.558895018998562 ], [ -2.988452633336088, 54.561557505271864 ], [ -2.964274008847475, 54.558938237691841 ], [ -2.942091640848997, 54.560129331980711 ], [ -2.910661, 54.570618 ], [ -2.877458888739556, 54.578922367363454 ], [ -2.863899621475168, 54.576574564803117 ], [ -2.851570434591932, 54.591535162160362 ], [ -2.830959385903895, 54.608333295356672 ], [ -2.82232970441761, 54.612032383269337 ], [ -2.809830827260643, 54.63217317635678 ], [ -2.760012447923763, 54.649696066582031 ], [ -2.735525267431971, 54.651732407256958 ], [ -2.729894789024772, 54.656930213131467 ], [ -2.715138684576755, 54.655235697729474 ], [ -2.684883803556657, 54.665413977124913 ], [ -2.671030312987952, 54.664150612560675 ], [ -2.651002502121556, 54.669243593520477 ], [ -2.636881232979453, 54.661183227089843 ], [ -2.621976588319314, 54.659323471762001 ], [ -2.613926650133064, 54.650023264828029 ], [ -2.604312940699574, 54.646835947713242 ], [ -2.574904936267504, 54.654608745140266 ], [ -2.57386578634541, 54.660790353101291 ], [ -2.550996056528577, 54.670048478194303 ], [ -2.524201864694185, 54.675454740338822 ], [ -2.506791784947264, 54.675477197004923 ], [ -2.489221791423774, 54.687803127449016 ], [ -2.477803603555569, 54.691262490231303 ], [ -2.465473202126562, 54.700508 ], [ -2.42547694904357, 54.703505399079141 ], [ -2.418764234640177, 54.707168728601673 ], [ -2.391411167648541, 54.705133702926332 ], [ -2.373669915125468, 54.698351423367498 ], [ -2.355407591867333, 54.697226405456888 ], [ -2.34464471306485, 54.701810720737527 ], [ -2.34141685616621, 54.71665256301543 ], [ -2.325805704184625, 54.726636177106997 ], [ -2.332018474861196, 54.731236779823433 ], [ -2.326936435738783, 54.747244318972051 ], [ -2.320876, 54.75499 ], [ -2.32236222133375, 54.764084595917346 ], [ -2.309911557094508, 54.771890552569602 ], [ -2.312092104966675, 54.79102769992484 ], [ -2.320512584041974, 54.793797260982991 ], [ -2.328644975012388, 54.805271561861453 ], [ -2.345399042753517, 54.806230244182643 ], [ -2.369816490881791, 54.820914428320187 ], [ -2.372718, 54.827354 ], [ -2.392728194086982, 54.83449052641388 ], [ -2.40170816687214, 54.851485856593669 ], [ -2.411662693341684, 54.856456753278337 ], [ -2.422892641325392, 54.842788714459402 ], [ -2.468541452370095, 54.826294266454802 ], [ -2.496272274614168, 54.810048692807221 ], [ -2.534823624241545, 54.807097813758247 ], [ -2.558361721450936, 54.81675712855354 ], [ -2.567846391093517, 54.823578649179304 ], [ -2.582608781409732, 54.84587413505718 ], [ -2.573353084324165, 54.853517258921478 ], [ -2.590280407141893, 54.873841076995944 ], [ -2.605322547905028, 54.883816670491022 ], [ -2.57836337938869, 54.895463091696065 ], [ -2.567580029360438, 54.909224488424492 ], [ -2.566218418113898, 54.919211647484637 ], [ -2.547009, 54.926655 ], [ -2.567650001279508, 54.940854990555309 ], [ -2.571335387783573, 54.948403149264429 ], [ -2.568487950150583, 54.958342043615197 ], [ -2.595592175069941, 54.963461442771781 ], [ -2.60136974642649, 54.971321662981623 ], [ -2.591518093731473, 54.974195876221678 ], [ -2.585994612149018, 54.982396568674424 ], [ -2.573324770657687, 54.98763688715762 ], [ -2.567693621344204, 55.002745720964825 ], [ -2.573214214279997, 55.01608207517716 ], [ -2.555673513066318, 55.019988508648986 ], [ -2.544265387329758, 55.026876807520352 ], [ -2.501877883518566, 55.037099032048587 ], [ -2.482848906623436, 55.043468618093968 ], [ -2.5034528211725, 55.063138869198475 ], [ -2.494219812272138, 55.065810273916114 ], [ -2.500843912820549, 55.074452875801171 ], [ -2.489567080882434, 55.083484818894014 ], [ -2.50094912627425, 55.090292787128973 ], [ -2.517786079764459, 55.085006958204339 ], [ -2.55049259137356, 55.081714091230189 ], [ -2.572771965297858, 55.097553983460138 ], [ -2.591954609228707, 55.104244927897149 ], [ -2.6009543028122, 55.12368281342517 ], [ -2.621280284251127, 55.129174885875912 ], [ -2.632258202767177, 55.127751800254693 ], [ -2.657047669326218, 55.136112133786185 ], [ -2.683220009044033, 55.166281395363704 ], [ -2.674549868144938, 55.175888489347678 ], [ -2.689770498861873, 55.189013082053748 ], [ -2.703389097000385, 55.173240826463605 ], [ -2.73311393940818, 55.167038559991269 ], [ -2.745595978905024, 55.158869172743621 ], [ -2.760701396476775, 55.154673392565336 ], [ -2.784870870494381, 55.141815799961705 ], [ -2.832039583836997, 55.13343933060257 ], [ -2.82687472166023, 55.125898528748372 ], [ -2.840574100536169, 55.122574112837363 ], [ -2.845454877714443, 55.111430857824303 ], [ -2.858533637308471, 55.10834448491385 ] ] ] } },
{ "type": "Feature", "properties": { "hcs_name": "Denbighshire", "abbr": "Denb", "hcs_county": "Denbigh", "hcs_number": 25, "hcs_code": "DBH", "county": "Denbighshire", "region": "Wales" }, "geometry": { "type": "Polygon", "coordinates": [ [ [ -3.388823791081848, 52.876070124734895 ], [ -3.397439837585333, 52.860902329334678 ], [ -3.373976620990624, 52.854127221446333 ], [ -3.367003460041048, 52.847830891471808 ], [ -3.342806516672371, 52.84145845867203 ], [ -3.308601696270145, 52.829788235984559 ], [ -3.29619096286094, 52.822833773576704 ], [ -3.281285302154154, 52.809792522409481 ], [ -3.282317331099323, 52.802613355214767 ], [ -3.273364482805508, 52.798049381593181 ], [ -3.271692814989713, 52.786335626978328 ], [ -3.24117166042057, 52.786087544933615 ], [ -3.229313935611561, 52.791496239135753 ], [ -3.212815611048629, 52.792995017770117 ], [ -3.19341365275349, 52.798498311725567 ], [ -3.184800397229633, 52.805268409724029 ], [ -3.161410710367937, 52.803579386455375 ], [ -3.16841900535449, 52.807867401431501 ], [ -3.167890279562914, 52.819263018498056 ], [ -3.154075195664437, 52.832117569205963 ], [ -3.151277310218525, 52.842569258984682 ], [ -3.16142286536826, 52.848037203082413 ], [ -3.15398522188489, 52.854289708989675 ], [ -3.127735829016741, 52.8671426262 ], [ -3.14981471015103, 52.876982106626592 ], [ -3.147480526487964, 52.890331753102792 ], [ -3.116878849881224, 52.899484116815103 ], [ -3.108656659618964, 52.919910929512298 ], [ -3.096014886343299, 52.930336352176745 ], [ -3.076221104185639, 52.925495466226529 ], [ -3.031394352086553, 52.931436443998876 ], [ -3.009780698148825, 52.956179213524109 ], [ -2.982372490889092, 52.95909538472258 ], [ -2.96852036041481, 52.964181132700951 ], [ -2.959702629656849, 52.966268189904483 ], [ -2.963202599136403, 52.976686172853945 ], [ -2.956848001307204, 52.989540840640998 ], [ -2.937616461262815, 52.992548539046901 ], [ -2.920598452692509, 53.001603846933506 ], [ -2.916312363878204, 53.009554918879708 ], [ -2.895192068474538, 53.011264862561148 ], [ -2.867963409765813, 53.025266675823531 ], [ -2.87247209328717, 53.034163828540699 ], [ -2.858297363310756, 53.038111131327831 ], [ -2.866557826550929, 53.040823366463535 ], [ -2.868568153009269, 53.050555970280186 ], [ -2.859550902566915, 53.05457712461282 ], [ -2.86937654674015, 53.069709619692738 ], [ -2.88070098418915, 53.073889166137803 ], [ -2.875722996132144, 53.08119263422607 ], [ -2.900517358758825, 53.090758641319894 ], [ -2.890555101126976, 53.099439925913707 ], [ -2.891828197554813, 53.10723399204393 ], [ -2.884203932914627, 53.112951727267024 ], [ -2.891666236223205, 53.118746142983525 ], [ -2.903291534907737, 53.111749375690685 ], [ -2.923851587874636, 53.118524131304987 ], [ -2.94502197010457, 53.122260082621892 ], [ -2.946485360679173, 53.126880595795299 ], [ -2.963951164417379, 53.132749034829928 ], [ -2.972508968648309, 53.134305142874517 ], [ -2.995210874927269, 53.13064455952874 ], [ -3.005185035710922, 53.124127423032064 ], [ -3.006180782719571, 53.115668450136411 ], [ -3.029194173916591, 53.103523474873427 ], [ -3.040789008407067, 53.090542770745202 ], [ -3.0646403751793, 53.087138078155412 ], [ -3.076386512226216, 53.088560602807341 ], [ -3.095097911689807, 53.079424981228939 ], [ -3.117674183300634, 53.072157819687099 ], [ -3.141209633861932, 53.076447696733545 ], [ -3.151758772100957, 53.067678316208131 ], [ -3.151089824641062, 53.062247958665353 ], [ -3.174387439266523, 53.056163982968805 ], [ -3.191568460666807, 53.065869426637406 ], [ -3.175651300224839, 53.073432420540868 ], [ -3.181909652561941, 53.077060831147037 ], [ -3.198279831419506, 53.070391392506288 ], [ -3.205387350059161, 53.077871253427325 ], [ -3.197998776863448, 53.082663234212895 ], [ -3.174933204963153, 53.086826747072493 ], [ -3.166928883900044, 53.085444568970708 ], [ -3.151709538576164, 53.092913958080167 ], [ -3.145916429159576, 53.103947306727363 ], [ -3.169895633950225, 53.108243667904958 ], [ -3.176771368328358, 53.116081120219441 ], [ -3.175811543989885, 53.123390741878374 ], [ -3.185900337579334, 53.141966150264459 ], [ -3.182439473860666, 53.153948960664366 ], [ -3.211829094994965, 53.156053251166973 ], [ -3.247483399386867, 53.152453105259553 ], [ -3.271202804931674, 53.157472370548213 ], [ -3.280982209812246, 53.168589053809214 ], [ -3.275119962069645, 53.179038532699558 ], [ -3.27968252098949, 53.185022432435701 ], [ -3.264960444859169, 53.192559549273 ], [ -3.26141267689119, 53.200311216520888 ], [ -3.241652460547368, 53.204317238826548 ], [ -3.244979414217857, 53.210514576958587 ], [ -3.26394710561678, 53.213684718135099 ], [ -3.27511776745181, 53.208392014774304 ], [ -3.280745235155983, 53.192266818138911 ], [ -3.296426844091878, 53.192353040780148 ], [ -3.307748283553783, 53.197763334136177 ], [ -3.317786676604429, 53.210835626295037 ], [ -3.316948024862547, 53.22148370580075 ], [ -3.305459218005542, 53.231126848758549 ], [ -3.317327208641128, 53.243479455802806 ], [ -3.317553784496848, 53.253135547162515 ], [ -3.335256644863199, 53.251046358741668 ], [ -3.343045232700586, 53.246855952993997 ], [ -3.332983323468559, 53.239209597154179 ], [ -3.347049187868192, 53.22923468068683 ], [ -3.349336072582802, 53.220433800421091 ], [ -3.359519894512133, 53.215233762001759 ], [ -3.379309926050896, 53.213663165383821 ], [ -3.386824714450332, 53.221072304239613 ], [ -3.421761561986766, 53.245160628169145 ], [ -3.433385711409292, 53.240620989315516 ], [ -3.452641245572987, 53.25288022951338 ], [ -3.463675834386785, 53.247869960374217 ], [ -3.474921121019317, 53.253252145759475 ], [ -3.524193861299516, 53.252539931603955 ], [ -3.52863807306292, 53.263809297163682 ], [ -3.521514306298896, 53.284540765912659 ], [ -3.503715546066628, 53.288470697419527 ], [ -3.503898989407792, 53.299968061172102 ], [ -3.496425668425813, 53.303295817835256 ], [ -3.51001463730058, 53.313164381150322 ], [ -3.512871880055766, 53.316640306529095 ], [ -3.557448521477042, 53.302040019138694 ], [ -3.601092925066286, 53.291560840961921 ], [ -3.613162872495676, 53.290079636339755 ], [ -3.634371910401839, 53.294525952411163 ], [ -3.654445060566287, 53.292168564462351 ], [ -3.680642876124996, 53.294445210511967 ], [ -3.694180960331946, 53.293158600543322 ], [ -3.718670879742137, 53.295558020922464 ], [ -3.737220347676335, 53.303602814135182 ], [ -3.738581462558951, 53.308652384092142 ], [ -3.75720974399733, 53.313670540637794 ], [ -3.766978946004573, 53.305791735634195 ], [ -3.768848204107051, 53.290623449971577 ], [ -3.796761181672371, 53.277910135604643 ], [ -3.814800690374909, 53.274430845138397 ], [ -3.807475378256963, 53.265067096545195 ], [ -3.8183923830753, 53.259843422457372 ], [ -3.822294941169786, 53.251145681512916 ], [ -3.808270135533194, 53.242648065805902 ], [ -3.808681841910147, 53.233478185645055 ], [ -3.821343928103026, 53.228778062971188 ], [ -3.827984717147626, 53.220311960740496 ], [ -3.834235324951372, 53.201012833251241 ], [ -3.79540405632306, 53.193981487620171 ], [ -3.787268679613195, 53.183152033893123 ], [ -3.769204954479244, 53.173577003985145 ], [ -3.742045578120396, 53.17083545083144 ], [ -3.731266900894909, 53.16275880595343 ], [ -3.7459160931108, 53.158056213245857 ], [ -3.750584273123266, 53.165415724178359 ], [ -3.762742837276668, 53.168566688816405 ], [ -3.77283272327588, 53.163926068951668 ], [ -3.78351604039209, 53.170572052253696 ], [ -3.792087666576528, 53.161698353617027 ], [ -3.810256910362166, 53.159663174248891 ], [ -3.808774968519669, 53.140298849687944 ], [ -3.797294862679123, 53.136913975012938 ], [ -3.787944035536759, 53.110401513815283 ], [ -3.797349015557823, 53.101173364843675 ], [ -3.79568221785808, 53.07268530696016 ], [ -3.745023346299609, 53.054823735573848 ], [ -3.733518856182128, 53.048179749221383 ], [ -3.711696204016324, 53.047557797062616 ], [ -3.703895905855401, 53.042275072889645 ], [ -3.727090957964981, 53.025123399837511 ], [ -3.73577458122467, 53.013877270392385 ], [ -3.753283751952686, 53.006515162657827 ], [ -3.76667865239008, 52.993135653194408 ], [ -3.796135263962213, 52.987843184959395 ], [ -3.810510571197805, 52.982576634692059 ], [ -3.833748447015743, 52.962061239473918 ], [ -3.828705135728303, 52.953842803505545 ], [ -3.813185262776242, 52.949527319958882 ], [ -3.798076707466875, 52.954586501994719 ], [ -3.767269521558899, 52.960403253492828 ], [ -3.749790658570616, 52.974327108607291 ], [ -3.710913367534957, 52.98622402761508 ], [ -3.683005909708376, 52.986784095629595 ], [ -3.672650932895602, 52.997025204683688 ], [ -3.659529913842534, 52.996911083456475 ], [ -3.635094086898189, 53.007700672360755 ], [ -3.606486119743121, 53.012016424794723 ], [ -3.599574604548917, 53.009923143770074 ], [ -3.610472369649658, 52.995843128983658 ], [ -3.602236774177396, 52.993077048777543 ], [ -3.597171867857881, 52.979105086826358 ], [ -3.582980093523854, 52.967554970159128 ], [ -3.566564001049326, 52.969864518739499 ], [ -3.544199682844059, 52.968322231749767 ], [ -3.53387875878586, 52.973688210427341 ], [ -3.500866551990748, 52.967511954896679 ], [ -3.481969384869316, 52.971599786640333 ], [ -3.454646230830068, 52.987898999954083 ], [ -3.457593532465838, 52.994930898521837 ], [ -3.44623159409308, 53.00456771590175 ], [ -3.452275892289323, 53.009715783683745 ], [ -3.467572414596038, 53.010430307674575 ], [ -3.476321454345836, 53.026288507922871 ], [ -3.496692124686848, 53.027590518446289 ], [ -3.511306544370127, 53.0321418262753 ], [ -3.51152879847101, 53.04294286320652 ], [ -3.447967757135771, 53.045243703453828 ], [ -3.437487121036416, 53.050850762269008 ], [ -3.428897954672241, 53.042714718412974 ], [ -3.436087001540344, 53.032033097163726 ], [ -3.360541877244678, 53.044395303508317 ], [ -3.362785897733969, 53.027121983455714 ], [ -3.351593134485847, 53.019507955854166 ], [ -3.341608640374214, 53.01798714182295 ], [ -3.3241422390737, 53.000935462577075 ], [ -3.302883094384687, 53.007752671242912 ], [ -3.284819721131198, 52.988721782030339 ], [ -3.278116638208465, 52.976933310496818 ], [ -3.259060380394073, 52.976462306759103 ], [ -3.245555744992815, 52.981118964606388 ], [ -3.232157920609524, 52.973769923174842 ], [ -3.216457833552793, 52.97021578430909 ], [ -3.245149164491358, 52.959299128548508 ], [ -3.237403118516679, 52.9509615824024 ], [ -3.250977514188613, 52.945744991844606 ], [ -3.297446568478243, 52.943000602400083 ], [ -3.314315396361938, 52.946807231491469 ], [ -3.32434490330897, 52.931820456683546 ], [ -3.355070654038996, 52.921285081313179 ], [ -3.35516827523364, 52.911120190348853 ], [ -3.372950676574482, 52.901446356015299 ], [ -3.382039335683782, 52.880038505083277 ], [ -3.388823791081848, 52.876070124734895 ] ] ] } },
{ "type": "Feature", "properties": { "hcs_name": "Derbyshire", "abbr": "Derbys", "hcs_county": "Derby", "hcs_number": 26, "hcs_code": "DRB", "county": "Derbyshire", "region": "East Midlands" }, "geometry": { "type": "Polygon", "coordinates": [ [ [ -1.987373651398142, 53.213616577181519 ], [ -1.962378287432308, 53.226195173982006 ], [ -1.956712036484625, 53.213743246243446 ], [ -1.938324051221791, 53.211965249670641 ], [ -1.909479910940054, 53.198825782119286 ], [ -1.8891654723127, 53.199051625179571 ], [ -1.875502247306427, 53.195434493150387 ], [ -1.852641644702112, 53.183934536740352 ], [ -1.816244973313766, 53.158763481955553 ], [ -1.822139235815618, 53.138061066274375 ], [ -1.811639199795778, 53.13182218350056 ], [ -1.809491231026122, 53.123744995230851 ], [ -1.80022302048939, 53.114633500307313 ], [ -1.7878651055942, 53.109177577531433 ], [ -1.783049299150728, 53.093099092655201 ], [ -1.794131932000315, 53.088273853114892 ], [ -1.783088569011467, 53.061397891409598 ], [ -1.784442592648183, 53.053349965732963 ], [ -1.778796755088623, 53.043052845383173 ], [ -1.760056390612178, 53.038912234113305 ], [ -1.757783036057661, 53.017587099183743 ], [ -1.766249717663264, 53.007381647969083 ], [ -1.759044876627387, 53.001150323268782 ], [ -1.78460550517643, 52.994689438566589 ], [ -1.806589212056147, 52.980244410647572 ], [ -1.820354890117032, 52.979560821434639 ], [ -1.830207215858224, 52.971410298044418 ], [ -1.820553422102446, 52.962629131525567 ], [ -1.818858826511975, 52.95509656929336 ], [ -1.828761639709223, 52.948063880004447 ], [ -1.823499244579986, 52.940951884658617 ], [ -1.84101226308787, 52.940134562207149 ], [ -1.853079099779689, 52.935332169915917 ], [ -1.852019211852302, 52.925423913154802 ], [ -1.832467336154785, 52.886855015145187 ], [ -1.810440740552778, 52.880797419437179 ], [ -1.798069822968912, 52.885141907432192 ], [ -1.791231180019667, 52.880553751863431 ], [ -1.760326195925786, 52.8789416987143 ], [ -1.744598675492922, 52.86910549694462 ], [ -1.715879298023416, 52.864688314676869 ], [ -1.690328889242113, 52.865301930850052 ], [ -1.670494508427129, 52.861203538112541 ], [ -1.654087179691981, 52.852819694491508 ], [ -1.637428130137497, 52.855785485355469 ], [ -1.629436250412483, 52.847311293296833 ], [ -1.619023886406187, 52.845980068700307 ], [ -1.606814278391248, 52.833976770522291 ], [ -1.598717028249996, 52.831615602051002 ], [ -1.610449390554041, 52.815306186845504 ], [ -1.625429304848549, 52.80043837481265 ], [ -1.624851179371272, 52.795610969584864 ], [ -1.648510158938493, 52.779772895582553 ], [ -1.665789716580448, 52.7853895686805 ], [ -1.670000709673915, 52.773805329233056 ], [ -1.682495209239965, 52.769849688820337 ], [ -1.687350175523568, 52.757747413664958 ], [ -1.703546293895244, 52.751317290908737 ], [ -1.707608323771945, 52.744824719850975 ], [ -1.700407489814902, 52.73383542830608 ], [ -1.715877122915778, 52.727090584427359 ], [ -1.707687971221926, 52.711984368721048 ], [ -1.688850901242808, 52.706891804065229 ], [ -1.659358734546809, 52.714076966022333 ], [ -1.654329459315061, 52.699937975603106 ], [ -1.624519457292926, 52.700770370315233 ], [ -1.616920159197497, 52.708713821304585 ], [ -1.609869695608956, 52.7274485347357 ], [ -1.598592865099722, 52.732133941815555 ], [ -1.594132572427187, 52.740085040272326 ], [ -1.565578038465719, 52.748628468778278 ], [ -1.55479228299641, 52.762477127212016 ], [ -1.536434286189034, 52.771168031328202 ], [ -1.527240569428388, 52.765271187017575 ], [ -1.505117252811326, 52.767591264044611 ], [ -1.492453267454585, 52.759416654902786 ], [ -1.462433055372789, 52.772449464913258 ], [ -1.470602024789298, 52.780567755390635 ], [ -1.462501805720891, 52.78698722728388 ], [ -1.442494258973432, 52.792919663697376 ], [ -1.441297240883704, 52.802048993522554 ], [ -1.417709263091915, 52.801616011814389 ], [ -1.387465587834716, 52.834209987936205 ], [ -1.381053590694752, 52.846353412676045 ], [ -1.331454777053308, 52.867408145681701 ], [ -1.314354586300318, 52.869875917547866 ], [ -1.30710674370273, 52.876061711666637 ], [ -1.289232638054331, 52.872415395693537 ], [ -1.267911408100031, 52.873339758454755 ], [ -1.25480208341368, 52.878782619052437 ], [ -1.241040042976311, 52.879597204965712 ], [ -1.243058315112934, 52.891821433862489 ], [ -1.263020226950335, 52.904871148397142 ], [ -1.275607682538477, 52.90619363692575 ], [ -1.278265312387354, 52.915755073534577 ], [ -1.286671744877818, 52.925145395379154 ], [ -1.27779068809091, 52.933340150745437 ], [ -1.281109326805104, 52.94903641205979 ], [ -1.291719770940844, 52.959242910174289 ], [ -1.287744421908152, 52.969575898382494 ], [ -1.300255068164546, 52.98118861485635 ], [ -1.303738956356211, 53.001147503202262 ], [ -1.319214630633827, 53.005265486478542 ], [ -1.33182581020062, 53.031164341144695 ], [ -1.332776338056199, 53.047298955545749 ], [ -1.344814901335072, 53.065303911229357 ], [ -1.333643933096962, 53.080009670477899 ], [ -1.308060289423001, 53.08802162673036 ], [ -1.311529375795498, 53.099538764867589 ], [ -1.308220784292404, 53.105182998465239 ], [ -1.314224661301738, 53.124664944983877 ], [ -1.321781158196915, 53.130654932940018 ], [ -1.314936957023961, 53.135833134877252 ], [ -1.321309305255844, 53.143365031113731 ], [ -1.323432036891019, 53.162316095567768 ], [ -1.308032376945326, 53.163400272299974 ], [ -1.296022462809061, 53.17121460925182 ], [ -1.282426397855838, 53.167532297605128 ], [ -1.253820213427635, 53.16508454217032 ], [ -1.238823424755104, 53.179096881494957 ], [ -1.201119589164813, 53.182425091097123 ], [ -1.195129880520642, 53.189433864190633 ], [ -1.202014483981643, 53.203864174902741 ], [ -1.211214937237276, 53.213902424318377 ], [ -1.20230760983557, 53.235498351643415 ], [ -1.213034872330192, 53.247654652635028 ], [ -1.201568323571185, 53.261554355412926 ], [ -1.16649992259017, 53.277672457419946 ], [ -1.180127886766218, 53.287111799476527 ], [ -1.171540461955469, 53.294660936264663 ], [ -1.175164590952688, 53.304642474098976 ], [ -1.200601030746308, 53.304369431505464 ], [ -1.219005455014982, 53.304139200806127 ], [ -1.22999329571067, 53.308471179008819 ], [ -1.243458745821608, 53.301617446427663 ], [ -1.254289383665391, 53.301753456253493 ], [ -1.271081193370425, 53.309145456139518 ], [ -1.290729572198589, 53.309265732335874 ], [ -1.295620210226162, 53.320549718399505 ], [ -1.288510022013418, 53.32616526664291 ], [ -1.298960296988455, 53.332466794487445 ], [ -1.318123206008878, 53.333064359916307 ], [ -1.325573596691642, 53.348921160169262 ], [ -1.339472604808793, 53.35726270343622 ], [ -1.35769835019805, 53.351339270398199 ], [ -1.386477, 53.355099 ], [ -1.409095440535146, 53.353827418459474 ], [ -1.425529233800924, 53.344592689137215 ], [ -1.478027271841057, 53.35999301970179 ], [ -1.483903142663272, 53.351850312034998 ], [ -1.507684897691579, 53.337737536940637 ], [ -1.514694115175908, 53.329472581461602 ], [ -1.541127985928272, 53.344901431419217 ], [ -1.564684324679922, 53.348691867611819 ], [ -1.590505083075972, 53.346004 ], [ -1.625971106963955, 53.352201395496508 ], [ -1.630593318192519, 53.356143762550275 ], [ -1.664010725372321, 53.367018046515021 ], [ -1.663227980841626, 53.374330271739666 ], [ -1.653588526663486, 53.384786608655823 ], [ -1.654844679566465, 53.393042270694181 ], [ -1.668134947400324, 53.393053169275781 ], [ -1.681826916389872, 53.401744568433372 ], [ -1.694521997565271, 53.401144341768237 ], [ -1.705153375015159, 53.405302809212657 ], [ -1.703238301771312, 53.413736427610431 ], [ -1.7140599938717, 53.419078248453594 ], [ -1.729874431101779, 53.415981399767681 ], [ -1.746844673933904, 53.426173152218539 ], [ -1.749640733050696, 53.439252325901016 ], [ -1.743627563829196, 53.444983567540113 ], [ -1.753157185374127, 53.464862531293818 ], [ -1.768567600107871, 53.464812755109023 ], [ -1.779076003440184, 53.474214896797733 ], [ -1.801471549575791, 53.480975606407704 ], [ -1.800276600106698, 53.49337882298969 ], [ -1.820691663255323, 53.491597358995406 ], [ -1.829670466099914, 53.495197531703106 ], [ -1.869996901604974, 53.494357110814292 ], [ -1.892880499715833, 53.485595889950879 ], [ -1.900479046072498, 53.486028447290998 ], [ -1.93548100535158, 53.479491326473671 ], [ -1.980196256622908, 53.4663129052879 ], [ -1.9954572071572, 53.451826244169261 ], [ -1.995709752416517, 53.446097377510888 ], [ -2.021855022409189, 53.436195738380299 ], [ -2.023298588111971, 53.431061239293321 ], [ -2.04394422807342, 53.419454692393046 ], [ -2.055037833967551, 53.408402582472021 ], [ -2.054375079669696, 53.395875519254645 ], [ -2.042723779068419, 53.37537407640086 ], [ -2.034095849022926, 53.367785163764893 ], [ -2.001321427986176, 53.360807722254101 ], [ -1.987104918836542, 53.3521748791904 ], [ -1.978701419211678, 53.341479762795117 ], [ -1.989909902985671, 53.314090430894318 ], [ -1.981497168516079, 53.299656784813365 ], [ -1.977733038083989, 53.276203620400771 ], [ -1.984393875323573, 53.267195530648912 ], [ -1.977299758209216, 53.252589559177011 ], [ -1.975700293739298, 53.241588088984336 ], [ -1.981847818067912, 53.238489337908398 ], [ -1.976111834175072, 53.227471958174988 ], [ -1.990183487372667, 53.22309334730231 ], [ -1.987373651398142, 53.213616577181519 ] ] ] } },
{ "type": "Feature", "properties": { "hcs_name": "Devon", "abbr": "Devon", "hcs_county": "Devon", "hcs_number": 27, "hcs_code": "DVN", "county": "Devon", "region": "South West England" }, "geometry": { "type": "MultiPolygon", "coordinates": [ [ [ [ -4.203528623750298, 50.41058366217402 ], [ -4.204819543535613, 50.399075495178643 ], [ -4.191795472559182, 50.390958482730845 ], [ -4.183679564834385, 50.375472869373056 ], [ -4.185384276521397, 50.367248896193765 ], [ -4.167105498494356, 50.361752155071578 ], [ -4.133587564852893, 50.363352765404159 ], [ -4.121627881383655, 50.350472487618894 ], [ -4.128637223693627, 50.340372217893936 ], [ -4.119219839822746, 50.331855688198218 ], [ -4.122107299954476, 50.32546420123321 ], [ -4.111618034693462, 50.315967814200533 ], [ -4.085889429475626, 50.317766327480101 ], [ -4.071781452161779, 50.314879390200318 ], [ -4.073632532557129, 50.30338234650447 ], [ -4.051039718267186, 50.294984934851101 ], [ -4.034606409320263, 50.292947313363875 ], [ -4.012072264714327, 50.303094073784074 ], [ -4.002883445000563, 50.301885801726719 ], [ -3.991579439503277, 50.307536009198067 ], [ -3.973204134890905, 50.307112517184038 ], [ -3.963771680156337, 50.303846367485981 ], [ -3.948397091802652, 50.309961010455659 ], [ -3.945010427693815, 50.297338014686467 ], [ -3.922835761264409, 50.297067759727859 ], [ -3.909894154507906, 50.294318705023095 ], [ -3.894899960131194, 50.281745307015875 ], [ -3.87913541304383, 50.284588236573427 ], [ -3.878861568986887, 50.272063317499217 ], [ -3.858506653752236, 50.261482019356038 ], [ -3.85996311641936, 50.234280964441744 ], [ -3.838562199914509, 50.228971390733768 ], [ -3.823026155487822, 50.217330784041955 ], [ -3.799387121317632, 50.214716614924832 ], [ -3.784754919734355, 50.210687620644372 ], [ -3.770044356919858, 50.221690508334184 ], [ -3.736501037942036, 50.214295459482493 ], [ -3.722625613078109, 50.202444138343488 ], [ -3.708163007810863, 50.205454873845341 ], [ -3.703602479252868, 50.210955939908793 ], [ -3.680814692150262, 50.222466110805001 ], [ -3.668131395691401, 50.220422287027979 ], [ -3.649967489491824, 50.221786974702553 ], [ -3.658737973071306, 50.235183088527471 ], [ -3.658866379899915, 50.242229174389443 ], [ -3.65040587142338, 50.272365179996633 ], [ -3.639928927129253, 50.293376655667871 ], [ -3.626861238251922, 50.306822580121562 ], [ -3.611320698207642, 50.318938010584567 ], [ -3.596682295987029, 50.319792981279889 ], [ -3.589005733825674, 50.325622977551795 ], [ -3.572562418439262, 50.326062220676711 ], [ -3.568369516272402, 50.333236584634328 ], [ -3.552929062443152, 50.338635861101338 ], [ -3.534394341791081, 50.33708460190455 ], [ -3.530953977657269, 50.344383857866674 ], [ -3.515316866244556, 50.350414266343819 ], [ -3.520866689503154, 50.356784476827087 ], [ -3.516046672039949, 50.371764877084807 ], [ -3.503194953351568, 50.384723794675665 ], [ -3.488845513733809, 50.394507567400495 ], [ -3.498618054213592, 50.401463306093049 ], [ -3.512269163989976, 50.397796394301523 ], [ -3.519347919690897, 50.403074919400815 ], [ -3.533181972719376, 50.404834647824757 ], [ -3.544659078023639, 50.40210643534283 ], [ -3.554409836940409, 50.406090079878915 ], [ -3.559077331552163, 50.420405783607251 ], [ -3.557242814176244, 50.442433729551247 ], [ -3.551913474833333, 50.451221953839109 ], [ -3.5339725098801, 50.463103489895246 ], [ -3.51607483331394, 50.453856801231872 ], [ -3.504464595555582, 50.459513489740203 ], [ -3.491241559118859, 50.458172872313135 ], [ -3.486701306062516, 50.463137408535978 ], [ -3.498920068167342, 50.476283273312433 ], [ -3.514716511802052, 50.48167159695236 ], [ -3.513122291992869, 50.506576760818653 ], [ -3.500823088997595, 50.53270669727717 ], [ -3.509618622462173, 50.54223182528176 ], [ -3.492437485867456, 50.546548390683938 ], [ -3.477548546822717, 50.560298351991747 ], [ -3.469166959712567, 50.563543060834597 ], [ -3.466952675667379, 50.578122118373983 ], [ -3.429642106911232, 50.605411805118422 ], [ -3.423434714953147, 50.616526675820104 ], [ -3.409010330432155, 50.611642219980602 ], [ -3.387955238860251, 50.609175962309649 ], [ -3.358040838383447, 50.608332134599593 ], [ -3.359068806118728, 50.615050982927215 ], [ -3.334169656479842, 50.62539328626913 ], [ -3.303979484966133, 50.629820910997147 ], [ -3.288910191463035, 50.641057947567781 ], [ -3.285412058723243, 50.651439267845227 ], [ -3.266700189795095, 50.669939055514902 ], [ -3.230391295943245, 50.679449158181981 ], [ -3.193119730288468, 50.684415275247495 ], [ -3.126957454225856, 50.68689485485428 ], [ -3.095695413355312, 50.685360916133725 ], [ -3.092417892945845, 50.695538506130767 ], [ -3.079029200922265, 50.702446172563825 ], [ -3.06082440034279, 50.703030637688045 ], [ -3.027681866548213, 50.698644944883789 ], [ -3.006962357481943, 50.700362453244409 ], [ -2.997676028115171, 50.704618897991594 ], [ -2.983889244455485, 50.704681262455935 ], [ -2.966143460839955, 50.713062562995297 ], [ -2.947820082954494, 50.718335192603959 ], [ -2.95297367395903, 50.728742439745652 ], [ -2.938248663586025, 50.745965008727389 ], [ -2.93847733553335, 50.756607482550407 ], [ -2.950218157141402, 50.761066923426462 ], [ -2.954615080994767, 50.767662132948722 ], [ -2.947598204883845, 50.779801647736853 ], [ -2.950009805390549, 50.790788256905977 ], [ -2.966710869414897, 50.804773150682749 ], [ -2.981768219387002, 50.798625516366016 ], [ -2.995647091043248, 50.810701709322757 ], [ -3.006426409070672, 50.824174819886451 ], [ -3.006594974618135, 50.835082334115867 ], [ -3.018457588039804, 50.835541189921841 ], [ -3.038157945962932, 50.847638861902297 ], [ -3.036063875892067, 50.85595524555923 ], [ -3.058287460187582, 50.859996559505547 ], [ -3.053984581341282, 50.873019121230321 ], [ -3.052249093301866, 50.884935861168877 ], [ -3.053100249314527, 50.908737598564784 ], [ -3.078083274471822, 50.905431315824607 ], [ -3.103390445362646, 50.904134651871082 ], [ -3.102699646387857, 50.916993572335869 ], [ -3.121714935187049, 50.935370190020294 ], [ -3.140177352999783, 50.937150046133858 ], [ -3.163967663568039, 50.947906873940731 ], [ -3.189241062334722, 50.948534624686069 ], [ -3.218349861439556, 50.943247310500873 ], [ -3.232438890507487, 50.944151838299405 ], [ -3.254956757976199, 50.941917894039442 ], [ -3.285428321875834, 50.953994962165368 ], [ -3.317546985793463, 50.970424395974163 ], [ -3.333311695304055, 50.982616706903499 ], [ -3.360376155331562, 50.978009274956932 ], [ -3.378650082610966, 50.977540761379032 ], [ -3.38341639152124, 50.994292941806272 ], [ -3.380533760994183, 51.0185250627394 ], [ -3.41412623095803, 51.019687763368509 ], [ -3.421364517661875, 51.030811275179261 ], [ -3.436780886890443, 51.030325373030408 ], [ -3.463685042675495, 51.025264356860603 ], [ -3.484417765920792, 51.03384970238497 ], [ -3.519919390754997, 51.02549367476005 ], [ -3.518945580031201, 51.014739245046961 ], [ -3.527824014880227, 51.005455910472307 ], [ -3.572614773117501, 51.004815624080074 ], [ -3.609766025133359, 51.008030787986591 ], [ -3.614605746044558, 51.012822395727078 ], [ -3.61077074703428, 51.024516829296559 ], [ -3.598122833828547, 51.037031074069162 ], [ -3.599828144523114, 51.051680748696711 ], [ -3.624306560012688, 51.06123867966641 ], [ -3.638022756214266, 51.056584507001453 ], [ -3.65030387412799, 51.06412804346094 ], [ -3.679972923293835, 51.072603107581699 ], [ -3.692401677076305, 51.080546977680861 ], [ -3.719994392412836, 51.080841100412968 ], [ -3.738578952441963, 51.088679682120819 ], [ -3.767272489368999, 51.105786025536574 ], [ -3.777394986401344, 51.107048265805815 ], [ -3.80434255222513, 51.115733945822477 ], [ -3.816363842532094, 51.122630844626272 ], [ -3.834533470344005, 51.138430680283825 ], [ -3.839803468038916, 51.176656424540504 ], [ -3.817583809469018, 51.178508303421211 ], [ -3.782420262313318, 51.172230608787437 ], [ -3.757675997101408, 51.177254100264037 ], [ -3.746140904585491, 51.175570808435332 ], [ -3.723859013295273, 51.180685646233059 ], [ -3.73205748363691, 51.190884597537952 ], [ -3.726232513621382, 51.199179178973303 ], [ -3.733159927248013, 51.222734013645891 ], [ -3.720786304314694, 51.233075959541821 ], [ -3.727457523499466, 51.235320247874903 ], [ -3.768538737671406, 51.237468271562555 ], [ -3.787011306914436, 51.246248299420856 ], [ -3.806729088201908, 51.232316084503829 ], [ -3.832212693272212, 51.231897916901929 ], [ -3.838436112749788, 51.23478227831837 ], [ -3.871893495096189, 51.231171746432445 ], [ -3.891991599868574, 51.223830650358494 ], [ -3.903463709242977, 51.229365303976678 ], [ -3.925123240971962, 51.231409250085861 ], [ -3.938683473505289, 51.228764921012797 ], [ -3.947417389840007, 51.221781104775353 ], [ -3.99420056315629, 51.217665979768512 ], [ -4.003407220371434, 51.219170014036713 ], [ -4.031992920313534, 51.214630469097919 ], [ -4.038724680682431, 51.206672844393232 ], [ -4.050506397637472, 51.207436699434915 ], [ -4.066094237788453, 51.2153821187758 ], [ -4.087964355152452, 51.217273242973128 ], [ -4.110832963636445, 51.209089296717593 ], [ -4.121000574760141, 51.212661562312029 ], [ -4.145777440814303, 51.204212861420018 ], [ -4.166173829787329, 51.202792502883575 ], [ -4.17793758437906, 51.197356604534093 ], [ -4.201282908401212, 51.200636560439492 ], [ -4.215961677690335, 51.183301540569957 ], [ -4.209721385984618, 51.172482845777203 ], [ -4.212229784083422, 51.160044335728188 ], [ -4.224838948557906, 51.144240967894639 ], [ -4.255668029117651, 51.146899368528096 ], [ -4.25615739434122, 51.139576799404473 ], [ -4.239240476556137, 51.133362557860771 ], [ -4.238532607771135, 51.120023162483754 ], [ -4.222502558758791, 51.11762381708715 ], [ -4.221750576663035, 51.084623413952293 ], [ -4.215017409868555, 51.075179573418474 ], [ -4.195050984536102, 51.06752821909916 ], [ -4.197263055114437, 51.057909018893639 ], [ -4.206660918967254, 51.053188378815392 ], [ -4.22588638443855, 51.061969623046089 ], [ -4.238746365358151, 51.041267250560679 ], [ -4.255928465152372, 51.038905670579418 ], [ -4.279177559392372, 51.016092181887949 ], [ -4.309229845146394, 50.994912449933466 ], [ -4.345346574067568, 50.988842316035459 ], [ -4.375326709020489, 50.990210608462483 ], [ -4.395537548110244, 50.996717281417197 ], [ -4.404180138068242, 51.004472485796974 ], [ -4.42522968225315, 51.013572647445514 ], [ -4.451685487875128, 51.015127031003743 ], [ -4.469499535709513, 51.021559915841856 ], [ -4.49483158688509, 51.020738402968966 ], [ -4.513556292475067, 51.022330158391298 ], [ -4.52773470961627, 51.017936948312141 ], [ -4.533583791012275, 51.009987785297454 ], [ -4.529342385153558, 50.986227046173923 ], [ -4.53313585289301, 50.965246711067792 ], [ -4.543461261744128, 50.953817076041105 ], [ -4.542660367257668, 50.944438972829829 ], [ -4.549252012482827, 50.93924513913025 ], [ -4.545994547975895, 50.928398667391875 ], [ -4.533784921112131, 50.926731070450828 ], [ -4.499256445773007, 50.927461156874344 ], [ -4.471279662323482, 50.931317552839843 ], [ -4.45662492513383, 50.929143821313893 ], [ -4.463649338464345, 50.91635586915379 ], [ -4.458499031918921, 50.907592314292962 ], [ -4.446731331976514, 50.901358860127509 ], [ -4.446908082691335, 50.892588147681593 ], [ -4.425347212623144, 50.873292937694984 ], [ -4.433738453826639, 50.865515187793058 ], [ -4.444182666422797, 50.829673181141544 ], [ -4.43854968119642, 50.823301012145031 ], [ -4.445964765294645, 50.813319979730842 ], [ -4.447237536794681, 50.801714926612732 ], [ -4.453813026603922, 50.788947587285442 ], [ -4.44405206238944, 50.775716694049954 ], [ -4.422098368023912, 50.764281849969969 ], [ -4.409425944343316, 50.765257273159854 ], [ -4.412986938057508, 50.775202232263709 ], [ -4.393560817015817, 50.778236127018573 ], [ -4.380560188302847, 50.769797490574291 ], [ -4.387377199378606, 50.764969074672329 ], [ -4.381156071575633, 50.756990240923272 ], [ -4.385131822916879, 50.748741836072057 ], [ -4.374109375725192, 50.73791919954229 ], [ -4.369256275818675, 50.724064123056287 ], [ -4.362003868938952, 50.718995008956483 ], [ -4.368536090149155, 50.708788075955475 ], [ -4.367795970233747, 50.699516344922053 ], [ -4.387423773460044, 50.690046715313841 ], [ -4.416538433923237, 50.69324305140897 ], [ -4.424100196973214, 50.69893909801948 ], [ -4.443392290174519, 50.724000616587197 ], [ -4.483964366586429, 50.721376433615674 ], [ -4.505157332593456, 50.713583368592239 ], [ -4.500185665752033, 50.700692456654103 ], [ -4.506880449747726, 50.697991871350155 ], [ -4.49395023845782, 50.680459643393554 ], [ -4.462245889898919, 50.671253401496337 ], [ -4.447651134053255, 50.673061477817363 ], [ -4.441748883196407, 50.667861683024327 ], [ -4.423734230129625, 50.661909094154723 ], [ -4.414359989749682, 50.665104479174687 ], [ -4.395857434368542, 50.661689732961356 ], [ -4.371571450679429, 50.660568988780319 ], [ -4.365688202400013, 50.655357278145523 ], [ -4.338985198868739, 50.657738278767603 ], [ -4.333617189884568, 50.641484262048692 ], [ -4.319715719611801, 50.636048097655895 ], [ -4.300119111759233, 50.632489704986213 ], [ -4.307470411293247, 50.618501809532525 ], [ -4.303465597444868, 50.611784523409334 ], [ -4.308444018524288, 50.602756334684166 ], [ -4.306296178264039, 50.594749235592467 ], [ -4.311245076074664, 50.584874905103014 ], [ -4.289565579142461, 50.581636647071754 ], [ -4.271412306950177, 50.582603013949949 ], [ -4.279298780926617, 50.569244398079192 ], [ -4.259597353606712, 50.552055939206738 ], [ -4.260371695966825, 50.544079478242438 ], [ -4.240880383664105, 50.542495301780718 ], [ -4.233518550380654, 50.531594050143795 ], [ -4.214858446961627, 50.534646731846905 ], [ -4.201733581640133, 50.512688731017469 ], [ -4.203291878291396, 50.505253639012039 ], [ -4.194968891638709, 50.493411506003739 ], [ -4.220478131054413, 50.498232200248438 ], [ -4.223715502719223, 50.489901552772793 ], [ -4.21889216580434, 50.475109431476263 ], [ -4.238840014184617, 50.463194295980941 ], [ -4.228508178328239, 50.456197517720263 ], [ -4.223259212036718, 50.466667236508748 ], [ -4.215370343256697, 50.466605445939734 ], [ -4.208593303989468, 50.458175903346856 ], [ -4.197340544799141, 50.434419162460422 ], [ -4.202942566061918, 50.424544049169704 ], [ -4.203528623750298, 50.41058366217402 ] ] ], [ [ [ -4.677182747587657, 51.202411155881535 ], [ -4.679539375389389, 51.194089253149691 ], [ -4.67305029432001, 51.181769004226872 ], [ -4.678354571899903, 51.170750869684717 ], [ -4.671002883469695, 51.159326353744248 ], [ -4.657709360106974, 51.162434419813209 ], [ -4.662409117455241, 51.16939407684665 ], [ -4.661839400556349, 51.186373299410938 ], [ -4.670381583644454, 51.201019253481682 ], [ -4.677182747587657, 51.202411155881535 ] ] ] ] } },
{ "type": "Feature", "properties": { "hcs_name": "Dorset", "abbr": "Dorset", "hcs_county": "Dorset", "hcs_number": 28, "hcs_code": "DRS", "county": "Dorset", "region": "South West England" }, "geometry": { "type": "Polygon", "coordinates": [ [ [ -2.325856278557352, 51.079681768480967 ], [ -2.347086973160016, 51.072727406917537 ], [ -2.349690536433874, 51.061750447058962 ], [ -2.333185032424958, 51.051386716988752 ], [ -2.330095512993892, 51.041188775589717 ], [ -2.360661381967533, 51.025140784905858 ], [ -2.381291225125575, 51.004364752244989 ], [ -2.376968012029576, 50.990795999019902 ], [ -2.356849203893623, 50.99136737773015 ], [ -2.344918362487526, 50.980322974891337 ], [ -2.398139904210986, 50.967999408707648 ], [ -2.41489183366563, 50.96057844477221 ], [ -2.428046665985763, 50.971410639628914 ], [ -2.447170735425344, 50.967722573570811 ], [ -2.443624462697609, 50.958389500268758 ], [ -2.46059024636661, 50.947316691275461 ], [ -2.47286494348895, 50.950364175049891 ], [ -2.476254677016834, 50.961196535084788 ], [ -2.492230603865895, 50.974808713730589 ], [ -2.52853378742836, 50.974993161839251 ], [ -2.543124172330299, 50.972334672050685 ], [ -2.559810015591586, 50.96266770336932 ], [ -2.582375079137132, 50.958552726974766 ], [ -2.598020839491556, 50.960680947188649 ], [ -2.599138987073286, 50.947717420419757 ], [ -2.611749561411424, 50.940140103656262 ], [ -2.61192526066962, 50.930047084375552 ], [ -2.617475985789613, 50.912279072615597 ], [ -2.62396676608232, 50.908096375709057 ], [ -2.609466347852641, 50.890852818046817 ], [ -2.617542528090152, 50.881052676286835 ], [ -2.63104165477901, 50.885797176756256 ], [ -2.66117576038855, 50.886571737791279 ], [ -2.67897272590687, 50.877499682574388 ], [ -2.695913691795241, 50.875927030793093 ], [ -2.714533908439601, 50.863942402691507 ], [ -2.723050403892196, 50.866229396646276 ], [ -2.782308738233527, 50.859719278300346 ], [ -2.793608473417582, 50.845417694050489 ], [ -2.818000148290096, 50.848312706875923 ], [ -2.831883172533697, 50.853277394181582 ], [ -2.844564356997737, 50.852482157991957 ], [ -2.838729624210448, 50.838169247675197 ], [ -2.85615732067688, 50.832208774106427 ], [ -2.869430517782685, 50.838430973142998 ], [ -2.872934383781931, 50.848449934511493 ], [ -2.886069050103449, 50.850543563107017 ], [ -2.903192579667141, 50.843752310328576 ], [ -2.925185746348171, 50.83947997269879 ], [ -2.932387940521479, 50.841026887018025 ], [ -2.944147984419668, 50.834293307768142 ], [ -2.947375491925736, 50.823706047183101 ], [ -2.95455033136669, 50.821337940758831 ], [ -2.969833113962807, 50.834204369308956 ], [ -2.972537454701826, 50.8461601131253 ], [ -2.964265561092934, 50.857055266395506 ], [ -2.979300893281827, 50.862954729032317 ], [ -2.993821764838499, 50.877546664519038 ], [ -3.014717930864821, 50.874197661184894 ], [ -3.035156652674295, 50.87703431444055 ], [ -3.053984581341282, 50.873019121230321 ], [ -3.058287460187582, 50.859996559505547 ], [ -3.036063875892067, 50.85595524555923 ], [ -3.038157945962932, 50.847638861902297 ], [ -3.018457588039804, 50.835541189921841 ], [ -3.006594974618135, 50.835082334115867 ], [ -3.006426409070672, 50.824174819886451 ], [ -2.995647091043248, 50.810701709322757 ], [ -2.981768219387002, 50.798625516366016 ], [ -2.966710869414897, 50.804773150682749 ], [ -2.950009805390549, 50.790788256905977 ], [ -2.947598204883845, 50.779801647736853 ], [ -2.954615080994767, 50.767662132948722 ], [ -2.950218157141402, 50.761066923426462 ], [ -2.93847733553335, 50.756607482550407 ], [ -2.938248663586025, 50.745965008727389 ], [ -2.95297367395903, 50.728742439745652 ], [ -2.947820082954494, 50.718335192603959 ], [ -2.93734036440476, 50.721034311980603 ], [ -2.92739046134393, 50.729394709214262 ], [ -2.90945953386122, 50.733781480198431 ], [ -2.89492811302077, 50.732809359065939 ], [ -2.84034502777242, 50.722839328104712 ], [ -2.82554320798312, 50.722274700089251 ], [ -2.8110677481202, 50.717921825909812 ], [ -2.7919461041107, 50.717830902254782 ], [ -2.73976833420836, 50.702440176444661 ], [ -2.67732961340342, 50.679874492823537 ], [ -2.61385785248745, 50.653660082722709 ], [ -2.5700664450612, 50.6325192286358 ], [ -2.53075659428933, 50.61188170190637 ], [ -2.49762269709056, 50.592965688691962 ], [ -2.46899732118975, 50.574473466682697 ], [ -2.44797779639634, 50.557280319688488 ], [ -2.45640312186486, 50.542457363015089 ], [ -2.45367625467391, 50.538868885590198 ], [ -2.45629182363558, 50.513243689154017 ], [ -2.4423926468539, 50.520877493357617 ], [ -2.43724920334253, 50.530166177810607 ], [ -2.4179604923174, 50.543286301927267 ], [ -2.41587147266518, 50.551153023705119 ], [ -2.4286289280065, 50.566250792994317 ], [ -2.46074864136992, 50.57134574797427 ], [ -2.47098469225032, 50.582737398104229 ], [ -2.46640974313798, 50.591595949455602 ], [ -2.4494674714191, 50.601869056044542 ], [ -2.45240750908518, 50.611563447721501 ], [ -2.44688304706279, 50.621403100528717 ], [ -2.42556583015066, 50.635290153477733 ], [ -2.40708517329809, 50.63431550830429 ], [ -2.39508893249119, 50.636679013671802 ], [ -2.37872138412086, 50.635366155439002 ], [ -2.36565793554842, 50.631094918391661 ], [ -2.3346052674191, 50.631018289585398 ], [ -2.32333884145311, 50.624838116545057 ], [ -2.31150066402917, 50.62582938484185 ], [ -2.27387940715223, 50.622088364208373 ], [ -2.24026747645547, 50.616109270141528 ], [ -2.19792702456384, 50.62293536982952 ], [ -2.18286693592585, 50.61547552886293 ], [ -2.15761814845102, 50.615399830540291 ], [ -2.15086202490488, 50.61137413656521 ], [ -2.1346308008219, 50.61265512511639 ], [ -2.12597095476696, 50.603828647350653 ], [ -2.1048722343447, 50.596943260119019 ], [ -2.09773706258621, 50.598107790065171 ], [ -2.073253705594, 50.592380566829902 ], [ -2.06425666589326, 50.587565837508528 ], [ -2.05716338759041, 50.576867392246328 ], [ -2.03959832615469, 50.580261560621508 ], [ -2.02626075435353, 50.589006818110803 ], [ -2.00652847122097, 50.591611792475653 ], [ -1.96087769601974, 50.591041099587358 ], [ -1.95359495562334, 50.594240157006134 ], [ -1.94984773907336, 50.604926893405889 ], [ -1.95683656855076, 50.609813732170522 ], [ -1.95633538609742, 50.617934091680141 ], [ -1.9441251338745, 50.629151880654568 ], [ -1.93322084395227, 50.630927762254721 ], [ -1.92411574119589, 50.641927958002839 ], [ -1.94109147250897, 50.640864664108619 ], [ -1.95304651639782, 50.652183530148022 ], [ -1.94284647805115, 50.670083500748397 ], [ -1.94990586331294, 50.679813015837937 ], [ -1.92363555513018, 50.69873603156757 ], [ -1.900678266615659, 50.709317785903139 ], [ -1.907575116912448, 50.715836404538358 ], [ -1.905637801072328, 50.725730740448896 ], [ -1.886410614238875, 50.751432839464208 ], [ -1.865371220675025, 50.77385395069043 ], [ -1.863397647811502, 50.813839180022804 ], [ -1.857427319716635, 50.826981220067168 ], [ -1.858780450833634, 50.841348696454403 ], [ -1.851516158193561, 50.849546367554581 ], [ -1.845266685625139, 50.877974895049348 ], [ -1.848564777298783, 50.889877239129035 ], [ -1.841765245362636, 50.896962755750181 ], [ -1.823705337732874, 50.898362589418007 ], [ -1.816682914219343, 50.903933572013322 ], [ -1.82077603990879, 50.926291525592909 ], [ -1.834465257583612, 50.929360416889821 ], [ -1.840162971291002, 50.931850308353653 ], [ -1.855909254717874, 50.926516581806943 ], [ -1.873634699166356, 50.917237401450983 ], [ -1.881380797003703, 50.926194894810557 ], [ -1.896753787996399, 50.934289657508792 ], [ -1.908699620454871, 50.944991883933461 ], [ -1.920697427791295, 50.96130372206509 ], [ -1.95553476449858, 50.978302275989464 ], [ -1.956876360449331, 50.989801082329066 ], [ -1.963495625767109, 50.99199464612564 ], [ -1.989743665558268, 50.981547039482038 ], [ -1.993804183085621, 50.975763698365419 ], [ -2.017493556704126, 50.972159705869394 ], [ -2.03443557961124, 50.972465449894408 ], [ -2.059508872030368, 50.96280228403198 ], [ -2.068342072745772, 50.951154852142402 ], [ -2.083208557553351, 50.95127272171289 ], [ -2.101814454271073, 50.945030378179673 ], [ -2.11106102557605, 50.955952276993251 ], [ -2.119168610875825, 50.959414317263033 ], [ -2.122815126775893, 50.972611783230299 ], [ -2.132526648926287, 50.980074541221661 ], [ -2.149252816374545, 50.986837356656309 ], [ -2.172592496053764, 51.001095555946698 ], [ -2.178785772755443, 51.01416399301619 ], [ -2.188706467143961, 51.018562662616745 ], [ -2.192053827564265, 51.036262265948039 ], [ -2.205427610427652, 51.042785943611605 ], [ -2.218011009819277, 51.055210813687971 ], [ -2.225532991774658, 51.057413365831046 ], [ -2.24472860932393, 51.072305616741737 ], [ -2.268598762269642, 51.068718436307357 ], [ -2.283561283756185, 51.075329518921215 ], [ -2.302530245574368, 51.079155249831715 ], [ -2.325856278557352, 51.079681768480967 ] ] ] } },
{ "type": "Feature", "properties": { "hcs_name": "Down", "abbr": "Down", "hcs_county": "Down", "hcs_number": 29, "hcs_code": "DWN", "county": "Down", "region": "NI" }, "geometry": { "type": "MultiPolygon", "coordinates": [ [ [ [ -5.533735132674876, 54.681550947095324 ], [ -5.544774598877592, 54.677772955573438 ], [ -5.530797057312217, 54.669658378940269 ], [ -5.521325794979962, 54.676416218702393 ], [ -5.533735132674876, 54.681550947095324 ] ] ], [ [ [ -6.356915596819579, 54.509345079425948 ], [ -6.336967853219197, 54.50541393138105 ], [ -6.325639886108002, 54.4966580321056 ], [ -6.295599591716407, 54.487369917130486 ], [ -6.280582489641974, 54.479689933350258 ], [ -6.298293980777324, 54.474940210655937 ], [ -6.302110498186113, 54.465346986258872 ], [ -6.31035008651587, 54.463751544423822 ], [ -6.309185221055953, 54.451238425856793 ], [ -6.314439942607435, 54.441665158830759 ], [ -6.339704050996025, 54.444408069417037 ], [ -6.346759772702136, 54.436708258829078 ], [ -6.371469642685931, 54.427942845572453 ], [ -6.380205352467407, 54.402783659821708 ], [ -6.400201145632876, 54.395841187531857 ], [ -6.39278496251616, 54.37660206063493 ], [ -6.384785607111238, 54.371491380793898 ], [ -6.375215819659817, 54.351104563279357 ], [ -6.362009648838014, 54.34025518020411 ], [ -6.366141344631095, 54.328195632856229 ], [ -6.361102526152125, 54.312110391354508 ], [ -6.36956676867355, 54.303572673772457 ], [ -6.370244552665747, 54.289755389734609 ], [ -6.35748408653907, 54.280967489919767 ], [ -6.355909088530629, 54.272172746791234 ], [ -6.366438141190757, 54.269587030468251 ], [ -6.360385820236409, 54.261069231619601 ], [ -6.373512979195732, 54.245741405269456 ], [ -6.361696771924422, 54.230639664299602 ], [ -6.364513408206763, 54.225411233128682 ], [ -6.353590832859911, 54.215052619591013 ], [ -6.347069993331806, 54.194716551386655 ], [ -6.334392030989967, 54.183951327168558 ], [ -6.34028089725559, 54.173710708996083 ], [ -6.320546419144414, 54.153111599651254 ], [ -6.321787374568851, 54.147992779970032 ], [ -6.304068440914456, 54.125147552604332 ], [ -6.290798519760592, 54.112770573012057 ], [ -6.27703026865848, 54.110373340625799 ], [ -6.26604869730253, 54.102289433463547 ], [ -6.25101371599649, 54.097284371183797 ], [ -6.23392989987169, 54.101292696611502 ], [ -6.20203942344154, 54.098656648790957 ], [ -6.18994189467569, 54.092171300826926 ], [ -6.19006375926843, 54.085393543811293 ], [ -6.16725106958345, 54.067556973308697 ], [ -6.14291101964199, 54.063175470726542 ], [ -6.1211265742821, 54.065533565906662 ], [ -6.10445287847445, 54.061265439317587 ], [ -6.09627364152942, 54.063081894011049 ], [ -6.08380586585898, 54.056681370325968 ], [ -6.10688227363708, 54.040476757358952 ], [ -6.08680916189152, 54.03525649966366 ], [ -6.08163372336025, 54.029511979664257 ], [ -6.0645898485696, 54.027549723514937 ], [ -6.04371492430272, 54.031507221258522 ], [ -6.01331651229964, 54.042298930803838 ], [ -6.00836217834176, 54.049701780892207 ], [ -5.99086476130431, 54.058832212056863 ], [ -5.96306622428303, 54.062900303216203 ], [ -5.95775068310737, 54.072922371635421 ], [ -5.91929507511224, 54.093627594356008 ], [ -5.90343119522171, 54.099569268424787 ], [ -5.88617099729257, 54.121576434987318 ], [ -5.88920823978494, 54.134680210584243 ], [ -5.87609980687707, 54.153251879685968 ], [ -5.87195314596923, 54.167130270637323 ], [ -5.87750630499604, 54.190036006879701 ], [ -5.89099749375473, 54.201251055116977 ], [ -5.89205045014089, 54.206816762814732 ], [ -5.87809984044173, 54.218449003054388 ], [ -5.83132771783723, 54.240306392266831 ], [ -5.82827727467974, 54.247327565054469 ], [ -5.83883387693502, 54.252932188691602 ], [ -5.83654188845797, 54.265497028816412 ], [ -5.82027349616278, 54.272278563355243 ], [ -5.81809400697082, 54.257108952307831 ], [ -5.8327108608596, 54.254367601642748 ], [ -5.82202028829759, 54.243678428266939 ], [ -5.81452342468857, 54.242401707892583 ], [ -5.75341965657195, 54.247754877086763 ], [ -5.74873341610405, 54.251576861383739 ], [ -5.69550992776654, 54.251541365634672 ], [ -5.67923267869781, 54.248069039585403 ], [ -5.66696972951726, 54.235457259342887 ], [ -5.66363391709701, 54.227224227815043 ], [ -5.64802475667864, 54.231305775716173 ], [ -5.63703005999005, 54.241236638202217 ], [ -5.6375794338622, 54.261123880735489 ], [ -5.60876879225144, 54.24871261882727 ], [ -5.58623264414288, 54.270421725213147 ], [ -5.57624768263643, 54.273047322978499 ], [ -5.55772694389876, 54.290719153920961 ], [ -5.55177195449659, 54.305223132948058 ], [ -5.5363041454177, 54.312803836325173 ], [ -5.54199828945068, 54.319422541907251 ], [ -5.544397993641, 54.332221471614183 ], [ -5.54089949400714, 54.338818428709601 ], [ -5.54829864462826, 54.344190372266667 ], [ -5.55195526872247, 54.360158896332258 ], [ -5.54899005769452, 54.365272400314183 ], [ -5.55714574718707, 54.376394979724452 ], [ -5.56908708970823, 54.369226184645818 ], [ -5.57789026634296, 54.373009091367472 ], [ -5.57442145438652, 54.38327580796355 ], [ -5.6116820522079, 54.379543505782223 ], [ -5.64643778600679, 54.364890940248507 ], [ -5.66818943455942, 54.366080572662419 ], [ -5.68487945241328, 54.372348066800619 ], [ -5.66539723374917, 54.382157049069328 ], [ -5.65400700739017, 54.382422721525629 ], [ -5.6413449098213, 54.400449735463212 ], [ -5.64105678134707, 54.409489279117011 ], [ -5.64732392673966, 54.419334443357613 ], [ -5.63322023035535, 54.438452660008693 ], [ -5.64135923198252, 54.441676993539623 ], [ -5.63422251351964, 54.451907452490367 ], [ -5.6548481028696, 54.464977512374098 ], [ -5.64701198369028, 54.478508705317758 ], [ -5.64851701679411, 54.48955075917678 ], [ -5.65736863876813, 54.497531859745934 ], [ -5.66870134650257, 54.492016680744953 ], [ -5.6778387958203, 54.497039673194607 ], [ -5.67356330558694, 54.510050092499249 ], [ -5.65402496381556, 54.51756124823283 ], [ -5.6721168580613, 54.52242040955683 ], [ -5.71463186833544, 54.539753858412432 ], [ -5.69733457599641, 54.54652913226812 ], [ -5.69707089718579, 54.571337306420531 ], [ -5.67890135501268, 54.58333700934223 ], [ -5.65655179804836, 54.568921569310682 ], [ -5.62772596546056, 54.559728358103619 ], [ -5.61412893312768, 54.558544724843927 ], [ -5.60519921223152, 54.549233642925891 ], [ -5.59460569229874, 54.547360959094448 ], [ -5.58162004520167, 54.532267549593158 ], [ -5.56866183290237, 54.536046951114287 ], [ -5.55711451938048, 54.528816403151907 ], [ -5.54656584629942, 54.504091944721097 ], [ -5.53049319197211, 54.483291236166863 ], [ -5.53945560627957, 54.478626023973369 ], [ -5.53208672620121, 54.46921526714079 ], [ -5.54142754289407, 54.465977360281379 ], [ -5.53338178947254, 54.453172774928618 ], [ -5.53747435762337, 54.442427070002672 ], [ -5.54638347456395, 54.434711543895077 ], [ -5.56403756687073, 54.430014626075632 ], [ -5.57838418693105, 54.410637336763877 ], [ -5.57955702102184, 54.400524506394333 ], [ -5.57436994258914, 54.393539969944072 ], [ -5.56237243470277, 54.390819802615411 ], [ -5.54810536474928, 54.380126944737171 ], [ -5.52800647793005, 54.358264119523049 ], [ -5.52993752634828, 54.348575901597528 ], [ -5.52377646754417, 54.341420748440058 ], [ -5.51101337604797, 54.337101233741173 ], [ -5.49964049432396, 54.338028371597922 ], [ -5.48979969398293, 54.357889689566527 ], [ -5.49309105223574, 54.365571699519229 ], [ -5.48951455214368, 54.375871638627423 ], [ -5.47823780101315, 54.38488001238521 ], [ -5.4621400951649, 54.383494895630307 ], [ -5.45869286937301, 54.393362061968041 ], [ -5.46444825612085, 54.397094114129047 ], [ -5.46465704978961, 54.414400590101742 ], [ -5.48020560424294, 54.427061943890031 ], [ -5.47331013529756, 54.435361507782623 ], [ -5.45530105665749, 54.439451435667827 ], [ -5.45056427287609, 54.45120788178761 ], [ -5.44109120907331, 54.454430590140113 ], [ -5.43634596258884, 54.466452093985133 ], [ -5.44198680462456, 54.473373512667258 ], [ -5.43291690993976, 54.487586377944517 ], [ -5.46233552780842, 54.496874499069712 ], [ -5.47061706135921, 54.526384544316663 ], [ -5.48169805930304, 54.53387216679527 ], [ -5.4857821347705, 54.547409870025149 ], [ -5.47724315920754, 54.56400503979534 ], [ -5.48907733413802, 54.576219425251011 ], [ -5.50311462454124, 54.581206331031588 ], [ -5.50443184293757, 54.588945651747217 ], [ -5.5199013911045, 54.595682641916511 ], [ -5.53405165136721, 54.622353647140557 ], [ -5.52790800184364, 54.636947502820483 ], [ -5.53819790409639, 54.643955166779193 ], [ -5.54149452963111, 54.653441031758717 ], [ -5.55284612567063, 54.655539380686747 ], [ -5.56885488389749, 54.664047933832443 ], [ -5.57652003118557, 54.675060089257677 ], [ -5.59781550073237, 54.677862816433702 ], [ -5.61378089959649, 54.675142825696923 ], [ -5.62786923343381, 54.680100989976388 ], [ -5.63678594602634, 54.677931112004437 ], [ -5.63587031231164, 54.668833237871389 ], [ -5.65055491265, 54.665556086861208 ], [ -5.65574539774623, 54.670976572365532 ], [ -5.6734947751088, 54.663184629594006 ], [ -5.68010859054504, 54.668849821281263 ], [ -5.72066468161914, 54.667026577946103 ], [ -5.74211743375323, 54.676966910131164 ], [ -5.77324070901458, 54.666091844247347 ], [ -5.79795096136934, 54.661316656441848 ], [ -5.82248258990705, 54.651572639236647 ], [ -5.82990407281074, 54.644980791745958 ], [ -5.84711089202045, 54.640126433872048 ], [ -5.85523137508172, 54.633520824912168 ], [ -5.872439403943452, 54.637433693750026 ], [ -5.916643288727616, 54.606004819257251 ], [ -5.919996454140804, 54.583521254839795 ], [ -5.930935459211125, 54.575099787377077 ], [ -5.925444069836828, 54.569537005459743 ], [ -5.930845344161698, 54.557841072544143 ], [ -5.950949593859526, 54.555551701087523 ], [ -5.96015063479997, 54.538021695928869 ], [ -5.972558853048771, 54.530927195259366 ], [ -5.994245175981261, 54.542850115841134 ], [ -6.012717741218827, 54.53559679220713 ], [ -6.027051101886334, 54.524651084934291 ], [ -6.02397886140116, 54.513784753173503 ], [ -6.034615805889446, 54.512248881734195 ], [ -6.041801367402392, 54.504436795889262 ], [ -6.058798191399872, 54.497538992594663 ], [ -6.074132875844405, 54.506009364041901 ], [ -6.119660743565435, 54.494298922726557 ], [ -6.134401584497079, 54.496007881476288 ], [ -6.142954260942854, 54.486116271055273 ], [ -6.164271757309483, 54.479430820876154 ], [ -6.180929222181884, 54.477255935024772 ], [ -6.200214246083511, 54.483344841220848 ], [ -6.208661618236313, 54.490134216997475 ], [ -6.22806674571582, 54.495424521187985 ], [ -6.238523047153759, 54.492040312124011 ], [ -6.260544781180239, 54.492681515890297 ], [ -6.265888444741559, 54.498982404839481 ], [ -6.280015846731771, 54.5008156076209 ], [ -6.295409324779434, 54.497234905079942 ], [ -6.327694008400458, 54.512194453032706 ], [ -6.339148068817272, 54.509065331608035 ], [ -6.356915596819579, 54.509345079425948 ] ] ] ] } },
{ "type": "Feature", "properties": { "hcs_name": "Dumfriesshire", "abbr": "Dumf", "hcs_county": "Dumfries", "hcs_number": 30, "hcs_code": "DMF", "county": "Dumfriesshire", "region": "Scotland" }, "geometry": { "type": "Polygon", "coordinates": [ [ [ -3.604556107224607, 55.034559100003506 ], [ -3.577703684243556, 55.015097107694864 ], [ -3.572717980941958, 54.996092231836748 ], [ -3.55518327200535, 54.9772023511618 ], [ -3.523923916219707, 54.965654088813565 ], [ -3.489469845295358, 54.96543264141512 ], [ -3.470548199193596, 54.968317790723233 ], [ -3.451384256685313, 54.976295870646894 ], [ -3.433340671536433, 54.99193533737683 ], [ -3.408870881814941, 54.974513699956589 ], [ -3.370663849956258, 54.97064326092557 ], [ -3.339564852748008, 54.973972738792455 ], [ -3.329159305596567, 54.978736803543534 ], [ -3.294133120163431, 54.969300377288342 ], [ -3.269163349482608, 54.965508425911473 ], [ -3.254095185405874, 54.972741131984407 ], [ -3.237344681953481, 54.97122417318247 ], [ -3.205768800661319, 54.976267542455361 ], [ -3.164183466282533, 54.968752934375139 ], [ -3.14941950925618, 54.963840684214027 ], [ -3.119347338595889, 54.976312640156976 ], [ -3.076560429707509, 54.980129962049666 ], [ -3.063373932555851, 54.98634876645098 ], [ -3.044633139812517, 54.998226344462928 ], [ -3.049318847817216, 55.009313735926732 ], [ -3.040288812348125, 55.022575756439039 ], [ -3.025989933315484, 55.036544994079946 ], [ -3.035348029999288, 55.038999726309896 ], [ -3.05056890927808, 55.052841742012575 ], [ -3.029202116274868, 55.055349247872748 ], [ -2.971807557769449, 55.050179182330602 ], [ -2.936497911513682, 55.059504615689605 ], [ -2.94147321957738, 55.068487775729515 ], [ -2.927270998272367, 55.070393027990995 ], [ -2.91017432132075, 55.076755846455129 ], [ -2.897406136628903, 55.077691979974247 ], [ -2.892561049848914, 55.085202557503045 ], [ -2.858533637308471, 55.10834448491385 ], [ -2.865241988847111, 55.135371899838987 ], [ -2.87426521619992, 55.14124093121184 ], [ -2.890271136777739, 55.141043808078969 ], [ -2.899784356522108, 55.151897313957882 ], [ -2.899552892108708, 55.169675329754845 ], [ -2.904749485778456, 55.173665862916145 ], [ -2.885984890349484, 55.202577683830064 ], [ -2.888184414483688, 55.207863477423501 ], [ -2.862021134158069, 55.223397446002409 ], [ -2.869165940096486, 55.237223653559383 ], [ -2.891712086626648, 55.233502362745561 ], [ -2.921442621502564, 55.236719564817378 ], [ -2.905010244380363, 55.257181900974466 ], [ -2.884341801851275, 55.265125517011917 ], [ -2.893050860986533, 55.279892600341171 ], [ -2.907241995752685, 55.285514418521686 ], [ -2.923515169304826, 55.279310992526888 ], [ -2.94571802214419, 55.287690542877748 ], [ -2.964691382338798, 55.289663011144761 ], [ -2.968865202038931, 55.284310756494833 ], [ -2.990935526563665, 55.276266186943381 ], [ -2.99360158779004, 55.270050641333519 ], [ -3.009253614112195, 55.267075934829641 ], [ -3.01329527275649, 55.275777715796757 ], [ -3.027833515364385, 55.27781944234944 ], [ -3.042954760363352, 55.271530169344643 ], [ -3.053558274181998, 55.279721815379489 ], [ -3.05170229330506, 55.297091533319417 ], [ -3.070148737517366, 55.316426540845491 ], [ -3.081761803693856, 55.315551369021485 ], [ -3.08626837514407, 55.327939384825882 ], [ -3.099119610824695, 55.331644361772874 ], [ -3.098830589373275, 55.345282257706046 ], [ -3.109461965577856, 55.347831704629179 ], [ -3.112690593547478, 55.35691224466715 ], [ -3.127238569056309, 55.359739030706635 ], [ -3.151744895457749, 55.354860113912231 ], [ -3.174625579511833, 55.346645627531586 ], [ -3.179253829214033, 55.360465726328073 ], [ -3.20163131349627, 55.365695691095226 ], [ -3.215212031374199, 55.37331656768891 ], [ -3.246611462071214, 55.367616977594317 ], [ -3.291474662163, 55.342191004361418 ], [ -3.303771601838031, 55.342407547278448 ], [ -3.320160874705271, 55.349824436411033 ], [ -3.313345413699456, 55.354896162209691 ], [ -3.31417135294371, 55.367493326755898 ], [ -3.303834964403587, 55.368885631838985 ], [ -3.311674510042375, 55.379632240976228 ], [ -3.302742611969937, 55.393879024925049 ], [ -3.281986253352906, 55.408155429319088 ], [ -3.256409153863197, 55.417567730565331 ], [ -3.244261103925053, 55.42907428643538 ], [ -3.279651132491598, 55.43522347934848 ], [ -3.287174194427935, 55.433740407587713 ], [ -3.305137273181071, 55.436228666501371 ], [ -3.31095842643321, 55.444809733803005 ], [ -3.331582949292978, 55.441088161830301 ], [ -3.3387761467285, 55.424998418036772 ], [ -3.347288517456748, 55.424635342240087 ], [ -3.377688002547317, 55.411423599122223 ], [ -3.40528971358937, 55.412854558070386 ], [ -3.421225975957471, 55.416047446113488 ], [ -3.429859711611444, 55.410703413613504 ], [ -3.449213993907475, 55.409875811717939 ], [ -3.473943981900955, 55.403907282518503 ], [ -3.488649724609974, 55.404136557596743 ], [ -3.501333784744716, 55.387915278824423 ], [ -3.513421277213071, 55.383530757276453 ], [ -3.532418459218477, 55.384358341881757 ], [ -3.542342483507316, 55.369322005434263 ], [ -3.57141354248543, 55.367555916643049 ], [ -3.577676060063439, 55.360123332199166 ], [ -3.575999112235474, 55.350417800667671 ], [ -3.587763611106474, 55.344776781488378 ], [ -3.575026054914423, 55.328150874926003 ], [ -3.596405101058227, 55.314939983319789 ], [ -3.591516897378464, 55.301944161302643 ], [ -3.579884155916416, 55.296590840671911 ], [ -3.590469551375434, 55.285192729841576 ], [ -3.604511115713378, 55.292259975813145 ], [ -3.604238697689329, 55.299332817690832 ], [ -3.639423798886, 55.291372529633833 ], [ -3.663619824174426, 55.291747131208631 ], [ -3.678132758954729, 55.308887880823441 ], [ -3.698752271461717, 55.313590404067078 ], [ -3.711213586025124, 55.323150441868279 ], [ -3.710330786101525, 55.344166697117736 ], [ -3.720186977759922, 55.350242154925425 ], [ -3.711239082257959, 55.363066297456328 ], [ -3.734806556880467, 55.364832340765297 ], [ -3.748274239376029, 55.371494619457891 ], [ -3.75975771737717, 55.38182556331342 ], [ -3.764766585478423, 55.401257445838183 ], [ -3.791035970202049, 55.410248384773219 ], [ -3.796079337811622, 55.419074590304632 ], [ -3.816411038634905, 55.427267117435441 ], [ -3.825298807233309, 55.444319338888626 ], [ -3.860934881595582, 55.452135708860915 ], [ -3.869453416022758, 55.456979358405519 ], [ -3.889090341424105, 55.456358687480162 ], [ -3.927252178118622, 55.459800667682451 ], [ -3.935298552606814, 55.457926966420565 ], [ -3.951001494622061, 55.462587882752878 ], [ -3.969847056562822, 55.454362389131546 ], [ -3.986219909320834, 55.464056943204909 ], [ -3.997818594994749, 55.455206711005189 ], [ -4.016787456390975, 55.446609916729159 ], [ -4.005041420581267, 55.442959951478308 ], [ -4.007807227549046, 55.435625766329515 ], [ -4.042907755571779, 55.422261757658951 ], [ -4.051179978324077, 55.423628713844295 ], [ -4.068422227606964, 55.415705763221631 ], [ -4.090837931706601, 55.412069104437087 ], [ -4.098099030253786, 55.395397545012543 ], [ -4.097189251299694, 55.38548440704006 ], [ -4.107502459362355, 55.369016660296111 ], [ -4.099442537653224, 55.35824334217277 ], [ -4.085739560378404, 55.351257445111699 ], [ -4.097665238414003, 55.344081241732468 ], [ -4.107213175052783, 55.331444106212103 ], [ -4.118425443564989, 55.32312393656769 ], [ -4.122553754641724, 55.313769357110274 ], [ -4.112451128376613, 55.305403702792617 ], [ -4.10037598566966, 55.307980431970641 ], [ -4.081298254893898, 55.300069194678827 ], [ -4.051370075874628, 55.284476462388355 ], [ -4.064495134709131, 55.277423841645081 ], [ -4.064833278123777, 55.268844384214248 ], [ -4.07817111412005, 55.264721788199004 ], [ -4.079348462164439, 55.250352611129621 ], [ -4.067522253027327, 55.244478293770122 ], [ -4.068994009912032, 55.237455797972792 ], [ -4.057223487887326, 55.233700439985739 ], [ -4.053921827726167, 55.224721892703094 ], [ -4.062421271536125, 55.212973293257456 ], [ -4.058499833760319, 55.203856473941954 ], [ -4.066697325441507, 55.197274016751464 ], [ -4.03541174450895, 55.188165427811029 ], [ -4.039839719920557, 55.181211199911189 ], [ -4.0090194143778, 55.167102738940699 ], [ -3.987093199689287, 55.160046153212477 ], [ -3.966171498125374, 55.163144217704051 ], [ -3.953790601622506, 55.144553849911951 ], [ -3.962077299880617, 55.130742493331198 ], [ -3.954917653161047, 55.118861632448677 ], [ -3.945920187049103, 55.114749962226462 ], [ -3.929164093221308, 55.114510665001553 ], [ -3.901152418890712, 55.127360343897692 ], [ -3.887909209636076, 55.119634275887705 ], [ -3.876380641547394, 55.118749089997806 ], [ -3.819519151948581, 55.102002703486498 ], [ -3.808724698162618, 55.108063436150175 ], [ -3.784267248261818, 55.115378577967498 ], [ -3.766552342741447, 55.104029037924562 ], [ -3.757115753915885, 55.101464981180619 ], [ -3.733364337146825, 55.102220551436702 ], [ -3.723044968962455, 55.106008005434553 ], [ -3.69512522165993, 55.099908095141892 ], [ -3.666872474998025, 55.099161043188673 ], [ -3.655699712885467, 55.094637439000095 ], [ -3.641122052969694, 55.095228672540195 ], [ -3.609669668873489, 55.078355646234193 ], [ -3.61800281119007, 55.070945698178548 ], [ -3.60385691150987, 55.058823423290733 ], [ -3.614257891305647, 55.053826292132698 ], [ -3.607001877994888, 55.046485474561813 ], [ -3.604556107224607, 55.034559100003506 ] ] ] } },
{ "type": "Feature", "properties": { "hcs_name": "Dunbartonshire", "abbr": "Dunbar", "hcs_county": "Dunbarton", "hcs_number": 31, "hcs_code": "DUN", "county": "Dunbartonshire", "region": "Scotland" }, "geometry": { "type": "MultiPolygon", "coordinates": [ [ [ [ -4.746251017013368, 56.20689467527621 ], [ -4.748795137920466, 56.195373456479125 ], [ -4.767360984711754, 56.187051292554862 ], [ -4.7806302230117, 56.176493128196761 ], [ -4.787763776261084, 56.164759763065149 ], [ -4.803806806167055, 56.150707140134628 ], [ -4.825764597206125, 56.119415781091433 ], [ -4.838973640592928, 56.113497553229784 ], [ -4.868040233937193, 56.071370312073057 ], [ -4.880020611807901, 56.058075650568298 ], [ -4.881192278639169, 56.049344477295797 ], [ -4.870199801798742, 56.042487051131651 ], [ -4.865996273977713, 56.031623787634182 ], [ -4.866543198281303, 56.012771147178618 ], [ -4.852895697865781, 56.002353744394931 ], [ -4.851803041202181, 55.988986637038913 ], [ -4.83390148767118, 55.983552732577643 ], [ -4.798906315059432, 55.98536905074571 ], [ -4.780493587094939, 55.988688356692002 ], [ -4.768292920956757, 55.987533044292803 ], [ -4.774709125496764, 56.003188693770994 ], [ -4.792938695104721, 56.000913622085797 ], [ -4.795835417693488, 56.012730544285624 ], [ -4.806195131126063, 56.012892765768775 ], [ -4.826771769748687, 56.034978803396058 ], [ -4.841794730670687, 56.058812328199522 ], [ -4.838761428099366, 56.078570954313896 ], [ -4.828218271847061, 56.077706650820375 ], [ -4.824952472058716, 56.067052352970606 ], [ -4.816999844181377, 56.062331344138961 ], [ -4.820222671812184, 56.054061508829072 ], [ -4.807028477801412, 56.044871730782887 ], [ -4.802153335683983, 56.036844324625903 ], [ -4.7881216495289, 56.025815063976509 ], [ -4.781957435351241, 56.016599016346625 ], [ -4.761365668318581, 56.007768847644613 ], [ -4.724619675424315, 56.001166869272701 ], [ -4.700175697135878, 55.991695535917238 ], [ -4.693771201007991, 55.978591408813266 ], [ -4.705045242876388, 55.972388639888486 ], [ -4.700957558938161, 55.967096107492935 ], [ -4.682477534210187, 55.970516479287276 ], [ -4.666647333481788, 55.958435709390898 ], [ -4.647441251568899, 55.956067320024928 ], [ -4.574041327053783, 55.938010439712706 ], [ -4.562603074541838, 55.940159420526008 ], [ -4.541269559159697, 55.933029387199873 ], [ -4.5156598176595, 55.930067049601355 ], [ -4.483390356802025, 55.930109035883035 ], [ -4.462702136525091, 55.920283096033643 ], [ -4.444514777127154, 55.907478325473917 ], [ -4.418173694568262, 55.901996225340604 ], [ -4.393200494357535, 55.889151386599295 ], [ -4.365684939577542, 55.895454033420464 ], [ -4.347714351646114, 55.888916335835852 ], [ -4.325991896595934, 55.8930493970649 ], [ -4.302076394841845, 55.895537280281431 ], [ -4.315726058820595, 55.906314480877974 ], [ -4.293804648202377, 55.911626809086322 ], [ -4.306875905671628, 55.911771711819611 ], [ -4.310503389803702, 55.932597783908477 ], [ -4.32152068168358, 55.931268246307695 ], [ -4.336536374874231, 55.939363429061125 ], [ -4.330729265865245, 55.95631160385755 ], [ -4.351451601843682, 55.971537438171858 ], [ -4.374685981164896, 55.981020867527867 ], [ -4.394403968882946, 55.978102454383652 ], [ -4.399510968555767, 55.971991507464509 ], [ -4.414037680579945, 55.971347164135075 ], [ -4.430354347280231, 55.979029885212348 ], [ -4.448708850314892, 56.004506334907369 ], [ -4.469720627986894, 56.001965941661282 ], [ -4.482314257785963, 56.011428779074443 ], [ -4.478977535567427, 56.019246955993545 ], [ -4.488180681309014, 56.02947610484398 ], [ -4.464439615601678, 56.040135000411254 ], [ -4.446191127961694, 56.040944078206188 ], [ -4.435086056983063, 56.047088688603246 ], [ -4.465534163545656, 56.059341187165131 ], [ -4.481078646838569, 56.059239255088094 ], [ -4.500377793768236, 56.065072486375065 ], [ -4.513163534614632, 56.065099376551522 ], [ -4.532761394501319, 56.073452656434029 ], [ -4.558396655588044, 56.071225249252748 ], [ -4.592541352785135, 56.075433149682823 ], [ -4.604412596584989, 56.09049874822059 ], [ -4.589141862836598, 56.107169896473508 ], [ -4.594406512572598, 56.114011113069779 ], [ -4.631840092626083, 56.118317674240608 ], [ -4.641858527594919, 56.124624283815187 ], [ -4.657613865658485, 56.15806772005552 ], [ -4.656235709981427, 56.165590993398098 ], [ -4.674478575936248, 56.176075758318163 ], [ -4.688693924774627, 56.189385786788399 ], [ -4.69536823126812, 56.202947370743345 ], [ -4.686440709129998, 56.211590859015445 ], [ -4.68589084374404, 56.220213398281437 ], [ -4.701357803559807, 56.254436662969617 ], [ -4.697200644061231, 56.274222511327935 ], [ -4.679773883486793, 56.27701177130799 ], [ -4.660719709320005, 56.285293496257047 ], [ -4.678359412188989, 56.288984476018712 ], [ -4.682048367862749, 56.297885582258608 ], [ -4.670828243566614, 56.302735481196557 ], [ -4.6772261764466, 56.312866607564274 ], [ -4.658700380220205, 56.321860943971032 ], [ -4.677250432549583, 56.326486661942482 ], [ -4.695539911706684, 56.322467268011955 ], [ -4.715748909875403, 56.329958501900734 ], [ -4.720700429972404, 56.327152827975134 ], [ -4.743716130672237, 56.331592925276311 ], [ -4.752605063985306, 56.325163779929994 ], [ -4.785804235317898, 56.323744703079157 ], [ -4.783208589723415, 56.312708168408655 ], [ -4.799713230911378, 56.30417934794049 ], [ -4.809874538162536, 56.305319991673471 ], [ -4.834453142852031, 56.296300957196955 ], [ -4.835569119741295, 56.286366097621055 ], [ -4.820912537884586, 56.275705699474209 ], [ -4.804200715443244, 56.278757139097806 ], [ -4.797149564285771, 56.275716709052851 ], [ -4.787602902035491, 56.259678876123658 ], [ -4.797017722505906, 56.243874898398673 ], [ -4.775536211534543, 56.240352624384329 ], [ -4.744086960809351, 56.238816831930187 ], [ -4.731797058633541, 56.231233783497771 ], [ -4.731213725063193, 56.223040415680053 ], [ -4.746251017013368, 56.20689467527621 ] ] ], [ [ [ -4.176835083876431, 55.939547845021117 ], [ -4.162043686062136, 55.932206034031204 ], [ -4.177762385204654, 55.924000282430903 ], [ -4.168425123561147, 55.919613529981746 ], [ -4.13715002186121, 55.923986775057841 ], [ -4.111907936325697, 55.923259027188223 ], [ -4.043237828717795, 55.924302557747772 ], [ -4.03278341087255, 55.929445828415616 ], [ -4.012265021565594, 55.928405134688823 ], [ -3.986459838075576, 55.93425524028676 ], [ -3.944686173767637, 55.929059403288562 ], [ -3.924767369133814, 55.930957143142614 ], [ -3.915833188950648, 55.927177291168221 ], [ -3.898147005111889, 55.936771228653242 ], [ -3.898603984335805, 55.943430171959697 ], [ -3.880930589734802, 55.95226157234621 ], [ -3.868942228555942, 55.953695591449268 ], [ -3.867801947415536, 55.962592480955266 ], [ -3.911721432852275, 55.959521288581229 ], [ -3.924241653453464, 55.964829406163325 ], [ -3.935679012141243, 55.962272499191052 ], [ -3.949730762123589, 55.971434715938727 ], [ -3.943280565385523, 55.980508570528812 ], [ -3.964835153395174, 55.987073854763757 ], [ -4.035337731937005, 55.970758564329543 ], [ -4.077009494264345, 55.965544251713681 ], [ -4.176835083876431, 55.939547845021117 ] ] ] ] } },
{ "type": "Feature", "properties": { "hcs_name": "Durham", "abbr": "Durham", "hcs_county": "Durham", "hcs_number": 32, "hcs_code": "DRH", "county": "County Durham", "region": "North East England" }, "geometry": { "type": "Polygon", "coordinates": [ [ [ -2.355407591867333, 54.697226405456888 ], [ -2.352214346561021, 54.68684135493605 ], [ -2.327414754237126, 54.670764704591946 ], [ -2.306222458011663, 54.670175453483999 ], [ -2.293202, 54.664009 ], [ -2.2879234041346, 54.650458121271967 ], [ -2.28053140012734, 54.64651893168584 ], [ -2.25916444875653, 54.653365529090109 ], [ -2.255701370589312, 54.660513291048936 ], [ -2.24095426855015, 54.661807119743138 ], [ -2.21563436746409, 54.659248038571548 ], [ -2.196053991811246, 54.647311488598248 ], [ -2.181117340526, 54.652311194237562 ], [ -2.155002678132067, 54.649097017857777 ], [ -2.131152767981998, 54.635219130589455 ], [ -2.102925926571284, 54.625124204862523 ], [ -2.077531130183877, 54.618997826309496 ], [ -2.055285984691149, 54.621082430420508 ], [ -2.041570014726448, 54.617941895744281 ], [ -2.036975555968933, 54.60959196395585 ], [ -2.006015428311709, 54.601439226849529 ], [ -1.997375496589259, 54.5907664761503 ], [ -1.964888269889117, 54.570588572724397 ], [ -1.955232232929009, 54.559945927340728 ], [ -1.942169201722854, 54.554586101935136 ], [ -1.927600298093968, 54.54394479277974 ], [ -1.92649411888195, 54.539095521420762 ], [ -1.880280395586342, 54.523936949339067 ], [ -1.845197107112871, 54.528320323899557 ], [ -1.818797674207058, 54.524250621275129 ], [ -1.800872465881853, 54.528622152796842 ], [ -1.788730584204708, 54.534922460853309 ], [ -1.773801797466082, 54.548367926906607 ], [ -1.753660097724692, 54.551965865997175 ], [ -1.73006882343567, 54.541547500981082 ], [ -1.719478261571178, 54.542254365429478 ], [ -1.706058084837131, 54.537086518609442 ], [ -1.68118674653704, 54.533312105457213 ], [ -1.65829751095522, 54.534673233837452 ], [ -1.652856014881789, 54.524141518845155 ], [ -1.636152025402896, 54.525903695548678 ], [ -1.634253832896266, 54.514266423602557 ], [ -1.614210906022017, 54.519539614560315 ], [ -1.603600765374995, 54.512247469085331 ], [ -1.580755821469368, 54.51258927912523 ], [ -1.582713289415987, 54.497045591859795 ], [ -1.573821971617607, 54.49054634614518 ], [ -1.554255450060378, 54.485038348056072 ], [ -1.55120580827703, 54.474706668127403 ], [ -1.542946761068157, 54.469619689778149 ], [ -1.529718400099603, 54.475480714752557 ], [ -1.527757671456185, 54.485015044830376 ], [ -1.498206501234321, 54.4749505004146 ], [ -1.475396773585801, 54.473831469380364 ], [ -1.467572258986879, 54.461573376281194 ], [ -1.471025387877106, 54.454755110662653 ], [ -1.452638968845446, 54.453681825665363 ], [ -1.451722700682936, 54.465752596578099 ], [ -1.463829065793891, 54.473612066847323 ], [ -1.457881755642113, 54.482155110734091 ], [ -1.459082099518543, 54.494064963365638 ], [ -1.471606668795111, 54.49596170906613 ], [ -1.462245887475188, 54.504257216057255 ], [ -1.441570380448268, 54.490178335203233 ], [ -1.427102762900187, 54.485155324436612 ], [ -1.429648648868312, 54.479072098365748 ], [ -1.409758449652051, 54.478437219510482 ], [ -1.409775445215681, 54.489078958686854 ], [ -1.398326626908934, 54.491921757020386 ], [ -1.384832368662963, 54.486833861248314 ], [ -1.37173381715046, 54.503742264982748 ], [ -1.34971465410677, 54.50440648146067 ], [ -1.338112628987509, 54.50744887342394 ], [ -1.335528735918942, 54.517007223860354 ], [ -1.338746092515454, 54.530279185162421 ], [ -1.325996686686393, 54.532529217093895 ], [ -1.311327208878127, 54.542720592665987 ], [ -1.305638084017867, 54.565782770935897 ], [ -1.28799354337801, 54.564312791060857 ], [ -1.278008930660736, 54.573236512900877 ], [ -1.260927898651519, 54.573118001566257 ], [ -1.257873884107772, 54.587497716431585 ], [ -1.245783218195292, 54.591146477709209 ], [ -1.236108423314478, 54.586338977611547 ], [ -1.203301393513323, 54.581167071779142 ], [ -1.18860971460482, 54.588558193786568 ], [ -1.15433536816776, 54.611681999432683 ], [ -1.157955699829762, 54.627642454725333 ], [ -1.142108094774293, 54.647723581349418 ], [ -1.16408104265353, 54.647325135786772 ], [ -1.18358366048198, 54.659468187616923 ], [ -1.19906922577127, 54.6805424647305 ], [ -1.19810642262125, 54.691348305153369 ], [ -1.18203868458609, 54.693223267955759 ], [ -1.17788635952148, 54.699132483998177 ], [ -1.21751852314825, 54.711466394724461 ], [ -1.24906161829128, 54.727551066636927 ], [ -1.26686972876548, 54.743517698851328 ], [ -1.29224082157465, 54.760948982139887 ], [ -1.30978323363362, 54.782440188551703 ], [ -1.31275433087829, 54.812110328311967 ], [ -1.32580104991209, 54.833050193966173 ], [ -1.34726030001792, 54.858400347113793 ], [ -1.35451931757869, 54.873412358037172 ], [ -1.36092354409529, 54.899844254758641 ], [ -1.35225863967016, 54.905059109043549 ], [ -1.3628242845808, 54.918770204228409 ], [ -1.36761675932623, 54.936581320054778 ], [ -1.35332818754712, 54.957561648655442 ], [ -1.36193236345308, 54.971903130644137 ], [ -1.38001595556081, 54.979597267392251 ], [ -1.38900454953011, 54.988837448967622 ], [ -1.40745061356993, 54.995729718105693 ], [ -1.431528591648594, 55.008376026933455 ], [ -1.440313814878088, 55.005635072398483 ], [ -1.44696314933755, 54.991867220465949 ], [ -1.468643203631158, 54.988761850885965 ], [ -1.507483785279432, 54.987873775838146 ], [ -1.526511201555302, 54.985256093148593 ], [ -1.533200185234723, 54.977531171611012 ], [ -1.538534626931324, 54.961574114914875 ], [ -1.555013471730571, 54.959240220463315 ], [ -1.579161722680329, 54.964618628413213 ], [ -1.594090638734392, 54.970612 ], [ -1.625524769321902, 54.959901364814549 ], [ -1.640401937755054, 54.958366050546829 ], [ -1.663754665446371, 54.963664287785313 ], [ -1.683591910652873, 54.965085565521377 ], [ -1.699455728621863, 54.970867423044012 ], [ -1.708572573217165, 54.966970706616657 ], [ -1.728898924702593, 54.970350792823687 ], [ -1.727783905476362, 54.975861789018722 ], [ -1.758900469037482, 54.981486887657063 ], [ -1.7854233460553, 54.98437020977552 ], [ -1.81288276460805, 54.976148835816772 ], [ -1.813918772204003, 54.969391944203053 ], [ -1.824568582947386, 54.961872207416199 ], [ -1.822598142361243, 54.956290933065873 ], [ -1.833771412899431, 54.95122915532437 ], [ -1.82510982086366, 54.940907755284464 ], [ -1.827616471583104, 54.930163959725334 ], [ -1.855681282815374, 54.927448770419325 ], [ -1.85048216951848, 54.915214501483497 ], [ -1.824903696874912, 54.908784756336281 ], [ -1.844504068975143, 54.893376597859657 ], [ -1.859961156498476, 54.86851652073463 ], [ -1.870498579336461, 54.859602254462374 ], [ -1.869586275975778, 54.851297898811659 ], [ -1.884860411677164, 54.845583283584304 ], [ -1.91416741224788, 54.83944027725228 ], [ -1.931252190339635, 54.853374979370706 ], [ -1.949299525000546, 54.852975375258829 ], [ -1.968485394047474, 54.859547329321174 ], [ -1.980834345008376, 54.868336045217127 ], [ -1.991048407893205, 54.870103950174638 ], [ -2.011970631617377, 54.866541240453948 ], [ -2.039692151844405, 54.848376544358118 ], [ -2.051895055009389, 54.847519770400872 ], [ -2.082190012292643, 54.838326973676395 ], [ -2.130928390090911, 54.842724049556828 ], [ -2.139806067127618, 54.841860931017955 ], [ -2.143032535140509, 54.826984654793769 ], [ -2.160847987532507, 54.818569380733585 ], [ -2.173829360394841, 54.806062147084852 ], [ -2.198627074175804, 54.806774691075354 ], [ -2.215061183638351, 54.783875021329891 ], [ -2.226593523816401, 54.782955296441962 ], [ -2.248660430357214, 54.787969145401185 ], [ -2.282728810357617, 54.798248964299191 ], [ -2.293013981806312, 54.79315126260375 ], [ -2.312092104966675, 54.79102769992484 ], [ -2.309911557094508, 54.771890552569602 ], [ -2.32236222133375, 54.764084595917346 ], [ -2.320876, 54.75499 ], [ -2.326936435738783, 54.747244318972051 ], [ -2.332018474861196, 54.731236779823433 ], [ -2.325805704184625, 54.726636177106997 ], [ -2.34141685616621, 54.71665256301543 ], [ -2.34464471306485, 54.701810720737527 ], [ -2.355407591867333, 54.697226405456888 ] ] ] } },
{ "type": "Feature", "properties": { "hcs_name": "East Lothian", "abbr": "E Loth", "hcs_county": "E Lothian", "hcs_number": 33, "hcs_code": "ELT", "county": "East Lothian", "region": "Scotland" }, "geometry": { "type": "Polygon", "coordinates": [ [ [ -2.366727912653773, 55.945965455765219 ], [ -2.376720095130938, 55.947694918617188 ], [ -2.39496800373909, 55.957639182730773 ], [ -2.403336081207181, 55.971963971196665 ], [ -2.420418508855008, 55.974472532948013 ], [ -2.441002864861336, 55.981294629272682 ], [ -2.445053273799978, 55.987822630878675 ], [ -2.46505266314332, 55.987640938392829 ], [ -2.473728541804826, 55.99571378828508 ], [ -2.509571530497301, 55.999893531995227 ], [ -2.513254940590007, 56.005140683032806 ], [ -2.531406157397933, 56.006746439328474 ], [ -2.552187021133076, 56.001204887660521 ], [ -2.568419582447909, 56.009950984037651 ], [ -2.578072061885861, 56.001008420077618 ], [ -2.598471408419966, 55.997641009074187 ], [ -2.590723428397837, 56.016885844837674 ], [ -2.60806909379133, 56.032669720718594 ], [ -2.621008681612417, 56.047850026622577 ], [ -2.628954177955217, 56.052006759547581 ], [ -2.649576244495057, 56.054743743161737 ], [ -2.660324241726151, 56.059467925628311 ], [ -2.678880213412626, 56.061641513053232 ], [ -2.699225118307243, 56.057404950844706 ], [ -2.740748229451884, 56.062391042398573 ], [ -2.75661648841122, 56.059340558567392 ], [ -2.786687839931975, 56.065662718416363 ], [ -2.816005338157281, 56.062238786411051 ], [ -2.83733703739931, 56.041778557929497 ], [ -2.867080139860817, 56.036419983390729 ], [ -2.866430240817559, 56.025455402796325 ], [ -2.858651261304757, 56.018352191395827 ], [ -2.89013726317221, 56.010186279483136 ], [ -2.885061899383726, 56.001842328456242 ], [ -2.897025245823011, 55.9846973264642 ], [ -2.921020602638653, 55.973574327285469 ], [ -2.949208562488559, 55.973305657897399 ], [ -2.971341833767321, 55.970273007822691 ], [ -2.981871845455209, 55.961164267527614 ], [ -3.017351149085789, 55.951769372997326 ], [ -2.99978989374495, 55.940931704603422 ], [ -3.012546482926413, 55.92601647482558 ], [ -2.997751134806698, 55.920641548289126 ], [ -2.988806527118569, 55.912818076251042 ], [ -2.969476768791708, 55.912570477695901 ], [ -2.960018317908557, 55.894517774733046 ], [ -2.947278537115801, 55.888965479112478 ], [ -2.948335002863518, 55.880884876207588 ], [ -2.937631982357864, 55.875290054771469 ], [ -2.937196332090392, 55.863523149826726 ], [ -2.928470075477954, 55.860868640515633 ], [ -2.935003375987562, 55.849246699069923 ], [ -2.900917215610832, 55.86039935835408 ], [ -2.899042930382759, 55.850919560401486 ], [ -2.880610681937031, 55.847512328568925 ], [ -2.876338477465642, 55.84023262699521 ], [ -2.879668928599762, 55.827730590194129 ], [ -2.888889741315418, 55.82162010244862 ], [ -2.889372847453397, 55.814464275217944 ], [ -2.919899368500622, 55.801023152432691 ], [ -2.924070457933249, 55.794170392421066 ], [ -2.908146659035529, 55.779865295317265 ], [ -2.886515396767507, 55.792807043999268 ], [ -2.881909696355833, 55.802574622214763 ], [ -2.862829081935829, 55.814687708001394 ], [ -2.840286707412884, 55.817687180227303 ], [ -2.818485233883229, 55.829886394966877 ], [ -2.786240055725513, 55.835858474306761 ], [ -2.758279335039461, 55.838698095428882 ], [ -2.755260457355271, 55.832054158429465 ], [ -2.741263055433856, 55.828895689215983 ], [ -2.72601959206477, 55.833967097470669 ], [ -2.696190431516039, 55.836495453890066 ], [ -2.672632873657845, 55.845594005720486 ], [ -2.649257924822255, 55.84390257976731 ], [ -2.633286280758446, 55.835926318237533 ], [ -2.609904875664949, 55.833777373303263 ], [ -2.594459899184183, 55.828637111038297 ], [ -2.583990436233935, 55.834595394275908 ], [ -2.580894662982549, 55.84546367065839 ], [ -2.568608239270191, 55.845367710984227 ], [ -2.5548951523509, 55.839098447166108 ], [ -2.543113732423452, 55.848053210376825 ], [ -2.534478934052564, 55.860976984690879 ], [ -2.502271069890971, 55.860092001190132 ], [ -2.496884322503997, 55.856353924731785 ], [ -2.476824930862092, 55.864737195562157 ], [ -2.430488357753388, 55.866787679695292 ], [ -2.440468230197697, 55.873684817585669 ], [ -2.433710076216772, 55.889640572616088 ], [ -2.446429178729512, 55.897459415978823 ], [ -2.407423696391503, 55.914303701709407 ], [ -2.389554617389596, 55.932991627027185 ], [ -2.380726557746797, 55.93412948836653 ], [ -2.366727912653773, 55.945965455765219 ] ] ] } },
{ "type": "Feature", "properties": { "hcs_name": "Essex", "abbr": "Essex", "hcs_county": "Essex", "hcs_number": 34, "hcs_code": "ESE", "county": "Essex", "region": "East of England" }, "geometry": { "type": "Polygon", "coordinates": [ [ [ 0.404597709631582, 52.065512654529201 ], [ 0.394057032156543, 52.062773991407632 ], [ 0.379597603937667, 52.049565302935363 ], [ 0.388207638639005, 52.043714718832767 ], [ 0.369575088321516, 52.037970005600883 ], [ 0.364219495578675, 52.044316082476477 ], [ 0.350960903282638, 52.047599138588495 ], [ 0.317399093434735, 52.079268395043243 ], [ 0.292650871147671, 52.088820856208429 ], [ 0.272500208276956, 52.088786977607882 ], [ 0.251948236342567, 52.077333771586517 ], [ 0.234958564718621, 52.089061623704019 ], [ 0.203467792165943, 52.092650410423239 ], [ 0.193590278726438, 52.075161500063018 ], [ 0.181209465733433, 52.072304627010816 ], [ 0.194985660817016, 52.061048838025691 ], [ 0.160606307233843, 52.052077447310779 ], [ 0.151150152925784, 52.052876574193533 ], [ 0.128133822517559, 52.047337038630175 ], [ 0.119381446279141, 52.060521003748981 ], [ 0.106744409900555, 52.066348263467205 ], [ 0.061338192589777, 52.069111092390976 ], [ 0.035997148045552, 52.060022652206726 ], [ 0.039882645146736, 52.053243238507243 ], [ 0.043039720176053, 52.041502876859006 ], [ 0.049764051410069, 52.03350341967942 ], [ 0.059311772720792, 52.014199636288268 ], [ 0.074411538442929, 52.001180652525235 ], [ 0.072046, 51.986568 ], [ 0.076161920734775, 51.980859288585357 ], [ 0.096392413607691, 51.984293311088891 ], [ 0.106980373340863, 51.971845896593486 ], [ 0.106167151366679, 51.96275745135997 ], [ 0.118380068599299, 51.947302221544902 ], [ 0.118609715216492, 51.933795451053989 ], [ 0.124727609074442, 51.923841723807911 ], [ 0.121866018179935, 51.910841027142723 ], [ 0.124360638493005, 51.893607996645287 ], [ 0.129093, 51.883899 ], [ 0.147039814621704, 51.886730569045326 ], [ 0.167762042184791, 51.894138652851254 ], [ 0.183783010881649, 51.892940720249655 ], [ 0.175117883541034, 51.882759970582967 ], [ 0.196334970679437, 51.866269632098408 ], [ 0.174313009136821, 51.863715295719167 ], [ 0.172851054127099, 51.854427133134237 ], [ 0.158611344397054, 51.841113179686772 ], [ 0.163517540523636, 51.822847287633493 ], [ 0.161703783971591, 51.814459306482611 ], [ 0.151505871854584, 51.799175916914905 ], [ 0.130152269392676, 51.796158957407499 ], [ 0.099176607028723, 51.783212084262523 ], [ 0.092516951234936, 51.784493144289932 ], [ 0.053304374617543, 51.780029226630568 ], [ 0.018942927740503, 51.772342115308163 ], [ 0.00967121647548, 51.75554275270818 ], [ 0.000943797120944, 51.745768876813642 ], [ -0.013515855724137, 51.742207121183533 ], [ -0.011400351934009, 51.726019416765936 ], [ -0.015276267995038, 51.717464119361466 ], [ -0.00833576744565, 51.70971183712355 ], [ -0.014684802980787, 51.705604477316342 ], [ -0.020641822297189, 51.688147756120429 ], [ -0.0114553680093, 51.681177334501633 ], [ -0.017757762696669, 51.669206245007118 ], [ -0.011596512435145, 51.659002562526631 ], [ -0.012271362055088, 51.64959978055208 ], [ -0.021589105428949, 51.645580546456266 ], [ -0.027091587654592, 51.636574198279135 ], [ -0.025772223380689, 51.621670839171571 ], [ -0.038826703213248, 51.609760191149327 ], [ -0.033028395258373, 51.604744425107704 ], [ -0.047463155876409, 51.597149580941135 ], [ -0.060967722596419, 51.580442688161327 ], [ -0.056589360779707, 51.57084882879284 ], [ -0.045103984520399, 51.561758095563256 ], [ -0.030558324321433, 51.561832144301754 ], [ -0.018508400067075, 51.55517044338152 ], [ -0.017183361536852, 51.532834767998146 ], [ -0.00749550853285, 51.526142162645947 ], [ -0.008877730510635, 51.519813026306537 ], [ 0.003050559034936, 51.515635049456897 ], [ 0.007698564921912, 51.505498143473538 ], [ 0.021367000766938, 51.496771960421363 ], [ 0.053281682259435, 51.496856095578963 ], [ 0.080426086394004, 51.512377012653324 ], [ 0.110571558304144, 51.511842214881007 ], [ 0.128086922732526, 51.51581828515031 ], [ 0.171606633749501, 51.504805619378132 ], [ 0.184532089825871, 51.485167761933283 ], [ 0.209690135430839, 51.48583328566621 ], [ 0.222265227392706, 51.483082191973047 ], [ 0.243981819947742, 51.470849052968241 ], [ 0.276580724056614, 51.457850876342235 ], [ 0.287887593805291, 51.458773450843509 ], [ 0.3057642622774, 51.4697970658776 ], [ 0.321925518424393, 51.466664660376587 ], [ 0.337412891473985, 51.450665676991889 ], [ 0.355994521615396, 51.448342985036369 ], [ 0.40090724171084, 51.448173639024525 ], [ 0.431070308100619, 51.452457608261547 ], [ 0.443101721046822, 51.458494976872714 ], [ 0.458989439163855, 51.486360295451711 ], [ 0.476832394737911, 51.49592668928269 ], [ 0.502129919151706, 51.499403411610224 ], [ 0.549374690956918, 51.503549492649135 ], [ 0.575050086679952, 51.500865390464575 ], [ 0.614244615558854, 51.499343957905488 ], [ 0.677851593525177, 51.499876502443144 ], [ 0.677441490525498, 51.536483796074691 ], [ 0.736571149863439, 51.529590744847042 ], [ 0.75239943486955, 51.529312589387878 ], [ 0.782037653141463, 51.521331888748485 ], [ 0.787369436505466, 51.521898382281812 ], [ 0.817605159342983, 51.539575228445607 ], [ 0.848861897705465, 51.551683499565137 ], [ 0.850551804740792, 51.556510425669671 ], [ 0.866381858416308, 51.55898416826571 ], [ 0.878955019994765, 51.568680144279917 ], [ 0.907834144442077, 51.580451500084955 ], [ 0.927217245255842, 51.591470636296116 ], [ 0.947544217653845, 51.606396321070633 ], [ 0.959192552375378, 51.620624442967255 ], [ 0.939543324456244, 51.620016681281541 ], [ 0.899211638599342, 51.61397800290495 ], [ 0.900513607130949, 51.622667977644582 ], [ 0.914883209218523, 51.625065043029061 ], [ 0.934624882412471, 51.633035626684702 ], [ 0.935991018992134, 51.652758476422477 ], [ 0.94285872369256, 51.663967291059485 ], [ 0.943161574366585, 51.672627999931507 ], [ 0.949964345227497, 51.683614517908083 ], [ 0.94013282328024, 51.699997737357769 ], [ 0.950662162081831, 51.722747508542795 ], [ 0.946162698880777, 51.736916672208046 ], [ 0.930478025917934, 51.74706479251747 ], [ 0.903500507542581, 51.745623396637328 ], [ 0.879830736119356, 51.736875960320688 ], [ 0.865167828086896, 51.748678908669795 ], [ 0.896152018782521, 51.762851737352335 ], [ 0.910048412636513, 51.773816297376172 ], [ 0.936004600308135, 51.773639576968485 ], [ 0.987382459549548, 51.787292777668291 ], [ 1.005085822643638, 51.797422475725988 ], [ 1.017792396268496, 51.801159501451949 ], [ 1.037967192753815, 51.788997303139809 ], [ 1.033059817534481, 51.778049115707176 ], [ 1.044751098801305, 51.769547650063103 ], [ 1.080013069823115, 51.772291466813599 ], [ 1.117050763164626, 51.773073200931329 ], [ 1.133687337252865, 51.777202144942549 ], [ 1.17498387340654, 51.794706766495629 ], [ 1.205420472072186, 51.804188536307841 ], [ 1.242583168807059, 51.823884824955172 ], [ 1.26600041631417, 51.841881627295855 ], [ 1.289952272060796, 51.863496156918401 ], [ 1.290584679731797, 51.874120657304722 ], [ 1.275685351029118, 51.880344502627509 ], [ 1.246626937250632, 51.896112360172125 ], [ 1.256359692029518, 51.91319591984383 ], [ 1.281503448244085, 51.935002701526408 ], [ 1.260584349646161, 51.947745053613502 ], [ 1.240744867282061, 51.947187793835361 ], [ 1.232790741527982, 51.940583270529331 ], [ 1.218160971235755, 51.940208383714292 ], [ 1.219968516222309, 51.949198837732645 ], [ 1.179807687736912, 51.951882383625374 ], [ 1.156158004011079, 51.947813944543093 ], [ 1.130312470269598, 51.950700497288551 ], [ 1.10507296647622, 51.94869083587129 ], [ 1.08308789051457, 51.944548899881219 ], [ 1.076638334384502, 51.950722657262155 ], [ 1.063635561115822, 51.947406562983126 ], [ 1.047617438483631, 51.959499839516397 ], [ 1.020055762660831, 51.954048975419148 ], [ 1.004316841831101, 51.962245676335741 ], [ 0.973391450747967, 51.961129299048189 ], [ 0.963251297365699, 51.977063968392443 ], [ 0.95101750939635, 51.972607049355311 ], [ 0.929289112853257, 51.9714680489434 ], [ 0.916718436776622, 51.973911337891352 ], [ 0.895659378940908, 51.972149196320849 ], [ 0.88058912894783, 51.966556276665663 ], [ 0.864260147333207, 51.968501609074977 ], [ 0.857196163629987, 51.96263691102714 ], [ 0.841356113750043, 51.962014175178545 ], [ 0.824868750420743, 51.968527037977879 ], [ 0.813423040670965, 51.961564309758565 ], [ 0.787409116888839, 51.963134798182153 ], [ 0.774190958580551, 51.969716845745218 ], [ 0.770953417737063, 51.982048681064803 ], [ 0.762312535219343, 51.983917785258278 ], [ 0.760904462941523, 51.997610259817208 ], [ 0.737835726502202, 52.012287522747783 ], [ 0.74259511484589, 52.022571475998781 ], [ 0.739813499054128, 52.031742305765057 ], [ 0.720440092457205, 52.035581606163653 ], [ 0.722593855883349, 52.046053435856507 ], [ 0.709056690836737, 52.056034487182856 ], [ 0.703404101555445, 52.065754917359207 ], [ 0.712709450009964, 52.071189027551355 ], [ 0.687572220413999, 52.085650751545295 ], [ 0.658591203018882, 52.085397144649285 ], [ 0.651882866507945, 52.083142397859113 ], [ 0.634404432210652, 52.086248024593537 ], [ 0.620121566157099, 52.078681756412678 ], [ 0.607330861740901, 52.080910050363649 ], [ 0.59825514686096, 52.075321543276672 ], [ 0.578201933693676, 52.073925748193957 ], [ 0.571717606371821, 52.069043696102149 ], [ 0.551277299256003, 52.068689153162609 ], [ 0.54221127884586, 52.057706645842607 ], [ 0.524992362044571, 52.057130479404883 ], [ 0.511167269025719, 52.059865127328599 ], [ 0.504576875749411, 52.054453479827508 ], [ 0.489682013528608, 52.060283690178629 ], [ 0.493078953133902, 52.072090108180987 ], [ 0.489783608098143, 52.087777435978829 ], [ 0.461042897829451, 52.085763835553252 ], [ 0.432044975495924, 52.077463516766976 ], [ 0.432320347098462, 52.071713100194088 ], [ 0.418663205189501, 52.064873730419102 ], [ 0.404597709631582, 52.065512654529201 ] ] ] } },
{ "type": "Feature", "properties": { "hcs_name": "Fermanagh", "abbr": "Ferm", "hcs_county": "Fermanagh", "hcs_number": 35, "hcs_code": "FRM", "county": "Fermanagh", "region": "NI" }, "geometry": { "type": "Polygon", "coordinates": [ [ [ -7.70344705239552, 54.608465673570642 ], [ -7.717915181179057, 54.606263448190823 ], [ -7.758932385887646, 54.594979354443559 ], [ -7.766786271227171, 54.586149530793421 ], [ -7.799526807804542, 54.576429727151989 ], [ -7.800936263858659, 54.568555064620192 ], [ -7.817691384547256, 54.563468362749965 ], [ -7.833074414957347, 54.552557664436506 ], [ -7.824108868774751, 54.546535215795309 ], [ -7.829974812933264, 54.540818303105709 ], [ -7.849876327222914, 54.533712197134307 ], [ -7.907675519232822, 54.537548542550951 ], [ -7.937559331231336, 54.533085383726672 ], [ -7.95348557590003, 54.534291252579109 ], [ -7.958556666675393, 54.53982867340266 ], [ -7.977618881481669, 54.545283310058139 ], [ -7.991430389867113, 54.542994423970008 ], [ -8.006013989335505, 54.545917574535743 ], [ -8.012260241558606, 54.534229868746252 ], [ -8.033091343138071, 54.516480867220253 ], [ -8.0426157224683, 54.487760775834047 ], [ -8.086081579972401, 54.487411828293411 ], [ -8.097154836988006, 54.484429174401683 ], [ -8.091653786813605, 54.476567384418445 ], [ -8.113133610923578, 54.47640308375847 ], [ -8.114661154198748, 54.469056669667637 ], [ -8.148487191802152, 54.469915010257274 ], [ -8.173790735627451, 54.467297498342653 ], [ -8.167511317469845, 54.459313621159716 ], [ -8.1427943014444, 54.450649245154096 ], [ -8.154761176224378, 54.437544928629357 ], [ -8.097308935072522, 54.406395044308589 ], [ -8.078747848002795, 54.392213432052543 ], [ -8.056051082103522, 54.365717877140106 ], [ -8.039458138338903, 54.362631195346609 ], [ -8.031300502969156, 54.356696699992732 ], [ -8.005628168410157, 54.360730841257251 ], [ -7.997496353720885, 54.355693985786601 ], [ -7.999460477421893, 54.347153094657166 ], [ -7.988376644429763, 54.345138870596053 ], [ -7.9826477595535, 54.33623711975995 ], [ -7.972270012378057, 54.330787224891687 ], [ -7.961721785767981, 54.31248738930644 ], [ -7.94625626583348, 54.304509301699504 ], [ -7.888409464757938, 54.300522461103085 ], [ -7.881279515859124, 54.292049225815212 ], [ -7.870684718779638, 54.288213580808275 ], [ -7.872201060435333, 54.265846383226048 ], [ -7.8605313037759, 54.260490586625927 ], [ -7.86009300185343, 54.217367500889523 ], [ -7.811468124167988, 54.200885507030762 ], [ -7.80367182912967, 54.207016298691606 ], [ -7.762263510086306, 54.207487918451214 ], [ -7.744536909144664, 54.204350988772617 ], [ -7.710316828219311, 54.203190442396959 ], [ -7.701913047736349, 54.207796615961968 ], [ -7.688526421320637, 54.203405975110272 ], [ -7.67664070345702, 54.182128622908223 ], [ -7.664440542096012, 54.1879719390761 ], [ -7.625358945991019, 54.165444898292982 ], [ -7.625342010962262, 54.153300192371049 ], [ -7.610367723386471, 54.143832554647965 ], [ -7.591878316004654, 54.139877922906443 ], [ -7.573705695796182, 54.141003393755319 ], [ -7.574205545611489, 54.132975721157734 ], [ -7.566262113069693, 54.127193892520907 ], [ -7.53696750443868, 54.13104637547729 ], [ -7.509550029428854, 54.129991493655901 ], [ -7.491302747958564, 54.123119638063223 ], [ -7.471787201472286, 54.127188192594339 ], [ -7.468615226922019, 54.140252960549198 ], [ -7.4529205052673, 54.145171696836528 ], [ -7.442053356710768, 54.154034579266437 ], [ -7.409020906501816, 54.152861919669384 ], [ -7.42476297321427, 54.14021648652497 ], [ -7.420681030556011, 54.136965858613628 ], [ -7.400122693372646, 54.140933163161812 ], [ -7.388790615259929, 54.137122504810939 ], [ -7.393693255944577, 54.125431250426864 ], [ -7.379265229155735, 54.124550291292053 ], [ -7.3692701490086, 54.131115015056153 ], [ -7.35955685321185, 54.129782360222578 ], [ -7.335021560486172, 54.117230702493565 ], [ -7.321189012801901, 54.114703543314448 ], [ -7.307427491184523, 54.11761447780426 ], [ -7.31204441974904, 54.131720987751628 ], [ -7.339435687580342, 54.146822832018351 ], [ -7.326004888033087, 54.151610583938272 ], [ -7.310218366444813, 54.167296945465814 ], [ -7.292241043360087, 54.172270920372178 ], [ -7.279787941856549, 54.167631778178347 ], [ -7.289890294999819, 54.14920266049397 ], [ -7.284176224099266, 54.139781994434223 ], [ -7.291278371672083, 54.131212481249321 ], [ -7.308900215967364, 54.1321215953527 ], [ -7.303608453975451, 54.122674818828969 ], [ -7.291981838163713, 54.119102445758621 ], [ -7.263660150535952, 54.13700709343707 ], [ -7.263852350958501, 54.145331711727195 ], [ -7.252520309018871, 54.155815942847028 ], [ -7.25808423681938, 54.16468590902592 ], [ -7.251388070392101, 54.172729078805389 ], [ -7.259519532494915, 54.183943078272868 ], [ -7.251244897022491, 54.194080115225354 ], [ -7.235903585244648, 54.196038635475013 ], [ -7.232572466858916, 54.21086551064851 ], [ -7.219542142961637, 54.215777799795219 ], [ -7.207993547001974, 54.212741906811111 ], [ -7.182848882556828, 54.219950384700049 ], [ -7.1704867414254, 54.217692740558448 ], [ -7.146817731593575, 54.225305703858332 ], [ -7.146178025103719, 54.239855141978424 ], [ -7.158233795813342, 54.245393460692654 ], [ -7.141520044344605, 54.25308644467345 ], [ -7.151724235768631, 54.259733443926329 ], [ -7.160716513320531, 54.273638267560237 ], [ -7.173599444010351, 54.272613409236094 ], [ -7.171655215620041, 54.284971160034381 ], [ -7.181498529800027, 54.286351875065421 ], [ -7.212171492222252, 54.299619245076784 ], [ -7.197714337438573, 54.310522478228769 ], [ -7.179535961927095, 54.309280365812768 ], [ -7.181886698664876, 54.333464414565235 ], [ -7.188758310930147, 54.337720541079193 ], [ -7.222816706793109, 54.333813434220595 ], [ -7.227123780055068, 54.32696447857316 ], [ -7.246095094103749, 54.327003228790083 ], [ -7.258377016806731, 54.332811234349826 ], [ -7.261227104195272, 54.340352981872009 ], [ -7.272174814112485, 54.344593734617455 ], [ -7.271280473755625, 54.361079467037982 ], [ -7.280454199456451, 54.371521578314891 ], [ -7.307902013658466, 54.368143194063997 ], [ -7.329993336429781, 54.370310751846795 ], [ -7.332233592321578, 54.379530699188379 ], [ -7.340859789402496, 54.384501705240098 ], [ -7.329164708652758, 54.398075432139066 ], [ -7.331784785128503, 54.405036533061249 ], [ -7.344705683700546, 54.408498167679483 ], [ -7.35784976382825, 54.421954960693007 ], [ -7.366986092714565, 54.437473030632177 ], [ -7.39627114685369, 54.440342368040412 ], [ -7.421259428653748, 54.43949179196445 ], [ -7.424557355388185, 54.433403428802073 ], [ -7.443711997444404, 54.426164611747041 ], [ -7.472698406892576, 54.420857987060877 ], [ -7.493333481245103, 54.41395260355857 ], [ -7.509098385087809, 54.405636205684786 ], [ -7.527378787725531, 54.413337291083089 ], [ -7.547862789655099, 54.434225668290949 ], [ -7.554317121236044, 54.435604002165732 ], [ -7.584491610344165, 54.431353247964253 ], [ -7.595468030982502, 54.437046555742931 ], [ -7.624681522870516, 54.441927464968465 ], [ -7.630283436668384, 54.453062536878257 ], [ -7.620461837580728, 54.45920411739062 ], [ -7.618520964937428, 54.471284748792463 ], [ -7.629121627553324, 54.474324753199241 ], [ -7.636577125292385, 54.483208029650307 ], [ -7.610488089904329, 54.493313179381602 ], [ -7.598667094654206, 54.492427837482737 ], [ -7.581744711236245, 54.497634481010699 ], [ -7.571473258117378, 54.512261637661709 ], [ -7.557989882557406, 54.543885627791589 ], [ -7.535736710673874, 54.548726760929704 ], [ -7.528127344547784, 54.555877238133434 ], [ -7.545712808280004, 54.570004880767506 ], [ -7.581089162319416, 54.564750354645632 ], [ -7.596835000346724, 54.565409149535682 ], [ -7.601793135349539, 54.572836688163939 ], [ -7.619852372474227, 54.576890978618778 ], [ -7.626666024496768, 54.584693965878699 ], [ -7.665080683795609, 54.582984223507466 ], [ -7.674446020731503, 54.596146532936466 ], [ -7.690021877536828, 54.609905713819003 ], [ -7.70344705239552, 54.608465673570642 ] ] ] } },
{ "type": "Feature", "properties": { "hcs_name": "Fife", "abbr": "Fife", "hcs_county": "Fife", "hcs_number": 36, "hcs_code": "FFE", "county": "Fife", "region": "Scotland" }, "geometry": { "type": "Polygon", "coordinates": [ [ [ -3.736741247346249, 56.080789760946743 ], [ -3.736517038022862, 56.07567604679118 ], [ -3.704172858080554, 56.054224797756845 ], [ -3.685014028174789, 56.047778170659754 ], [ -3.666664104200939, 56.046775804239246 ], [ -3.654889169298917, 56.051805468809995 ], [ -3.61642372193592, 56.055822412311095 ], [ -3.606078806868184, 56.045699256599683 ], [ -3.58998766884521, 56.046846707250197 ], [ -3.586751439603691, 56.056085289947042 ], [ -3.575533299442927, 56.058855131829311 ], [ -3.544518856389057, 56.040142681558258 ], [ -3.513325440992425, 56.04032731692687 ], [ -3.506561799395931, 56.034609304377717 ], [ -3.482228238334506, 56.033845726948336 ], [ -3.45068859050034, 56.019514738887978 ], [ -3.445008699305272, 56.023323188350119 ], [ -3.410101190630139, 56.0162082849548 ], [ -3.401407451293343, 56.009020138030088 ], [ -3.387767572844832, 56.01169938333323 ], [ -3.388041060430859, 56.022443551923118 ], [ -3.376804138559729, 56.029130905836375 ], [ -3.357185910437058, 56.026268259764379 ], [ -3.341907719050606, 56.033087990306605 ], [ -3.336946254014942, 56.039422418447622 ], [ -3.323185691414938, 56.037769597583768 ], [ -3.284173656267428, 56.056200568655704 ], [ -3.250902015285421, 56.061012164982301 ], [ -3.235976835832682, 56.055770491470135 ], [ -3.21905559197085, 56.063451362323143 ], [ -3.173177198155167, 56.063653189557172 ], [ -3.158670773590145, 56.084593701245829 ], [ -3.159578293688439, 56.101489605439994 ], [ -3.153552724334631, 56.113241961093848 ], [ -3.119550465519934, 56.124332449028309 ], [ -3.095688486206814, 56.139919428305774 ], [ -3.085440209337937, 56.139444046382692 ], [ -3.061604143489074, 56.159534468673385 ], [ -3.045613031223114, 56.167949826387357 ], [ -3.036235509353389, 56.166646061995607 ], [ -2.996857487380555, 56.188439284715194 ], [ -2.998462308693614, 56.191720765432251 ], [ -2.963440896782216, 56.20863503100226 ], [ -2.935332581857309, 56.212437793125829 ], [ -2.896045941053259, 56.207530696924863 ], [ -2.867118972264453, 56.193616736595672 ], [ -2.837910954189618, 56.185813330132774 ], [ -2.827877780349819, 56.189633479885892 ], [ -2.80774208363857, 56.187116940382566 ], [ -2.781210052889029, 56.20100421973595 ], [ -2.718767631921421, 56.215059556967091 ], [ -2.701357564629905, 56.222684427074633 ], [ -2.689012544153379, 56.222778068751325 ], [ -2.675084149356469, 56.232802214303334 ], [ -2.646630017053171, 56.24299371524863 ], [ -2.62063667580072, 56.261035938465255 ], [ -2.601751375014533, 56.264369781982587 ], [ -2.58533387411721, 56.27894029983193 ], [ -2.630679560590819, 56.293026617530373 ], [ -2.651950106674132, 56.3068939424588 ], [ -2.66067609724918, 56.318473366718457 ], [ -2.678996142014129, 56.321242770539968 ], [ -2.688590457890226, 56.326002647359367 ], [ -2.706709281306917, 56.324684564980132 ], [ -2.774802806342726, 56.33237578128491 ], [ -2.791258267711961, 56.343210745265118 ], [ -2.804547615699735, 56.344668964338446 ], [ -2.810775763145561, 56.359280802366285 ], [ -2.838849248566174, 56.352927302100774 ], [ -2.865343391549377, 56.361317180204637 ], [ -2.887610770784702, 56.361628315810485 ], [ -2.88891403121138, 56.366120657052811 ], [ -2.857303525603434, 56.371047141081789 ], [ -2.853481812726617, 56.369063814888491 ], [ -2.827600449512299, 56.376814167658331 ], [ -2.81273415540064, 56.389216015204923 ], [ -2.802755452720779, 56.420809917853738 ], [ -2.808566725140892, 56.441665415347877 ], [ -2.828101275772609, 56.443708764325777 ], [ -2.854829170405631, 56.438661808910695 ], [ -2.88330757418458, 56.452432830711857 ], [ -2.920012622747045, 56.45175702148692 ], [ -2.937206002384947, 56.446455019320723 ], [ -2.943288174273139, 56.438190179239037 ], [ -2.966905877355778, 56.431238277696082 ], [ -2.989682781948088, 56.420845093168197 ], [ -3.039398533858716, 56.415714025480611 ], [ -3.047377038474696, 56.408548777560561 ], [ -3.100063535756275, 56.393018151757857 ], [ -3.116732284772456, 56.391227216101171 ], [ -3.18506260183951, 56.369844617516769 ], [ -3.193519880369579, 56.364937627549608 ], [ -3.235359392557105, 56.353957796919687 ], [ -3.277139061366659, 56.350316218227235 ], [ -3.255296572296611, 56.34524842638271 ], [ -3.268621464213246, 56.334771730159069 ], [ -3.264632733197583, 56.32181520448718 ], [ -3.248405255440634, 56.319793585369752 ], [ -3.250992074771619, 56.30881987603059 ], [ -3.265140727406773, 56.312427046770885 ], [ -3.285713459717501, 56.313217287391829 ], [ -3.30079441080133, 56.309582645557605 ], [ -3.313905410940477, 56.301538462500183 ], [ -3.333225654463295, 56.307368734550941 ], [ -3.347083285311925, 56.303452559571475 ], [ -3.368782197655833, 56.303188105308557 ], [ -3.384450860613378, 56.294523535458758 ], [ -3.401273146442983, 56.278929293148472 ], [ -3.383088904396792, 56.265325824580103 ], [ -3.360476484640099, 56.258683680599539 ], [ -3.355449395769517, 56.25378034457713 ], [ -3.35758216119228, 56.240769592140708 ], [ -3.329304680193852, 56.237344053579982 ], [ -3.317096054148728, 56.239605137767214 ], [ -3.302615838213013, 56.236138253227189 ], [ -3.290256112908146, 56.224995854859841 ], [ -3.275297759578208, 56.223665558672337 ], [ -3.273623282842479, 56.207768717691145 ], [ -3.260953347915392, 56.196135305341741 ], [ -3.273011381076246, 56.19511644990385 ], [ -3.297202428520986, 56.188006444308108 ], [ -3.307199088871217, 56.18033996676234 ], [ -3.273572755215948, 56.173365372275143 ], [ -3.267772757213247, 56.169719140737129 ], [ -3.316407197344706, 56.166491869464167 ], [ -3.32429945411496, 56.171891491397311 ], [ -3.339373963020229, 56.173911458660321 ], [ -3.371714551415437, 56.164406569035869 ], [ -3.366576364402339, 56.155020055632214 ], [ -3.370230289166501, 56.146121013167047 ], [ -3.415749699545924, 56.138510106242109 ], [ -3.445518872179872, 56.147190517114531 ], [ -3.478614595477825, 56.146885007302842 ], [ -3.499150401327055, 56.149804576278058 ], [ -3.524459749636831, 56.146604633105312 ], [ -3.537170393398128, 56.158220078961016 ], [ -3.563919217510433, 56.159808405290867 ], [ -3.582650756901097, 56.151033191438522 ], [ -3.588022439647715, 56.137573713018575 ], [ -3.635868804015, 56.131918939166141 ], [ -3.650831908335521, 56.129061117005705 ], [ -3.65965169291218, 56.119837303622127 ], [ -3.634814769733703, 56.108865387532042 ], [ -3.672407240740758, 56.107800803850708 ], [ -3.677512218032372, 56.102170375167091 ], [ -3.717447153856059, 56.102739454868789 ], [ -3.718376616673029, 56.092097025541683 ], [ -3.736741247346249, 56.080789760946743 ] ] ] } },
{ "type": "Feature", "properties": { "hcs_name": "Flintshire", "abbr": "Flints", "hcs_county": "Flint", "hcs_number": 37, "hcs_code": "FLT", "county": "Flintshire", "region": "Wales" }, "geometry": { "type": "MultiPolygon", "coordinates": [ [ [ [ -3.51001463730058, 53.313164381150322 ], [ -3.496425668425813, 53.303295817835256 ], [ -3.503898989407792, 53.299968061172102 ], [ -3.503715546066628, 53.288470697419527 ], [ -3.521514306298896, 53.284540765912659 ], [ -3.52863807306292, 53.263809297163682 ], [ -3.524193861299516, 53.252539931603955 ], [ -3.474921121019317, 53.253252145759475 ], [ -3.463675834386785, 53.247869960374217 ], [ -3.452641245572987, 53.25288022951338 ], [ -3.433385711409292, 53.240620989315516 ], [ -3.421761561986766, 53.245160628169145 ], [ -3.386824714450332, 53.221072304239613 ], [ -3.379309926050896, 53.213663165383821 ], [ -3.359519894512133, 53.215233762001759 ], [ -3.349336072582802, 53.220433800421091 ], [ -3.347049187868192, 53.22923468068683 ], [ -3.332983323468559, 53.239209597154179 ], [ -3.343045232700586, 53.246855952993997 ], [ -3.335256644863199, 53.251046358741668 ], [ -3.317553784496848, 53.253135547162515 ], [ -3.317327208641128, 53.243479455802806 ], [ -3.305459218005542, 53.231126848758549 ], [ -3.316948024862547, 53.22148370580075 ], [ -3.317786676604429, 53.210835626295037 ], [ -3.307748283553783, 53.197763334136177 ], [ -3.296426844091878, 53.192353040780148 ], [ -3.280745235155983, 53.192266818138911 ], [ -3.27511776745181, 53.208392014774304 ], [ -3.26394710561678, 53.213684718135099 ], [ -3.244979414217857, 53.210514576958587 ], [ -3.241652460547368, 53.204317238826548 ], [ -3.26141267689119, 53.200311216520888 ], [ -3.264960444859169, 53.192559549273 ], [ -3.27968252098949, 53.185022432435701 ], [ -3.275119962069645, 53.179038532699558 ], [ -3.280982209812246, 53.168589053809214 ], [ -3.271202804931674, 53.157472370548213 ], [ -3.247483399386867, 53.152453105259553 ], [ -3.211829094994965, 53.156053251166973 ], [ -3.182439473860666, 53.153948960664366 ], [ -3.185900337579334, 53.141966150264459 ], [ -3.175811543989885, 53.123390741878374 ], [ -3.176771368328358, 53.116081120219441 ], [ -3.169895633950225, 53.108243667904958 ], [ -3.145916429159576, 53.103947306727363 ], [ -3.151709538576164, 53.092913958080167 ], [ -3.166928883900044, 53.085444568970708 ], [ -3.174933204963153, 53.086826747072493 ], [ -3.197998776863448, 53.082663234212895 ], [ -3.205387350059161, 53.077871253427325 ], [ -3.198279831419506, 53.070391392506288 ], [ -3.181909652561941, 53.077060831147037 ], [ -3.175651300224839, 53.073432420540868 ], [ -3.191568460666807, 53.065869426637406 ], [ -3.174387439266523, 53.056163982968805 ], [ -3.151089824641062, 53.062247958665353 ], [ -3.151758772100957, 53.067678316208131 ], [ -3.141209633861932, 53.076447696733545 ], [ -3.117674183300634, 53.072157819687099 ], [ -3.095097911689807, 53.079424981228939 ], [ -3.076386512226216, 53.088560602807341 ], [ -3.0646403751793, 53.087138078155412 ], [ -3.040789008407067, 53.090542770745202 ], [ -3.029194173916591, 53.103523474873427 ], [ -3.006180782719571, 53.115668450136411 ], [ -3.005185035710922, 53.124127423032064 ], [ -2.995210874927269, 53.13064455952874 ], [ -2.972508968648309, 53.134305142874517 ], [ -2.963951164417379, 53.132749034829928 ], [ -2.977027222888485, 53.147947736193252 ], [ -2.992320034392459, 53.156663124324766 ], [ -2.927817908191882, 53.171459391374903 ], [ -2.920948411859569, 53.177123624991239 ], [ -2.922290237606771, 53.189302792207428 ], [ -2.937528210199498, 53.197880280464119 ], [ -2.949262769025681, 53.211128027494773 ], [ -2.992360907532433, 53.232880827901639 ], [ -3.036061258716177, 53.251821407213683 ], [ -3.073992784941741, 53.253600630378273 ], [ -3.097336394796878, 53.254652943668418 ], [ -3.098248764636234, 53.24965181220994 ], [ -3.084323223326828, 53.236687617741545 ], [ -3.122751884167075, 53.248723256439199 ], [ -3.133919967395432, 53.257785581551808 ], [ -3.142564642049718, 53.259414636192588 ], [ -3.173326147513468, 53.275791733639295 ], [ -3.203303103749876, 53.294469381305113 ], [ -3.282613140098789, 53.323796915909497 ], [ -3.30410934458561, 53.335546850874721 ], [ -3.309559916924827, 53.342303498110077 ], [ -3.312449599860967, 53.356244321720105 ], [ -3.327669760013849, 53.356655215636835 ], [ -3.376021299376478, 53.350284659073729 ], [ -3.409201494941107, 53.343564957908413 ], [ -3.446636190097566, 53.33323875339115 ], [ -3.48018566532728, 53.328326939625988 ], [ -3.492307561014564, 53.324042877165198 ], [ -3.51001463730058, 53.313164381150322 ] ] ], [ [ [ -2.96852036041481, 52.964181132700951 ], [ -2.959844910192119, 52.951202272074219 ], [ -2.93488752439112, 52.94177459272067 ], [ -2.908666406384588, 52.941927099006065 ], [ -2.898241895969579, 52.950226772918768 ], [ -2.883653271221111, 52.946659951714857 ], [ -2.842351660626329, 52.942053625769589 ], [ -2.838232536567555, 52.93214494355292 ], [ -2.812397065383895, 52.914155451344755 ], [ -2.800433959117185, 52.895483930877731 ], [ -2.755356938496379, 52.92459527458734 ], [ -2.728477766078257, 52.925178315425342 ], [ -2.725709723025559, 52.940525748134306 ], [ -2.726738483635302, 52.965052551312453 ], [ -2.735294098350265, 52.969931929707073 ], [ -2.726886572950517, 52.983256310567448 ], [ -2.75379845004711, 52.986158447974468 ], [ -2.766707013494058, 52.99459803625188 ], [ -2.78929361676842, 52.995682579408573 ], [ -2.798064466428755, 52.989474468694077 ], [ -2.829826674542087, 52.995577876151252 ], [ -2.83738361690665, 53.010298793469865 ], [ -2.847872417680763, 53.019021413596803 ], [ -2.861046381541654, 53.022853991357408 ], [ -2.858297363310756, 53.038111131327831 ], [ -2.87247209328717, 53.034163828540699 ], [ -2.867963409765813, 53.025266675823531 ], [ -2.895192068474538, 53.011264862561148 ], [ -2.916312363878204, 53.009554918879708 ], [ -2.920598452692509, 53.001603846933506 ], [ -2.937616461262815, 52.992548539046901 ], [ -2.956848001307204, 52.989540840640998 ], [ -2.963202599136403, 52.976686172853945 ], [ -2.959702629656849, 52.966268189904483 ], [ -2.96852036041481, 52.964181132700951 ] ] ] ] } },
{ "type": "Feature", "properties": { "hcs_name": "Glamorgan", "abbr": "Glam", "hcs_county": "Glamorgan", "hcs_number": 38, "hcs_code": "GLM", "county": "Glamorgan", "region": "Wales" }, "geometry": { "type": "Polygon", "coordinates": [ [ [ -3.121254860434425, 51.49095535047087 ], [ -3.132585120842075, 51.49212055882969 ], [ -3.13954082459359, 51.501044922258096 ], [ -3.141464029923642, 51.518134975942246 ], [ -3.132147701245778, 51.527205060200778 ], [ -3.11958960852117, 51.530848301921345 ], [ -3.120196305833897, 51.542215301889811 ], [ -3.107949137527548, 51.552384042978908 ], [ -3.107367754759846, 51.558420861941919 ], [ -3.094455661064616, 51.563013615642831 ], [ -3.090334117195336, 51.569572090695146 ], [ -3.100631807618054, 51.576087579102243 ], [ -3.120298490697557, 51.57980227700105 ], [ -3.136247581021861, 51.595621831965602 ], [ -3.154118828273097, 51.593649647882643 ], [ -3.163565407163794, 51.588930583294115 ], [ -3.17520675748285, 51.590140930077581 ], [ -3.195401925829064, 51.586205552678557 ], [ -3.222451709187811, 51.593454261687242 ], [ -3.227492320779751, 51.606752941029875 ], [ -3.220997796260604, 51.616768342825509 ], [ -3.235046437334625, 51.629359011301538 ], [ -3.231422385262717, 51.639672810493046 ], [ -3.220424928347833, 51.6498709698431 ], [ -3.226611448595004, 51.668596535014878 ], [ -3.221433219690379, 51.679224016256626 ], [ -3.230413414417179, 51.695274067402927 ], [ -3.222956805727623, 51.703797317131517 ], [ -3.229640139900695, 51.713199299093702 ], [ -3.243059831592844, 51.71939400009024 ], [ -3.254661313316777, 51.734216967975243 ], [ -3.269354410540647, 51.740265640160253 ], [ -3.281742903050425, 51.749882781745477 ], [ -3.294780655534333, 51.767407148983544 ], [ -3.293601168756092, 51.772534973580719 ], [ -3.309924092644882, 51.793490305034908 ], [ -3.334467525812105, 51.790396831822683 ], [ -3.363787101076182, 51.791037724113309 ], [ -3.364498694932293, 51.782734527396251 ], [ -3.385005752300879, 51.780474252077546 ], [ -3.393774963897063, 51.768458665286062 ], [ -3.40681668905316, 51.759473026646091 ], [ -3.420658024598612, 51.756679276097309 ], [ -3.438598807355929, 51.762498781841543 ], [ -3.461971376140888, 51.758866017823614 ], [ -3.467549580098817, 51.745364663123233 ], [ -3.478652200353613, 51.741444620924909 ], [ -3.483477894457892, 51.734099523011103 ], [ -3.513810053273704, 51.74148843178579 ], [ -3.527611517203262, 51.753046662384385 ], [ -3.542986805660054, 51.748752309382255 ], [ -3.567312870773785, 51.75578741411595 ], [ -3.572237069343276, 51.760684756076287 ], [ -3.590049702284567, 51.756709267591035 ], [ -3.597728987514676, 51.769964586505807 ], [ -3.624925264476056, 51.773919979655915 ], [ -3.652699021876057, 51.785047737403538 ], [ -3.669323261415977, 51.785473291201932 ], [ -3.696308254474816, 51.778106630036632 ], [ -3.711374534370211, 51.770714896238943 ], [ -3.719147419991839, 51.77817381509616 ], [ -3.728882292508017, 51.775692537389759 ], [ -3.745906861863306, 51.763580789054451 ], [ -3.759046906446795, 51.768647409240145 ], [ -3.774138524898222, 51.762507787408815 ], [ -3.779379113632459, 51.772703770807901 ], [ -3.801877604107797, 51.782223969997872 ], [ -3.806787668416407, 51.787755782466483 ], [ -3.817014673128712, 51.801560077687597 ], [ -3.842197881012339, 51.809467347177815 ], [ -3.866187595107093, 51.81012839367223 ], [ -3.886925591040491, 51.804227791471277 ], [ -3.891893210392882, 51.796176326543659 ], [ -3.882073922398881, 51.787819683014902 ], [ -3.885363170749109, 51.772963991416283 ], [ -3.901888533547458, 51.770953840392771 ], [ -3.917274602384385, 51.764730977004966 ], [ -3.928507749196141, 51.773735689576206 ], [ -3.948574672805337, 51.768850097997991 ], [ -3.951989154327427, 51.764689022437061 ], [ -3.979635264458804, 51.764681617672366 ], [ -3.99677135146347, 51.774194213795944 ], [ -4.003013503493048, 51.762799324633498 ], [ -4.015622976634639, 51.75210572352178 ], [ -4.049408651376412, 51.729348699039157 ], [ -4.045634626493858, 51.71342463227942 ], [ -4.064117130465782, 51.696117699071287 ], [ -4.070053459104012, 51.684040452111361 ], [ -4.079649607972003, 51.67990143450762 ], [ -4.070144947825519, 51.669171645225312 ], [ -4.091594230778861, 51.657491725311225 ], [ -4.106783364217907, 51.658938316621757 ], [ -4.146730156390896, 51.651736573732514 ], [ -4.167188942436143, 51.650415072541605 ], [ -4.185648488565645, 51.65826890353248 ], [ -4.200069917940703, 51.671425721899944 ], [ -4.209830035468993, 51.673258910513702 ], [ -4.235795621443708, 51.668564602073744 ], [ -4.249372352927906, 51.639037017917374 ], [ -4.255346874004243, 51.630610215125003 ], [ -4.273069896319194, 51.624203488200877 ], [ -4.2795346130938, 51.615981210943481 ], [ -4.298754104633871, 51.614759629616621 ], [ -4.305967588371469, 51.608255862593602 ], [ -4.296576015772191, 51.596850392137164 ], [ -4.289529202507309, 51.581746816611449 ], [ -4.290645334993167, 51.563011310380347 ], [ -4.2458691014686, 51.546800505816456 ], [ -4.223813054241753, 51.540362355676329 ], [ -4.200959143924878, 51.547573573950125 ], [ -4.182291516047562, 51.548420136454155 ], [ -4.152311060406652, 51.541047565344108 ], [ -4.147319409206307, 51.548044033043759 ], [ -4.161046217068847, 51.555493037476147 ], [ -4.154057201162437, 51.563454531282474 ], [ -4.142161304136719, 51.568699901849648 ], [ -4.118684124321176, 51.570508455801416 ], [ -4.110715346648318, 51.573546500689517 ], [ -4.102725304291911, 51.56555552563421 ], [ -4.074641844652179, 51.562251970620743 ], [ -4.037194338496811, 51.56827532759857 ], [ -4.024300491326221, 51.563174454736043 ], [ -4.006478206989189, 51.567679292738298 ], [ -3.993606826049138, 51.563125052075861 ], [ -3.976870535938116, 51.56894291245252 ], [ -3.992110295703821, 51.572947079163853 ], [ -4.000610092733453, 51.580207774002311 ], [ -3.992064777467278, 51.599029798931475 ], [ -3.977080117306809, 51.607279540394281 ], [ -3.961586519199493, 51.611576941574761 ], [ -3.929352919546174, 51.61341765341529 ], [ -3.918800794782297, 51.609386914616195 ], [ -3.893695177879276, 51.618743406762363 ], [ -3.878829141949092, 51.616692193076403 ], [ -3.855087538373505, 51.618229751432573 ], [ -3.842500680434657, 51.607445229012328 ], [ -3.819798891984339, 51.594722694936095 ], [ -3.804705274086837, 51.58366583837504 ], [ -3.796479243082497, 51.572600355784154 ], [ -3.779130151990319, 51.558966379831837 ], [ -3.762686653916988, 51.536409088764707 ], [ -3.743884747615908, 51.500597205421428 ], [ -3.735366429068025, 51.499202876938305 ], [ -3.720029653569175, 51.479700548610694 ], [ -3.71112473731345, 51.475917059903438 ], [ -3.684058768440852, 51.476762011879877 ], [ -3.66653142050079, 51.480657491140327 ], [ -3.647952524927988, 51.476322054306472 ], [ -3.638387397739938, 51.470181102005441 ], [ -3.641796580549586, 51.463425868890774 ], [ -3.630340393084962, 51.455728899369298 ], [ -3.598708231017624, 51.442075806028363 ], [ -3.583660182785753, 51.429231940374372 ], [ -3.576280321796543, 51.417700037788457 ], [ -3.559371807109361, 51.401634487678201 ], [ -3.541860755113825, 51.39771972197142 ], [ -3.526598628219563, 51.400078299746163 ], [ -3.473013901517375, 51.393560637439968 ], [ -3.447996289895386, 51.387979331667708 ], [ -3.414903487957271, 51.387760444312235 ], [ -3.405227757086406, 51.381433295844829 ], [ -3.396353522990853, 51.382972545852653 ], [ -3.356603981242018, 51.383871745682754 ], [ -3.342527068149268, 51.381169376908488 ], [ -3.316830393543544, 51.38876995386719 ], [ -3.310787882296788, 51.392623859453508 ], [ -3.264691717235054, 51.388232407294034 ], [ -3.261220571746254, 51.394414178010258 ], [ -3.239804309633113, 51.396946065827812 ], [ -3.220122153759919, 51.403424933579693 ], [ -3.206519534205804, 51.400443750108579 ], [ -3.187503658752826, 51.400409067037543 ], [ -3.169534242037777, 51.407130903491854 ], [ -3.170829337003451, 51.427095008726248 ], [ -3.16441662665746, 51.441082860918769 ], [ -3.166872391369578, 51.445334690772185 ], [ -3.135637916862394, 51.46742538674318 ], [ -3.121254860434425, 51.49095535047087 ] ] ] } },
{ "type": "Feature", "properties": { "hcs_name": "Gloucestershire", "abbr": "Glos", "hcs_county": "Gloucester", "hcs_number": 39, "hcs_code": "GLC", "county": "Gloucestershire", "region": "South West England" }, "geometry": { "type": "Polygon", "coordinates": [ [ [ -1.64826412702385, 51.684051847248199 ], [ -1.659001, 51.697498 ], [ -1.664629683323644, 51.696847913611151 ], [ -1.681856889422916, 51.708991572872947 ], [ -1.695866613961847, 51.723723457988442 ], [ -1.686797652866773, 51.728562003926733 ], [ -1.687020405410855, 51.739894542868157 ], [ -1.700692415333618, 51.770605504615567 ], [ -1.719572910569316, 51.783217271865588 ], [ -1.693472270124275, 51.794127638910318 ], [ -1.680267081761903, 51.807194256086703 ], [ -1.686429993004462, 51.832572573081229 ], [ -1.678668414075117, 51.849404282159128 ], [ -1.683284348976925, 51.868811158146372 ], [ -1.66810861091604, 51.876288750737075 ], [ -1.669000633793078, 51.881550316006859 ], [ -1.657578004861334, 51.897197245314288 ], [ -1.644823570736728, 51.894633689701443 ], [ -1.635643925827868, 51.901445870444363 ], [ -1.634958087603253, 51.912520613812653 ], [ -1.643587179740706, 51.913026071386483 ], [ -1.645313221400821, 51.922441460165857 ], [ -1.620003674151962, 51.937429544638952 ], [ -1.628747551944423, 51.952993178762462 ], [ -1.64579058587636, 51.956960958122032 ], [ -1.662630309099956, 51.964174459214071 ], [ -1.669027851725567, 51.975343265083673 ], [ -1.665723184828908, 51.987473880631576 ], [ -1.669929211847568, 51.993186973171106 ], [ -1.642855772871735, 52.009239833691936 ], [ -1.64029392004013, 52.018768529588073 ], [ -1.617523815281215, 52.033409922699256 ], [ -1.627419749887548, 52.037479394735641 ], [ -1.653578740862011, 52.035399529783419 ], [ -1.688665269200263, 52.037722686840574 ], [ -1.695003872774588, 52.04054507162018 ], [ -1.68997348736247, 52.053169145884873 ], [ -1.714208490822284, 52.066661550014373 ], [ -1.730650868422527, 52.07328616172812 ], [ -1.719837624993163, 52.081451431470121 ], [ -1.715043064033146, 52.090191011176863 ], [ -1.70419118283846, 52.092639969033215 ], [ -1.706232116017482, 52.101914340124033 ], [ -1.699192770396271, 52.12498417622249 ], [ -1.690054519210579, 52.131800660541479 ], [ -1.697045845867042, 52.147318924836675 ], [ -1.668493695099164, 52.149749100019449 ], [ -1.667025198624069, 52.157545728131744 ], [ -1.692730430237457, 52.158558573140567 ], [ -1.71007082644591, 52.150697000535772 ], [ -1.721709623052161, 52.14151173943803 ], [ -1.733526180858825, 52.147985941523935 ], [ -1.724480503683174, 52.155237550896345 ], [ -1.693159592609037, 52.165547601461505 ], [ -1.722011681090045, 52.169109659039904 ], [ -1.737334666981773, 52.166781671909519 ], [ -1.754316130819707, 52.159582842228552 ], [ -1.757642547400349, 52.166821229717065 ], [ -1.770120224453344, 52.166389980925167 ], [ -1.77958737525447, 52.174676328666408 ], [ -1.795178896656092, 52.161451874076931 ], [ -1.817115812988496, 52.164038084816731 ], [ -1.823361191008048, 52.15884372182996 ], [ -1.812247142561206, 52.15358057494236 ], [ -1.822611330527273, 52.147123155668531 ], [ -1.824560393519161, 52.132800193165608 ], [ -1.837294170719957, 52.124009391409594 ], [ -1.851044362664352, 52.129961417319507 ], [ -1.855181655824042, 52.124358453669288 ], [ -1.838347694256632, 52.118930236764115 ], [ -1.835882309455135, 52.113110061657594 ], [ -1.81157131109451, 52.110815652807453 ], [ -1.801335323703701, 52.107376426609683 ], [ -1.802441234235658, 52.096867715348594 ], [ -1.816074912312521, 52.079579422772881 ], [ -1.820395974728307, 52.090093431428535 ], [ -1.831161536934033, 52.095421011408249 ], [ -1.835820701517076, 52.110320586482459 ], [ -1.844449972937592, 52.107690078298504 ], [ -1.858375248797894, 52.092635589174975 ], [ -1.858760618251757, 52.086908407415521 ], [ -1.846682035852086, 52.079413458801923 ], [ -1.855612196116329, 52.074379750522283 ], [ -1.868946754345463, 52.073885048102362 ], [ -1.85740639270061, 52.052286043206067 ], [ -1.829836508953174, 52.039186205809131 ], [ -1.830719999602786, 52.032326241869981 ], [ -1.822542743450984, 52.023852445015351 ], [ -1.810818583300679, 52.002086604486003 ], [ -1.847215849828198, 52.00770906735022 ], [ -1.863655589102869, 52.0144661650207 ], [ -1.873557011313444, 52.024348461837668 ], [ -1.899897727055378, 52.037398723493027 ], [ -1.876522961277993, 52.051089148257141 ], [ -1.890819716590762, 52.063472005513901 ], [ -1.928497594973564, 52.063952520439948 ], [ -1.937770968815727, 52.069724219084023 ], [ -1.962536492436506, 52.074494798236032 ], [ -1.963999395192243, 52.069824700254046 ], [ -1.989853929669185, 52.07017574639805 ], [ -1.999781374746994, 52.059421093218397 ], [ -1.997261581565856, 52.054818948393262 ], [ -1.969152665901127, 52.05710992211273 ], [ -1.970994833642174, 52.051397316150165 ], [ -1.952319125229581, 52.040885731896438 ], [ -1.963347806035243, 52.036042686424793 ], [ -1.984120397793357, 52.035833282033515 ], [ -1.988444974942053, 52.048487156156895 ], [ -2.006468135657449, 52.055790637916019 ], [ -2.032922460641263, 52.050793663650651 ], [ -2.046572050929575, 52.028155166543726 ], [ -2.040236643108276, 52.018467104981255 ], [ -2.055175546401349, 52.014658619007314 ], [ -2.054067615101045, 52.002810057579005 ], [ -2.04452872661141, 51.994017207625582 ], [ -2.047695986109585, 51.987436549078687 ], [ -2.067866758517898, 51.99444412488932 ], [ -2.073617464422675, 52.004612637599088 ], [ -2.067279415051071, 52.022330086693977 ], [ -2.070742087365786, 52.033491098066882 ], [ -2.05936817846577, 52.056224369654373 ], [ -2.076717921879026, 52.055640198760408 ], [ -2.078603588589553, 52.043147406625032 ], [ -2.094391569298551, 52.017894814083462 ], [ -2.094189004616814, 52.012813986034573 ], [ -2.117989784878127, 52.014366328487483 ], [ -2.135139883734178, 51.999810535435223 ], [ -2.154337654294593, 51.999180091387935 ], [ -2.139971678252704, 52.027370555118701 ], [ -2.117881989163931, 52.033086152494761 ], [ -2.118401526907708, 52.042128520664825 ], [ -2.162143498378455, 52.050588203586614 ], [ -2.180420323612529, 52.042264064569203 ], [ -2.176832973594869, 52.022556579399939 ], [ -2.183989467104758, 52.01383860736177 ], [ -2.164747094727445, 52.004255341009888 ], [ -2.163934043955754, 51.996980425584347 ], [ -2.189221569554079, 51.99116074711602 ], [ -2.20068898895948, 51.998838189478661 ], [ -2.221206567207214, 51.997703238823668 ], [ -2.238314843982961, 52.003483473973347 ], [ -2.257636475646584, 52.004103208022613 ], [ -2.262905202233995, 51.994337811432061 ], [ -2.252680743485399, 51.985156244634254 ], [ -2.241647483136857, 51.986287645148131 ], [ -2.207711558660383, 51.983078008599655 ], [ -2.19040948631552, 51.975756568952953 ], [ -2.194596422901537, 51.968501876954285 ], [ -2.207480949185834, 51.961254754957515 ], [ -2.220745392972352, 51.969683912076931 ], [ -2.242260233382253, 51.965301811445791 ], [ -2.280414838162668, 51.970561717090419 ], [ -2.293295034193451, 51.969669285159675 ], [ -2.314840371327627, 51.951965466801241 ], [ -2.331691953973314, 51.946057089600401 ], [ -2.362625769951354, 51.958508386664178 ], [ -2.371876196159404, 51.96460320490619 ], [ -2.384614080263547, 51.966266804511022 ], [ -2.372683826325453, 51.983563986582475 ], [ -2.353802277922884, 51.993936710258318 ], [ -2.355944413374388, 52.002330759038529 ], [ -2.351336979853346, 52.021302162361671 ], [ -2.392917765434815, 52.012977530648214 ], [ -2.395129632959763, 52.003652953865803 ], [ -2.403038532456986, 51.996112416968408 ], [ -2.413290172412062, 51.994091499450192 ], [ -2.436459312423076, 51.996818301223414 ], [ -2.433685955425637, 52.012247957984016 ], [ -2.456277259551226, 52.014838809534616 ], [ -2.472989909038058, 52.023902808494277 ], [ -2.491389883704997, 52.010431485273301 ], [ -2.485475303938848, 52.000351269453418 ], [ -2.471064116801029, 51.994923719566856 ], [ -2.489188914433448, 51.986977145837656 ], [ -2.496411332633856, 51.977271138883744 ], [ -2.488527872418188, 51.959923396004669 ], [ -2.465579633683531, 51.952416632105908 ], [ -2.463601629162159, 51.939445615659416 ], [ -2.46604419604855, 51.927986450708914 ], [ -2.448143672961533, 51.918633850886003 ], [ -2.437077634214213, 51.899309894258629 ], [ -2.446018666467954, 51.894007261798343 ], [ -2.464791864539398, 51.893045132437344 ], [ -2.486909548550379, 51.884271392874581 ], [ -2.507066459226759, 51.88889722093981 ], [ -2.536823555959786, 51.887725119912822 ], [ -2.543423284330778, 51.878858148276471 ], [ -2.518661778936715, 51.861599631519205 ], [ -2.530798305642219, 51.858868763407102 ], [ -2.561676014933389, 51.86427236001618 ], [ -2.598725223164186, 51.85652430060847 ], [ -2.609354549481455, 51.846826808424041 ], [ -2.629892413859837, 51.83876143360385 ], [ -2.635958473627334, 51.841450241519709 ], [ -2.650408637788579, 51.826112776351955 ], [ -2.660885471066962, 51.82281401685578 ], [ -2.659483819849268, 51.81067250684152 ], [ -2.672602275870026, 51.808907272732597 ], [ -2.678626853012751, 51.802570056177736 ], [ -2.671328204155366, 51.794956643519363 ], [ -2.679738358965084, 51.767592873704693 ], [ -2.66293714034569, 51.753299310218928 ], [ -2.674641723738926, 51.734966698342348 ], [ -2.687453346589003, 51.730887572428337 ], [ -2.680735993707418, 51.724956930332631 ], [ -2.679560657571548, 51.714381255782108 ], [ -2.668781671129407, 51.706800691416866 ], [ -2.673091335687879, 51.683179726498437 ], [ -2.660024855144692, 51.676817560523055 ], [ -2.659854474750488, 51.671307239909446 ], [ -2.684567206154631, 51.668150485902515 ], [ -2.685398468364226, 51.661447881229371 ], [ -2.667119449980334, 51.660123591724563 ], [ -2.679933347628368, 51.64852718074868 ], [ -2.668510609906063, 51.645379403147579 ], [ -2.668786155326458, 51.634448995866912 ], [ -2.657023391279427, 51.623257445181892 ], [ -2.66453226144469, 51.601420787935858 ], [ -2.672306176777328, 51.599232798142786 ], [ -2.698242925206288, 51.581236043006477 ], [ -2.699703819907911, 51.5739780883547 ], [ -2.665550807036491, 51.569308511412252 ], [ -2.672713807140651, 51.54546826230478 ], [ -2.702829577203582, 51.515366225260102 ], [ -2.715570939649294, 51.507353471558353 ], [ -2.708593738953101, 51.497651093020842 ], [ -2.69311781592253, 51.489132224374799 ], [ -2.67496271691456, 51.480093104268562 ], [ -2.66072189068348, 51.486996616459962 ], [ -2.644579135121233, 51.470386247602015 ], [ -2.633537537121641, 51.467195952531995 ], [ -2.623870480034352, 51.447077201294789 ], [ -2.579428477047547, 51.451021041069176 ], [ -2.577442566865791, 51.444838860935597 ], [ -2.560975817294363, 51.445102801523177 ], [ -2.543245734247998, 51.455630535703698 ], [ -2.526872104728051, 51.443547842894624 ], [ -2.521337437351873, 51.431465000970007 ], [ -2.488419753824824, 51.42652476956976 ], [ -2.469087902172548, 51.415913819872358 ], [ -2.445481972606365, 51.422151511968892 ], [ -2.409943674416445, 51.426521208950923 ], [ -2.403116004182403, 51.431635262571938 ], [ -2.377303719681488, 51.432908193163343 ], [ -2.341427728323802, 51.439248405799056 ], [ -2.325029088819951, 51.437040598374509 ], [ -2.31414456997086, 51.429159362659149 ], [ -2.294645867928268, 51.428802733245575 ], [ -2.287712854548756, 51.456809079593747 ], [ -2.295751138325893, 51.458584569996077 ], [ -2.289602506567432, 51.478656089762879 ], [ -2.291258350995429, 51.487040768158025 ], [ -2.316113317768384, 51.481836311365896 ], [ -2.325157794723976, 51.484131566334419 ], [ -2.32935252065492, 51.496359353109554 ], [ -2.296326712647127, 51.506753584646333 ], [ -2.298322842833068, 51.511475921588953 ], [ -2.255868860967308, 51.522071883344303 ], [ -2.253599171271508, 51.52880686608961 ], [ -2.26649150349083, 51.536342906854351 ], [ -2.261788670351284, 51.544743617091243 ], [ -2.268408400661367, 51.54969240032991 ], [ -2.264115415879416, 51.568030936848821 ], [ -2.276037322089673, 51.572276269819376 ], [ -2.269524003401612, 51.581821800238806 ], [ -2.245073545389987, 51.581379357416282 ], [ -2.235236864485775, 51.607220141091382 ], [ -2.210231051398056, 51.603054779295668 ], [ -2.206690640620636, 51.595939583178215 ], [ -2.177388427003705, 51.597317564788881 ], [ -2.152522857800013, 51.590318172773138 ], [ -2.131119318499061, 51.611060174218437 ], [ -2.130633421285834, 51.621183543397002 ], [ -2.147065496822268, 51.620423154300653 ], [ -2.155865669938203, 51.638427869242506 ], [ -2.14238074174501, 51.641780528252319 ], [ -2.12605914304456, 51.657080474631549 ], [ -2.112210004708454, 51.658267548427922 ], [ -2.096055854457037, 51.655661897137449 ], [ -2.084521922192281, 51.650398771788488 ], [ -2.052916269191098, 51.675480383084029 ], [ -2.049001141117901, 51.675848735654029 ], [ -1.999875315108746, 51.7012727716602 ], [ -1.990811919594451, 51.697067413251823 ], [ -1.983243500609282, 51.683685206554308 ], [ -1.973632759009181, 51.677915059481478 ], [ -1.942782400298943, 51.671152953796877 ], [ -1.920997640640151, 51.657262425610092 ], [ -1.903950419955252, 51.656032171331141 ], [ -1.888561629013366, 51.648908182566558 ], [ -1.876667074129564, 51.653204246235603 ], [ -1.886768923696899, 51.659385157308932 ], [ -1.896778593203585, 51.672785949408983 ], [ -1.893299568469611, 51.676908783897971 ], [ -1.873892839651056, 51.682600338757979 ], [ -1.850598287101147, 51.656287285783925 ], [ -1.840101984805958, 51.656133788839433 ], [ -1.816002510920439, 51.662951629114652 ], [ -1.82186885461543, 51.676458539562788 ], [ -1.812484139976937, 51.686316943744828 ], [ -1.81927259460294, 51.694130649457357 ], [ -1.814591132458172, 51.702983555112255 ], [ -1.788674595025383, 51.666990131531776 ], [ -1.776966901841855, 51.66937328371155 ], [ -1.768083774244882, 51.663688858018403 ], [ -1.749035774384992, 51.662995329454418 ], [ -1.738986150281098, 51.667451316118132 ], [ -1.719265354496698, 51.669826510271328 ], [ -1.711022916282503, 51.671793818037649 ], [ -1.703837288884172, 51.685804954871458 ], [ -1.70155396844709, 51.686192854946228 ], [ -1.696715085311518, 51.692061660254446 ], [ -1.676105920462778, 51.688481111753411 ], [ -1.675114230266884, 51.682418261138523 ], [ -1.64826412702385, 51.684051847248199 ] ] ] } },
{ "type": "Feature", "properties": { "hcs_name": "Hampshire", "abbr": "Hants", "hcs_county": "Hants", "hcs_number": 40, "hcs_code": "HMP", "county": "Hampshire", "region": "South East England" }, "geometry": { "type": "MultiPolygon", "coordinates": [ [ [ [ -1.500340730218143, 50.706846130797331 ], [ -1.522126165530749, 50.707111204988486 ], [ -1.533446433264047, 50.700711519262718 ], [ -1.535409266331541, 50.69169814448923 ], [ -1.54823609347165, 50.678295044120702 ], [ -1.570249024884817, 50.672924495877126 ], [ -1.569063986940763, 50.66724000928798 ], [ -1.549419643793513, 50.663570302138027 ], [ -1.523562544672521, 50.667935950920416 ], [ -1.484388091655908, 50.666749110096887 ], [ -1.464365930376403, 50.652384382664302 ], [ -1.447148090070437, 50.643482741179525 ], [ -1.410149979306403, 50.634885861909815 ], [ -1.389883279390376, 50.627354101003817 ], [ -1.3608815851713, 50.609503684985221 ], [ -1.343399944488566, 50.604004188295548 ], [ -1.318725987892392, 50.589977145964397 ], [ -1.307767119935681, 50.577353643095897 ], [ -1.295527735401734, 50.574911753603303 ], [ -1.285822866970307, 50.577661022123571 ], [ -1.244394976189422, 50.582269239344654 ], [ -1.208761042599322, 50.593163361405466 ], [ -1.202048062765017, 50.592857311823437 ], [ -1.179303689086886, 50.600925798961789 ], [ -1.17250656758001, 50.615320443527018 ], [ -1.174116937738562, 50.625310888129555 ], [ -1.167994608161335, 50.641523725286987 ], [ -1.160560306590863, 50.64926501212053 ], [ -1.136303857755132, 50.661070124899233 ], [ -1.111708937464686, 50.665787416109929 ], [ -1.098765518462306, 50.66503788873402 ], [ -1.096002177645848, 50.670984049467421 ], [ -1.0738766785534, 50.681348569294848 ], [ -1.070027201299669, 50.686852769065709 ], [ -1.081882733511038, 50.694195032098293 ], [ -1.098412353659751, 50.690414374964767 ], [ -1.09930317809052, 50.700713686407461 ], [ -1.108275945396943, 50.720130639948557 ], [ -1.157412327350508, 50.733481180859783 ], [ -1.194882557663128, 50.732917565726666 ], [ -1.237586380408786, 50.743504608976608 ], [ -1.260147122170996, 50.759849941694291 ], [ -1.272469330744504, 50.765823188235707 ], [ -1.288357194145371, 50.763001348702005 ], [ -1.313740996397189, 50.767337160901938 ], [ -1.328041074773938, 50.757984954243192 ], [ -1.344791169559286, 50.750947337100925 ], [ -1.347459613898374, 50.743171589892633 ], [ -1.402330215812903, 50.728193721955634 ], [ -1.409773830686584, 50.724617650305269 ], [ -1.425704589837676, 50.726746305243374 ], [ -1.441404859854856, 50.722381393758994 ], [ -1.469756686275734, 50.709765543709622 ], [ -1.500340730218143, 50.706846130797331 ] ] ], [ [ [ -0.935328456526179, 50.777719414786993 ], [ -0.933464551778169, 50.785525343548983 ], [ -0.941961614648051, 50.799683224261003 ], [ -0.946964158454347, 50.81720786286435 ], [ -0.946234963260536, 50.82649442994191 ], [ -0.939573369442286, 50.835806520473128 ], [ -0.92642011733687, 50.864082619864256 ], [ -0.938784740545064, 50.87255334341291 ], [ -0.956619390971079, 50.893160215319533 ], [ -0.939802742433491, 50.918566828675615 ], [ -0.924024765581891, 50.924092361047805 ], [ -0.939320662491878, 50.944054800384158 ], [ -0.932236995014248, 50.945378572456498 ], [ -0.929274717084322, 50.958401021725876 ], [ -0.915242968997271, 50.971473167742467 ], [ -0.917699508881734, 50.978117301788025 ], [ -0.900244451854824, 51.001208424331523 ], [ -0.897121851113821, 51.021876630884748 ], [ -0.883199044802588, 51.026612216932541 ], [ -0.868928714393705, 51.037185521251203 ], [ -0.852888588667825, 51.044827361089453 ], [ -0.850107022634837, 51.059384093219791 ], [ -0.844825365068478, 51.065374310611425 ], [ -0.829556773520451, 51.067263584959051 ], [ -0.820004417501732, 51.060711563023297 ], [ -0.787516905878748, 51.066905739031753 ], [ -0.78075552482704, 51.07937577640007 ], [ -0.753442937560377, 51.086472124252566 ], [ -0.758829937045081, 51.090520874604998 ], [ -0.745501185399182, 51.112198494754395 ], [ -0.762419182899993, 51.114883 ], [ -0.782345895040295, 51.128497669016312 ], [ -0.780616221751865, 51.13467816961203 ], [ -0.791277132954379, 51.139430012199774 ], [ -0.795839753777352, 51.154098291299611 ], [ -0.808441105434726, 51.160991872402725 ], [ -0.829995374126181, 51.162891945172483 ], [ -0.825399378596913, 51.181377045678019 ], [ -0.8426677930587, 51.199363406072941 ], [ -0.849186649087624, 51.211013063639214 ], [ -0.82908967839427, 51.225405766133015 ], [ -0.820831713505205, 51.239284469662671 ], [ -0.804700863324664, 51.245048738167881 ], [ -0.774939205379479, 51.241470432190688 ], [ -0.769720809378821, 51.236420024600108 ], [ -0.74137699114778, 51.230781596863423 ], [ -0.736089923553256, 51.248780870382248 ], [ -0.729330109821368, 51.256327352834205 ], [ -0.730340494798807, 51.273335041054096 ], [ -0.739229214875546, 51.299898779940108 ], [ -0.744584510896733, 51.309626585871889 ], [ -0.762668962705435, 51.317755419658255 ], [ -0.764996733884599, 51.324725116155257 ], [ -0.77541541791168, 51.331959921930029 ], [ -0.793961759624697, 51.34103418610033 ], [ -0.81313714844135, 51.341309231957915 ], [ -0.828192090067425, 51.352861876194645 ], [ -0.847572093398069, 51.352449217027186 ], [ -0.9056286074095, 51.357982986295923 ], [ -0.923475294686846, 51.366023021865523 ], [ -0.972591890945211, 51.359944736890498 ], [ -0.990117802898898, 51.363213293806965 ], [ -1.011852483378723, 51.359240419881935 ], [ -1.050079311650305, 51.358112598046354 ], [ -1.084440808634422, 51.384441629283096 ], [ -1.115346349309606, 51.37427338310529 ], [ -1.116275215335136, 51.358437897349518 ], [ -1.138835188365552, 51.357204032588655 ], [ -1.16980011636679, 51.360482020285254 ], [ -1.176812973697696, 51.357347057971026 ], [ -1.189865410868534, 51.363387312120523 ], [ -1.222381563154131, 51.369728459844332 ], [ -1.240257620395236, 51.366207183986468 ], [ -1.251899505065864, 51.371963758640355 ], [ -1.287002985368069, 51.367819451409112 ], [ -1.293254357367719, 51.371034047786942 ], [ -1.319008227529664, 51.372933271027605 ], [ -1.345393672333428, 51.368854872282952 ], [ -1.378151123198999, 51.367839460003957 ], [ -1.411269715885432, 51.37283405319134 ], [ -1.428355752681678, 51.356771365132744 ], [ -1.443772045420606, 51.355085459670029 ], [ -1.449664276369493, 51.350252404960216 ], [ -1.477738536602183, 51.358021956595714 ], [ -1.486701632192051, 51.349391778900667 ], [ -1.486522155926816, 51.345235610835886 ], [ -1.499812678368728, 51.330366481034552 ], [ -1.515861583218115, 51.339108891142097 ], [ -1.527501968870994, 51.338439544528349 ], [ -1.533533193909551, 51.316213929454165 ], [ -1.525222555108039, 51.307047635109591 ], [ -1.52799203040216, 51.29983136550694 ], [ -1.522777907581464, 51.287065420068153 ], [ -1.53445721301721, 51.287123696848987 ], [ -1.540571508330465, 51.26141275350664 ], [ -1.539604595784095, 51.247378700055414 ], [ -1.577638911738799, 51.255593367315122 ], [ -1.60658221270187, 51.252338699971581 ], [ -1.610431084517251, 51.242985791186335 ], [ -1.619421314554957, 51.241210023776439 ], [ -1.625052624421199, 51.232484640001118 ], [ -1.650051966339344, 51.235890078039354 ], [ -1.680165383351235, 51.237627456378192 ], [ -1.701549982279157, 51.235825477170764 ], [ -1.690442483190114, 51.22408779874344 ], [ -1.694089583808221, 51.204089664937328 ], [ -1.668835235333933, 51.190762871027601 ], [ -1.672241508044339, 51.178680612337835 ], [ -1.654072340422651, 51.156302700693757 ], [ -1.662987311166514, 51.127204364213974 ], [ -1.640655924388327, 51.125416008622963 ], [ -1.626338376481625, 51.117326309044003 ], [ -1.630848674949651, 51.11102733297701 ], [ -1.626804032561861, 51.103611603691519 ], [ -1.637306935194001, 51.092195376857461 ], [ -1.628917116923066, 51.080938112601402 ], [ -1.633998171810454, 51.042247093815483 ], [ -1.632357067215194, 51.032780165184555 ], [ -1.619482662468714, 51.033049524297937 ], [ -1.602919757769962, 51.025534344877073 ], [ -1.60498152295717, 51.016064657992601 ], [ -1.597620498021573, 51.008009424404342 ], [ -1.596466421593836, 50.994949279728559 ], [ -1.576748271568002, 50.991778535449008 ], [ -1.574786930618726, 50.974837069005943 ], [ -1.582590712994507, 50.969017615369175 ], [ -1.584274608271424, 50.959008552911136 ], [ -1.592226959324917, 50.947949843110678 ], [ -1.597903557430681, 50.926116989400839 ], [ -1.606021057579698, 50.920285355510543 ], [ -1.616430679516249, 50.933752377855981 ], [ -1.623433562705396, 50.954637187343685 ], [ -1.634949667449396, 50.959271667813496 ], [ -1.642048328546896, 50.95221222427508 ], [ -1.661698091705972, 50.945341329390523 ], [ -1.689424571550111, 50.954693074910807 ], [ -1.709864709436805, 50.97131882573828 ], [ -1.721742387102049, 50.976932463039823 ], [ -1.73978464685219, 50.976665217528215 ], [ -1.775818276154211, 50.984805891933675 ], [ -1.791188540330825, 50.990140444254941 ], [ -1.807613138370029, 50.992069824266338 ], [ -1.815430261010337, 50.985929355401886 ], [ -1.817523372077109, 50.974721508819229 ], [ -1.807201407581533, 50.965252128910798 ], [ -1.814727234127039, 50.958376074491127 ], [ -1.834065558479167, 50.978146145671992 ], [ -1.841801186975974, 50.996293710551654 ], [ -1.853704930497818, 51.004364205811207 ], [ -1.873895768001616, 50.984543025290506 ], [ -1.874517561576789, 50.973867876821714 ], [ -1.842372440501846, 50.957306300060061 ], [ -1.836603746247736, 50.943489470431089 ], [ -1.830099276783659, 50.940375803676908 ], [ -1.834465257583612, 50.929360416889821 ], [ -1.82077603990879, 50.926291525592909 ], [ -1.816682914219343, 50.903933572013322 ], [ -1.823705337732874, 50.898362589418007 ], [ -1.841765245362636, 50.896962755750181 ], [ -1.848564777298783, 50.889877239129035 ], [ -1.845266685625139, 50.877974895049348 ], [ -1.851516158193561, 50.849546367554581 ], [ -1.858780450833634, 50.841348696454403 ], [ -1.857427319716635, 50.826981220067168 ], [ -1.863397647811502, 50.813839180022804 ], [ -1.865371220675025, 50.77385395069043 ], [ -1.886410614238875, 50.751432839464208 ], [ -1.905637801072328, 50.725730740448896 ], [ -1.907575116912448, 50.715836404538358 ], [ -1.900678266615659, 50.709317785903139 ], [ -1.86173759988073, 50.717904750112446 ], [ -1.830317720332324, 50.720488441935935 ], [ -1.803487954611471, 50.72038694786572 ], [ -1.769377818360896, 50.716545734034675 ], [ -1.74881699152196, 50.712647256216805 ], [ -1.74088714900035, 50.724219442225021 ], [ -1.725204334584093, 50.733811795221662 ], [ -1.690962851563923, 50.737529776541905 ], [ -1.641059173462236, 50.732236619176454 ], [ -1.593052223172441, 50.721272305310841 ], [ -1.577031712453628, 50.716404969056754 ], [ -1.552012961238662, 50.72790860433556 ], [ -1.543206735619128, 50.728108292550914 ], [ -1.531027028232267, 50.737314867948392 ], [ -1.525363098526695, 50.748714276074693 ], [ -1.513551016867349, 50.75327270481587 ], [ -1.483632705023763, 50.755965513275761 ], [ -1.456499569584948, 50.762221404555682 ], [ -1.415549317626345, 50.767284321725931 ], [ -1.377341936762, 50.781080087989508 ], [ -1.342627508035851, 50.78571325444603 ], [ -1.327583096792573, 50.803154108448751 ], [ -1.30759700735487, 50.81613239426661 ], [ -1.323996871922125, 50.819140771583122 ], [ -1.319812186976558, 50.825198330999335 ], [ -1.335500770610443, 50.832549867957852 ], [ -1.341508874759572, 50.843258350903035 ], [ -1.325159628335694, 50.853611179591091 ], [ -1.303925984519802, 50.847792251369299 ], [ -1.301429131230281, 50.837348159422234 ], [ -1.263078492271977, 50.826298023881286 ], [ -1.244718997137314, 50.817109932986234 ], [ -1.238533984620373, 50.818073490715534 ], [ -1.215343200491922, 50.809976756768641 ], [ -1.197261714790578, 50.794599039163863 ], [ -1.181372158861585, 50.78717308092839 ], [ -1.163575701786809, 50.785034686930658 ], [ -1.137984982432829, 50.773856649243534 ], [ -1.108657815123908, 50.79030792058758 ], [ -1.088983706173593, 50.777671340862241 ], [ -1.062987432817152, 50.781099673796369 ], [ -1.030478839356124, 50.787421855199732 ], [ -0.969754848575276, 50.78132074541017 ], [ -0.948973655797982, 50.777118786572885 ], [ -0.935328456526179, 50.777719414786993 ] ] ] ] } },
{ "type": "Feature", "properties": { "hcs_name": "Herefordshire", "abbr": "Herefs", "hcs_county": "Hereford", "hcs_number": 41, "hcs_code": "HRF", "county": "Herefordshire", "region": "West Midlands" }, "geometry": { "type": "Polygon", "coordinates": [ [ [ -2.351336979853346, 52.021302162361671 ], [ -2.347533437721973, 52.033130429000785 ], [ -2.351538297390635, 52.056376026421894 ], [ -2.339238633587645, 52.069589564711478 ], [ -2.33830505218038, 52.095449818890692 ], [ -2.363109818490014, 52.094289184930815 ], [ -2.37620826359567, 52.088130176043492 ], [ -2.385794086483393, 52.096454408454534 ], [ -2.395763631378059, 52.097289005806694 ], [ -2.421569970985964, 52.107444665857869 ], [ -2.414406736582226, 52.112638716983199 ], [ -2.358996003340494, 52.120374593788107 ], [ -2.341792383731799, 52.118033488727988 ], [ -2.342021259889764, 52.129897959117606 ], [ -2.358615334062286, 52.151872997201735 ], [ -2.37938287893551, 52.155048194854885 ], [ -2.414949059363098, 52.145157522443377 ], [ -2.421490126337631, 52.149701164979234 ], [ -2.457513786203859, 52.136512270009241 ], [ -2.47475853842617, 52.143017783376614 ], [ -2.474535245696686, 52.150825435831422 ], [ -2.459717891809627, 52.158706157024085 ], [ -2.444560983000776, 52.157459918645948 ], [ -2.426483210275749, 52.161486527187812 ], [ -2.43522793511401, 52.168140036856386 ], [ -2.423332105279545, 52.172548429250703 ], [ -2.42324802679524, 52.179899698392653 ], [ -2.406855816647677, 52.203201959777068 ], [ -2.393403649387238, 52.210738932500853 ], [ -2.403355475517378, 52.221678764968786 ], [ -2.389011447714753, 52.229544978879311 ], [ -2.414393257276807, 52.231807445488371 ], [ -2.423069525571548, 52.237192023248348 ], [ -2.436865884147106, 52.237667102389331 ], [ -2.464975014846088, 52.234386806998252 ], [ -2.474712638794244, 52.241366261426954 ], [ -2.472412073818365, 52.252958979784374 ], [ -2.460149601837539, 52.260527514941735 ], [ -2.438493834082424, 52.26648581057654 ], [ -2.429883754938432, 52.271401572318098 ], [ -2.45200969896093, 52.284998581459455 ], [ -2.482431780270185, 52.284358700863386 ], [ -2.492028511564182, 52.278156467823315 ], [ -2.503134942906918, 52.277409445240437 ], [ -2.514597456324547, 52.269002513248189 ], [ -2.515794311612841, 52.25589981558123 ], [ -2.525804412775077, 52.248230762212295 ], [ -2.543440609251223, 52.267094497785166 ], [ -2.556590163028377, 52.258110516478226 ], [ -2.583448387796216, 52.248406389873097 ], [ -2.604409512605627, 52.242809924916656 ], [ -2.629050475542468, 52.24035939093207 ], [ -2.633809760573901, 52.246572363953064 ], [ -2.630900708192281, 52.257449807375849 ], [ -2.610001894518225, 52.269323964131296 ], [ -2.597945273628535, 52.281627921119458 ], [ -2.60585606971518, 52.286830659015962 ], [ -2.625935282738182, 52.28873441118715 ], [ -2.639886057556168, 52.286300854096979 ], [ -2.644386412652582, 52.293695280186256 ], [ -2.661084591324772, 52.300301936610957 ], [ -2.63587004014211, 52.308847397434121 ], [ -2.618087948706023, 52.306948017510287 ], [ -2.627895736027987, 52.313704901538074 ], [ -2.623916583664485, 52.321368381087225 ], [ -2.636835084312638, 52.324475360637621 ], [ -2.665178201605359, 52.342279121150078 ], [ -2.67597412639925, 52.334740442618582 ], [ -2.689270120411054, 52.316189537192194 ], [ -2.707526521324825, 52.310026122495564 ], [ -2.719188751428833, 52.312551920930197 ], [ -2.724699241497904, 52.319802025493296 ], [ -2.737211890895029, 52.319481130938229 ], [ -2.749540685287524, 52.33480791121 ], [ -2.737811285148909, 52.343238357613728 ], [ -2.732733673556949, 52.355512077997354 ], [ -2.712214182663972, 52.35101296791116 ], [ -2.703341219339304, 52.362558674703763 ], [ -2.72326733199386, 52.363985540759622 ], [ -2.743832359695702, 52.359417243355374 ], [ -2.786501932645116, 52.357553364069481 ], [ -2.795456109782487, 52.35927381602599 ], [ -2.79422558088856, 52.370627166091978 ], [ -2.807356086063855, 52.375859069517858 ], [ -2.809101019483782, 52.383867720436598 ], [ -2.818806018622304, 52.391244755789479 ], [ -2.840728733892755, 52.392326451067603 ], [ -2.854908441487753, 52.395501695721215 ], [ -2.863735548232848, 52.388698145559424 ], [ -2.888411472333856, 52.385167661635506 ], [ -2.886464473566654, 52.37862762768524 ], [ -2.897861478440603, 52.367932155002919 ], [ -2.915117515259219, 52.368819681550825 ], [ -2.93880799770176, 52.361002061250723 ], [ -2.934317518835649, 52.350080781402163 ], [ -2.954676199079585, 52.349159223271045 ], [ -2.961656135464432, 52.335926561290577 ], [ -2.985788538122947, 52.323581198858122 ], [ -2.997083594147428, 52.32456543858062 ], [ -3.003782991178934, 52.311326238943415 ], [ -3.000563033632588, 52.303894116984999 ], [ -3.012548776158592, 52.279194438396175 ], [ -2.994588063743124, 52.273284426142027 ], [ -2.970362755007522, 52.273952404267646 ], [ -2.965615106564634, 52.262007677832038 ], [ -2.977530820997779, 52.259768601562243 ], [ -3.005831623542008, 52.264255245145762 ], [ -3.045601064656436, 52.253066774624827 ], [ -3.042831469761349, 52.243988814500462 ], [ -3.049206289347623, 52.2388831532175 ], [ -3.073965326423494, 52.234157488610748 ], [ -3.070360239505848, 52.229210344016899 ], [ -3.077284785436237, 52.21905945864151 ], [ -3.072246142464678, 52.214996608312077 ], [ -3.100296050625142, 52.202207522341489 ], [ -3.096342668538488, 52.194716817094523 ], [ -3.097112169054682, 52.180190785061001 ], [ -3.121991717594585, 52.166907918628738 ], [ -3.116898491153018, 52.160456032339269 ], [ -3.090007197322802, 52.157344554142412 ], [ -3.08399463569387, 52.163134967652447 ], [ -3.071564648678927, 52.158195510903781 ], [ -3.082693284948554, 52.148709051632132 ], [ -3.115345590896481, 52.139166994642558 ], [ -3.135962937555965, 52.137827943178451 ], [ -3.141242834828384, 52.129908637837389 ], [ -3.106521478236073, 52.118608902855584 ], [ -3.107193363976959, 52.104655798000671 ], [ -3.122755196825738, 52.102917143954812 ], [ -3.118868187561495, 52.088454736464463 ], [ -3.12580031672791, 52.078280605202089 ], [ -3.111515056936986, 52.06492005377509 ], [ -3.090785594411317, 52.050123062656489 ], [ -3.086274460278888, 52.040273686766533 ], [ -3.099204799314928, 52.022637529662106 ], [ -3.088844886683155, 52.015089956958015 ], [ -3.080715150453157, 51.999808773376024 ], [ -3.068034449205817, 51.983720825412895 ], [ -3.057083212752329, 51.975253432204312 ], [ -3.025949203831571, 51.957221583453958 ], [ -3.008475870955782, 51.937941217589199 ], [ -3.008031876222674, 51.927058400966928 ], [ -2.999025, 51.923458 ], [ -2.976681375742267, 51.927502856300272 ], [ -2.972810817487209, 51.905871641801085 ], [ -2.941973339907952, 51.909595576932624 ], [ -2.908183, 51.921169 ], [ -2.90081064410091, 51.925883988796578 ], [ -2.875454961143347, 51.933105535253176 ], [ -2.859491466813531, 51.927754097857807 ], [ -2.837116996298714, 51.913837147886035 ], [ -2.836357154123671, 51.906212863184621 ], [ -2.820802979174801, 51.905271913700467 ], [ -2.814029112055158, 51.897840968416538 ], [ -2.796655273951534, 51.888308297041867 ], [ -2.768505976771586, 51.880090063153737 ], [ -2.776836351285441, 51.873321886439207 ], [ -2.777866544374521, 51.864845965705896 ], [ -2.769518796885975, 51.862199586765136 ], [ -2.756942879677702, 51.846159424420208 ], [ -2.742735914248045, 51.842915510540728 ], [ -2.729751115526508, 51.858218832812994 ], [ -2.717787733632594, 51.847461480366178 ], [ -2.71625011600024, 51.840821032876732 ], [ -2.694253420048336, 51.83960478236915 ], [ -2.658406860551579, 51.832866545304803 ], [ -2.650408637788579, 51.826112776351955 ], [ -2.635958473627334, 51.841450241519709 ], [ -2.629892413859837, 51.83876143360385 ], [ -2.609354549481455, 51.846826808424041 ], [ -2.598725223164186, 51.85652430060847 ], [ -2.561676014933389, 51.86427236001618 ], [ -2.530798305642219, 51.858868763407102 ], [ -2.518661778936715, 51.861599631519205 ], [ -2.543423284330778, 51.878858148276471 ], [ -2.536823555959786, 51.887725119912822 ], [ -2.507066459226759, 51.88889722093981 ], [ -2.486909548550379, 51.884271392874581 ], [ -2.464791864539398, 51.893045132437344 ], [ -2.446018666467954, 51.894007261798343 ], [ -2.437077634214213, 51.899309894258629 ], [ -2.448143672961533, 51.918633850886003 ], [ -2.46604419604855, 51.927986450708914 ], [ -2.463601629162159, 51.939445615659416 ], [ -2.465579633683531, 51.952416632105908 ], [ -2.488527872418188, 51.959923396004669 ], [ -2.496411332633856, 51.977271138883744 ], [ -2.489188914433448, 51.986977145837656 ], [ -2.471064116801029, 51.994923719566856 ], [ -2.485475303938848, 52.000351269453418 ], [ -2.491389883704997, 52.010431485273301 ], [ -2.472989909038058, 52.023902808494277 ], [ -2.456277259551226, 52.014838809534616 ], [ -2.433685955425637, 52.012247957984016 ], [ -2.436459312423076, 51.996818301223414 ], [ -2.413290172412062, 51.994091499450192 ], [ -2.403038532456986, 51.996112416968408 ], [ -2.395129632959763, 52.003652953865803 ], [ -2.392917765434815, 52.012977530648214 ], [ -2.351336979853346, 52.021302162361671 ] ] ] } },
{ "type": "Feature", "properties": { "hcs_name": "Hertfordshire", "abbr": "Herts", "hcs_county": "Hertford", "hcs_number": 42, "hcs_code": "HTF", "county": "Hertfordshire", "region": "East of England" }, "geometry": { "type": "Polygon", "coordinates": [ [ [ -0.157618392101052, 52.080438370742712 ], [ -0.175298972068892, 52.060798089576785 ], [ -0.194953831956238, 52.062401553594349 ], [ -0.219523716202557, 52.036663269564002 ], [ -0.2012386428704, 52.009829413790357 ], [ -0.213402702615022, 52.008515670481437 ], [ -0.238852777808282, 51.996591353007567 ], [ -0.253668848069522, 51.977745775162383 ], [ -0.271901685384172, 51.97710344314789 ], [ -0.272303700743664, 51.98795974184312 ], [ -0.283887148517792, 52.001795965545497 ], [ -0.300002498421729, 52.000755017412601 ], [ -0.292444735465793, 51.991062934685829 ], [ -0.290658949281908, 51.97425486677016 ], [ -0.310731475215826, 51.978634463818096 ], [ -0.311476299634575, 51.982152279471812 ], [ -0.33926491981995, 51.982600423204389 ], [ -0.356344587149043, 51.985250674159779 ], [ -0.367286840430724, 51.983744173743645 ], [ -0.361779841564913, 51.974338694661967 ], [ -0.351420743563109, 51.973438469381527 ], [ -0.350184696975029, 51.957513191350863 ], [ -0.374611541361568, 51.948816220739488 ], [ -0.382683972843659, 51.950957756321095 ], [ -0.378186046305847, 51.97157128289399 ], [ -0.391356685413839, 51.976901237479836 ], [ -0.400286158883653, 51.964883667979962 ], [ -0.406348250023648, 51.941226122741398 ], [ -0.402821025564822, 51.930319866481142 ], [ -0.389610270706456, 51.925945912569752 ], [ -0.385011300607664, 51.911450225691418 ], [ -0.373909286384437, 51.895312439954246 ], [ -0.3647106819011, 51.894070567025253 ], [ -0.35196978409627, 51.879629168951652 ], [ -0.355238677661517, 51.867251138558331 ], [ -0.349682155621694, 51.857344271342129 ], [ -0.33956679904063, 51.849583367210343 ], [ -0.376138233114346, 51.829612477799195 ], [ -0.398465972519325, 51.837344320519222 ], [ -0.422759609082517, 51.850887205440308 ], [ -0.432714666347295, 51.848103432685782 ], [ -0.467530754242482, 51.872461875408739 ], [ -0.484066865160113, 51.888861348657812 ], [ -0.518410028519456, 51.878464244243887 ], [ -0.5367462989666, 51.879749139979843 ], [ -0.536908672029076, 51.868517170763305 ], [ -0.521094396047516, 51.854441077945651 ], [ -0.496648216545814, 51.844066846188859 ], [ -0.479558750918193, 51.842142427977613 ], [ -0.471169390288511, 51.845486066104776 ], [ -0.460535641340238, 51.836027373116679 ], [ -0.481275569811596, 51.833950873054839 ], [ -0.501844099048944, 51.836813359861061 ], [ -0.505768752282706, 51.829066876735133 ], [ -0.526581354846871, 51.828449256880496 ], [ -0.537626073161216, 51.831474757878247 ], [ -0.543966091765888, 51.824788409352237 ], [ -0.557053123736088, 51.83095645637097 ], [ -0.56796924239472, 51.817005670672117 ], [ -0.551355375747753, 51.799660214344698 ], [ -0.546633725338111, 51.81339955491827 ], [ -0.536930683186698, 51.81415379093891 ], [ -0.519804763465013, 51.800818661251782 ], [ -0.512728010483837, 51.790014597344026 ], [ -0.525568984085288, 51.777679334256362 ], [ -0.547032360458887, 51.783197356856157 ], [ -0.561503118926038, 51.800175486034334 ], [ -0.591659268795171, 51.808132646990231 ], [ -0.597507869825576, 51.814295171770738 ], [ -0.611950757171868, 51.812349762542475 ], [ -0.632970477081686, 51.819946753193186 ], [ -0.645233326978317, 51.815352821864089 ], [ -0.667280738231184, 51.815871582498986 ], [ -0.6903124209075, 51.841277582818172 ], [ -0.686793541692609, 51.84921973244586 ], [ -0.692344766620946, 51.857055326164158 ], [ -0.710475006171886, 51.857841884027714 ], [ -0.731267994786047, 51.84900171633376 ], [ -0.744336027271416, 51.837321391527922 ], [ -0.719194816140049, 51.816134026368445 ], [ -0.709372447671926, 51.820546981221327 ], [ -0.68256789677751, 51.797213500744739 ], [ -0.675926812463318, 51.771199700401517 ], [ -0.642628176900758, 51.753874154313792 ], [ -0.617504822515476, 51.752721837609343 ], [ -0.61356089337443, 51.748414415532999 ], [ -0.5863401005731, 51.752110549468803 ], [ -0.576134968902802, 51.737753866548559 ], [ -0.569367171016212, 51.736182551203157 ], [ -0.555989401715595, 51.743676895332612 ], [ -0.539930358148766, 51.74266888659055 ], [ -0.531552926628981, 51.736071107938606 ], [ -0.545054498425863, 51.724841256885611 ], [ -0.5559317294036, 51.723856498714589 ], [ -0.563411876978286, 51.711836272994312 ], [ -0.548475271093558, 51.70360297763574 ], [ -0.542944922730775, 51.693917461528514 ], [ -0.549241078508694, 51.684637897989603 ], [ -0.547952759967871, 51.677376626213075 ], [ -0.510630518131034, 51.679603128881901 ], [ -0.505050451906494, 51.673059386241704 ], [ -0.514779062090762, 51.660713126373501 ], [ -0.537863221705536, 51.642365967059739 ], [ -0.529944768639105, 51.61691990885317 ], [ -0.519682159106293, 51.60096826316699 ], [ -0.500571749238835, 51.59968129438024 ], [ -0.495373899864935, 51.619017465081384 ], [ -0.497381629861269, 51.6316114909513 ], [ -0.457035985122714, 51.612276551413828 ], [ -0.445361941587008, 51.619689814523511 ], [ -0.401444626356005, 51.613169617509577 ], [ -0.366919334004158, 51.620798647411739 ], [ -0.305864690348441, 51.643871690335651 ], [ -0.289696215389891, 51.641691950996162 ], [ -0.26452279932759, 51.645186206985976 ], [ -0.250151101836967, 51.640007185489821 ], [ -0.228879927293974, 51.636256721450536 ], [ -0.233334284868865, 51.62588636458657 ], [ -0.216353270119105, 51.622980356864417 ], [ -0.205587933747678, 51.625572661654083 ], [ -0.190955659743281, 51.618124574448302 ], [ -0.181353923373321, 51.627916642664331 ], [ -0.18599856655361, 51.639836056323254 ], [ -0.169417428570994, 51.639188461393168 ], [ -0.154491829401518, 51.624130376834856 ], [ -0.141478129333108, 51.617329482170746 ], [ -0.128431523173997, 51.63215783419097 ], [ -0.143401833264122, 51.638927369058351 ], [ -0.154297094644179, 51.65442158587441 ], [ -0.162147285118161, 51.652914944702573 ], [ -0.191577106026142, 51.655174406085699 ], [ -0.221551819777755, 51.652480836024353 ], [ -0.228429035976017, 51.659246672550104 ], [ -0.241474915238955, 51.685341991713457 ], [ -0.244934010105244, 51.701538636617776 ], [ -0.235160133073657, 51.710104311668047 ], [ -0.214377742749971, 51.711058502825757 ], [ -0.184048406256182, 51.706677333811172 ], [ -0.158521086204445, 51.698857183842129 ], [ -0.145603763408578, 51.691596777261296 ], [ -0.116356659442888, 51.692562863345465 ], [ -0.105589884931663, 51.687888339682075 ], [ -0.076592646165089, 51.686516233166309 ], [ -0.062560402054224, 51.682949373027526 ], [ -0.04807559461242, 51.683902271355294 ], [ -0.0114553680093, 51.681177334501633 ], [ -0.020641822297189, 51.688147756120429 ], [ -0.014684802980787, 51.705604477316342 ], [ -0.00833576744565, 51.70971183712355 ], [ -0.015276267995038, 51.717464119361466 ], [ -0.011400351934009, 51.726019416765936 ], [ -0.013515855724137, 51.742207121183533 ], [ 0.000943797120944, 51.745768876813642 ], [ 0.00967121647548, 51.75554275270818 ], [ 0.018942927740503, 51.772342115308163 ], [ 0.053304374617543, 51.780029226630568 ], [ 0.092516951234936, 51.784493144289932 ], [ 0.099176607028723, 51.783212084262523 ], [ 0.130152269392676, 51.796158957407499 ], [ 0.151505871854584, 51.799175916914905 ], [ 0.161703783971591, 51.814459306482611 ], [ 0.163517540523636, 51.822847287633493 ], [ 0.158611344397054, 51.841113179686772 ], [ 0.172851054127099, 51.854427133134237 ], [ 0.174313009136821, 51.863715295719167 ], [ 0.196334970679437, 51.866269632098408 ], [ 0.175117883541034, 51.882759970582967 ], [ 0.183783010881649, 51.892940720249655 ], [ 0.167762042184791, 51.894138652851254 ], [ 0.147039814621704, 51.886730569045326 ], [ 0.129093, 51.883899 ], [ 0.124360638493005, 51.893607996645287 ], [ 0.121866018179935, 51.910841027142723 ], [ 0.124727609074442, 51.923841723807911 ], [ 0.118609715216492, 51.933795451053989 ], [ 0.118380068599299, 51.947302221544902 ], [ 0.106167151366679, 51.96275745135997 ], [ 0.106980373340863, 51.971845896593486 ], [ 0.096392413607691, 51.984293311088891 ], [ 0.076161920734775, 51.980859288585357 ], [ 0.072046, 51.986568 ], [ 0.074411538442929, 52.001180652525235 ], [ 0.059311772720792, 52.014199636288268 ], [ 0.049764051410069, 52.03350341967942 ], [ 0.043039720176053, 52.041502876859006 ], [ 0.039882645146736, 52.053243238507243 ], [ 0.011081954160392, 52.049655337230007 ], [ -0.044763129051583, 52.047664314387092 ], [ -0.067635919947306, 52.041912760605584 ], [ -0.107281898806356, 52.028546683363437 ], [ -0.122368708459811, 52.029615687165382 ], [ -0.13386334960279, 52.046323780435472 ], [ -0.14593627170753, 52.047508079440455 ], [ -0.155191881590816, 52.053173665159733 ], [ -0.147462884853095, 52.069353237741758 ], [ -0.157618392101052, 52.080438370742712 ] ] ] } },
{ "type": "Feature", "properties": { "hcs_name": "Huntingdonshire", "abbr": "Hunts", "hcs_county": "Huntingdon", "hcs_number": 43, "hcs_code": "HNT", "county": "Huntingdonshire", "region": "East of England" }, "geometry": { "type": "Polygon", "coordinates": [ [ [ -0.260772532051639, 52.176411318681403 ], [ -0.253488315109074, 52.172517405178411 ], [ -0.224767087478081, 52.1650843743789 ], [ -0.215906744381011, 52.158998443119486 ], [ -0.189535448038218, 52.169196372818874 ], [ -0.156208469115638, 52.167256263343447 ], [ -0.153434646659554, 52.174600011714887 ], [ -0.137986078879459, 52.184491246043734 ], [ -0.112166718260961, 52.17894873832649 ], [ -0.100432874502925, 52.183260522481071 ], [ -0.108148054702379, 52.206916531955621 ], [ -0.130378675222275, 52.207229429265603 ], [ -0.152855010347366, 52.212023475361761 ], [ -0.172216355087514, 52.199276827014323 ], [ -0.189001043245482, 52.200569296956914 ], [ -0.195583639389885, 52.204478453428258 ], [ -0.189715655551332, 52.214008470446416 ], [ -0.187031341297785, 52.22863799339094 ], [ -0.175170127395302, 52.230380807771304 ], [ -0.155936145066729, 52.22645500787678 ], [ -0.137522081299039, 52.230189627206826 ], [ -0.132226033532763, 52.243294418391258 ], [ -0.157052972730483, 52.254312627820717 ], [ -0.18243248764963, 52.256140160702664 ], [ -0.184162250714414, 52.260725094489118 ], [ -0.175427796266976, 52.280219939124628 ], [ -0.151417513185331, 52.284335014418879 ], [ -0.146570227414546, 52.269749313605239 ], [ -0.131256498849402, 52.257831092322625 ], [ -0.118289554992381, 52.262268750087287 ], [ -0.101750342929354, 52.276886618084205 ], [ -0.085394951697911, 52.27249296139464 ], [ -0.066519548528461, 52.285120246725121 ], [ -0.046456438828661, 52.314677442459441 ], [ -0.031169162611128, 52.316774059200938 ], [ -0.01420358747743, 52.312927332637578 ], [ 0.007849918128836, 52.334041379595895 ], [ 0.009366445484795, 52.341557468448315 ], [ 0.026476069269416, 52.351286937691739 ], [ 0.042911745308644, 52.352540590358039 ], [ 0.051349424280042, 52.358163136577765 ], [ 0.041792599294508, 52.38083780459484 ], [ 0.028142855098486, 52.390018919539514 ], [ 0.027334554472653, 52.405904079709948 ], [ 0.019357599105709, 52.414766093023395 ], [ 0.034056194692306, 52.427263407144189 ], [ 0.022190542016003, 52.433915408393254 ], [ 0.023188507864192, 52.44242329992597 ], [ 0.009159835762129, 52.454406759881664 ], [ -0.001772240710067, 52.454362567790739 ], [ -0.009305016742141, 52.462164657560599 ], [ -0.032434252202815, 52.47307814798792 ], [ -0.040348947136973, 52.482937778723809 ], [ -0.039044107576615, 52.499178003434039 ], [ -0.051412558427595, 52.502421533794454 ], [ -0.051118037431125, 52.508764392134083 ], [ -0.069687612837499, 52.516835144375086 ], [ -0.070876713800923, 52.505874270659298 ], [ -0.090377408837842, 52.496270657720558 ], [ -0.114356377356639, 52.489063134679363 ], [ -0.171070481493386, 52.53149005430199 ], [ -0.189981457115235, 52.539719253553976 ], [ -0.185940347686197, 52.545351591105913 ], [ -0.239514323527398, 52.568168943541892 ], [ -0.265599502550638, 52.568324257454208 ], [ -0.281825333261037, 52.560088415252963 ], [ -0.295735300487492, 52.560482329578868 ], [ -0.309487733271439, 52.572266270585445 ], [ -0.320330754259926, 52.569425408517134 ], [ -0.321055118052958, 52.558391345224997 ], [ -0.33256453428596, 52.552366193021058 ], [ -0.348935424933878, 52.564433713568704 ], [ -0.369334445797015, 52.562975198730655 ], [ -0.387936742795248, 52.568546696833629 ], [ -0.38768936366884, 52.574582766067763 ], [ -0.398764639094186, 52.583282099698749 ], [ -0.415344951761906, 52.579607808738771 ], [ -0.415782232953406, 52.570200391123237 ], [ -0.408813719064901, 52.562090940415807 ], [ -0.419635280627338, 52.558960966815462 ], [ -0.415519335784344, 52.551675592187017 ], [ -0.401983735915888, 52.548142245533661 ], [ -0.400897361925219, 52.539881877467785 ], [ -0.413233444513821, 52.525254403782576 ], [ -0.396920115144965, 52.523779789582704 ], [ -0.37786285192368, 52.510673704685132 ], [ -0.351182818418275, 52.503795776851113 ], [ -0.359369198600978, 52.490249052781877 ], [ -0.350056740019727, 52.482588276988416 ], [ -0.359551592421375, 52.475354454510047 ], [ -0.350598029158034, 52.462958602783182 ], [ -0.374008812265263, 52.436738652188602 ], [ -0.384265157602269, 52.44123901553413 ], [ -0.405088418843569, 52.438736638072129 ], [ -0.387719967853943, 52.420232040642347 ], [ -0.370581584555045, 52.414794364511764 ], [ -0.385065461371026, 52.400709049014992 ], [ -0.402565041897203, 52.407485352252394 ], [ -0.412571419790548, 52.407855772254848 ], [ -0.432911870047225, 52.396268726558318 ], [ -0.442675496269541, 52.384362275293384 ], [ -0.46979073176255, 52.379965764543208 ], [ -0.488505791684429, 52.374050317321853 ], [ -0.499508671965955, 52.366966148738626 ], [ -0.498706784737338, 52.36008436259791 ], [ -0.47734289426714, 52.348422038188637 ], [ -0.483219542254759, 52.340930391072327 ], [ -0.467700427121366, 52.338435399523355 ], [ -0.465305357845736, 52.322961798635781 ], [ -0.451779496383121, 52.317463027958176 ], [ -0.40539814620085, 52.333057012501065 ], [ -0.390122072326709, 52.333686128925052 ], [ -0.405870413262124, 52.320931176193824 ], [ -0.426970298015211, 52.290788724890923 ], [ -0.421763712907931, 52.28496691539322 ], [ -0.375749701332118, 52.280516301980704 ], [ -0.38063828119809, 52.27323817722236 ], [ -0.378363538155349, 52.253358043355519 ], [ -0.373357362537683, 52.233976494743686 ], [ -0.344157450922558, 52.235175620427469 ], [ -0.343406008476597, 52.241901934787627 ], [ -0.32302355985444, 52.243144218199056 ], [ -0.313677293442924, 52.238967615374932 ], [ -0.298470782590161, 52.240997393895917 ], [ -0.272001534070182, 52.239310215064435 ], [ -0.272069197825059, 52.223292581692682 ], [ -0.282771660210281, 52.214190626725909 ], [ -0.272668625309689, 52.207153364221043 ], [ -0.260451336746448, 52.205400668422492 ], [ -0.241052740886985, 52.189737306129402 ], [ -0.260772532051639, 52.176411318681403 ] ] ] } },
{ "type": "Feature", "properties": { "hcs_name": "Inverness-shire", "abbr": "Inver", "hcs_county": "Inverness", "hcs_number": 44, "hcs_code": "INS", "county": "Inverness-shire", "region": "Scotland" }, "geometry": { "type": "MultiPolygon", "coordinates": [ [ [ [ -4.435531718580833, 57.496964213864317 ], [ -4.450060710400015, 57.506439436494432 ], [ -4.45485947792394, 57.497795582251257 ], [ -4.474650852367711, 57.490330697284413 ], [ -4.522916402722688, 57.496196038995507 ], [ -4.521230912657499, 57.501936268281348 ], [ -4.557339577329706, 57.502512137752639 ], [ -4.569098970255752, 57.497351690527523 ], [ -4.59216814459419, 57.498593919762882 ], [ -4.595558464990734, 57.50248285898909 ], [ -4.620784672659011, 57.497039378765699 ], [ -4.66794833071209, 57.4964857148885 ], [ -4.687078917039539, 57.491864943880785 ], [ -4.704149446384161, 57.491261861764428 ], [ -4.731781415426372, 57.457908495275603 ], [ -4.757577734129764, 57.4565965061269 ], [ -4.756279357396453, 57.4721870039048 ], [ -4.767404900795628, 57.489963189535317 ], [ -4.753335466201241, 57.492591854534481 ], [ -4.749622072558342, 57.498717261829626 ], [ -4.769475534104989, 57.500092220563197 ], [ -4.77801476843309, 57.494975879449818 ], [ -4.823572633950102, 57.493471480254286 ], [ -4.828173127266944, 57.47097375742139 ], [ -4.844785733853577, 57.460322282273339 ], [ -4.841094760470478, 57.453912644707763 ], [ -4.851584600144122, 57.442132580200536 ], [ -4.867096240516148, 57.444800497187678 ], [ -4.871412435814647, 57.452961287795958 ], [ -4.885597504930411, 57.446578001377411 ], [ -4.902870964172615, 57.444388093150813 ], [ -4.915077068996002, 57.446972019584763 ], [ -4.954818926332216, 57.449253410732176 ], [ -4.96126423474522, 57.418248196035393 ], [ -4.977919979114011, 57.417469244544193 ], [ -4.98684965292716, 57.409826513028626 ], [ -5.003386509615972, 57.409590286831182 ], [ -5.007451280219882, 57.417503721306083 ], [ -5.023704192597159, 57.425873532183857 ], [ -5.048881428076381, 57.427154829520781 ], [ -5.087258966302386, 57.418133606201266 ], [ -5.098811495930642, 57.408453880534061 ], [ -5.094782570586136, 57.399262668068509 ], [ -5.103755593076331, 57.386650262357726 ], [ -5.095234138248789, 57.365308928233631 ], [ -5.06839670073311, 57.364282320118967 ], [ -5.060047637813493, 57.369295636862788 ], [ -5.03769000177635, 57.359436101688509 ], [ -5.026763317201105, 57.341336095435402 ], [ -5.011478754904452, 57.331269485876781 ], [ -5.032271275873321, 57.323260561387201 ], [ -5.027497716733065, 57.317420085146985 ], [ -5.035535866136361, 57.303252899987292 ], [ -5.059787633314913, 57.298840397262673 ], [ -5.085637521799073, 57.288866669937448 ], [ -5.097868740756083, 57.291398933826152 ], [ -5.120332182885114, 57.285163415145462 ], [ -5.126123502353282, 57.273831507614908 ], [ -5.13945070760314, 57.267074940361773 ], [ -5.158195756407451, 57.265291938331998 ], [ -5.172517495233466, 57.257199748218142 ], [ -5.198593046288437, 57.252495231210986 ], [ -5.231788156936675, 57.253372702174303 ], [ -5.231552694377391, 57.244687918802789 ], [ -5.259309558948114, 57.240360555255407 ], [ -5.267418841737105, 57.226354901782415 ], [ -5.279238861232625, 57.223146139587023 ], [ -5.277208056162839, 57.214345054954919 ], [ -5.251880503284712, 57.215678989679887 ], [ -5.232472798184568, 57.201407864569738 ], [ -5.238008965581578, 57.187565167470353 ], [ -5.254344727760803, 57.176978205180163 ], [ -5.234998584602311, 57.172260912277551 ], [ -5.220135582105217, 57.175262630281942 ], [ -5.206720042376607, 57.186184708501749 ], [ -5.20995417216244, 57.197990824538074 ], [ -5.199919018941216, 57.201367937089678 ], [ -5.182018103360416, 57.195262722103735 ], [ -5.160864601728458, 57.197708797757713 ], [ -5.154741207245271, 57.184025674370837 ], [ -5.133673168412514, 57.181352895294602 ], [ -5.107842880468954, 57.173146043761541 ], [ -5.082984158678762, 57.171393118009391 ], [ -5.080897167670711, 57.131744591691508 ], [ -5.084143435284112, 57.122045061942721 ], [ -5.065799996772251, 57.119753147672498 ], [ -5.04101011721635, 57.108054894914609 ], [ -5.033514295331849, 57.099241285745222 ], [ -5.060376786553253, 57.094647190680085 ], [ -5.11841528908149, 57.104997724702557 ], [ -5.144836391551106, 57.100455633225302 ], [ -5.196952823049952, 57.10977618222924 ], [ -5.19597431177095, 57.121041571004241 ], [ -5.249064675026675, 57.125406499998441 ], [ -5.25833804746846, 57.131062393309385 ], [ -5.280817904914403, 57.134035530496732 ], [ -5.311596659791286, 57.145743323743858 ], [ -5.322903259424869, 57.144491186375632 ], [ -5.350751746691588, 57.148612858264691 ], [ -5.372371723318688, 57.14403409791629 ], [ -5.397856651617759, 57.147489343632699 ], [ -5.397034439282436, 57.154577434144386 ], [ -5.407542262424002, 57.161977066454888 ], [ -5.427695229538562, 57.15920285366451 ], [ -5.443061202067976, 57.160991228768125 ], [ -5.449461406676736, 57.169935124204628 ], [ -5.44450034312553, 57.175233457724765 ], [ -5.455393988209472, 57.187788615945735 ], [ -5.444678515651032, 57.198441854086752 ], [ -5.474146712547256, 57.215988308545221 ], [ -5.478684469351522, 57.22380166606608 ], [ -5.498143695323231, 57.224817663523609 ], [ -5.51567400640382, 57.234523445118569 ], [ -5.533074390549235, 57.237439591021079 ], [ -5.54219232122696, 57.23342380216566 ], [ -5.567484705108277, 57.236017474683166 ], [ -5.591623000686732, 57.232316860356647 ], [ -5.622722164150438, 57.244671757727211 ], [ -5.641242379722852, 57.24579472709987 ], [ -5.650480583292977, 57.240220950628931 ], [ -5.655950745561644, 57.227654669513612 ], [ -5.640606195247406, 57.22603799595516 ], [ -5.623998844453643, 57.21427466939145 ], [ -5.64232925641572, 57.197075117890869 ], [ -5.67587488431784, 57.184390791574913 ], [ -5.687325437308546, 57.168454569838715 ], [ -5.689911508711256, 57.157383063191176 ], [ -5.677547492420623, 57.147843544018194 ], [ -5.655607430244103, 57.142156476171088 ], [ -5.610893160329367, 57.145750536335186 ], [ -5.579165818814547, 57.133886268751922 ], [ -5.564274516017613, 57.134336131515575 ], [ -5.545738511865048, 57.108512938675659 ], [ -5.514292587527906, 57.101589122580918 ], [ -5.500480538030338, 57.104974205882975 ], [ -5.467577049085646, 57.106254034741923 ], [ -5.422773050428783, 57.115546435561818 ], [ -5.431237169380574, 57.105767759806781 ], [ -5.490894380614361, 57.09808156337585 ], [ -5.509537665960918, 57.097425385199806 ], [ -5.518379746052131, 57.081813345885493 ], [ -5.569200362839212, 57.097464355049382 ], [ -5.592009735610551, 57.119197280314403 ], [ -5.635490920278432, 57.123138676837243 ], [ -5.644891264820624, 57.127711175299019 ], [ -5.684365528311297, 57.118792677271905 ], [ -5.721760480767306, 57.118226300163812 ], [ -5.728910661277929, 57.101326708892195 ], [ -5.74575656960715, 57.09105973182465 ], [ -5.756555263497575, 57.090300023671951 ], [ -5.786391471172256, 57.073158670770646 ], [ -5.797167888456712, 57.061669691842482 ], [ -5.78551178246689, 57.048509459838471 ], [ -5.760244021357652, 57.042861154540851 ], [ -5.749037721658102, 57.029306657095937 ], [ -5.736490079484421, 57.035620689948352 ], [ -5.706884022478468, 57.041173953272633 ], [ -5.69189530512739, 57.040179156743562 ], [ -5.673419293028484, 57.033782722317184 ], [ -5.67251972087333, 57.02522232919646 ], [ -5.684323008647114, 57.01857581466524 ], [ -5.662432655220132, 56.994872530181738 ], [ -5.639481576772321, 56.992036673680353 ], [ -5.616962049416106, 56.982881201216948 ], [ -5.584824067013977, 56.992892623340275 ], [ -5.573005680983596, 56.992714106145343 ], [ -5.533035720440106, 57.002059838512679 ], [ -5.509206894658639, 56.996221233860901 ], [ -5.548629558004427, 56.99003727061379 ], [ -5.582058679930896, 56.98109579961028 ], [ -5.608878725047671, 56.982940300983763 ], [ -5.616594419213524, 56.976869796436397 ], [ -5.64077295835438, 56.974034628555017 ], [ -5.678486109671863, 56.979795774592588 ], [ -5.708767142660368, 56.991087622391568 ], [ -5.726979517645016, 57.018066723799762 ], [ -5.820628329780322, 57.011856948909816 ], [ -5.833381211013045, 57.003533234523417 ], [ -5.830988694246995, 56.993984868771442 ], [ -5.84341865545774, 56.989747518003291 ], [ -5.845557540046596, 56.971703526838382 ], [ -5.82708764772464, 56.973492677804472 ], [ -5.823366853309527, 56.964662994294699 ], [ -5.842923308226867, 56.967792436111147 ], [ -5.850833917568658, 56.952825774783278 ], [ -5.866648795781639, 56.935883398442407 ], [ -5.865749430586586, 56.927276654562469 ], [ -5.883047918913803, 56.921328077352626 ], [ -5.870778604939461, 56.909714405302502 ], [ -5.852762358837328, 56.911569470190166 ], [ -5.851299495621673, 56.898614556202212 ], [ -5.862253066780397, 56.895933689615134 ], [ -5.880004443187396, 56.898768284249947 ], [ -5.885785706415776, 56.905219726039931 ], [ -5.904228683423653, 56.89401124050552 ], [ -5.923252905310832, 56.892276920945129 ], [ -5.915589683682339, 56.880760905479001 ], [ -5.887380590075795, 56.874193664671928 ], [ -5.863378656494911, 56.884254716999351 ], [ -5.848577445862253, 56.881120060405038 ], [ -5.82761382798174, 56.888814347350731 ], [ -5.819856769155386, 56.885495981780984 ], [ -5.800790566955202, 56.891990232071151 ], [ -5.756052783820198, 56.893165512049734 ], [ -5.738220799410795, 56.896209606668414 ], [ -5.723525876353659, 56.884924766846162 ], [ -5.745220563797175, 56.884005556698135 ], [ -5.783388783761047, 56.866818134875288 ], [ -5.775173242351608, 56.860696301137594 ], [ -5.754915801287541, 56.85478040733134 ], [ -5.71826173430795, 56.851972357701555 ], [ -5.715803774733404, 56.862912118580518 ], [ -5.68836973514721, 56.880008142994477 ], [ -5.671168989996529, 56.871913592877256 ], [ -5.693486067035551, 56.868379952639145 ], [ -5.703784343947505, 56.862212457180327 ], [ -5.709507917176614, 56.848088275403889 ], [ -5.733797547763979, 56.843128300182336 ], [ -5.763764590190986, 56.847630780147348 ], [ -5.774018706037894, 56.839889455050063 ], [ -5.787849472675779, 56.836579181220223 ], [ -5.808942915354109, 56.837532341252519 ], [ -5.829541296339126, 56.83154683032906 ], [ -5.854875231112247, 56.833396024048135 ], [ -5.860881391497123, 56.829604496402432 ], [ -5.864995747889701, 56.813287488308042 ], [ -5.860220264346224, 56.809339804574734 ], [ -5.823304586051922, 56.801612247148704 ], [ -5.809172737569079, 56.796398440864337 ], [ -5.762928286834677, 56.788106699097959 ], [ -5.783192768662714, 56.78413018045967 ], [ -5.792811153454233, 56.791453363296434 ], [ -5.808436978821751, 56.784390364783789 ], [ -5.82210256908884, 56.786520912988969 ], [ -5.83120123675621, 56.769881007693769 ], [ -5.819231685605726, 56.761170940754639 ], [ -5.786804529872782, 56.745339945573932 ], [ -5.742997026911107, 56.758045674124972 ], [ -5.699501190138458, 56.75089456243871 ], [ -5.678099168956174, 56.750163211402423 ], [ -5.672722845498266, 56.757653811775974 ], [ -5.645782359403147, 56.759009695374075 ], [ -5.64175060707627, 56.764829587499278 ], [ -5.60612572006243, 56.787309053260941 ], [ -5.588088217368139, 56.791205378103129 ], [ -5.544774609697882, 56.809731366479973 ], [ -5.521230771466342, 56.826856653477954 ], [ -5.492462425018464, 56.840619935177799 ], [ -5.468324044754829, 56.8500221541155 ], [ -5.440601310849584, 56.867473061159153 ], [ -5.417203138597973, 56.865231820949028 ], [ -5.416352842920373, 56.876030612004413 ], [ -5.398438362318821, 56.886823164230371 ], [ -5.403013142123569, 56.89772498467763 ], [ -5.384861250413896, 56.91786628732013 ], [ -5.35089826301049, 56.924502565356434 ], [ -5.329570096908916, 56.925350820077689 ], [ -5.327573714367703, 56.932395526286335 ], [ -5.304636660720841, 56.933487517517584 ], [ -5.290390101581139, 56.92812910117226 ], [ -5.284524372339435, 56.93623149687857 ], [ -5.271487139255851, 56.935076704412609 ], [ -5.254143669750732, 56.923193796309143 ], [ -5.241818657552148, 56.931354927630601 ], [ -5.233348969266625, 56.924895876093345 ], [ -5.23910178775726, 56.917973065993543 ], [ -5.256875365935081, 56.913428053652417 ], [ -5.240805928233515, 56.906913047775042 ], [ -5.226165971237039, 56.889435109777914 ], [ -5.194225089562801, 56.886366939877803 ], [ -5.201381353075992, 56.904838169882368 ], [ -5.182001198957451, 56.90765466012612 ], [ -5.187889920542437, 56.917819527894842 ], [ -5.159882841488868, 56.92003626385241 ], [ -5.145020056675722, 56.925454840087326 ], [ -5.133862629434406, 56.923996475337923 ], [ -5.1302716420081, 56.916821393054335 ], [ -5.14172246644902, 56.909023079565763 ], [ -5.143506206166034, 56.89099514988331 ], [ -5.119798514483283, 56.895792643889379 ], [ -5.103998876715933, 56.906139372120705 ], [ -5.087190006075788, 56.901801682877561 ], [ -5.088940485659556, 56.888269631604885 ], [ -5.083304316323618, 56.88464692695382 ], [ -5.04948678874079, 56.885881442743297 ], [ -5.050848404209164, 56.877054427747503 ], [ -5.059935911005479, 56.862824165921097 ], [ -5.082603902013511, 56.848068578615951 ], [ -5.070907563605306, 56.842232876754153 ], [ -5.087074270539461, 56.833631549495408 ], [ -5.089053797355248, 56.834053784734685 ], [ -5.095148429091303, 56.833396325476699 ], [ -5.092044757951606, 56.831155114097598 ], [ -5.100750387062678, 56.824905997456 ], [ -5.122937779615395, 56.812122751523589 ], [ -5.141931989438633, 56.794996794807439 ], [ -5.164267341878373, 56.780578279815046 ], [ -5.170801388145765, 56.771627204704778 ], [ -5.207395168152587, 56.740541780334091 ], [ -5.229095615950383, 56.729423167319055 ], [ -5.239604524664289, 56.718440607825514 ], [ -5.238389734186695, 56.711153879930691 ], [ -5.247257888835449, 56.705423409728098 ], [ -5.230661886904787, 56.70093415648234 ], [ -5.206344454122961, 56.702194841397542 ], [ -5.184659478910345, 56.699545551317456 ], [ -5.172825819582914, 56.692537584941348 ], [ -5.146033458930796, 56.686828862952872 ], [ -5.120620020364102, 56.695190471850566 ], [ -5.096211370392084, 56.700348343564485 ], [ -5.045615574599497, 56.705937022261054 ], [ -5.012956645856057, 56.714242607032403 ], [ -4.992665003863527, 56.713217440166034 ], [ -4.975793516025801, 56.716416578557869 ], [ -4.969594112806988, 56.714419462317629 ], [ -4.938815031837884, 56.709298929317619 ], [ -4.931124484244656, 56.703126205170086 ], [ -4.906451054436443, 56.703052369443995 ], [ -4.884707996500103, 56.705699965458955 ], [ -4.877383936028853, 56.703252366297896 ], [ -4.823166488947604, 56.701693290773839 ], [ -4.796423750995003, 56.704824862222083 ], [ -4.767732386968345, 56.698928489114699 ], [ -4.752562736579913, 56.698840876410195 ], [ -4.726060157658353, 56.707947971659813 ], [ -4.708516877724558, 56.707566174754469 ], [ -4.691326057200511, 56.711281726117846 ], [ -4.662052707287569, 56.712194934352041 ], [ -4.65303031905308, 56.715067891634291 ], [ -4.629012399444843, 56.713895402907418 ], [ -4.606234438462925, 56.708054235813378 ], [ -4.59149069993214, 56.724198215709443 ], [ -4.57777345195279, 56.735205528376405 ], [ -4.586499336451038, 56.758425911175713 ], [ -4.581388479585269, 56.764225760296597 ], [ -4.546802294138004, 56.772382553374058 ], [ -4.549661893190802, 56.781962785174841 ], [ -4.538303589180566, 56.78722731180914 ], [ -4.528536431376927, 56.801333162154577 ], [ -4.509968869789383, 56.802980229862783 ], [ -4.483943027930787, 56.791555121594257 ], [ -4.468436836478906, 56.777818563870653 ], [ -4.435239865995603, 56.777402337725505 ], [ -4.414467979753406, 56.798661008674216 ], [ -4.374387626116506, 56.832171775992826 ], [ -4.352440520620259, 56.827128654185138 ], [ -4.343332116597338, 56.821301586235002 ], [ -4.330741874660178, 56.82389906406555 ], [ -4.329728823123153, 56.836981586103697 ], [ -4.31309793085761, 56.843096066323326 ], [ -4.304196267540723, 56.851486753899493 ], [ -4.279123390626794, 56.849763834752601 ], [ -4.261397416666005, 56.856540970556921 ], [ -4.253110427903508, 56.853381937477629 ], [ -4.227701897642592, 56.857616753783951 ], [ -4.214972683121101, 56.869785824277301 ], [ -4.199197933807851, 56.870513084713608 ], [ -4.191813152343006, 56.877528680743168 ], [ -4.203172367959649, 56.885429518117114 ], [ -4.199557066776778, 56.893509335313709 ], [ -4.184169950188711, 56.908146052160554 ], [ -4.173689663444471, 56.908697247638024 ], [ -4.136204397298364, 56.897352493158536 ], [ -4.088281157487989, 56.893611194924141 ], [ -4.069920749703701, 56.894420041468472 ], [ -4.035324555177302, 56.901015477438293 ], [ -4.024240006594682, 56.89253141989731 ], [ -4.011429838445142, 56.898000257841915 ], [ -3.988317764526553, 56.891738396253551 ], [ -3.969651394060138, 56.898283545984405 ], [ -3.962637933858835, 56.909899137236529 ], [ -3.9702839029215, 56.917450250907677 ], [ -3.965190683349721, 56.935912787161122 ], [ -3.952986648142903, 56.939100636693098 ], [ -3.952018762212633, 56.946340075181745 ], [ -3.938615529573438, 56.948633245594955 ], [ -3.936369299416774, 56.935441586782432 ], [ -3.904019643286774, 56.932268735957784 ], [ -3.895558600012303, 56.922879344337154 ], [ -3.886425219426733, 56.926677320244131 ], [ -3.872538661613784, 56.922681453170561 ], [ -3.855658224703854, 56.922829110935773 ], [ -3.841942511705562, 56.927024417907226 ], [ -3.831115409136415, 56.936182976760193 ], [ -3.801647863819442, 56.935892710726016 ], [ -3.782732004410713, 56.966791563410723 ], [ -3.761449320805072, 56.973601915183622 ], [ -3.758549144225161, 56.986756470016118 ], [ -3.748232562257997, 56.993120661663141 ], [ -3.748709540645621, 57.010239796746831 ], [ -3.744397704245695, 57.016724492875731 ], [ -3.75692809722019, 57.037403146811378 ], [ -3.734600723096525, 57.056398473760957 ], [ -3.746897555913359, 57.057741937690523 ], [ -3.758065470677185, 57.069319442922755 ], [ -3.749696126062605, 57.076192669743548 ], [ -3.714902054448386, 57.079112699484881 ], [ -3.704581971496556, 57.089834037662143 ], [ -3.683694604979947, 57.095252040969278 ], [ -3.677405213347357, 57.102725405194882 ], [ -3.658270903879542, 57.106824320437838 ], [ -3.654698445130557, 57.115915647725622 ], [ -3.640799619127014, 57.116495131908216 ], [ -3.624248529439821, 57.110143730587183 ], [ -3.600905910699693, 57.120441513525755 ], [ -3.598317061780138, 57.128680182922032 ], [ -3.582662804180535, 57.135117035140723 ], [ -3.564452594632606, 57.138474694394361 ], [ -3.559191217734612, 57.149186813128743 ], [ -3.53602669396955, 57.167279993060461 ], [ -3.516437465078218, 57.16525426868256 ], [ -3.493636154348687, 57.174260646896009 ], [ -3.47087480656296, 57.174515792184472 ], [ -3.453616693382409, 57.178360013795732 ], [ -3.451104520134659, 57.186856647907589 ], [ -3.440170076186138, 57.191811524793891 ], [ -3.432101506486383, 57.204176154489943 ], [ -3.446796809032581, 57.212097844362589 ], [ -3.429672077692454, 57.223330884782868 ], [ -3.438291485987633, 57.232230030273826 ], [ -3.448888524437038, 57.231232485615934 ], [ -3.463392692094802, 57.237821047190643 ], [ -3.447815753606362, 57.256489887536162 ], [ -3.450042566764233, 57.265573122742666 ], [ -3.461258103371916, 57.272251879506896 ], [ -3.455914964609644, 57.278380090164461 ], [ -3.464631810967574, 57.289629935745303 ], [ -3.495980374311925, 57.297635790327931 ], [ -3.502070500694472, 57.297393286090674 ], [ -3.542001838603706, 57.312505330521233 ], [ -3.555403670600921, 57.325323522264078 ], [ -3.574413408279638, 57.324843290609657 ], [ -3.592487099716293, 57.317306788604682 ], [ -3.610889795767913, 57.320977561801797 ], [ -3.638651738034571, 57.301400243493099 ], [ -3.653773380548426, 57.293616220883671 ], [ -3.659660279960717, 57.300628048235971 ], [ -3.676034164796565, 57.303940445183912 ], [ -3.674428074953683, 57.315887606029037 ], [ -3.685074107567949, 57.337415886829042 ], [ -3.705184068790933, 57.350244381047212 ], [ -3.728899379795729, 57.350091549167253 ], [ -3.740366287766096, 57.344983533198331 ], [ -3.751426673900673, 57.353121282713545 ], [ -3.777861083148964, 57.353967237742701 ], [ -3.783865068351221, 57.359080063694144 ], [ -3.792389469003494, 57.359285242171602 ], [ -3.809380443253266, 57.347455080123744 ], [ -3.840627446417885, 57.343721799294727 ], [ -3.862954172820389, 57.348880716832355 ], [ -3.876557492897162, 57.357944053538134 ], [ -3.898851793723697, 57.383030075729543 ], [ -3.915901061546537, 57.38456058022976 ], [ -3.928133751907795, 57.397909645918332 ], [ -3.948446137769514, 57.395024386900097 ], [ -3.960295368930741, 57.407714830519268 ], [ -3.956977146483462, 57.417113597749037 ], [ -3.96149716482932, 57.426365559467058 ], [ -3.992537726059224, 57.429556445583259 ], [ -4.006719582799293, 57.427444424909226 ], [ -4.022305479665029, 57.431148789222597 ], [ -4.053683658103598, 57.426566665213137 ], [ -4.067071999617232, 57.435064889111814 ], [ -4.076636403012457, 57.446667760495586 ], [ -4.073972329890373, 57.458191245478822 ], [ -4.062454862920362, 57.468034156677106 ], [ -4.079929859011025, 57.471440299706359 ], [ -4.105805144170486, 57.483764264140042 ], [ -4.065362613463173, 57.501882925609415 ], [ -4.043123503539298, 57.498978366068563 ], [ -4.035823991054058, 57.503313020888413 ], [ -4.014223124714144, 57.496786786447643 ], [ -4.006583525606504, 57.486301149942648 ], [ -4.012385795241317, 57.482977595973438 ], [ -4.004129606781609, 57.456453622398911 ], [ -3.990742296654745, 57.471019347727264 ], [ -3.996175103522123, 57.478813445409813 ], [ -3.97803784027006, 57.483289551256931 ], [ -3.964832294625904, 57.472328065311387 ], [ -3.947303866148965, 57.473231323607216 ], [ -3.96731773392697, 57.501470330781601 ], [ -3.936048485845229, 57.52151538933169 ], [ -3.951280241788902, 57.528238459572634 ], [ -3.978696660305305, 57.519155654560315 ], [ -3.998408842111986, 57.514861384516138 ], [ -4.008077638298627, 57.522007353578708 ], [ -3.997663695947875, 57.527226479657003 ], [ -3.996055054579577, 57.539891592069942 ], [ -3.961565718203051, 57.553394962376338 ], [ -3.961607458783312, 57.560596802195043 ], [ -3.976184585010436, 57.572485545609503 ], [ -3.971202484705604, 57.579700273785612 ], [ -3.985145207445277, 57.587106204058728 ], [ -3.979694253981962, 57.59158806841905 ], [ -4.00225906973411, 57.599140744698779 ], [ -4.018973228782792, 57.598611431617051 ], [ -4.019946632229021, 57.591935484573384 ], [ -4.058073087417227, 57.590918337488461 ], [ -4.059717936386281, 57.582371207479213 ], [ -4.038216467831742, 57.567991193509059 ], [ -4.040713598802733, 57.560149319028831 ], [ -4.051088197980532, 57.55339709399405 ], [ -4.096181365053342, 57.53872612947206 ], [ -4.122218816135816, 57.514758100793763 ], [ -4.149030227970588, 57.516988160787292 ], [ -4.149830585061282, 57.500287051435762 ], [ -4.179380302933519, 57.484963938389207 ], [ -4.219952837951456, 57.496698018803421 ], [ -4.246295849521193, 57.494321084037658 ], [ -4.250811796220367, 57.490663361302104 ], [ -4.282047054743622, 57.482632791439585 ], [ -4.306209217655766, 57.483505624405318 ], [ -4.315703922343658, 57.480107514024191 ], [ -4.329923605929952, 57.484633778374459 ], [ -4.37057796086627, 57.479406263990477 ], [ -4.385143629706044, 57.480999545166618 ], [ -4.393868618458014, 57.490450442926445 ], [ -4.407663004312282, 57.496997144562094 ], [ -4.422880156499191, 57.492375386336761 ], [ -4.435531718580833, 57.496964213864317 ] ] ], [ [ [ -5.648057595022856, 57.254617819842359 ], [ -5.661487240728753, 57.264066758178565 ], [ -5.713066223213463, 57.262587054882523 ], [ -5.723440889368022, 57.272383560844318 ], [ -5.743386156000271, 57.274791297882622 ], [ -5.777870467533034, 57.270533819514085 ], [ -5.811482087305349, 57.256053391974277 ], [ -5.824507621628902, 57.255274974566589 ], [ -5.84505853124075, 57.248636286006771 ], [ -5.869210789094366, 57.246909253656447 ], [ -5.885227098949912, 57.237987485170756 ], [ -5.910608606104698, 57.241786238696825 ], [ -5.904890001268525, 57.252948435488015 ], [ -5.927741056342698, 57.264143711197391 ], [ -5.939221067190671, 57.259220645489705 ], [ -5.971631922266471, 57.269348784072456 ], [ -5.993870883925648, 57.27041895192351 ], [ -6.020080623011158, 57.287516706395799 ], [ -6.059786525624591, 57.273897098294448 ], [ -6.070195254447535, 57.266842695728215 ], [ -6.078694349402255, 57.2764448079635 ], [ -6.046050766296499, 57.290216221465194 ], [ -6.050314868145063, 57.297798528374642 ], [ -6.047883462865962, 57.309139665848207 ], [ -6.069791967411439, 57.314469781807141 ], [ -6.084445717277409, 57.310995021817277 ], [ -6.104970075775695, 57.314899325463344 ], [ -6.100717352054402, 57.325164626697493 ], [ -6.125440363477148, 57.353504274257034 ], [ -6.146211715100462, 57.371033312196943 ], [ -6.135184731575406, 57.372718484744986 ], [ -6.124298651050129, 57.387671040761511 ], [ -6.125151172752695, 57.394877472512441 ], [ -6.141957715759434, 57.40615900902921 ], [ -6.15944662283099, 57.406701418629495 ], [ -6.201381183206596, 57.396830682229336 ], [ -6.188586727130834, 57.414782699266851 ], [ -6.173408331710352, 57.412839460660138 ], [ -6.16765633405795, 57.418891529217667 ], [ -6.150772203213313, 57.424249158076563 ], [ -6.145732380518149, 57.430085088612579 ], [ -6.136385261262618, 57.472238941951339 ], [ -6.143820834789899, 57.505711524298064 ], [ -6.138868957611733, 57.545948721123963 ], [ -6.148301997149381, 57.565903174086529 ], [ -6.13961259903921, 57.583080921057068 ], [ -6.150594271134123, 57.586519289164237 ], [ -6.156722235241314, 57.597478041127452 ], [ -6.167047491544595, 57.603423141853725 ], [ -6.175924297266993, 57.62010660323525 ], [ -6.188922882184233, 57.631532432160569 ], [ -6.205207858338857, 57.637016064454997 ], [ -6.225067233928005, 57.634437470636243 ], [ -6.236077517466643, 57.638358846276617 ], [ -6.239515238295084, 57.656407995022057 ], [ -6.251526523462742, 57.673792028665517 ], [ -6.261116527157741, 57.680910405917714 ], [ -6.276212341973292, 57.68264407627909 ], [ -6.297533256297239, 57.694240973456566 ], [ -6.295538485365883, 57.703477224570285 ], [ -6.307979714907773, 57.707302936207803 ], [ -6.322274404852362, 57.700663350639346 ], [ -6.3417306109247, 57.701466597511683 ], [ -6.348685044859796, 57.694891549044051 ], [ -6.342988921460486, 57.687504415668421 ], [ -6.353353289529879, 57.671478528574966 ], [ -6.378131206720075, 57.660666117702512 ], [ -6.410624121633912, 57.659850716150565 ], [ -6.405914066073914, 57.651536917625187 ], [ -6.421823386109167, 57.64825185352931 ], [ -6.427714963662637, 57.642302832748761 ], [ -6.394174797511566, 57.612550714395098 ], [ -6.3984457374338, 57.595809644918639 ], [ -6.390961008679731, 57.584638709887251 ], [ -6.359427717601683, 57.588947154609095 ], [ -6.384254550816018, 57.563382051159635 ], [ -6.398479210068956, 57.562409728041537 ], [ -6.389763735794445, 57.544367600629606 ], [ -6.37346442585911, 57.5348562045397 ], [ -6.369210286008198, 57.518896348104491 ], [ -6.360916971679643, 57.512231671054501 ], [ -6.33285002041278, 57.4981985279342 ], [ -6.318761528106754, 57.486029718141523 ], [ -6.334136679838591, 57.480573021307237 ], [ -6.347797711802278, 57.482564365366926 ], [ -6.349695891809127, 57.496426082427547 ], [ -6.366329909542113, 57.504106434686115 ], [ -6.375347493494076, 57.501657444768597 ], [ -6.385395891739731, 57.521863857930441 ], [ -6.399458820410365, 57.528622403118099 ], [ -6.406891434611123, 57.523096747181278 ], [ -6.399541900860494, 57.509359460353267 ], [ -6.432742411859833, 57.502248429878854 ], [ -6.42636149752709, 57.513208865341554 ], [ -6.437980937720694, 57.516401950950815 ], [ -6.445677588108903, 57.508791478088881 ], [ -6.461480843374344, 57.503078925670629 ], [ -6.485804578576857, 57.523022600358523 ], [ -6.500210418477038, 57.531853543918864 ], [ -6.528069898182033, 57.540807339973057 ], [ -6.540884575662631, 57.547937315588229 ], [ -6.55042574941475, 57.543761457537833 ], [ -6.565825291968176, 57.549084909379729 ], [ -6.569024637643676, 57.571593745420515 ], [ -6.588785214973117, 57.59349753112771 ], [ -6.598993578748278, 57.595418827046771 ], [ -6.615389144944994, 57.605715177276821 ], [ -6.629695513620927, 57.606274574704365 ], [ -6.638050404929469, 57.600705528311984 ], [ -6.632577771774853, 57.59260450540711 ], [ -6.634125507843017, 57.581421027072771 ], [ -6.647541356833118, 57.554560523228595 ], [ -6.614467756836429, 57.538586109062543 ], [ -6.604340949288757, 57.536303223679525 ], [ -6.585556168690329, 57.522195002152294 ], [ -6.560224128099613, 57.506697989109625 ], [ -6.573693436360701, 57.494037109436405 ], [ -6.594083285270572, 57.508123263605434 ], [ -6.60230069762984, 57.50954110171984 ], [ -6.618546908366971, 57.501565933946353 ], [ -6.636989419741252, 57.504027185011637 ], [ -6.623232682877907, 57.473199404447975 ], [ -6.590555527349506, 57.44899457001727 ], [ -6.61019934896142, 57.444804078228174 ], [ -6.618740739110261, 57.436161420491047 ], [ -6.639676484788555, 57.4427342709565 ], [ -6.654120319842967, 57.455999074255949 ], [ -6.668031403802902, 57.461298011864173 ], [ -6.670175374574086, 57.472783532552242 ], [ -6.685836811782231, 57.483428209032951 ], [ -6.716234559511962, 57.513667655744101 ], [ -6.733015268514886, 57.50907987881272 ], [ -6.748168002501516, 57.500039919343443 ], [ -6.749531530418318, 57.483427576893334 ], [ -6.742952075942365, 57.464600727132719 ], [ -6.72696120016658, 57.456742376500941 ], [ -6.733807365558325, 57.452194008476368 ], [ -6.770791856194418, 57.459126566092216 ], [ -6.780111932569465, 57.458026021155099 ], [ -6.778469399985439, 57.441954584904941 ], [ -6.786309832850641, 57.44035651715199 ], [ -6.783634285737352, 57.428957147447626 ], [ -6.764738639832335, 57.428059976218599 ], [ -6.738247951900006, 57.412226005225605 ], [ -6.729135970093338, 57.395306795634475 ], [ -6.737685532133236, 57.39068485329885 ], [ -6.720291794791398, 57.371927253386552 ], [ -6.697724123807713, 57.367659401070384 ], [ -6.67170036729856, 57.356603376679693 ], [ -6.620117240781175, 57.349291603751482 ], [ -6.593741930980359, 57.336982849742249 ], [ -6.570380145982395, 57.333311079602616 ], [ -6.562050535580142, 57.363048840775811 ], [ -6.569673051848605, 57.377801850652723 ], [ -6.568044696116103, 57.389922957658094 ], [ -6.55598418759718, 57.386288888436802 ], [ -6.545908101070155, 57.39221689689883 ], [ -6.533147961769139, 57.409616310342777 ], [ -6.519836463156749, 57.398042186789574 ], [ -6.517531504350121, 57.390617376701996 ], [ -6.52575632506885, 57.383839995713693 ], [ -6.513721710770897, 57.375833395331732 ], [ -6.497638151981771, 57.388682108339182 ], [ -6.494490590579784, 57.401806769848989 ], [ -6.483121490540663, 57.396425895213504 ], [ -6.488320731044007, 57.388533985686252 ], [ -6.485410816937872, 57.380489954483814 ], [ -6.470451742543766, 57.375258675801533 ], [ -6.480543063634343, 57.365730539664845 ], [ -6.456066141141266, 57.360460786241546 ], [ -6.459242439309457, 57.343598420985899 ], [ -6.446551157144244, 57.348211690683193 ], [ -6.413268804948044, 57.349793806279123 ], [ -6.392160806222848, 57.339536090846977 ], [ -6.359637910010465, 57.32046424245236 ], [ -6.342133033877603, 57.305764692806591 ], [ -6.356541804221134, 57.303030539533957 ], [ -6.369412825991501, 57.316815619272532 ], [ -6.38636175631427, 57.326442423936605 ], [ -6.406675217366275, 57.331488084306109 ], [ -6.415635774447204, 57.336914086415305 ], [ -6.447810340474923, 57.320377291394863 ], [ -6.483235225642996, 57.310459449421657 ], [ -6.481846502388953, 57.291504212977173 ], [ -6.458567565628084, 57.286265160167389 ], [ -6.461608418131468, 57.281194090778619 ], [ -6.450816189764713, 57.261853398993573 ], [ -6.427019016222907, 57.249604807133373 ], [ -6.426021364060918, 57.241365373699509 ], [ -6.40500700200029, 57.232239226765181 ], [ -6.384487661419922, 57.235827458344339 ], [ -6.346524091877715, 57.234149853212621 ], [ -6.353371745193381, 57.227742637220715 ], [ -6.37961290732895, 57.227602223999014 ], [ -6.387432971464177, 57.217021890004901 ], [ -6.373561144014347, 57.202226267305683 ], [ -6.354397895887975, 57.189025375742965 ], [ -6.34430518911627, 57.185252158059754 ], [ -6.328892789718974, 57.187152593953627 ], [ -6.296460599188568, 57.20057087893511 ], [ -6.28531825660142, 57.201245549833466 ], [ -6.283612328541158, 57.190183687636726 ], [ -6.301616891879304, 57.174314072701819 ], [ -6.315239491518422, 57.170378375449239 ], [ -6.305310140002927, 57.161600904905519 ], [ -6.255788131037063, 57.170303587427114 ], [ -6.246632743459835, 57.169723951824885 ], [ -6.209715141768397, 57.177570814797214 ], [ -6.186690186557834, 57.173324344724108 ], [ -6.171143623551058, 57.174787163854518 ], [ -6.164541017335038, 57.182677545611533 ], [ -6.165233415550482, 57.199174175422073 ], [ -6.150660017468662, 57.195984118226534 ], [ -6.145582705557276, 57.188238684574969 ], [ -6.131207649198394, 57.184545383205773 ], [ -6.122869887590322, 57.191523864326733 ], [ -6.112572494108655, 57.190603254788172 ], [ -6.11061363371236, 57.177538508931015 ], [ -6.102537974046111, 57.17026752473484 ], [ -6.112743738420188, 57.136976326878283 ], [ -6.100707903492324, 57.136151668593655 ], [ -6.083057127765225, 57.126967250599627 ], [ -6.068116178336513, 57.140385503841131 ], [ -6.048690842731738, 57.168349493642573 ], [ -6.048581660733443, 57.179550019855107 ], [ -6.03173613685435, 57.181039087414412 ], [ -6.025526181524767, 57.194760926568094 ], [ -6.027719036657205, 57.208536415688044 ], [ -6.011813383039369, 57.206145569909161 ], [ -5.993031783424795, 57.185639414187037 ], [ -5.996116823919179, 57.173446938839334 ], [ -5.981155949183613, 57.16738344143598 ], [ -5.935398672720614, 57.176010403896747 ], [ -5.914027296627153, 57.170471095605109 ], [ -5.896568026219258, 57.1790669977959 ], [ -5.880689692545604, 57.176219449247263 ], [ -5.862749822570911, 57.182213412104012 ], [ -5.856303444259781, 57.1760506344691 ], [ -5.884914573588493, 57.167191498765291 ], [ -5.915848568313433, 57.165239515465714 ], [ -5.932552403622059, 57.157576996914834 ], [ -5.942071119669511, 57.146341355989755 ], [ -5.968361111506378, 57.141076484050728 ], [ -5.995376545275731, 57.126190082190313 ], [ -5.994950859110322, 57.104661549432599 ], [ -6.008047103536128, 57.090338500104053 ], [ -6.006577103917984, 57.072603834589771 ], [ -6.022503515744125, 57.07131316164562 ], [ -6.038022464092313, 57.054952737733736 ], [ -6.017322279284045, 57.020640258792419 ], [ -6.003538803843431, 57.020785790576639 ], [ -5.971626245115182, 57.031929640220561 ], [ -5.922774614801487, 57.043939317229231 ], [ -5.906259590758467, 57.056795426849384 ], [ -5.886612101656858, 57.077407203591342 ], [ -5.870580902379882, 57.086608627533408 ], [ -5.852361128054969, 57.11148330331698 ], [ -5.824153698025346, 57.109193133750779 ], [ -5.812733915174674, 57.119863272668105 ], [ -5.804403188818577, 57.121069714204793 ], [ -5.798665256476699, 57.13231728381519 ], [ -5.8011133060603, 57.14247566704416 ], [ -5.796704587378943, 57.160059189622615 ], [ -5.803810952319049, 57.169144901218296 ], [ -5.802036380307514, 57.176917460935677 ], [ -5.781248351965708, 57.166842680768731 ], [ -5.765397027936798, 57.169801434737202 ], [ -5.712438640550257, 57.186035173461342 ], [ -5.669222840685563, 57.208926222520851 ], [ -5.662997953268095, 57.224922681977077 ], [ -5.665355903119897, 57.238483495970002 ], [ -5.648057595022856, 57.254617819842359 ] ] ], [ [ [ -5.880951601778099, 56.792429789419437 ], [ -5.85130870511717, 56.785936060204477 ], [ -5.809324286640525, 56.794986644775946 ], [ -5.825957575254739, 56.800308004716854 ], [ -5.876500907349331, 56.80865904688936 ], [ -5.884894396843752, 56.797751386836225 ], [ -5.880951601778099, 56.792429789419437 ] ] ], [ [ [ -6.021486170597191, 57.414124107914326 ], [ -6.032311527180855, 57.429356032309677 ], [ -6.026007859030735, 57.44214199199336 ], [ -6.005068142441117, 57.450722881136969 ], [ -5.989854268163842, 57.468978147425112 ], [ -5.978839462988482, 57.493343505112222 ], [ -5.992069830310995, 57.493612653767627 ], [ -6.012442670913648, 57.488743591315895 ], [ -6.020151434021843, 57.479514863941816 ], [ -6.011314864248669, 57.465095063094182 ], [ -6.018625932281802, 57.456566631509496 ], [ -6.055453877770605, 57.46150489012274 ], [ -6.071951961767528, 57.44641415555563 ], [ -6.081409257852791, 57.428928285530532 ], [ -6.084691015648771, 57.415162751392629 ], [ -6.078614240150127, 57.405113395725117 ], [ -6.074330603568137, 57.378873722746754 ], [ -6.083322300761968, 57.368318198519113 ], [ -6.084515733271127, 57.352215529951451 ], [ -6.067866003022814, 57.345649038143961 ], [ -6.06420748068773, 57.332098285255725 ], [ -6.050098857340947, 57.328423885156177 ], [ -6.021413204342651, 57.33321131194662 ], [ -5.992769973890969, 57.358188203630299 ], [ -6.01924791281786, 57.391522716884928 ], [ -6.021486170597191, 57.414124107914326 ] ] ], [ [ [ -5.983636614629865, 57.275775177402423 ], [ -5.962676767426779, 57.273660196409708 ], [ -5.944758879970798, 57.274755174609119 ], [ -5.928379375453825, 57.283478244643426 ], [ -5.919848232061167, 57.300141136058514 ], [ -5.924770069664409, 57.307194200708238 ], [ -5.94121682065655, 57.315086372181732 ], [ -5.97797875325076, 57.323251830916583 ], [ -6.001035803570151, 57.3253339451526 ], [ -6.016053856864014, 57.320457537456512 ], [ -6.022922697695892, 57.304474589200773 ], [ -6.003811138767592, 57.288778476064927 ], [ -5.983636614629865, 57.275775177402423 ] ] ], [ [ [ -6.489001731761982, 57.335963441419246 ], [ -6.493728401816051, 57.345296805363603 ], [ -6.514785856386567, 57.333829279578211 ], [ -6.492463943462262, 57.330411519045654 ], [ -6.489001731761982, 57.335963441419246 ] ] ], [ [ [ -5.970603678749736, 57.524561652368334 ], [ -5.963897476366688, 57.54320547414423 ], [ -5.966570525016901, 57.54696165193954 ], [ -5.955073962264843, 57.564208052955543 ], [ -5.965020514710131, 57.573651526674261 ], [ -5.976625703457232, 57.576702965055816 ], [ -5.989917033347576, 57.56885612806655 ], [ -5.987194244176834, 57.556218986430729 ], [ -5.976316813793521, 57.54982332302059 ], [ -5.997889360427669, 57.527538346699856 ], [ -5.977079591627873, 57.514592400785858 ], [ -5.970603678749736, 57.524561652368334 ] ] ], [ [ [ -5.854992938135645, 57.282399486146389 ], [ -5.870901769898261, 57.275881216517256 ], [ -5.864551661627524, 57.269072653747038 ], [ -5.848166880630198, 57.274831409970176 ], [ -5.854992938135645, 57.282399486146389 ] ] ], [ [ [ -6.25219445636522, 57.142443453246806 ], [ -6.23734179482044, 57.131705602143434 ], [ -6.222437238262574, 57.12906163120455 ], [ -6.203355677554899, 57.136502349026429 ], [ -6.21248577358906, 57.146820701889006 ], [ -6.194412917043051, 57.147638714933734 ], [ -6.179877070704906, 57.158169684573835 ], [ -6.187906083019082, 57.164111052149622 ], [ -6.214363973180751, 57.165121170620388 ], [ -6.220958596663983, 57.157205575918908 ], [ -6.237431420873119, 57.156033288454417 ], [ -6.255956046155444, 57.149546155634717 ], [ -6.25219445636522, 57.142443453246806 ] ] ], [ [ [ -6.177853042149194, 56.876553343725718 ], [ -6.163500736267909, 56.872150290020159 ], [ -6.14408538113668, 56.873147789210115 ], [ -6.116428902883211, 56.88797558952011 ], [ -6.118680009480369, 56.895729434814491 ], [ -6.111692554452461, 56.924426303196149 ], [ -6.1179417014966, 56.934633760599333 ], [ -6.136909148682757, 56.94428520027337 ], [ -6.149687228711765, 56.942305327648661 ], [ -6.162875307881311, 56.934946189759309 ], [ -6.155532366793326, 56.918632313401297 ], [ -6.16177995080734, 56.913599336034679 ], [ -6.185548936174763, 56.915428406256765 ], [ -6.206574853705138, 56.90716255927304 ], [ -6.208454431024469, 56.887885377812871 ], [ -6.177853042149194, 56.876553343725718 ] ] ], [ [ [ -7.053919101673085, 57.882507931778669 ], [ -7.050519191772395, 57.894128368238754 ], [ -7.042730064550319, 57.895392411459795 ], [ -7.027737937943126, 57.887090403271891 ], [ -7.011442555541103, 57.882531609441727 ], [ -6.990304079255665, 57.894382824210531 ], [ -6.988744979443194, 57.908578101419735 ], [ -6.993808430293181, 57.918364963995089 ], [ -7.009085850776212, 57.921891628883806 ], [ -7.029283861359598, 57.918819855348502 ], [ -7.041411899272791, 57.91235938124958 ], [ -7.047447122981425, 57.897696726029096 ], [ -7.074524767194506, 57.894815404700232 ], [ -7.082484908713269, 57.88342495174453 ], [ -7.078890178534672, 57.875979968273697 ], [ -7.053919101673085, 57.882507931778669 ] ] ], [ [ [ -7.123234449613172, 58.007820775715963 ], [ -7.117611315640401, 58.003292450799222 ], [ -7.100653692684224, 58.005464268284243 ], [ -7.09917178510208, 58.011880507212538 ], [ -7.107498876831201, 58.0287309799224 ], [ -7.133753652869053, 58.038109260589223 ], [ -7.17151061188568, 58.028262968428791 ], [ -7.151372006022792, 58.00993000226488 ], [ -7.133555446428863, 58.011052280615914 ], [ -7.123234449613172, 58.007820775715963 ] ] ], [ [ [ -6.906046416314093, 58.049011971400105 ], [ -6.917289953086881, 58.051529807051466 ], [ -6.938846451359469, 58.049180981164014 ], [ -6.964082747320512, 58.043164414508325 ], [ -6.98576252434774, 58.042234063885445 ], [ -7.00947623348601, 58.034521553397255 ], [ -7.028754681268944, 58.031514640575566 ], [ -7.043938992693234, 58.025536460483252 ], [ -7.05984817731626, 58.008721801179192 ], [ -7.070298275873682, 58.01750889579904 ], [ -7.082094303862577, 58.020339150591958 ], [ -7.091833099683684, 58.011416686175963 ], [ -7.089870181823431, 58.003280921364983 ], [ -7.096030434020366, 57.994749634924929 ], [ -7.081734141588465, 57.987280904319938 ], [ -7.079841474424856, 57.967070920254081 ], [ -7.042797817119411, 57.959742633674395 ], [ -7.039818483035717, 57.955950434485686 ], [ -7.017222440549839, 57.953162289816653 ], [ -6.975752573008764, 57.955178760087875 ], [ -6.968952552946623, 57.949894495234012 ], [ -6.943707187242019, 57.950211088576559 ], [ -6.913999200039303, 57.936306104483648 ], [ -6.868930810407686, 57.933263856204597 ], [ -6.858653965996966, 57.916342662362624 ], [ -6.848331067892843, 57.913917372930648 ], [ -6.84449784891449, 57.905192449475123 ], [ -6.851784065956666, 57.899520508832794 ], [ -6.881272119873388, 57.906259652728359 ], [ -6.918940275909873, 57.910798911546728 ], [ -6.939704593547343, 57.902564560259229 ], [ -6.959123354350891, 57.88633006202231 ], [ -6.939844524624899, 57.881733446105933 ], [ -6.918257621587848, 57.873000209152273 ], [ -6.951733008724897, 57.871872024428093 ], [ -6.975092467697777, 57.864761902236253 ], [ -6.995916409291319, 57.866649403801134 ], [ -7.005269168059098, 57.845664306282274 ], [ -7.020050621148868, 57.836357453868139 ], [ -7.036892799158018, 57.833831788622007 ], [ -7.054017775009362, 57.824930267773155 ], [ -7.073735220522233, 57.822585364598837 ], [ -7.081737925022665, 57.832093728406775 ], [ -7.106474505863239, 57.841309863068325 ], [ -7.130765840054001, 57.838496213462861 ], [ -7.12688992531603, 57.825795724197242 ], [ -7.114582814036474, 57.813418441033171 ], [ -7.083656494119644, 57.80682874355891 ], [ -7.072365796581069, 57.790840266644061 ], [ -7.044511431166831, 57.774743368771546 ], [ -7.018305803005552, 57.762582178642802 ], [ -7.010599196062723, 57.75284196452278 ], [ -7.002184138360385, 57.752991193672933 ], [ -6.975091678158396, 57.730008554804463 ], [ -6.963836668946905, 57.737809701767411 ], [ -6.942653184229751, 57.740640527685606 ], [ -6.941372696670286, 57.754801942185338 ], [ -6.900202810026313, 57.763634501724795 ], [ -6.896947610778944, 57.773701444110692 ], [ -6.872946311750606, 57.773895427833232 ], [ -6.884721918340693, 57.790782182561863 ], [ -6.877232604246577, 57.796638956329417 ], [ -6.863128519643747, 57.79443817186327 ], [ -6.863124174599581, 57.812892979994849 ], [ -6.844209660935139, 57.804663951321231 ], [ -6.835554196075543, 57.821416896350883 ], [ -6.823275790039071, 57.812849468042828 ], [ -6.803517326816451, 57.811899200737471 ], [ -6.786949624948053, 57.828982056727646 ], [ -6.760313639181814, 57.8217648074097 ], [ -6.744421641630723, 57.822770935155532 ], [ -6.738320405724177, 57.833937896148406 ], [ -6.761625404360577, 57.850256369826283 ], [ -6.7697348563447, 57.864323662127283 ], [ -6.780834657917715, 57.869986168714682 ], [ -6.803950422747228, 57.867484872285914 ], [ -6.812540667915535, 57.881095969558856 ], [ -6.801215176328699, 57.882848205380199 ], [ -6.793729383664905, 57.892503114447514 ], [ -6.77579955512016, 57.898747028041726 ], [ -6.746389816303816, 57.886718670113623 ], [ -6.734057862297886, 57.887827072137242 ], [ -6.690829049411873, 57.881853786127074 ], [ -6.667934292710707, 57.880215032337233 ], [ -6.664154870159565, 57.885377949426463 ], [ -6.673147788074521, 57.894468880557149 ], [ -6.670055532459916, 57.899853982311043 ], [ -6.699428673698227, 57.911940226850646 ], [ -6.699507895913823, 57.918478153387653 ], [ -6.676237105937648, 57.918471838664274 ], [ -6.683620620120514, 57.930413462909179 ], [ -6.704738034273118, 57.94866134221283 ], [ -6.726733179341753, 57.955322536731515 ], [ -6.721288585882046, 57.961327266917813 ], [ -6.731099927054685, 57.981349495918153 ], [ -6.740244081599418, 57.992234996416919 ], [ -6.754599170352454, 57.992767264917525 ], [ -6.751523161956748, 58.006234852253826 ], [ -6.761844883995075, 58.014708825940509 ], [ -6.787518943202004, 58.015785487370422 ], [ -6.812631572046535, 58.005281614110466 ], [ -6.82674491258632, 58.005758040765755 ], [ -6.869233825039412, 58.017291966363089 ], [ -6.89391557739439, 58.03302524688484 ], [ -6.893522127435689, 58.040354228011935 ], [ -6.906046416314093, 58.049011971400105 ] ] ], [ [ [ -6.64131751241489, 57.856560725212063 ], [ -6.651126548432223, 57.869980976139452 ], [ -6.67782942943554, 57.876907719081672 ], [ -6.706040234284777, 57.879000335339022 ], [ -6.705651119599118, 57.861980482566295 ], [ -6.672275201121854, 57.851702695816371 ], [ -6.64131751241489, 57.856560725212063 ] ] ], [ [ [ -7.077970502270925, 57.767455234523744 ], [ -7.095387525054692, 57.763632112903338 ], [ -7.080074215374239, 57.755665146712829 ], [ -7.070564892874364, 57.759803468077202 ], [ -7.077970502270925, 57.767455234523744 ] ] ], [ [ [ -7.16384490696084, 57.486128804973305 ], [ -7.169227561963563, 57.502126705806099 ], [ -7.183582932423087, 57.502399873452887 ], [ -7.189409856974503, 57.493777968125563 ], [ -7.205725471969675, 57.491119705105646 ], [ -7.187310662795586, 57.479485489375641 ], [ -7.180770273037882, 57.468772870200389 ], [ -7.158998883969515, 57.482800774153553 ], [ -7.16384490696084, 57.486128804973305 ] ] ], [ [ [ -7.224567554908555, 57.499759885579664 ], [ -7.240133655988355, 57.505316962518371 ], [ -7.251532862293846, 57.500056288892445 ], [ -7.275720841330355, 57.498975967523847 ], [ -7.266205951241545, 57.490614403310282 ], [ -7.244423996713889, 57.478448669804585 ], [ -7.230737735329923, 57.479673721124051 ], [ -7.21124562539882, 57.474009497179686 ], [ -7.206268520827934, 57.485628132340373 ], [ -7.216574705521611, 57.48816877671343 ], [ -7.215245679993033, 57.497865571712495 ], [ -7.224567554908555, 57.499759885579664 ] ] ], [ [ [ -7.624497617972453, 57.511078445578697 ], [ -7.614299200031641, 57.511318115853697 ], [ -7.600106664320232, 57.528278181576312 ], [ -7.616836651724834, 57.528099424657377 ], [ -7.626715352777683, 57.517801972262241 ], [ -7.624497617972453, 57.511078445578697 ] ] ], [ [ [ -7.310311774139529, 57.661744147671413 ], [ -7.282402343094946, 57.658503157964574 ], [ -7.284814951695377, 57.666424476129443 ], [ -7.310311774139529, 57.661744147671413 ] ] ], [ [ [ -7.397110197575839, 57.659350364809342 ], [ -7.380613171062335, 57.664282207710741 ], [ -7.3968562017206, 57.670027951820394 ], [ -7.421436435472605, 57.661073199152561 ], [ -7.413747570271815, 57.655559725569709 ], [ -7.397110197575839, 57.659350364809342 ] ] ], [ [ [ -7.298308187530738, 57.70820177353999 ], [ -7.28269070615716, 57.708379254375757 ], [ -7.277096074757096, 57.716527447461786 ], [ -7.300324868684335, 57.717601751004466 ], [ -7.298308187530738, 57.70820177353999 ] ] ], [ [ [ -7.150857111923505, 57.556008178298548 ], [ -7.176699169511355, 57.549329282646021 ], [ -7.228666297699455, 57.552379228438717 ], [ -7.238801928666984, 57.550843881593252 ], [ -7.283683844490591, 57.552897118383925 ], [ -7.276335315970861, 57.562525381043798 ], [ -7.247557866102488, 57.568312043750211 ], [ -7.250547397531836, 57.554032031549767 ], [ -7.235187094788447, 57.553672423996403 ], [ -7.202352417421999, 57.562057394730139 ], [ -7.192739693112543, 57.55952065766887 ], [ -7.172552116046944, 57.564899862259317 ], [ -7.154805870969334, 57.5572952768403 ], [ -7.135007298396219, 57.559170314951992 ], [ -7.117407713129083, 57.566931825224096 ], [ -7.11106085759649, 57.583668722324511 ], [ -7.103991915404973, 57.586892981396879 ], [ -7.112866282204092, 57.596147210192157 ], [ -7.128489882395473, 57.589713346851077 ], [ -7.149901598413003, 57.587692888395438 ], [ -7.164149470839083, 57.594695113935202 ], [ -7.154006546684033, 57.605412972091891 ], [ -7.175806341106783, 57.61188349441106 ], [ -7.178121986438619, 57.61696994060614 ], [ -7.201712735678155, 57.620210007559763 ], [ -7.191372827869115, 57.633443320700742 ], [ -7.210795188816721, 57.639158130065418 ], [ -7.182714863047979, 57.64576216546314 ], [ -7.163797359226629, 57.642430513400406 ], [ -7.167645320527123, 57.633576515872122 ], [ -7.141790615605831, 57.627675893181795 ], [ -7.126349615765788, 57.62971735458796 ], [ -7.120203759461908, 57.617115445163215 ], [ -7.102292944596775, 57.607966676992056 ], [ -7.095400017539665, 57.610332928282297 ], [ -7.087179998821743, 57.622798050045425 ], [ -7.063231229279551, 57.640096660632317 ], [ -7.066573756191822, 57.644267654951335 ], [ -7.09279236039569, 57.647267862976157 ], [ -7.098778485183439, 57.656947503641483 ], [ -7.121359262080021, 57.645505814239073 ], [ -7.138850802840245, 57.643710242883891 ], [ -7.163360967065889, 57.65456841032519 ], [ -7.172525361115889, 57.645447086268504 ], [ -7.185336662239369, 57.657230256094259 ], [ -7.16742829792528, 57.65725418767537 ], [ -7.159212828385777, 57.674011338269501 ], [ -7.189885417127251, 57.687762246108733 ], [ -7.192480909417229, 57.697518989907891 ], [ -7.177506106705803, 57.704074838968992 ], [ -7.173169262619681, 57.717630324291953 ], [ -7.143859189300216, 57.72926002781373 ], [ -7.161397291335765, 57.738643091156071 ], [ -7.178813623552156, 57.738024595482948 ], [ -7.199095895215989, 57.733242141322229 ], [ -7.212586493902864, 57.715953380655357 ], [ -7.228257820197096, 57.704966899165562 ], [ -7.183732064214655, 57.701473989443343 ], [ -7.199218732500917, 57.697064518115148 ], [ -7.236900103175747, 57.681175861023981 ], [ -7.243804677517534, 57.671779838021948 ], [ -7.276507356088294, 57.66251508145232 ], [ -7.261241465566995, 57.656004232340258 ], [ -7.261514284275666, 57.648562506119035 ], [ -7.279496090626563, 57.647282188154669 ], [ -7.291510683449197, 57.6527447551859 ], [ -7.317388288682834, 57.65847430264764 ], [ -7.329901470840243, 57.656575697654638 ], [ -7.33632435531773, 57.663807074221239 ], [ -7.320139620127906, 57.673406811246345 ], [ -7.323484611249248, 57.685285508782222 ], [ -7.338060014897714, 57.678063406310187 ], [ -7.340082710216913, 57.668449996994887 ], [ -7.3545305484569, 57.662162446392259 ], [ -7.371451447848955, 57.660124511740058 ], [ -7.374357798072398, 57.639291710684418 ], [ -7.382750098759432, 57.634749736098648 ], [ -7.403166094173609, 57.638776591788883 ], [ -7.438763025795816, 57.654262861063664 ], [ -7.483744123704316, 57.662918229413485 ], [ -7.497645579047303, 57.641109215105175 ], [ -7.498459046758612, 57.630392208157687 ], [ -7.514332035083764, 57.623725738379612 ], [ -7.521389670381288, 57.603966791418948 ], [ -7.537394908012686, 57.600822238620971 ], [ -7.528776218596056, 57.592304361624478 ], [ -7.493211837592105, 57.584408623013161 ], [ -7.483573215744778, 57.567975192472247 ], [ -7.469220151301856, 57.566721027603975 ], [ -7.444150188699592, 57.569950362107626 ], [ -7.420987409373189, 57.581910236272478 ], [ -7.412672634587768, 57.573578772159209 ], [ -7.392448957008164, 57.563533626453278 ], [ -7.368957088150713, 57.559125149600526 ], [ -7.345340046284224, 57.542106029458985 ], [ -7.365877342703753, 57.541195930929376 ], [ -7.378287100423384, 57.54579748892715 ], [ -7.389299081471656, 57.536920691961456 ], [ -7.389680414801654, 57.530123323607391 ], [ -7.373248735597088, 57.516542415112184 ], [ -7.367002374396886, 57.500897346507131 ], [ -7.348956035103067, 57.511671522575249 ], [ -7.358565663017797, 57.524086506573965 ], [ -7.346212465986586, 57.529795526560477 ], [ -7.345073302169306, 57.541902188081586 ], [ -7.327213497645607, 57.53558238304926 ], [ -7.324283339444343, 57.521128004230654 ], [ -7.327163300844854, 57.512418022372863 ], [ -7.304537619412176, 57.508409151215709 ], [ -7.279069260325943, 57.516098690939501 ], [ -7.247199093333181, 57.507191162175133 ], [ -7.202130248906477, 57.5069793718516 ], [ -7.195358708992677, 57.514187743360601 ], [ -7.172434172445776, 57.509413782012579 ], [ -7.14948426074227, 57.510687922252949 ], [ -7.148335032087132, 57.520425677822907 ], [ -7.132153126289777, 57.537507503449213 ], [ -7.137556854463484, 57.554580927602821 ], [ -7.150857111923505, 57.556008178298548 ] ] ], [ [ [ -7.238088301904996, 57.76029963602695 ], [ -7.222757635480742, 57.76016928359855 ], [ -7.208249154317821, 57.765734898715209 ], [ -7.200775595200222, 57.774631364168165 ], [ -7.214257195296689, 57.784531900805469 ], [ -7.230129770508759, 57.785365563781902 ], [ -7.259045152284897, 57.780260674995368 ], [ -7.26501181048045, 57.770302946728634 ], [ -7.238088301904996, 57.76029963602695 ] ] ], [ [ [ -8.56627674342143, 57.824637888442766 ], [ -8.59271451460315, 57.825638496563379 ], [ -8.598484361253178, 57.819815060792315 ], [ -8.612463173709095, 57.817750412649985 ], [ -8.604789545183682, 57.808044750241606 ], [ -8.581964472458996, 57.804728135381005 ], [ -8.568176224561734, 57.811098988681472 ], [ -8.549716945203928, 57.812652429751125 ], [ -8.56627674342143, 57.824637888442766 ] ] ], [ [ [ -7.19235116539077, 57.394644622165089 ], [ -7.192923031495861, 57.408545779646943 ], [ -7.215409206362593, 57.406462433158936 ], [ -7.233462234624484, 57.391286968215958 ], [ -7.221575533825999, 57.386697648229855 ], [ -7.204082289853819, 57.388886047291223 ], [ -7.19235116539077, 57.394644622165089 ] ] ], [ [ [ -7.336801323590803, 57.485304268569188 ], [ -7.350327509337059, 57.49404724958886 ], [ -7.367682814533953, 57.492242390763735 ], [ -7.378994357358915, 57.474673822584457 ], [ -7.400499734211881, 57.474119636188583 ], [ -7.409941078148274, 57.470380026516359 ], [ -7.400726450957343, 57.459607244516157 ], [ -7.410602036591102, 57.455825256232743 ], [ -7.408721131953148, 57.447696830389802 ], [ -7.395970895772606, 57.442358348745834 ], [ -7.393104934627678, 57.423903269075105 ], [ -7.356150817700436, 57.421984651449677 ], [ -7.315317239825979, 57.400781511971061 ], [ -7.290238135800769, 57.406857212658863 ], [ -7.265581685663316, 57.398787602712588 ], [ -7.271493713692941, 57.410080315669148 ], [ -7.23851501699875, 57.401618152007607 ], [ -7.230022798235369, 57.414340464761416 ], [ -7.205790819720734, 57.415963248487941 ], [ -7.206572821110648, 57.429423866964989 ], [ -7.215999406732611, 57.436272171724454 ], [ -7.247231553648815, 57.436074385982451 ], [ -7.268052498416943, 57.438195407001245 ], [ -7.267133589382198, 57.448897394505792 ], [ -7.242387221660334, 57.446971338453316 ], [ -7.242751333164303, 57.457592436937908 ], [ -7.224593736520977, 57.457524941927957 ], [ -7.208036508585702, 57.461361289647648 ], [ -7.229513092264565, 57.470660561128909 ], [ -7.272314330887634, 57.481160078795703 ], [ -7.28535508148943, 57.478353152738137 ], [ -7.295590892334415, 57.485814587971127 ], [ -7.312867396783864, 57.480795289002664 ], [ -7.337085781459907, 57.480724510752097 ], [ -7.336801323590803, 57.485304268569188 ] ] ], [ [ [ -7.296366133392793, 57.089760745131834 ], [ -7.31072776785587, 57.082790795857953 ], [ -7.304565591138033, 57.072463310971763 ], [ -7.307189699212777, 57.05829352343779 ], [ -7.293863379051603, 57.052694835513464 ], [ -7.28378653338737, 57.058057303087821 ], [ -7.279870632432312, 57.072949221309067 ], [ -7.272430151369613, 57.077497250005187 ], [ -7.269882378693412, 57.090895524019601 ], [ -7.296366133392793, 57.089760745131834 ] ] ], [ [ [ -7.283684602625689, 57.332875512131253 ], [ -7.263586332211327, 57.328072699604853 ], [ -7.241474597302847, 57.334842187818239 ], [ -7.245529173149979, 57.341040055857498 ], [ -7.241982938980523, 57.353313611089312 ], [ -7.266730824198965, 57.361029136145888 ], [ -7.266248278875234, 57.365511972889607 ], [ -7.295770447810572, 57.370519785299763 ], [ -7.282687772618671, 57.384155099000374 ], [ -7.308191017481174, 57.386985196328354 ], [ -7.327854879191855, 57.398582848970889 ], [ -7.34086638731919, 57.402556674643677 ], [ -7.369395438177046, 57.397964842999052 ], [ -7.379271962469921, 57.392782256903914 ], [ -7.389585493843778, 57.399527740608548 ], [ -7.411804504379487, 57.387415512087074 ], [ -7.429352265583239, 57.38383223376551 ], [ -7.412909989008003, 57.370591276409641 ], [ -7.399973060663622, 57.348788976770557 ], [ -7.395103241056408, 57.32933770295287 ], [ -7.400303219588316, 57.310500422591218 ], [ -7.396577554177317, 57.301733069949577 ], [ -7.404848152999303, 57.294320212221493 ], [ -7.420507849836252, 57.288580872329831 ], [ -7.424833546279584, 57.254487028059863 ], [ -7.428425009982095, 57.247626526149098 ], [ -7.443662654084918, 57.239675052378409 ], [ -7.434017371182049, 57.235306922211109 ], [ -7.429588117626948, 57.219685953851311 ], [ -7.42294252632774, 57.215432502147223 ], [ -7.424326519157319, 57.193107390946373 ], [ -7.421069790984871, 57.181382351472223 ], [ -7.408223063039273, 57.162245869147519 ], [ -7.412664560463091, 57.149945064492528 ], [ -7.393179050000443, 57.124103638932816 ], [ -7.392407834304225, 57.113480492703829 ], [ -7.37351929634208, 57.103874761861945 ], [ -7.353179602532012, 57.10177780921461 ], [ -7.314883991156607, 57.102882174304519 ], [ -7.303613051444479, 57.106914377563101 ], [ -7.279059149142117, 57.108176440408158 ], [ -7.257534501847339, 57.099104674759317 ], [ -7.237741042705422, 57.095692887480041 ], [ -7.233365632110758, 57.104096057806288 ], [ -7.214699290691937, 57.111975577590371 ], [ -7.232346827742695, 57.126368884163107 ], [ -7.259581059965014, 57.139403469738745 ], [ -7.289606533893011, 57.142474634229693 ], [ -7.315815771963947, 57.136961076534647 ], [ -7.333278020670779, 57.136294107988569 ], [ -7.349917402941192, 57.150137040618723 ], [ -7.345954838379391, 57.155480690435894 ], [ -7.324373082693804, 57.159563948354155 ], [ -7.31808138231914, 57.151240380323031 ], [ -7.304368353574942, 57.152317195908175 ], [ -7.268408100156811, 57.149717763225382 ], [ -7.256466273237876, 57.153000712729138 ], [ -7.246433110298412, 57.171544997609331 ], [ -7.250094859009883, 57.182675656808414 ], [ -7.265498128553579, 57.194991278503693 ], [ -7.261200648905643, 57.206874785658329 ], [ -7.272879786984009, 57.214855864062109 ], [ -7.290401670516341, 57.213000990915198 ], [ -7.300003182121883, 57.222624300479943 ], [ -7.317882785663871, 57.229839457993144 ], [ -7.337435059181946, 57.223042049587214 ], [ -7.350914937915412, 57.226200396177589 ], [ -7.358756876591963, 57.234199447106022 ], [ -7.344347773843785, 57.238204438506664 ], [ -7.335440964007052, 57.230741226231572 ], [ -7.297708478636475, 57.237182668830691 ], [ -7.302874903226204, 57.225287911324784 ], [ -7.283344805757688, 57.222720718569455 ], [ -7.258773650148447, 57.228978553007053 ], [ -7.261953812151467, 57.23416774184097 ], [ -7.255208343837936, 57.245042340689594 ], [ -7.245221820199425, 57.247894224718749 ], [ -7.253145143403794, 57.260363582679034 ], [ -7.23200055899213, 57.273346616890613 ], [ -7.227432972781463, 57.280888947895896 ], [ -7.203283642043851, 57.280890236623819 ], [ -7.192640636557305, 57.299467541381155 ], [ -7.197290884909116, 57.306019138854488 ], [ -7.220167001265633, 57.30355284022103 ], [ -7.224389009653984, 57.315763428454147 ], [ -7.283684602625689, 57.332875512131253 ] ] ], [ [ [ -7.614356423796208, 56.785303205307528 ], [ -7.643602406795893, 56.789924416735474 ], [ -7.641643849846334, 56.779261598954413 ], [ -7.623160826672734, 56.780868494736026 ], [ -7.614356423796208, 56.785303205307528 ] ] ], [ [ [ -7.618939851221661, 56.819407153719929 ], [ -7.620593521407425, 56.828283756718079 ], [ -7.655168253606539, 56.818431708045814 ], [ -7.654128881422519, 56.811357224845388 ], [ -7.665645495810322, 56.801417463990468 ], [ -7.641936009858622, 56.796390649870631 ], [ -7.620343541765831, 56.805095492384233 ], [ -7.629056916673411, 56.811245990582393 ], [ -7.618939851221661, 56.819407153719929 ] ] ], [ [ [ -7.5645100830001, 56.858249488065908 ], [ -7.578874835932476, 56.861550500848892 ], [ -7.591336110342429, 56.858736770852879 ], [ -7.59214253742143, 56.848237461726853 ], [ -7.57043680805959, 56.847442050485064 ], [ -7.5645100830001, 56.858249488065908 ] ] ], [ [ [ -7.508315559514046, 56.900791454886466 ], [ -7.532486144713288, 56.901623986272561 ], [ -7.532982200984792, 56.888722605087338 ], [ -7.504452276805, 56.881297048363272 ], [ -7.496722910677051, 56.890152428585573 ], [ -7.508315559514046, 56.900791454886466 ] ] ], [ [ [ -7.450950070491526, 57.05814372046315 ], [ -7.455772911703046, 57.053372031123416 ], [ -7.447477999794931, 57.041255464670506 ], [ -7.45531407284979, 57.026039699993781 ], [ -7.480205328497759, 57.015451785232422 ], [ -7.501337591697186, 57.013119575223257 ], [ -7.50715289693304, 57.003048778662368 ], [ -7.51379198688765, 56.979176289294074 ], [ -7.525254674361248, 56.971921268084145 ], [ -7.540204811830791, 56.973323585188993 ], [ -7.556064320726494, 56.968171879345597 ], [ -7.555752225914247, 56.960449987660887 ], [ -7.569172224903015, 56.949122822806039 ], [ -7.564200289953394, 56.941257990947612 ], [ -7.572859225123403, 56.93359431678828 ], [ -7.541984947178479, 56.926998847320625 ], [ -7.559393240768229, 56.92251835089543 ], [ -7.549220810724806, 56.909205348360778 ], [ -7.532307426612029, 56.913901555585248 ], [ -7.519599104897385, 56.91148809396357 ], [ -7.50225003443617, 56.92148961572223 ], [ -7.532195617698481, 56.920467197997148 ], [ -7.535338593834719, 56.924720542369109 ], [ -7.517698270493781, 56.933792285148968 ], [ -7.530552610758466, 56.937318965941685 ], [ -7.531264788618238, 56.94742752079226 ], [ -7.503912257765705, 56.946458849041498 ], [ -7.491355644105332, 56.955627691751033 ], [ -7.483172092514865, 56.946388040097517 ], [ -7.45886699774399, 56.946585057026162 ], [ -7.430492208230274, 56.952953796045428 ], [ -7.443279400711678, 56.960190080873375 ], [ -7.429658114258276, 56.965856132646941 ], [ -7.418538261095144, 56.976069861749338 ], [ -7.397013484702022, 56.981441503728504 ], [ -7.378124859937184, 56.9819557415614 ], [ -7.379004687272761, 56.990089172276555 ], [ -7.411046273480743, 57.002639032783307 ], [ -7.402192720121027, 57.008130143743131 ], [ -7.445929189089404, 57.019841671582988 ], [ -7.449270015331367, 57.023636446096589 ], [ -7.43226712978022, 57.030864678116735 ], [ -7.420404596531375, 57.044829938810139 ], [ -7.444761295032297, 57.050524509754531 ], [ -7.450950070491526, 57.05814372046315 ] ] ], [ [ [ -7.38820697741509, 57.060215441318853 ], [ -7.402830003427124, 57.047781087810002 ], [ -7.388117147917864, 57.042373615653531 ], [ -7.371453661656955, 57.051856769605124 ], [ -7.38820697741509, 57.060215441318853 ] ] ] ] } },
{ "type": "Feature", "properties": { "hcs_name": "Kent", "abbr": "Kent", "hcs_county": "Kent", "hcs_number": 45, "hcs_code": "KNT", "county": "Kent", "region": "South East England" }, "geometry": { "type": "Polygon", "coordinates": [ [ [ 0.050030802041125, 51.142647127148258 ], [ 0.070509404405991, 51.139683073656144 ], [ 0.103351343415416, 51.142579785479406 ], [ 0.118574723704872, 51.146461224858655 ], [ 0.139156640520814, 51.146752201530397 ], [ 0.157178856619909, 51.14069071873449 ], [ 0.151151765371813, 51.130981600023219 ], [ 0.152327244864006, 51.122455179204451 ], [ 0.17170111766759, 51.115407734772049 ], [ 0.199632505329469, 51.116950015131586 ], [ 0.225367507858372, 51.124360379577318 ], [ 0.252576676699882, 51.124139248231437 ], [ 0.268542619154049, 51.119247796550319 ], [ 0.284794192303163, 51.117603324292254 ], [ 0.310642668403704, 51.119353499753707 ], [ 0.325975508294983, 51.122638160481294 ], [ 0.324729912644658, 51.114205499921496 ], [ 0.334711450093469, 51.106295920592977 ], [ 0.363193022382148, 51.105244636399334 ], [ 0.386062851380306, 51.099028935705739 ], [ 0.39144882639308, 51.101411606277736 ], [ 0.422376883674696, 51.10454468820754 ], [ 0.422514215876512, 51.099128520001834 ], [ 0.407589472635581, 51.088906170021843 ], [ 0.406204318714196, 51.080732936866333 ], [ 0.397805930427662, 51.070785411273427 ], [ 0.420232351655945, 51.061175889429819 ], [ 0.451830349628766, 51.058088252498443 ], [ 0.47141529617813, 51.049044516600652 ], [ 0.466341879645462, 51.036341653197091 ], [ 0.478022947366999, 51.029057648339162 ], [ 0.496556860750993, 51.030551606226226 ], [ 0.508426739386477, 51.024128054423109 ], [ 0.53750700223993, 51.021650375905011 ], [ 0.541657415964212, 51.011169093670368 ], [ 0.561911344911716, 51.007775645694082 ], [ 0.571414595813095, 51.003426968251027 ], [ 0.596936384647403, 51.008918245754309 ], [ 0.629003195283158, 51.017817487005765 ], [ 0.636328820191576, 51.012053568503028 ], [ 0.663828244902302, 51.016676009844637 ], [ 0.68217600007332, 51.000523700229664 ], [ 0.708488680913103, 50.99772637727547 ], [ 0.741177265851636, 51.00063362227305 ], [ 0.77826108480345, 50.991025791239309 ], [ 0.777008434129947, 50.984845775452328 ], [ 0.804736604566371, 50.955628123025363 ], [ 0.841368250746792, 50.93218291978706 ], [ 0.83627647325977, 50.926661433162231 ], [ 0.8985322255249, 50.917100776838751 ], [ 0.942099617411553, 50.911887122870887 ], [ 0.970638600300298, 50.910991575227108 ], [ 0.981053317549078, 50.91524688979041 ], [ 0.980415576511553, 50.921413093149951 ], [ 0.96649188245632, 50.951082889801761 ], [ 0.964107522646878, 50.968532061122637 ], [ 0.975454398975635, 50.999213199524121 ], [ 0.983047857677245, 51.011682485378962 ], [ 1.004975563307112, 51.03052895624144 ], [ 1.040343818864269, 51.051059834249074 ], [ 1.07720350262691, 51.063870158955041 ], [ 1.100853050275743, 51.068488084566589 ], [ 1.140857133932955, 51.072603346242893 ], [ 1.16925805467223, 51.07354497418104 ], [ 1.200599036777109, 51.084191718115328 ], [ 1.201725737799324, 51.089269110430266 ], [ 1.226203447180423, 51.099519175375079 ], [ 1.267623681580257, 51.101751775023203 ], [ 1.313994189381821, 51.114522357296885 ], [ 1.316672916368646, 51.123142625348294 ], [ 1.328957113435673, 51.123259731791094 ], [ 1.342804729951132, 51.130961771500893 ], [ 1.367299464108675, 51.13693377017033 ], [ 1.379629758597874, 51.142204079237786 ], [ 1.394582143159156, 51.156402340436635 ], [ 1.405298663796894, 51.174719736571454 ], [ 1.405011973742273, 51.228356859084663 ], [ 1.399007616934598, 51.247092166878829 ], [ 1.381723935448947, 51.279050920526963 ], [ 1.372957650811353, 51.307327779345627 ], [ 1.361683266905648, 51.319552045133669 ], [ 1.37761872490607, 51.329590688840753 ], [ 1.399275621202759, 51.326058295323712 ], [ 1.424686570806858, 51.331345710178923 ], [ 1.441452011834287, 51.34913434036082 ], [ 1.449500947336026, 51.37748062446726 ], [ 1.437583318659923, 51.3882528050041 ], [ 1.418899567591825, 51.391631285536633 ], [ 1.388612475460903, 51.39280926219638 ], [ 1.377116667751247, 51.387891793877976 ], [ 1.353582517858827, 51.387069014030871 ], [ 1.331734658473039, 51.382656624429799 ], [ 1.290653506686134, 51.382765755155134 ], [ 1.280687075198213, 51.378333223020611 ], [ 1.250226430384402, 51.377017817178718 ], [ 1.212788557587253, 51.380117097404181 ], [ 1.199239410537253, 51.379829818401042 ], [ 1.170068669518231, 51.374866742100991 ], [ 1.147101185774444, 51.373042891730599 ], [ 1.098948638532212, 51.372619724095784 ], [ 1.095223143203073, 51.368637717512783 ], [ 1.067456933064175, 51.369085633719187 ], [ 1.05971801151736, 51.365828864506611 ], [ 1.032901079305276, 51.365511026019398 ], [ 1.012524737561474, 51.352257400193771 ], [ 0.944330344974904, 51.381053036310114 ], [ 0.938233769278811, 51.389614665195566 ], [ 0.909970859043076, 51.407324515751178 ], [ 0.90091676042186, 51.416879771663297 ], [ 0.883694155941497, 51.421319226597667 ], [ 0.82004471016527, 51.42647016054817 ], [ 0.788264547279363, 51.440206757812078 ], [ 0.772771146139146, 51.440393544583216 ], [ 0.743168304883557, 51.447138000849868 ], [ 0.721919348994323, 51.456549599559267 ], [ 0.700288367864964, 51.4725870592045 ], [ 0.678136782125919, 51.474418207109025 ], [ 0.677851593525177, 51.499876502443144 ], [ 0.614244615558854, 51.499343957905488 ], [ 0.575050086679952, 51.500865390464575 ], [ 0.549374690956918, 51.503549492649135 ], [ 0.502129919151706, 51.499403411610224 ], [ 0.476832394737911, 51.49592668928269 ], [ 0.458989439163855, 51.486360295451711 ], [ 0.443101721046822, 51.458494976872714 ], [ 0.431070308100619, 51.452457608261547 ], [ 0.40090724171084, 51.448173639024525 ], [ 0.355994521615396, 51.448342985036369 ], [ 0.337412891473985, 51.450665676991889 ], [ 0.321925518424393, 51.466664660376587 ], [ 0.3057642622774, 51.4697970658776 ], [ 0.287887593805291, 51.458773450843509 ], [ 0.276580724056614, 51.457850876342235 ], [ 0.243981819947742, 51.470849052968241 ], [ 0.222265227392706, 51.483082191973047 ], [ 0.209690135430839, 51.48583328566621 ], [ 0.184532089825871, 51.485167761933283 ], [ 0.171606633749501, 51.504805619378132 ], [ 0.128086922732526, 51.51581828515031 ], [ 0.110571558304144, 51.511842214881007 ], [ 0.080426086394004, 51.512377012653324 ], [ 0.053281682259435, 51.496856095578963 ], [ 0.021367000766938, 51.496771960421363 ], [ 0.007698564921912, 51.505498143473538 ], [ -0.00450304644923, 51.503151923617878 ], [ -0.000958, 51.488911 ], [ -0.017561929530618, 51.484740027064703 ], [ -0.029907528692039, 51.493977166594867 ], [ -0.045749337448053, 51.490161098907677 ], [ -0.035849486986556, 51.473232450769189 ], [ -0.042663998406059, 51.459551419307623 ], [ -0.073692716428639, 51.425083354596026 ], [ -0.04608491488574, 51.414031745631981 ], [ -0.064421620960759, 51.402029538019256 ], [ -0.059321029872289, 51.396949465721057 ], [ -0.036403015186736, 51.388402898345582 ], [ -0.026519678610218, 51.381693909165243 ], [ -0.022782182710912, 51.366333586033612 ], [ -0.005331004977503, 51.352721240946742 ], [ 0.016672744840206, 51.287961135950823 ], [ 0.025226979277888, 51.302413950505489 ], [ 0.032922562531155, 51.307542680556601 ], [ 0.044273092403535, 51.298587069440089 ], [ 0.048206640045123, 51.285555196123646 ], [ 0.045336749585477, 51.277924732219581 ], [ 0.057438443057999, 51.244086923828426 ], [ 0.042344356982308, 51.22747643230479 ], [ 0.043140464303933, 51.220164014626839 ], [ 0.033549313074327, 51.211157782794459 ], [ 0.045189062291065, 51.188609053379345 ], [ 0.052582900674732, 51.180106564563232 ], [ 0.046325644560842, 51.172833188273358 ], [ 0.04746030129641, 51.161555021765146 ], [ 0.05471968590679, 51.150376336901111 ], [ 0.050030802041125, 51.142647127148258 ] ] ] } },
{ "type": "Feature", "properties": { "hcs_name": "Kincardineshire", "abbr": "Kincar", "hcs_county": "Kincardine", "hcs_number": 46, "hcs_code": "KNC", "county": "Kincardineshire", "region": "Scotland" }, "geometry": { "type": "Polygon", "coordinates": [ [ [ -2.431629443437393, 56.752763393381969 ], [ -2.396182231956631, 56.775212657977917 ], [ -2.375715627614319, 56.777186742634797 ], [ -2.358616247095394, 56.787001383843076 ], [ -2.326341454621499, 56.795975888995542 ], [ -2.308195946146775, 56.807115906903576 ], [ -2.289569940031577, 56.827642594017668 ], [ -2.277254288425647, 56.829731466084787 ], [ -2.275400067135787, 56.841219903225593 ], [ -2.256699184681727, 56.847336451204917 ], [ -2.21346403339856, 56.883993574186889 ], [ -2.214949805290791, 56.895425642499923 ], [ -2.196577058969856, 56.908825334726878 ], [ -2.201011080856492, 56.92283866801472 ], [ -2.196678634255304, 56.927186734558255 ], [ -2.199784357411372, 56.949314601697267 ], [ -2.2067058965757, 56.967008549537823 ], [ -2.187495707866143, 56.978676106498128 ], [ -2.176471671412144, 56.995734871950241 ], [ -2.170131904361053, 56.999026168828102 ], [ -2.161413012469185, 57.017857677501461 ], [ -2.147667864998742, 57.023762874916258 ], [ -2.121182565701181, 57.043345148243091 ], [ -2.122872214246942, 57.048455953443259 ], [ -2.10532432624318, 57.057173585240108 ], [ -2.106606267738372, 57.06209880495198 ], [ -2.093115892835388, 57.067981730716951 ], [ -2.091131366397117, 57.080836836685009 ], [ -2.063806110730326, 57.107414684481917 ], [ -2.050876008193291, 57.130051225787057 ], [ -2.065949530675511, 57.143146951223194 ], [ -2.077688065532723, 57.140164122829738 ], [ -2.092813973161701, 57.143158484803891 ], [ -2.095686375279106, 57.130647219575259 ], [ -2.113573567260911, 57.1280816727512 ], [ -2.12376827086034, 57.11909743861915 ], [ -2.161192783120061, 57.112906294684585 ], [ -2.173550308567906, 57.113739675296607 ], [ -2.18573371128932, 57.108341729256082 ], [ -2.243110914250298, 57.092519316180677 ], [ -2.26079475705911, 57.09439370260268 ], [ -2.261556476883004, 57.08500101412011 ], [ -2.27408599259589, 57.078495427510418 ], [ -2.294250582751625, 57.079202823534914 ], [ -2.324298092329553, 57.073521253879569 ], [ -2.353947793872216, 57.070868199209826 ], [ -2.369291670465099, 57.061448779498605 ], [ -2.3932723080406, 57.061235073733293 ], [ -2.397805023224941, 57.069680545896396 ], [ -2.371780340938386, 57.077582567401549 ], [ -2.386023707238404, 57.099315724032664 ], [ -2.387589880055323, 57.110160830450965 ], [ -2.426622257258709, 57.10787441258892 ], [ -2.450592411581872, 57.10202872674234 ], [ -2.477902519569207, 57.106720984617816 ], [ -2.482881122278815, 57.1113132507747 ], [ -2.499316576704869, 57.109857019131866 ], [ -2.536976437041199, 57.117721062760005 ], [ -2.541819243965764, 57.111359342540815 ], [ -2.534375778440735, 57.096715439182091 ], [ -2.551043130798119, 57.088368691024563 ], [ -2.57615736318269, 57.091135182720045 ], [ -2.573464806287548, 57.083005041596742 ], [ -2.580665690447562, 57.075133719970417 ], [ -2.579993742431352, 57.065357270942222 ], [ -2.606688176162343, 57.065618936723439 ], [ -2.613716334693186, 57.058590650033381 ], [ -2.600057803347098, 57.049521211608351 ], [ -2.60136076254823, 57.034841987837531 ], [ -2.591315130595151, 57.022776989035492 ], [ -2.61559371370089, 57.001111745910613 ], [ -2.636729626149985, 56.999752698461485 ], [ -2.660348852596141, 56.985861290148542 ], [ -2.681170219987378, 56.982691114605736 ], [ -2.707922587343154, 56.972736880281666 ], [ -2.715718282495501, 56.975233695114511 ], [ -2.737656168311651, 56.97313214959614 ], [ -2.757449140022375, 56.964071546567247 ], [ -2.761399924932706, 56.957681723825999 ], [ -2.740017037629879, 56.94849864466093 ], [ -2.725218341503396, 56.92629703838719 ], [ -2.710683039497492, 56.924533191436474 ], [ -2.686788611851202, 56.91531602182652 ], [ -2.679751247078993, 56.908782923034707 ], [ -2.681140322832944, 56.888307601154686 ], [ -2.661142454259324, 56.885732052686883 ], [ -2.667756807600727, 56.850253167653129 ], [ -2.666075784830291, 56.83464101141216 ], [ -2.651411346538609, 56.823167090361594 ], [ -2.64449048843751, 56.812098529189242 ], [ -2.63074959612611, 56.808116844377949 ], [ -2.616065607822825, 56.788469437615781 ], [ -2.606406912981242, 56.785246684980557 ], [ -2.591836390561308, 56.788271678553834 ], [ -2.569901472557902, 56.785484913491565 ], [ -2.555467760293745, 56.78665781282384 ], [ -2.539928917069129, 56.781980955797557 ], [ -2.531644981838295, 56.785667035754329 ], [ -2.515384733183173, 56.775457961127543 ], [ -2.481097686670537, 56.763984100458025 ], [ -2.468659781213292, 56.748029238321898 ], [ -2.459957096291945, 56.74482613730224 ], [ -2.440137729801608, 56.757237075180882 ], [ -2.431629443437393, 56.752763393381969 ] ] ] } },
{ "type": "Feature", "properties": { "hcs_name": "Kinross-shire", "abbr": "Kinross", "hcs_county": "Kinross", "hcs_number": 47, "hcs_code": "KNR", "county": "Kinross-shire", "region": "Scotland" }, "geometry": { "type": "Polygon", "coordinates": [ [ [ -3.537170393398128, 56.158220078961016 ], [ -3.524459749636831, 56.146604633105312 ], [ -3.499150401327055, 56.149804576278058 ], [ -3.478614595477825, 56.146885007302842 ], [ -3.445518872179872, 56.147190517114531 ], [ -3.415749699545924, 56.138510106242109 ], [ -3.370230289166501, 56.146121013167047 ], [ -3.366576364402339, 56.155020055632214 ], [ -3.371714551415437, 56.164406569035869 ], [ -3.339373963020229, 56.173911458660321 ], [ -3.32429945411496, 56.171891491397311 ], [ -3.316407197344706, 56.166491869464167 ], [ -3.267772757213247, 56.169719140737129 ], [ -3.273572755215948, 56.173365372275143 ], [ -3.307199088871217, 56.18033996676234 ], [ -3.297202428520986, 56.188006444308108 ], [ -3.273011381076246, 56.19511644990385 ], [ -3.260953347915392, 56.196135305341741 ], [ -3.273623282842479, 56.207768717691145 ], [ -3.275297759578208, 56.223665558672337 ], [ -3.290256112908146, 56.224995854859841 ], [ -3.302615838213013, 56.236138253227189 ], [ -3.317096054148728, 56.239605137767214 ], [ -3.329304680193852, 56.237344053579982 ], [ -3.35758216119228, 56.240769592140708 ], [ -3.355449395769517, 56.25378034457713 ], [ -3.360476484640099, 56.258683680599539 ], [ -3.383088904396792, 56.265325824580103 ], [ -3.401273146442983, 56.278929293148472 ], [ -3.428271249133954, 56.278247937873864 ], [ -3.452786608125951, 56.286481892310256 ], [ -3.469426660371687, 56.260815657076165 ], [ -3.48389963835473, 56.257484572260267 ], [ -3.511388776406918, 56.277298633173586 ], [ -3.542647900681695, 56.265651048622992 ], [ -3.541092698039539, 56.253424836387886 ], [ -3.564280915093522, 56.251092556106038 ], [ -3.573631603219128, 56.24356711576128 ], [ -3.586480908756089, 56.246625433403892 ], [ -3.59574782208337, 56.241299839894971 ], [ -3.588629458400368, 56.226512947729042 ], [ -3.551336367671793, 56.213040371937957 ], [ -3.543588026448784, 56.205856952705702 ], [ -3.561721619415676, 56.199099795108289 ], [ -3.567566789915674, 56.191364895433686 ], [ -3.556322932327981, 56.18897052318728 ], [ -3.568142686060008, 56.177017762858164 ], [ -3.519166843705886, 56.183598188495758 ], [ -3.490978118316079, 56.174349054535718 ], [ -3.525858679681206, 56.160350881057603 ], [ -3.537170393398128, 56.158220078961016 ] ] ] } },
{ "type": "Feature", "properties": { "hcs_name": "Kirkcudbrightshire", "abbr": "Kirkcud", "hcs_county": "Kirkcudbright", "hcs_number": 48, "hcs_code": "KCB", "county": "Kirkcudbrightshire", "region": "Scotland" }, "geometry": { "type": "Polygon", "coordinates": [ [ [ -4.112451128376613, 55.305403702792617 ], [ -4.116392016740466, 55.299576010832432 ], [ -4.130557753291646, 55.296003232509179 ], [ -4.145139090768813, 55.283749599255181 ], [ -4.173552160873866, 55.295650527313413 ], [ -4.195092057715577, 55.3147917303207 ], [ -4.206988089877303, 55.318531897310478 ], [ -4.217059738183056, 55.316044337333864 ], [ -4.239939889217479, 55.321219547849971 ], [ -4.249211868411809, 55.30642447761354 ], [ -4.272375101331874, 55.309945800507997 ], [ -4.285893074374474, 55.307606656631798 ], [ -4.300482314534251, 55.310698742650459 ], [ -4.310706262536172, 55.300867703974575 ], [ -4.313294919838797, 55.291042146291211 ], [ -4.327737775729779, 55.278848645821583 ], [ -4.355875570370452, 55.265506715729934 ], [ -4.36233572107568, 55.259818303801971 ], [ -4.356887228390818, 55.252528959907757 ], [ -4.36683038140518, 55.230309151550721 ], [ -4.370750153801887, 55.228853649788668 ], [ -4.384950696896009, 55.205157241246226 ], [ -4.394739880243857, 55.199158376391033 ], [ -4.397552542372612, 55.190844781573183 ], [ -4.409230764160888, 55.179210653574721 ], [ -4.412747042717215, 55.168306744279619 ], [ -4.406649375117146, 55.158798992085309 ], [ -4.409566822795144, 55.151551436164567 ], [ -4.420845217604531, 55.143660634608615 ], [ -4.440930259694313, 55.139715205227205 ], [ -4.446869935230803, 55.164555111939606 ], [ -4.463656788884383, 55.162167452879061 ], [ -4.478634300725185, 55.152919745827809 ], [ -4.513586008204462, 55.1517047838731 ], [ -4.530522396191863, 55.157893645118783 ], [ -4.564981993749386, 55.158008942146346 ], [ -4.574367781578494, 55.153252561378402 ], [ -4.584016135513375, 55.141970243193683 ], [ -4.598302455193492, 55.138434664074261 ], [ -4.623039068860656, 55.140798949443727 ], [ -4.6262554803212, 55.134755283088786 ], [ -4.645618304508758, 55.127833548943251 ], [ -4.661458342533465, 55.114438188520467 ], [ -4.655318631382459, 55.087624347998229 ], [ -4.63435446100162, 55.07817372848853 ], [ -4.625185303519919, 55.067735150921806 ], [ -4.633736429204258, 55.051365759446121 ], [ -4.630761863390759, 55.055629594410831 ], [ -4.603933178065363, 55.060656663726299 ], [ -4.588437484601794, 55.05681630974599 ], [ -4.569951350104824, 55.037715409677624 ], [ -4.557330577579613, 55.021305564936803 ], [ -4.535223439552609, 55.007978755834429 ], [ -4.526340928688143, 54.997935964793605 ], [ -4.520496073802169, 54.976638688593802 ], [ -4.510789992028146, 54.971349001870166 ], [ -4.486521088613367, 54.968000753887971 ], [ -4.474803162170847, 54.946843387505837 ], [ -4.443482585166965, 54.943995041224632 ], [ -4.436275926921383, 54.934462930097503 ], [ -4.417814847316897, 54.931973131653805 ], [ -4.415898881643193, 54.920150886398538 ], [ -4.401927647215738, 54.918560434648185 ], [ -4.395386312136093, 54.912080678213982 ], [ -4.399777855651267, 54.903314447222741 ], [ -4.386919938688506, 54.895352419535286 ], [ -4.382059787932719, 54.880598663393172 ], [ -4.365129416011363, 54.866542593412646 ], [ -4.351550341745569, 54.858996078038892 ], [ -4.303235052585704, 54.843302291663193 ], [ -4.281513210937155, 54.841948754730446 ], [ -4.270440161393362, 54.836576974025171 ], [ -4.257414899754554, 54.837325989037531 ], [ -4.254525809627507, 54.844806042769868 ], [ -4.232926126958739, 54.853247406639838 ], [ -4.226491181199207, 54.864879939042851 ], [ -4.207434444586815, 54.860750033676872 ], [ -4.223216883278698, 54.847853551609532 ], [ -4.223527964280454, 54.839258803176421 ], [ -4.213296729494365, 54.836595552056046 ], [ -4.219764407495275, 54.825765032037971 ], [ -4.209144481273975, 54.813658864557638 ], [ -4.183888165771156, 54.807177861890267 ], [ -4.179324326470979, 54.792672536553582 ], [ -4.15965980388474, 54.780344670118239 ], [ -4.138804814347987, 54.775913136537746 ], [ -4.111244800538644, 54.777069145671831 ], [ -4.107979192780104, 54.768165361537562 ], [ -4.094083337281529, 54.766492472136051 ], [ -4.090324425694489, 54.775121584249945 ], [ -4.092842139820023, 54.786377293357077 ], [ -4.088369753339729, 54.809434739020979 ], [ -4.063232082899781, 54.83966158096802 ], [ -4.059692369439321, 54.829183489187741 ], [ -4.045554152426324, 54.814418536712061 ], [ -4.064431897843855, 54.79202806082268 ], [ -4.065265796900918, 54.781381465186854 ], [ -4.039755871087246, 54.769238732540103 ], [ -4.028263173208782, 54.773173023989713 ], [ -4.011762827360233, 54.770223648694021 ], [ -4.006783532651398, 54.774475630098543 ], [ -3.984830852764234, 54.768522669098239 ], [ -3.963439132783813, 54.771938471596997 ], [ -3.93921776150181, 54.788626728219434 ], [ -3.927938380820468, 54.789110527935946 ], [ -3.901207647856217, 54.797841700704559 ], [ -3.86854343935267, 54.806330750370662 ], [ -3.859430505754997, 54.815891908571551 ], [ -3.841920969734016, 54.815132006248092 ], [ -3.834322026627377, 54.826416930189801 ], [ -3.84319556613974, 54.835462514488917 ], [ -3.858833871542491, 54.841275594415976 ], [ -3.863041861256554, 54.847129588962851 ], [ -3.83621554696518, 54.85927266087694 ], [ -3.816193996017224, 54.844295465758847 ], [ -3.807230060380712, 54.845323489118051 ], [ -3.829178322531385, 54.875113672837763 ], [ -3.821686860328482, 54.877329191171441 ], [ -3.80881652058467, 54.868848228965021 ], [ -3.794515639576238, 54.864896055100161 ], [ -3.778991035743434, 54.8540758809484 ], [ -3.76060581007844, 54.857417150518003 ], [ -3.743944306302491, 54.863521226913129 ], [ -3.724082731812696, 54.880859078758569 ], [ -3.699777697536694, 54.882776362940817 ], [ -3.694153285793841, 54.879934235421018 ], [ -3.638758696236318, 54.878880271986041 ], [ -3.597127041274352, 54.872331063194238 ], [ -3.596478327268167, 54.882514167792841 ], [ -3.574519092455104, 54.89351629783674 ], [ -3.56300308005936, 54.907513502863978 ], [ -3.571896919441684, 54.923149754132567 ], [ -3.588894794047599, 54.92997034351388 ], [ -3.58798487549241, 54.942141842171914 ], [ -3.577980338586779, 54.962201434783687 ], [ -3.584109613848089, 54.974797270371376 ], [ -3.576175148855798, 54.980657072474699 ], [ -3.589178663833117, 54.996928747388495 ], [ -3.581719282721822, 55.014917383864749 ], [ -3.602868043411525, 55.030211078957954 ], [ -3.604556107224607, 55.034559100003506 ], [ -3.607001877994888, 55.046485474561813 ], [ -3.614257891305647, 55.053826292132698 ], [ -3.60385691150987, 55.058823423290733 ], [ -3.61800281119007, 55.070945698178548 ], [ -3.609669668873489, 55.078355646234193 ], [ -3.641122052969694, 55.095228672540195 ], [ -3.655699712885467, 55.094637439000095 ], [ -3.666872474998025, 55.099161043188673 ], [ -3.69512522165993, 55.099908095141892 ], [ -3.723044968962455, 55.106008005434553 ], [ -3.733364337146825, 55.102220551436702 ], [ -3.757115753915885, 55.101464981180619 ], [ -3.766552342741447, 55.104029037924562 ], [ -3.784267248261818, 55.115378577967498 ], [ -3.808724698162618, 55.108063436150175 ], [ -3.819519151948581, 55.102002703486498 ], [ -3.876380641547394, 55.118749089997806 ], [ -3.887909209636076, 55.119634275887705 ], [ -3.901152418890712, 55.127360343897692 ], [ -3.929164093221308, 55.114510665001553 ], [ -3.945920187049103, 55.114749962226462 ], [ -3.954917653161047, 55.118861632448677 ], [ -3.962077299880617, 55.130742493331198 ], [ -3.953790601622506, 55.144553849911951 ], [ -3.966171498125374, 55.163144217704051 ], [ -3.987093199689287, 55.160046153212477 ], [ -4.0090194143778, 55.167102738940699 ], [ -4.039839719920557, 55.181211199911189 ], [ -4.03541174450895, 55.188165427811029 ], [ -4.066697325441507, 55.197274016751464 ], [ -4.058499833760319, 55.203856473941954 ], [ -4.062421271536125, 55.212973293257456 ], [ -4.053921827726167, 55.224721892703094 ], [ -4.057223487887326, 55.233700439985739 ], [ -4.068994009912032, 55.237455797972792 ], [ -4.067522253027327, 55.244478293770122 ], [ -4.079348462164439, 55.250352611129621 ], [ -4.07817111412005, 55.264721788199004 ], [ -4.064833278123777, 55.268844384214248 ], [ -4.064495134709131, 55.277423841645081 ], [ -4.051370075874628, 55.284476462388355 ], [ -4.081298254893898, 55.300069194678827 ], [ -4.10037598566966, 55.307980431970641 ], [ -4.112451128376613, 55.305403702792617 ] ] ] } },
{ "type": "Feature", "properties": { "hcs_name": "Lanarkshire", "abbr": "Lanarks", "hcs_county": "Lanark", "hcs_number": 49, "hcs_code": "LNK", "county": "Lanarkshire", "region": "Scotland" }, "geometry": { "type": "Polygon", "coordinates": [ [ [ -4.176835083876431, 55.939547845021117 ], [ -4.211126704689542, 55.936330913518631 ], [ -4.231776525351426, 55.927421166286834 ], [ -4.25830018387577, 55.925487013611757 ], [ -4.269795731791023, 55.918868665997707 ], [ -4.293804648202377, 55.911626809086322 ], [ -4.315726058820595, 55.906314480877974 ], [ -4.302076394841845, 55.895537280281431 ], [ -4.325991896595934, 55.8930493970649 ], [ -4.326959318942516, 55.883366117022881 ], [ -4.34195127889375, 55.874640212139184 ], [ -4.38021365696596, 55.871929693406123 ], [ -4.357086361441598, 55.863925254807562 ], [ -4.34451083034503, 55.849642149789481 ], [ -4.312275710024505, 55.840340846603461 ], [ -4.31024682431697, 55.846795574296387 ], [ -4.286497271564227, 55.846478398971776 ], [ -4.284806250709031, 55.852802039234064 ], [ -4.265759851508153, 55.849490092893717 ], [ -4.270794875233086, 55.83787291642323 ], [ -4.242834066645011, 55.831566465592054 ], [ -4.250360386305945, 55.818412459169622 ], [ -4.244115014349432, 55.809836960856167 ], [ -4.268249574325754, 55.791661489973151 ], [ -4.266772318463389, 55.780224536332625 ], [ -4.282457573106907, 55.769312956904407 ], [ -4.273501443747243, 55.75455240396446 ], [ -4.255508775807253, 55.748733009716922 ], [ -4.247893063293046, 55.738761636676202 ], [ -4.223201872988644, 55.727772205765376 ], [ -4.219467199074886, 55.710643959422335 ], [ -4.226107668235689, 55.699996112880577 ], [ -4.221616715181738, 55.691535563521086 ], [ -4.246974133066533, 55.679012876390125 ], [ -4.246618356372196, 55.674183829663939 ], [ -4.22234990710225, 55.653916260486795 ], [ -4.21680959324377, 55.643981279883974 ], [ -4.221605292537435, 55.635102137301736 ], [ -4.201910687284349, 55.626876125501923 ], [ -4.205202173021712, 55.614835174226045 ], [ -4.18854654505706, 55.610318648826826 ], [ -4.177325441939737, 55.602848260517497 ], [ -4.19468700416102, 55.600708887222943 ], [ -4.205761672637177, 55.582544450824351 ], [ -4.227945530593798, 55.568190742373929 ], [ -4.224676159737837, 55.550485796371852 ], [ -4.210017017370883, 55.553276716607861 ], [ -4.180617855642297, 55.566089736112062 ], [ -4.167445101503417, 55.565369577700423 ], [ -4.150937668101316, 55.572227169149464 ], [ -4.126311501362094, 55.565718328785934 ], [ -4.109998602322884, 55.566063547050319 ], [ -4.092670742996817, 55.570102466270342 ], [ -4.082729902685567, 55.568359089231315 ], [ -4.065396271338598, 55.575653675829273 ], [ -4.066179403896505, 55.579842141063097 ], [ -4.04062165564053, 55.589042050854445 ], [ -4.033731824718723, 55.584083150017896 ], [ -4.00805457298275, 55.575381187253726 ], [ -4.009451042915437, 55.569788865159957 ], [ -3.997011244506432, 55.563535504427662 ], [ -3.976403713722713, 55.564656091769891 ], [ -3.971345405475099, 55.556453144554617 ], [ -3.957010674955091, 55.555754953526581 ], [ -3.965384896095692, 55.534995612657752 ], [ -3.987699973087953, 55.52620635328875 ], [ -3.993943762281536, 55.51365470973235 ], [ -4.012404916213568, 55.504976719164183 ], [ -4.025697261501384, 55.492450652026278 ], [ -4.011625429518276, 55.482850527371689 ], [ -4.015319641525879, 55.471977817354905 ], [ -4.000447569151091, 55.463710774776416 ], [ -3.986219909320834, 55.464056943204909 ], [ -3.969847056562822, 55.454362389131546 ], [ -3.951001494622061, 55.462587882752878 ], [ -3.935298552606814, 55.457926966420565 ], [ -3.927252178118622, 55.459800667682451 ], [ -3.889090341424105, 55.456358687480162 ], [ -3.869453416022758, 55.456979358405519 ], [ -3.860934881595582, 55.452135708860915 ], [ -3.825298807233309, 55.444319338888626 ], [ -3.816411038634905, 55.427267117435441 ], [ -3.796079337811622, 55.419074590304632 ], [ -3.791035970202049, 55.410248384773219 ], [ -3.764766585478423, 55.401257445838183 ], [ -3.75975771737717, 55.38182556331342 ], [ -3.748274239376029, 55.371494619457891 ], [ -3.734806556880467, 55.364832340765297 ], [ -3.711239082257959, 55.363066297456328 ], [ -3.720186977759922, 55.350242154925425 ], [ -3.710330786101525, 55.344166697117736 ], [ -3.711213586025124, 55.323150441868279 ], [ -3.698752271461717, 55.313590404067078 ], [ -3.678132758954729, 55.308887880823441 ], [ -3.663619824174426, 55.291747131208631 ], [ -3.639423798886, 55.291372529633833 ], [ -3.604238697689329, 55.299332817690832 ], [ -3.604511115713378, 55.292259975813145 ], [ -3.590469551375434, 55.285192729841576 ], [ -3.579884155916416, 55.296590840671911 ], [ -3.591516897378464, 55.301944161302643 ], [ -3.596405101058227, 55.314939983319789 ], [ -3.575026054914423, 55.328150874926003 ], [ -3.587763611106474, 55.344776781488378 ], [ -3.575999112235474, 55.350417800667671 ], [ -3.577676060063439, 55.360123332199166 ], [ -3.57141354248543, 55.367555916643049 ], [ -3.542342483507316, 55.369322005434263 ], [ -3.532418459218477, 55.384358341881757 ], [ -3.513421277213071, 55.383530757276453 ], [ -3.501333784744716, 55.387915278824423 ], [ -3.488649724609974, 55.404136557596743 ], [ -3.50335734044182, 55.408700216352671 ], [ -3.525197755830276, 55.432898767715649 ], [ -3.536592385321447, 55.434710825167109 ], [ -3.539569162659845, 55.443170274615447 ], [ -3.531678033455398, 55.46126053044533 ], [ -3.518478113215965, 55.47377707819949 ], [ -3.516000359277401, 55.481352018049655 ], [ -3.523491620408122, 55.486233085989888 ], [ -3.512553313359344, 55.493190946657506 ], [ -3.511612085342371, 55.502708906113618 ], [ -3.504432054414371, 55.512466846798354 ], [ -3.488127247175899, 55.516215713353475 ], [ -3.494777477631057, 55.524105780385561 ], [ -3.503300722224482, 55.547356545756664 ], [ -3.495113242306426, 55.560216531691793 ], [ -3.488532128228789, 55.562666854551466 ], [ -3.508187955620691, 55.575856108929656 ], [ -3.509639134666885, 55.58381871475931 ], [ -3.526789846957254, 55.596939351649752 ], [ -3.530017070937288, 55.611402061610789 ], [ -3.495674166400321, 55.615879985278312 ], [ -3.484168046032589, 55.620281204291572 ], [ -3.487198448496157, 55.632773894403392 ], [ -3.485756864845758, 55.648965276297119 ], [ -3.473174130789939, 55.659742771165767 ], [ -3.458501536672508, 55.662942779384181 ], [ -3.455617622243311, 55.670743808890968 ], [ -3.401348452501668, 55.70466427639294 ], [ -3.419043455169292, 55.710529345121927 ], [ -3.439429350316082, 55.724021900626468 ], [ -3.436669197156704, 55.732752800891525 ], [ -3.447761437093177, 55.740640831957222 ], [ -3.459077588767635, 55.765546561624305 ], [ -3.471639199699098, 55.770971922945982 ], [ -3.482796476788958, 55.772021292906693 ], [ -3.538144050760472, 55.785802800604607 ], [ -3.554973195319286, 55.785674600878608 ], [ -3.588216737229383, 55.802521783954191 ], [ -3.591557645401743, 55.810215551657237 ], [ -3.621654041084707, 55.802574806043488 ], [ -3.654462838051562, 55.802392069942719 ], [ -3.679864907739105, 55.794142065877594 ], [ -3.685789506139025, 55.797362108101311 ], [ -3.71990993934687, 55.787963576754954 ], [ -3.732807684365966, 55.777798317095353 ], [ -3.74318023340605, 55.780736000216308 ], [ -3.733433189200998, 55.793036043235546 ], [ -3.741641813811402, 55.799408521898734 ], [ -3.716422744503086, 55.814912548992623 ], [ -3.732632945175619, 55.823078388295585 ], [ -3.744126910389359, 55.838918281861368 ], [ -3.748904513778589, 55.856386634045201 ], [ -3.747116820750646, 55.865522394393977 ], [ -3.711146394833491, 55.873786876476508 ], [ -3.711930509299477, 55.882074726987412 ], [ -3.743029827015687, 55.88714339720098 ], [ -3.760590969793464, 55.882825010919341 ], [ -3.771576761279892, 55.883851661395134 ], [ -3.777962857648811, 55.876367469323682 ], [ -3.795436300385554, 55.873501906632853 ], [ -3.812047113212398, 55.883854746425506 ], [ -3.822866568882475, 55.883873081661406 ], [ -3.831166860473622, 55.893528103527828 ], [ -3.822554668939001, 55.896478712094734 ], [ -3.814274704473588, 55.904876823588133 ], [ -3.828539775632138, 55.911377581778787 ], [ -3.843100504488277, 55.912871353171091 ], [ -3.876777327557445, 55.923317066886781 ], [ -3.892078532819713, 55.937651267283584 ], [ -3.898147005111889, 55.936771228653242 ], [ -3.915833188950648, 55.927177291168221 ], [ -3.924767369133814, 55.930957143142614 ], [ -3.944686173767637, 55.929059403288562 ], [ -3.986459838075576, 55.93425524028676 ], [ -4.012265021565594, 55.928405134688823 ], [ -4.03278341087255, 55.929445828415616 ], [ -4.043237828717795, 55.924302557747772 ], [ -4.111907936325697, 55.923259027188223 ], [ -4.13715002186121, 55.923986775057841 ], [ -4.168425123561147, 55.919613529981746 ], [ -4.177762385204654, 55.924000282430903 ], [ -4.162043686062136, 55.932206034031204 ], [ -4.176835083876431, 55.939547845021117 ] ] ] } },
{ "type": "Feature", "properties": { "hcs_name": "Lancashire", "abbr": "Lancs", "hcs_county": "Lancaster", "hcs_number": 50, "hcs_code": "LCS", "county": "Lancashire", "region": "North West England" }, "geometry": { "type": "MultiPolygon", "coordinates": [ [ [ [ -2.883684255507701, 54.197912180965503 ], [ -2.893916018785869, 54.205357863747352 ], [ -2.887689283274604, 54.20918162034981 ], [ -2.885071022175444, 54.220428076650272 ], [ -2.875720673721088, 54.222544648416573 ], [ -2.88585274343091, 54.23527724177486 ], [ -2.886467233667983, 54.24611974521337 ], [ -2.895792637282332, 54.25038563202552 ], [ -2.885768586968178, 54.268091424663588 ], [ -2.890880554455378, 54.290672174469506 ], [ -2.897910195709549, 54.301212702201639 ], [ -2.905868060909185, 54.303052472160907 ], [ -2.908220626987385, 54.313318663670721 ], [ -2.901627432303207, 54.332978722442334 ], [ -2.923671664303533, 54.337674682421998 ], [ -2.937171060199269, 54.327917388623405 ], [ -2.949947407725821, 54.336678944281523 ], [ -2.940608861802862, 54.352054372831667 ], [ -2.944345608320949, 54.383513214504781 ], [ -2.961905932296983, 54.395149760827181 ], [ -2.964567177521483, 54.407589996508378 ], [ -2.974736089446273, 54.412412833992832 ], [ -2.971202720040899, 54.419466368358258 ], [ -2.993616245047072, 54.422966443453845 ], [ -3.053341600654778, 54.416674983191903 ], [ -3.075762730141725, 54.419487358148679 ], [ -3.115259545194016, 54.41501288059721 ], [ -3.13537646967826, 54.409962757931609 ], [ -3.158749115352273, 54.407293064148263 ], [ -3.170719795584735, 54.39975750947923 ], [ -3.172458066243064, 54.389070003280906 ], [ -3.181526259723489, 54.384566938357906 ], [ -3.180967658044993, 54.375442768580058 ], [ -3.195954060279344, 54.355932306158927 ], [ -3.206894624689823, 54.353031927732111 ], [ -3.220032458557681, 54.340944994532201 ], [ -3.218381007625582, 54.336069249258053 ], [ -3.24174835973901, 54.323700199047906 ], [ -3.231300874209895, 54.31500244460323 ], [ -3.237862334066058, 54.290303644998502 ], [ -3.232452448966329, 54.281027239929507 ], [ -3.22276876778733, 54.277592815870285 ], [ -3.228906173959928, 54.269619006795111 ], [ -3.227699322172743, 54.259959768380696 ], [ -3.2140677785166, 54.256502473386298 ], [ -3.2095925801903, 54.2464588256843 ], [ -3.2000456328275, 54.237730221282597 ], [ -3.1966311436499, 54.225093216742501 ], [ -3.2039049562357, 54.218310835603098 ], [ -3.2165679668513, 54.189463105651399 ], [ -3.2172507240359, 54.1774362926582 ], [ -3.2283445129265, 54.171385499302403 ], [ -3.2461124939919, 54.1719496149123 ], [ -3.2575586175214, 54.166470936546403 ], [ -3.249509481578, 54.154774022648702 ], [ -3.2369653011942, 54.154581263899601 ], [ -3.2442202916986, 54.1368024095405 ], [ -3.2562432656574, 54.135295718252898 ], [ -3.2766845635237, 54.141024838787999 ], [ -3.2689002988367, 54.108367566775101 ], [ -3.2503436512313, 54.085404964396503 ], [ -3.2250954780056, 54.063318018005702 ], [ -3.2105544772955, 54.048142015223902 ], [ -3.1960278641617, 54.0443054232422 ], [ -3.1732920327222, 54.047050000831703 ], [ -3.1786370887818, 54.055255659408502 ], [ -3.1954296889142, 54.048843626750198 ], [ -3.2053347092084, 54.051898419614403 ], [ -3.2107569155188, 54.061684898156898 ], [ -3.2266987634959, 54.071460793607301 ], [ -3.2236137456617, 54.0803521144813 ], [ -3.2441983894965, 54.097397971402799 ], [ -3.2333836987098, 54.100962493714803 ], [ -3.226396865273, 54.093828748748699 ], [ -3.1944004822767, 54.104178643319798 ], [ -3.1851510346449, 54.095623070808799 ], [ -3.1867531145741, 54.090430707608398 ], [ -3.1720839820583, 54.082132805027697 ], [ -3.1314719336491, 54.102267483876098 ], [ -3.11682366424, 54.114784057688603 ], [ -3.1042416441007, 54.120515982235503 ], [ -3.1007198775022, 54.127878545980302 ], [ -3.0878141372479, 54.1361496854908 ], [ -3.0836462946461, 54.1471011825858 ], [ -3.0711915410178, 54.158797283959103 ], [ -3.0619230166746, 54.161599254844802 ], [ -3.0587684085418, 54.172206701930698 ], [ -3.0620953050492, 54.181864001593702 ], [ -3.0530622905581, 54.189981472550301 ], [ -3.0497237834362, 54.200565513797201 ], [ -3.0294092119557, 54.193945582743197 ], [ -3.011963919013048, 54.179240624088514 ], [ -3.0021003842116, 54.166534073149201 ], [ -3.0026800973375, 54.1599826723766 ], [ -2.9802429564964, 54.152482634773001 ], [ -2.9579511243634, 54.151976341469599 ], [ -2.930350733633415, 54.157203518494391 ], [ -2.929306722823288, 54.167574801628128 ], [ -2.907607038052182, 54.192353541064762 ], [ -2.883684255507701, 54.197912180965503 ] ] ], [ [ [ -2.038319859543229, 53.519132131196237 ], [ -2.047510099898711, 53.519378411801391 ], [ -2.051997685954976, 53.530013050405515 ], [ -2.067076763847292, 53.535745200629179 ], [ -2.068606089819367, 53.557860650528696 ], [ -2.048568113560508, 53.569950555864487 ], [ -2.060084709831976, 53.57794371441792 ], [ -2.05037066670977, 53.588940068026453 ], [ -2.05591282663063, 53.597173022624105 ], [ -2.042286138954627, 53.600440558720479 ], [ -2.007513388020389, 53.613851755081839 ], [ -2.023009217698733, 53.615795249194278 ], [ -2.030991611926985, 53.629031447414889 ], [ -2.029978368423755, 53.636194164000386 ], [ -2.041172303285318, 53.6408784442376 ], [ -2.037099128614889, 53.66236760349463 ], [ -2.054157291080873, 53.672247916539426 ], [ -2.048897236521169, 53.680221498518925 ], [ -2.060046396301173, 53.687247032935389 ], [ -2.103699295672035, 53.706874514793853 ], [ -2.09686937879204, 53.716163267808483 ], [ -2.115037151971825, 53.726129317677938 ], [ -2.13896919496229, 53.73221592670663 ], [ -2.141729443078129, 53.745736037828529 ], [ -2.129617758895624, 53.754693338610878 ], [ -2.131363344693142, 53.774518070161321 ], [ -2.136543995747764, 53.779965362701105 ], [ -2.124815334435305, 53.78810089801987 ], [ -2.126073276550903, 53.799567253364827 ], [ -2.085135636316392, 53.818455283356343 ], [ -2.046890337096759, 53.829460841451656 ], [ -2.045922316291302, 53.849993320532271 ], [ -2.062407949554626, 53.859138795896612 ], [ -2.075484419230418, 53.862840428530028 ], [ -2.08162276269343, 53.875435443976251 ], [ -2.095674007206908, 53.888111698141294 ], [ -2.105393395445419, 53.890954284584986 ], [ -2.121591879555787, 53.884739752794999 ], [ -2.152986174455242, 53.884781788249903 ], [ -2.176691859509571, 53.891931157132341 ], [ -2.18514208411681, 53.882084818287453 ], [ -2.229130582714001, 53.872419880557594 ], [ -2.238472042431957, 53.886848450897759 ], [ -2.259168062499324, 53.882024045441689 ], [ -2.289104251501493, 53.901175812222711 ], [ -2.308993417689984, 53.900351155424026 ], [ -2.33005986827027, 53.904268041621833 ], [ -2.352488702190042, 53.903616655989872 ], [ -2.365653715937813, 53.900288020219371 ], [ -2.396469511561267, 53.886745542350504 ], [ -2.394724586782282, 53.882416431095407 ], [ -2.412176031619178, 53.8770147514334 ], [ -2.419284174537813, 53.867487996372255 ], [ -2.418582209173884, 53.852855696066918 ], [ -2.434939182534823, 53.840048028396318 ], [ -2.451625531883755, 53.847273888925621 ], [ -2.446711853972469, 53.854119329291443 ], [ -2.469296701020371, 53.874601977033691 ], [ -2.488148629882819, 53.878729658998168 ], [ -2.500137386707893, 53.884324346366732 ], [ -2.531752388925582, 53.882440123892408 ], [ -2.538396274053931, 53.88445549031934 ], [ -2.526934351292268, 53.901713568074875 ], [ -2.530448770987414, 53.904535354285784 ], [ -2.524070821567422, 53.920473244602654 ], [ -2.526285274165784, 53.929909152158821 ], [ -2.537375998397778, 53.933116258452131 ], [ -2.551618018342173, 53.92635812432615 ], [ -2.580205157073951, 53.924003385918283 ], [ -2.594694868233959, 53.920203315987401 ], [ -2.614574122174312, 53.920023954245757 ], [ -2.626467267136817, 53.938610473355617 ], [ -2.649761293164201, 53.949953103984107 ], [ -2.64422827861103, 53.957083451020942 ], [ -2.630018953579934, 53.957633344410496 ], [ -2.619188338953901, 53.952445363544442 ], [ -2.611539393005043, 53.956812245484556 ], [ -2.58888741953362, 53.96023179218551 ], [ -2.577510997524448, 53.971882281248618 ], [ -2.56043561670195, 53.974642860277349 ], [ -2.571623943616957, 53.983135226527814 ], [ -2.571305312762942, 53.98945684434829 ], [ -2.580669108883697, 54.000009089601583 ], [ -2.572273176608627, 54.014602449845597 ], [ -2.54927686193569, 54.013666017220558 ], [ -2.544189108158516, 54.019673028465753 ], [ -2.527353, 54.02623 ], [ -2.518587584676914, 54.021209138751445 ], [ -2.502538610463734, 54.020352948256743 ], [ -2.49290749413524, 54.032055431365713 ], [ -2.492278248877293, 54.04004033670796 ], [ -2.469501335056175, 54.046190925153894 ], [ -2.46400598118014, 54.061098357295997 ], [ -2.465660679642382, 54.071675799463229 ], [ -2.480724538025118, 54.085352366001416 ], [ -2.492532523200383, 54.089856982208516 ], [ -2.520535167755602, 54.095522392261735 ], [ -2.545914349919702, 54.117706842167053 ], [ -2.563354766348971, 54.122755916941735 ], [ -2.563333535206612, 54.140139661435626 ], [ -2.557419761661545, 54.15000458322087 ], [ -2.543693334519324, 54.157563568835201 ], [ -2.533315377602086, 54.158235608975311 ], [ -2.528766004654529, 54.169456953205867 ], [ -2.511677006601182, 54.178849944498218 ], [ -2.479924585310385, 54.202340289714307 ], [ -2.473352089219176, 54.215650778563102 ], [ -2.463211163223606, 54.222892756653145 ], [ -2.459575545713717, 54.239515459938829 ], [ -2.499629026116965, 54.219489695153811 ], [ -2.520655469779644, 54.215855390506576 ], [ -2.546608445686647, 54.202272022860178 ], [ -2.57589479409682, 54.195646169150208 ], [ -2.605866087625212, 54.194424962573976 ], [ -2.625119155008382, 54.195618555631121 ], [ -2.639978109780891, 54.202019857862162 ], [ -2.644641326837864, 54.190949454692984 ], [ -2.6532447780935, 54.183099828684043 ], [ -2.67025928201515, 54.176683096222483 ], [ -2.685101416332841, 54.191755552934694 ], [ -2.712186824640381, 54.186089306326238 ], [ -2.710559835553762, 54.178191510684336 ], [ -2.736301, 54.176903 ], [ -2.734364589122158, 54.184112854472829 ], [ -2.753050268618136, 54.187810258144012 ], [ -2.767696311313532, 54.185912077057274 ], [ -2.799506044548948, 54.197678380415766 ], [ -2.816346860193494, 54.189865744986605 ], [ -2.816353613588863, 54.181726013174661 ], [ -2.837357600546892, 54.17400487964138 ], [ -2.8353030668094, 54.162438042298497 ], [ -2.8209374008572, 54.153229432491997 ], [ -2.8288843573008, 54.143507940202902 ], [ -2.800298850482, 54.127779449518698 ], [ -2.8002878817161, 54.115579549088501 ], [ -2.8070865615997, 54.108891927098803 ], [ -2.8273732629968, 54.099076334412501 ], [ -2.8214903136188, 54.088965413485099 ], [ -2.8410539024011, 54.079097476416401 ], [ -2.8567136353318, 54.077737368065797 ], [ -2.8873496113718, 54.066002098676201 ], [ -2.8971547731253, 54.049269909841499 ], [ -2.9063763360721, 54.039352341958399 ], [ -2.9230103567693, 54.0305974728807 ], [ -2.902295586426, 54.018051746592 ], [ -2.9069829445139, 54.007154366186398 ], [ -2.899350440618, 53.991539716248901 ], [ -2.8806947339946, 53.989616651977798 ], [ -2.8709537521444, 54.004219089496999 ], [ -2.8433952734086, 54.005679221284602 ], [ -2.8705095704433, 53.990307995575698 ], [ -2.8769993113657, 53.979413145994897 ], [ -2.8721211044292, 53.970366268804298 ], [ -2.8597739826305, 53.968237402156802 ], [ -2.8708785914639, 53.957606327383097 ], [ -2.8831508780298, 53.959027531545701 ], [ -2.8767733298798, 53.946568095938503 ], [ -2.8983666480296, 53.9395248890782 ], [ -2.9097460387371, 53.941788749570897 ], [ -2.9195433770898, 53.949749333584201 ], [ -2.9647080691417, 53.940538416561402 ], [ -2.9958995650834, 53.931215795338403 ], [ -3.0447869550076, 53.923186641168598 ], [ -3.0507623096788, 53.918005568836499 ], [ -3.0468605790074, 53.887322637155798 ], [ -3.0481622236099, 53.869971623571601 ], [ -3.0546117178896, 53.8483717672 ], [ -3.056433986151, 53.8317034604217 ], [ -3.0565482247284, 53.7996623512837 ], [ -3.0589800547556, 53.783302454343598 ], [ -3.0549676091423, 53.7619881034569 ], [ -3.0399958092902, 53.7489130276293 ], [ -3.01525030171, 53.739082796571701 ], [ -2.976340360029, 53.734027967196397 ], [ -2.9283445640442, 53.731397617415503 ], [ -2.9398606569139, 53.724116358976303 ], [ -2.9483324081067, 53.7123760462744 ], [ -2.9503439956087, 53.700700618134903 ], [ -2.97712993987, 53.696504864606901 ], [ -2.9897504458597, 53.6826458970353 ], [ -3.0155907334853, 53.672905806548002 ], [ -3.0057397177423, 53.664646731162797 ], [ -3.0305413775727, 53.646856248975503 ], [ -3.0458440768686, 53.631826412916297 ], [ -3.0657483698116, 53.606145522267802 ], [ -3.0801220312984, 53.593466733520998 ], [ -3.097597771130121, 53.574174707526879 ], [ -3.10322650553463, 53.563518190055362 ], [ -3.104988715308148, 53.547833871341574 ], [ -3.100177987107218, 53.539912192041399 ], [ -3.08462915729509, 53.533222294049651 ], [ -3.077305593577001, 53.521302827972832 ], [ -3.064915031746714, 53.520472732120034 ], [ -3.061116114282663, 53.497939928877592 ], [ -3.040323232856526, 53.474352324930308 ], [ -3.041255432282646, 53.465264892411177 ], [ -3.021271022527386, 53.45423364168856 ], [ -3.007303268691147, 53.433802697285437 ], [ -3.002471763387276, 53.411598549197251 ], [ -2.987472121832974, 53.389285492891723 ], [ -2.969462484564547, 53.375848599163945 ], [ -2.947178899118088, 53.367664544512436 ], [ -2.915708769920474, 53.353582404471631 ], [ -2.905008008153968, 53.345773739082411 ], [ -2.878040741079463, 53.334146403222157 ], [ -2.855010579773445, 53.327460779966259 ], [ -2.836424151193705, 53.327016448052241 ], [ -2.819022933119457, 53.332921989863188 ], [ -2.79434266985648, 53.322184061005657 ], [ -2.778807646456466, 53.328022851316277 ], [ -2.769366428261472, 53.345114264658847 ], [ -2.747680135190382, 53.350620737225398 ], [ -2.738785298768922, 53.346151347633359 ], [ -2.713144919172863, 53.353259224993622 ], [ -2.702036175144003, 53.359589058396217 ], [ -2.679493628046816, 53.355433340046929 ], [ -2.667277775091641, 53.360218952289109 ], [ -2.659544191366612, 53.37371411001115 ], [ -2.646686334018362, 53.372439314959024 ], [ -2.636822344574974, 53.377966226412433 ], [ -2.623514841680401, 53.374983985604921 ], [ -2.610935818964545, 53.38572052760756 ], [ -2.606456451863699, 53.375096603708108 ], [ -2.589812933989544, 53.373062830535837 ], [ -2.592713844838253, 53.383198988923972 ], [ -2.569478328871541, 53.387719967259351 ], [ -2.546325584800416, 53.395953286074842 ], [ -2.53499745741779, 53.393990425019091 ], [ -2.524666707296041, 53.384686239365926 ], [ -2.518093716773346, 53.395422443264934 ], [ -2.49994757636731, 53.398277291418971 ], [ -2.489124066133619, 53.395592656862043 ], [ -2.471148298913056, 53.397596388363169 ], [ -2.457769571469113, 53.40266596797936 ], [ -2.454185830159248, 53.413785536874407 ], [ -2.434670319803693, 53.422623518270761 ], [ -2.426978863089059, 53.434060275958814 ], [ -2.415334574805537, 53.432884060663802 ], [ -2.4044374746941, 53.440008446104081 ], [ -2.373865151720698, 53.436956409257263 ], [ -2.357340821106043, 53.431397888162671 ], [ -2.349280835253232, 53.439393656169301 ], [ -2.323242402148714, 53.432535729698749 ], [ -2.302403982269932, 53.438368915386661 ], [ -2.284103863447982, 53.42538222392465 ], [ -2.265279499446787, 53.420101199434292 ], [ -2.250405190037799, 53.421097656273822 ], [ -2.253433712092047, 53.409105294907278 ], [ -2.249596564111776, 53.399506128505571 ], [ -2.217329392058055, 53.401407169132732 ], [ -2.206453665699077, 53.405106668162695 ], [ -2.175284800578807, 53.406595913761272 ], [ -2.163060347045145, 53.409484386988673 ], [ -2.157860977081192, 53.416967392564899 ], [ -2.142742590744859, 53.426799421302917 ], [ -2.147570978510786, 53.435285158901721 ], [ -2.139141820490651, 53.43980902115122 ], [ -2.111274448728463, 53.437535655573292 ], [ -2.101727801394675, 53.432547149679628 ], [ -2.09294846858642, 53.437299628444379 ], [ -2.095740285574395, 53.460704750812603 ], [ -2.108212343748166, 53.471127555435423 ], [ -2.100713989757525, 53.481585652982275 ], [ -2.079527368488724, 53.482707128463886 ], [ -2.065069923843396, 53.480376065178447 ], [ -2.04595269482617, 53.48813961160505 ], [ -2.038167247035101, 53.497667861238753 ], [ -2.038319859543229, 53.519132131196237 ] ] ] ] } },
{ "type": "Feature", "properties": { "hcs_name": "Leicestershire", "abbr": "Leics", "hcs_county": "Leicester", "hcs_number": 51, "hcs_code": "LCR", "county": "Leicestershire", "region": "East Midlands" }, "geometry": { "type": "Polygon", "coordinates": [ [ [ -1.202685909696834, 52.396678528594741 ], [ -1.183735456666784, 52.392225939422239 ], [ -1.157286656690159, 52.400108616575679 ], [ -1.142146703216805, 52.399736493985451 ], [ -1.134221009972669, 52.412466406889052 ], [ -1.116545958466984, 52.421377033095609 ], [ -1.093263367620685, 52.427721328394725 ], [ -1.079240757649236, 52.436294919773005 ], [ -1.069376056936158, 52.433567339673665 ], [ -1.059194290174637, 52.423193567919434 ], [ -1.049912452621132, 52.425447925951779 ], [ -1.03449882992081, 52.435562631494697 ], [ -1.044518158943797, 52.445787711997049 ], [ -1.027739080092807, 52.458498393785774 ], [ -0.991235034178646, 52.469574320099667 ], [ -0.950692987230537, 52.477181351177208 ], [ -0.940498283165847, 52.472115278229822 ], [ -0.905777, 52.479567407912455 ], [ -0.895561991322443, 52.492124400999053 ], [ -0.884081922153733, 52.492118158499402 ], [ -0.879457321229089, 52.498404664458285 ], [ -0.883406330026994, 52.513762433465054 ], [ -0.863652268617968, 52.527179505016953 ], [ -0.835148972634612, 52.517945293318974 ], [ -0.800328409428828, 52.518031811917815 ], [ -0.787746339639452, 52.513716197085905 ], [ -0.779064140356237, 52.518110889267184 ], [ -0.758432537359139, 52.511266215492029 ], [ -0.726957182650568, 52.522687869247704 ], [ -0.713709077995064, 52.524941979948721 ], [ -0.728536622649563, 52.535832469237775 ], [ -0.743739643693933, 52.543094831370865 ], [ -0.738938730536115, 52.547522553447891 ], [ -0.752821797877601, 52.563347125272557 ], [ -0.759903173915205, 52.564898799943336 ], [ -0.766069289779924, 52.582902664147852 ], [ -0.776105523772357, 52.586490599987471 ], [ -0.786382142818482, 52.595967434734803 ], [ -0.800779864833063, 52.597027296864681 ], [ -0.816935500466704, 52.593659866128995 ], [ -0.818820444864137, 52.61075177533619 ], [ -0.80561119025808, 52.621713521513989 ], [ -0.804511844012769, 52.632265482973146 ], [ -0.809770416530729, 52.644310858913144 ], [ -0.790102786470681, 52.667147956849114 ], [ -0.78209604634694, 52.669325580834709 ], [ -0.785493513430746, 52.693372105123707 ], [ -0.795845819489009, 52.696909918346201 ], [ -0.800270413642108, 52.707791538772298 ], [ -0.821690742461096, 52.715654492188008 ], [ -0.813497467336791, 52.729095967740029 ], [ -0.800164147752746, 52.736932387040312 ], [ -0.776711363022311, 52.74384179434837 ], [ -0.764744464119673, 52.739175765944395 ], [ -0.744659589172131, 52.738459529958149 ], [ -0.720260876995566, 52.740976754138735 ], [ -0.700315593020978, 52.746551366670339 ], [ -0.674486971322757, 52.757908344218777 ], [ -0.66408159210399, 52.75666866792853 ], [ -0.675537096542855, 52.777519856318797 ], [ -0.677363060563057, 52.789985898353279 ], [ -0.683225152165706, 52.795491989584434 ], [ -0.6805800095037, 52.807346256832687 ], [ -0.687675303698761, 52.818157041129979 ], [ -0.697756326172197, 52.825474728890278 ], [ -0.709081328884496, 52.844692174494817 ], [ -0.731706955169585, 52.864617844392875 ], [ -0.742633584870888, 52.88319874822016 ], [ -0.775481268094472, 52.890033004710858 ], [ -0.776886721258632, 52.904807291481802 ], [ -0.764916816957783, 52.924814831985849 ], [ -0.767424264556655, 52.92728359748947 ], [ -0.754970759771134, 52.949600262342109 ], [ -0.778487522391979, 52.959266915292368 ], [ -0.778276441218682, 52.976931894738009 ], [ -0.796200203487765, 52.976726547981009 ], [ -0.83290340921946, 52.949618287336939 ], [ -0.841335380617708, 52.928369665163927 ], [ -0.855731719850887, 52.920063043195178 ], [ -0.863714226098575, 52.911350830689997 ], [ -0.85778891615631, 52.906033678178503 ], [ -0.886306550947534, 52.892191026118397 ], [ -0.920432594460597, 52.879675783930679 ], [ -0.939788606475514, 52.874880171632697 ], [ -0.928067978158661, 52.866068298632719 ], [ -0.941190580111194, 52.860864827981523 ], [ -0.944233729946938, 52.852617828551416 ], [ -0.960846568615934, 52.843380428186109 ], [ -0.977126251422989, 52.840773595837817 ], [ -0.97414051533766, 52.83409504638189 ], [ -0.982748824031223, 52.820671388850052 ], [ -1.021888280655452, 52.822066680697162 ], [ -1.037443062193129, 52.820387561796998 ], [ -1.036969285089174, 52.810430663345429 ], [ -1.042547071216853, 52.800687933983291 ], [ -1.07224013040061, 52.813582106492525 ], [ -1.074453308082505, 52.824761632502891 ], [ -1.091494816115995, 52.820108769384603 ], [ -1.119894221316001, 52.818813481237491 ], [ -1.13077313450023, 52.80583454292902 ], [ -1.143825665579555, 52.803852418521018 ], [ -1.16235030731255, 52.806416822351295 ], [ -1.178248679810348, 52.801652985721894 ], [ -1.197740589492075, 52.789392476792067 ], [ -1.201028227972599, 52.793909828535703 ], [ -1.229121463856729, 52.793212394346341 ], [ -1.231648358467397, 52.800250726562403 ], [ -1.245606064054039, 52.806054541023165 ], [ -1.259888614828421, 52.807038904627319 ], [ -1.271454986761647, 52.831765293920427 ], [ -1.266413596787393, 52.842229207008771 ], [ -1.274761214644305, 52.859858944637978 ], [ -1.267911408100031, 52.873339758454755 ], [ -1.289232638054331, 52.872415395693537 ], [ -1.30710674370273, 52.876061711666637 ], [ -1.314354586300318, 52.869875917547866 ], [ -1.331454777053308, 52.867408145681701 ], [ -1.381053590694752, 52.846353412676045 ], [ -1.387465587834716, 52.834209987936205 ], [ -1.417709263091915, 52.801616011814389 ], [ -1.441297240883704, 52.802048993522554 ], [ -1.442494258973432, 52.792919663697376 ], [ -1.462501805720891, 52.78698722728388 ], [ -1.470602024789298, 52.780567755390635 ], [ -1.462433055372789, 52.772449464913258 ], [ -1.492453267454585, 52.759416654902786 ], [ -1.505117252811326, 52.767591264044611 ], [ -1.527240569428388, 52.765271187017575 ], [ -1.536434286189034, 52.771168031328202 ], [ -1.55479228299641, 52.762477127212016 ], [ -1.565578038465719, 52.748628468778278 ], [ -1.594132572427187, 52.740085040272326 ], [ -1.598592865099722, 52.732133941815555 ], [ -1.609869695608956, 52.7274485347357 ], [ -1.616920159197497, 52.708713821304585 ], [ -1.586556406454238, 52.694746334083469 ], [ -1.589520324827706, 52.687285207796577 ], [ -1.579217076341262, 52.679529984100135 ], [ -1.55261979722377, 52.668304058627378 ], [ -1.542374662668506, 52.65365132143814 ], [ -1.547078210428867, 52.642289921338758 ], [ -1.564584468630226, 52.631231543758787 ], [ -1.566869628873679, 52.620617646938598 ], [ -1.554218087620586, 52.613538432004518 ], [ -1.560231401793033, 52.596783108501988 ], [ -1.537391882991868, 52.589472794987614 ], [ -1.525622419716685, 52.581281760281932 ], [ -1.518630609267842, 52.569032267611121 ], [ -1.464371838139577, 52.553041413945557 ], [ -1.309607111771334, 52.496187309293028 ], [ -1.293439871676252, 52.485172502202758 ], [ -1.255765262231036, 52.45346639705771 ], [ -1.237890923682116, 52.436026857505091 ], [ -1.202685909696834, 52.396678528594741 ] ] ] } },
{ "type": "Feature", "properties": { "hcs_name": "Lincolnshire", "abbr": "Lincs", "hcs_county": "Lincoln", "hcs_number": 52, "hcs_code": "LNC", "county": "Lincolnshire", "region": "East Midlands" }, "geometry": { "type": "Polygon", "coordinates": [ [ [ -0.440489892169647, 53.706370910491628 ], [ -0.472842066925378, 53.70775167317943 ], [ -0.493037983702091, 53.703268844857874 ], [ -0.519524670223596, 53.694494747568918 ], [ -0.540414764538184, 53.694197991088934 ], [ -0.552673716628977, 53.696836060118343 ], [ -0.583383437666753, 53.710699968966054 ], [ -0.601891798179164, 53.721456000239471 ], [ -0.633649870338885, 53.722402253192485 ], [ -0.658443433952134, 53.716603198397792 ], [ -0.689021715045122, 53.701124640733866 ], [ -0.695369002169553, 53.700171819711187 ], [ -0.692321894036412, 53.686587881103357 ], [ -0.706542853965364, 53.679302849506371 ], [ -0.723618826389744, 53.677980636351712 ], [ -0.718589916240487, 53.660627237359627 ], [ -0.733406635594413, 53.653977663988094 ], [ -0.752224789315758, 53.649249249025416 ], [ -0.746697067300545, 53.640593458636999 ], [ -0.75879209954134, 53.636941363029962 ], [ -0.775484804387156, 53.648949618259515 ], [ -0.784508510559877, 53.636353565075837 ], [ -0.809163694659429, 53.629362232707336 ], [ -0.822563104577756, 53.637009621202822 ], [ -0.836642749013033, 53.629259191098051 ], [ -0.84574879656692, 53.608352400163625 ], [ -0.858961247684934, 53.605491032930161 ], [ -0.863541105266265, 53.592061268595202 ], [ -0.8724787055118, 53.578757306078103 ], [ -0.88766437135352, 53.586323628428808 ], [ -0.892258251120606, 53.573318225788171 ], [ -0.894564492166455, 53.548499024068256 ], [ -0.877191013743291, 53.533598719080459 ], [ -0.890778016249571, 53.527665833129753 ], [ -0.922721204238942, 53.531347594109953 ], [ -0.936154034888136, 53.527224483380415 ], [ -0.940124094315844, 53.520447180032576 ], [ -0.958755004034554, 53.520258503381314 ], [ -0.943718131592292, 53.508605386001719 ], [ -0.900485413070322, 53.475156598169654 ], [ -0.920614258060247, 53.464912203705509 ], [ -0.916235313683576, 53.460292101372538 ], [ -0.886127997942976, 53.462144859068353 ], [ -0.871979208630255, 53.466312846504572 ], [ -0.818270732263876, 53.459528776949305 ], [ -0.797495685190383, 53.455054180842502 ], [ -0.809034748661962, 53.44388144225988 ], [ -0.820571511405603, 53.440672762357735 ], [ -0.817314778172509, 53.425836489681807 ], [ -0.795565510315659, 53.414611965500292 ], [ -0.787667242161604, 53.4036766122993 ], [ -0.776922120660058, 53.39631540831283 ], [ -0.786081067574203, 53.374398117733257 ], [ -0.801746104269234, 53.370524607043457 ], [ -0.791063773293095, 53.363350080225487 ], [ -0.774735334136088, 53.364486737279755 ], [ -0.760564744156031, 53.354763685185915 ], [ -0.764819474323707, 53.346513469241934 ], [ -0.756949094759672, 53.339238916018033 ], [ -0.766504897916744, 53.330267757132468 ], [ -0.753845325916535, 53.319379051324439 ], [ -0.747214155843366, 53.30441898781676 ], [ -0.750516081974205, 53.294077314083474 ], [ -0.762284508336139, 53.28799519365878 ], [ -0.772613937702381, 53.277492308698363 ], [ -0.764407189471889, 53.27182581206258 ], [ -0.772136426538348, 53.262545592800357 ], [ -0.776346772430482, 53.246725635285223 ], [ -0.735135956620649, 53.243883146543673 ], [ -0.734217402854601, 53.253979813513631 ], [ -0.71315009132472, 53.258122386151818 ], [ -0.688012129723654, 53.25841549330999 ], [ -0.66920141656058, 53.242264348144353 ], [ -0.669848293068816, 53.256703336188771 ], [ -0.657409569057423, 53.258025427627274 ], [ -0.648437217915488, 53.253175563089869 ], [ -0.648464104265167, 53.243445079359994 ], [ -0.66566864759742, 53.240680962374491 ], [ -0.675826898084653, 53.217620796073277 ], [ -0.697711999620122, 53.220051532050945 ], [ -0.714786244222899, 53.207566438208744 ], [ -0.730578689286933, 53.210730661478912 ], [ -0.753770393933706, 53.188166086199949 ], [ -0.7641138753281, 53.181558385377443 ], [ -0.718748322379569, 53.177356467768696 ], [ -0.716041208795676, 53.170389583962198 ], [ -0.723173378322831, 53.155107603439014 ], [ -0.715391363097909, 53.136820339866468 ], [ -0.732418529756877, 53.127779017142977 ], [ -0.716822612066312, 53.11943878885323 ], [ -0.721344498678612, 53.104232751723188 ], [ -0.728961676865072, 53.096123699087627 ], [ -0.706166126641813, 53.083398766704157 ], [ -0.698842168161257, 53.075449528944198 ], [ -0.700604449660045, 53.063796861432586 ], [ -0.723353485402559, 53.059618098256323 ], [ -0.727574054935469, 53.055611417123345 ], [ -0.749582381360332, 53.055086280138795 ], [ -0.760958406519955, 53.029298972976285 ], [ -0.780629659499375, 53.024413557605271 ], [ -0.788432516225206, 53.025816622059928 ], [ -0.795801571183808, 53.010583673866535 ], [ -0.804112712089502, 53.006373053230931 ], [ -0.777549471084598, 52.983790769395632 ], [ -0.778276441218682, 52.976931894738009 ], [ -0.778487522391979, 52.959266915292368 ], [ -0.754970759771134, 52.949600262342109 ], [ -0.767424264556655, 52.92728359748947 ], [ -0.764916816957783, 52.924814831985849 ], [ -0.776886721258632, 52.904807291481802 ], [ -0.775481268094472, 52.890033004710858 ], [ -0.742633584870888, 52.88319874822016 ], [ -0.731706955169585, 52.864617844392875 ], [ -0.709081328884496, 52.844692174494817 ], [ -0.697756326172197, 52.825474728890278 ], [ -0.687675303698761, 52.818157041129979 ], [ -0.6805800095037, 52.807346256832687 ], [ -0.683225152165706, 52.795491989584434 ], [ -0.677363060563057, 52.789985898353279 ], [ -0.675537096542855, 52.777519856318797 ], [ -0.66408159210399, 52.75666866792853 ], [ -0.627719067547672, 52.757659643889149 ], [ -0.608557059593396, 52.759698840497514 ], [ -0.605446433096844, 52.750540380872366 ], [ -0.589594672712152, 52.753795231531548 ], [ -0.572688104563508, 52.753101621515619 ], [ -0.571483989511568, 52.747838609013648 ], [ -0.5400086288435, 52.738379767394598 ], [ -0.542474189621151, 52.72328073090393 ], [ -0.512662665298413, 52.719597545467821 ], [ -0.493205106718763, 52.710256241762245 ], [ -0.456059175457625, 52.709709624897016 ], [ -0.430439701983487, 52.705367971449789 ], [ -0.428444957253554, 52.70130808978017 ], [ -0.434036225404733, 52.683721083171093 ], [ -0.456299846812704, 52.670334945129262 ], [ -0.508229362278891, 52.660151403682967 ], [ -0.519048708846983, 52.666505686738638 ], [ -0.529360704830419, 52.657065413267432 ], [ -0.494962010025056, 52.64857106055711 ], [ -0.501634237901593, 52.640172675808259 ], [ -0.486175254172353, 52.643529558793226 ], [ -0.483138992337238, 52.648847922985254 ], [ -0.451755046955076, 52.654956538635709 ], [ -0.420860717287415, 52.646876588798079 ], [ -0.400276316817277, 52.649557102284362 ], [ -0.363761245258721, 52.660335907473602 ], [ -0.346538726379573, 52.663127496386551 ], [ -0.336232104292354, 52.674107304365698 ], [ -0.319040489465728, 52.675017935773326 ], [ -0.289108215556172, 52.670242363819035 ], [ -0.278795158479714, 52.665871707197695 ], [ -0.260921388550181, 52.651421718301968 ], [ -0.217902698043649, 52.667118613420094 ], [ -0.206085854556143, 52.66806960296411 ], [ -0.192884356092468, 52.6524400277696 ], [ -0.180006347071602, 52.66060323792356 ], [ -0.140972653153217, 52.651512337417252 ], [ -0.140078270167302, 52.654466516602163 ], [ -0.102402593288611, 52.67211191319538 ], [ -0.090561025825091, 52.666680997414879 ], [ -0.059720652279487, 52.674696564832551 ], [ -0.032153184485176, 52.665473464789542 ], [ -0.024523283927421, 52.630249008033147 ], [ -0.00927730876481, 52.633744322527157 ], [ -0.014968634240189, 52.657771344793986 ], [ 0.014744581259573, 52.6647927664633 ], [ 0.047519938488691, 52.675051620742771 ], [ 0.049123755205087, 52.689453773548742 ], [ 0.044523544277847, 52.692210533086715 ], [ 0.045138195711503, 52.711902158773405 ], [ 0.048198227599144, 52.718843173786162 ], [ 0.064173603120979, 52.727467509794707 ], [ 0.090034352110067, 52.72400393209842 ], [ 0.098904, 52.730376 ], [ 0.113520921097718, 52.729974967036753 ], [ 0.132170598500609, 52.734796360730122 ], [ 0.141821989432192, 52.743690404283747 ], [ 0.153452083569841, 52.737549617761452 ], [ 0.188556327288186, 52.736396401199102 ], [ 0.184240075793515, 52.740835115500772 ], [ 0.214807206727382, 52.765649188107048 ], [ 0.239522842306778, 52.778270557959672 ], [ 0.250688535596825, 52.790753601874314 ], [ 0.258283621238012, 52.788899090869748 ], [ 0.279396675364599, 52.803203366751283 ], [ 0.265844978083529, 52.810091734794185 ], [ 0.2178589262729, 52.817031095820802 ], [ 0.215222090289, 52.824343469039597 ], [ 0.1969591005118, 52.840168147207699 ], [ 0.1959673616602, 52.849225266725902 ], [ 0.1763707824807, 52.8638879884587 ], [ 0.1699667497687, 52.875701459864501 ], [ 0.1579266099933, 52.876154512938101 ], [ 0.1495216523956, 52.882176009545603 ], [ 0.1231867478288, 52.889764895888199 ], [ 0.0948838796038, 52.890171928647803 ], [ 0.0423899083849, 52.905167964922803 ], [ 0.0464585704457, 52.9179220572845 ], [ 0.0609411545599, 52.922301178399799 ], [ 0.0756099494997, 52.937196287415297 ], [ 0.0867353560864, 52.953841706011701 ], [ 0.1049613684909, 52.973685892076801 ], [ 0.1116921005559, 52.976540784145598 ], [ 0.13110622121, 52.9939971544798 ], [ 0.14920493962, 53.007393343377302 ], [ 0.1693837298244, 53.016388837284403 ], [ 0.1795865995525, 53.024827102951299 ], [ 0.2194935595291, 53.041192926671599 ], [ 0.261902260083, 53.062601013797597 ], [ 0.2686383506823, 53.068851379647903 ], [ 0.3015868558245, 53.088799100192098 ], [ 0.3189529215288, 53.092234990430697 ], [ 0.3295012817038, 53.091049362702599 ], [ 0.3402138498913, 53.097711678807798 ], [ 0.3422608200173, 53.119956728196797 ], [ 0.3504133662739, 53.139353734985299 ], [ 0.3493057250171, 53.154174331285297 ], [ 0.3555447781617, 53.192101549782997 ], [ 0.3402427893056, 53.221008583532502 ], [ 0.3401214758298, 53.233288535104201 ], [ 0.3182273468369, 53.273490430610003 ], [ 0.2881781446457, 53.3069886570864 ], [ 0.2737274056378, 53.332521888738903 ], [ 0.2377936775243, 53.380237171418798 ], [ 0.2346915932114, 53.392052287403096 ], [ 0.2261933730961, 53.3985097566596 ], [ 0.2290023022785, 53.405557902471003 ], [ 0.2151136578362, 53.413034345194397 ], [ 0.2043683493729, 53.429925873239597 ], [ 0.1955833230191, 53.429643997945803 ], [ 0.1870244546139, 53.439148765315998 ], [ 0.1801693249449, 53.4568928922886 ], [ 0.1834051021655, 53.459450852046899 ], [ 0.1538304191847, 53.4904700838255 ], [ 0.1440397715394, 53.482086289324599 ], [ 0.1284322934772, 53.484691711159499 ], [ 0.1339124486301, 53.497050685571999 ], [ 0.1176129771868, 53.495265122869 ], [ 0.1097363162318, 53.489433475768102 ], [ 0.0896948697723, 53.494064322873299 ], [ 0.0818589532249, 53.499769253264098 ], [ 0.078732602609, 53.511060002393002 ], [ 0.0698590200706, 53.5175658487777 ], [ 0.0512627335173, 53.517373603112503 ], [ 0.0380015685074, 53.513724416749902 ], [ 0.0203077298644, 53.522218377415697 ], [ 0.0101038019732, 53.533913515118101 ], [ -0.0261935029619, 53.5598086163278 ], [ -0.033992187365, 53.567437512443703 ], [ -0.0612606453611, 53.582197782052603 ], [ -0.072185733898, 53.583789386417301 ], [ -0.0930035553237, 53.581009102904602 ], [ -0.1109153360035, 53.589654230255398 ], [ -0.1527908726931, 53.615372318739396 ], [ -0.2018662830415, 53.637133784871899 ], [ -0.2250375232842, 53.654215458061898 ], [ -0.2364892636663, 53.666309795433598 ], [ -0.2524424200155, 53.677525037807598 ], [ -0.275454708011, 53.704969076245803 ], [ -0.2895278952883, 53.713179985500602 ], [ -0.2999109730076, 53.714351270837597 ], [ -0.3322243267091, 53.7113347114826 ], [ -0.3728355082493, 53.703220105282 ], [ -0.4000343094116, 53.699187182041598 ], [ -0.4388073862922, 53.697422389654797 ], [ -0.440489892169647, 53.706370910491628 ] ] ] } },
{ "type": "Feature", "properties": { "hcs_name": "Londonderry", "abbr": "Lond", "hcs_county": "Londonderry", "hcs_number": 53, "hcs_code": "LDR", "county": "Londonderry", "region": "NI" }, "geometry": { "type": "Polygon", "coordinates": [ [ [ -6.469248058735066, 54.685254348804307 ], [ -6.495921516529969, 54.713665469122219 ], [ -6.485975596018868, 54.736516238399808 ], [ -6.457627511137457, 54.761309116972768 ], [ -6.477683425119607, 54.772706064020255 ], [ -6.477929248275156, 54.793761592077573 ], [ -6.470827380021918, 54.812462139658784 ], [ -6.459284720227066, 54.816569894687625 ], [ -6.457209380371244, 54.824565013624991 ], [ -6.471611639378513, 54.842828827436598 ], [ -6.47144794496918, 54.853972569091013 ], [ -6.485828284408252, 54.875064811569814 ], [ -6.489969375255328, 54.886057069624741 ], [ -6.497480907486809, 54.889264543621017 ], [ -6.506346312134445, 54.908315673068223 ], [ -6.498740992296873, 54.916706179420018 ], [ -6.517426314029117, 54.940510350275545 ], [ -6.540028506608903, 54.954595805857949 ], [ -6.551661162119425, 54.974301427745523 ], [ -6.55074095333129, 54.982444906903922 ], [ -6.56966273746988, 54.985264090817715 ], [ -6.570307511911902, 54.992397279500949 ], [ -6.580885561426107, 55.005392206724451 ], [ -6.573197704625561, 55.038648261753472 ], [ -6.582701344955548, 55.050309302498597 ], [ -6.58483838208078, 55.063780721953307 ], [ -6.597619485804219, 55.068110081832813 ], [ -6.608086682123097, 55.079241361536127 ], [ -6.585067409361719, 55.08841346985897 ], [ -6.569570120079014, 55.113092194769038 ], [ -6.568019407318149, 55.134798423724938 ], [ -6.58049007010391, 55.144102632974949 ], [ -6.589290133893454, 55.161472554941255 ], [ -6.60368871533985, 55.16553642247159 ], [ -6.613798546242694, 55.181832562932854 ], [ -6.637448850172271, 55.188181530330866 ], [ -6.648464733587077, 55.197515063216777 ], [ -6.658171283184031, 55.199603233461019 ], [ -6.693026332728941, 55.196692820692697 ], [ -6.712002601162467, 55.189461191002103 ], [ -6.725382096372387, 55.180825557385475 ], [ -6.727160515919849, 55.172244229903534 ], [ -6.768493439706212, 55.167411017119058 ], [ -6.850921618616965, 55.166805494433795 ], [ -6.874223750210556, 55.168016996062804 ], [ -6.913687146937336, 55.174421277681354 ], [ -6.924860578082011, 55.178106157675842 ], [ -6.96091143757406, 55.195638235103317 ], [ -6.965112728221786, 55.190615215282477 ], [ -6.960340429240752, 55.178511302281343 ], [ -6.968826606525921, 55.147888283652399 ], [ -6.996653689353575, 55.105937579050064 ], [ -7.00769726415659, 55.107012866908271 ], [ -7.019978484280173, 55.100569029957846 ], [ -7.023459106865305, 55.091385733307 ], [ -7.013875609154876, 55.076949036013751 ], [ -7.021133301537763, 55.070266465221827 ], [ -7.044987261339287, 55.057956969586513 ], [ -7.043229699155969, 55.053240847051818 ], [ -7.060338863422325, 55.047770542384285 ], [ -7.110163041928178, 55.042516375304452 ], [ -7.131595151470327, 55.042109666381762 ], [ -7.148116309289843, 55.046464637627757 ], [ -7.148005665256333, 55.056230904433193 ], [ -7.161357141812754, 55.059728257479691 ], [ -7.182613804908339, 55.060966153777073 ], [ -7.211012518976244, 55.057235791594515 ], [ -7.224636276756794, 55.061054928979992 ], [ -7.263975888995557, 55.066529695545889 ], [ -7.272622595187194, 55.063477152945502 ], [ -7.277197260194285, 55.054374973770891 ], [ -7.289158065698182, 55.047416257564521 ], [ -7.299452418927981, 55.05613476521301 ], [ -7.321594156412808, 55.045210718700552 ], [ -7.343660316702304, 55.051161200910279 ], [ -7.366300955987765, 55.038807114927046 ], [ -7.376463677190017, 55.02874989316205 ], [ -7.391283930048782, 55.022381439236987 ], [ -7.405613188049264, 55.003311261127848 ], [ -7.392055607771987, 54.994754679265242 ], [ -7.40700286881545, 54.982534922280188 ], [ -7.400335461353643, 54.972179386207031 ], [ -7.4074234934856, 54.963652228486517 ], [ -7.407133168411211, 54.955319438063597 ], [ -7.391974192532392, 54.945485534580634 ], [ -7.383653771819564, 54.944031096766736 ], [ -7.371041417876334, 54.928092949259465 ], [ -7.370648115086224, 54.919963978658338 ], [ -7.357551816160809, 54.915035476031854 ], [ -7.322706306542809, 54.914587400599295 ], [ -7.301632698584215, 54.924951606578695 ], [ -7.259553245809988, 54.918211425732061 ], [ -7.263079875415249, 54.904915493138709 ], [ -7.270426946303974, 54.899036340015137 ], [ -7.269644316242323, 54.888025857497546 ], [ -7.198212929493366, 54.885933306247779 ], [ -7.197524807869687, 54.878567215765919 ], [ -7.20636946148523, 54.867332523338312 ], [ -7.192795698308276, 54.85920422184283 ], [ -7.203709871074531, 54.853683123308485 ], [ -7.191200288542436, 54.846049168502532 ], [ -7.178055204776853, 54.853612934029051 ], [ -7.159150247448605, 54.851458404481832 ], [ -7.131160750819999, 54.834893045691743 ], [ -7.122805137699008, 54.827765204052362 ], [ -7.063618241922192, 54.810933502623016 ], [ -7.039460229980492, 54.819720929055187 ], [ -7.004181561320323, 54.820732352748109 ], [ -6.987383072695479, 54.832985059117149 ], [ -6.974417763445572, 54.828700244710888 ], [ -6.946068711279721, 54.833728837466047 ], [ -6.912064576402072, 54.820320723288567 ], [ -6.91185370637436, 54.813415527359069 ], [ -6.921460222069336, 54.804635088091771 ], [ -6.905929101698073, 54.791333871366611 ], [ -6.90290340779341, 54.783819835857642 ], [ -6.909925986905423, 54.777960750689019 ], [ -6.928542113684867, 54.772774940770503 ], [ -6.93599681561739, 54.766175682509967 ], [ -6.940752471879609, 54.752186238446477 ], [ -6.973363738727932, 54.740806183209202 ], [ -6.955099024108447, 54.730276828759571 ], [ -6.935284755172395, 54.734477936835752 ], [ -6.917915965055204, 54.734677382944831 ], [ -6.886555748884406, 54.728266940095118 ], [ -6.864325506280071, 54.736284204738126 ], [ -6.841513849204129, 54.738333074971067 ], [ -6.826795362589806, 54.736756918637205 ], [ -6.827744189508117, 54.725823077755265 ], [ -6.808787004188567, 54.716699783216605 ], [ -6.805396972611601, 54.708622979753976 ], [ -6.787115835228668, 54.702988364444501 ], [ -6.775975324403116, 54.692452953096222 ], [ -6.778832160937919, 54.688802686224264 ], [ -6.740521173593365, 54.668878467283413 ], [ -6.740213330890465, 54.660008058392151 ], [ -6.709092929558337, 54.653603331459117 ], [ -6.692140808860522, 54.657164350396563 ], [ -6.7000880145959, 54.642408688429427 ], [ -6.712299389691471, 54.647265468686975 ], [ -6.719031471362128, 54.636642100011969 ], [ -6.713664033092051, 54.627930041600685 ], [ -6.700833240154164, 54.632035223805026 ], [ -6.678486327578545, 54.634481286389871 ], [ -6.669138371372718, 54.642501846350598 ], [ -6.64082419739777, 54.630070282997551 ], [ -6.624710763823891, 54.638665375985006 ], [ -6.623092138111292, 54.647418570443861 ], [ -6.602766268251423, 54.656751665669951 ], [ -6.587472717995572, 54.655161250801982 ], [ -6.572402565077763, 54.664351547530224 ], [ -6.55758129274651, 54.656319018368883 ], [ -6.542844897931123, 54.657207556739571 ], [ -6.537541297695973, 54.663162027486742 ], [ -6.522510390257393, 54.669013110142011 ], [ -6.469248058735066, 54.685254348804307 ] ] ] } },
{ "type": "Feature", "properties": { "hcs_name": "Merionethshire", "abbr": "Merion", "hcs_county": "Merioneth", "hcs_number": 54, "hcs_code": "MRN", "county": "Merionethshire", "region": "Wales" }, "geometry": { "type": "Polygon", "coordinates": [ [ [ -3.926920758221145, 52.560762384325507 ], [ -3.928586405984321, 52.571646086283998 ], [ -3.919342872618258, 52.580566119948209 ], [ -3.909091172047645, 52.577237388788554 ], [ -3.889692410010194, 52.577166514122965 ], [ -3.861120126589101, 52.599216103347395 ], [ -3.847001091749066, 52.598929532952098 ], [ -3.843321963810752, 52.604949549419878 ], [ -3.849897563636624, 52.619427880308081 ], [ -3.846184335337209, 52.628877676087967 ], [ -3.834732705835622, 52.63272257322933 ], [ -3.84406677726049, 52.641399765104353 ], [ -3.83861760602627, 52.654513276644039 ], [ -3.82182670617599, 52.666698578456483 ], [ -3.818112062739885, 52.672637956142168 ], [ -3.803561551892684, 52.678461096439435 ], [ -3.788172690725947, 52.670975413415995 ], [ -3.764246101559026, 52.672639619220611 ], [ -3.743929472431876, 52.681263921698545 ], [ -3.736877595118242, 52.678049900799039 ], [ -3.714899041970691, 52.67912584526664 ], [ -3.701002356288276, 52.683930152421823 ], [ -3.685040719849146, 52.679519157047906 ], [ -3.673701719075628, 52.683124525016957 ], [ -3.665976984561134, 52.69173954966972 ], [ -3.648168614716312, 52.695349852181273 ], [ -3.619688424899438, 52.697422772266982 ], [ -3.603176455726643, 52.704743017189649 ], [ -3.599285846797837, 52.725856315776817 ], [ -3.591007177626515, 52.734362705883278 ], [ -3.589405677997205, 52.748765058998885 ], [ -3.595123786904129, 52.756957671175499 ], [ -3.590278905775559, 52.765908586075554 ], [ -3.599007833744793, 52.783574885399531 ], [ -3.606691698364261, 52.786782630008823 ], [ -3.608001852780877, 52.79635765009094 ], [ -3.596930715868708, 52.805087736148877 ], [ -3.597073885686114, 52.814044372392779 ], [ -3.586446851851863, 52.827704549200277 ], [ -3.568161074362601, 52.822861965008599 ], [ -3.566627480207815, 52.830028545371469 ], [ -3.53198872174547, 52.837966070534904 ], [ -3.517303656947443, 52.835042519025137 ], [ -3.5030537105576, 52.839127700714215 ], [ -3.490522551640696, 52.849126243631325 ], [ -3.483009186216412, 52.865439109339079 ], [ -3.452703440520971, 52.860586357439814 ], [ -3.434807340288871, 52.862300803746152 ], [ -3.415814163599871, 52.872336195848327 ], [ -3.388823791081848, 52.876070124734895 ], [ -3.382039335683782, 52.880038505083277 ], [ -3.372950676574482, 52.901446356015299 ], [ -3.35516827523364, 52.911120190348853 ], [ -3.355070654038996, 52.921285081313179 ], [ -3.32434490330897, 52.931820456683546 ], [ -3.314315396361938, 52.946807231491469 ], [ -3.297446568478243, 52.943000602400083 ], [ -3.250977514188613, 52.945744991844606 ], [ -3.237403118516679, 52.9509615824024 ], [ -3.245149164491358, 52.959299128548508 ], [ -3.216457833552793, 52.97021578430909 ], [ -3.232157920609524, 52.973769923174842 ], [ -3.245555744992815, 52.981118964606388 ], [ -3.259060380394073, 52.976462306759103 ], [ -3.278116638208465, 52.976933310496818 ], [ -3.284819721131198, 52.988721782030339 ], [ -3.302883094384687, 53.007752671242912 ], [ -3.3241422390737, 53.000935462577075 ], [ -3.341608640374214, 53.01798714182295 ], [ -3.351593134485847, 53.019507955854166 ], [ -3.362785897733969, 53.027121983455714 ], [ -3.360541877244678, 53.044395303508317 ], [ -3.436087001540344, 53.032033097163726 ], [ -3.428897954672241, 53.042714718412974 ], [ -3.437487121036416, 53.050850762269008 ], [ -3.447967757135771, 53.045243703453828 ], [ -3.51152879847101, 53.04294286320652 ], [ -3.511306544370127, 53.0321418262753 ], [ -3.496692124686848, 53.027590518446289 ], [ -3.476321454345836, 53.026288507922871 ], [ -3.467572414596038, 53.010430307674575 ], [ -3.452275892289323, 53.009715783683745 ], [ -3.44623159409308, 53.00456771590175 ], [ -3.457593532465838, 52.994930898521837 ], [ -3.454646230830068, 52.987898999954083 ], [ -3.481969384869316, 52.971599786640333 ], [ -3.500866551990748, 52.967511954896679 ], [ -3.53387875878586, 52.973688210427341 ], [ -3.544199682844059, 52.968322231749767 ], [ -3.566564001049326, 52.969864518739499 ], [ -3.582980093523854, 52.967554970159128 ], [ -3.597171867857881, 52.979105086826358 ], [ -3.602236774177396, 52.993077048777543 ], [ -3.610472369649658, 52.995843128983658 ], [ -3.599574604548917, 53.009923143770074 ], [ -3.606486119743121, 53.012016424794723 ], [ -3.635094086898189, 53.007700672360755 ], [ -3.659529913842534, 52.996911083456475 ], [ -3.672650932895602, 52.997025204683688 ], [ -3.683005909708376, 52.986784095629595 ], [ -3.710913367534957, 52.98622402761508 ], [ -3.749790658570616, 52.974327108607291 ], [ -3.767269521558899, 52.960403253492828 ], [ -3.798076707466875, 52.954586501994719 ], [ -3.813185262776242, 52.949527319958882 ], [ -3.828705135728303, 52.953842803505545 ], [ -3.833748447015743, 52.962061239473918 ], [ -3.849884743222863, 52.973193520327193 ], [ -3.847423149766857, 52.98299335656354 ], [ -3.873867449946868, 52.986668415546617 ], [ -3.889323331223317, 52.994334478189622 ], [ -3.88994886074957, 53.009207380302911 ], [ -3.898922974097304, 53.015376499389625 ], [ -3.928498612861814, 53.019453406223576 ], [ -3.950505986177084, 53.018825380476258 ], [ -3.969030802826665, 53.008693617436222 ], [ -3.981472969041138, 53.009506796622432 ], [ -3.994230594573378, 53.016881372169713 ], [ -3.990025191405361, 53.026571503552802 ], [ -4.018041195382562, 53.0297100516648 ], [ -4.032534659042431, 53.025587166281078 ], [ -4.046247658499547, 53.015905760400621 ], [ -4.072202831375598, 53.011299544498144 ], [ -4.067676650465309, 53.021769703972105 ], [ -4.091588750729146, 53.018468543019843 ], [ -4.100913579961224, 53.011862326379159 ], [ -4.094426436488713, 52.997784368608109 ], [ -4.100726663331884, 52.95695272229591 ], [ -4.097437428074888, 52.944993842879981 ], [ -4.089421647038114, 52.93863203527934 ], [ -4.106965800407323, 52.923386733909126 ], [ -4.120696617540461, 52.922625342233438 ], [ -4.108696138825049, 52.918589992576877 ], [ -4.102678606244891, 52.909117516017787 ], [ -4.083611065792474, 52.920158920971147 ], [ -4.074010986692908, 52.914863956034793 ], [ -4.086570135043591, 52.901911041679313 ], [ -4.115735536576337, 52.895246937948883 ], [ -4.139625518771185, 52.899849369934863 ], [ -4.150279756457112, 52.891609964142148 ], [ -4.145086268916947, 52.882432755155165 ], [ -4.126458934523941, 52.861340920593207 ], [ -4.119641392227938, 52.844821066362741 ], [ -4.127027391549176, 52.834388436105677 ], [ -4.119724233527491, 52.825547790212646 ], [ -4.136932607886741, 52.823632747458163 ], [ -4.152288319806088, 52.813203381265765 ], [ -4.148740939847121, 52.805504251790047 ], [ -4.133159194091226, 52.790663383577922 ], [ -4.095928417379316, 52.760830834326015 ], [ -4.08141078202393, 52.74773839634387 ], [ -4.059656339448081, 52.72028342202811 ], [ -4.049795510337834, 52.715387855566846 ], [ -4.058759226837297, 52.707918424129346 ], [ -4.057524042274901, 52.687087608716915 ], [ -4.082339997562774, 52.672498117453138 ], [ -4.094780240528094, 52.668528809631525 ], [ -4.117206424546433, 52.639185398634865 ], [ -4.12843919438683, 52.613503616387533 ], [ -4.08880603164506, 52.569125356605753 ], [ -4.070105907165146, 52.543189924972481 ], [ -4.050721485200139, 52.539647427977158 ], [ -4.028880006980289, 52.545735030334228 ], [ -4.011649639483253, 52.541523780292593 ], [ -3.998110953649537, 52.541669028451032 ], [ -3.985513497253384, 52.553404983882572 ], [ -3.967291098060456, 52.553651954570533 ], [ -3.959875376933865, 52.559752621581424 ], [ -3.926920758221145, 52.560762384325507 ] ] ] } },
{ "type": "Feature", "properties": { "hcs_name": "Middlesex", "abbr": "Mdx", "hcs_county": "Middlesex", "hcs_number": 55, "hcs_code": "MSX", "county": "Middlesex", "region": "London" }, "geometry": { "type": "Polygon", "coordinates": [ [ [ -0.522794227896776, 51.434981601595901 ], [ -0.510377108548095, 51.429587559880517 ], [ -0.512394894081067, 51.419992026756127 ], [ -0.49426092498801, 51.412782231202137 ], [ -0.491924905628187, 51.399541847263087 ], [ -0.482283151938107, 51.390074981112029 ], [ -0.459227218680244, 51.380888955878675 ], [ -0.447454696914502, 51.386822119330823 ], [ -0.428683261506316, 51.385466546605102 ], [ -0.408638516046908, 51.405073657304072 ], [ -0.393273246417209, 51.409084811638714 ], [ -0.377702705280959, 51.407969805198711 ], [ -0.360731079711938, 51.412055132201473 ], [ -0.341077779622601, 51.403366177070517 ], [ -0.32676119432675, 51.391565327913433 ], [ -0.308837645085641, 51.401609049948199 ], [ -0.306085463579526, 51.421826792274643 ], [ -0.327840870282073, 51.433760418639984 ], [ -0.328567735927636, 51.443614635704222 ], [ -0.305671902452013, 51.449208218003612 ], [ -0.30533571476388, 51.45618927628994 ], [ -0.319906332788141, 51.464064382796828 ], [ -0.318902703074753, 51.470619383633334 ], [ -0.308201395468428, 51.474853281543659 ], [ -0.296655159803448, 51.485834340027033 ], [ -0.284967002369043, 51.486713664218946 ], [ -0.271796057390861, 51.474519486465638 ], [ -0.253720315901682, 51.472734501217651 ], [ -0.250029892752029, 51.483217963588565 ], [ -0.242082098510661, 51.488699846299731 ], [ -0.229408093913724, 51.487655222757603 ], [ -0.223965432883286, 51.474400138399631 ], [ -0.211212218188331, 51.46609207686349 ], [ -0.188447231710571, 51.464827924619989 ], [ -0.176516350695525, 51.478838463454544 ], [ -0.168309118877536, 51.482238606184303 ], [ -0.128891604778456, 51.486323167283373 ], [ -0.12414070189331, 51.490804779592509 ], [ -0.120971540270202, 51.505629572187672 ], [ -0.111733789070401, 51.509750888332754 ], [ -0.083395539054007, 51.507476965773037 ], [ -0.057599775676672, 51.502010983922098 ], [ -0.040548042387763, 51.508596381267601 ], [ -0.031580959099355, 51.506438499199824 ], [ -0.029907528692039, 51.493977166594867 ], [ -0.017561929530618, 51.484740027064703 ], [ -0.000958, 51.488911 ], [ -0.00450304644923, 51.503151923617878 ], [ 0.007698564921912, 51.505498143473538 ], [ 0.003050559034936, 51.515635049456897 ], [ -0.008877730510635, 51.519813026306537 ], [ -0.00749550853285, 51.526142162645947 ], [ -0.017183361536852, 51.532834767998146 ], [ -0.018508400067075, 51.55517044338152 ], [ -0.030558324321433, 51.561832144301754 ], [ -0.045103984520399, 51.561758095563256 ], [ -0.056589360779707, 51.57084882879284 ], [ -0.060967722596419, 51.580442688161327 ], [ -0.047463155876409, 51.597149580941135 ], [ -0.033028395258373, 51.604744425107704 ], [ -0.038826703213248, 51.609760191149327 ], [ -0.025772223380689, 51.621670839171571 ], [ -0.027091587654592, 51.636574198279135 ], [ -0.021589105428949, 51.645580546456266 ], [ -0.012271362055088, 51.64959978055208 ], [ -0.011596512435145, 51.659002562526631 ], [ -0.017757762696669, 51.669206245007118 ], [ -0.0114553680093, 51.681177334501633 ], [ -0.04807559461242, 51.683902271355294 ], [ -0.062560402054224, 51.682949373027526 ], [ -0.076592646165089, 51.686516233166309 ], [ -0.105589884931663, 51.687888339682075 ], [ -0.116356659442888, 51.692562863345465 ], [ -0.145603763408578, 51.691596777261296 ], [ -0.158521086204445, 51.698857183842129 ], [ -0.184048406256182, 51.706677333811172 ], [ -0.214377742749971, 51.711058502825757 ], [ -0.235160133073657, 51.710104311668047 ], [ -0.244934010105244, 51.701538636617776 ], [ -0.241474915238955, 51.685341991713457 ], [ -0.228429035976017, 51.659246672550104 ], [ -0.221551819777755, 51.652480836024353 ], [ -0.191577106026142, 51.655174406085699 ], [ -0.162147285118161, 51.652914944702573 ], [ -0.154297094644179, 51.65442158587441 ], [ -0.143401833264122, 51.638927369058351 ], [ -0.128431523173997, 51.63215783419097 ], [ -0.141478129333108, 51.617329482170746 ], [ -0.154491829401518, 51.624130376834856 ], [ -0.169417428570994, 51.639188461393168 ], [ -0.18599856655361, 51.639836056323254 ], [ -0.181353923373321, 51.627916642664331 ], [ -0.190955659743281, 51.618124574448302 ], [ -0.205587933747678, 51.625572661654083 ], [ -0.216353270119105, 51.622980356864417 ], [ -0.233334284868865, 51.62588636458657 ], [ -0.228879927293974, 51.636256721450536 ], [ -0.250151101836967, 51.640007185489821 ], [ -0.26452279932759, 51.645186206985976 ], [ -0.289696215389891, 51.641691950996162 ], [ -0.305864690348441, 51.643871690335651 ], [ -0.366919334004158, 51.620798647411739 ], [ -0.401444626356005, 51.613169617509577 ], [ -0.445361941587008, 51.619689814523511 ], [ -0.457035985122714, 51.612276551413828 ], [ -0.497381629861269, 51.6316114909513 ], [ -0.495373899864935, 51.619017465081384 ], [ -0.500571749238835, 51.59968129438024 ], [ -0.49889320635126, 51.59132267504085 ], [ -0.484163601889203, 51.571492703877894 ], [ -0.47735486463472, 51.555286933406983 ], [ -0.491015121509954, 51.546249135821135 ], [ -0.492392643119462, 51.517136940188855 ], [ -0.483252168494433, 51.507197726826398 ], [ -0.491398701584325, 51.493106266929665 ], [ -0.504158014120756, 51.481114093956691 ], [ -0.523121833245096, 51.482469804848613 ], [ -0.523711444172042, 51.472431581194506 ], [ -0.534263, 51.455311620684391 ], [ -0.522794227896776, 51.434981601595901 ] ] ] } },
{ "type": "Feature", "properties": { "hcs_name": "Midlothian", "abbr": "Midloth", "hcs_county": "Midlothian", "hcs_number": 56, "hcs_code": "MLT", "county": "Midlothian", "region": "Scotland" }, "geometry": { "type": "Polygon", "coordinates": [ [ [ -3.471639199699098, 55.770971922945982 ], [ -3.470061165414119, 55.774224949945648 ], [ -3.439404685561612, 55.784596438772027 ], [ -3.444620294044549, 55.793458433809626 ], [ -3.435533078008894, 55.805498309587342 ], [ -3.415737417070396, 55.809463149088877 ], [ -3.399646876390659, 55.819016175076499 ], [ -3.378585343241892, 55.820317489116739 ], [ -3.369523527092919, 55.824058555071069 ], [ -3.360402327906303, 55.813744165577909 ], [ -3.350453731717345, 55.809559134917301 ], [ -3.347310810076772, 55.79465145118882 ], [ -3.336886331923406, 55.7913830743963 ], [ -3.303153520885385, 55.796369946794421 ], [ -3.290019340830356, 55.793017586644098 ], [ -3.292776931616341, 55.78056236109807 ], [ -3.274401329485392, 55.775351135462905 ], [ -3.250664355840806, 55.781700394289331 ], [ -3.235894837214582, 55.779125880613854 ], [ -3.225749411260797, 55.787013148217589 ], [ -3.211556098292531, 55.789694039335572 ], [ -3.195547627471072, 55.802176433747213 ], [ -3.185666602947882, 55.788768979530985 ], [ -3.167775446879502, 55.779520775385095 ], [ -3.174140904265984, 55.773614580110035 ], [ -3.156956522264055, 55.761907534943369 ], [ -3.16002055188607, 55.74744759031352 ], [ -3.144213520558425, 55.740110652485448 ], [ -3.150582488986818, 55.724748505626565 ], [ -3.134398357487507, 55.711452834505756 ], [ -3.092519888433422, 55.721738413777899 ], [ -3.070046523467009, 55.717012114997175 ], [ -3.027214622285834, 55.702012440537118 ], [ -3.00106015831121, 55.685435558933854 ], [ -2.959633007879132, 55.693412598580046 ], [ -2.942392694150631, 55.683470258131869 ], [ -2.932282776589775, 55.671552474349397 ], [ -2.918586781033879, 55.670319668631997 ], [ -2.905746277172278, 55.653145932789791 ], [ -2.893114613159129, 55.645992571217789 ], [ -2.881104671570749, 55.644783660755095 ], [ -2.861181960370895, 55.649242412418332 ], [ -2.848056582464976, 55.668375869330802 ], [ -2.825824160165697, 55.680946347387582 ], [ -2.825661523572174, 55.699311189027988 ], [ -2.824387420678345, 55.712302653809758 ], [ -2.83193422471525, 55.720014728638979 ], [ -2.829475982646926, 55.727236055452913 ], [ -2.839901583893323, 55.736055270895328 ], [ -2.845593705447843, 55.757711488756087 ], [ -2.869720308964279, 55.758782521247454 ], [ -2.897625793483293, 55.762793526810619 ], [ -2.911955753212768, 55.76985447224979 ], [ -2.908146659035529, 55.779865295317265 ], [ -2.924070457933249, 55.794170392421066 ], [ -2.919899368500622, 55.801023152432691 ], [ -2.889372847453397, 55.814464275217944 ], [ -2.888889741315418, 55.82162010244862 ], [ -2.879668928599762, 55.827730590194129 ], [ -2.876338477465642, 55.84023262699521 ], [ -2.880610681937031, 55.847512328568925 ], [ -2.899042930382759, 55.850919560401486 ], [ -2.900917215610832, 55.86039935835408 ], [ -2.935003375987562, 55.849246699069923 ], [ -2.928470075477954, 55.860868640515633 ], [ -2.937196332090392, 55.863523149826726 ], [ -2.937631982357864, 55.875290054771469 ], [ -2.948335002863518, 55.880884876207588 ], [ -2.947278537115801, 55.888965479112478 ], [ -2.960018317908557, 55.894517774733046 ], [ -2.969476768791708, 55.912570477695901 ], [ -2.988806527118569, 55.912818076251042 ], [ -2.997751134806698, 55.920641548289126 ], [ -3.012546482926413, 55.92601647482558 ], [ -2.99978989374495, 55.940931704603422 ], [ -3.017351149085789, 55.951769372997326 ], [ -3.045678143300334, 55.953030686411914 ], [ -3.06767048917414, 55.945101316628673 ], [ -3.09606744459249, 55.949568121159999 ], [ -3.116320999232122, 55.956911700678198 ], [ -3.156734240027922, 55.981501180886688 ], [ -3.178622137999366, 55.989300195964312 ], [ -3.203500102353699, 55.980039307133055 ], [ -3.23386883452406, 55.983689275714767 ], [ -3.250806340903822, 55.983708496486287 ], [ -3.262557252812773, 55.979190750616389 ], [ -3.289422494913396, 55.979027997448718 ], [ -3.303874499682793, 55.975347639348904 ], [ -3.315792532300698, 55.964208588533317 ], [ -3.354934808089945, 55.958874723823101 ], [ -3.381752415932967, 55.949902242548021 ], [ -3.403344711258212, 55.952838024959362 ], [ -3.410040867925942, 55.940471002187913 ], [ -3.425925631860737, 55.932514969469558 ], [ -3.437576922643626, 55.912823260218815 ], [ -3.454583238030493, 55.909315771811897 ], [ -3.465032556051851, 55.902752640076947 ], [ -3.48682457559832, 55.913777799036161 ], [ -3.526006527880022, 55.90325957941139 ], [ -3.520057307132331, 55.887533247104905 ], [ -3.532058122726629, 55.884396445833566 ], [ -3.560130137189892, 55.883431067396707 ], [ -3.57251846586305, 55.877580756142805 ], [ -3.57153164670348, 55.862272816666639 ], [ -3.590418001994573, 55.851521876522732 ], [ -3.604387779329115, 55.850666649240907 ], [ -3.632788447297761, 55.843555038338309 ], [ -3.669748150382917, 55.83165728242237 ], [ -3.716422744503086, 55.814912548992623 ], [ -3.741641813811402, 55.799408521898734 ], [ -3.733433189200998, 55.793036043235546 ], [ -3.74318023340605, 55.780736000216308 ], [ -3.732807684365966, 55.777798317095353 ], [ -3.71990993934687, 55.787963576754954 ], [ -3.685789506139025, 55.797362108101311 ], [ -3.679864907739105, 55.794142065877594 ], [ -3.654462838051562, 55.802392069942719 ], [ -3.621654041084707, 55.802574806043488 ], [ -3.591557645401743, 55.810215551657237 ], [ -3.588216737229383, 55.802521783954191 ], [ -3.554973195319286, 55.785674600878608 ], [ -3.538144050760472, 55.785802800604607 ], [ -3.482796476788958, 55.772021292906693 ], [ -3.471639199699098, 55.770971922945982 ] ] ] } },
{ "type": "Feature", "properties": { "hcs_name": "Monmouthshire", "abbr": "Mon", "hcs_county": "Monmouth", "hcs_number": 57, "hcs_code": "MNM", "county": "Monmouthshire", "region": "Wales" }, "geometry": { "type": "Polygon", "coordinates": [ [ [ -3.293601168756092, 51.772534973580719 ], [ -3.294780655534333, 51.767407148983544 ], [ -3.281742903050425, 51.749882781745477 ], [ -3.269354410540647, 51.740265640160253 ], [ -3.254661313316777, 51.734216967975243 ], [ -3.243059831592844, 51.71939400009024 ], [ -3.229640139900695, 51.713199299093702 ], [ -3.222956805727623, 51.703797317131517 ], [ -3.230413414417179, 51.695274067402927 ], [ -3.221433219690379, 51.679224016256626 ], [ -3.226611448595004, 51.668596535014878 ], [ -3.220424928347833, 51.6498709698431 ], [ -3.231422385262717, 51.639672810493046 ], [ -3.235046437334625, 51.629359011301538 ], [ -3.220997796260604, 51.616768342825509 ], [ -3.227492320779751, 51.606752941029875 ], [ -3.222451709187811, 51.593454261687242 ], [ -3.195401925829064, 51.586205552678557 ], [ -3.17520675748285, 51.590140930077581 ], [ -3.163565407163794, 51.588930583294115 ], [ -3.154118828273097, 51.593649647882643 ], [ -3.136247581021861, 51.595621831965602 ], [ -3.120298490697557, 51.57980227700105 ], [ -3.100631807618054, 51.576087579102243 ], [ -3.090334117195336, 51.569572090695146 ], [ -3.094455661064616, 51.563013615642831 ], [ -3.107367754759846, 51.558420861941919 ], [ -3.107949137527548, 51.552384042978908 ], [ -3.120196305833897, 51.542215301889811 ], [ -3.11958960852117, 51.530848301921345 ], [ -3.132147701245778, 51.527205060200778 ], [ -3.141464029923642, 51.518134975942246 ], [ -3.13954082459359, 51.501044922258096 ], [ -3.132585120842075, 51.49212055882969 ], [ -3.121254860434425, 51.49095535047087 ], [ -3.110762001364788, 51.491498760899603 ], [ -3.068835216487213, 51.505403961079182 ], [ -3.004492214375164, 51.530696546349446 ], [ -2.994204093219893, 51.540623446509379 ], [ -2.96871008778631, 51.540049616203653 ], [ -2.951235371136589, 51.535092042847069 ], [ -2.915972605023459, 51.535611987377109 ], [ -2.908026272798971, 51.532748745429096 ], [ -2.869487405907088, 51.542513725149533 ], [ -2.844640145347075, 51.545811764975589 ], [ -2.776982913984476, 51.571942733351882 ], [ -2.748789361248583, 51.580046470470805 ], [ -2.73062964611765, 51.581518272109093 ], [ -2.699703819907911, 51.5739780883547 ], [ -2.698242925206288, 51.581236043006477 ], [ -2.672306176777328, 51.599232798142786 ], [ -2.66453226144469, 51.601420787935858 ], [ -2.657023391279427, 51.623257445181892 ], [ -2.668786155326458, 51.634448995866912 ], [ -2.668510609906063, 51.645379403147579 ], [ -2.679933347628368, 51.64852718074868 ], [ -2.667119449980334, 51.660123591724563 ], [ -2.685398468364226, 51.661447881229371 ], [ -2.684567206154631, 51.668150485902515 ], [ -2.659854474750488, 51.671307239909446 ], [ -2.660024855144692, 51.676817560523055 ], [ -2.673091335687879, 51.683179726498437 ], [ -2.668781671129407, 51.706800691416866 ], [ -2.679560657571548, 51.714381255782108 ], [ -2.680735993707418, 51.724956930332631 ], [ -2.687453346589003, 51.730887572428337 ], [ -2.674641723738926, 51.734966698342348 ], [ -2.66293714034569, 51.753299310218928 ], [ -2.679738358965084, 51.767592873704693 ], [ -2.671328204155366, 51.794956643519363 ], [ -2.678626853012751, 51.802570056177736 ], [ -2.672602275870026, 51.808907272732597 ], [ -2.659483819849268, 51.81067250684152 ], [ -2.660885471066962, 51.82281401685578 ], [ -2.650408637788579, 51.826112776351955 ], [ -2.658406860551579, 51.832866545304803 ], [ -2.694253420048336, 51.83960478236915 ], [ -2.71625011600024, 51.840821032876732 ], [ -2.717787733632594, 51.847461480366178 ], [ -2.729751115526508, 51.858218832812994 ], [ -2.742735914248045, 51.842915510540728 ], [ -2.756942879677702, 51.846159424420208 ], [ -2.769518796885975, 51.862199586765136 ], [ -2.777866544374521, 51.864845965705896 ], [ -2.776836351285441, 51.873321886439207 ], [ -2.768505976771586, 51.880090063153737 ], [ -2.796655273951534, 51.888308297041867 ], [ -2.814029112055158, 51.897840968416538 ], [ -2.820802979174801, 51.905271913700467 ], [ -2.836357154123671, 51.906212863184621 ], [ -2.837116996298714, 51.913837147886035 ], [ -2.859491466813531, 51.927754097857807 ], [ -2.875454961143347, 51.933105535253176 ], [ -2.90081064410091, 51.925883988796578 ], [ -2.908183, 51.921169 ], [ -2.941973339907952, 51.909595576932624 ], [ -2.972810817487209, 51.905871641801085 ], [ -2.976681375742267, 51.927502856300272 ], [ -2.999025, 51.923458 ], [ -3.008031876222674, 51.927058400966928 ], [ -3.008475870955782, 51.937941217589199 ], [ -3.025949203831571, 51.957221583453958 ], [ -3.057083212752329, 51.975253432204312 ], [ -3.068034449205817, 51.983720825412895 ], [ -3.078114899049323, 51.973220319287137 ], [ -3.093104660382202, 51.965152643467022 ], [ -3.079181778559121, 51.957266290533539 ], [ -3.090021274473853, 51.950309816978859 ], [ -3.080191672211289, 51.93494419582656 ], [ -3.078879139991495, 51.924828033064259 ], [ -3.0624046287161, 51.919201599076878 ], [ -3.049507548524291, 51.911454901858534 ], [ -3.04836508841108, 51.904266290260246 ], [ -3.038651469528818, 51.893725712196989 ], [ -3.040094620217073, 51.884538708495263 ], [ -3.072247698945965, 51.875182880961965 ], [ -3.063495972067791, 51.863301279312829 ], [ -3.076702839225819, 51.857909129330139 ], [ -3.083811553621893, 51.850146236074806 ], [ -3.095743032619937, 51.847271538513823 ], [ -3.091223217026733, 51.839442880353069 ], [ -3.075905662281778, 51.834668976577937 ], [ -3.069761603486556, 51.826849745256389 ], [ -3.079668989142918, 51.81885097424486 ], [ -3.092066252777516, 51.818363382857683 ], [ -3.100664271987041, 51.810726756717585 ], [ -3.105960590462322, 51.795486315186714 ], [ -3.130249749892708, 51.792770913335744 ], [ -3.164411249282574, 51.797428235540401 ], [ -3.187631384959099, 51.798347987186851 ], [ -3.205602914773368, 51.793156573806385 ], [ -3.215383261602703, 51.796327600070391 ], [ -3.238540002239984, 51.795820836769344 ], [ -3.245790118601845, 51.78340383402594 ], [ -3.265509285652025, 51.785930533057602 ], [ -3.280015774555184, 51.782977096617437 ], [ -3.293601168756092, 51.772534973580719 ] ] ] } },
{ "type": "Feature", "properties": { "hcs_name": "Montgomeryshire", "abbr": "Monts", "hcs_county": "Montgomery", "hcs_number": 58, "hcs_code": "MTG", "county": "Montgomeryshire", "region": "Wales" }, "geometry": { "type": "Polygon", "coordinates": [ [ [ -3.388823791081848, 52.876070124734895 ], [ -3.415814163599871, 52.872336195848327 ], [ -3.434807340288871, 52.862300803746152 ], [ -3.452703440520971, 52.860586357439814 ], [ -3.483009186216412, 52.865439109339079 ], [ -3.490522551640696, 52.849126243631325 ], [ -3.5030537105576, 52.839127700714215 ], [ -3.517303656947443, 52.835042519025137 ], [ -3.53198872174547, 52.837966070534904 ], [ -3.566627480207815, 52.830028545371469 ], [ -3.568161074362601, 52.822861965008599 ], [ -3.586446851851863, 52.827704549200277 ], [ -3.597073885686114, 52.814044372392779 ], [ -3.596930715868708, 52.805087736148877 ], [ -3.608001852780877, 52.79635765009094 ], [ -3.606691698364261, 52.786782630008823 ], [ -3.599007833744793, 52.783574885399531 ], [ -3.590278905775559, 52.765908586075554 ], [ -3.595123786904129, 52.756957671175499 ], [ -3.589405677997205, 52.748765058998885 ], [ -3.591007177626515, 52.734362705883278 ], [ -3.599285846797837, 52.725856315776817 ], [ -3.603176455726643, 52.704743017189649 ], [ -3.619688424899438, 52.697422772266982 ], [ -3.648168614716312, 52.695349852181273 ], [ -3.665976984561134, 52.69173954966972 ], [ -3.673701719075628, 52.683124525016957 ], [ -3.685040719849146, 52.679519157047906 ], [ -3.701002356288276, 52.683930152421823 ], [ -3.714899041970691, 52.67912584526664 ], [ -3.736877595118242, 52.678049900799039 ], [ -3.743929472431876, 52.681263921698545 ], [ -3.764246101559026, 52.672639619220611 ], [ -3.788172690725947, 52.670975413415995 ], [ -3.803561551892684, 52.678461096439435 ], [ -3.818112062739885, 52.672637956142168 ], [ -3.82182670617599, 52.666698578456483 ], [ -3.83861760602627, 52.654513276644039 ], [ -3.84406677726049, 52.641399765104353 ], [ -3.834732705835622, 52.63272257322933 ], [ -3.846184335337209, 52.628877676087967 ], [ -3.849897563636624, 52.619427880308081 ], [ -3.843321963810752, 52.604949549419878 ], [ -3.847001091749066, 52.598929532952098 ], [ -3.861120126589101, 52.599216103347395 ], [ -3.889692410010194, 52.577166514122965 ], [ -3.909091172047645, 52.577237388788554 ], [ -3.919342872618258, 52.580566119948209 ], [ -3.928586405984321, 52.571646086283998 ], [ -3.926920758221145, 52.560762384325507 ], [ -3.859722252011113, 52.560855856515616 ], [ -3.840867140776125, 52.551340103482268 ], [ -3.836266528185336, 52.52581149473086 ], [ -3.844463503697755, 52.516931102820294 ], [ -3.837968746527226, 52.501813164058426 ], [ -3.825360902213419, 52.483665083151209 ], [ -3.805745852188467, 52.480651014963939 ], [ -3.793149544235646, 52.486671769071222 ], [ -3.772244767308777, 52.488642529877545 ], [ -3.767615995148442, 52.498798606078829 ], [ -3.74191416163311, 52.507602430461468 ], [ -3.730240354470827, 52.498651302516166 ], [ -3.741102813862878, 52.495556386408801 ], [ -3.73886385152675, 52.486684144749624 ], [ -3.751321710909964, 52.472931079369161 ], [ -3.764404793114542, 52.471521178136207 ], [ -3.771603900930008, 52.442178045094266 ], [ -3.761997040581122, 52.439851633324814 ], [ -3.730829702910472, 52.425435136771412 ], [ -3.726390122218907, 52.416510843968126 ], [ -3.712081020318254, 52.413375882878185 ], [ -3.712881287867091, 52.4014696611342 ], [ -3.703860720982931, 52.388952834101509 ], [ -3.695976667393392, 52.371158052254486 ], [ -3.685415468500392, 52.368243047957151 ], [ -3.663677224706266, 52.354620466917346 ], [ -3.654766079547793, 52.356325256053843 ], [ -3.635704627459718, 52.370104728877799 ], [ -3.624075500615823, 52.36871982836719 ], [ -3.605858920790879, 52.360645757002189 ], [ -3.591165342070032, 52.361850364756428 ], [ -3.592885810567764, 52.372023753826525 ], [ -3.572236278229791, 52.37392315859762 ], [ -3.565756620941136, 52.383137135394833 ], [ -3.550503106475833, 52.39480029789425 ], [ -3.539320210271092, 52.397548466475889 ], [ -3.535595366707607, 52.405107674517296 ], [ -3.516183520519697, 52.408957639129078 ], [ -3.498747278614751, 52.404471803882835 ], [ -3.490267183812215, 52.391722615492355 ], [ -3.477220594473585, 52.390731162842457 ], [ -3.45661810533458, 52.400430626304946 ], [ -3.437417284937632, 52.402970735771319 ], [ -3.424272577523589, 52.412329427248622 ], [ -3.411959817175424, 52.430393837930062 ], [ -3.389916987784198, 52.441458201632713 ], [ -3.36664881575837, 52.4444158758008 ], [ -3.344645266248501, 52.435402691016463 ], [ -3.330131387064089, 52.445169159576515 ], [ -3.314552063320201, 52.443306707194687 ], [ -3.29645730145934, 52.450500860028612 ], [ -3.287171467325393, 52.458011243408734 ], [ -3.254132545711029, 52.463716613159555 ], [ -3.231371316301489, 52.453207095739131 ], [ -3.212038727102499, 52.468096253843221 ], [ -3.194418726105024, 52.476397453496119 ], [ -3.180666569714664, 52.473819502646592 ], [ -3.14037921406116, 52.491670477467835 ], [ -3.128293995488626, 52.492068244574654 ], [ -3.113253044343041, 52.498386231841579 ], [ -3.085490014449656, 52.498536796694509 ], [ -3.029228686855983, 52.501251799582001 ], [ -3.036446144721153, 52.511483695556478 ], [ -3.024799104623308, 52.523813497470705 ], [ -3.01059930570383, 52.520048849781382 ], [ -2.997582261265198, 52.548238416764129 ], [ -2.99761315980559, 52.563815228339912 ], [ -3.006649819054748, 52.573888708591895 ], [ -3.014122004720517, 52.575395941661299 ], [ -3.036415741865653, 52.571812016014341 ], [ -3.049943134430996, 52.560692892968412 ], [ -3.087288677802155, 52.551331263005615 ], [ -3.093943568134538, 52.544907518158404 ], [ -3.083087513175217, 52.535851788912566 ], [ -3.100018358226196, 52.530821030295733 ], [ -3.131543792200006, 52.527030879410312 ], [ -3.137144698869053, 52.533947612053801 ], [ -3.111502665422583, 52.541363031451631 ], [ -3.127360721167394, 52.566063618176933 ], [ -3.13771158126615, 52.573837820734887 ], [ -3.138358003324803, 52.582724908535972 ], [ -3.109790349665089, 52.590259117276865 ], [ -3.100490926023729, 52.597595077712171 ], [ -3.089337325480954, 52.599645812078229 ], [ -3.092843166308266, 52.60993679551494 ], [ -3.082600227746268, 52.615639756860503 ], [ -3.080873356529831, 52.6224745355563 ], [ -3.067815588621928, 52.63053402530889 ], [ -3.069585123358213, 52.64584183471333 ], [ -3.051206593490977, 52.647368631077683 ], [ -3.042751645979399, 52.686928306875465 ], [ -3.022740103766956, 52.706537813378787 ], [ -3.025383555046393, 52.714750377853811 ], [ -3.020273793832632, 52.721558616072798 ], [ -3.00062426058859, 52.720259513592318 ], [ -2.97542035877939, 52.722383573092912 ], [ -2.977687987467703, 52.715263077677569 ], [ -2.96167995345089, 52.715674053184408 ], [ -2.96563095555339, 52.732328187348664 ], [ -2.973643499304744, 52.735713489354858 ], [ -2.990039859094854, 52.733512210441241 ], [ -2.99770043117477, 52.743878557287886 ], [ -3.009687062494697, 52.750318773080224 ], [ -3.010830430439638, 52.762113270584969 ], [ -3.039594002951879, 52.770173008201112 ], [ -3.046453977409293, 52.767097509051382 ], [ -3.08784263069514, 52.779451126717923 ], [ -3.085727156513959, 52.790386011146346 ], [ -3.10617441047933, 52.792925020519966 ], [ -3.10979882808519, 52.786674963032297 ], [ -3.131349871654303, 52.787569097323043 ], [ -3.158445683780669, 52.793488411897961 ], [ -3.161410710367937, 52.803579386455375 ], [ -3.184800397229633, 52.805268409724029 ], [ -3.19341365275349, 52.798498311725567 ], [ -3.212815611048629, 52.792995017770117 ], [ -3.229313935611561, 52.791496239135753 ], [ -3.24117166042057, 52.786087544933615 ], [ -3.271692814989713, 52.786335626978328 ], [ -3.273364482805508, 52.798049381593181 ], [ -3.282317331099323, 52.802613355214767 ], [ -3.281285302154154, 52.809792522409481 ], [ -3.29619096286094, 52.822833773576704 ], [ -3.308601696270145, 52.829788235984559 ], [ -3.342806516672371, 52.84145845867203 ], [ -3.367003460041048, 52.847830891471808 ], [ -3.373976620990624, 52.854127221446333 ], [ -3.397439837585333, 52.860902329334678 ], [ -3.388823791081848, 52.876070124734895 ] ] ] } },
{ "type": "Feature", "properties": { "hcs_name": "Morayshire", "abbr": "Moray", "hcs_county": "Moray", "hcs_number": 59, "hcs_code": "MOY", "county": "Morayshire", "region": "Scotland" }, "geometry": { "type": "Polygon", "coordinates": [ [ [ -3.109415663344953, 57.675500219553946 ], [ -3.111635208817272, 57.675999384807632 ], [ -3.174056103483672, 57.688001526071922 ], [ -3.235247293210271, 57.702874809580081 ], [ -3.278876923213752, 57.718259530933757 ], [ -3.289232589291036, 57.725185158754527 ], [ -3.302331323840718, 57.720600055817442 ], [ -3.32909039575125, 57.724478229576619 ], [ -3.34576359237008, 57.724512897827616 ], [ -3.384895207827979, 57.719447267701092 ], [ -3.392902537477792, 57.716030387652033 ], [ -3.443271095763182, 57.709179977676499 ], [ -3.455372678883217, 57.704373872017179 ], [ -3.473070199755623, 57.703907198553331 ], [ -3.489537570829157, 57.69948108115554 ], [ -3.494818962195605, 57.68169067570112 ], [ -3.507230410298501, 57.671630445442631 ], [ -3.528486374236881, 57.664410821219661 ], [ -3.549456886380047, 57.661681577406007 ], [ -3.573913095719669, 57.661599737679737 ], [ -3.614778020963479, 57.663984472803108 ], [ -3.601023393515371, 57.651434335186721 ], [ -3.585742502070432, 57.646924463609182 ], [ -3.581165627166534, 57.638076999471551 ], [ -3.589900137405982, 57.630815458879411 ], [ -3.632760544274721, 57.64055288685487 ], [ -3.621355742440392, 57.65563309740039 ], [ -3.634649049511565, 57.662984817923167 ], [ -3.696890781348724, 57.65826724579378 ], [ -3.703080082994844, 57.646186124306531 ], [ -3.74352000026911, 57.631916763310421 ], [ -3.762639019820257, 57.630979316106192 ], [ -3.746806369575885, 57.605124079661792 ], [ -3.73873861248618, 57.598164744831941 ], [ -3.746470898842825, 57.588383070658587 ], [ -3.727765214337869, 57.58014596588648 ], [ -3.713672640792909, 57.569798061564121 ], [ -3.72973244810277, 57.560982117223688 ], [ -3.720573328308951, 57.556577372532693 ], [ -3.711825784373562, 57.534049566739299 ], [ -3.706537036974967, 57.527610907665846 ], [ -3.690788299689548, 57.520183174939675 ], [ -3.701080739506626, 57.51252025483182 ], [ -3.684530974409597, 57.496978115571601 ], [ -3.696865513235043, 57.472765787823349 ], [ -3.699135699399522, 57.459001146259759 ], [ -3.691468999502814, 57.443261770504357 ], [ -3.710197597176732, 57.439164994377009 ], [ -3.716604376608154, 57.422363116899255 ], [ -3.730148158319044, 57.417386022650305 ], [ -3.735950607319215, 57.400459974430078 ], [ -3.758013007237737, 57.394167294371321 ], [ -3.762161114811136, 57.380947096600188 ], [ -3.771010714586934, 57.374004708069307 ], [ -3.777634866815236, 57.360908095301241 ], [ -3.783865068351221, 57.359080063694144 ], [ -3.777861083148964, 57.353967237742701 ], [ -3.751426673900673, 57.353121282713545 ], [ -3.740366287766096, 57.344983533198331 ], [ -3.728899379795729, 57.350091549167253 ], [ -3.705184068790933, 57.350244381047212 ], [ -3.685074107567949, 57.337415886829042 ], [ -3.674428074953683, 57.315887606029037 ], [ -3.676034164796565, 57.303940445183912 ], [ -3.659660279960717, 57.300628048235971 ], [ -3.653773380548426, 57.293616220883671 ], [ -3.638651738034571, 57.301400243493099 ], [ -3.610889795767913, 57.320977561801797 ], [ -3.592487099716293, 57.317306788604682 ], [ -3.574413408279638, 57.324843290609657 ], [ -3.555403670600921, 57.325323522264078 ], [ -3.542001838603706, 57.312505330521233 ], [ -3.502070500694472, 57.297393286090674 ], [ -3.495980374311925, 57.297635790327931 ], [ -3.493937345708593, 57.30467063570412 ], [ -3.476350123104107, 57.321642290551125 ], [ -3.452835560129028, 57.326799250554977 ], [ -3.435522482511003, 57.342500931154589 ], [ -3.43146015679095, 57.351049129717786 ], [ -3.394458211953271, 57.371088567573352 ], [ -3.398767981078444, 57.382914071330198 ], [ -3.385683477164, 57.388821811329933 ], [ -3.397656467965556, 57.395665362398546 ], [ -3.403341748077234, 57.415071752394041 ], [ -3.379701265546254, 57.413899775819502 ], [ -3.360905604319949, 57.406100173231735 ], [ -3.351020220969908, 57.396684024339002 ], [ -3.338271198878013, 57.401922362077578 ], [ -3.323439054376264, 57.392711941514527 ], [ -3.313032898791332, 57.397134934875403 ], [ -3.315672314636658, 57.408462218576638 ], [ -3.333515388677276, 57.414788338432231 ], [ -3.358566639726627, 57.414864822461048 ], [ -3.364310753010723, 57.421726682691869 ], [ -3.358292771108453, 57.438843120027414 ], [ -3.365375826755629, 57.454494520044371 ], [ -3.332347506676069, 57.461280748251589 ], [ -3.320004499710686, 57.461531507319386 ], [ -3.302137646847255, 57.453261332053849 ], [ -3.275903245829511, 57.457312788668794 ], [ -3.263754075942458, 57.46796574305661 ], [ -3.241370116460888, 57.464821609271233 ], [ -3.214444117996774, 57.477526719133429 ], [ -3.196952127225336, 57.482383285230526 ], [ -3.196842816406733, 57.490126381689663 ], [ -3.182303521992802, 57.494065170431789 ], [ -3.178544522766852, 57.502053490767565 ], [ -3.204713602508951, 57.512170642838029 ], [ -3.199504639798781, 57.522567384827255 ], [ -3.190902520501965, 57.52475801201355 ], [ -3.192484137790188, 57.53907761985667 ], [ -3.168580959537814, 57.534584181137362 ], [ -3.150788526942719, 57.540640495335815 ], [ -3.139483861855628, 57.552146135447742 ], [ -3.124288039051487, 57.551117852324765 ], [ -3.11348926017018, 57.540352929011974 ], [ -3.143074861539329, 57.523295339562296 ], [ -3.129795685488348, 57.518954314252085 ], [ -3.10584863261101, 57.532234033316129 ], [ -3.074725342003211, 57.541669468656792 ], [ -3.06022611714153, 57.536102394716046 ], [ -3.007964306370044, 57.536739974701788 ], [ -2.980466739900475, 57.544577808095681 ], [ -2.988813331200728, 57.552537272313558 ], [ -3.006069964778737, 57.561660282897577 ], [ -3.009200817186219, 57.585793464497009 ], [ -3.033265014250867, 57.603481989328941 ], [ -3.065532292085345, 57.602588816824131 ], [ -3.088586282551324, 57.616268531497454 ], [ -3.092573184855326, 57.625401319333349 ], [ -3.087965699713834, 57.637908855604728 ], [ -3.100191854532305, 57.640696154480437 ], [ -3.095614510562887, 57.65739859685975 ], [ -3.09763095357557, 57.669743532682858 ], [ -3.109415663344953, 57.675500219553946 ] ] ] } },
{ "type": "Feature", "properties": { "hcs_name": "Nairnshire", "abbr": "Nairn", "hcs_county": "Nairn", "hcs_number": 60, "hcs_code": "NRN", "county": "Nairnshire", "region": "Scotland" }, "geometry": { "type": "Polygon", "coordinates": [ [ [ -3.979694253981962, 57.59158806841905 ], [ -3.985145207445277, 57.587106204058728 ], [ -3.971202484705604, 57.579700273785612 ], [ -3.976184585010436, 57.572485545609503 ], [ -3.961607458783312, 57.560596802195043 ], [ -3.961565718203051, 57.553394962376338 ], [ -3.996055054579577, 57.539891592069942 ], [ -3.997663695947875, 57.527226479657003 ], [ -4.008077638298627, 57.522007353578708 ], [ -3.998408842111986, 57.514861384516138 ], [ -3.978696660305305, 57.519155654560315 ], [ -3.951280241788902, 57.528238459572634 ], [ -3.936048485845229, 57.52151538933169 ], [ -3.96731773392697, 57.501470330781601 ], [ -3.947303866148965, 57.473231323607216 ], [ -3.964832294625904, 57.472328065311387 ], [ -3.97803784027006, 57.483289551256931 ], [ -3.996175103522123, 57.478813445409813 ], [ -3.990742296654745, 57.471019347727264 ], [ -4.004129606781609, 57.456453622398911 ], [ -4.012385795241317, 57.482977595973438 ], [ -4.006583525606504, 57.486301149942648 ], [ -4.014223124714144, 57.496786786447643 ], [ -4.035823991054058, 57.503313020888413 ], [ -4.043123503539298, 57.498978366068563 ], [ -4.065362613463173, 57.501882925609415 ], [ -4.105805144170486, 57.483764264140042 ], [ -4.079929859011025, 57.471440299706359 ], [ -4.062454862920362, 57.468034156677106 ], [ -4.073972329890373, 57.458191245478822 ], [ -4.076636403012457, 57.446667760495586 ], [ -4.067071999617232, 57.435064889111814 ], [ -4.053683658103598, 57.426566665213137 ], [ -4.022305479665029, 57.431148789222597 ], [ -4.006719582799293, 57.427444424909226 ], [ -3.992537726059224, 57.429556445583259 ], [ -3.96149716482932, 57.426365559467058 ], [ -3.956977146483462, 57.417113597749037 ], [ -3.960295368930741, 57.407714830519268 ], [ -3.948446137769514, 57.395024386900097 ], [ -3.928133751907795, 57.397909645918332 ], [ -3.915901061546537, 57.38456058022976 ], [ -3.898851793723697, 57.383030075729543 ], [ -3.876557492897162, 57.357944053538134 ], [ -3.862954172820389, 57.348880716832355 ], [ -3.840627446417885, 57.343721799294727 ], [ -3.809380443253266, 57.347455080123744 ], [ -3.792389469003494, 57.359285242171602 ], [ -3.783865068351221, 57.359080063694144 ], [ -3.777634866815236, 57.360908095301241 ], [ -3.771010714586934, 57.374004708069307 ], [ -3.762161114811136, 57.380947096600188 ], [ -3.758013007237737, 57.394167294371321 ], [ -3.735950607319215, 57.400459974430078 ], [ -3.730148158319044, 57.417386022650305 ], [ -3.716604376608154, 57.422363116899255 ], [ -3.710197597176732, 57.439164994377009 ], [ -3.691468999502814, 57.443261770504357 ], [ -3.699135699399522, 57.459001146259759 ], [ -3.696865513235043, 57.472765787823349 ], [ -3.684530974409597, 57.496978115571601 ], [ -3.701080739506626, 57.51252025483182 ], [ -3.690788299689548, 57.520183174939675 ], [ -3.706537036974967, 57.527610907665846 ], [ -3.711825784373562, 57.534049566739299 ], [ -3.720573328308951, 57.556577372532693 ], [ -3.72973244810277, 57.560982117223688 ], [ -3.713672640792909, 57.569798061564121 ], [ -3.727765214337869, 57.58014596588648 ], [ -3.746470898842825, 57.588383070658587 ], [ -3.73873861248618, 57.598164744831941 ], [ -3.746806369575885, 57.605124079661792 ], [ -3.762639019820257, 57.630979316106192 ], [ -3.770729254935821, 57.624211398475524 ], [ -3.786622827061284, 57.619437559530539 ], [ -3.796876405785526, 57.610622782026752 ], [ -3.815503574408378, 57.603073687791586 ], [ -3.868202551172149, 57.590152385110208 ], [ -3.913816832100117, 57.585803179824424 ], [ -3.93599601647863, 57.586374409403788 ], [ -3.975868190096103, 57.59453581100626 ], [ -3.977182064530787, 57.593472389143962 ], [ -3.979694253981962, 57.59158806841905 ] ] ] } },
{ "type": "Feature", "properties": { "hcs_name": "Norfolk", "abbr": "Norf", "hcs_county": "Norfolk", "hcs_number": 61, "hcs_code": "NRF", "county": "Norfolk", "region": "East of England" }, "geometry": { "type": "MultiPolygon", "coordinates": [ [ [ [ 0.706213039880409, 52.980168645578694 ], [ 0.713844923054697, 52.977202927588841 ], [ 0.726667223856479, 52.97805252933 ], [ 0.738185779739638, 52.975968184292057 ], [ 0.74607583331882, 52.980290072924952 ], [ 0.698794773774473, 52.986925587230353 ], [ 0.706213039880409, 52.980168645578694 ] ] ], [ [ [ 0.429299445694195, 52.436450429294219 ], [ 0.449879997360983, 52.447689784500291 ], [ 0.466825946971385, 52.44594007518824 ], [ 0.495500052216377, 52.447285841783 ], [ 0.531768084243033, 52.453444602778902 ], [ 0.549312512467909, 52.454402928855117 ], [ 0.583347536363026, 52.451796332201418 ], [ 0.597096226316899, 52.454260324690281 ], [ 0.6156041495321, 52.448961768813227 ], [ 0.641601373509276, 52.450942272564717 ], [ 0.663613846408606, 52.462122782893957 ], [ 0.679046524464587, 52.454474557539861 ], [ 0.693432709561789, 52.451106984191682 ], [ 0.706293440785624, 52.45259995388686 ], [ 0.720702559712107, 52.449101802028046 ], [ 0.726599291394501, 52.435259573301437 ], [ 0.719029325326419, 52.424885783365262 ], [ 0.720748934433059, 52.419183292115555 ], [ 0.7468587526438, 52.413471617527563 ], [ 0.755118854287236, 52.406655646065467 ], [ 0.74089669964446, 52.391399255466489 ], [ 0.749912498855405, 52.382935398494077 ], [ 0.765964447029502, 52.390390441739051 ], [ 0.784681760080433, 52.386194660026938 ], [ 0.82294025946595, 52.39370953627396 ], [ 0.836662482457093, 52.400447557306734 ], [ 0.855267921523584, 52.399490174518171 ], [ 0.865676593748874, 52.390534975871184 ], [ 0.880925756823604, 52.391763135334358 ], [ 0.907791448232295, 52.386264831525317 ], [ 0.923595041365231, 52.389310368654982 ], [ 0.936391085733202, 52.386639064899576 ], [ 0.94227134434711, 52.378887955258492 ], [ 0.956777893834918, 52.371929583260595 ], [ 0.980234374440482, 52.369532210124611 ], [ 0.9982497478573, 52.371594230647368 ], [ 1.007674760282596, 52.375904561825351 ], [ 1.067947753147445, 52.378544539728772 ], [ 1.075622906962649, 52.373041719773546 ], [ 1.111729496263414, 52.371663472774379 ], [ 1.155518154438177, 52.361495890944816 ], [ 1.182534699254319, 52.35874318048733 ], [ 1.191085015869016, 52.361864653704835 ], [ 1.215037728255015, 52.355703756788515 ], [ 1.232890899431753, 52.36478403073076 ], [ 1.245251979573827, 52.365352915874247 ], [ 1.260185689442882, 52.371180841355418 ], [ 1.286620204337585, 52.390780966487959 ], [ 1.301675750910629, 52.391626617657622 ], [ 1.322096000662348, 52.38895124269915 ], [ 1.352433236502313, 52.410646207232595 ], [ 1.360824474859944, 52.412907584024062 ], [ 1.357744607988391, 52.424161856861197 ], [ 1.372718838012114, 52.430456293383301 ], [ 1.385823636004284, 52.432020903498163 ], [ 1.407983882704078, 52.444422311668419 ], [ 1.42990860268949, 52.445158850515341 ], [ 1.433340879780388, 52.455894454118635 ], [ 1.410818519577404, 52.462137463536415 ], [ 1.424888944545542, 52.470992321812851 ], [ 1.440313128382156, 52.457007502990621 ], [ 1.458672418227356, 52.458083478481846 ], [ 1.464534496622581, 52.464644376057841 ], [ 1.483407619580596, 52.471758181203789 ], [ 1.506834028324189, 52.462447438071024 ], [ 1.519198453461491, 52.461924064881089 ], [ 1.528504315288838, 52.468430255616767 ], [ 1.552255634569346, 52.459186146662923 ], [ 1.562750092634052, 52.46180485579189 ], [ 1.568225156553084, 52.474728775455418 ], [ 1.587599764679128, 52.478612834764 ], [ 1.603828430150106, 52.471678442561981 ], [ 1.606704135998487, 52.466811984896893 ], [ 1.625314445297183, 52.462451355478557 ], [ 1.63508417818391, 52.463208188200959 ], [ 1.645457727695321, 52.471712384207983 ], [ 1.658747144708679, 52.468356418867891 ], [ 1.681961013833658, 52.490062519902068 ], [ 1.681786841673929, 52.495863307905672 ], [ 1.6692765904006, 52.503809481470597 ], [ 1.654726128700319, 52.501236515591216 ], [ 1.647240815556757, 52.513676933181287 ], [ 1.629751400549432, 52.521552423393906 ], [ 1.62036486638876, 52.533049259389266 ], [ 1.621002831777689, 52.53978872636408 ], [ 1.608301460383737, 52.540880903851139 ], [ 1.607382262921176, 52.548223840713881 ], [ 1.620344064574497, 52.551744738558341 ], [ 1.633070452788712, 52.560866987829719 ], [ 1.633934504286379, 52.572284689256762 ], [ 1.649920345650671, 52.578936101676184 ], [ 1.646661653690567, 52.58729595035625 ], [ 1.652831764361748, 52.596568935248392 ], [ 1.710882369840404, 52.611974275490432 ], [ 1.724675910656888, 52.604536512036915 ], [ 1.73175750360722, 52.580489600874337 ], [ 1.732613666686698, 52.569525765045277 ], [ 1.739059076707579, 52.57481644155429 ], [ 1.737459134346466, 52.587281966320212 ], [ 1.744304687161274, 52.628371268119167 ], [ 1.72767553460741, 52.667341359569157 ], [ 1.706341070961582, 52.702322833970932 ], [ 1.698949178966339, 52.720188575379659 ], [ 1.680682728978136, 52.738266164268403 ], [ 1.659042443315388, 52.755198581713557 ], [ 1.614918079256713, 52.78371827636694 ], [ 1.588109247480993, 52.798589775332523 ], [ 1.541934353627166, 52.820390475034266 ], [ 1.518096991559399, 52.83512249150985 ], [ 1.493133302217502, 52.846139383914462 ], [ 1.465814185290789, 52.860675121226379 ], [ 1.441075282501996, 52.87677964644633 ], [ 1.413376675376574, 52.890811007501021 ], [ 1.363624332239894, 52.909076131505017 ], [ 1.3431309156576, 52.91993957738795 ], [ 1.296039742924416, 52.933738226013965 ], [ 1.250773631921724, 52.941750423541791 ], [ 1.206412022497696, 52.946036218700357 ], [ 1.149952883736802, 52.948560748299606 ], [ 1.124538121335879, 52.951249251592785 ], [ 1.052416748958717, 52.964913041780136 ], [ 1.0261364967799, 52.968713154504883 ], [ 1.018057262402718, 52.962559137795523 ], [ 0.998340615470575, 52.964221263568511 ], [ 0.97025184940401, 52.963635664045746 ], [ 0.959440074362142, 52.960708172987829 ], [ 0.937613887012194, 52.961909389354837 ], [ 0.921539545842604, 52.966671581817145 ], [ 0.89586955810246, 52.970856058126131 ], [ 0.883025711460222, 52.97015890928418 ], [ 0.873905699675794, 52.978157451176493 ], [ 0.860817874493128, 52.970905162114448 ], [ 0.843456581360781, 52.977263430224937 ], [ 0.81812768822162, 52.97687691135863 ], [ 0.803085456960749, 52.972764040381534 ], [ 0.77432735364816, 52.978589087029562 ], [ 0.752354311812353, 52.977274730184838 ], [ 0.752138550641507, 52.972797126263984 ], [ 0.727032986891148, 52.977606995166617 ], [ 0.703132155785406, 52.976689688909005 ], [ 0.696245612766661, 52.978228816169135 ], [ 0.682065386668193, 52.971573489968797 ], [ 0.665637344270024, 52.978271400845209 ], [ 0.61565211331516, 52.973281551623685 ], [ 0.589626528243441, 52.976736693418985 ], [ 0.569552785668096, 52.968720418566072 ], [ 0.564591536719179, 52.976458150125893 ], [ 0.541482208467896, 52.975832295678373 ], [ 0.524482632652643, 52.968968034204138 ], [ 0.489502042311106, 52.947169290414813 ], [ 0.479400801712702, 52.931581960300726 ], [ 0.471779996873574, 52.908157455484528 ], [ 0.446251174207286, 52.875810966598692 ], [ 0.44534224529821, 52.852022739446454 ], [ 0.439813487571494, 52.845601684145386 ], [ 0.393721800641975, 52.829534179698705 ], [ 0.382129792621353, 52.820782371460311 ], [ 0.366562970532091, 52.796782114861699 ], [ 0.33897096840771, 52.806873421048721 ], [ 0.325850013306976, 52.814978839744789 ], [ 0.284724073746062, 52.815188583660721 ], [ 0.265844978083529, 52.810091734794185 ], [ 0.279396675364599, 52.803203366751283 ], [ 0.258283621238012, 52.788899090869748 ], [ 0.250688535596825, 52.790753601874314 ], [ 0.239522842306778, 52.778270557959672 ], [ 0.214807206727382, 52.765649188107048 ], [ 0.184240075793515, 52.740835115500772 ], [ 0.188556327288186, 52.736396401199102 ], [ 0.182650286558772, 52.727575153686246 ], [ 0.146181810540742, 52.723835575992517 ], [ 0.150624292056776, 52.707786191203894 ], [ 0.144254617978458, 52.698862837282398 ], [ 0.149610780237619, 52.68057089089411 ], [ 0.169949921398943, 52.678571030737579 ], [ 0.175398422179986, 52.666356389136233 ], [ 0.163675202499713, 52.663585203029605 ], [ 0.175554488974878, 52.644053821636227 ], [ 0.195681996559366, 52.634086301233758 ], [ 0.208741085850228, 52.640244793527472 ], [ 0.218207073702912, 52.621977483581873 ], [ 0.233471621621875, 52.610625614826269 ], [ 0.209571301098326, 52.596792852921659 ], [ 0.204208130093514, 52.585612180748399 ], [ 0.216001267407238, 52.580449946144398 ], [ 0.217736261085779, 52.570437775017567 ], [ 0.206415039938116, 52.567276768078905 ], [ 0.215071015883137, 52.556821064630263 ], [ 0.219173353443364, 52.537684952560745 ], [ 0.233867156993771, 52.528942882650682 ], [ 0.244237192197062, 52.533114413292857 ], [ 0.254704445404016, 52.511160808860637 ], [ 0.278432026560557, 52.508595358183882 ], [ 0.30938653366633, 52.513617896696438 ], [ 0.318442214400133, 52.507664391390207 ], [ 0.330949009276609, 52.509159531045555 ], [ 0.357245327388949, 52.494381497113949 ], [ 0.369223715125061, 52.483887009315971 ], [ 0.371623407139687, 52.474629004959482 ], [ 0.389914175405666, 52.462531965119744 ], [ 0.399153914125963, 52.460058001925617 ], [ 0.397563634313929, 52.449876374034758 ], [ 0.424671281058772, 52.442628806646916 ], [ 0.429299445694195, 52.436450429294219 ] ] ] ] } },
{ "type": "Feature", "properties": { "hcs_name": "Northamptonshire", "abbr": "Northants", "hcs_county": "Northampton", "hcs_number": 62, "hcs_code": "NHP", "county": "Northamptonshire", "region": "East Midlands" }, "geometry": { "type": "Polygon", "coordinates": [ [ [ -1.202685909696834, 52.396678528594741 ], [ -1.172096282665529, 52.36130054111625 ], [ -1.175110470364079, 52.356200474060792 ], [ -1.221332292014301, 52.349583793920061 ], [ -1.258659245198876, 52.337065206631458 ], [ -1.264796136850774, 52.328283724822647 ], [ -1.24874029765065, 52.3228960449675 ], [ -1.209216159051646, 52.315190989635958 ], [ -1.228988145580129, 52.298000341613708 ], [ -1.233710555965758, 52.290327075701491 ], [ -1.223543918234086, 52.286290975671392 ], [ -1.215910863452978, 52.263833242707051 ], [ -1.240612064773458, 52.247934214219597 ], [ -1.254309700313079, 52.24765077681954 ], [ -1.267626148263991, 52.237431387727888 ], [ -1.280009781820253, 52.233367755494577 ], [ -1.276230235870984, 52.223026898526371 ], [ -1.260928203959081, 52.215996815268298 ], [ -1.255100070703882, 52.197802165216551 ], [ -1.281150967163105, 52.195781319193159 ], [ -1.281209473975291, 52.191952844405563 ], [ -1.308699132908592, 52.189769940328809 ], [ -1.33207037829696, 52.196199955513407 ], [ -1.344490525936038, 52.202015311199659 ], [ -1.340439711201789, 52.182773039412965 ], [ -1.326868111657027, 52.178502771416923 ], [ -1.331956803332122, 52.168503219577829 ], [ -1.308517, 52.143527 ], [ -1.27277249496496, 52.114329754240458 ], [ -1.252921127833908, 52.103847102320131 ], [ -1.247969081980557, 52.095736154521049 ], [ -1.269770168831688, 52.097995164397986 ], [ -1.280545288636661, 52.094216847923683 ], [ -1.308064326174243, 52.092269152611287 ], [ -1.320478165599536, 52.087772142974046 ], [ -1.322283573327725, 52.077166557255154 ], [ -1.332328412916764, 52.07641441471236 ], [ -1.3330523268238, 52.065421001490506 ], [ -1.326977699438998, 52.056306991645201 ], [ -1.300062912736453, 52.045355962344175 ], [ -1.293904942065689, 52.038690598030968 ], [ -1.29250955092908, 52.02766909349733 ], [ -1.285509737865214, 52.026585503355989 ], [ -1.277631281345613, 52.007207435198531 ], [ -1.287260566115308, 51.990260312471769 ], [ -1.284352777281289, 51.982465525646177 ], [ -1.261066817219411, 51.980917524391792 ], [ -1.241554934508403, 51.98627633461664 ], [ -1.229606472643753, 51.981349689760705 ], [ -1.196292093111984, 51.977419962403296 ], [ -1.174364092106293, 51.983362872960583 ], [ -1.163678025011707, 51.993378289422758 ], [ -1.15149058517593, 51.993114050289677 ], [ -1.134232970250279, 51.997385691719053 ], [ -1.131280131059649, 52.004880755756545 ], [ -1.11802012652818, 52.015421241984697 ], [ -1.136130283862183, 52.020064012630833 ], [ -1.132730202172026, 52.031600740005551 ], [ -1.122021547341566, 52.04516914534225 ], [ -1.082247850289401, 52.052893425353695 ], [ -1.062019538184136, 52.062758402440849 ], [ -1.052920842805985, 52.059696908052793 ], [ -1.038191963948969, 52.066055091855432 ], [ -1.026397174595672, 52.075438071661111 ], [ -1.012839423634506, 52.071596545612131 ], [ -0.994559478157519, 52.073131069297993 ], [ -0.984695752980429, 52.069720416556208 ], [ -0.967799889942911, 52.070914129118449 ], [ -0.95943748373765, 52.079299724043423 ], [ -0.945161404116152, 52.076894364016397 ], [ -0.94164848014114, 52.06425812952132 ], [ -0.93181525004222, 52.054044581235772 ], [ -0.93041739946222, 52.043680642260362 ], [ -0.906094260828835, 52.021172630908374 ], [ -0.891584236627197, 52.029769074349254 ], [ -0.877654851852324, 52.029868533802833 ], [ -0.860996503751466, 52.055349143311531 ], [ -0.859174710479903, 52.063689439804378 ], [ -0.838835893872983, 52.064203024238694 ], [ -0.832174884464778, 52.071665425079978 ], [ -0.835279306843519, 52.079783956386414 ], [ -0.846993376620148, 52.091542615077941 ], [ -0.86875847177212, 52.099619355868107 ], [ -0.869235057876152, 52.109846874876773 ], [ -0.884138544159785, 52.11632864710635 ], [ -0.879827267614565, 52.126658353625366 ], [ -0.869372310272356, 52.130007296096366 ], [ -0.851306946471838, 52.129347302044629 ], [ -0.832982234934772, 52.131745330630899 ], [ -0.830285690438856, 52.140913768427332 ], [ -0.819678746667871, 52.144270568344012 ], [ -0.827857535425559, 52.151490309009816 ], [ -0.79985775824845, 52.157219802907001 ], [ -0.787714749337131, 52.154248182872514 ], [ -0.777809804674007, 52.168848216577054 ], [ -0.750625229106405, 52.16764944751332 ], [ -0.73464406581199, 52.173555474131597 ], [ -0.702614292226475, 52.192955337408677 ], [ -0.684755863209142, 52.196359676178147 ], [ -0.668096308047599, 52.195036555507478 ], [ -0.661710543501332, 52.207875059006398 ], [ -0.648857429734819, 52.220683378897817 ], [ -0.637314157499035, 52.227274539133688 ], [ -0.64326880330939, 52.235091046670505 ], [ -0.649944286356481, 52.254887204867309 ], [ -0.635106092239288, 52.265359698283788 ], [ -0.627064904996169, 52.27484489970572 ], [ -0.602154058733302, 52.278603318729722 ], [ -0.585431069123418, 52.272318341101197 ], [ -0.565613472411057, 52.253534426048681 ], [ -0.554694631475368, 52.258177744987997 ], [ -0.541747806908567, 52.256129230354375 ], [ -0.539333286941113, 52.265998417919754 ], [ -0.531189794467273, 52.270388892525347 ], [ -0.540495163444519, 52.291541647507195 ], [ -0.521591922067083, 52.304682573041084 ], [ -0.519833544300907, 52.316609052261249 ], [ -0.506593188543991, 52.319894773131189 ], [ -0.465305357845736, 52.322961798635781 ], [ -0.467700427121366, 52.338435399523355 ], [ -0.483219542254759, 52.340930391072327 ], [ -0.47734289426714, 52.348422038188637 ], [ -0.498706784737338, 52.36008436259791 ], [ -0.499508671965955, 52.366966148738626 ], [ -0.488505791684429, 52.374050317321853 ], [ -0.46979073176255, 52.379965764543208 ], [ -0.442675496269541, 52.384362275293384 ], [ -0.432911870047225, 52.396268726558318 ], [ -0.412571419790548, 52.407855772254848 ], [ -0.402565041897203, 52.407485352252394 ], [ -0.385065461371026, 52.400709049014992 ], [ -0.370581584555045, 52.414794364511764 ], [ -0.387719967853943, 52.420232040642347 ], [ -0.405088418843569, 52.438736638072129 ], [ -0.384265157602269, 52.44123901553413 ], [ -0.374008812265263, 52.436738652188602 ], [ -0.350598029158034, 52.462958602783182 ], [ -0.359551592421375, 52.475354454510047 ], [ -0.350056740019727, 52.482588276988416 ], [ -0.359369198600978, 52.490249052781877 ], [ -0.351182818418275, 52.503795776851113 ], [ -0.37786285192368, 52.510673704685132 ], [ -0.396920115144965, 52.523779789582704 ], [ -0.413233444513821, 52.525254403782576 ], [ -0.400897361925219, 52.539881877467785 ], [ -0.401983735915888, 52.548142245533661 ], [ -0.415519335784344, 52.551675592187017 ], [ -0.419635280627338, 52.558960966815462 ], [ -0.408813719064901, 52.562090940415807 ], [ -0.415782232953406, 52.570200391123237 ], [ -0.415344951761906, 52.579607808738771 ], [ -0.398764639094186, 52.583282099698749 ], [ -0.38768936366884, 52.574582766067763 ], [ -0.387936742795248, 52.568546696833629 ], [ -0.369334445797015, 52.562975198730655 ], [ -0.348935424933878, 52.564433713568704 ], [ -0.33256453428596, 52.552366193021058 ], [ -0.321055118052958, 52.558391345224997 ], [ -0.320330754259926, 52.569425408517134 ], [ -0.309487733271439, 52.572266270585445 ], [ -0.295735300487492, 52.560482329578868 ], [ -0.281825333261037, 52.560088415252963 ], [ -0.265599502550638, 52.568324257454208 ], [ -0.239514323527398, 52.568168943541892 ], [ -0.207195402163012, 52.569522130675693 ], [ -0.19068968976184, 52.574872982297798 ], [ -0.173312787841726, 52.585265636740019 ], [ -0.159552950981632, 52.610328426602415 ], [ -0.161870315343174, 52.62221886944161 ], [ -0.149053812700607, 52.637375877790326 ], [ -0.140972653153217, 52.651512337417252 ], [ -0.180006347071602, 52.66060323792356 ], [ -0.192884356092468, 52.6524400277696 ], [ -0.206085854556143, 52.66806960296411 ], [ -0.217902698043649, 52.667118613420094 ], [ -0.260921388550181, 52.651421718301968 ], [ -0.278795158479714, 52.665871707197695 ], [ -0.289108215556172, 52.670242363819035 ], [ -0.319040489465728, 52.675017935773326 ], [ -0.336232104292354, 52.674107304365698 ], [ -0.346538726379573, 52.663127496386551 ], [ -0.363761245258721, 52.660335907473602 ], [ -0.400276316817277, 52.649557102284362 ], [ -0.420860717287415, 52.646876588798079 ], [ -0.451755046955076, 52.654956538635709 ], [ -0.483138992337238, 52.648847922985254 ], [ -0.486175254172353, 52.643529558793226 ], [ -0.501634237901593, 52.640172675808259 ], [ -0.510669777080982, 52.643415280509039 ], [ -0.541190574505471, 52.624835416260126 ], [ -0.549058092619045, 52.612949296713765 ], [ -0.547782618643693, 52.606523531537185 ], [ -0.562231064476417, 52.586437874866498 ], [ -0.578816115426142, 52.588824406581594 ], [ -0.603354968878847, 52.58841905376579 ], [ -0.633356116049097, 52.573707673286521 ], [ -0.643474425499683, 52.573439849607539 ], [ -0.671219987011885, 52.564135847778971 ], [ -0.688673208241116, 52.546152571060375 ], [ -0.697818229417715, 52.545650953629746 ], [ -0.699653473662196, 52.535402956077746 ], [ -0.713709077995064, 52.524941979948721 ], [ -0.726957182650568, 52.522687869247704 ], [ -0.758432537359139, 52.511266215492029 ], [ -0.779064140356237, 52.518110889267184 ], [ -0.787746339639452, 52.513716197085905 ], [ -0.800328409428828, 52.518031811917815 ], [ -0.835148972634612, 52.517945293318974 ], [ -0.863652268617968, 52.527179505016953 ], [ -0.883406330026994, 52.513762433465054 ], [ -0.879457321229089, 52.498404664458285 ], [ -0.884081922153733, 52.492118158499402 ], [ -0.895561991322443, 52.492124400999053 ], [ -0.905777, 52.479567407912455 ], [ -0.940498283165847, 52.472115278229822 ], [ -0.950692987230537, 52.477181351177208 ], [ -0.991235034178646, 52.469574320099667 ], [ -1.027739080092807, 52.458498393785774 ], [ -1.044518158943797, 52.445787711997049 ], [ -1.03449882992081, 52.435562631494697 ], [ -1.049912452621132, 52.425447925951779 ], [ -1.059194290174637, 52.423193567919434 ], [ -1.069376056936158, 52.433567339673665 ], [ -1.079240757649236, 52.436294919773005 ], [ -1.093263367620685, 52.427721328394725 ], [ -1.116545958466984, 52.421377033095609 ], [ -1.134221009972669, 52.412466406889052 ], [ -1.142146703216805, 52.399736493985451 ], [ -1.157286656690159, 52.400108616575679 ], [ -1.183735456666784, 52.392225939422239 ], [ -1.202685909696834, 52.396678528594741 ] ] ] } },
{ "type": "Feature", "properties": { "hcs_name": "Northumberland", "abbr": "Northum", "hcs_county": "Northumberland", "hcs_number": 63, "hcs_code": "NHB", "county": "Northumberland", "region": "North East England" }, "geometry": { "type": "Polygon", "coordinates": [ [ [ -1.431528591648594, 55.008376026933455 ], [ -1.417533574244938, 55.014145539530169 ], [ -1.432302321210131, 55.034267630630083 ], [ -1.429455678166417, 55.03819034770563 ], [ -1.448582753967227, 55.050946217880082 ], [ -1.454886265048227, 55.062200723530864 ], [ -1.451620211540189, 55.070084289905331 ], [ -1.461714842967595, 55.074262844819167 ], [ -1.470209659723996, 55.085071946753018 ], [ -1.488870362050001, 55.095355990177325 ], [ -1.498505382036795, 55.111121265215047 ], [ -1.488611955596981, 55.118463464175882 ], [ -1.520987097927107, 55.149401598014293 ], [ -1.525181919364949, 55.158746155459887 ], [ -1.521006808820696, 55.170259638582365 ], [ -1.508199015953953, 55.18520365128569 ], [ -1.500462184468955, 55.186111621986555 ], [ -1.523988630347546, 55.21249466502087 ], [ -1.525259941470613, 55.227054371803455 ], [ -1.551439672732358, 55.24442326433762 ], [ -1.565818430318137, 55.26237453554554 ], [ -1.57166950209838, 55.277406594167431 ], [ -1.570808489116605, 55.289663733104348 ], [ -1.555717147048762, 55.308862396579059 ], [ -1.549702294490068, 55.32226462928444 ], [ -1.576172950621093, 55.337255527010157 ], [ -1.593642883341108, 55.338801539913021 ], [ -1.588978439625229, 55.345658874845469 ], [ -1.601372769015209, 55.361554055140658 ], [ -1.60974621087315, 55.385661247768972 ], [ -1.597294916399192, 55.394253378805722 ], [ -1.592407213475077, 55.402923649112857 ], [ -1.578753525860759, 55.409009080465317 ], [ -1.580295488337406, 55.424528913640309 ], [ -1.575392878791625, 55.431253507550302 ], [ -1.593232871705681, 55.440139619235758 ], [ -1.586467743506868, 55.449313223735885 ], [ -1.592829489899771, 55.472602883534016 ], [ -1.591917305522369, 55.491536355344209 ], [ -1.610836175101717, 55.495529453560891 ], [ -1.620163645713547, 55.523950244797859 ], [ -1.637251432552637, 55.541409963876681 ], [ -1.628166269070078, 55.556408435736905 ], [ -1.644587652759612, 55.570892672047201 ], [ -1.646963749829484, 55.581767451360832 ], [ -1.664856725282877, 55.586094953229392 ], [ -1.694827418618118, 55.607191058133658 ], [ -1.742387781473452, 55.618489197742299 ], [ -1.768110265584161, 55.604183765318574 ], [ -1.77917537867534, 55.614955202052968 ], [ -1.764992112812511, 55.626349743286646 ], [ -1.790017760045579, 55.646821557487407 ], [ -1.801476492919948, 55.636576217257456 ], [ -1.81123519445198, 55.633776071805848 ], [ -1.831264737693725, 55.638458223214784 ], [ -1.842942117118402, 55.6441275568191 ], [ -1.845369540649914, 55.650903182597879 ], [ -1.857309955741284, 55.656082899422671 ], [ -1.874061520170867, 55.675557248313311 ], [ -1.851139846785156, 55.681136331455555 ], [ -1.840715651471689, 55.678925682471167 ], [ -1.829846705210062, 55.683499969228755 ], [ -1.815469999580101, 55.682170112714502 ], [ -1.80509856668462, 55.676441807154248 ], [ -1.802299647750964, 55.668238643012558 ], [ -1.780449494422586, 55.671307564759225 ], [ -1.779066025515919, 55.683974060725298 ], [ -1.801318024110976, 55.689269633450991 ], [ -1.82641149453064, 55.68467206638352 ], [ -1.848767809855358, 55.688205693135494 ], [ -1.85142763885712, 55.681244200973879 ], [ -1.874367581108735, 55.677953397374161 ], [ -1.884369710710711, 55.694573329828536 ], [ -1.91187304879015, 55.70490437402227 ], [ -1.919185541787736, 55.711920797346892 ], [ -1.938381640771701, 55.720133740000072 ], [ -1.96073145792484, 55.73322185116151 ], [ -1.983062164734514, 55.750737547790358 ], [ -1.992257492252286, 55.761050770183971 ], [ -1.990980216169751, 55.768005442399833 ], [ -2.00001545277506, 55.786032061582759 ], [ -2.013667146544299, 55.792939172853579 ], [ -2.034357707073077, 55.811085326002534 ], [ -2.052847387478688, 55.802660052918746 ], [ -2.062180449582963, 55.802751337448527 ], [ -2.085867933226928, 55.792885597729232 ], [ -2.08562991320093, 55.762010117319051 ], [ -2.103235916690385, 55.761664185768794 ], [ -2.105861440333634, 55.750590572922519 ], [ -2.11470594130297, 55.748179998378696 ], [ -2.123709667741238, 55.73727913922999 ], [ -2.1387681177358, 55.74045363694831 ], [ -2.149861972437511, 55.733282348104275 ], [ -2.152263377475396, 55.722363440306687 ], [ -2.176797540774628, 55.718711544719746 ], [ -2.166642601668941, 55.707025912910403 ], [ -2.180653300939094, 55.703299960350478 ], [ -2.197458804719958, 55.688667973580117 ], [ -2.218736233144184, 55.67582505012458 ], [ -2.218210216711478, 55.664473859876601 ], [ -2.228595817575314, 55.662807830693914 ], [ -2.247511706938566, 55.652541811731858 ], [ -2.237809029744523, 55.640215180728077 ], [ -2.258988884890982, 55.644611989878364 ], [ -2.287971730038888, 55.643324525601145 ], [ -2.299366280293383, 55.647202659020067 ], [ -2.325382409164641, 55.642555976133508 ], [ -2.335040891871822, 55.634493051652477 ], [ -2.32805507911322, 55.627353247923551 ], [ -2.295191446462773, 55.608607053388781 ], [ -2.287672200225199, 55.60094016633888 ], [ -2.292368323934632, 55.585879254529061 ], [ -2.285425825570245, 55.577720977575233 ], [ -2.253377033564631, 55.561502431475986 ], [ -2.232182166132726, 55.544810861526003 ], [ -2.224124522099132, 55.535765523322908 ], [ -2.223079781491596, 55.52660178444345 ], [ -2.229014579611001, 55.50988844006045 ], [ -2.211955109430956, 55.499409285221333 ], [ -2.202225225630368, 55.488242126381188 ], [ -2.206385393039934, 55.481349270987181 ], [ -2.200712237842348, 55.474971534306711 ], [ -2.173832938492526, 55.472306495970628 ], [ -2.184405653144341, 55.464084135958203 ], [ -2.194708620473482, 55.444703493611776 ], [ -2.205616476482418, 55.43753764893443 ], [ -2.231404801780108, 55.42846105466181 ], [ -2.260648816861372, 55.43294238149074 ], [ -2.284225701128408, 55.422770538359572 ], [ -2.313324993613469, 55.406749698831817 ], [ -2.335622180762802, 55.408206679612015 ], [ -2.33550534923949, 55.392563942932249 ], [ -2.330600055134199, 55.381192353954368 ], [ -2.346226138338769, 55.373059452581757 ], [ -2.337737300876671, 55.367355753635728 ], [ -2.37483051094162, 55.353902365728473 ], [ -2.378783899550034, 55.349206811874247 ], [ -2.399517311223959, 55.348207869327503 ], [ -2.400922904165928, 55.353458120965946 ], [ -2.415140936691865, 55.358907433293552 ], [ -2.429280689821634, 55.356489600151527 ], [ -2.444670170538751, 55.359169153616911 ], [ -2.461116150599038, 55.35324043281917 ], [ -2.488512988794347, 55.351832577565595 ], [ -2.501885392301143, 55.337406362124014 ], [ -2.517692252541103, 55.324662534623087 ], [ -2.543239998480742, 55.319562916125982 ], [ -2.557083967932813, 55.311607098046217 ], [ -2.573352301020004, 55.296982034699504 ], [ -2.609077149225343, 55.283383072239523 ], [ -2.62818517083168, 55.267930154712957 ], [ -2.626701691011824, 55.262231000827427 ], [ -2.644027471669844, 55.258285942531167 ], [ -2.620123840894766, 55.247224327003472 ], [ -2.630154899843433, 55.244699004072409 ], [ -2.634578150237057, 55.225382780149125 ], [ -2.648236649460457, 55.219852342097923 ], [ -2.666862524526203, 55.221595861877439 ], [ -2.683306079855368, 55.201913745841061 ], [ -2.689770498861873, 55.189013082053748 ], [ -2.674549868144938, 55.175888489347678 ], [ -2.683220009044033, 55.166281395363704 ], [ -2.657047669326218, 55.136112133786185 ], [ -2.632258202767177, 55.127751800254693 ], [ -2.621280284251127, 55.129174885875912 ], [ -2.6009543028122, 55.12368281342517 ], [ -2.591954609228707, 55.104244927897149 ], [ -2.572771965297858, 55.097553983460138 ], [ -2.55049259137356, 55.081714091230189 ], [ -2.517786079764459, 55.085006958204339 ], [ -2.50094912627425, 55.090292787128973 ], [ -2.489567080882434, 55.083484818894014 ], [ -2.500843912820549, 55.074452875801171 ], [ -2.494219812272138, 55.065810273916114 ], [ -2.5034528211725, 55.063138869198475 ], [ -2.482848906623436, 55.043468618093968 ], [ -2.501877883518566, 55.037099032048587 ], [ -2.544265387329758, 55.026876807520352 ], [ -2.555673513066318, 55.019988508648986 ], [ -2.573214214279997, 55.01608207517716 ], [ -2.567693621344204, 55.002745720964825 ], [ -2.573324770657687, 54.98763688715762 ], [ -2.585994612149018, 54.982396568674424 ], [ -2.591518093731473, 54.974195876221678 ], [ -2.60136974642649, 54.971321662981623 ], [ -2.595592175069941, 54.963461442771781 ], [ -2.568487950150583, 54.958342043615197 ], [ -2.571335387783573, 54.948403149264429 ], [ -2.567650001279508, 54.940854990555309 ], [ -2.547009, 54.926655 ], [ -2.566218418113898, 54.919211647484637 ], [ -2.567580029360438, 54.909224488424492 ], [ -2.57836337938869, 54.895463091696065 ], [ -2.605322547905028, 54.883816670491022 ], [ -2.590280407141893, 54.873841076995944 ], [ -2.573353084324165, 54.853517258921478 ], [ -2.582608781409732, 54.84587413505718 ], [ -2.567846391093517, 54.823578649179304 ], [ -2.558361721450936, 54.81675712855354 ], [ -2.534823624241545, 54.807097813758247 ], [ -2.496272274614168, 54.810048692807221 ], [ -2.468541452370095, 54.826294266454802 ], [ -2.422892641325392, 54.842788714459402 ], [ -2.411662693341684, 54.856456753278337 ], [ -2.40170816687214, 54.851485856593669 ], [ -2.392728194086982, 54.83449052641388 ], [ -2.372718, 54.827354 ], [ -2.369816490881791, 54.820914428320187 ], [ -2.345399042753517, 54.806230244182643 ], [ -2.328644975012388, 54.805271561861453 ], [ -2.320512584041974, 54.793797260982991 ], [ -2.312092104966675, 54.79102769992484 ], [ -2.293013981806312, 54.79315126260375 ], [ -2.282728810357617, 54.798248964299191 ], [ -2.248660430357214, 54.787969145401185 ], [ -2.226593523816401, 54.782955296441962 ], [ -2.215061183638351, 54.783875021329891 ], [ -2.198627074175804, 54.806774691075354 ], [ -2.173829360394841, 54.806062147084852 ], [ -2.160847987532507, 54.818569380733585 ], [ -2.143032535140509, 54.826984654793769 ], [ -2.139806067127618, 54.841860931017955 ], [ -2.130928390090911, 54.842724049556828 ], [ -2.082190012292643, 54.838326973676395 ], [ -2.051895055009389, 54.847519770400872 ], [ -2.039692151844405, 54.848376544358118 ], [ -2.011970631617377, 54.866541240453948 ], [ -1.991048407893205, 54.870103950174638 ], [ -1.980834345008376, 54.868336045217127 ], [ -1.968485394047474, 54.859547329321174 ], [ -1.949299525000546, 54.852975375258829 ], [ -1.931252190339635, 54.853374979370706 ], [ -1.91416741224788, 54.83944027725228 ], [ -1.884860411677164, 54.845583283584304 ], [ -1.869586275975778, 54.851297898811659 ], [ -1.870498579336461, 54.859602254462374 ], [ -1.859961156498476, 54.86851652073463 ], [ -1.844504068975143, 54.893376597859657 ], [ -1.824903696874912, 54.908784756336281 ], [ -1.85048216951848, 54.915214501483497 ], [ -1.855681282815374, 54.927448770419325 ], [ -1.827616471583104, 54.930163959725334 ], [ -1.82510982086366, 54.940907755284464 ], [ -1.833771412899431, 54.95122915532437 ], [ -1.822598142361243, 54.956290933065873 ], [ -1.824568582947386, 54.961872207416199 ], [ -1.813918772204003, 54.969391944203053 ], [ -1.81288276460805, 54.976148835816772 ], [ -1.7854233460553, 54.98437020977552 ], [ -1.758900469037482, 54.981486887657063 ], [ -1.727783905476362, 54.975861789018722 ], [ -1.728898924702593, 54.970350792823687 ], [ -1.708572573217165, 54.966970706616657 ], [ -1.699455728621863, 54.970867423044012 ], [ -1.683591910652873, 54.965085565521377 ], [ -1.663754665446371, 54.963664287785313 ], [ -1.640401937755054, 54.958366050546829 ], [ -1.625524769321902, 54.959901364814549 ], [ -1.594090638734392, 54.970612 ], [ -1.579161722680329, 54.964618628413213 ], [ -1.555013471730571, 54.959240220463315 ], [ -1.538534626931324, 54.961574114914875 ], [ -1.533200185234723, 54.977531171611012 ], [ -1.526511201555302, 54.985256093148593 ], [ -1.507483785279432, 54.987873775838146 ], [ -1.468643203631158, 54.988761850885965 ], [ -1.44696314933755, 54.991867220465949 ], [ -1.440313814878088, 55.005635072398483 ], [ -1.431528591648594, 55.008376026933455 ] ] ] } },
{ "type": "Feature", "properties": { "hcs_name": "Nottinghamshire", "abbr": "Notts", "hcs_county": "Nottingham", "hcs_number": 64, "hcs_code": "NOT", "county": "Nottinghamshire", "region": "East Midlands" }, "geometry": { "type": "Polygon", "coordinates": [ [ [ -1.200601030746308, 53.304369431505464 ], [ -1.175164590952688, 53.304642474098976 ], [ -1.171540461955469, 53.294660936264663 ], [ -1.180127886766218, 53.287111799476527 ], [ -1.16649992259017, 53.277672457419946 ], [ -1.201568323571185, 53.261554355412926 ], [ -1.213034872330192, 53.247654652635028 ], [ -1.20230760983557, 53.235498351643415 ], [ -1.211214937237276, 53.213902424318377 ], [ -1.202014483981643, 53.203864174902741 ], [ -1.195129880520642, 53.189433864190633 ], [ -1.201119589164813, 53.182425091097123 ], [ -1.238823424755104, 53.179096881494957 ], [ -1.253820213427635, 53.16508454217032 ], [ -1.282426397855838, 53.167532297605128 ], [ -1.296022462809061, 53.17121460925182 ], [ -1.308032376945326, 53.163400272299974 ], [ -1.323432036891019, 53.162316095567768 ], [ -1.321309305255844, 53.143365031113731 ], [ -1.314936957023961, 53.135833134877252 ], [ -1.321781158196915, 53.130654932940018 ], [ -1.314224661301738, 53.124664944983877 ], [ -1.308220784292404, 53.105182998465239 ], [ -1.311529375795498, 53.099538764867589 ], [ -1.308060289423001, 53.08802162673036 ], [ -1.333643933096962, 53.080009670477899 ], [ -1.344814901335072, 53.065303911229357 ], [ -1.332776338056199, 53.047298955545749 ], [ -1.33182581020062, 53.031164341144695 ], [ -1.319214630633827, 53.005265486478542 ], [ -1.303738956356211, 53.001147503202262 ], [ -1.300255068164546, 52.98118861485635 ], [ -1.287744421908152, 52.969575898382494 ], [ -1.291719770940844, 52.959242910174289 ], [ -1.281109326805104, 52.94903641205979 ], [ -1.27779068809091, 52.933340150745437 ], [ -1.286671744877818, 52.925145395379154 ], [ -1.278265312387354, 52.915755073534577 ], [ -1.275607682538477, 52.90619363692575 ], [ -1.263020226950335, 52.904871148397142 ], [ -1.243058315112934, 52.891821433862489 ], [ -1.241040042976311, 52.879597204965712 ], [ -1.25480208341368, 52.878782619052437 ], [ -1.267911408100031, 52.873339758454755 ], [ -1.274761214644305, 52.859858944637978 ], [ -1.266413596787393, 52.842229207008771 ], [ -1.271454986761647, 52.831765293920427 ], [ -1.259888614828421, 52.807038904627319 ], [ -1.245606064054039, 52.806054541023165 ], [ -1.231648358467397, 52.800250726562403 ], [ -1.229121463856729, 52.793212394346341 ], [ -1.201028227972599, 52.793909828535703 ], [ -1.197740589492075, 52.789392476792067 ], [ -1.178248679810348, 52.801652985721894 ], [ -1.16235030731255, 52.806416822351295 ], [ -1.143825665579555, 52.803852418521018 ], [ -1.13077313450023, 52.80583454292902 ], [ -1.119894221316001, 52.818813481237491 ], [ -1.091494816115995, 52.820108769384603 ], [ -1.074453308082505, 52.824761632502891 ], [ -1.07224013040061, 52.813582106492525 ], [ -1.042547071216853, 52.800687933983291 ], [ -1.036969285089174, 52.810430663345429 ], [ -1.037443062193129, 52.820387561796998 ], [ -1.021888280655452, 52.822066680697162 ], [ -0.982748824031223, 52.820671388850052 ], [ -0.97414051533766, 52.83409504638189 ], [ -0.977126251422989, 52.840773595837817 ], [ -0.960846568615934, 52.843380428186109 ], [ -0.944233729946938, 52.852617828551416 ], [ -0.941190580111194, 52.860864827981523 ], [ -0.928067978158661, 52.866068298632719 ], [ -0.939788606475514, 52.874880171632697 ], [ -0.920432594460597, 52.879675783930679 ], [ -0.886306550947534, 52.892191026118397 ], [ -0.85778891615631, 52.906033678178503 ], [ -0.863714226098575, 52.911350830689997 ], [ -0.855731719850887, 52.920063043195178 ], [ -0.841335380617708, 52.928369665163927 ], [ -0.83290340921946, 52.949618287336939 ], [ -0.796200203487765, 52.976726547981009 ], [ -0.778276441218682, 52.976931894738009 ], [ -0.777549471084598, 52.983790769395632 ], [ -0.804112712089502, 53.006373053230931 ], [ -0.795801571183808, 53.010583673866535 ], [ -0.788432516225206, 53.025816622059928 ], [ -0.780629659499375, 53.024413557605271 ], [ -0.760958406519955, 53.029298972976285 ], [ -0.749582381360332, 53.055086280138795 ], [ -0.727574054935469, 53.055611417123345 ], [ -0.723353485402559, 53.059618098256323 ], [ -0.700604449660045, 53.063796861432586 ], [ -0.698842168161257, 53.075449528944198 ], [ -0.706166126641813, 53.083398766704157 ], [ -0.728961676865072, 53.096123699087627 ], [ -0.721344498678612, 53.104232751723188 ], [ -0.716822612066312, 53.11943878885323 ], [ -0.732418529756877, 53.127779017142977 ], [ -0.715391363097909, 53.136820339866468 ], [ -0.723173378322831, 53.155107603439014 ], [ -0.716041208795676, 53.170389583962198 ], [ -0.718748322379569, 53.177356467768696 ], [ -0.7641138753281, 53.181558385377443 ], [ -0.753770393933706, 53.188166086199949 ], [ -0.730578689286933, 53.210730661478912 ], [ -0.714786244222899, 53.207566438208744 ], [ -0.697711999620122, 53.220051532050945 ], [ -0.675826898084653, 53.217620796073277 ], [ -0.66566864759742, 53.240680962374491 ], [ -0.648464104265167, 53.243445079359994 ], [ -0.648437217915488, 53.253175563089869 ], [ -0.657409569057423, 53.258025427627274 ], [ -0.669848293068816, 53.256703336188771 ], [ -0.66920141656058, 53.242264348144353 ], [ -0.688012129723654, 53.25841549330999 ], [ -0.71315009132472, 53.258122386151818 ], [ -0.734217402854601, 53.253979813513631 ], [ -0.735135956620649, 53.243883146543673 ], [ -0.776346772430482, 53.246725635285223 ], [ -0.772136426538348, 53.262545592800357 ], [ -0.764407189471889, 53.27182581206258 ], [ -0.772613937702381, 53.277492308698363 ], [ -0.762284508336139, 53.28799519365878 ], [ -0.750516081974205, 53.294077314083474 ], [ -0.747214155843366, 53.30441898781676 ], [ -0.753845325916535, 53.319379051324439 ], [ -0.766504897916744, 53.330267757132468 ], [ -0.756949094759672, 53.339238916018033 ], [ -0.764819474323707, 53.346513469241934 ], [ -0.760564744156031, 53.354763685185915 ], [ -0.774735334136088, 53.364486737279755 ], [ -0.791063773293095, 53.363350080225487 ], [ -0.801746104269234, 53.370524607043457 ], [ -0.786081067574203, 53.374398117733257 ], [ -0.776922120660058, 53.39631540831283 ], [ -0.787667242161604, 53.4036766122993 ], [ -0.795565510315659, 53.414611965500292 ], [ -0.817314778172509, 53.425836489681807 ], [ -0.820571511405603, 53.440672762357735 ], [ -0.809034748661962, 53.44388144225988 ], [ -0.797495685190383, 53.455054180842502 ], [ -0.818270732263876, 53.459528776949305 ], [ -0.871979208630255, 53.466312846504572 ], [ -0.886127997942976, 53.462144859068353 ], [ -0.916235313683576, 53.460292101372538 ], [ -0.920614258060247, 53.464912203705509 ], [ -0.900485413070322, 53.475156598169654 ], [ -0.943718131592292, 53.508605386001719 ], [ -0.98593063541463, 53.493461485684577 ], [ -0.990556564984407, 53.486619413111626 ], [ -1.018374398167471, 53.492365539116129 ], [ -1.020012859727027, 53.481184644274528 ], [ -0.985978257168699, 53.471673348790937 ], [ -0.985566243215889, 53.461282274233461 ], [ -0.997359188667472, 53.444165828540051 ], [ -0.995674987529457, 53.436912879912725 ], [ -1.01276833188343, 53.432399732570552 ], [ -1.020901635323821, 53.438064846147213 ], [ -1.028290029455081, 53.455184749465822 ], [ -1.059011256820209, 53.4567882249479 ], [ -1.078214155459513, 53.460319346594595 ], [ -1.086437966870574, 53.448568594981388 ], [ -1.055479463326885, 53.447801145084554 ], [ -1.054221240197289, 53.433569725902615 ], [ -1.058455840913188, 53.424840852804962 ], [ -1.069154052548768, 53.427748497016154 ], [ -1.087046422158923, 53.425542453822757 ], [ -1.098755242146095, 53.418767026340625 ], [ -1.108164514980527, 53.405922285924127 ], [ -1.130901629638196, 53.391047525024952 ], [ -1.130528838982552, 53.378904948082713 ], [ -1.137012322127873, 53.365168511802963 ], [ -1.145100570724708, 53.360237567419091 ], [ -1.141248560241693, 53.34642259180707 ], [ -1.163905537495603, 53.329297573594694 ], [ -1.184691127301887, 53.321369907151137 ], [ -1.189666858158678, 53.310713619393965 ], [ -1.200601030746308, 53.304369431505464 ] ] ] } },
{ "type": "Feature", "properties": { "hcs_name": "Orkney", "abbr": "Orkney", "hcs_county": "Orkney", "hcs_number": 65, "hcs_code": "ORN", "county": "Orkney", "region": "Scotland" }, "geometry": { "type": "MultiPolygon", "coordinates": [ [ [ [ -2.950638896656323, 59.347730686883409 ], [ -2.951920046394072, 59.359315832426347 ], [ -2.976670487641627, 59.353117009547624 ], [ -2.98222131380312, 59.344421262608371 ], [ -2.979155699605348, 59.336835338148674 ], [ -3.008119124122816, 59.326982794924533 ], [ -3.020426890427247, 59.329875291081805 ], [ -3.032096660150683, 59.323549380057266 ], [ -3.06387051145572, 59.331919947352667 ], [ -3.065860349849735, 59.323091909804518 ], [ -3.022896372607023, 59.304803964015001 ], [ -3.023538668150232, 59.29414027123007 ], [ -3.017659692105553, 59.286040355520043 ], [ -3.025078680656752, 59.278565536888458 ], [ -3.00855222960319, 59.274338778150735 ], [ -2.985604346353018, 59.26090665150997 ], [ -2.963949956698387, 59.271479851296732 ], [ -2.960948942893284, 59.279498929181905 ], [ -2.966958932781817, 59.287260882804397 ], [ -2.928043891931963, 59.28554258108592 ], [ -2.909895709201545, 59.275673435123949 ], [ -2.88822907545631, 59.257712179269028 ], [ -2.874412663936719, 59.25498450376022 ], [ -2.886322524359015, 59.237296814508859 ], [ -2.873557020130374, 59.238541233610952 ], [ -2.856427255534059, 59.251640487307135 ], [ -2.837902536738505, 59.248115913364259 ], [ -2.853580869438189, 59.267288834134263 ], [ -2.884106028154505, 59.273448242482026 ], [ -2.881970499375709, 59.282397202472431 ], [ -2.895407671221648, 59.289648619087281 ], [ -2.901054149236801, 59.300519156349829 ], [ -2.912741824940293, 59.298218040159099 ], [ -2.923787646362816, 59.304161908505336 ], [ -2.939670007897686, 59.3032810980609 ], [ -2.973100342291523, 59.318487029775461 ], [ -2.955404241559618, 59.327830185956287 ], [ -2.95300638971552, 59.335342459565652 ], [ -2.969200951128094, 59.340725305335098 ], [ -2.950638896656323, 59.347730686883409 ] ] ], [ [ [ -2.869444443512486, 59.376919234389696 ], [ -2.890814296981388, 59.38246745472896 ], [ -2.898241176481958, 59.360881057288921 ], [ -2.911100186158512, 59.349629152407758 ], [ -2.908244253095775, 59.335491122529199 ], [ -2.882724526275064, 59.326298235449485 ], [ -2.877331731262594, 59.341332272348147 ], [ -2.888097807042618, 59.352078860641861 ], [ -2.882238174000396, 59.36461050675188 ], [ -2.871887622533526, 59.366964673984093 ], [ -2.869444443512486, 59.376919234389696 ] ] ], [ [ [ -2.371279440233595, 59.384475596450443 ], [ -2.383086387125743, 59.392357280914581 ], [ -2.405748200938809, 59.384615270165817 ], [ -2.432519113410068, 59.386239824280644 ], [ -2.430267324174225, 59.378444475001643 ], [ -2.441611540834348, 59.369920341831346 ], [ -2.449678182442729, 59.358191726433745 ], [ -2.428974086674509, 59.356900254306154 ], [ -2.42365904541034, 59.348458492984669 ], [ -2.405911830337622, 59.359623308444931 ], [ -2.411719805654084, 59.367018088585702 ], [ -2.4048303177186, 59.380577088794894 ], [ -2.371279440233595, 59.384475596450443 ] ] ], [ [ [ -2.91845775788466, 59.166510331449267 ], [ -2.934851274674231, 59.169557277555427 ], [ -2.942696233085528, 59.160770389895418 ], [ -2.941109605212219, 59.147702293043693 ], [ -2.933741528470122, 59.135970996846474 ], [ -2.918064523708398, 59.138455490148736 ], [ -2.90794381849132, 59.161754481828652 ], [ -2.91845775788466, 59.166510331449267 ] ] ], [ [ [ -3.113104821108198, 59.010638418381966 ], [ -3.079695512972892, 59.024191750223537 ], [ -3.067192267822921, 59.022475042715378 ], [ -3.05320831823318, 59.036100055376551 ], [ -3.063221477709116, 59.047291569983912 ], [ -3.035871950165392, 59.047536430077599 ], [ -3.020782966583215, 59.037952056253133 ], [ -3.003532141860966, 59.053410210927836 ], [ -3.001766923823237, 59.063156094239432 ], [ -3.007784462921877, 59.077486429085248 ], [ -3.026407523061332, 59.080827708493821 ], [ -3.044476248651399, 59.089535217515355 ], [ -3.05071884955051, 59.111291432298017 ], [ -3.069556383809465, 59.11356438861398 ], [ -3.07276821170019, 59.123301826603885 ], [ -3.094006202318039, 59.118423125175497 ], [ -3.115995247757815, 59.12409573278277 ], [ -3.154126548531132, 59.138686937128512 ], [ -3.177596745640938, 59.142406175668278 ], [ -3.195430056280239, 59.153281296102641 ], [ -3.222437129442536, 59.153973490755781 ], [ -3.271320405743287, 59.144460799196153 ], [ -3.277830416681789, 59.140529540658548 ], [ -3.308008890978136, 59.139239274056891 ], [ -3.320863774146006, 59.136238675264259 ], [ -3.320475139924546, 59.122773820099837 ], [ -3.349180321293783, 59.111799297975232 ], [ -3.35776944296986, 59.103627889338206 ], [ -3.346761395580838, 59.097439843224819 ], [ -3.352321441854406, 59.082514477984972 ], [ -3.346579950343474, 59.076401936358032 ], [ -3.349373038460449, 59.061819310982102 ], [ -3.334704235329901, 59.053646858763372 ], [ -3.35681003150825, 59.048310029625263 ], [ -3.349688540856847, 59.037764576220738 ], [ -3.357774194619199, 59.031313773163241 ], [ -3.365972469712332, 59.015427116250216 ], [ -3.36016225442286, 59.010396035022211 ], [ -3.367251429502704, 58.996942110148652 ], [ -3.351740984887894, 58.972287884402689 ], [ -3.355434197735744, 58.964519323704643 ], [ -3.333604059391718, 58.960317080799641 ], [ -3.33067426002232, 58.954734000996609 ], [ -3.306054759362928, 58.949658168074258 ], [ -3.293472745337629, 58.96811245507002 ], [ -3.280280747774695, 58.961176892211519 ], [ -3.266788242366486, 58.966798050647974 ], [ -3.251844906214716, 58.979553043468421 ], [ -3.229875356214087, 58.964467142555797 ], [ -3.235211102300852, 58.943180773307738 ], [ -3.223173201507135, 58.926487635617136 ], [ -3.199415415982077, 58.91214078088808 ], [ -3.186795096835444, 58.918635142815248 ], [ -3.154444840130134, 58.920324991042413 ], [ -3.137166900169595, 58.916225413342552 ], [ -3.120829341172269, 58.919680478075577 ], [ -3.128085863700417, 58.926365928123822 ], [ -3.097883190034629, 58.932282963914744 ], [ -3.08455940872614, 58.928151553291073 ], [ -3.066201300211087, 58.936019767506785 ], [ -3.031745345545024, 58.939144669341609 ], [ -3.014399060446123, 58.942944470400349 ], [ -2.993290778446662, 58.954075297149238 ], [ -2.983114597536681, 58.962706838012451 ], [ -2.968587307053475, 58.959474098968371 ], [ -2.973649958108836, 58.943317684820265 ], [ -2.948831131025732, 58.914888665800525 ], [ -2.932505037604801, 58.902024727115133 ], [ -2.935189022146062, 58.89497384281762 ], [ -2.9206463335998, 58.891616500115333 ], [ -2.910180411892903, 58.896338974757008 ], [ -2.895853671423434, 58.890736955789031 ], [ -2.91589042609593, 58.872431651284217 ], [ -2.912784667118752, 58.856802982906729 ], [ -2.938848049075782, 58.860747635941586 ], [ -2.963365596445199, 58.851545459534449 ], [ -2.952076903709869, 58.845658588901301 ], [ -2.933534755871629, 58.84239722322782 ], [ -2.919085541023886, 58.844029362389037 ], [ -2.907936379521618, 58.838776008560664 ], [ -2.93959888091638, 58.832972766113627 ], [ -2.987195460482155, 58.83203465011858 ], [ -2.990737835743599, 58.827928629932686 ], [ -3.012872357869161, 58.833141679618478 ], [ -3.036522685678755, 58.819301072634403 ], [ -3.023835677513887, 58.817815107822859 ], [ -3.00384282524575, 58.826752341688717 ], [ -2.996729842109825, 58.818367754676821 ], [ -2.97990875199111, 58.808356534163011 ], [ -2.998891640777757, 58.806423762660792 ], [ -3.014059254583463, 58.812891519034387 ], [ -3.022014575244543, 58.805197718858736 ], [ -3.004609075604753, 58.797347325762473 ], [ -2.979014537275826, 58.777649697150537 ], [ -2.980475996591972, 58.760561457944981 ], [ -2.992445250786779, 58.754310358468146 ], [ -2.986155133779622, 58.74860704364162 ], [ -2.965017008624128, 58.740655657041678 ], [ -2.958776361499337, 58.729608918019181 ], [ -2.936535780133987, 58.734262402699947 ], [ -2.918647970014751, 58.734943889081634 ], [ -2.909120654717726, 58.753704103335927 ], [ -2.938933632168208, 58.76643752442093 ], [ -2.924800578742565, 58.776410482389615 ], [ -2.92033562304024, 58.785819586915238 ], [ -2.930223065375106, 58.794851600908665 ], [ -2.889083376954876, 58.823359594170149 ], [ -2.887214554654603, 58.828811558577179 ], [ -2.902867776325952, 58.837937806258637 ], [ -2.87746864531928, 58.84493839062776 ], [ -2.89123342363572, 58.858724369246957 ], [ -2.887259665832775, 58.874024714806112 ], [ -2.915366347528606, 58.872212065987611 ], [ -2.899690473811043, 58.884061521077363 ], [ -2.890929405762756, 58.885269202509207 ], [ -2.897012544281304, 58.895530785849473 ], [ -2.886707810135279, 58.90028972830617 ], [ -2.846335144593633, 58.888668967592459 ], [ -2.845295196793626, 58.884900447441957 ], [ -2.82110799654302, 58.876540850876872 ], [ -2.821634262702349, 58.886903753669856 ], [ -2.804017488625287, 58.893992235394187 ], [ -2.796738553572538, 58.907407393981515 ], [ -2.779816672667719, 58.916071773116215 ], [ -2.763461847673797, 58.913114738921145 ], [ -2.748347163002566, 58.923707842683129 ], [ -2.722550523362465, 58.919565232852108 ], [ -2.711311867438677, 58.922273421738083 ], [ -2.719081603716307, 58.936690543937175 ], [ -2.715938288331019, 58.946885892587837 ], [ -2.704082475304025, 58.962618432654914 ], [ -2.7155192125354, 58.972997657858258 ], [ -2.729191182585844, 58.96550044764053 ], [ -2.747702628323129, 58.964039613647493 ], [ -2.775605920183501, 58.954984747382255 ], [ -2.805333932712855, 58.947790345071567 ], [ -2.786016897176134, 58.939879142462495 ], [ -2.791963180618672, 58.926869798927036 ], [ -2.778145954132251, 58.925476805618239 ], [ -2.782370457089177, 58.917163564380715 ], [ -2.799125828709478, 58.917758154301879 ], [ -2.80442603750735, 58.929132942295581 ], [ -2.830965689343567, 58.926607719199026 ], [ -2.82509088225154, 58.934476486467837 ], [ -2.828670737985596, 58.946850974517268 ], [ -2.844113837152392, 58.95131045213973 ], [ -2.848237405752591, 58.957818805588914 ], [ -2.820783859310859, 58.966658190626319 ], [ -2.791519631448692, 58.968927497792613 ], [ -2.796125071856601, 58.987002276807651 ], [ -2.827555399984853, 58.980780885132631 ], [ -2.844529070752293, 58.981284039118542 ], [ -2.855481960292569, 58.986137203822715 ], [ -2.86592536552475, 58.973797081103278 ], [ -2.892825895498966, 58.962835158953993 ], [ -2.918666708884591, 58.964700668235892 ], [ -2.914053842988956, 58.974201482385901 ], [ -2.915663789748912, 58.993343033035565 ], [ -2.907894100989289, 58.99832248437685 ], [ -2.921199214842772, 59.006667874799959 ], [ -2.94391823499156, 59.00657998279172 ], [ -2.945700817752693, 58.993416824200295 ], [ -2.958894568405342, 58.984869836954566 ], [ -2.969526148831713, 58.986521076895841 ], [ -2.970337319375245, 58.995746612093797 ], [ -2.998964084247014, 59.00396839568802 ], [ -3.001465275581164, 59.009103363997028 ], [ -3.035574566987953, 59.010005534714089 ], [ -3.059299556851072, 58.994796797649784 ], [ -3.086918377015383, 58.998202302894839 ], [ -3.114547772430027, 59.006429861296454 ], [ -3.113104821108198, 59.010638418381966 ] ] ], [ [ [ -2.61814913922953, 59.155753963299972 ], [ -2.631638473503155, 59.16176301439932 ], [ -2.664847226502818, 59.149741795910543 ], [ -2.643639414083803, 59.132936425675595 ], [ -2.622920057078554, 59.125032542027611 ], [ -2.620629731812458, 59.118106782576206 ], [ -2.629968601428883, 59.110096482306673 ], [ -2.665583612725161, 59.110712594310144 ], [ -2.669538769809974, 59.100973533656983 ], [ -2.688555604912265, 59.08682566495613 ], [ -2.690127493064176, 59.078893318653734 ], [ -2.652525785238676, 59.075516692318011 ], [ -2.64387221237416, 59.085874883567925 ], [ -2.657716136779021, 59.100248395592331 ], [ -2.632100319507093, 59.107690433273298 ], [ -2.605980653266696, 59.097776320755145 ], [ -2.600724623759846, 59.087435318341107 ], [ -2.607635225828398, 59.072989738720018 ], [ -2.575843394995453, 59.07759448213222 ], [ -2.565557105410166, 59.084095751646721 ], [ -2.546345929419448, 59.081989083773209 ], [ -2.535227271073309, 59.093589614170803 ], [ -2.549809291273908, 59.101438285608566 ], [ -2.551464604512276, 59.120266903607728 ], [ -2.59573517727135, 59.115742135249803 ], [ -2.607577978061636, 59.126821077421283 ], [ -2.592553705254296, 59.140156828002624 ], [ -2.627273667005646, 59.145522026930664 ], [ -2.61814913922953, 59.155753963299972 ] ] ], [ [ [ -2.725832683817663, 59.237184820275779 ], [ -2.741221738224924, 59.247457833440819 ], [ -2.747953629924804, 59.236483795194651 ], [ -2.742098277240927, 59.23149548716416 ], [ -2.724585655658368, 59.228886726175759 ], [ -2.725832683817663, 59.237184820275779 ] ] ], [ [ [ -2.764215659732305, 59.236281667802167 ], [ -2.768350649758071, 59.244947522849323 ], [ -2.788458245511521, 59.237769168451919 ], [ -2.783457297264069, 59.228773116737031 ], [ -2.791069419239218, 59.214190973060752 ], [ -2.778077407348012, 59.208197343009608 ], [ -2.778135872217648, 59.192140064400455 ], [ -2.802952524483346, 59.183412048865307 ], [ -2.827708065152025, 59.187719457269502 ], [ -2.824314221772277, 59.173299541025024 ], [ -2.794485383761177, 59.160132764903999 ], [ -2.79611428655432, 59.151981773895471 ], [ -2.783909341752487, 59.138997220104159 ], [ -2.775521758696465, 59.143545241460046 ], [ -2.742058257602955, 59.143522430086279 ], [ -2.739252404006587, 59.15137430775733 ], [ -2.75585787787809, 59.157385492002831 ], [ -2.759517397881894, 59.18930098770192 ], [ -2.734045342135929, 59.223501323454187 ], [ -2.764215659732305, 59.236281667802167 ] ] ], [ [ [ -3.059232517228784, 59.194862783440627 ], [ -3.075870454124297, 59.199837956662122 ], [ -3.103454313066178, 59.185722010226371 ], [ -3.105079938953016, 59.178887151180959 ], [ -3.116941304174021, 59.171053028364987 ], [ -3.113023730562938, 59.160492094034801 ], [ -3.101773088828042, 59.157962378445085 ], [ -3.098220121764639, 59.150226908843514 ], [ -3.076813772252684, 59.137891210442611 ], [ -3.059506753022496, 59.134205129109702 ], [ -3.042330153730599, 59.126701513833758 ], [ -2.996013548321705, 59.127242937671831 ], [ -2.96467056956133, 59.135595732375933 ], [ -2.96307290183263, 59.138660351363974 ], [ -2.978411877962866, 59.161229100288494 ], [ -2.965863232154669, 59.175307863350781 ], [ -2.965374414349894, 59.186506077606978 ], [ -2.978424186111452, 59.186654954966855 ], [ -2.99202943947898, 59.180090432656151 ], [ -3.030143840061093, 59.177707107594593 ], [ -3.045469437328183, 59.18134170817769 ], [ -3.048581733029414, 59.195476385501806 ], [ -3.059232517228784, 59.194862783440627 ] ] ], [ [ [ -2.420067336032048, 59.305845391782512 ], [ -2.429312823444202, 59.311902333714386 ], [ -2.446645148253909, 59.303761770542295 ], [ -2.446401389232051, 59.293092555345993 ], [ -2.455246425285399, 59.288648229891166 ], [ -2.480710703063957, 59.289179590038287 ], [ -2.53264217246813, 59.265796645957856 ], [ -2.55720874523708, 59.260359343952686 ], [ -2.573799047696472, 59.260705434878808 ], [ -2.574835477736453, 59.275057944003237 ], [ -2.559449909613563, 59.279657927171328 ], [ -2.551180690222931, 59.291791888727097 ], [ -2.529105966048716, 59.29895235020998 ], [ -2.554176742871681, 59.305687103381509 ], [ -2.575451758877658, 59.294501776105967 ], [ -2.591643742917032, 59.29412283195812 ], [ -2.614986056898011, 59.283280120410645 ], [ -2.5978675808475, 59.275920078268655 ], [ -2.593346702590785, 59.26849998659376 ], [ -2.601261604496051, 59.260089578354162 ], [ -2.621094167463438, 59.257485630441529 ], [ -2.641589580303612, 59.245608810311509 ], [ -2.65863601378473, 59.239752305262328 ], [ -2.664343470536819, 59.227961102143816 ], [ -2.680444391383991, 59.219641017681909 ], [ -2.696188126783028, 59.22096172462696 ], [ -2.701723522600444, 59.208077253466655 ], [ -2.67238142016148, 59.203428495791414 ], [ -2.642953834420233, 59.221563848493105 ], [ -2.635999835586002, 59.236116149365934 ], [ -2.623238105832615, 59.238456464196005 ], [ -2.599260425135517, 59.232883379395268 ], [ -2.588047087967864, 59.241551475851026 ], [ -2.572618771769511, 59.244755978068113 ], [ -2.560851533106314, 59.238850547604265 ], [ -2.538091313490489, 59.234893617837976 ], [ -2.52898771567537, 59.243557609027519 ], [ -2.535474234406121, 59.248942539767576 ], [ -2.530914663122632, 59.256853076426289 ], [ -2.510569352216544, 59.252878904248973 ], [ -2.486545165824197, 59.267552489650967 ], [ -2.473674612030539, 59.279192361367819 ], [ -2.447361717724466, 59.283201128752609 ], [ -2.404714310084246, 59.279141787390202 ], [ -2.415649310962371, 59.286822884460179 ], [ -2.420067336032048, 59.305845391782512 ] ] ], [ [ [ -2.94786652176465, 59.079171503642939 ], [ -2.968557050932258, 59.089093548368496 ], [ -2.989683817483403, 59.088601791779197 ], [ -2.974031328189426, 59.072161111003176 ], [ -2.94786652176465, 59.079171503642939 ] ] ], [ [ [ -2.800455323178706, 59.084598556673683 ], [ -2.840008125868322, 59.076787564211706 ], [ -2.837311674237763, 59.065794604871833 ], [ -2.846839112075608, 59.058375746132199 ], [ -2.869961610180982, 59.056685160607806 ], [ -2.886911548957291, 59.060249801767426 ], [ -2.897180266467311, 59.066264536838673 ], [ -2.91642962784442, 59.062437014340325 ], [ -2.914153627555168, 59.054563395470062 ], [ -2.934984799801934, 59.032601716881331 ], [ -2.918267343316603, 59.029138783297945 ], [ -2.898775857899825, 59.035117641221149 ], [ -2.856716032039035, 59.030372489837745 ], [ -2.826000402063588, 59.019421386076942 ], [ -2.80616007494776, 59.027901201103354 ], [ -2.808613213986097, 59.036517264075854 ], [ -2.824219826428823, 59.046960586632018 ], [ -2.81027404274877, 59.06552545141983 ], [ -2.80189380707636, 59.068335545414861 ], [ -2.800455323178706, 59.084598556673683 ] ] ], [ [ [ -2.951496205078759, 59.118951862218189 ], [ -2.958432854607274, 59.127227860356669 ], [ -2.986162338091524, 59.120883475850157 ], [ -2.980230452249514, 59.1138011757592 ], [ -2.966981116611175, 59.110789622575261 ], [ -2.951496205078759, 59.118951862218189 ] ] ], [ [ [ -3.064729267391615, 58.8461075590834 ], [ -3.068694841603758, 58.849388961156308 ], [ -3.128427515383439, 58.840105680647746 ], [ -3.147720949343969, 58.828070824836317 ], [ -3.138942436972082, 58.816813834070373 ], [ -3.105919777407231, 58.814597149018532 ], [ -3.102658357704576, 58.820283440599013 ], [ -3.0830731619811, 58.814507200977552 ], [ -3.083910327063654, 58.825179145621355 ], [ -3.100275660001864, 58.828585601531344 ], [ -3.096186914339412, 58.838039298932507 ], [ -3.064729267391615, 58.8461075590834 ] ] ], [ [ [ -3.163867605288678, 58.851934097322598 ], [ -3.174706419429484, 58.854669610772071 ], [ -3.181658398587845, 58.846311568714938 ], [ -3.172250334012162, 58.834321592158972 ], [ -3.153556344812473, 58.834790962485016 ], [ -3.150324284334324, 58.842072450689997 ], [ -3.163867605288678, 58.851934097322598 ] ] ], [ [ [ -3.306638763356684, 58.940579000369283 ], [ -3.313653364389707, 58.93886789226805 ], [ -3.308078844170427, 58.926070811502846 ], [ -3.28210430198108, 58.919791546935279 ], [ -3.267693198231163, 58.924005958197014 ], [ -3.271497376127161, 58.935147978127198 ], [ -3.282687802927688, 58.93232495901178 ], [ -3.306638763356684, 58.940579000369283 ] ] ], [ [ [ -3.353560078670814, 58.932267433236746 ], [ -3.387745997014318, 58.921769942561319 ], [ -3.396680052379449, 58.924098900854283 ], [ -3.416505437363663, 58.911124500531784 ], [ -3.423515060160439, 58.891157000872624 ], [ -3.434495030020118, 58.880158444146922 ], [ -3.434617249116326, 58.871372670847578 ], [ -3.403678074835018, 58.86921988611067 ], [ -3.386366332943162, 58.870069526337765 ], [ -3.378246362847512, 58.860305393398292 ], [ -3.375163726505027, 58.845109541589117 ], [ -3.365186980589909, 58.836009061248689 ], [ -3.328078265021673, 58.816653958951079 ], [ -3.323602521969175, 58.798651114396243 ], [ -3.293632553702025, 58.776468965955488 ], [ -3.277063612222695, 58.779882435292315 ], [ -3.234841925212187, 58.781499099130833 ], [ -3.218800775041771, 58.783845192518818 ], [ -3.201925299081616, 58.777523111164022 ], [ -3.153860933545509, 58.781464268622734 ], [ -3.140078850012681, 58.797655756780593 ], [ -3.152211347593973, 58.806561034314555 ], [ -3.166940711105378, 58.800921535653508 ], [ -3.178511006416243, 58.802490036099314 ], [ -3.206079016528902, 58.800106854573578 ], [ -3.225776257059768, 58.785665455937938 ], [ -3.237987529136465, 58.783378753683508 ], [ -3.257275713396178, 58.785663154865937 ], [ -3.249338719908073, 58.799004656360623 ], [ -3.225509091557397, 58.802281103814465 ], [ -3.170482295328301, 58.82126774155887 ], [ -3.178526706900685, 58.825800664353871 ], [ -3.204378501592047, 58.827745011791315 ], [ -3.190929632719117, 58.835958520542825 ], [ -3.213774201618633, 58.840520330055625 ], [ -3.198348466362518, 58.847830617790862 ], [ -3.202002230494466, 58.856027199680099 ], [ -3.216977909847912, 58.862041235914575 ], [ -3.212455014313637, 58.877886220655625 ], [ -3.239334707880132, 58.886614941047199 ], [ -3.256251936595317, 58.895482612037213 ], [ -3.286164472000491, 58.905287738719757 ], [ -3.316551519568435, 58.907061629577306 ], [ -3.312342375954371, 58.915756658932509 ], [ -3.326579578010639, 58.918826275135309 ], [ -3.328780472796275, 58.928805841789973 ], [ -3.353560078670814, 58.932267433236746 ] ] ] ] } },
{ "type": "Feature", "properties": { "hcs_name": "Oxfordshire", "abbr": "Oxon", "hcs_county": "Oxford", "hcs_number": 66, "hcs_code": "OXD", "county": "Oxfordshire", "region": "South East England" }, "geometry": { "type": "Polygon", "coordinates": [ [ [ -1.665723184828908, 51.987473880631576 ], [ -1.669027851725567, 51.975343265083673 ], [ -1.662630309099956, 51.964174459214071 ], [ -1.64579058587636, 51.956960958122032 ], [ -1.628747551944423, 51.952993178762462 ], [ -1.620003674151962, 51.937429544638952 ], [ -1.645313221400821, 51.922441460165857 ], [ -1.643587179740706, 51.913026071386483 ], [ -1.634958087603253, 51.912520613812653 ], [ -1.635643925827868, 51.901445870444363 ], [ -1.644823570736728, 51.894633689701443 ], [ -1.657578004861334, 51.897197245314288 ], [ -1.669000633793078, 51.881550316006859 ], [ -1.66810861091604, 51.876288750737075 ], [ -1.683284348976925, 51.868811158146372 ], [ -1.678668414075117, 51.849404282159128 ], [ -1.686429993004462, 51.832572573081229 ], [ -1.680267081761903, 51.807194256086703 ], [ -1.693472270124275, 51.794127638910318 ], [ -1.719572910569316, 51.783217271865588 ], [ -1.700692415333618, 51.770605504615567 ], [ -1.687020405410855, 51.739894542868157 ], [ -1.686797652866773, 51.728562003926733 ], [ -1.695866613961847, 51.723723457988442 ], [ -1.681856889422916, 51.708991572872947 ], [ -1.664629683323644, 51.696847913611151 ], [ -1.659001, 51.697498 ], [ -1.64826412702385, 51.684051847248199 ], [ -1.635035360118945, 51.687499011619749 ], [ -1.627910701480598, 51.683930547798894 ], [ -1.606093967768026, 51.692235162408494 ], [ -1.598501516041806, 51.68794087859024 ], [ -1.576662787401922, 51.699800860188688 ], [ -1.558013139570077, 51.69901013915274 ], [ -1.545507357802167, 51.703159904861806 ], [ -1.534452620672994, 51.698206789498371 ], [ -1.516465046749224, 51.701709826424299 ], [ -1.497261271009424, 51.697651489668871 ], [ -1.482877538752913, 51.701526023779628 ], [ -1.462954310031428, 51.701129850915819 ], [ -1.463306753042583, 51.712420948484933 ], [ -1.442037889900143, 51.712416489422942 ], [ -1.438598, 51.707779 ], [ -1.421370809855432, 51.710266165275073 ], [ -1.403636662713264, 51.705937817020327 ], [ -1.391599601201942, 51.706403088178448 ], [ -1.372531979070875, 51.718683028549421 ], [ -1.366923622123347, 51.728786701974002 ], [ -1.374074164190168, 51.737161425805247 ], [ -1.365049323382026, 51.747202759112717 ], [ -1.367717674823567, 51.753074736274662 ], [ -1.359129619914476, 51.763560475066427 ], [ -1.361249401098177, 51.773690908384744 ], [ -1.350644149300892, 51.776108830580853 ], [ -1.337527460081054, 51.784609757009783 ], [ -1.306882088793418, 51.790063209931454 ], [ -1.300977399778348, 51.770562954361793 ], [ -1.289333968537939, 51.758602055068003 ], [ -1.288947445019139, 51.751009436684633 ], [ -1.267770495257555, 51.742725145223638 ], [ -1.255538599361572, 51.747530538152994 ], [ -1.244107778987626, 51.74354389897924 ], [ -1.24045216263802, 51.729468425193488 ], [ -1.242652135617106, 51.721084158353435 ], [ -1.221835271787471, 51.684461798507769 ], [ -1.227029223565829, 51.675824227389171 ], [ -1.246698113830834, 51.667164808422513 ], [ -1.262809097905303, 51.670271021487608 ], [ -1.279822593105762, 51.668816530905595 ], [ -1.283445500399332, 51.649899746988353 ], [ -1.279058664251342, 51.645949853587069 ], [ -1.262602539039265, 51.650047014711646 ], [ -1.233120322543748, 51.641630975880076 ], [ -1.218696341040305, 51.639979758104474 ], [ -1.211083844093902, 51.644420311800864 ], [ -1.208271597092061, 51.655918775666571 ], [ -1.197101331741863, 51.658777575470872 ], [ -1.180954478693323, 51.653794207136748 ], [ -1.177032474889866, 51.647040948021875 ], [ -1.180776882070779, 51.635524534015495 ], [ -1.15734349181134, 51.636147893755201 ], [ -1.140878583006337, 51.624160500855318 ], [ -1.124517711306348, 51.622148651659309 ], [ -1.113201630311958, 51.614298554057875 ], [ -1.126473289799481, 51.581582870280293 ], [ -1.126448171271501, 51.570016120255247 ], [ -1.141327321540174, 51.561218812889628 ], [ -1.147013051425591, 51.551750153556355 ], [ -1.136310991363001, 51.539899790133077 ], [ -1.134629613075839, 51.532875260920328 ], [ -1.143620930245623, 51.523371965304129 ], [ -1.13407580610143, 51.511365405312972 ], [ -1.112194399684794, 51.508794438784619 ], [ -1.100727463991299, 51.489094120747659 ], [ -1.087922142076182, 51.485790140244042 ], [ -1.05950578728727, 51.491869251702902 ], [ -1.050765171814679, 51.491756240183406 ], [ -1.037405465023564, 51.483852720186562 ], [ -1.037949023560748, 51.475833098982477 ], [ -1.013997807530854, 51.466295177345984 ], [ -0.996200511683138, 51.469840035843511 ], [ -0.97934735606113, 51.466899028866138 ], [ -0.967824714625489, 51.460942195008442 ], [ -0.949835439161804, 51.459536813500321 ], [ -0.931204873268666, 51.467283473868989 ], [ -0.92339983374259, 51.467197174244959 ], [ -0.910647795180312, 51.476834811669491 ], [ -0.910264523320657, 51.482185388359198 ], [ -0.897811495728586, 51.486879587884758 ], [ -0.892344658846533, 51.496932965502566 ], [ -0.870655770873115, 51.503610343593543 ], [ -0.878532198287382, 51.511117194125738 ], [ -0.878347626238453, 51.523253861448843 ], [ -0.898214570580011, 51.534952259905303 ], [ -0.893617534392632, 51.54932205475189 ], [ -0.902254862236918, 51.551773701276602 ], [ -0.92771702099149, 51.568100888579941 ], [ -0.938411961046562, 51.571168410974209 ], [ -0.941461814940064, 51.585499883665214 ], [ -0.92477805778769, 51.590912042615102 ], [ -0.916891079148585, 51.599293053442125 ], [ -0.943227499896063, 51.605238868728819 ], [ -0.939566844500511, 51.618533980415187 ], [ -0.949581517466329, 51.620692881149253 ], [ -0.949859761193998, 51.629263964848406 ], [ -0.93784516536531, 51.635287265543468 ], [ -0.921879075665352, 51.624536113494976 ], [ -0.907006330149948, 51.626874396039248 ], [ -0.913697705130358, 51.637623792985949 ], [ -0.900774332106146, 51.642945226356971 ], [ -0.899755714759828, 51.631972175941407 ], [ -0.887939810768273, 51.619793795346922 ], [ -0.882645527335013, 51.626862663175856 ], [ -0.862397269414299, 51.626089644570257 ], [ -0.845814052813539, 51.639887067198352 ], [ -0.861998613154071, 51.659060148034911 ], [ -0.884292930461096, 51.673850739860221 ], [ -0.881914196220567, 51.684655095215803 ], [ -0.894644441165674, 51.692665837456111 ], [ -0.887146390665178, 51.703397934024061 ], [ -0.887647159555447, 51.718217248416046 ], [ -0.911095145408141, 51.731343188578577 ], [ -0.946864390239455, 51.726051319825402 ], [ -0.95308626569162, 51.731706189261295 ], [ -0.946486080544612, 51.749117359712059 ], [ -0.926972695791931, 51.754431744789535 ], [ -0.926074772501341, 51.760829693338373 ], [ -0.950060972539963, 51.757114518722737 ], [ -0.97386, 51.757992 ], [ -0.980804998371783, 51.753368162314331 ], [ -1.031969714991521, 51.757001572705498 ], [ -1.029638725243863, 51.745972650695293 ], [ -1.045301233347532, 51.744622404168922 ], [ -1.05623576985683, 51.75201010011498 ], [ -1.082834405651883, 51.764132485331771 ], [ -1.078879994088346, 51.771263004937452 ], [ -1.085736064320603, 51.781284960116658 ], [ -1.106306330517982, 51.781632637193475 ], [ -1.121949335893517, 51.787091884300068 ], [ -1.117394861380834, 51.799198922662939 ], [ -1.126291458157682, 51.809540168315621 ], [ -1.147110587454123, 51.823080039859448 ], [ -1.14923160620521, 51.831117608045972 ], [ -1.128983285266895, 51.839251833972298 ], [ -1.121645120596904, 51.845334768386017 ], [ -1.102240277193378, 51.840143729556033 ], [ -1.086268443899899, 51.831317901097719 ], [ -1.075861709519596, 51.829386195276257 ], [ -1.06192273014496, 51.832377190164003 ], [ -1.051558175179669, 51.83985856659271 ], [ -1.061997679657979, 51.844132431956389 ], [ -1.065146127649472, 51.869503514635603 ], [ -1.076636835317111, 51.87870128378092 ], [ -1.0706817653791, 51.888834674849534 ], [ -1.093024709533854, 51.893551455746611 ], [ -1.086110696384169, 51.89792610146322 ], [ -1.082443088259865, 51.912341907099233 ], [ -1.086035715623462, 51.923202215326612 ], [ -1.055935588048796, 51.942612157152944 ], [ -1.059361233898741, 51.949296421519904 ], [ -1.076007940919385, 51.943330589260505 ], [ -1.082339734569011, 51.951281428329352 ], [ -1.095248105193217, 51.957081477868513 ], [ -1.078130673058397, 51.981024255054635 ], [ -1.059056991968, 51.997894470472467 ], [ -1.061054069714924, 52.008603388857857 ], [ -1.089578684019685, 52.006280484651818 ], [ -1.093744426270181, 52.013315894437447 ], [ -1.11802012652818, 52.015421241984697 ], [ -1.131280131059649, 52.004880755756545 ], [ -1.134232970250279, 51.997385691719053 ], [ -1.15149058517593, 51.993114050289677 ], [ -1.163678025011707, 51.993378289422758 ], [ -1.174364092106293, 51.983362872960583 ], [ -1.196292093111984, 51.977419962403296 ], [ -1.229606472643753, 51.981349689760705 ], [ -1.241554934508403, 51.98627633461664 ], [ -1.261066817219411, 51.980917524391792 ], [ -1.284352777281289, 51.982465525646177 ], [ -1.287260566115308, 51.990260312471769 ], [ -1.277631281345613, 52.007207435198531 ], [ -1.285509737865214, 52.026585503355989 ], [ -1.29250955092908, 52.02766909349733 ], [ -1.293904942065689, 52.038690598030968 ], [ -1.300062912736453, 52.045355962344175 ], [ -1.326977699438998, 52.056306991645201 ], [ -1.3330523268238, 52.065421001490506 ], [ -1.332328412916764, 52.07641441471236 ], [ -1.322283573327725, 52.077166557255154 ], [ -1.320478165599536, 52.087772142974046 ], [ -1.308064326174243, 52.092269152611287 ], [ -1.280545288636661, 52.094216847923683 ], [ -1.269770168831688, 52.097995164397986 ], [ -1.247969081980557, 52.095736154521049 ], [ -1.252921127833908, 52.103847102320131 ], [ -1.27277249496496, 52.114329754240458 ], [ -1.308517, 52.143527 ], [ -1.331956803332122, 52.168503219577829 ], [ -1.334084629279085, 52.159064696705407 ], [ -1.343487365189474, 52.153057876095104 ], [ -1.341086613538873, 52.14483511423667 ], [ -1.354979527982963, 52.135853891332893 ], [ -1.369555732949756, 52.134738773353 ], [ -1.358186965913632, 52.125167797751239 ], [ -1.370313997782909, 52.115365459043176 ], [ -1.35823332485725, 52.101358437436495 ], [ -1.385312169547992, 52.094245206437641 ], [ -1.402945889085881, 52.109152068124317 ], [ -1.425249122948676, 52.118280616657117 ], [ -1.453464473868088, 52.112979449743591 ], [ -1.447185635552804, 52.097630065000082 ], [ -1.470649638279343, 52.097926998549369 ], [ -1.494085988182059, 52.082344542350896 ], [ -1.490597655024064, 52.077258450162944 ], [ -1.50266188042138, 52.069179221222697 ], [ -1.497204025556027, 52.060858344427366 ], [ -1.50718499810995, 52.03640164973158 ], [ -1.511028516196837, 52.021415807538148 ], [ -1.52105388323382, 52.006008139974803 ], [ -1.524137970068485, 51.994147390230573 ], [ -1.544105794202989, 51.996320964556091 ], [ -1.556771765329419, 51.989574204170502 ], [ -1.549532419884759, 51.980838919160107 ], [ -1.591606939173752, 51.970439779828816 ], [ -1.612453778469377, 51.955414301532706 ], [ -1.626281828176376, 51.967492189775001 ], [ -1.642213456935168, 51.977431348676014 ], [ -1.665723184828908, 51.987473880631576 ] ] ] } },
{ "type": "Feature", "properties": { "hcs_name": "Peeblesshire", "abbr": "Peebles", "hcs_county": "Peebles", "hcs_number": 67, "hcs_code": "PBS", "county": "Peeblesshire", "region": "Scotland" }, "geometry": { "type": "Polygon", "coordinates": [ [ [ -3.00106015831121, 55.685435558933854 ], [ -3.027214622285834, 55.702012440537118 ], [ -3.070046523467009, 55.717012114997175 ], [ -3.092519888433422, 55.721738413777899 ], [ -3.134398357487507, 55.711452834505756 ], [ -3.150582488986818, 55.724748505626565 ], [ -3.144213520558425, 55.740110652485448 ], [ -3.16002055188607, 55.74744759031352 ], [ -3.156956522264055, 55.761907534943369 ], [ -3.174140904265984, 55.773614580110035 ], [ -3.167775446879502, 55.779520775385095 ], [ -3.185666602947882, 55.788768979530985 ], [ -3.195547627471072, 55.802176433747213 ], [ -3.211556098292531, 55.789694039335572 ], [ -3.225749411260797, 55.787013148217589 ], [ -3.235894837214582, 55.779125880613854 ], [ -3.250664355840806, 55.781700394289331 ], [ -3.274401329485392, 55.775351135462905 ], [ -3.292776931616341, 55.78056236109807 ], [ -3.290019340830356, 55.793017586644098 ], [ -3.303153520885385, 55.796369946794421 ], [ -3.336886331923406, 55.7913830743963 ], [ -3.347310810076772, 55.79465145118882 ], [ -3.350453731717345, 55.809559134917301 ], [ -3.360402327906303, 55.813744165577909 ], [ -3.369523527092919, 55.824058555071069 ], [ -3.378585343241892, 55.820317489116739 ], [ -3.399646876390659, 55.819016175076499 ], [ -3.415737417070396, 55.809463149088877 ], [ -3.435533078008894, 55.805498309587342 ], [ -3.444620294044549, 55.793458433809626 ], [ -3.439404685561612, 55.784596438772027 ], [ -3.470061165414119, 55.774224949945648 ], [ -3.471639199699098, 55.770971922945982 ], [ -3.459077588767635, 55.765546561624305 ], [ -3.447761437093177, 55.740640831957222 ], [ -3.436669197156704, 55.732752800891525 ], [ -3.439429350316082, 55.724021900626468 ], [ -3.419043455169292, 55.710529345121927 ], [ -3.401348452501668, 55.70466427639294 ], [ -3.455617622243311, 55.670743808890968 ], [ -3.458501536672508, 55.662942779384181 ], [ -3.473174130789939, 55.659742771165767 ], [ -3.485756864845758, 55.648965276297119 ], [ -3.487198448496157, 55.632773894403392 ], [ -3.484168046032589, 55.620281204291572 ], [ -3.495674166400321, 55.615879985278312 ], [ -3.530017070937288, 55.611402061610789 ], [ -3.526789846957254, 55.596939351649752 ], [ -3.509639134666885, 55.58381871475931 ], [ -3.508187955620691, 55.575856108929656 ], [ -3.488532128228789, 55.562666854551466 ], [ -3.495113242306426, 55.560216531691793 ], [ -3.503300722224482, 55.547356545756664 ], [ -3.494777477631057, 55.524105780385561 ], [ -3.488127247175899, 55.516215713353475 ], [ -3.504432054414371, 55.512466846798354 ], [ -3.511612085342371, 55.502708906113618 ], [ -3.512553313359344, 55.493190946657506 ], [ -3.523491620408122, 55.486233085989888 ], [ -3.516000359277401, 55.481352018049655 ], [ -3.518478113215965, 55.47377707819949 ], [ -3.531678033455398, 55.46126053044533 ], [ -3.539569162659845, 55.443170274615447 ], [ -3.536592385321447, 55.434710825167109 ], [ -3.525197755830276, 55.432898767715649 ], [ -3.50335734044182, 55.408700216352671 ], [ -3.488649724609974, 55.404136557596743 ], [ -3.473943981900955, 55.403907282518503 ], [ -3.449213993907475, 55.409875811717939 ], [ -3.429859711611444, 55.410703413613504 ], [ -3.421225975957471, 55.416047446113488 ], [ -3.40528971358937, 55.412854558070386 ], [ -3.377688002547317, 55.411423599122223 ], [ -3.347288517456748, 55.424635342240087 ], [ -3.3387761467285, 55.424998418036772 ], [ -3.331582949292978, 55.441088161830301 ], [ -3.31095842643321, 55.444809733803005 ], [ -3.305137273181071, 55.436228666501371 ], [ -3.287174194427935, 55.433740407587713 ], [ -3.276197516227888, 55.448859822371489 ], [ -3.276794239726678, 55.457395249245181 ], [ -3.25628789056699, 55.469891227729811 ], [ -3.225929776683864, 55.477779733321185 ], [ -3.217839211405781, 55.485024741971067 ], [ -3.206441354098159, 55.484560856550388 ], [ -3.197711374637837, 55.494726408799771 ], [ -3.209045920483162, 55.506946814813318 ], [ -3.212792764339317, 55.5174594971337 ], [ -3.231143012591122, 55.517729876789652 ], [ -3.242971264068199, 55.533991691980077 ], [ -3.233506620097361, 55.538714394954397 ], [ -3.23407248584052, 55.548613273621065 ], [ -3.223609242228985, 55.555654867809629 ], [ -3.210873929249173, 55.557059589352207 ], [ -3.200066499992521, 55.565083111877854 ], [ -3.203742846792873, 55.582896828537592 ], [ -3.191305976075665, 55.591315831472428 ], [ -3.196114804676077, 55.601656722638523 ], [ -3.183746964508326, 55.601352344417698 ], [ -3.166509188599103, 55.614632814212094 ], [ -3.168937721320976, 55.624991825777563 ], [ -3.154090200107715, 55.622894851668669 ], [ -3.148380239733482, 55.614963237520847 ], [ -3.144484483845011, 55.59920396381483 ], [ -3.115369363466774, 55.625881522482615 ], [ -3.092417509954032, 55.62076314216101 ], [ -3.091266869528751, 55.615090484918049 ], [ -3.118934415735794, 55.602341610002092 ], [ -3.120548721187042, 55.586625206254709 ], [ -3.152106334969174, 55.576949928582458 ], [ -3.169924071783004, 55.577343838557283 ], [ -3.183411632920795, 55.572980599874029 ], [ -3.156787627472827, 55.553727105814779 ], [ -3.133608346694703, 55.551153689376605 ], [ -3.117387747237256, 55.544453171983541 ], [ -3.093733238065579, 55.553565288152448 ], [ -3.082266326751702, 55.586504599476903 ], [ -3.074284292411749, 55.591514801069216 ], [ -3.0639802555088, 55.583825262387023 ], [ -3.063408810903005, 55.569673438107358 ], [ -3.053441466674307, 55.564259173280185 ], [ -3.040821839591775, 55.571383218996921 ], [ -3.02993742789514, 55.568275599226851 ], [ -3.017023718079071, 55.575349831685706 ], [ -3.019655300924053, 55.588175251578214 ], [ -3.031697613930252, 55.595109670989054 ], [ -3.035289012488291, 55.607554469309775 ], [ -3.045851404340479, 55.618616152729331 ], [ -3.010558268713549, 55.619227736265529 ], [ -3.021812776342666, 55.597977352784106 ], [ -3.021810346761073, 55.591528862622162 ], [ -2.985424138376964, 55.585014968677811 ], [ -2.981443226031333, 55.596138107554765 ], [ -2.97293777343509, 55.60083972494423 ], [ -2.981772944463586, 55.62518039768775 ], [ -2.9822214052542, 55.63712007373779 ], [ -2.998413058401809, 55.645476979864462 ], [ -2.989056043181921, 55.661428809814311 ], [ -2.999720162354556, 55.672687719150019 ], [ -3.00106015831121, 55.685435558933854 ] ] ] } },
{ "type": "Feature", "properties": { "hcs_name": "Pembrokeshire", "abbr": "Pembs", "hcs_county": "Pembroke", "hcs_number": 68, "hcs_code": "PMB", "county": "Pembrokeshire", "region": "Wales" }, "geometry": { "type": "MultiPolygon", "coordinates": [ [ [ [ -5.268806084376895, 51.735221180655586 ], [ -5.28197941423929, 51.741189362271349 ], [ -5.300482450933636, 51.745117887682937 ], [ -5.313134309324296, 51.739337893366162 ], [ -5.310942080856902, 51.732759853360434 ], [ -5.292965512664427, 51.728279089651217 ], [ -5.268806084376895, 51.735221180655586 ] ] ], [ [ [ -5.330052567776472, 51.877277033466648 ], [ -5.346971092209119, 51.875289850281924 ], [ -5.353119349059346, 51.865669335819405 ], [ -5.347923999278319, 51.857301610173813 ], [ -5.338599512306057, 51.854803401514381 ], [ -5.331453673704956, 51.86490516666732 ], [ -5.330052567776472, 51.877277033466648 ] ] ], [ [ [ -4.64550589242242, 51.733942864684266 ], [ -4.635802365178207, 51.739871799943238 ], [ -4.627230673048202, 51.750834041326335 ], [ -4.630577541911302, 51.756803091472534 ], [ -4.622599773459625, 51.768113544047701 ], [ -4.635113717400268, 51.770522864369731 ], [ -4.645416166085054, 51.778493023012558 ], [ -4.637170188930369, 51.789189040714355 ], [ -4.644580402026922, 51.79722291849604 ], [ -4.618808796671424, 51.807274053712419 ], [ -4.614954122344519, 51.816246159496458 ], [ -4.62920713966616, 51.817418905287077 ], [ -4.643277415900169, 51.825609525007152 ], [ -4.637321193192177, 51.832695635344614 ], [ -4.652591232172043, 51.839259472504963 ], [ -4.663095696118951, 51.8328296343308 ], [ -4.703770206492863, 51.851881226832433 ], [ -4.704156412470017, 51.839125788477872 ], [ -4.684227676051811, 51.839589668402525 ], [ -4.697409412053396, 51.829043648769563 ], [ -4.719585782715825, 51.832437829006849 ], [ -4.732253191483161, 51.831609514401208 ], [ -4.74795394759193, 51.837293491105932 ], [ -4.759417431303104, 51.833065981205387 ], [ -4.778891562603198, 51.833030320745003 ], [ -4.782351223838002, 51.840745644712307 ], [ -4.775835161180996, 51.84830595534374 ], [ -4.76188059010425, 51.85456290752218 ], [ -4.745312243701399, 51.845790762058456 ], [ -4.734820608096157, 51.852612206502648 ], [ -4.712273978911005, 51.852952787962288 ], [ -4.722480324200128, 51.865164217291913 ], [ -4.717939275849778, 51.871910345099728 ], [ -4.730332393632565, 51.876497867003813 ], [ -4.752793744058676, 51.875025386575423 ], [ -4.724106914763585, 51.911411563826867 ], [ -4.695718134388874, 51.9233778363322 ], [ -4.665250367382261, 51.929475612453032 ], [ -4.651451582047279, 51.922652224138496 ], [ -4.634739980424436, 51.919350693657137 ], [ -4.600009718457404, 51.940904136811376 ], [ -4.587833166575545, 51.931802533135205 ], [ -4.566547634347989, 51.937026549926394 ], [ -4.560874961603926, 51.945582480818814 ], [ -4.540856900240177, 51.956695091054414 ], [ -4.532732469050801, 51.954404663925175 ], [ -4.493055579377874, 51.962375767262436 ], [ -4.48560723469526, 51.975773150149848 ], [ -4.488102020311198, 51.989462746034739 ], [ -4.511092172873336, 51.994371291287592 ], [ -4.523304024502683, 52.011428778283502 ], [ -4.5354025343615, 52.017724219941591 ], [ -4.54560608997002, 52.018355217045453 ], [ -4.551257394782335, 52.038027454203082 ], [ -4.559621785707052, 52.043582799118674 ], [ -4.566821990092878, 52.057546925384315 ], [ -4.583624473103428, 52.058581831621645 ], [ -4.595058099439605, 52.062595188380101 ], [ -4.609906017363283, 52.057642265601537 ], [ -4.631343344147825, 52.05608269094202 ], [ -4.642449439646726, 52.066004555722138 ], [ -4.636445169993971, 52.068656538672244 ], [ -4.645196157307114, 52.080142068292126 ], [ -4.661119374227535, 52.080638644565944 ], [ -4.681625956329023, 52.085196449509738 ], [ -4.680021046372114, 52.099444219270794 ], [ -4.689463996873875, 52.107529619904021 ], [ -4.701808617347861, 52.105790974678882 ], [ -4.73122425980869, 52.117880736348582 ], [ -4.745349448516085, 52.095091426552017 ], [ -4.761649835004843, 52.078364520149563 ], [ -4.78543986419024, 52.061438598320414 ], [ -4.798324405737223, 52.05663456725123 ], [ -4.826619590776397, 52.05419072479954 ], [ -4.840775637901203, 52.046634087682818 ], [ -4.847681928925343, 52.037789196576334 ], [ -4.838767297603122, 52.034352535789438 ], [ -4.837952437326641, 52.020605000166675 ], [ -4.860105322718579, 52.022987151304598 ], [ -4.879187787943486, 52.020066915899555 ], [ -4.893952238046196, 52.023115804790315 ], [ -4.892882048801005, 52.029999618943627 ], [ -4.911587279032311, 52.034213273438148 ], [ -4.917520563587788, 52.02588348708268 ], [ -4.909482085715987, 52.021312415505811 ], [ -4.929223239609618, 52.008625330448787 ], [ -4.944511869255131, 52.00436340899104 ], [ -4.987024361519193, 51.999055754133195 ], [ -4.992916981640509, 52.004805267216845 ], [ -4.983647298401909, 52.014116662805549 ], [ -4.986622094525834, 52.022932914449818 ], [ -4.998218725518187, 52.025129608706465 ], [ -5.010398682073554, 52.022510897520192 ], [ -5.039249134914987, 52.027802444606877 ], [ -5.069928352038697, 52.030509261957597 ], [ -5.081935327506049, 52.023177566068107 ], [ -5.088373156336445, 52.014671043291784 ], [ -5.072219843274545, 52.004499358353577 ], [ -5.090216696672218, 51.995801212523631 ], [ -5.085766222644514, 51.968218889328419 ], [ -5.105007495068726, 51.968775478654237 ], [ -5.107045496881212, 51.962240971856616 ], [ -5.128017659347649, 51.959878253951253 ], [ -5.15573351464809, 51.952938078792933 ], [ -5.15896038497286, 51.947862177596726 ], [ -5.174581643001139, 51.951218372388951 ], [ -5.193588730840832, 51.95076927944384 ], [ -5.21004135773795, 51.932264473410491 ], [ -5.233661051006645, 51.930056662805335 ], [ -5.253699414626845, 51.916711685055851 ], [ -5.276518314102572, 51.911460817131172 ], [ -5.289200079149158, 51.914123993719699 ], [ -5.303449131782352, 51.908972044517192 ], [ -5.295925594679035, 51.893134783992359 ], [ -5.308914349432855, 51.878716582984978 ], [ -5.306003857016141, 51.863844640585519 ], [ -5.281620687826883, 51.865419491243266 ], [ -5.265574125808349, 51.871672823574258 ], [ -5.251582291537024, 51.868830282400616 ], [ -5.229429779061666, 51.873171638702445 ], [ -5.198549645637712, 51.867307560407063 ], [ -5.181726451487607, 51.868008671143549 ], [ -5.174539479500761, 51.8631876739665 ], [ -5.133812552717921, 51.862607974791139 ], [ -5.116733805051751, 51.843586354422456 ], [ -5.116156904949093, 51.827829639205262 ], [ -5.103949027914184, 51.812881777345467 ], [ -5.106740890575026, 51.799330221788942 ], [ -5.102055259084636, 51.783359654815747 ], [ -5.106161991690757, 51.776313415985136 ], [ -5.119643725901621, 51.768276272956314 ], [ -5.149124376009637, 51.77243681140542 ], [ -5.160217762562924, 51.772116876678858 ], [ -5.188210271713673, 51.755079278024731 ], [ -5.202060492929628, 51.750765699842951 ], [ -5.20541587355498, 51.738124837357738 ], [ -5.210980430969324, 51.733908114595117 ], [ -5.224084609061792, 51.737216910985289 ], [ -5.252035797939324, 51.737775407149769 ], [ -5.252778080798575, 51.733112953334995 ], [ -5.226572389741213, 51.722305261539411 ], [ -5.2145534655011, 51.723617553137771 ], [ -5.201250564840831, 51.717326343348304 ], [ -5.203462510635425, 51.711688459943254 ], [ -5.186474142828865, 51.707818640663646 ], [ -5.188145368405596, 51.689965522720293 ], [ -5.177385712902624, 51.683757164230443 ], [ -5.153263094694087, 51.69648177047948 ], [ -5.168436977721944, 51.706800545301391 ], [ -5.172999205126858, 51.714468753199114 ], [ -5.135772474811639, 51.712721649226019 ], [ -5.124561847707555, 51.717393875157683 ], [ -5.115491513052798, 51.713678454499615 ], [ -5.094588569079979, 51.720999537656887 ], [ -5.087772641920046, 51.707484015535634 ], [ -5.041367597597738, 51.707682484045534 ], [ -5.03405711984566, 51.71111454143945 ], [ -5.009007296549579, 51.702865255014864 ], [ -4.984989577690964, 51.699365904889298 ], [ -4.955619310392144, 51.707498036837443 ], [ -4.934513905115717, 51.701579597936693 ], [ -4.957601363223613, 51.697796438234306 ], [ -4.974776698930094, 51.686260369667337 ], [ -4.946050190388743, 51.679991483347074 ], [ -4.973094829496613, 51.673991053468121 ], [ -4.989082913381362, 51.688523012520626 ], [ -5.02099326773999, 51.691724358711767 ], [ -5.027419286282933, 51.694641513470344 ], [ -5.051128859454883, 51.693750972443318 ], [ -5.044683326517522, 51.684822250895486 ], [ -5.046086157056008, 51.676328580372818 ], [ -5.078417729052214, 51.679237079526288 ], [ -5.080119760065075, 51.689836953246157 ], [ -5.110007324773059, 51.692257510720616 ], [ -5.122783458873235, 51.680600954424321 ], [ -5.107053397608795, 51.668954095646782 ], [ -5.064814040824266, 51.663130801862515 ], [ -5.052328175202963, 51.645481904282455 ], [ -5.050090900429874, 51.634268492397965 ], [ -5.06193004381046, 51.62958600148756 ], [ -5.059252313706414, 51.620573688462429 ], [ -5.019633990972893, 51.613838686 ], [ -5.006573142817114, 51.608530930836856 ], [ -4.989464039280612, 51.612779944259856 ], [ -4.973469112918369, 51.606025968538695 ], [ -4.955270470042363, 51.603364903009059 ], [ -4.949465968873528, 51.598248049868069 ], [ -4.93059526362183, 51.598728296574635 ], [ -4.92168291930277, 51.605703914925968 ], [ -4.901015798041199, 51.614387259350003 ], [ -4.904005178031684, 51.61901927196466 ], [ -4.896757133906466, 51.628610066023043 ], [ -4.868701950285658, 51.638520716913341 ], [ -4.860886539235151, 51.647067380704598 ], [ -4.8427339499103, 51.644755559340332 ], [ -4.834770720403812, 51.64786496331336 ], [ -4.807170239499838, 51.644189662768923 ], [ -4.806491746420506, 51.639057652640275 ], [ -4.775157236127346, 51.63991868664435 ], [ -4.760397415555914, 51.646311458779415 ], [ -4.756694531691341, 51.653662558618208 ], [ -4.714437980709047, 51.652565037411563 ], [ -4.715830777449685, 51.65669985833334 ], [ -4.703014825867905, 51.668349151558665 ], [ -4.701786660755377, 51.67687313837736 ], [ -4.688008292154075, 51.699044263820149 ], [ -4.697396904113937, 51.711768054315904 ], [ -4.687761245966598, 51.721536776852879 ], [ -4.663373715268535, 51.731304721390238 ], [ -4.64550589242242, 51.733942864684266 ] ] ] ] } },
{ "type": "Feature", "properties": { "hcs_name": "Perthshire", "abbr": "Perth", "hcs_county": "Perth", "hcs_number": 69, "hcs_code": "PRT", "county": "Perthshire", "region": "Scotland" }, "geometry": { "type": "Polygon", "coordinates": [ [ [ -3.051927314105015, 56.458390747550219 ], [ -3.074321115555526, 56.467938497952545 ], [ -3.119614807214087, 56.467671706228465 ], [ -3.123437713070957, 56.474225494050621 ], [ -3.14362451758785, 56.479737788282527 ], [ -3.142042682817517, 56.487545929360479 ], [ -3.121628578155415, 56.483213131989103 ], [ -3.104327126045785, 56.47234439778692 ], [ -3.090870710367557, 56.474149664363694 ], [ -3.086473731857382, 56.483404393181395 ], [ -3.094837915636074, 56.505021636160173 ], [ -3.113985167896218, 56.502374857978467 ], [ -3.144098924883079, 56.505090754567469 ], [ -3.148589287356254, 56.500232614646755 ], [ -3.16626381997546, 56.501173730944856 ], [ -3.195182524682396, 56.507175353591968 ], [ -3.229514452004649, 56.51098671490368 ], [ -3.228555696388801, 56.503201544325108 ], [ -3.237373189110004, 56.494458271470293 ], [ -3.247197620791837, 56.492139360335905 ], [ -3.275832122592847, 56.505366781831199 ], [ -3.269509042520558, 56.517124799102248 ], [ -3.271374963242322, 56.527119098460822 ], [ -3.256981277946981, 56.534828873048887 ], [ -3.269196878019315, 56.544115023946723 ], [ -3.259403226581663, 56.548889110603277 ], [ -3.240049866111124, 56.549820124350887 ], [ -3.224977896334388, 56.559436027781217 ], [ -3.20520185734848, 56.566529546872722 ], [ -3.19485124761516, 56.559041024705635 ], [ -3.18365975786787, 56.564971353877745 ], [ -3.132571743273941, 56.579135807319666 ], [ -3.112140752534007, 56.593889523154978 ], [ -3.097952331883815, 56.598318311678746 ], [ -3.110910381451156, 56.612223396695491 ], [ -3.144276015613184, 56.595543420311593 ], [ -3.165946072194482, 56.601086536830131 ], [ -3.154119476515304, 56.608449995262895 ], [ -3.160892248572718, 56.619230478739517 ], [ -3.175620529061103, 56.624240406121423 ], [ -3.177207656106848, 56.635764571574668 ], [ -3.154823047507815, 56.637386196136113 ], [ -3.148826872125444, 56.643358721034794 ], [ -3.150835035677825, 56.652751012624172 ], [ -3.160054645715261, 56.65620121927428 ], [ -3.175854450843026, 56.651946670024408 ], [ -3.212975384450952, 56.655422304668591 ], [ -3.239205083798005, 56.659842872560802 ], [ -3.26038176547409, 56.668420446548538 ], [ -3.283563714709053, 56.665491391580723 ], [ -3.286789043113235, 56.676405620835482 ], [ -3.308515410953845, 56.689948684817402 ], [ -3.302032127230637, 56.694964809853914 ], [ -3.315283160303662, 56.709968975742022 ], [ -3.33482280983374, 56.713388451424841 ], [ -3.380754286359005, 56.705174396307569 ], [ -3.402474601746996, 56.717952117827494 ], [ -3.392736532369527, 56.726525240756828 ], [ -3.401222960342639, 56.742086127469264 ], [ -3.385932617371254, 56.74664873865305 ], [ -3.378399315823306, 56.754232281190745 ], [ -3.389797524155828, 56.769244794347969 ], [ -3.379511881864123, 56.777109691471857 ], [ -3.37411855921794, 56.789270044910424 ], [ -3.357670074680092, 56.804385091735142 ], [ -3.366728890427647, 56.813464164294658 ], [ -3.35163666614621, 56.820287617930347 ], [ -3.370470468964577, 56.831291629939336 ], [ -3.37666110831859, 56.829746409509148 ], [ -3.392762837480956, 56.842740539150554 ], [ -3.403193679714294, 56.845615878179494 ], [ -3.378163095127854, 56.861384430892407 ], [ -3.372138119233806, 56.874626527297345 ], [ -3.404961997423125, 56.884032299704003 ], [ -3.421287157940999, 56.879584427657427 ], [ -3.438040145340313, 56.885520072092952 ], [ -3.447090268526035, 56.875879806228589 ], [ -3.465277511139224, 56.872877473318397 ], [ -3.490554093292353, 56.877042790601919 ], [ -3.499596996560603, 56.88626819782435 ], [ -3.524903078159813, 56.886721985438747 ], [ -3.537022731921727, 56.891435704615645 ], [ -3.56078296069864, 56.884115043048041 ], [ -3.568725548570301, 56.892520017364753 ], [ -3.560759673333306, 56.896940140058256 ], [ -3.579520445305346, 56.922931514138689 ], [ -3.582737126228906, 56.930935881671665 ], [ -3.608634739279899, 56.930798037962056 ], [ -3.619054320159018, 56.926193965911246 ], [ -3.640800776074307, 56.923331371186585 ], [ -3.657914848756117, 56.933079090943181 ], [ -3.67512633194502, 56.932458722591349 ], [ -3.683553638481533, 56.916127824302976 ], [ -3.704098119594688, 56.915494060717833 ], [ -3.725220138445422, 56.918430231199622 ], [ -3.732919558031643, 56.930874927353919 ], [ -3.746189056062025, 56.933730535799299 ], [ -3.787945562448959, 56.923635918549081 ], [ -3.801647863819442, 56.935892710726016 ], [ -3.831115409136415, 56.936182976760193 ], [ -3.841942511705562, 56.927024417907226 ], [ -3.855658224703854, 56.922829110935773 ], [ -3.872538661613784, 56.922681453170561 ], [ -3.886425219426733, 56.926677320244131 ], [ -3.895558600012303, 56.922879344337154 ], [ -3.904019643286774, 56.932268735957784 ], [ -3.936369299416774, 56.935441586782432 ], [ -3.938615529573438, 56.948633245594955 ], [ -3.952018762212633, 56.946340075181745 ], [ -3.952986648142903, 56.939100636693098 ], [ -3.965190683349721, 56.935912787161122 ], [ -3.9702839029215, 56.917450250907677 ], [ -3.962637933858835, 56.909899137236529 ], [ -3.969651394060138, 56.898283545984405 ], [ -3.988317764526553, 56.891738396253551 ], [ -4.011429838445142, 56.898000257841915 ], [ -4.024240006594682, 56.89253141989731 ], [ -4.035324555177302, 56.901015477438293 ], [ -4.069920749703701, 56.894420041468472 ], [ -4.088281157487989, 56.893611194924141 ], [ -4.136204397298364, 56.897352493158536 ], [ -4.173689663444471, 56.908697247638024 ], [ -4.184169950188711, 56.908146052160554 ], [ -4.199557066776778, 56.893509335313709 ], [ -4.203172367959649, 56.885429518117114 ], [ -4.191813152343006, 56.877528680743168 ], [ -4.199197933807851, 56.870513084713608 ], [ -4.214972683121101, 56.869785824277301 ], [ -4.227701897642592, 56.857616753783951 ], [ -4.253110427903508, 56.853381937477629 ], [ -4.261397416666005, 56.856540970556921 ], [ -4.279123390626794, 56.849763834752601 ], [ -4.304196267540723, 56.851486753899493 ], [ -4.31309793085761, 56.843096066323326 ], [ -4.329728823123153, 56.836981586103697 ], [ -4.330741874660178, 56.82389906406555 ], [ -4.343332116597338, 56.821301586235002 ], [ -4.352440520620259, 56.827128654185138 ], [ -4.374387626116506, 56.832171775992826 ], [ -4.414467979753406, 56.798661008674216 ], [ -4.435239865995603, 56.777402337725505 ], [ -4.468436836478906, 56.777818563870653 ], [ -4.483943027930787, 56.791555121594257 ], [ -4.509968869789383, 56.802980229862783 ], [ -4.528536431376927, 56.801333162154577 ], [ -4.538303589180566, 56.78722731180914 ], [ -4.549661893190802, 56.781962785174841 ], [ -4.546802294138004, 56.772382553374058 ], [ -4.581388479585269, 56.764225760296597 ], [ -4.586499336451038, 56.758425911175713 ], [ -4.57777345195279, 56.735205528376405 ], [ -4.59149069993214, 56.724198215709443 ], [ -4.606234438462925, 56.708054235813378 ], [ -4.591217562186046, 56.704485120792818 ], [ -4.59202598869273, 56.693198199979058 ], [ -4.61521428530933, 56.690962595139517 ], [ -4.657374227083128, 56.674771307160441 ], [ -4.676149510714845, 56.677671546103653 ], [ -4.692310176001465, 56.675506853679572 ], [ -4.717547557478712, 56.676604019258157 ], [ -4.720444632002277, 56.656444193044848 ], [ -4.716470825158303, 56.64272137725689 ], [ -4.696599872225779, 56.643470642020738 ], [ -4.662687898161097, 56.640147922365522 ], [ -4.633342112289463, 56.656645936684029 ], [ -4.630404837573584, 56.64693086661444 ], [ -4.620798892624198, 56.641396109349763 ], [ -4.621133346986193, 56.634588447445935 ], [ -4.63676280499267, 56.624974484304659 ], [ -4.626306299455381, 56.615632474462011 ], [ -4.609828417196929, 56.614824613872628 ], [ -4.597317234540902, 56.604264218378987 ], [ -4.586185204939013, 56.59966144796504 ], [ -4.575990313246725, 56.588388230289439 ], [ -4.570237414603639, 56.576109267673012 ], [ -4.577566718209154, 56.570801833092887 ], [ -4.59963602885225, 56.576635758265098 ], [ -4.606358221800916, 56.571819315665181 ], [ -4.641101450072738, 56.567711999548777 ], [ -4.648825793755916, 56.561332572342017 ], [ -4.661790504844531, 56.562165575356367 ], [ -4.674008447049221, 56.556034209100723 ], [ -4.697690836672912, 56.549783536972896 ], [ -4.697639256342501, 56.541057497420631 ], [ -4.681808797087963, 56.540268156827374 ], [ -4.653736238490895, 56.526023168801714 ], [ -4.654449002006475, 56.515864692401919 ], [ -4.676060470465537, 56.500056807737437 ], [ -4.682543402887921, 56.486455630412671 ], [ -4.670533692412073, 56.479686230891105 ], [ -4.648822007113191, 56.47904154732246 ], [ -4.66528389727408, 56.461082813062248 ], [ -4.704886144848516, 56.461779772021288 ], [ -4.733295819289662, 56.454913619207602 ], [ -4.724091695640907, 56.449769544446937 ], [ -4.726349352303583, 56.440782648719413 ], [ -4.736451046025023, 56.433739353457341 ], [ -4.752993448785457, 56.436959724952899 ], [ -4.781668556500144, 56.427120569413994 ], [ -4.789938021081102, 56.427340930710947 ], [ -4.798361492402554, 56.416675160809611 ], [ -4.811676350548221, 56.417609979343744 ], [ -4.817097496247055, 56.401434976933835 ], [ -4.812653417471102, 56.398119199968399 ], [ -4.834532555023245, 56.390142386499733 ], [ -4.83318340505091, 56.3811157468771 ], [ -4.8531741552992, 56.369254680433905 ], [ -4.831737707402194, 56.366800528072361 ], [ -4.80772397256352, 56.355284855658191 ], [ -4.779050411205689, 56.338845250293133 ], [ -4.792836502224169, 56.333137199790798 ], [ -4.785804235317898, 56.323744703079157 ], [ -4.752605063985306, 56.325163779929994 ], [ -4.743716130672237, 56.331592925276311 ], [ -4.720700429972404, 56.327152827975134 ], [ -4.715748909875403, 56.329958501900734 ], [ -4.695539911706684, 56.322467268011955 ], [ -4.677250432549583, 56.326486661942482 ], [ -4.658700380220205, 56.321860943971032 ], [ -4.6772261764466, 56.312866607564274 ], [ -4.670828243566614, 56.302735481196557 ], [ -4.642923083760311, 56.293403371335174 ], [ -4.624091222653416, 56.289433291103215 ], [ -4.594738449001106, 56.278732956035981 ], [ -4.562865758228837, 56.256690964999571 ], [ -4.589996374021712, 56.252498087323652 ], [ -4.587133727551245, 56.240592482223619 ], [ -4.604451810423607, 56.227258820235193 ], [ -4.575053994357483, 56.208856415045744 ], [ -4.549594297681064, 56.197508214245069 ], [ -4.53947330149517, 56.189004203696562 ], [ -4.543615169605312, 56.179733138671111 ], [ -4.533599034116149, 56.171716769710493 ], [ -4.521003109892636, 56.174074274501088 ], [ -4.492045701477116, 56.161320469884913 ], [ -4.478142779321266, 56.16128148852976 ], [ -4.446587654330457, 56.168424541321734 ], [ -4.429392189478367, 56.169204320929694 ], [ -4.419976484464248, 56.150852233420125 ], [ -4.403090200831383, 56.153168168295721 ], [ -4.375062019938722, 56.136467032191341 ], [ -4.34933976294416, 56.136174494772881 ], [ -4.332612387479664, 56.14120766380816 ], [ -4.289529000613364, 56.14571854532327 ], [ -4.285733981544579, 56.138746690664512 ], [ -4.270543640391732, 56.136273856182243 ], [ -4.261312789995042, 56.139561571414802 ], [ -4.247262979613836, 56.125583045283221 ], [ -4.255235440440494, 56.120522716558099 ], [ -4.25873927971265, 56.093619893131603 ], [ -4.238415174008096, 56.098069035971513 ], [ -4.224396914116774, 56.089469372682494 ], [ -4.201244003359712, 56.09633473695888 ], [ -4.209755322572986, 56.10756802849231 ], [ -4.202568475164345, 56.117775657028325 ], [ -4.203351173931386, 56.130069649148133 ], [ -4.196598301743643, 56.143383437907339 ], [ -4.161398314217059, 56.144859161032009 ], [ -4.159337941047988, 56.137809726932467 ], [ -4.128520325759896, 56.148489851459829 ], [ -4.112537840572054, 56.141021317669512 ], [ -4.097195150201687, 56.144543059661402 ], [ -4.073355620506957, 56.134305546019874 ], [ -4.048975462541337, 56.13762756404244 ], [ -4.050659526667292, 56.129052352270122 ], [ -4.034211830669432, 56.125892332887815 ], [ -4.020913788437565, 56.130445824564987 ], [ -4.016993553941531, 56.122615642532622 ], [ -3.98485354128344, 56.120778943969157 ], [ -3.977971132382956, 56.132546736590548 ], [ -3.983443637884506, 56.143233467585539 ], [ -3.96939314272704, 56.155936136732791 ], [ -3.956330167592963, 56.158925212492349 ], [ -3.947537201529186, 56.167566000245245 ], [ -3.921422835345532, 56.165449671091288 ], [ -3.90820736891263, 56.151287591148581 ], [ -3.919157692470882, 56.142302098597241 ], [ -3.924913383364971, 56.128284632267082 ], [ -3.893772529962634, 56.127621807663672 ], [ -3.892394547808561, 56.130112259863694 ], [ -3.884019720734731, 56.129472184992451 ], [ -3.878010262872289, 56.13484130825357 ], [ -3.857674797395959, 56.138984303719099 ], [ -3.874413892120748, 56.151117204926713 ], [ -3.854950378479626, 56.152701994224913 ], [ -3.858165521579793, 56.164611798708123 ], [ -3.84120553263955, 56.188456499746486 ], [ -3.829452952575846, 56.196555014222348 ], [ -3.799224012940101, 56.205725286596603 ], [ -3.768099664737561, 56.221784349448839 ], [ -3.757609752014818, 56.220188826320111 ], [ -3.738218471816027, 56.189381034358256 ], [ -3.726325547111085, 56.19316925220641 ], [ -3.68645515819244, 56.195852397425469 ], [ -3.654229636341173, 56.186911334148803 ], [ -3.652166122154919, 56.178220130056097 ], [ -3.664008018498468, 56.171100078067674 ], [ -3.66457870513852, 56.154321329153206 ], [ -3.653341596189601, 56.156731891083567 ], [ -3.644533361104728, 56.146607731642966 ], [ -3.644765606158052, 56.137591198756645 ], [ -3.635868804015, 56.131918939166141 ], [ -3.588022439647715, 56.137573713018575 ], [ -3.582650756901097, 56.151033191438522 ], [ -3.563919217510433, 56.159808405290867 ], [ -3.537170393398128, 56.158220078961016 ], [ -3.525858679681206, 56.160350881057603 ], [ -3.490978118316079, 56.174349054535718 ], [ -3.519166843705886, 56.183598188495758 ], [ -3.568142686060008, 56.177017762858164 ], [ -3.556322932327981, 56.18897052318728 ], [ -3.567566789915674, 56.191364895433686 ], [ -3.561721619415676, 56.199099795108289 ], [ -3.543588026448784, 56.205856952705702 ], [ -3.551336367671793, 56.213040371937957 ], [ -3.588629458400368, 56.226512947729042 ], [ -3.59574782208337, 56.241299839894971 ], [ -3.586480908756089, 56.246625433403892 ], [ -3.573631603219128, 56.24356711576128 ], [ -3.564280915093522, 56.251092556106038 ], [ -3.541092698039539, 56.253424836387886 ], [ -3.542647900681695, 56.265651048622992 ], [ -3.511388776406918, 56.277298633173586 ], [ -3.48389963835473, 56.257484572260267 ], [ -3.469426660371687, 56.260815657076165 ], [ -3.452786608125951, 56.286481892310256 ], [ -3.428271249133954, 56.278247937873864 ], [ -3.401273146442983, 56.278929293148472 ], [ -3.384450860613378, 56.294523535458758 ], [ -3.368782197655833, 56.303188105308557 ], [ -3.347083285311925, 56.303452559571475 ], [ -3.333225654463295, 56.307368734550941 ], [ -3.313905410940477, 56.301538462500183 ], [ -3.30079441080133, 56.309582645557605 ], [ -3.285713459717501, 56.313217287391829 ], [ -3.265140727406773, 56.312427046770885 ], [ -3.250992074771619, 56.30881987603059 ], [ -3.248405255440634, 56.319793585369752 ], [ -3.264632733197583, 56.32181520448718 ], [ -3.268621464213246, 56.334771730159069 ], [ -3.255296572296611, 56.34524842638271 ], [ -3.277139061366659, 56.350316218227235 ], [ -3.297642088226338, 56.351550755065048 ], [ -3.298348637408866, 56.357788394751609 ], [ -3.280894019074712, 56.359892983180941 ], [ -3.254046372460794, 56.368874108256499 ], [ -3.227211657458918, 56.371618589603109 ], [ -3.207514345997812, 56.378616075930346 ], [ -3.159648235298926, 56.405786653217383 ], [ -3.139001662891808, 56.4236292371152 ], [ -3.125864046729067, 56.431400215911978 ], [ -3.100020393113593, 56.438676767101967 ], [ -3.082420795789567, 56.451326683658174 ], [ -3.058274146929437, 56.453682645803738 ], [ -3.051927314105015, 56.458390747550219 ] ] ] } },
{ "type": "Feature", "properties": { "hcs_name": "Radnorshire", "abbr": "Rad", "hcs_county": "Radnor", "hcs_number": 70, "hcs_code": "RDN", "county": "Radnorshire", "region": "Wales" }, "geometry": { "type": "Polygon", "coordinates": [ [ [ -3.231371316301489, 52.453207095739131 ], [ -3.254132545711029, 52.463716613159555 ], [ -3.287171467325393, 52.458011243408734 ], [ -3.29645730145934, 52.450500860028612 ], [ -3.314552063320201, 52.443306707194687 ], [ -3.330131387064089, 52.445169159576515 ], [ -3.344645266248501, 52.435402691016463 ], [ -3.36664881575837, 52.4444158758008 ], [ -3.389916987784198, 52.441458201632713 ], [ -3.411959817175424, 52.430393837930062 ], [ -3.424272577523589, 52.412329427248622 ], [ -3.437417284937632, 52.402970735771319 ], [ -3.45661810533458, 52.400430626304946 ], [ -3.477220594473585, 52.390731162842457 ], [ -3.490267183812215, 52.391722615492355 ], [ -3.498747278614751, 52.404471803882835 ], [ -3.516183520519697, 52.408957639129078 ], [ -3.535595366707607, 52.405107674517296 ], [ -3.539320210271092, 52.397548466475889 ], [ -3.550503106475833, 52.39480029789425 ], [ -3.565756620941136, 52.383137135394833 ], [ -3.572236278229791, 52.37392315859762 ], [ -3.592885810567764, 52.372023753826525 ], [ -3.591165342070032, 52.361850364756428 ], [ -3.605858920790879, 52.360645757002189 ], [ -3.624075500615823, 52.36871982836719 ], [ -3.635704627459718, 52.370104728877799 ], [ -3.654766079547793, 52.356325256053843 ], [ -3.663677224706266, 52.354620466917346 ], [ -3.658515073598539, 52.347803571421515 ], [ -3.692016758132693, 52.339550475143064 ], [ -3.705026676366124, 52.341457424382931 ], [ -3.718167039082561, 52.335120492562503 ], [ -3.744965572974211, 52.31729455909462 ], [ -3.729942892091234, 52.309064952437389 ], [ -3.726177653606784, 52.29966186265046 ], [ -3.732805179587838, 52.288989581933834 ], [ -3.723550625865714, 52.287594653883275 ], [ -3.705960335758954, 52.275139253655361 ], [ -3.663587223747205, 52.268939493727949 ], [ -3.652343706210321, 52.254415904489612 ], [ -3.636476290502318, 52.251743205009866 ], [ -3.632850168309529, 52.247044524949501 ], [ -3.604439233411978, 52.240207140842806 ], [ -3.588130227291115, 52.251275367887885 ], [ -3.58782064565346, 52.259572391042475 ], [ -3.55887197366874, 52.278076105156011 ], [ -3.533132131303605, 52.289898398653143 ], [ -3.508436511964152, 52.275948972094653 ], [ -3.498960773035458, 52.261219777198697 ], [ -3.500211163374481, 52.255088291465505 ], [ -3.473316253005009, 52.253630156513665 ], [ -3.45623367324704, 52.24145918827346 ], [ -3.443214048172225, 52.220338888598263 ], [ -3.443139537335627, 52.211551532290088 ], [ -3.456377965729093, 52.207661006296938 ], [ -3.446273963283241, 52.196860203497792 ], [ -3.459856158746782, 52.18726653668439 ], [ -3.462353395958836, 52.177039460840206 ], [ -3.438286362514708, 52.171070517438352 ], [ -3.42773846995717, 52.162790969512926 ], [ -3.401419253400742, 52.150385254488128 ], [ -3.390465301075778, 52.155656692536901 ], [ -3.371357721005453, 52.152718686575859 ], [ -3.363288400849477, 52.145251364946567 ], [ -3.366725726856139, 52.135162109827561 ], [ -3.360438441506894, 52.12049098630559 ], [ -3.350978291979517, 52.114767758131848 ], [ -3.354410132552319, 52.101610632979927 ], [ -3.349554017733789, 52.09010475578728 ], [ -3.320031076767402, 52.07942255556889 ], [ -3.310287469787513, 52.079653412891069 ], [ -3.30001926922068, 52.068448315150107 ], [ -3.279721243380804, 52.054492188348895 ], [ -3.27271669204215, 52.039141766010424 ], [ -3.22608166652532, 52.033224911434424 ], [ -3.207668632273135, 52.043871187027158 ], [ -3.201033152781211, 52.043112916076332 ], [ -3.189924489784514, 52.057700871174738 ], [ -3.173280225069203, 52.055877667555698 ], [ -3.167615931732898, 52.071207165405426 ], [ -3.145317593462457, 52.070812846001154 ], [ -3.12580031672791, 52.078280605202089 ], [ -3.118868187561495, 52.088454736464463 ], [ -3.122755196825738, 52.102917143954812 ], [ -3.107193363976959, 52.104655798000671 ], [ -3.106521478236073, 52.118608902855584 ], [ -3.141242834828384, 52.129908637837389 ], [ -3.135962937555965, 52.137827943178451 ], [ -3.115345590896481, 52.139166994642558 ], [ -3.082693284948554, 52.148709051632132 ], [ -3.071564648678927, 52.158195510903781 ], [ -3.08399463569387, 52.163134967652447 ], [ -3.090007197322802, 52.157344554142412 ], [ -3.116898491153018, 52.160456032339269 ], [ -3.121991717594585, 52.166907918628738 ], [ -3.097112169054682, 52.180190785061001 ], [ -3.096342668538488, 52.194716817094523 ], [ -3.100296050625142, 52.202207522341489 ], [ -3.072246142464678, 52.214996608312077 ], [ -3.077284785436237, 52.21905945864151 ], [ -3.070360239505848, 52.229210344016899 ], [ -3.073965326423494, 52.234157488610748 ], [ -3.049206289347623, 52.2388831532175 ], [ -3.042831469761349, 52.243988814500462 ], [ -3.045601064656436, 52.253066774624827 ], [ -3.005831623542008, 52.264255245145762 ], [ -2.977530820997779, 52.259768601562243 ], [ -2.965615106564634, 52.262007677832038 ], [ -2.970362755007522, 52.273952404267646 ], [ -2.994588063743124, 52.273284426142027 ], [ -3.012548776158592, 52.279194438396175 ], [ -3.000563033632588, 52.303894116984999 ], [ -3.003782991178934, 52.311326238943415 ], [ -2.997083594147428, 52.32456543858062 ], [ -2.985788538122947, 52.323581198858122 ], [ -2.961656135464432, 52.335926561290577 ], [ -2.954676199079585, 52.349159223271045 ], [ -2.978158050950353, 52.354033732282652 ], [ -2.998178356623222, 52.351896268124335 ], [ -3.041218085718352, 52.344312240196857 ], [ -3.059705390190282, 52.347949972777592 ], [ -3.074069517739627, 52.357379155881702 ], [ -3.09206747862078, 52.362668058723791 ], [ -3.103908018354774, 52.373748210167875 ], [ -3.120212922557755, 52.377480622169905 ], [ -3.127936749205159, 52.383381788102227 ], [ -3.14921616975968, 52.388078754711138 ], [ -3.161769235846851, 52.39416809593726 ], [ -3.160546366425071, 52.399883095677474 ], [ -3.178856348184399, 52.40942760368074 ], [ -3.199004858482028, 52.416957340321225 ], [ -3.219118496097655, 52.421076397327816 ], [ -3.235532946183411, 52.442614371794875 ], [ -3.231371316301489, 52.453207095739131 ] ] ] } },
{ "type": "Feature", "properties": { "hcs_name": "Renfrewshire", "abbr": "Renfrew", "hcs_county": "Renfrew", "hcs_number": 71, "hcs_code": "RNF", "county": "Renfrewshire", "region": "Scotland" }, "geometry": { "type": "Polygon", "coordinates": [ [ [ -4.888914228399582, 55.874690365674752 ], [ -4.845388751118457, 55.875152177298972 ], [ -4.818873705070408, 55.887509675493739 ], [ -4.80270070265462, 55.892402065430183 ], [ -4.794214789862459, 55.872271349262405 ], [ -4.767396957703371, 55.863309071325517 ], [ -4.75119992698861, 55.849901730380999 ], [ -4.778194789571415, 55.84485431740994 ], [ -4.779111493652657, 55.83945829944016 ], [ -4.744902777362771, 55.824274752085394 ], [ -4.722368175794835, 55.820791012616148 ], [ -4.73036896318333, 55.81101806089508 ], [ -4.718695363691657, 55.804661241088453 ], [ -4.686162767531639, 55.803857509370971 ], [ -4.673475594773545, 55.7891079589469 ], [ -4.671308116351964, 55.778597941573381 ], [ -4.662499758591426, 55.767959114476689 ], [ -4.64863047326845, 55.76243306617522 ], [ -4.633285737229796, 55.767052310129046 ], [ -4.619137735197079, 55.764457707346622 ], [ -4.606829311741921, 55.767609225871709 ], [ -4.578779472951096, 55.781892860997978 ], [ -4.565595126111596, 55.778395599499206 ], [ -4.559216166775686, 55.765572532547225 ], [ -4.570040332849636, 55.763532602053722 ], [ -4.574045625044306, 55.753008190815898 ], [ -4.569073397935266, 55.748775376818131 ], [ -4.544779880594273, 55.758915106336261 ], [ -4.530808755617127, 55.754094681398243 ], [ -4.502502455944057, 55.748742962198101 ], [ -4.496513287058292, 55.740117884653031 ], [ -4.46827932857879, 55.743574721645913 ], [ -4.472003394277024, 55.737433978339247 ], [ -4.440737715511139, 55.733817989486937 ], [ -4.419941518051219, 55.727658754816893 ], [ -4.400623899111138, 55.713602476048479 ], [ -4.384861506368077, 55.72268394879535 ], [ -4.363622095162881, 55.708700944309108 ], [ -4.353196262955837, 55.697399589942371 ], [ -4.333518423811237, 55.700280240995369 ], [ -4.323266421690368, 55.687896125243952 ], [ -4.295895461482669, 55.68400277528692 ], [ -4.281965583384438, 55.67864526829014 ], [ -4.267824480142184, 55.685783054778305 ], [ -4.256351749365868, 55.675802552525774 ], [ -4.246974133066533, 55.679012876390125 ], [ -4.221616715181738, 55.691535563521086 ], [ -4.226107668235689, 55.699996112880577 ], [ -4.219467199074886, 55.710643959422335 ], [ -4.223201872988644, 55.727772205765376 ], [ -4.247893063293046, 55.738761636676202 ], [ -4.255508775807253, 55.748733009716922 ], [ -4.273501443747243, 55.75455240396446 ], [ -4.282457573106907, 55.769312956904407 ], [ -4.266772318463389, 55.780224536332625 ], [ -4.268249574325754, 55.791661489973151 ], [ -4.244115014349432, 55.809836960856167 ], [ -4.250360386305945, 55.818412459169622 ], [ -4.242834066645011, 55.831566465592054 ], [ -4.270794875233086, 55.83787291642323 ], [ -4.265759851508153, 55.849490092893717 ], [ -4.284806250709031, 55.852802039234064 ], [ -4.286497271564227, 55.846478398971776 ], [ -4.31024682431697, 55.846795574296387 ], [ -4.312275710024505, 55.840340846603461 ], [ -4.34451083034503, 55.849642149789481 ], [ -4.357086361441598, 55.863925254807562 ], [ -4.38021365696596, 55.871929693406123 ], [ -4.34195127889375, 55.874640212139184 ], [ -4.326959318942516, 55.883366117022881 ], [ -4.325991896595934, 55.8930493970649 ], [ -4.347714351646114, 55.888916335835852 ], [ -4.365684939577542, 55.895454033420464 ], [ -4.393200494357535, 55.889151386599295 ], [ -4.418173694568262, 55.901996225340604 ], [ -4.444514777127154, 55.907478325473917 ], [ -4.462702136525091, 55.920283096033643 ], [ -4.490730974159442, 55.92648112499991 ], [ -4.504657248822117, 55.922597083355818 ], [ -4.516106967794093, 55.925557879893141 ], [ -4.530919713659652, 55.922667531765271 ], [ -4.557002293805851, 55.924452894731481 ], [ -4.571884910804525, 55.923174766419422 ], [ -4.601325599558261, 55.92749247049499 ], [ -4.62293351515818, 55.933034497326943 ], [ -4.638040180390925, 55.931520840035994 ], [ -4.670461968519381, 55.9330634658318 ], [ -4.707579943006858, 55.941084302708589 ], [ -4.724654133919143, 55.942484698827833 ], [ -4.753180402641489, 55.949623745734662 ], [ -4.763267188674676, 55.956901503000168 ], [ -4.78869831141286, 55.962982521835102 ], [ -4.811208383043944, 55.957352781087273 ], [ -4.820847644019025, 55.962133475096358 ], [ -4.831519860489059, 55.955247292012658 ], [ -4.854293792799557, 55.950917138105488 ], [ -4.878754960296025, 55.942421885895065 ], [ -4.880766329336702, 55.935970244533763 ], [ -4.874740726879057, 55.92046137305821 ], [ -4.882416264583417, 55.915112235617713 ], [ -4.881490938671624, 55.902965614358727 ], [ -4.898598015475363, 55.891395385952968 ], [ -4.889414980166133, 55.882236476549288 ], [ -4.888914228399582, 55.874690365674752 ] ] ] } },
{ "type": "Feature", "properties": { "hcs_name": "Ross-shire", "abbr": "Ross", "hcs_county": "Ross", "hcs_number": 72, "hcs_code": "RSS", "county": "Ross-shire", "region": "Scotland" }, "geometry": { "type": "MultiPolygon", "coordinates": [ [ [ [ -5.460798504163925, 57.882761499198772 ], [ -5.463659510273756, 57.893998392915819 ], [ -5.474350907990788, 57.898775974268595 ], [ -5.481938911154292, 57.889524777570905 ], [ -5.470775142738443, 57.880446053740862 ], [ -5.460798504163925, 57.882761499198772 ] ] ], [ [ [ -6.848605950925899, 58.25657166255462 ], [ -6.874798766458214, 58.259202781603939 ], [ -6.893393090261401, 58.256165021035976 ], [ -6.86584224149211, 58.226934278089679 ], [ -6.875583472150616, 58.219338164691365 ], [ -6.867238394476429, 58.20746252877376 ], [ -6.839019240988544, 58.204817954922795 ], [ -6.811856529057322, 58.207832256707768 ], [ -6.790690949101295, 58.201038787954026 ], [ -6.782044960410284, 58.213911328214486 ], [ -6.797850853407605, 58.219933211292741 ], [ -6.801594173193701, 58.227725293359065 ], [ -6.820593937921163, 58.228941984200056 ], [ -6.840324845551592, 58.237513662566059 ], [ -6.842134258497272, 58.249994174962978 ], [ -6.848605950925899, 58.25657166255462 ] ] ], [ [ [ -6.8698746542647, 58.261684916278448 ], [ -6.861471114239315, 58.266431709926863 ], [ -6.885039642775274, 58.270582323080951 ], [ -6.879125771171634, 58.259761435815946 ], [ -6.8698746542647, 58.261684916278448 ] ] ], [ [ [ -6.751523161956748, 58.006234852253826 ], [ -6.724180205276921, 58.013287156622432 ], [ -6.692464698038521, 58.036364821143259 ], [ -6.670334647654504, 58.046138660963138 ], [ -6.666884848411255, 58.058144478838628 ], [ -6.636437602792775, 58.057655845428954 ], [ -6.609548745739292, 58.054752830266359 ], [ -6.621397039619578, 58.046938116308233 ], [ -6.632927734280949, 58.054734676257787 ], [ -6.659122689995567, 58.054968587786497 ], [ -6.664529474615174, 58.042712589611597 ], [ -6.691551133195558, 58.028199432014709 ], [ -6.712717242239856, 58.012476448843046 ], [ -6.713133837004809, 58.004667488558489 ], [ -6.704505241831444, 57.992298530968419 ], [ -6.712394328832672, 57.986093410783127 ], [ -6.706778298579138, 57.967722374188526 ], [ -6.692395910205815, 57.959384215117389 ], [ -6.674262450716541, 57.935094416526432 ], [ -6.651000788579549, 57.917681109718707 ], [ -6.638889327336633, 57.921601402566488 ], [ -6.6137762786873, 57.915412003794856 ], [ -6.614521131026043, 57.927945860895761 ], [ -6.631814000867833, 57.948246380944369 ], [ -6.618144824969842, 57.947917325039363 ], [ -6.601908363612817, 57.930233869925559 ], [ -6.577534668874644, 57.910929068838129 ], [ -6.557146863725506, 57.917026092740734 ], [ -6.539640098284876, 57.916951008160858 ], [ -6.539757826923572, 57.931247638415996 ], [ -6.549677945541501, 57.940142688461862 ], [ -6.533966945492888, 57.941150610191158 ], [ -6.513205348844065, 57.928570924795515 ], [ -6.501292260097167, 57.94047979490874 ], [ -6.472553985588055, 57.937382716791063 ], [ -6.461571887473325, 57.960444867456438 ], [ -6.448905145542198, 57.965641862867599 ], [ -6.454573730435303, 57.970820324487853 ], [ -6.448395091771191, 57.978546032948216 ], [ -6.457565741405426, 57.985374283876958 ], [ -6.455196812848605, 57.993349481601413 ], [ -6.471528147049199, 58.000634049284052 ], [ -6.501409482618907, 58.001567536766451 ], [ -6.507058329288236, 57.998196722075768 ], [ -6.525830679843435, 58.00565512144761 ], [ -6.520414805359965, 58.010596957246726 ], [ -6.498526697175467, 58.006328632384282 ], [ -6.489593014399804, 58.010389945732072 ], [ -6.469966333849321, 58.009630711842874 ], [ -6.458000203983622, 58.016382109880787 ], [ -6.449225965948276, 58.005880288252463 ], [ -6.435214022236792, 58.016171894999708 ], [ -6.424610852160262, 58.00952849812969 ], [ -6.408973580669382, 58.009841210469162 ], [ -6.39933249739319, 58.00099968899481 ], [ -6.380741720800409, 58.01442655858353 ], [ -6.36661022030882, 58.017768612668718 ], [ -6.358417588612444, 58.039456507070959 ], [ -6.375075036567867, 58.042079247708557 ], [ -6.367601520608019, 58.064420029797034 ], [ -6.381128011810336, 58.068012091821167 ], [ -6.378284165804023, 58.078019223907617 ], [ -6.388311208780202, 58.086633107715855 ], [ -6.387888681009442, 58.097905123083279 ], [ -6.41003233434185, 58.110262651571034 ], [ -6.447774116006482, 58.096168727920279 ], [ -6.464206694340516, 58.096462892179666 ], [ -6.499825924132095, 58.092506257749939 ], [ -6.538099204934545, 58.085641376949063 ], [ -6.531327037732056, 58.098496946190103 ], [ -6.508235367658826, 58.103019855991541 ], [ -6.492155739655214, 58.098964923365642 ], [ -6.477301556121438, 58.104192678970421 ], [ -6.456079093396044, 58.106215979503517 ], [ -6.45387854348136, 58.112534508109249 ], [ -6.427668833240691, 58.121372589086832 ], [ -6.430064297008542, 58.126487335279748 ], [ -6.465742092018046, 58.131054393583923 ], [ -6.459835271236908, 58.135137745401479 ], [ -6.432444892539666, 58.132468260258172 ], [ -6.420438912333906, 58.128786857973587 ], [ -6.397273229471443, 58.134068368184685 ], [ -6.387325271155101, 58.128790305694835 ], [ -6.369648170887221, 58.13185853604444 ], [ -6.368366693006683, 58.160307242270854 ], [ -6.381130917285866, 58.174347374396639 ], [ -6.380074828783512, 58.18810614513616 ], [ -6.395316661573798, 58.209287235410585 ], [ -6.37353390444951, 58.202680279531783 ], [ -6.362654569799042, 58.204334923374738 ], [ -6.349341270721069, 58.188639219261532 ], [ -6.307045835295717, 58.205568816428652 ], [ -6.285543010913481, 58.20500120794658 ], [ -6.272558714595714, 58.188926705137789 ], [ -6.264127358370092, 58.188935589320863 ], [ -6.252045311380649, 58.179713756054504 ], [ -6.228848661219297, 58.182028182836461 ], [ -6.212188420450793, 58.189753305199829 ], [ -6.20555757410841, 58.199634622320502 ], [ -6.16623430415226, 58.210194106108595 ], [ -6.164855251605952, 58.226233812438274 ], [ -6.151113794417391, 58.239907569705906 ], [ -6.153854149003171, 58.24666398020814 ], [ -6.14073266784988, 58.252493050154825 ], [ -6.138220618271171, 58.261555748771798 ], [ -6.153902196266871, 58.260377976975384 ], [ -6.173297407347195, 58.251945157741538 ], [ -6.201085884423556, 58.248318996680808 ], [ -6.207965228738897, 58.238596290189761 ], [ -6.237665904940528, 58.222246251299474 ], [ -6.248227130434907, 58.223806472718529 ], [ -6.262664978335445, 58.21363427162148 ], [ -6.28486420945439, 58.206660716896231 ], [ -6.304484477674844, 58.21006627177178 ], [ -6.331021754187397, 58.22434918148015 ], [ -6.354206178231023, 58.219817512550989 ], [ -6.363413984359747, 58.222929944803163 ], [ -6.357894786693833, 58.237523947947253 ], [ -6.347949417413102, 58.235882921757629 ], [ -6.326605228181134, 58.239809113724739 ], [ -6.317964134327508, 58.249681127527012 ], [ -6.327872184440245, 58.261274064190289 ], [ -6.316442344912793, 58.26993738845961 ], [ -6.305447619011031, 58.266615095599576 ], [ -6.282130172881375, 58.26915328384915 ], [ -6.282019599013537, 58.288288996567942 ], [ -6.245631881057927, 58.294629648912611 ], [ -6.237637181161862, 58.299896544159139 ], [ -6.239673217080828, 58.312246105670809 ], [ -6.209001790653917, 58.326353060229749 ], [ -6.195910624205609, 58.339647982578761 ], [ -6.162527753022991, 58.342588126659614 ], [ -6.169031446575052, 58.347246642358648 ], [ -6.186833868880734, 58.348187156906477 ], [ -6.21777058449387, 58.368121460621992 ], [ -6.193464088021264, 58.397880685315883 ], [ -6.189104939455178, 58.409036834005349 ], [ -6.168194167601981, 58.41737876986015 ], [ -6.172611181598789, 58.432808525186474 ], [ -6.186217712295989, 58.442107398622873 ], [ -6.195058771628032, 58.456726772764888 ], [ -6.182060416603565, 58.466157614790504 ], [ -6.207249797798148, 58.483161486683308 ], [ -6.220121408422219, 58.485249958282672 ], [ -6.228648274642508, 58.5009470302628 ], [ -6.259981867088463, 58.515926153845918 ], [ -6.280557030959557, 58.50824512979208 ], [ -6.271122210346483, 58.499341764656705 ], [ -6.29042436615513, 58.486290372994972 ], [ -6.310201053703299, 58.477009355630194 ], [ -6.33302942226479, 58.478611077686317 ], [ -6.346254971658836, 58.464320765681833 ], [ -6.370395093637727, 58.457154137967166 ], [ -6.379953147710207, 58.450932352140896 ], [ -6.402055235423465, 58.447231369709669 ], [ -6.442349222885799, 58.430331228358419 ], [ -6.443997761669959, 58.425040511185045 ], [ -6.4600832598623, 58.417077922372549 ], [ -6.488712982006419, 58.406926837593275 ], [ -6.497073279988216, 58.398240878836525 ], [ -6.522464835159433, 58.394996271547292 ], [ -6.545394118328769, 58.366065407094254 ], [ -6.581062976320013, 58.363739986627216 ], [ -6.619469470860959, 58.34624151534701 ], [ -6.668830996676245, 58.34982029333333 ], [ -6.669091196895622, 58.343189350839367 ], [ -6.686207713427356, 58.333638853355573 ], [ -6.707457943582143, 58.335655196605074 ], [ -6.712040786644529, 58.328891920842423 ], [ -6.751122674480103, 58.314455392856814 ], [ -6.757122153444493, 58.305421933297715 ], [ -6.772079304421321, 58.309738792843042 ], [ -6.7970547393636, 58.306733948073017 ], [ -6.803439039602019, 58.292356759595187 ], [ -6.815767421284662, 58.290745047635554 ], [ -6.82296592893464, 58.279499694310296 ], [ -6.802590565939, 58.272777990761981 ], [ -6.812584527120753, 58.266536247100632 ], [ -6.810123705374808, 58.254059912447119 ], [ -6.783201420024998, 58.236179189067101 ], [ -6.774340738036646, 58.236824482304939 ], [ -6.757737717658255, 58.216995516885397 ], [ -6.759322640908176, 58.198502384082865 ], [ -6.745779640550193, 58.193444213033892 ], [ -6.732835817901639, 58.195651131494436 ], [ -6.721512101107667, 58.187298565134682 ], [ -6.724994245878465, 58.178866990609777 ], [ -6.736670385936868, 58.176274338363598 ], [ -6.748549995643597, 58.191447467333603 ], [ -6.75994855038293, 58.187158487120854 ], [ -6.797206294387682, 58.198076842061106 ], [ -6.821981966951614, 58.201224416383418 ], [ -6.851062431672352, 58.198981250653077 ], [ -6.858174741386765, 58.193865889017154 ], [ -6.869029817095093, 58.173696334188833 ], [ -6.883872982012567, 58.171310535967699 ], [ -6.895959142145368, 58.18822211598328 ], [ -6.90612703989652, 58.185141794316046 ], [ -6.944484926000316, 58.193418936923585 ], [ -6.944900669134941, 58.202959600899767 ], [ -6.910213551831951, 58.203633245886209 ], [ -6.913977873114367, 58.216135751895585 ], [ -6.941769074725251, 58.218728537442487 ], [ -6.954499699364508, 58.233830400708513 ], [ -6.966489929884201, 58.232655012077842 ], [ -6.970125806826174, 58.219332158023917 ], [ -6.993144951977017, 58.228325023902094 ], [ -7.000658497170575, 58.234345088700501 ], [ -7.026717016166409, 58.232301482275119 ], [ -7.028331281451441, 58.243725061851571 ], [ -7.048823113302264, 58.232469275439463 ], [ -7.050247361296206, 58.219065664362411 ], [ -7.058881867855669, 58.210868540050718 ], [ -7.061092291461843, 58.195777921656287 ], [ -7.045141113375508, 58.192585162967092 ], [ -7.022872782101263, 58.193803052981039 ], [ -7.044361222508724, 58.175452279160666 ], [ -7.071575642901819, 58.183106604515864 ], [ -7.097050406854512, 58.187559549913459 ], [ -7.106459268957396, 58.177879128632462 ], [ -7.089412419587349, 58.163923211785161 ], [ -7.100551383243873, 58.156598658148113 ], [ -7.108635990002349, 58.143916257429055 ], [ -7.129524448486846, 58.13731715741509 ], [ -7.134614092742643, 58.128258096016992 ], [ -7.128736025304628, 58.118661801441824 ], [ -7.110102133094877, 58.109459918561882 ], [ -7.111601887364785, 58.099772281241464 ], [ -7.101806392999123, 58.091448062266608 ], [ -7.104219326159929, 58.08222245375088 ], [ -7.100346422360758, 58.069929977313819 ], [ -7.080943557069504, 58.063037050075785 ], [ -7.062788887621871, 58.060730017384515 ], [ -7.061203438050116, 58.068283399847864 ], [ -7.036145842567393, 58.075100395361559 ], [ -7.023547268639577, 58.070470890679253 ], [ -7.051754728878496, 58.063846026604509 ], [ -7.052748391322197, 58.053297800653063 ], [ -7.060661071212542, 58.046680172341517 ], [ -7.049462240621944, 58.035116897882801 ], [ -7.023288386601678, 58.036908829972248 ], [ -6.980253379286641, 58.047681858727657 ], [ -6.913277605631453, 58.053200968331893 ], [ -6.906046416314093, 58.049011971400105 ], [ -6.893522127435689, 58.040354228011935 ], [ -6.89391557739439, 58.03302524688484 ], [ -6.869233825039412, 58.017291966363089 ], [ -6.82674491258632, 58.005758040765755 ], [ -6.812631572046535, 58.005281614110466 ], [ -6.787518943202004, 58.015785487370422 ], [ -6.761844883995075, 58.014708825940509 ], [ -6.751523161956748, 58.006234852253826 ] ] ], [ [ [ -5.641242379722852, 57.24579472709987 ], [ -5.622722164150438, 57.244671757727211 ], [ -5.591623000686732, 57.232316860356647 ], [ -5.567484705108277, 57.236017474683166 ], [ -5.54219232122696, 57.23342380216566 ], [ -5.533074390549235, 57.237439591021079 ], [ -5.51567400640382, 57.234523445118569 ], [ -5.498143695323231, 57.224817663523609 ], [ -5.478684469351522, 57.22380166606608 ], [ -5.474146712547256, 57.215988308545221 ], [ -5.444678515651032, 57.198441854086752 ], [ -5.455393988209472, 57.187788615945735 ], [ -5.44450034312553, 57.175233457724765 ], [ -5.449461406676736, 57.169935124204628 ], [ -5.443061202067976, 57.160991228768125 ], [ -5.427695229538562, 57.15920285366451 ], [ -5.407542262424002, 57.161977066454888 ], [ -5.397034439282436, 57.154577434144386 ], [ -5.397856651617759, 57.147489343632699 ], [ -5.372371723318688, 57.14403409791629 ], [ -5.350751746691588, 57.148612858264691 ], [ -5.322903259424869, 57.144491186375632 ], [ -5.311596659791286, 57.145743323743858 ], [ -5.280817904914403, 57.134035530496732 ], [ -5.25833804746846, 57.131062393309385 ], [ -5.249064675026675, 57.125406499998441 ], [ -5.19597431177095, 57.121041571004241 ], [ -5.196952823049952, 57.10977618222924 ], [ -5.144836391551106, 57.100455633225302 ], [ -5.11841528908149, 57.104997724702557 ], [ -5.060376786553253, 57.094647190680085 ], [ -5.033514295331849, 57.099241285745222 ], [ -5.04101011721635, 57.108054894914609 ], [ -5.065799996772251, 57.119753147672498 ], [ -5.084143435284112, 57.122045061942721 ], [ -5.080897167670711, 57.131744591691508 ], [ -5.082984158678762, 57.171393118009391 ], [ -5.107842880468954, 57.173146043761541 ], [ -5.133673168412514, 57.181352895294602 ], [ -5.154741207245271, 57.184025674370837 ], [ -5.160864601728458, 57.197708797757713 ], [ -5.182018103360416, 57.195262722103735 ], [ -5.199919018941216, 57.201367937089678 ], [ -5.20995417216244, 57.197990824538074 ], [ -5.206720042376607, 57.186184708501749 ], [ -5.220135582105217, 57.175262630281942 ], [ -5.234998584602311, 57.172260912277551 ], [ -5.254344727760803, 57.176978205180163 ], [ -5.238008965581578, 57.187565167470353 ], [ -5.232472798184568, 57.201407864569738 ], [ -5.251880503284712, 57.215678989679887 ], [ -5.277208056162839, 57.214345054954919 ], [ -5.279238861232625, 57.223146139587023 ], [ -5.267418841737105, 57.226354901782415 ], [ -5.259309558948114, 57.240360555255407 ], [ -5.231552694377391, 57.244687918802789 ], [ -5.231788156936675, 57.253372702174303 ], [ -5.198593046288437, 57.252495231210986 ], [ -5.172517495233466, 57.257199748218142 ], [ -5.158195756407451, 57.265291938331998 ], [ -5.13945070760314, 57.267074940361773 ], [ -5.126123502353282, 57.273831507614908 ], [ -5.120332182885114, 57.285163415145462 ], [ -5.097868740756083, 57.291398933826152 ], [ -5.085637521799073, 57.288866669937448 ], [ -5.059787633314913, 57.298840397262673 ], [ -5.035535866136361, 57.303252899987292 ], [ -5.027497716733065, 57.317420085146985 ], [ -5.032271275873321, 57.323260561387201 ], [ -5.011478754904452, 57.331269485876781 ], [ -5.026763317201105, 57.341336095435402 ], [ -5.03769000177635, 57.359436101688509 ], [ -5.060047637813493, 57.369295636862788 ], [ -5.06839670073311, 57.364282320118967 ], [ -5.095234138248789, 57.365308928233631 ], [ -5.103755593076331, 57.386650262357726 ], [ -5.094782570586136, 57.399262668068509 ], [ -5.098811495930642, 57.408453880534061 ], [ -5.087258966302386, 57.418133606201266 ], [ -5.048881428076381, 57.427154829520781 ], [ -5.023704192597159, 57.425873532183857 ], [ -5.007451280219882, 57.417503721306083 ], [ -5.003386509615972, 57.409590286831182 ], [ -4.98684965292716, 57.409826513028626 ], [ -4.977919979114011, 57.417469244544193 ], [ -4.96126423474522, 57.418248196035393 ], [ -4.954818926332216, 57.449253410732176 ], [ -4.915077068996002, 57.446972019584763 ], [ -4.902870964172615, 57.444388093150813 ], [ -4.885597504930411, 57.446578001377411 ], [ -4.871412435814647, 57.452961287795958 ], [ -4.867096240516148, 57.444800497187678 ], [ -4.851584600144122, 57.442132580200536 ], [ -4.841094760470478, 57.453912644707763 ], [ -4.844785733853577, 57.460322282273339 ], [ -4.828173127266944, 57.47097375742139 ], [ -4.823572633950102, 57.493471480254286 ], [ -4.77801476843309, 57.494975879449818 ], [ -4.769475534104989, 57.500092220563197 ], [ -4.749622072558342, 57.498717261829626 ], [ -4.753335466201241, 57.492591854534481 ], [ -4.767404900795628, 57.489963189535317 ], [ -4.756279357396453, 57.4721870039048 ], [ -4.757577734129764, 57.4565965061269 ], [ -4.731781415426372, 57.457908495275603 ], [ -4.704149446384161, 57.491261861764428 ], [ -4.687078917039539, 57.491864943880785 ], [ -4.66794833071209, 57.4964857148885 ], [ -4.620784672659011, 57.497039378765699 ], [ -4.595558464990734, 57.50248285898909 ], [ -4.59216814459419, 57.498593919762882 ], [ -4.569098970255752, 57.497351690527523 ], [ -4.557339577329706, 57.502512137752639 ], [ -4.521230912657499, 57.501936268281348 ], [ -4.522916402722688, 57.496196038995507 ], [ -4.474650852367711, 57.490330697284413 ], [ -4.45485947792394, 57.497795582251257 ], [ -4.450060710400015, 57.506439436494432 ], [ -4.435531718580833, 57.496964213864317 ], [ -4.427790256518771, 57.49439174276656 ], [ -4.415945446727313, 57.504406627093623 ], [ -4.382970967372307, 57.511602944860826 ], [ -4.363523816758526, 57.512421936291751 ], [ -4.344254728450143, 57.505726187530598 ], [ -4.31065666903643, 57.502400073192668 ], [ -4.29243922223243, 57.504697076884483 ], [ -4.234533193351248, 57.500703716051255 ], [ -4.230314977866992, 57.508151624923705 ], [ -4.210147042104951, 57.520931854810634 ], [ -4.193698634035829, 57.536833936747847 ], [ -4.201938174892418, 57.543603662154091 ], [ -4.222732911332572, 57.542928132083482 ], [ -4.240720318101968, 57.552018525348217 ], [ -4.183983375502755, 57.546459450241677 ], [ -4.175101297943892, 57.554504618410249 ], [ -4.169290399667611, 57.566829822498335 ], [ -4.13313653944104, 57.579373545715519 ], [ -4.109702756878389, 57.577784163969639 ], [ -4.11261640370236, 57.594313656360953 ], [ -4.102188334519854, 57.607214829094772 ], [ -4.040112782061826, 57.650267818175138 ], [ -4.063855479207149, 57.649281622077787 ], [ -4.087105024766553, 57.63972592190828 ], [ -4.125569220739788, 57.617401043294642 ], [ -4.142090985217178, 57.604189153455025 ], [ -4.173187334107756, 57.62551317552159 ], [ -4.20737712972394, 57.621784717024063 ], [ -4.236034168256526, 57.607030349916286 ], [ -4.26307042432501, 57.600822679424525 ], [ -4.262638149703716, 57.608663830358452 ], [ -4.274312761383396, 57.62096858438256 ], [ -4.262554808849255, 57.625014345333973 ], [ -4.258928149847137, 57.632589475709359 ], [ -4.272561959001446, 57.644662342757783 ], [ -4.296501686267264, 57.636830584746107 ], [ -4.312070346371466, 57.628377583038727 ], [ -4.322286581793517, 57.631809665964617 ], [ -4.365984855327989, 57.601797486451105 ], [ -4.3801733345248, 57.594036734179817 ], [ -4.401998558812162, 57.586656693858757 ], [ -4.416411211016879, 57.577054306052972 ], [ -4.424035561548547, 57.584046450110371 ], [ -4.409968076808769, 57.59354067474915 ], [ -4.419101040019073, 57.599775490466449 ], [ -4.408759111540963, 57.609943834679839 ], [ -4.364895310473413, 57.631475666090843 ], [ -4.325416099019425, 57.655542728226166 ], [ -4.306001161404872, 57.656141955223411 ], [ -4.298993805984971, 57.665084267118822 ], [ -4.299305315769987, 57.676624853253536 ], [ -4.279241609726987, 57.683232903170698 ], [ -4.261874557154544, 57.678553384841308 ], [ -4.229062107292967, 57.690460955720155 ], [ -4.207425720319756, 57.692650846668535 ], [ -4.190260836368834, 57.691290616826926 ], [ -4.167787031431265, 57.685126778402619 ], [ -4.096746576623157, 57.722778136322269 ], [ -4.102070565726278, 57.731365661152722 ], [ -4.085562000720923, 57.744365152924317 ], [ -4.075004921632621, 57.746250242905091 ], [ -4.073109970067228, 57.758806095536023 ], [ -4.052248835969257, 57.7495567433809 ], [ -4.011900725781278, 57.739806040552665 ], [ -4.00771141059684, 57.730794975206798 ], [ -4.021355538173445, 57.722652530927384 ], [ -4.033342405791974, 57.704560405546395 ], [ -4.035844595128513, 57.695080656791546 ], [ -4.020515137858482, 57.692401278626235 ], [ -4.008046131844444, 57.6944713868847 ], [ -3.980239654789486, 57.692746246583972 ], [ -3.967574469314085, 57.700212312689843 ], [ -3.931639375042149, 57.72829464576094 ], [ -3.917477130595699, 57.746122528379395 ], [ -3.916888168397352, 57.752038682179133 ], [ -3.894846592841742, 57.76592421784035 ], [ -3.907174044554613, 57.778610713603264 ], [ -3.901351494339707, 57.78494890678531 ], [ -3.875373593283241, 57.789333138257653 ], [ -3.860486004416378, 57.784547255882046 ], [ -3.848506266404749, 57.795424723281272 ], [ -3.861696395895917, 57.797304129025292 ], [ -3.87193896727963, 57.810366340774813 ], [ -3.84887622470993, 57.817618550251495 ], [ -3.834255013009271, 57.804805178887378 ], [ -3.806803681178394, 57.828163874108334 ], [ -3.827817034368917, 57.835908731455611 ], [ -3.856226020678712, 57.825256606343714 ], [ -3.889223314716524, 57.821283309480513 ], [ -3.912485243545411, 57.821876333607882 ], [ -3.911351270946457, 57.814258019274085 ], [ -3.920255538055391, 57.803686548194271 ], [ -3.943401096880822, 57.796311312555865 ], [ -3.977349238693225, 57.790276452452339 ], [ -3.975229492024797, 57.800634312143131 ], [ -3.958636261662258, 57.804094852850739 ], [ -3.949494228769854, 57.812137002095859 ], [ -3.942610245383819, 57.819910352240328 ], [ -3.92765472125469, 57.820776547943979 ], [ -3.907549159852824, 57.830998376495593 ], [ -3.929642833819958, 57.83355332464226 ], [ -3.938043448503172, 57.840374460454584 ], [ -3.964880781587074, 57.845643955822965 ], [ -3.991872044929406, 57.835726305551262 ], [ -3.965587877187642, 57.825876998000616 ], [ -3.990352815212051, 57.812075407605917 ], [ -4.020573631511233, 57.823836935374146 ], [ -4.026802354567639, 57.821047324940061 ], [ -4.036834103096627, 57.813244969627178 ], [ -4.060792863131536, 57.819237132453523 ], [ -4.079677718250234, 57.829000362739315 ], [ -4.098559173992564, 57.832097965175741 ], [ -4.142562752142749, 57.82826756741477 ], [ -4.163763741719801, 57.833695434938925 ], [ -4.170718532041452, 57.846956716779921 ], [ -4.19192720736153, 57.862123108180533 ], [ -4.2367711360247, 57.85899695308111 ], [ -4.270310214582909, 57.850423278953585 ], [ -4.281226927737158, 57.856725296840231 ], [ -4.295620797746398, 57.851601991592283 ], [ -4.301657201349482, 57.862045534813205 ], [ -4.316179827633045, 57.861453214347399 ], [ -4.344589955239754, 57.871564328279696 ], [ -4.3621439961869, 57.882150377006248 ], [ -4.348199065405322, 57.890812207613024 ], [ -4.36294072309266, 57.90189404926857 ], [ -4.382748363549047, 57.901439285200709 ], [ -4.396973567135114, 57.909888083786882 ], [ -4.401147372907525, 57.923958342853837 ], [ -4.411918573069008, 57.929086425838015 ], [ -4.42465163566701, 57.943334540003022 ], [ -4.442783255420177, 57.946989148653657 ], [ -4.467541339207815, 57.955884999040663 ], [ -4.51088496362734, 57.954872231179237 ], [ -4.537968909391099, 57.958157447229496 ], [ -4.582284390050963, 57.97165331550179 ], [ -4.61816274916051, 57.970944492064604 ], [ -4.643463, 57.974459 ], [ -4.653148091706938, 57.968174487021443 ], [ -4.685264622375747, 57.972010513852076 ], [ -4.698443262561243, 57.961954526258637 ], [ -4.713033971453298, 57.96031313114171 ], [ -4.74300541239455, 57.972368934093502 ], [ -4.769282385460389, 57.973477728691357 ], [ -4.790900622825665, 57.983995113831568 ], [ -4.814582798983778, 58.001730171790079 ], [ -4.810909191013511, 58.016227379692772 ], [ -4.848067722187318, 58.028298666595923 ], [ -4.849154434325584, 58.03854599052152 ], [ -4.861603138253432, 58.043326094331491 ], [ -4.856947309940037, 58.059313783067068 ], [ -4.845903120243318, 58.063733224492701 ], [ -4.837512319928106, 58.07397333884375 ], [ -4.841182864008779, 58.086619360775472 ], [ -4.855596799194843, 58.090690691240667 ], [ -4.875231314547789, 58.110201517860375 ], [ -4.88015510019676, 58.126041764507576 ], [ -4.894954679916136, 58.127363936505269 ], [ -4.903795308117442, 58.098512088619572 ], [ -4.896092646206488, 58.089050461074414 ], [ -4.903181537681775, 58.074389803117931 ], [ -4.937588253247191, 58.050742237270818 ], [ -4.937963157259831, 58.042142118379111 ], [ -4.949323581340288, 58.027016367224427 ], [ -4.946002824415548, 58.017075520347561 ], [ -4.948151989649634, 58.00447457905122 ], [ -4.94017909012106, 57.994120697654786 ], [ -4.950766797415518, 57.978072421347491 ], [ -4.920546986469476, 57.975835607383203 ], [ -4.919817294734246, 57.962004793248624 ], [ -4.926965113622265, 57.958421017861227 ], [ -4.910323049372516, 57.946356604264096 ], [ -4.88504285203068, 57.9479916527943 ], [ -4.849231701302029, 57.942286290531271 ], [ -4.823844260962761, 57.934881673799438 ], [ -4.807237328485241, 57.936745467497524 ], [ -4.811571560323389, 57.920504730913329 ], [ -4.824639956108661, 57.917255503043506 ], [ -4.842127774004261, 57.922205397416661 ], [ -4.870785540445532, 57.905735484408503 ], [ -4.928459782241825, 57.890677680434052 ], [ -4.942261346907761, 57.882788787269995 ], [ -4.953292834357161, 57.884287826355568 ], [ -4.980121746054436, 57.881939455380405 ], [ -5.001742922765139, 57.887427128700189 ], [ -5.022945656300526, 57.887501315439835 ], [ -5.069029151862613, 57.891615524565218 ], [ -5.093627105915991, 57.884205237457671 ], [ -5.104588382592206, 57.884377723677247 ], [ -5.111446108105852, 57.875824460681507 ], [ -5.080495495995047, 57.85090015309104 ], [ -5.065299692511181, 57.826381162999006 ], [ -5.073411065787728, 57.817927965260601 ], [ -5.099071695965348, 57.842545072083013 ], [ -5.120112751906337, 57.870350460090251 ], [ -5.131542079284079, 57.875201776172815 ], [ -5.146651971629829, 57.874283041249505 ], [ -5.166952092447414, 57.885565390067825 ], [ -5.180971842733687, 57.887088210894589 ], [ -5.207416294245345, 57.90054541394786 ], [ -5.217482346895832, 57.90933051230666 ], [ -5.239238577555195, 57.916818225198412 ], [ -5.258042851126682, 57.917197184101603 ], [ -5.276890590679304, 57.912838653169366 ], [ -5.315366893439563, 57.910611344117569 ], [ -5.33235851865608, 57.915063181749353 ], [ -5.350739774127993, 57.926361394650321 ], [ -5.358581758728098, 57.938619259528103 ], [ -5.368877030779514, 57.932213769051742 ], [ -5.403399111746193, 57.931486048592028 ], [ -5.395334673840135, 57.925847171180457 ], [ -5.323508195030636, 57.906627309300362 ], [ -5.304350350405993, 57.899608642067506 ], [ -5.292103533962433, 57.899581618325399 ], [ -5.247842189283418, 57.904737213120882 ], [ -5.259012424561864, 57.894141728554139 ], [ -5.29751538346488, 57.885922148345585 ], [ -5.313425532345603, 57.887464135439252 ], [ -5.311096966954153, 57.878909030193554 ], [ -5.298649619044639, 57.875004347506184 ], [ -5.259572505843292, 57.869818791911385 ], [ -5.255820514810178, 57.885615896838168 ], [ -5.21272835102708, 57.886370060344788 ], [ -5.200144956226591, 57.881971042551797 ], [ -5.195475813088026, 57.870119525301583 ], [ -5.178567529024617, 57.851344616967744 ], [ -5.197292260052912, 57.840306346329363 ], [ -5.183859370681141, 57.830783829937012 ], [ -5.222042243380249, 57.827789744446306 ], [ -5.244077434973185, 57.822846565903902 ], [ -5.27755738510612, 57.819570739145533 ], [ -5.298443947093625, 57.825233334017277 ], [ -5.294375102060368, 57.834179375383037 ], [ -5.316521300023687, 57.83637502564379 ], [ -5.314207632448167, 57.845303212409085 ], [ -5.336018050397532, 57.861156661460114 ], [ -5.328478661529163, 57.867683008897089 ], [ -5.336904868561985, 57.87897142653339 ], [ -5.355573523259245, 57.888362744491921 ], [ -5.391508060829712, 57.899835739356902 ], [ -5.39765500526392, 57.904709477094606 ], [ -5.424242053007081, 57.907887833128058 ], [ -5.437801937558073, 57.892715278062717 ], [ -5.433709302714812, 57.881291450193828 ], [ -5.440699568249389, 57.875582735015449 ], [ -5.405602619150308, 57.869403809332184 ], [ -5.382739505976938, 57.856634063713543 ], [ -5.402161506932139, 57.850646345180301 ], [ -5.408372388214596, 57.842244910478826 ], [ -5.437963522569366, 57.863037081215587 ], [ -5.441687914432848, 57.869814142304634 ], [ -5.45094705911311, 57.869710381986273 ], [ -5.455355785910735, 57.851210390738878 ], [ -5.470737550367732, 57.853654150367397 ], [ -5.489418584212391, 57.860751370516965 ], [ -5.508231729284824, 57.861594927837359 ], [ -5.540483719166339, 57.86952327206528 ], [ -5.540208157068395, 57.875417274072134 ], [ -5.551450637905067, 57.883538644661954 ], [ -5.548723933743668, 57.897964894117251 ], [ -5.553183085318158, 57.908404515217541 ], [ -5.563345042145451, 57.918302802251361 ], [ -5.571689156455702, 57.914570380221114 ], [ -5.599137533170938, 57.923133050436505 ], [ -5.618401847175727, 57.924338121422856 ], [ -5.636298489018546, 57.912769067332093 ], [ -5.655866816212255, 57.889017085428648 ], [ -5.645359215898607, 57.883273923261122 ], [ -5.655857679132704, 57.878463160572203 ], [ -5.644487461873168, 57.870587251811315 ], [ -5.638152581338977, 57.85572014741296 ], [ -5.604787589442719, 57.850479673370259 ], [ -5.601160655647059, 57.841632605619026 ], [ -5.581870928479454, 57.835921309187491 ], [ -5.584005086530706, 57.814935084722435 ], [ -5.597679145887711, 57.801970598009298 ], [ -5.580203482879581, 57.798267783241997 ], [ -5.58229439514408, 57.789449469844314 ], [ -5.600725373149469, 57.78996797658003 ], [ -5.611027883890844, 57.795864013592052 ], [ -5.622010601420204, 57.790043923123832 ], [ -5.598812632226586, 57.775147806925901 ], [ -5.603381068207077, 57.766480025427967 ], [ -5.619412851779609, 57.766389520602885 ], [ -5.637834345422351, 57.779683227589331 ], [ -5.654435154334443, 57.788290265577778 ], [ -5.668626254123964, 57.799859953990271 ], [ -5.661277246652549, 57.819121219883925 ], [ -5.666962231469826, 57.829299406796686 ], [ -5.685160382691264, 57.835018419075901 ], [ -5.692558886400553, 57.843762832866531 ], [ -5.682594875048514, 57.864580762361612 ], [ -5.704089905943427, 57.869709021045672 ], [ -5.739495960022307, 57.865248502050711 ], [ -5.76272603180862, 57.869366282885927 ], [ -5.77887078807272, 57.858835311633229 ], [ -5.807623509160663, 57.861399321192614 ], [ -5.81461815863455, 57.853852561986692 ], [ -5.80848906236015, 57.84231326590745 ], [ -5.815310576701127, 57.831584442485912 ], [ -5.801094925712397, 57.7939630991185 ], [ -5.801522619292044, 57.783624794208535 ], [ -5.8103413794946, 57.769257672576231 ], [ -5.803923425903506, 57.762902833013612 ], [ -5.81214274114862, 57.755158135445065 ], [ -5.805816427599534, 57.745946067750886 ], [ -5.784292767114568, 57.74458875041271 ], [ -5.759606254281748, 57.731503550696601 ], [ -5.69684757332595, 57.730089475504421 ], [ -5.686757310943627, 57.715351811139953 ], [ -5.672328566453833, 57.701310530132041 ], [ -5.687635483387051, 57.698252121047972 ], [ -5.691685407930941, 57.690696315263786 ], [ -5.709037422694511, 57.699626255150086 ], [ -5.718770719212916, 57.700293594438506 ], [ -5.737898445042653, 57.708314903275848 ], [ -5.755943460919701, 57.707410116068658 ], [ -5.774668934635617, 57.697037670362327 ], [ -5.789098466035116, 57.695537518821467 ], [ -5.786449826071968, 57.685228748517751 ], [ -5.811590633006328, 57.660192216358851 ], [ -5.808642901019575, 57.653331840005222 ], [ -5.818831791246319, 57.647828093992096 ], [ -5.818786668821404, 57.639270182901846 ], [ -5.801498166033571, 57.640889340025197 ], [ -5.771808447926495, 57.632383857883227 ], [ -5.755779506278596, 57.623664311941333 ], [ -5.73337305816138, 57.606765979824026 ], [ -5.73670400134501, 57.596966682743826 ], [ -5.727641824846103, 57.58541675542962 ], [ -5.704356007427172, 57.57841580715511 ], [ -5.686276722178644, 57.577370566236226 ], [ -5.680869214984344, 57.569501696008366 ], [ -5.703466289210262, 57.570195802840793 ], [ -5.704031548365101, 57.564054628090766 ], [ -5.666638443764461, 57.550558214730138 ], [ -5.6376693661291, 57.55522303563037 ], [ -5.614030816638018, 57.552469147978066 ], [ -5.598580081039215, 57.55676287653759 ], [ -5.581289668370957, 57.553893333555905 ], [ -5.540201233594665, 57.553589059609294 ], [ -5.516791070012423, 57.549576250971207 ], [ -5.514788696796576, 57.533301185306492 ], [ -5.533092437235581, 57.529233178086791 ], [ -5.550353436856843, 57.535575818537268 ], [ -5.563646799494561, 57.531433989466997 ], [ -5.57191290628846, 57.536737746788944 ], [ -5.591332910889867, 57.530841523163922 ], [ -5.608179168460039, 57.535224036097915 ], [ -5.620652806791252, 57.520783560755859 ], [ -5.633063355853985, 57.522522830424222 ], [ -5.630094491179439, 57.531960820157778 ], [ -5.647905266674532, 57.54241913685734 ], [ -5.652168200512225, 57.520580910549207 ], [ -5.661890492385794, 57.514876007606667 ], [ -5.673540123169944, 57.526616182421463 ], [ -5.686872379167982, 57.526674745599955 ], [ -5.698948236765152, 57.531613463453901 ], [ -5.701638209098973, 57.552922560850725 ], [ -5.709715830165803, 57.556533067637908 ], [ -5.727539567860594, 57.547560942998132 ], [ -5.742814522366282, 57.54388983958092 ], [ -5.748156467150949, 57.551935046940422 ], [ -5.78051526019624, 57.566172432262199 ], [ -5.781509434546295, 57.572845186592069 ], [ -5.806467773097845, 57.58003788961252 ], [ -5.811617348890516, 57.585635804543656 ], [ -5.841428553764636, 57.576110013589741 ], [ -5.837090905876668, 57.562031906527558 ], [ -5.850138797396805, 57.559804535547286 ], [ -5.854023764942156, 57.549170877376909 ], [ -5.853878699274117, 57.526845998118937 ], [ -5.870105685501868, 57.501780228233677 ], [ -5.868429888052549, 57.481903221846622 ], [ -5.872821612242974, 57.47550081528469 ], [ -5.862161925421767, 57.462364003977257 ], [ -5.861010819130811, 57.449645393212059 ], [ -5.84421192907786, 57.440799905382541 ], [ -5.816413973312776, 57.443825212114717 ], [ -5.815413531715993, 57.433660887487811 ], [ -5.825082020915929, 57.419952603842773 ], [ -5.825266929542387, 57.412945866220895 ], [ -5.810903598124205, 57.405999368620016 ], [ -5.807351996003997, 57.399283613290287 ], [ -5.819997235978598, 57.390750441661893 ], [ -5.829081614317857, 57.379689191520661 ], [ -5.823577457567988, 57.37420794450901 ], [ -5.809281362231836, 57.376116817106272 ], [ -5.804078936189783, 57.358331584716872 ], [ -5.785574827231837, 57.346833330756773 ], [ -5.752668159325108, 57.349982588451546 ], [ -5.730312209838773, 57.354788404927582 ], [ -5.716512284046578, 57.364266708829135 ], [ -5.688608605369001, 57.378522756867696 ], [ -5.669917453743195, 57.382023164238909 ], [ -5.658893182618616, 57.388651249242059 ], [ -5.642571149964166, 57.390773542076715 ], [ -5.613376039164311, 57.414756358946349 ], [ -5.606323412372804, 57.411832895019799 ], [ -5.613495352536258, 57.400996507443608 ], [ -5.598282041493497, 57.395421846315493 ], [ -5.596761928031217, 57.387905261893899 ], [ -5.633942562342447, 57.380060918074015 ], [ -5.639491966267545, 57.375346792763963 ], [ -5.633347923280132, 57.365486868466441 ], [ -5.60726304845576, 57.364763821364896 ], [ -5.601593698927456, 57.355244427577979 ], [ -5.582908837207777, 57.359480206265474 ], [ -5.566808132330203, 57.357909114350889 ], [ -5.542758901240441, 57.36525221449989 ], [ -5.509957616610913, 57.385818940667377 ], [ -5.506206599692947, 57.393217422606234 ], [ -5.481635543708069, 57.402708506746279 ], [ -5.475147769150979, 57.412043893742229 ], [ -5.460112786128467, 57.420771797975405 ], [ -5.448695052903613, 57.422861365878624 ], [ -5.440621716495892, 57.413370112678471 ], [ -5.452928042339409, 57.404839394567048 ], [ -5.458044371219868, 57.390944532208181 ], [ -5.472587247888231, 57.382633930829627 ], [ -5.500216949248429, 57.371462291811746 ], [ -5.505817816572647, 57.365121267943096 ], [ -5.533900933125271, 57.353106610911134 ], [ -5.577775124490595, 57.353707824074576 ], [ -5.58849969524096, 57.344075206862897 ], [ -5.615431683324954, 57.338162965364788 ], [ -5.63009005786602, 57.339105910155446 ], [ -5.650070140965178, 57.334451933650925 ], [ -5.647304499390182, 57.345089487763978 ], [ -5.678773379443089, 57.339995398759243 ], [ -5.688590634931374, 57.323783449694496 ], [ -5.716749552414258, 57.315123310791542 ], [ -5.728465317952616, 57.297680087372811 ], [ -5.720406584143031, 57.288815765709401 ], [ -5.725493749246154, 57.279716633839826 ], [ -5.663129412159753, 57.28152156180829 ], [ -5.647905978850824, 57.28712633437766 ], [ -5.626819764251158, 57.282298585254033 ], [ -5.618863084649248, 57.274205506614905 ], [ -5.600240684047243, 57.279713954275273 ], [ -5.594320260824454, 57.271487180740223 ], [ -5.56314200025782, 57.279627104312986 ], [ -5.550226891188524, 57.276496184468158 ], [ -5.535090323426137, 57.28215971363695 ], [ -5.522694771519154, 57.280545586073089 ], [ -5.512951712256147, 57.287909355971912 ], [ -5.488801221350625, 57.299805247416728 ], [ -5.491061352074151, 57.304850433602518 ], [ -5.480904895760116, 57.311867242558122 ], [ -5.462104722522194, 57.315971873256103 ], [ -5.445148353428766, 57.311364210261623 ], [ -5.485519492566253, 57.306603259635011 ], [ -5.486407034378302, 57.296921026170885 ], [ -5.515766765507053, 57.280873037462037 ], [ -5.503549911636561, 57.264815610235473 ], [ -5.482923482069582, 57.256923848404412 ], [ -5.461582300420504, 57.24156909357913 ], [ -5.413656895985106, 57.230992574474769 ], [ -5.408984750909538, 57.225076485588211 ], [ -5.432930806193114, 57.212153514287927 ], [ -5.445944566978921, 57.222273951732433 ], [ -5.474012590160164, 57.231936682457302 ], [ -5.508252794768682, 57.255010299410536 ], [ -5.523532749103198, 57.269450017003798 ], [ -5.542461704328968, 57.269227240802785 ], [ -5.549256929121669, 57.265178498862213 ], [ -5.590190566503616, 57.255911446624289 ], [ -5.635641792258347, 57.250500967305747 ], [ -5.641242379722852, 57.24579472709987 ] ], [ [ -5.225649039826765, 57.766663117079673 ], [ -5.199104522990345, 57.778736960237822 ], [ -5.173245418234324, 57.759846045794248 ], [ -5.148390635084138, 57.759071824009808 ], [ -5.120047749777647, 57.768517014266806 ], [ -5.107990584456544, 57.789689175371585 ], [ -5.111989874109097, 57.796219281082983 ], [ -5.105989469748957, 57.803372437671946 ], [ -5.089029926549522, 57.812633512181435 ], [ -5.059899923205543, 57.81375563022663 ], [ -5.057301439289748, 57.797533559062948 ], [ -5.0485165851624, 57.783309857977699 ], [ -5.074547616346121, 57.782320229141348 ], [ -5.097325087541509, 57.767877940157632 ], [ -5.124875269736255, 57.739623403014846 ], [ -5.143301439741253, 57.736702321173183 ], [ -5.167357050102838, 57.727250935729188 ], [ -5.193297785448839, 57.72967365261654 ], [ -5.208278474052062, 57.72607022032016 ], [ -5.215444957813524, 57.73176059224771 ], [ -5.235966752805627, 57.729845378483652 ], [ -5.260443357825384, 57.742280111126519 ], [ -5.254396305924792, 57.751865866182072 ], [ -5.229654632491284, 57.756818268298296 ], [ -5.225649039826765, 57.766663117079673 ] ], [ [ -4.478542309457957, 57.858903471729874 ], [ -4.477364566345772, 57.86503414479963 ], [ -4.456165858892684, 57.870380813595283 ], [ -4.445514974449577, 57.884776506075106 ], [ -4.406848382963838, 57.884789252938894 ], [ -4.415621991401244, 57.868108231139495 ], [ -4.432065018794487, 57.865280162921003 ], [ -4.43412603779286, 57.859507555273893 ], [ -4.451534243096004, 57.856785483537664 ], [ -4.461718044288594, 57.846549420962589 ], [ -4.486239489924793, 57.852122727503968 ], [ -4.478542309457957, 57.858903471729874 ] ], [ [ -4.541917328452706, 57.891993750364747 ], [ -4.527532564762386, 57.880612661000214 ], [ -4.533715597292229, 57.87045835464582 ], [ -4.531023744669011, 57.863724500352696 ], [ -4.558033840514663, 57.857880866722638 ], [ -4.561454372728022, 57.86692682287682 ], [ -4.573799688499223, 57.869742604978931 ], [ -4.57228542157692, 57.879919486481342 ], [ -4.541917328452706, 57.891993750364747 ] ], [ [ -4.037775630194522, 57.801774527222889 ], [ -4.023166007012031, 57.805277118821891 ], [ -4.008769856154579, 57.797575701389889 ], [ -4.033015520618107, 57.794046182027941 ], [ -4.037775630194522, 57.801774527222889 ] ], [ [ -4.487112640302342, 57.58960492037528 ], [ -4.518932205804278, 57.584032732314149 ], [ -4.529917145734167, 57.576099050732722 ], [ -4.54724188656956, 57.573848189514258 ], [ -4.547056871771207, 57.581299764321656 ], [ -4.559790893398464, 57.586512924738706 ], [ -4.608477828651498, 57.622080806650835 ], [ -4.618202577781021, 57.631007118448061 ], [ -4.632845240896401, 57.661139168118822 ], [ -4.664017740933791, 57.667546397821887 ], [ -4.667137178303319, 57.677883242409443 ], [ -4.679665094497359, 57.684360182108101 ], [ -4.660931512731808, 57.697248446991232 ], [ -4.634300182510272, 57.698784874873091 ], [ -4.623921648321831, 57.692583315590333 ], [ -4.594291574333154, 57.697694026931529 ], [ -4.574342046575526, 57.691471797837757 ], [ -4.579317343703385, 57.678909707266897 ], [ -4.58727933733748, 57.672161946247343 ], [ -4.571303159343819, 57.662531214040754 ], [ -4.55401297287539, 57.663372686454252 ], [ -4.532524089393247, 57.659881938964688 ], [ -4.52423324547336, 57.640631298168223 ], [ -4.481359643110093, 57.610355432060771 ], [ -4.477620721397719, 57.600453498979597 ], [ -4.462463953655927, 57.595646048584292 ], [ -4.487112640302342, 57.58960492037528 ] ], [ [ -4.989814988265554, 57.709855160197534 ], [ -4.973458505410546, 57.714785397513793 ], [ -4.95711602226589, 57.704656801389099 ], [ -4.949220821297187, 57.693659307282786 ], [ -4.956178391476652, 57.671341068583679 ], [ -4.99011207166959, 57.642685460475597 ], [ -5.010562308085964, 57.640510127078372 ], [ -5.044118506254174, 57.644869051129341 ], [ -5.078616236264839, 57.657015027102538 ], [ -5.09892398136208, 57.668159147709247 ], [ -5.119155350963953, 57.671308372124457 ], [ -5.134060331509225, 57.680577141137718 ], [ -5.149897796159217, 57.683640890042035 ], [ -5.170384999448346, 57.692579231492829 ], [ -5.158287475606775, 57.709243500714237 ], [ -5.143109674776418, 57.71512031106883 ], [ -5.127693562852838, 57.704740420665821 ], [ -5.128703077716743, 57.696244819237123 ], [ -5.11507530277616, 57.692625694181295 ], [ -5.080959677339329, 57.700049681650569 ], [ -5.07908059684573, 57.708737088854214 ], [ -5.043400585973296, 57.703795885595589 ], [ -5.025737430055885, 57.710245597941963 ], [ -4.989814988265554, 57.709855160197534 ] ], [ [ -4.137156803815084, 57.744892060206574 ], [ -4.113309399903882, 57.727562400393126 ], [ -4.131390808144101, 57.729857443902894 ], [ -4.143959712835169, 57.742856350551037 ], [ -4.137156803815084, 57.744892060206574 ] ], [ [ -5.170411950273468, 57.791834083470263 ], [ -5.174310212648774, 57.79625278267482 ], [ -5.154636688717157, 57.808920391682882 ], [ -5.149927107900039, 57.803536883564739 ], [ -5.162630474024023, 57.791975820154647 ], [ -5.170411950273468, 57.791834083470263 ] ], [ [ -5.341197695257031, 57.817036365616389 ], [ -5.345311293782818, 57.80569702895216 ], [ -5.385566284587259, 57.817261930384603 ], [ -5.395147420526101, 57.8298280474284 ], [ -5.382077094198662, 57.835822831333822 ], [ -5.367681039176702, 57.825241617441932 ], [ -5.341197695257031, 57.817036365616389 ] ], [ [ -4.807292704082788, 57.780280947463822 ], [ -4.831688053892476, 57.795056441748102 ], [ -4.809353573252874, 57.801220396408112 ], [ -4.785126410314494, 57.796109919628854 ], [ -4.784753378376686, 57.783027811908298 ], [ -4.775718990815927, 57.767105625724085 ], [ -4.778396837500813, 57.761981286628945 ], [ -4.799893827635868, 57.76801997419755 ], [ -4.807292704082788, 57.780280947463822 ] ] ], [ [ [ -4.167907883579893, 57.662994140648252 ], [ -4.165271190088133, 57.675744584904763 ], [ -4.181445770104052, 57.674664226270288 ], [ -4.179051882943303, 57.667105668772983 ], [ -4.167907883579893, 57.662994140648252 ] ] ], [ [ [ -6.434773559087843, 58.004303921463098 ], [ -6.444377860919764, 57.997879296553378 ], [ -6.412365511180807, 57.997822396934595 ], [ -6.420537239221944, 58.005425447852012 ], [ -6.434773559087843, 58.004303921463098 ] ] ], [ [ [ -6.719005588513573, 58.0035736483687 ], [ -6.725997773693694, 58.007902904244794 ], [ -6.740760157633435, 58.001460490978019 ], [ -6.725828011480845, 57.986183050284254 ], [ -6.71285360469097, 57.992874873352008 ], [ -6.719005588513573, 58.0035736483687 ] ] ], [ [ [ -5.630446422734049, 57.842195600659601 ], [ -5.644762096907846, 57.840058547833003 ], [ -5.637993674312999, 57.831959831926191 ], [ -5.616837970895432, 57.8221221495157 ], [ -5.602265805081444, 57.82182188664131 ], [ -5.605390782871736, 57.832684360439089 ], [ -5.630446422734049, 57.842195600659601 ] ] ], [ [ [ -5.850765366822809, 57.354248499257899 ], [ -5.853787212260916, 57.347933876903809 ], [ -5.845549865961617, 57.335423084614234 ], [ -5.82214772245601, 57.334617663483243 ], [ -5.821649702760477, 57.343175298117416 ], [ -5.835296575749112, 57.351318319170119 ], [ -5.850765366822809, 57.354248499257899 ] ] ] ] } },
{ "type": "Feature", "properties": { "hcs_name": "Roxburghshire", "abbr": "Roxb", "hcs_county": "Roxburgh", "hcs_number": 73, "hcs_code": "RXB", "county": "Roxburghshire", "region": "Scotland" }, "geometry": { "type": "Polygon", "coordinates": [ [ [ -2.858533637308471, 55.10834448491385 ], [ -2.845454877714443, 55.111430857824303 ], [ -2.840574100536169, 55.122574112837363 ], [ -2.82687472166023, 55.125898528748372 ], [ -2.832039583836997, 55.13343933060257 ], [ -2.784870870494381, 55.141815799961705 ], [ -2.760701396476775, 55.154673392565336 ], [ -2.745595978905024, 55.158869172743621 ], [ -2.73311393940818, 55.167038559991269 ], [ -2.703389097000385, 55.173240826463605 ], [ -2.689770498861873, 55.189013082053748 ], [ -2.683306079855368, 55.201913745841061 ], [ -2.666862524526203, 55.221595861877439 ], [ -2.648236649460457, 55.219852342097923 ], [ -2.634578150237057, 55.225382780149125 ], [ -2.630154899843433, 55.244699004072409 ], [ -2.620123840894766, 55.247224327003472 ], [ -2.644027471669844, 55.258285942531167 ], [ -2.626701691011824, 55.262231000827427 ], [ -2.62818517083168, 55.267930154712957 ], [ -2.609077149225343, 55.283383072239523 ], [ -2.573352301020004, 55.296982034699504 ], [ -2.557083967932813, 55.311607098046217 ], [ -2.543239998480742, 55.319562916125982 ], [ -2.517692252541103, 55.324662534623087 ], [ -2.501885392301143, 55.337406362124014 ], [ -2.488512988794347, 55.351832577565595 ], [ -2.461116150599038, 55.35324043281917 ], [ -2.444670170538751, 55.359169153616911 ], [ -2.429280689821634, 55.356489600151527 ], [ -2.415140936691865, 55.358907433293552 ], [ -2.400922904165928, 55.353458120965946 ], [ -2.399517311223959, 55.348207869327503 ], [ -2.378783899550034, 55.349206811874247 ], [ -2.37483051094162, 55.353902365728473 ], [ -2.337737300876671, 55.367355753635728 ], [ -2.346226138338769, 55.373059452581757 ], [ -2.330600055134199, 55.381192353954368 ], [ -2.33550534923949, 55.392563942932249 ], [ -2.335622180762802, 55.408206679612015 ], [ -2.313324993613469, 55.406749698831817 ], [ -2.284225701128408, 55.422770538359572 ], [ -2.260648816861372, 55.43294238149074 ], [ -2.231404801780108, 55.42846105466181 ], [ -2.205616476482418, 55.43753764893443 ], [ -2.194708620473482, 55.444703493611776 ], [ -2.184405653144341, 55.464084135958203 ], [ -2.173832938492526, 55.472306495970628 ], [ -2.200712237842348, 55.474971534306711 ], [ -2.206385393039934, 55.481349270987181 ], [ -2.202225225630368, 55.488242126381188 ], [ -2.211955109430956, 55.499409285221333 ], [ -2.229014579611001, 55.50988844006045 ], [ -2.223079781491596, 55.52660178444345 ], [ -2.224124522099132, 55.535765523322908 ], [ -2.232182166132726, 55.544810861526003 ], [ -2.253377033564631, 55.561502431475986 ], [ -2.285425825570245, 55.577720977575233 ], [ -2.292368323934632, 55.585879254529061 ], [ -2.287672200225199, 55.60094016633888 ], [ -2.295191446462773, 55.608607053388781 ], [ -2.32805507911322, 55.627353247923551 ], [ -2.335040891871822, 55.634493051652477 ], [ -2.352495263448439, 55.639905034487732 ], [ -2.361549506288959, 55.635711749568557 ], [ -2.378385585157229, 55.649308477614824 ], [ -2.397797417176966, 55.656534895911221 ], [ -2.406685588818338, 55.652531670022661 ], [ -2.426770097669615, 55.650867238873232 ], [ -2.442104403941287, 55.659903561307623 ], [ -2.464241120638714, 55.650072064352869 ], [ -2.480852393044275, 55.655303791199827 ], [ -2.492120959728493, 55.649066600860074 ], [ -2.506565171319264, 55.647020587277993 ], [ -2.487691170999375, 55.625507896972017 ], [ -2.473814659626537, 55.629591498350791 ], [ -2.454897761214373, 55.630692476965557 ], [ -2.446928596779523, 55.622366789195581 ], [ -2.453969028734831, 55.615820614035563 ], [ -2.477378175779393, 55.611099742164328 ], [ -2.492508554267962, 55.614446507588092 ], [ -2.502225195608008, 55.620972196638959 ], [ -2.535209371659998, 55.629359926022637 ], [ -2.548406611795474, 55.626405822513519 ], [ -2.569030804557382, 55.627531192610995 ], [ -2.584552518040665, 55.633309330547966 ], [ -2.602470687439088, 55.630244432630022 ], [ -2.608362512094759, 55.620088165258352 ], [ -2.600739530831752, 55.608956323173395 ], [ -2.591916761900239, 55.608480552286153 ], [ -2.576479254375421, 55.596738446492985 ], [ -2.562843705602976, 55.59960658090629 ], [ -2.550534730825597, 55.593160185767047 ], [ -2.544152853653169, 55.582502316117946 ], [ -2.578172168874231, 55.574939626803065 ], [ -2.605271979209069, 55.576860569625858 ], [ -2.612643408535249, 55.567324517582385 ], [ -2.625008941360996, 55.583403113760355 ], [ -2.634819929851511, 55.581456728242834 ], [ -2.647012216310204, 55.572838691588586 ], [ -2.662131156835491, 55.584162532547246 ], [ -2.658903348254911, 55.595150988769902 ], [ -2.671227198607079, 55.602387652431901 ], [ -2.6733209800246, 55.624830249488319 ], [ -2.680418215387818, 55.628964841447747 ], [ -2.69880486705258, 55.648503851340692 ], [ -2.719396502717333, 55.653927258657127 ], [ -2.73467494672309, 55.6502797063903 ], [ -2.744770285602514, 55.665956523855215 ], [ -2.718130926448799, 55.672677527559863 ], [ -2.701516327837797, 55.674143924894821 ], [ -2.709420977096682, 55.681574792058967 ], [ -2.723303384121825, 55.704086974503511 ], [ -2.742342614340427, 55.69681777858198 ], [ -2.741074398286795, 55.689349979898701 ], [ -2.757478072793356, 55.685131613382417 ], [ -2.769883380098344, 55.688327392900817 ], [ -2.775783966050248, 55.697024805405874 ], [ -2.795046889307303, 55.689985240721029 ], [ -2.800151702768226, 55.699740882737807 ], [ -2.825661523572174, 55.699311189027988 ], [ -2.825824160165697, 55.680946347387582 ], [ -2.848056582464976, 55.668375869330802 ], [ -2.861181960370895, 55.649242412418332 ], [ -2.851759809777901, 55.640189797154669 ], [ -2.829279438056921, 55.637705867586938 ], [ -2.822279606925766, 55.622817746467859 ], [ -2.796667784401698, 55.612201554885893 ], [ -2.776886522904827, 55.607839997174381 ], [ -2.792097148690657, 55.593218393905111 ], [ -2.801262740801278, 55.59057940686678 ], [ -2.818444423245424, 55.574216967567295 ], [ -2.829852258843935, 55.57101597097359 ], [ -2.831173409531582, 55.562595864529513 ], [ -2.808490399184874, 55.568383559949403 ], [ -2.798574704181079, 55.562177776915519 ], [ -2.81995510328293, 55.55453025504152 ], [ -2.818929797884302, 55.550422170368762 ], [ -2.799574475922963, 55.545411578138093 ], [ -2.79386145997554, 55.539043852654508 ], [ -2.806797297284371, 55.533302010357069 ], [ -2.804847616991546, 55.523279532862659 ], [ -2.82594912274861, 55.52015862247881 ], [ -2.88942026363199, 55.501069872091065 ], [ -2.878992809918183, 55.491147594201784 ], [ -2.903624097152474, 55.490933768423112 ], [ -2.914520325093051, 55.482909461098025 ], [ -2.910491301211939, 55.47670908435542 ], [ -2.896204014250769, 55.472584249015718 ], [ -2.893844928316234, 55.453747320634342 ], [ -2.913017448407615, 55.442149103708189 ], [ -2.907716561679196, 55.435340067193025 ], [ -2.892246014769672, 55.428306923421808 ], [ -2.897658330535742, 55.417681279279591 ], [ -2.913532212725604, 55.413208994366258 ], [ -2.926552475477918, 55.404475875644401 ], [ -2.945232946107845, 55.407944287242408 ], [ -2.962115225463652, 55.415003696556631 ], [ -2.961160059671878, 55.42064723070883 ], [ -2.986284310408596, 55.419173152870457 ], [ -2.99640931832475, 55.408723218751099 ], [ -2.98401295450863, 55.402870193776941 ], [ -2.959085469824605, 55.402662000968007 ], [ -2.956904485133412, 55.391513133306987 ], [ -2.97074017924897, 55.391000895555855 ], [ -2.983324550779426, 55.400982905458221 ], [ -2.996542428750871, 55.404264195575891 ], [ -3.009879919025761, 55.396131983118984 ], [ -3.029003113211386, 55.393331522577128 ], [ -3.027078455417022, 55.387370023137734 ], [ -3.001665639053309, 55.380442708035694 ], [ -2.971748352472077, 55.383416458667078 ], [ -2.952191893884462, 55.366255193131863 ], [ -2.982511818170769, 55.353139694462179 ], [ -2.992282309881328, 55.360268311654856 ], [ -2.989553572242044, 55.368368629418889 ], [ -2.996240714487056, 55.373366843521914 ], [ -3.013935559682902, 55.368927934139222 ], [ -3.023571473706874, 55.361841212704206 ], [ -3.042656521018158, 55.358799770270707 ], [ -3.06791876409519, 55.36762987222955 ], [ -3.092761873237077, 55.365584194687422 ], [ -3.112690593547478, 55.35691224466715 ], [ -3.109461965577856, 55.347831704629179 ], [ -3.098830589373275, 55.345282257706046 ], [ -3.099119610824695, 55.331644361772874 ], [ -3.08626837514407, 55.327939384825882 ], [ -3.081761803693856, 55.315551369021485 ], [ -3.070148737517366, 55.316426540845491 ], [ -3.05170229330506, 55.297091533319417 ], [ -3.053558274181998, 55.279721815379489 ], [ -3.042954760363352, 55.271530169344643 ], [ -3.027833515364385, 55.27781944234944 ], [ -3.01329527275649, 55.275777715796757 ], [ -3.009253614112195, 55.267075934829641 ], [ -2.99360158779004, 55.270050641333519 ], [ -2.990935526563665, 55.276266186943381 ], [ -2.968865202038931, 55.284310756494833 ], [ -2.964691382338798, 55.289663011144761 ], [ -2.94571802214419, 55.287690542877748 ], [ -2.923515169304826, 55.279310992526888 ], [ -2.907241995752685, 55.285514418521686 ], [ -2.893050860986533, 55.279892600341171 ], [ -2.884341801851275, 55.265125517011917 ], [ -2.905010244380363, 55.257181900974466 ], [ -2.921442621502564, 55.236719564817378 ], [ -2.891712086626648, 55.233502362745561 ], [ -2.869165940096486, 55.237223653559383 ], [ -2.862021134158069, 55.223397446002409 ], [ -2.888184414483688, 55.207863477423501 ], [ -2.885984890349484, 55.202577683830064 ], [ -2.904749485778456, 55.173665862916145 ], [ -2.899552892108708, 55.169675329754845 ], [ -2.899784356522108, 55.151897313957882 ], [ -2.890271136777739, 55.141043808078969 ], [ -2.87426521619992, 55.14124093121184 ], [ -2.865241988847111, 55.135371899838987 ], [ -2.858533637308471, 55.10834448491385 ] ] ] } },
{ "type": "Feature", "properties": { "hcs_name": "Rutland", "abbr": "Rut", "hcs_county": "Rutland", "hcs_number": 74, "hcs_code": "RTL", "county": "Rutland", "region": "East Midlands" }, "geometry": { "type": "Polygon", "coordinates": [ [ [ -0.66408159210399, 52.75666866792853 ], [ -0.674486971322757, 52.757908344218777 ], [ -0.700315593020978, 52.746551366670339 ], [ -0.720260876995566, 52.740976754138735 ], [ -0.744659589172131, 52.738459529958149 ], [ -0.764744464119673, 52.739175765944395 ], [ -0.776711363022311, 52.74384179434837 ], [ -0.800164147752746, 52.736932387040312 ], [ -0.813497467336791, 52.729095967740029 ], [ -0.821690742461096, 52.715654492188008 ], [ -0.800270413642108, 52.707791538772298 ], [ -0.795845819489009, 52.696909918346201 ], [ -0.785493513430746, 52.693372105123707 ], [ -0.78209604634694, 52.669325580834709 ], [ -0.790102786470681, 52.667147956849114 ], [ -0.809770416530729, 52.644310858913144 ], [ -0.804511844012769, 52.632265482973146 ], [ -0.80561119025808, 52.621713521513989 ], [ -0.818820444864137, 52.61075177533619 ], [ -0.816935500466704, 52.593659866128995 ], [ -0.800779864833063, 52.597027296864681 ], [ -0.786382142818482, 52.595967434734803 ], [ -0.776105523772357, 52.586490599987471 ], [ -0.766069289779924, 52.582902664147852 ], [ -0.759903173915205, 52.564898799943336 ], [ -0.752821797877601, 52.563347125272557 ], [ -0.738938730536115, 52.547522553447891 ], [ -0.743739643693933, 52.543094831370865 ], [ -0.728536622649563, 52.535832469237775 ], [ -0.713709077995064, 52.524941979948721 ], [ -0.699653473662196, 52.535402956077746 ], [ -0.697818229417715, 52.545650953629746 ], [ -0.688673208241116, 52.546152571060375 ], [ -0.671219987011885, 52.564135847778971 ], [ -0.643474425499683, 52.573439849607539 ], [ -0.633356116049097, 52.573707673286521 ], [ -0.603354968878847, 52.58841905376579 ], [ -0.578816115426142, 52.588824406581594 ], [ -0.562231064476417, 52.586437874866498 ], [ -0.547782618643693, 52.606523531537185 ], [ -0.549058092619045, 52.612949296713765 ], [ -0.541190574505471, 52.624835416260126 ], [ -0.510669777080982, 52.643415280509039 ], [ -0.501634237901593, 52.640172675808259 ], [ -0.494962010025056, 52.64857106055711 ], [ -0.529360704830419, 52.657065413267432 ], [ -0.519048708846983, 52.666505686738638 ], [ -0.508229362278891, 52.660151403682967 ], [ -0.456299846812704, 52.670334945129262 ], [ -0.434036225404733, 52.683721083171093 ], [ -0.428444957253554, 52.70130808978017 ], [ -0.430439701983487, 52.705367971449789 ], [ -0.456059175457625, 52.709709624897016 ], [ -0.493205106718763, 52.710256241762245 ], [ -0.512662665298413, 52.719597545467821 ], [ -0.542474189621151, 52.72328073090393 ], [ -0.5400086288435, 52.738379767394598 ], [ -0.571483989511568, 52.747838609013648 ], [ -0.572688104563508, 52.753101621515619 ], [ -0.589594672712152, 52.753795231531548 ], [ -0.605446433096844, 52.750540380872366 ], [ -0.608557059593396, 52.759698840497514 ], [ -0.627719067547672, 52.757659643889149 ], [ -0.66408159210399, 52.75666866792853 ] ] ] } },
{ "type": "Feature", "properties": { "hcs_name": "Selkirkshire", "abbr": "Selk", "hcs_county": "Selkirk", "hcs_number": 75, "hcs_code": "SKK", "county": "Selkirkshire", "region": "Scotland" }, "geometry": { "type": "Polygon", "coordinates": [ [ [ -2.861181960370895, 55.649242412418332 ], [ -2.881104671570749, 55.644783660755095 ], [ -2.893114613159129, 55.645992571217789 ], [ -2.905746277172278, 55.653145932789791 ], [ -2.918586781033879, 55.670319668631997 ], [ -2.932282776589775, 55.671552474349397 ], [ -2.942392694150631, 55.683470258131869 ], [ -2.959633007879132, 55.693412598580046 ], [ -3.00106015831121, 55.685435558933854 ], [ -2.999720162354556, 55.672687719150019 ], [ -2.989056043181921, 55.661428809814311 ], [ -2.998413058401809, 55.645476979864462 ], [ -2.9822214052542, 55.63712007373779 ], [ -2.981772944463586, 55.62518039768775 ], [ -2.97293777343509, 55.60083972494423 ], [ -2.981443226031333, 55.596138107554765 ], [ -2.985424138376964, 55.585014968677811 ], [ -3.021810346761073, 55.591528862622162 ], [ -3.021812776342666, 55.597977352784106 ], [ -3.010558268713549, 55.619227736265529 ], [ -3.045851404340479, 55.618616152729331 ], [ -3.035289012488291, 55.607554469309775 ], [ -3.031697613930252, 55.595109670989054 ], [ -3.019655300924053, 55.588175251578214 ], [ -3.017023718079071, 55.575349831685706 ], [ -3.02993742789514, 55.568275599226851 ], [ -3.040821839591775, 55.571383218996921 ], [ -3.053441466674307, 55.564259173280185 ], [ -3.063408810903005, 55.569673438107358 ], [ -3.0639802555088, 55.583825262387023 ], [ -3.074284292411749, 55.591514801069216 ], [ -3.082266326751702, 55.586504599476903 ], [ -3.093733238065579, 55.553565288152448 ], [ -3.117387747237256, 55.544453171983541 ], [ -3.133608346694703, 55.551153689376605 ], [ -3.156787627472827, 55.553727105814779 ], [ -3.183411632920795, 55.572980599874029 ], [ -3.169924071783004, 55.577343838557283 ], [ -3.152106334969174, 55.576949928582458 ], [ -3.120548721187042, 55.586625206254709 ], [ -3.118934415735794, 55.602341610002092 ], [ -3.091266869528751, 55.615090484918049 ], [ -3.092417509954032, 55.62076314216101 ], [ -3.115369363466774, 55.625881522482615 ], [ -3.144484483845011, 55.59920396381483 ], [ -3.148380239733482, 55.614963237520847 ], [ -3.154090200107715, 55.622894851668669 ], [ -3.168937721320976, 55.624991825777563 ], [ -3.166509188599103, 55.614632814212094 ], [ -3.183746964508326, 55.601352344417698 ], [ -3.196114804676077, 55.601656722638523 ], [ -3.191305976075665, 55.591315831472428 ], [ -3.203742846792873, 55.582896828537592 ], [ -3.200066499992521, 55.565083111877854 ], [ -3.210873929249173, 55.557059589352207 ], [ -3.223609242228985, 55.555654867809629 ], [ -3.23407248584052, 55.548613273621065 ], [ -3.233506620097361, 55.538714394954397 ], [ -3.242971264068199, 55.533991691980077 ], [ -3.231143012591122, 55.517729876789652 ], [ -3.212792764339317, 55.5174594971337 ], [ -3.209045920483162, 55.506946814813318 ], [ -3.197711374637837, 55.494726408799771 ], [ -3.206441354098159, 55.484560856550388 ], [ -3.217839211405781, 55.485024741971067 ], [ -3.225929776683864, 55.477779733321185 ], [ -3.25628789056699, 55.469891227729811 ], [ -3.276794239726678, 55.457395249245181 ], [ -3.276197516227888, 55.448859822371489 ], [ -3.287174194427935, 55.433740407587713 ], [ -3.279651132491598, 55.43522347934848 ], [ -3.244261103925053, 55.42907428643538 ], [ -3.256409153863197, 55.417567730565331 ], [ -3.281986253352906, 55.408155429319088 ], [ -3.302742611969937, 55.393879024925049 ], [ -3.311674510042375, 55.379632240976228 ], [ -3.303834964403587, 55.368885631838985 ], [ -3.31417135294371, 55.367493326755898 ], [ -3.313345413699456, 55.354896162209691 ], [ -3.320160874705271, 55.349824436411033 ], [ -3.303771601838031, 55.342407547278448 ], [ -3.291474662163, 55.342191004361418 ], [ -3.246611462071214, 55.367616977594317 ], [ -3.215212031374199, 55.37331656768891 ], [ -3.20163131349627, 55.365695691095226 ], [ -3.179253829214033, 55.360465726328073 ], [ -3.174625579511833, 55.346645627531586 ], [ -3.151744895457749, 55.354860113912231 ], [ -3.127238569056309, 55.359739030706635 ], [ -3.112690593547478, 55.35691224466715 ], [ -3.092761873237077, 55.365584194687422 ], [ -3.06791876409519, 55.36762987222955 ], [ -3.042656521018158, 55.358799770270707 ], [ -3.023571473706874, 55.361841212704206 ], [ -3.013935559682902, 55.368927934139222 ], [ -2.996240714487056, 55.373366843521914 ], [ -2.989553572242044, 55.368368629418889 ], [ -2.992282309881328, 55.360268311654856 ], [ -2.982511818170769, 55.353139694462179 ], [ -2.952191893884462, 55.366255193131863 ], [ -2.971748352472077, 55.383416458667078 ], [ -3.001665639053309, 55.380442708035694 ], [ -3.027078455417022, 55.387370023137734 ], [ -3.029003113211386, 55.393331522577128 ], [ -3.009879919025761, 55.396131983118984 ], [ -2.996542428750871, 55.404264195575891 ], [ -2.983324550779426, 55.400982905458221 ], [ -2.97074017924897, 55.391000895555855 ], [ -2.956904485133412, 55.391513133306987 ], [ -2.959085469824605, 55.402662000968007 ], [ -2.98401295450863, 55.402870193776941 ], [ -2.99640931832475, 55.408723218751099 ], [ -2.986284310408596, 55.419173152870457 ], [ -2.961160059671878, 55.42064723070883 ], [ -2.962115225463652, 55.415003696556631 ], [ -2.945232946107845, 55.407944287242408 ], [ -2.926552475477918, 55.404475875644401 ], [ -2.913532212725604, 55.413208994366258 ], [ -2.897658330535742, 55.417681279279591 ], [ -2.892246014769672, 55.428306923421808 ], [ -2.907716561679196, 55.435340067193025 ], [ -2.913017448407615, 55.442149103708189 ], [ -2.893844928316234, 55.453747320634342 ], [ -2.896204014250769, 55.472584249015718 ], [ -2.910491301211939, 55.47670908435542 ], [ -2.914520325093051, 55.482909461098025 ], [ -2.903624097152474, 55.490933768423112 ], [ -2.878992809918183, 55.491147594201784 ], [ -2.88942026363199, 55.501069872091065 ], [ -2.82594912274861, 55.52015862247881 ], [ -2.804847616991546, 55.523279532862659 ], [ -2.806797297284371, 55.533302010357069 ], [ -2.79386145997554, 55.539043852654508 ], [ -2.799574475922963, 55.545411578138093 ], [ -2.818929797884302, 55.550422170368762 ], [ -2.81995510328293, 55.55453025504152 ], [ -2.798574704181079, 55.562177776915519 ], [ -2.808490399184874, 55.568383559949403 ], [ -2.831173409531582, 55.562595864529513 ], [ -2.829852258843935, 55.57101597097359 ], [ -2.818444423245424, 55.574216967567295 ], [ -2.801262740801278, 55.59057940686678 ], [ -2.792097148690657, 55.593218393905111 ], [ -2.776886522904827, 55.607839997174381 ], [ -2.796667784401698, 55.612201554885893 ], [ -2.822279606925766, 55.622817746467859 ], [ -2.829279438056921, 55.637705867586938 ], [ -2.851759809777901, 55.640189797154669 ], [ -2.861181960370895, 55.649242412418332 ] ] ] } },
{ "type": "Feature", "properties": { "hcs_name": "Shetland", "abbr": "Shetland", "hcs_county": "Shetland", "hcs_number": 76, "hcs_code": "SHT", "county": "Shetland", "region": "Scotland" }, "geometry": { "type": "MultiPolygon", "coordinates": [ [ [ [ -1.038744317015179, 60.725733715610538 ], [ -1.067992809477738, 60.72834166923974 ], [ -1.08269364123701, 60.720978885673119 ], [ -1.094460908130926, 60.730165811508506 ], [ -1.122095091605593, 60.727875636337181 ], [ -1.122347561359218, 60.718078775289662 ], [ -1.135377025682998, 60.704708519705527 ], [ -1.129224132685935, 60.696197130602691 ], [ -1.128280755689702, 60.679602437468056 ], [ -1.13743525287271, 60.668134153118878 ], [ -1.137634743652883, 60.657188751188237 ], [ -1.144844329481277, 60.650020584706581 ], [ -1.166125812307251, 60.650037502424986 ], [ -1.188163085003496, 60.635519463296809 ], [ -1.18726719834058, 60.622445524269686 ], [ -1.197425879840308, 60.620289018406183 ], [ -1.193494625838113, 60.611250823071394 ], [ -1.202871711893537, 60.605071206652553 ], [ -1.200862224556173, 60.595474375577226 ], [ -1.187326632118136, 60.581980371017202 ], [ -1.196876821660091, 60.578823567561869 ], [ -1.202404155154981, 60.566966855083095 ], [ -1.180544727188354, 60.55456076085003 ], [ -1.189755182625513, 60.547191428334735 ], [ -1.173379894710003, 60.520592068244362 ], [ -1.171557400252509, 60.50548915379337 ], [ -1.165388960076227, 60.497253926979603 ], [ -1.13361406958884, 60.485706691115205 ], [ -1.121465013306752, 60.488172850215363 ], [ -1.109603685444662, 60.483052586421039 ], [ -1.09752664821056, 60.490105312442104 ], [ -1.116125093798794, 60.493018578237248 ], [ -1.12191304599879, 60.500628708422518 ], [ -1.087241744239307, 60.498473161172029 ], [ -1.068647133197371, 60.489704980808213 ], [ -1.039900347133511, 60.499015939031189 ], [ -1.024583484271368, 60.521661025428131 ], [ -1.04326926845021, 60.533633254836346 ], [ -1.048728698893976, 60.543739743110102 ], [ -1.02796463609898, 60.549366409427648 ], [ -1.015027172354834, 60.548160467977063 ], [ -1.013742950653743, 60.56401256508898 ], [ -1.002557608316018, 60.578208434434707 ], [ -1.030860663930662, 60.596991907192226 ], [ -1.060903717682391, 60.598001940585469 ], [ -1.054446818131298, 60.606530972642503 ], [ -1.028113976645048, 60.605461654069529 ], [ -1.01906010102224, 60.617342200827977 ], [ -1.023307287039024, 60.628848230935695 ], [ -1.038237945536508, 60.630191695097949 ], [ -1.055440799028476, 60.654075555955629 ], [ -1.042649583776939, 60.654504696910116 ], [ -1.039423264189227, 60.646074725636417 ], [ -1.015941095849765, 60.638515734645331 ], [ -0.996699566921134, 60.64206788599315 ], [ -0.999272880068959, 60.649415664035999 ], [ -0.989224164906276, 60.654984391939202 ], [ -1.001451631516288, 60.683099242152736 ], [ -1.004907235669091, 60.706507790688271 ], [ -1.013885248170695, 60.720969813286771 ], [ -1.032777852831985, 60.72991897005943 ], [ -1.038744317015179, 60.725733715610538 ] ] ], [ [ [ -1.607035399922698, 59.540332473680216 ], [ -1.613022111331357, 59.551067608722548 ], [ -1.632303864187676, 59.551805490467927 ], [ -1.644316904409114, 59.543200096413969 ], [ -1.648887697322589, 59.521494823392217 ], [ -1.654688553381548, 59.514012079075016 ], [ -1.639261708337165, 59.511661807321332 ], [ -1.626918313083528, 59.515696036446272 ], [ -1.62348561050384, 59.525789414221222 ], [ -1.607035399922698, 59.540332473680216 ] ] ], [ [ [ -1.596794296960225, 60.195028976628237 ], [ -1.585462905519151, 60.192619202541778 ], [ -1.566225892645563, 60.199103176887249 ], [ -1.576251978533898, 60.208415562431441 ], [ -1.600083427304479, 60.207093174030653 ], [ -1.604948721079117, 60.199305003746218 ], [ -1.596794296960225, 60.195028976628237 ] ] ], [ [ [ -2.04666154796411, 60.134270026601897 ], [ -2.039899691978258, 60.139511398699014 ], [ -2.05405847915564, 60.154963666124985 ], [ -2.074004453050091, 60.157813779492102 ], [ -2.087841498107895, 60.15539443911404 ], [ -2.112687529724127, 60.144313570405885 ], [ -2.116675087810745, 60.133984301449502 ], [ -2.09535034150846, 60.12992046232749 ], [ -2.086318100497778, 60.120853410030534 ], [ -2.05354121861608, 60.114419340425449 ], [ -2.04666154796411, 60.134270026601897 ] ] ], [ [ [ -1.368714653241214, 60.141626102570207 ], [ -1.350374907257569, 60.147158508362757 ], [ -1.362388543727576, 60.152653673399932 ], [ -1.368714653241214, 60.141626102570207 ] ] ], [ [ [ -1.011642036527481, 60.133141333982216 ], [ -1.004313862470834, 60.140045683721944 ], [ -1.005563421727613, 60.150547693292246 ], [ -1.043044493450992, 60.151469961788472 ], [ -1.024450429932971, 60.134955756457131 ], [ -1.011642036527481, 60.133141333982216 ] ] ], [ [ [ -1.072045640205161, 60.1583460324307 ], [ -1.069321288083346, 60.173530961166797 ], [ -1.073341832030266, 60.185012383208424 ], [ -1.081143595787379, 60.18907578259855 ], [ -1.094925853859803, 60.178049631367834 ], [ -1.11635962685463, 60.178951389628935 ], [ -1.129883055384271, 60.184336133359331 ], [ -1.147064902720749, 60.173562982644263 ], [ -1.138465062617127, 60.163540141738686 ], [ -1.122459127331633, 60.159168074786713 ], [ -1.112876293010353, 60.148677248024143 ], [ -1.12566205757428, 60.138679106035362 ], [ -1.121124156729732, 60.12242762006975 ], [ -1.110913988012888, 60.113995080721594 ], [ -1.081307936355431, 60.106641051070028 ], [ -1.068927322798501, 60.113212944718256 ], [ -1.062354457700062, 60.138439406143405 ], [ -1.052222834304691, 60.141716772084422 ], [ -1.050352572512252, 60.160690665264006 ], [ -1.072045640205161, 60.1583460324307 ] ] ], [ [ [ -1.319199500102907, 60.058713453451823 ], [ -1.296274811303248, 60.091547719012667 ], [ -1.30973214547192, 60.094105779993633 ], [ -1.332561492688626, 60.076673661162488 ], [ -1.327589194563014, 60.075167822745939 ], [ -1.332803822899428, 60.045834478092985 ], [ -1.319199500102907, 60.058713453451823 ] ] ], [ [ [ -1.324050844814478, 60.088852204077767 ], [ -1.310614481427837, 60.104554169572275 ], [ -1.312476600447477, 60.11730901676728 ], [ -1.330033719355024, 60.105460386656333 ], [ -1.328548740281081, 60.091414416824399 ], [ -1.342623664240453, 60.088355735857661 ], [ -1.355472101260216, 60.079385732962542 ], [ -1.357070954397319, 60.069713846817123 ], [ -1.343065704833321, 60.05966579134229 ], [ -1.377864116115556, 60.047493305476962 ], [ -1.364729802872904, 60.041394423925759 ], [ -1.340889127549526, 60.058145281344508 ], [ -1.334311432841695, 60.080707881820615 ], [ -1.324050844814478, 60.088852204077767 ] ] ], [ [ [ -1.308276566245646, 60.099306184935926 ], [ -1.285367924674912, 60.107976240264435 ], [ -1.283041409831973, 60.125405867011317 ], [ -1.300934952734866, 60.124508337096117 ], [ -1.297785709585638, 60.108686424632445 ], [ -1.308276566245646, 60.099306184935926 ] ] ], [ [ [ -1.166151672426272, 59.999044128419712 ], [ -1.185634911908876, 60.007992463724335 ], [ -1.181607524423915, 59.992432901270554 ], [ -1.166151672426272, 59.999044128419712 ] ] ], [ [ [ -0.75572439460381, 60.420971434580707 ], [ -0.759230898564289, 60.430095993902853 ], [ -0.772085492518146, 60.430282303802286 ], [ -0.78347556052915, 60.41749109910598 ], [ -0.75572439460381, 60.420971434580707 ] ] ], [ [ [ -1.704552509919948, 60.341558829767727 ], [ -1.731599768982808, 60.345831455953061 ], [ -1.736978288123162, 60.334852279256999 ], [ -1.718795487654207, 60.319941911761362 ], [ -1.686279794834894, 60.316784345230921 ], [ -1.665507428580248, 60.333327504286459 ], [ -1.677701508723667, 60.342892971460707 ], [ -1.704552509919948, 60.341558829767727 ] ] ], [ [ [ -1.38805986008461, 60.324453598306569 ], [ -1.375425596598087, 60.336130566390644 ], [ -1.386079643361817, 60.342685230367735 ], [ -1.40467606654744, 60.32773442806814 ], [ -1.38805986008461, 60.324453598306569 ] ] ], [ [ [ -1.423768668531329, 60.386517798830901 ], [ -1.440153860014581, 60.390412313975375 ], [ -1.452412290715382, 60.384616568429067 ], [ -1.44999376398648, 60.378790058956746 ], [ -1.475520939937003, 60.374246558100069 ], [ -1.46612352990651, 60.361724169820789 ], [ -1.447426273838725, 60.347209893683505 ], [ -1.414633988551195, 60.348175012977649 ], [ -1.391936870279297, 60.351457860550035 ], [ -1.381018555940005, 60.358366027679288 ], [ -1.381748180640547, 60.375766059012363 ], [ -1.423768668531329, 60.386517798830901 ] ] ], [ [ [ -0.901058500074315, 60.381781729618403 ], [ -0.915592279092893, 60.383482052488809 ], [ -0.93423752386113, 60.377111641853652 ], [ -0.957288800774165, 60.37926499117544 ], [ -0.974783025359467, 60.370873830114519 ], [ -1.003818345328058, 60.366393304688344 ], [ -1.015798043021932, 60.360651031834927 ], [ -1.024704985366786, 60.346299663674763 ], [ -1.037728641080829, 60.341085734808793 ], [ -1.005170382568112, 60.326481230733968 ], [ -0.978775781989067, 60.3313810192696 ], [ -0.975942419396601, 60.339770530282529 ], [ -0.950202860211966, 60.350888365832134 ], [ -0.936739364442586, 60.366061824252775 ], [ -0.922248508406788, 60.375383630747066 ], [ -0.901058500074315, 60.381781729618403 ] ] ], [ [ [ -1.470028999863804, 60.338843795422989 ], [ -1.485912716441255, 60.336104740306418 ], [ -1.459080530281454, 60.318471569816523 ], [ -1.44675988257261, 60.329285342653876 ], [ -1.470968617491941, 60.334506257520104 ], [ -1.470028999863804, 60.338843795422989 ] ] ], [ [ [ -0.873978170554465, 60.843984161954275 ], [ -0.899168749178921, 60.840682614279842 ], [ -0.895790381966365, 60.829812760479847 ], [ -0.90826574303666, 60.826143716780429 ], [ -0.914017136448333, 60.816246224477375 ], [ -0.932960899270882, 60.803858924352554 ], [ -0.947284490491951, 60.799702382704275 ], [ -0.952850220307544, 60.790753582273695 ], [ -0.936029553427697, 60.780884020878261 ], [ -0.936935297481356, 60.768760112633167 ], [ -0.946809639690057, 60.76128284243655 ], [ -0.94153972533219, 60.748723384214578 ], [ -0.960842508180373, 60.743627482132197 ], [ -0.954519259896144, 60.715428653867583 ], [ -0.977116792552857, 60.720425352778747 ], [ -0.971231434205695, 60.696031305706462 ], [ -0.981585723538196, 60.684305695799608 ], [ -0.965920175934096, 60.684489313801713 ], [ -0.966443437054501, 60.676045923310738 ], [ -0.938516922918539, 60.674198071137688 ], [ -0.922681096897424, 60.686742100831317 ], [ -0.902991539582677, 60.682949478065161 ], [ -0.865267983473272, 60.679310718839119 ], [ -0.853958999709899, 60.674085628828294 ], [ -0.832880509654725, 60.693617567077908 ], [ -0.870401068377795, 60.702410598996586 ], [ -0.85366782099886, 60.721928429067518 ], [ -0.820552664515267, 60.735204481383271 ], [ -0.814143723508461, 60.742261293479473 ], [ -0.815456232680534, 60.752094257409809 ], [ -0.835764427017264, 60.751470024346787 ], [ -0.841374877186509, 60.760591893302475 ], [ -0.802805751227626, 60.758487459588736 ], [ -0.821064136983911, 60.781042796729984 ], [ -0.805067981335642, 60.786994898218481 ], [ -0.784013089254603, 60.77991332410619 ], [ -0.778291028265733, 60.786852058285987 ], [ -0.778686814076628, 60.798447449225449 ], [ -0.798398459740877, 60.813269837307985 ], [ -0.782058472178749, 60.819735904446667 ], [ -0.784719448202421, 60.831262078885288 ], [ -0.826467321518213, 60.831025797199302 ], [ -0.846423461838933, 60.838611149414888 ], [ -0.855998565285841, 60.82448671884179 ], [ -0.853360811313725, 60.820350714518113 ], [ -0.867218697436336, 60.805675565231603 ], [ -0.878504939124822, 60.806239381305666 ], [ -0.866133661338529, 60.833498174922248 ], [ -0.873978170554465, 60.843984161954275 ] ] ], [ [ [ -0.864211101321718, 60.632367554290688 ], [ -0.895041135106615, 60.620641263922757 ], [ -0.926867846118325, 60.62743265482959 ], [ -0.946831478357259, 60.620542579908459 ], [ -0.938252710541532, 60.602235555331823 ], [ -0.928438557688584, 60.598554403386942 ], [ -0.914381533712658, 60.584135420177745 ], [ -0.908562541730774, 60.571645012111908 ], [ -0.894863418348236, 60.563513969983845 ], [ -0.86004360676834, 60.568905564801405 ], [ -0.874169435322433, 60.580307638767096 ], [ -0.897279029383578, 60.588756597001655 ], [ -0.870413142261023, 60.592513228870381 ], [ -0.856402095267536, 60.591911979608817 ], [ -0.849499527899858, 60.58460357769448 ], [ -0.831848539883691, 60.588426171364453 ], [ -0.816619982346546, 60.5754608195532 ], [ -0.801031544506542, 60.56825757404048 ], [ -0.780890335894233, 60.584282464695207 ], [ -0.765619133552331, 60.604434659250515 ], [ -0.791686883411608, 60.612867164699388 ], [ -0.800365026059344, 60.599824873485744 ], [ -0.824791626856163, 60.606758091230816 ], [ -0.823290616633764, 60.620854011626278 ], [ -0.864211101321718, 60.632367554290688 ] ] ], [ [ [ -1.301166877261506, 60.234106844913178 ], [ -1.300816740002317, 60.217931810440668 ], [ -1.306564972843999, 60.216045818409064 ], [ -1.315632373029383, 60.190506133742296 ], [ -1.325521866326548, 60.174048563747441 ], [ -1.31107890385513, 60.165556301939056 ], [ -1.301010448575426, 60.182853455252889 ], [ -1.286897729353135, 60.181528472405731 ], [ -1.295728959203374, 60.169417651457607 ], [ -1.303023591264422, 60.138513521616808 ], [ -1.297541469236659, 60.131661263387947 ], [ -1.270943454433096, 60.135539111044558 ], [ -1.270377521939708, 60.125175723282112 ], [ -1.280753998268254, 60.093118348415928 ], [ -1.288451075083407, 60.08501388335192 ], [ -1.294969173907394, 60.068899416491611 ], [ -1.305795188615879, 60.053510384576533 ], [ -1.30613862283347, 60.038922846330252 ], [ -1.321330403775378, 60.019165754841389 ], [ -1.321090793762413, 60.008088453274823 ], [ -1.336185740916601, 60.005953090842581 ], [ -1.346732694345816, 59.997402561618941 ], [ -1.331827756958487, 59.970841714390218 ], [ -1.352825580254833, 59.976876607409174 ], [ -1.360259483807994, 59.968855103663408 ], [ -1.331046966438703, 59.967272019271554 ], [ -1.338255275045909, 59.954358990649901 ], [ -1.330005214069657, 59.946514564351737 ], [ -1.364867409480442, 59.94189858317236 ], [ -1.363543833562337, 59.920712337512875 ], [ -1.38268230347327, 59.913531645908513 ], [ -1.385656500892013, 59.902309948584467 ], [ -1.382835604031129, 59.889668100251683 ], [ -1.344481391236418, 59.896991255446238 ], [ -1.318191610862968, 59.896745775617731 ], [ -1.306360977578589, 59.881580476452861 ], [ -1.315937492462839, 59.869158921724299 ], [ -1.291658442140967, 59.874185378237073 ], [ -1.275637362235019, 59.854944481654279 ], [ -1.27000112039221, 59.858525624780235 ], [ -1.274183674881513, 59.872614551280819 ], [ -1.28513933745337, 59.883088027580307 ], [ -1.271978033093008, 59.885692904396315 ], [ -1.277024340923706, 59.894303836892526 ], [ -1.269679693572221, 59.908830067111843 ], [ -1.283838935683602, 59.914074943422762 ], [ -1.271585946095806, 59.920422805986071 ], [ -1.25770605492525, 59.93887875699798 ], [ -1.265127271037245, 59.947908634980422 ], [ -1.254971001705359, 59.954591805004519 ], [ -1.273923574581526, 59.992081133273835 ], [ -1.242470881944051, 59.992208476868477 ], [ -1.228525491926366, 59.994805802575797 ], [ -1.206361607883309, 59.990128582162285 ], [ -1.216225140696374, 60.005942522859492 ], [ -1.233902789826133, 60.027572291493264 ], [ -1.202219877117367, 60.038167720485973 ], [ -1.175779922480905, 60.037599733879205 ], [ -1.204102060524107, 60.048578193411537 ], [ -1.197302745094314, 60.054856897387175 ], [ -1.212905758135311, 60.064946594910637 ], [ -1.206904526946309, 60.08983170996737 ], [ -1.224322527114041, 60.098770308173243 ], [ -1.19967900169449, 60.107023885378794 ], [ -1.194069147195611, 60.118472408524234 ], [ -1.206858858651202, 60.124382560253984 ], [ -1.20406514834578, 60.130416350245532 ], [ -1.175959566658424, 60.129510058316477 ], [ -1.172492315026208, 60.141256534871189 ], [ -1.159738820811596, 60.148756725434197 ], [ -1.14493304734811, 60.149631861617664 ], [ -1.145128190467932, 60.159287482575017 ], [ -1.156246587561708, 60.16090096532119 ], [ -1.164559286629411, 60.16963808618852 ], [ -1.153777994683534, 60.173495236997603 ], [ -1.149042924918848, 60.188725782928898 ], [ -1.170081366574336, 60.19426913791461 ], [ -1.191557992958295, 60.19247560826242 ], [ -1.179127368400139, 60.209743649827928 ], [ -1.197256896940937, 60.210570973926515 ], [ -1.195491791790284, 60.234840683532177 ], [ -1.209707473373415, 60.237567675538735 ], [ -1.193291897121311, 60.245741479858872 ], [ -1.20561628336739, 60.253805409325096 ], [ -1.198849494654444, 60.269909177698352 ], [ -1.186699350549523, 60.258994810755887 ], [ -1.171693574153114, 60.25832817805685 ], [ -1.178355511631446, 60.240257982665426 ], [ -1.156418350933367, 60.242289361069808 ], [ -1.144692636052315, 60.256858985988274 ], [ -1.120406247170336, 60.262141803749216 ], [ -1.10573269674487, 60.258286113964687 ], [ -1.096546939853385, 60.263104138955953 ], [ -1.118583869301676, 60.271611710724109 ], [ -1.146543351430957, 60.270670232778073 ], [ -1.159130849743737, 60.281529909645059 ], [ -1.116242056024329, 60.302885614077361 ], [ -1.090610118396449, 60.300033669976827 ], [ -1.099067827401463, 60.321347315253789 ], [ -1.124147942174621, 60.32360548000193 ], [ -1.142910654723086, 60.331999590652323 ], [ -1.174030315779262, 60.331850066395759 ], [ -1.175182921335062, 60.346772677660773 ], [ -1.165978447611421, 60.353091900326987 ], [ -1.153323990502068, 60.349723145485974 ], [ -1.109233318629089, 60.347116245730987 ], [ -1.096910808223476, 60.355548616081229 ], [ -1.075082455795093, 60.357392096114701 ], [ -1.073208449054244, 60.385116500221592 ], [ -1.109219955971204, 60.392015784339783 ], [ -1.122984713412863, 60.377468440050606 ], [ -1.141188977138255, 60.383439683737016 ], [ -1.118336922926364, 60.402323413879763 ], [ -1.09838954884659, 60.40576377986914 ], [ -1.086226229920621, 60.411641104232892 ], [ -1.048781381606243, 60.440265060489189 ], [ -1.063898878280008, 60.447582294840792 ], [ -1.09973415099681, 60.426616739322746 ], [ -1.110455865035448, 60.426780394437465 ], [ -1.136878062891168, 60.411655825367411 ], [ -1.123051296211666, 60.403138673434519 ], [ -1.140612479746189, 60.400186474360723 ], [ -1.162346859446597, 60.387049334686573 ], [ -1.169459436623704, 60.414357089051904 ], [ -1.197292576662963, 60.41117997659596 ], [ -1.203843004107585, 60.418016332073329 ], [ -1.247850800364945, 60.404192753948166 ], [ -1.250538642907998, 60.407287666922223 ], [ -1.194643987440674, 60.431511678694349 ], [ -1.188988415783726, 60.422802399368223 ], [ -1.173090198642609, 60.427741984096841 ], [ -1.178390258589468, 60.460631707454333 ], [ -1.194299003978639, 60.46338151383025 ], [ -1.20633630517098, 60.483762611697998 ], [ -1.22714632445544, 60.494492278438855 ], [ -1.243372958251824, 60.492021367140858 ], [ -1.246795854244698, 60.48488907773811 ], [ -1.262254674912251, 60.476243948032753 ], [ -1.273512089220798, 60.485890074559514 ], [ -1.286502037582788, 60.484743477303304 ], [ -1.288239979846581, 60.474831181954237 ], [ -1.302703654387379, 60.470377667702081 ], [ -1.299301024413754, 60.461322665876189 ], [ -1.274672951076236, 60.45667249217982 ], [ -1.259740746121536, 60.448375125258671 ], [ -1.267707492791326, 60.441631046671105 ], [ -1.29424565659286, 60.443813303513672 ], [ -1.318921869376496, 60.437136304498985 ], [ -1.327431341299247, 60.437989993605278 ], [ -1.342115862936415, 60.428960566158416 ], [ -1.345928809807218, 60.407295309439128 ], [ -1.353427477191626, 60.399871281264474 ], [ -1.384263899184285, 60.398269800615225 ], [ -1.373329294231893, 60.411940414194838 ], [ -1.359557741114185, 60.411630839716388 ], [ -1.363391787312813, 60.429326745077354 ], [ -1.354196943928918, 60.43868435325134 ], [ -1.320148980704418, 60.452502927512228 ], [ -1.33318768440012, 60.461850711608172 ], [ -1.324971635420987, 60.469625538783731 ], [ -1.328260402430654, 60.480230729643232 ], [ -1.310991290393135, 60.48311669484135 ], [ -1.327218469206044, 60.495114194765115 ], [ -1.334403434556343, 60.506944562698308 ], [ -1.324213269427476, 60.510977926292632 ], [ -1.34574243047595, 60.523403741122401 ], [ -1.350167666373359, 60.5293960922533 ], [ -1.315535292167916, 60.546449736898047 ], [ -1.313765209220587, 60.57109055178374 ], [ -1.329447224425206, 60.576846552359193 ], [ -1.304033310151741, 60.59575682516725 ], [ -1.304827622846611, 60.623699374341378 ], [ -1.328495157836928, 60.622288465469595 ], [ -1.346129507362229, 60.625823067562763 ], [ -1.348770298064243, 60.609245627501508 ], [ -1.384710459299994, 60.609069193386446 ], [ -1.390732352534064, 60.612713815891269 ], [ -1.419176474082883, 60.615390932211504 ], [ -1.426670524345056, 60.607355289596661 ], [ -1.420061849827798, 60.601448576649943 ], [ -1.441792724756343, 60.593406737973041 ], [ -1.445300297677888, 60.587723340965489 ], [ -1.433702012914167, 60.581668326209957 ], [ -1.434267279229506, 60.574746884203769 ], [ -1.448245180158476, 60.571603945458264 ], [ -1.472545639682649, 60.560663505098383 ], [ -1.473978199554701, 60.552184466068503 ], [ -1.493279282801127, 60.546247829513462 ], [ -1.494148270961149, 60.534126307502788 ], [ -1.477887814328616, 60.527382966314548 ], [ -1.464285962395645, 60.515329295595741 ], [ -1.445106241887568, 60.509401248005304 ], [ -1.449817696494356, 60.50461489349226 ], [ -1.469367917542996, 60.510824334848472 ], [ -1.487313745381082, 60.521158127962771 ], [ -1.514825335957366, 60.529883547480168 ], [ -1.52249369578197, 60.536847039922158 ], [ -1.519390838484428, 60.547619079336911 ], [ -1.533490619210499, 60.556289043948695 ], [ -1.559661993622692, 60.545278718771371 ], [ -1.567866510656297, 60.53113709549428 ], [ -1.566315139690057, 60.515605004782792 ], [ -1.577015584326863, 60.504084817182743 ], [ -1.610058089883334, 60.50899231070774 ], [ -1.616645660954845, 60.498516190296058 ], [ -1.632669915021097, 60.486726765052822 ], [ -1.630463864412058, 60.481508662312038 ], [ -1.612089821652914, 60.477003299547128 ], [ -1.5922361892413, 60.477043821380946 ], [ -1.568588744636755, 60.481420182410673 ], [ -1.554336118287424, 60.490685541370368 ], [ -1.535535031099712, 60.480004370986165 ], [ -1.52375805061098, 60.478563269496497 ], [ -1.502527551301264, 60.484541189613864 ], [ -1.511079280724191, 60.461796751496799 ], [ -1.49441063130682, 60.457251542764304 ], [ -1.4833103198253, 60.464795980593642 ], [ -1.488235206616285, 60.472956561472948 ], [ -1.466604614497515, 60.485984137578662 ], [ -1.469634955529988, 60.460383195110545 ], [ -1.461733029205309, 60.450048534018634 ], [ -1.449159920844986, 60.444399041241894 ], [ -1.455780964481975, 60.428943138768972 ], [ -1.452747473018673, 60.416022404958241 ], [ -1.430181318516461, 60.413418229364581 ], [ -1.408815121307072, 60.413905200657702 ], [ -1.415667124365032, 60.40487572360751 ], [ -1.405174144775196, 60.383872019942643 ], [ -1.382678408534325, 60.377134274587391 ], [ -1.367354002137163, 60.390760065674989 ], [ -1.351689069621421, 60.391616804109873 ], [ -1.351523720979129, 60.374881998196656 ], [ -1.33391330193747, 60.36799081723732 ], [ -1.301994549314785, 60.369783226201498 ], [ -1.287670971833952, 60.363529950780254 ], [ -1.291389882625141, 60.358386836425147 ], [ -1.328252961618023, 60.357322534361629 ], [ -1.338127228131438, 60.349516024748105 ], [ -1.33527601220407, 60.337081754473417 ], [ -1.35592358330056, 60.345066101411867 ], [ -1.370191116570991, 60.336595272572147 ], [ -1.370042367538523, 60.322869850930338 ], [ -1.364400694562698, 60.304571157449793 ], [ -1.369606388401828, 60.285671671496935 ], [ -1.380274484714929, 60.287341064938111 ], [ -1.380218320596093, 60.29970228453179 ], [ -1.389731664920069, 60.314898698490801 ], [ -1.412408024895491, 60.320168084281192 ], [ -1.43039087290725, 60.328165701944243 ], [ -1.436605642316613, 60.321637590702679 ], [ -1.455604836320856, 60.317375453880395 ], [ -1.452301377348562, 60.306110625460668 ], [ -1.471137886509026, 60.305514205780909 ], [ -1.489304909589542, 60.298014628023914 ], [ -1.49801839120961, 60.317959876520106 ], [ -1.511216314020008, 60.318866095997961 ], [ -1.55063396750647, 60.306004214636062 ], [ -1.548900957225494, 60.299269981666868 ], [ -1.569389201397423, 60.293693279099713 ], [ -1.573843999546604, 60.287750107998328 ], [ -1.594843811454328, 60.296630075737504 ], [ -1.606299945119924, 60.307813941777624 ], [ -1.686669340099921, 60.300957361598563 ], [ -1.696913566147418, 60.293940924239529 ], [ -1.700172951548008, 60.283658640274652 ], [ -1.680618454842386, 60.278760141232162 ], [ -1.684328901124867, 60.270818275985427 ], [ -1.700559062053817, 60.254299529092719 ], [ -1.684525024743986, 60.236244901844231 ], [ -1.65435223979453, 60.226913599685332 ], [ -1.649104326124981, 60.216923907945024 ], [ -1.612226329174032, 60.208292514216318 ], [ -1.587928800778883, 60.219003074730765 ], [ -1.574262028277537, 60.220458634026372 ], [ -1.56335155296432, 60.227330332782465 ], [ -1.550607106402382, 60.207360697751781 ], [ -1.532972819034648, 60.21725213117314 ], [ -1.524696073198296, 60.217220186573677 ], [ -1.51571888116358, 60.232461069015812 ], [ -1.505296904728207, 60.228535678043819 ], [ -1.504207017562491, 60.208164776731891 ], [ -1.529967188771802, 60.207649348915332 ], [ -1.547415689186448, 60.196993496189918 ], [ -1.547472203097248, 60.189603956151672 ], [ -1.53546460302893, 60.179630719692668 ], [ -1.514371366874338, 60.181664523556535 ], [ -1.507055004918184, 60.162725554581272 ], [ -1.469857633246307, 60.160309943747976 ], [ -1.463663644163172, 60.150134199390003 ], [ -1.451441030527908, 60.152463679397371 ], [ -1.452503768475223, 60.16818595087814 ], [ -1.434910985425185, 60.169539901405095 ], [ -1.421248509509776, 60.164564952314549 ], [ -1.407814280717162, 60.177691617147353 ], [ -1.406791841091359, 60.194419722289972 ], [ -1.401432040226688, 60.200065969910121 ], [ -1.377371044808078, 60.204858974537409 ], [ -1.360334033942125, 60.195695316609978 ], [ -1.360686278499178, 60.213728277716754 ], [ -1.373178546477449, 60.220753619341139 ], [ -1.376505701326237, 60.236603880721212 ], [ -1.388471091339997, 60.235034287282012 ], [ -1.39922999196201, 60.241615625820828 ], [ -1.378237986522873, 60.249546195320008 ], [ -1.355222752603266, 60.244349680384339 ], [ -1.351780607973404, 60.238178033749008 ], [ -1.368719064264896, 60.234919457551435 ], [ -1.360329810268962, 60.228059718948018 ], [ -1.360950003730067, 60.216779498000477 ], [ -1.348020030968957, 60.216111573806259 ], [ -1.348717471988364, 60.202318632386749 ], [ -1.323103079888074, 60.217607668962643 ], [ -1.301166877261506, 60.234106844913178 ] ] ], [ [ [ -0.986280480739559, 60.616523501965801 ], [ -0.999617380050149, 60.618899895788267 ], [ -1.00089704847961, 60.606460111851618 ], [ -0.982072197839237, 60.602785115519787 ], [ -0.970965119752145, 60.615814104101702 ], [ -0.986280480739559, 60.616523501965801 ] ] ], [ [ [ -0.905831584086254, 60.679083970292787 ], [ -0.918737272451315, 60.672922177501256 ], [ -0.88643979751232, 60.665043608701495 ], [ -0.883773079420942, 60.670453793594909 ], [ -0.905831584086254, 60.679083970292787 ] ] ] ] } },
{ "type": "Feature", "properties": { "hcs_name": "Shropshire", "abbr": "Salop", "hcs_county": "Salop", "hcs_number": 77, "hcs_code": "SHP", "county": "Shropshire", "region": "West Midlands" }, "geometry": { "type": "Polygon", "coordinates": [ [ [ -2.618087948706023, 52.306948017510287 ], [ -2.609602394899975, 52.306366781120509 ], [ -2.594663162395161, 52.313905486622595 ], [ -2.584064806907907, 52.313297138210046 ], [ -2.564655195352707, 52.318420956980162 ], [ -2.562564249407361, 52.332484260166019 ], [ -2.537973518215521, 52.344299821282398 ], [ -2.521847164565831, 52.341818594165197 ], [ -2.508469734906214, 52.334502010798815 ], [ -2.506096429837403, 52.328050477906316 ], [ -2.481464876523125, 52.331651022074915 ], [ -2.484241205999586, 52.344506260594521 ], [ -2.475405482538855, 52.35979107204713 ], [ -2.455338729601646, 52.367894097427566 ], [ -2.426027300388187, 52.365826271429171 ], [ -2.410571993980029, 52.36996668155664 ], [ -2.414734619078761, 52.37783671179367 ], [ -2.411011173979768, 52.385175685207571 ], [ -2.378040572059405, 52.383095773595812 ], [ -2.367239778432717, 52.388089794278017 ], [ -2.343417987868207, 52.385920328655011 ], [ -2.322555631149836, 52.37623126215464 ], [ -2.316357789357427, 52.378092851520421 ], [ -2.327783705260027, 52.392447839589117 ], [ -2.316284687255248, 52.398892234631681 ], [ -2.321488943292642, 52.405382885722801 ], [ -2.332770044266381, 52.404474014845128 ], [ -2.331999936711604, 52.398797711075709 ], [ -2.347383062627818, 52.393692952198499 ], [ -2.372948320621271, 52.401940166780669 ], [ -2.365799305047959, 52.40845263641819 ], [ -2.36644958039365, 52.423097445818144 ], [ -2.363555459317462, 52.439458059360717 ], [ -2.346986087879898, 52.439184764178201 ], [ -2.333083244632555, 52.435318542724112 ], [ -2.310086544586644, 52.437888121895867 ], [ -2.306197145597441, 52.445894833653313 ], [ -2.287309625077913, 52.455332357369514 ], [ -2.295712952409154, 52.473917599136882 ], [ -2.31273936717115, 52.489159365848373 ], [ -2.307774297580659, 52.498375804273294 ], [ -2.291271925053878, 52.511726156954595 ], [ -2.240707554832696, 52.530820815869767 ], [ -2.265164280039226, 52.549018662462487 ], [ -2.278695847610552, 52.554224303063727 ], [ -2.261981652071547, 52.56272363479443 ], [ -2.26322084639468, 52.570669682390999 ], [ -2.281032890305738, 52.584262528453358 ], [ -2.322015780235944, 52.593629438460304 ], [ -2.325466353525722, 52.600109627429447 ], [ -2.323658, 52.613125 ], [ -2.309644196091595, 52.60739341022569 ], [ -2.279117947263401, 52.605878901606538 ], [ -2.255777678615871, 52.609909992119398 ], [ -2.246231860509151, 52.628047995151441 ], [ -2.236926789698187, 52.636017507855115 ], [ -2.232843507259361, 52.647702328527778 ], [ -2.243709910781118, 52.679936770552096 ], [ -2.264127861405604, 52.682778535709318 ], [ -2.273633340702874, 52.679772097405774 ], [ -2.303031863859233, 52.682962409586025 ], [ -2.313620708614377, 52.69543077156554 ], [ -2.342111463378715, 52.696098021397255 ], [ -2.361767709482967, 52.699366068474816 ], [ -2.358907793253481, 52.717857918233705 ], [ -2.353263839563895, 52.730938535468042 ], [ -2.31956773405391, 52.730663921551837 ], [ -2.312215274140281, 52.740729009939933 ], [ -2.330141705565554, 52.757970989152113 ], [ -2.350010162394601, 52.766192171846228 ], [ -2.385036256256828, 52.789663897377835 ], [ -2.373141548551114, 52.793959778721096 ], [ -2.370954128625747, 52.800287198226911 ], [ -2.377640785139406, 52.811646766280745 ], [ -2.416250514725687, 52.827110794605389 ], [ -2.407655438209728, 52.83457123083835 ], [ -2.396524097460389, 52.833912087836744 ], [ -2.387946472522581, 52.862738707162016 ], [ -2.381962990857108, 52.865865769576146 ], [ -2.381122855583825, 52.880125789580909 ], [ -2.384954943944552, 52.888596790805792 ], [ -2.411875707085706, 52.887914945032477 ], [ -2.425943081810653, 52.882015832201461 ], [ -2.451466898782762, 52.878186082192109 ], [ -2.471630668102363, 52.883114992628904 ], [ -2.495835200174106, 52.892338891032878 ], [ -2.482431203747926, 52.900747365190469 ], [ -2.470815113546951, 52.901449232059626 ], [ -2.455684206949753, 52.915587442477822 ], [ -2.436687215579979, 52.943875795190642 ], [ -2.42509142905632, 52.950006347975979 ], [ -2.404855508348609, 52.948305555510075 ], [ -2.409320610515262, 52.962560868388415 ], [ -2.386164311346305, 52.953257480058454 ], [ -2.377525058101987, 52.964458009068416 ], [ -2.382702177458023, 52.970619802242439 ], [ -2.368695474777395, 52.979324243881265 ], [ -2.379818081286071, 52.991481562412758 ], [ -2.380763085563663, 52.998369443885629 ], [ -2.39747917453138, 52.995007602809373 ], [ -2.410460799675119, 52.988055534918615 ], [ -2.436754419039011, 52.986282796728737 ], [ -2.435256552412241, 52.969423718755785 ], [ -2.474879064386853, 52.962535032525359 ], [ -2.481742080435595, 52.958895542716768 ], [ -2.498969750597062, 52.968451267471146 ], [ -2.507455776302411, 52.965462133682713 ], [ -2.521338576942306, 52.974347460565269 ], [ -2.525998349757199, 52.952878389008163 ], [ -2.513886094054324, 52.945451258749998 ], [ -2.517932134292499, 52.932299654649192 ], [ -2.53237697826389, 52.934425114961776 ], [ -2.534327827317136, 52.947730945320181 ], [ -2.561744888432662, 52.964215516083087 ], [ -2.578142023378463, 52.955744114382981 ], [ -2.586448686123902, 52.955393280811109 ], [ -2.597224745198425, 52.963282111583922 ], [ -2.595475351601655, 52.978893140717339 ], [ -2.608343188475192, 52.988146650053217 ], [ -2.621395093829183, 52.98661562682684 ], [ -2.628015517016419, 52.995146841772112 ], [ -2.649040956584418, 52.995702098139297 ], [ -2.664371035937605, 52.98902036080559 ], [ -2.684626894787802, 52.986258711067954 ], [ -2.69929926453211, 52.995451827490434 ], [ -2.715879788049871, 52.98438392267304 ], [ -2.726886572950517, 52.983256310567448 ], [ -2.735294098350265, 52.969931929707073 ], [ -2.726738483635302, 52.965052551312453 ], [ -2.725709723025559, 52.940525748134306 ], [ -2.728477766078257, 52.925178315425342 ], [ -2.755356938496379, 52.92459527458734 ], [ -2.800433959117185, 52.895483930877731 ], [ -2.812397065383895, 52.914155451344755 ], [ -2.838232536567555, 52.93214494355292 ], [ -2.842351660626329, 52.942053625769589 ], [ -2.883653271221111, 52.946659951714857 ], [ -2.898241895969579, 52.950226772918768 ], [ -2.908666406384588, 52.941927099006065 ], [ -2.93488752439112, 52.94177459272067 ], [ -2.959844910192119, 52.951202272074219 ], [ -2.96852036041481, 52.964181132700951 ], [ -2.982372490889092, 52.95909538472258 ], [ -3.009780698148825, 52.956179213524109 ], [ -3.031394352086553, 52.931436443998876 ], [ -3.076221104185639, 52.925495466226529 ], [ -3.096014886343299, 52.930336352176745 ], [ -3.108656659618964, 52.919910929512298 ], [ -3.116878849881224, 52.899484116815103 ], [ -3.147480526487964, 52.890331753102792 ], [ -3.14981471015103, 52.876982106626592 ], [ -3.127735829016741, 52.8671426262 ], [ -3.15398522188489, 52.854289708989675 ], [ -3.16142286536826, 52.848037203082413 ], [ -3.151277310218525, 52.842569258984682 ], [ -3.154075195664437, 52.832117569205963 ], [ -3.167890279562914, 52.819263018498056 ], [ -3.16841900535449, 52.807867401431501 ], [ -3.161410710367937, 52.803579386455375 ], [ -3.158445683780669, 52.793488411897961 ], [ -3.131349871654303, 52.787569097323043 ], [ -3.10979882808519, 52.786674963032297 ], [ -3.10617441047933, 52.792925020519966 ], [ -3.085727156513959, 52.790386011146346 ], [ -3.08784263069514, 52.779451126717923 ], [ -3.046453977409293, 52.767097509051382 ], [ -3.039594002951879, 52.770173008201112 ], [ -3.010830430439638, 52.762113270584969 ], [ -3.009687062494697, 52.750318773080224 ], [ -2.99770043117477, 52.743878557287886 ], [ -2.990039859094854, 52.733512210441241 ], [ -2.973643499304744, 52.735713489354858 ], [ -2.96563095555339, 52.732328187348664 ], [ -2.96167995345089, 52.715674053184408 ], [ -2.977687987467703, 52.715263077677569 ], [ -2.97542035877939, 52.722383573092912 ], [ -3.00062426058859, 52.720259513592318 ], [ -3.020273793832632, 52.721558616072798 ], [ -3.025383555046393, 52.714750377853811 ], [ -3.022740103766956, 52.706537813378787 ], [ -3.042751645979399, 52.686928306875465 ], [ -3.051206593490977, 52.647368631077683 ], [ -3.069585123358213, 52.64584183471333 ], [ -3.067815588621928, 52.63053402530889 ], [ -3.080873356529831, 52.6224745355563 ], [ -3.082600227746268, 52.615639756860503 ], [ -3.092843166308266, 52.60993679551494 ], [ -3.089337325480954, 52.599645812078229 ], [ -3.100490926023729, 52.597595077712171 ], [ -3.109790349665089, 52.590259117276865 ], [ -3.138358003324803, 52.582724908535972 ], [ -3.13771158126615, 52.573837820734887 ], [ -3.127360721167394, 52.566063618176933 ], [ -3.111502665422583, 52.541363031451631 ], [ -3.137144698869053, 52.533947612053801 ], [ -3.131543792200006, 52.527030879410312 ], [ -3.100018358226196, 52.530821030295733 ], [ -3.083087513175217, 52.535851788912566 ], [ -3.093943568134538, 52.544907518158404 ], [ -3.087288677802155, 52.551331263005615 ], [ -3.049943134430996, 52.560692892968412 ], [ -3.036415741865653, 52.571812016014341 ], [ -3.014122004720517, 52.575395941661299 ], [ -3.006649819054748, 52.573888708591895 ], [ -2.99761315980559, 52.563815228339912 ], [ -2.997582261265198, 52.548238416764129 ], [ -3.01059930570383, 52.520048849781382 ], [ -3.024799104623308, 52.523813497470705 ], [ -3.036446144721153, 52.511483695556478 ], [ -3.029228686855983, 52.501251799582001 ], [ -3.085490014449656, 52.498536796694509 ], [ -3.113253044343041, 52.498386231841579 ], [ -3.128293995488626, 52.492068244574654 ], [ -3.14037921406116, 52.491670477467835 ], [ -3.180666569714664, 52.473819502646592 ], [ -3.194418726105024, 52.476397453496119 ], [ -3.212038727102499, 52.468096253843221 ], [ -3.231371316301489, 52.453207095739131 ], [ -3.235532946183411, 52.442614371794875 ], [ -3.219118496097655, 52.421076397327816 ], [ -3.199004858482028, 52.416957340321225 ], [ -3.178856348184399, 52.40942760368074 ], [ -3.160546366425071, 52.399883095677474 ], [ -3.161769235846851, 52.39416809593726 ], [ -3.14921616975968, 52.388078754711138 ], [ -3.127936749205159, 52.383381788102227 ], [ -3.120212922557755, 52.377480622169905 ], [ -3.103908018354774, 52.373748210167875 ], [ -3.09206747862078, 52.362668058723791 ], [ -3.074069517739627, 52.357379155881702 ], [ -3.059705390190282, 52.347949972777592 ], [ -3.041218085718352, 52.344312240196857 ], [ -2.998178356623222, 52.351896268124335 ], [ -2.978158050950353, 52.354033732282652 ], [ -2.954676199079585, 52.349159223271045 ], [ -2.934317518835649, 52.350080781402163 ], [ -2.93880799770176, 52.361002061250723 ], [ -2.915117515259219, 52.368819681550825 ], [ -2.897861478440603, 52.367932155002919 ], [ -2.886464473566654, 52.37862762768524 ], [ -2.888411472333856, 52.385167661635506 ], [ -2.863735548232848, 52.388698145559424 ], [ -2.854908441487753, 52.395501695721215 ], [ -2.840728733892755, 52.392326451067603 ], [ -2.818806018622304, 52.391244755789479 ], [ -2.809101019483782, 52.383867720436598 ], [ -2.807356086063855, 52.375859069517858 ], [ -2.79422558088856, 52.370627166091978 ], [ -2.795456109782487, 52.35927381602599 ], [ -2.786501932645116, 52.357553364069481 ], [ -2.743832359695702, 52.359417243355374 ], [ -2.72326733199386, 52.363985540759622 ], [ -2.703341219339304, 52.362558674703763 ], [ -2.712214182663972, 52.35101296791116 ], [ -2.732733673556949, 52.355512077997354 ], [ -2.737811285148909, 52.343238357613728 ], [ -2.749540685287524, 52.33480791121 ], [ -2.737211890895029, 52.319481130938229 ], [ -2.724699241497904, 52.319802025493296 ], [ -2.719188751428833, 52.312551920930197 ], [ -2.707526521324825, 52.310026122495564 ], [ -2.689270120411054, 52.316189537192194 ], [ -2.67597412639925, 52.334740442618582 ], [ -2.665178201605359, 52.342279121150078 ], [ -2.636835084312638, 52.324475360637621 ], [ -2.623916583664485, 52.321368381087225 ], [ -2.627895736027987, 52.313704901538074 ], [ -2.618087948706023, 52.306948017510287 ] ] ] } },
{ "type": "Feature", "properties": { "hcs_name": "Somerset", "abbr": "Somer", "hcs_county": "Somerset", "hcs_number": 78, "hcs_code": "SMS", "county": "Somerset", "region": "South West England" }, "geometry": { "type": "Polygon", "coordinates": [ [ [ -3.053984581341282, 50.873019121230321 ], [ -3.035156652674295, 50.87703431444055 ], [ -3.014717930864821, 50.874197661184894 ], [ -2.993821764838499, 50.877546664519038 ], [ -2.979300893281827, 50.862954729032317 ], [ -2.964265561092934, 50.857055266395506 ], [ -2.972537454701826, 50.8461601131253 ], [ -2.969833113962807, 50.834204369308956 ], [ -2.95455033136669, 50.821337940758831 ], [ -2.947375491925736, 50.823706047183101 ], [ -2.944147984419668, 50.834293307768142 ], [ -2.932387940521479, 50.841026887018025 ], [ -2.925185746348171, 50.83947997269879 ], [ -2.903192579667141, 50.843752310328576 ], [ -2.886069050103449, 50.850543563107017 ], [ -2.872934383781931, 50.848449934511493 ], [ -2.869430517782685, 50.838430973142998 ], [ -2.85615732067688, 50.832208774106427 ], [ -2.838729624210448, 50.838169247675197 ], [ -2.844564356997737, 50.852482157991957 ], [ -2.831883172533697, 50.853277394181582 ], [ -2.818000148290096, 50.848312706875923 ], [ -2.793608473417582, 50.845417694050489 ], [ -2.782308738233527, 50.859719278300346 ], [ -2.723050403892196, 50.866229396646276 ], [ -2.714533908439601, 50.863942402691507 ], [ -2.695913691795241, 50.875927030793093 ], [ -2.67897272590687, 50.877499682574388 ], [ -2.66117576038855, 50.886571737791279 ], [ -2.63104165477901, 50.885797176756256 ], [ -2.617542528090152, 50.881052676286835 ], [ -2.609466347852641, 50.890852818046817 ], [ -2.62396676608232, 50.908096375709057 ], [ -2.617475985789613, 50.912279072615597 ], [ -2.61192526066962, 50.930047084375552 ], [ -2.611749561411424, 50.940140103656262 ], [ -2.599138987073286, 50.947717420419757 ], [ -2.598020839491556, 50.960680947188649 ], [ -2.582375079137132, 50.958552726974766 ], [ -2.559810015591586, 50.96266770336932 ], [ -2.543124172330299, 50.972334672050685 ], [ -2.52853378742836, 50.974993161839251 ], [ -2.492230603865895, 50.974808713730589 ], [ -2.476254677016834, 50.961196535084788 ], [ -2.47286494348895, 50.950364175049891 ], [ -2.46059024636661, 50.947316691275461 ], [ -2.443624462697609, 50.958389500268758 ], [ -2.447170735425344, 50.967722573570811 ], [ -2.428046665985763, 50.971410639628914 ], [ -2.41489183366563, 50.96057844477221 ], [ -2.398139904210986, 50.967999408707648 ], [ -2.344918362487526, 50.980322974891337 ], [ -2.356849203893623, 50.99136737773015 ], [ -2.376968012029576, 50.990795999019902 ], [ -2.381291225125575, 51.004364752244989 ], [ -2.360661381967533, 51.025140784905858 ], [ -2.330095512993892, 51.041188775589717 ], [ -2.333185032424958, 51.051386716988752 ], [ -2.349690536433874, 51.061750447058962 ], [ -2.347086973160016, 51.072727406917537 ], [ -2.325856278557352, 51.079681768480967 ], [ -2.33238073407405, 51.088162841460253 ], [ -2.321446325886579, 51.09164393526023 ], [ -2.32750858256805, 51.104041306813315 ], [ -2.359718339380669, 51.106600724905469 ], [ -2.36349766635592, 51.113905454449714 ], [ -2.345334545504054, 51.120167169629241 ], [ -2.282692163045583, 51.11412395023482 ], [ -2.267626496962206, 51.121910856671683 ], [ -2.279237893597544, 51.131327080101869 ], [ -2.290136808984072, 51.14767064925536 ], [ -2.304134815570934, 51.152175481825253 ], [ -2.314912977287973, 51.160755246901232 ], [ -2.31114280643746, 51.167265706243988 ], [ -2.281332696467329, 51.197446668284321 ], [ -2.266684161208184, 51.2164816910662 ], [ -2.268095684951575, 51.224012856500075 ], [ -2.260909078744322, 51.239001782921491 ], [ -2.245208885746905, 51.254005932485875 ], [ -2.245112748082243, 51.272237452852835 ], [ -2.253452537732887, 51.289827288171239 ], [ -2.281123299547263, 51.298312843905002 ], [ -2.276140172109567, 51.318746598244871 ], [ -2.284818006158778, 51.31779744754801 ], [ -2.287260012772377, 51.328389643241046 ], [ -2.300194207207853, 51.332267006491641 ], [ -2.321046957166633, 51.347090091673508 ], [ -2.344059642806036, 51.346289136278678 ], [ -2.323203864380682, 51.356550834522984 ], [ -2.299974316605454, 51.362134078854851 ], [ -2.290257450236565, 51.372593841796871 ], [ -2.297396837261828, 51.384656186180877 ], [ -2.296706010127075, 51.394821883499311 ], [ -2.284371233846609, 51.397800621481267 ], [ -2.290795419373693, 51.405726165238846 ], [ -2.278531684220567, 51.415907213204775 ], [ -2.294645867928268, 51.428802733245575 ], [ -2.31414456997086, 51.429159362659149 ], [ -2.325029088819951, 51.437040598374509 ], [ -2.341427728323802, 51.439248405799056 ], [ -2.377303719681488, 51.432908193163343 ], [ -2.403116004182403, 51.431635262571938 ], [ -2.409943674416445, 51.426521208950923 ], [ -2.445481972606365, 51.422151511968892 ], [ -2.469087902172548, 51.415913819872358 ], [ -2.488419753824824, 51.42652476956976 ], [ -2.521337437351873, 51.431465000970007 ], [ -2.526872104728051, 51.443547842894624 ], [ -2.543245734247998, 51.455630535703698 ], [ -2.560975817294363, 51.445102801523177 ], [ -2.577442566865791, 51.444838860935597 ], [ -2.579428477047547, 51.451021041069176 ], [ -2.623870480034352, 51.447077201294789 ], [ -2.633537537121641, 51.467195952531995 ], [ -2.644579135121233, 51.470386247602015 ], [ -2.66072189068348, 51.486996616459962 ], [ -2.67496271691456, 51.480093104268562 ], [ -2.69311781592253, 51.489132224374799 ], [ -2.723188089804176, 51.501577033360505 ], [ -2.733921625775118, 51.494194594197488 ], [ -2.752513610238801, 51.492990231231424 ], [ -2.771813296181249, 51.494802908633538 ], [ -2.783775583490244, 51.487141074115286 ], [ -2.799855962235755, 51.485194918064664 ], [ -2.829907792879714, 51.465471877986289 ], [ -2.850766606759266, 51.454355104698294 ], [ -2.866747298463319, 51.436661881171631 ], [ -2.878855484028294, 51.432075924491713 ], [ -2.887256061391712, 51.415530750065074 ], [ -2.895827499063186, 51.406634024179191 ], [ -2.913956938799601, 51.395305301886815 ], [ -2.931569155783705, 51.394381635796144 ], [ -2.940193271929793, 51.39812996759477 ], [ -2.971656965128838, 51.386197263669175 ], [ -2.962442414267042, 51.382281428540686 ], [ -2.964857763788374, 51.366172483818424 ], [ -2.994224942491534, 51.356982795727575 ], [ -2.982802265607628, 51.349589050005456 ], [ -2.992433328218781, 51.320378270324589 ], [ -3.002969486959418, 51.325127520856576 ], [ -3.011226603216547, 51.320322108029529 ], [ -3.011578950239636, 51.30765180407203 ], [ -3.021433066367384, 51.264970704233228 ], [ -2.999278344451203, 51.238653162058966 ], [ -3.003125399250187, 51.221637085923888 ], [ -3.02445929495734, 51.212214474475971 ], [ -3.032386151948752, 51.217485808109885 ], [ -3.059291157358063, 51.203745961868776 ], [ -3.076108154747337, 51.201311606460251 ], [ -3.100780781723519, 51.208387247436185 ], [ -3.114200758763965, 51.206994360458424 ], [ -3.125735032710474, 51.210899459091209 ], [ -3.156197408194893, 51.208192843681879 ], [ -3.164694943417073, 51.202542281638493 ], [ -3.180943432458454, 51.199744926860205 ], [ -3.202080061726273, 51.201407595566955 ], [ -3.21623425814479, 51.194336992655238 ], [ -3.2559339796463, 51.187773190018802 ], [ -3.275881120638772, 51.179794473298763 ], [ -3.296571534821779, 51.182216159099731 ], [ -3.307265481179202, 51.179775304011223 ], [ -3.336401068609942, 51.183312125721663 ], [ -3.352624212776316, 51.181576580256305 ], [ -3.372728183516898, 51.184839791972067 ], [ -3.407970182047526, 51.183011862204367 ], [ -3.432573170467517, 51.19569632454504 ], [ -3.447967960043803, 51.208955033842699 ], [ -3.472880382732915, 51.209309998070438 ], [ -3.478650660105195, 51.216791480416511 ], [ -3.533512819687914, 51.230638577327845 ], [ -3.55505530628628, 51.233258370962147 ], [ -3.578699054258109, 51.232131282101491 ], [ -3.592391499616048, 51.222636161264141 ], [ -3.624319422523198, 51.217579728626141 ], [ -3.640862481440404, 51.222894952486669 ], [ -3.720786304314694, 51.233075959541821 ], [ -3.733159927248013, 51.222734013645891 ], [ -3.726232513621382, 51.199179178973303 ], [ -3.73205748363691, 51.190884597537952 ], [ -3.723859013295273, 51.180685646233059 ], [ -3.746140904585491, 51.175570808435332 ], [ -3.757675997101408, 51.177254100264037 ], [ -3.782420262313318, 51.172230608787437 ], [ -3.817583809469018, 51.178508303421211 ], [ -3.839803468038916, 51.176656424540504 ], [ -3.834533470344005, 51.138430680283825 ], [ -3.816363842532094, 51.122630844626272 ], [ -3.80434255222513, 51.115733945822477 ], [ -3.777394986401344, 51.107048265805815 ], [ -3.767272489368999, 51.105786025536574 ], [ -3.738578952441963, 51.088679682120819 ], [ -3.719994392412836, 51.080841100412968 ], [ -3.692401677076305, 51.080546977680861 ], [ -3.679972923293835, 51.072603107581699 ], [ -3.65030387412799, 51.06412804346094 ], [ -3.638022756214266, 51.056584507001453 ], [ -3.624306560012688, 51.06123867966641 ], [ -3.599828144523114, 51.051680748696711 ], [ -3.598122833828547, 51.037031074069162 ], [ -3.61077074703428, 51.024516829296559 ], [ -3.614605746044558, 51.012822395727078 ], [ -3.609766025133359, 51.008030787986591 ], [ -3.572614773117501, 51.004815624080074 ], [ -3.527824014880227, 51.005455910472307 ], [ -3.518945580031201, 51.014739245046961 ], [ -3.519919390754997, 51.02549367476005 ], [ -3.484417765920792, 51.03384970238497 ], [ -3.463685042675495, 51.025264356860603 ], [ -3.436780886890443, 51.030325373030408 ], [ -3.421364517661875, 51.030811275179261 ], [ -3.41412623095803, 51.019687763368509 ], [ -3.380533760994183, 51.0185250627394 ], [ -3.38341639152124, 50.994292941806272 ], [ -3.378650082610966, 50.977540761379032 ], [ -3.360376155331562, 50.978009274956932 ], [ -3.333311695304055, 50.982616706903499 ], [ -3.317546985793463, 50.970424395974163 ], [ -3.285428321875834, 50.953994962165368 ], [ -3.254956757976199, 50.941917894039442 ], [ -3.232438890507487, 50.944151838299405 ], [ -3.218349861439556, 50.943247310500873 ], [ -3.189241062334722, 50.948534624686069 ], [ -3.163967663568039, 50.947906873940731 ], [ -3.140177352999783, 50.937150046133858 ], [ -3.121714935187049, 50.935370190020294 ], [ -3.102699646387857, 50.916993572335869 ], [ -3.103390445362646, 50.904134651871082 ], [ -3.078083274471822, 50.905431315824607 ], [ -3.053100249314527, 50.908737598564784 ], [ -3.052249093301866, 50.884935861168877 ], [ -3.053984581341282, 50.873019121230321 ] ] ] } },
{ "type": "Feature", "properties": { "hcs_name": "Staffordshire", "abbr": "Staffs", "hcs_county": "Stafford", "hcs_number": 79, "hcs_code": "STF", "county": "Staffordshire", "region": "West Midlands" }, "geometry": { "type": "Polygon", "coordinates": [ [ [ -1.616920159197497, 52.708713821304585 ], [ -1.624519457292926, 52.700770370315233 ], [ -1.654329459315061, 52.699937975603106 ], [ -1.659358734546809, 52.714076966022333 ], [ -1.688850901242808, 52.706891804065229 ], [ -1.707687971221926, 52.711984368721048 ], [ -1.715877122915778, 52.727090584427359 ], [ -1.700407489814902, 52.73383542830608 ], [ -1.707608323771945, 52.744824719850975 ], [ -1.703546293895244, 52.751317290908737 ], [ -1.687350175523568, 52.757747413664958 ], [ -1.682495209239965, 52.769849688820337 ], [ -1.670000709673915, 52.773805329233056 ], [ -1.665789716580448, 52.7853895686805 ], [ -1.648510158938493, 52.779772895582553 ], [ -1.624851179371272, 52.795610969584864 ], [ -1.625429304848549, 52.80043837481265 ], [ -1.610449390554041, 52.815306186845504 ], [ -1.598717028249996, 52.831615602051002 ], [ -1.606814278391248, 52.833976770522291 ], [ -1.619023886406187, 52.845980068700307 ], [ -1.629436250412483, 52.847311293296833 ], [ -1.637428130137497, 52.855785485355469 ], [ -1.654087179691981, 52.852819694491508 ], [ -1.670494508427129, 52.861203538112541 ], [ -1.690328889242113, 52.865301930850052 ], [ -1.715879298023416, 52.864688314676869 ], [ -1.744598675492922, 52.86910549694462 ], [ -1.760326195925786, 52.8789416987143 ], [ -1.791231180019667, 52.880553751863431 ], [ -1.798069822968912, 52.885141907432192 ], [ -1.810440740552778, 52.880797419437179 ], [ -1.832467336154785, 52.886855015145187 ], [ -1.852019211852302, 52.925423913154802 ], [ -1.853079099779689, 52.935332169915917 ], [ -1.84101226308787, 52.940134562207149 ], [ -1.823499244579986, 52.940951884658617 ], [ -1.828761639709223, 52.948063880004447 ], [ -1.818858826511975, 52.95509656929336 ], [ -1.820553422102446, 52.962629131525567 ], [ -1.830207215858224, 52.971410298044418 ], [ -1.820354890117032, 52.979560821434639 ], [ -1.806589212056147, 52.980244410647572 ], [ -1.78460550517643, 52.994689438566589 ], [ -1.759044876627387, 53.001150323268782 ], [ -1.766249717663264, 53.007381647969083 ], [ -1.757783036057661, 53.017587099183743 ], [ -1.760056390612178, 53.038912234113305 ], [ -1.778796755088623, 53.043052845383173 ], [ -1.784442592648183, 53.053349965732963 ], [ -1.783088569011467, 53.061397891409598 ], [ -1.794131932000315, 53.088273853114892 ], [ -1.783049299150728, 53.093099092655201 ], [ -1.7878651055942, 53.109177577531433 ], [ -1.80022302048939, 53.114633500307313 ], [ -1.809491231026122, 53.123744995230851 ], [ -1.811639199795778, 53.13182218350056 ], [ -1.822139235815618, 53.138061066274375 ], [ -1.816244973313766, 53.158763481955553 ], [ -1.852641644702112, 53.183934536740352 ], [ -1.875502247306427, 53.195434493150387 ], [ -1.8891654723127, 53.199051625179571 ], [ -1.909479910940054, 53.198825782119286 ], [ -1.938324051221791, 53.211965249670641 ], [ -1.956712036484625, 53.213743246243446 ], [ -1.962378287432308, 53.226195173982006 ], [ -1.987373651398142, 53.213616577181519 ], [ -2.001757884686675, 53.192953044289013 ], [ -2.016379674885886, 53.189287110833753 ], [ -2.028834224050936, 53.193392468394663 ], [ -2.047393278646733, 53.192287257339181 ], [ -2.071113907679123, 53.171968252490053 ], [ -2.101463682448074, 53.168958418841598 ], [ -2.11543965117401, 53.169538386339923 ], [ -2.140269119889312, 53.183879195378942 ], [ -2.14430399478702, 53.176897488414021 ], [ -2.14141971355076, 53.156612108155066 ], [ -2.150920495931536, 53.159536308726288 ], [ -2.173892494486373, 53.146835249872332 ], [ -2.217117768802409, 53.10975964303978 ], [ -2.234712335075771, 53.10338671350258 ], [ -2.252383580430263, 53.086647524948319 ], [ -2.257865177867944, 53.089976976297287 ], [ -2.277056090315848, 53.085934353108527 ], [ -2.294595689771161, 53.078214268250683 ], [ -2.303404895283334, 53.082990869766654 ], [ -2.318053476618407, 53.081403428180039 ], [ -2.348712258656431, 53.055824335787015 ], [ -2.362131616267429, 53.060442787321222 ], [ -2.374895142803941, 53.056810446420329 ], [ -2.383826329504219, 53.041027164575283 ], [ -2.384028919823121, 53.031788883226511 ], [ -2.365667825645169, 53.016861053083709 ], [ -2.383035993810452, 53.007677919692469 ], [ -2.380763085563663, 52.998369443885629 ], [ -2.379818081286071, 52.991481562412758 ], [ -2.368695474777395, 52.979324243881265 ], [ -2.382702177458023, 52.970619802242439 ], [ -2.377525058101987, 52.964458009068416 ], [ -2.386164311346305, 52.953257480058454 ], [ -2.409320610515262, 52.962560868388415 ], [ -2.404855508348609, 52.948305555510075 ], [ -2.42509142905632, 52.950006347975979 ], [ -2.436687215579979, 52.943875795190642 ], [ -2.455684206949753, 52.915587442477822 ], [ -2.470815113546951, 52.901449232059626 ], [ -2.482431203747926, 52.900747365190469 ], [ -2.495835200174106, 52.892338891032878 ], [ -2.471630668102363, 52.883114992628904 ], [ -2.451466898782762, 52.878186082192109 ], [ -2.425943081810653, 52.882015832201461 ], [ -2.411875707085706, 52.887914945032477 ], [ -2.384954943944552, 52.888596790805792 ], [ -2.381122855583825, 52.880125789580909 ], [ -2.381962990857108, 52.865865769576146 ], [ -2.387946472522581, 52.862738707162016 ], [ -2.396524097460389, 52.833912087836744 ], [ -2.407655438209728, 52.83457123083835 ], [ -2.416250514725687, 52.827110794605389 ], [ -2.377640785139406, 52.811646766280745 ], [ -2.370954128625747, 52.800287198226911 ], [ -2.373141548551114, 52.793959778721096 ], [ -2.385036256256828, 52.789663897377835 ], [ -2.350010162394601, 52.766192171846228 ], [ -2.330141705565554, 52.757970989152113 ], [ -2.312215274140281, 52.740729009939933 ], [ -2.31956773405391, 52.730663921551837 ], [ -2.353263839563895, 52.730938535468042 ], [ -2.358907793253481, 52.717857918233705 ], [ -2.361767709482967, 52.699366068474816 ], [ -2.342111463378715, 52.696098021397255 ], [ -2.313620708614377, 52.69543077156554 ], [ -2.303031863859233, 52.682962409586025 ], [ -2.273633340702874, 52.679772097405774 ], [ -2.264127861405604, 52.682778535709318 ], [ -2.243709910781118, 52.679936770552096 ], [ -2.232843507259361, 52.647702328527778 ], [ -2.236926789698187, 52.636017507855115 ], [ -2.246231860509151, 52.628047995151441 ], [ -2.255777678615871, 52.609909992119398 ], [ -2.279117947263401, 52.605878901606538 ], [ -2.309644196091595, 52.60739341022569 ], [ -2.323658, 52.613125 ], [ -2.325466353525722, 52.600109627429447 ], [ -2.322015780235944, 52.593629438460304 ], [ -2.281032890305738, 52.584262528453358 ], [ -2.26322084639468, 52.570669682390999 ], [ -2.261981652071547, 52.56272363479443 ], [ -2.278695847610552, 52.554224303063727 ], [ -2.265164280039226, 52.549018662462487 ], [ -2.240707554832696, 52.530820815869767 ], [ -2.291271925053878, 52.511726156954595 ], [ -2.307774297580659, 52.498375804273294 ], [ -2.31273936717115, 52.489159365848373 ], [ -2.295712952409154, 52.473917599136882 ], [ -2.287309625077913, 52.455332357369514 ], [ -2.306197145597441, 52.445894833653313 ], [ -2.310086544586644, 52.437888121895867 ], [ -2.333083244632555, 52.435318542724112 ], [ -2.346986087879898, 52.439184764178201 ], [ -2.363555459317462, 52.439458059360717 ], [ -2.36644958039365, 52.423097445818144 ], [ -2.365799305047959, 52.40845263641819 ], [ -2.372948320621271, 52.401940166780669 ], [ -2.347383062627818, 52.393692952198499 ], [ -2.331999936711604, 52.398797711075709 ], [ -2.332770044266381, 52.404474014845128 ], [ -2.346697541650252, 52.408077135093905 ], [ -2.342214742375757, 52.415413347092674 ], [ -2.296668004087192, 52.424370294651375 ], [ -2.289098424797596, 52.433869185789803 ], [ -2.289219325313566, 52.443708539629775 ], [ -2.26147179741595, 52.437273308848745 ], [ -2.244350909182838, 52.437428302164228 ], [ -2.216655526636106, 52.43455160042614 ], [ -2.192919051717593, 52.42328611686294 ], [ -2.185878395003727, 52.426224401812533 ], [ -2.164171433859093, 52.423954746424762 ], [ -2.176413906635256, 52.455801354032737 ], [ -2.167507292595817, 52.471544833448618 ], [ -2.148144078907345, 52.460972742402213 ], [ -2.108410605039284, 52.461551952569003 ], [ -2.099079894742973, 52.468549628045551 ], [ -2.089613739429782, 52.46793731965262 ], [ -2.072016023564184, 52.460655345621689 ], [ -2.055353519763286, 52.462620483718354 ], [ -2.031677737071302, 52.480394622871628 ], [ -2.027517989568349, 52.489094468961184 ], [ -2.041658, 52.499279 ], [ -2.020725914315563, 52.511475814039414 ], [ -1.999565268494087, 52.506798212829551 ], [ -1.985669406732564, 52.48885135147993 ], [ -1.975440098996302, 52.482571348862088 ], [ -1.973586532486726, 52.469524709147755 ], [ -1.982397581112896, 52.461351645544092 ], [ -1.979065263515497, 52.448532758993501 ], [ -1.945297615641838, 52.446520235183677 ], [ -1.944607810792056, 52.463266810391858 ], [ -1.959772415014807, 52.469240616891803 ], [ -1.969315770879065, 52.477398343243351 ], [ -1.952701300520462, 52.483231110173797 ], [ -1.943818705186984, 52.498766252357086 ], [ -1.89511935832105, 52.505793873930173 ], [ -1.879991811437302, 52.517197189667293 ], [ -1.890583806790855, 52.53059863322062 ], [ -1.874667444611883, 52.535940493809001 ], [ -1.856632500386846, 52.546164019382914 ], [ -1.878031238445765, 52.564675910314797 ], [ -1.875831149725168, 52.580714352655008 ], [ -1.853968755386003, 52.595476614302974 ], [ -1.848375954278868, 52.604848693081394 ], [ -1.819147570351145, 52.609180608647463 ], [ -1.794928319036247, 52.599310607849304 ], [ -1.788035435077952, 52.587884559522429 ], [ -1.774771816103802, 52.592281972041135 ], [ -1.768246197830686, 52.589122692576517 ], [ -1.741104539907099, 52.594278612165134 ], [ -1.737481084600046, 52.588961453152976 ], [ -1.703937453390024, 52.587580117157962 ], [ -1.695099206260642, 52.598765016502355 ], [ -1.690694312612206, 52.614305043407548 ], [ -1.696352975369952, 52.624724307367146 ], [ -1.693910597908779, 52.640786963671182 ], [ -1.681368222958009, 52.64873537756629 ], [ -1.663302016429572, 52.652145904310203 ], [ -1.627997508437859, 52.663484077029096 ], [ -1.589520324827706, 52.687285207796577 ], [ -1.586556406454238, 52.694746334083469 ], [ -1.616920159197497, 52.708713821304585 ] ] ] } },
{ "type": "Feature", "properties": { "hcs_name": "Stirlingshire", "abbr": "Stirl", "hcs_county": "Stirling", "hcs_number": 80, "hcs_code": "STL", "county": "Stirlingshire", "region": "Scotland" }, "geometry": { "type": "Polygon", "coordinates": [ [ [ -4.293804648202377, 55.911626809086322 ], [ -4.269795731791023, 55.918868665997707 ], [ -4.25830018387577, 55.925487013611757 ], [ -4.231776525351426, 55.927421166286834 ], [ -4.211126704689542, 55.936330913518631 ], [ -4.176835083876431, 55.939547845021117 ], [ -4.077009494264345, 55.965544251713681 ], [ -4.035337731937005, 55.970758564329543 ], [ -3.964835153395174, 55.987073854763757 ], [ -3.943280565385523, 55.980508570528812 ], [ -3.949730762123589, 55.971434715938727 ], [ -3.935679012141243, 55.962272499191052 ], [ -3.924241653453464, 55.964829406163325 ], [ -3.911721432852275, 55.959521288581229 ], [ -3.867801947415536, 55.962592480955266 ], [ -3.868942228555942, 55.953695591449268 ], [ -3.880930589734802, 55.95226157234621 ], [ -3.898603984335805, 55.943430171959697 ], [ -3.898147005111889, 55.936771228653242 ], [ -3.892078532819713, 55.937651267283584 ], [ -3.876777327557445, 55.923317066886781 ], [ -3.843100504488277, 55.912871353171091 ], [ -3.828539775632138, 55.911377581778787 ], [ -3.814274704473588, 55.904876823588133 ], [ -3.822554668939001, 55.896478712094734 ], [ -3.782188206618626, 55.901630953817353 ], [ -3.767753138921413, 55.908042138075494 ], [ -3.750541541900709, 55.925142446704115 ], [ -3.729814325668349, 55.936040124131857 ], [ -3.708889295185819, 55.933986170477468 ], [ -3.676959475675897, 55.942547820515678 ], [ -3.664631019729671, 55.960172845242035 ], [ -3.656160687978827, 55.958680692626274 ], [ -3.648980494930202, 55.96923091773084 ], [ -3.631639204730407, 55.973962192508253 ], [ -3.628517345934419, 55.986339752370142 ], [ -3.661223591177073, 55.989527840532553 ], [ -3.68991059312255, 56.004923945784554 ], [ -3.678161074785498, 56.006716305467521 ], [ -3.671662012619402, 56.016803582539069 ], [ -3.683949017950504, 56.036146239913023 ], [ -3.695379365867816, 56.035297738807309 ], [ -3.703390508888075, 56.026762563646386 ], [ -3.717063160900246, 56.026432322243338 ], [ -3.728353628883121, 56.032255161579478 ], [ -3.727822999938438, 56.047759225615337 ], [ -3.73359613213874, 56.064553564565998 ], [ -3.758233818998031, 56.072427728910135 ], [ -3.772343699411101, 56.079955891354615 ], [ -3.790391315798761, 56.09377520949738 ], [ -3.798896345778466, 56.103993396877513 ], [ -3.819910381969548, 56.09917805100784 ], [ -3.83335034886631, 56.099045185633642 ], [ -3.841403606846309, 56.106583232556083 ], [ -3.839178984781339, 56.115950477034509 ], [ -3.85368610345313, 56.118661124901173 ], [ -3.855452425126694, 56.109541466795932 ], [ -3.866412709373644, 56.105920890169124 ], [ -3.875631426066752, 56.118806129901465 ], [ -3.887209225070875, 56.129020389060948 ], [ -3.893772529962634, 56.127621807663672 ], [ -3.924913383364971, 56.128284632267082 ], [ -3.919157692470882, 56.142302098597241 ], [ -3.90820736891263, 56.151287591148581 ], [ -3.921422835345532, 56.165449671091288 ], [ -3.947537201529186, 56.167566000245245 ], [ -3.956330167592963, 56.158925212492349 ], [ -3.96939314272704, 56.155936136732791 ], [ -3.983443637884506, 56.143233467585539 ], [ -3.977971132382956, 56.132546736590548 ], [ -3.98485354128344, 56.120778943969157 ], [ -4.016993553941531, 56.122615642532622 ], [ -4.020913788437565, 56.130445824564987 ], [ -4.034211830669432, 56.125892332887815 ], [ -4.050659526667292, 56.129052352270122 ], [ -4.048975462541337, 56.13762756404244 ], [ -4.073355620506957, 56.134305546019874 ], [ -4.097195150201687, 56.144543059661402 ], [ -4.112537840572054, 56.141021317669512 ], [ -4.128520325759896, 56.148489851459829 ], [ -4.159337941047988, 56.137809726932467 ], [ -4.161398314217059, 56.144859161032009 ], [ -4.196598301743643, 56.143383437907339 ], [ -4.203351173931386, 56.130069649148133 ], [ -4.202568475164345, 56.117775657028325 ], [ -4.209755322572986, 56.10756802849231 ], [ -4.201244003359712, 56.09633473695888 ], [ -4.224396914116774, 56.089469372682494 ], [ -4.238415174008096, 56.098069035971513 ], [ -4.25873927971265, 56.093619893131603 ], [ -4.255235440440494, 56.120522716558099 ], [ -4.247262979613836, 56.125583045283221 ], [ -4.261312789995042, 56.139561571414802 ], [ -4.270543640391732, 56.136273856182243 ], [ -4.285733981544579, 56.138746690664512 ], [ -4.289529000613364, 56.14571854532327 ], [ -4.332612387479664, 56.14120766380816 ], [ -4.34933976294416, 56.136174494772881 ], [ -4.375062019938722, 56.136467032191341 ], [ -4.403090200831383, 56.153168168295721 ], [ -4.419976484464248, 56.150852233420125 ], [ -4.429392189478367, 56.169204320929694 ], [ -4.446587654330457, 56.168424541321734 ], [ -4.478142779321266, 56.16128148852976 ], [ -4.492045701477116, 56.161320469884913 ], [ -4.521003109892636, 56.174074274501088 ], [ -4.533599034116149, 56.171716769710493 ], [ -4.543615169605312, 56.179733138671111 ], [ -4.53947330149517, 56.189004203696562 ], [ -4.549594297681064, 56.197508214245069 ], [ -4.575053994357483, 56.208856415045744 ], [ -4.604451810423607, 56.227258820235193 ], [ -4.587133727551245, 56.240592482223619 ], [ -4.589996374021712, 56.252498087323652 ], [ -4.562865758228837, 56.256690964999571 ], [ -4.594738449001106, 56.278732956035981 ], [ -4.624091222653416, 56.289433291103215 ], [ -4.642923083760311, 56.293403371335174 ], [ -4.670828243566614, 56.302735481196557 ], [ -4.682048367862749, 56.297885582258608 ], [ -4.678359412188989, 56.288984476018712 ], [ -4.660719709320005, 56.285293496257047 ], [ -4.679773883486793, 56.27701177130799 ], [ -4.697200644061231, 56.274222511327935 ], [ -4.701357803559807, 56.254436662969617 ], [ -4.68589084374404, 56.220213398281437 ], [ -4.686440709129998, 56.211590859015445 ], [ -4.69536823126812, 56.202947370743345 ], [ -4.688693924774627, 56.189385786788399 ], [ -4.674478575936248, 56.176075758318163 ], [ -4.656235709981427, 56.165590993398098 ], [ -4.657613865658485, 56.15806772005552 ], [ -4.641858527594919, 56.124624283815187 ], [ -4.631840092626083, 56.118317674240608 ], [ -4.594406512572598, 56.114011113069779 ], [ -4.589141862836598, 56.107169896473508 ], [ -4.604412596584989, 56.09049874822059 ], [ -4.592541352785135, 56.075433149682823 ], [ -4.558396655588044, 56.071225249252748 ], [ -4.532761394501319, 56.073452656434029 ], [ -4.513163534614632, 56.065099376551522 ], [ -4.500377793768236, 56.065072486375065 ], [ -4.481078646838569, 56.059239255088094 ], [ -4.465534163545656, 56.059341187165131 ], [ -4.435086056983063, 56.047088688603246 ], [ -4.446191127961694, 56.040944078206188 ], [ -4.464439615601678, 56.040135000411254 ], [ -4.488180681309014, 56.02947610484398 ], [ -4.478977535567427, 56.019246955993545 ], [ -4.482314257785963, 56.011428779074443 ], [ -4.469720627986894, 56.001965941661282 ], [ -4.448708850314892, 56.004506334907369 ], [ -4.430354347280231, 55.979029885212348 ], [ -4.414037680579945, 55.971347164135075 ], [ -4.399510968555767, 55.971991507464509 ], [ -4.394403968882946, 55.978102454383652 ], [ -4.374685981164896, 55.981020867527867 ], [ -4.351451601843682, 55.971537438171858 ], [ -4.330729265865245, 55.95631160385755 ], [ -4.336536374874231, 55.939363429061125 ], [ -4.32152068168358, 55.931268246307695 ], [ -4.310503389803702, 55.932597783908477 ], [ -4.306875905671628, 55.911771711819611 ], [ -4.293804648202377, 55.911626809086322 ] ] ] } },
{ "type": "Feature", "properties": { "hcs_name": "Suffolk", "abbr": "Suff", "hcs_county": "Suffolk", "hcs_number": 81, "hcs_code": "SFF", "county": "Suffolk", "region": "East of England" }, "geometry": { "type": "Polygon", "coordinates": [ [ [ 1.732613666686698, 52.569525765045277 ], [ 1.73175750360722, 52.580489600874337 ], [ 1.724675910656888, 52.604536512036915 ], [ 1.710882369840404, 52.611974275490432 ], [ 1.652831764361748, 52.596568935248392 ], [ 1.646661653690567, 52.58729595035625 ], [ 1.649920345650671, 52.578936101676184 ], [ 1.633934504286379, 52.572284689256762 ], [ 1.633070452788712, 52.560866987829719 ], [ 1.620344064574497, 52.551744738558341 ], [ 1.607382262921176, 52.548223840713881 ], [ 1.608301460383737, 52.540880903851139 ], [ 1.621002831777689, 52.53978872636408 ], [ 1.62036486638876, 52.533049259389266 ], [ 1.629751400549432, 52.521552423393906 ], [ 1.647240815556757, 52.513676933181287 ], [ 1.654726128700319, 52.501236515591216 ], [ 1.6692765904006, 52.503809481470597 ], [ 1.681786841673929, 52.495863307905672 ], [ 1.681961013833658, 52.490062519902068 ], [ 1.658747144708679, 52.468356418867891 ], [ 1.645457727695321, 52.471712384207983 ], [ 1.63508417818391, 52.463208188200959 ], [ 1.625314445297183, 52.462451355478557 ], [ 1.606704135998487, 52.466811984896893 ], [ 1.603828430150106, 52.471678442561981 ], [ 1.587599764679128, 52.478612834764 ], [ 1.568225156553084, 52.474728775455418 ], [ 1.562750092634052, 52.46180485579189 ], [ 1.552255634569346, 52.459186146662923 ], [ 1.528504315288838, 52.468430255616767 ], [ 1.519198453461491, 52.461924064881089 ], [ 1.506834028324189, 52.462447438071024 ], [ 1.483407619580596, 52.471758181203789 ], [ 1.464534496622581, 52.464644376057841 ], [ 1.458672418227356, 52.458083478481846 ], [ 1.440313128382156, 52.457007502990621 ], [ 1.424888944545542, 52.470992321812851 ], [ 1.410818519577404, 52.462137463536415 ], [ 1.433340879780388, 52.455894454118635 ], [ 1.42990860268949, 52.445158850515341 ], [ 1.407983882704078, 52.444422311668419 ], [ 1.385823636004284, 52.432020903498163 ], [ 1.372718838012114, 52.430456293383301 ], [ 1.357744607988391, 52.424161856861197 ], [ 1.360824474859944, 52.412907584024062 ], [ 1.352433236502313, 52.410646207232595 ], [ 1.322096000662348, 52.38895124269915 ], [ 1.301675750910629, 52.391626617657622 ], [ 1.286620204337585, 52.390780966487959 ], [ 1.260185689442882, 52.371180841355418 ], [ 1.245251979573827, 52.365352915874247 ], [ 1.232890899431753, 52.36478403073076 ], [ 1.215037728255015, 52.355703756788515 ], [ 1.191085015869016, 52.361864653704835 ], [ 1.182534699254319, 52.35874318048733 ], [ 1.155518154438177, 52.361495890944816 ], [ 1.111729496263414, 52.371663472774379 ], [ 1.075622906962649, 52.373041719773546 ], [ 1.067947753147445, 52.378544539728772 ], [ 1.007674760282596, 52.375904561825351 ], [ 0.9982497478573, 52.371594230647368 ], [ 0.980234374440482, 52.369532210124611 ], [ 0.956777893834918, 52.371929583260595 ], [ 0.94227134434711, 52.378887955258492 ], [ 0.936391085733202, 52.386639064899576 ], [ 0.923595041365231, 52.389310368654982 ], [ 0.907791448232295, 52.386264831525317 ], [ 0.880925756823604, 52.391763135334358 ], [ 0.865676593748874, 52.390534975871184 ], [ 0.855267921523584, 52.399490174518171 ], [ 0.836662482457093, 52.400447557306734 ], [ 0.82294025946595, 52.39370953627396 ], [ 0.784681760080433, 52.386194660026938 ], [ 0.765964447029502, 52.390390441739051 ], [ 0.749912498855405, 52.382935398494077 ], [ 0.74089669964446, 52.391399255466489 ], [ 0.755118854287236, 52.406655646065467 ], [ 0.7468587526438, 52.413471617527563 ], [ 0.720748934433059, 52.419183292115555 ], [ 0.719029325326419, 52.424885783365262 ], [ 0.726599291394501, 52.435259573301437 ], [ 0.720702559712107, 52.449101802028046 ], [ 0.706293440785624, 52.45259995388686 ], [ 0.693432709561789, 52.451106984191682 ], [ 0.679046524464587, 52.454474557539861 ], [ 0.663613846408606, 52.462122782893957 ], [ 0.641601373509276, 52.450942272564717 ], [ 0.6156041495321, 52.448961768813227 ], [ 0.597096226316899, 52.454260324690281 ], [ 0.583347536363026, 52.451796332201418 ], [ 0.549312512467909, 52.454402928855117 ], [ 0.531768084243033, 52.453444602778902 ], [ 0.495500052216377, 52.447285841783 ], [ 0.466825946971385, 52.44594007518824 ], [ 0.449879997360983, 52.447689784500291 ], [ 0.429299445694195, 52.436450429294219 ], [ 0.417799175803503, 52.428213567399347 ], [ 0.374691041450185, 52.409746917704254 ], [ 0.384347014468578, 52.392562295683597 ], [ 0.409655471484422, 52.360222382493021 ], [ 0.442593340357475, 52.34860061439506 ], [ 0.437613498654449, 52.335299904325055 ], [ 0.424193124257426, 52.32924020870017 ], [ 0.431356198004302, 52.315848708429982 ], [ 0.4566036843939, 52.316513815024834 ], [ 0.469347903337931, 52.30705164231199 ], [ 0.503757867364685, 52.287418750985843 ], [ 0.495043169754902, 52.272235826517985 ], [ 0.459449575393013, 52.26562318839261 ], [ 0.426131658688473, 52.254379324965953 ], [ 0.404340135451236, 52.274140555597022 ], [ 0.385174865056334, 52.283029823926491 ], [ 0.377905807159362, 52.291284729877923 ], [ 0.358735800598197, 52.297402436358176 ], [ 0.359186925030062, 52.289119595840617 ], [ 0.350540573502518, 52.282945997778185 ], [ 0.349965312156584, 52.273417640674388 ], [ 0.339950596531157, 52.267748177160207 ], [ 0.373033083970931, 52.238541973992838 ], [ 0.379367815614106, 52.231131003094234 ], [ 0.426919835682212, 52.253607196813157 ], [ 0.443912893658621, 52.242132704028585 ], [ 0.4557941982356, 52.247207617972059 ], [ 0.477957005580506, 52.234473274975258 ], [ 0.4949103129708, 52.239295954084064 ], [ 0.512953532529798, 52.228217002464582 ], [ 0.51256046392244, 52.214070908446203 ], [ 0.503042947139144, 52.207041163245528 ], [ 0.500693964875512, 52.193313273531871 ], [ 0.494975898844895, 52.188754393113726 ], [ 0.493195855635072, 52.175537977443277 ], [ 0.487440678475294, 52.169769744612481 ], [ 0.470741733446083, 52.163246804980986 ], [ 0.462659336432121, 52.170935949489234 ], [ 0.444439670353985, 52.171000297016533 ], [ 0.435891399987108, 52.159493522103681 ], [ 0.420735675946397, 52.160232948985119 ], [ 0.417482059686456, 52.133140806531507 ], [ 0.404836860067229, 52.129505330532403 ], [ 0.389569833646577, 52.117494209327234 ], [ 0.38180512634, 52.102693975537179 ], [ 0.392650735962391, 52.095326359415985 ], [ 0.390860479638463, 52.088511120292488 ], [ 0.402965943124693, 52.078191110460267 ], [ 0.404597709631582, 52.065512654529201 ], [ 0.418663205189501, 52.064873730419102 ], [ 0.432320347098462, 52.071713100194088 ], [ 0.432044975495924, 52.077463516766976 ], [ 0.461042897829451, 52.085763835553252 ], [ 0.489783608098143, 52.087777435978829 ], [ 0.493078953133902, 52.072090108180987 ], [ 0.489682013528608, 52.060283690178629 ], [ 0.504576875749411, 52.054453479827508 ], [ 0.511167269025719, 52.059865127328599 ], [ 0.524992362044571, 52.057130479404883 ], [ 0.54221127884586, 52.057706645842607 ], [ 0.551277299256003, 52.068689153162609 ], [ 0.571717606371821, 52.069043696102149 ], [ 0.578201933693676, 52.073925748193957 ], [ 0.59825514686096, 52.075321543276672 ], [ 0.607330861740901, 52.080910050363649 ], [ 0.620121566157099, 52.078681756412678 ], [ 0.634404432210652, 52.086248024593537 ], [ 0.651882866507945, 52.083142397859113 ], [ 0.658591203018882, 52.085397144649285 ], [ 0.687572220413999, 52.085650751545295 ], [ 0.712709450009964, 52.071189027551355 ], [ 0.703404101555445, 52.065754917359207 ], [ 0.709056690836737, 52.056034487182856 ], [ 0.722593855883349, 52.046053435856507 ], [ 0.720440092457205, 52.035581606163653 ], [ 0.739813499054128, 52.031742305765057 ], [ 0.74259511484589, 52.022571475998781 ], [ 0.737835726502202, 52.012287522747783 ], [ 0.760904462941523, 51.997610259817208 ], [ 0.762312535219343, 51.983917785258278 ], [ 0.770953417737063, 51.982048681064803 ], [ 0.774190958580551, 51.969716845745218 ], [ 0.787409116888839, 51.963134798182153 ], [ 0.813423040670965, 51.961564309758565 ], [ 0.824868750420743, 51.968527037977879 ], [ 0.841356113750043, 51.962014175178545 ], [ 0.857196163629987, 51.96263691102714 ], [ 0.864260147333207, 51.968501609074977 ], [ 0.88058912894783, 51.966556276665663 ], [ 0.895659378940908, 51.972149196320849 ], [ 0.916718436776622, 51.973911337891352 ], [ 0.929289112853257, 51.9714680489434 ], [ 0.95101750939635, 51.972607049355311 ], [ 0.963251297365699, 51.977063968392443 ], [ 0.973391450747967, 51.961129299048189 ], [ 1.004316841831101, 51.962245676335741 ], [ 1.020055762660831, 51.954048975419148 ], [ 1.047617438483631, 51.959499839516397 ], [ 1.063635561115822, 51.947406562983126 ], [ 1.076638334384502, 51.950722657262155 ], [ 1.08308789051457, 51.944548899881219 ], [ 1.10507296647622, 51.94869083587129 ], [ 1.130312470269598, 51.950700497288551 ], [ 1.156158004011079, 51.947813944543093 ], [ 1.179807687736912, 51.951882383625374 ], [ 1.219968516222309, 51.949198837732645 ], [ 1.223423394750945, 51.955547397385374 ], [ 1.245889179522292, 51.960960719768828 ], [ 1.268893357311282, 51.954575895849949 ], [ 1.294232737039434, 51.960912993560655 ], [ 1.312370234382095, 51.950653159640069 ], [ 1.320008005611035, 51.940580519461278 ], [ 1.327918235711857, 51.941337256329142 ], [ 1.345991469034174, 51.957748188132953 ], [ 1.370206028276066, 51.964749226745454 ], [ 1.388663731483136, 51.979313939638772 ], [ 1.394870393113652, 51.987430891277 ], [ 1.409029353518115, 51.9922766782446 ], [ 1.431226416244007, 52.004843253153339 ], [ 1.446459810899972, 52.028631523865343 ], [ 1.469644041011557, 52.047633437517661 ], [ 1.491731664715244, 52.058304440015363 ], [ 1.567986880181356, 52.080634138208794 ], [ 1.582868157703944, 52.090068359022077 ], [ 1.59134572376271, 52.119910366206319 ], [ 1.607404673035041, 52.166637436948001 ], [ 1.622032390410568, 52.187318347823592 ], [ 1.621971069261014, 52.201809864519909 ], [ 1.628994157744596, 52.247509747886113 ], [ 1.629201075019638, 52.263771436465809 ], [ 1.633172004768983, 52.278498419433483 ], [ 1.646224651346578, 52.298765232816777 ], [ 1.66597499029027, 52.311429332219959 ], [ 1.674924852552119, 52.313519732875363 ], [ 1.685108162401768, 52.33036143623297 ], [ 1.69304406160059, 52.351009799545757 ], [ 1.724737282288558, 52.3942885180251 ], [ 1.731278376225285, 52.409501833332328 ], [ 1.730141988190164, 52.436008268329253 ], [ 1.734071969984157, 52.447193763890851 ], [ 1.746124405720844, 52.465825336246645 ], [ 1.763108032519248, 52.481126675279278 ], [ 1.75782069808849, 52.496620650878256 ], [ 1.739554561602234, 52.533641736807461 ], [ 1.734720859996846, 52.547484186239721 ], [ 1.732613666686698, 52.569525765045277 ] ] ] } },
{ "type": "Feature", "properties": { "hcs_name": "Surrey", "abbr": "Surrey", "hcs_county": "Surrey", "hcs_number": 82, "hcs_code": "SUR", "county": "Surrey", "region": "South East England" }, "geometry": { "type": "Polygon", "coordinates": [ [ [ -0.77541541791168, 51.331959921930029 ], [ -0.764996733884599, 51.324725116155257 ], [ -0.762668962705435, 51.317755419658255 ], [ -0.744584510896733, 51.309626585871889 ], [ -0.739229214875546, 51.299898779940108 ], [ -0.730340494798807, 51.273335041054096 ], [ -0.729330109821368, 51.256327352834205 ], [ -0.736089923553256, 51.248780870382248 ], [ -0.74137699114778, 51.230781596863423 ], [ -0.769720809378821, 51.236420024600108 ], [ -0.774939205379479, 51.241470432190688 ], [ -0.804700863324664, 51.245048738167881 ], [ -0.820831713505205, 51.239284469662671 ], [ -0.82908967839427, 51.225405766133015 ], [ -0.849186649087624, 51.211013063639214 ], [ -0.8426677930587, 51.199363406072941 ], [ -0.825399378596913, 51.181377045678019 ], [ -0.829995374126181, 51.162891945172483 ], [ -0.808441105434726, 51.160991872402725 ], [ -0.795839753777352, 51.154098291299611 ], [ -0.791277132954379, 51.139430012199774 ], [ -0.780616221751865, 51.13467816961203 ], [ -0.782345895040295, 51.128497669016312 ], [ -0.762419182899993, 51.114883 ], [ -0.745501185399182, 51.112198494754395 ], [ -0.758829937045081, 51.090520874604998 ], [ -0.753442937560377, 51.086472124252566 ], [ -0.732321313091571, 51.083731112493354 ], [ -0.725230907809831, 51.078203922426262 ], [ -0.706355098738424, 51.07859596335652 ], [ -0.695183063560712, 51.072804877805723 ], [ -0.668985484410337, 51.077378321413043 ], [ -0.664023340341012, 51.081672880322223 ], [ -0.621346734688022, 51.088239346881146 ], [ -0.603905650956856, 51.080031181869728 ], [ -0.594950325301885, 51.079960295650899 ], [ -0.576616143347291, 51.086529866156049 ], [ -0.558500161065731, 51.083011272593161 ], [ -0.535171261266229, 51.084041916151079 ], [ -0.530546684432831, 51.092521947320762 ], [ -0.502622404675919, 51.089170721331627 ], [ -0.479632217970533, 51.097142400664509 ], [ -0.446005346249587, 51.100557382858263 ], [ -0.441314089945276, 51.097796243534177 ], [ -0.41918803878924, 51.105185099188013 ], [ -0.401797068086005, 51.107771432447343 ], [ -0.393292587358196, 51.115350454677007 ], [ -0.360273907268152, 51.118925822449178 ], [ -0.344439748118348, 51.118902978678911 ], [ -0.326104925298974, 51.125798951091312 ], [ -0.29986655756787, 51.124833163281373 ], [ -0.286444684508888, 51.1305090630064 ], [ -0.27582082885843, 51.130220865131598 ], [ -0.259815964082658, 51.13822603544623 ], [ -0.243131398221148, 51.142816644108187 ], [ -0.20624330329605, 51.140791894473786 ], [ -0.194431119494775, 51.137290152385305 ], [ -0.172825883976844, 51.135553569779759 ], [ -0.145469060434371, 51.144493678833925 ], [ -0.124531020893941, 51.138438647389023 ], [ -0.093749470580476, 51.138400040616247 ], [ -0.085446035633779, 51.142760607237072 ], [ -0.06315366338731, 51.141249650087389 ], [ -0.056287454953505, 51.136733744148081 ], [ -0.041872934321501, 51.139560459644969 ], [ -0.015001458753885, 51.136621956811652 ], [ 0.001151038351982, 51.139602323218668 ], [ 0.022530839506425, 51.139074679187878 ], [ 0.050030802041125, 51.142647127148258 ], [ 0.05471968590679, 51.150376336901111 ], [ 0.04746030129641, 51.161555021765146 ], [ 0.046325644560842, 51.172833188273358 ], [ 0.052582900674732, 51.180106564563232 ], [ 0.045189062291065, 51.188609053379345 ], [ 0.033549313074327, 51.211157782794459 ], [ 0.043140464303933, 51.220164014626839 ], [ 0.042344356982308, 51.22747643230479 ], [ 0.057438443057999, 51.244086923828426 ], [ 0.045336749585477, 51.277924732219581 ], [ 0.048206640045123, 51.285555196123646 ], [ 0.044273092403535, 51.298587069440089 ], [ 0.032922562531155, 51.307542680556601 ], [ 0.025226979277888, 51.302413950505489 ], [ 0.016672744840206, 51.287961135950823 ], [ -0.005331004977503, 51.352721240946742 ], [ -0.022782182710912, 51.366333586033612 ], [ -0.026519678610218, 51.381693909165243 ], [ -0.036403015186736, 51.388402898345582 ], [ -0.059321029872289, 51.396949465721057 ], [ -0.064421620960759, 51.402029538019256 ], [ -0.04608491488574, 51.414031745631981 ], [ -0.073692716428639, 51.425083354596026 ], [ -0.042663998406059, 51.459551419307623 ], [ -0.035849486986556, 51.473232450769189 ], [ -0.045749337448053, 51.490161098907677 ], [ -0.029907528692039, 51.493977166594867 ], [ -0.031580959099355, 51.506438499199824 ], [ -0.040548042387763, 51.508596381267601 ], [ -0.057599775676672, 51.502010983922098 ], [ -0.083395539054007, 51.507476965773037 ], [ -0.111733789070401, 51.509750888332754 ], [ -0.120971540270202, 51.505629572187672 ], [ -0.12414070189331, 51.490804779592509 ], [ -0.128891604778456, 51.486323167283373 ], [ -0.168309118877536, 51.482238606184303 ], [ -0.176516350695525, 51.478838463454544 ], [ -0.188447231710571, 51.464827924619989 ], [ -0.211212218188331, 51.46609207686349 ], [ -0.223965432883286, 51.474400138399631 ], [ -0.229408093913724, 51.487655222757603 ], [ -0.242082098510661, 51.488699846299731 ], [ -0.250029892752029, 51.483217963588565 ], [ -0.253720315901682, 51.472734501217651 ], [ -0.271796057390861, 51.474519486465638 ], [ -0.284967002369043, 51.486713664218946 ], [ -0.296655159803448, 51.485834340027033 ], [ -0.308201395468428, 51.474853281543659 ], [ -0.318902703074753, 51.470619383633334 ], [ -0.319906332788141, 51.464064382796828 ], [ -0.30533571476388, 51.45618927628994 ], [ -0.305671902452013, 51.449208218003612 ], [ -0.328567735927636, 51.443614635704222 ], [ -0.327840870282073, 51.433760418639984 ], [ -0.306085463579526, 51.421826792274643 ], [ -0.308837645085641, 51.401609049948199 ], [ -0.32676119432675, 51.391565327913433 ], [ -0.341077779622601, 51.403366177070517 ], [ -0.360731079711938, 51.412055132201473 ], [ -0.377702705280959, 51.407969805198711 ], [ -0.393273246417209, 51.409084811638714 ], [ -0.408638516046908, 51.405073657304072 ], [ -0.428683261506316, 51.385466546605102 ], [ -0.447454696914502, 51.386822119330823 ], [ -0.459227218680244, 51.380888955878675 ], [ -0.482283151938107, 51.390074981112029 ], [ -0.491924905628187, 51.399541847263087 ], [ -0.49426092498801, 51.412782231202137 ], [ -0.512394894081067, 51.419992026756127 ], [ -0.510377108548095, 51.429587559880517 ], [ -0.522794227896776, 51.434981601595901 ], [ -0.554444218969461, 51.441389772950757 ], [ -0.571707028903029, 51.451000115980207 ], [ -0.594184485579216, 51.439311950506536 ], [ -0.605083282733214, 51.431312840677336 ], [ -0.605076321220472, 51.417593979858552 ], [ -0.617977719652553, 51.399140159637319 ], [ -0.641499602629811, 51.387951542910315 ], [ -0.664321509556766, 51.385747685172078 ], [ -0.696524949903587, 51.374548932331528 ], [ -0.735341888001786, 51.365032967370489 ], [ -0.764682104224629, 51.336993411111202 ], [ -0.77541541791168, 51.331959921930029 ] ] ] } },
{ "type": "Feature", "properties": { "hcs_name": "Sussex", "abbr": "Sussex", "hcs_county": "Sussex", "hcs_number": 83, "hcs_code": "SUS", "county": "Sussex", "region": "South East England" }, "geometry": { "type": "Polygon", "coordinates": [ [ [ 0.050030802041125, 51.142647127148258 ], [ 0.022530839506425, 51.139074679187878 ], [ 0.001151038351982, 51.139602323218668 ], [ -0.015001458753885, 51.136621956811652 ], [ -0.041872934321501, 51.139560459644969 ], [ -0.056287454953505, 51.136733744148081 ], [ -0.06315366338731, 51.141249650087389 ], [ -0.085446035633779, 51.142760607237072 ], [ -0.093749470580476, 51.138400040616247 ], [ -0.124531020893941, 51.138438647389023 ], [ -0.145469060434371, 51.144493678833925 ], [ -0.172825883976844, 51.135553569779759 ], [ -0.194431119494775, 51.137290152385305 ], [ -0.20624330329605, 51.140791894473786 ], [ -0.243131398221148, 51.142816644108187 ], [ -0.259815964082658, 51.13822603544623 ], [ -0.27582082885843, 51.130220865131598 ], [ -0.286444684508888, 51.1305090630064 ], [ -0.29986655756787, 51.124833163281373 ], [ -0.326104925298974, 51.125798951091312 ], [ -0.344439748118348, 51.118902978678911 ], [ -0.360273907268152, 51.118925822449178 ], [ -0.393292587358196, 51.115350454677007 ], [ -0.401797068086005, 51.107771432447343 ], [ -0.41918803878924, 51.105185099188013 ], [ -0.441314089945276, 51.097796243534177 ], [ -0.446005346249587, 51.100557382858263 ], [ -0.479632217970533, 51.097142400664509 ], [ -0.502622404675919, 51.089170721331627 ], [ -0.530546684432831, 51.092521947320762 ], [ -0.535171261266229, 51.084041916151079 ], [ -0.558500161065731, 51.083011272593161 ], [ -0.576616143347291, 51.086529866156049 ], [ -0.594950325301885, 51.079960295650899 ], [ -0.603905650956856, 51.080031181869728 ], [ -0.621346734688022, 51.088239346881146 ], [ -0.664023340341012, 51.081672880322223 ], [ -0.668985484410337, 51.077378321413043 ], [ -0.695183063560712, 51.072804877805723 ], [ -0.706355098738424, 51.07859596335652 ], [ -0.725230907809831, 51.078203922426262 ], [ -0.732321313091571, 51.083731112493354 ], [ -0.753442937560377, 51.086472124252566 ], [ -0.78075552482704, 51.07937577640007 ], [ -0.787516905878748, 51.066905739031753 ], [ -0.820004417501732, 51.060711563023297 ], [ -0.829556773520451, 51.067263584959051 ], [ -0.844825365068478, 51.065374310611425 ], [ -0.850107022634837, 51.059384093219791 ], [ -0.852888588667825, 51.044827361089453 ], [ -0.868928714393705, 51.037185521251203 ], [ -0.883199044802588, 51.026612216932541 ], [ -0.897121851113821, 51.021876630884748 ], [ -0.900244451854824, 51.001208424331523 ], [ -0.917699508881734, 50.978117301788025 ], [ -0.915242968997271, 50.971473167742467 ], [ -0.929274717084322, 50.958401021725876 ], [ -0.932236995014248, 50.945378572456498 ], [ -0.939320662491878, 50.944054800384158 ], [ -0.924024765581891, 50.924092361047805 ], [ -0.939802742433491, 50.918566828675615 ], [ -0.956619390971079, 50.893160215319533 ], [ -0.938784740545064, 50.87255334341291 ], [ -0.92642011733687, 50.864082619864256 ], [ -0.939573369442286, 50.835806520473128 ], [ -0.946234963260536, 50.82649442994191 ], [ -0.946964158454347, 50.81720786286435 ], [ -0.941961614648051, 50.799683224261003 ], [ -0.933464551778169, 50.785525343548983 ], [ -0.935328456526179, 50.777719414786993 ], [ -0.910111611036076, 50.776647611698593 ], [ -0.899154462009812, 50.772110751003751 ], [ -0.8617593551298, 50.761367627892589 ], [ -0.839971786801425, 50.75210126781144 ], [ -0.816605850970106, 50.738924713553693 ], [ -0.798289438377941, 50.72567597480684 ], [ -0.789357889494609, 50.722403567157656 ], [ -0.776538144158087, 50.729830053927479 ], [ -0.763375154784481, 50.743032106132503 ], [ -0.758026814799824, 50.752557589622413 ], [ -0.736101660779419, 50.767962509893053 ], [ -0.719303606593116, 50.773734931744904 ], [ -0.682752954343864, 50.779821650594279 ], [ -0.653508911032235, 50.786086694067656 ], [ -0.599685447922012, 50.791230787338435 ], [ -0.560082197238611, 50.799766743764053 ], [ -0.541960700577852, 50.801866540572377 ], [ -0.485403537189719, 50.802852587201237 ], [ -0.445888429495543, 50.802376844729046 ], [ -0.372779934772797, 50.80858945248481 ], [ -0.328238621660596, 50.818866859027878 ], [ -0.275989744419106, 50.826914535063629 ], [ -0.252677072754698, 50.826215918016551 ], [ -0.251909519969113, 50.830319586201995 ], [ -0.161372603168542, 50.82253805230944 ], [ -0.132818067644759, 50.818375786114068 ], [ -0.107531209902845, 50.812821453154548 ], [ -0.102546375963554, 50.808912042446032 ], [ -0.085543711078417, 50.810340176275467 ], [ -0.056552162114794, 50.801660515535652 ], [ -0.037698268435497, 50.799309099821564 ], [ -0.020792562960027, 50.793997004438957 ], [ 0.036173858355995, 50.781114007469853 ], [ 0.052519678521051, 50.779882488237298 ], [ 0.069973962555774, 50.781743183645517 ], [ 0.122163216314901, 50.758266032426306 ], [ 0.137916351012413, 50.755895587013114 ], [ 0.153830373164199, 50.757886026659463 ], [ 0.187864910939471, 50.748259534116315 ], [ 0.207117714030716, 50.739014129011437 ], [ 0.241103895177825, 50.734515470314605 ], [ 0.258063899218049, 50.737616155584078 ], [ 0.268887925244828, 50.749940072865499 ], [ 0.28681265870886, 50.760614991241319 ], [ 0.309773513954194, 50.778742161740475 ], [ 0.325553923567452, 50.783741468439523 ], [ 0.343697795321512, 50.804502972623027 ], [ 0.363566295038926, 50.816128732946865 ], [ 0.419364465483763, 50.83132113601021 ], [ 0.480352096325259, 50.837465224450526 ], [ 0.519749730028558, 50.84789127140791 ], [ 0.557559931813602, 50.850471636480137 ], [ 0.576686142501136, 50.854067131454606 ], [ 0.591956114582935, 50.85358405545 ], [ 0.608836281800585, 50.86001370370505 ], [ 0.627178390964451, 50.862125321305157 ], [ 0.638961300222313, 50.86716811563101 ], [ 0.659950269312923, 50.870073237567972 ], [ 0.670182953933896, 50.874435015489709 ], [ 0.681970650504858, 50.885396962413239 ], [ 0.720036736660928, 50.908412960070748 ], [ 0.752457781269471, 50.923282874325082 ], [ 0.774022451344906, 50.927613225602819 ], [ 0.773546341981115, 50.931783130906858 ], [ 0.795507999526483, 50.932764816659009 ], [ 0.83627647325977, 50.926661433162231 ], [ 0.841368250746792, 50.93218291978706 ], [ 0.804736604566371, 50.955628123025363 ], [ 0.777008434129947, 50.984845775452328 ], [ 0.77826108480345, 50.991025791239309 ], [ 0.741177265851636, 51.00063362227305 ], [ 0.708488680913103, 50.99772637727547 ], [ 0.68217600007332, 51.000523700229664 ], [ 0.663828244902302, 51.016676009844637 ], [ 0.636328820191576, 51.012053568503028 ], [ 0.629003195283158, 51.017817487005765 ], [ 0.596936384647403, 51.008918245754309 ], [ 0.571414595813095, 51.003426968251027 ], [ 0.561911344911716, 51.007775645694082 ], [ 0.541657415964212, 51.011169093670368 ], [ 0.53750700223993, 51.021650375905011 ], [ 0.508426739386477, 51.024128054423109 ], [ 0.496556860750993, 51.030551606226226 ], [ 0.478022947366999, 51.029057648339162 ], [ 0.466341879645462, 51.036341653197091 ], [ 0.47141529617813, 51.049044516600652 ], [ 0.451830349628766, 51.058088252498443 ], [ 0.420232351655945, 51.061175889429819 ], [ 0.397805930427662, 51.070785411273427 ], [ 0.406204318714196, 51.080732936866333 ], [ 0.407589472635581, 51.088906170021843 ], [ 0.422514215876512, 51.099128520001834 ], [ 0.422376883674696, 51.10454468820754 ], [ 0.39144882639308, 51.101411606277736 ], [ 0.386062851380306, 51.099028935705739 ], [ 0.363193022382148, 51.105244636399334 ], [ 0.334711450093469, 51.106295920592977 ], [ 0.324729912644658, 51.114205499921496 ], [ 0.325975508294983, 51.122638160481294 ], [ 0.310642668403704, 51.119353499753707 ], [ 0.284794192303163, 51.117603324292254 ], [ 0.268542619154049, 51.119247796550319 ], [ 0.252576676699882, 51.124139248231437 ], [ 0.225367507858372, 51.124360379577318 ], [ 0.199632505329469, 51.116950015131586 ], [ 0.17170111766759, 51.115407734772049 ], [ 0.152327244864006, 51.122455179204451 ], [ 0.151151765371813, 51.130981600023219 ], [ 0.157178856619909, 51.14069071873449 ], [ 0.139156640520814, 51.146752201530397 ], [ 0.118574723704872, 51.146461224858655 ], [ 0.103351343415416, 51.142579785479406 ], [ 0.070509404405991, 51.139683073656144 ], [ 0.050030802041125, 51.142647127148258 ] ] ] } },
{ "type": "Feature", "properties": { "hcs_name": "Sutherland", "abbr": "Suther", "hcs_county": "Sutherland", "hcs_number": 84, "hcs_code": "SRL", "county": "Sutherland", "region": "Scotland" }, "geometry": { "type": "MultiPolygon", "coordinates": [ [ [ [ -5.170791704956376, 58.376163065071047 ], [ -5.166709448145859, 58.382532978097096 ], [ -5.180294013392849, 58.389817505764043 ], [ -5.199839823038435, 58.387928144183256 ], [ -5.209666961085319, 58.37723835600427 ], [ -5.192803221995068, 58.37220034857723 ], [ -5.170791704956376, 58.376163065071047 ] ] ], [ [ [ -4.328597877323063, 58.557197575718419 ], [ -4.348859614865444, 58.557361303515734 ], [ -4.338634247613165, 58.548900402503165 ], [ -4.328597877323063, 58.557197575718419 ] ] ], [ [ [ -3.859027969100212, 58.562813575539984 ], [ -3.892615844124773, 58.56832935266781 ], [ -3.920906132450897, 58.560069702558629 ], [ -3.923258796061866, 58.567359456397227 ], [ -3.954924579122938, 58.573762441385696 ], [ -3.969774613225953, 58.568612129012777 ], [ -3.985557741031752, 58.570151759074925 ], [ -4.005349279920673, 58.565013753127829 ], [ -4.007736853127139, 58.577873216990717 ], [ -4.015961932005751, 58.594653443052891 ], [ -4.043483814999361, 58.590943758844936 ], [ -4.050224178966848, 58.581057175667482 ], [ -4.04745521994898, 58.571967903829588 ], [ -4.07172200270336, 58.562574107300918 ], [ -4.070155122210732, 58.55249836582054 ], [ -4.080691159777217, 58.551833252628285 ], [ -4.098240366125133, 58.562813426828399 ], [ -4.125480530827566, 58.569167137571583 ], [ -4.134634051417836, 58.563574153821058 ], [ -4.153159169240945, 58.562716914149334 ], [ -4.156632300250034, 58.548032842429564 ], [ -4.176954767714169, 58.542237121486323 ], [ -4.214298521498582, 58.551264861095746 ], [ -4.209822379450001, 58.541291283981145 ], [ -4.222884956797389, 58.532520931673446 ], [ -4.241683065210736, 58.533743811956541 ], [ -4.241746948634237, 58.526194204992407 ], [ -4.261263758393886, 58.524459453713206 ], [ -4.266605655613192, 58.536282873865261 ], [ -4.299095676004494, 58.542803450595997 ], [ -4.318225571040693, 58.540297255812909 ], [ -4.343096027896665, 58.540916619856027 ], [ -4.35848556754218, 58.534791395348442 ], [ -4.378645873284492, 58.517628445160646 ], [ -4.383616247279112, 58.509746844086493 ], [ -4.396698372197427, 58.509433643208737 ], [ -4.42079020431929, 58.493380376310263 ], [ -4.447873086749697, 58.49394706978326 ], [ -4.448343599992922, 58.501997936105063 ], [ -4.409296764522296, 58.521523992630584 ], [ -4.420944569112853, 58.524356210481329 ], [ -4.425577454923893, 58.534204917918188 ], [ -4.4260453132858, 58.548799229349143 ], [ -4.432082188853087, 58.553627142905249 ], [ -4.449108876492279, 58.551768500115166 ], [ -4.45713249261941, 58.561653345520035 ], [ -4.492841421572185, 58.568262119320678 ], [ -4.4952700344527, 58.573507108868959 ], [ -4.51430301401197, 58.578868583452909 ], [ -4.545267126459261, 58.580051062226069 ], [ -4.571110952909146, 58.575535850207835 ], [ -4.580118970700517, 58.580090092805918 ], [ -4.596741688425668, 58.572485620768802 ], [ -4.594859391554404, 58.564793821468363 ], [ -4.604383696249373, 58.554313844534185 ], [ -4.595316454097885, 58.546792408121931 ], [ -4.593593892555882, 58.534360157741212 ], [ -4.61260590140932, 58.522572182281202 ], [ -4.627324311329541, 58.523587983376245 ], [ -4.645318301645216, 58.518923240998554 ], [ -4.657702135692991, 58.508603530716179 ], [ -4.662454488977438, 58.498132641722407 ], [ -4.662210454378434, 58.483901639681363 ], [ -4.673118896522316, 58.483869213778142 ], [ -4.694582216073512, 58.477868856716455 ], [ -4.700481810840214, 58.46838781901458 ], [ -4.716262495453464, 58.46288011196291 ], [ -4.738124193328859, 58.447025737427502 ], [ -4.750029447172911, 58.44992390448926 ], [ -4.753406573657933, 58.457210031631327 ], [ -4.728893400344815, 58.475588508890169 ], [ -4.707772836278065, 58.499469862856039 ], [ -4.694154080847242, 58.510229167962166 ], [ -4.664541737698053, 58.52452779020166 ], [ -4.652064404424209, 58.534225517292384 ], [ -4.657277956083096, 58.552362694726305 ], [ -4.675958574253004, 58.549210060309747 ], [ -4.685851745588869, 58.555746884790778 ], [ -4.702814463854551, 58.556102953874074 ], [ -4.707160278754708, 58.566557437346134 ], [ -4.718051791933488, 58.570283471937366 ], [ -4.738815746124061, 58.568362088601994 ], [ -4.740740410420893, 58.58023090916025 ], [ -4.762471930518266, 58.587620158638202 ], [ -4.767980931435774, 58.576381533265675 ], [ -4.793947835377553, 58.57699804376346 ], [ -4.805287862972019, 58.561792849919698 ], [ -4.791488725351842, 58.554059043389294 ], [ -4.778386090540376, 58.551377767176696 ], [ -4.782101257862718, 58.539824922249856 ], [ -4.809251458633276, 58.520348547924819 ], [ -4.821016479621753, 58.528779907356878 ], [ -4.793368563150546, 58.545995543181199 ], [ -4.812017742303012, 58.554879814292292 ], [ -4.820672472148177, 58.563005886180058 ], [ -4.817075366233446, 58.570319266747937 ], [ -4.821690552759391, 58.580529373321077 ], [ -4.81708260381988, 58.588057491878601 ], [ -4.839049416240867, 58.600980883053921 ], [ -4.846348731675192, 58.598752523095357 ], [ -4.867323858418369, 58.60726156122351 ], [ -4.877606813920516, 58.614599483529176 ], [ -4.892190007194595, 58.612142249637976 ], [ -4.936545260176874, 58.616850709215917 ], [ -4.943470070105412, 58.611835607706482 ], [ -5.006991931370201, 58.625708962619903 ], [ -5.015694216146993, 58.616536317270388 ], [ -5.014892022660872, 58.600338631675378 ], [ -5.010362719285379, 58.592819664988667 ], [ -5.030644389563239, 58.568015331526134 ], [ -5.030260244624468, 58.561684212715811 ], [ -5.051380858915294, 58.542083907498409 ], [ -5.067653824471265, 58.535923656492777 ], [ -5.090284627892848, 58.537030295266852 ], [ -5.104980916763733, 58.527535495413069 ], [ -5.118062958810234, 58.51397548557923 ], [ -5.116146137483638, 58.506989604180347 ], [ -5.124689883172623, 58.493098653789055 ], [ -5.121444143256545, 58.485428968403411 ], [ -5.090511295773369, 58.479256603035253 ], [ -5.086376917603992, 58.469249455245802 ], [ -5.071112666871626, 58.465837205414218 ], [ -5.058440440773561, 58.454623503167049 ], [ -5.01616708736302, 58.452572363274157 ], [ -5.015485441063403, 58.445105771712726 ], [ -4.991358443692968, 58.440393660359391 ], [ -5.000302537288555, 58.434753685105171 ], [ -5.031450083412797, 58.448402726569135 ], [ -5.048227543229212, 58.45115084400561 ], [ -5.070229337337681, 58.450113057113775 ], [ -5.097506680412764, 58.441259953617447 ], [ -5.11328799417985, 58.430254313462036 ], [ -5.114148750187534, 58.424193944001217 ], [ -5.089632063294948, 58.420173084077568 ], [ -5.113606117026372, 58.414271724130295 ], [ -5.094753219667408, 58.407193198279025 ], [ -5.061300450074535, 58.40857877310718 ], [ -5.062927865901657, 58.397610204878823 ], [ -5.032214928534759, 58.392826895920663 ], [ -5.046383089721279, 58.384135062966159 ], [ -5.063784323810411, 58.383426021912094 ], [ -5.093088987245551, 58.395150140075685 ], [ -5.124871537800341, 58.403212404789841 ], [ -5.132061559763033, 58.411682476792286 ], [ -5.146084902045525, 58.411172350257232 ], [ -5.153196471138205, 58.399637251612788 ], [ -5.143153521885869, 58.38943191129939 ], [ -5.164003344450913, 58.37334273542492 ], [ -5.173744739338112, 58.362765748694649 ], [ -5.173174081712529, 58.346399148201961 ], [ -5.169078466312246, 58.337244093643889 ], [ -5.169511186868604, 58.321869459855762 ], [ -5.158841184543678, 58.319648589875513 ], [ -5.147059531360967, 58.327187629826653 ], [ -5.131607410402218, 58.321028851582348 ], [ -5.143730791509362, 58.31674527558269 ], [ -5.14360731815496, 58.301707855916355 ], [ -5.125503360298736, 58.293025365119362 ], [ -5.106742900639849, 58.274416428308065 ], [ -5.089893546204824, 58.270659653995331 ], [ -5.081953338448295, 58.263890937604131 ], [ -5.053159899041415, 58.257478395990816 ], [ -5.041392657038548, 58.261030577306492 ], [ -5.026242502091625, 58.251248715407179 ], [ -5.053992074890523, 58.24600869295336 ], [ -5.076937490072838, 58.251998065731861 ], [ -5.100401051609788, 58.262275939289147 ], [ -5.108886249237239, 58.270068324023057 ], [ -5.124989027425886, 58.267027910581255 ], [ -5.151487472387066, 58.25299922070004 ], [ -5.16237165765098, 58.25967287017788 ], [ -5.172559080559501, 58.247933954140514 ], [ -5.203647656420923, 58.246460767168628 ], [ -5.236130673799647, 58.2531911075287 ], [ -5.24099978708857, 58.249288151393614 ], [ -5.250200629590958, 58.250532708706643 ], [ -5.276426650707943, 58.239233795147001 ], [ -5.290572202421665, 58.236101477825017 ], [ -5.304520729188256, 58.225691762664304 ], [ -5.319365101002114, 58.235369208832729 ], [ -5.342361525920795, 58.244517654885101 ], [ -5.342443036068443, 58.250303102760597 ], [ -5.367949504732735, 58.251313351498275 ], [ -5.383845503022419, 58.259768949107325 ], [ -5.39715485204848, 58.251653801892552 ], [ -5.402777595283315, 58.235706599021313 ], [ -5.38545917861259, 58.231655121732217 ], [ -5.360718527304924, 58.216777324434879 ], [ -5.357963802235749, 58.202108881237741 ], [ -5.339945703947977, 58.199715618262452 ], [ -5.343718820598005, 58.190399180105331 ], [ -5.330811615837875, 58.182552207428216 ], [ -5.304919416130022, 58.175778722837769 ], [ -5.311639881036805, 58.168180713948118 ], [ -5.304002466016922, 58.161583898331315 ], [ -5.309827421362484, 58.15527577905798 ], [ -5.264389975422519, 58.147621883122959 ], [ -5.244360465894439, 58.153865193769441 ], [ -5.240638756083164, 58.147772229612073 ], [ -5.262362143548319, 58.138364085073668 ], [ -5.293386899792639, 58.136495938687403 ], [ -5.286579368547951, 58.127054782708733 ], [ -5.268635740977478, 58.125849488209184 ], [ -5.262174683948022, 58.121243788292752 ], [ -5.246383165981641, 58.121085302643891 ], [ -5.238419238105291, 58.115570869567186 ], [ -5.200612027766341, 58.107827153637203 ], [ -5.182248642409221, 58.110146411199921 ], [ -5.136842312401019, 58.090412810743146 ], [ -5.099850212523157, 58.080345389359728 ], [ -5.084678827414257, 58.07276880900303 ], [ -5.050308339513323, 58.063014835922694 ], [ -5.033115118846709, 58.061840610574237 ], [ -5.044235334208801, 58.046961697334794 ], [ -5.065220448484135, 58.043707760920483 ], [ -5.063321339497957, 58.028939974507509 ], [ -5.042986295161038, 58.007943688255828 ], [ -5.037121615306991, 58.010064245811719 ], [ -5.006217891640301, 58.000666163878527 ], [ -4.99374661769446, 58.002304378297971 ], [ -4.990492682718031, 57.991012133357913 ], [ -4.969797223024675, 57.986996376210307 ], [ -4.950766797415518, 57.978072421347491 ], [ -4.94017909012106, 57.994120697654786 ], [ -4.948151989649634, 58.00447457905122 ], [ -4.946002824415548, 58.017075520347561 ], [ -4.949323581340288, 58.027016367224427 ], [ -4.937963157259831, 58.042142118379111 ], [ -4.937588253247191, 58.050742237270818 ], [ -4.903181537681775, 58.074389803117931 ], [ -4.896092646206488, 58.089050461074414 ], [ -4.903795308117442, 58.098512088619572 ], [ -4.894954679916136, 58.127363936505269 ], [ -4.88015510019676, 58.126041764507576 ], [ -4.875231314547789, 58.110201517860375 ], [ -4.855596799194843, 58.090690691240667 ], [ -4.841182864008779, 58.086619360775472 ], [ -4.837512319928106, 58.07397333884375 ], [ -4.845903120243318, 58.063733224492701 ], [ -4.856947309940037, 58.059313783067068 ], [ -4.861603138253432, 58.043326094331491 ], [ -4.849154434325584, 58.03854599052152 ], [ -4.848067722187318, 58.028298666595923 ], [ -4.810909191013511, 58.016227379692772 ], [ -4.814582798983778, 58.001730171790079 ], [ -4.790900622825665, 57.983995113831568 ], [ -4.769282385460389, 57.973477728691357 ], [ -4.74300541239455, 57.972368934093502 ], [ -4.713033971453298, 57.96031313114171 ], [ -4.698443262561243, 57.961954526258637 ], [ -4.685264622375747, 57.972010513852076 ], [ -4.653148091706938, 57.968174487021443 ], [ -4.643463, 57.974459 ], [ -4.61816274916051, 57.970944492064604 ], [ -4.582284390050963, 57.97165331550179 ], [ -4.537968909391099, 57.958157447229496 ], [ -4.51088496362734, 57.954872231179237 ], [ -4.467541339207815, 57.955884999040663 ], [ -4.442783255420177, 57.946989148653657 ], [ -4.42465163566701, 57.943334540003022 ], [ -4.411918573069008, 57.929086425838015 ], [ -4.401147372907525, 57.923958342853837 ], [ -4.397097887745479, 57.915806082993591 ], [ -4.383729031981912, 57.910328834483018 ], [ -4.362266804111256, 57.907102781615109 ], [ -4.345680113638438, 57.888638563554707 ], [ -4.333286388366211, 57.880906160499158 ], [ -4.305303600105272, 57.873637564843655 ], [ -4.290966522023754, 57.862060329375055 ], [ -4.271050968311211, 57.861351093620797 ], [ -4.271630683086081, 57.869743436153648 ], [ -4.212267191341839, 57.873310977654597 ], [ -4.186176079219168, 57.866914122039731 ], [ -4.173438075533933, 57.860008143870509 ], [ -4.134429554778301, 57.859263487824002 ], [ -4.107053308268982, 57.854964811540043 ], [ -4.091649746707281, 57.862999524170988 ], [ -4.067674569216947, 57.867667466227928 ], [ -4.037048002933108, 57.867566402543083 ], [ -4.010698591147612, 57.859778713246897 ], [ -4.016697316817901, 57.878267575962987 ], [ -4.012869097009128, 57.891152593490432 ], [ -3.992289107124255, 57.903016631329905 ], [ -4.006472447185171, 57.931728567998682 ], [ -4.027491737179676, 57.927962026980055 ], [ -4.071491251273909, 57.938008941636006 ], [ -4.082241386225644, 57.948651429523828 ], [ -4.070481418321188, 57.95611039357501 ], [ -4.054684993847134, 57.954546181508675 ], [ -4.043848085999581, 57.945980000990986 ], [ -4.020577446258959, 57.950528708159823 ], [ -4.018567830152516, 57.933752074925749 ], [ -4.001656314839844, 57.938503673831661 ], [ -3.985065094456993, 57.968344601180313 ], [ -3.969637988712741, 57.974843940484874 ], [ -3.952538250510968, 57.976348822511277 ], [ -3.935143010885902, 57.983107525406197 ], [ -3.891257105662811, 57.988085204833702 ], [ -3.869455586757857, 58.002187192183221 ], [ -3.847452351618176, 58.006664831023805 ], [ -3.841190793559244, 58.013163756227172 ], [ -3.833304069106253, 58.038894059909211 ], [ -3.816955437013458, 58.0449199397003 ], [ -3.805091352126046, 58.056526390060824 ], [ -3.790270400277061, 58.062276785899101 ], [ -3.745430617966741, 58.068183742107159 ], [ -3.734636404819325, 58.077717248860665 ], [ -3.715853084061593, 58.082141919188821 ], [ -3.672080332585126, 58.102059232334469 ], [ -3.657743442459142, 58.113315820917109 ], [ -3.629986760693698, 58.119392783987351 ], [ -3.612837667350683, 58.131994377308409 ], [ -3.595438436022838, 58.136350171584247 ], [ -3.627864914049635, 58.155937820580704 ], [ -3.632707371363571, 58.165158815942533 ], [ -3.652810276293354, 58.164924931876719 ], [ -3.704403601039893, 58.188653156279749 ], [ -3.712604536823106, 58.186626062854067 ], [ -3.725756562146518, 58.199104730714929 ], [ -3.757064265137414, 58.193119166402106 ], [ -3.777702984454431, 58.195530758568729 ], [ -3.765095674508199, 58.204177885905551 ], [ -3.776716970668782, 58.217560928121387 ], [ -3.777012862980389, 58.23081430121993 ], [ -3.79445487727435, 58.240878166837831 ], [ -3.820943748321446, 58.245257806135378 ], [ -3.820007201314646, 58.251677435758118 ], [ -3.828790320935232, 58.26954656359878 ], [ -3.850122371557314, 58.275061828663929 ], [ -3.837887905868177, 58.283312175345941 ], [ -3.836074401879093, 58.294754182690909 ], [ -3.820450419028605, 58.300025916860108 ], [ -3.795810039023827, 58.303637266322411 ], [ -3.794196064933696, 58.310388035619923 ], [ -3.802335974445614, 58.326198411917098 ], [ -3.81785240535104, 58.330510925335943 ], [ -3.825463377915918, 58.339566811078448 ], [ -3.824397498818469, 58.350199599760131 ], [ -3.813393348755413, 58.354092210752803 ], [ -3.800712401847414, 58.369318772028066 ], [ -3.798530039789058, 58.378910372160647 ], [ -3.773666910722451, 58.390149537118845 ], [ -3.787622363623674, 58.412255577547391 ], [ -3.78269671967047, 58.420282291207954 ], [ -3.784795142829553, 58.431147175023227 ], [ -3.797530371947533, 58.435073380765488 ], [ -3.790197786046882, 58.444720884353416 ], [ -3.793073303083283, 58.454772947132462 ], [ -3.789383521699398, 58.4681001937331 ], [ -3.780823684238172, 58.471808138488477 ], [ -3.791182785062851, 58.483182807475252 ], [ -3.795148568763935, 58.495560983567806 ], [ -3.808233187302146, 58.50431227871978 ], [ -3.812979871097025, 58.516905077451504 ], [ -3.827093587299144, 58.523632095605372 ], [ -3.845434675469942, 58.543182754536659 ], [ -3.858301132901389, 58.548974343953887 ], [ -3.859027969100212, 58.562813575539984 ] ] ], [ [ [ -5.25603021032901, 58.260823653498925 ], [ -5.26044802219992, 58.267321541378493 ], [ -5.278907874324684, 58.260727945661714 ], [ -5.259809847866179, 58.250741524841295 ], [ -5.241961699510397, 58.251883658608797 ], [ -5.244257182410856, 58.258058477389483 ], [ -5.25603021032901, 58.260823653498925 ] ] ] ] } },
{ "type": "Feature", "properties": { "hcs_name": "Tyrone", "abbr": "Tyr", "hcs_county": "Tyrone", "hcs_number": 85, "hcs_code": "TYN", "county": "Tyrone", "region": "NI" }, "geometry": { "type": "Polygon", "coordinates": [ [ [ -7.391974192532392, 54.945485534580634 ], [ -7.422798387655835, 54.943150368283405 ], [ -7.44362494116822, 54.937651114209928 ], [ -7.448390117443591, 54.929601372849774 ], [ -7.445974536518839, 54.909523351627321 ], [ -7.451590842698232, 54.902646889378673 ], [ -7.450720307669036, 54.892060372394802 ], [ -7.444023874381345, 54.883188199745334 ], [ -7.4439562374935, 54.870041279670573 ], [ -7.456054201597478, 54.853799798723543 ], [ -7.480185168225858, 54.831953021271801 ], [ -7.483852182354242, 54.823963649887432 ], [ -7.500887799913284, 54.81758892473178 ], [ -7.528336787899331, 54.802503617387771 ], [ -7.54188679236612, 54.798273605334202 ], [ -7.549279751297606, 54.789365971066857 ], [ -7.543226974762791, 54.782389398064566 ], [ -7.548092755469994, 54.772303780892869 ], [ -7.547529842838311, 54.755348638444126 ], [ -7.537952544800132, 54.747306062672905 ], [ -7.549185592046243, 54.740500600119333 ], [ -7.557260706549299, 54.745167732314265 ], [ -7.578428821032659, 54.741864104190547 ], [ -7.600863816512425, 54.745995246589636 ], [ -7.61757119073039, 54.743354978856701 ], [ -7.636186469315763, 54.751395140660691 ], [ -7.676481258561882, 54.732828562401934 ], [ -7.697496144133045, 54.726247383073002 ], [ -7.710829950450816, 54.72644322726125 ], [ -7.735302418988283, 54.716920382535626 ], [ -7.74651372942944, 54.704445934164504 ], [ -7.778323580988821, 54.710519924918962 ], [ -7.788436453374763, 54.719541939338598 ], [ -7.805241268487125, 54.718998871612392 ], [ -7.817640912453673, 54.733816934570662 ], [ -7.836346799976893, 54.736343704212572 ], [ -7.855073972319008, 54.726746405982347 ], [ -7.879565974871734, 54.702745216576197 ], [ -7.911228567087064, 54.700996944876266 ], [ -7.912627692829382, 54.694327237227434 ], [ -7.898488858590828, 54.684986346124646 ], [ -7.913885630385768, 54.675949747022585 ], [ -7.903899731150339, 54.66262749103867 ], [ -7.8917925727002, 54.656124892966723 ], [ -7.877291345208238, 54.655675066956 ], [ -7.856451038523103, 54.650296886554962 ], [ -7.857085465390122, 54.638817131813042 ], [ -7.844627190897787, 54.633646486814435 ], [ -7.828331653883557, 54.63303960719557 ], [ -7.816175812806738, 54.641837040271902 ], [ -7.804952047472029, 54.634937182682648 ], [ -7.782930927234043, 54.632598348933037 ], [ -7.771635425814354, 54.621456909916873 ], [ -7.757190726858069, 54.62466495229507 ], [ -7.742742271745536, 54.620063808676306 ], [ -7.724989425046007, 54.627561182128723 ], [ -7.704659054942439, 54.632034825753351 ], [ -7.705785740629202, 54.619939753203298 ], [ -7.694263710118488, 54.613634528577435 ], [ -7.70344705239552, 54.608465673570642 ], [ -7.690021877536828, 54.609905713819003 ], [ -7.674446020731503, 54.596146532936466 ], [ -7.665080683795609, 54.582984223507466 ], [ -7.626666024496768, 54.584693965878699 ], [ -7.619852372474227, 54.576890978618778 ], [ -7.601793135349539, 54.572836688163939 ], [ -7.596835000346724, 54.565409149535682 ], [ -7.581089162319416, 54.564750354645632 ], [ -7.545712808280004, 54.570004880767506 ], [ -7.528127344547784, 54.555877238133434 ], [ -7.535736710673874, 54.548726760929704 ], [ -7.557989882557406, 54.543885627791589 ], [ -7.571473258117378, 54.512261637661709 ], [ -7.581744711236245, 54.497634481010699 ], [ -7.598667094654206, 54.492427837482737 ], [ -7.610488089904329, 54.493313179381602 ], [ -7.636577125292385, 54.483208029650307 ], [ -7.629121627553324, 54.474324753199241 ], [ -7.618520964937428, 54.471284748792463 ], [ -7.620461837580728, 54.45920411739062 ], [ -7.630283436668384, 54.453062536878257 ], [ -7.624681522870516, 54.441927464968465 ], [ -7.595468030982502, 54.437046555742931 ], [ -7.584491610344165, 54.431353247964253 ], [ -7.554317121236044, 54.435604002165732 ], [ -7.547862789655099, 54.434225668290949 ], [ -7.527378787725531, 54.413337291083089 ], [ -7.509098385087809, 54.405636205684786 ], [ -7.493333481245103, 54.41395260355857 ], [ -7.472698406892576, 54.420857987060877 ], [ -7.443711997444404, 54.426164611747041 ], [ -7.424557355388185, 54.433403428802073 ], [ -7.421259428653748, 54.43949179196445 ], [ -7.39627114685369, 54.440342368040412 ], [ -7.366986092714565, 54.437473030632177 ], [ -7.35784976382825, 54.421954960693007 ], [ -7.344705683700546, 54.408498167679483 ], [ -7.331784785128503, 54.405036533061249 ], [ -7.329164708652758, 54.398075432139066 ], [ -7.340859789402496, 54.384501705240098 ], [ -7.332233592321578, 54.379530699188379 ], [ -7.329993336429781, 54.370310751846795 ], [ -7.307902013658466, 54.368143194063997 ], [ -7.280454199456451, 54.371521578314891 ], [ -7.271280473755625, 54.361079467037982 ], [ -7.272174814112485, 54.344593734617455 ], [ -7.261227104195272, 54.340352981872009 ], [ -7.258377016806731, 54.332811234349826 ], [ -7.246095094103749, 54.327003228790083 ], [ -7.227123780055068, 54.32696447857316 ], [ -7.222816706793109, 54.333813434220595 ], [ -7.188758310930147, 54.337720541079193 ], [ -7.181612202179861, 54.339835266871944 ], [ -7.152217159647832, 54.335328027284014 ], [ -7.123986954530429, 54.350617821339632 ], [ -7.103944634924777, 54.355725723337414 ], [ -7.1092594146159, 54.365799719985951 ], [ -7.084648005709634, 54.378545573778666 ], [ -7.070740432396036, 54.390172532368496 ], [ -7.057339223681177, 54.410877672254152 ], [ -7.029183334942491, 54.421440376998241 ], [ -6.999158586617241, 54.411452725616101 ], [ -6.981822325002538, 54.409393654599285 ], [ -6.976180330290914, 54.400397005834691 ], [ -6.958878908696125, 54.39764761498791 ], [ -6.937344698589945, 54.383109100955522 ], [ -6.91115998061456, 54.374638970814615 ], [ -6.910636909026486, 54.365383113378314 ], [ -6.894450367445256, 54.35115125841682 ], [ -6.877203732208221, 54.346775478187837 ], [ -6.872224724617731, 54.334751426795869 ], [ -6.864220334690766, 54.329598965221379 ], [ -6.837373580023208, 54.335381864472957 ], [ -6.832594917776008, 54.351652727728514 ], [ -6.811465071321932, 54.37517052402854 ], [ -6.804614562303999, 54.379683527334933 ], [ -6.807914250798473, 54.397379258013913 ], [ -6.791770736319461, 54.415524158587992 ], [ -6.772086208963513, 54.414112392485862 ], [ -6.762207388962944, 54.407187651169025 ], [ -6.735687407193543, 54.40928792224549 ], [ -6.721870954021167, 54.401636785353126 ], [ -6.704750479129537, 54.407394671093108 ], [ -6.700757622564016, 54.416358164551106 ], [ -6.703892009417225, 54.426877136718971 ], [ -6.694110547979773, 54.429346270099565 ], [ -6.696456829543638, 54.442758877503806 ], [ -6.674467518578306, 54.450474608882629 ], [ -6.667291092323288, 54.463103083182354 ], [ -6.64995851539726, 54.469904679826065 ], [ -6.648908714357556, 54.487402025620042 ], [ -6.640117893728859, 54.490257346671001 ], [ -6.629767111019494, 54.503562244021786 ], [ -6.610599076482542, 54.507228580223888 ], [ -6.601164196663369, 54.502921388277997 ], [ -6.577184597654759, 54.512366897585579 ], [ -6.578206811312196, 54.516688946819592 ], [ -6.540971061768336, 54.542299629362034 ], [ -6.426002574310178, 54.568219059146273 ], [ -6.407091126540258, 54.648844571814273 ], [ -6.469248058735066, 54.685254348804307 ], [ -6.522510390257393, 54.669013110142011 ], [ -6.537541297695973, 54.663162027486742 ], [ -6.542844897931123, 54.657207556739571 ], [ -6.55758129274651, 54.656319018368883 ], [ -6.572402565077763, 54.664351547530224 ], [ -6.587472717995572, 54.655161250801982 ], [ -6.602766268251423, 54.656751665669951 ], [ -6.623092138111292, 54.647418570443861 ], [ -6.624710763823891, 54.638665375985006 ], [ -6.64082419739777, 54.630070282997551 ], [ -6.669138371372718, 54.642501846350598 ], [ -6.678486327578545, 54.634481286389871 ], [ -6.700833240154164, 54.632035223805026 ], [ -6.713664033092051, 54.627930041600685 ], [ -6.719031471362128, 54.636642100011969 ], [ -6.712299389691471, 54.647265468686975 ], [ -6.7000880145959, 54.642408688429427 ], [ -6.692140808860522, 54.657164350396563 ], [ -6.709092929558337, 54.653603331459117 ], [ -6.740213330890465, 54.660008058392151 ], [ -6.740521173593365, 54.668878467283413 ], [ -6.778832160937919, 54.688802686224264 ], [ -6.775975324403116, 54.692452953096222 ], [ -6.787115835228668, 54.702988364444501 ], [ -6.805396972611601, 54.708622979753976 ], [ -6.808787004188567, 54.716699783216605 ], [ -6.827744189508117, 54.725823077755265 ], [ -6.826795362589806, 54.736756918637205 ], [ -6.841513849204129, 54.738333074971067 ], [ -6.864325506280071, 54.736284204738126 ], [ -6.886555748884406, 54.728266940095118 ], [ -6.917915965055204, 54.734677382944831 ], [ -6.935284755172395, 54.734477936835752 ], [ -6.955099024108447, 54.730276828759571 ], [ -6.973363738727932, 54.740806183209202 ], [ -6.940752471879609, 54.752186238446477 ], [ -6.93599681561739, 54.766175682509967 ], [ -6.928542113684867, 54.772774940770503 ], [ -6.909925986905423, 54.777960750689019 ], [ -6.90290340779341, 54.783819835857642 ], [ -6.905929101698073, 54.791333871366611 ], [ -6.921460222069336, 54.804635088091771 ], [ -6.91185370637436, 54.813415527359069 ], [ -6.912064576402072, 54.820320723288567 ], [ -6.946068711279721, 54.833728837466047 ], [ -6.974417763445572, 54.828700244710888 ], [ -6.987383072695479, 54.832985059117149 ], [ -7.004181561320323, 54.820732352748109 ], [ -7.039460229980492, 54.819720929055187 ], [ -7.063618241922192, 54.810933502623016 ], [ -7.122805137699008, 54.827765204052362 ], [ -7.131160750819999, 54.834893045691743 ], [ -7.159150247448605, 54.851458404481832 ], [ -7.178055204776853, 54.853612934029051 ], [ -7.191200288542436, 54.846049168502532 ], [ -7.203709871074531, 54.853683123308485 ], [ -7.192795698308276, 54.85920422184283 ], [ -7.20636946148523, 54.867332523338312 ], [ -7.197524807869687, 54.878567215765919 ], [ -7.198212929493366, 54.885933306247779 ], [ -7.269644316242323, 54.888025857497546 ], [ -7.270426946303974, 54.899036340015137 ], [ -7.263079875415249, 54.904915493138709 ], [ -7.259553245809988, 54.918211425732061 ], [ -7.301632698584215, 54.924951606578695 ], [ -7.322706306542809, 54.914587400599295 ], [ -7.357551816160809, 54.915035476031854 ], [ -7.370648115086224, 54.919963978658338 ], [ -7.371041417876334, 54.928092949259465 ], [ -7.383653771819564, 54.944031096766736 ], [ -7.391974192532392, 54.945485534580634 ] ] ] } },
{ "type": "Feature", "properties": { "hcs_name": "Warwickshire", "abbr": "Warks", "hcs_county": "Warwick", "hcs_number": 86, "hcs_code": "WRW", "county": "Warwickshire", "region": "West Midlands" }, "geometry": { "type": "Polygon", "coordinates": [ [ [ -1.851044362664352, 52.129961417319507 ], [ -1.837294170719957, 52.124009391409594 ], [ -1.824560393519161, 52.132800193165608 ], [ -1.822611330527273, 52.147123155668531 ], [ -1.812247142561206, 52.15358057494236 ], [ -1.823361191008048, 52.15884372182996 ], [ -1.817115812988496, 52.164038084816731 ], [ -1.795178896656092, 52.161451874076931 ], [ -1.77958737525447, 52.174676328666408 ], [ -1.770120224453344, 52.166389980925167 ], [ -1.757642547400349, 52.166821229717065 ], [ -1.754316130819707, 52.159582842228552 ], [ -1.737334666981773, 52.166781671909519 ], [ -1.722011681090045, 52.169109659039904 ], [ -1.693159592609037, 52.165547601461505 ], [ -1.724480503683174, 52.155237550896345 ], [ -1.733526180858825, 52.147985941523935 ], [ -1.721709623052161, 52.14151173943803 ], [ -1.71007082644591, 52.150697000535772 ], [ -1.692730430237457, 52.158558573140567 ], [ -1.667025198624069, 52.157545728131744 ], [ -1.668493695099164, 52.149749100019449 ], [ -1.697045845867042, 52.147318924836675 ], [ -1.690054519210579, 52.131800660541479 ], [ -1.699192770396271, 52.12498417622249 ], [ -1.706232116017482, 52.101914340124033 ], [ -1.70419118283846, 52.092639969033215 ], [ -1.715043064033146, 52.090191011176863 ], [ -1.719837624993163, 52.081451431470121 ], [ -1.730650868422527, 52.07328616172812 ], [ -1.714208490822284, 52.066661550014373 ], [ -1.68997348736247, 52.053169145884873 ], [ -1.695003872774588, 52.04054507162018 ], [ -1.688665269200263, 52.037722686840574 ], [ -1.653578740862011, 52.035399529783419 ], [ -1.627419749887548, 52.037479394735641 ], [ -1.617523815281215, 52.033409922699256 ], [ -1.64029392004013, 52.018768529588073 ], [ -1.642855772871735, 52.009239833691936 ], [ -1.669929211847568, 51.993186973171106 ], [ -1.665723184828908, 51.987473880631576 ], [ -1.642213456935168, 51.977431348676014 ], [ -1.626281828176376, 51.967492189775001 ], [ -1.612453778469377, 51.955414301532706 ], [ -1.591606939173752, 51.970439779828816 ], [ -1.549532419884759, 51.980838919160107 ], [ -1.556771765329419, 51.989574204170502 ], [ -1.544105794202989, 51.996320964556091 ], [ -1.524137970068485, 51.994147390230573 ], [ -1.52105388323382, 52.006008139974803 ], [ -1.511028516196837, 52.021415807538148 ], [ -1.50718499810995, 52.03640164973158 ], [ -1.497204025556027, 52.060858344427366 ], [ -1.50266188042138, 52.069179221222697 ], [ -1.490597655024064, 52.077258450162944 ], [ -1.494085988182059, 52.082344542350896 ], [ -1.470649638279343, 52.097926998549369 ], [ -1.447185635552804, 52.097630065000082 ], [ -1.453464473868088, 52.112979449743591 ], [ -1.425249122948676, 52.118280616657117 ], [ -1.402945889085881, 52.109152068124317 ], [ -1.385312169547992, 52.094245206437641 ], [ -1.35823332485725, 52.101358437436495 ], [ -1.370313997782909, 52.115365459043176 ], [ -1.358186965913632, 52.125167797751239 ], [ -1.369555732949756, 52.134738773353 ], [ -1.354979527982963, 52.135853891332893 ], [ -1.341086613538873, 52.14483511423667 ], [ -1.343487365189474, 52.153057876095104 ], [ -1.334084629279085, 52.159064696705407 ], [ -1.331956803332122, 52.168503219577829 ], [ -1.326868111657027, 52.178502771416923 ], [ -1.340439711201789, 52.182773039412965 ], [ -1.344490525936038, 52.202015311199659 ], [ -1.33207037829696, 52.196199955513407 ], [ -1.308699132908592, 52.189769940328809 ], [ -1.281209473975291, 52.191952844405563 ], [ -1.281150967163105, 52.195781319193159 ], [ -1.255100070703882, 52.197802165216551 ], [ -1.260928203959081, 52.215996815268298 ], [ -1.276230235870984, 52.223026898526371 ], [ -1.280009781820253, 52.233367755494577 ], [ -1.267626148263991, 52.237431387727888 ], [ -1.254309700313079, 52.24765077681954 ], [ -1.240612064773458, 52.247934214219597 ], [ -1.215910863452978, 52.263833242707051 ], [ -1.223543918234086, 52.286290975671392 ], [ -1.233710555965758, 52.290327075701491 ], [ -1.228988145580129, 52.298000341613708 ], [ -1.209216159051646, 52.315190989635958 ], [ -1.24874029765065, 52.3228960449675 ], [ -1.264796136850774, 52.328283724822647 ], [ -1.258659245198876, 52.337065206631458 ], [ -1.221332292014301, 52.349583793920061 ], [ -1.175110470364079, 52.356200474060792 ], [ -1.172096282665529, 52.36130054111625 ], [ -1.202685909696834, 52.396678528594741 ], [ -1.237890923682116, 52.436026857505091 ], [ -1.255765262231036, 52.45346639705771 ], [ -1.293439871676252, 52.485172502202758 ], [ -1.309607111771334, 52.496187309293028 ], [ -1.464371838139577, 52.553041413945557 ], [ -1.518630609267842, 52.569032267611121 ], [ -1.525622419716685, 52.581281760281932 ], [ -1.537391882991868, 52.589472794987614 ], [ -1.560231401793033, 52.596783108501988 ], [ -1.554218087620586, 52.613538432004518 ], [ -1.566869628873679, 52.620617646938598 ], [ -1.564584468630226, 52.631231543758787 ], [ -1.547078210428867, 52.642289921338758 ], [ -1.542374662668506, 52.65365132143814 ], [ -1.55261979722377, 52.668304058627378 ], [ -1.579217076341262, 52.679529984100135 ], [ -1.589520324827706, 52.687285207796577 ], [ -1.627997508437859, 52.663484077029096 ], [ -1.663302016429572, 52.652145904310203 ], [ -1.681368222958009, 52.64873537756629 ], [ -1.693910597908779, 52.640786963671182 ], [ -1.696352975369952, 52.624724307367146 ], [ -1.690694312612206, 52.614305043407548 ], [ -1.695099206260642, 52.598765016502355 ], [ -1.703937453390024, 52.587580117157962 ], [ -1.737481084600046, 52.588961453152976 ], [ -1.741104539907099, 52.594278612165134 ], [ -1.768246197830686, 52.589122692576517 ], [ -1.774771816103802, 52.592281972041135 ], [ -1.788035435077952, 52.587884559522429 ], [ -1.794928319036247, 52.599310607849304 ], [ -1.819147570351145, 52.609180608647463 ], [ -1.848375954278868, 52.604848693081394 ], [ -1.853968755386003, 52.595476614302974 ], [ -1.875831149725168, 52.580714352655008 ], [ -1.878031238445765, 52.564675910314797 ], [ -1.856632500386846, 52.546164019382914 ], [ -1.874667444611883, 52.535940493809001 ], [ -1.890583806790855, 52.53059863322062 ], [ -1.879991811437302, 52.517197189667293 ], [ -1.89511935832105, 52.505793873930173 ], [ -1.943818705186984, 52.498766252357086 ], [ -1.952701300520462, 52.483231110173797 ], [ -1.969315770879065, 52.477398343243351 ], [ -1.959772415014807, 52.469240616891803 ], [ -1.944607810792056, 52.463266810391858 ], [ -1.945297615641838, 52.446520235183677 ], [ -1.923712904576864, 52.446431658801259 ], [ -1.908341157585691, 52.449559297242168 ], [ -1.891864122890122, 52.465175813539332 ], [ -1.870893176500995, 52.458532759959986 ], [ -1.850560650240977, 52.45789667060572 ], [ -1.829751353616498, 52.467752867875568 ], [ -1.81112326143449, 52.490763487872208 ], [ -1.787999620873464, 52.495773450362748 ], [ -1.771983484354248, 52.484688402269001 ], [ -1.781893945884192, 52.477092562711555 ], [ -1.791530149443337, 52.475615852385054 ], [ -1.801025619480699, 52.465633057036335 ], [ -1.803108223899062, 52.456603543176655 ], [ -1.816751563380242, 52.432729803098788 ], [ -1.843999176678203, 52.410645116164446 ], [ -1.864813491113362, 52.410377193686081 ], [ -1.869200020072332, 52.396427473512531 ], [ -1.857487821779466, 52.389356023800381 ], [ -1.865462718172774, 52.373641483064333 ], [ -1.876097122022226, 52.363634848056527 ], [ -1.893783986127925, 52.359072445578043 ], [ -1.891584989659194, 52.351311143158298 ], [ -1.880493141427322, 52.348185518461499 ], [ -1.873210250462066, 52.33756963064522 ], [ -1.853815058405726, 52.323301909896855 ], [ -1.839521514928385, 52.316455706469611 ], [ -1.842526119398637, 52.310001575155901 ], [ -1.833448003292432, 52.299511430456192 ], [ -1.812373818556928, 52.289764155013451 ], [ -1.817082900445699, 52.278780990298195 ], [ -1.829386416192384, 52.283019121145522 ], [ -1.842172586763504, 52.300446387745794 ], [ -1.861613042682887, 52.315984168804597 ], [ -1.888396906157979, 52.308139924978946 ], [ -1.914042551511625, 52.30773209671667 ], [ -1.939614498001681, 52.304097985602951 ], [ -1.946110181851761, 52.292466824610905 ], [ -1.937915160241087, 52.278042563687386 ], [ -1.93666245089395, 52.251960362531207 ], [ -1.927283272493161, 52.242911399774066 ], [ -1.918296321257744, 52.222558426628851 ], [ -1.921470038698282, 52.210433758343761 ], [ -1.936461640921095, 52.202637382378555 ], [ -1.9348105883767, 52.19298059465271 ], [ -1.94190706026117, 52.177138032691083 ], [ -1.949429572407355, 52.17299267973884 ], [ -1.934169012525186, 52.165384946936861 ], [ -1.944306542321908, 52.15535118053586 ], [ -1.921895019001712, 52.152994131672237 ], [ -1.902181878010394, 52.137743347828511 ], [ -1.89304079294998, 52.138536357771805 ], [ -1.884959610936121, 52.147392123090782 ], [ -1.888825737309444, 52.156377086310982 ], [ -1.866909159609118, 52.152979380774163 ], [ -1.86697999974071, 52.144620845586473 ], [ -1.854759581374729, 52.138304069021608 ], [ -1.851044362664352, 52.129961417319507 ] ] ] } },
{ "type": "Feature", "properties": { "hcs_name": "West Lothian", "abbr": "W Loth", "hcs_county": "W Lothian", "hcs_number": 87, "hcs_code": "WLT", "county": "West Lothian", "region": "Scotland" }, "geometry": { "type": "Polygon", "coordinates": [ [ [ -3.303874499682793, 55.975347639348904 ], [ -3.301826947497666, 55.979659592885653 ], [ -3.330224263977152, 55.988161105127347 ], [ -3.351967065400888, 56.001582147929597 ], [ -3.365921239257432, 55.998724665553119 ], [ -3.37654935573605, 55.991536918259861 ], [ -3.394482318147908, 55.989887141326129 ], [ -3.407088458722633, 55.993874512148452 ], [ -3.433296777247783, 55.993264663877355 ], [ -3.472421805523378, 55.999930440583576 ], [ -3.480473781024371, 55.99767428083986 ], [ -3.512868491976188, 55.999494855753582 ], [ -3.516483542216662, 56.004704769000909 ], [ -3.564226340319268, 56.011716230370581 ], [ -3.568842441855178, 56.015946532465314 ], [ -3.597581694242876, 56.020963742945327 ], [ -3.614851925709039, 56.016048197612704 ], [ -3.625469325603648, 56.019160723879182 ], [ -3.637818543034287, 56.014774857583483 ], [ -3.660882685993098, 56.014722507838123 ], [ -3.678161074785498, 56.006716305467521 ], [ -3.68991059312255, 56.004923945784554 ], [ -3.661223591177073, 55.989527840532553 ], [ -3.628517345934419, 55.986339752370142 ], [ -3.631639204730407, 55.973962192508253 ], [ -3.648980494930202, 55.96923091773084 ], [ -3.656160687978827, 55.958680692626274 ], [ -3.664631019729671, 55.960172845242035 ], [ -3.676959475675897, 55.942547820515678 ], [ -3.708889295185819, 55.933986170477468 ], [ -3.729814325668349, 55.936040124131857 ], [ -3.750541541900709, 55.925142446704115 ], [ -3.767753138921413, 55.908042138075494 ], [ -3.782188206618626, 55.901630953817353 ], [ -3.822554668939001, 55.896478712094734 ], [ -3.831166860473622, 55.893528103527828 ], [ -3.822866568882475, 55.883873081661406 ], [ -3.812047113212398, 55.883854746425506 ], [ -3.795436300385554, 55.873501906632853 ], [ -3.777962857648811, 55.876367469323682 ], [ -3.771576761279892, 55.883851661395134 ], [ -3.760590969793464, 55.882825010919341 ], [ -3.743029827015687, 55.88714339720098 ], [ -3.711930509299477, 55.882074726987412 ], [ -3.711146394833491, 55.873786876476508 ], [ -3.747116820750646, 55.865522394393977 ], [ -3.748904513778589, 55.856386634045201 ], [ -3.744126910389359, 55.838918281861368 ], [ -3.732632945175619, 55.823078388295585 ], [ -3.716422744503086, 55.814912548992623 ], [ -3.669748150382917, 55.83165728242237 ], [ -3.632788447297761, 55.843555038338309 ], [ -3.604387779329115, 55.850666649240907 ], [ -3.590418001994573, 55.851521876522732 ], [ -3.57153164670348, 55.862272816666639 ], [ -3.57251846586305, 55.877580756142805 ], [ -3.560130137189892, 55.883431067396707 ], [ -3.532058122726629, 55.884396445833566 ], [ -3.520057307132331, 55.887533247104905 ], [ -3.526006527880022, 55.90325957941139 ], [ -3.48682457559832, 55.913777799036161 ], [ -3.465032556051851, 55.902752640076947 ], [ -3.454583238030493, 55.909315771811897 ], [ -3.437576922643626, 55.912823260218815 ], [ -3.425925631860737, 55.932514969469558 ], [ -3.410040867925942, 55.940471002187913 ], [ -3.403344711258212, 55.952838024959362 ], [ -3.381752415932967, 55.949902242548021 ], [ -3.354934808089945, 55.958874723823101 ], [ -3.315792532300698, 55.964208588533317 ], [ -3.303874499682793, 55.975347639348904 ] ] ] } },
{ "type": "Feature", "properties": { "hcs_name": "Westmorland", "abbr": "Westm", "hcs_county": "Westmorland", "hcs_number": 88, "hcs_code": "WML", "county": "Westmorland", "region": "North West England" }, "geometry": { "type": "Polygon", "coordinates": [ [ [ -2.355407591867333, 54.697226405456888 ], [ -2.373669915125468, 54.698351423367498 ], [ -2.391411167648541, 54.705133702926332 ], [ -2.418764234640177, 54.707168728601673 ], [ -2.42547694904357, 54.703505399079141 ], [ -2.465473202126562, 54.700508 ], [ -2.477803603555569, 54.691262490231303 ], [ -2.489221791423774, 54.687803127449016 ], [ -2.506791784947264, 54.675477197004923 ], [ -2.524201864694185, 54.675454740338822 ], [ -2.550996056528577, 54.670048478194303 ], [ -2.57386578634541, 54.660790353101291 ], [ -2.574904936267504, 54.654608745140266 ], [ -2.604312940699574, 54.646835947713242 ], [ -2.613926650133064, 54.650023264828029 ], [ -2.621976588319314, 54.659323471762001 ], [ -2.636881232979453, 54.661183227089843 ], [ -2.651002502121556, 54.669243593520477 ], [ -2.671030312987952, 54.664150612560675 ], [ -2.684883803556657, 54.665413977124913 ], [ -2.715138684576755, 54.655235697729474 ], [ -2.729894789024772, 54.656930213131467 ], [ -2.735525267431971, 54.651732407256958 ], [ -2.760012447923763, 54.649696066582031 ], [ -2.809830827260643, 54.63217317635678 ], [ -2.82232970441761, 54.612032383269337 ], [ -2.830959385903895, 54.608333295356672 ], [ -2.851570434591932, 54.591535162160362 ], [ -2.863899621475168, 54.576574564803117 ], [ -2.877458888739556, 54.578922367363454 ], [ -2.910661, 54.570618 ], [ -2.942091640848997, 54.560129331980711 ], [ -2.964274008847475, 54.558938237691841 ], [ -2.988452633336088, 54.561557505271864 ], [ -3.020417159559625, 54.558895018998562 ], [ -3.016673818373376, 54.547856564187136 ], [ -3.025117746498482, 54.540947895721132 ], [ -3.025790968029616, 54.530185702991353 ], [ -3.01516892292011, 54.525657084618011 ], [ -3.016861650540589, 54.515230015949768 ], [ -3.011648834213438, 54.508222488976749 ], [ -3.014814880309558, 54.499795016494481 ], [ -3.061944014606097, 54.492547129102093 ], [ -3.088264, 54.483944 ], [ -3.097755570289382, 54.471942082120712 ], [ -3.109458116299503, 54.474013839974589 ], [ -3.119473451103928, 54.460276326463905 ], [ -3.145330436361029, 54.468586138433594 ], [ -3.156250230583093, 54.458695583006872 ], [ -3.167174, 54.454109 ], [ -3.154035279322417, 54.429667157725213 ], [ -3.135905170233392, 54.421839864107042 ], [ -3.115231013097363, 54.422378583658691 ], [ -3.115259545194016, 54.41501288059721 ], [ -3.075762730141725, 54.419487358148679 ], [ -3.053341600654778, 54.416674983191903 ], [ -2.993616245047072, 54.422966443453845 ], [ -2.971202720040899, 54.419466368358258 ], [ -2.974736089446273, 54.412412833992832 ], [ -2.964567177521483, 54.407589996508378 ], [ -2.961905932296983, 54.395149760827181 ], [ -2.944345608320949, 54.383513214504781 ], [ -2.940608861802862, 54.352054372831667 ], [ -2.949947407725821, 54.336678944281523 ], [ -2.937171060199269, 54.327917388623405 ], [ -2.923671664303533, 54.337674682421998 ], [ -2.901627432303207, 54.332978722442334 ], [ -2.908220626987385, 54.313318663670721 ], [ -2.905868060909185, 54.303052472160907 ], [ -2.897910195709549, 54.301212702201639 ], [ -2.890880554455378, 54.290672174469506 ], [ -2.885768586968178, 54.268091424663588 ], [ -2.895792637282332, 54.25038563202552 ], [ -2.886467233667983, 54.24611974521337 ], [ -2.88585274343091, 54.23527724177486 ], [ -2.875720673721088, 54.222544648416573 ], [ -2.885071022175444, 54.220428076650272 ], [ -2.887689283274604, 54.20918162034981 ], [ -2.893916018785869, 54.205357863747352 ], [ -2.883684255507701, 54.197912180965503 ], [ -2.8764857878853, 54.201752724514002 ], [ -2.8437889467544, 54.205647104333799 ], [ -2.8365638888859, 54.201352229506497 ], [ -2.8646950097122, 54.1905921909499 ], [ -2.8646946047767, 54.184072142240503 ], [ -2.837357600546892, 54.17400487964138 ], [ -2.816353613588863, 54.181726013174661 ], [ -2.816346860193494, 54.189865744986605 ], [ -2.799506044548948, 54.197678380415766 ], [ -2.767696311313532, 54.185912077057274 ], [ -2.753050268618136, 54.187810258144012 ], [ -2.734364589122158, 54.184112854472829 ], [ -2.736301, 54.176903 ], [ -2.710559835553762, 54.178191510684336 ], [ -2.712186824640381, 54.186089306326238 ], [ -2.685101416332841, 54.191755552934694 ], [ -2.67025928201515, 54.176683096222483 ], [ -2.6532447780935, 54.183099828684043 ], [ -2.644641326837864, 54.190949454692984 ], [ -2.639978109780891, 54.202019857862162 ], [ -2.625119155008382, 54.195618555631121 ], [ -2.605866087625212, 54.194424962573976 ], [ -2.57589479409682, 54.195646169150208 ], [ -2.546608445686647, 54.202272022860178 ], [ -2.520655469779644, 54.215855390506576 ], [ -2.499629026116965, 54.219489695153811 ], [ -2.459575545713717, 54.239515459938829 ], [ -2.520690949986567, 54.262092774132618 ], [ -2.502772610634423, 54.27630137310296 ], [ -2.511482581999104, 54.284805702241101 ], [ -2.542518681226182, 54.300600058018702 ], [ -2.563470519486539, 54.313543928607565 ], [ -2.572215316063074, 54.300610805772742 ], [ -2.583843197078727, 54.30774590352317 ], [ -2.579012985316799, 54.316773062408295 ], [ -2.567715501214752, 54.325341637039791 ], [ -2.573131028754024, 54.351115984987153 ], [ -2.588421042809232, 54.359188811251947 ], [ -2.580118797242128, 54.363497229651941 ], [ -2.576351453148197, 54.379582096449006 ], [ -2.579678437969919, 54.391026736181949 ], [ -2.554979932590577, 54.386754744317443 ], [ -2.538686052753349, 54.394194094821174 ], [ -2.534006620563535, 54.381103351597829 ], [ -2.519002, 54.369774 ], [ -2.483513297617302, 54.377355695914979 ], [ -2.46271140397293, 54.368382808030269 ], [ -2.449294479354965, 54.375719912527302 ], [ -2.420898161981428, 54.365858287240457 ], [ -2.404848342304895, 54.370357958540176 ], [ -2.380958089031775, 54.366733321812589 ], [ -2.366552450108579, 54.355156599471158 ], [ -2.344595925989891, 54.359614801644042 ], [ -2.326060718240822, 54.368232227451841 ], [ -2.317038126947929, 54.376300264187421 ], [ -2.297355830963304, 54.376901424898961 ], [ -2.291912220641342, 54.39131297414616 ], [ -2.305502200901342, 54.39711001037336 ], [ -2.308283355656584, 54.416071264451269 ], [ -2.303319416041117, 54.426363153878327 ], [ -2.28140595727886, 54.438737670634708 ], [ -2.265231552576787, 54.442859422433692 ], [ -2.265592305102717, 54.449273236363908 ], [ -2.228502305503574, 54.458416993523741 ], [ -2.221371649247724, 54.452472073781443 ], [ -2.18950227776743, 54.448952349606294 ], [ -2.177303612057277, 54.461589867285007 ], [ -2.161662, 54.464741 ], [ -2.159110372070946, 54.472016297598408 ], [ -2.166499021367039, 54.48993974999199 ], [ -2.162130862564017, 54.503303940384818 ], [ -2.168593111866254, 54.519624537973257 ], [ -2.190109589699808, 54.534315875713212 ], [ -2.197579637520651, 54.532705417915118 ], [ -2.210152868827369, 54.543703958533023 ], [ -2.209493258980739, 54.551709366063832 ], [ -2.245900963707982, 54.565087990720059 ], [ -2.270948101692587, 54.58221539499025 ], [ -2.304488284718672, 54.596200526963898 ], [ -2.30873471859515, 54.611869508116285 ], [ -2.325015780913883, 54.631613863822551 ], [ -2.2879234041346, 54.650458121271967 ], [ -2.293202, 54.664009 ], [ -2.306222458011663, 54.670175453483999 ], [ -2.327414754237126, 54.670764704591946 ], [ -2.352214346561021, 54.68684135493605 ], [ -2.355407591867333, 54.697226405456888 ] ] ] } },
{ "type": "Feature", "properties": { "hcs_name": "Wigtownshire", "abbr": "Wigtown", "hcs_county": "Wigtown", "hcs_number": 89, "hcs_code": "WGT", "county": "Wigtownshire", "region": "Scotland" }, "geometry": { "type": "Polygon", "coordinates": [ [ [ -5.039753456515588, 54.997790828133667 ], [ -5.031442463512565, 54.97482251581701 ], [ -5.01889557990282, 54.970165800967933 ], [ -5.005703581283108, 54.952848402351137 ], [ -5.006846547275295, 54.94468937329232 ], [ -4.995326901558634, 54.934828170239641 ], [ -4.99051622582972, 54.918613923616981 ], [ -5.000994750586347, 54.910605905036306 ], [ -5.018052839092944, 54.905451569989992 ], [ -5.035614481495195, 54.908677307877248 ], [ -5.061074903729994, 54.923976122773659 ], [ -5.068472873713103, 54.933746917941043 ], [ -5.069562348381223, 54.953346773391296 ], [ -5.07397359601631, 54.964921585259994 ], [ -5.062312528888586, 54.968807718842619 ], [ -5.072137953329376, 54.981692553080158 ], [ -5.076019962707406, 54.996077856483481 ], [ -5.087079458158856, 55.000442870062194 ], [ -5.090598769434195, 55.012818553056057 ], [ -5.108657705201741, 55.018136691755807 ], [ -5.143058420697952, 55.006622164620737 ], [ -5.160228005980961, 55.007440180261703 ], [ -5.186420089200309, 54.974582081067979 ], [ -5.178035349853867, 54.966814889218938 ], [ -5.187023983285521, 54.951039423874001 ], [ -5.187317173165397, 54.931916069053088 ], [ -5.181300633003082, 54.909068633575529 ], [ -5.159401747647292, 54.889848712193171 ], [ -5.144981895061565, 54.87106132975547 ], [ -5.144916187260527, 54.857067882019905 ], [ -5.105720025005451, 54.830377122816707 ], [ -5.088853559690993, 54.828015087272064 ], [ -5.076889358129719, 54.815759675610366 ], [ -5.054078417379722, 54.809769859284451 ], [ -5.031435604800428, 54.790348471551866 ], [ -5.001143370720472, 54.77287053110549 ], [ -4.998778990426396, 54.764743820569166 ], [ -5.003653344171108, 54.754493428162547 ], [ -4.98674517747792, 54.749945196261834 ], [ -4.992854658926052, 54.736357842475989 ], [ -4.959976525617016, 54.730456378848828 ], [ -4.956257470881742, 54.723771168827376 ], [ -4.966590801207125, 54.718889061206333 ], [ -4.958683110051448, 54.707095296998965 ], [ -4.948354347615398, 54.699072582409585 ], [ -4.972273859777611, 54.690125291926101 ], [ -4.97420582572217, 54.685331845786237 ], [ -4.964156920903784, 54.666884550614697 ], [ -4.922175701240658, 54.643395200176499 ], [ -4.884581072678187, 54.637801877917468 ], [ -4.877517695401107, 54.639353003259366 ], [ -4.883350699847587, 54.658008567048412 ], [ -4.882254863541679, 54.668852675122757 ], [ -4.866760346379007, 54.68192811972947 ], [ -4.896361449347976, 54.692843498919437 ], [ -4.906977000573851, 54.704252486029247 ], [ -4.905203966409341, 54.711503941341078 ], [ -4.920513577632657, 54.737733574012026 ], [ -4.917381914220424, 54.742802803852165 ], [ -4.927804000981271, 54.750285799447234 ], [ -4.92858912100703, 54.756616651114882 ], [ -4.940386077153558, 54.765191009404411 ], [ -4.938678959954386, 54.775516032960645 ], [ -4.949830360943345, 54.796293938627976 ], [ -4.960819198932753, 54.805853153705243 ], [ -4.939940434284495, 54.830120528041121 ], [ -4.924226183099588, 54.833933940826306 ], [ -4.895851592777551, 54.845828982323496 ], [ -4.854482726529177, 54.856793422148947 ], [ -4.847973507524677, 54.869178902160101 ], [ -4.833534299711684, 54.863392335338766 ], [ -4.808538606954693, 54.860652759393446 ], [ -4.800897454721523, 54.848794427336095 ], [ -4.791621721877647, 54.8459821752569 ], [ -4.785494776677407, 54.835181525455951 ], [ -4.763040942409646, 54.827092125794323 ], [ -4.752609665357318, 54.829778838980758 ], [ -4.708322636543388, 54.823699958435434 ], [ -4.679537853609193, 54.803915752275437 ], [ -4.626444166264639, 54.782983305121803 ], [ -4.600807955737348, 54.776964700477087 ], [ -4.585073866286186, 54.764659945179446 ], [ -4.571739897466265, 54.738272945926369 ], [ -4.552949222945774, 54.735796730918565 ], [ -4.520583957433079, 54.714462118029658 ], [ -4.480996066286811, 54.699011813726308 ], [ -4.444223595642463, 54.692729672167829 ], [ -4.408243395203026, 54.67818490966178 ], [ -4.392123940935442, 54.6775051063861 ], [ -4.365189999413985, 54.6910620000153 ], [ -4.366870847595572, 54.698885017511998 ], [ -4.351306604506433, 54.70586583873051 ], [ -4.352235071660868, 54.715794123272921 ], [ -4.363266474573937, 54.717917520707978 ], [ -4.366873451545382, 54.74183592315611 ], [ -4.357713867909485, 54.752437948879411 ], [ -4.354789530240926, 54.767077175961923 ], [ -4.371092576393742, 54.77204702563521 ], [ -4.361057199031009, 54.777269501643289 ], [ -4.363687489035804, 54.795761407365539 ], [ -4.344638688808947, 54.791340849700447 ], [ -4.341426633786401, 54.798689226029282 ], [ -4.34627578852761, 54.807219393294496 ], [ -4.376015279422031, 54.819742779590882 ], [ -4.407164870591652, 54.824542064436102 ], [ -4.413459426162393, 54.829110161580111 ], [ -4.421958465574906, 54.857969592103984 ], [ -4.42757229970213, 54.864304494662157 ], [ -4.421204611358969, 54.871868116485921 ], [ -4.426249582056291, 54.881047439153043 ], [ -4.419905636799832, 54.886815392935567 ], [ -4.396702136098468, 54.893545227317219 ], [ -4.406494348692757, 54.902786970136944 ], [ -4.400628719723123, 54.915878325400527 ], [ -4.422066839807604, 54.920589944511555 ], [ -4.424080906485846, 54.931119968891622 ], [ -4.445095280449497, 54.930743561748891 ], [ -4.445219470734862, 54.944029308146433 ], [ -4.46279469000141, 54.939801854688049 ], [ -4.474803162170847, 54.946843387505837 ], [ -4.486521088613367, 54.968000753887971 ], [ -4.510789992028146, 54.971349001870166 ], [ -4.520496073802169, 54.976638688593802 ], [ -4.526340928688143, 54.997935964793605 ], [ -4.535223439552609, 55.007978755834429 ], [ -4.557330577579613, 55.021305564936803 ], [ -4.569951350104824, 55.037715409677624 ], [ -4.588437484601794, 55.05681630974599 ], [ -4.603933178065363, 55.060656663726299 ], [ -4.630761863390759, 55.055629594410831 ], [ -4.633736429204258, 55.051365759446121 ], [ -4.64769945130673, 55.054776487449601 ], [ -4.660852573339858, 55.053497543890295 ], [ -4.688595770987439, 55.044153426716235 ], [ -4.714381033724135, 55.037650611630887 ], [ -4.725838925767279, 55.045630655975685 ], [ -4.740483990658983, 55.047220661982898 ], [ -4.761201212472129, 55.037964675054162 ], [ -4.774737596091029, 55.04173803342119 ], [ -4.791689183704059, 55.037964515644411 ], [ -4.80275196437573, 55.044398282672461 ], [ -4.824663984627731, 55.041114683668255 ], [ -4.841044624252366, 55.04474653331193 ], [ -4.873501385434214, 55.03826287932641 ], [ -4.88545900462822, 55.038551037824845 ], [ -4.8971643621368, 55.028832098108509 ], [ -4.901013565628854, 55.015787260151043 ], [ -4.91759930262974, 55.003942733362997 ], [ -4.942533374101276, 54.999967737808085 ], [ -4.9727037444995, 55.011760880149119 ], [ -4.986862435249654, 55.010987829865812 ], [ -5.030096001159242, 55.002381203472162 ], [ -5.039753456515588, 54.997790828133667 ] ] ] } },
{ "type": "Feature", "properties": { "hcs_name": "Wiltshire", "abbr": "Wilts", "hcs_county": "Wilts", "hcs_number": 90, "hcs_code": "WTS", "county": "Wiltshire", "region": "South West England" }, "geometry": { "type": "Polygon", "coordinates": [ [ [ -2.294645867928268, 51.428802733245575 ], [ -2.278531684220567, 51.415907213204775 ], [ -2.290795419373693, 51.405726165238846 ], [ -2.284371233846609, 51.397800621481267 ], [ -2.296706010127075, 51.394821883499311 ], [ -2.297396837261828, 51.384656186180877 ], [ -2.290257450236565, 51.372593841796871 ], [ -2.299974316605454, 51.362134078854851 ], [ -2.323203864380682, 51.356550834522984 ], [ -2.344059642806036, 51.346289136278678 ], [ -2.321046957166633, 51.347090091673508 ], [ -2.300194207207853, 51.332267006491641 ], [ -2.287260012772377, 51.328389643241046 ], [ -2.284818006158778, 51.31779744754801 ], [ -2.276140172109567, 51.318746598244871 ], [ -2.281123299547263, 51.298312843905002 ], [ -2.253452537732887, 51.289827288171239 ], [ -2.245112748082243, 51.272237452852835 ], [ -2.245208885746905, 51.254005932485875 ], [ -2.260909078744322, 51.239001782921491 ], [ -2.268095684951575, 51.224012856500075 ], [ -2.266684161208184, 51.2164816910662 ], [ -2.281332696467329, 51.197446668284321 ], [ -2.31114280643746, 51.167265706243988 ], [ -2.314912977287973, 51.160755246901232 ], [ -2.304134815570934, 51.152175481825253 ], [ -2.290136808984072, 51.14767064925536 ], [ -2.279237893597544, 51.131327080101869 ], [ -2.267626496962206, 51.121910856671683 ], [ -2.282692163045583, 51.11412395023482 ], [ -2.345334545504054, 51.120167169629241 ], [ -2.36349766635592, 51.113905454449714 ], [ -2.359718339380669, 51.106600724905469 ], [ -2.32750858256805, 51.104041306813315 ], [ -2.321446325886579, 51.09164393526023 ], [ -2.33238073407405, 51.088162841460253 ], [ -2.325856278557352, 51.079681768480967 ], [ -2.302530245574368, 51.079155249831715 ], [ -2.283561283756185, 51.075329518921215 ], [ -2.268598762269642, 51.068718436307357 ], [ -2.24472860932393, 51.072305616741737 ], [ -2.225532991774658, 51.057413365831046 ], [ -2.218011009819277, 51.055210813687971 ], [ -2.205427610427652, 51.042785943611605 ], [ -2.192053827564265, 51.036262265948039 ], [ -2.188706467143961, 51.018562662616745 ], [ -2.178785772755443, 51.01416399301619 ], [ -2.172592496053764, 51.001095555946698 ], [ -2.149252816374545, 50.986837356656309 ], [ -2.132526648926287, 50.980074541221661 ], [ -2.122815126775893, 50.972611783230299 ], [ -2.119168610875825, 50.959414317263033 ], [ -2.11106102557605, 50.955952276993251 ], [ -2.101814454271073, 50.945030378179673 ], [ -2.083208557553351, 50.95127272171289 ], [ -2.068342072745772, 50.951154852142402 ], [ -2.059508872030368, 50.96280228403198 ], [ -2.03443557961124, 50.972465449894408 ], [ -2.017493556704126, 50.972159705869394 ], [ -1.993804183085621, 50.975763698365419 ], [ -1.989743665558268, 50.981547039482038 ], [ -1.963495625767109, 50.99199464612564 ], [ -1.956876360449331, 50.989801082329066 ], [ -1.95553476449858, 50.978302275989464 ], [ -1.920697427791295, 50.96130372206509 ], [ -1.908699620454871, 50.944991883933461 ], [ -1.896753787996399, 50.934289657508792 ], [ -1.881380797003703, 50.926194894810557 ], [ -1.873634699166356, 50.917237401450983 ], [ -1.855909254717874, 50.926516581806943 ], [ -1.840162971291002, 50.931850308353653 ], [ -1.834465257583612, 50.929360416889821 ], [ -1.830099276783659, 50.940375803676908 ], [ -1.836603746247736, 50.943489470431089 ], [ -1.842372440501846, 50.957306300060061 ], [ -1.874517561576789, 50.973867876821714 ], [ -1.873895768001616, 50.984543025290506 ], [ -1.853704930497818, 51.004364205811207 ], [ -1.841801186975974, 50.996293710551654 ], [ -1.834065558479167, 50.978146145671992 ], [ -1.814727234127039, 50.958376074491127 ], [ -1.807201407581533, 50.965252128910798 ], [ -1.817523372077109, 50.974721508819229 ], [ -1.815430261010337, 50.985929355401886 ], [ -1.807613138370029, 50.992069824266338 ], [ -1.791188540330825, 50.990140444254941 ], [ -1.775818276154211, 50.984805891933675 ], [ -1.73978464685219, 50.976665217528215 ], [ -1.721742387102049, 50.976932463039823 ], [ -1.709864709436805, 50.97131882573828 ], [ -1.689424571550111, 50.954693074910807 ], [ -1.661698091705972, 50.945341329390523 ], [ -1.642048328546896, 50.95221222427508 ], [ -1.634949667449396, 50.959271667813496 ], [ -1.623433562705396, 50.954637187343685 ], [ -1.616430679516249, 50.933752377855981 ], [ -1.606021057579698, 50.920285355510543 ], [ -1.597903557430681, 50.926116989400839 ], [ -1.592226959324917, 50.947949843110678 ], [ -1.584274608271424, 50.959008552911136 ], [ -1.582590712994507, 50.969017615369175 ], [ -1.574786930618726, 50.974837069005943 ], [ -1.576748271568002, 50.991778535449008 ], [ -1.596466421593836, 50.994949279728559 ], [ -1.597620498021573, 51.008009424404342 ], [ -1.60498152295717, 51.016064657992601 ], [ -1.602919757769962, 51.025534344877073 ], [ -1.619482662468714, 51.033049524297937 ], [ -1.632357067215194, 51.032780165184555 ], [ -1.633998171810454, 51.042247093815483 ], [ -1.628917116923066, 51.080938112601402 ], [ -1.637306935194001, 51.092195376857461 ], [ -1.626804032561861, 51.103611603691519 ], [ -1.630848674949651, 51.11102733297701 ], [ -1.626338376481625, 51.117326309044003 ], [ -1.640655924388327, 51.125416008622963 ], [ -1.662987311166514, 51.127204364213974 ], [ -1.654072340422651, 51.156302700693757 ], [ -1.672241508044339, 51.178680612337835 ], [ -1.668835235333933, 51.190762871027601 ], [ -1.694089583808221, 51.204089664937328 ], [ -1.690442483190114, 51.22408779874344 ], [ -1.701549982279157, 51.235825477170764 ], [ -1.680165383351235, 51.237627456378192 ], [ -1.650051966339344, 51.235890078039354 ], [ -1.625052624421199, 51.232484640001118 ], [ -1.619421314554957, 51.241210023776439 ], [ -1.610431084517251, 51.242985791186335 ], [ -1.60658221270187, 51.252338699971581 ], [ -1.577638911738799, 51.255593367315122 ], [ -1.539604595784095, 51.247378700055414 ], [ -1.540571508330465, 51.26141275350664 ], [ -1.53445721301721, 51.287123696848987 ], [ -1.522777907581464, 51.287065420068153 ], [ -1.52799203040216, 51.29983136550694 ], [ -1.525222555108039, 51.307047635109591 ], [ -1.533533193909551, 51.316213929454165 ], [ -1.527501968870994, 51.338439544528349 ], [ -1.515861583218115, 51.339108891142097 ], [ -1.499812678368728, 51.330366481034552 ], [ -1.486522155926816, 51.345235610835886 ], [ -1.486701632192051, 51.349391778900667 ], [ -1.500639940446215, 51.356321711259312 ], [ -1.502355287179308, 51.368796734610285 ], [ -1.513723305559645, 51.37249350036582 ], [ -1.539806414962928, 51.365146820738012 ], [ -1.53960159936181, 51.33752525803903 ], [ -1.537130331355546, 51.330527148439053 ], [ -1.560616619177024, 51.326355983508897 ], [ -1.55818758020343, 51.316912154988721 ], [ -1.589126978740919, 51.3092640061164 ], [ -1.574138484691225, 51.320956332841561 ], [ -1.579983255524006, 51.339490082929039 ], [ -1.565186381403487, 51.339753238730566 ], [ -1.548558169106296, 51.332848260621191 ], [ -1.547413208764184, 51.344562316336422 ], [ -1.554872330977586, 51.350933059025365 ], [ -1.544497110343175, 51.356095441091561 ], [ -1.550932476354785, 51.370788904823904 ], [ -1.570047672779219, 51.3679888935132 ], [ -1.573183905783547, 51.374517474539701 ], [ -1.559516602353753, 51.385372221621935 ], [ -1.553357914921706, 51.394702876253945 ], [ -1.537641465893046, 51.388301091893638 ], [ -1.529714780972779, 51.403968516977763 ], [ -1.53255090670509, 51.411199907016616 ], [ -1.519174324237602, 51.418404338196808 ], [ -1.532024559695212, 51.429510137351564 ], [ -1.524077601356416, 51.440869132544158 ], [ -1.529271581351992, 51.455484785034017 ], [ -1.545612906720925, 51.458942318594069 ], [ -1.56680104192974, 51.476894922761957 ], [ -1.572282193432242, 51.490451851217344 ], [ -1.582122198166569, 51.495082070521079 ], [ -1.588046035144635, 51.51307172280827 ], [ -1.602816929418469, 51.518297181532539 ], [ -1.613744178882322, 51.536536462592245 ], [ -1.620652406259104, 51.541054829969148 ], [ -1.643862776346648, 51.564202532361541 ], [ -1.648384089959448, 51.57235068745841 ], [ -1.658358205633633, 51.574159090983194 ], [ -1.676489322305284, 51.569383355950293 ], [ -1.691105875098278, 51.583508733931431 ], [ -1.685541293709014, 51.59130668784497 ], [ -1.690405936759968, 51.605543635660375 ], [ -1.666842271441099, 51.617603304753807 ], [ -1.673150533428102, 51.622593095229618 ], [ -1.663837498397065, 51.630391772102534 ], [ -1.665256835847114, 51.642589537476923 ], [ -1.675493936423812, 51.641364758336785 ], [ -1.689833738595506, 51.655993653789579 ], [ -1.69498610382943, 51.66906941103224 ], [ -1.719265354496698, 51.669826510271328 ], [ -1.738986150281098, 51.667451316118132 ], [ -1.749035774384992, 51.662995329454418 ], [ -1.768083774244882, 51.663688858018403 ], [ -1.776966901841855, 51.66937328371155 ], [ -1.788674595025383, 51.666990131531776 ], [ -1.814591132458172, 51.702983555112255 ], [ -1.81927259460294, 51.694130649457357 ], [ -1.812484139976937, 51.686316943744828 ], [ -1.82186885461543, 51.676458539562788 ], [ -1.816002510920439, 51.662951629114652 ], [ -1.840101984805958, 51.656133788839433 ], [ -1.850598287101147, 51.656287285783925 ], [ -1.873892839651056, 51.682600338757979 ], [ -1.893299568469611, 51.676908783897971 ], [ -1.896778593203585, 51.672785949408983 ], [ -1.886768923696899, 51.659385157308932 ], [ -1.876667074129564, 51.653204246235603 ], [ -1.888561629013366, 51.648908182566558 ], [ -1.903950419955252, 51.656032171331141 ], [ -1.920997640640151, 51.657262425610092 ], [ -1.942782400298943, 51.671152953796877 ], [ -1.973632759009181, 51.677915059481478 ], [ -1.983243500609282, 51.683685206554308 ], [ -1.990811919594451, 51.697067413251823 ], [ -1.999875315108746, 51.7012727716602 ], [ -2.049001141117901, 51.675848735654029 ], [ -2.052916269191098, 51.675480383084029 ], [ -2.084521922192281, 51.650398771788488 ], [ -2.096055854457037, 51.655661897137449 ], [ -2.112210004708454, 51.658267548427922 ], [ -2.12605914304456, 51.657080474631549 ], [ -2.14238074174501, 51.641780528252319 ], [ -2.155865669938203, 51.638427869242506 ], [ -2.147065496822268, 51.620423154300653 ], [ -2.130633421285834, 51.621183543397002 ], [ -2.131119318499061, 51.611060174218437 ], [ -2.152522857800013, 51.590318172773138 ], [ -2.177388427003705, 51.597317564788881 ], [ -2.206690640620636, 51.595939583178215 ], [ -2.210231051398056, 51.603054779295668 ], [ -2.235236864485775, 51.607220141091382 ], [ -2.245073545389987, 51.581379357416282 ], [ -2.269524003401612, 51.581821800238806 ], [ -2.276037322089673, 51.572276269819376 ], [ -2.264115415879416, 51.568030936848821 ], [ -2.268408400661367, 51.54969240032991 ], [ -2.261788670351284, 51.544743617091243 ], [ -2.26649150349083, 51.536342906854351 ], [ -2.253599171271508, 51.52880686608961 ], [ -2.255868860967308, 51.522071883344303 ], [ -2.298322842833068, 51.511475921588953 ], [ -2.296326712647127, 51.506753584646333 ], [ -2.32935252065492, 51.496359353109554 ], [ -2.325157794723976, 51.484131566334419 ], [ -2.316113317768384, 51.481836311365896 ], [ -2.291258350995429, 51.487040768158025 ], [ -2.289602506567432, 51.478656089762879 ], [ -2.295751138325893, 51.458584569996077 ], [ -2.287712854548756, 51.456809079593747 ], [ -2.294645867928268, 51.428802733245575 ] ] ] } },
{ "type": "Feature", "properties": { "hcs_name": "Worcestershire", "abbr": "Worcs", "hcs_county": "Worcester", "hcs_number": 91, "hcs_code": "WRC", "county": "Worcestershire", "region": "West Midlands" }, "geometry": { "type": "Polygon", "coordinates": [ [ [ -2.618087948706023, 52.306948017510287 ], [ -2.63587004014211, 52.308847397434121 ], [ -2.661084591324772, 52.300301936610957 ], [ -2.644386412652582, 52.293695280186256 ], [ -2.639886057556168, 52.286300854096979 ], [ -2.625935282738182, 52.28873441118715 ], [ -2.60585606971518, 52.286830659015962 ], [ -2.597945273628535, 52.281627921119458 ], [ -2.610001894518225, 52.269323964131296 ], [ -2.630900708192281, 52.257449807375849 ], [ -2.633809760573901, 52.246572363953064 ], [ -2.629050475542468, 52.24035939093207 ], [ -2.604409512605627, 52.242809924916656 ], [ -2.583448387796216, 52.248406389873097 ], [ -2.556590163028377, 52.258110516478226 ], [ -2.543440609251223, 52.267094497785166 ], [ -2.525804412775077, 52.248230762212295 ], [ -2.515794311612841, 52.25589981558123 ], [ -2.514597456324547, 52.269002513248189 ], [ -2.503134942906918, 52.277409445240437 ], [ -2.492028511564182, 52.278156467823315 ], [ -2.482431780270185, 52.284358700863386 ], [ -2.45200969896093, 52.284998581459455 ], [ -2.429883754938432, 52.271401572318098 ], [ -2.438493834082424, 52.26648581057654 ], [ -2.460149601837539, 52.260527514941735 ], [ -2.472412073818365, 52.252958979784374 ], [ -2.474712638794244, 52.241366261426954 ], [ -2.464975014846088, 52.234386806998252 ], [ -2.436865884147106, 52.237667102389331 ], [ -2.423069525571548, 52.237192023248348 ], [ -2.414393257276807, 52.231807445488371 ], [ -2.389011447714753, 52.229544978879311 ], [ -2.403355475517378, 52.221678764968786 ], [ -2.393403649387238, 52.210738932500853 ], [ -2.406855816647677, 52.203201959777068 ], [ -2.42324802679524, 52.179899698392653 ], [ -2.423332105279545, 52.172548429250703 ], [ -2.43522793511401, 52.168140036856386 ], [ -2.426483210275749, 52.161486527187812 ], [ -2.444560983000776, 52.157459918645948 ], [ -2.459717891809627, 52.158706157024085 ], [ -2.474535245696686, 52.150825435831422 ], [ -2.47475853842617, 52.143017783376614 ], [ -2.457513786203859, 52.136512270009241 ], [ -2.421490126337631, 52.149701164979234 ], [ -2.414949059363098, 52.145157522443377 ], [ -2.37938287893551, 52.155048194854885 ], [ -2.358615334062286, 52.151872997201735 ], [ -2.342021259889764, 52.129897959117606 ], [ -2.341792383731799, 52.118033488727988 ], [ -2.358996003340494, 52.120374593788107 ], [ -2.414406736582226, 52.112638716983199 ], [ -2.421569970985964, 52.107444665857869 ], [ -2.395763631378059, 52.097289005806694 ], [ -2.385794086483393, 52.096454408454534 ], [ -2.37620826359567, 52.088130176043492 ], [ -2.363109818490014, 52.094289184930815 ], [ -2.33830505218038, 52.095449818890692 ], [ -2.339238633587645, 52.069589564711478 ], [ -2.351538297390635, 52.056376026421894 ], [ -2.347533437721973, 52.033130429000785 ], [ -2.351336979853346, 52.021302162361671 ], [ -2.355944413374388, 52.002330759038529 ], [ -2.353802277922884, 51.993936710258318 ], [ -2.372683826325453, 51.983563986582475 ], [ -2.384614080263547, 51.966266804511022 ], [ -2.371876196159404, 51.96460320490619 ], [ -2.362625769951354, 51.958508386664178 ], [ -2.331691953973314, 51.946057089600401 ], [ -2.314840371327627, 51.951965466801241 ], [ -2.293295034193451, 51.969669285159675 ], [ -2.280414838162668, 51.970561717090419 ], [ -2.242260233382253, 51.965301811445791 ], [ -2.220745392972352, 51.969683912076931 ], [ -2.207480949185834, 51.961254754957515 ], [ -2.194596422901537, 51.968501876954285 ], [ -2.19040948631552, 51.975756568952953 ], [ -2.207711558660383, 51.983078008599655 ], [ -2.241647483136857, 51.986287645148131 ], [ -2.252680743485399, 51.985156244634254 ], [ -2.262905202233995, 51.994337811432061 ], [ -2.257636475646584, 52.004103208022613 ], [ -2.238314843982961, 52.003483473973347 ], [ -2.221206567207214, 51.997703238823668 ], [ -2.20068898895948, 51.998838189478661 ], [ -2.189221569554079, 51.99116074711602 ], [ -2.163934043955754, 51.996980425584347 ], [ -2.164747094727445, 52.004255341009888 ], [ -2.183989467104758, 52.01383860736177 ], [ -2.176832973594869, 52.022556579399939 ], [ -2.180420323612529, 52.042264064569203 ], [ -2.162143498378455, 52.050588203586614 ], [ -2.118401526907708, 52.042128520664825 ], [ -2.117881989163931, 52.033086152494761 ], [ -2.139971678252704, 52.027370555118701 ], [ -2.154337654294593, 51.999180091387935 ], [ -2.135139883734178, 51.999810535435223 ], [ -2.117989784878127, 52.014366328487483 ], [ -2.094189004616814, 52.012813986034573 ], [ -2.094391569298551, 52.017894814083462 ], [ -2.078603588589553, 52.043147406625032 ], [ -2.076717921879026, 52.055640198760408 ], [ -2.05936817846577, 52.056224369654373 ], [ -2.070742087365786, 52.033491098066882 ], [ -2.067279415051071, 52.022330086693977 ], [ -2.073617464422675, 52.004612637599088 ], [ -2.067866758517898, 51.99444412488932 ], [ -2.047695986109585, 51.987436549078687 ], [ -2.04452872661141, 51.994017207625582 ], [ -2.054067615101045, 52.002810057579005 ], [ -2.055175546401349, 52.014658619007314 ], [ -2.040236643108276, 52.018467104981255 ], [ -2.046572050929575, 52.028155166543726 ], [ -2.032922460641263, 52.050793663650651 ], [ -2.006468135657449, 52.055790637916019 ], [ -1.988444974942053, 52.048487156156895 ], [ -1.984120397793357, 52.035833282033515 ], [ -1.963347806035243, 52.036042686424793 ], [ -1.952319125229581, 52.040885731896438 ], [ -1.970994833642174, 52.051397316150165 ], [ -1.969152665901127, 52.05710992211273 ], [ -1.997261581565856, 52.054818948393262 ], [ -1.999781374746994, 52.059421093218397 ], [ -1.989853929669185, 52.07017574639805 ], [ -1.963999395192243, 52.069824700254046 ], [ -1.962536492436506, 52.074494798236032 ], [ -1.937770968815727, 52.069724219084023 ], [ -1.928497594973564, 52.063952520439948 ], [ -1.890819716590762, 52.063472005513901 ], [ -1.876522961277993, 52.051089148257141 ], [ -1.899897727055378, 52.037398723493027 ], [ -1.873557011313444, 52.024348461837668 ], [ -1.863655589102869, 52.0144661650207 ], [ -1.847215849828198, 52.00770906735022 ], [ -1.810818583300679, 52.002086604486003 ], [ -1.822542743450984, 52.023852445015351 ], [ -1.830719999602786, 52.032326241869981 ], [ -1.829836508953174, 52.039186205809131 ], [ -1.85740639270061, 52.052286043206067 ], [ -1.868946754345463, 52.073885048102362 ], [ -1.855612196116329, 52.074379750522283 ], [ -1.846682035852086, 52.079413458801923 ], [ -1.858760618251757, 52.086908407415521 ], [ -1.858375248797894, 52.092635589174975 ], [ -1.844449972937592, 52.107690078298504 ], [ -1.835820701517076, 52.110320586482459 ], [ -1.831161536934033, 52.095421011408249 ], [ -1.820395974728307, 52.090093431428535 ], [ -1.816074912312521, 52.079579422772881 ], [ -1.802441234235658, 52.096867715348594 ], [ -1.801335323703701, 52.107376426609683 ], [ -1.81157131109451, 52.110815652807453 ], [ -1.835882309455135, 52.113110061657594 ], [ -1.838347694256632, 52.118930236764115 ], [ -1.855181655824042, 52.124358453669288 ], [ -1.851044362664352, 52.129961417319507 ], [ -1.854759581374729, 52.138304069021608 ], [ -1.86697999974071, 52.144620845586473 ], [ -1.866909159609118, 52.152979380774163 ], [ -1.888825737309444, 52.156377086310982 ], [ -1.884959610936121, 52.147392123090782 ], [ -1.89304079294998, 52.138536357771805 ], [ -1.902181878010394, 52.137743347828511 ], [ -1.921895019001712, 52.152994131672237 ], [ -1.944306542321908, 52.15535118053586 ], [ -1.934169012525186, 52.165384946936861 ], [ -1.949429572407355, 52.17299267973884 ], [ -1.94190706026117, 52.177138032691083 ], [ -1.9348105883767, 52.19298059465271 ], [ -1.936461640921095, 52.202637382378555 ], [ -1.921470038698282, 52.210433758343761 ], [ -1.918296321257744, 52.222558426628851 ], [ -1.927283272493161, 52.242911399774066 ], [ -1.93666245089395, 52.251960362531207 ], [ -1.937915160241087, 52.278042563687386 ], [ -1.946110181851761, 52.292466824610905 ], [ -1.939614498001681, 52.304097985602951 ], [ -1.914042551511625, 52.30773209671667 ], [ -1.888396906157979, 52.308139924978946 ], [ -1.861613042682887, 52.315984168804597 ], [ -1.842172586763504, 52.300446387745794 ], [ -1.829386416192384, 52.283019121145522 ], [ -1.817082900445699, 52.278780990298195 ], [ -1.812373818556928, 52.289764155013451 ], [ -1.833448003292432, 52.299511430456192 ], [ -1.842526119398637, 52.310001575155901 ], [ -1.839521514928385, 52.316455706469611 ], [ -1.853815058405726, 52.323301909896855 ], [ -1.873210250462066, 52.33756963064522 ], [ -1.880493141427322, 52.348185518461499 ], [ -1.891584989659194, 52.351311143158298 ], [ -1.893783986127925, 52.359072445578043 ], [ -1.876097122022226, 52.363634848056527 ], [ -1.865462718172774, 52.373641483064333 ], [ -1.857487821779466, 52.389356023800381 ], [ -1.869200020072332, 52.396427473512531 ], [ -1.864813491113362, 52.410377193686081 ], [ -1.843999176678203, 52.410645116164446 ], [ -1.816751563380242, 52.432729803098788 ], [ -1.803108223899062, 52.456603543176655 ], [ -1.801025619480699, 52.465633057036335 ], [ -1.791530149443337, 52.475615852385054 ], [ -1.781893945884192, 52.477092562711555 ], [ -1.771983484354248, 52.484688402269001 ], [ -1.787999620873464, 52.495773450362748 ], [ -1.81112326143449, 52.490763487872208 ], [ -1.829751353616498, 52.467752867875568 ], [ -1.850560650240977, 52.45789667060572 ], [ -1.870893176500995, 52.458532759959986 ], [ -1.891864122890122, 52.465175813539332 ], [ -1.908341157585691, 52.449559297242168 ], [ -1.923712904576864, 52.446431658801259 ], [ -1.945297615641838, 52.446520235183677 ], [ -1.979065263515497, 52.448532758993501 ], [ -1.982397581112896, 52.461351645544092 ], [ -1.973586532486726, 52.469524709147755 ], [ -1.975440098996302, 52.482571348862088 ], [ -1.985669406732564, 52.48885135147993 ], [ -1.999565268494087, 52.506798212829551 ], [ -2.020725914315563, 52.511475814039414 ], [ -2.041658, 52.499279 ], [ -2.027517989568349, 52.489094468961184 ], [ -2.031677737071302, 52.480394622871628 ], [ -2.055353519763286, 52.462620483718354 ], [ -2.072016023564184, 52.460655345621689 ], [ -2.089613739429782, 52.46793731965262 ], [ -2.099079894742973, 52.468549628045551 ], [ -2.108410605039284, 52.461551952569003 ], [ -2.148144078907345, 52.460972742402213 ], [ -2.167507292595817, 52.471544833448618 ], [ -2.176413906635256, 52.455801354032737 ], [ -2.164171433859093, 52.423954746424762 ], [ -2.185878395003727, 52.426224401812533 ], [ -2.192919051717593, 52.42328611686294 ], [ -2.216655526636106, 52.43455160042614 ], [ -2.244350909182838, 52.437428302164228 ], [ -2.26147179741595, 52.437273308848745 ], [ -2.289219325313566, 52.443708539629775 ], [ -2.289098424797596, 52.433869185789803 ], [ -2.296668004087192, 52.424370294651375 ], [ -2.342214742375757, 52.415413347092674 ], [ -2.346697541650252, 52.408077135093905 ], [ -2.332770044266381, 52.404474014845128 ], [ -2.321488943292642, 52.405382885722801 ], [ -2.316284687255248, 52.398892234631681 ], [ -2.327783705260027, 52.392447839589117 ], [ -2.316357789357427, 52.378092851520421 ], [ -2.322555631149836, 52.37623126215464 ], [ -2.343417987868207, 52.385920328655011 ], [ -2.367239778432717, 52.388089794278017 ], [ -2.378040572059405, 52.383095773595812 ], [ -2.411011173979768, 52.385175685207571 ], [ -2.414734619078761, 52.37783671179367 ], [ -2.410571993980029, 52.36996668155664 ], [ -2.426027300388187, 52.365826271429171 ], [ -2.455338729601646, 52.367894097427566 ], [ -2.475405482538855, 52.35979107204713 ], [ -2.484241205999586, 52.344506260594521 ], [ -2.481464876523125, 52.331651022074915 ], [ -2.506096429837403, 52.328050477906316 ], [ -2.508469734906214, 52.334502010798815 ], [ -2.521847164565831, 52.341818594165197 ], [ -2.537973518215521, 52.344299821282398 ], [ -2.562564249407361, 52.332484260166019 ], [ -2.564655195352707, 52.318420956980162 ], [ -2.584064806907907, 52.313297138210046 ], [ -2.594663162395161, 52.313905486622595 ], [ -2.609602394899975, 52.306366781120509 ], [ -2.618087948706023, 52.306948017510287 ] ] ] } },
{ "type": "Feature", "properties": { "hcs_name": "Yorkshire", "abbr": "Yorks", "hcs_county": "York", "hcs_number": 92, "hcs_code": "YRK", "county": "Yorkshire", "region": "Yorkshire and the Humber" }, "geometry": { "type": "Polygon", "coordinates": [ [ [ -2.459575545713717, 54.239515459938829 ], [ -2.463211163223606, 54.222892756653145 ], [ -2.473352089219176, 54.215650778563102 ], [ -2.479924585310385, 54.202340289714307 ], [ -2.511677006601182, 54.178849944498218 ], [ -2.528766004654529, 54.169456953205867 ], [ -2.533315377602086, 54.158235608975311 ], [ -2.543693334519324, 54.157563568835201 ], [ -2.557419761661545, 54.15000458322087 ], [ -2.563333535206612, 54.140139661435626 ], [ -2.563354766348971, 54.122755916941735 ], [ -2.545914349919702, 54.117706842167053 ], [ -2.520535167755602, 54.095522392261735 ], [ -2.492532523200383, 54.089856982208516 ], [ -2.480724538025118, 54.085352366001416 ], [ -2.465660679642382, 54.071675799463229 ], [ -2.46400598118014, 54.061098357295997 ], [ -2.469501335056175, 54.046190925153894 ], [ -2.492278248877293, 54.04004033670796 ], [ -2.49290749413524, 54.032055431365713 ], [ -2.502538610463734, 54.020352948256743 ], [ -2.518587584676914, 54.021209138751445 ], [ -2.527353, 54.02623 ], [ -2.544189108158516, 54.019673028465753 ], [ -2.54927686193569, 54.013666017220558 ], [ -2.572273176608627, 54.014602449845597 ], [ -2.580669108883697, 54.000009089601583 ], [ -2.571305312762942, 53.98945684434829 ], [ -2.571623943616957, 53.983135226527814 ], [ -2.56043561670195, 53.974642860277349 ], [ -2.577510997524448, 53.971882281248618 ], [ -2.58888741953362, 53.96023179218551 ], [ -2.611539393005043, 53.956812245484556 ], [ -2.619188338953901, 53.952445363544442 ], [ -2.630018953579934, 53.957633344410496 ], [ -2.64422827861103, 53.957083451020942 ], [ -2.649761293164201, 53.949953103984107 ], [ -2.626467267136817, 53.938610473355617 ], [ -2.614574122174312, 53.920023954245757 ], [ -2.594694868233959, 53.920203315987401 ], [ -2.580205157073951, 53.924003385918283 ], [ -2.551618018342173, 53.92635812432615 ], [ -2.537375998397778, 53.933116258452131 ], [ -2.526285274165784, 53.929909152158821 ], [ -2.524070821567422, 53.920473244602654 ], [ -2.530448770987414, 53.904535354285784 ], [ -2.526934351292268, 53.901713568074875 ], [ -2.538396274053931, 53.88445549031934 ], [ -2.531752388925582, 53.882440123892408 ], [ -2.500137386707893, 53.884324346366732 ], [ -2.488148629882819, 53.878729658998168 ], [ -2.469296701020371, 53.874601977033691 ], [ -2.446711853972469, 53.854119329291443 ], [ -2.451625531883755, 53.847273888925621 ], [ -2.434939182534823, 53.840048028396318 ], [ -2.418582209173884, 53.852855696066918 ], [ -2.419284174537813, 53.867487996372255 ], [ -2.412176031619178, 53.8770147514334 ], [ -2.394724586782282, 53.882416431095407 ], [ -2.396469511561267, 53.886745542350504 ], [ -2.365653715937813, 53.900288020219371 ], [ -2.352488702190042, 53.903616655989872 ], [ -2.33005986827027, 53.904268041621833 ], [ -2.308993417689984, 53.900351155424026 ], [ -2.289104251501493, 53.901175812222711 ], [ -2.259168062499324, 53.882024045441689 ], [ -2.238472042431957, 53.886848450897759 ], [ -2.229130582714001, 53.872419880557594 ], [ -2.18514208411681, 53.882084818287453 ], [ -2.176691859509571, 53.891931157132341 ], [ -2.152986174455242, 53.884781788249903 ], [ -2.121591879555787, 53.884739752794999 ], [ -2.105393395445419, 53.890954284584986 ], [ -2.095674007206908, 53.888111698141294 ], [ -2.08162276269343, 53.875435443976251 ], [ -2.075484419230418, 53.862840428530028 ], [ -2.062407949554626, 53.859138795896612 ], [ -2.045922316291302, 53.849993320532271 ], [ -2.046890337096759, 53.829460841451656 ], [ -2.085135636316392, 53.818455283356343 ], [ -2.126073276550903, 53.799567253364827 ], [ -2.124815334435305, 53.78810089801987 ], [ -2.136543995747764, 53.779965362701105 ], [ -2.131363344693142, 53.774518070161321 ], [ -2.129617758895624, 53.754693338610878 ], [ -2.141729443078129, 53.745736037828529 ], [ -2.13896919496229, 53.73221592670663 ], [ -2.115037151971825, 53.726129317677938 ], [ -2.09686937879204, 53.716163267808483 ], [ -2.103699295672035, 53.706874514793853 ], [ -2.060046396301173, 53.687247032935389 ], [ -2.048897236521169, 53.680221498518925 ], [ -2.054157291080873, 53.672247916539426 ], [ -2.037099128614889, 53.66236760349463 ], [ -2.041172303285318, 53.6408784442376 ], [ -2.029978368423755, 53.636194164000386 ], [ -2.030991611926985, 53.629031447414889 ], [ -2.023009217698733, 53.615795249194278 ], [ -2.007513388020389, 53.613851755081839 ], [ -2.042286138954627, 53.600440558720479 ], [ -2.05591282663063, 53.597173022624105 ], [ -2.05037066670977, 53.588940068026453 ], [ -2.060084709831976, 53.57794371441792 ], [ -2.048568113560508, 53.569950555864487 ], [ -2.068606089819367, 53.557860650528696 ], [ -2.067076763847292, 53.535745200629179 ], [ -2.051997685954976, 53.530013050405515 ], [ -2.047510099898711, 53.519378411801391 ], [ -2.038319859543229, 53.519132131196237 ], [ -2.023177028962574, 53.528405782323929 ], [ -2.00929123888209, 53.51917808956577 ], [ -1.99697791881484, 53.522041580884803 ], [ -1.98699215229466, 53.516730684085388 ], [ -1.963408700781471, 53.509844168238558 ], [ -1.955872511363646, 53.504470035783839 ], [ -1.935459834462474, 53.505768190812333 ], [ -1.916666476788233, 53.514405881813481 ], [ -1.92681976660215, 53.520898325467023 ], [ -1.92239435288729, 53.53078438072194 ], [ -1.90864289300322, 53.538685056882841 ], [ -1.894195671951609, 53.533634271890648 ], [ -1.871493057307301, 53.5396371049533 ], [ -1.84560874258654, 53.524633798109718 ], [ -1.841606165790467, 53.519753878428304 ], [ -1.822544778283945, 53.522578611627246 ], [ -1.819575366372038, 53.513755016502408 ], [ -1.810250544452871, 53.506396512992353 ], [ -1.796048832215244, 53.502596418495038 ], [ -1.800276600106698, 53.49337882298969 ], [ -1.801471549575791, 53.480975606407704 ], [ -1.779076003440184, 53.474214896797733 ], [ -1.768567600107871, 53.464812755109023 ], [ -1.753157185374127, 53.464862531293818 ], [ -1.743627563829196, 53.444983567540113 ], [ -1.749640733050696, 53.439252325901016 ], [ -1.746844673933904, 53.426173152218539 ], [ -1.729874431101779, 53.415981399767681 ], [ -1.7140599938717, 53.419078248453594 ], [ -1.703238301771312, 53.413736427610431 ], [ -1.705153375015159, 53.405302809212657 ], [ -1.694521997565271, 53.401144341768237 ], [ -1.681826916389872, 53.401744568433372 ], [ -1.668134947400324, 53.393053169275781 ], [ -1.654844679566465, 53.393042270694181 ], [ -1.653588526663486, 53.384786608655823 ], [ -1.663227980841626, 53.374330271739666 ], [ -1.664010725372321, 53.367018046515021 ], [ -1.630593318192519, 53.356143762550275 ], [ -1.625971106963955, 53.352201395496508 ], [ -1.590505083075972, 53.346004 ], [ -1.564684324679922, 53.348691867611819 ], [ -1.541127985928272, 53.344901431419217 ], [ -1.514694115175908, 53.329472581461602 ], [ -1.507684897691579, 53.337737536940637 ], [ -1.483903142663272, 53.351850312034998 ], [ -1.478027271841057, 53.35999301970179 ], [ -1.425529233800924, 53.344592689137215 ], [ -1.409095440535146, 53.353827418459474 ], [ -1.386477, 53.355099 ], [ -1.35769835019805, 53.351339270398199 ], [ -1.339472604808793, 53.35726270343622 ], [ -1.325573596691642, 53.348921160169262 ], [ -1.318123206008878, 53.333064359916307 ], [ -1.298960296988455, 53.332466794487445 ], [ -1.288510022013418, 53.32616526664291 ], [ -1.295620210226162, 53.320549718399505 ], [ -1.290729572198589, 53.309265732335874 ], [ -1.271081193370425, 53.309145456139518 ], [ -1.254289383665391, 53.301753456253493 ], [ -1.243458745821608, 53.301617446427663 ], [ -1.22999329571067, 53.308471179008819 ], [ -1.219005455014982, 53.304139200806127 ], [ -1.200601030746308, 53.304369431505464 ], [ -1.189666858158678, 53.310713619393965 ], [ -1.184691127301887, 53.321369907151137 ], [ -1.163905537495603, 53.329297573594694 ], [ -1.141248560241693, 53.34642259180707 ], [ -1.145100570724708, 53.360237567419091 ], [ -1.137012322127873, 53.365168511802963 ], [ -1.130528838982552, 53.378904948082713 ], [ -1.130901629638196, 53.391047525024952 ], [ -1.108164514980527, 53.405922285924127 ], [ -1.098755242146095, 53.418767026340625 ], [ -1.087046422158923, 53.425542453822757 ], [ -1.069154052548768, 53.427748497016154 ], [ -1.058455840913188, 53.424840852804962 ], [ -1.054221240197289, 53.433569725902615 ], [ -1.055479463326885, 53.447801145084554 ], [ -1.086437966870574, 53.448568594981388 ], [ -1.078214155459513, 53.460319346594595 ], [ -1.059011256820209, 53.4567882249479 ], [ -1.028290029455081, 53.455184749465822 ], [ -1.020901635323821, 53.438064846147213 ], [ -1.01276833188343, 53.432399732570552 ], [ -0.995674987529457, 53.436912879912725 ], [ -0.997359188667472, 53.444165828540051 ], [ -0.985566243215889, 53.461282274233461 ], [ -0.985978257168699, 53.471673348790937 ], [ -1.020012859727027, 53.481184644274528 ], [ -1.018374398167471, 53.492365539116129 ], [ -0.990556564984407, 53.486619413111626 ], [ -0.98593063541463, 53.493461485684577 ], [ -0.943718131592292, 53.508605386001719 ], [ -0.958755004034554, 53.520258503381314 ], [ -0.940124094315844, 53.520447180032576 ], [ -0.936154034888136, 53.527224483380415 ], [ -0.922721204238942, 53.531347594109953 ], [ -0.890778016249571, 53.527665833129753 ], [ -0.877191013743291, 53.533598719080459 ], [ -0.894564492166455, 53.548499024068256 ], [ -0.892258251120606, 53.573318225788171 ], [ -0.88766437135352, 53.586323628428808 ], [ -0.8724787055118, 53.578757306078103 ], [ -0.863541105266265, 53.592061268595202 ], [ -0.858961247684934, 53.605491032930161 ], [ -0.84574879656692, 53.608352400163625 ], [ -0.836642749013033, 53.629259191098051 ], [ -0.822563104577756, 53.637009621202822 ], [ -0.809163694659429, 53.629362232707336 ], [ -0.784508510559877, 53.636353565075837 ], [ -0.775484804387156, 53.648949618259515 ], [ -0.75879209954134, 53.636941363029962 ], [ -0.746697067300545, 53.640593458636999 ], [ -0.752224789315758, 53.649249249025416 ], [ -0.733406635594413, 53.653977663988094 ], [ -0.718589916240487, 53.660627237359627 ], [ -0.723618826389744, 53.677980636351712 ], [ -0.706542853965364, 53.679302849506371 ], [ -0.692321894036412, 53.686587881103357 ], [ -0.695369002169553, 53.700171819711187 ], [ -0.689021715045122, 53.701124640733866 ], [ -0.658443433952134, 53.716603198397792 ], [ -0.633649870338885, 53.722402253192485 ], [ -0.601891798179164, 53.721456000239471 ], [ -0.583383437666753, 53.710699968966054 ], [ -0.552673716628977, 53.696836060118343 ], [ -0.540414764538184, 53.694197991088934 ], [ -0.519524670223596, 53.694494747568918 ], [ -0.493037983702091, 53.703268844857874 ], [ -0.472842066925378, 53.70775167317943 ], [ -0.440489892169647, 53.706370910491628 ], [ -0.442146114308373, 53.714915995357373 ], [ -0.414398126337621, 53.720582347439887 ], [ -0.370925165379706, 53.727390094410403 ], [ -0.33972333620795, 53.735833867310369 ], [ -0.297033248011991, 53.742739029634137 ], [ -0.273495372580975, 53.740210751358816 ], [ -0.243067256244371, 53.729443102839554 ], [ -0.22602878925464, 53.708086403920412 ], [ -0.207859535525614, 53.701050405538282 ], [ -0.19922952296581, 53.693965867447872 ], [ -0.177189529284708, 53.682429308023416 ], [ -0.133276374201675, 53.650876040012463 ], [ -0.103426342455742, 53.6352660580134 ], [ -0.082087530808413, 53.631371532384371 ], [ -0.053939185122417, 53.629087093817546 ], [ -0.049674078431144, 53.632069530858679 ], [ -0.010945584299512, 53.64064496515509 ], [ 0.015189359451005, 53.644269774923977 ], [ 0.033264075478503, 53.649290873128024 ], [ 0.079766618132474, 53.640920705395345 ], [ 0.105776106071645, 53.632039851270441 ], [ 0.124644782217558, 53.623348007269549 ], [ 0.141886938044449, 53.619647750843235 ], [ 0.129858130390814, 53.644146524379757 ], [ 0.115283621007555, 53.663410500874924 ], [ 0.096311024501144, 53.681082104688691 ], [ 0.046619906522343, 53.719372776518298 ], [ 0.039281476719998, 53.72808357468459 ], [ -0.02666717150453, 53.780446743101365 ], [ -0.096742098656677, 53.842782315550437 ], [ -0.121842588826959, 53.863870734777187 ], [ -0.156808876555728, 53.903738938420375 ], [ -0.16269599017847, 53.919519732653129 ], [ -0.183236725340837, 53.949097277076461 ], [ -0.205428332871716, 53.990495215462147 ], [ -0.213156171769271, 54.007987959814045 ], [ -0.216240804725485, 54.028911150643658 ], [ -0.212242991884819, 54.05570789609019 ], [ -0.198560355045664, 54.077798964879335 ], [ -0.187329033522348, 54.081107878881873 ], [ -0.165480072790221, 54.099391231475032 ], [ -0.140807970558469, 54.104292671605819 ], [ -0.105243161444811, 54.103974151994521 ], [ -0.08173411226244, 54.110793006188338 ], [ -0.08323137150562, 54.122599838611521 ], [ -0.102497097621383, 54.130946096533052 ], [ -0.121040685765071, 54.133023855731714 ], [ -0.170860646688171, 54.150986514006256 ], [ -0.226815801200717, 54.159843248967398 ], [ -0.244025184028338, 54.166307935212451 ], [ -0.272642416216631, 54.182139367276847 ], [ -0.283112384896529, 54.195026632875106 ], [ -0.285211467012003, 54.203274810140215 ], [ -0.280019171928946, 54.214989580002189 ], [ -0.292456354689107, 54.224939835938336 ], [ -0.312530211382342, 54.228498438962681 ], [ -0.318483227496608, 54.23391984442349 ], [ -0.363878776591684, 54.245056330971181 ], [ -0.375966305392496, 54.262021877852376 ], [ -0.388833969576957, 54.267038771830258 ], [ -0.397667849321552, 54.278016082790842 ], [ -0.392201768609826, 54.283796034952559 ], [ -0.406283801034256, 54.292369177761813 ], [ -0.407673654535106, 54.305191127606541 ], [ -0.417710375620779, 54.310522239558779 ], [ -0.423428803816397, 54.3390483647512 ], [ -0.430985253011758, 54.344515770403092 ], [ -0.464054671107377, 54.389492664452412 ], [ -0.491779482670458, 54.40791274781504 ], [ -0.504178849734191, 54.407602759183213 ], [ -0.524454129932418, 54.417452002251629 ], [ -0.532549310440856, 54.428481706682263 ], [ -0.531675664589264, 54.436176415480077 ], [ -0.520857647971099, 54.446238827732302 ], [ -0.540572896124034, 54.458226436005383 ], [ -0.556711941080376, 54.464992824371969 ], [ -0.569384130740409, 54.479883648757763 ], [ -0.598446716627567, 54.489371223922518 ], [ -0.625425414211867, 54.491710352456259 ], [ -0.664218235277702, 54.50025530767001 ], [ -0.674495475471703, 54.505502847941962 ], [ -0.673200211920917, 54.512899013175677 ], [ -0.681889746436537, 54.519460680558339 ], [ -0.692516650750693, 54.520235886838627 ], [ -0.712941010115335, 54.533530854205488 ], [ -0.73100817452949, 54.52792460204568 ], [ -0.744725607082428, 54.528551927163498 ], [ -0.751290051261172, 54.542109543563392 ], [ -0.767127402953323, 54.546341421931118 ], [ -0.774674429456301, 54.557430814698613 ], [ -0.808782536585848, 54.5585737215278 ], [ -0.853457492508678, 54.571764929526161 ], [ -0.872031608783753, 54.569671238965334 ], [ -0.89623426681745, 54.571176317649169 ], [ -0.926472930481347, 54.586755386859494 ], [ -0.943972418485508, 54.588668411805102 ], [ -0.963167860599971, 54.585171360558611 ], [ -1.001179672257425, 54.593234082661816 ], [ -1.039372989552656, 54.607182100679758 ], [ -1.051883642886982, 54.615894467515275 ], [ -1.072697595068376, 54.621243019004723 ], [ -1.086542502567464, 54.620527486311858 ], [ -1.118887112366544, 54.629241716470375 ], [ -1.138989864562881, 54.640921236913854 ], [ -1.142108094774293, 54.647723581349418 ], [ -1.157955699829762, 54.627642454725333 ], [ -1.15433536816776, 54.611681999432683 ], [ -1.18860971460482, 54.588558193786568 ], [ -1.203301393513323, 54.581167071779142 ], [ -1.236108423314478, 54.586338977611547 ], [ -1.245783218195292, 54.591146477709209 ], [ -1.257873884107772, 54.587497716431585 ], [ -1.260927898651519, 54.573118001566257 ], [ -1.278008930660736, 54.573236512900877 ], [ -1.28799354337801, 54.564312791060857 ], [ -1.305638084017867, 54.565782770935897 ], [ -1.311327208878127, 54.542720592665987 ], [ -1.325996686686393, 54.532529217093895 ], [ -1.338746092515454, 54.530279185162421 ], [ -1.335528735918942, 54.517007223860354 ], [ -1.338112628987509, 54.50744887342394 ], [ -1.34971465410677, 54.50440648146067 ], [ -1.37173381715046, 54.503742264982748 ], [ -1.384832368662963, 54.486833861248314 ], [ -1.398326626908934, 54.491921757020386 ], [ -1.409775445215681, 54.489078958686854 ], [ -1.409758449652051, 54.478437219510482 ], [ -1.429648648868312, 54.479072098365748 ], [ -1.427102762900187, 54.485155324436612 ], [ -1.441570380448268, 54.490178335203233 ], [ -1.462245887475188, 54.504257216057255 ], [ -1.471606668795111, 54.49596170906613 ], [ -1.459082099518543, 54.494064963365638 ], [ -1.457881755642113, 54.482155110734091 ], [ -1.463829065793891, 54.473612066847323 ], [ -1.451722700682936, 54.465752596578099 ], [ -1.452638968845446, 54.453681825665363 ], [ -1.471025387877106, 54.454755110662653 ], [ -1.467572258986879, 54.461573376281194 ], [ -1.475396773585801, 54.473831469380364 ], [ -1.498206501234321, 54.4749505004146 ], [ -1.527757671456185, 54.485015044830376 ], [ -1.529718400099603, 54.475480714752557 ], [ -1.542946761068157, 54.469619689778149 ], [ -1.55120580827703, 54.474706668127403 ], [ -1.554255450060378, 54.485038348056072 ], [ -1.573821971617607, 54.49054634614518 ], [ -1.582713289415987, 54.497045591859795 ], [ -1.580755821469368, 54.51258927912523 ], [ -1.603600765374995, 54.512247469085331 ], [ -1.614210906022017, 54.519539614560315 ], [ -1.634253832896266, 54.514266423602557 ], [ -1.636152025402896, 54.525903695548678 ], [ -1.652856014881789, 54.524141518845155 ], [ -1.65829751095522, 54.534673233837452 ], [ -1.68118674653704, 54.533312105457213 ], [ -1.706058084837131, 54.537086518609442 ], [ -1.719478261571178, 54.542254365429478 ], [ -1.73006882343567, 54.541547500981082 ], [ -1.753660097724692, 54.551965865997175 ], [ -1.773801797466082, 54.548367926906607 ], [ -1.788730584204708, 54.534922460853309 ], [ -1.800872465881853, 54.528622152796842 ], [ -1.818797674207058, 54.524250621275129 ], [ -1.845197107112871, 54.528320323899557 ], [ -1.880280395586342, 54.523936949339067 ], [ -1.92649411888195, 54.539095521420762 ], [ -1.927600298093968, 54.54394479277974 ], [ -1.942169201722854, 54.554586101935136 ], [ -1.955232232929009, 54.559945927340728 ], [ -1.964888269889117, 54.570588572724397 ], [ -1.997375496589259, 54.5907664761503 ], [ -2.006015428311709, 54.601439226849529 ], [ -2.036975555968933, 54.60959196395585 ], [ -2.041570014726448, 54.617941895744281 ], [ -2.055285984691149, 54.621082430420508 ], [ -2.077531130183877, 54.618997826309496 ], [ -2.102925926571284, 54.625124204862523 ], [ -2.131152767981998, 54.635219130589455 ], [ -2.155002678132067, 54.649097017857777 ], [ -2.181117340526, 54.652311194237562 ], [ -2.196053991811246, 54.647311488598248 ], [ -2.21563436746409, 54.659248038571548 ], [ -2.24095426855015, 54.661807119743138 ], [ -2.255701370589312, 54.660513291048936 ], [ -2.25916444875653, 54.653365529090109 ], [ -2.28053140012734, 54.64651893168584 ], [ -2.2879234041346, 54.650458121271967 ], [ -2.325015780913883, 54.631613863822551 ], [ -2.30873471859515, 54.611869508116285 ], [ -2.304488284718672, 54.596200526963898 ], [ -2.270948101692587, 54.58221539499025 ], [ -2.245900963707982, 54.565087990720059 ], [ -2.209493258980739, 54.551709366063832 ], [ -2.210152868827369, 54.543703958533023 ], [ -2.197579637520651, 54.532705417915118 ], [ -2.190109589699808, 54.534315875713212 ], [ -2.168593111866254, 54.519624537973257 ], [ -2.162130862564017, 54.503303940384818 ], [ -2.166499021367039, 54.48993974999199 ], [ -2.159110372070946, 54.472016297598408 ], [ -2.161662, 54.464741 ], [ -2.177303612057277, 54.461589867285007 ], [ -2.18950227776743, 54.448952349606294 ], [ -2.221371649247724, 54.452472073781443 ], [ -2.228502305503574, 54.458416993523741 ], [ -2.265592305102717, 54.449273236363908 ], [ -2.265231552576787, 54.442859422433692 ], [ -2.28140595727886, 54.438737670634708 ], [ -2.303319416041117, 54.426363153878327 ], [ -2.308283355656584, 54.416071264451269 ], [ -2.305502200901342, 54.39711001037336 ], [ -2.291912220641342, 54.39131297414616 ], [ -2.297355830963304, 54.376901424898961 ], [ -2.317038126947929, 54.376300264187421 ], [ -2.326060718240822, 54.368232227451841 ], [ -2.344595925989891, 54.359614801644042 ], [ -2.366552450108579, 54.355156599471158 ], [ -2.380958089031775, 54.366733321812589 ], [ -2.404848342304895, 54.370357958540176 ], [ -2.420898161981428, 54.365858287240457 ], [ -2.449294479354965, 54.375719912527302 ], [ -2.46271140397293, 54.368382808030269 ], [ -2.483513297617302, 54.377355695914979 ], [ -2.519002, 54.369774 ], [ -2.534006620563535, 54.381103351597829 ], [ -2.538686052753349, 54.394194094821174 ], [ -2.554979932590577, 54.386754744317443 ], [ -2.579678437969919, 54.391026736181949 ], [ -2.576351453148197, 54.379582096449006 ], [ -2.580118797242128, 54.363497229651941 ], [ -2.588421042809232, 54.359188811251947 ], [ -2.573131028754024, 54.351115984987153 ], [ -2.567715501214752, 54.325341637039791 ], [ -2.579012985316799, 54.316773062408295 ], [ -2.583843197078727, 54.30774590352317 ], [ -2.572215316063074, 54.300610805772742 ], [ -2.563470519486539, 54.313543928607565 ], [ -2.542518681226182, 54.300600058018702 ], [ -2.511482581999104, 54.284805702241101 ], [ -2.502772610634423, 54.27630137310296 ], [ -2.520690949986567, 54.262092774132618 ], [ -2.459575545713717, 54.239515459938829 ] ] ] } }
]
}
