burial_id,feetotal,fee_l,fee_s,fee_d,fee_as_d
1,0.5.0,0,5,0,60
2,0.5.0,0,5,0,60
3,0.5.0,0,5,0,60
4,0.9.0,0,9,0,108
5,2.3.0,2,3,0,516
6,0.5.0,0,5,0,60
7,0.9.0,0,9,0,108
8,0.10.0,0,10,0,120
9,3.4.0,3,4,0,768
10,0.9.0,0,9,0,108
11,1.1.0,1,1,0,252
12,0.10.0,0,10,0,120
13,0.5.0,0,5,0,60
14,0.5.0,0,5,0,60
15,0.3.6,0,3,6,42
16,0.5.0,0,5,0,60
17,0.5.0,0,5,0,60
18,0.5.0,0,5,0,60
21,1.4.0,1,4,0,288
22,0.10.0,0,10,0,120
23,0.5.0,0,5,0,60
24,0.9.0,0,9,0,108
25,0.5.0,0,5,0,60
26,0.5.0,0,5,0,60
27,0.9.0,0,9,0,108
28,0.5.0,0,5,0,60
29,1.16.0,1,16,0,432
30,1.4.0,1,4,0,288
31,0.3.6,0,3,6,42
32,0.10.0,0,10,0,120
33,0.9.0,0,9,0,108
34,0.5.0,0,5,0,60
35,0.10.0,0,10,0,120
36,0.5.0,0,5,0,60
38,0.9.0,0,9,0,108
39,0.5.0,0,5,0,60
40,0.10.0,0,10,0,120
41,0.5.0,0,5,0,60
42,0.5.0,0,5,0,60
43,0.9.0,0,9,0,108
44,3.4.0,3,4,0,768
45,0.10.0,0,10,0,120
46,0.10.0,0,10,0,120
47,0.5.0,0,5,0,60
48,0.5.0,0,5,0,60
49,0.9.0,0,9,0,108
50,0.5.0,0,5,0,60
51,0.5.0,0,5,0,60
52,0.10.0,0,10,0,120
53,10.3.4,10,3,4,2440
54,0.9.0,0,9,0,108
55,0.9.0,0,9,0,108
56,1.16.0,1,16,0,432
57,0.5.0,0,5,0,60
59,0.9.0,0,9,0,108
60,0.10.0,0,10,0,120
61,0.3.6,0,3,6,42
62,0.3.6,0,3,6,42
63,1.3.0,1,3,0,276
64,0.10.0,0,10,0,120
65,0.3.6,0,3,6,42
67,1.8.0,1,8,0,336
68,0.10.0,0,10,0,120
69,0.5.0,0,5,0,60
70,0.10.0,0,10,0,120
71,0.5.0,0,5,0,60
72,0.5.0,0,5,0,60
73,0.5.0,0,5,0,60
74,0.5.0,0,5,0,60
75,0.19.0,0,19,0,228
76,0.5.0,0,5,0,60
77,0.5.0,0,5,0,60
78,0.9.0,0,9,0,108
79,0.10.0,0,10,0,120
81,0.5.0,0,5,0,60
83,2.3.0,2,3,0,516
85,0.5.0,0,5,0,60
86,0.5.0,0,5,0,60
87,0.19.0,0,19,0,228
88,0.5.0,0,5,0,60
89,0.5.0,0,5,0,60
90,0.5.0,0,5,0,60
91,0.5.0,0,5,0,60
92,0.5.0,0,5,0,60
93,0.10.0,0,10,0,120
94,0.5.0,0,5,0,60
95,0.5.0,0,5,0,60
96,0.3.6,0,3,6,42
97,0.3.6,0,3,6,42
98,0.10.0,0,10,0,120
99,0.9.0,0,9,0,108
100,0.9.0,0,9,0,108
101,0.9.0,0,9,0,108
102,0.5.0,0,5,0,60
103,0.5.0,0,5,0,60
104,0.10.0,0,10,0,120
105,0.19.0,0,19,0,228
106,1.14.6,1,14,6,414
107,0.5.0,0,5,0,60
108,0.3.6,0,3,6,42
109,0.5.0,0,5,0,60
110,1.1.0,1,1,0,252
112,0.5.0,0,5,0,60
113,0.5.0,0,5,0,60
114,1.6.0,1,6,0,312
115,0.5.0,0,5,0,60
116,0.5.0,0,5,0,60
117,0.5.0,0,5,0,60
118,0.5.0,0,5,0,60
119,0.9.0,0,9,0,108
120,0.5.0,0,5,0,60
121,0.5.0,0,5,0,60
122,0.5.0,0,5,0,60
123,0.5.0,0,5,0,60
124,0.5.0,0,5,0,60
125,0.5.0,0,5,0,60
126,0.9.0,0,9,0,108
127,0.5.0,0,5,0,60
128,2.3.0,2,3,0,516
129,0.5.0,0,5,0,60
130,0.5.0,0,5,0,60
131,0.10.0,0,10,0,120
132,0.10.0,0,10,0,120
133,0.19.0,0,19,0,228
134,0.5.0,0,5,0,60
135,0.5.0,0,5,0,60
136,0.10.0,0,10,0,120
137,0.10.0,0,10,0,120
138,0.19.0,0,19,0,228
139,0.19.0,0,19,0,228
140,0.5.0,0,5,0,60
141,0.9.0,0,9,0,108
142,1.16.0,1,16,0,432
143,0.5.0,0,5,0,60
144,0.9.0,0,9,0,108
145,0.5.0,0,5,0,60
146,0.19.0,0,19,0,228
147,1.8.0,1,8,0,336
148,2.12.6,2,12,6,630
149,0.5.0,0,5,0,60
150,0.3.0,0,3,0,36
151,0.9.0,0,9,0,108
152,0.5.0,0,5,0,60
153,0.5.0,0,5,0,60
154,0.5.0,0,5,0,60
155,2.12.6,2,12,6,630
156,0.5.0,0,5,0,60
157,0.5.0,0,5,0,60
158,0.10.0,0,10,0,120
159,0.5.0,0,5,0,60
160,1.16.0,1,16,0,432
161,3.4.0,3,4,0,768
162,0.5.0,0,5,0,60
163,0.5.0,0,5,0,60
164,0.5.0,0,5,0,60
165,0.5.0,0,5,0,60
166,0.10.0,0,10,0,120
167,0.5.0,0,5,0,60
168,0.9.0,0,9,0,108
169,1.0.0,1,0,0,240
170,3.4.0,3,4,0,768
171,2.12.0,2,12,0,624
172,0.5.0,0,5,0,60
173,0.5.0,0,5,0,60
174,0.5.0,0,5,0,60
175,0.5.0,0,5,0,60
176,0.5.0,0,5,0,60
177,0.5.0,0,5,0,60
178,0.5.0,0,5,0,60
179,0.10.0,0,10,0,120
180,0.5.0,0,5,0,60
181,0.5.0,0,5,0,60
182,1.16.0,1,16,0,432
183,0.5.0,0,5,0,60
184,0.5.0,0,5,0,60
185,0.9.0,0,9,0,108
186,0.5.0,0,5,0,60
187,0.10.0,0,10,0,120
188,0.10.0,0,10,0,120
189,0.5.0,0,5,0,60
190,0.9.0,0,9,0,108
191,0.10.0,0,10,0,120
192,0.5.0,0,5,0,60
193,0.5.0,0,5,0,60
194,2.0.0,2,0,0,480
195,0.5.0,0,5,0,60
196,0.5.0,0,5,0,60
197,0.5.0,0,5,0,60
198,0.10.0,0,10,0,120
199,0.5.0,0,5,0,60
200,0.5.0,0,5,0,60
201,0.5.0,0,5,0,60
202,0.5.0,0,5,0,60
203,0.5.0,0,5,0,60
204,0.5.0,0,5,0,60
205,1.1.0,1,1,0,252
206,0.5.0,0,5,0,60
207,0.5.0,0,5,0,60
208,1.16.0,1,16,0,432
209,2.0.0,2,0,0,480
210,0.5.0,0,5,0,60
211,0.5.0,0,5,0,60
212,0.5.0,0,5,0,60
213,0.5.0,0,5,0,60
214,0.5.0,0,5,0,60
215,0.5.0,0,5,0,60
216,0.5.0,0,5,0,60
217,0.5.0,0,5,0,60
218,0.5.0,0,5,0,60
219,0.5.0,0,5,0,60
220,0.5.0,0,5,0,60
221,0.5.0,0,5,0,60
222,0.9.0,0,9,0,108
223,0.5.0,0,5,0,60
224,0.5.0,0,5,0,60
225,0.5.0,0,5,0,60
226,0.5.0,0,5,0,60
227,1.8.0,1,8,0,336
228,1.1.0,1,1,0,252
229,1.4.0,1,4,0,288
230,0.9.0,0,9,0,108
231,0.5.0,0,5,0,60
232,0.5.0,0,5,0,60
233,0.5.0,0,5,0,60
234,0.5.0,0,5,0,60
235,0.5.0,0,5,0,60
236,0.9.0,0,9,0,108
237,0.5.0,0,5,0,60
238,0.5.0,0,5,0,60
239,0.5.0,0,5,0,60
240,0.9.0,0,9,0,108
241,0.9.0,0,9,0,108
242,1.16.0,1,16,0,432
243,0.5.0,0,5,0,60
244,0.5.0,0,5,0,60
245,0.5.0,0,5,0,60
246,0.5.0,0,5,0,60
247,0.5.0,0,5,0,60
248,0.5.0,0,5,0,60
249,0.5.0,0,5,0,60
250,0.15.0,0,15,0,180
251,0.9.0,0,9,0,108
252,1.16.0,1,16,0,432
253,0.5.0,0,5,0,60
254,0.5.0,0,5,0,60
255,0.5.0,0,5,0,60
256,0.5.0,0,5,0,60
257,0.5.0,0,5,0,60
258,0.9.0,0,9,0,108
259,0.9.0,0,9,0,108
260,1.4.0,1,4,0,288
261,0.5.0,0,5,0,60
262,0.5.0,0,5,0,60
263,0.5.0,0,5,0,60
264,0.5.0,0,5,0,60
265,0.5.0,0,5,0,60
266,0.9.0,0,9,0,108
267,0.9.0,0,9,0,108
268,0.5.0,0,5,0,60
269,0.5.0,0,5,0,60
270,0.5.0,0,5,0,60
271,0.5.0,0,5,0,60
272,3.4.0,3,4,0,768
273,0.5.0,0,5,0,60
274,1.16.0,1,16,0,432
275,1.4.0,1,4,0,288
276,0.5.0,0,5,0,60
277,2.12.0,2,12,0,624
278,0.5.0,0,5,0,60
279,0.5.0,0,5,0,60
280,0.5.0,0,5,0,60
281,0.5.0,0,5,0,60
282,0.5.0,0,5,0,60
283,0.5.0,0,5,0,60
284,0.9.0,0,9,0,108
285,0.5.0,0,5,0,60
286,0.5.0,0,5,0,60
287,0.5.0,0,5,0,60
288,0.9.0,0,9,0,108
289,0.5.0,0,5,0,60
290,0.5.0,0,5,0,60
291,0.5.0,0,5,0,60
292,0.5.0,0,5,0,60
293,0.5.0,0,5,0,60
294,0.9.0,0,9,0,108
295,0.5.0,0,5,0,60
296,0.5.0,0,5,0,60
297,0.5.0,0,5,0,60
298,0.9.0,0,9,0,108
299,0.5.0,0,5,0,60
300,0.5.0,0,5,0,60
301,0.5.0,0,5,0,60
302,0.5.0,0,5,0,60
303,0.5.0,0,5,0,60
304,0.5.0,0,5,0,60
305,0.5.0,0,5,0,60
306,0.12.0,0,12,0,144
307,0.5.0,0,5,0,60
308,0.5.0,0,5,0,60
309,0.5.0,0,5,0,60
310,1.1.0,1,1,0,252
311,0.5.0,0,5,0,60
312,0.5.0,0,5,0,60
313,0.14.0,0,14,0,168
314,1.16.0,1,16,0,432
315,0.5.0,0,5,0,60
316,0.5.0,0,5,0,60
317,0.5.0,0,5,0,60
318,0.5.0,0,5,0,60
319,0.5.0,0,5,0,60
320,0.5.0,0,5,0,60
321,0.5.0,0,5,0,60
322,0.5.0,0,5,0,60
323,0.5.0,0,5,0,60
324,0.9.0,0,9,0,108
325,0.5.0,0,5,0,60
326,0.5.0,0,5,0,60
327,2.3.0,2,3,0,516
328,0.5.0,0,5,0,60
329,0.5.0,0,5,0,60
330,0.5.0,0,5,0,60
331,3.4.0,3,4,0,768
332,0.5.0,0,5,0,60
333,0.5.0,0,5,0,60
334,0.9.0,0,9,0,108
335,0.5.0,0,5,0,60
336,0.5.0,0,5,0,60
337,0.5.0,0,5,0,60
338,0.5.0,0,5,0,60
339,1.16.0,1,16,0,432
340,0.5.0,0,5,0,60
341,0.9.0,0,9,0,108
342,0.5.0,0,5,0,60
343,1.1.0,1,1,0,252
344,0.5.0,0,5,0,60
345,0.5.0,0,5,0,60
346,10.0.6,10,0,6,2406
347,0.5.0,0,5,0,60
348,0.5.0,0,5,0,60
349,0.5.0,0,5,0,60
350,0.5.0,0,5,0,60
351,0.5.0,0,5,0,60
352,0.5.0,0,5,0,60
353,0.5.0,0,5,0,60
354,0.5.0,0,5,0,60
355,0.9.0,0,9,0,108
356,0.9.0,0,9,0,108
357,0.5.0,0,5,0,60
358,0.5.0,0,5,0,60
359,0.5.0,0,5,0,60
360,0.5.0,0,5,0,60
361,0.5.0,0,5,0,60
362,0.9.0,0,9,0,108
363,0.5.0,0,5,0,60
364,0.5.0,0,5,0,60
365,0.5.0,0,5,0,60
366,1.1.0,1,1,0,252
367,0.5.0,0,5,0,60
368,2.12.6,2,12,6,630
369,0.5.0,0,5,0,60
370,0.5.0,0,5,0,60
371,1.1.0,1,1,0,252
372,0.5.0,0,5,0,60
373,1.16.0,1,16,0,432
374,0.5.0,0,5,0,60
375,1.1.0,1,1,0,252
376,0.5.0,0,5,0,60
377,0.5.0,0,5,0,60
378,0.5.0,0,5,0,60
379,0.5.0,0,5,0,60
380,0.5.0,0,5,0,60
381,0.9.0,0,9,0,108
382,0.5.0,0,5,0,60
383,2.0.0,2,0,0,480
384,0.5.0,0,5,0,60
385,3.4.0,3,4,0,768
386,0.5.0,0,5,0,60
387,0.9.0,0,9,0,108
388,0.5.0,0,5,0,60
390,2.3.0,2,3,0,516
391,0.5.0,0,5,0,60
392,0.5.0,0,5,0,60
393,0.5.0,0,5,0,60
394,0.5.0,0,5,0,60
395,0.9.0,0,9,0,108
396,0.5.0,0,5,0,60
397,0.19.0,0,19,0,228
398,0.5.0,0,5,0,60
399,0.9.0,0,9,0,108
400,0.9.0,0,9,0,108
401,0.5.0,0,5,0,60
402,1.13.6,1,13,6,402
403,1.12.0,1,12,0,384
404,3.4.0,3,4,0,768
405,0.9.0,0,9,0,108
406,0.15.0,0,15,0,180
407,0.5.0,0,5,0,60
408,0.9.0,0,9,0,108
409,0.5.0,0,5,0,60
410,0.5.0,0,5,0,60
411,0.5.0,0,5,0,60
412,0.9.0,0,9,0,108
413,0.5.0,0,5,0,60
414,2.12.0,2,12,0,624
415,0.9.0,0,9,0,108
416,0.9.0,0,9,0,108
417,0.5.0,0,5,0,60
418,0.9.0,0,9,0,108
419,0.5.0,0,5,0,60
420,0.5.0,0,5,0,60
421,0.5.0,0,5,0,60
422,0.5.0,0,5,0,60
423,0.5.0,0,5,0,60
424,0.5.0,0,5,0,60
425,0.5.0,0,5,0,60
426,3.4.0,3,4,0,768
427,0.5.0,0,5,0,60
428,0.5.0,0,5,0,60
429,0.9.0,0,9,0,108
430,0.5.0,0,5,0,60
431,0.5.0,0,5,0,60
432,0.5.0,0,5,0,60
433,3.4.0,3,4,0,768
434,0.5.0,0,5,0,60
435,0.5.0,0,5,0,60
436,0.5.0,0,5,0,60
437,1.1.0,1,1,0,252
438,0.5.0,0,5,0,60
439,0.14.0,0,14,0,168
440,0.5.0,0,5,0,60
441,0.5.0,0,5,0,60
442,0.5.0,0,5,0,60
443,0.5.0,0,5,0,60
444,1.1.0,1,1,0,252
445,0.5.0,0,5,0,60
446,3.4.0,3,4,0,768
447,0.5.0,0,5,0,60
448,0.5.0,0,5,0,60
449,0.5.0,0,5,0,60
450,1.1.0,1,1,0,252
451,2.12.6,2,12,6,630
452,0.9.0,0,9,0,108
453,0.5.0,0,5,0,60
454,0.5.0,0,5,0,60
455,0.5.0,0,5,0,60
456,0.5.0,0,5,0,60
457,0.5.0,0,5,0,60
458,0.5.0,0,5,0,60
459,0.9.0,0,9,0,108
460,0.5.0,0,5,0,60
461,0.5.0,0,5,0,60
462,0.5.0,0,5,0,60
463,0.9.0,0,9,0,108
464,0.5.0,0,5,0,60
465,0.5.0,0,5,0,60
466,0.5.0,0,5,0,60
467,0.9.0,0,9,0,108
468,1.1.0,1,1,0,252
469,0.9.0,0,9,0,108
470,2.3.0,2,3,0,516
471,0.5.0,0,5,0,60
472,0.9.0,0,9,0,108
473,0.5.0,0,5,0,60
474,0.5.0,0,5,0,60
475,0.5.0,0,5,0,60
476,0.5.0,0,5,0,60
477,1.1.0,1,1,0,252
478,2.3.0,2,3,0,516
479,3.4.0,3,4,0,768
480,0.5.0,0,5,0,60
482,0.5.0,0,5,0,60
483,0.5.0,0,5,0,60
484,0.9.0,0,9,0,108
485,0.9.0,0,9,0,108
486,0.5.0,0,5,0,60
487,0.5.0,0,5,0,60
488,0.5.0,0,5,0,60
489,0.5.0,0,5,0,60
490,0.9.0,0,9,0,108
491,0.5.0,0,5,0,60
492,0.5.0,0,5,0,60
493,0.5.0,0,5,0,60
494,1.11.0,1,11,0,372
495,0.5.0,0,5,0,60
496,0.5.0,0,5,0,60
497,2.3.0,2,3,0,516
498,0.5.0,0,5,0,60
499,0.5.0,0,5,0,60
500,0.5.0,0,5,0,60
501,1.1.0,1,1,0,252
502,0.5.0,0,5,0,60
503,1.0.0,1,0,0,240
504,0.5.0,0,5,0,60
505,0.5.0,0,5,0,60
506,0.5.0,0,5,0,60
507,1.16.0,1,16,0,432
508,0.5.0,0,5,0,60
509,1.1.0,1,1,0,252
510,0.5.0,0,5,0,60
511,3.4.0,3,4,0,768
512,0.9.0,0,9,0,108
513,0.9.0,0,9,0,108
514,0.5.0,0,5,0,60
515,0.5.0,0,5,0,60
516,0.5.0,0,5,0,60
517,0.5.0,0,5,0,60
518,0.12.0,0,12,0,144
519,0.5.0,0,5,0,60
520,0.9.0,0,9,0,108
521,2.12.6,2,12,6,630
522,0.5.0,0,5,0,60
523,0.5.0,0,5,0,60
524,0.5.0,0,5,0,60
525,0.5.0,0,5,0,60
526,0.5.0,0,5,0,60
527,0.5.0,0,5,0,60
528,0.5.0,0,5,0,60
529,0.5.0,0,5,0,60
530,0.5.0,0,5,0,60
531,0.5.0,0,5,0,60
532,0.9.0,0,9,0,108
533,0.5.0,0,5,0,60
534,0.5.0,0,5,0,60
535,0.5.0,0,5,0,60
536,0.5.0,0,5,0,60
537,0.9.0,0,9,0,108
538,0.5.0,0,5,0,60
539,0.9.0,0,9,0,108
540,0.15.0,0,15,0,180
541,0.5.0,0,5,0,60
542,0.5.0,0,5,0,60
543,0.5.0,0,5,0,60
544,2.3.0,2,3,0,516
545,0.5.0,0,5,0,60
546,3.4.0,3,4,0,768
547,0.5.0,0,5,0,60
548,0.5.0,0,5,0,60
549,0.9.0,0,9,0,108
550,0.5.0,0,5,0,60
551,0.5.0,0,5,0,60
552,1.16.0,1,16,0,432
553,0.5.0,0,5,0,60
554,0.5.0,0,5,0,60
555,1.4.0,1,4,0,288
556,0.14.0,0,14,0,168
557,0.5.0,0,5,0,60
558,0.5.0,0,5,0,60
559,0.9.0,0,9,0,108
560,1.1.0,1,1,0,252
561,0.5.0,0,5,0,60
562,0.5.0,0,5,0,60
563,1.1.0,1,1,0,252
564,1.0.0,1,0,0,240
565,0.9.0,0,9,0,108
566,0.5.0,0,5,0,60
567,0.5.0,0,5,0,60
568,0.5.0,0,5,0,60
569,0.9.0,0,9,0,108
570,0.9.0,0,9,0,108
571,0.5.0,0,5,0,60
572,0.5.0,0,5,0,60
573,0.5.0,0,5,0,60
574,1.1.0,1,1,0,252
575,2.12.6,2,12,6,630
576,0.9.0,0,9,0,108
577,0.5.0,0,5,0,60
578,0.5.0,0,5,0,60
579,0.5.0,0,5,0,60
580,0.5.0,0,5,0,60
581,0.5.0,0,5,0,60
582,0.5.0,0,5,0,60
583,0.5.0,0,5,0,60
584,0.5.0,0,5,0,60
585,0.5.0,0,5,0,60
586,0.5.0,0,5,0,60
587,0.5.0,0,5,0,60
588,0.5.0,0,5,0,60
589,0.5.0,0,5,0,60
590,0.9.0,0,9,0,108
591,0.5.0,0,5,0,60
592,0.5.0,0,5,0,60
593,0.5.0,0,5,0,60
594,1.1.0,1,1,0,252
595,0.5.0,0,5,0,60
596,0.9.0,0,9,0,108
597,1.1.0,1,1,0,252
598,0.5.0,0,5,0,60
599,0.5.0,0,5,0,60
600,0.5.0,0,5,0,60
601,0.5.0,0,5,0,60
602,0.5.0,0,5,0,60
603,2.12.0,2,12,0,624
604,0.5.0,0,5,0,60
605,0.5.0,0,5,0,60
606,1.16.0,1,16,0,432
607,1.6.0,1,6,0,312
608,0.5.0,0,5,0,60
609,0.5.0,0,5,0,60
610,1.4.0,1,4,0,288
611,0.5.0,0,5,0,60
612,0.5.0,0,5,0,60
613,0.5.0,0,5,0,60
614,1.1.0,1,1,0,252
615,0.5.0,0,5,0,60
616,0.9.0,0,9,0,108
617,0.5.0,0,5,0,60
618,0.9.0,0,9,0,108
619,0.5.0,0,5,0,60
620,3.4.0,3,4,0,768
621,0.15.0,0,15,0,180
622,1.4.0,1,4,0,288
623,0.5.0,0,5,0,60
624,0.5.0,0,5,0,60
625,0.5.0,0,5,0,60
626,0.5.0,0,5,0,60
627,0.5.0,0,5,0,60
628,0.9.0,0,9,0,108
629,0.5.0,0,5,0,60
630,0.5.0,0,5,0,60
631,0.5.0,0,5,0,60
632,3.4.0,3,4,0,768
633,1.13.0,1,13,0,396
634,0.5.0,0,5,0,60
635,0.5.0,0,5,0,60
636,0.9.0,0,9,0,108
637,0.5.0,0,5,0,60
638,0.5.0,0,5,0,60
639,0.5.0,0,5,0,60
640,0.5.0,0,5,0,60
641,0.5.0,0,5,0,60
642,0.5.0,0,5,0,60
643,0.5.0,0,5,0,60
644,0.5.0,0,5,0,60
645,1.16.0,1,16,0,432
646,0.5.0,0,5,0,60
647,1.16.0,1,16,0,432
648,0.5.0,0,5,0,60
649,1.4.0,1,4,0,288
650,0.5.0,0,5,0,60
651,0.5.0,0,5,0,60
652,2.12.6,2,12,6,630
653,0.5.0,0,5,0,60
654,0.5.0,0,5,0,60
655,0.15.0,0,15,0,180
656,0.5.0,0,5,0,60
657,0.5.0,0,5,0,60
658,2.0.0,2,0,0,480
659,0.5.0,0,5,0,60
660,0.9.0,0,9,0,108
661,0.9.0,0,9,0,108
662,0.5.0,0,5,0,60
663,0.19.0,0,19,0,228
664,0.5.0,0,5,0,60
665,0.5.0,0,5,0,60
666,0.5.0,0,5,0,60
667,2.3.0,2,3,0,516
668,0.19.0,0,19,0,228
669,1.4.0,1,4,0,288
670,0.5.0,0,5,0,60
671,0.5.0,0,5,0,60
672,0.5.0,0,5,0,60
673,0.5.0,0,5,0,60
674,0.5.0,0,5,0,60
675,0.19.0,0,19,0,228
676,0.9.0,0,9,0,108
677,3.4.0,3,4,0,768
678,0.5.0,0,5,0,60
679,0.5.0,0,5,0,60
680,0.5.0,0,5,0,60
681,0.5.0,0,5,0,60
682,2.3.0,2,3,0,516
683,1.11.0,1,11,0,372
684,0.5.0,0,5,0,60
685,0.5.0,0,5,0,60
686,0.5.0,0,5,0,60
687,0.5.0,0,5,0,60
688,0.9.0,0,9,0,108
689,1.8.0,1,8,0,336
690,0.5.0,0,5,0,60
691,0.5.0,0,5,0,60
692,0.5.0,0,5,0,60
693,2.3.0,2,3,0,516
694,1.4.0,1,4,0,288
695,0.5.0,0,5,0,60
696,2.5.0,2,5,0,540
697,0.5.0,0,5,0,60
698,1.1.0,1,1,0,252
699,0.5.0,0,5,0,60
700,0.5.0,0,5,0,60
701,0.5.0,0,5,0,60
702,0.5.0,0,5,0,60
703,0.5.0,0,5,0,60
704,3.4.0,3,4,0,768
705,0.5.0,0,5,0,60
706,0.5.0,0,5,0,60
707,0.5.0,0,5,0,60
708,1.1.0,1,1,0,252
709,0.5.0,0,5,0,60
710,0.5.0,0,5,0,60
711,0.5.0,0,5,0,60
712,0.5.0,0,5,0,60
713,0.5.0,0,5,0,60
714,0.19.0,0,19,0,228
715,1.16.0,1,16,0,432
716,0.5.0,0,5,0,60
717,1.4.0,1,4,0,288
718,3.4.0,3,4,0,768
719,0.5.0,0,5,0,60
720,0.5.0,0,5,0,60
721,0.5.0,0,5,0,60
722,0.5.0,0,5,0,60
723,0.5.0,0,5,0,60
724,0.5.0,0,5,0,60
725,0.5.0,0,5,0,60
726,0.5.0,0,5,0,60
727,0.5.0,0,5,0,60
728,0.5.0,0,5,0,60
729,0.5.0,0,5,0,60
730,0.9.0,0,9,0,108
731,0.5.0,0,5,0,60
732,0.9.0,0,9,0,108
733,0.15.0,0,15,0,180
734,0.5.0,0,5,0,60
735,0.9.0,0,9,0,108
736,0.19.0,0,19,0,228
737,1.1.0,1,1,0,252
738,2.12.6,2,12,6,630
739,0.5.0,0,5,0,60
740,0.5.0,0,5,0,60
741,2.12.6,2,12,6,630
742,0.5.0,0,5,0,60
743,0.5.0,0,5,0,60
744,0.9.0,0,9,0,108
745,1.1.0,1,1,0,252
746,0.9.0,0,9,0,108
747,0.5.0,0,5,0,60
750,1.4.0,1,4,0,288
751,0.19.0,0,19,0,228
752,0.5.0,0,5,0,60
753,0.5.0,0,5,0,60
754,1.6.0,1,6,0,312
755,0.9.0,0,9,0,108
756,0.5.0,0,5,0,60
757,0.5.0,0,5,0,60
758,0.5.0,0,5,0,60
759,0.5.0,0,5,0,60
760,0.5.0,0,5,0,60
761,0.5.0,0,5,0,60
762,0.19.0,0,19,0,228
763,2.3.0,2,3,0,516
764,1.1.0,1,1,0,252
765,1.1.0,1,1,0,252
766,0.5.0,0,5,0,60
767,0.5.0,0,5,0,60
768,0.5.0,0,5,0,60
769,0.5.0,0,5,0,60
770,1.1.0,1,1,0,252
771,0.5.0,0,5,0,60
772,3.4.0,3,4,0,768
773,0.5.0,0,5,0,60
774,0.5.0,0,5,0,60
775,0.5.0,0,5,0,60
776,1.8.0,1,8,0,336
777,2.0.0,2,0,0,480
778,0.9.0,0,9,0,108
779,1.4.0,1,4,0,288
780,1.11.0,1,11,0,372
781,0.5.0,0,5,0,60
782,3.4.0,3,4,0,768
783,0.5.0,0,5,0,60
784,0.5.0,0,5,0,60
785,1.8.0,1,8,0,336
786,0.5.0,0,5,0,60
787,0.5.0,0,5,0,60
788,0.19.0,0,19,0,228
789,0.5.0,0,5,0,60
790,0.5.0,0,5,0,60
791,1.11.0,1,11,0,372
792,0.5.0,0,5,0,60
793,2.3.0,2,3,0,516
794,0.5.0,0,5,0,60
795,0.9.0,0,9,0,108
796,0.5.0,0,5,0,60
797,3.4.0,3,4,0,768
798,2.3.0,2,3,0,516
799,0.19.0,0,19,0,228
800,0.9.0,0,9,0,108
801,0.5.0,0,5,0,60
802,0.5.0,0,5,0,60
803,0.5.0,0,5,0,60
804,1.1.0,1,1,0,252
805,1.1.0,1,1,0,252
806,0.9.0,0,9,0,108
807,3.4.0,3,4,0,768
808,0.9.0,0,9,0,108
809,1.8.0,1,8,0,336
810,0.5.0,0,5,0,60
811,0.9.0,0,9,0,108
812,0.5.0,0,5,0,60
813,1.16.0,1,16,0,432
814,0.5.0,0,5,0,60
815,0.9.0,0,9,0,108
816,1.4.0,1,4,0,288
817,0.5.0,0,5,0,60
818,1.16.0,1,16,0,432
819,0.5.0,0,5,0,60
820,0.9.0,0,9,0,108
821,0.5.0,0,5,0,60
822,1.4.0,1,4,0,288
823,0.5.0,0,5,0,60
825,0.5.0,0,5,0,60
826,0.5.0,0,5,0,60
827,0.5.0,0,5,0,60
828,0.5.0,0,5,0,60
829,0.5.0,0,5,0,60
830,0.19.0,0,19,0,228
831,0.5.0,0,5,0,60
832,0.9.0,0,9,0,108
833,0.5.0,0,5,0,60
834,0.5.0,0,5,0,60
835,0.5.0,0,5,0,60
836,1.4.0,1,4,0,288
837,0.5.0,0,5,0,60
838,0.5.0,0,5,0,60
839,0.5.0,0,5,0,60
840,0.9.0,0,9,0,108
841,0.5.0,0,5,0,60
842,1.1.0,1,1,0,252
843,2.0.0,2,0,0,480
844,0.5.0,0,5,0,60
845,0.5.0,0,5,0,60
846,0.5.0,0,5,0,60
847,0.5.0,0,5,0,60
848,0.5.0,0,5,0,60
849,0.5.0,0,5,0,60
850,3.4.0,3,4,0,768
851,0.19.0,0,19,0,228
852,0.5.0,0,5,0,60
853,0.5.0,0,5,0,60
854,0.5.0,0,5,0,60
855,0.5.0,0,5,0,60
856,0.5.0,0,5,0,60
857,1.1.0,1,1,0,252
858,2.12.0,2,12,0,624
859,0.5.0,0,5,0,60
860,1.11.0,1,11,0,372
861,0.5.0,0,5,0,60
862,0.5.0,0,5,0,60
863,0.5.0,0,5,0,60
864,0.5.0,0,5,0,60
865,0.5.0,0,5,0,60
866,0.5.0,0,5,0,60
867,0.5.0,0,5,0,60
868,1.8.0,1,8,0,336
869,0.15.0,0,15,0,180
870,0.5.0,0,5,0,60
871,0.5.0,0,5,0,60
872,0.19.0,0,19,0,228
873,0.5.0,0,5,0,60
874,1.0.0,1,0,0,240
875,0.9.0,0,9,0,108
876,0.9.0,0,9,0,108
877,0.19.0,0,19,0,228
878,0.9.0,0,9,0,108
879,0.14.0,0,14,0,168
880,0.5.0,0,5,0,60
881,0.5.0,0,5,0,60
882,0.5.0,0,5,0,60
883,1.13.0,1,13,0,396
884,2.12.6,2,12,6,630
885,0.5.0,0,5,0,60
886,0.9.0,0,9,0,108
887,0.9.0,0,9,0,108
888,0.5.0,0,5,0,60
889,0.5.0,0,5,0,60
890,0.5.0,0,5,0,60
891,0.5.0,0,5,0,60
892,0.5.0,0,5,0,60
893,0.9.0,0,9,0,108
894,0.5.0,0,5,0,60
895,3.4.0,3,4,0,768
896,0.5.0,0,5,0,60
897,1.4.0,1,4,0,288
898,1.1.0,1,1,0,252
899,0.5.0,0,5,0,60
900,0.5.0,0,5,0,60
901,0.5.0,0,5,0,60
902,2.12.6,2,12,6,630
903,0.5.0,0,5,0,60
904,0.5.0,0,5,0,60
905,0.5.0,0,5,0,60
906,0.5.0,0,5,0,60
907,1.1.0,1,1,0,252
908,0.5.0,0,5,0,60
909,0.5.0,0,5,0,60
910,0.9.0,0,9,0,108
911,0.5.0,0,5,0,60
912,0.9.0,0,9,0,108
913,0.9.0,0,9,0,108
914,0.5.0,0,5,0,60
915,0.5.0,0,5,0,60
916,0.11.6,0,11,6,138
917,0.5.0,0,5,0,60
918,1.16.0,1,16,0,432
919,0.5.0,0,5,0,60
920,0.9.0,0,9,0,108
921,0.9.0,0,9,0,108
922,0.5.0,0,5,0,60
923,0.19.0,0,19,0,228
924,0.5.0,0,5,0,60
925,0.5.0,0,5,0,60
926,0.5.0,0,5,0,60
927,0.5.0,0,5,0,60
928,0.5.0,0,5,0,60
929,1.11.0,1,11,0,372
930,3.4.0,3,4,0,768
931,0.5.0,0,5,0,60
932,0.5.0,0,5,0,60
933,6.15.0,6,15,0,1620
934,2.3.0,2,3,0,516
935,0.5.0,0,5,0,60
936,0.9.0,0,9,0,108
937,0.5.0,0,5,0,60
938,0.5.0,0,5,0,60
939,0.5.0,0,5,0,60
940,0.5.0,0,5,0,60
941,0.5.0,0,5,0,60
942,0.5.0,0,5,0,60
943,0.5.0,0,5,0,60
944,0.5.0,0,5,0,60
945,0.9.0,0,9,0,108
946,0.5.0,0,5,0,60
947,0.5.0,0,5,0,60
948,0.12.0,0,12,0,144
949,1.6.3,1,6,3,315
950,1.6.3,1,6,3,315
951,1.16.0,1,16,0,432
952,0.5.0,0,5,0,60
953,0.5.0,0,5,0,60
954,0.5.0,0,5,0,60
955,0.5.0,0,5,0,60
956,0.5.0,0,5,0,60
957,0.5.0,0,5,0,60
958,1.11.0,1,11,0,372
959,0.5.0,0,5,0,60
960,0.5.0,0,5,0,60
961,0.5.0,0,5,0,60
962,0.9.0,0,9,0,108
963,0.5.0,0,5,0,60
964,0.5.0,0,5,0,60
965,0.5.0,0,5,0,60
966,0.5.0,0,5,0,60
967,0.5.0,0,5,0,60
969,1.16.0,1,16,0,432
970,0.5.0,0,5,0,60
971,1.16.0,1,16,0,432
972,1.1.0,1,1,0,252
973,0.9.0,0,9,0,108
974,0.5.0,0,5,0,60
975,0.5.0,0,5,0,60
976,1.1.0,1,1,0,252
977,0.5.0,0,5,0,60
978,0.5.0,0,5,0,60
979,1.11.0,1,11,0,372
980,0.5.0,0,5,0,60
981,0.5.0,0,5,0,60
982,0.5.0,0,5,0,60
983,0.5.0,0,5,0,60
984,0.5.0,0,5,0,60
985,2.0.0,2,0,0,480
986,0.9.0,0,9,0,108
987,0.5.0,0,5,0,60
988,0.9.0,0,9,0,108
989,0.5.0,0,5,0,60
990,0.5.0,0,5,0,60
991,0.5.0,0,5,0,60
992,3.4.0,3,4,0,768
993,1.12.0,1,12,0,384
994,0.5.0,0,5,0,60
995,0.5.0,0,5,0,60
996,0.5.0,0,5,0,60
997,0.5.0,0,5,0,60
998,0.5.0,0,5,0,60
999,0.9.0,0,9,0,108
1000,0.5.0,0,5,0,60
1001,0.5.0,0,5,0,60
1002,0.5.0,0,5,0,60
1003,2.3.0,2,3,0,516
1004,0.5.0,0,5,0,60
1005,1.0.0,1,0,0,240
1006,0.9.0,0,9,0,108
1007,0.5.0,0,5,0,60
1008,0.5.0,0,5,0,60
1009,0.5.0,0,5,0,60
1010,0.5.0,0,5,0,60
1011,1.11.0,1,11,0,372
1012,0.9.0,0,9,0,108
1013,0.5.0,0,5,0,60
1014,0.5.0,0,5,0,60
1015,0.5.0,0,5,0,60
1016,0.5.0,0,5,0,60
1017,0.5.0,0,5,0,60
1018,0.9.0,0,9,0,108
1019,0.5.0,0,5,0,60
1020,0.5.0,0,5,0,60
1021,1.0.0,1,0,0,240
1022,0.5.0,0,5,0,60
1023,0.5.0,0,5,0,60
1024,0.5.0,0,5,0,60
1025,0.5.0,0,5,0,60
1026,0.5.0,0,5,0,60
1027,2.12.6,2,12,6,630
1028,0.5.0,0,5,0,60
1029,0.5.0,0,5,0,60
1030,0.5.0,0,5,0,60
1031,1.4.0,1,4,0,288
1032,3.4.0,3,4,0,768
1033,0.5.0,0,5,0,60
1034,0.5.0,0,5,0,60
1035,0.9.0,0,9,0,108
1036,1.1.0,1,1,0,252
1037,3.4.0,3,4,0,768
1038,0.5.0,0,5,0,60
1039,0.5.0,0,5,0,60
1040,2.3.0,2,3,0,516
1041,0.5.0,0,5,0,60
1042,1.1.0,1,1,0,252
1043,1.1.0,1,1,0,252
1044,0.5.0,0,5,0,60
1045,0.5.0,0,5,0,60
1046,0.5.0,0,5,0,60
1047,0.5.0,0,5,0,60
1048,0.5.0,0,5,0,60
1050,2.2.0,2,2,0,504
1051,0.5.0,0,5,0,60
1052,0.5.0,0,5,0,60
1053,0.5.0,0,5,0,60
1054,0.9.0,0,9,0,108
1055,0.5.0,0,5,0,60
1056,0.5.0,0,5,0,60
1057,1.1.0,1,1,0,252
1058,0.9.0,0,9,0,108
1059,2.12.6,2,12,6,630
1060,0.19.0,0,19,0,228
1061,0.5.0,0,5,0,60
1062,0.5.0,0,5,0,60
1063,0.5.0,0,5,0,60
1064,0.5.0,0,5,0,60
1065,0.5.0,0,5,0,60
1066,0.5.0,0,5,0,60
1067,3.4.0,3,4,0,768
1068,0.19.0,0,19,0,228
1069,1.11.0,1,11,0,372
1070,0.9.0,0,9,0,108
1071,0.5.0,0,5,0,60
1072,0.5.0,0,5,0,60
1073,3.4.0,3,4,0,768
1074,0.5.0,0,5,0,60
1075,0.5.0,0,5,0,60
1076,0.5.0,0,5,0,60
1077,0.5.0,0,5,0,60
1078,0.12.15,0,12,15,159
1079,0.5.0,0,5,0,60
1080,0.5.0,0,5,0,60
1081,0.5.0,0,5,0,60
1082,1.1.0,1,1,0,252
1083,1.4.0,1,4,0,288
1084,0.5.0,0,5,0,60
1085,2.3.0,2,3,0,516
1086,0.5.0,0,5,0,60
1087,0.5.0,0,5,0,60
1088,3.4.0,3,4,0,768
1089,0.5.0,0,5,0,60
1090,0.9.0,0,9,0,108
1091,0.5.0,0,5,0,60
1092,0.9.0,0,9,0,108
1093,0.5.0,0,5,0,60
1094,0.5.0,0,5,0,60
1095,1.1.6,1,1,6,258
1096,0.5.0,0,5,0,60
1097,0.9.0,0,9,0,108
1098,1.16.0,1,16,0,432
1099,0.5.0,0,5,0,60
1100,0.5.0,0,5,0,60
1101,1.8.0,1,8,0,336
1102,3.4.0,3,4,0,768
1103,2.12.6,2,12,6,630
1104,2.12.6,2,12,6,630
1105,2.12.6,2,12,6,630
1106,0.5.0,0,5,0,60
1107,0.5.0,0,5,0,60
1108,0.5.0,0,5,0,60
1109,0.5.0,0,5,0,60
1110,0.5.0,0,5,0,60
1111,0.5.0,0,5,0,60
1112,0.5.0,0,5,0,60
1113,0.9.0,0,9,0,108
1114,0.5.0,0,5,0,60
1115,0.5.0,0,5,0,60
1116,3.4.0,3,4,0,768
1117,1.4.0,1,4,0,288
1118,0.5.0,0,5,0,60
1119,0.5.0,0,5,0,60
1120,0.12.0,0,12,0,144
1121,0.5.0,0,5,0,60
1122,2.3.0,2,3,0,516
1123,0.5.0,0,5,0,60
1124,0.5.0,0,5,0,60
1125,0.5.0,0,5,0,60
1126,0.15.0,0,15,0,180
1127,0.5.0,0,5,0,60
1128,3.4.0,3,4,0,768
1129,0.5.0,0,5,0,60
1130,2.3.0,2,3,0,516
1131,1.4.0,1,4,0,288
1132,0.5.0,0,5,0,60
1133,0.5.0,0,5,0,60
1134,2.3.0,2,3,0,516
1135,1.11.0,1,11,0,372
1136,0.5.0,0,5,0,60
1137,0.5.0,0,5,0,60
1138,2.3.0,2,3,0,516
1139,0.5.0,0,5,0,60
1140,0.5.0,0,5,0,60
1141,0.5.0,0,5,0,60
1142,3.4.0,3,4,0,768
1143,0.9.0,0,9,0,108
1144,0.9.0,0,9,0,108
1145,0.5.0,0,5,0,60
1146,2.12.6,2,12,6,630
1147,2.12.6,2,12,6,630
1148,0.5.0,0,5,0,60
1149,0.5.0,0,5,0,60
1150,0.5.0,0,5,0,60
1151,0.5.0,0,5,0,60
1152,0.5.0,0,5,0,60
1153,0.5.0,0,5,0,60
1154,0.5.0,0,5,0,60
1155,2.12.6,2,12,6,630
1156,0.5.0,0,5,0,60
1157,1.16.0,1,16,0,432
1158,0.9.0,0,9,0,108
1159,0.5.0,0,5,0,60
1160,0.5.0,0,5,0,60
1161,2.3.0,2,3,0,516
1162,0.5.0,0,5,0,60
1163,0.5.0,0,5,0,60
1164,0.5.0,0,5,0,60
1165,0.5.0,0,5,0,60
1166,0.5.0,0,5,0,60
1167,0.5.0,0,5,0,60
1168,0.9.0,0,9,0,108
1169,0.5.0,0,5,0,60
1170,0.5.0,0,5,0,60
1171,3.4.0,3,4,0,768
1172,1.16.0,1,16,0,432
1173,0.5.0,0,5,0,60
1174,0.5.0,0,5,0,60
1175,0.5.0,0,5,0,60
1176,1.11.0,1,11,0,372
1177,0.9.0,0,9,0,108
1178,0.9.0,0,9,0,108
1179,2.12.6,2,12,6,630
1180,2.12.6,2,12,6,630
1181,1.1.0,1,1,0,252
1182,0.5.0,0,5,0,60
1183,0.5.0,0,5,0,60
1184,0.5.0,0,5,0,60
1185,0.9.0,0,9,0,108
1186,1.1.0,1,1,0,252
1187,0.5.0,0,5,0,60
1188,0.5.0,0,5,0,60
1189,0.5.0,0,5,0,60
1190,0.5.0,0,5,0,60
1191,0.5.0,0,5,0,60
1192,2.3.0,2,3,0,516
1193,1.1.0,1,1,0,252
1194,0.9.0,0,9,0,108
1195,0.9.0,0,9,0,108
1196,0.5.0,0,5,0,60
1197,0.5.0,0,5,0,60
1198,0.5.0,0,5,0,60
1199,0.9.0,0,9,0,108
1200,0.5.0,0,5,0,60
1201,0.12.0,0,12,0,144
1202,5.12.6,5,12,6,1350
1203,3.4.0,3,4,0,768
1204,0.5.0,0,5,0,60
1205,0.5.0,0,5,0,60
1206,0.14.0,0,14,0,168
1207,0.19.0,0,19,0,228
1208,3.13.6,3,13,6,882
1209,0.5.0,0,5,0,60
1210,0.9.0,0,9,0,108
1211,0.5.0,0,5,0,60
1212,0.5.0,0,5,0,60
1213,6.0.0,6,0,0,1440
1214,2.3.0,2,3,0,516
1215,1.1.0,1,1,0,252
1216,1.1.0,1,1,0,252
1217,0.5.0,0,5,0,60
1218,0.5.0,0,5,0,60
1219,0.9.0,0,9,0,108
1220,0.5.0,0,5,0,60
1221,2.3.0,2,3,0,516
1222,0.5.0,0,5,0,60
1223,0.9.0,0,9,0,108
1224,3.4.0,3,4,0,768
1225,1.8.0,1,8,0,336
1226,0.5.0,0,5,0,60
1227,0.9.0,0,9,0,108
1228,0.5.0,0,5,0,60
1229,0.5.0,0,5,0,60
1230,0.5.0,0,5,0,60
1231,0.5.0,0,5,0,60
1232,0.5.0,0,5,0,60
1233,0.5.0,0,5,0,60
1234,0.5.0,0,5,0,60
1235,0.9.0,0,9,0,108
1236,0.5.0,0,5,0,60
1237,0.9.0,0,9,0,108
1238,3.4.0,3,4,0,768
1239,0.5.0,0,5,0,60
1240,0.5.0,0,5,0,60
1241,2.12.6,2,12,6,630
1242,0.9.0,0,9,0,108
1243,0.9.0,0,9,0,108
1244,0.9.0,0,9,0,108
1245,0.5.0,0,5,0,60
1246,0.5.0,0,5,0,60
1247,0.5.0,0,5,0,60
1248,0.5.0,0,5,0,60
1249,0.5.0,0,5,0,60
1250,2.12.6,2,12,6,630
1251,0.14.0,0,14,0,168
1252,0.5.0,0,5,0,60
1253,0.5.0,0,5,0,60
1254,0.19.0,0,19,0,228
1255,0.5.0,0,5,0,60
1256,0.5.0,0,5,0,60
1257,0.5.0,0,5,0,60
1258,0.5.0,0,5,0,60
1259,0.5.0,0,5,0,60
1260,0.5.0,0,5,0,60
1261,0.5.0,0,5,0,60
1262,0.5.0,0,5,0,60
1263,0.5.0,0,5,0,60
1264,0.5.0,0,5,0,60
1265,0.5.0,0,5,0,60
1266,0.5.0,0,5,0,60
1267,0.5.0,0,5,0,60
1268,0.5.0,0,5,0,60
1269,0.5.0,0,5,0,60
1270,0.5.0,0,5,0,60
1271,0.5.0,0,5,0,60
1272,0.5.0,0,5,0,60
1273,0.5.0,0,5,0,60
1274,0.5.0,0,5,0,60
1275,0.9.0,0,9,0,108
1276,0.5.0,0,5,0,60
1277,0.5.0,0,5,0,60
1278,0.5.0,0,5,0,60
1279,0.5.0,0,5,0,60
1280,0.5.0,0,5,0,60
1281,0.5.0,0,5,0,60
1282,0.19.0,0,19,0,228
1283,0.5.0,0,5,0,60
1284,1.4.0,1,4,0,288
1285,0.5.0,0,5,0,60
1286,0.5.0,0,5,0,60
1287,0.9.0,0,9,0,108
1288,0.5.0,0,5,0,60
1289,0.5.0,0,5,0,60
1290,0.5.0,0,5,0,60
1291,0.5.0,0,5,0,60
1292,0.5.0,0,5,0,60
1293,0.5.0,0,5,0,60
1294,4.5.0,4,5,0,1020
1295,0.5.0,0,5,0,60
1296,0.5.0,0,5,0,60
1297,0.5.0,0,5,0,60
1298,0.5.0,0,5,0,60
1299,0.5.0,0,5,0,60
1300,1.1.0,1,1,0,252
1301,0.5.0,0,5,0,60
1302,0.3.0,0,3,0,36
1303,3.4.0,3,4,0,768
1304,2.12.6,2,12,6,630
1305,0.5.0,0,5,0,60
1306,1.1.6,1,1,6,258
1307,0.5.0,0,5,0,60
1308,0.5.0,0,5,0,60
1309,0.1.6,0,1,6,18
1310,0.5.0,0,5,0,60
1311,1.8.0,1,8,0,336
1312,0.5.0,0,5,0,60
1313,0.5.0,0,5,0,60
1314,0.5.0,0,5,0,60
1315,0.5.0,0,5,0,60
1316,0.5.0,0,5,0,60
1317,1.1.0,1,1,0,252
1318,0.5.0,0,5,0,60
1319,2.3.0,2,3,0,516
1320,0.5.0,0,5,0,60
1321,0.12.0,0,12,0,144
1322,0.5.0,0,5,0,60
1323,0.9.0,0,9,0,108
1324,1.1.0,1,1,0,252
1325,0.5.0,0,5,0,60
1326,0.5.0,0,5,0,60
1327,2.3.0,2,3,0,516
1328,0.5.0,0,5,0,60
1329,0.5.0,0,5,0,60
1330,0.9.0,0,9,0,108
1331,0.5.0,0,5,0,60
1332,0.9.0,0,9,0,108
1333,0.5.0,0,5,0,60
1334,0.5.0,0,5,0,60
1335,0.9.0,0,9,0,108
1336,3.5.0,3,5,0,780
1337,0.5.0,0,5,0,60
1338,0.5.0,0,5,0,60
1339,0.5.0,0,5,0,60
1340,0.9.0,0,9,0,108
1341,2.12.6,2,12,6,630
1342,0.5.0,0,5,0,60
1343,0.5.0,0,5,0,60
1344,1.8.0,1,8,0,336
1345,1.8.0,1,8,0,336
1346,0.5.0,0,5,0,60
1347,0.5.0,0,5,0,60
1348,0.5.0,0,5,0,60
1349,1.16.0,1,16,0,432
1350,2.5.0,2,5,0,540
1351,2.5.0,2,5,0,540
1352,0.5.0,0,5,0,60
1353,0.5.0,0,5,0,60
1354,0.5.0,0,5,0,60
1355,0.5.0,0,5,0,60
1356,0.5.0,0,5,0,60
1357,0.5.0,0,5,0,60
1358,0.5.0,0,5,0,60
1359,0.5.0,0,5,0,60
1360,1.8.0,1,8,0,336
1361,0.5.0,0,5,0,60
1362,0.5.0,0,5,0,60
1363,0.5.0,0,5,0,60
1364,0.5.0,0,5,0,60
1365,1.11.0,1,11,0,372
1366,0.5.0,0,5,0,60
1367,0.5.0,0,5,0,60
1368,0.5.0,0,5,0,60
1369,0.5.0,0,5,0,60
1370,0.5.0,0,5,0,60
1371,1.4.0,1,4,0,288
1372,3.4.0,3,4,0,768
1373,0.5.0,0,5,0,60
1374,0.5.0,0,5,0,60
1375,0.5.0,0,5,0,60
1376,0.5.0,0,5,0,60
1377,0.5.0,0,5,0,60
1378,2.12.6,2,12,6,630
1379,0.5.0,0,5,0,60
1380,0.9.0,0,9,0,108
1381,0.5.0,0,5,0,60
1382,0.5.0,0,5,0,60
1383,0.9.0,0,9,0,108
1384,0.5.0,0,5,0,60
1385,0.5.0,0,5,0,60
1386,2.3.0,2,3,0,516
1387,2.12.6,2,12,6,630
1388,0.9.0,0,9,0,108
1389,0.5.0,0,5,0,60
1390,0.19.0,0,19,0,228
1391,2.0.0,2,0,0,480
1392,5.4.0,5,4,0,1248
1393,0.12.0,0,12,0,144
1394,0.5.0,0,5,0,60
1395,0.5.0,0,5,0,60
1396,0.12.0,0,12,0,144
1397,0.5.0,0,5,0,60
1398,0.2.3,0,2,3,27
1399,1.1.0,1,1,0,252
1400,0.5.0,0,5,0,60
1401,0.5.0,0,5,0,60
1402,0.5.0,0,5,0,60
1403,0.5.0,0,5,0,60
1404,0.5.0,0,5,0,60
1405,0.5.0,0,5,0,60
1406,0.5.0,0,5,0,60
1407,0.9.0,0,9,0,108
1408,0.9.0,0,9,0,108
1409,0.5.0,0,5,0,60
1410,0.5.0,0,5,0,60
1411,0.5.0,0,5,0,60
1412,0.5.0,0,5,0,60
1413,0.5.0,0,5,0,60
1414,0.5.0,0,5,0,60
1415,0.5.0,0,5,0,60
1416,0.5.0,0,5,0,60
1417,0.9.0,0,9,0,108
1418,0.9.0,0,9,0,108
1419,0.9.0,0,9,0,108
1420,0.5.0,0,5,0,60
1421,0.5.0,0,5,0,60
1422,0.5.0,0,5,0,60
1423,0.5.0,0,5,0,60
1424,0.5.0,0,5,0,60
1425,0.5.0,0,5,0,60
1426,0.5.0,0,5,0,60
1427,0.9.0,0,9,0,108
1428,0.5.0,0,5,0,60
1429,0.5.0,0,5,0,60
1430,0.5.0,0,5,0,60
1431,0.5.0,0,5,0,60
1432,2.12.6,2,12,6,630
1433,3.4.0,3,4,0,768
1434,1.8.0,1,8,0,336
1435,0.5.0,0,5,0,60
1436,0.5.0,0,5,0,60
1437,0.5.0,0,5,0,60
1438,0.5.0,0,5,0,60
1439,0.5.0,0,5,0,60
1440,1.1.0,1,1,0,252
1441,0.5.0,0,5,0,60
1442,0.5.0,0,5,0,60
1443,0.5.0,0,5,0,60
1444,0.5.0,0,5,0,60
1445,0.5.0,0,5,0,60
1446,0.9.0,0,9,0,108
1447,0.5.0,0,5,0,60
1448,0.5.0,0,5,0,60
1449,0.5.0,0,5,0,60
1450,0.5.0,0,5,0,60
1451,0.9.0,0,9,0,108
1452,0.9.0,0,9,0,108
1453,0.5.0,0,5,0,60
1454,2.12.6,2,12,6,630
1455,0.5.0,0,5,0,60
1456,0.5.0,0,5,0,60
1457,3.4.0,3,4,0,768
1458,0.5.0,0,5,0,60
1459,2.3.0,2,3,0,516
1460,0.5.0,0,5,0,60
1461,0.5.0,0,5,0,60
1462,0.9.0,0,9,0,108
1463,0.9.0,0,9,0,108
1464,0.5.0,0,5,0,60
1465,0.5.0,0,5,0,60
1466,0.5.0,0,5,0,60
1467,0.5.0,0,5,0,60
1468,0.5.0,0,5,0,60
1469,0.9.0,0,9,0,108
1470,0.9.0,0,9,0,108
1471,0.5.0,0,5,0,60
1472,0.5.0,0,5,0,60
1473,0.5.0,0,5,0,60
1474,0.5.0,0,5,0,60
1475,0.9.0,0,9,0,108
1476,0.5.0,0,5,0,60
1477,0.5.0,0,5,0,60
1478,0.5.0,0,5,0,60
1479,1.1.0,1,1,0,252
1480,0.5.0,0,5,0,60
1481,0.5.0,0,5,0,60
1482,0.5.0,0,5,0,60
1483,0.5.0,0,5,0,60
1484,0.12.0,0,12,0,144
1485,0.5.0,0,5,0,60
1486,0.5.0,0,5,0,60
1487,0.5.0,0,5,0,60
1488,0.5.0,0,5,0,60
1489,0.5.0,0,5,0,60
1490,1.11.0,1,11,0,372
1491,0.5.0,0,5,0,60
1492,0.9.0,0,9,0,108
1493,1.1.0,1,1,0,252
1494,0.5.0,0,5,0,60
1495,0.5.0,0,5,0,60
1496,0.5.0,0,5,0,60
1497,0.9.0,0,9,0,108
1498,0.5.0,0,5,0,60
1499,0.5.0,0,5,0,60
1500,0.9.0,0,9,0,108
1501,1.4.0,1,4,0,288
1502,1.1.0,1,1,0,252
1503,0.5.0,0,5,0,60
1504,0.5.0,0,5,0,60
1505,0.5.0,0,5,0,60
1506,0.9.0,0,9,0,108
1507,0.5.0,0,5,0,60
1508,0.5.0,0,5,0,60
1509,0.9.0,0,9,0,108
1510,0.5.0,0,5,0,60
1511,0.9.0,0,9,0,108
1512,0.5.0,0,5,0,60
1513,1.6.0,1,6,0,312
1514,0.5.0,0,5,0,60
1515,0.5.0,0,5,0,60
1516,0.5.0,0,5,0,60
1517,2.3.0,2,3,0,516
1518,2.12.6,2,12,6,630
1519,1.0.0,1,0,0,240
1520,0.9.0,0,9,0,108
1521,0.5.0,0,5,0,60
1522,0.5.0,0,5,0,60
1523,0.5.0,0,5,0,60
1524,0.5.0,0,5,0,60
1525,3.4.0,3,4,0,768
1526,0.5.0,0,5,0,60
1527,0.9.0,0,9,0,108
1528,0.5.0,0,5,0,60
1529,0.5.0,0,5,0,60
1530,0.5.0,0,5,0,60
1531,0.9.0,0,9,0,108
1532,1.11.0,1,11,0,372
1533,0.5.0,0,5,0,60
1534,0.5.0,0,5,0,60
1535,1.1.0,1,1,0,252
1536,0.9.0,0,9,0,108
1537,0.9.0,0,9,0,108
1538,0.5.0,0,5,0,60
1539,0.5.0,0,5,0,60
1540,3.4.0,3,4,0,768
1541,0.5.0,0,5,0,60
1542,0.9.0,0,9,0,108
1543,0.5.0,0,5,0,60
1544,0.5.0,0,5,0,60
1545,2.12.0,2,12,0,624
1546,0.5.0,0,5,0,60
1547,0.5.0,0,5,0,60
1548,0.19.0,0,19,0,228
1549,0.5.0,0,5,0,60
1550,0.9.0,0,9,0,108
1551,0.5.0,0,5,0,60
1552,0.12.0,0,12,0,144
1553,0.5.0,0,5,0,60
1554,0.9.0,0,9,0,108
1555,1.7.0,1,7,0,324
1556,1.11.0,1,11,0,372
1557,0.5.0,0,5,0,60
1558,0.5.0,0,5,0,60
1559,0.5.0,0,5,0,60
1560,0.9.0,0,9,0,108
1561,0.9.0,0,9,0,108
1562,0.5.0,0,5,0,60
1563,0.5.0,0,5,0,60
1564,0.5.0,0,5,0,60
1565,1.1.0,1,1,0,252
1566,0.5.0,0,5,0,60
1567,0.5.0,0,5,0,60
1568,2.12.6,2,12,6,630
1569,0.5.0,0,5,0,60
1570,0.5.0,0,5,0,60
1571,0.5.0,0,5,0,60
1572,0.5.0,0,5,0,60
1573,3.4.0,3,4,0,768
1574,0.5.0,0,5,0,60
1575,0.5.0,0,5,0,60
1576,0.9.0,0,9,0,108
1577,2.3.0,2,3,0,516
1578,0.5.0,0,5,0,60
1579,0.5.0,0,5,0,60
1580,0.5.0,0,5,0,60
1581,1.16.0,1,16,0,432
1582,0.5.0,0,5,0,60
1583,1.16.0,1,16,0,432
1584,0.5.0,0,5,0,60
1585,2.0.0,2,0,0,480
1586,0.5.0,0,5,0,60
1587,0.5.0,0,5,0,60
1588,0.9.0,0,9,0,108
1589,0.5.0,0,5,0,60
1590,0.5.0,0,5,0,60
1591,0.5.0,0,5,0,60
1592,0.9.0,0,9,0,108
1593,0.5.0,0,5,0,60
1594,0.5.0,0,5,0,60
1595,0.5.0,0,5,0,60
1596,0.5.0,0,5,0,60
1597,0.5.0,0,5,0,60
1598,0.5.0,0,5,0,60
1599,0.5.0,0,5,0,60
1600,0.5.0,0,5,0,60
1601,1.16.0,1,16,0,432
1602,0.5.0,0,5,0,60
1603,1.1.0,1,1,0,252
1604,0.5.0,0,5,0,60
1605,3.4.0,3,4,0,768
1606,0.5.0,0,5,0,60
1607,3.4.0,3,4,0,768
1608,0.5.0,0,5,0,60
1609,0.5.0,0,5,0,60
1610,1.1.0,1,1,0,252
1611,1.4.0,1,4,0,288
1612,0.5.0,0,5,0,60
1613,0.5.0,0,5,0,60
1614,0.5.0,0,5,0,60
1615,0.5.0,0,5,0,60
1616,0.5.0,0,5,0,60
1618,0.5.0,0,5,0,60
1619,0.5.0,0,5,0,60
1620,0.9.0,0,9,0,108
1621,0.9.0,0,9,0,108
1622,0.5.0,0,5,0,60
1623,0.15.0,0,15,0,180
1624,0.5.0,0,5,0,60
1625,0.5.0,0,5,0,60
1626,0.5.0,0,5,0,60
1627,0.5.0,0,5,0,60
1628,1.11.0,1,11,0,372
1629,0.5.0,0,5,0,60
1630,0.5.0,0,5,0,60
1631,2.3.0,2,3,0,516
1632,0.5.0,0,5,0,60
1633,0.5.0,0,5,0,60
1634,0.5.0,0,5,0,60
1635,0.5.0,0,5,0,60
1636,0.5.0,0,5,0,60
1637,0.5.0,0,5,0,60
1638,0.5.0,0,5,0,60
1639,0.5.0,0,5,0,60
1640,0.5.0,0,5,0,60
1641,0.5.0,0,5,0,60
1642,0.5.0,0,5,0,60
1643,0.5.0,0,5,0,60
1644,0.5.0,0,5,0,60
1645,0.5.0,0,5,0,60
1646,0.5.0,0,5,0,60
1647,0.5.0,0,5,0,60
1648,0.5.0,0,5,0,60
1649,0.5.0,0,5,0,60
1650,0.5.0,0,5,0,60
1651,0.5.0,0,5,0,60
1652,0.5.0,0,5,0,60
1653,0.5.0,0,5,0,60
1654,0.5.0,0,5,0,60
1655,0.5.0,0,5,0,60
1656,0.5.0,0,5,0,60
1657,0.5.0,0,5,0,60
1658,1.11.0,1,11,0,372
1659,0.5.0,0,5,0,60
1660,1.16.0,1,16,0,432
1661,3.4.0,3,4,0,768
1662,0.5.0,0,5,0,60
1663,0.5.0,0,5,0,60
1664,0.9.0,0,9,0,108
1665,0.5.0,0,5,0,60
1666,0.5.0,0,5,0,60
1667,0.5.0,0,5,0,60
1668,0.5.0,0,5,0,60
1669,0.5.0,0,5,0,60
1670,0.5.0,0,5,0,60
1671,1.0.0,1,0,0,240
1672,0.5.0,0,5,0,60
1673,0.5.0,0,5,0,60
1674,0.9.0,0,9,0,108
1675,0.5.0,0,5,0,60
1676,0.5.0,0,5,0,60
1677,0.5.0,0,5,0,60
1678,0.5.0,0,5,0,60
1679,0.5.0,0,5,0,60
1680,0.5.0,0,5,0,60
1681,0.5.0,0,5,0,60
1682,0.5.0,0,5,0,60
1683,0.5.0,0,5,0,60
1684,0.5.0,0,5,0,60
1685,0.5.0,0,5,0,60
1686,0.5.0,0,5,0,60
1687,0.5.0,0,5,0,60
1688,0.5.0,0,5,0,60
1689,0.5.0,0,5,0,60
1690,0.5.0,0,5,0,60
1691,0.9.0,0,9,0,108
1692,0.9.0,0,9,0,108
1693,0.5.0,0,5,0,60
1694,0.5.0,0,5,0,60
1695,0.5.0,0,5,0,60
1696,0.5.0,0,5,0,60
1697,0.5.0,0,5,0,60
1698,0.5.0,0,5,0,60
1699,0.5.0,0,5,0,60
1700,0.5.0,0,5,0,60
1701,0.19.0,0,19,0,228
1702,0.5.0,0,5,0,60
1703,2.12.6,2,12,6,630
1704,0.5.0,0,5,0,60
1705,0.12.0,0,12,0,144
1706,0.5.0,0,5,0,60
1707,1.16.0,1,16,0,432
1708,0.9.0,0,9,0,108
1709,0.5.0,0,5,0,60
1710,0.5.0,0,5,0,60
1711,0.5.0,0,5,0,60
1712,1.16.0,1,16,0,432
1713,0.5.0,0,5,0,60
1714,0.5.0,0,5,0,60
1715,0.5.0,0,5,0,60
1716,0.9.0,0,9,0,108
1717,0.19.0,0,19,0,228
1718,0.9.0,0,9,0,108
1719,1.13.0,1,13,0,396
1720,0.5.0,0,5,0,60
1721,0.5.0,0,5,0,60
1722,0.5.0,0,5,0,60
1723,0.9.0,0,9,0,108
1724,0.9.0,0,9,0,108
1725,0.5.0,0,5,0,60
1726,0.5.0,0,5,0,60
1727,1.1.0,1,1,0,252
1728,0.5.0,0,5,0,60
1729,0.5.0,0,5,0,60
1730,0.5.0,0,5,0,60
1731,0.5.0,0,5,0,60
1732,0.9.0,0,9,0,108
1733,1.1.0,1,1,0,252
1734,0.5.0,0,5,0,60
1735,0.5.0,0,5,0,60
1736,0.5.0,0,5,0,60
1737,0.5.0,0,5,0,60
1738,1.16.0,1,16,0,432
1739,0.5.0,0,5,0,60
1740,0.5.0,0,5,0,60
1741,0.9.0,0,9,0,108
1742,0.5.0,0,5,0,60
1743,3.4.0,3,4,0,768
1744,0.5.0,0,5,0,60
1745,0.5.0,0,5,0,60
1746,3.4.0,3,4,0,768
1747,0.12.0,0,12,0,144
1748,0.5.0,0,5,0,60
1749,0.5.0,0,5,0,60
1750,0.5.0,0,5,0,60
1751,0.5.0,0,5,0,60
1752,0.5.0,0,5,0,60
1753,0.5.0,0,5,0,60
1754,0.15.0,0,15,0,180
1755,0.5.0,0,5,0,60
1756,0.9.0,0,9,0,108
1757,0.5.0,0,5,0,60
1758,0.9.0,0,9,0,108
1759,1.11.0,1,11,0,372
1760,0.5.0,0,5,0,60
1761,0.5.0,0,5,0,60
1762,0.5.0,0,5,0,60
1763,0.5.0,0,5,0,60
1764,0.5.0,0,5,0,60
1765,0.9.0,0,9,0,108
1766,0.5.0,0,5,0,60
1767,0.5.0,0,5,0,60
1768,0.9.0,0,9,0,108
1769,0.5.0,0,5,0,60
1770,0.5.0,0,5,0,60
1771,0.5.0,0,5,0,60
1772,0.5.0,0,5,0,60
1773,0.5.0,0,5,0,60
1774,0.5.0,0,5,0,60
1775,0.5.0,0,5,0,60
1776,0.5.0,0,5,0,60
1777,0.5.0,0,5,0,60
1778,0.5.0,0,5,0,60
1779,0.5.0,0,5,0,60
1780,1.1.0,1,1,0,252
1781,0.5.0,0,5,0,60
1782,2.12.6,2,12,6,630
1783,1.4.0,1,4,0,288
1785,0.5.0,0,5,0,60
1786,1.4.0,1,4,0,288
1787,0.19.0,0,19,0,228
1788,0.5.0,0,5,0,60
1789,0.5.0,0,5,0,60
1790,0.5.0,0,5,0,60
1791,2.3.0,2,3,0,516
1792,1.4.0,1,4,0,288
1793,0.5.0,0,5,0,60
1794,0.5.0,0,5,0,60
1795,0.5.0,0,5,0,60
1796,1.4.0,1,4,0,288
1797,0.5.0,0,5,0,60
1798,0.5.0,0,5,0,60
1799,0.9.0,0,9,0,108
1800,0.5.0,0,5,0,60
1801,0.5.0,0,5,0,60
1802,0.9.0,0,9,0,108
1803,0.5.0,0,5,0,60
1804,0.5.0,0,5,0,60
1805,0.5.0,0,5,0,60
1806,0.9.0,0,9,0,108
1807,0.5.0,0,5,0,60
1808,0.19.0,0,19,0,228
1809,0.5.0,0,5,0,60
1810,0.5.0,0,5,0,60
1811,1.1.0,1,1,0,252
1812,0.5.0,0,5,0,60
1813,0.5.0,0,5,0,60
1814,0.5.0,0,5,0,60
1815,0.5.0,0,5,0,60
1816,0.5.0,0,5,0,60
1817,0.5.0,0,5,0,60
1818,0.9.0,0,9,0,108
1819,0.5.0,0,5,0,60
1820,0.5.0,0,5,0,60
1821,0.19.0,0,19,0,228
1823,0.5.0,0,5,0,60
1824,0.5.0,0,5,0,60
1825,0.5.0,0,5,0,60
1826,0.5.0,0,5,0,60
1827,0.5.0,0,5,0,60
1828,0.5.0,0,5,0,60
1829,0.5.0,0,5,0,60
1830,0.5.0,0,5,0,60
1831,0.5.0,0,5,0,60
1832,0.5.0,0,5,0,60
1833,1.4.0,1,4,0,288
1834,0.5.0,0,5,0,60
1835,0.5.0,0,5,0,60
1836,0.5.0,0,5,0,60
1837,0.5.0,0,5,0,60
1838,0.5.0,0,5,0,60
1839,0.5.0,0,5,0,60
1840,0.5.0,0,5,0,60
1841,0.5.0,0,5,0,60
1842,0.5.0,0,5,0,60
1843,0.11.6,0,11,6,138
1844,0.5.0,0,5,0,60
1845,0.5.0,0,5,0,60
1846,0.5.0,0,5,0,60
1847,3.4.0,3,4,0,768
1848,0.19.0,0,19,0,228
1849,0.5.0,0,5,0,60
1850,0.5.0,0,5,0,60
1851,1.1.0,1,1,0,252
1852,0.19.0,0,19,0,228
1853,0.5.0,0,5,0,60
1854,0.5.0,0,5,0,60
1855,0.5.0,0,5,0,60
1856,0.5.0,0,5,0,60
1857,0.5.0,0,5,0,60
1858,0.5.0,0,5,0,60
1859,0.9.0,0,9,0,108
1860,0.5.0,0,5,0,60
1861,0.5.0,0,5,0,60
1862,1.4.0,1,4,0,288
1863,0.5.0,0,5,0,60
1864,0.5.0,0,5,0,60
1865,0.5.0,0,5,0,60
1866,0.5.0,0,5,0,60
1867,2.0.0,2,0,0,480
1868,0.9.0,0,9,0,108
1869,0.5.0,0,5,0,60
1870,0.5.0,0,5,0,60
1871,0.5.0,0,5,0,60
1872,0.5.0,0,5,0,60
1873,0.5.0,0,5,0,60
1874,0.5.0,0,5,0,60
1875,1.1.6,1,1,6,258
1876,0.5.0,0,5,0,60
1877,1.0.0,1,0,0,240
1878,0.5.0,0,5,0,60
1879,0.5.0,0,5,0,60
1880,0.9.0,0,9,0,108
1881,0.3.4,0,3,4,40
1882,0.5.0,0,5,0,60
1883,1.11.0,1,11,0,372
1884,0.5.0,0,5,0,60
1885,0.5.0,0,5,0,60
1886,0.5.0,0,5,0,60
1887,2.12.6,2,12,6,630
1888,0.3.0,0,3,0,36
1889,0.5.0,0,5,0,60
1890,0.9.0,0,9,0,108
1891,0.5.0,0,5,0,60
1892,0.5.0,0,5,0,60
1893,0.19.0,0,19,0,228
1894,0.5.0,0,5,0,60
1895,1.16.0,1,16,0,432
1896,0.5.0,0,5,0,60
1897,0.5.0,0,5,0,60
1898,2.3.0,2,3,0,516
1899,0.5.0,0,5,0,60
1900,0.5.0,0,5,0,60
1901,0.9.0,0,9,0,108
1902,0.9.0,0,9,0,108
1903,2.12.6,2,12,6,630
1904,0.5.0,0,5,0,60
1905,0.5.0,0,5,0,60
1906,0.5.0,0,5,0,60
1907,0.5.0,0,5,0,60
1908,0.9.0,0,9,0,108
1909,3.4.0,3,4,0,768
1910,0.5.0,0,5,0,60
1911,0.5.0,0,5,0,60
1912,0.9.0,0,9,0,108
1913,0.9.0,0,9,0,108
1914,0.5.0,0,5,0,60
1915,0.19.0,0,19,0,228
1916,0.5.0,0,5,0,60
1917,0.5.0,0,5,0,60
1918,0.5.0,0,5,0,60
1919,1.16.0,1,16,0,432
1920,0.1.6,0,1,6,18
1921,0.5.0,0,5,0,60
1922,0.5.0,0,5,0,60
1923,0.5.0,0,5,0,60
1924,0.5.0,0,5,0,60
1925,1.1.0,1,1,0,252
1926,1.1.0,1,1,0,252
1927,0.5.0,0,5,0,60
1928,0.19.0,0,19,0,228
1929,1.11.0,1,11,0,372
1930,0.5.0,0,5,0,60
1931,0.5.0,0,5,0,60
1932,2.12.6,2,12,6,630
1933,0.5.0,0,5,0,60
1934,0.5.0,0,5,0,60
1935,0.5.0,0,5,0,60
1936,0.5.0,0,5,0,60
1937,0.5.0,0,5,0,60
1938,1.11.0,1,11,0,372
1939,0.5.0,0,5,0,60
1940,0.5.0,0,5,0,60
1941,0.5.0,0,5,0,60
1942,0.5.0,0,5,0,60
1943,0.5.0,0,5,0,60
1944,0.5.0,0,5,0,60
1946,3.4.0,3,4,0,768
1947,1.1.0,1,1,0,252
1948,0.5.0,0,5,0,60
1949,2.3.0,2,3,0,516
1950,0.5.0,0,5,0,60
1951,0.5.0,0,5,0,60
1952,0.5.0,0,5,0,60
1953,0.5.0,0,5,0,60
1954,0.9.0,0,9,0,108
1955,0.5.0,0,5,0,60
1956,0.5.0,0,5,0,60
1957,0.5.0,0,5,0,60
1958,0.9.0,0,9,0,108
1959,0.5.0,0,5,0,60
1960,0.5.0,0,5,0,60
1961,0.9.0,0,9,0,108
1962,1.11.0,1,11,0,372
1963,0.5.0,0,5,0,60
1964,0.5.0,0,5,0,60
1965,1.4.0,1,4,0,288
1966,0.5.0,0,5,0,60
1967,0.5.0,0,5,0,60
1968,0.5.0,0,5,0,60
1969,0.5.0,0,5,0,60
1970,0.5.0,0,5,0,60
1971,0.5.0,0,5,0,60
1972,0.5.0,0,5,0,60
1973,0.5.0,0,5,0,60
1974,0.9.0,0,9,0,108
1975,2.3.0,2,3,0,516
1976,0.5.0,0,5,0,60
1977,0.9.0,0,9,0,108
1978,0.5.0,0,5,0,60
1979,0.5.0,0,5,0,60
1980,0.5.0,0,5,0,60
1981,0.5.0,0,5,0,60
1982,0.5.0,0,5,0,60
1983,2.12.6,2,12,6,630
1984,0.5.0,0,5,0,60
1985,0.5.0,0,5,0,60
1986,0.5.0,0,5,0,60
1987,0.12.0,0,12,0,144
1988,0.5.0,0,5,0,60
1989,1.4.0,1,4,0,288
1990,0.5.0,0,5,0,60
1991,1.16.0,1,16,0,432
1992,0.5.0,0,5,0,60
1993,0.9.0,0,9,0,108
1994,0.5.0,0,5,0,60
1995,0.9.0,0,9,0,108
1996,1.4.0,1,4,0,288
1997,0.5.0,0,5,0,60
1998,1.11.0,1,11,0,372
1999,2.3.0,2,3,0,516
2000,2.12.6,2,12,6,630
2001,0.5.0,0,5,0,60
2002,0.5.0,0,5,0,60
2003,0.5.0,0,5,0,60
2004,0.9.0,0,9,0,108
2005,2.12.0,2,12,0,624
2006,1.4.0,1,4,0,288
2007,0.5.0,0,5,0,60
2008,1.1.0,1,1,0,252
2009,0.5.0,0,5,0,60
2010,0.5.0,0,5,0,60
2011,0.5.0,0,5,0,60
2012,0.5.0,0,5,0,60
2013,0.5.0,0,5,0,60
2014,0.5.0,0,5,0,60
2015,0.15.0,0,15,0,180
2016,1.1.0,1,1,0,252
2017,2.12.6,2,12,6,630
2018,0.5.0,0,5,0,60
2019,0.5.0,0,5,0,60
2020,0.5.0,0,5,0,60
2021,0.5.0,0,5,0,60
2022,0.5.0,0,5,0,60
2023,2.0.0,2,0,0,480
2024,1.16.0,1,16,0,432
2025,0.5.0,0,5,0,60
2026,2.12.6,2,12,6,630
2027,1.4.0,1,4,0,288
2028,0.5.0,0,5,0,60
2029,1.16.0,1,16,0,432
2030,0.5.0,0,5,0,60
2031,1.1.6,1,1,6,258
2032,0.5.0,0,5,0,60
2033,0.5.0,0,5,0,60
2034,0.5.0,0,5,0,60
2035,0.5.0,0,5,0,60
2036,2.3.0,2,3,0,516
2037,0.9.0,0,9,0,108
2038,0.9.0,0,9,0,108
2039,0.5.0,0,5,0,60
2040,0.9.0,0,9,0,108
2041,0.5.0,0,5,0,60
2042,0.5.0,0,5,0,60
2043,0.5.0,0,5,0,60
2044,3.4.0,3,4,0,768
2045,0.3.0,0,3,0,36
2046,3.4.0,3,4,0,768
2047,0.5.0,0,5,0,60
2048,0.5.0,0,5,0,60
2049,0.19.0,0,19,0,228
2050,0.5.0,0,5,0,60
2051,0.5.0,0,5,0,60
2052,0.5.0,0,5,0,60
2053,1.16.0,1,16,0,432
2054,0.9.0,0,9,0,108
2055,1.1.0,1,1,0,252
2056,0.5.0,0,5,0,60
2057,0.15.0,0,15,0,180
2058,0.5.0,0,5,0,60
2059,0.5.0,0,5,0,60
2060,0.5.0,0,5,0,60
2062,0.5.0,0,5,0,60
2063,0.5.0,0,5,0,60
2064,2.0.0,2,0,0,480
2065,0.5.0,0,5,0,60
2066,0.5.0,0,5,0,60
2067,0.5.0,0,5,0,60
2068,0.5.0,0,5,0,60
2069,0.5.0,0,5,0,60
2070,1.1.0,1,1,0,252
2071,0.5.0,0,5,0,60
2072,0.9.0,0,9,0,108
2073,0.5.0,0,5,0,60
2074,0.5.0,0,5,0,60
2075,0.9.0,0,9,0,108
2076,0.5.0,0,5,0,60
2077,0.5.0,0,5,0,60
2078,0.5.0,0,5,0,60
2079,1.1.0,1,1,0,252
2080,0.5.0,0,5,0,60
2081,2.3.0,2,3,0,516
2082,0.5.0,0,5,0,60
2083,0.5.0,0,5,0,60
2084,0.5.0,0,5,0,60
2085,1.4.0,1,4,0,288
2086,0.5.0,0,5,0,60
2087,0.5.0,0,5,0,60
2088,3.4.0,3,4,0,768
2089,0.5.0,0,5,0,60
2090,0.5.0,0,5,0,60
2091,0.5.0,0,5,0,60
2092,0.5.0,0,5,0,60
2093,1.1.0,1,1,0,252
2094,0.5.0,0,5,0,60
2095,0.5.0,0,5,0,60
2096,0.5.0,0,5,0,60
2097,0.5.0,0,5,0,60
2098,0.5.0,0,5,0,60
2099,0.5.0,0,5,0,60
2100,0.5.0,0,5,0,60
2101,1.7.9,1,7,9,333
2102,0.5.0,0,5,0,60
2103,0.9.0,0,9,0,108
2104,0.5.0,0,5,0,60
2105,1.1.0,1,1,0,252
2106,0.5.0,0,5,0,60
2107,0.9.0,0,9,0,108
2108,0.5.0,0,5,0,60
2109,0.5.0,0,5,0,60
2110,0.14.0,0,14,0,168
2111,0.5.0,0,5,0,60
2112,0.5.0,0,5,0,60
2113,0.5.0,0,5,0,60
2114,0.5.0,0,5,0,60
2115,0.5.0,0,5,0,60
2116,0.9.0,0,9,0,108
2118,0.5.0,0,5,0,60
2119,0.5.0,0,5,0,60
2120,1.16.0,1,16,0,432
2121,0.5.0,0,5,0,60
2122,0.5.0,0,5,0,60
2123,0.5.0,0,5,0,60
2124,2.3.0,2,3,0,516
2125,0.5.0,0,5,0,60
2126,0.5.0,0,5,0,60
2127,0.9.0,0,9,0,108
2128,0.5.0,0,5,0,60
2129,0.5.0,0,5,0,60
2130,0.5.0,0,5,0,60
2131,0.5.0,0,5,0,60
2132,0.5.0,0,5,0,60
2133,0.5.0,0,5,0,60
2134,0.5.0,0,5,0,60
2135,0.5.0,0,5,0,60
2136,0.5.0,0,5,0,60
2137,0.5.0,0,5,0,60
2138,0.5.0,0,5,0,60
2139,0.9.0,0,9,0,108
2140,0.5.0,0,5,0,60
2141,0.5.0,0,5,0,60
2142,0.5.0,0,5,0,60
2143,0.19.0,0,19,0,228
2144,0.2.6,0,2,6,30
2145,0.5.0,0,5,0,60
2146,0.5.0,0,5,0,60
2147,0.5.0,0,5,0,60
2148,2.3.0,2,3,0,516
2149,0.5.0,0,5,0,60
2150,0.19.0,0,19,0,228
2151,0.9.0,0,9,0,108
2152,0.5.0,0,5,0,60
2153,0.5.0,0,5,0,60
2154,0.9.0,0,9,0,108
2155,0.9.0,0,9,0,108
2156,0.5.0,0,5,0,60
2157,0.5.0,0,5,0,60
2158,0.5.0,0,5,0,60
2159,0.5.0,0,5,0,60
2160,0.5.0,0,5,0,60
2161,0.5.0,0,5,0,60
2162,0.5.0,0,5,0,60
2163,0.5.0,0,5,0,60
2164,0.10.0,0,10,0,120
2165,0.9.0,0,9,0,108
4260,0.1.6,0,1,6,18
4261,0.1.6,0,1,6,18
4262,2.3.0,2,3,0,516
4263,0.5.0,0,5,0,60
4264,0.5.0,0,5,0,60
4265,0.19.0,0,19,0,228
4266,1.4.0,1,4,0,288
4267,0.9.0,0,9,0,108
4268,0.1.6,0,1,6,18
4269,0.1.6,0,1,6,18
4270,0.5.0,0,5,0,60
4271,0.9.0,0,9,0,108
4272,0.5.0,0,5,0,60
4273,0.5.0,0,5,0,60
4274,0.5.0,0,5,0,60
4275,0.5.0,0,5,0,60
4276,0.5.0,0,5,0,60
4277,0.9.0,0,9,0,108
4278,0.9.0,0,9,0,108
4279,0.19.0,0,19,0,228
4280,0.11.6,0,11,6,138
4281,0.3.0,0,3,0,36
4282,0.1.6,0,1,6,18
4283,0.9.0,0,9,0,108
4284,0.7.6,0,7,6,90
4285,0.1.6,0,1,6,18
4286,0.5.0,0,5,0,60
4287,0.9.0,0,9,0,108
4288,0.11.6,0,11,6,138
4289,2.12.6,2,12,6,630
4290,0.1.6,0,1,6,18
4291,0.5.0,0,5,0,60
4292,2.15.0,2,15,0,660
4293,0.5.0,0,5,0,60
4294,0.5.0,0,5,0,60
4295,2.3.0,2,3,0,516
4296,0.5.0,0,5,0,60
4297,0.9.0,0,9,0,108
4298,0.11.6,0,11,6,138
4299,0.12.0,0,12,0,144
4300,2.12.6,2,12,6,630
4301,0.1.6,0,1,6,18
4302,0.5.0,0,5,0,60
4303,0.5.0,0,5,0,60
4304,0.5.0,0,5,0,60
4305,0.9.0,0,9,0,108
4306,0.1.6,0,1,6,18
4307,0.11.6,0,11,6,138
4308,0.1.6,0,1,6,18
4309,0.5.0,0,5,0,60
4310,0.9.0,0,9,0,108
4311,0.5.0,0,5,0,60
4312,1.1.0,1,1,0,252
4313,1.1.0,1,1,0,252
4314,0.3.0,0,3,0,36
4315,0.12.0,0,12,0,144
4316,0.3.0,0,3,0,36
4317,0.10.0,0,10,0,120
4318,0.5.0,0,5,0,60
4319,0.3.0,0,3,0,36
4320,0.5.0,0,5,0,60
4321,2.3.0,2,3,0,516
4322,0.1.6,0,1,6,18
4323,1.3.0,1,3,0,276
4324,0.9.0,0,9,0,108
4325,0.9.0,0,9,0,108
4326,0.5.0,0,5,0,60
4327,0.14.0,0,14,0,168
4328,0.14.0,0,14,0,168
4329,0.9.0,0,9,0,108
4330,1.16.0,1,16,0,432
4331,0.5.0,0,5,0,60
4332,0.5.0,0,5,0,60
4333,0.9.0,0,9,0,108
4334,0.14.0,0,14,0,168
4335,4.6.0,4,6,0,1032
4336,0.14.0,0,14,0,168
4337,0.5.0,0,5,0,60
4338,0.19.0,0,19,0,228
4339,1.16.0,1,16,0,432
4340,0.5.0,0,5,0,60
4341,0.1.6,0,1,6,18
4342,1.4.0,1,4,0,288
4343,0.9.0,0,9,0,108
4344,1.1.6,1,1,6,258
4345,0.1.6,0,1,6,18
4346,1.1.0,1,1,0,252
4347,4.6.0,4,6,0,1032
4348,0.5.0,0,5,0,60
4349,2.12.6,2,12,6,630
4350,2.3.0,2,3,0,516
4351,0.1.6,0,1,6,18
4352,1.1.6,1,1,6,258
4353,0.5.0,0,5,0,60
4354,1.4.0,1,4,0,288
4355,0.5.0,0,5,0,60
4356,0.5.0,0,5,0,60
4357,0.9.0,0,9,0,108
4358,0.5.0,0,5,0,60
4359,0.5.0,0,5,0,60
4360,0.1.6,0,1,6,18
4361,0.11.6,0,11,6,138
4362,0.5.0,0,5,0,60
4363,0.5.0,0,5,0,60
4364,1.11.0,1,11,0,372
4365,1.4.0,1,4,0,288
4366,0.1.6,0,1,6,18
4367,0.9.0,0,9,0,108
4368,0.9.0,0,9,0,108
4369,0.5.0,0,5,0,60
4370,1.1.0,1,1,0,252
4371,0.5.0,0,5,0,60
4372,2.12.6,2,12,6,630
4373,1.16.0,1,16,0,432
4374,0.5.0,0,5,0,60
4375,1.16.0,1,16,0,432
4376,0.9.0,0,9,0,108
4377,0.9.0,0,9,0,108
4378,0.5.0,0,5,0,60
4379,0.5.0,0,5,0,60
4380,0.1.6,0,1,6,18
4381,2.3.0,2,3,0,516
4382,0.11.6,0,11,6,138
4383,0.9.0,0,9,0,108
4384,0.5.0,0,5,0,60
4385,2.3.0,2,3,0,516
4386,0.5.0,0,5,0,60
4387,0.9.0,0,9,0,108
4388,0.3.0,0,3,0,36
4389,0.3.0,0,3,0,36
4390,0.9.0,0,9,0,108
4391,4.6.0,4,6,0,1032
4392,1.1.0,1,1,0,252
4393,0.19.0,0,19,0,228
4394,1.4.0,1,4,0,288
4395,0.9.0,0,9,0,108
4396,0.9.0,0,9,0,108
4397,2.12.6,2,12,6,630
4398,0.5.0,0,5,0,60
4399,0.5.0,0,5,0,60
4400,0.5.0,0,5,0,60
4401,0.5.0,0,5,0,60
4402,0.5.0,0,5,0,60
4403,0.5.0,0,5,0,60
4404,0.9.0,0,9,0,108
4405,0.3.0,0,3,0,36
4406,0.1.6,0,1,6,18
4407,0.5.0,0,5,0,60
4408,0.19.0,0,19,0,228
4409,0.11.6,0,11,6,138
4410,0.12.0,0,12,0,144
4411,2.12.6,2,12,6,630
4412,2.12.6,2,12,6,630
4413,0.1.6,0,1,6,18
4414,0.5.0,0,5,0,60
4415,1.16.0,1,16,0,432
4416,4.6.0,4,6,0,1032
4417,0.5.0,0,5,0,60
4418,0.14.0,0,14,0,168
4419,1.4.0,1,4,0,288
4420,4.6.0,4,6,0,1032
4421,0.5.0,0,5,0,60
4422,0.9.0,0,9,0,108
4423,0.5.0,0,5,0,60
4424,0.5.0,0,5,0,60
4425,0.7.6,0,7,6,90
4426,0.11.6,0,11,6,138
4427,0.5.0,0,5,0,60
4428,1.4.0,1,4,0,288
4429,0.5.0,0,5,0,60
4430,0.9.0,0,9,0,108
4431,0.5.0,0,5,0,60
4432,0.5.0,0,5,0,60
4433,0.9.0,0,9,0,108
4434,0.5.0,0,5,0,60
4435,0.5.0,0,5,0,60
4436,0.5.0,0,5,0,60
4437,0.5.0,0,5,0,60
4438,0.9.0,0,9,0,108
4439,0.5.0,0,5,0,60
4440,1.3.6,1,3,6,282
4441,0.11.6,0,11,6,138
4442,0.5.0,0,5,0,60
4443,0.3.0,0,3,0,36
4444,0.1.6,0,1,6,18
4445,0.5.0,0,5,0,60
4446,0.5.0,0,5,0,60
4447,0.11.6,0,11,6,138
4448,0.15.0,0,15,0,180
4449,1.16.0,1,16,0,432
4450,0.1.6,0,1,6,18
4451,0.5.0,0,5,0,60
4452,2.12.6,2,12,6,630
4453,0.1.6,0,1,6,18
4454,0.5.0,0,5,0,60
4455,0.5.0,0,5,0,60
4456,0.5.0,0,5,0,60
4457,0.1.6,0,1,6,18
4458,0.1.6,0,1,6,18
4459,1.4.0,1,4,0,288
4460,0.9.0,0,9,0,108
4461,0.5.0,0,5,0,60
4462,1.1.0,1,1,0,252
4463,0.5.0,0,5,0,60
4464,0.5.0,0,5,0,60
4465,0.5.0,0,5,0,60
4466,0.9.0,0,9,0,108
4467,0.14.0,0,14,0,168
4468,1.4.0,1,4,0,288
4469,1.1.6,1,1,6,258
4470,0.5.0,0,5,0,60
4471,0.1.6,0,1,6,18
4472,3.2.0,3,2,0,744
4473,0.9.0,0,9,0,108
4474,0.9.0,0,9,0,108
4475,7.17.6,7,17,6,1890
4476,1.1.6,1,1,6,258
4477,0.9.0,0,9,0,108
4478,0.5.0,0,5,0,60
4479,2.3.0,2,3,0,516
4480,2.3.0,2,3,0,516
4481,0.5.0,0,5,0,60
4482,1.1.0,1,1,0,252
4483,0.5.0,0,5,0,60
4484,0.5.0,0,5,0,60
4485,0.9.0,0,9,0,108
4486,0.5.0,0,5,0,60
4487,0.5.0,0,5,0,60
4488,0.3.0,0,3,0,36
4489,0.1.6,0,1,6,18
4490,0.7.6,0,7,6,90
4491,0.3.0,0,3,0,36
4492,0.3.0,0,3,0,36
4493,0.1.6,0,1,6,18
4494,0.1.6,0,1,6,18
4495,0.5.0,0,5,0,60
4496,2.12.6,2,12,6,630
4497,0.1.6,0,1,6,18
4498,0.5.0,0,5,0,60
4499,0.5.0,0,5,0,60
4500,0.5.0,0,5,0,60
4501,0.5.0,0,5,0,60
4502,2.3.0,2,3,0,516
4503,0.5.0,0,5,0,60
4504,0.5.0,0,5,0,60
4505,0.5.0,0,5,0,60
4506,1.13.6,1,13,6,402
4507,0.5.0,0,5,0,60
4508,0.5.0,0,5,0,60
4509,9.15.0,9,15,0,2340
4510,0.3.0,0,3,0,36
4511,4.6.0,4,6,0,1032
4512,4.6.0,4,6,0,1032
4513,0.1.6,0,1,6,18
4514,0.1.6,0,1,6,18
4515,0.5.0,0,5,0,60
4516,0.5.0,0,5,0,60
4517,0.5.0,0,5,0,60
4518,0.5.0,0,5,0,60
4519,0.9.0,0,9,0,108
4520,4.6.0,4,6,0,1032
4521,0.5.0,0,5,0,60
4522,0.5.0,0,5,0,60
4523,0.14.0,0,14,0,168
4524,0.1.6,0,1,6,18
4525,0.11.6,0,11,6,138
4526,0.9.0,0,9,0,108
4527,0.7.6,0,7,6,90
4528,0.5.0,0,5,0,60
4529,0.1.6,0,1,6,18
4530,0.1.6,0,1,6,18
4531,2.15.0,2,15,0,660
4532,0.5.0,0,5,0,60
4533,0.3.0,0,3,0,36
4534,0.5.0,0,5,0,60
4535,0.9.0,0,9,0,108
4536,0.9.0,0,9,0,108
4537,0.5.0,0,5,0,60
4538,0.9.0,0,9,0,108
4539,0.9.0,0,9,0,108
4540,2.3.0,2,3,0,516
4541,0.1.6,0,1,6,18
4542,0.5.0,0,5,0,60
4543,1.1.0,1,1,0,252
4544,6.0.0,6,0,0,1440
4545,2.12.6,2,12,6,630
4546,0.5.0,0,5,0,60
4547,0.9.0,0,9,0,108
4548,0.5.0,0,5,0,60
4549,1.16.0,1,16,0,432
4550,0.1.6,0,1,6,18
4551,0.1.6,0,1,6,18
4552,0.1.6,0,1,6,18
4553,0.5.0,0,5,0,60
4554,0.9.0,0,9,0,108
4555,1.1.0,1,1,0,252
4556,2.12.6,2,12,6,630
4557,1.16.0,1,16,0,432
4558,1.6.0,1,6,0,312
4559,1.11.0,1,11,0,372
4560,0.5.0,0,5,0,60
4561,0.5.0,0,5,0,60
4562,0.5.0,0,5,0,60
4563,0.9.0,0,9,0,108
4564,0.5.0,0,5,0,60
4565,4.6.0,4,6,0,1032
4566,0.10.0,0,10,0,120
4567,0.9.0,0,9,0,108
4568,2.15.0,2,15,0,660
4569,1.1.0,1,1,0,252
4570,0.9.0,0,9,0,108
4571,0.5.0,0,5,0,60
4572,0.5.0,0,5,0,60
4573,0.9.0,0,9,0,108
4574,0.5.0,0,5,0,60
4575,0.5.0,0,5,0,60
4576,0.9.0,0,9,0,108
4577,1.1.0,1,1,0,252
4578,1.1.0,1,1,0,252
4579,0.9.0,0,9,0,108
4580,0.9.0,0,9,0,108
4581,2.12.6,2,12,6,630
4582,2.3.0,2,3,0,516
4583,0.9.0,0,9,0,108
4584,0.3.0,0,3,0,36
4585,0.5.0,0,5,0,60
4586,0.3.0,0,3,0,36
4587,0.5.0,0,5,0,60
4588,0.5.0,0,5,0,60
4589,0.5.0,0,5,0,60
4590,0.3.0,0,3,0,36
4591,0.3.0,0,3,0,36
4592,7.17.6,7,17,6,1890
4593,0.9.0,0,9,0,108
4594,0.5.0,0,5,0,60
4595,1.16.0,1,16,0,432
4596,4.6.0,4,6,0,1032
4597,0.1.6,0,1,6,18
4598,0.5.0,0,5,0,60
4599,0.5.0,0,5,0,60
4600,0.5.0,0,5,0,60
4601,1.16.0,1,16,0,432
4602,0.1.6,0,1,6,18
4603,0.3.0,0,3,0,36
4604,0.9.0,0,9,0,108
4605,0.3.0,0,3,0,36
4606,4.6.0,4,6,0,1032
4607,0.5.0,0,5,0,60
4608,0.5.0,0,5,0,60
4609,0.5.0,0,5,0,60
4610,0.9.0,0,9,0,108
4611,0.3.0,0,3,0,36
4612,0.9.0,0,9,0,108
4613,2.15.0,2,15,0,660
4614,0.5.0,0,5,0,60
4615,0.3.0,0,3,0,36
4616,0.11.6,0,11,6,138
4617,0.5.0,0,5,0,60
4618,2.12.6,2,12,6,630
4619,0.5.0,0,5,0,60
4620,0.9.0,0,9,0,108
4621,1.16.0,1,16,0,432
4622,0.3.0,0,3,0,36
4623,0.1.6,0,1,6,18
4624,0.5.0,0,5,0,60
4625,0.9.0,0,9,0,108
4626,0.19.0,0,19,0,228
4627,0.9.0,0,9,0,108
4628,0.1.6,0,1,6,18
4629,0.5.0,0,5,0,60
4630,2.12.6,2,12,6,630
4631,0.1.6,0,1,6,18
4632,1.1.0,1,1,0,252
4633,0.5.0,0,5,0,60
4634,1.1.0,1,1,0,252
4635,1.16.0,1,16,0,432
4636,0.1.6,0,1,6,18
4637,0.5.0,0,5,0,60
4638,0.1.6,0,1,6,18
4639,0.9.0,0,9,0,108
4640,0.5.0,0,5,0,60
4641,0.5.0,0,5,0,60
4642,0.5.0,0,5,0,60
4643,0.1.6,0,1,6,18
4644,0.5.0,0,5,0,60
4645,0.9.0,0,9,0,108
4646,1.16.0,1,16,0,432
4647,1.1.0,1,1,0,252
4648,0.9.0,0,9,0,108
4649,0.5.0,0,5,0,60
4650,0.9.0,0,9,0,108
4651,0.9.0,0,9,0,108
4652,0.5.0,0,5,0,60
4653,0.9.0,0,9,0,108
4654,0.9.0,0,9,0,108
4655,1.1.0,1,1,0,252
4656,0.1.6,0,1,6,18
4657,0.5.0,0,5,0,60
4658,1.1.0,1,1,0,252
4659,0.9.0,0,9,0,108
4660,2.12.6,2,12,6,630
4661,0.5.0,0,5,0,60
4662,0.1.6,0,1,6,18
4663,0.9.0,0,9,0,108
4664,0.9.0,0,9,0,108
4665,1.1.0,1,1,0,252
4666,0.3.0,0,3,0,36
4667,2.3.0,2,3,0,516
4668,0.5.0,0,5,0,60
4669,1.6.0,1,6,0,312
4670,0.1.6,0,1,6,18
4671,0.5.0,0,5,0,60
4672,0.9.0,0,9,0,108
4673,0.5.0,0,5,0,60
4674,0.5.0,0,5,0,60
4675,0.9.0,0,9,0,108
4676,3.10.0,3,10,0,840
4677,0.5.0,0,5,0,60
4678,2.3.0,2,3,0,516
4679,0.1.6,0,1,6,18
4680,0.3.0,0,3,0,36
4681,0.1.6,0,1,6,18
4682,0.5.0,0,5,0,60
4683,0.5.0,0,5,0,60
4684,0.1.6,0,1,6,18
4685,0.14.0,0,14,0,168
4686,0.5.0,0,5,0,60
4687,0.5.0,0,5,0,60
4688,0.1.6,0,1,6,18
4689,0.1.6,0,1,6,18
4690,0.19.0,0,19,0,228
4691,0.5.0,0,5,0,60
4692,3.2.0,3,2,0,744
4693,0.5.0,0,5,0,60
4694,0.5.0,0,5,0,60
4695,3.2.0,3,2,0,744
4696,1.6.0,1,6,0,312
4697,0.9.0,0,9,0,108
4698,0.5.0,0,5,0,60
4699,0.9.0,0,9,0,108
4700,0.5.0,0,5,0,60
4701,4.6.0,4,6,0,1032
4702,0.5.0,0,5,0,60
4703,0.5.0,0,5,0,60
4704,2.3.0,2,3,0,516
4705,0.1.6,0,1,6,18
4706,0.1.6,0,1,6,18
4707,1.4.0,1,4,0,288
4708,0.1.6,0,1,6,18
4709,0.1.6,0,1,6,18
4710,0.3.0,0,3,0,36
4711,1.16.0,1,16,0,432
4712,0.9.0,0,9,0,108
4713,0.9.0,0,9,0,108
4714,0.5.0,0,5,0,60
4715,1.11.0,1,11,0,372
4716,0.5.0,0,5,0,60
4717,2.3.0,2,3,0,516
4718,0.5.0,0,5,0,60
4719,0.11.6,0,11,6,138
4720,1.13.6,1,13,6,402
4721,0.1.6,0,1,6,18
4722,1.1.0,1,1,0,252
4723,0.5.0,0,5,0,60
4724,0.5.0,0,5,0,60
4725,0.9.0,0,9,0,108
4726,0.9.0,0,9,0,108
4727,0.1.6,0,1,6,18
4728,1.11.0,1,11,0,372
4729,0.9.0,0,9,0,108
4730,0.5.0,0,5,0,60
4731,0.1.6,0,1,6,18
4732,1.16.0,1,16,0,432
4733,0.1.6,0,1,6,18
4734,0.9.0,0,9,0,108
4735,1.16.0,1,16,0,432
4736,0.3.0,0,3,0,36
4737,0.5.0,0,5,0,60
4738,0.5.0,0,5,0,60
4739,2.3.0,2,3,0,516
4740,1.16.0,1,16,0,432
4741,0.5.0,0,5,0,60
4742,4.6.0,4,6,0,1032
4743,0.5.0,0,5,0,60
4744,0.5.0,0,5,0,60
4745,0.5.0,0,5,0,60
4746,0.5.0,0,5,0,60
4747,0.9.0,0,9,0,108
4748,0.9.0,0,9,0,108
4749,0.9.0,0,9,0,108
4750,0.9.0,0,9,0,108
4751,6.7.0,6,7,0,1524
4752,0.1.6,0,1,6,18
4753,0.1.6,0,1,6,18
4754,0.1.6,0,1,6,18
4755,1.16.0,1,16,0,432
4756,0.5.0,0,5,0,60
4757,0.5.0,0,5,0,60
4758,0.5.0,0,5,0,60
4759,0.5.0,0,5,0,60
4760,1.3.6,1,3,6,282
4761,0.14.0,0,14,0,168
4762,0.5.0,0,5,0,60
4763,0.5.0,0,5,0,60
4764,0.5.0,0,5,0,60
4765,0.5.0,0,5,0,60
4766,0.5.0,0,5,0,60
4767,0.9.0,0,9,0,108
4768,0.1.6,0,1,6,18
4769,0.1.6,0,1,6,18
4770,0.9.0,0,9,0,108
4771,1.4.0,1,4,0,288
4772,0.9.0,0,9,0,108
4773,0.5.0,0,5,0,60
4774,0.5.0,0,5,0,60
4775,0.1.6,0,1,6,18
4776,0.3.0,0,3,0,36
4777,0.5.0,0,5,0,60
4778,0.1.6,0,1,6,18
4779,2.15.0,2,15,0,660
4780,0.1.6,0,1,6,18
4781,0.9.0,0,9,0,108
4782,6.7.0,6,7,0,1524
4783,0.9.0,0,9,0,108
4784,0.1.6,0,1,6,18
4785,0.5.0,0,5,0,60
4786,0.9.0,0,9,0,108
4787,0.5.0,0,5,0,60
4788,0.9.0,0,9,0,108
4789,0.5.0,0,5,0,60
4790,1.4.0,1,4,0,288
4791,0.1.6,0,1,6,18
4792,0.5.0,0,5,0,60
4793,0.9.0,0,9,0,108
4794,1.11.0,1,11,0,372
4795,1.1.0,1,1,0,252
4796,1.4.0,1,4,0,288
4797,0.1.6,0,1,6,18
4798,0.9.0,0,9,0,108
4799,0.9.0,0,9,0,108
4800,0.9.0,0,9,0,108
4801,0.9.0,0,9,0,108
4802,0.5.0,0,5,0,60
4803,0.1.6,0,1,6,18
4804,0.1.6,0,1,6,18
4805,0.5.0,0,5,0,60
4806,0.5.0,0,5,0,60
4807,0.1.6,0,1,6,18
4808,2.12.6,2,12,6,630
4809,0.5.0,0,5,0,60
4810,0.1.6,0,1,6,18
4811,0.1.6,0,1,6,18
4812,0.5.0,0,5,0,60
4813,0.9.0,0,9,0,108
4814,1.16.0,1,16,0,432
4815,2.3.0,2,3,0,516
4816,1.1.0,1,1,0,252
4817,0.7.6,0,7,6,90
4818,0.5.0,0,5,0,60
4819,0.5.0,0,5,0,60
4820,2.3.0,2,3,0,516
4821,1.1.0,1,1,0,252
4822,0.5.0,0,5,0,60
4823,0.5.0,0,5,0,60
4824,0.3.0,0,3,0,36
4825,0.5.0,0,5,0,60
4826,0.3.0,0,3,0,36
4827,0.9.0,0,9,0,108
4828,0.9.0,0,9,0,108
4829,0.5.0,0,5,0,60
4830,0.1.6,0,1,6,18
4831,0.5.0,0,5,0,60
4832,0.1.6,0,1,6,18
4833,0.1.6,0,1,6,18
4834,0.5.0,0,5,0,60
4835,1.16.0,1,16,0,432
4836,0.9.0,0,9,0,108
4837,1.1.0,1,1,0,252
4838,0.1.6,0,1,6,18
4839,0.9.0,0,9,0,108
4840,0.5.0,0,5,0,60
4841,0.9.0,0,9,0,108
4842,0.1.6,0,1,6,18
4843,0.5.0,0,5,0,60
4844,0.5.0,0,5,0,60
4845,0.9.0,0,9,0,108
4846,0.5.0,0,5,0,60
4847,1.1.0,1,1,0,252
4848,0.5.0,0,5,0,60
4849,0.5.0,0,5,0,60
4850,0.3.0,0,3,0,36
4851,0.9.0,0,9,0,108
4852,0.12.0,0,12,0,144
4853,1.1.0,1,1,0,252
4854,0.5.0,0,5,0,60
4855,0.9.0,0,9,0,108
4856,0.1.6,0,1,6,18
4857,0.5.0,0,5,0,60
4858,0.5.0,0,5,0,60
4859,0.5.0,0,5,0,60
4860,0.5.0,0,5,0,60
4861,0.5.0,0,5,0,60
4862,0.5.0,0,5,0,60
4863,0.9.0,0,9,0,108
4864,4.6.0,4,6,0,1032
4865,0.3.0,0,3,0,36
4866,0.9.0,0,9,0,108
4867,1.13.0,1,13,0,396
4868,1.4.0,1,4,0,288
4869,2.12.6,2,12,6,630
4870,0.9.0,0,9,0,108
4871,0.5.0,0,5,0,60
4872,0.5.0,0,5,0,60
4873,0.9.0,0,9,0,108
4874,1.16.0,1,16,0,432
4875,2.3.0,2,3,0,516
4876,0.3.0,0,3,0,36
4877,0.1.6,0,1,6,18
4878,1.4.0,1,4,0,288
4879,0.9.0,0,9,0,108
4880,0.5.0,0,5,0,60
4881,0.5.0,0,5,0,60
4882,0.5.0,0,5,0,60
4883,1.16.0,1,16,0,432
4884,0.1.6,0,1,6,18
4885,1.4.0,1,4,0,288
4886,0.5.0,0,5,0,60
4887,0.5.0,0,5,0,60
4888,0.1.6,0,1,6,18
4889,4.6.0,4,6,0,1032
4890,2.3.0,2,3,0,516
4891,0.5.0,0,5,0,60
4892,0.3.0,0,3,0,36
4893,0.5.0,0,5,0,60
4894,0.9.0,0,9,0,108
4895,0.5.0,0,5,0,60
4896,0.11.6,0,11,6,138
4897,0.19.0,0,19,0,228
4898,2.12.6,2,12,6,630
4899,0.1.6,0,1,6,18
4900,2.3.0,2,3,0,516
4901,0.3.0,0,3,0,36
4902,0.11.6,0,11,6,138
4903,0.5.0,0,5,0,60
4904,1.0.0,1,0,0,240
4905,0.5.0,0,5,0,60
4906,1.4.0,1,4,0,288
4907,0.5.0,0,5,0,60
4908,3.2.0,3,2,0,744
4909,2.3.0,2,3,0,516
4910,0.9.0,0,9,0,108
4911,1.10.0,1,10,0,360
4912,0.5.0,0,5,0,60
4913,0.3.0,0,3,0,36
4914,2.3.0,2,3,0,516
4915,0.9.0,0,9,0,108
4916,0.5.0,0,5,0,60
4917,0.5.0,0,5,0,60
4919,2.3.0,2,3,0,516
4920,0.5.0,0,5,0,60
4921,2.3.0,2,3,0,516
4922,0.9.0,0,9,0,108
4923,2.12.6,2,12,6,630
4924,4.6.0,4,6,0,1032
4925,0.5.0,0,5,0,60
4926,0.5.0,0,5,0,60
4927,1.1.0,1,1,0,252
4928,0.5.0,0,5,0,60
4929,0.5.0,0,5,0,60
4930,0.5.0,0,5,0,60
4931,0.5.0,0,5,0,60
4932,0.5.0,0,5,0,60
4933,2.12.6,2,12,6,630
4934,2.12.6,2,12,6,630
4935,1.1.0,1,1,0,252
4936,0.5.0,0,5,0,60
4937,0.1.6,0,1,6,18
4938,4.6.0,4,6,0,1032
4939,0.3.0,0,3,0,36
4940,0.5.0,0,5,0,60
4941,0.5.0,0,5,0,60
4942,0.14.0,0,14,0,168
4943,0.9.0,0,9,0,108
4944,0.3.0,0,3,0,36
4945,0.5.0,0,5,0,60
4946,0.5.0,0,5,0,60
4947,0.5.0,0,5,0,60
4948,0.9.0,0,9,0,108
4949,0.1.6,0,1,6,18
4950,5.5.0,5,5,0,1260
4951,0.1.6,0,1,6,18
4952,2.3.0,2,3,0,516
4953,0.3.0,0,3,0,36
4954,0.9.0,0,9,0,108
4955,0.5.0,0,5,0,60
4956,6.7.0,6,7,0,1524
4957,1.1.0,1,1,0,252
4958,0.1.6,0,1,6,18
4959,1.4.0,1,4,0,288
4960,0.3.0,0,3,0,36
4961,4.6.0,4,6,0,1032
4962,0.9.0,0,9,0,108
4963,2.14.0,2,14,0,648
4964,0.3.0,0,3,0,36
4965,0.3.0,0,3,0,36
4966,0.5.0,0,5,0,60
4967,0.1.6,0,1,6,18
4968,1.1.0,1,1,0,252
4969,0.11.6,0,11,6,138
4970,0.5.0,0,5,0,60
4971,0.12.0,0,12,0,144
4972,0.9.0,0,9,0,108
4973,0.9.0,0,9,0,108
4974,0.9.0,0,9,0,108
4975,0.5.0,0,5,0,60
4976,0.9.0,0,9,0,108
4977,11.12.0,11,12,0,2784
4978,1.4.0,1,4,0,288
4979,0.12.0,0,12,0,144
4980,2.12.6,2,12,6,630
4981,0.5.0,0,5,0,60
4982,0.9.0,0,9,0,108
4983,0.5.0,0,5,0,60
4984,0.5.0,0,5,0,60
4985,0.9.0,0,9,0,108
4986,2.14.0,2,14,0,648
4987,0.3.0,0,3,0,36
4988,0.5.0,0,5,0,60
4989,0.5.0,0,5,0,60
4990,1.16.0,1,16,0,432
4991,0.9.0,0,9,0,108
4992,1.6.0,1,6,0,312
4993,0.9.0,0,9,0,108
4994,0.5.0,0,5,0,60
4995,0.3.0,0,3,0,36
4996,1.4.0,1,4,0,288
4997,0.5.0,0,5,0,60
4998,4.10.0,4,10,0,1080
4999,0.5.0,0,5,0,60
5000,0.5.0,0,5,0,60
5001,0.5.0,0,5,0,60
5002,0.1.6,0,1,6,18
5003,1.6.0,1,6,0,312
5004,1.16.0,1,16,0,432
5005,1.3.6,1,3,6,282
5006,0.5.0,0,5,0,60
5007,1.4.0,1,4,0,288
5008,0.5.0,0,5,0,60
5009,2.12.6,2,12,6,630
5010,0.3.0,0,3,0,36
5011,0.5.0,0,5,0,60
5012,0.1.6,0,1,6,18
5014,1.3.6,1,3,6,282
5015,0.11.6,0,11,6,138
5016,0.1.6,0,1,6,18
5017,0.5.0,0,5,0,60
5018,0.5.0,0,5,0,60
5019,1.1.0,1,1,0,252
5020,0.9.0,0,9,0,108
5021,0.9.0,0,9,0,108
5022,0.5.0,0,5,0,60
5023,0.1.6,0,1,6,18
5024,0.1.6,0,1,6,18
5025,0.5.0,0,5,0,60
5026,0.5.0,0,5,0,60
5027,0.9.0,0,9,0,108
5028,0.19.0,0,19,0,228
5029,2.12.6,2,12,6,630
5030,0.5.0,0,5,0,60
5031,1.6.0,1,6,0,312
5032,0.3.0,0,3,0,36
5033,1.1.6,1,1,6,258
5034,0.9.0,0,9,0,108
5035,0.5.0,0,5,0,60
5036,0.5.0,0,5,0,60
5037,0.9.0,0,9,0,108
5038,0.5.0,0,5,0,60
5039,0.3.0,0,3,0,36
5040,0.9.0,0,9,0,108
5041,0.1.6,0,1,6,18
5042,0.1.6,0,1,6,18
5043,0.1.6,0,1,6,18
5044,1.1.0,1,1,0,252
5045,0.1.6,0,1,6,18
5046,0.5.0,0,5,0,60
5047,0.5.0,0,5,0,60
5048,4.6.0,4,6,0,1032
5049,0.9.0,0,9,0,108
5050,1.1.0,1,1,0,252
5051,0.9.0,0,9,0,108
5052,0.3.0,0,3,0,36
5053,2.3.0,2,3,0,516
5054,3.2.0,3,2,0,744
5055,0.3.0,0,3,0,36
5056,1.6.0,1,6,0,312
5057,1.3.6,1,3,6,282
5058,0.11.6,0,11,6,138
5059,0.9.0,0,9,0,108
5060,0.9.0,0,9,0,108
5061,0.5.0,0,5,0,60
5062,0.5.0,0,5,0,60
5063,0.5.0,0,5,0,60
5064,1.6.0,1,6,0,312
5065,1.1.6,1,1,6,258
5066,0.9.0,0,9,0,108
5067,0.5.0,0,5,0,60
5068,0.3.0,0,3,0,36
5069,0.9.0,0,9,0,108
5070,0.5.0,0,5,0,60
5071,1.16.0,1,16,0,432
5072,1.16.0,1,16,0,432
5073,0.1.6,0,1,6,18
5074,1.3.6,1,3,6,282
5075,0.9.0,0,9,0,108
5076,0.5.0,0,5,0,60
5077,0.5.0,0,5,0,60
5078,0.1.6,0,1,6,18
5079,0.5.0,0,5,0,60
5080,0.1.6,0,1,6,18
5081,0.1.6,0,1,6,18
5082,0.5.0,0,5,0,60
5083,1.1.0,1,1,0,252
5084,2.3.0,2,3,0,516
5085,0.9.0,0,9,0,108
5086,0.5.0,0,5,0,60
5087,1.1.0,1,1,0,252
5088,0.11.6,0,11,6,138
5089,0.5.0,0,5,0,60
5090,1.16.0,1,16,0,432
5091,1.3.0,1,3,0,276
5092,0.9.0,0,9,0,108
5093,0.9.0,0,9,0,108
5094,2.12.6,2,12,6,630
5095,5.5.0,5,5,0,1260
5096,2.12.6,2,12,6,630
5097,0.1.6,0,1,6,18
5098,0.5.0,0,5,0,60
5099,0.1.6,0,1,6,18
5100,0.3.0,0,3,0,36
5101,0.5.0,0,5,0,60
5102,0.5.0,0,5,0,60
5103,0.9.0,0,9,0,108
5104,0.5.0,0,5,0,60
5106,0.5.6,0,5,6,66
5107,0.11.6,0,11,6,138
5108,0.9.0,0,9,0,108
5109,0.5.0,0,5,0,60
5110,0.7.6,0,7,6,90
5111,0.9.0,0,9,0,108
5112,0.3.0,0,3,0,36
5113,0.1.6,0,1,6,18
5114,0.3.0,0,3,0,36
5115,1.16.0,1,16,0,432
5116,1.16.0,1,16,0,432
5117,0.5.0,0,5,0,60
5118,0.5.0,0,5,0,60
5119,0.9.0,0,9,0,108
5120,0.19.0,0,19,0,228
5121,0.5.0,0,5,0,60
5122,0.5.0,0,5,0,60
5123,0.5.0,0,5,0,60
5125,1.1.0,1,1,0,252
5126,0.9.0,0,9,0,108
5127,0.5.0,0,5,0,60
5128,0.5.0,0,5,0,60
5129,0.5.0,0,5,0,60
5130,0.11.6,0,11,6,138
5131,4.6.0,4,6,0,1032
5132,1.16.0,1,16,0,432
5133,2.3.0,2,3,0,516
5134,1.6.0,1,6,0,312
5135,2.12.6,2,12,6,630
5136,2.12.6,2,12,6,630
5137,1.1.6,1,1,6,258
5138,3.0.0,3,0,0,720
5139,2.3.0,2,3,0,516
5140,1.1.0,1,1,0,252
5141,0.5.0,0,5,0,60
5142,1.16.0,1,16,0,432
5143,2.3.0,2,3,0,516
5144,0.9.0,0,9,0,108
5145,1.3.0,1,3,0,276
5146,0.9.0,0,9,0,108
5147,0.5.0,0,5,0,60
5148,1.4.0,1,4,0,288
5149,0.1.6,0,1,6,18
5150,0.1.6,0,1,6,18
5151,0.9.0,0,9,0,108
5152,0.5.0,0,5,0,60
5153,0.9.0,0,9,0,108
5154,0.1.6,0,1,6,18
5155,0.9.0,0,9,0,108
5156,0.9.0,0,9,0,108
5157,0.5.0,0,5,0,60
5158,0.5.0,0,5,0,60
5159,0.5.0,0,5,0,60
5160,0.1.6,0,1,6,18
5161,0.5.0,0,5,0,60
5162,0.5.0,0,5,0,60
5163,2.3.0,2,3,0,516
5164,0.5.0,0,5,0,60
5165,1.3.6,1,3,6,282
5166,0.5.0,0,5,0,60
5167,0.5.0,0,5,0,60
5168,0.14.0,0,14,0,168
5170,0.5.0,0,5,0,60
5171,0.5.0,0,5,0,60
5172,0.5.0,0,5,0,60
5173,0.5.0,0,5,0,60
5174,0.5.0,0,5,0,60
5175,0.9.0,0,9,0,108
5176,0.10.0,0,10,0,120
5177,0.5.0,0,5,0,60
5178,0.5.0,0,5,0,60
5179,0.5.0,0,5,0,60
5180,1.1.0,1,1,0,252
5181,2.3.0,2,3,0,516
5182,0.9.0,0,9,0,108
5183,0.5.0,0,5,0,60
5184,0.9.0,0,9,0,108
5185,0.5.0,0,5,0,60
5186,0.1.6,0,1,6,18
5187,0.5.0,0,5,0,60
5188,0.9.0,0,9,0,108
5189,0.9.0,0,9,0,108
5190,0.9.0,0,9,0,108
5191,0.5.0,0,5,0,60
5192,0.19.0,0,19,0,228
5193,0.9.0,0,9,0,108
5195,1.4.0,1,4,0,288
5196,1.16.0,1,16,0,432
5197,0.1.6,0,1,6,18
5198,0.5.0,0,5,0,60
5199,3.2.0,3,2,0,744
5200,1.6.0,1,6,0,312
5201,0.5.0,0,5,0,60
5202,0.9.0,0,9,0,108
5203,0.9.0,0,9,0,108
5204,1.13.6,1,13,6,402
5205,0.5.0,0,5,0,60
5206,0.5.0,0,5,0,60
5207,0.5.0,0,5,0,60
5208,0.1.6,0,1,6,18
5209,1.1.0,1,1,0,252
5210,0.9.0,0,9,0,108
5211,0.1.6,0,1,6,18
5212,0.14.0,0,14,0,168
5213,2.14.0,2,14,0,648
5214,0.9.0,0,9,0,108
5215,0.5.0,0,5,0,60
5216,0.3.0,0,3,0,36
5217,0.9.0,0,9,0,108
5218,0.1.6,0,1,6,18
5219,0.9.0,0,9,0,108
5220,0.9.0,0,9,0,108
5221,0.9.0,0,9,0,108
5222,0.5.0,0,5,0,60
5223,0.1.6,0,1,6,18
5224,0.5.0,0,5,0,60
5226,1.1.6,1,1,6,258
5230,0.5.0,0,5,0,60
5231,0.9.0,0,9,0,108
5232,0.11.6,0,11,6,138
5233,0.5.0,0,5,0,60
5234,0.5.0,0,5,0,60
5235,0.1.6,0,1,6,18
5236,0.9.0,0,9,0,108
5239,2.14.0,2,14,0,648
5240,0.3.0,0,3,0,36
5241,0.9.0,0,9,0,108
5242,0.5.0,0,5,0,60
5243,1.11.0,1,11,0,372
5245,0.5.0,0,5,0,60
5246,0.9.0,0,9,0,108
5247,0.5.0,0,5,0,60
5248,2.12.6,2,12,6,630
5249,0.9.0,0,9,0,108
5250,0.1.6,0,1,6,18
5251,0.9.0,0,9,0,108
5252,0.1.6,0,1,6,18
5253,0.1.6,0,1,6,18
5254,0.5.0,0,5,0,60
5255,2.3.0,2,3,0,516
5256,4.6.0,4,6,0,1032
5257,0.14.0,0,14,0,168
5258,0.9.0,0,9,0,108
5259,0.9.0,0,9,0,108
5260,0.3.0,0,3,0,36
5261,2.12.6,2,12,6,630
5262,1.13.6,1,13,6,402
5263,0.9.0,0,9,0,108
5264,0.5.0,0,5,0,60
5265,0.5.0,0,5,0,60
5266,2.3.0,2,3,0,516
5267,0.11.6,0,11,6,138
5268,0.9.0,0,9,0,108
5269,0.1.6,0,1,6,18
5270,0.5.0,0,5,0,60
5271,0.9.0,0,9,0,108
5272,0.19.0,0,19,0,228
5273,0.9.0,0,9,0,108
5274,0.5.0,0,5,0,60
5275,0.9.0,0,9,0,108
5276,0.5.0,0,5,0,60
5277,0.5.0,0,5,0,60
5278,0.5.0,0,5,0,60
5279,0.5.0,0,5,0,60
5280,0.5.0,0,5,0,60
5281,2.15.0,2,15,0,660
5282,0.5.0,0,5,0,60
5283,0.5.0,0,5,0,60
5284,1.1.0,1,1,0,252
5285,0.9.0,0,9,0,108
5286,0.5.0,0,5,0,60
5287,0.1.6,0,1,6,18
5288,0.5.0,0,5,0,60
5289,3.2.0,3,2,0,744
5290,1.0.0,1,0,0,240
5291,0.3.0,0,3,0,36
5292,0.5.0,0,5,0,60
5293,0.5.0,0,5,0,60
5294,0.9.0,0,9,0,108
5295,0.9.0,0,9,0,108
5296,4.6.0,4,6,0,1032
5297,0.5.0,0,5,0,60
5298,0.1.6,0,1,6,18
5299,0.5.0,0,5,0,60
5300,0.5.0,0,5,0,60
5301,0.5.0,0,5,0,60
5302,0.5.0,0,5,0,60
5303,0.5.0,0,5,0,60
5304,0.1.6,0,1,6,18
5305,0.9.0,0,9,0,108
5306,1.13.6,1,13,6,402
5307,0.9.0,0,9,0,108
5308,1.4.0,1,4,0,288
5309,0.9.0,0,9,0,108
5310,0.9.0,0,9,0,108
5311,0.5.0,0,5,0,60
5312,2.12.6,2,12,6,630
5313,2.12.6,2,12,6,630
5314,1.1.6,1,1,6,258
5315,1.1.0,1,1,0,252
5316,0.5.0,0,5,0,60
5317,0.5.0,0,5,0,60
5318,0.5.0,0,5,0,60
5319,0.5.0,0,5,0,60
5320,0.5.0,0,5,0,60
5321,0.5.0,0,5,0,60
5322,0.5.0,0,5,0,60
5323,1.1.0,1,1,0,252
5324,0.9.0,0,9,0,108
5325,1.1.0,1,1,0,252
5326,0.12.0,0,12,0,144
5327,0.5.0,0,5,0,60
5328,0.5.0,0,5,0,60
5329,0.5.0,0,5,0,60
5330,0.9.0,0,9,0,108
5331,2.12.6,2,12,6,630
5332,0.5.0,0,5,0,60
5333,0.9.0,0,9,0,108
5334,0.1.6,0,1,6,18
5335,0.9.0,0,9,0,108
5336,11.15.0,11,15,0,2820
5337,0.9.0,0,9,0,108
5338,0.9.0,0,9,0,108
5339,0.5.0,0,5,0,60
5340,4.6.0,4,6,0,1032
5341,0.3.0,0,3,0,36
5342,0.1.6,0,1,6,18
5343,1.1.0,1,1,0,252
5344,1.11.0,1,11,0,372
5345,0.1.6,0,1,6,18
5346,0.9.0,0,9,0,108
5347,0.5.0,0,5,0,60
5348,0.5.0,0,5,0,60
5351,1.11.0,1,11,0,372
5352,2.3.0,2,3,0,516
5353,0.9.0,0,9,0,108
5354,0.9.0,0,9,0,108
5355,0.9.0,0,9,0,108
5356,2.12.6,2,12,6,630
5357,2.12.6,2,12,6,630
5358,1.1.0,1,1,0,252
5359,0.5.0,0,5,0,60
5360,0.5.0,0,5,0,60
5361,0.5.0,0,5,0,60
5362,0.9.0,0,9,0,108
5363,1.11.0,1,11,0,372
5364,4.6.0,4,6,0,1032
5365,0.5.0,0,5,0,60
5366,0.1.6,0,1,6,18
5367,4.6.0,4,6,0,1032
5368,1.1.0,1,1,0,252
5369,0.3.0,0,3,0,36
5370,0.5.0,0,5,0,60
5371,0.9.0,0,9,0,108
5372,1.1.6,1,1,6,258
5373,0.1.6,0,1,6,18
5374,0.5.0,0,5,0,60
5375,2.3.0,2,3,0,516
5376,0.19.0,0,19,0,228
5377,0.9.0,0,9,0,108
5378,6.7.0,6,7,0,1524
5379,0.9.0,0,9,0,108
5380,0.1.6,0,1,6,18
5381,0.5.0,0,5,0,60
5382,1.1.0,1,1,0,252
5383,0.14.0,0,14,0,168
5384,0.19.0,0,19,0,228
5385,1.4.0,1,4,0,288
5386,0.5.0,0,5,0,60
5387,0.14.0,0,14,0,168
5388,0.5.0,0,5,0,60
5389,0.5.0,0,5,0,60
5390,0.9.0,0,9,0,108
5391,0.19.0,0,19,0,228
5392,0.9.0,0,9,0,108
5393,1.3.6,1,3,6,282
5394,0.9.0,0,9,0,108
5395,0.5.0,0,5,0,60
5396,0.9.0,0,9,0,108
5397,0.5.0,0,5,0,60
5398,0.5.0,0,5,0,60
5399,0.5.0,0,5,0,60
5400,0.1.6,0,1,6,18
5401,0.5.0,0,5,0,60
5402,0.9.0,0,9,0,108
5403,1.1.0,1,1,0,252
5404,0.9.0,0,9,0,108
5405,0.5.0,0,5,0,60
5406,0.1.6,0,1,6,18
5407,0.1.6,0,1,6,18
5409,0.1.6,0,1,6,18
5410,0.1.6,0,1,6,18
5412,0.5.0,0,5,0,60
5414,0.5.0,0,5,0,60
5415,0.1.6,0,1,6,18
5416,0.5.0,0,5,0,60
5417,0.9.0,0,9,0,108
5418,0.5.0,0,5,0,60
5419,0.1.6,0,1,6,18
5420,4.6.0,4,6,0,1032
5421,1.11.0,1,11,0,372
5422,0.9.0,0,9,0,108
5423,0.5.0,0,5,0,60
5425,0.5.0,0,5,0,60
5426,0.3.0,0,3,0,36
5427,0.5.0,0,5,0,60
5428,0.5.0,0,5,0,60
5429,0.11.6,0,11,6,138
5430,0.5.0,0,5,0,60
5431,0.1.6,0,1,6,18
5432,1.16.0,1,16,0,432
5433,1.1.6,1,1,6,258
5434,0.9.0,0,9,0,108
5435,1.11.0,1,11,0,372
5436,0.19.0,0,19,0,228
5437,0.9.0,0,9,0,108
5438,1.1.0,1,1,0,252
5439,0.5.0,0,5,0,60
5440,0.3.0,0,3,0,36
5441,0.1.6,0,1,6,18
5442,0.5.0,0,5,0,60
5443,0.3.0,0,3,0,36
5444,0.1.6,0,1,6,18
5445,1.1.0,1,1,0,252
5446,0.5.0,0,5,0,60
5447,0.5.0,0,5,0,60
5448,1.16.0,1,16,0,432
5449,2.15.0,2,15,0,660
5450,1.3.0,1,3,0,276
5451,0.5.0,0,5,0,60
5452,0.14.0,0,14,0,168
5453,0.5.0,0,5,0,60
5454,0.5.0,0,5,0,60
5455,0.5.0,0,5,0,60
5456,0.5.0,0,5,0,60
5457,0.3.0,0,3,0,36
5458,0.9.0,0,9,0,108
5459,1.16.0,1,16,0,432
5460,1.1.0,1,1,0,252
5461,0.9.0,0,9,0,108
5462,1.4.0,1,4,0,288
5463,0.5.0,0,5,0,60
5464,0.5.0,0,5,0,60
5465,0.5.0,0,5,0,60
5466,0.1.6,0,1,6,18
5467,0.3.0,0,3,0,36
5468,2.12.6,2,12,6,630
5469,0.5.0,0,5,0,60
5470,0.3.0,0,3,0,36
5471,0.5.0,0,5,0,60
5472,0.1.6,0,1,6,18
5473,0.5.0,0,5,0,60
5474,1.13.6,1,13,6,402
5475,0.3.0,0,3,0,36
5476,3.2.0,3,2,0,744
5477,0.3.0,0,3,0,36
5478,0.1.6,0,1,6,18
5479,0.5.0,0,5,0,60
5480,0.3.0,0,3,0,36
5481,0.5.0,0,5,0,60
5482,0.5.0,0,5,0,60
5483,0.1.6,0,1,6,18
5484,0.1.6,0,1,6,18
5485,0.5.0,0,5,0,60
5486,0.5.0,0,5,0,60
5487,1.16.0,1,16,0,432
5488,0.3.0,0,3,0,36
5489,1.1.6,1,1,6,258
5490,0.1.6,0,1,6,18
5491,1.4.0,1,4,0,288
5492,0.5.0,0,5,0,60
5493,2.3.0,2,3,0,516
5494,0.9.0,0,9,0,108
5495,0.5.0,0,5,0,60
5496,1.1.6,1,1,6,258
5497,4.6.0,4,6,0,1032
5498,0.5.0,0,5,0,60
5499,0.9.0,0,9,0,108
5500,1.16.0,1,16,0,432
5501,2.3.0,2,3,0,516
5502,0.5.0,0,5,0,60
5503,0.1.6,0,1,6,18
5504,4.6.0,4,6,0,1032
5505,0.9.0,0,9,0,108
5506,0.9.0,0,9,0,108
5507,2.12.6,2,12,6,630
5508,0.9.0,0,9,0,108
5509,0.3.0,0,3,0,36
5510,0.5.0,0,5,0,60
5511,0.5.0,0,5,0,60
5512,0.3.0,0,3,0,36
5513,0.5.0,0,5,0,60
5514,1.11.0,1,11,0,372
5515,0.9.0,0,9,0,108
5516,1.16.0,1,16,0,432
5517,0.14.0,0,14,0,168
5518,0.5.0,0,5,0,60
5519,1.4.0,1,4,0,288
5520,0.9.0,0,9,0,108
5521,0.9.0,0,9,0,108
5522,2.12.6,2,12,6,630
5523,4.6.0,4,6,0,1032
5524,0.19.0,0,19,0,228
5525,0.9.0,0,9,0,108
5526,0.1.6,0,1,6,18
5527,1.11.0,1,11,0,372
5528,0.5.0,0,5,0,60
5529,1.1.6,1,1,6,258
5530,0.3.0,0,3,0,36
5531,0.5.0,0,5,0,60
5532,0.9.0,0,9,0,108
5533,1.1.0,1,1,0,252
5534,1.6.0,1,6,0,312
5535,0.9.0,0,9,0,108
5536,0.1.6,0,1,6,18
5537,0.5.0,0,5,0,60
5538,0.1.6,0,1,6,18
5539,0.3.0,0,3,0,36
5540,3.2.0,3,2,0,744
5541,0.9.0,0,9,0,108
5542,0.5.0,0,5,0,60
5543,0.9.0,0,9,0,108
5544,0.5.0,0,5,0,60
5545,0.5.0,0,5,0,60
5546,0.9.0,0,9,0,108
5547,1.16.0,1,16,0,432
5548,0.9.0,0,9,0,108
5549,0.9.0,0,9,0,108
5550,0.5.0,0,5,0,60
5551,0.3.0,0,3,0,36
5552,0.5.0,0,5,0,60
5553,0.5.0,0,5,0,60
5554,0.5.0,0,5,0,60
5555,0.9.0,0,9,0,108
5556,0.5.0,0,5,0,60
5557,0.5.0,0,5,0,60
5558,0.3.0,0,3,0,36
5559,0.9.0,0,9,0,108
5560,0.9.0,0,9,0,108
5561,0.1.6,0,1,6,18
5562,3.2.0,3,2,0,744
5563,0.5.0,0,5,0,60
5564,0.5.0,0,5,0,60
5565,0.1.6,0,1,6,18
5566,0.1.6,0,1,6,18
5567,0.14.0,0,14,0,168
5568,0.5.0,0,5,0,60
5569,0.5.0,0,5,0,60
5570,0.9.0,0,9,0,108
5571,0.4.6,0,4,6,54
5572,0.9.0,0,9,0,108
5573,0.9.0,0,9,0,108
5574,0.11.6,0,11,6,138
5575,0.9.0,0,9,0,108
5576,2.12.6,2,12,6,630
5577,0.5.0,0,5,0,60
5578,0.5.0,0,5,0,60
5579,0.9.0,0,9,0,108
5580,0.9.0,0,9,0,108
5581,1.1.6,1,1,6,258
5582,0.9.0,0,9,0,108
5583,0.3.0,0,3,0,36
5584,0.1.6,0,1,6,18
5585,0.1.6,0,1,6,18
5586,0.1.6,0,1,6,18
5587,4.6.0,4,6,0,1032
5588,0.9.0,0,9,0,108
5589,1.1.6,1,1,6,258
5590,0.9.0,0,9,0,108
5591,0.3.0,0,3,0,36
5592,0.3.0,0,3,0,36
5593,0.9.0,0,9,0,108
5594,0.1.6,0,1,6,18
5595,0.1.6,0,1,6,18
5596,0.3.0,0,3,0,36
5597,0.3.0,0,3,0,36
5598,0.11.6,0,11,6,138
5599,0.5.0,0,5,0,60
5600,1.1.0,1,1,0,252
5601,0.9.0,0,9,0,108
5602,0.5.0,0,5,0,60
5603,0.5.0,0,5,0,60
5604,0.5.0,0,5,0,60
5605,0.3.0,0,3,0,36
5606,0.5.0,0,5,0,60
5607,2.3.0,2,3,0,516
5608,0.9.0,0,9,0,108
5609,0.9.0,0,9,0,108
5610,0.5.0,0,5,0,60
5611,2.12.6,2,12,6,630
5612,2.12.6,2,12,6,630
5613,0.5.0,0,5,0,60
5614,1.3.6,1,3,6,282
5615,0.3.0,0,3,0,36
5616,0.5.0,0,5,0,60
5617,0.1.6,0,1,6,18
5618,0.1.6,0,1,6,18
5620,4.6.0,4,6,0,1032
5621,4.6.0,4,6,0,1032
5622,1.16.0,1,16,0,432
5623,1.11.0,1,11,0,372
5624,0.5.0,0,5,0,60
5625,0.9.0,0,9,0,108
5626,1.1.0,1,1,0,252
5627,0.5.0,0,5,0,60
5628,0.3.0,0,3,0,36
5629,0.9.0,0,9,0,108
5630,0.1.6,0,1,6,18
5631,0.9.0,0,9,0,108
5632,2.3.0,2,3,0,516
5633,1.11.0,1,11,0,372
5634,0.19.0,0,19,0,228
5635,0.9.0,0,9,0,108
5636,1.4.0,1,4,0,288
5637,0.5.0,0,5,0,60
5638,0.9.0,0,9,0,108
5639,0.3.0,0,3,0,36
5640,0.5.0,0,5,0,60
5641,0.9.0,0,9,0,108
5642,0.1.6,0,1,6,18
5643,0.1.6,0,1,6,18
5644,2.15.0,2,15,0,660
5645,1.16.0,1,16,0,432
5646,0.9.0,0,9,0,108
5647,0.1.6,0,1,6,18
5648,0.5.0,0,5,0,60
5649,0.9.0,0,9,0,108
5650,0.3.0,0,3,0,36
5651,0.1.6,0,1,6,18
5652,0.5.0,0,5,0,60
5653,0.5.0,0,5,0,60
5654,0.9.0,0,9,0,108
5655,3.2.0,3,2,0,744
5656,2.12.6,2,12,6,630
5657,1.1.6,1,1,6,258
5658,0.9.0,0,9,0,108
5659,0.1.6,0,1,6,18
5660,0.5.0,0,5,0,60
5661,0.1.6,0,1,6,18
5662,0.9.0,0,9,0,108
5663,0.5.0,0,5,0,60
5664,0.5.0,0,5,0,60
5665,0.1.6,0,1,6,18
5666,0.1.6,0,1,6,18
5667,0.1.6,0,1,6,18
5668,0.5.0,0,5,0,60
5669,3.2.0,3,2,0,744
5670,1.1.0,1,1,0,252
5671,0.5.0,0,5,0,60
5672,0.5.0,0,5,0,60
5673,3.2.0,3,2,0,744
5674,0.9.0,0,9,0,108
5675,1.16.0,1,16,0,432
5676,1.1.0,1,1,0,252
5677,0.9.0,0,9,0,108
5678,0.3.0,0,3,0,36
5679,2.15.0,2,15,0,660
5680,0.9.0,0,9,0,108
5681,0.11.6,0,11,6,138
5682,0.9.0,0,9,0,108
5683,0.11.6,0,11,6,138
5684,0.5.0,0,5,0,60
5685,0.5.0,0,5,0,60
5686,1.16.0,1,16,0,432
5687,0.5.0,0,5,0,60
5688,0.9.0,0,9,0,108
5689,4.6.0,4,6,0,1032
5690,0.5.0,0,5,0,60
5691,0.12.0,0,12,0,144
5692,0.9.0,0,9,0,108
5693,0.5.0,0,5,0,60
5694,0.1.6,0,1,6,18
5695,1.1.6,1,1,6,258
5696,0.1.6,0,1,6,18
5697,0.9.0,0,9,0,108
5698,0.1.6,0,1,6,18
5699,1.11.0,1,11,0,372
5700,0.3.0,0,3,0,36
5701,0.3.0,0,3,0,36
5702,0.9.0,0,9,0,108
5703,0.1.6,0,1,6,18
5704,0.17.6,0,17,6,210
5705,4.6.0,4,6,0,1032
5706,2.12.6,2,12,6,630
5707,2.12.6,2,12,6,630
5708,0.5.0,0,5,0,60
5709,0.5.0,0,5,0,60
5710,0.5.0,0,5,0,60
5711,1.13.6,1,13,6,402
5712,0.5.0,0,5,0,60
5713,0.9.0,0,9,0,108
5714,2.12.6,2,12,6,630
5715,0.3.0,0,3,0,36
5716,1.16.0,1,16,0,432
5717,0.5.0,0,5,0,60
5718,0.1.6,0,1,6,18
5719,0.9.0,0,9,0,108
5720,0.9.0,0,9,0,108
5721,0.5.0,0,5,0,60
5722,0.9.0,0,9,0,108
5723,1.4.0,1,4,0,288
5724,1.1.0,1,1,0,252
5725,0.5.0,0,5,0,60
5726,2.12.6,2,12,6,630
5727,2.12.6,2,12,6,630
5728,0.9.0,0,9,0,108
5729,2.3.0,2,3,0,516
5730,3.2.0,3,2,0,744
5731,0.5.0,0,5,0,60
5732,0.1.6,0,1,6,18
5733,0.5.0,0,5,0,60
5734,0.9.0,0,9,0,108
5735,0.9.0,0,9,0,108
5736,1.1.6,1,1,6,258
5737,0.1.6,0,1,6,18
5738,0.1.6,0,1,6,18
5739,0.5.0,0,5,0,60
5740,2.12.6,2,12,6,630
5741,0.5.0,0,5,0,60
5742,0.1.6,0,1,6,18
5743,0.5.0,0,5,0,60
5744,1.4.0,1,4,0,288
5745,4.6.0,4,6,0,1032
5746,0.3.0,0,3,0,36
5747,0.9.0,0,9,0,108
5748,0.11.6,0,11,6,138
5749,0.5.0,0,5,0,60
5750,0.1.6,0,1,6,18
5751,2.15.0,2,15,0,660
5752,1.16.0,1,16,0,432
5753,0.5.0,0,5,0,60
5754,0.5.0,0,5,0,60
5755,0.1.6,0,1,6,18
5756,0.1.6,0,1,6,18
5757,0.3.0,0,3,0,36
5758,0.5.0,0,5,0,60
5759,0.5.0,0,5,0,60
5760,0.5.0,0,5,0,60
5761,0.9.0,0,9,0,108
5762,0.9.0,0,9,0,108
5763,1.4.0,1,4,0,288
5764,0.12.0,0,12,0,144
5765,0.5.0,0,5,0,60
5766,0.1.6,0,1,6,18
5767,0.1.6,0,1,6,18
5768,0.3.0,0,3,0,36
5769,0.1.6,0,1,6,18
5770,0.5.0,0,5,0,60
5771,4.6.0,4,6,0,1032
5772,0.5.0,0,5,0,60
5773,0.5.0,0,5,0,60
5774,0.9.0,0,9,0,108
5775,0.5.0,0,5,0,60
5776,0.9.0,0,9,0,108
5777,1.4.0,1,4,0,288
5778,0.5.0,0,5,0,60
5779,0.9.0,0,9,0,108
5780,0.5.0,0,5,0,60
5781,0.9.0,0,9,0,108
5782,0.9.0,0,9,0,108
5783,0.9.0,0,9,0,108
5784,0.5.0,0,5,0,60
5785,0.5.0,0,5,0,60
5786,0.5.0,0,5,0,60
5787,0.5.0,0,5,0,60
5788,2.3.0,2,3,0,516
5789,0.9.0,0,9,0,108
5790,0.5.0,0,5,0,60
5791,0.5.0,0,5,0,60
5792,2.3.0,2,3,0,516
5793,0.5.0,0,5,0,60
5794,0.5.0,0,5,0,60
5795,6.15.0,6,15,0,1620
5796,2.12.6,2,12,6,630
5797,0.1.6,0,1,6,18
5798,1.16.0,1,16,0,432
5799,1.1.0,1,1,0,252
5800,0.3.0,0,3,0,36
5801,0.9.0,0,9,0,108
5802,0.9.0,0,9,0,108
5803,0.1.6,0,1,6,18
5804,0.5.0,0,5,0,60
5805,0.11.6,0,11,6,138
5806,0.9.0,0,9,0,108
5807,0.9.0,0,9,0,108
5808,2.12.6,2,12,6,630
5809,0.9.0,0,9,0,108
5810,1.4.0,1,4,0,288
5811,0.5.0,0,5,0,60
5812,0.1.6,0,1,6,18
5813,0.9.0,0,9,0,108
5814,2.15.0,2,15,0,660
5815,0.5.0,0,5,0,60
5816,0.5.0,0,5,0,60
5817,0.5.0,0,5,0,60
5818,2.12.6,2,12,6,630
5819,0.5.0,0,5,0,60
5820,0.3.0,0,3,0,36
5821,1.1.0,1,1,0,252
5822,0.9.0,0,9,0,108
5823,0.1.6,0,1,6,18
5824,0.1.6,0,1,6,18
5825,0.9.0,0,9,0,108
5826,0.5.0,0,5,0,60
5827,0.5.0,0,5,0,60
5828,0.1.6,0,1,6,18
5829,0.5.0,0,5,0,60
5830,1.16.0,1,16,0,432
5831,0.5.0,0,5,0,60
5832,0.9.0,0,9,0,108
5833,0.9.0,0,9,0,108
5834,0.9.0,0,9,0,108
5835,0.1.6,0,1,6,18
5836,2.15.0,2,15,0,660
5837,0.5.0,0,5,0,60
5838,0.5.0,0,5,0,60
5839,0.5.0,0,5,0,60
5840,0.5.0,0,5,0,60
5841,0.9.0,0,9,0,108
5842,0.9.0,0,9,0,108
5843,2.12.6,2,12,6,630
5844,0.5.0,0,5,0,60
5845,0.1.6,0,1,6,18
5846,2.3.0,2,3,0,516
5847,0.3.0,0,3,0,36
5848,0.7.6,0,7,6,90
5849,0.9.0,0,9,0,108
5850,1.16.0,1,16,0,432
5851,0.5.0,0,5,0,60
5852,2.3.0,2,3,0,516
5853,2.3.0,2,3,0,516
5854,0.5.0,0,5,0,60
5855,0.9.0,0,9,0,108
5856,0.5.0,0,5,0,60
5857,0.5.0,0,5,0,60
5858,0.3.0,0,3,0,36
5859,0.9.0,0,9,0,108
5860,0.9.0,0,9,0,108
5861,2.3.0,2,3,0,516
5862,6.15.0,6,15,0,1620
5863,2.12.6,2,12,6,630
5864,2.15.0,2,15,0,660
5865,0.9.0,0,9,0,108
5866,0.5.0,0,5,0,60
5867,0.9.0,0,9,0,108
5868,0.1.6,0,1,6,18
5869,0.3.0,0,3,0,36
5870,1.6.0,1,6,0,312
5871,0.5.0,0,5,0,60
5872,0.1.6,0,1,6,18
5873,0.1.6,0,1,6,18
5874,0.5.0,0,5,0,60
5875,1.16.0,1,16,0,432
5876,0.5.0,0,5,0,60
5877,0.9.0,0,9,0,108
5878,0.5.0,0,5,0,60
5879,0.3.0,0,3,0,36
5880,4.6.0,4,6,0,1032
5881,0.3.0,0,3,0,36
5882,0.3.0,0,3,0,36
5883,0.5.0,0,5,0,60
5884,1.16.0,1,16,0,432
5885,0.5.0,0,5,0,60
5886,0.1.6,0,1,6,18
5887,0.9.0,0,9,0,108
5888,0.9.0,0,9,0,108
5889,0.5.0,0,5,0,60
5890,0.5.0,0,5,0,60
5891,0.5.0,0,5,0,60
5892,2.12.6,2,12,6,630
5893,2.12.6,2,12,6,630
5894,0.5.0,0,5,0,60
5895,0.5.0,0,5,0,60
5896,0.5.0,0,5,0,60
5897,0.12.0,0,12,0,144
5898,0.5.0,0,5,0,60
5899,1.16.0,1,16,0,432
5900,0.5.0,0,5,0,60
5901,0.1.6,0,1,6,18
5902,0.5.0,0,5,0,60
5903,1.16.0,1,16,0,432
5904,0.5.0,0,5,0,60
5905,0.5.0,0,5,0,60
5906,0.5.0,0,5,0,60
5907,1.11.0,1,11,0,372
5908,1.16.0,1,16,0,432
5909,0.9.0,0,9,0,108
5910,3.2.0,3,2,0,744
5911,0.5.0,0,5,0,60
5912,0.9.0,0,9,0,108
5913,0.12.0,0,12,0,144
5914,0.5.0,0,5,0,60
5915,0.9.0,0,9,0,108
5916,0.5.0,0,5,0,60
5917,0.5.0,0,5,0,60
5918,0.5.0,0,5,0,60
5919,0.5.0,0,5,0,60
5920,0.9.0,0,9,0,108
5921,0.9.0,0,9,0,108
5922,1.4.0,1,4,0,288
5923,2.3.0,2,3,0,516
5924,0.5.0,0,5,0,60
5925,1.3.0,1,3,0,276
5926,0.1.6,0,1,6,18
5927,0.5.0,0,5,0,60
5928,0.5.0,0,5,0,60
5929,0.1.6,0,1,6,18
5930,0.9.0,0,9,0,108
5931,0.5.0,0,5,0,60
5932,0.9.0,0,9,0,108
5933,2.12.6,2,12,6,630
5934,0.9.0,0,9,0,108
5935,0.3.0,0,3,0,36
5936,0.1.6,0,1,6,18
5937,0.5.0,0,5,0,60
5938,0.1.6,0,1,6,18
5939,1.1.0,1,1,0,252
5940,2.15.0,2,15,0,660
5941,0.3.0,0,3,0,36
5942,0.9.0,0,9,0,108
5943,0.5.0,0,5,0,60
5944,0.9.0,0,9,0,108
5945,0.9.0,0,9,0,108
5946,0.9.0,0,9,0,108
5947,0.9.0,0,9,0,108
5948,0.1.6,0,1,6,18
5949,2.3.0,2,3,0,516
5950,0.9.0,0,9,0,108
5951,0.5.0,0,5,0,60
5952,0.5.0,0,5,0,60
5953,0.5.0,0,5,0,60
5954,1.16.0,1,16,0,432
5955,0.1.6,0,1,6,18
5956,0.3.0,0,3,0,36
5957,0.5.0,0,5,0,60
5958,0.9.0,0,9,0,108
5959,1.11.0,1,11,0,372
5960,0.3.0,0,3,0,36
5961,0.1.6,0,1,6,18
5962,0.1.6,0,1,6,18
5963,0.1.6,0,1,6,18
5964,1.4.0,1,4,0,288
5965,0.9.0,0,9,0,108
5966,0.5.0,0,5,0,60
5967,0.5.0,0,5,0,60
5968,0.5.0,0,5,0,60
5969,0.5.0,0,5,0,60
5970,0.5.0,0,5,0,60
5971,0.5.0,0,5,0,60
5972,0.5.0,0,5,0,60
5973,1.11.0,1,11,0,372
5974,1.11.0,1,11,0,372
5975,1.11.0,1,11,0,372
5976,0.1.6,0,1,6,18
5977,2.12.6,2,12,6,630
5978,2.12.6,2,12,6,630
5979,0.9.0,0,9,0,108
5980,0.5.0,0,5,0,60
5981,0.9.0,0,9,0,108
5982,0.5.0,0,5,0,60
5983,0.5.0,0,5,0,60
5984,0.5.0,0,5,0,60
5985,0.9.0,0,9,0,108
5986,0.5.0,0,5,0,60
5987,0.1.6,0,1,6,18
5988,0.1.6,0,1,6,18
5989,0.1.6,0,1,6,18
5990,0.1.6,0,1,6,18
5991,0.11.6,0,11,6,138
5992,0.9.0,0,9,0,108
5993,0.5.0,0,5,0,60
5994,0.5.0,0,5,0,60
5995,0.5.0,0,5,0,60
5996,0.5.0,0,5,0,60
5997,0.5.0,0,5,0,60
5998,0.1.6,0,1,6,18
5999,0.1.6,0,1,6,18
6000,0.1.6,0,1,6,18
6001,0.11.6,0,11,6,138
6002,0.5.0,0,5,0,60
6003,0.19.0,0,19,0,228
6004,0.5.0,0,5,0,60
6005,0.9.0,0,9,0,108
6006,0.9.0,0,9,0,108
6007,1.1.0,1,1,0,252
6008,0.3.0,0,3,0,36
6009,0.3.0,0,3,0,36
6010,0.9.0,0,9,0,108
6011,0.9.0,0,9,0,108
6012,0.9.0,0,9,0,108
6013,0.5.0,0,5,0,60
6014,0.9.0,0,9,0,108
6015,0.9.0,0,9,0,108
6016,0.9.0,0,9,0,108
6017,2.3.0,2,3,0,516
6018,0.11.6,0,11,6,138
6019,1.11.0,1,11,0,372
6020,2.3.0,2,3,0,516
6021,1.1.0,1,1,0,252
6022,0.9.0,0,9,0,108
6023,0.5.0,0,5,0,60
6024,2.12.6,2,12,6,630
6025,2.12.6,2,12,6,630
6026,0.5.0,0,5,0,60
6027,0.1.6,0,1,6,18
6028,0.5.0,0,5,0,60
6029,0.3.0,0,3,0,36
6030,0.9.0,0,9,0,108
6031,0.5.0,0,5,0,60
6032,0.5.0,0,5,0,60
6033,0.9.0,0,9,0,108
6034,0.9.0,0,9,0,108
6035,1.1.0,1,1,0,252
6036,1.3.0,1,3,0,276
6037,0.5.0,0,5,0,60
6038,0.3.0,0,3,0,36
6039,0.9.0,0,9,0,108
6040,2.12.6,2,12,6,630
6041,2.12.6,2,12,6,630
6042,0.5.0,0,5,0,60
6043,0.5.0,0,5,0,60
6044,0.9.0,0,9,0,108
6045,0.1.6,0,1,6,18
6046,0.5.0,0,5,0,60
6047,0.1.6,0,1,6,18
6048,0.5.0,0,5,0,60
6049,0.5.0,0,5,0,60
6050,0.3.0,0,3,0,36
6051,0.9.0,0,9,0,108
6052,0.9.0,0,9,0,108
6053,0.3.0,0,3,0,36
6054,0.3.0,0,3,0,36
6055,0.1.6,0,1,6,18
6056,0.3.0,0,3,0,36
6057,0.5.0,0,5,0,60
6058,0.5.0,0,5,0,60
6059,0.5.0,0,5,0,60
6060,0.9.0,0,9,0,108
6061,0.9.0,0,9,0,108
6062,0.5.0,0,5,0,60
6063,1.16.0,1,16,0,432
6064,1.1.0,1,1,0,252
6065,0.5.0,0,5,0,60
6066,0.3.0,0,3,0,36
6067,0.9.0,0,9,0,108
6068,0.1.6,0,1,6,18
6069,0.5.0,0,5,0,60
6070,0.11.6,0,11,6,138
6071,0.5.0,0,5,0,60
6072,0.1.6,0,1,6,18
6073,0.1.6,0,1,6,18
6074,0.9.0,0,9,0,108
6075,0.3.0,0,3,0,36
6076,0.9.0,0,9,0,108
6077,2.12.6,2,12,6,630
6078,0.9.0,0,9,0,108
6079,0.12.0,0,12,0,144
6080,0.5.0,0,5,0,60
6081,0.5.0,0,5,0,60
6082,0.3.0,0,3,0,36
6083,2.3.0,2,3,0,516
6084,6.15.0,6,15,0,1620
6085,0.5.0,0,5,0,60
6086,0.9.0,0,9,0,108
6087,2.3.0,2,3,0,516
6088,1.1.6,1,1,6,258
6089,0.1.6,0,1,6,18
6090,0.9.0,0,9,0,108
6091,0.5.0,0,5,0,60
6092,0.5.0,0,5,0,60
6093,0.9.0,0,9,0,108
6094,4.6.0,4,6,0,1032
6095,0.1.6,0,1,6,18
6096,0.5.0,0,5,0,60
6097,0.9.0,0,9,0,108
6098,1.16.0,1,16,0,432
6099,0.5.0,0,5,0,60
6100,0.3.0,0,3,0,36
6101,2.3.0,2,3,0,516
6102,0.5.0,0,5,0,60
6103,0.9.0,0,9,0,108
6104,0.9.0,0,9,0,108
6105,1.6.0,1,6,0,312
6106,2.3.0,2,3,0,516
6107,0.12.0,0,12,0,144
6108,0.5.0,0,5,0,60
6109,0.1.6,0,1,6,18
6110,0.1.6,0,1,6,18
6111,3.0.0,3,0,0,720
6112,0.11.6,0,11,6,138
6113,0.19.0,0,19,0,228
6114,0.9.0,0,9,0,108
6115,0.3.0,0,3,0,36
6116,2.12.6,2,12,6,630
6117,2.12.6,2,12,6,630
6118,0.5.0,0,5,0,60
6119,0.9.0,0,9,0,108
6120,0.11.6,0,11,6,138
6121,4.6.0,4,6,0,1032
6122,0.5.0,0,5,0,60
6123,0.5.0,0,5,0,60
6124,0.1.6,0,1,6,18
6125,2.17.6,2,17,6,690
6126,0.1.6,0,1,6,18
6127,1.1.6,1,1,6,258
6128,1.11.0,1,11,0,372
6129,0.9.0,0,9,0,108
6130,1.6.0,1,6,0,312
6131,0.14.0,0,14,0,168
6132,0.5.0,0,5,0,60
6133,0.5.0,0,5,0,60
6134,0.5.0,0,5,0,60
6135,0.5.0,0,5,0,60
6136,0.5.0,0,5,0,60
6137,0.5.0,0,5,0,60
6138,0.9.0,0,9,0,108
6139,0.5.0,0,5,0,60
6140,0.1.6,0,1,6,18
6141,1.4.0,1,4,0,288
6142,0.11.6,0,11,6,138
6143,2.12.6,2,12,6,630
6144,0.5.0,0,5,0,60
6145,0.5.0,0,5,0,60
6146,0.1.6,0,1,6,18
6147,1.3.6,1,3,6,282
6148,1.1.0,1,1,0,252
6149,0.5.0,0,5,0,60
6150,2.12.6,2,12,6,630
6151,0.5.0,0,5,0,60
6152,0.9.0,0,9,0,108
6153,0.5.0,0,5,0,60
6154,0.5.0,0,5,0,60
6155,0.1.6,0,1,6,18
6156,0.5.0,0,5,0,60
6157,1.1.0,1,1,0,252
6158,0.1.6,0,1,6,18
6159,0.5.0,0,5,0,60
6160,0.9.0,0,9,0,108
6161,0.5.0,0,5,0,60
6162,0.1.6,0,1,6,18
6163,0.9.0,0,9,0,108
6164,2.15.0,2,15,0,660
6165,0.1.6,0,1,6,18
6166,0.1.6,0,1,6,18
6167,3.2.0,3,2,0,744
6168,0.9.0,0,9,0,108
6169,0.9.0,0,9,0,108
6170,0.5.0,0,5,0,60
6171,0.1.6,0,1,6,18
6172,0.9.0,0,9,0,108
6173,0.9.0,0,9,0,108
6174,4.6.0,4,6,0,1032
6175,0.1.6,0,1,6,18
6176,0.5.0,0,5,0,60
6177,0.9.0,0,9,0,108
6178,3.2.0,3,2,0,744
6179,1.1.0,1,1,0,252
6180,0.9.0,0,9,0,108
6181,1.13.6,1,13,6,402
6182,2.12.6,2,12,6,630
6183,2.12.6,2,12,6,630
6184,1.16.0,1,16,0,432
6185,1.1.6,1,1,6,258
6186,0.1.6,0,1,6,18
6187,0.1.6,0,1,6,18
6188,0.9.0,0,9,0,108
6189,0.9.0,0,9,0,108
6190,0.1.6,0,1,6,18
6191,1.3.6,1,3,6,282
6192,0.9.0,0,9,0,108
6193,0.5.0,0,5,0,60
6194,0.5.0,0,5,0,60
6195,0.1.6,0,1,6,18
6196,0.9.0,0,9,0,108
6197,3.2.0,3,2,0,744
6198,0.9.0,0,9,0,108
6199,0.1.6,0,1,6,18
6200,1.1.0,1,1,0,252
6201,0.1.6,0,1,6,18
6202,0.5.0,0,5,0,60
6203,0.9.0,0,9,0,108
6204,0.9.0,0,9,0,108
6205,0.12.0,0,12,0,144
6206,0.9.0,0,9,0,108
6207,0.15.0,0,15,0,180
6208,0.4.6,0,4,6,54
6209,0.5.0,0,5,0,60
6210,0.9.0,0,9,0,108
6211,0.5.0,0,5,0,60
6212,0.5.0,0,5,0,60
6213,0.5.0,0,5,0,60
6214,0.5.0,0,5,0,60
6215,0.1.6,0,1,6,18
6216,0.1.6,0,1,6,18
6217,0.5.0,0,5,0,60
6218,0.5.0,0,5,0,60
6219,1.16.0,1,16,0,432
6220,0.1.6,0,1,6,18
6221,0.9.0,0,9,0,108
6222,2.3.0,2,3,0,516
6223,0.5.0,0,5,0,60
6224,0.9.0,0,9,0,108
6225,0.9.0,0,9,0,108
6226,0.11.6,0,11,6,138
6227,0.5.0,0,5,0,60
6228,0.5.0,0,5,0,60
6229,0.3.0,0,3,0,36
6230,2.15.0,2,15,0,660
6231,0.9.0,0,9,0,108
6232,0.5.0,0,5,0,60
6233,0.9.0,0,9,0,108
6234,0.9.0,0,9,0,108
6235,0.5.0,0,5,0,60
6236,2.12.6,2,12,6,630
6237,1.16.0,1,16,0,432
6238,0.1.6,0,1,6,18
6239,0.3.0,0,3,0,36
6240,0.5.0,0,5,0,60
6241,0.9.0,0,9,0,108
6242,3.2.0,3,2,0,744
6243,0.5.0,0,5,0,60
6244,0.19.0,0,19,0,228
6245,0.9.0,0,9,0,108
6246,0.5.0,0,5,0,60
6247,1.4.0,1,4,0,288
6248,0.1.6,0,1,6,18
6249,0.9.0,0,9,0,108
6250,0.11.6,0,11,6,138
6251,0.5.0,0,5,0,60
6252,0.5.0,0,5,0,60
6253,0.9.0,0,9,0,108
6254,1.16.0,1,16,0,432
6255,2.12.6,2,12,6,630
6256,0.9.0,0,9,0,108
6257,2.3.0,2,3,0,516
6258,0.11.6,0,11,6,138
6259,0.1.6,0,1,6,18
6260,0.1.6,0,1,6,18
6261,0.5.0,0,5,0,60
6262,0.5.0,0,5,0,60
6263,2.12.6,2,12,6,630
6264,0.5.0,0,5,0,60
6265,0.5.0,0,5,0,60
6266,0.3.0,0,3,0,36
6267,0.3.0,0,3,0,36
6268,0.3.0,0,3,0,36
6269,0.11.6,0,11,6,138
6270,0.1.6,0,1,6,18
6271,0.3.0,0,3,0,36
6272,4.6.0,4,6,0,1032
6273,0.9.0,0,9,0,108
6275,3.2.0,3,2,0,744
6276,0.5.0,0,5,0,60
6277,0.9.0,0,9,0,108
6278,2.12.6,2,12,6,630
6279,2.12.6,2,12,6,630
6280,0.5.0,0,5,0,60
6281,0.9.0,0,9,0,108
6282,0.5.0,0,5,0,60
6283,1.4.0,1,4,0,288
6284,0.1.6,0,1,6,18
6285,0.5.0,0,5,0,60
6286,2.15.0,2,15,0,660
6287,0.3.0,0,3,0,36
6288,0.5.0,0,5,0,60
6289,0.5.0,0,5,0,60
6290,0.19.0,0,19,0,228
6291,1.1.6,1,1,6,258
6292,0.5.0,0,5,0,60
6293,0.9.0,0,9,0,108
6294,0.1.6,0,1,6,18
6295,0.9.0,0,9,0,108
6296,0.5.0,0,5,0,60
6297,0.12.0,0,12,0,144
6298,0.1.6,0,1,6,18
6299,0.1.6,0,1,6,18
6300,0.5.0,0,5,0,60
6301,0.9.0,0,9,0,108
6302,0.9.0,0,9,0,108
6303,0.9.0,0,9,0,108
6304,0.5.0,0,5,0,60
6305,0.9.0,0,9,0,108
6306,0.9.0,0,9,0,108
6307,0.5.0,0,5,0,60
6308,0.5.0,0,5,0,60
6309,0.1.6,0,1,6,18
6310,0.3.0,0,3,0,36
6311,0.9.0,0,9,0,108
6312,0.1.6,0,1,6,18
6313,1.1.0,1,1,0,252
6314,0.5.0,0,5,0,60
6315,0.5.0,0,5,0,60
6316,0.5.0,0,5,0,60
6317,0.9.0,0,9,0,108
6318,0.5.0,0,5,0,60
6319,0.5.0,0,5,0,60
6320,0.5.0,0,5,0,60
6321,0.5.0,0,5,0,60
6322,1.4.0,1,4,0,288
6323,1.1.6,1,1,6,258
6324,1.1.0,1,1,0,252
6325,0.1.6,0,1,6,18
6326,0.1.6,0,1,6,18
6327,0.3.0,0,3,0,36
6328,12.14.0,12,14,0,3048
6329,0.3.0,0,3,0,36
6330,0.3.0,0,3,0,36
6331,0.1.6,0,1,6,18
6332,0.1.6,0,1,6,18
6333,0.5.0,0,5,0,60
6334,0.14.0,0,14,0,168
6335,0.9.0,0,9,0,108
6336,0.1.6,0,1,6,18
6337,0.9.0,0,9,0,108
6338,0.14.0,0,14,0,168
6339,0.5.0,0,5,0,60
6340,0.5.0,0,5,0,60
6341,0.3.0,0,3,0,36
6342,0.1.6,0,1,6,18
6343,0.9.0,0,9,0,108
6344,1.4.0,1,4,0,288
6345,0.9.0,0,9,0,108
6346,0.1.6,0,1,6,18
6347,0.3.0,0,3,0,36
6348,1.4.0,1,4,0,288
6349,0.9.0,0,9,0,108
6350,0.5.0,0,5,0,60
6351,0.14.0,0,14,0,168
6352,0.3.0,0,3,0,36
6353,1.16.0,1,16,0,432
6354,0.9.0,0,9,0,108
6355,0.9.0,0,9,0,108
6356,2.12.6,2,12,6,630
6357,0.1.6,0,1,6,18
6358,0.9.0,0,9,0,108
6359,0.9.0,0,9,0,108
6360,0.1.6,0,1,6,18
6361,0.9.0,0,9,0,108
6362,0.5.0,0,5,0,60
6363,0.3.0,0,3,0,36
6364,1.6.0,1,6,0,312
6365,0.5.0,0,5,0,60
6366,0.5.0,0,5,0,60
6367,0.1.6,0,1,6,18
6368,0.9.0,0,9,0,108
6369,0.9.0,0,9,0,108
6370,0.5.0,0,5,0,60
6371,0.5.0,0,5,0,60
6372,2.12.6,2,12,6,630
6373,0.5.0,0,5,0,60
6374,0.5.0,0,5,0,60
6375,0.5.0,0,5,0,60
6376,3.2.0,3,2,0,744
6377,1.16.0,1,16,0,432
6378,0.5.0,0,5,0,60
6379,0.3.0,0,3,0,36
6380,0.5.0,0,5,0,60
6381,0.5.0,0,5,0,60
6382,0.5.0,0,5,0,60
6383,1.13.6,1,13,6,402
6384,0.1.6,0,1,6,18
6385,0.3.0,0,3,0,36
6386,0.5.0,0,5,0,60
6387,0.1.6,0,1,6,18
6388,1.1.0,1,1,0,252
6389,0.9.0,0,9,0,108
6390,0.3.0,0,3,0,36
6391,0.5.0,0,5,0,60
6392,0.9.0,0,9,0,108
6393,4.6.0,4,6,0,1032
6394,1.1.0,1,1,0,252
6395,0.3.0,0,3,0,36
6396,1.16.0,1,16,0,432
6397,0.5.0,0,5,0,60
6398,0.11.6,0,11,6,138
6399,0.5.0,0,5,0,60
6400,0.9.0,0,9,0,108
6401,0.14.0,0,14,0,168
6402,0.9.0,0,9,0,108
6403,0.9.0,0,9,0,108
6404,1.16.0,1,16,0,432
6405,2.12.6,2,12,6,630
6406,0.5.0,0,5,0,60
6407,0.9.0,0,9,0,108
6408,0.5.0,0,5,0,60
6409,0.3.0,0,3,0,36
6410,0.11.6,0,11,6,138
6411,0.5.0,0,5,0,60
6412,0.3.0,0,3,0,36
6413,0.5.0,0,5,0,60
6414,0.1.6,0,1,6,18
6415,0.1.6,0,1,6,18
6416,4.6.0,4,6,0,1032
6417,0.5.0,0,5,0,60
6418,1.1.0,1,1,0,252
6419,0.5.0,0,5,0,60
6420,0.1.6,0,1,6,18
6421,0.9.0,0,9,0,108
6422,1.16.0,1,16,0,432
6423,0.5.0,0,5,0,60
6424,0.1.6,0,1,6,18
6425,0.9.0,0,9,0,108
6426,0.9.0,0,9,0,108
6427,0.1.6,0,1,6,18
6428,1.16.0,1,16,0,432
6429,1.4.0,1,4,0,288
6430,0.5.0,0,5,0,60
6431,0.9.0,0,9,0,108
6432,0.5.0,0,5,0,60
6433,1.1.0,1,1,0,252
6434,0.11.6,0,11,6,138
6435,0.7.6,0,7,6,90
6436,0.15.0,0,15,0,180
6437,0.5.0,0,5,0,60
6438,0.5.0,0,5,0,60
6439,1.16.0,1,16,0,432
6440,0.5.0,0,5,0,60
6441,1.1.0,1,1,0,252
6442,0.9.0,0,9,0,108
6443,0.19.0,0,19,0,228
6444,0.9.0,0,9,0,108
6445,0.1.6,0,1,6,18
6446,0.1.6,0,1,6,18
6447,0.5.0,0,5,0,60
6448,0.11.6,0,11,6,138
6449,0.5.0,0,5,0,60
6450,1.4.0,1,4,0,288
6451,0.5.0,0,5,0,60
6452,0.1.6,0,1,6,18
6453,0.3.0,0,3,0,36
6454,0.5.0,0,5,0,60
6455,0.5.0,0,5,0,60
6456,1.16.0,1,16,0,432
6457,0.5.0,0,5,0,60
6458,0.9.0,0,9,0,108
6459,0.1.6,0,1,6,18
6460,0.5.0,0,5,0,60
6461,0.5.0,0,5,0,60
6462,0.3.0,0,3,0,36
6463,0.5.0,0,5,0,60
6464,0.9.0,0,9,0,108
6465,1.1.0,1,1,0,252
6466,1.16.0,1,16,0,432
6467,0.5.0,0,5,0,60
6468,0.5.0,0,5,0,60
6469,0.3.0,0,3,0,36
6470,1.4.0,1,4,0,288
6471,1.4.0,1,4,0,288
6472,0.9.0,0,9,0,108
6473,0.1.6,0,1,6,18
6474,0.5.0,0,5,0,60
6475,0.19.0,0,19,0,228
6476,0.9.0,0,9,0,108
6477,0.9.0,0,9,0,108
6478,0.3.0,0,3,0,36
6479,0.5.0,0,5,0,60
6480,0.5.0,0,5,0,60
6481,4.6.0,4,6,0,1032
6482,0.1.6,0,1,6,18
6483,1.1.0,1,1,0,252
6484,0.3.0,0,3,0,36
6485,0.5.0,0,5,0,60
6486,0.9.0,0,9,0,108
6487,1.4.0,1,4,0,288
6488,2.12.6,2,12,6,630
6489,0.5.0,0,5,0,60
6490,0.9.0,0,9,0,108
6491,0.9.0,0,9,0,108
6492,0.5.0,0,5,0,60
6493,0.5.0,0,5,0,60
6494,1.4.0,1,4,0,288
6495,0.5.0,0,5,0,60
6496,0.5.0,0,5,0,60
6497,4.6.0,4,6,0,1032
6498,0.9.0,0,9,0,108
6499,0.3.0,0,3,0,36
6500,0.5.0,0,5,0,60
6501,0.5.0,0,5,0,60
6502,0.5.0,0,5,0,60
6503,0.5.0,0,5,0,60
6504,0.9.0,0,9,0,108
6505,1.1.6,1,1,6,258
6506,0.19.0,0,19,0,228
6507,2.15.0,2,15,0,660
6508,1.1.0,1,1,0,252
6509,0.5.0,0,5,0,60
6510,0.5.0,0,5,0,60
6511,0.3.0,0,3,0,36
6512,4.6.0,4,6,0,1032
6513,0.5.0,0,5,0,60
6514,0.5.0,0,5,0,60
6515,0.9.0,0,9,0,108
6516,0.5.0,0,5,0,60
6517,0.5.0,0,5,0,60
6518,0.5.0,0,5,0,60
6519,2.12.6,2,12,6,630
6520,0.9.0,0,9,0,108
6521,1.1.0,1,1,0,252
6522,0.9.0,0,9,0,108
6523,0.1.6,0,1,6,18
6524,0.9.0,0,9,0,108
6525,0.5.0,0,5,0,60
6526,1.1.0,1,1,0,252
6527,0.5.0,0,5,0,60
6528,0.1.6,0,1,6,18
6529,3.2.0,3,2,0,744
6530,0.5.0,0,5,0,60
6531,0.5.0,0,5,0,60
6532,0.9.0,0,9,0,108
6533,0.9.0,0,9,0,108
6534,0.9.0,0,9,0,108
6535,1.1.0,1,1,0,252
6536,0.5.0,0,5,0,60
6537,0.1.6,0,1,6,18
6538,0.9.0,0,9,0,108
6539,0.5.0,0,5,0,60
6540,0.11.6,0,11,6,138
6541,0.9.0,0,9,0,108
6542,0.5.0,0,5,0,60
6543,0.3.0,0,3,0,36
6544,0.1.6,0,1,6,18
6545,0.10.0,0,10,0,120
6546,0.5.0,0,5,0,60
6547,1.13.0,1,13,0,396
6548,0.9.0,0,9,0,108
6549,0.5.0,0,5,0,60
6550,0.3.0,0,3,0,36
6551,1.16.0,1,16,0,432
6552,1.13.6,1,13,6,402
6553,1.1.0,1,1,0,252
6554,0.9.0,0,9,0,108
6555,0.9.0,0,9,0,108
6556,0.9.0,0,9,0,108
6557,0.3.0,0,3,0,36
6558,0.1.6,0,1,6,18
6559,0.3.0,0,3,0,36
6560,0.9.0,0,9,0,108
6561,0.1.6,0,1,6,18
6562,0.3.0,0,3,0,36
6563,1.6.0,1,6,0,312
6564,0.5.0,0,5,0,60
6565,0.19.0,0,19,0,228
6566,4.6.0,4,6,0,1032
6567,1.16.0,1,16,0,432
6568,0.5.0,0,5,0,60
6569,2.3.0,2,3,0,516
6570,4.6.0,4,6,0,1032
6571,1.1.6,1,1,6,258
6572,1.1.0,1,1,0,252
6573,0.5.0,0,5,0,60
6574,1.16.0,1,16,0,432
6575,0.5.0,0,5,0,60
6576,0.1.6,0,1,6,18
6577,0.9.0,0,9,0,108
6578,0.3.0,0,3,0,36
6579,0.3.0,0,3,0,36
6580,0.3.0,0,3,0,36
6581,0.3.0,0,3,0,36
6582,0.14.0,0,14,0,168
6583,0.5.0,0,5,0,60
6584,0.5.0,0,5,0,60
6585,0.5.0,0,5,0,60
6586,0.5.0,0,5,0,60
6587,0.3.0,0,3,0,36
6588,0.9.0,0,9,0,108
6589,0.5.0,0,5,0,60
6590,0.5.0,0,5,0,60
6591,0.5.0,0,5,0,60
6592,0.5.0,0,5,0,60
6593,0.5.0,0,5,0,60
6594,0.5.0,0,5,0,60
6595,1.1.0,1,1,0,252
6596,0.5.0,0,5,0,60
6597,0.5.0,0,5,0,60
6598,0.9.0,0,9,0,108
6599,0.5.0,0,5,0,60
6600,0.9.0,0,9,0,108
6601,0.3.0,0,3,0,36
6602,0.3.0,0,3,0,36
6603,0.5.0,0,5,0,60
6604,0.5.0,0,5,0,60
6605,0.5.0,0,5,0,60
6606,0.9.0,0,9,0,108
6607,1.1.0,1,1,0,252
6608,1.3.6,1,3,6,282
6609,1.1.0,1,1,0,252
6610,0.3.0,0,3,0,36
6611,0.1.6,0,1,6,18
6612,4.6.0,4,6,0,1032
6613,0.9.0,0,9,0,108
6614,0.9.0,0,9,0,108
6615,0.3.0,0,3,0,36
6616,0.5.0,0,5,0,60
6617,0.9.0,0,9,0,108
6618,0.5.0,0,5,0,60
6619,1.1.0,1,1,0,252
6620,2.12.6,2,12,6,630
6621,1.1.0,1,1,0,252
6622,0.9.0,0,9,0,108
6623,0.3.0,0,3,0,36
6624,0.9.0,0,9,0,108
6625,0.9.0,0,9,0,108
6626,0.3.0,0,3,0,36
6627,0.5.0,0,5,0,60
6628,0.9.0,0,9,0,108
6629,0.9.0,0,9,0,108
6630,1.16.0,1,16,0,432
6631,0.9.0,0,9,0,108
6632,0.5.0,0,5,0,60
6633,0.1.6,0,1,6,18
6634,0.5.0,0,5,0,60
6635,0.9.0,0,9,0,108
6636,2.3.0,2,3,0,516
6637,0.5.0,0,5,0,60
6638,0.3.0,0,3,0,36
6639,0.3.0,0,3,0,36
6640,0.9.0,0,9,0,108
6641,4.6.0,4,6,0,1032
6642,1.1.0,1,1,0,252
6643,1.11.0,1,11,0,372
6644,0.19.0,0,19,0,228
6645,0.9.0,0,9,0,108
6646,0.9.0,0,9,0,108
6647,0.5.0,0,5,0,60
6648,0.1.6,0,1,6,18
6649,0.3.0,0,3,0,36
6650,0.5.0,0,5,0,60
6651,1.13.6,1,13,6,402
6652,0.9.0,0,9,0,108
6653,0.5.0,0,5,0,60
6654,0.9.0,0,9,0,108
6655,0.3.0,0,3,0,36
6656,1.3.6,1,3,6,282
6657,0.1.6,0,1,6,18
6658,0.5.0,0,5,0,60
6659,0.9.0,0,9,0,108
6660,0.5.0,0,5,0,60
6661,0.5.0,0,5,0,60
6662,0.9.0,0,9,0,108
6663,0.5.0,0,5,0,60
6664,0.5.0,0,5,0,60
6665,0.3.0,0,3,0,36
6666,0.5.0,0,5,0,60
6667,0.5.0,0,5,0,60
6668,0.5.0,0,5,0,60
6669,0.5.0,0,5,0,60
6670,0.19.0,0,19,0,228
6671,0.3.0,0,3,0,36
6672,0.3.0,0,3,0,36
6673,0.1.6,0,1,6,18
6674,0.1.6,0,1,6,18
6675,0.3.0,0,3,0,36
6676,0.5.0,0,5,0,60
6677,0.3.0,0,3,0,36
6678,0.19.0,0,19,0,228
6679,0.5.0,0,5,0,60
6680,0.5.0,0,5,0,60
6681,1.1.0,1,1,0,252
6682,0.1.6,0,1,6,18
6683,0.5.0,0,5,0,60
6684,2.3.0,2,3,0,516
6685,0.5.0,0,5,0,60
6686,0.5.0,0,5,0,60
6687,0.5.0,0,5,0,60
6688,0.19.0,0,19,0,228
6689,1.4.0,1,4,0,288
6690,0.1.6,0,1,6,18
6691,0.3.0,0,3,0,36
6692,0.5.0,0,5,0,60
6693,0.5.0,0,5,0,60
6694,0.5.0,0,5,0,60
6695,1.4.0,1,4,0,288
6696,1.11.0,1,11,0,372
6697,0.1.6,0,1,6,18
6698,0.9.0,0,9,0,108
6699,1.1.0,1,1,0,252
6700,0.5.0,0,5,0,60
6701,0.9.0,0,9,0,108
6702,0.5.0,0,5,0,60
6703,0.9.0,0,9,0,108
6704,0.9.0,0,9,0,108
6705,6.7.0,6,7,0,1524
6706,0.5.0,0,5,0,60
6707,0.5.0,0,5,0,60
6708,0.5.0,0,5,0,60
6709,0.5.0,0,5,0,60
6710,0.5.0,0,5,0,60
6711,2.3.0,2,3,0,516
6712,0.5.0,0,5,0,60
6713,0.5.0,0,5,0,60
6714,0.5.0,0,5,0,60
6715,1.1.0,1,1,0,252
6716,13.10.0,13,10,0,3240
6717,2.12.6,2,12,6,630
6718,2.12.6,2,12,6,630
6719,0.3.0,0,3,0,36
6720,1.16.0,1,16,0,432
6721,1.1.0,1,1,0,252
6722,3.2.0,3,2,0,744
6723,0.5.0,0,5,0,60
6724,1.0.0,1,0,0,240
6725,1.16.0,1,16,0,432
6726,0.5.0,0,5,0,60
6727,0.9.0,0,9,0,108
6728,0.5.0,0,5,0,60
6729,1.3.0,1,3,0,276
6730,0.3.0,0,3,0,36
6731,0.3.0,0,3,0,36
6732,0.5.0,0,5,0,60
6733,0.5.0,0,5,0,60
6734,0.5.0,0,5,0,60
6735,0.5.0,0,5,0,60
6736,0.1.6,0,1,6,18
6737,0.1.6,0,1,6,18
6738,0.5.0,0,5,0,60
6739,0.5.0,0,5,0,60
6740,0.5.0,0,5,0,60
6741,1.4.0,1,4,0,288
6742,0.9.0,0,9,0,108
6743,0.9.0,0,9,0,108
6744,0.5.0,0,5,0,60
6745,0.5.0,0,5,0,60
6746,0.5.0,0,5,0,60
6747,2.3.0,2,3,0,516
6748,2.12.6,2,12,6,630
6749,1.1.0,1,1,0,252
6750,0.5.0,0,5,0,60
6751,0.3.0,0,3,0,36
6752,0.5.0,0,5,0,60
6753,0.9.0,0,9,0,108
6754,0.5.0,0,5,0,60
6755,0.9.0,0,9,0,108
6756,0.5.0,0,5,0,60
6757,2.14.0,2,14,0,648
6758,1.4.0,1,4,0,288
6759,0.19.0,0,19,0,228
6760,1.1.0,1,1,0,252
6761,0.3.0,0,3,0,36
6762,0.1.6,0,1,6,18
6763,0.5.0,0,5,0,60
6764,0.5.0,0,5,0,60
6765,1.16.0,1,16,0,432
6766,0.3.0,0,3,0,36
6767,0.9.0,0,9,0,108
6768,1.11.0,1,11,0,372
6769,2.3.0,2,3,0,516
6770,0.5.0,0,5,0,60
6771,0.9.0,0,9,0,108
6772,7.10.0,7,10,0,1800
6773,2.12.6,2,12,6,630
6774,2.12.6,2,12,6,630
6775,0.3.0,0,3,0,36
6776,1.4.0,1,4,0,288
6777,1.1.0,1,1,0,252
6778,0.9.0,0,9,0,108
6779,0.5.0,0,5,0,60
6780,0.5.0,0,5,0,60
6781,0.5.0,0,5,0,60
6782,1.1.0,1,1,0,252
6783,0.5.0,0,5,0,60
6784,1.16.0,1,16,0,432
6785,1.16.0,1,16,0,432
6786,0.5.0,0,5,0,60
6787,0.5.0,0,5,0,60
6788,0.1.6,0,1,6,18
6789,0.5.0,0,5,0,60
6790,0.9.0,0,9,0,108
6791,0.3.0,0,3,0,36
6792,0.5.0,0,5,0,60
6793,0.5.0,0,5,0,60
6794,0.9.0,0,9,0,108
6795,0.9.0,0,9,0,108
6796,0.9.0,0,9,0,108
6797,1.11.0,1,11,0,372
6798,1.1.0,1,1,0,252
6799,2.12.6,2,12,6,630
6800,0.3.0,0,3,0,36
6801,4.6.0,4,6,0,1032
6802,0.5.0,0,5,0,60
6803,0.1.6,0,1,6,18
6804,0.5.0,0,5,0,60
6805,4.6.0,4,6,0,1032
6806,1.1.0,1,1,0,252
6807,0.5.0,0,5,0,60
6808,0.9.0,0,9,0,108
6809,0.7.6,0,7,6,90
6810,0.9.0,0,9,0,108
6811,0.9.0,0,9,0,108
6812,0.9.0,0,9,0,108
6813,0.5.0,0,5,0,60
6814,0.5.0,0,5,0,60
6815,0.1.6,0,1,6,18
6816,0.1.6,0,1,6,18
6817,0.1.6,0,1,6,18
6818,0.3.0,0,3,0,36
6819,0.12.0,0,12,0,144
6820,0.3.0,0,3,0,36
6821,0.5.0,0,5,0,60
6822,2.3.0,2,3,0,516
6823,1.16.0,1,16,0,432
6824,0.9.0,0,9,0,108
6825,0.5.0,0,5,0,60
6826,0.9.0,0,9,0,108
6827,0.9.0,0,9,0,108
6828,4.6.0,4,6,0,1032
6829,0.5.0,0,5,0,60
6830,0.19.0,0,19,0,228
6831,0.1.6,0,1,6,18
6832,0.1.6,0,1,6,18
6833,0.5.0,0,5,0,60
6834,0.5.0,0,5,0,60
6835,0.9.0,0,9,0,108
6836,0.9.0,0,9,0,108
6837,0.9.0,0,9,0,108
6838,1.16.0,1,16,0,432
6839,1.1.0,1,1,0,252
6840,0.5.0,0,5,0,60
6841,0.9.0,0,9,0,108
6842,0.9.0,0,9,0,108
6843,0.3.0,0,3,0,36
6844,0.3.0,0,3,0,36
6845,1.13.6,1,13,6,402
6846,1.16.0,1,16,0,432
6847,0.5.0,0,5,0,60
6848,2.15.0,2,15,0,660
6849,0.3.0,0,3,0,36
6850,0.5.0,0,5,0,60
6851,2.14.0,2,14,0,648
6852,0.9.0,0,9,0,108
6853,1.1.0,1,1,0,252
6854,3.0.0,3,0,0,720
6855,4.6.0,4,6,0,1032
6856,0.1.6,0,1,6,18
6857,0.1.6,0,1,6,18
6858,0.5.0,0,5,0,60
6859,1.11.0,1,11,0,372
6860,0.5.0,0,5,0,60
6861,0.9.0,0,9,0,108
6862,0.5.0,0,5,0,60
6863,1.16.0,1,16,0,432
6864,0.5.0,0,5,0,60
6865,0.9.0,0,9,0,108
6866,0.3.0,0,3,0,36
6867,0.9.0,0,9,0,108
6868,0.1.6,0,1,6,18
6869,1.4.0,1,4,0,288
6870,0.1.6,0,1,6,18
6871,2.14.0,2,14,0,648
6872,0.3.0,0,3,0,36
6873,0.1.6,0,1,6,18
6874,0.9.0,0,9,0,108
6875,0.9.0,0,9,0,108
6876,0.9.0,0,9,0,108
6877,1.1.0,1,1,0,252
6878,4.6.0,4,6,0,1032
6879,13.10.0,13,10,0,3240
6880,2.12.6,2,12,6,630
6881,2.12.6,2,12,6,630
6882,4.6.0,4,6,0,1032
6883,0.9.0,0,9,0,108
6884,2.3.0,2,3,0,516
6885,0.1.6,0,1,6,18
6886,0.1.6,0,1,6,18
6887,0.9.0,0,9,0,108
6888,0.5.0,0,5,0,60
6889,0.1.6,0,1,6,18
6890,0.3.0,0,3,0,36
6891,0.3.0,0,3,0,36
6892,0.14.0,0,14,0,168
6893,3.2.0,3,2,0,744
6894,1.1.6,1,1,6,258
6895,0.5.0,0,5,0,60
6896,0.5.0,0,5,0,60
6897,0.5.0,0,5,0,60
6898,0.5.0,0,5,0,60
6899,0.11.6,0,11,6,138
6900,1.1.6,1,1,6,258
6901,1.3.6,1,3,6,282
6902,0.5.0,0,5,0,60
6903,0.5.0,0,5,0,60
6904,1.16.0,1,16,0,432
6905,0.5.0,0,5,0,60
6906,0.5.0,0,5,0,60
6907,0.9.0,0,9,0,108
6908,0.1.6,0,1,6,18
6909,0.12.0,0,12,0,144
6910,0.14.0,0,14,0,168
6911,0.9.0,0,9,0,108
6912,0.9.0,0,9,0,108
6913,4.6.0,4,6,0,1032
6914,0.3.0,0,3,0,36
6915,0.9.0,0,9,0,108
6916,2.12.6,2,12,6,630
6917,2.12.6,2,12,6,630
6918,2.12.6,2,12,6,630
6919,0.1.6,0,1,6,18
6920,0.5.0,0,5,0,60
6921,0.5.0,0,5,0,60
6922,2.3.0,2,3,0,516
6923,2.15.0,2,15,0,660
6924,0.5.0,0,5,0,60
6925,0.5.0,0,5,0,60
6926,0.5.0,0,5,0,60
6927,2.3.0,2,3,0,516
6928,0.5.0,0,5,0,60
6929,0.3.0,0,3,0,36
6930,0.5.0,0,5,0,60
6931,0.5.0,0,5,0,60
6932,0.5.0,0,5,0,60
6933,0.9.0,0,9,0,108
6934,0.9.0,0,9,0,108
6935,0.9.0,0,9,0,108
6936,0.9.0,0,9,0,108
6937,0.14.0,0,14,0,168
6938,3.0.0,3,0,0,720
6939,0.9.0,0,9,0,108
6940,0.5.0,0,5,0,60
6941,0.9.0,0,9,0,108
6942,2.3.0,2,3,0,516
6943,0.11.6,0,11,6,138
6944,0.3.0,0,3,0,36
6945,0.1.6,0,1,6,18
6946,0.3.0,0,3,0,36
6947,2.3.0,2,3,0,516
6948,1.3.0,1,3,0,276
6949,0.1.6,0,1,6,18
6950,0.9.0,0,9,0,108
6951,0.9.0,0,9,0,108
6952,0.9.0,0,9,0,108
6953,1.16.0,1,16,0,432
6954,1.1.0,1,1,0,252
6955,9.15.0,9,15,0,2340
6956,2.12.6,2,12,6,630
6957,0.3.0,0,3,0,36
6958,0.3.0,0,3,0,36
6959,0.1.6,0,1,6,18
6960,0.5.0,0,5,0,60
6961,0.1.6,0,1,6,18
6962,0.5.0,0,5,0,60
6963,0.5.0,0,5,0,60
6964,0.1.6,0,1,6,18
6965,4.6.0,4,6,0,1032
6966,0.3.0,0,3,0,36
6967,0.5.0,0,5,0,60
6968,0.1.6,0,1,6,18
6969,2.3.0,2,3,0,516
6970,0.5.0,0,5,0,60
6971,0.5.0,0,5,0,60
6972,0.1.6,0,1,6,18
6973,0.5.0,0,5,0,60
6974,0.5.0,0,5,0,60
6975,0.1.6,0,1,6,18
6976,0.9.0,0,9,0,108
6977,0.1.6,0,1,6,18
6978,0.9.0,0,9,0,108
6979,2.12.6,2,12,6,630
6980,0.3.0,0,3,0,36
6981,0.5.0,0,5,0,60
6982,0.5.0,0,5,0,60
6983,0.5.0,0,5,0,60
6984,0.3.0,0,3,0,36
6985,0.5.0,0,5,0,60
6986,0.5.0,0,5,0,60
6987,1.4.0,1,4,0,288
6988,0.5.0,0,5,0,60
6989,0.1.6,0,1,6,18
6990,0.5.0,0,5,0,60
6991,0.5.0,0,5,0,60
6992,0.5.0,0,5,0,60
6993,0.1.0,0,1,0,12
6994,0.3.0,0,3,0,36
6995,1.13.0,1,13,0,396
6996,0.1.6,0,1,6,18
6997,0.5.0,0,5,0,60
6998,0.5.0,0,5,0,60
6999,0.19.0,0,19,0,228
7000,0.5.0,0,5,0,60
7001,0.5.0,0,5,0,60
7002,0.5.0,0,5,0,60
7003,0.9.0,0,9,0,108
7004,0.9.0,0,9,0,108
7005,0.1.6,0,1,6,18
7006,0.5.0,0,5,0,60
7007,1.3.0,1,3,0,276
7008,2.3.0,2,3,0,516
7009,0.1.6,0,1,6,18
7010,0.3.0,0,3,0,36
7011,0.9.0,0,9,0,108
7012,0.9.0,0,9,0,108
7013,0.1.6,0,1,6,18
7014,0.3.0,0,3,0,36
7015,0.3.0,0,3,0,36
7016,0.1.6,0,1,6,18
7017,0.9.0,0,9,0,108
7018,1.4.0,1,4,0,288
7019,0.1.6,0,1,6,18
7020,4.6.0,4,6,0,1032
7021,0.9.0,0,9,0,108
7022,0.1.6,0,1,6,18
7023,0.1.6,0,1,6,18
7024,1.11.0,1,11,0,372
7025,0.9.0,0,9,0,108
7026,0.19.0,0,19,0,228
7027,0.9.0,0,9,0,108
7028,0.9.0,0,9,0,108
7029,4.6.0,4,6,0,1032
7030,2.12.6,2,12,6,630
7031,2.12.6,2,12,6,630
7032,2.12.6,2,12,6,630
7033,2.12.6,2,12,6,630
7034,2.12.6,2,12,6,630
7035,0.1.6,0,1,6,18
7036,0.9.0,0,9,0,108
7037,1.6.0,1,6,0,312
7038,0.3.0,0,3,0,36
7039,0.9.0,0,9,0,108
7040,0.9.0,0,9,0,108
7041,0.12.0,0,12,0,144
7042,0.3.0,0,3,0,36
7043,1.16.0,1,16,0,432
7044,0.1.6,0,1,6,18
7045,0.5.0,0,5,0,60
7046,0.5.0,0,5,0,60
7047,0.9.0,0,9,0,108
7048,1.16.0,1,16,0,432
7049,0.9.0,0,9,0,108
7050,0.5.0,0,5,0,60
7051,0.9.0,0,9,0,108
7052,0.3.0,0,3,0,36
7053,0.1.6,0,1,6,18
7054,0.9.0,0,9,0,108
7055,0.9.0,0,9,0,108
7056,0.9.0,0,9,0,108
7057,0.9.0,0,9,0,108
7058,0.9.0,0,9,0,108
7059,0.9.0,0,9,0,108
7060,0.5.0,0,5,0,60
7061,0.3.0,0,3,0,36
7062,0.1.6,0,1,6,18
7063,0.1.6,0,1,6,18
7064,0.9.0,0,9,0,108
7065,1.13.6,1,13,6,402
7066,2.12.6,2,12,6,630
7067,0.1.6,0,1,6,18
7068,0.1.6,0,1,6,18
7069,0.1.6,0,1,6,18
7070,1.16.0,1,16,0,432
7071,0.1.6,0,1,6,18
7072,0.11.6,0,11,6,138
7073,0.1.6,0,1,6,18
7074,0.5.0,0,5,0,60
7075,0.5.0,0,5,0,60
7076,0.5.0,0,5,0,60
7077,0.19.0,0,19,0,228
7078,2.12.6,2,12,6,630
7079,0.9.0,0,9,0,108
7080,0.11.6,0,11,6,138
7081,4.6.0,4,6,0,1032
7082,0.5.0,0,5,0,60
7083,4.6.0,4,6,0,1032
7084,0.5.0,0,5,0,60
7085,0.5.0,0,5,0,60
7086,0.5.0,0,5,0,60
7087,0.3.0,0,3,0,36
7088,0.9.0,0,9,0,108
7089,1.1.0,1,1,0,252
7090,4.6.0,4,6,0,1032
7091,6.7.0,6,7,0,1524
7092,1.1.0,1,1,0,252
7093,0.3.0,0,3,0,36
7094,0.3.0,0,3,0,36
7095,0.9.0,0,9,0,108
7096,1.1.6,1,1,6,258
7097,2.3.0,2,3,0,516
7098,0.3.0,0,3,0,36
7099,0.5.0,0,5,0,60
7100,0.5.0,0,5,0,60
7101,0.5.0,0,5,0,60
7102,1.1.6,1,1,6,258
7103,2.12.6,2,12,6,630
7104,0.5.0,0,5,0,60
7105,0.3.0,0,3,0,36
7106,0.3.0,0,3,0,36
7107,0.3.0,0,3,0,36
7108,0.5.0,0,5,0,60
7109,0.5.0,0,5,0,60
7110,0.5.0,0,5,0,60
7111,0.5.0,0,5,0,60
7112,0.9.0,0,9,0,108
7113,0.9.0,0,9,0,108
7114,0.9.0,0,9,0,108
7115,0.9.0,0,9,0,108
7116,0.9.0,0,9,0,108
7117,0.9.0,0,9,0,108
7118,1.6.0,1,6,0,312
7119,0.1.6,0,1,6,18
7120,0.5.0,0,5,0,60
7121,1.1.6,1,1,6,258
7122,0.3.0,0,3,0,36
7123,0.5.0,0,5,0,60
7124,3.2.0,3,2,0,744
7125,0.5.0,0,5,0,60
7126,0.1.6,0,1,6,18
7127,2.3.0,2,3,0,516
7128,0.5.0,0,5,0,60
7129,0.9.0,0,9,0,108
7130,0.9.0,0,9,0,108
7131,0.9.0,0,9,0,108
7132,0.9.0,0,9,0,108
7133,0.1.6,0,1,6,18
7134,0.1.6,0,1,6,18
7135,0.1.6,0,1,6,18
7136,0.12.0,0,12,0,144
7137,0.9.0,0,9,0,108
7138,0.5.0,0,5,0,60
7139,0.5.0,0,5,0,60
7140,0.3.0,0,3,0,36
7141,0.1.6,0,1,6,18
7142,0.5.0,0,5,0,60
7143,0.9.0,0,9,0,108
7144,1.11.0,1,11,0,372
7145,0.1.6,0,1,6,18
7146,0.1.6,0,1,6,18
7147,2.12.6,2,12,6,630
7148,2.12.6,2,12,6,630
7149,2.12.6,2,12,6,630
7150,0.3.0,0,3,0,36
7151,2.3.0,2,3,0,516
7152,0.5.0,0,5,0,60
7153,0.5.0,0,5,0,60
7154,0.1.6,0,1,6,18
7155,0.3.0,0,3,0,36
7156,0.3.0,0,3,0,36
7157,0.1.6,0,1,6,18
7158,1.16.0,1,16,0,432
7159,0.9.0,0,9,0,108
7160,0.9.0,0,9,0,108
7161,0.5.0,0,5,0,60
7162,0.9.0,0,9,0,108
7163,0.5.0,0,5,0,60
7164,0.14.0,0,14,0,168
7165,0.5.0,0,5,0,60
7166,4.6.0,4,6,0,1032
7167,0.3.0,0,3,0,36
7168,1.4.0,1,4,0,288
7169,1.6.0,1,6,0,312
7170,0.9.0,0,9,0,108
7171,2.12.6,2,12,6,630
7172,0.1.6,0,1,6,18
7173,0.1.6,0,1,6,18
7174,0.9.0,0,9,0,108
7175,1.16.0,1,16,0,432
7176,0.5.0,0,5,0,60
7177,1.1.0,1,1,0,252
7178,0.1.6,0,1,6,18
7179,0.9.0,0,9,0,108
7180,0.9.0,0,9,0,108
7181,0.5.0,0,5,0,60
7182,0.1.6,0,1,6,18
7183,2.12.6,2,12,6,630
7184,2.12.6,2,12,6,630
7185,0.9.0,0,9,0,108
7186,0.1.6,0,1,6,18
7187,0.1.6,0,1,6,18
7188,0.9.0,0,9,0,108
7189,0.9.0,0,9,0,108
7190,0.1.6,0,1,6,18
7191,0.9.0,0,9,0,108
7192,2.3.0,2,3,0,516
7193,2.15.0,2,15,0,660
7194,0.9.0,0,9,0,108
7195,0.5.0,0,5,0,60
7196,0.5.0,0,5,0,60
7197,2.12.6,2,12,6,630
7198,0.5.0,0,5,0,60
7199,0.1.6,0,1,6,18
7200,0.9.0,0,9,0,108
7201,0.5.0,0,5,0,60
7202,1.1.0,1,1,0,252
7203,0.5.0,0,5,0,60
7204,0.1.6,0,1,6,18
7205,0.1.6,0,1,6,18
7206,1.1.0,1,1,0,252
7207,0.5.0,0,5,0,60
7208,0.1.6,0,1,6,18
7209,0.9.0,0,9,0,108
7210,2.15.0,2,15,0,660
7211,1.4.0,1,4,0,288
7212,0.1.6,0,1,6,18
7213,0.1.6,0,1,6,18
7214,0.5.0,0,5,0,60
7215,0.3.0,0,3,0,36
7216,0.5.0,0,5,0,60
7217,0.9.0,0,9,0,108
7218,0.9.0,0,9,0,108
7219,3.2.0,3,2,0,744
7220,4.6.0,4,6,0,1032
7221,0.1.6,0,1,6,18
7222,0.5.0,0,5,0,60
7223,0.5.0,0,5,0,60
7224,0.1.6,0,1,6,18
7225,0.5.0,0,5,0,60
7226,0.9.0,0,9,0,108
7227,1.1.0,1,1,0,252
7228,0.1.6,0,1,6,18
7229,2.12.6,2,12,6,630
7230,6.0.0,6,0,0,1440
7231,0.1.6,0,1,6,18
7232,0.5.0,0,5,0,60
7233,0.3.0,0,3,0,36
7234,0.3.0,0,3,0,36
7235,0.9.0,0,9,0,108
7236,2.3.0,2,3,0,516
7237,0.1.6,0,1,6,18
7238,0.3.0,0,3,0,36
7239,0.3.0,0,3,0,36
7240,1.16.0,1,16,0,432
7241,0.5.0,0,5,0,60
7242,0.9.0,0,9,0,108
7243,0.1.6,0,1,6,18
7244,2.12.6,2,12,6,630
7245,0.1.6,0,1,6,18
7246,0.5.0,0,5,0,60
7247,0.3.0,0,3,0,36
7248,0.1.6,0,1,6,18
7249,3.2.0,3,2,0,744
7250,0.5.0,0,5,0,60
7251,0.5.0,0,5,0,60
7252,1.11.0,1,11,0,372
7253,1.3.0,1,3,0,276
7254,0.1.6,0,1,6,18
7255,1.1.0,1,1,0,252
7256,0.9.0,0,9,0,108
7257,0.5.0,0,5,0,60
7258,0.5.0,0,5,0,60
7259,0.9.0,0,9,0,108
7260,0.5.0,0,5,0,60
7261,0.5.0,0,5,0,60
7262,0.5.0,0,5,0,60
7263,1.16.0,1,16,0,432
7264,0.5.0,0,5,0,60
7265,0.3.0,0,3,0,36
7266,0.9.0,0,9,0,108
7267,0.1.6,0,1,6,18
7268,0.9.0,0,9,0,108
7269,0.1.6,0,1,6,18
7270,0.5.0,0,5,0,60
7271,0.9.0,0,9,0,108
7272,0.9.0,0,9,0,108
7273,0.9.0,0,9,0,108
7274,0.1.6,0,1,6,18
7275,0.3.0,0,3,0,36
7276,1.1.0,1,1,0,252
7277,0.14.0,0,14,0,168
7278,0.1.6,0,1,6,18
7279,0.3.0,0,3,0,36
7280,4.6.0,4,6,0,1032
7281,1.1.6,1,1,6,258
7282,0.1.6,0,1,6,18
7283,0.9.0,0,9,0,108
7284,1.1.6,1,1,6,258
7285,0.5.0,0,5,0,60
7286,0.9.0,0,9,0,108
7287,1.3.6,1,3,6,282
7288,3.2.0,3,2,0,744
7289,0.3.0,0,3,0,36
7290,0.9.0,0,9,0,108
7291,0.1.6,0,1,6,18
7292,1.1.0,1,1,0,252
7293,0.1.6,0,1,6,18
7294,0.3.0,0,3,0,36
7295,1.4.0,1,4,0,288
7296,0.5.0,0,5,0,60
7297,0.3.0,0,3,0,36
7298,0.1.6,0,1,6,18
7299,0.9.0,0,9,0,108
7300,0.9.0,0,9,0,108
7301,0.9.0,0,9,0,108
7302,3.15.0,3,15,0,900
7303,2.12.6,2,12,6,630
7304,0.1.6,0,1,6,18
7305,4.6.0,4,6,0,1032
7306,0.5.0,0,5,0,60
7307,0.1.0,0,1,0,12
7308,0.9.0,0,9,0,108
7309,0.5.0,0,5,0,60
7310,0.9.0,0,9,0,108
7311,0.9.0,0,9,0,108
7312,1.11.0,1,11,0,372
7313,2.12.6,2,12,6,630
7314,2.12.6,2,12,6,630
7315,2.12.6,2,12,6,630
7316,0.5.0,0,5,0,60
7317,0.3.0,0,3,0,36
7318,0.5.0,0,5,0,60
7319,0.9.0,0,9,0,108
7320,0.5.0,0,5,0,60
7321,1.4.0,1,4,0,288
7322,0.9.0,0,9,0,108
7323,0.9.0,0,9,0,108
7324,0.9.0,0,9,0,108
7325,0.9.0,0,9,0,108
7326,0.5.0,0,5,0,60
7327,0.5.0,0,5,0,60
7328,0.3.0,0,3,0,36
7329,0.3.0,0,3,0,36
7330,0.10.0,0,10,0,120
7331,0.9.0,0,9,0,108
7332,2.3.0,2,3,0,516
7333,0.1.6,0,1,6,18
7334,0.9.0,0,9,0,108
7335,0.5.0,0,5,0,60
7336,0.9.0,0,9,0,108
7337,2.3.0,2,3,0,516
7338,2.3.0,2,3,0,516
7339,0.9.0,0,9,0,108
7340,2.12.6,2,12,6,630
7341,0.9.0,0,9,0,108
7342,3.2.0,3,2,0,744
7343,0.5.0,0,5,0,60
7344,0.5.0,0,5,0,60
7345,0.5.0,0,5,0,60
7346,0.5.0,0,5,0,60
7347,0.3.0,0,3,0,36
7348,1.1.6,1,1,6,258
7349,0.1.6,0,1,6,18
7350,0.5.0,0,5,0,60
7351,0.9.0,0,9,0,108
7352,0.9.0,0,9,0,108
7353,0.1.6,0,1,6,18
7354,0.3.0,0,3,0,36
7355,0.5.0,0,5,0,60
7356,0.1.6,0,1,6,18
7357,0.5.0,0,5,0,60
7358,0.5.0,0,5,0,60
7359,0.3.0,0,3,0,36
7360,0.3.0,0,3,0,36
7361,1.4.0,1,4,0,288
7362,1.16.0,1,16,0,432
7363,0.3.0,0,3,0,36
7364,0.3.0,0,3,0,36
7365,0.5.0,0,5,0,60
7366,0.1.6,0,1,6,18
7367,0.1.6,0,1,6,18
7368,1.13.6,1,13,6,402
7369,1.1.6,1,1,6,258
7370,0.3.0,0,3,0,36
7371,0.5.0,0,5,0,60
7372,1.1.6,1,1,6,258
7373,0.5.0,0,5,0,60
7374,0.5.0,0,5,0,60
7375,0.9.0,0,9,0,108
7376,0.9.0,0,9,0,108
7377,0.5.0,0,5,0,60
7378,0.5.0,0,5,0,60
7379,1.4.0,1,4,0,288
7380,0.1.6,0,1,6,18
7381,0.1.6,0,1,6,18
7382,0.9.0,0,9,0,108
7383,0.5.0,0,5,0,60
7384,0.1.6,0,1,6,18
7385,0.5.0,0,5,0,60
7386,0.1.6,0,1,6,18
7387,0.5.0,0,5,0,60
7388,0.9.0,0,9,0,108
7389,0.9.0,0,9,0,108
7390,2.3.0,2,3,0,516
7391,4.6.0,4,6,0,1032
7392,0.3.0,0,3,0,36
7393,0.7.6,0,7,6,90
7394,0.1.6,0,1,6,18
7395,0.1.6,0,1,6,18
7396,0.5.0,0,5,0,60
7397,0.5.0,0,5,0,60
7398,0.5.0,0,5,0,60
7399,0.5.0,0,5,0,60
7400,0.9.0,0,9,0,108
7401,1.11.0,1,11,0,372
7402,13.10.0,13,10,0,3240
7403,2.12.6,2,12,6,630
7404,0.1.6,0,1,6,18
7405,0.3.0,0,3,0,36
7406,0.9.0,0,9,0,108
7407,0.5.0,0,5,0,60
7408,0.9.0,0,9,0,108
7409,0.9.0,0,9,0,108
7410,1.16.0,1,16,0,432
7411,0.9.0,0,9,0,108
7412,0.12.0,0,12,0,144
7413,0.9.0,0,9,0,108
7414,0.5.0,0,5,0,60
7415,0.5.0,0,5,0,60
7416,0.9.0,0,9,0,108
7417,1.1.6,1,1,6,258
7418,4.6.0,4,6,0,1032
7419,0.1.6,0,1,6,18
7420,1.3.6,1,3,6,282
7421,0.1.6,0,1,6,18
7422,0.5.0,0,5,0,60
7423,0.1.6,0,1,6,18
7424,2.3.0,2,3,0,516
7425,2.3.0,2,3,0,516
7426,1.11.0,1,11,0,372
7427,0.1.6,0,1,6,18
7428,0.5.0,0,5,0,60
7429,0.3.0,0,3,0,36
7430,0.3.0,0,3,0,36
7431,0.5.0,0,5,0,60
7432,0.5.0,0,5,0,60
7433,0.5.0,0,5,0,60
7434,2.3.0,2,3,0,516
7435,0.1.6,0,1,6,18
7436,0.1.6,0,1,6,18
7437,0.3.0,0,3,0,36
7438,0.5.0,0,5,0,60
7439,0.9.0,0,9,0,108
7440,0.5.0,0,5,0,60
7441,0.3.0,0,3,0,36
7442,0.3.0,0,3,0,36
7443,0.5.0,0,5,0,60
7444,0.1.6,0,1,6,18
7445,1.4.0,1,4,0,288
7446,0.5.0,0,5,0,60
7447,0.9.0,0,9,0,108
7448,0.9.0,0,9,0,108
7449,0.3.0,0,3,0,36
7450,0.5.0,0,5,0,60
7451,0.1.6,0,1,6,18
7452,0.1.6,0,1,6,18
7453,1.1.0,1,1,0,252
7454,0.9.0,0,9,0,108
7455,0.1.6,0,1,6,18
7456,3.2.0,3,2,0,744
7457,0.9.0,0,9,0,108
7458,0.5.0,0,5,0,60
7459,0.9.0,0,9,0,108
7460,0.5.0,0,5,0,60
7461,0.1.6,0,1,6,18
7462,3.0.0,3,0,0,720
7463,1.6.0,1,6,0,312
7464,0.9.0,0,9,0,108
7465,1.4.0,1,4,0,288
7466,0.5.0,0,5,0,60
7467,0.1.6,0,1,6,18
7468,0.1.6,0,1,6,18
7469,0.5.0,0,5,0,60
7470,0.3.0,0,3,0,36
7471,3.0.0,3,0,0,720
7472,0.5.0,0,5,0,60
7473,0.5.0,0,5,0,60
7474,1.1.0,1,1,0,252
7475,2.12.6,2,12,6,630
7476,0.3.0,0,3,0,36
7477,1.6.0,1,6,0,312
7478,0.9.0,0,9,0,108
7479,0.3.0,0,3,0,36
7480,0.1.6,0,1,6,18
7481,0.3.0,0,3,0,36
7482,0.5.0,0,5,0,60
7483,0.5.0,0,5,0,60
7484,0.5.0,0,5,0,60
7485,0.3.0,0,3,0,36
7486,0.1.6,0,1,6,18
7487,0.1.6,0,1,6,18
7488,0.3.0,0,3,0,36
7489,0.1.6,0,1,6,18
7490,0.9.0,0,9,0,108
7491,1.16.0,1,16,0,432
7492,0.5.0,0,5,0,60
7493,0.5.0,0,5,0,60
7494,0.9.0,0,9,0,108
7495,0.9.0,0,9,0,108
7496,1.1.0,1,1,0,252
7497,2.12.6,2,12,6,630
7498,0.5.0,0,5,0,60
7499,0.9.0,0,9,0,108
7500,0.3.0,0,3,0,36
7501,0.3.0,0,3,0,36
7502,0.5.0,0,5,0,60
7503,0.3.0,0,3,0,36
7504,0.5.0,0,5,0,60
7505,0.5.0,0,5,0,60
7506,0.3.0,0,3,0,36
7507,0.9.0,0,9,0,108
7508,0.3.0,0,3,0,36
7509,0.1.6,0,1,6,18
7510,0.5.0,0,5,0,60
7511,0.19.0,0,19,0,228
7512,0.5.0,0,5,0,60
7513,0.5.0,0,5,0,60
7514,0.1.6,0,1,6,18
7515,0.1.6,0,1,6,18
7516,0.1.6,0,1,6,18
7517,1.16.0,1,16,0,432
7518,0.5.0,0,5,0,60
7519,0.1.6,0,1,6,18
7520,0.5.0,0,5,0,60
7521,0.5.0,0,5,0,60
7522,1.1.6,1,1,6,258
7523,1.1.6,1,1,6,258
7524,6.7.0,6,7,0,1524
7525,0.9.0,0,9,0,108
7526,0.9.0,0,9,0,108
7527,2.12.6,2,12,6,630
7528,0.5.0,0,5,0,60
7529,0.5.0,0,5,0,60
7530,0.1.6,0,1,6,18
7531,0.5.0,0,5,0,60
7532,0.9.0,0,9,0,108
7533,0.9.0,0,9,0,108
7534,1.4.0,1,4,0,288
7535,0.1.6,0,1,6,18
7536,0.3.0,0,3,0,36
7537,0.5.0,0,5,0,60
7538,0.9.0,0,9,0,108
7539,2.12.6,2,12,6,630
7540,0.11.6,0,11,6,138
7541,0.3.0,0,3,0,36
7542,0.5.0,0,5,0,60
7543,0.3.0,0,3,0,36
7544,0.3.0,0,3,0,36
7545,0.5.0,0,5,0,60
7546,0.3.0,0,3,0,36
7547,0.5.0,0,5,0,60
7548,0.9.0,0,9,0,108
7549,0.1.6,0,1,6,18
7550,0.1.6,0,1,6,18
7551,0.5.0,0,5,0,60
7552,0.3.0,0,3,0,36
7553,0.5.0,0,5,0,60
7554,0.9.0,0,9,0,108
7555,0.1.6,0,1,6,18
7556,0.5.0,0,5,0,60
7557,0.9.0,0,9,0,108
7558,1.4.0,1,4,0,288
7559,0.9.0,0,9,0,108
7560,0.11.6,0,11,6,138
7561,0.1.6,0,1,6,18
7562,0.5.0,0,5,0,60
7563,1.16.0,1,16,0,432
7564,0.5.0,0,5,0,60
7565,0.5.0,0,5,0,60
7566,0.9.0,0,9,0,108
7567,0.3.0,0,3,0,36
7568,0.5.0,0,5,0,60
7569,0.9.0,0,9,0,108
7570,0.9.0,0,9,0,108
7571,1.1.6,1,1,6,258
7572,0.9.0,0,9,0,108
7573,0.5.0,0,5,0,60
7574,0.3.0,0,3,0,36
7575,0.5.0,0,5,0,60
7576,0.1.6,0,1,6,18
7577,0.5.0,0,5,0,60
7578,0.9.0,0,9,0,108
7579,1.11.0,1,11,0,372
7580,1.16.0,1,16,0,432
7581,2.3.0,2,3,0,516
7582,0.9.0,0,9,0,108
7583,2.12.6,2,12,6,630
7584,0.1.6,0,1,6,18
7585,0.5.0,0,5,0,60
7586,0.3.0,0,3,0,36
7587,0.5.0,0,5,0,60
7588,1.4.0,1,4,0,288
7589,0.9.0,0,9,0,108
7590,1.16.0,1,16,0,432
7591,0.9.0,0,9,0,108
7592,2.14.0,2,14,0,648
7593,2.12.6,2,12,6,630
7594,2.12.6,2,12,6,630
7595,1.16.0,1,16,0,432
7596,0.9.0,0,9,0,108
7597,0.1.6,0,1,6,18
7598,0.9.0,0,9,0,108
7599,0.1.6,0,1,6,18
7600,0.5.0,0,5,0,60
7601,0.5.0,0,5,0,60
7602,0.1.6,0,1,6,18
7603,0.3.0,0,3,0,36
7604,1.1.0,1,1,0,252
7605,0.9.0,0,9,0,108
7606,0.9.0,0,9,0,108
7607,0.9.0,0,9,0,108
7608,0.5.0,0,5,0,60
7609,0.9.0,0,9,0,108
7610,6.7.0,6,7,0,1524
7611,0.9.0,0,9,0,108
7612,0.1.6,0,1,6,18
7613,0.14.0,0,14,0,168
7614,1.1.6,1,1,6,258
7615,0.19.0,0,19,0,228
7616,0.1.6,0,1,6,18
7617,0.1.6,0,1,6,18
7618,0.5.0,0,5,0,60
7619,0.3.0,0,3,0,36
7620,0.1.6,0,1,6,18
7621,0.5.0,0,5,0,60
7622,0.9.0,0,9,0,108
7623,0.9.0,0,9,0,108
7624,0.9.0,0,9,0,108
7625,0.9.0,0,9,0,108
7626,0.5.0,0,5,0,60
7627,1.11.0,1,11,0,372
7628,0.11.6,0,11,6,138
7629,0.5.0,0,5,0,60
7630,0.9.0,0,9,0,108
7631,0.5.0,0,5,0,60
7632,0.5.0,0,5,0,60
7633,0.9.0,0,9,0,108
7634,0.5.0,0,5,0,60
7635,0.5.0,0,5,0,60
7636,0.5.0,0,5,0,60
7637,1.1.0,1,1,0,252
7638,0.9.0,0,9,0,108
7639,0.1.6,0,1,6,18
7640,0.1.6,0,1,6,18
7641,1.4.0,1,4,0,288
7642,0.5.0,0,5,0,60
7643,2.12.6,2,12,6,630
7644,0.1.6,0,1,6,18
7645,0.9.0,0,9,0,108
7646,0.5.0,0,5,0,60
7647,0.5.0,0,5,0,60
7648,0.9.0,0,9,0,108
7649,0.9.0,0,9,0,108
7650,1.3.6,1,3,6,282
7651,0.1.6,0,1,6,18
7652,1.3.6,1,3,6,282
7653,0.12.0,0,12,0,144
7654,0.5.0,0,5,0,60
7655,0.5.0,0,5,0,60
7656,2.12.6,2,12,6,630
7657,2.12.6,2,12,6,630
7658,0.3.0,0,3,0,36
7659,1.4.0,1,4,0,288
7660,2.3.0,2,3,0,516
7661,0.9.0,0,9,0,108
7662,0.1.6,0,1,6,18
7663,0.3.0,0,3,0,36
7664,0.5.0,0,5,0,60
7665,0.12.0,0,12,0,144
7666,0.9.0,0,9,0,108
7667,0.9.0,0,9,0,108
7668,0.1.6,0,1,6,18
7669,0.1.6,0,1,6,18
7670,0.5.0,0,5,0,60
7671,0.5.0,0,5,0,60
7672,0.1.6,0,1,6,18
7673,1.1.6,1,1,6,258
7674,0.1.6,0,1,6,18
7675,0.1.0,0,1,0,12
7676,0.1.0,0,1,0,12
7677,0.1.0,0,1,0,12
7678,0.1.6,0,1,6,18
7679,0.5.0,0,5,0,60
7680,0.5.0,0,5,0,60
7681,0.9.0,0,9,0,108
7682,0.9.0,0,9,0,108
7683,0.9.0,0,9,0,108
7684,0.9.0,0,9,0,108
7685,1.1.0,1,1,0,252
7686,1.1.0,1,1,0,252
7687,2.12.6,2,12,6,630
7688,0.5.0,0,5,0,60
7689,0.3.0,0,3,0,36
7690,0.5.0,0,5,0,60
7691,2.3.0,2,3,0,516
7692,0.5.0,0,5,0,60
7693,0.1.6,0,1,6,18
7694,0.9.0,0,9,0,108
7695,1.1.0,1,1,0,252
7696,2.3.0,2,3,0,516
7697,2.12.6,2,12,6,630
7698,0.9.0,0,9,0,108
7699,0.3.0,0,3,0,36
7700,0.1.6,0,1,6,18
7701,0.1.6,0,1,6,18
7702,0.3.0,0,3,0,36
7703,0.3.0,0,3,0,36
7704,0.1.6,0,1,6,18
7705,0.5.0,0,5,0,60
7706,1.1.0,1,1,0,252
7707,0.11.6,0,11,6,138
7708,0.5.0,0,5,0,60
7709,0.5.0,0,5,0,60
7710,0.5.0,0,5,0,60
7711,0.9.0,0,9,0,108
7712,0.5.0,0,5,0,60
7713,1.16.0,1,16,0,432
7714,0.1.6,0,1,6,18
7715,0.9.0,0,9,0,108
7716,0.5.0,0,5,0,60
7717,0.9.0,0,9,0,108
7718,0.5.0,0,5,0,60
7719,0.5.0,0,5,0,60
7720,0.5.0,0,5,0,60
7721,0.1.6,0,1,6,18
7722,0.1.6,0,1,6,18
7723,0.5.0,0,5,0,60
7724,0.5.0,0,5,0,60
7725,0.9.0,0,9,0,108
7726,0.5.0,0,5,0,60
7727,0.5.0,0,5,0,60
7728,0.5.0,0,5,0,60
7729,0.1.6,0,1,6,18
7730,1.1.0,1,1,0,252
7731,0.5.0,0,5,0,60
7732,0.1.6,0,1,6,18
7733,0.1.6,0,1,6,18
7734,4.6.0,4,6,0,1032
7735,1.4.0,1,4,0,288
7736,0.3.0,0,3,0,36
7737,0.9.0,0,9,0,108
7738,0.1.6,0,1,6,18
7739,0.1.6,0,1,6,18
7740,0.1.6,0,1,6,18
7741,0.5.0,0,5,0,60
7742,1.16.0,1,16,0,432
7743,1.1.0,1,1,0,252
7744,0.9.0,0,9,0,108
7745,0.9.0,0,9,0,108
7746,0.5.0,0,5,0,60
7747,0.5.0,0,5,0,60
7748,1.6.0,1,6,0,312
7749,1.4.0,1,4,0,288
7750,0.9.0,0,9,0,108
7751,0.5.0,0,5,0,60
7752,1.16.0,1,16,0,432
7753,0.5.0,0,5,0,60
7754,0.9.0,0,9,0,108
7755,0.11.6,0,11,6,138
7756,0.9.0,0,9,0,108
7757,0.1.6,0,1,6,18
7758,0.1.6,0,1,6,18
7759,0.5.0,0,5,0,60
7760,0.1.6,0,1,6,18
7761,0.1.6,0,1,6,18
7762,0.3.0,0,3,0,36
7763,0.9.0,0,9,0,108
7764,0.5.0,0,5,0,60
7765,0.1.6,0,1,6,18
7766,0.9.0,0,9,0,108
7767,0.9.0,0,9,0,108
7768,0.5.0,0,5,0,60
7769,2.12.6,2,12,6,630
7770,0.5.0,0,5,0,60
7771,0.5.0,0,5,0,60
7772,0.1.6,0,1,6,18
7773,0.5.0,0,5,0,60
7774,0.9.0,0,9,0,108
7775,1.4.0,1,4,0,288
7776,0.1.6,0,1,6,18
7777,0.3.0,0,3,0,36
7778,0.9.0,0,9,0,108
7779,0.5.0,0,5,0,60
7780,0.3.0,0,3,0,36
7781,0.5.0,0,5,0,60
7782,4.6.0,4,6,0,1032
7783,1.3.6,1,3,6,282
7784,1.1.6,1,1,6,258
7785,0.5.0,0,5,0,60
7786,0.7.6,0,7,6,90
7787,0.1.6,0,1,6,18
7788,9.0.0,9,0,0,2160
7789,0.3.0,0,3,0,36
7790,0.1.6,0,1,6,18
7791,0.5.0,0,5,0,60
7792,0.9.0,0,9,0,108
7793,0.9.0,0,9,0,108
7794,0.5.0,0,5,0,60
7795,0.5.0,0,5,0,60
7796,0.5.0,0,5,0,60
7797,0.5.0,0,5,0,60
7798,0.1.6,0,1,6,18
7799,0.1.6,0,1,6,18
7800,0.1.6,0,1,6,18
7801,0.5.0,0,5,0,60
7802,0.5.0,0,5,0,60
7803,0.1.6,0,1,6,18
7804,0.5.0,0,5,0,60
7805,0.5.0,0,5,0,60
7806,0.3.0,0,3,0,36
7807,0.1.6,0,1,6,18
7808,0.11.6,0,11,6,138
7809,0.9.0,0,9,0,108
7810,0.5.0,0,5,0,60
7811,0.5.0,0,5,0,60
7812,0.5.0,0,5,0,60
7813,0.1.6,0,1,6,18
7814,0.5.0,0,5,0,60
7815,2.3.0,2,3,0,516
7816,0.9.0,0,9,0,108
7817,0.5.0,0,5,0,60
7818,0.3.0,0,3,0,36
7819,0.5.0,0,5,0,60
7820,0.5.0,0,5,0,60
7821,1.1.0,1,1,0,252
7822,3.2.0,3,2,0,744
7823,0.5.0,0,5,0,60
7824,0.1.6,0,1,6,18
7825,4.6.0,4,6,0,1032
7826,0.5.0,0,5,0,60
7827,2.12.6,2,12,6,630
7828,2.12.6,2,12,6,630
7829,0.1.6,0,1,6,18
7830,0.3.0,0,3,0,36
7831,1.1.0,1,1,0,252
7832,0.1.6,0,1,6,18
7833,0.9.0,0,9,0,108
7834,0.5.0,0,5,0,60
7835,0.9.0,0,9,0,108
7836,0.5.0,0,5,0,60
7837,1.16.0,1,16,0,432
7838,1.1.0,1,1,0,252
7839,0.9.0,0,9,0,108
7840,0.5.0,0,5,0,60
7841,0.1.6,0,1,6,18
7842,0.1.6,0,1,6,18
7843,0.5.0,0,5,0,60
7844,0.1.6,0,1,6,18
7845,0.5.0,0,5,0,60
7846,1.3.6,1,3,6,282
7847,0.1.6,0,1,6,18
7848,0.19.0,0,19,0,228
7849,1.1.0,1,1,0,252
7850,0.1.6,0,1,6,18
7851,0.5.0,0,5,0,60
7852,0.5.0,0,5,0,60
7853,0.5.0,0,5,0,60
7854,0.5.0,0,5,0,60
7855,0.5.0,0,5,0,60
7856,0.5.0,0,5,0,60
7857,1.1.0,1,1,0,252
7858,0.9.0,0,9,0,108
7859,0.5.0,0,5,0,60
7860,0.9.0,0,9,0,108
7861,0.9.0,0,9,0,108
7862,0.1.6,0,1,6,18
7863,0.9.0,0,9,0,108
7864,0.5.0,0,5,0,60
7865,0.9.0,0,9,0,108
7866,0.9.0,0,9,0,108
7867,2.12.6,2,12,6,630
7868,0.1.6,0,1,6,18
7869,0.1.6,0,1,6,18
7870,0.5.0,0,5,0,60
7871,0.1.6,0,1,6,18
7872,1.1.0,1,1,0,252
7873,1.4.0,1,4,0,288
7874,0.5.0,0,5,0,60
7875,0.12.0,0,12,0,144
7876,0.1.6,0,1,6,18
7877,0.1.6,0,1,6,18
7878,0.5.0,0,5,0,60
7879,2.3.0,2,3,0,516
7880,0.1.6,0,1,6,18
7881,1.11.0,1,11,0,372
7882,1.16.0,1,16,0,432
7883,0.5.0,0,5,0,60
7884,1.1.0,1,1,0,252
7885,0.5.0,0,5,0,60
7886,0.9.0,0,9,0,108
7887,0.5.0,0,5,0,60
7888,0.5.0,0,5,0,60
7889,0.1.6,0,1,6,18
7890,0.5.0,0,5,0,60
7891,1.1.6,1,1,6,258
7892,0.5.0,0,5,0,60
7893,0.1.6,0,1,6,18
7894,0.9.0,0,9,0,108
7895,1.16.0,1,16,0,432
7896,1.1.6,1,1,6,258
7897,0.5.0,0,5,0,60
7898,1.3.6,1,3,6,282
7899,1.1.0,1,1,0,252
7900,0.5.0,0,5,0,60
7901,0.9.0,0,9,0,108
7902,0.5.0,0,5,0,60
7903,0.5.0,0,5,0,60
7904,0.11.6,0,11,6,138
7905,0.1.6,0,1,6,18
7906,3.2.0,3,2,0,744
7907,0.5.0,0,5,0,60
7908,0.5.0,0,5,0,60
7909,0.5.0,0,5,0,60
7910,0.5.0,0,5,0,60
7911,1.4.0,1,4,0,288
7912,1.4.0,1,4,0,288
7913,0.5.0,0,5,0,60
7914,2.3.0,2,3,0,516
7915,0.5.0,0,5,0,60
7916,0.5.0,0,5,0,60
7917,0.9.0,0,9,0,108
7918,0.5.0,0,5,0,60
7919,0.9.0,0,9,0,108
7920,1.6.0,1,6,0,312
7921,0.5.0,0,5,0,60
7922,0.3.0,0,3,0,36
7923,0.5.0,0,5,0,60
7924,0.5.0,0,5,0,60
7925,2.3.0,2,3,0,516
7926,1.4.0,1,4,0,288
7927,1.13.6,1,13,6,402
7928,0.9.0,0,9,0,108
7929,0.15.0,0,15,0,180
7930,0.5.0,0,5,0,60
7931,0.1.6,0,1,6,18
7932,0.1.6,0,1,6,18
7933,2.12.6,2,12,6,630
7934,0.12.0,0,12,0,144
7935,0.5.0,0,5,0,60
7936,0.3.0,0,3,0,36
7937,1.16.0,1,16,0,432
7938,0.5.0,0,5,0,60
7939,0.5.0,0,5,0,60
7940,0.9.0,0,9,0,108
7941,0.9.0,0,9,0,108
7942,0.9.0,0,9,0,108
7943,0.9.0,0,9,0,108
7944,0.5.0,0,5,0,60
7945,0.5.0,0,5,0,60
7946,0.1.6,0,1,6,18
7947,0.5.0,0,5,0,60
7948,0.5.0,0,5,0,60
7949,0.5.0,0,5,0,60
7950,0.5.0,0,5,0,60
7951,0.9.0,0,9,0,108
7952,1.4.0,1,4,0,288
7953,0.9.0,0,9,0,108
7954,0.9.0,0,9,0,108
7955,0.5.0,0,5,0,60
7956,0.1.6,0,1,6,18
7957,0.5.0,0,5,0,60
7958,0.5.0,0,5,0,60
7959,0.5.0,0,5,0,60
7960,0.5.0,0,5,0,60
7961,0.5.0,0,5,0,60
7962,0.1.6,0,1,6,18
7963,0.1.6,0,1,6,18
7964,0.3.0,0,3,0,36
7965,0.9.0,0,9,0,108
7966,0.11.6,0,11,6,138
7967,0.5.0,0,5,0,60
7968,2.12.6,2,12,6,630
7969,2.12.6,2,12,6,630
7970,0.5.0,0,5,0,60
7971,1.16.0,1,16,0,432
7972,0.1.6,0,1,6,18
7973,2.14.0,2,14,0,648
7974,0.9.0,0,9,0,108
7975,6.7.0,6,7,0,1524
7976,0.5.0,0,5,0,60
7977,0.5.0,0,5,0,60
7978,0.5.0,0,5,0,60
7979,0.5.0,0,5,0,60
7980,0.17.6,0,17,6,210
7981,0.9.0,0,9,0,108
7982,0.5.0,0,5,0,60
7983,0.5.0,0,5,0,60
7984,1.1.0,1,1,0,252
7985,0.5.0,0,5,0,60
7986,0.5.0,0,5,0,60
7987,0.1.6,0,1,6,18
7988,3.2.0,3,2,0,744
7989,2.15.0,2,15,0,660
7990,0.3.0,0,3,0,36
7991,0.5.0,0,5,0,60
7992,1.16.0,1,16,0,432
7993,0.5.0,0,5,0,60
7994,0.5.0,0,5,0,60
7995,0.5.0,0,5,0,60
7996,0.5.0,0,5,0,60
7997,0.11.6,0,11,6,138
7998,0.9.0,0,9,0,108
7999,2.3.0,2,3,0,516
8000,0.5.0,0,5,0,60
8001,4.6.0,4,6,0,1032
8002,0.1.6,0,1,6,18
8003,0.5.0,0,5,0,60
8004,0.1.6,0,1,6,18
8005,0.9.0,0,9,0,108
8006,1.1.0,1,1,0,252
8007,0.9.0,0,9,0,108
8008,0.1.6,0,1,6,18
8009,0.9.0,0,9,0,108
8010,0.19.0,0,19,0,228
8011,0.9.0,0,9,0,108
8012,0.1.6,0,1,6,18
8013,0.1.6,0,1,6,18
8014,1.16.0,1,16,0,432
8015,0.9.0,0,9,0,108
8016,0.9.0,0,9,0,108
8017,0.9.0,0,9,0,108
8018,1.1.0,1,1,0,252
8019,0.1.6,0,1,6,18
8020,0.5.0,0,5,0,60
8021,0.1.6,0,1,6,18
8022,0.4.6,0,4,6,54
8023,0.9.0,0,9,0,108
8024,0.5.0,0,5,0,60
8025,0.5.0,0,5,0,60
8026,0.3.0,0,3,0,36
8027,0.12.0,0,12,0,144
8028,0.9.0,0,9,0,108
8029,1.13.6,1,13,6,402
8030,0.5.0,0,5,0,60
8031,0.9.0,0,9,0,108
8032,0.5.0,0,5,0,60
8033,2.12.6,2,12,6,630
8034,2.12.6,2,12,6,630
8035,0.5.0,0,5,0,60
8036,0.3.0,0,3,0,36
8037,0.1.6,0,1,6,18
8038,0.5.0,0,5,0,60
8039,1.1.0,1,1,0,252
8040,1.11.0,1,11,0,372
8041,1.1.0,1,1,0,252
8042,0.1.6,0,1,6,18
8043,0.5.0,0,5,0,60
8044,0.5.0,0,5,0,60
8045,0.9.0,0,9,0,108
8046,1.13.6,1,13,6,402
8047,0.3.0,0,3,0,36
8048,0.19.0,0,19,0,228
8049,0.5.0,0,5,0,60
8050,0.13.0,0,13,0,156
8051,0.9.0,0,9,0,108
8052,0.3.0,0,3,0,36
8053,1.0.0,1,0,0,240
8054,4.6.0,4,6,0,1032
8055,2.3.0,2,3,0,516
8056,0.1.6,0,1,6,18
8057,0.19.0,0,19,0,228
8058,0.5.0,0,5,0,60
8059,0.9.0,0,9,0,108
8060,2.12.6,2,12,6,630
8061,0.5.0,0,5,0,60
8062,0.9.0,0,9,0,108
8063,0.1.6,0,1,6,18
8064,0.5.0,0,5,0,60
8065,0.1.6,0,1,6,18
8066,0.9.0,0,9,0,108
8067,1.1.6,1,1,6,258
8068,0.1.6,0,1,6,18
8069,1.16.0,1,16,0,432
8070,0.5.0,0,5,0,60
8071,0.5.0,0,5,0,60
8072,0.5.0,0,5,0,60
8073,0.9.0,0,9,0,108
8074,2.15.0,2,15,0,660
8075,0.1.6,0,1,6,18
8076,0.9.0,0,9,0,108
8077,0.9.0,0,9,0,108
8078,1.16.0,1,16,0,432
8079,0.12.0,0,12,0,144
8080,0.3.0,0,3,0,36
8081,0.1.6,0,1,6,18
8082,0.1.6,0,1,6,18
8083,0.1.6,0,1,6,18
8084,0.3.0,0,3,0,36
8085,0.9.0,0,9,0,108
8086,0.9.0,0,9,0,108
8087,0.14.0,0,14,0,168
8088,0.5.0,0,5,0,60
8089,0.5.0,0,5,0,60
8090,0.5.0,0,5,0,60
8091,1.13.6,1,13,6,402
8092,1.3.6,1,3,6,282
8093,0.1.6,0,1,6,18
8094,0.1.6,0,1,6,18
8095,0.9.0,0,9,0,108
8096,0.5.0,0,5,0,60
8097,0.1.6,0,1,6,18
8098,0.9.0,0,9,0,108
8099,0.9.0,0,9,0,108
8100,0.9.0,0,9,0,108
8101,0.5.0,0,5,0,60
8102,0.5.0,0,5,0,60
8103,0.5.0,0,5,0,60
8104,0.1.6,0,1,6,18
8105,0.5.0,0,5,0,60
8106,0.5.0,0,5,0,60
8107,2.3.0,2,3,0,516
8108,0.9.0,0,9,0,108
8109,2.3.0,2,3,0,516
8110,0.1.6,0,1,6,18
8111,0.5.0,0,5,0,60
8112,1.1.6,1,1,6,258
8113,0.5.0,0,5,0,60
8114,1.4.0,1,4,0,288
8115,0.5.0,0,5,0,60
8116,1.4.0,1,4,0,288
8117,1.11.0,1,11,0,372
8118,2.3.0,2,3,0,516
8119,0.1.6,0,1,6,18
8120,0.5.0,0,5,0,60
8121,0.5.0,0,5,0,60
8122,0.19.0,0,19,0,228
8123,0.19.0,0,19,0,228
8124,0.9.0,0,9,0,108
8125,0.5.0,0,5,0,60
8126,0.1.6,0,1,6,18
8127,0.5.0,0,5,0,60
8128,0.1.6,0,1,6,18
8129,0.3.0,0,3,0,36
8130,0.3.0,0,3,0,36
8131,0.11.6,0,11,6,138
8132,0.5.0,0,5,0,60
8133,0.1.6,0,1,6,18
8134,1.3.6,1,3,6,282
8135,1.1.0,1,1,0,252
8136,0.9.0,0,9,0,108
8137,0.9.0,0,9,0,108
8138,0.5.0,0,5,0,60
8139,0.9.0,0,9,0,108
8140,0.1.6,0,1,6,18
8141,0.3.0,0,3,0,36
8142,0.1.6,0,1,6,18
8143,1.1.0,1,1,0,252
8144,0.11.6,0,11,6,138
8145,0.7.6,0,7,6,90
8146,2.14.0,2,14,0,648
8147,0.5.0,0,5,0,60
8148,0.9.0,0,9,0,108
8149,0.3.0,0,3,0,36
8150,0.9.0,0,9,0,108
8151,0.9.0,0,9,0,108
8152,0.5.0,0,5,0,60
8153,0.5.0,0,5,0,60
8154,0.5.0,0,5,0,60
8155,0.9.0,0,9,0,108
8156,0.1.6,0,1,6,18
8157,0.5.0,0,5,0,60
8158,0.5.0,0,5,0,60
8159,0.5.0,0,5,0,60
8160,0.5.0,0,5,0,60
8161,0.5.0,0,5,0,60
8162,0.9.0,0,9,0,108
8163,0.9.0,0,9,0,108
8164,0.9.0,0,9,0,108
8165,0.9.0,0,9,0,108
8166,0.3.0,0,3,0,36
8167,0.5.0,0,5,0,60
8168,0.5.0,0,5,0,60
8169,0.5.0,0,5,0,60
8170,0.9.0,0,9,0,108
8171,0.5.0,0,5,0,60
8172,0.5.0,0,5,0,60
8173,0.1.6,0,1,6,18
8174,0.9.0,0,9,0,108
8175,0.5.0,0,5,0,60
8176,0.1.6,0,1,6,18
8177,0.1.6,0,1,6,18
8178,0.3.0,0,3,0,36
8179,0.5.0,0,5,0,60
8180,0.1.6,0,1,6,18
8181,0.5.0,0,5,0,60
8182,0.1.6,0,1,6,18
8183,0.1.6,0,1,6,18
8184,0.1.6,0,1,6,18
8185,0.9.0,0,9,0,108
8186,4.6.0,4,6,0,1032
8187,0.5.0,0,5,0,60
8188,0.3.0,0,3,0,36
8189,0.1.6,0,1,6,18
8190,0.5.0,0,5,0,60
8191,0.5.0,0,5,0,60
8192,0.5.0,0,5,0,60
8193,0.3.0,0,3,0,36
8194,0.9.0,0,9,0,108
8195,0.9.0,0,9,0,108
8196,0.19.0,0,19,0,228
8197,0.5.0,0,5,0,60
8198,0.5.0,0,5,0,60
8199,0.5.0,0,5,0,60
8200,0.12.0,0,12,0,144
8201,0.5.0,0,5,0,60
8202,0.9.0,0,9,0,108
8203,0.1.6,0,1,6,18
8204,0.1.6,0,1,6,18
8205,0.1.6,0,1,6,18
8206,0.3.0,0,3,0,36
8207,0.5.0,0,5,0,60
8208,0.5.0,0,5,0,60
8209,0.5.0,0,5,0,60
8210,0.9.0,0,9,0,108
8211,0.1.6,0,1,6,18
8212,0.5.0,0,5,0,60
8213,0.5.0,0,5,0,60
8214,0.1.6,0,1,6,18
8215,0.3.0,0,3,0,36
8216,1.16.0,1,16,0,432
8217,0.5.0,0,5,0,60
8218,0.12.0,0,12,0,144
8219,0.1.6,0,1,6,18
8220,0.5.0,0,5,0,60
8221,0.5.0,0,5,0,60
8222,1.1.0,1,1,0,252
8223,0.3.0,0,3,0,36
8224,2.3.0,2,3,0,516
8225,0.5.0,0,5,0,60
8226,0.5.0,0,5,0,60
8227,0.9.0,0,9,0,108
8228,2.3.0,2,3,0,516
8229,0.9.0,0,9,0,108
8230,0.5.0,0,5,0,60
8231,0.5.0,0,5,0,60
8232,0.5.0,0,5,0,60
8233,0.3.0,0,3,0,36
8234,0.9.0,0,9,0,108
8235,0.3.0,0,3,0,36
8236,0.1.6,0,1,6,18
8237,0.5.0,0,5,0,60
8238,0.5.0,0,5,0,60
8239,0.1.6,0,1,6,18
8240,0.5.0,0,5,0,60
8241,0.5.0,0,5,0,60
8242,0.3.0,0,3,0,36
8243,0.5.0,0,5,0,60
8244,0.9.0,0,9,0,108
8245,1.6.0,1,6,0,312
8246,0.9.0,0,9,0,108
8247,0.9.0,0,9,0,108
8248,0.3.0,0,3,0,36
8249,0.3.0,0,3,0,36
8250,0.3.0,0,3,0,36
8251,1.1.0,1,1,0,252
8252,1.16.0,1,16,0,432
8253,0.9.0,0,9,0,108
8254,0.9.0,0,9,0,108
8255,0.5.0,0,5,0,60
8256,0.3.0,0,3,0,36
8257,1.6.0,1,6,0,312
8258,0.3.0,0,3,0,36
8259,0.1.6,0,1,6,18
8260,1.1.0,1,1,0,252
8261,0.5.0,0,5,0,60
8262,2.12.6,2,12,6,630
8263,0.1.6,0,1,6,18
8264,0.5.0,0,5,0,60
8265,0.1.6,0,1,6,18
8266,0.1.6,0,1,6,18
8267,0.3.0,0,3,0,36
8268,0.3.0,0,3,0,36
8269,0.3.0,0,3,0,36
8270,0.3.0,0,3,0,36
8271,0.1.6,0,1,6,18
8272,0.1.6,0,1,6,18
8273,0.1.6,0,1,6,18
8274,0.1.6,0,1,6,18
8275,0.9.0,0,9,0,108
8276,0.5.0,0,5,0,60
8277,0.5.0,0,5,0,60
8278,0.1.6,0,1,6,18
8279,0.11.6,0,11,6,138
8280,0.5.0,0,5,0,60
8281,1.1.0,1,1,0,252
8282,2.3.0,2,3,0,516
8283,0.3.0,0,3,0,36
8284,0.1.6,0,1,6,18
8285,0.5.0,0,5,0,60
8286,0.1.6,0,1,6,18
8287,0.1.6,0,1,6,18
8288,0.3.0,0,3,0,36
8289,0.1.6,0,1,6,18
8290,0.12.0,0,12,0,144
8291,0.3.0,0,3,0,36
8292,0.5.0,0,5,0,60
8293,0.1.6,0,1,6,18
8294,0.11.6,0,11,6,138
8295,0.19.0,0,19,0,228
8296,0.5.0,0,5,0,60
8297,0.1.6,0,1,6,18
8298,0.5.0,0,5,0,60
8299,0.5.0,0,5,0,60
8300,0.5.0,0,5,0,60
8301,0.5.0,0,5,0,60
8302,0.5.0,0,5,0,60
8303,0.9.0,0,9,0,108
8304,0.9.0,0,9,0,108
8305,9.15.0,9,15,0,2340
8306,0.5.0,0,5,0,60
8307,0.5.0,0,5,0,60
8308,0.3.0,0,3,0,36
8309,0.3.0,0,3,0,36
8310,0.3.0,0,3,0,36
8311,0.9.0,0,9,0,108
8312,0.5.0,0,5,0,60
8313,0.5.0,0,5,0,60
8314,0.3.0,0,3,0,36
8315,0.5.0,0,5,0,60
8316,0.9.0,0,9,0,108
8317,1.1.0,1,1,0,252
8318,0.5.0,0,5,0,60
8319,0.5.0,0,5,0,60
8320,1.16.0,1,16,0,432
8321,0.5.0,0,5,0,60
8322,0.5.0,0,5,0,60
8323,0.3.0,0,3,0,36
8324,0.5.0,0,5,0,60
8325,0.1.6,0,1,6,18
8326,0.1.6,0,1,6,18
8327,0.1.6,0,1,6,18
8328,0.9.0,0,9,0,108
8329,1.16.0,1,16,0,432
8330,0.5.0,0,5,0,60
8331,4.6.0,4,6,0,1032
8332,6.7.0,6,7,0,1524
8333,0.5.0,0,5,0,60
8334,0.1.6,0,1,6,18
8335,0.9.0,0,9,0,108
8336,0.5.0,0,5,0,60
8337,0.9.0,0,9,0,108
8338,0.9.0,0,9,0,108
8339,1.11.0,1,11,0,372
8340,0.5.0,0,5,0,60
8341,0.1.6,0,1,6,18
8342,0.1.6,0,1,6,18
8343,0.1.6,0,1,6,18
8344,0.3.0,0,3,0,36
8345,2.3.0,2,3,0,516
8346,0.5.0,0,5,0,60
8347,0.5.0,0,5,0,60
8348,0.9.0,0,9,0,108
8349,0.1.6,0,1,6,18
8350,0.1.6,0,1,6,18
8351,0.1.6,0,1,6,18
8352,0.5.0,0,5,0,60
8353,0.9.0,0,9,0,108
8354,1.1.0,1,1,0,252
8355,1.1.0,1,1,0,252
8356,2.12.6,2,12,6,630
8357,1.16.0,1,16,0,432
8358,0.1.6,0,1,6,18
8359,0.7.6,0,7,6,90
8360,0.1.6,0,1,6,18
8361,0.5.0,0,5,0,60
8362,0.1.6,0,1,6,18
8363,4.6.0,4,6,0,1032
8364,0.5.0,0,5,0,60
8365,0.1.6,0,1,6,18
8366,0.5.0,0,5,0,60
8367,0.9.0,0,9,0,108
8368,0.3.0,0,3,0,36
8369,0.5.0,0,5,0,60
8370,0.12.0,0,12,0,144
8371,0.1.6,0,1,6,18
8372,0.5.0,0,5,0,60
8373,1.11.0,1,11,0,372
8374,2.12.6,2,12,6,630
8375,0.1.6,0,1,6,18
8376,0.1.6,0,1,6,18
8377,0.5.0,0,5,0,60
8378,0.5.0,0,5,0,60
8379,6.7.0,6,7,0,1524
8380,1.1.0,1,1,0,252
8381,0.5.0,0,5,0,60
8382,1.4.0,1,4,0,288
8383,1.16.0,1,16,0,432
8384,2.3.0,2,3,0,516
8385,0.5.0,0,5,0,60
8386,0.3.0,0,3,0,36
8387,0.1.6,0,1,6,18
8388,0.1.6,0,1,6,18
8389,0.5.0,0,5,0,60
8390,0.5.0,0,5,0,60
8391,0.1.6,0,1,6,18
8392,1.16.0,1,16,0,432
8393,1.1.6,1,1,6,258
8394,0.9.0,0,9,0,108
8395,0.1.6,0,1,6,18
8396,0.9.0,0,9,0,108
8397,0.9.0,0,9,0,108
8398,0.1.6,0,1,6,18
8399,2.12.6,2,12,6,630
8400,0.5.0,0,5,0,60
8401,0.5.0,0,5,0,60
8402,0.5.0,0,5,0,60
8403,0.1.6,0,1,6,18
8404,1.16.0,1,16,0,432
8405,0.5.0,0,5,0,60
8406,1.16.0,1,16,0,432
8407,0.1.6,0,1,6,18
8408,0.9.0,0,9,0,108
8409,0.5.0,0,5,0,60
8410,0.1.6,0,1,6,18
8411,0.5.0,0,5,0,60
8412,0.5.0,0,5,0,60
8413,0.9.0,0,9,0,108
8414,0.1.6,0,1,6,18
8415,0.1.6,0,1,6,18
8416,1.4.0,1,4,0,288
8417,0.17.6,0,17,6,210
8418,0.1.6,0,1,6,18
8419,0.5.0,0,5,0,60
8420,4.6.0,4,6,0,1032
8421,0.5.0,0,5,0,60
8422,4.6.0,4,6,0,1032
8423,0.1.6,0,1,6,18
8424,0.5.0,0,5,0,60
8425,0.5.0,0,5,0,60
8426,0.12.0,0,12,0,144
8427,0.5.0,0,5,0,60
8428,0.1.6,0,1,6,18
8429,0.3.0,0,3,0,36
8430,0.5.0,0,5,0,60
8431,0.1.6,0,1,6,18
8432,0.5.0,0,5,0,60
8433,4.6.0,4,6,0,1032
8434,0.1.6,0,1,6,18
8435,0.19.0,0,19,0,228
8436,0.9.0,0,9,0,108
8437,0.15.0,0,15,0,180
8438,0.9.0,0,9,0,108
8439,4.6.0,4,6,0,1032
8440,4.6.0,4,6,0,1032
8441,0.9.0,0,9,0,108
8442,0.9.0,0,9,0,108
8443,0.9.0,0,9,0,108
8444,0.5.0,0,5,0,60
8445,1.16.0,1,16,0,432
8446,0.9.0,0,9,0,108
8447,0.5.0,0,5,0,60
8448,1.10.0,1,10,0,360
8449,0.5.0,0,5,0,60
8450,0.5.0,0,5,0,60
8451,0.5.0,0,5,0,60
8452,0.5.0,0,5,0,60
8453,0.5.0,0,5,0,60
8454,0.1.6,0,1,6,18
8455,0.9.0,0,9,0,108
8456,1.16.0,1,16,0,432
8457,4.6.0,4,6,0,1032
8458,0.5.0,0,5,0,60
8459,0.9.0,0,9,0,108
8460,0.1.6,0,1,6,18
8461,0.5.0,0,5,0,60
8462,0.1.6,0,1,6,18
8463,0.1.6,0,1,6,18
8464,0.5.0,0,5,0,60
8465,0.1.6,0,1,6,18
8466,0.5.0,0,5,0,60
8467,0.15.0,0,15,0,180
8468,0.5.0,0,5,0,60
8469,3.2.0,3,2,0,744
8470,0.5.0,0,5,0,60
8471,2.12.6,2,12,6,630
8472,2.12.6,2,12,6,630
8473,0.5.0,0,5,0,60
8474,1.3.0,1,3,0,276
8475,4.6.0,4,6,0,1032
8476,0.5.0,0,5,0,60
8477,0.5.0,0,5,0,60
8478,0.5.0,0,5,0,60
8479,0.9.0,0,9,0,108
8480,0.1.6,0,1,6,18
8481,0.5.0,0,5,0,60
8482,0.5.0,0,5,0,60
8483,1.3.0,1,3,0,276
8484,4.6.0,4,6,0,1032
8485,0.9.0,0,9,0,108
8486,0.9.0,0,9,0,108
8487,0.9.0,0,9,0,108
8488,0.3.0,0,3,0,36
8489,0.3.0,0,3,0,36
8490,0.3.0,0,3,0,36
8491,0.1.6,0,1,6,18
8492,1.1.0,1,1,0,252
8493,3.0.0,3,0,0,720
8494,0.9.0,0,9,0,108
8495,0.1.6,0,1,6,18
8496,2.3.0,2,3,0,516
8497,1.4.0,1,4,0,288
8498,0.5.0,0,5,0,60
8499,0.1.6,0,1,6,18
8500,0.5.0,0,5,0,60
8501,0.5.0,0,5,0,60
8502,0.5.0,0,5,0,60
8503,0.9.0,0,9,0,108
8504,0.5.0,0,5,0,60
8505,0.9.0,0,9,0,108
8506,0.5.0,0,5,0,60
8507,0.9.0,0,9,0,108
8508,1.1.0,1,1,0,252
8509,0.5.0,0,5,0,60
8510,0.1.6,0,1,6,18
8511,0.9.0,0,9,0,108
8512,0.9.0,0,9,0,108
8513,0.12.0,0,12,0,144
8514,0.9.0,0,9,0,108
8515,0.9.0,0,9,0,108
8516,0.9.0,0,9,0,108
8517,0.5.0,0,5,0,60
8518,0.9.0,0,9,0,108
8519,0.5.0,0,5,0,60
8520,1.4.0,1,4,0,288
8521,0.9.0,0,9,0,108
8522,0.5.0,0,5,0,60
8523,0.9.0,0,9,0,108
8524,0.1.6,0,1,6,18
8525,0.5.0,0,5,0,60
8526,0.5.0,0,5,0,60
8527,0.14.0,0,14,0,168
8528,1.13.6,1,13,6,402
8529,0.9.0,0,9,0,108
8530,1.1.0,1,1,0,252
8531,0.15.0,0,15,0,180
8532,0.3.0,0,3,0,36
8533,0.5.0,0,5,0,60
8534,0.5.0,0,5,0,60
8535,1.1.0,1,1,0,252
8536,0.3.0,0,3,0,36
8537,0.9.0,0,9,0,108
8538,0.5.0,0,5,0,60
8539,0.1.6,0,1,6,18
8540,0.9.0,0,9,0,108
8541,0.9.0,0,9,0,108
8542,0.5.0,0,5,0,60
8543,0.1.6,0,1,6,18
8544,0.5.0,0,5,0,60
8545,0.5.0,0,5,0,60
8546,0.1.6,0,1,6,18
8547,0.9.0,0,9,0,108
8548,0.5.0,0,5,0,60
8549,0.9.0,0,9,0,108
8550,0.5.0,0,5,0,60
8551,0.9.0,0,9,0,108
8552,2.12.6,2,12,6,630
8553,0.3.0,0,3,0,36
8554,0.5.0,0,5,0,60
8555,0.5.0,0,5,0,60
8556,0.5.0,0,5,0,60
8557,0.5.0,0,5,0,60
8558,0.3.0,0,3,0,36
8559,0.5.0,0,5,0,60
8560,0.9.0,0,9,0,108
8561,0.1.6,0,1,6,18
8562,0.1.6,0,1,6,18
8563,0.5.0,0,5,0,60
8564,0.9.0,0,9,0,108
8565,0.17.6,0,17,6,210
8566,0.3.0,0,3,0,36
8567,0.1.6,0,1,6,18
8568,2.3.0,2,3,0,516
8569,0.9.0,0,9,0,108
8570,2.12.6,2,12,6,630
8571,2.12.6,2,12,6,630
8572,2.12.6,2,12,6,630
8573,0.1.6,0,1,6,18
8574,2.3.0,2,3,0,516
8575,0.5.0,0,5,0,60
8576,0.5.0,0,5,0,60
8577,1.0.0,1,0,0,240
8578,0.5.0,0,5,0,60
8579,0.1.6,0,1,6,18
8580,0.5.0,0,5,0,60
8581,0.5.0,0,5,0,60
8582,0.5.0,0,5,0,60
8583,0.5.0,0,5,0,60
8584,0.9.0,0,9,0,108
8585,0.3.0,0,3,0,36
8586,0.3.0,0,3,0,36
8587,0.9.0,0,9,0,108
8588,0.9.0,0,9,0,108
8589,0.5.0,0,5,0,60
8590,0.5.0,0,5,0,60
8591,0.5.0,0,5,0,60
8592,0.5.0,0,5,0,60
8593,0.5.0,0,5,0,60
8594,0.9.0,0,9,0,108
8595,0.5.0,0,5,0,60
8596,0.5.0,0,5,0,60
8597,0.5.0,0,5,0,60
8598,0.5.0,0,5,0,60
8599,0.3.0,0,3,0,36
8600,0.5.0,0,5,0,60
8601,2.3.0,2,3,0,516
8602,2.15.0,2,15,0,660
8603,0.5.0,0,5,0,60
8604,0.1.6,0,1,6,18
8605,0.5.0,0,5,0,60
8606,0.5.0,0,5,0,60
8607,0.5.0,0,5,0,60
8608,0.9.0,0,9,0,108
8609,2.12.6,2,12,6,630
8610,15.0.0,15,0,0,3600
8611,2.12.6,2,12,6,630
8612,0.5.0,0,5,0,60
8613,0.9.0,0,9,0,108
8614,1.13.6,1,13,6,402
8615,1.4.0,1,4,0,288
8616,0.9.0,0,9,0,108
8617,0.1.6,0,1,6,18
8618,0.1.6,0,1,6,18
8619,0.1.6,0,1,6,18
8620,0.11.6,0,11,6,138
8621,0.5.0,0,5,0,60
8622,1.16.0,1,16,0,432
8623,0.12.0,0,12,0,144
8624,0.9.0,0,9,0,108
8625,0.5.0,0,5,0,60
8626,0.5.0,0,5,0,60
8627,0.5.0,0,5,0,60
8628,0.9.0,0,9,0,108
8629,1.1.6,1,1,6,258
8630,0.5.0,0,5,0,60
8631,0.5.0,0,5,0,60
8632,1.4.0,1,4,0,288
8633,0.1.6,0,1,6,18
8634,0.1.6,0,1,6,18
8635,0.12.0,0,12,0,144
8636,0.5.0,0,5,0,60
8637,0.5.0,0,5,0,60
8638,0.5.0,0,5,0,60
8639,0.9.0,0,9,0,108
8640,3.2.0,3,2,0,744
8641,4.6.0,4,6,0,1032
8642,0.1.6,0,1,6,18
8643,2.12.6,2,12,6,630
8644,2.12.6,2,12,6,630
8645,0.19.0,0,19,0,228
8646,0.9.0,0,9,0,108
8647,0.1.6,0,1,6,18
8648,0.9.0,0,9,0,108
8649,0.5.0,0,5,0,60
8650,0.3.0,0,3,0,36
8651,0.1.6,0,1,6,18
8652,0.5.0,0,5,0,60
8653,0.5.0,0,5,0,60
8654,0.5.0,0,5,0,60
8655,0.9.0,0,9,0,108
8656,4.6.0,4,6,0,1032
8657,0.1.6,0,1,6,18
8658,0.9.0,0,9,0,108
8659,1.1.6,1,1,6,258
8660,4.6.0,4,6,0,1032
8661,0.1.6,0,1,6,18
8662,1.16.0,1,16,0,432
8663,0.9.0,0,9,0,108
8664,0.5.0,0,5,0,60
8665,0.9.0,0,9,0,108
8666,0.5.0,0,5,0,60
8667,0.9.0,0,9,0,108
8668,0.5.0,0,5,0,60
8669,0.5.0,0,5,0,60
8670,0.5.0,0,5,0,60
8671,0.5.0,0,5,0,60
8672,0.5.0,0,5,0,60
8673,0.9.0,0,9,0,108
8674,0.1.6,0,1,6,18
8675,1.16.0,1,16,0,432
8676,0.14.0,0,14,0,168
8677,2.3.0,2,3,0,516
8678,1.6.0,1,6,0,312
8679,0.5.0,0,5,0,60
8680,0.9.0,0,9,0,108
8681,0.9.0,0,9,0,108
8682,0.9.0,0,9,0,108
8683,0.9.0,0,9,0,108
8684,2.12.6,2,12,6,630
8685,0.3.0,0,3,0,36
8686,0.3.0,0,3,0,36
8687,1.16.0,1,16,0,432
8688,0.5.0,0,5,0,60
8689,0.9.0,0,9,0,108
8690,3.2.0,3,2,0,744
8691,0.1.6,0,1,6,18
8692,0.3.0,0,3,0,36
8693,0.1.6,0,1,6,18
8694,0.3.0,0,3,0,36
8695,0.5.0,0,5,0,60
8696,0.9.0,0,9,0,108
8697,0.5.0,0,5,0,60
8698,1.1.6,1,1,6,258
8699,2.3.0,2,3,0,516
8700,0.1.6,0,1,6,18
8701,0.5.0,0,5,0,60
8702,0.1.6,0,1,6,18
8703,1.1.0,1,1,0,252
8704,0.9.0,0,9,0,108
8705,0.5.0,0,5,0,60
8706,2.12.6,2,12,6,630
8707,0.1.6,0,1,6,18
8708,0.1.6,0,1,6,18
8709,0.1.6,0,1,6,18
8710,0.9.0,0,9,0,108
8711,0.19.0,0,19,0,228
8712,4.6.0,4,6,0,1032
8713,1.11.0,1,11,0,372
8714,0.5.0,0,5,0,60
8715,0.5.0,0,5,0,60
8716,0.9.0,0,9,0,108
8717,0.5.0,0,5,0,60
8718,0.1.6,0,1,6,18
8719,0.9.0,0,9,0,108
8720,0.9.0,0,9,0,108
8721,0.1.6,0,1,6,18
8722,0.9.0,0,9,0,108
8723,0.3.0,0,3,0,36
8724,0.1.6,0,1,6,18
8725,0.5.0,0,5,0,60
8726,0.1.6,0,1,6,18
8727,0.11.6,0,11,6,138
8728,0.1.6,0,1,6,18
8729,0.5.0,0,5,0,60
8730,0.14.0,0,14,0,168
8731,0.5.0,0,5,0,60
8732,0.5.0,0,5,0,60
8733,0.5.0,0,5,0,60
8734,1.1.0,1,1,0,252
8735,0.12.0,0,12,0,144
8736,0.9.0,0,9,0,108
8737,1.4.0,1,4,0,288
8738,0.9.0,0,9,0,108
8739,0.9.0,0,9,0,108
8740,2.12.6,2,12,6,630
8741,2.12.6,2,12,6,630
8742,0.9.0,0,9,0,108
8743,0.3.0,0,3,0,36
8744,0.1.6,0,1,6,18
8745,1.1.6,1,1,6,258
8746,2.3.0,2,3,0,516
8747,1.16.0,1,16,0,432
8748,0.9.0,0,9,0,108
8749,0.5.0,0,5,0,60
8750,0.3.0,0,3,0,36
8751,0.5.0,0,5,0,60
8752,0.9.0,0,9,0,108
8753,0.5.0,0,5,0,60
8754,0.9.0,0,9,0,108
8755,0.3.0,0,3,0,36
8756,0.3.0,0,3,0,36
8757,1.1.6,1,1,6,258
8758,4.6.0,4,6,0,1032
8759,0.3.0,0,3,0,36
8760,1.1.6,1,1,6,258
8761,0.1.6,0,1,6,18
8762,0.5.0,0,5,0,60
8763,0.12.0,0,12,0,144
8764,1.13.6,1,13,6,402
8765,1.1.6,1,1,6,258
8766,1.1.6,1,1,6,258
8767,0.3.0,0,3,0,36
8768,1.1.0,1,1,0,252
8769,1.4.0,1,4,0,288
8770,0.3.0,0,3,0,36
8771,0.5.0,0,5,0,60
8772,0.5.0,0,5,0,60
8773,2.3.0,2,3,0,516
8774,1.1.0,1,1,0,252
8775,3.2.0,3,2,0,744
8776,0.5.0,0,5,0,60
8777,0.3.0,0,3,0,36
8778,2.3.0,2,3,0,516
8779,2.3.0,2,3,0,516
8780,1.1.0,1,1,0,252
8781,0.3.0,0,3,0,36
8782,0.1.6,0,1,6,18
8783,3.2.0,3,2,0,744
8784,0.3.0,0,3,0,36
8785,0.5.0,0,5,0,60
8786,0.5.0,0,5,0,60
8787,0.5.0,0,5,0,60
8788,0.5.0,0,5,0,60
8789,0.1.6,0,1,6,18
8790,2.15.0,2,15,0,660
8791,2.12.6,2,12,6,630
8792,1.11.0,1,11,0,372
8793,0.5.0,0,5,0,60
8794,0.19.0,0,19,0,228
8795,0.3.0,0,3,0,36
8796,0.5.0,0,5,0,60
8797,4.6.0,4,6,0,1032
8798,0.5.0,0,5,0,60
8799,2.3.0,2,3,0,516
8800,0.5.0,0,5,0,60
8801,0.5.0,0,5,0,60
8802,4.6.0,4,6,0,1032
8803,0.1.6,0,1,6,18
8804,1.16.0,1,16,0,432
8805,0.9.0,0,9,0,108
8806,0.5.0,0,5,0,60
8807,0.9.0,0,9,0,108
8808,0.9.0,0,9,0,108
8809,13.10.0,13,10,0,3240
8810,2.12.6,2,12,6,630
8811,0.5.0,0,5,0,60
8812,0.5.0,0,5,0,60
8813,0.9.0,0,9,0,108
8814,0.9.0,0,9,0,108
8815,0.3.0,0,3,0,36
8816,0.1.6,0,1,6,18
8817,1.16.0,1,16,0,432
8818,0.5.0,0,5,0,60
8819,0.3.0,0,3,0,36
8820,0.5.0,0,5,0,60
8821,0.5.0,0,5,0,60
8822,0.5.0,0,5,0,60
8823,1.11.0,1,11,0,372
8824,0.9.0,0,9,0,108
8825,0.9.0,0,9,0,108
8826,0.9.0,0,9,0,108
8827,0.1.6,0,1,6,18
8828,2.12.6,2,12,6,630
8829,0.3.0,0,3,0,36
8830,0.11.6,0,11,6,138
8831,0.11.6,0,11,6,138
8832,1.1.0,1,1,0,252
8833,0.5.0,0,5,0,60
8834,4.6.0,4,6,0,1032
8835,0.3.0,0,3,0,36
8836,0.9.0,0,9,0,108
8837,0.9.0,0,9,0,108
8838,9.15.0,9,15,0,2340
8839,0.1.6,0,1,6,18
8840,0.1.6,0,1,6,18
8841,1.4.0,1,4,0,288
8842,1.16.0,1,16,0,432
8843,2.3.0,2,3,0,516
8844,1.0.0,1,0,0,240
8845,0.9.0,0,9,0,108
8846,0.9.0,0,9,0,108
8847,1.13.6,1,13,6,402
8848,0.5.0,0,5,0,60
8849,0.3.0,0,3,0,36
8850,0.5.0,0,5,0,60
8851,0.9.0,0,9,0,108
8852,0.5.0,0,5,0,60
8853,0.3.0,0,3,0,36
8854,1.1.0,1,1,0,252
8855,0.3.0,0,3,0,36
8856,1.1.0,1,1,0,252
8857,0.9.0,0,9,0,108
8858,0.9.0,0,9,0,108
8859,0.3.0,0,3,0,36
8860,1.4.0,1,4,0,288
8861,2.3.0,2,3,0,516
8862,3.2.0,3,2,0,744
8863,1.1.6,1,1,6,258
8864,0.9.0,0,9,0,108
8865,0.5.0,0,5,0,60
8866,0.11.6,0,11,6,138
8867,1.4.0,1,4,0,288
8868,0.1.6,0,1,6,18
8869,0.1.6,0,1,6,18
8870,0.1.6,0,1,6,18
8871,1.16.0,1,16,0,432
8872,0.1.6,0,1,6,18
8873,0.5.0,0,5,0,60
8874,0.5.0,0,5,0,60
8875,0.19.0,0,19,0,228
8876,6.7.0,6,7,0,1524
8877,0.1.6,0,1,6,18
8878,0.5.0,0,5,0,60
8879,0.5.0,0,5,0,60
8880,0.9.0,0,9,0,108
8881,0.9.0,0,9,0,108
8882,0.5.0,0,5,0,60
8883,4.6.0,4,6,0,1032
8885,0.3.0,0,3,0,36
8886,0.5.0,0,5,0,60
8887,0.17.6,0,17,6,210
8888,1.1.6,1,1,6,258
8889,0.19.0,0,19,0,228
8890,0.9.0,0,9,0,108
8891,0.3.0,0,3,0,36
8892,0.9.0,0,9,0,108
8893,2.3.0,2,3,0,516
8894,2.12.6,2,12,6,630
8895,6.0.0,6,0,0,1440
8896,0.9.0,0,9,0,108
8897,0.9.0,0,9,0,108
8898,0.9.0,0,9,0,108
8899,0.3.0,0,3,0,36
8900,0.5.0,0,5,0,60
8901,0.5.0,0,5,0,60
8902,1.1.0,1,1,0,252
8903,0.5.0,0,5,0,60
8904,0.11.6,0,11,6,138
8905,0.3.0,0,3,0,36
8906,1.16.0,1,16,0,432
8907,0.9.0,0,9,0,108
8908,0.5.0,0,5,0,60
8909,0.9.0,0,9,0,108
8910,2.14.0,2,14,0,648
8911,0.5.0,0,5,0,60
8912,1.16.0,1,16,0,432
8913,1.1.0,1,1,0,252
8914,0.5.0,0,5,0,60
8915,0.1.6,0,1,6,18
8916,0.9.0,0,9,0,108
8917,1.16.0,1,16,0,432
8918,1.1.0,1,1,0,252
8919,0.5.0,0,5,0,60
8920,0.9.0,0,9,0,108
8921,0.1.6,0,1,6,18
8922,0.11.6,0,11,6,138
8923,0.5.0,0,5,0,60
8924,0.9.0,0,9,0,108
8925,4.6.0,4,6,0,1032
8926,0.1.6,0,1,6,18
8927,0.3.0,0,3,0,36
8928,0.1.6,0,1,6,18
8929,0.9.0,0,9,0,108
8930,0.5.0,0,5,0,60
8931,0.5.0,0,5,0,60
8932,0.5.0,0,5,0,60
8933,0.3.0,0,3,0,36
8934,0.3.0,0,3,0,36
8935,0.5.0,0,5,0,60
8936,0.5.0,0,5,0,60
8937,1.13.6,1,13,6,402
8938,3.2.0,3,2,0,744
8939,0.9.0,0,9,0,108
8940,0.5.0,0,5,0,60
8941,0.5.0,0,5,0,60
8942,0.9.0,0,9,0,108
8943,1.1.6,1,1,6,258
8944,0.9.0,0,9,0,108
8945,1.1.0,1,1,0,252
8946,2.12.6,2,12,6,630
8947,0.9.0,0,9,0,108
8948,0.9.0,0,9,0,108
8949,0.1.6,0,1,6,18
8950,0.5.0,0,5,0,60
8951,0.5.0,0,5,0,60
8952,0.5.0,0,5,0,60
8953,0.5.0,0,5,0,60
8954,0.5.0,0,5,0,60
8955,0.1.6,0,1,6,18
8956,0.5.0,0,5,0,60
8957,0.5.0,0,5,0,60
8959,1.16.0,1,16,0,432
8960,0.3.0,0,3,0,36
8961,0.9.0,0,9,0,108
8962,0.1.6,0,1,6,18
8963,1.16.0,1,16,0,432
8964,0.5.0,0,5,0,60
8965,1.1.0,1,1,0,252
8966,0.9.0,0,9,0,108
8967,0.5.0,0,5,0,60
8968,1.4.0,1,4,0,288
8969,0.5.0,0,5,0,60
8970,0.1.6,0,1,6,18
8971,1.1.0,1,1,0,252
8972,0.12.0,0,12,0,144
8973,0.5.0,0,5,0,60
8974,0.14.0,0,14,0,168
8975,0.5.0,0,5,0,60
8976,0.1.6,0,1,6,18
8977,1.16.0,1,16,0,432
8978,4.6.0,4,6,0,1032
8979,13.10.0,13,10,0,3240
8980,0.5.0,0,5,0,60
8981,0.1.6,0,1,6,18
8982,0.1.6,0,1,6,18
8983,1.16.0,1,16,0,432
8985,0.3.0,0,3,0,36
8986,0.9.0,0,9,0,108
8987,2.14.0,2,14,0,648
8988,0.1.6,0,1,6,18
8989,4.6.0,4,6,0,1032
8990,0.5.0,0,5,0,60
8991,0.9.0,0,9,0,108
8992,0.9.0,0,9,0,108
8993,0.3.0,0,3,0,36
8994,0.5.0,0,5,0,60
8995,0.5.0,0,5,0,60
8996,0.9.0,0,9,0,108
8997,0.9.0,0,9,0,108
8998,0.9.0,0,9,0,108
8999,1.1.0,1,1,0,252
9000,0.3.0,0,3,0,36
9001,0.5.0,0,5,0,60
9002,0.9.0,0,9,0,108
9003,1.1.0,1,1,0,252
9004,0.1.6,0,1,6,18
9005,0.3.0,0,3,0,36
9006,2.3.0,2,3,0,516
9007,9.0.0,9,0,0,2160
9008,2.12.6,2,12,6,630
9009,0.5.0,0,5,0,60
9010,0.9.0,0,9,0,108
9011,1.16.0,1,16,0,432
9012,1.16.0,1,16,0,432
9013,0.3.0,0,3,0,36
9014,0.3.0,0,3,0,36
9015,0.11.6,0,11,6,138
9016,1.1.0,1,1,0,252
9017,0.3.0,0,3,0,36
9018,0.3.0,0,3,0,36
9019,0.9.0,0,9,0,108
9020,0.9.0,0,9,0,108
9021,0.9.0,0,9,0,108
9022,0.1.6,0,1,6,18
9023,0.3.0,0,3,0,36
9024,1.16.0,1,16,0,432
9025,0.5.0,0,5,0,60
9026,0.1.6,0,1,6,18
9027,0.5.0,0,5,0,60
9028,0.3.0,0,3,0,36
9029,0.3.0,0,3,0,36
9030,0.9.0,0,9,0,108
9031,4.6.0,4,6,0,1032
9032,4.6.0,4,6,0,1032
9033,3.2.0,3,2,0,744
9034,1.1.0,1,1,0,252
9035,0.9.0,0,9,0,108
9036,0.5.0,0,5,0,60
9037,0.3.0,0,3,0,36
9038,0.3.0,0,3,0,36
9039,0.9.0,0,9,0,108
9040,3.2.0,3,2,0,744
9041,0.1.6,0,1,6,18
9042,0.1.6,0,1,6,18
9043,0.9.0,0,9,0,108
9044,0.1.6,0,1,6,18
9045,0.3.0,0,3,0,36
9046,0.1.6,0,1,6,18
9047,0.5.0,0,5,0,60
9048,0.9.0,0,9,0,108
9049,0.9.0,0,9,0,108
9050,1.1.0,1,1,0,252
9051,0.5.0,0,5,0,60
9052,0.5.0,0,5,0,60
9053,0.10.0,0,10,0,120
9054,0.5.0,0,5,0,60
9055,1.1.6,1,1,6,258
9056,0.5.0,0,5,0,60
9057,4.6.0,4,6,0,1032
9058,0.3.0,0,3,0,36
9059,0.9.0,0,9,0,108
9060,0.9.0,0,9,0,108
9061,0.1.6,0,1,6,18
9062,0.5.0,0,5,0,60
9063,0.1.6,0,1,6,18
9064,0.1.6,0,1,6,18
9065,0.5.0,0,5,0,60
9066,0.9.0,0,9,0,108
9067,1.1.0,1,1,0,252
9068,0.9.0,0,9,0,108
9069,0.5.0,0,5,0,60
9070,0.3.0,0,3,0,36
9071,1.16.0,1,16,0,432
9072,1.11.0,1,11,0,372
9073,0.9.0,0,9,0,108
9074,2.12.6,2,12,6,630
9075,0.5.0,0,5,0,60
9076,0.1.6,0,1,6,18
9077,0.5.0,0,5,0,60
9078,0.5.0,0,5,0,60
9079,0.5.0,0,5,0,60
9080,1.1.0,1,1,0,252
9081,0.9.0,0,9,0,108
9082,0.1.6,0,1,6,18
9083,0.5.0,0,5,0,60
9084,0.7.6,0,7,6,90
9085,1.1.0,1,1,0,252
9086,2.3.0,2,3,0,516
9087,1.16.0,1,16,0,432
9088,1.16.0,1,16,0,432
9089,0.5.0,0,5,0,60
9090,0.9.0,0,9,0,108
9091,0.5.0,0,5,0,60
9092,0.5.0,0,5,0,60
9093,0.1.6,0,1,6,18
9094,0.3.0,0,3,0,36
9095,0.3.0,0,3,0,36
9096,0.9.0,0,9,0,108
9097,1.1.0,1,1,0,252
9098,1.1.0,1,1,0,252
9099,0.5.0,0,5,0,60
9100,15.15.0,15,15,0,3780
9101,2.5.0,2,5,0,540
9102,0.5.0,0,5,0,60
9103,0.5.0,0,5,0,60
9104,1.3.6,1,3,6,282
9105,0.5.0,0,5,0,60
9106,0.5.0,0,5,0,60
9107,0.1.6,0,1,6,18
9108,1.4.0,1,4,0,288
9109,0.5.0,0,5,0,60
9110,0.5.0,0,5,0,60
9112,0.5.0,0,5,0,60
9113,0.3.0,0,3,0,36
9114,2.3.0,2,3,0,516
9115,6.15.0,6,15,0,1620
9116,2.12.6,2,12,6,630
9117,0.3.0,0,3,0,36
9118,0.1.6,0,1,6,18
9119,0.9.0,0,9,0,108
9120,0.5.0,0,5,0,60
9121,0.9.0,0,9,0,108
9122,0.5.0,0,5,0,60
9123,0.5.0,0,5,0,60
9124,0.5.0,0,5,0,60
9125,0.5.0,0,5,0,60
9126,1.1.0,1,1,0,252
9127,1.1.0,1,1,0,252
9128,4.6.0,4,6,0,1032
9129,0.9.0,0,9,0,108
9130,0.9.0,0,9,0,108
9131,1.3.6,1,3,6,282
9132,1.4.0,1,4,0,288
9133,0.1.6,0,1,6,18
9134,0.1.6,0,1,6,18
9135,13.10.0,13,10,0,3240
9136,2.12.6,2,12,6,630
9137,0.5.0,0,5,0,60
9138,0.5.0,0,5,0,60
9139,1.16.0,1,16,0,432
9140,0.9.0,0,9,0,108
9141,0.3.0,0,3,0,36
9142,0.5.0,0,5,0,60
9143,0.3.0,0,3,0,36
9144,2.3.0,2,3,0,516
9145,6.0.0,6,0,0,1440
9146,0.9.0,0,9,0,108
9147,2.12.6,2,12,6,630
9148,0.5.0,0,5,0,60
9149,0.1.6,0,1,6,18
9150,0.1.6,0,1,6,18
9151,0.5.0,0,5,0,60
9152,0.11.6,0,11,6,138
9153,1.16.0,1,16,0,432
9154,2.15.0,2,15,0,660
9155,0.5.0,0,5,0,60
9156,0.5.0,0,5,0,60
9157,0.14.0,0,14,0,168
9158,0.5.0,0,5,0,60
9159,0.5.0,0,5,0,60
9160,0.9.0,0,9,0,108
9161,0.5.0,0,5,0,60
9162,1.4.0,1,4,0,288
9163,0.5.0,0,5,0,60
9164,0.1.6,0,1,6,18
9165,3.2.0,3,2,0,744
9166,2.12.6,2,12,6,630
9167,0.1.6,0,1,6,18
9168,1.1.0,1,1,0,252
9169,0.1.6,0,1,6,18
9170,0.5.0,0,5,0,60
9171,0.9.0,0,9,0,108
9172,2.12.6,2,12,6,630
9173,0.5.0,0,5,0,60
9174,1.1.0,1,1,0,252
9175,0.9.0,0,9,0,108
9176,4.6.0,4,6,0,1032
9177,0.5.0,0,5,0,60
9178,0.10.0,0,10,0,120
9179,0.1.6,0,1,6,18
9180,0.5.0,0,5,0,60
9181,1.4.0,1,4,0,288
9182,0.5.0,0,5,0,60
9183,0.9.0,0,9,0,108
9184,1.6.0,1,6,0,312
9185,0.5.0,0,5,0,60
9186,0.9.0,0,9,0,108
9187,0.1.6,0,1,6,18
9188,0.5.0,0,5,0,60
9189,0.5.0,0,5,0,60
9190,0.5.0,0,5,0,60
9191,0.5.0,0,5,0,60
9192,4.6.0,4,6,0,1032
9193,0.1.6,0,1,6,18
9194,0.5.0,0,5,0,60
9195,0.5.0,0,5,0,60
9196,0.9.0,0,9,0,108
9197,0.1.6,0,1,6,18
9198,0.1.6,0,1,6,18
9199,0.9.0,0,9,0,108
9200,0.5.0,0,5,0,60
9201,2.3.0,2,3,0,516
9202,0.10.6,0,10,6,126
9203,1.1.0,1,1,0,252
9204,0.9.0,0,9,0,108
9205,0.5.0,0,5,0,60
9206,0.9.0,0,9,0,108
9207,0.9.0,0,9,0,108
9208,0.9.0,0,9,0,108
9209,0.9.0,0,9,0,108
9210,1.16.0,1,16,0,432
9211,0.9.0,0,9,0,108
9212,0.1.6,0,1,6,18
9213,0.5.0,0,5,0,60
9214,0.1.6,0,1,6,18
9215,2.3.0,2,3,0,516
9216,1.1.0,1,1,0,252
9217,0.9.0,0,9,0,108
9218,0.3.0,0,3,0,36
9219,0.9.0,0,9,0,108
9220,2.3.0,2,3,0,516
9221,0.1.6,0,1,6,18
9222,0.5.0,0,5,0,60
9223,1.3.0,1,3,0,276
9224,3.2.0,3,2,0,744
9225,0.9.0,0,9,0,108
9226,0.5.0,0,5,0,60
9227,1.1.0,1,1,0,252
9228,0.5.0,0,5,0,60
9229,0.5.0,0,5,0,60
9230,0.5.0,0,5,0,60
9231,0.5.0,0,5,0,60
9232,0.9.0,0,9,0,108
9233,2.12.6,2,12,6,630
9234,0.9.0,0,9,0,108
9235,0.3.0,0,3,0,36
9236,0.5.0,0,5,0,60
9237,0.9.0,0,9,0,108
9238,2.14.0,2,14,0,648
9239,2.12.6,2,12,6,630
9240,0.3.0,0,3,0,36
9241,0.1.6,0,1,6,18
9242,1.1.0,1,1,0,252
9243,0.1.6,0,1,6,18
9244,0.9.0,0,9,0,108
9245,0.1.6,0,1,6,18
9246,0.11.6,0,11,6,138
9247,0.3.0,0,3,0,36
9248,0.1.6,0,1,6,18
9249,0.9.0,0,9,0,108
9250,0.11.6,0,11,6,138
9251,2.3.0,2,3,0,516
9252,0.5.0,0,5,0,60
9253,0.3.0,0,3,0,36
9254,0.5.0,0,5,0,60
9255,0.5.0,0,5,0,60
9256,0.5.0,0,5,0,60
9257,1.1.0,1,1,0,252
9258,0.5.0,0,5,0,60
9259,2.12.6,2,12,6,630
9260,2.12.6,2,12,6,630
9261,2.12.6,2,12,6,630
9262,2.12.6,2,12,6,630
9263,1.1.0,1,1,0,252
9264,0.13.0,0,13,0,156
9265,0.9.0,0,9,0,108
9266,0.9.0,0,9,0,108
9267,0.5.0,0,5,0,60
9268,0.1.6,0,1,6,18
9269,0.5.0,0,5,0,60
9270,0.5.0,0,5,0,60
9271,0.5.0,0,5,0,60
9272,0.5.0,0,5,0,60
9273,0.9.0,0,9,0,108
9274,2.12.6,2,12,6,630
9275,0.9.0,0,9,0,108
9276,0.9.0,0,9,0,108
9277,0.9.0,0,9,0,108
9278,0.9.0,0,9,0,108
9279,0.5.0,0,5,0,60
9280,0.9.0,0,9,0,108
9281,0.5.0,0,5,0,60
9282,0.11.6,0,11,6,138
9283,0.3.0,0,3,0,36
9284,0.5.0,0,5,0,60
9285,0.1.6,0,1,6,18
9286,0.3.0,0,3,0,36
9287,4.6.0,4,6,0,1032
9288,0.5.0,0,5,0,60
9289,0.5.0,0,5,0,60
9290,0.5.0,0,5,0,60
9291,0.9.0,0,9,0,108
9292,0.9.0,0,9,0,108
9293,0.9.0,0,9,0,108
9294,6.0.0,6,0,0,1440
9295,0.5.0,0,5,0,60
9296,0.1.6,0,1,6,18
9297,0.5.0,0,5,0,60
9298,0.5.0,0,5,0,60
9299,0.9.0,0,9,0,108
9300,0.5.0,0,5,0,60
9301,0.5.0,0,5,0,60
9302,0.5.0,0,5,0,60
9303,0.3.0,0,3,0,36
9304,0.5.0,0,5,0,60
9305,0.5.0,0,5,0,60
9306,0.1.6,0,1,6,18
9307,0.5.0,0,5,0,60
9308,0.9.0,0,9,0,108
9309,0.5.0,0,5,0,60
9310,0.5.0,0,5,0,60
9311,0.9.0,0,9,0,108
9312,0.1.6,0,1,6,18
9313,0.5.0,0,5,0,60
9314,1.11.0,1,11,0,372
9315,0.5.0,0,5,0,60
9316,0.1.6,0,1,6,18
9317,0.5.0,0,5,0,60
9318,0.11.6,0,11,6,138
9319,0.5.0,0,5,0,60
9320,0.3.0,0,3,0,36
9321,0.1.6,0,1,6,18
9322,0.5.0,0,5,0,60
9323,0.9.0,0,9,0,108
9324,0.9.0,0,9,0,108
9325,1.4.0,1,4,0,288
9326,0.5.0,0,5,0,60
9327,0.5.0,0,5,0,60
9328,0.1.6,0,1,6,18
9329,0.5.0,0,5,0,60
9330,0.1.6,0,1,6,18
9331,0.5.0,0,5,0,60
9332,1.11.0,1,11,0,372
9333,0.1.6,0,1,6,18
9334,1.16.0,1,16,0,432
9335,0.1.6,0,1,6,18
9336,0.9.0,0,9,0,108
9337,0.5.0,0,5,0,60
9338,0.9.0,0,9,0,108
9339,1.1.0,1,1,0,252
9340,0.5.0,0,5,0,60
9341,0.12.0,0,12,0,144
9342,0.5.0,0,5,0,60
9343,0.1.6,0,1,6,18
9344,0.5.0,0,5,0,60
9345,0.5.0,0,5,0,60
9346,0.3.0,0,3,0,36
9347,0.1.6,0,1,6,18
9348,1.11.0,1,11,0,372
9349,0.1.6,0,1,6,18
9350,0.5.0,0,5,0,60
9351,0.5.0,0,5,0,60
9352,0.5.0,0,5,0,60
9353,0.9.0,0,9,0,108
9354,0.5.0,0,5,0,60
9355,0.3.0,0,3,0,36
9356,0.1.6,0,1,6,18
9357,0.1.6,0,1,6,18
9358,0.5.0,0,5,0,60
9359,0.1.6,0,1,6,18
9360,0.11.6,0,11,6,138
9361,0.5.0,0,5,0,60
9362,0.5.0,0,5,0,60
9363,0.9.0,0,9,0,108
9364,0.9.0,0,9,0,108
9365,0.5.0,0,5,0,60
9366,0.5.0,0,5,0,60
9367,0.3.0,0,3,0,36
9368,1.13.6,1,13,6,402
9369,0.1.6,0,1,6,18
9370,1.1.0,1,1,0,252
9371,0.9.0,0,9,0,108
9372,0.1.6,0,1,6,18
9373,0.12.0,0,12,0,144
9374,0.1.6,0,1,6,18
9375,0.9.0,0,9,0,108
9376,0.5.0,0,5,0,60
9377,0.1.6,0,1,6,18
9378,2.3.0,2,3,0,516
9379,0.14.0,0,14,0,168
9380,0.9.0,0,9,0,108
9381,0.5.0,0,5,0,60
9382,0.5.0,0,5,0,60
9383,0.12.0,0,12,0,144
9384,0.5.0,0,5,0,60
9385,0.5.0,0,5,0,60
9386,0.9.0,0,9,0,108
9387,2.12.6,2,12,6,630
9388,1.1.6,1,1,6,258
9389,2.3.0,2,3,0,516
9390,0.5.0,0,5,0,60
9391,0.3.0,0,3,0,36
9392,0.9.0,0,9,0,108
9393,0.9.0,0,9,0,108
9394,1.4.0,1,4,0,288
9395,2.12.6,2,12,6,630
9396,0.3.0,0,3,0,36
9397,2.3.0,2,3,0,516
9398,1.1.0,1,1,0,252
9399,0.5.0,0,5,0,60
9400,0.5.0,0,5,0,60
9401,0.1.6,0,1,6,18
9402,0.5.0,0,5,0,60
9403,0.5.0,0,5,0,60
9404,0.9.0,0,9,0,108
9405,0.9.0,0,9,0,108
9406,0.5.0,0,5,0,60
9407,0.9.0,0,9,0,108
9408,0.5.0,0,5,0,60
9409,0.1.6,0,1,6,18
9410,0.5.0,0,5,0,60
9411,2.3.0,2,3,0,516
9412,0.5.0,0,5,0,60
9413,0.9.0,0,9,0,108
9414,0.5.0,0,5,0,60
9415,0.5.0,0,5,0,60
9416,1.1.6,1,1,6,258
9417,0.9.0,0,9,0,108
9418,0.9.0,0,9,0,108
9419,0.19.0,0,19,0,228
9420,0.9.0,0,9,0,108
9421,2.3.0,2,3,0,516
9422,1.16.0,1,16,0,432
9423,0.5.0,0,5,0,60
9424,1.4.0,1,4,0,288
9425,2.3.0,2,3,0,516
9426,0.1.6,0,1,6,18
9427,0.1.6,0,1,6,18
9428,4.6.0,4,6,0,1032
9429,0.11.6,0,11,6,138
9430,0.5.0,0,5,0,60
9431,0.1.6,0,1,6,18
9432,0.5.0,0,5,0,60
9433,0.5.0,0,5,0,60
9434,0.5.0,0,5,0,60
9435,0.5.0,0,5,0,60
9436,2.15.0,2,15,0,660
9437,2.12.6,2,12,6,630
9438,0.5.0,0,5,0,60
9439,2.3.0,2,3,0,516
9440,0.5.0,0,5,0,60
9441,0.5.0,0,5,0,60
9442,0.3.0,0,3,0,36
9443,0.5.0,0,5,0,60
9444,0.1.6,0,1,6,18
9445,0.5.0,0,5,0,60
9446,0.5.0,0,5,0,60
9447,0.3.0,0,3,0,36
9448,0.1.6,0,1,6,18
9449,0.5.0,0,5,0,60
9450,0.9.0,0,9,0,108
9451,1.4.0,1,4,0,288
9452,3.0.0,3,0,0,720
9453,0.5.0,0,5,0,60
9454,1.1.0,1,1,0,252
9455,0.9.0,0,9,0,108
9456,1.16.0,1,16,0,432
9457,0.1.6,0,1,6,18
9458,0.5.0,0,5,0,60
9459,0.5.0,0,5,0,60
9460,0.3.0,0,3,0,36
9461,0.9.0,0,9,0,108
9462,0.5.0,0,5,0,60
9463,0.5.0,0,5,0,60
9464,0.1.6,0,1,6,18
9465,0.5.0,0,5,0,60
9466,0.9.0,0,9,0,108
9467,2.3.0,2,3,0,516
9468,1.1.6,1,1,6,258
9469,0.1.6,0,1,6,18
9470,0.9.0,0,9,0,108
9471,0.9.0,0,9,0,108
9472,1.1.0,1,1,0,252
9473,2.3.0,2,3,0,516
9474,1.1.0,1,1,0,252
9475,1.13.6,1,13,6,402
9476,0.5.0,0,5,0,60
9477,0.5.0,0,5,0,60
9478,0.9.0,0,9,0,108
9479,0.9.0,0,9,0,108
9480,0.9.0,0,9,0,108
9481,13.10.0,13,10,0,3240
9482,0.12.0,0,12,0,144
9483,0.3.0,0,3,0,36
9484,0.11.6,0,11,6,138
9485,0.1.6,0,1,6,18
9486,0.5.0,0,5,0,60
9487,0.14.0,0,14,0,168
9488,0.9.0,0,9,0,108
9489,0.9.0,0,9,0,108
9490,0.5.0,0,5,0,60
9491,0.1.6,0,1,6,18
9492,0.5.0,0,5,0,60
9493,0.5.0,0,5,0,60
9494,6.7.0,6,7,0,1524
9495,0.2.6,0,2,6,30
9496,0.1.6,0,1,6,18
9497,0.5.0,0,5,0,60
9498,0.1.6,0,1,6,18
9499,0.9.0,0,9,0,108
9500,0.5.0,0,5,0,60
9501,0.3.0,0,3,0,36
9502,0.3.0,0,3,0,36
9503,0.1.6,0,1,6,18
9504,0.1.6,0,1,6,18
9505,1.16.0,1,16,0,432
9506,0.1.6,0,1,6,18
9507,0.5.0,0,5,0,60
9508,0.5.0,0,5,0,60
9509,0.1.6,0,1,6,18
9510,0.3.0,0,3,0,36
9511,0.5.0,0,5,0,60
9512,0.1.6,0,1,6,18
9513,0.5.0,0,5,0,60
9514,0.5.0,0,5,0,60
9515,0.9.0,0,9,0,108
9516,0.9.0,0,9,0,108
9517,0.9.0,0,9,0,108
9518,1.16.0,1,16,0,432
9519,0.3.0,0,3,0,36
9520,0.1.6,0,1,6,18
9521,0.5.0,0,5,0,60
9522,0.9.0,0,9,0,108
9523,0.5.0,0,5,0,60
9524,1.16.0,1,16,0,432
9525,0.5.0,0,5,0,60
9526,1.4.0,1,4,0,288
9527,1.16.0,1,16,0,432
9528,0.1.6,0,1,6,18
9529,0.5.0,0,5,0,60
9530,0.5.0,0,5,0,60
9531,0.5.0,0,5,0,60
9532,0.9.0,0,9,0,108
9533,4.6.0,4,6,0,1032
9534,0.5.0,0,5,0,60
9535,0.9.0,0,9,0,108
9536,0.9.0,0,9,0,108
9537,1.4.0,1,4,0,288
9538,0.1.6,0,1,6,18
9539,0.5.0,0,5,0,60
9540,0.5.0,0,5,0,60
9541,2.3.0,2,3,0,516
9542,1.13.6,1,13,6,402
9543,0.12.0,0,12,0,144
9544,1.11.0,1,11,0,372
9545,0.5.0,0,5,0,60
9546,0.5.0,0,5,0,60
9547,0.5.0,0,5,0,60
9548,0.5.0,0,5,0,60
9549,4.6.0,4,6,0,1032
9550,2.3.0,2,3,0,516
9551,0.19.0,0,19,0,228
9552,0.5.0,0,5,0,60
9553,0.5.0,0,5,0,60
9554,0.1.6,0,1,6,18
9555,0.3.0,0,3,0,36
9556,1.16.0,1,16,0,432
9557,0.1.6,0,1,6,18
9558,0.5.0,0,5,0,60
9559,0.14.0,0,14,0,168
9560,0.3.0,0,3,0,36
9561,0.9.0,0,9,0,108
9562,1.16.0,1,16,0,432
9563,0.19.0,0,19,0,228
9564,0.5.0,0,5,0,60
9565,0.1.6,0,1,6,18
9566,0.9.0,0,9,0,108
9567,0.9.0,0,9,0,108
9568,1.1.0,1,1,0,252
9569,2.12.6,2,12,6,630
9570,0.5.0,0,5,0,60
9571,0.1.6,0,1,6,18
9572,0.1.6,0,1,6,18
9573,0.9.0,0,9,0,108
9574,0.5.0,0,5,0,60
9575,0.5.0,0,5,0,60
9576,0.5.0,0,5,0,60
9577,0.9.0,0,9,0,108
9578,0.1.6,0,1,6,18
9579,0.5.0,0,5,0,60
9580,1.1.0,1,1,0,252
9581,0.1.6,0,1,6,18
9582,0.5.0,0,5,0,60
9583,0.5.0,0,5,0,60
9584,0.5.0,0,5,0,60
9585,0.5.0,0,5,0,60
9586,1.1.0,1,1,0,252
9587,2.12.6,2,12,6,630
9588,0.5.0,0,5,0,60
9590,0.5.0,0,5,0,60
9591,0.5.0,0,5,0,60
9592,0.1.6,0,1,6,18
9593,0.1.6,0,1,6,18
9594,2.3.0,2,3,0,516
9595,0.9.0,0,9,0,108
9596,1.16.0,1,16,0,432
9597,1.1.0,1,1,0,252
9598,0.5.0,0,5,0,60
9599,0.5.0,0,5,0,60
9600,2.12.6,2,12,6,630
9601,2.12.6,2,12,6,630
9602,1.1.0,1,1,0,252
9603,0.9.0,0,9,0,108
9604,0.5.0,0,5,0,60
9605,0.5.0,0,5,0,60
9606,1.1.0,1,1,0,252
9607,2.3.0,2,3,0,516
9608,0.5.0,0,5,0,60
9609,0.5.0,0,5,0,60
9610,0.1.6,0,1,6,18
9611,0.5.0,0,5,0,60
9612,0.9.0,0,9,0,108
9613,0.9.0,0,9,0,108
9614,0.9.0,0,9,0,108
9615,1.11.0,1,11,0,372
9616,0.5.0,0,5,0,60
9617,0.5.0,0,5,0,60
9618,0.5.0,0,5,0,60
9619,0.1.6,0,1,6,18
9620,0.1.6,0,1,6,18
9621,2.3.0,2,3,0,516
9622,0.1.6,0,1,6,18
9623,0.5.0,0,5,0,60
9624,0.5.0,0,5,0,60
9625,0.9.0,0,9,0,108
9626,0.5.0,0,5,0,60
9627,0.5.0,0,5,0,60
9628,0.5.0,0,5,0,60
9629,0.5.0,0,5,0,60
9630,0.5.0,0,5,0,60
9631,0.9.0,0,9,0,108
9632,0.9.0,0,9,0,108
9633,0.9.0,0,9,0,108
9634,0.9.0,0,9,0,108
9635,0.9.0,0,9,0,108
9636,1.11.0,1,11,0,372
9637,0.5.0,0,5,0,60
9638,0.5.0,0,5,0,60
9639,1.4.0,1,4,0,288
9640,0.1.6,0,1,6,18
9641,0.5.0,0,5,0,60
9642,0.3.0,0,3,0,36
9643,0.9.0,0,9,0,108
9644,0.9.0,0,9,0,108
9645,0.9.0,0,9,0,108
9646,1.1.0,1,1,0,252
9647,0.5.0,0,5,0,60
9648,0.5.0,0,5,0,60
9649,0.5.0,0,5,0,60
9650,0.5.0,0,5,0,60
9651,0.5.0,0,5,0,60
9652,0.5.0,0,5,0,60
9653,0.1.6,0,1,6,18
9654,0.5.0,0,5,0,60
9655,1.16.0,1,16,0,432
9656,0.9.0,0,9,0,108
9657,2.3.0,2,3,0,516
9658,0.9.0,0,9,0,108
9659,0.1.6,0,1,6,18
9660,4.6.0,4,6,0,1032
9661,1.16.0,1,16,0,432
9662,0.1.6,0,1,6,18
9663,1.1.0,1,1,0,252
9664,4.6.0,4,6,0,1032
9665,0.9.0,0,9,0,108
9666,0.5.0,0,5,0,60
9667,9.0.0,9,0,0,2160
9668,2.12.6,2,12,6,630
9669,0.5.0,0,5,0,60
9670,2.14.0,2,14,0,648
9671,0.5.0,0,5,0,60
9672,0.1.6,0,1,6,18
9673,0.3.0,0,3,0,36
9674,0.5.0,0,5,0,60
9675,3.2.0,3,2,0,744
9676,1.16.0,1,16,0,432
9677,0.9.0,0,9,0,108
9678,0.9.0,0,9,0,108
9679,0.9.0,0,9,0,108
9680,2.12.6,2,12,6,630
9681,0.1.6,0,1,6,18
9682,3.2.0,3,2,0,744
9683,0.5.0,0,5,0,60
9684,0.5.0,0,5,0,60
9685,0.1.6,0,1,6,18
9686,1.6.0,1,6,0,312
9687,1.16.0,1,16,0,432
9688,0.5.0,0,5,0,60
9689,0.9.0,0,9,0,108
9690,0.9.0,0,9,0,108
9691,0.9.0,0,9,0,108
9692,0.9.0,0,9,0,108
9693,0.9.0,0,9,0,108
9694,0.5.0,0,5,0,60
9695,2.12.6,2,12,6,630
9696,2.12.6,2,12,6,630
9697,1.11.0,1,11,0,372
9698,2.3.0,2,3,0,516
9699,0.9.0,0,9,0,108
9700,0.9.0,0,9,0,108
9701,0.5.0,0,5,0,60
9702,0.1.6,0,1,6,18
9703,0.1.6,0,1,6,18
9704,0.1.6,0,1,6,18
9705,0.1.6,0,1,6,18
9706,0.1.6,0,1,6,18
9707,0.1.6,0,1,6,18
9708,0.5.0,0,5,0,60
9709,0.5.0,0,5,0,60
9710,0.9.0,0,9,0,108
9711,1.1.0,1,1,0,252
9712,1.11.0,1,11,0,372
9713,2.12.6,2,12,6,630
9714,1.1.0,1,1,0,252
9715,0.9.0,0,9,0,108
9716,0.1.6,0,1,6,18
9717,0.1.6,0,1,6,18
9718,0.5.0,0,5,0,60
9719,0.5.0,0,5,0,60
9720,1.4.0,1,4,0,288
9721,0.12.0,0,12,0,144
9722,0.5.0,0,5,0,60
9723,0.3.0,0,3,0,36
9724,0.5.0,0,5,0,60
9725,0.5.0,0,5,0,60
9726,0.9.0,0,9,0,108
9727,0.5.0,0,5,0,60
9728,0.1.6,0,1,6,18
9729,4.6.0,4,6,0,1032
9730,0.5.0,0,5,0,60
9731,0.1.6,0,1,6,18
9732,1.1.6,1,1,6,258
9733,0.5.0,0,5,0,60
9734,0.9.0,0,9,0,108
9735,0.9.0,0,9,0,108
9736,0.3.0,0,3,0,36
9737,0.5.0,0,5,0,60
9738,0.5.0,0,5,0,60
9739,1.13.6,1,13,6,402
9740,1.1.6,1,1,6,258
9741,0.1.6,0,1,6,18
9742,0.5.0,0,5,0,60
9743,0.5.0,0,5,0,60
9744,0.5.0,0,5,0,60
9745,0.9.0,0,9,0,108
9746,0.9.0,0,9,0,108
9747,2.3.0,2,3,0,516
9748,1.16.0,1,16,0,432
9749,0.1.6,0,1,6,18
9750,0.9.0,0,9,0,108
9751,0.5.0,0,5,0,60
9752,0.5.0,0,5,0,60
9753,0.5.0,0,5,0,60
9754,1.11.0,1,11,0,372
9755,0.3.0,0,3,0,36
9756,1.1.6,1,1,6,258
9757,2.3.0,2,3,0,516
9758,0.1.6,0,1,6,18
9759,0.5.0,0,5,0,60
9760,0.5.0,0,5,0,60
9761,1.11.0,1,11,0,372
9762,0.9.0,0,9,0,108
9763,1.4.0,1,4,0,288
9764,0.5.0,0,5,0,60
9765,1.4.0,1,4,0,288
9766,0.9.0,0,9,0,108
9767,0.5.0,0,5,0,60
9768,0.3.0,0,3,0,36
9769,0.3.0,0,3,0,36
9770,0.5.0,0,5,0,60
9771,4.6.0,4,6,0,1032
9772,0.5.0,0,5,0,60
9773,0.3.0,0,3,0,36
9774,0.3.0,0,3,0,36
9775,0.1.6,0,1,6,18
9776,3.2.0,3,2,0,744
9777,0.5.0,0,5,0,60
9778,0.5.0,0,5,0,60
9779,0.9.0,0,9,0,108
9780,0.3.0,0,3,0,36
9781,0.1.6,0,1,6,18
9782,0.5.0,0,5,0,60
9783,0.1.6,0,1,6,18
9784,0.9.0,0,9,0,108
9785,2.3.0,2,3,0,516
9786,0.9.0,0,9,0,108
9787,0.5.0,0,5,0,60
9788,0.1.6,0,1,6,18
9789,4.6.0,4,6,0,1032
9790,1.4.0,1,4,0,288
9791,0.9.0,0,9,0,108
9792,0.9.0,0,9,0,108
9793,0.9.0,0,9,0,108
9794,0.5.0,0,5,0,60
9795,0.1.6,0,1,6,18
9796,0.1.6,0,1,6,18
9797,0.3.0,0,3,0,36
9798,0.9.0,0,9,0,108
9799,0.5.0,0,5,0,60
9800,1.1.0,1,1,0,252
9801,1.1.0,1,1,0,252
9802,0.5.0,0,5,0,60
9803,2.12.6,2,12,6,630
9804,0.1.6,0,1,6,18
9805,1.4.0,1,4,0,288
9806,0.3.0,0,3,0,36
9807,0.3.0,0,3,0,36
9808,1.16.0,1,16,0,432
9809,0.3.0,0,3,0,36
9810,0.11.6,0,11,6,138
9811,0.9.0,0,9,0,108
9812,0.1.6,0,1,6,18
9813,3.0.0,3,0,0,720
9814,6.0.0,6,0,0,1440
9815,0.9.0,0,9,0,108
9816,0.5.0,0,5,0,60
9817,0.1.6,0,1,6,18
9818,0.1.6,0,1,6,18
9819,0.3.0,0,3,0,36
9820,0.9.0,0,9,0,108
9821,0.1.6,0,1,6,18
9822,0.5.0,0,5,0,60
9823,0.5.0,0,5,0,60
9824,0.1.6,0,1,6,18
9825,0.9.0,0,9,0,108
9826,1.16.0,1,16,0,432
9827,1.11.0,1,11,0,372
9828,1.1.0,1,1,0,252
9829,0.5.0,0,5,0,60
9830,0.5.0,0,5,0,60
9831,0.5.0,0,5,0,60
9832,0.5.0,0,5,0,60
9833,0.5.0,0,5,0,60
9834,0.5.0,0,5,0,60
9835,0.5.0,0,5,0,60
9836,2.12.6,2,12,6,630
9837,0.1.6,0,1,6,18
9838,0.1.6,0,1,6,18
9839,0.1.6,0,1,6,18
9840,0.9.0,0,9,0,108
9841,0.5.0,0,5,0,60
9842,0.5.0,0,5,0,60
9843,4.6.0,4,6,0,1032
9844,0.5.0,0,5,0,60
9845,0.5.0,0,5,0,60
9846,0.5.0,0,5,0,60
9847,2.12.6,2,12,6,630
9848,0.12.0,0,12,0,144
9849,0.5.0,0,5,0,60
9850,0.9.0,0,9,0,108
9851,0.5.0,0,5,0,60
9852,0.5.0,0,5,0,60
9853,1.13.6,1,13,6,402
9854,0.9.0,0,9,0,108
9855,0.9.0,0,9,0,108
9856,2.3.0,2,3,0,516
9857,2.3.0,2,3,0,516
9858,0.5.0,0,5,0,60
9859,0.9.0,0,9,0,108
9860,0.1.6,0,1,6,18
9861,0.5.0,0,5,0,60
9862,1.1.0,1,1,0,252
9863,0.5.0,0,5,0,60
9864,0.9.0,0,9,0,108
9865,0.5.0,0,5,0,60
9866,0.3.0,0,3,0,36
9867,0.9.0,0,9,0,108
9868,0.1.6,0,1,6,18
9869,0.1.6,0,1,6,18
9870,0.9.0,0,9,0,108
9871,1.13.0,1,13,0,396
9872,0.9.0,0,9,0,108
9873,0.5.0,0,5,0,60
9874,1.4.0,1,4,0,288
9875,1.1.0,1,1,0,252
9876,0.1.6,0,1,6,18
9877,0.1.6,0,1,6,18
9878,2.3.0,2,3,0,516
9879,0.5.0,0,5,0,60
9880,0.9.0,0,9,0,108
9881,0.9.0,0,9,0,108
9882,0.1.6,0,1,6,18
9883,0.14.0,0,14,0,168
9884,0.5.0,0,5,0,60
9885,0.5.0,0,5,0,60
9886,0.3.0,0,3,0,36
9887,0.3.0,0,3,0,36
9888,2.12.6,2,12,6,630
9889,0.5.0,0,5,0,60
9890,0.3.0,0,3,0,36
9891,0.1.6,0,1,6,18
9892,0.9.0,0,9,0,108
9893,0.11.6,0,11,6,138
9894,0.14.0,0,14,0,168
9895,0.12.0,0,12,0,144
9896,0.5.0,0,5,0,60
9898,0.5.0,0,5,0,60
9899,0.5.0,0,5,0,60
9900,1.16.0,1,16,0,432
9901,0.9.0,0,9,0,108
9902,0.9.0,0,9,0,108
9903,4.6.0,4,6,0,1032
9904,1.4.0,1,4,0,288
9905,0.12.0,0,12,0,144
9906,0.1.6,0,1,6,18
9907,0.1.6,0,1,6,18
9908,0.5.0,0,5,0,60
9909,0.5.0,0,5,0,60
9910,2.3.0,2,3,0,516
9911,0.9.0,0,9,0,108
9912,0.5.0,0,5,0,60
9913,0.5.0,0,5,0,60
9914,0.5.0,0,5,0,60
9915,0.5.0,0,5,0,60
9916,2.12.6,2,12,6,630
9917,0.9.0,0,9,0,108
9918,0.3.0,0,3,0,36
9919,0.5.0,0,5,0,60
9920,0.5.0,0,5,0,60
9921,0.5.0,0,5,0,60
9922,0.9.0,0,9,0,108
9923,0.9.0,0,9,0,108
9924,0.12.0,0,12,0,144
9925,0.5.0,0,5,0,60
9926,0.5.0,0,5,0,60
9927,0.9.0,0,9,0,108
9928,4.6.0,4,6,0,1032
9929,1.16.0,1,16,0,432
9930,2.3.0,2,3,0,516
9931,1.1.0,1,1,0,252
9932,0.9.0,0,9,0,108
9933,0.5.0,0,5,0,60
9934,0.5.0,0,5,0,60
9935,0.9.0,0,9,0,108
9936,0.5.0,0,5,0,60
9937,9.15.0,9,15,0,2340
9938,2.12.6,2,12,6,630
9939,0.3.0,0,3,0,36
9940,0.5.0,0,5,0,60
9941,0.12.0,0,12,0,144
9942,1.1.0,1,1,0,252
9943,0.7.6,0,7,6,90
9944,0.5.0,0,5,0,60
9945,0.5.0,0,5,0,60
9946,0.5.0,0,5,0,60
9947,1.1.6,1,1,6,258
9948,0.9.0,0,9,0,108
9949,0.9.0,0,9,0,108
9950,0.3.0,0,3,0,36
9951,0.12.0,0,12,0,144
9952,0.3.0,0,3,0,36
9953,0.1.6,0,1,6,18
9954,0.9.0,0,9,0,108
9955,0.9.0,0,9,0,108
9956,0.9.0,0,9,0,108
9957,0.5.0,0,5,0,60
9958,0.9.0,0,9,0,108
9959,0.5.0,0,5,0,60
9960,0.9.0,0,9,0,108
9961,0.5.0,0,5,0,60
9962,0.3.0,0,3,0,36
9963,0.5.0,0,5,0,60
9964,0.9.0,0,9,0,108
9965,0.9.0,0,9,0,108
9966,1.16.0,1,16,0,432
9967,0.9.0,0,9,0,108
9968,0.1.6,0,1,6,18
9969,0.9.0,0,9,0,108
9970,0.9.0,0,9,0,108
9971,0.9.0,0,9,0,108
9972,0.5.0,0,5,0,60
9973,0.1.6,0,1,6,18
9974,2.3.0,2,3,0,516
9975,0.1.6,0,1,6,18
9976,1.13.6,1,13,6,402
9977,0.5.0,0,5,0,60
9978,0.11.6,0,11,6,138
9979,0.5.0,0,5,0,60
9980,0.1.6,0,1,6,18
9981,0.5.0,0,5,0,60
9982,0.9.0,0,9,0,108
9983,0.1.6,0,1,6,18
9984,2.3.0,2,3,0,516
9985,0.1.6,0,1,6,18
9986,0.5.0,0,5,0,60
9987,0.1.6,0,1,6,18
9988,1.6.0,1,6,0,312
9989,1.6.0,1,6,0,312
9990,0.5.0,0,5,0,60
9991,1.16.0,1,16,0,432
9992,0.1.6,0,1,6,18
9993,1.1.0,1,1,0,252
9994,0.19.0,0,19,0,228
9995,0.1.6,0,1,6,18
9999,0.5.0,0,5,0,60
10000,0.5.0,0,5,0,60
10001,0.3.0,0,3,0,36
10002,2.3.0,2,3,0,516
10003,0.5.0,0,5,0,60
10004,0.5.0,0,5,0,60
10005,0.5.0,0,5,0,60
10006,0.19.0,0,19,0,228
10007,2.12.6,2,12,6,630
10008,0.3.0,0,3,0,36
10009,0.5.0,0,5,0,60
10010,0.5.0,0,5,0,60
10011,0.3.0,0,3,0,36
10012,0.5.0,0,5,0,60
10013,0.5.0,0,5,0,60
10014,0.5.0,0,5,0,60
10015,0.9.0,0,9,0,108
10016,2.3.0,2,3,0,516
10017,0.12.0,0,12,0,144
10018,0.3.0,0,3,0,36
10019,0.9.0,0,9,0,108
10020,1.16.0,1,16,0,432
10021,0.5.0,0,5,0,60
10022,0.5.0,0,5,0,60
10023,0.5.0,0,5,0,60
10024,0.9.0,0,9,0,108
10025,0.12.0,0,12,0,144
10026,2.12.6,2,12,6,630
10027,0.5.0,0,5,0,60
10028,0.5.0,0,5,0,60
10029,0.5.0,0,5,0,60
10030,1.4.0,1,4,0,288
10031,0.12.0,0,12,0,144
10032,0.12.0,0,12,0,144
10033,0.1.6,0,1,6,18
10034,0.3.0,0,3,0,36
10035,0.9.0,0,9,0,108
10036,0.1.6,0,1,6,18
10037,0.9.0,0,9,0,108
10038,1.1.0,1,1,0,252
10039,0.5.0,0,5,0,60
10040,0.5.0,0,5,0,60
10041,0.5.0,0,5,0,60
10042,0.3.0,0,3,0,36
10043,0.1.6,0,1,6,18
10044,0.5.0,0,5,0,60
10045,0.1.6,0,1,6,18
10046,0.9.0,0,9,0,108
10047,0.5.0,0,5,0,60
10048,0.1.6,0,1,6,18
10049,0.1.6,0,1,6,18
10050,0.1.6,0,1,6,18
10051,0.1.6,0,1,6,18
10052,0.5.0,0,5,0,60
10053,0.9.0,0,9,0,108
10054,1.1.0,1,1,0,252
10055,0.1.6,0,1,6,18
10056,0.5.0,0,5,0,60
10057,0.1.6,0,1,6,18
10058,1.16.0,1,16,0,432
10059,0.9.0,0,9,0,108
10060,0.5.0,0,5,0,60
10061,0.9.0,0,9,0,108
10062,0.9.0,0,9,0,108
10063,4.6.0,4,6,0,1032
10064,0.1.6,0,1,6,18
10065,0.9.0,0,9,0,108
10066,1.16.0,1,16,0,432
10067,1.11.0,1,11,0,372
10068,0.9.0,0,9,0,108
10069,0.19.0,0,19,0,228
10070,0.9.0,0,9,0,108
10071,0.9.0,0,9,0,108
10072,4.6.0,4,6,0,1032
10073,0.1.6,0,1,6,18
10074,0.5.0,0,5,0,60
10075,1.3.0,1,3,0,276
10076,0.3.0,0,3,0,36
10077,0.1.6,0,1,6,18
10078,0.5.0,0,5,0,60
10079,0.5.0,0,5,0,60
10080,0.5.0,0,5,0,60
10081,0.5.0,0,5,0,60
10082,2.12.6,2,12,6,630
10083,0.1.6,0,1,6,18
10084,0.1.6,0,1,6,18
10085,2.3.0,2,3,0,516
10086,0.14.0,0,14,0,168
10087,0.5.0,0,5,0,60
10088,4.6.0,4,6,0,1032
10089,0.1.6,0,1,6,18
10090,0.9.0,0,9,0,108
10091,0.9.0,0,9,0,108
10092,1.1.0,1,1,0,252
10093,0.5.0,0,5,0,60
10094,0.9.0,0,9,0,108
10095,4.6.0,4,6,0,1032
10096,0.1.6,0,1,6,18
10097,0.9.0,0,9,0,108
10098,0.3.0,0,3,0,36
10099,0.5.0,0,5,0,60
10100,0.5.0,0,5,0,60
10101,0.5.0,0,5,0,60
10102,0.9.0,0,9,0,108
10103,0.9.0,0,9,0,108
10104,1.1.6,1,1,6,258
10105,1.4.0,1,4,0,288
10106,0.5.0,0,5,0,60
10107,0.9.0,0,9,0,108
10108,0.9.0,0,9,0,108
10109,0.5.0,0,5,0,60
10110,0.1.6,0,1,6,18
10111,0.1.6,0,1,6,18
10112,1.4.0,1,4,0,288
10113,0.1.6,0,1,6,18
10114,0.5.0,0,5,0,60
10115,0.9.0,0,9,0,108
10116,0.9.0,0,9,0,108
10117,0.9.0,0,9,0,108
10118,1.1.0,1,1,0,252
10119,0.1.6,0,1,6,18
10120,1.1.6,1,1,6,258
10121,0.1.6,0,1,6,18
10122,0.1.6,0,1,6,18
10123,1.13.6,1,13,6,402
10124,0.3.0,0,3,0,36
10125,0.5.0,0,5,0,60
10126,0.9.0,0,9,0,108
10127,0.9.0,0,9,0,108
10128,0.9.0,0,9,0,108
10129,0.5.0,0,5,0,60
10130,1.1.0,1,1,0,252
10131,0.5.0,0,5,0,60
10132,0.5.0,0,5,0,60
10133,0.3.0,0,3,0,36
10134,1.16.0,1,16,0,432
10135,0.9.0,0,9,0,108
10136,0.5.0,0,5,0,60
10137,0.9.0,0,9,0,108
10138,0.9.0,0,9,0,108
10139,0.1.6,0,1,6,18
10140,0.5.0,0,5,0,60
10141,1.1.6,1,1,6,258
10142,0.3.0,0,3,0,36
10143,0.5.0,0,5,0,60
10144,0.9.0,0,9,0,108
10145,1.1.6,1,1,6,258
10146,0.9.0,0,9,0,108
10147,0.1.6,0,1,6,18
10148,0.1.6,0,1,6,18
10149,0.3.0,0,3,0,36
10150,0.9.0,0,9,0,108
10151,0.9.0,0,9,0,108
10152,0.9.0,0,9,0,108
10153,2.12.6,2,12,6,630
10154,2.12.6,2,12,6,630
10155,0.9.0,0,9,0,108
10156,1.13.6,1,13,6,402
10157,0.5.0,0,5,0,60
10158,0.5.0,0,5,0,60
10159,0.1.6,0,1,6,18
10160,0.9.0,0,9,0,108
10161,0.1.6,0,1,6,18
10162,1.13.6,1,13,6,402
10163,1.3.6,1,3,6,282
10164,0.5.0,0,5,0,60
10165,0.5.0,0,5,0,60
10166,0.5.0,0,5,0,60
10167,0.9.0,0,9,0,108
10168,0.9.0,0,9,0,108
10169,0.1.6,0,1,6,18
10170,2.3.0,2,3,0,516
10171,1.13.0,1,13,0,396
10172,1.1.0,1,1,0,252
10173,0.3.0,0,3,0,36
10174,0.9.0,0,9,0,108
10175,4.6.0,4,6,0,1032
10176,0.5.0,0,5,0,60
10177,0.11.6,0,11,6,138
10178,1.13.6,1,13,6,402
10179,0.5.0,0,5,0,60
10180,0.5.0,0,5,0,60
10181,0.5.0,0,5,0,60
10182,0.9.0,0,9,0,108
10184,0.19.0,0,19,0,228
10185,0.5.0,0,5,0,60
10186,0.1.6,0,1,6,18
10187,0.5.0,0,5,0,60
10188,1.16.0,1,16,0,432
10189,0.9.0,0,9,0,108
10190,0.5.0,0,5,0,60
10191,0.5.0,0,5,0,60
10192,2.3.0,2,3,0,516
10193,0.5.0,0,5,0,60
10194,0.9.0,0,9,0,108
10195,0.9.0,0,9,0,108
10196,1.0.0,1,0,0,240
10197,0.1.6,0,1,6,18
10198,0.5.0,0,5,0,60
10199,0.5.0,0,5,0,60
10200,0.9.0,0,9,0,108
10201,1.16.0,1,16,0,432
10202,2.3.0,2,3,0,516
10203,9.15.0,9,15,0,2340
10204,1.16.0,1,16,0,432
10205,0.9.0,0,9,0,108
10206,0.9.0,0,9,0,108
10207,1.1.0,1,1,0,252
10208,0.9.0,0,9,0,108
10209,0.9.0,0,9,0,108
10210,0.5.0,0,5,0,60
10211,0.1.6,0,1,6,18
10212,0.5.0,0,5,0,60
10213,0.5.0,0,5,0,60
10214,0.9.0,0,9,0,108
10215,0.5.0,0,5,0,60
10216,0.5.0,0,5,0,60
10217,0.9.0,0,9,0,108
10218,2.3.0,2,3,0,516
10219,6.15.0,6,15,0,1620
10220,0.5.0,0,5,0,60
10221,0.9.0,0,9,0,108
10222,0.9.0,0,9,0,108
10223,0.9.0,0,9,0,108
10224,0.9.0,0,9,0,108
10225,0.5.0,0,5,0,60
10226,0.5.0,0,5,0,60
10227,0.5.0,0,5,0,60
10228,0.5.0,0,5,0,60
10229,0.5.0,0,5,0,60
10230,0.5.0,0,5,0,60
10231,0.9.0,0,9,0,108
10232,0.5.0,0,5,0,60
10233,0.1.6,0,1,6,18
10234,0.5.0,0,5,0,60
10235,1.16.0,1,16,0,432
10236,0.5.0,0,5,0,60
10237,0.9.0,0,9,0,108
10238,0.9.0,0,9,0,108
10239,1.16.0,1,16,0,432
10240,1.13.6,1,13,6,402
10241,2.12.6,2,12,6,630
10242,0.5.0,0,5,0,60
10243,0.9.0,0,9,0,108
10244,0.5.0,0,5,0,60
10245,0.1.6,0,1,6,18
10246,0.1.6,0,1,6,18
10247,0.9.0,0,9,0,108
10248,0.5.0,0,5,0,60
10249,2.12.6,2,12,6,630
10250,2.12.6,2,12,6,630
10251,0.1.6,0,1,6,18
10252,0.5.0,0,5,0,60
10253,1.16.0,1,16,0,432
10254,0.1.6,0,1,6,18
10255,0.1.6,0,1,6,18
10256,0.1.6,0,1,6,18
10257,0.1.6,0,1,6,18
10258,0.5.0,0,5,0,60
10259,0.5.0,0,5,0,60
10260,0.9.0,0,9,0,108
10261,1.6.0,1,6,0,312
10262,0.5.0,0,5,0,60
10263,1.1.0,1,1,0,252
10264,0.1.6,0,1,6,18
10265,0.1.6,0,1,6,18
10266,2.3.0,2,3,0,516
10267,0.9.0,0,9,0,108
10268,0.1.6,0,1,6,18
10269,0.5.0,0,5,0,60
10270,4.6.0,4,6,0,1032
10271,6.15.0,6,15,0,1620
10272,2.12.6,2,12,6,630
10273,0.5.0,0,5,0,60
10274,0.9.0,0,9,0,108
10275,4.6.0,4,6,0,1032
10276,1.4.0,1,4,0,288
10277,2.3.0,2,3,0,516
10278,0.1.6,0,1,6,18
10279,0.1.6,0,1,6,18
10280,0.19.0,0,19,0,228
10281,0.5.0,0,5,0,60
10282,0.9.0,0,9,0,108
10283,0.12.0,0,12,0,144
10284,0.1.6,0,1,6,18
10285,0.5.0,0,5,0,60
10286,0.5.0,0,5,0,60
10287,0.5.0,0,5,0,60
10288,1.1.6,1,1,6,258
10289,0.1.6,0,1,6,18
10290,0.5.0,0,5,0,60
10291,4.6.0,4,6,0,1032
10292,0.1.6,0,1,6,18
10293,1.3.6,1,3,6,282
10294,0.9.0,0,9,0,108
10295,0.5.0,0,5,0,60
10296,0.1.6,0,1,6,18
10297,0.1.6,0,1,6,18
10298,0.1.6,0,1,6,18
10299,2.3.0,2,3,0,516
10300,0.1.6,0,1,6,18
10301,0.3.0,0,3,0,36
10302,0.1.6,0,1,6,18
10303,0.5.0,0,5,0,60
10304,0.9.0,0,9,0,108
10305,0.1.6,0,1,6,18
10306,0.9.0,0,9,0,108
10307,0.1.6,0,1,6,18
10308,0.9.0,0,9,0,108
10309,0.11.6,0,11,6,138
10310,0.3.0,0,3,0,36
10311,2.3.0,2,3,0,516
10312,1.11.0,1,11,0,372
10313,0.9.0,0,9,0,108
10314,0.5.0,0,5,0,60
10315,0.9.0,0,9,0,108
10316,0.5.0,0,5,0,60
10317,0.9.0,0,9,0,108
10318,0.9.0,0,9,0,108
10319,0.9.0,0,9,0,108
10320,0.5.0,0,5,0,60
10321,0.1.6,0,1,6,18
10322,1.16.0,1,16,0,432
10323,2.3.0,2,3,0,516
10324,0.9.0,0,9,0,108
10325,0.9.0,0,9,0,108
10326,0.1.6,0,1,6,18
10327,0.3.0,0,3,0,36
10328,0.5.0,0,5,0,60
10329,1.4.0,1,4,0,288
10330,1.16.0,1,16,0,432
10331,0.1.6,0,1,6,18
10332,0.1.6,0,1,6,18
10333,0.3.0,0,3,0,36
10334,0.5.0,0,5,0,60
10335,0.5.0,0,5,0,60
10336,1.1.0,1,1,0,252
10337,0.5.0,0,5,0,60
10338,1.3.6,1,3,6,282
10339,1.4.0,1,4,0,288
10340,2.15.0,2,15,0,660
10341,3.2.0,3,2,0,744
10342,3.2.0,3,2,0,744
10343,4.6.0,4,6,0,1032
10344,0.11.6,0,11,6,138
10345,2.3.0,2,3,0,516
10346,1.17.0,1,17,0,444
10347,0.5.0,0,5,0,60
10348,0.5.0,0,5,0,60
10349,1.16.0,1,16,0,432
10350,0.3.0,0,3,0,36
10351,0.5.0,0,5,0,60
10352,0.5.0,0,5,0,60
10353,0.5.0,0,5,0,60
10354,0.1.6,0,1,6,18
10355,3.0.0,3,0,0,720
10356,1.1.0,1,1,0,252
10357,0.9.0,0,9,0,108
10358,0.1.6,0,1,6,18
10359,0.5.0,0,5,0,60
10360,1.1.0,1,1,0,252
10361,0.9.0,0,9,0,108
10362,0.5.0,0,5,0,60
10363,0.5.0,0,5,0,60
10364,0.1.6,0,1,6,18
10365,0.1.6,0,1,6,18
10366,0.5.0,0,5,0,60
10367,0.5.0,0,5,0,60
10368,1.16.0,1,16,0,432
10369,0.19.0,0,19,0,228
10370,1.4.0,1,4,0,288
10371,0.3.0,0,3,0,36
10372,0.9.0,0,9,0,108
10373,0.5.0,0,5,0,60
10374,0.5.0,0,5,0,60
10375,1.1.0,1,1,0,252
10376,0.1.6,0,1,6,18
10377,3.2.0,3,2,0,744
10378,0.5.0,0,5,0,60
10379,0.3.0,0,3,0,36
10380,0.5.0,0,5,0,60
10381,1.4.0,1,4,0,288
10382,0.5.0,0,5,0,60
10383,0.14.0,0,14,0,168
10384,0.1.6,0,1,6,18
10385,1.16.0,1,16,0,432
10386,1.1.0,1,1,0,252
10387,0.1.6,0,1,6,18
10388,0.1.6,0,1,6,18
10389,0.5.0,0,5,0,60
10390,0.5.0,0,5,0,60
10391,0.5.0,0,5,0,60
10392,0.5.0,0,5,0,60
10393,2.12.6,2,12,6,630
10394,0.3.0,0,3,0,36
10395,0.1.6,0,1,6,18
10396,0.5.0,0,5,0,60
10397,2.3.0,2,3,0,516
10398,1.3.6,1,3,6,282
10399,9.15.0,9,15,0,2340
10400,2.12.6,2,12,6,630
10401,0.1.6,0,1,6,18
10402,1.11.0,1,11,0,372
10403,1.3.0,1,3,0,276
10404,1.16.0,1,16,0,432
10405,0.9.0,0,9,0,108
10406,0.12.0,0,12,0,144
10407,0.9.0,0,9,0,108
10408,2.12.6,2,12,6,630
10409,0.5.0,0,5,0,60
10410,1.16.0,1,16,0,432
10411,0.11.6,0,11,6,138
10412,0.12.0,0,12,0,144
10413,0.1.6,0,1,6,18
10414,2.3.0,2,3,0,516
10415,0.9.0,0,9,0,108
10416,0.5.0,0,5,0,60
10417,0.1.6,0,1,6,18
10418,1.1.6,1,1,6,258
10419,0.1.6,0,1,6,18
10420,0.1.6,0,1,6,18
10421,0.3.0,0,3,0,36
10422,0.1.6,0,1,6,18
10423,0.5.0,0,5,0,60
10424,0.9.0,0,9,0,108
10425,0.9.0,0,9,0,108
10426,2.14.0,2,14,0,648
10427,0.1.6,0,1,6,18
10428,0.5.0,0,5,0,60
10429,0.9.0,0,9,0,108
10430,0.1.6,0,1,6,18
10431,0.1.6,0,1,6,18
10432,0.1.6,0,1,6,18
10433,0.5.0,0,5,0,60
10434,0.3.0,0,3,0,36
10435,0.1.6,0,1,6,18
10436,0.1.6,0,1,6,18
10437,2.12.6,2,12,6,630
10438,0.5.0,0,5,0,60
10439,0.9.0,0,9,0,108
10440,3.2.0,3,2,0,744
10441,0.1.6,0,1,6,18
10442,0.1.6,0,1,6,18
10443,1.4.0,1,4,0,288
10444,1.16.0,1,16,0,432
10445,0.1.6,0,1,6,18
10446,0.9.0,0,9,0,108
10447,0.9.0,0,9,0,108
10448,0.5.0,0,5,0,60
10449,0.3.0,0,3,0,36
10450,0.5.0,0,5,0,60
10451,0.9.0,0,9,0,108
10452,2.3.0,2,3,0,516
10453,1.1.0,1,1,0,252
10454,0.3.0,0,3,0,36
10455,0.9.0,0,9,0,108
10456,2.3.0,2,3,0,516
10457,0.1.6,0,1,6,18
10458,1.11.0,1,11,0,372
10459,1.11.0,1,11,0,372
10460,0.5.0,0,5,0,60
10461,4.6.0,4,6,0,1032
10462,1.13.6,1,13,6,402
10463,2.12.6,2,12,6,630
10464,0.1.6,0,1,6,18
10465,0.5.0,0,5,0,60
10466,0.9.0,0,9,0,108
10467,1.16.0,1,16,0,432
10468,0.5.0,0,5,0,60
10469,0.9.0,0,9,0,108
10470,0.9.0,0,9,0,108
10471,0.5.0,0,5,0,60
10472,0.9.0,0,9,0,108
10473,0.5.0,0,5,0,60
10474,2.12.6,2,12,6,630
10475,1.1.0,1,1,0,252
10476,0.1.6,0,1,6,18
10477,0.11.6,0,11,6,138
10478,0.11.6,0,11,6,138
10479,0.9.0,0,9,0,108
10480,1.4.0,1,4,0,288
10481,0.9.0,0,9,0,108
10482,1.11.0,1,11,0,372
10483,0.5.0,0,5,0,60
10484,0.5.0,0,5,0,60
10485,0.1.6,0,1,6,18
10486,1.3.6,1,3,6,282
10487,1.16.0,1,16,0,432
10488,0.5.0,0,5,0,60
10489,0.5.0,0,5,0,60
10490,0.1.6,0,1,6,18
10491,0.5.0,0,5,0,60
10492,0.1.6,0,1,6,18
10493,0.1.6,0,1,6,18
10494,1.16.0,1,16,0,432
10495,1.6.0,1,6,0,312
10496,0.5.0,0,5,0,60
10497,1.6.0,1,6,0,312
10498,0.3.0,0,3,0,36
10499,4.6.0,4,6,0,1032
10500,0.5.0,0,5,0,60
10501,0.5.0,0,5,0,60
10502,0.5.0,0,5,0,60
10503,1.1.0,1,1,0,252
10504,2.12.6,2,12,6,630
10505,0.5.0,0,5,0,60
10506,0.9.0,0,9,0,108
10507,0.9.0,0,9,0,108
10508,0.3.0,0,3,0,36
10509,2.3.0,2,3,0,516
10510,0.9.0,0,9,0,108
10511,0.5.0,0,5,0,60
10512,0.5.0,0,5,0,60
10513,0.5.0,0,5,0,60
10514,0.5.0,0,5,0,60
10515,0.5.0,0,5,0,60
10516,0.9.0,0,9,0,108
10517,0.9.0,0,9,0,108
10518,1.10.0,1,10,0,360
10519,0.1.6,0,1,6,18
10520,0.1.6,0,1,6,18
10521,0.1.6,0,1,6,18
10522,0.5.0,0,5,0,60
10523,0.9.0,0,9,0,108
10524,0.5.0,0,5,0,60
10525,0.5.0,0,5,0,60
10526,0.5.0,0,5,0,60
10527,0.5.0,0,5,0,60
10528,0.9.0,0,9,0,108
10529,0.1.6,0,1,6,18
10530,1.1.6,1,1,6,258
10531,0.5.0,0,5,0,60
10532,0.5.0,0,5,0,60
10533,0.1.6,0,1,6,18
10534,4.6.0,4,6,0,1032
10535,1.1.6,1,1,6,258
10536,0.5.0,0,5,0,60
10537,0.5.0,0,5,0,60
10538,0.14.0,0,14,0,168
10539,0.9.0,0,9,0,108
10540,0.1.6,0,1,6,18
10541,0.5.0,0,5,0,60
10542,0.9.0,0,9,0,108
10543,0.9.0,0,9,0,108
10544,0.1.6,0,1,6,18
10545,0.9.0,0,9,0,108
10546,1.6.0,1,6,0,312
10547,0.9.0,0,9,0,108
10548,0.3.0,0,3,0,36
10549,0.9.0,0,9,0,108
10550,0.5.0,0,5,0,60
10551,0.9.0,0,9,0,108
10552,0.3.0,0,3,0,36
10553,0.5.0,0,5,0,60
10554,0.9.0,0,9,0,108
10555,1.1.6,1,1,6,258
10556,1.11.0,1,11,0,372
10557,1.4.0,1,4,0,288
10558,0.9.0,0,9,0,108
10559,1.1.0,1,1,0,252
10560,0.1.6,0,1,6,18
10561,0.9.0,0,9,0,108
10562,0.1.6,0,1,6,18
10563,1.1.0,1,1,0,252
10564,0.5.0,0,5,0,60
10565,0.5.0,0,5,0,60
10566,0.12.0,0,12,0,144
10567,4.6.0,4,6,0,1032
10568,2.3.0,2,3,0,516
10569,0.5.0,0,5,0,60
10570,0.5.0,0,5,0,60
10571,0.5.0,0,5,0,60
10572,0.1.6,0,1,6,18
10573,2.12.6,2,12,6,630
10574,0.5.0,0,5,0,60
10575,0.7.6,0,7,6,90
10576,0.5.0,0,5,0,60
10577,0.5.0,0,5,0,60
10578,0.5.0,0,5,0,60
10579,0.1.6,0,1,6,18
10580,0.5.0,0,5,0,60
10581,0.9.0,0,9,0,108
10582,0.5.0,0,5,0,60
10583,2.12.6,2,12,6,630
10584,0.1.6,0,1,6,18
10585,0.5.0,0,5,0,60
10586,0.9.0,0,9,0,108
10587,0.5.0,0,5,0,60
10588,0.1.6,0,1,6,18
10589,4.6.0,4,6,0,1032
10590,2.3.0,2,3,0,516
10591,0.1.6,0,1,6,18
10592,0.1.6,0,1,6,18
10593,0.5.0,0,5,0,60
10594,0.5.0,0,5,0,60
10595,2.15.0,2,15,0,660
10596,0.5.0,0,5,0,60
10597,0.5.0,0,5,0,60
10598,0.5.0,0,5,0,60
10599,0.9.0,0,9,0,108
10600,0.1.6,0,1,6,18
10601,0.1.6,0,1,6,18
10602,0.5.0,0,5,0,60
10603,0.9.0,0,9,0,108
10604,0.5.0,0,5,0,60
10605,0.1.6,0,1,6,18
10606,0.5.0,0,5,0,60
10607,0.1.6,0,1,6,18
10608,0.9.0,0,9,0,108
10609,4.6.0,4,6,0,1032
10610,0.9.0,0,9,0,108
10611,0.9.0,0,9,0,108
10612,0.5.0,0,5,0,60
10613,1.1.0,1,1,0,252
10614,4.6.0,4,6,0,1032
10615,0.1.6,0,1,6,18
10616,4.6.0,4,6,0,1032
10617,0.19.0,0,19,0,228
10618,1.1.6,1,1,6,258
10619,0.9.0,0,9,0,108
10620,0.5.0,0,5,0,60
10621,0.5.0,0,5,0,60
10622,0.3.0,0,3,0,36
10623,0.5.0,0,5,0,60
10624,0.9.0,0,9,0,108
10625,0.1.6,0,1,6,18
10626,0.3.0,0,3,0,36
10627,0.3.0,0,3,0,36
10628,0.1.6,0,1,6,18
10629,0.5.0,0,5,0,60
10630,0.5.0,0,5,0,60
10631,0.3.0,0,3,0,36
10632,0.9.0,0,9,0,108
10633,2.14.0,2,14,0,648
10634,0.1.6,0,1,6,18
10635,0.5.0,0,5,0,60
10636,0.9.0,0,9,0,108
10637,0.9.0,0,9,0,108
10638,0.5.0,0,5,0,60
10639,1.1.0,1,1,0,252
10640,1.4.0,1,4,0,288
10641,0.9.0,0,9,0,108
10642,0.5.0,0,5,0,60
10643,0.1.6,0,1,6,18
10644,0.9.0,0,9,0,108
10645,0.5.0,0,5,0,60
10646,0.5.0,0,5,0,60
10647,0.5.0,0,5,0,60
10648,0.5.0,0,5,0,60
10649,0.9.0,0,9,0,108
10650,0.9.0,0,9,0,108
10651,1.1.0,1,1,0,252
10652,0.5.0,0,5,0,60
10653,0.5.0,0,5,0,60
10654,0.3.0,0,3,0,36
10655,2.3.0,2,3,0,516
10656,0.5.0,0,5,0,60
10657,0.5.0,0,5,0,60
10658,1.1.0,1,1,0,252
10659,0.5.0,0,5,0,60
10660,0.5.0,0,5,0,60
10661,2.3.0,2,3,0,516
10662,6.0.0,6,0,0,1440
10663,2.12.6,2,12,6,630
10664,2.12.6,2,12,6,630
10665,1.1.0,1,1,0,252
10666,0.5.0,0,5,0,60
10667,0.5.0,0,5,0,60
10668,0.1.6,0,1,6,18
10669,0.5.0,0,5,0,60
10670,0.1.6,0,1,6,18
10671,0.5.0,0,5,0,60
10672,0.9.0,0,9,0,108
10673,0.1.6,0,1,6,18
10674,0.9.0,0,9,0,108
10675,0.9.0,0,9,0,108
10676,0.9.0,0,9,0,108
10677,0.9.0,0,9,0,108
10678,2.12.6,2,12,6,630
10679,0.9.0,0,9,0,108
10680,1.16.0,1,16,0,432
10681,0.5.0,0,5,0,60
10682,0.9.0,0,9,0,108
10683,0.5.0,0,5,0,60
10684,0.1.6,0,1,6,18
10685,0.9.0,0,9,0,108
10686,0.9.0,0,9,0,108
10687,0.9.0,0,9,0,108
10688,0.1.6,0,1,6,18
10689,0.1.6,0,1,6,18
10690,0.5.0,0,5,0,60
10691,0.3.0,0,3,0,36
10692,0.5.0,0,5,0,60
10693,0.5.0,0,5,0,60
10694,0.5.0,0,5,0,60
10695,0.5.0,0,5,0,60
10696,0.5.0,0,5,0,60
10697,0.5.0,0,5,0,60
10698,1.1.0,1,1,0,252
10699,0.9.0,0,9,0,108
10700,0.9.0,0,9,0,108
10701,0.5.0,0,5,0,60
10702,1.1.6,1,1,6,258
10703,0.12.0,0,12,0,144
10704,1.16.0,1,16,0,432
10705,0.1.6,0,1,6,18
10706,0.1.6,0,1,6,18
10707,0.5.0,0,5,0,60
10708,0.5.0,0,5,0,60
10709,0.1.6,0,1,6,18
10710,4.6.0,4,6,0,1032
10711,2.3.0,2,3,0,516
10712,0.1.6,0,1,6,18
10713,0.1.6,0,1,6,18
10714,0.5.0,0,5,0,60
10715,0.5.0,0,5,0,60
10716,0.5.0,0,5,0,60
10717,0.5.0,0,5,0,60
10718,9.0.0,9,0,0,2160
10719,0.5.0,0,5,0,60
10720,0.9.0,0,9,0,108
10721,0.5.0,0,5,0,60
10722,0.1.6,0,1,6,18
10723,1.16.0,1,16,0,432
10724,0.9.0,0,9,0,108
10725,0.5.0,0,5,0,60
10726,0.5.0,0,5,0,60
10727,0.5.0,0,5,0,60
10728,2.12.6,2,12,6,630
10729,0.3.0,0,3,0,36
10730,0.3.0,0,3,0,36
10731,1.1.6,1,1,6,258
10732,0.5.0,0,5,0,60
10733,0.5.0,0,5,0,60
10734,0.1.6,0,1,6,18
10735,0.1.6,0,1,6,18
10736,0.5.0,0,5,0,60
10737,0.19.0,0,19,0,228
10738,0.1.6,0,1,6,18
10739,0.3.0,0,3,0,36
10740,0.1.6,0,1,6,18
10741,0.1.6,0,1,6,18
10742,0.5.0,0,5,0,60
10743,2.12.6,2,12,6,630
10744,2.12.6,2,12,6,630
10745,0.9.0,0,9,0,108
10746,0.5.0,0,5,0,60
10747,0.5.0,0,5,0,60
10748,0.5.0,0,5,0,60
10749,0.5.0,0,5,0,60
10750,0.1.6,0,1,6,18
10751,0.3.0,0,3,0,36
10752,0.1.6,0,1,6,18
10753,0.3.0,0,3,0,36
10754,0.5.0,0,5,0,60
10755,0.3.0,0,3,0,36
10756,1.4.0,1,4,0,288
10757,0.9.0,0,9,0,108
10758,0.9.0,0,9,0,108
10759,2.12.6,2,12,6,630
10760,2.12.6,2,12,6,630
10761,0.5.0,0,5,0,60
10762,0.5.0,0,5,0,60
10763,0.1.6,0,1,6,18
10764,0.5.0,0,5,0,60
10765,0.1.6,0,1,6,18
10766,0.12.0,0,12,0,144
10767,4.6.0,4,6,0,1032
10768,1.11.0,1,11,0,372
10769,0.5.0,0,5,0,60
10770,0.5.0,0,5,0,60
10771,0.5.0,0,5,0,60
10772,0.1.6,0,1,6,18
10773,0.1.6,0,1,6,18
10774,4.6.0,4,6,0,1032
10775,0.9.0,0,9,0,108
10776,0.5.0,0,5,0,60
10777,0.5.0,0,5,0,60
10778,0.5.0,0,5,0,60
10779,1.3.6,1,3,6,282
10780,0.9.0,0,9,0,108
10781,0.5.0,0,5,0,60
10782,0.9.0,0,9,0,108
10783,1.1.0,1,1,0,252
10784,2.3.0,2,3,0,516
10785,4.6.0,4,6,0,1032
10786,0.5.0,0,5,0,60
10787,0.9.0,0,9,0,108
10788,0.5.0,0,5,0,60
10789,0.5.0,0,5,0,60
10790,0.3.0,0,3,0,36
10791,0.5.0,0,5,0,60
10792,0.9.0,0,9,0,108
10793,0.9.0,0,9,0,108
10794,5.5.0,5,5,0,1260
10795,2.12.6,2,12,6,630
10796,1.11.0,1,11,0,372
10797,0.5.0,0,5,0,60
10798,0.3.0,0,3,0,36
10799,0.9.0,0,9,0,108
10800,4.6.0,4,6,0,1032
10801,0.1.6,0,1,6,18
10802,0.1.6,0,1,6,18
10803,0.3.0,0,3,0,36
10804,0.5.0,0,5,0,60
10805,0.3.0,0,3,0,36
10806,0.1.6,0,1,6,18
10807,0.1.6,0,1,6,18
10808,0.1.6,0,1,6,18
10809,0.9.0,0,9,0,108
10810,1.1.0,1,1,0,252
10811,0.5.0,0,5,0,60
10812,0.5.0,0,5,0,60
10813,0.1.6,0,1,6,18
10814,0.5.0,0,5,0,60
10815,4.6.0,4,6,0,1032
10816,0.3.0,0,3,0,36
10817,0.1.6,0,1,6,18
10818,0.9.0,0,9,0,108
10819,0.1.6,0,1,6,18
10820,0.5.0,0,5,0,60
10821,0.5.0,0,5,0,60
10822,0.5.0,0,5,0,60
10823,0.1.6,0,1,6,18
10824,0.1.6,0,1,6,18
10825,1.16.0,1,16,0,432
10826,0.1.6,0,1,6,18
10827,0.5.0,0,5,0,60
10828,0.9.0,0,9,0,108
10829,0.9.0,0,9,0,108
10830,0.9.0,0,9,0,108
10831,2.12.6,2,12,6,630
10832,0.5.0,0,5,0,60
10833,2.3.0,2,3,0,516
10834,0.1.6,0,1,6,18
10835,0.3.0,0,3,0,36
10836,0.1.6,0,1,6,18
10837,0.3.0,0,3,0,36
10838,0.1.6,0,1,6,18
10839,0.1.6,0,1,6,18
10840,0.9.0,0,9,0,108
10841,0.1.6,0,1,6,18
10842,0.14.0,0,14,0,168
10843,0.5.0,0,5,0,60
10844,0.1.6,0,1,6,18
10845,0.5.0,0,5,0,60
10846,0.9.0,0,9,0,108
10847,0.1.6,0,1,6,18
10848,0.1.6,0,1,6,18
10849,0.5.0,0,5,0,60
10850,0.5.0,0,5,0,60
10851,1.16.0,1,16,0,432
10852,0.5.0,0,5,0,60
10853,0.9.0,0,9,0,108
10854,1.1.0,1,1,0,252
10855,0.1.6,0,1,6,18
10856,0.9.0,0,9,0,108
10857,2.3.0,2,3,0,516
10858,0.5.0,0,5,0,60
10859,0.5.0,0,5,0,60
10860,0.9.0,0,9,0,108
10861,0.9.0,0,9,0,108
10862,0.9.0,0,9,0,108
10863,2.12.6,2,12,6,630
10864,2.12.6,2,12,6,630
10865,0.1.6,0,1,6,18
10866,0.5.0,0,5,0,60
10867,0.5.0,0,5,0,60
10868,0.5.0,0,5,0,60
10869,0.9.0,0,9,0,108
10870,1.11.0,1,11,0,372
10871,0.9.0,0,9,0,108
10872,0.9.0,0,9,0,108
10873,0.1.6,0,1,6,18
10874,0.9.0,0,9,0,108
10876,2.3.0,2,3,0,516
10877,0.3.0,0,3,0,36
10878,0.3.0,0,3,0,36
10879,0.1.6,0,1,6,18
10880,0.1.6,0,1,6,18
10881,0.9.0,0,9,0,108
10882,0.1.6,0,1,6,18
10883,1.1.0,1,1,0,252
10884,0.9.0,0,9,0,108
10885,0.5.0,0,5,0,60
10886,0.1.6,0,1,6,18
10887,0.3.0,0,3,0,36
10888,0.3.0,0,3,0,36
10889,2.12.6,2,12,6,630
10890,0.1.6,0,1,6,18
10891,1.16.0,1,16,0,432
10892,0.9.0,0,9,0,108
10893,0.9.0,0,9,0,108
10894,0.5.0,0,5,0,60
10895,0.5.0,0,5,0,60
10896,9.0.0,9,0,0,2160
10897,0.5.0,0,5,0,60
10898,0.1.6,0,1,6,18
10899,0.9.0,0,9,0,108
10900,0.9.0,0,9,0,108
10901,0.1.6,0,1,6,18
10902,0.5.0,0,5,0,60
10903,0.9.0,0,9,0,108
10904,2.3.0,2,3,0,516
10905,0.5.0,0,5,0,60
10906,0.5.0,0,5,0,60
10907,0.3.0,0,3,0,36
10908,1.11.0,1,11,0,372
10909,0.9.0,0,9,0,108
10910,0.12.0,0,12,0,144
10911,0.9.0,0,9,0,108
10912,0.1.6,0,1,6,18
10913,0.1.6,0,1,6,18
10914,0.5.0,0,5,0,60
10915,0.9.0,0,9,0,108
10916,0.3.0,0,3,0,36
10917,0.1.6,0,1,6,18
10918,0.5.0,0,5,0,60
10919,2.3.0,2,3,0,516
10920,0.9.0,0,9,0,108
10921,0.5.0,0,5,0,60
10922,0.5.0,0,5,0,60
10923,1.13.6,1,13,6,402
10924,0.11.6,0,11,6,138
10925,1.1.0,1,1,0,252
10926,1.1.0,1,1,0,252
10927,0.1.6,0,1,6,18
10928,0.1.6,0,1,6,18
10929,0.3.0,0,3,0,36
10930,2.12.6,2,12,6,630
10931,0.5.0,0,5,0,60
10932,0.5.0,0,5,0,60
10933,1.1.0,1,1,0,252
10934,0.1.6,0,1,6,18
10935,0.9.0,0,9,0,108
10936,0.1.6,0,1,6,18
10937,2.15.0,2,15,0,660
10938,0.5.0,0,5,0,60
10939,2.12.6,2,12,6,630
10940,0.5.0,0,5,0,60
10941,0.9.0,0,9,0,108
10942,0.5.0,0,5,0,60
10943,0.1.6,0,1,6,18
10944,4.6.0,4,6,0,1032
10945,0.11.6,0,11,6,138
10946,2.3.0,2,3,0,516
10947,0.9.0,0,9,0,108
10948,0.9.0,0,9,0,108
10949,1.16.0,1,16,0,432
10950,0.9.0,0,9,0,108
10951,0.1.6,0,1,6,18
10952,0.9.0,0,9,0,108
10953,0.5.0,0,5,0,60
10954,0.5.0,0,5,0,60
10955,1.1.0,1,1,0,252
10956,0.5.0,0,5,0,60
10957,0.5.0,0,5,0,60
10958,0.5.0,0,5,0,60
10959,2.3.0,2,3,0,516
10960,0.1.6,0,1,6,18
10961,2.3.0,2,3,0,516
10962,0.3.0,0,3,0,36
10963,0.9.0,0,9,0,108
10964,0.9.0,0,9,0,108
10965,0.1.6,0,1,6,18
10966,0.9.0,0,9,0,108
10967,0.5.0,0,5,0,60
10968,0.5.0,0,5,0,60
10969,0.5.0,0,5,0,60
10970,0.1.6,0,1,6,18
10971,0.9.0,0,9,0,108
10972,0.5.0,0,5,0,60
10973,2.3.0,2,3,0,516
10974,0.1.6,0,1,6,18
10975,0.9.0,0,9,0,108
10976,0.1.6,0,1,6,18
10977,0.3.0,0,3,0,36
10978,0.3.0,0,3,0,36
10979,0.9.0,0,9,0,108
10980,0.5.0,0,5,0,60
10981,0.5.0,0,5,0,60
10982,0.5.0,0,5,0,60
10983,4.6.0,4,6,0,1032
10984,1.4.0,1,4,0,288
10985,1.1.6,1,1,6,258
10986,0.14.0,0,14,0,168
10987,0.9.0,0,9,0,108
10988,0.5.0,0,5,0,60
10989,0.3.0,0,3,0,36
10990,0.5.0,0,5,0,60
10991,0.5.0,0,5,0,60
10992,1.11.0,1,11,0,372
10993,0.9.0,0,9,0,108
10994,0.5.0,0,5,0,60
10995,4.6.0,4,6,0,1032
10996,0.3.0,0,3,0,36
10997,0.9.0,0,9,0,108
10998,0.5.0,0,5,0,60
10999,0.9.0,0,9,0,108
11000,0.1.6,0,1,6,18
11001,0.5.0,0,5,0,60
11002,0.14.0,0,14,0,168
11003,0.1.6,0,1,6,18
11004,0.1.6,0,1,6,18
11005,0.1.6,0,1,6,18
11006,0.5.0,0,5,0,60
11007,0.9.0,0,9,0,108
11008,0.9.0,0,9,0,108
11009,0.1.6,0,1,6,18
11010,0.1.6,0,1,6,18
11011,0.5.0,0,5,0,60
11012,1.1.6,1,1,6,258
11013,0.9.0,0,9,0,108
11014,0.1.6,0,1,6,18
11015,0.5.0,0,5,0,60
11016,0.9.0,0,9,0,108
11017,2.3.0,2,3,0,516
11018,0.5.0,0,5,0,60
11019,0.5.0,0,5,0,60
11020,0.1.6,0,1,6,18
11021,0.5.0,0,5,0,60
11022,0.5.0,0,5,0,60
11023,0.1.6,0,1,6,18
11024,0.5.0,0,5,0,60
11025,1.1.6,1,1,6,258
11026,0.5.0,0,5,0,60
11027,0.9.0,0,9,0,108
11028,0.5.0,0,5,0,60
11029,0.1.6,0,1,6,18
11030,0.5.0,0,5,0,60
11031,0.3.0,0,3,0,36
11032,0.5.0,0,5,0,60
11033,0.1.6,0,1,6,18
11034,0.3.0,0,3,0,36
11035,1.1.0,1,1,0,252
11036,0.1.6,0,1,6,18
11037,0.5.0,0,5,0,60
11038,1.1.6,1,1,6,258
11039,0.5.0,0,5,0,60
11040,0.3.0,0,3,0,36
11041,0.3.0,0,3,0,36
11042,0.5.0,0,5,0,60
11043,0.14.0,0,14,0,168
11044,0.3.0,0,3,0,36
11045,0.1.6,0,1,6,18
11046,0.3.0,0,3,0,36
11047,0.3.0,0,3,0,36
11048,0.3.0,0,3,0,36
11049,0.9.0,0,9,0,108
11050,1.11.0,1,11,0,372
11051,0.1.6,0,1,6,18
11052,0.5.0,0,5,0,60
11053,0.1.6,0,1,6,18
11054,0.1.6,0,1,6,18
11055,1.1.0,1,1,0,252
11056,0.5.0,0,5,0,60
11057,1.16.0,1,16,0,432
11058,0.9.0,0,9,0,108
11059,0.9.0,0,9,0,108
11060,0.9.0,0,9,0,108
11061,0.5.0,0,5,0,60
11062,0.5.0,0,5,0,60
11063,0.1.6,0,1,6,18
11064,0.1.6,0,1,6,18
11065,0.5.0,0,5,0,60
11066,0.9.0,0,9,0,108
11067,0.1.6,0,1,6,18
11068,0.5.0,0,5,0,60
11069,0.5.0,0,5,0,60
11070,0.5.0,0,5,0,60
11071,0.5.0,0,5,0,60
11072,0.5.0,0,5,0,60
11073,0.5.0,0,5,0,60
11074,0.9.0,0,9,0,108
11075,0.5.0,0,5,0,60
11076,0.5.0,0,5,0,60
11077,0.9.0,0,9,0,108
11078,1.1.0,1,1,0,252
11079,0.9.0,0,9,0,108
11080,0.1.6,0,1,6,18
11081,0.5.0,0,5,0,60
11082,0.5.0,0,5,0,60
11083,0.5.0,0,5,0,60
11084,0.9.0,0,9,0,108
11085,0.5.0,0,5,0,60
11086,0.5.0,0,5,0,60
11087,2.3.0,2,3,0,516
11088,2.12.6,2,12,6,630
11089,0.1.6,0,1,6,18
11090,1.4.0,1,4,0,288
11091,0.1.6,0,1,6,18
11092,0.5.0,0,5,0,60
11093,2.3.0,2,3,0,516
11094,0.9.0,0,9,0,108
11095,1.4.0,1,4,0,288
11096,0.9.0,0,9,0,108
11097,0.1.6,0,1,6,18
11098,0.5.0,0,5,0,60
11099,0.19.0,0,19,0,228
11100,1.1.6,1,1,6,258
11101,0.5.0,0,5,0,60
11102,0.1.6,0,1,6,18
11103,0.3.0,0,3,0,36
11104,0.5.0,0,5,0,60
11105,0.5.0,0,5,0,60
11106,0.9.0,0,9,0,108
11107,1.1.0,1,1,0,252
11108,1.1.0,1,1,0,252
11109,2.12.6,2,12,6,630
11110,0.5.0,0,5,0,60
11111,0.5.0,0,5,0,60
11112,1.16.0,1,16,0,432
11113,0.5.0,0,5,0,60
11114,0.5.0,0,5,0,60
11115,0.9.0,0,9,0,108
11116,0.19.0,0,19,0,228
11117,0.9.0,0,9,0,108
11118,0.5.0,0,5,0,60
11119,0.1.6,0,1,6,18
11120,0.5.0,0,5,0,60
11121,0.3.0,0,3,0,36
11122,2.15.0,2,15,0,660
11123,1.16.0,1,16,0,432
11124,0.1.6,0,1,6,18
11125,2.3.0,2,3,0,516
11126,0.1.6,0,1,6,18
11127,0.5.0,0,5,0,60
11128,0.9.0,0,9,0,108
11129,0.5.0,0,5,0,60
11130,0.3.0,0,3,0,36
11131,2.3.0,2,3,0,516
11132,0.9.0,0,9,0,108
11133,0.5.0,0,5,0,60
11134,0.9.0,0,9,0,108
11135,0.9.0,0,9,0,108
11136,2.3.0,2,3,0,516
11137,0.5.0,0,5,0,60
11138,0.9.0,0,9,0,108
11139,0.9.0,0,9,0,108
11140,0.3.0,0,3,0,36
11141,0.1.6,0,1,6,18
11142,0.3.0,0,3,0,36
11143,0.12.0,0,12,0,144
11144,0.3.0,0,3,0,36
11145,0.9.0,0,9,0,108
11146,0.9.0,0,9,0,108
11147,0.1.6,0,1,6,18
11148,0.5.0,0,5,0,60
11149,0.5.0,0,5,0,60
11150,2.3.0,2,3,0,516
11151,0.1.6,0,1,6,18
11152,0.3.0,0,3,0,36
11153,1.4.0,1,4,0,288
11154,0.3.0,0,3,0,36
11155,0.5.0,0,5,0,60
11156,1.1.0,1,1,0,252
11157,1.1.0,1,1,0,252
11158,1.1.0,1,1,0,252
11159,0.3.0,0,3,0,36
11160,0.5.0,0,5,0,60
11161,0.3.0,0,3,0,36
11162,2.3.0,2,3,0,516
11163,0.1.6,0,1,6,18
11164,0.3.0,0,3,0,36
11165,0.5.0,0,5,0,60
11166,0.5.0,0,5,0,60
11167,0.9.0,0,9,0,108
11168,6.0.0,6,0,0,1440
11169,2.12.6,2,12,6,630
11170,1.4.0,1,4,0,288
11171,1.1.0,1,1,0,252
11172,1.4.0,1,4,0,288
11173,0.9.0,0,9,0,108
11174,0.5.0,0,5,0,60
11175,0.9.0,0,9,0,108
11176,0.1.6,0,1,6,18
11177,1.16.0,1,16,0,432
11178,1.11.0,1,11,0,372
11179,2.3.0,2,3,0,516
11180,0.9.0,0,9,0,108
11181,0.9.0,0,9,0,108
11182,0.5.0,0,5,0,60
11183,0.1.6,0,1,6,18
11184,2.3.0,2,3,0,516
11185,0.1.6,0,1,6,18
11186,0.9.0,0,9,0,108
11187,0.5.0,0,5,0,60
11188,0.5.0,0,5,0,60
11189,0.5.0,0,5,0,60
11190,0.1.6,0,1,6,18
11191,0.12.0,0,12,0,144
11192,0.1.6,0,1,6,18
11193,1.16.0,1,16,0,432
11194,0.9.0,0,9,0,108
11195,0.9.0,0,9,0,108
11196,0.9.0,0,9,0,108
11197,0.5.0,0,5,0,60
11198,0.1.6,0,1,6,18
11199,4.6.0,4,6,0,1032
11200,0.3.0,0,3,0,36
11201,0.9.0,0,9,0,108
11202,0.1.6,0,1,6,18
11203,1.4.0,1,4,0,288
11204,0.1.6,0,1,6,18
11205,1.4.0,1,4,0,288
11206,0.5.0,0,5,0,60
11207,1.11.0,1,11,0,372
11208,0.9.0,0,9,0,108
11209,0.9.0,0,9,0,108
11210,0.5.0,0,5,0,60
11211,0.5.0,0,5,0,60
11212,0.5.0,0,5,0,60
11213,0.5.0,0,5,0,60
11214,0.3.0,0,3,0,36
11215,0.9.0,0,9,0,108
11216,0.1.6,0,1,6,18
11217,0.5.0,0,5,0,60
11218,0.5.0,0,5,0,60
11219,0.1.6,0,1,6,18
11220,0.11.6,0,11,6,138
11221,2.3.0,2,3,0,516
11222,1.16.0,1,16,0,432
11223,0.5.0,0,5,0,60
11224,0.5.0,0,5,0,60
11225,0.5.0,0,5,0,60
11226,0.5.0,0,5,0,60
11227,0.1.6,0,1,6,18
11228,1.16.0,1,16,0,432
11229,0.1.6,0,1,6,18
11230,1.1.0,1,1,0,252
11231,0.5.0,0,5,0,60
11232,0.1.6,0,1,6,18
11233,0.5.0,0,5,0,60
11234,1.16.0,1,16,0,432
11235,1.13.6,1,13,6,402
11236,0.9.0,0,9,0,108
11237,0.9.0,0,9,0,108
11238,0.5.0,0,5,0,60
11239,0.5.0,0,5,0,60
11240,2.12.6,2,12,6,630
11241,0.5.0,0,5,0,60
11242,10.12.14,10,12,14,2558
11243,0.5.0,0,5,0,60
11244,1.11.0,1,11,0,372
11245,0.12.0,0,12,0,144
11246,0.1.6,0,1,6,18
11247,0.1.6,0,1,6,18
11248,2.3.0,2,3,0,516
11249,1.16.0,1,16,0,432
11250,6.0.0,6,0,0,1440
11251,2.12.6,2,12,6,630
11252,0.9.0,0,9,0,108
11253,0.5.0,0,5,0,60
11254,1.1.0,1,1,0,252
11255,0.9.0,0,9,0,108
11256,0.5.0,0,5,0,60
11257,0.5.0,0,5,0,60
11258,4.6.0,4,6,0,1032
11259,0.5.0,0,5,0,60
11260,0.3.0,0,3,0,36
11261,0.11.6,0,11,6,138
11262,0.5.0,0,5,0,60
11263,1.1.0,1,1,0,252
11264,0.1.6,0,1,6,18
11265,0.9.0,0,9,0,108
11266,1.1.0,1,1,0,252
11267,1.1.0,1,1,0,252
11268,0.9.0,0,9,0,108
11269,0.9.0,0,9,0,108
11270,0.1.6,0,1,6,18
11271,1.1.0,1,1,0,252
11272,0.3.0,0,3,0,36
11273,2.3.0,2,3,0,516
11274,0.5.0,0,5,0,60
11275,0.5.0,0,5,0,60
11276,0.5.0,0,5,0,60
11277,0.12.6,0,12,6,150
11278,0.1.6,0,1,6,18
11279,0.5.0,0,5,0,60
11280,0.1.6,0,1,6,18
11281,0.1.6,0,1,6,18
11282,1.16.0,1,16,0,432
11283,0.3.0,0,3,0,36
11284,0.9.0,0,9,0,108
11285,0.14.0,0,14,0,168
11286,0.9.0,0,9,0,108
11287,0.9.0,0,9,0,108
11288,0.9.0,0,9,0,108
11289,0.5.0,0,5,0,60
11290,0.12.0,0,12,0,144
11291,0.1.6,0,1,6,18
11292,1.13.6,1,13,6,402
11293,1.4.0,1,4,0,288
11294,1.11.0,1,11,0,372
11295,0.5.0,0,5,0,60
11296,0.3.0,0,3,0,36
11297,0.5.0,0,5,0,60
11298,2.3.0,2,3,0,516
11299,1.11.0,1,11,0,372
11300,0.5.0,0,5,0,60
11301,1.1.0,1,1,0,252
11302,13.10.0,13,10,0,3240
11303,2.12.6,2,12,6,630
11304,0.3.0,0,3,0,36
11305,1.16.0,1,16,0,432
11306,0.1.6,0,1,6,18
11307,0.1.6,0,1,6,18
11308,0.1.6,0,1,6,18
11309,0.1.6,0,1,6,18
11310,0.5.0,0,5,0,60
11311,0.5.0,0,5,0,60
11312,1.1.0,1,1,0,252
11313,4.6.0,4,6,0,1032
11314,0.5.0,0,5,0,60
11315,0.9.0,0,9,0,108
11316,0.9.0,0,9,0,108
11317,0.9.0,0,9,0,108
11318,0.9.0,0,9,0,108
11319,13.10.0,13,10,0,3240
11320,2.12.6,2,12,6,630
11321,2.12.6,2,12,6,630
11322,0.5.0,0,5,0,60
11323,0.5.0,0,5,0,60
11324,0.14.0,0,14,0,168
11325,1.16.0,1,16,0,432
11326,0.1.6,0,1,6,18
11327,0.5.0,0,5,0,60
11328,0.5.0,0,5,0,60
11329,0.1.6,0,1,6,18
11330,0.5.0,0,5,0,60
11331,0.9.0,0,9,0,108
11332,1.6.0,1,6,0,312
11333,0.5.0,0,5,0,60
11334,1.11.0,1,11,0,372
11335,0.9.0,0,9,0,108
11336,0.9.0,0,9,0,108
11337,0.9.0,0,9,0,108
11338,0.5.0,0,5,0,60
11339,0.5.0,0,5,0,60
11340,0.5.0,0,5,0,60
11341,0.9.0,0,9,0,108
11342,0.1.6,0,1,6,18
11343,0.1.6,0,1,6,18
11344,0.5.0,0,5,0,60
11345,4.6.0,4,6,0,1032
11346,0.9.0,0,9,0,108
11347,4.6.0,4,6,0,1032
11348,0.5.0,0,5,0,60
11349,0.9.0,0,9,0,108
11350,0.9.0,0,9,0,108
11351,2.12.6,2,12,6,630
11352,2.12.6,2,12,6,630
11353,0.5.0,0,5,0,60
11354,0.5.0,0,5,0,60
11355,0.1.6,0,1,6,18
11356,0.1.6,0,1,6,18
11357,3.2.0,3,2,0,744
11358,0.1.6,0,1,6,18
11359,0.1.6,0,1,6,18
11360,0.3.0,0,3,0,36
11361,0.5.0,0,5,0,60
11362,0.9.0,0,9,0,108
11363,1.4.0,1,4,0,288
11364,0.1.6,0,1,6,18
11365,0.5.0,0,5,0,60
11366,0.9.0,0,9,0,108
11367,1.4.0,1,4,0,288
11368,0.5.0,0,5,0,60
11369,0.1.6,0,1,6,18
11370,0.5.0,0,5,0,60
11371,1.1.0,1,1,0,252
11372,0.9.0,0,9,0,108
11373,0.9.0,0,9,0,108
11374,0.1.6,0,1,6,18
11375,1.4.0,1,4,0,288
11376,2.13.0,2,13,0,636
11377,0.9.0,0,9,0,108
11379,1.3.6,1,3,6,282
11380,0.5.0,0,5,0,60
11381,0.5.0,0,5,0,60
11382,0.1.6,0,1,6,18
11383,1.9.0,1,9,0,348
11384,0.5.0,0,5,0,60
11385,4.0.0,4,0,0,960
11386,0.9.0,0,9,0,108
11387,0.5.0,0,5,0,60
11388,1.1.0,1,1,0,252
11389,0.5.0,0,5,0,60
11390,0.9.0,0,9,0,108
11391,0.9.0,0,9,0,108
11392,1.1.0,1,1,0,252
11393,0.1.6,0,1,6,18
11394,1.1.6,1,1,6,258
11395,0.3.0,0,3,0,36
11396,0.3.0,0,3,0,36
11397,0.5.0,0,5,0,60
11398,0.1.6,0,1,6,18
11399,0.9.0,0,9,0,108
11400,1.16.0,1,16,0,432
11401,1.1.0,1,1,0,252
11402,0.9.0,0,9,0,108
11403,0.9.0,0,9,0,108
11404,0.5.0,0,5,0,60
11405,0.5.0,0,5,0,60
11406,0.5.0,0,5,0,60
11407,0.5.0,0,5,0,60
11408,0.1.6,0,1,6,18
11409,0.1.6,0,1,6,18
11410,1.1.0,1,1,0,252
11411,0.1.6,0,1,6,18
11412,0.9.0,0,9,0,108
11413,0.1.6,0,1,6,18
11414,0.9.0,0,9,0,108
11415,0.5.0,0,5,0,60
11416,0.3.0,0,3,0,36
11417,0.1.6,0,1,6,18
11418,0.9.0,0,9,0,108
11419,1.4.0,1,4,0,288
11420,0.9.0,0,9,0,108
11421,0.5.0,0,5,0,60
11422,0.5.0,0,5,0,60
11423,0.5.0,0,5,0,60
11424,0.3.0,0,3,0,36
11425,0.9.0,0,9,0,108
11426,0.5.0,0,5,0,60
11427,1.1.6,1,1,6,258
11428,0.9.0,0,9,0,108
11429,0.5.0,0,5,0,60
11430,1.1.0,1,1,0,252
11431,0.1.6,0,1,6,18
11432,2.3.0,2,3,0,516
11433,0.9.0,0,9,0,108
11434,0.9.0,0,9,0,108
11435,0.9.0,0,9,0,108
11436,0.5.0,0,5,0,60
11437,2.12.6,2,12,6,630
11438,0.9.0,0,9,0,108
11439,0.1.6,0,1,6,18
11440,0.5.0,0,5,0,60
11441,0.1.6,0,1,6,18
11442,0.1.6,0,1,6,18
11443,0.9.0,0,9,0,108
11444,4.0.0,4,0,0,960
11445,4.0.0,4,0,0,960
11446,0.9.0,0,9,0,108
11447,0.5.0,0,5,0,60
11448,1.1.0,1,1,0,252
11449,1.13.6,1,13,6,402
11450,1.1.0,1,1,0,252
11451,0.5.0,0,5,0,60
11452,0.5.0,0,5,0,60
11453,0.5.0,0,5,0,60
11454,0.5.0,0,5,0,60
11455,1.16.0,1,16,0,432
11456,0.1.6,0,1,6,18
11457,0.1.6,0,1,6,18
11458,0.3.0,0,3,0,36
11459,0.5.0,0,5,0,60
11460,1.1.6,1,1,6,258
11461,0.9.0,0,9,0,108
11462,0.9.0,0,9,0,108
11463,2.3.0,2,3,0,516
11464,0.5.0,0,5,0,60
11465,0.1.6,0,1,6,18
11466,0.5.0,0,5,0,60
11467,0.5.0,0,5,0,60
11468,1.1.6,1,1,6,258
11469,0.5.0,0,5,0,60
11470,1.4.0,1,4,0,288
11471,0.13.6,0,13,6,162
11472,1.16.0,1,16,0,432
11473,0.9.0,0,9,0,108
11474,0.9.0,0,9,0,108
11475,0.9.0,0,9,0,108
11476,0.9.0,0,9,0,108
11477,0.9.0,0,9,0,108
11478,0.5.0,0,5,0,60
11479,0.5.0,0,5,0,60
11480,0.5.0,0,5,0,60
11481,9.0.0,9,0,0,2160
11482,2.12.6,2,12,6,630
11483,2.12.6,2,12,6,630
11484,0.5.0,0,5,0,60
11485,0.9.0,0,9,0,108
11486,0.1.6,0,1,6,18
11487,0.1.6,0,1,6,18
11488,0.5.0,0,5,0,60
11489,0.5.0,0,5,0,60
11490,4.0.0,4,0,0,960
11491,1.11.0,1,11,0,372
11492,1.1.6,1,1,6,258
11493,2.15.6,2,15,6,666
11494,2.3.0,2,3,0,516
11495,0.9.0,0,9,0,108
11496,0.9.0,0,9,0,108
11497,2.12.6,2,12,6,630
11498,0.13.6,0,13,6,162
11499,4.0.0,4,0,0,960
11500,0.5.0,0,5,0,60
11501,0.9.0,0,9,0,108
11502,0.5.0,0,5,0,60
11503,0.3.0,0,3,0,36
11504,1.16.0,1,16,0,432
11505,0.19.0,0,19,0,228
11506,1.11.0,1,11,0,372
11507,1.1.0,1,1,0,252
11508,1.1.0,1,1,0,252
11509,0.9.0,0,9,0,108
11510,0.3.0,0,3,0,36
11511,2.13.0,2,13,0,636
11512,0.1.6,0,1,6,18
11513,0.5.0,0,5,0,60
11514,2.3.0,2,3,0,516
11515,0.9.0,0,9,0,108
11516,0.3.0,0,3,0,36
11517,0.5.0,0,5,0,60
11518,1.1.6,1,1,6,258
11519,0.9.0,0,9,0,108
11520,0.5.0,0,5,0,60
11521,6.0.0,6,0,0,1440
11522,2.12.6,2,12,6,630
11523,0.5.0,0,5,0,60
11524,0.1.6,0,1,6,18
11525,0.9.0,0,9,0,108
11526,0.9.0,0,9,0,108
11527,4.0.0,4,0,0,960
11528,1.16.0,1,16,0,432
11529,0.1.6,0,1,6,18
11530,0.9.0,0,9,0,108
11531,0.5.0,0,5,0,60
11532,0.5.0,0,5,0,60
11533,0.1.6,0,1,6,18
11534,0.1.6,0,1,6,18
11535,0.1.6,0,1,6,18
11536,0.5.0,0,5,0,60
11537,0.9.0,0,9,0,108
11538,0.1.6,0,1,6,18
11539,0.1.6,0,1,6,18
11540,0.5.0,0,5,0,60
11541,0.5.0,0,5,0,60
11542,0.5.0,0,5,0,60
11543,0.5.0,0,5,0,60
11544,0.9.0,0,9,0,108
11545,2.3.0,2,3,0,516
11546,0.5.0,0,5,0,60
11547,0.9.0,0,9,0,108
11548,1.13.6,1,13,6,402
11549,1.4.0,1,4,0,288
11550,0.1.6,0,1,6,18
11551,0.5.0,0,5,0,60
11552,0.5.0,0,5,0,60
11553,0.9.0,0,9,0,108
11554,0.9.0,0,9,0,108
11555,2.12.6,2,12,6,630
11556,0.9.0,0,9,0,108
11557,0.1.6,0,1,6,18
11558,1.11.0,1,11,0,372
11559,0.9.0,0,9,0,108
11560,0.9.0,0,9,0,108
11561,0.9.0,0,9,0,108
11562,0.9.0,0,9,0,108
11563,0.5.0,0,5,0,60
11564,0.9.0,0,9,0,108
11565,1.1.0,1,1,0,252
11566,4.0.0,4,0,0,960
11567,1.4.0,1,4,0,288
11568,0.1.6,0,1,6,18
11569,1.11.0,1,11,0,372
11570,0.9.0,0,9,0,108
11571,2.12.6,2,12,6,630
11572,0.5.0,0,5,0,60
11573,1.1.0,1,1,0,252
11574,0.1.6,0,1,6,18
11575,0.9.0,0,9,0,108
11576,0.19.0,0,19,0,228
11577,0.9.0,0,9,0,108
11578,0.9.0,0,9,0,108
11579,1.1.0,1,1,0,252
11580,0.1.6,0,1,6,18
11581,4.0.0,4,0,0,960
11582,0.5.0,0,5,0,60
11583,0.5.0,0,5,0,60
11584,0.1.6,0,1,6,18
11585,1.11.0,1,11,0,372
11586,1.1.0,1,1,0,252
11587,0.5.0,0,5,0,60
11588,0.1.6,0,1,6,18
11589,2.12.6,2,12,6,630
11590,0.5.0,0,5,0,60
11591,0.5.0,0,5,0,60
11592,2.3.0,2,3,0,516
11593,0.5.0,0,5,0,60
11594,2.18.0,2,18,0,696
11595,0.1.6,0,1,6,18
11596,1.1.0,1,1,0,252
11597,0.9.0,0,9,0,108
11598,0.5.0,0,5,0,60
11599,0.5.0,0,5,0,60
11600,0.9.0,0,9,0,108
11601,0.9.0,0,9,0,108
11602,7.10.0,7,10,0,1800
11603,2.12.6,2,12,6,630
11604,0.9.0,0,9,0,108
11605,4.0.0,4,0,0,960
11606,1.16.0,1,16,0,432
11607,0.5.0,0,5,0,60
11608,0.1.6,0,1,6,18
11609,0.3.0,0,3,0,36
11610,2.13.0,2,13,0,636
11611,0.9.0,0,9,0,108
11612,0.5.0,0,5,0,60
11613,0.1.6,0,1,6,18
11614,0.1.6,0,1,6,18
11615,0.5.0,0,5,0,60
11616,1.4.0,1,4,0,288
11617,1.4.0,1,4,0,288
11618,0.1.6,0,1,6,18
11619,0.1.6,0,1,6,18
11620,2.3.0,2,3,0,516
11621,0.9.0,0,9,0,108
11622,0.5.0,0,5,0,60
11623,0.3.0,0,3,0,36
11624,0.5.0,0,5,0,60
11625,1.1.0,1,1,0,252
11626,0.1.6,0,1,6,18
11627,0.3.0,0,3,0,36
11628,0.1.6,0,1,6,18
11629,1.16.0,1,16,0,432
11630,0.9.0,0,9,0,108
11631,0.9.0,0,9,0,108
11632,0.5.0,0,5,0,60
11633,0.1.6,0,1,6,18
11634,0.5.0,0,5,0,60
11635,0.5.0,0,5,0,60
11636,0.1.6,0,1,6,18
11637,1.4.0,1,4,0,288
11638,0.1.6,0,1,6,18
11639,0.1.6,0,1,6,18
11640,0.5.0,0,5,0,60
11641,0.5.0,0,5,0,60
11642,0.9.0,0,9,0,108
11643,1.1.0,1,1,0,252
11644,0.1.6,0,1,6,18
11645,0.1.6,0,1,6,18
11646,0.1.6,0,1,6,18
11647,0.1.6,0,1,6,18
11648,0.5.0,0,5,0,60
11649,0.9.0,0,9,0,108
11650,0.1.6,0,1,6,18
11651,0.5.0,0,5,0,60
11652,0.5.0,0,5,0,60
11653,2.12.6,2,12,6,630
11654,1.4.0,1,4,0,288
11655,0.1.6,0,1,6,18
11656,2.13.0,2,13,0,636
11657,0.9.0,0,9,0,108
11658,0.9.0,0,9,0,108
11659,1.4.0,1,4,0,288
11660,2.3.0,2,3,0,516
11661,0.9.0,0,9,0,108
11662,0.3.0,0,3,0,36
11663,0.9.0,0,9,0,108
11664,0.5.0,0,5,0,60
11665,0.9.0,0,9,0,108
11666,1.1.0,1,1,0,252
11667,0.5.0,0,5,0,60
11668,0.3.0,0,3,0,36
11669,0.1.6,0,1,6,18
11670,0.1.6,0,1,6,18
11671,2.3.0,2,3,0,516
11672,0.9.0,0,9,0,108
11673,0.12.0,0,12,0,144
11674,2.12.6,2,12,6,630
11675,2.12.6,2,12,6,630
11676,1.13.6,1,13,6,402
11677,0.1.6,0,1,6,18
11678,0.9.0,0,9,0,108
11679,0.9.0,0,9,0,108
11680,0.5.0,0,5,0,60
11681,0.5.0,0,5,0,60
11682,0.1.6,0,1,6,18
11683,0.5.0,0,5,0,60
11684,0.5.0,0,5,0,60
11685,0.9.0,0,9,0,108
11686,1.16.0,1,16,0,432
11687,0.5.0,0,5,0,60
11688,0.5.0,0,5,0,60
11689,0.1.6,0,1,6,18
11690,0.5.0,0,5,0,60
11691,2.3.0,2,3,0,516
11692,0.9.0,0,9,0,108
11693,0.5.0,0,5,0,60
11694,0.5.0,0,5,0,60
11695,0.5.0,0,5,0,60
11696,0.1.6,0,1,6,18
11697,2.3.0,2,3,0,516
11698,1.4.0,1,4,0,288
11699,0.9.0,0,9,0,108
11700,0.3.0,0,3,0,36
11701,0.5.0,0,5,0,60
11702,0.5.0,0,5,0,60
11703,2.12.6,2,12,6,630
11704,0.1.6,0,1,6,18
11705,0.5.0,0,5,0,60
11706,0.9.0,0,9,0,108
11707,0.5.0,0,5,0,60
11708,0.9.0,0,9,0,108
11709,0.5.0,0,5,0,60
11710,0.5.0,0,5,0,60
11711,1.1.0,1,1,0,252
11712,1.1.0,1,1,0,252
11713,0.5.0,0,5,0,60
11714,0.9.0,0,9,0,108
11715,0.1.6,0,1,6,18
11716,0.3.0,0,3,0,36
11717,2.16.0,2,16,0,672
11718,2.12.6,2,12,6,630
11719,0.5.0,0,5,0,60
11720,0.3.0,0,3,0,36
11721,0.3.0,0,3,0,36
11722,0.1.6,0,1,6,18
11723,0.3.0,0,3,0,36
11724,0.9.0,0,9,0,108
11725,0.9.0,0,9,0,108
11726,0.5.0,0,5,0,60
11727,1.6.0,1,6,0,312
11728,0.1.6,0,1,6,18
11729,0.5.0,0,5,0,60
11730,0.5.0,0,5,0,60
11731,0.5.0,0,5,0,60
11732,1.1.0,1,1,0,252
11733,2.12.6,2,12,6,630
11734,0.9.0,0,9,0,108
11735,0.5.0,0,5,0,60
11736,0.1.6,0,1,6,18
11737,0.5.0,0,5,0,60
11738,1.1.0,1,1,0,252
11739,2.16.0,2,16,0,672
11740,0.11.6,0,11,6,138
11741,1.6.0,1,6,0,312
11742,0.9.0,0,9,0,108
11743,4.0.0,4,0,0,960
11744,0.1.6,0,1,6,18
11745,0.1.6,0,1,6,18
11746,0.1.6,0,1,6,18
11747,0.3.0,0,3,0,36
11748,1.1.0,1,1,0,252
11749,0.5.0,0,5,0,60
11750,0.1.6,0,1,6,18
11751,2.12.6,2,12,6,630
11752,0.3.0,0,3,0,36
11753,0.3.0,0,3,0,36
11754,0.1.6,0,1,6,18
11755,0.1.6,0,1,6,18
11756,1.16.0,1,16,0,432
11757,4.0.0,4,0,0,960
11758,0.1.6,0,1,6,18
11759,0.5.0,0,5,0,60
11760,0.9.0,0,9,0,108
11761,1.13.0,1,13,0,396
11762,1.1.6,1,1,6,258
11763,0.5.0,0,5,0,60
11764,2.0.0,2,0,0,480
11765,0.9.0,0,9,0,108
11766,0.5.0,0,5,0,60
11767,0.3.0,0,3,0,36
11768,0.9.0,0,9,0,108
11769,0.9.0,0,9,0,108
11770,0.9.0,0,9,0,108
11771,0.9.0,0,9,0,108
11772,1.4.0,1,4,0,288
11773,0.9.0,0,9,0,108
11774,0.1.6,0,1,6,18
11775,0.1.6,0,1,6,18
11776,0.9.0,0,9,0,108
11777,1.1.0,1,1,0,252
11778,1.1.0,1,1,0,252
11779,0.9.0,0,9,0,108
11780,0.1.6,0,1,6,18
11781,0.1.6,0,1,6,18
11782,0.1.6,0,1,6,18
11783,0.5.0,0,5,0,60
11784,1.16.0,1,16,0,432
11785,0.9.0,0,9,0,108
11786,0.9.0,0,9,0,108
11787,0.1.6,0,1,6,18
11788,0.5.0,0,5,0,60
11789,0.9.0,0,9,0,108
11790,0.5.0,0,5,0,60
11791,0.5.0,0,5,0,60
11792,4.0.0,4,0,0,960
11793,0.5.0,0,5,0,60
11794,0.3.0,0,3,0,36
11795,0.1.6,0,1,6,18
11796,4.0.0,4,0,0,960
11797,1.1.0,1,1,0,252
11798,0.9.0,0,9,0,108
11799,0.5.0,0,5,0,60
11800,0.5.0,0,5,0,60
11801,1.9.0,1,9,0,348
11802,0.5.0,0,5,0,60
11803,0.5.0,0,5,0,60
11804,0.5.0,0,5,0,60
11805,0.5.0,0,5,0,60
11806,0.5.0,0,5,0,60
11807,1.1.0,1,1,0,252
11808,0.5.0,0,5,0,60
11809,4.0.0,4,0,0,960
11810,0.5.0,0,5,0,60
11811,0.1.6,0,1,6,18
11812,2.16.0,2,16,0,672
11813,0.5.0,0,5,0,60
11814,0.5.0,0,5,0,60
11815,0.9.0,0,9,0,108
11816,1.1.0,1,1,0,252
11817,2.16.0,2,16,0,672
11818,0.1.6,0,1,6,18
11819,0.5.0,0,5,0,60
11820,0.3.0,0,3,0,36
11821,0.3.0,0,3,0,36
11822,0.5.0,0,5,0,60
11823,0.5.0,0,5,0,60
11824,0.9.0,0,9,0,108
11825,0.9.0,0,9,0,108
11826,0.5.0,0,5,0,60
11827,0.3.0,0,3,0,36
11828,0.9.0,0,9,0,108
11829,0.5.0,0,5,0,60
11830,0.5.0,0,5,0,60
11831,0.1.6,0,1,6,18
11832,0.1.6,0,1,6,18
11833,0.9.0,0,9,0,108
11834,0.5.0,0,5,0,60
11835,0.1.6,0,1,6,18
11836,1.4.0,1,4,0,288
11837,1.1.0,1,1,0,252
11838,0.9.0,0,9,0,108
11839,0.5.0,0,5,0,60
11840,0.5.0,0,5,0,60
11841,0.9.0,0,9,0,108
11842,1.1.0,1,1,0,252
11843,0.1.6,0,1,6,18
11844,0.3.0,0,3,0,36
11845,0.1.6,0,1,6,18
11846,0.5.0,0,5,0,60
11847,0.5.0,0,5,0,60
11848,0.5.0,0,5,0,60
11849,2.3.0,2,3,0,516
11850,0.1.6,0,1,6,18
11851,0.3.0,0,3,0,36
11852,0.9.0,0,9,0,108
11853,12.8.0,12,8,0,2976
11854,0.1.6,0,1,6,18
11855,0.5.0,0,5,0,60
11856,2.13.0,2,13,0,636
11857,0.3.0,0,3,0,36
11858,0.1.6,0,1,6,18
11859,0.11.6,0,11,6,138
11860,2.3.0,2,3,0,516
11861,0.5.0,0,5,0,60
11862,1.11.0,1,11,0,372
11863,0.9.0,0,9,0,108
11864,0.9.0,0,9,0,108
11865,2.12.6,2,12,6,630
11866,2.12.6,2,12,6,630
11867,2.12.6,2,12,6,630
11868,2.12.6,2,12,6,630
11869,0.3.0,0,3,0,36
11870,0.5.0,0,5,0,60
11871,0.1.6,0,1,6,18
11872,0.5.0,0,5,0,60
11873,2.16.0,2,16,0,672
11874,2.16.0,2,16,0,672
11875,0.5.0,0,5,0,60
11876,0.9.0,0,9,0,108
11877,0.3.0,0,3,0,36
11878,1.6.0,1,6,0,312
11879,0.5.0,0,5,0,60
11880,0.9.0,0,9,0,108
11881,0.9.0,0,9,0,108
11882,1.1.0,1,1,0,252
11883,0.1.6,0,1,6,18
11884,0.5.0,0,5,0,60
11885,0.5.0,0,5,0,60
11886,1.13.6,1,13,6,402
11887,0.3.0,0,3,0,36
11888,2.18.0,2,18,0,696
11889,0.5.0,0,5,0,60
11890,0.14.0,0,14,0,168
11891,0.3.0,0,3,0,36
11892,0.5.0,0,5,0,60
11893,0.1.6,0,1,6,18
11894,0.3.0,0,3,0,36
11895,0.5.0,0,5,0,60
11896,0.5.0,0,5,0,60
11897,0.5.0,0,5,0,60
11898,0.5.0,0,5,0,60
11899,0.5.0,0,5,0,60
11900,0.9.0,0,9,0,108
11901,0.5.0,0,5,0,60
11902,1.1.0,1,1,0,252
11903,1.1.0,1,1,0,252
11904,0.5.0,0,5,0,60
11905,0.9.0,0,9,0,108
11906,0.5.0,0,5,0,60
11907,0.12.0,0,12,0,144
11908,0.5.0,0,5,0,60
11909,0.5.0,0,5,0,60
11910,4.0.0,4,0,0,960
11911,0.5.0,0,5,0,60
11912,0.1.6,0,1,6,18
11913,0.5.0,0,5,0,60
11914,1.1.0,1,1,0,252
11915,0.9.0,0,9,0,108
11916,0.9.0,0,9,0,108
11917,0.5.0,0,5,0,60
11918,0.9.0,0,9,0,108
11919,0.1.6,0,1,6,18
11920,2.3.0,2,3,0,516
11921,1.16.0,1,16,0,432
11922,0.9.0,0,9,0,108
11923,0.1.6,0,1,6,18
11924,0.3.0,0,3,0,36
11925,1.1.0,1,1,0,252
11926,2.12.6,2,12,6,630
11927,0.1.6,0,1,6,18
11928,0.3.0,0,3,0,36
11929,0.3.0,0,3,0,36
11930,0.5.0,0,5,0,60
11931,1.6.0,1,6,0,312
11932,0.1.6,0,1,6,18
11933,0.1.6,0,1,6,18
11934,0.5.0,0,5,0,60
11935,0.5.0,0,5,0,60
11936,0.9.0,0,9,0,108
11937,0.1.6,0,1,6,18
11938,1.4.0,1,4,0,288
11939,1.1.0,1,1,0,252
11940,0.5.0,0,5,0,60
11941,0.9.0,0,9,0,108
11942,0.9.0,0,9,0,108
11943,0.5.0,0,5,0,60
11944,0.1.6,0,1,6,18
11945,0.3.0,0,3,0,36
11946,0.1.6,0,1,6,18
11947,0.1.6,0,1,6,18
11948,0.1.6,0,1,6,18
11949,0.5.0,0,5,0,60
11950,2.3.0,2,3,0,516
11951,0.9.0,0,9,0,108
11952,0.5.0,0,5,0,60
11953,0.1.6,0,1,6,18
11954,0.19.0,0,19,0,228
11955,0.1.6,0,1,6,18
11956,0.5.0,0,5,0,60
11957,1.1.6,1,1,6,258
11958,1.16.0,1,16,0,432
11959,1.0.0,1,0,0,240
11960,2.16.0,2,16,0,672
11961,0.5.0,0,5,0,60
11962,0.1.6,0,1,6,18
11963,1.4.0,1,4,0,288
11964,0.19.0,0,19,0,228
11965,0.5.0,0,5,0,60
11966,2.3.0,2,3,0,516
11967,1.11.0,1,11,0,372
11968,0.3.0,0,3,0,36
11969,0.9.0,0,9,0,108
11970,0.1.6,0,1,6,18
11971,0.3.0,0,3,0,36
11972,1.16.0,1,16,0,432
11973,0.9.0,0,9,0,108
11974,0.9.0,0,9,0,108
11975,0.5.0,0,5,0,60
11976,0.5.0,0,5,0,60
11977,1.6.0,1,6,0,312
11978,0.5.0,0,5,0,60
11979,0.5.0,0,5,0,60
11980,0.5.0,0,5,0,60
11981,0.5.0,0,5,0,60
11982,0.9.0,0,9,0,108
11983,0.9.0,0,9,0,108
11984,0.1.6,0,1,6,18
11985,0.1.6,0,1,6,18
11986,2.3.0,2,3,0,516
11987,2.16.0,2,16,0,672
11988,1.4.0,1,4,0,288
11989,0.5.0,0,5,0,60
11990,4.0.0,4,0,0,960
11991,0.5.0,0,5,0,60
11992,0.5.0,0,5,0,60
11993,0.9.0,0,9,0,108
11994,2.12.6,2,12,6,630
11995,0.5.0,0,5,0,60
11996,0.1.6,0,1,6,18
11997,0.3.0,0,3,0,36
11998,0.1.6,0,1,6,18
11999,0.1.6,0,1,6,18
12000,0.11.6,0,11,6,138
12001,4.0.0,4,0,0,960
12002,0.1.6,0,1,6,18
12003,0.9.0,0,9,0,108
12004,0.1.6,0,1,6,18
12005,1.1.0,1,1,0,252
12006,0.5.0,0,5,0,60
12007,0.1.6,0,1,6,18
12008,0.1.6,0,1,6,18
12009,1.11.0,1,11,0,372
12010,0.1.6,0,1,6,18
12011,0.11.6,0,11,6,138
12012,0.5.0,0,5,0,60
12013,2.3.0,2,3,0,516
12014,0.5.0,0,5,0,60
12015,4.0.0,4,0,0,960
12016,2.12.6,2,12,6,630
12017,0.1.6,0,1,6,18
12018,0.5.6,0,5,6,66
12019,0.1.6,0,1,6,18
12020,0.1.6,0,1,6,18
12021,0.9.0,0,9,0,108
12022,1.4.0,1,4,0,288
12023,1.1.0,1,1,0,252
12024,2.18.0,2,18,0,696
12025,0.11.6,0,11,6,138
12026,1.1.0,1,1,0,252
12027,2.12.6,2,12,6,630
12028,4.0.0,4,0,0,960
12029,13.10.0,13,10,0,3240
12030,2.12.6,2,12,6,630
12031,0.3.0,0,3,0,36
12032,1.1.6,1,1,6,258
12033,0.11.6,0,11,6,138
12034,0.3.0,0,3,0,36
12035,0.9.0,0,9,0,108
12036,0.3.0,0,3,0,36
12037,0.9.0,0,9,0,108
12038,0.5.0,0,5,0,60
12039,2.16.0,2,16,0,672
12040,0.1.6,0,1,6,18
12041,1.1.0,1,1,0,252
12042,0.1.6,0,1,6,18
12043,0.5.0,0,5,0,60
12044,0.1.6,0,1,6,18
12045,0.5.0,0,5,0,60
12046,0.5.0,0,5,0,60
12047,0.9.0,0,9,0,108
12048,0.9.0,0,9,0,108
12049,0.9.0,0,9,0,108
12050,0.9.0,0,9,0,108
12051,0.5.0,0,5,0,60
12052,0.1.6,0,1,6,18
12053,0.5.0,0,5,0,60
12054,0.5.0,0,5,0,60
12055,0.5.0,0,5,0,60
12056,1.16.0,1,16,0,432
12058,0.5.0,0,5,0,60
12059,0.9.0,0,9,0,108
12060,0.5.0,0,5,0,60
12061,2.12.6,2,12,6,630
12062,0.5.0,0,5,0,60
12063,0.9.0,0,9,0,108
12064,0.5.0,0,5,0,60
12065,0.5.0,0,5,0,60
12066,0.3.0,0,3,0,36
12067,0.1.6,0,1,6,18
12068,0.5.0,0,5,0,60
12069,1.1.6,1,1,6,258
12070,0.9.0,0,9,0,108
12071,2.12.6,2,12,6,630
12072,0.5.0,0,5,0,60
12075,6.0.0,6,0,0,1440
12076,2.12.6,2,12,6,630
12077,0.5.0,0,5,0,60
12078,0.3.0,0,3,0,36
12079,0.5.0,0,5,0,60
12080,0.1.6,0,1,6,18
12081,0.3.0,0,3,0,36
12082,0.5.0,0,5,0,60
12083,0.1.6,0,1,6,18
12084,0.5.0,0,5,0,60
12085,0.1.6,0,1,6,18
12086,1.1.0,1,1,0,252
12087,1.16.0,1,16,0,432
12088,1.1.6,1,1,6,258
12089,0.9.0,0,9,0,108
12090,0.9.0,0,9,0,108
12091,0.1.6,0,1,6,18
12092,4.0.0,4,0,0,960
12093,0.3.0,0,3,0,36
12094,2.3.0,2,3,0,516
12095,0.9.0,0,9,0,108
12096,0.5.0,0,5,0,60
12097,1.16.0,1,16,0,432
12098,1.4.0,1,4,0,288
12099,0.5.0,0,5,0,60
12100,0.5.0,0,5,0,60
12101,2.12.6,2,12,6,630
12102,2.12.6,2,12,6,630
12103,0.5.0,0,5,0,60
12104,2.3.0,2,3,0,516
12105,0.9.0,0,9,0,108
12106,0.5.0,0,5,0,60
12107,0.9.0,0,9,0,108
12108,0.3.0,0,3,0,36
12109,0.1.6,0,1,6,18
12110,0.3.0,0,3,0,36
12111,0.9.0,0,9,0,108
12112,0.9.0,0,9,0,108
12113,0.9.0,0,9,0,108
12114,0.9.0,0,9,0,108
12115,0.9.0,0,9,0,108
12116,0.5.0,0,5,0,60
12117,2.12.6,2,12,6,630
12118,0.3.0,0,3,0,36
12119,0.5.0,0,5,0,60
12120,0.1.6,0,1,6,18
12121,2.3.0,2,3,0,516
12122,0.9.0,0,9,0,108
12123,1.1.0,1,1,0,252
12124,0.1.6,0,1,6,18
12125,1.4.0,1,4,0,288
12126,0.3.0,0,3,0,36
12127,1.13.6,1,13,6,402
12128,0.9.0,0,9,0,108
12129,1.11.0,1,11,0,372
12130,0.1.6,0,1,6,18
12131,0.5.0,0,5,0,60
12132,1.16.0,1,16,0,432
12133,0.9.0,0,9,0,108
12134,0.5.0,0,5,0,60
12135,0.1.6,0,1,6,18
12136,0.1.6,0,1,6,18
12137,2.3.0,2,3,0,516
12138,1.1.0,1,1,0,252
12139,1.1.0,1,1,0,252
12140,1.1.0,1,1,0,252
12141,0.5.0,0,5,0,60
12142,1.1.0,1,1,0,252
12143,2.3.0,2,3,0,516
12144,1.16.0,1,16,0,432
12145,15.0.0,15,0,0,3600
12146,2.12.6,2,12,6,630
12147,0.3.0,0,3,0,36
12148,0.5.0,0,5,0,60
12149,6.7.0,6,7,0,1524
12150,0.9.0,0,9,0,108
12151,0.5.0,0,5,0,60
12152,0.5.0,0,5,0,60
12153,0.5.0,0,5,0,60
12154,1.1.0,1,1,0,252
12155,2.12.6,2,12,6,630
12156,0.3.0,0,3,0,36
12157,0.1.6,0,1,6,18
12158,0.3.0,0,3,0,36
12159,0.5.0,0,5,0,60
12160,0.5.0,0,5,0,60
12161,0.1.6,0,1,6,18
12162,0.1.6,0,1,6,18
12163,0.1.6,0,1,6,18
12164,0.5.0,0,5,0,60
12165,2.3.0,2,3,0,516
12166,0.9.0,0,9,0,108
12167,2.13.0,2,13,0,636
12168,0.5.0,0,5,0,60
12169,0.1.6,0,1,6,18
12170,1.11.0,1,11,0,372
12171,2.0.0,2,0,0,480
12172,0.5.0,0,5,0,60
12173,0.5.0,0,5,0,60
12174,0.5.0,0,5,0,60
12175,0.1.6,0,1,6,18
12176,0.5.0,0,5,0,60
12177,0.3.0,0,3,0,36
12178,0.9.0,0,9,0,108
12179,2.12.6,2,12,6,630
12180,0.5.0,0,5,0,60
12181,0.1.6,0,1,6,18
12182,0.9.0,0,9,0,108
12183,0.9.0,0,9,0,108
12184,0.5.0,0,5,0,60
12185,0.3.0,0,3,0,36
12186,1.1.0,1,1,0,252
12187,0.3.0,0,3,0,36
12188,0.5.0,0,5,0,60
12189,0.5.0,0,5,0,60
12190,0.9.0,0,9,0,108
12191,0.5.0,0,5,0,60
12192,1.4.0,1,4,0,288
12193,0.1.6,0,1,6,18
12194,0.1.6,0,1,6,18
12195,0.9.0,0,9,0,108
12196,2.16.0,2,16,0,672
12197,0.5.0,0,5,0,60
12198,0.5.0,0,5,0,60
12199,0.5.0,0,5,0,60
12200,1.4.0,1,4,0,288
12201,0.3.0,0,3,0,36
12202,0.5.0,0,5,0,60
12203,0.9.0,0,9,0,108
12204,0.3.0,0,3,0,36
12205,4.0.0,4,0,0,960
12206,0.1.6,0,1,6,18
12207,0.9.0,0,9,0,108
12208,0.9.0,0,9,0,108
12209,0.9.0,0,9,0,108
12210,0.5.0,0,5,0,60
12211,0.5.0,0,5,0,60
12212,2.12.6,2,12,6,630
12213,2.0.0,2,0,0,480
12214,0.5.0,0,5,0,60
12215,4.0.0,4,0,0,960
12216,1.4.0,1,4,0,288
12217,0.5.0,0,5,0,60
12218,0.5.0,0,5,0,60
12219,1.13.6,1,13,6,402
12220,0.5.0,0,5,0,60
12221,1.6.0,1,6,0,312
12222,0.9.0,0,9,0,108
12223,2.3.0,2,3,0,516
12224,1.16.0,1,16,0,432
12225,0.1.6,0,1,6,18
12226,0.5.0,0,5,0,60
12227,0.9.0,0,9,0,108
12228,0.1.6,0,1,6,18
12229,0.1.6,0,1,6,18
12230,1.1.0,1,1,0,252
12231,0.9.0,0,9,0,108
12232,2.12.6,2,12,6,630
12233,0.1.6,0,1,6,18
12234,0.9.0,0,9,0,108
12235,0.9.0,0,9,0,108
12236,0.5.0,0,5,0,60
12237,1.16.0,1,16,0,432
12238,0.5.0,0,5,0,60
12239,0.13.0,0,13,0,156
12240,0.9.0,0,9,0,108
12241,0.5.0,0,5,0,60
12242,0.5.0,0,5,0,60
12243,0.1.6,0,1,6,18
12244,2.13.0,2,13,0,636
12245,0.1.6,0,1,6,18
12246,1.4.0,1,4,0,288
12247,4.0.0,4,0,0,960
12248,0.1.6,0,1,6,18
12249,2.3.0,2,3,0,516
12250,1.1.6,1,1,6,258
12251,0.9.0,0,9,0,108
12252,2.12.6,2,12,6,630
12253,0.1.6,0,1,6,18
12254,0.3.0,0,3,0,36
12255,0.5.0,0,5,0,60
12256,0.9.0,0,9,0,108
12257,0.3.0,0,3,0,36
12258,0.9.0,0,9,0,108
12259,0.1.6,0,1,6,18
12260,0.1.6,0,1,6,18
12261,2.16.0,2,16,0,672
12262,0.9.0,0,9,0,108
12263,0.5.0,0,5,0,60
12264,0.5.0,0,5,0,60
12265,0.9.0,0,9,0,108
12266,0.9.0,0,9,0,108
12267,0.5.0,0,5,0,60
12268,0.11.6,0,11,6,138
12269,0.9.0,0,9,0,108
12270,0.5.0,0,5,0,60
12271,0.5.0,0,5,0,60
12272,0.1.6,0,1,6,18
12273,0.9.0,0,9,0,108
12274,0.9.0,0,9,0,108
12275,0.5.0,0,5,0,60
12276,0.5.0,0,5,0,60
12277,0.5.0,0,5,0,60
12278,0.1.6,0,1,6,18
12279,0.9.0,0,9,0,108
12280,0.1.6,0,1,6,18
12281,1.6.0,1,6,0,312
12282,0.1.6,0,1,6,18
12283,2.3.0,2,3,0,516
12284,0.9.0,0,9,0,108
12285,0.5.0,0,5,0,60
12286,0.9.0,0,9,0,108
12287,2.12.6,2,12,6,630
12288,0.5.0,0,5,0,60
12289,0.5.0,0,5,0,60
12290,0.5.0,0,5,0,60
12291,0.5.0,0,5,0,60
12292,0.1.6,0,1,6,18
12293,0.1.6,0,1,6,18
12294,0.1.6,0,1,6,18
12295,1.4.0,1,4,0,288
12296,0.1.6,0,1,6,18
12297,1.16.0,1,16,0,432
12298,0.5.0,0,5,0,60
12299,0.5.0,0,5,0,60
12300,0.9.0,0,9,0,108
12301,0.9.0,0,9,0,108
12302,0.9.0,0,9,0,108
12303,0.9.0,0,9,0,108
12304,0.1.6,0,1,6,18
12305,2.12.6,2,12,6,630
12306,0.1.6,0,1,6,18
12307,0.5.0,0,5,0,60
12308,0.5.0,0,5,0,60
12309,0.5.0,0,5,0,60
12310,0.5.0,0,5,0,60
12311,2.3.0,2,3,0,516
12312,4.0.0,4,0,0,960
12313,0.1.6,0,1,6,18
12314,0.5.0,0,5,0,60
12315,0.9.0,0,9,0,108
12316,2.12.6,2,12,6,630
12317,0.1.6,0,1,6,18
12318,0.5.0,0,5,0,60
12319,2.3.0,2,3,0,516
12320,0.5.0,0,5,0,60
12321,0.9.0,0,9,0,108
12322,0.9.0,0,9,0,108
12323,0.1.6,0,1,6,18
12324,0.9.0,0,9,0,108
12325,0.9.0,0,9,0,108
12326,0.5.0,0,5,0,60
12327,0.9.0,0,9,0,108
12328,0.5.0,0,5,0,60
12329,0.9.0,0,9,0,108
12330,0.1.6,0,1,6,18
12331,0.1.6,0,1,6,18
12332,0.9.0,0,9,0,108
12333,1.16.0,1,16,0,432
12334,1.13.0,1,13,0,396
12335,0.5.0,0,5,0,60
12336,0.9.0,0,9,0,108
12337,0.9.0,0,9,0,108
12338,1.16.0,1,16,0,432
12339,0.5.0,0,5,0,60
12340,0.5.0,0,5,0,60
12341,0.5.0,0,5,0,60
12342,0.1.6,0,1,6,18
12343,1.4.0,1,4,0,288
12344,0.5.0,0,5,0,60
12345,0.9.0,0,9,0,108
12346,0.3.0,0,3,0,36
12347,0.5.0,0,5,0,60
12348,0.9.0,0,9,0,108
12349,2.12.6,2,12,6,630
12350,0.5.0,0,5,0,60
12351,0.5.0,0,5,0,60
12352,0.5.0,0,5,0,60
12353,0.5.0,0,5,0,60
12354,0.3.0,0,3,0,36
12355,0.3.0,0,3,0,36
12356,0.5.0,0,5,0,60
12357,0.5.0,0,5,0,60
12358,0.3.0,0,3,0,36
12359,0.1.6,0,1,6,18
12360,0.9.0,0,9,0,108
12361,0.5.0,0,5,0,60
12362,0.9.0,0,9,0,108
12363,0.9.0,0,9,0,108
12364,0.9.0,0,9,0,108
12365,0.5.0,0,5,0,60
12366,0.5.0,0,5,0,60
12367,0.9.0,0,9,0,108
12368,0.5.0,0,5,0,60
12369,0.5.0,0,5,0,60
12370,0.5.0,0,5,0,60
12371,0.5.0,0,5,0,60
12372,0.9.0,0,9,0,108
12373,0.1.6,0,1,6,18
12374,0.1.6,0,1,6,18
12375,0.9.0,0,9,0,108
12376,0.5.0,0,5,0,60
12377,2.3.0,2,3,0,516
12378,0.9.0,0,9,0,108
12379,0.5.0,0,5,0,60
12380,0.5.0,0,5,0,60
12381,0.9.0,0,9,0,108
12382,1.16.0,1,16,0,432
12383,0.9.0,0,9,0,108
12384,0.5.0,0,5,0,60
12385,0.5.0,0,5,0,60
12386,0.5.0,0,5,0,60
12387,0.5.0,0,5,0,60
12388,0.5.0,0,5,0,60
12389,0.5.0,0,5,0,60
12390,0.5.0,0,5,0,60
12391,2.16.0,2,16,0,672
12392,0.1.6,0,1,6,18
12393,1.11.0,1,11,0,372
12394,2.3.0,2,3,0,516
12395,9.0.0,9,0,0,2160
12396,2.12.6,2,12,6,630
12397,4.0.0,4,0,0,960
12398,0.9.0,0,9,0,108
12399,0.9.0,0,9,0,108
12400,0.5.0,0,5,0,60
12401,0.12.0,0,12,0,144
12402,1.13.6,1,13,6,402
12403,0.9.0,0,9,0,108
12404,0.5.0,0,5,0,60
12405,0.1.6,0,1,6,18
12406,0.1.6,0,1,6,18
12407,0.3.0,0,3,0,36
12408,0.11.6,0,11,6,138
12409,0.3.0,0,3,0,36
12410,0.1.6,0,1,6,18
12411,1.16.0,1,16,0,432
12412,6.0.0,6,0,0,1440
12413,2.12.6,2,12,6,630
12414,0.5.0,0,5,0,60
12415,0.3.0,0,3,0,36
12416,0.5.0,0,5,0,60
12417,0.5.0,0,5,0,60
12418,0.5.0,0,5,0,60
12419,0.9.0,0,9,0,108
12420,0.3.0,0,3,0,36
12421,2.3.0,2,3,0,516
12422,0.5.0,0,5,0,60
12423,1.16.0,1,16,0,432
12424,0.5.0,0,5,0,60
12425,0.5.0,0,5,0,60
12426,0.5.0,0,5,0,60
12427,0.9.0,0,9,0,108
12428,0.5.0,0,5,0,60
12429,0.5.0,0,5,0,60
12430,0.3.0,0,3,0,36
12431,0.9.0,0,9,0,108
12432,0.9.0,0,9,0,108
12433,1.16.0,1,16,0,432
12434,0.1.6,0,1,6,18
12435,0.3.0,0,3,0,36
12436,0.9.0,0,9,0,108
12437,0.9.0,0,9,0,108
12438,0.5.0,0,5,0,60
12439,0.5.0,0,5,0,60
12440,0.3.0,0,3,0,36
12441,0.3.0,0,3,0,36
12442,0.9.0,0,9,0,108
12443,0.9.0,0,9,0,108
12444,0.12.0,0,12,0,144
12445,0.1.6,0,1,6,18
12446,0.1.6,0,1,6,18
12447,0.3.0,0,3,0,36
12448,0.1.6,0,1,6,18
12449,0.5.0,0,5,0,60
12450,0.9.0,0,9,0,108
12451,0.5.0,0,5,0,60
12452,0.1.6,0,1,6,18
12453,0.9.0,0,9,0,108
12454,0.9.0,0,9,0,108
12455,0.9.0,0,9,0,108
12456,0.5.0,0,5,0,60
12457,1.11.0,1,11,0,372
12458,0.5.0,0,5,0,60
12459,0.9.0,0,9,0,108
12460,0.3.0,0,3,0,36
12461,1.16.0,1,16,0,432
12462,0.5.0,0,5,0,60
12463,0.9.0,0,9,0,108
12464,2.12.6,2,12,6,630
12465,1.4.0,1,4,0,288
12466,0.5.0,0,5,0,60
12467,0.5.0,0,5,0,60
12468,0.9.0,0,9,0,108
12469,0.3.0,0,3,0,36
12470,0.1.6,0,1,6,18
12471,0.9.0,0,9,0,108
12472,0.9.0,0,9,0,108
12473,0.5.0,0,5,0,60
12474,0.5.0,0,5,0,60
12475,0.5.0,0,5,0,60
12476,2.3.0,2,3,0,516
12477,0.1.6,0,1,6,18
12478,0.1.6,0,1,6,18
12479,1.11.0,1,11,0,372
12480,2.3.0,2,3,0,516
12481,1.4.0,1,4,0,288
12482,1.1.6,1,1,6,258
12483,0.5.0,0,5,0,60
12484,0.5.0,0,5,0,60
12485,0.1.6,0,1,6,18
12486,0.9.0,0,9,0,108
12487,0.9.0,0,9,0,108
12488,0.5.0,0,5,0,60
12489,0.5.0,0,5,0,60
12490,2.12.6,2,12,6,630
12491,2.3.0,2,3,0,516
12492,0.9.0,0,9,0,108
12493,0.1.6,0,1,6,18
12494,1.16.0,1,16,0,432
12495,0.5.0,0,5,0,60
12496,0.9.0,0,9,0,108
12497,2.3.0,2,3,0,516
12498,0.3.0,0,3,0,36
12499,0.5.0,0,5,0,60
12500,1.3.6,1,3,6,282
12501,1.1.0,1,1,0,252
12502,0.5.0,0,5,0,60
12503,0.5.0,0,5,0,60
12504,0.9.0,0,9,0,108
12505,0.1.6,0,1,6,18
12506,1.4.0,1,4,0,288
12507,1.4.0,1,4,0,288
12508,2.15.6,2,15,6,666
12509,1.3.6,1,3,6,282
12510,1.1.0,1,1,0,252
12511,0.5.0,0,5,0,60
12512,0.1.6,0,1,6,18
12513,1.1.0,1,1,0,252
12514,1.1.0,1,1,0,252
12515,2.3.0,2,3,0,516
12516,6.0.0,6,0,0,1440
12517,2.12.6,2,12,6,630
12518,0.5.0,0,5,0,60
12519,0.9.0,0,9,0,108
12520,0.9.0,0,9,0,108
12521,0.9.0,0,9,0,108
12522,0.9.0,0,9,0,108
12523,0.9.0,0,9,0,108
12524,0.5.0,0,5,0,60
12525,0.5.0,0,5,0,60
12526,0.5.0,0,5,0,60
12528,0.5.0,0,5,0,60
12529,0.12.0,0,12,0,144
12530,0.1.6,0,1,6,18
12531,0.1.6,0,1,6,18
12532,0.5.0,0,5,0,60
12533,0.5.0,0,5,0,60
12534,2.12.6,2,12,6,630
12535,0.5.0,0,5,0,60
12536,1.16.0,1,16,0,432
12537,4.0.0,4,0,0,960
12538,6.0.0,6,0,0,1440
12539,1.4.0,1,4,0,288
12540,0.5.0,0,5,0,60
12541,0.9.0,0,9,0,108
12542,1.16.0,1,16,0,432
12543,1.1.6,1,1,6,258
12544,1.11.0,1,11,0,372
12545,0.9.0,0,9,0,108
12546,0.9.0,0,9,0,108
12547,0.9.0,0,9,0,108
12548,0.9.0,0,9,0,108
12549,0.5.0,0,5,0,60
12550,0.5.0,0,5,0,60
12551,0.5.0,0,5,0,60
12552,0.1.6,0,1,6,18
12553,0.3.0,0,3,0,36
12554,2.3.0,2,3,0,516
12555,4.0.0,4,0,0,960
12556,2.13.0,2,13,0,636
12557,0.1.6,0,1,6,18
12558,0.5.0,0,5,0,60
12559,1.1.0,1,1,0,252
12560,4.0.0,4,0,0,960
12561,0.9.0,0,9,0,108
12562,0.3.0,0,3,0,36
12563,0.9.0,0,9,0,108
12564,0.9.0,0,9,0,108
12565,2.12.6,2,12,6,630
12566,0.5.0,0,5,0,60
12567,4.0.0,4,0,0,960
12568,0.14.0,0,14,0,168
12569,0.9.0,0,9,0,108
12570,0.3.0,0,3,0,36
12571,1.16.0,1,16,0,432
12572,1.16.0,1,16,0,432
12573,0.5.0,0,5,0,60
12574,1.1.0,1,1,0,252
12575,0.3.0,0,3,0,36
12576,1.4.0,1,4,0,288
12577,1.11.0,1,11,0,372
12578,1.4.0,1,4,0,288
12579,0.17.6,0,17,6,210
12580,0.5.0,0,5,0,60
12581,0.9.0,0,9,0,108
12582,0.9.0,0,9,0,108
12583,0.9.0,0,9,0,108
12584,0.1.6,0,1,6,18
12585,0.3.0,0,3,0,36
12586,0.9.0,0,9,0,108
12587,0.3.0,0,3,0,36
12588,0.9.0,0,9,0,108
12589,0.9.0,0,9,0,108
12590,0.1.6,0,1,6,18
12591,0.1.6,0,1,6,18
12592,0.9.0,0,9,0,108
12593,0.5.0,0,5,0,60
12594,1.1.0,1,1,0,252
12595,0.5.0,0,5,0,60
12596,0.9.0,0,9,0,108
12597,0.1.6,0,1,6,18
12598,0.3.0,0,3,0,36
12599,0.5.0,0,5,0,60
12600,0.15.0,0,15,0,180
12601,0.9.0,0,9,0,108
12602,1.11.6,1,11,6,378
12603,0.9.0,0,9,0,108
12604,0.9.0,0,9,0,108
12605,2.12.6,2,12,6,630
12606,0.9.0,0,9,0,108
12607,1.6.0,1,6,0,312
12608,4.0.0,4,0,0,960
12609,0.9.0,0,9,0,108
12610,0.5.0,0,5,0,60
12611,1.11.0,1,11,0,372
12612,0.9.0,0,9,0,108
12613,0.3.0,0,3,0,36
12614,0.9.0,0,9,0,108
12615,0.9.0,0,9,0,108
12616,0.9.0,0,9,0,108
12617,0.9.0,0,9,0,108
12618,0.9.0,0,9,0,108
12619,0.5.0,0,5,0,60
12620,0.3.0,0,3,0,36
12621,0.5.0,0,5,0,60
12622,0.1.6,0,1,6,18
12623,0.5.0,0,5,0,60
12624,0.1.6,0,1,6,18
12625,0.1.6,0,1,6,18
12626,0.5.0,0,5,0,60
12627,4.0.0,4,0,0,960
12628,2.3.0,2,3,0,516
12629,0.5.0,0,5,0,60
12630,0.5.0,0,5,0,60
12631,2.12.6,2,12,6,630
12632,0.1.6,0,1,6,18
12633,0.1.6,0,1,6,18
12634,0.5.0,0,5,0,60
12635,0.5.0,0,5,0,60
12636,0.9.0,0,9,0,108
12637,0.5.0,0,5,0,60
12638,0.5.0,0,5,0,60
12639,0.9.0,0,9,0,108
12640,0.5.0,0,5,0,60
12641,2.12.6,2,12,6,630
12642,0.1.6,0,1,6,18
12643,0.5.0,0,5,0,60
12644,0.3.0,0,3,0,36
12645,0.3.0,0,3,0,36
12646,1.11.0,1,11,0,372
12647,0.5.0,0,5,0,60
12648,0.1.6,0,1,6,18
12649,0.1.6,0,1,6,18
12650,0.9.0,0,9,0,108
12651,0.1.6,0,1,6,18
12652,0.5.0,0,5,0,60
12653,1.11.0,1,11,0,372
12654,0.5.0,0,5,0,60
12655,0.5.0,0,5,0,60
12656,0.9.0,0,9,0,108
12657,2.12.6,2,12,6,630
12658,0.1.6,0,1,6,18
12659,0.5.0,0,5,0,60
12660,0.9.0,0,9,0,108
12661,0.1.6,0,1,6,18
12662,0.5.0,0,5,0,60
12663,0.9.0,0,9,0,108
12664,1.1.6,1,1,6,258
12665,0.1.6,0,1,6,18
12666,0.1.6,0,1,6,18
12667,0.9.0,0,9,0,108
12668,0.12.0,0,12,0,144
12669,0.9.0,0,9,0,108
12670,0.9.0,0,9,0,108
12671,0.5.0,0,5,0,60
12672,0.5.0,0,5,0,60
12673,2.12.6,2,12,6,630
12674,2.12.6,2,12,6,630
12675,0.1.6,0,1,6,18
12676,0.1.6,0,1,6,18
12677,2.3.0,2,3,0,516
12678,0.1.6,0,1,6,18
12679,0.3.0,0,3,0,36
12680,2.3.0,2,3,0,516
12681,0.9.0,0,9,0,108
12682,0.19.0,0,19,0,228
12683,0.14.0,0,14,0,168
12684,1.16.0,1,16,0,432
12685,0.5.0,0,5,0,60
12686,2.12.6,2,12,6,630
12687,2.16.0,2,16,0,672
12689,1.4.0,1,4,0,288
12690,0.3.0,0,3,0,36
12691,0.1.6,0,1,6,18
12692,1.6.0,1,6,0,312
12693,1.1.0,1,1,0,252
12694,1.6.0,1,6,0,312
12695,0.3.0,0,3,0,36
12696,2.13.0,2,13,0,636
12697,0.5.0,0,5,0,60
12698,0.3.0,0,3,0,36
12699,2.3.0,2,3,0,516
12700,1.1.6,1,1,6,258
12701,1.1.0,1,1,0,252
12702,0.9.0,0,9,0,108
12703,0.9.0,0,9,0,108
12704,0.5.0,0,5,0,60
12705,0.1.6,0,1,6,18
12706,0.3.0,0,3,0,36
12707,2.3.0,2,3,0,516
12708,0.5.0,0,5,0,60
12709,0.12.0,0,12,0,144
12710,2.13.0,2,13,0,636
12711,0.9.0,0,9,0,108
12712,0.5.0,0,5,0,60
12713,0.9.0,0,9,0,108
12714,0.9.0,0,9,0,108
12715,2.12.6,2,12,6,630
12716,0.3.0,0,3,0,36
12717,1.3.6,1,3,6,282
12718,0.9.0,0,9,0,108
12719,1.1.0,1,1,0,252
12720,1.11.0,1,11,0,372
12721,0.3.0,0,3,0,36
12722,0.9.0,0,9,0,108
12723,0.3.0,0,3,0,36
12724,0.9.0,0,9,0,108
12725,0.9.0,0,9,0,108
12726,0.1.6,0,1,6,18
12727,0.5.0,0,5,0,60
12728,1.1.0,1,1,0,252
12729,1.1.0,1,1,0,252
12730,0.3.0,0,3,0,36
12731,0.5.0,0,5,0,60
12732,0.9.0,0,9,0,108
12733,1.4.0,1,4,0,288
12734,1.11.0,1,11,0,372
12735,0.5.0,0,5,0,60
12736,0.9.0,0,9,0,108
12737,2.12.6,2,12,6,630
12738,0.1.6,0,1,6,18
12739,0.1.6,0,1,6,18
12740,0.1.6,0,1,6,18
12741,0.5.0,0,5,0,60
12742,0.9.0,0,9,0,108
12743,0.5.0,0,5,0,60
12744,1.1.0,1,1,0,252
12745,0.5.0,0,5,0,60
12746,0.5.0,0,5,0,60
12747,2.12.6,2,12,6,630
12748,0.9.0,0,9,0,108
12749,0.5.0,0,5,0,60
12750,0.9.0,0,9,0,108
12751,0.3.0,0,3,0,36
12752,0.5.0,0,5,0,60
12753,1.4.0,1,4,0,288
12754,0.3.0,0,3,0,36
12755,0.3.0,0,3,0,36
12756,1.11.0,1,11,0,372
12757,0.9.0,0,9,0,108
12758,0.1.6,0,1,6,18
12759,2.3.0,2,3,0,516
12760,0.9.0,0,9,0,108
12761,0.9.0,0,9,0,108
12762,0.9.0,0,9,0,108
12763,0.14.0,0,14,0,168
12764,1.16.0,1,16,0,432
12765,0.9.0,0,9,0,108
12766,2.3.0,2,3,0,516
12767,0.5.0,0,5,0,60
12768,0.9.0,0,9,0,108
12769,0.5.0,0,5,0,60
12770,2.12.6,2,12,6,630
12771,1.0.0,1,0,0,240
12772,0.1.6,0,1,6,18
12773,0.3.0,0,3,0,36
12774,0.9.0,0,9,0,108
12775,2.3.0,2,3,0,516
12776,9.0.0,9,0,0,2160
12777,2.12.6,2,12,6,630
12778,1.16.0,1,16,0,432
12779,0.5.0,0,5,0,60
12780,0.5.0,0,5,0,60
12781,0.5.0,0,5,0,60
12782,0.1.6,0,1,6,18
12783,2.12.6,2,12,6,630
12784,2.3.0,2,3,0,516
12785,1.1.0,1,1,0,252
12786,0.5.0,0,5,0,60
12787,0.5.0,0,5,0,60
12788,0.1.6,0,1,6,18
12789,0.9.0,0,9,0,108
12790,0.5.0,0,5,0,60
12791,0.9.0,0,9,0,108
12793,0.1.6,0,1,6,18
12794,1.1.0,1,1,0,252
12795,1.1.0,1,1,0,252
12796,0.5.0,0,5,0,60
12797,0.5.0,0,5,0,60
12798,0.9.0,0,9,0,108
12799,0.1.6,0,1,6,18
12800,0.9.0,0,9,0,108
12801,2.3.0,2,3,0,516
12802,0.19.0,0,19,0,228
12803,2.3.0,2,3,0,516
12804,2.12.6,2,12,6,630
12805,0.1.6,0,1,6,18
12806,0.3.0,0,3,0,36
12807,0.1.6,0,1,6,18
12808,2.15.6,2,15,6,666
12809,1.4.0,1,4,0,288
12810,0.9.0,0,9,0,108
12811,2.16.0,2,16,0,672
12812,0.9.0,0,9,0,108
12813,0.9.0,0,9,0,108
12814,0.9.0,0,9,0,108
12815,0.5.0,0,5,0,60
12816,0.5.0,0,5,0,60
12817,0.1.6,0,1,6,18
12818,2.12.6,2,12,6,630
12819,0.1.6,0,1,6,18
12820,0.1.6,0,1,6,18
12821,0.5.0,0,5,0,60
12822,0.3.0,0,3,0,36
12823,0.5.0,0,5,0,60
12825,0.5.0,0,5,0,60
12826,0.5.0,0,5,0,60
12827,0.1.6,0,1,6,18
12828,2.3.0,2,3,0,516
12829,1.4.0,1,4,0,288
12830,0.3.0,0,3,0,36
12831,0.9.0,0,9,0,108
12832,0.1.6,0,1,6,18
12833,2.12.6,2,12,6,630
12834,0.1.6,0,1,6,18
12835,0.3.0,0,3,0,36
12836,0.3.0,0,3,0,36
12837,0.9.0,0,9,0,108
12838,0.9.0,0,9,0,108
12839,0.3.0,0,3,0,36
12840,0.1.6,0,1,6,18
12841,1.1.0,1,1,0,252
12842,0.1.6,0,1,6,18
12843,2.3.0,2,3,0,516
12844,0.3.0,0,3,0,36
12845,0.5.0,0,5,0,60
12846,0.9.0,0,9,0,108
12847,0.1.6,0,1,6,18
12848,0.1.6,0,1,6,18
12849,0.5.0,0,5,0,60
12850,0.9.0,0,9,0,108
12851,0.9.0,0,9,0,108
12852,2.12.6,2,12,6,630
12853,0.1.6,0,1,6,18
12854,0.5.0,0,5,0,60
12855,0.1.6,0,1,6,18
12856,0.3.0,0,3,0,36
12857,0.1.6,0,1,6,18
12858,2.3.0,2,3,0,516
12859,0.1.6,0,1,6,18
12860,0.9.0,0,9,0,108
12861,2.12.6,2,12,6,630
12862,4.0.0,4,0,0,960
12863,0.7.6,0,7,6,90
12864,0.5.0,0,5,0,60
12865,1.1.0,1,1,0,252
12866,0.1.6,0,1,6,18
12867,0.9.0,0,9,0,108
12868,0.9.0,0,9,0,108
12869,0.5.0,0,5,0,60
12870,4.0.0,4,0,0,960
12871,0.5.0,0,5,0,60
12872,0.1.6,0,1,6,18
12873,0.5.0,0,5,0,60
12874,0.5.0,0,5,0,60
12875,4.0.0,4,0,0,960
12878,0.1.6,0,1,6,18
12879,0.1.6,0,1,6,18
12880,11.5.0,11,5,0,2700
12881,0.5.0,0,5,0,60
12882,0.9.0,0,9,0,108
12883,0.5.0,0,5,0,60
12884,0.3.0,0,3,0,36
12885,1.6.0,1,6,0,312
12886,1.16.0,1,16,0,432
12887,0.5.0,0,5,0,60
12888,0.1.6,0,1,6,18
12889,0.5.0,0,5,0,60
12890,0.3.0,0,3,0,36
12891,0.1.6,0,1,6,18
12892,0.1.6,0,1,6,18
12893,1.1.6,1,1,6,258
12894,0.5.0,0,5,0,60
12895,0.5.0,0,5,0,60
12896,0.5.0,0,5,0,60
12897,0.1.6,0,1,6,18
12898,0.5.0,0,5,0,60
12899,0.9.0,0,9,0,108
12900,0.1.6,0,1,6,18
12901,0.5.0,0,5,0,60
12902,0.3.0,0,3,0,36
12903,0.5.0,0,5,0,60
12904,0.5.0,0,5,0,60
12905,0.14.0,0,14,0,168
12906,0.1.6,0,1,6,18
12907,1.11.0,1,11,0,372
12908,0.5.0,0,5,0,60
12909,2.12.6,2,12,6,630
12910,0.9.0,0,9,0,108
12911,0.9.0,0,9,0,108
12912,1.1.0,1,1,0,252
12913,0.1.6,0,1,6,18
12914,0.3.0,0,3,0,36
12915,0.3.0,0,3,0,36
12916,0.5.0,0,5,0,60
12917,0.3.0,0,3,0,36
12918,0.5.0,0,5,0,60
12919,0.1.6,0,1,6,18
12920,0.1.6,0,1,6,18
12921,0.3.0,0,3,0,36
12922,2.16.0,2,16,0,672
12923,1.1.0,1,1,0,252
12924,0.9.0,0,9,0,108
12925,2.16.0,2,16,0,672
12926,0.19.0,0,19,0,228
12927,0.9.0,0,9,0,108
12928,0.5.0,0,5,0,60
12929,0.5.0,0,5,0,60
12930,0.5.0,0,5,0,60
12931,0.9.0,0,9,0,108
12932,0.9.0,0,9,0,108
12933,0.19.0,0,19,0,228
12934,0.9.0,0,9,0,108
12935,0.9.0,0,9,0,108
12936,0.19.0,0,19,0,228
12937,0.5.0,0,5,0,60
12938,0.1.6,0,1,6,18
12939,0.1.6,0,1,6,18
12940,0.9.0,0,9,0,108
12941,0.5.0,0,5,0,60
12942,0.1.6,0,1,6,18
12943,1.4.0,1,4,0,288
12944,1.6.0,1,6,0,312
12945,4.0.0,4,0,0,960
12946,0.5.0,0,5,0,60
12947,4.0.0,4,0,0,960
12948,4.0.0,4,0,0,960
12949,0.5.0,0,5,0,60
12952,0.9.0,0,9,0,108
12953,0.5.0,0,5,0,60
12954,0.5.0,0,5,0,60
12955,0.12.0,0,12,0,144
12956,0.5.0,0,5,0,60
12957,0.9.0,0,9,0,108
12958,0.1.6,0,1,6,18
12959,0.1.6,0,1,6,18
12960,0.5.0,0,5,0,60
12961,1.4.0,1,4,0,288
12962,0.5.0,0,5,0,60
12963,1.1.0,1,1,0,252
12964,0.9.0,0,9,0,108
12965,0.9.0,0,9,0,108
12966,0.5.0,0,5,0,60
12967,2.12.6,2,12,6,630
12968,1.0.0,1,0,0,240
12970,0.5.0,0,5,0,60
12971,0.1.6,0,1,6,18
12972,0.5.0,0,5,0,60
12973,0.5.0,0,5,0,60
12974,0.12.0,0,12,0,144
12975,0.1.6,0,1,6,18
12976,0.1.6,0,1,6,18
12977,2.12.6,2,12,6,630
12978,0.1.6,0,1,6,18
12979,0.9.0,0,9,0,108
12980,0.1.6,0,1,6,18
12981,0.1.6,0,1,6,18
12982,0.9.0,0,9,0,108
12983,1.11.0,1,11,0,372
12984,0.9.0,0,9,0,108
12985,0.9.0,0,9,0,108
12986,0.1.6,0,1,6,18
12987,2.16.0,2,16,0,672
12988,1.16.0,1,16,0,432
12989,0.1.6,0,1,6,18
12990,0.3.0,0,3,0,36
12991,2.3.0,2,3,0,516
12992,0.5.0,0,5,0,60
12993,0.5.0,0,5,0,60
12994,1.16.0,1,16,0,432
12995,0.9.0,0,9,0,108
12996,0.5.0,0,5,0,60
12997,0.5.0,0,5,0,60
12998,0.9.0,0,9,0,108
12999,0.9.0,0,9,0,108
13000,2.3.0,2,3,0,516
13001,0.1.6,0,1,6,18
13002,0.12.0,0,12,0,144
13003,0.3.0,0,3,0,36
13004,0.5.0,0,5,0,60
13005,0.5.0,0,5,0,60
13006,0.5.0,0,5,0,60
13007,0.5.0,0,5,0,60
13008,0.9.0,0,9,0,108
13009,0.5.0,0,5,0,60
13010,2.12.6,2,12,6,630
13011,0.1.6,0,1,6,18
13012,0.1.6,0,1,6,18
13013,1.11.6,1,11,6,378
13014,0.5.0,0,5,0,60
13015,0.3.0,0,3,0,36
13016,0.9.0,0,9,0,108
13017,0.3.0,0,3,0,36
13018,0.5.0,0,5,0,60
13019,0.9.0,0,9,0,108
13020,0.5.0,0,5,0,60
13021,0.9.0,0,9,0,108
13022,0.9.0,0,9,0,108
13023,1.1.0,1,1,0,252
13024,0.1.6,0,1,6,18
13025,0.3.0,0,3,0,36
13026,0.1.6,0,1,6,18
13027,0.5.0,0,5,0,60
13028,0.1.6,0,1,6,18
13029,0.19.0,0,19,0,228
13030,0.9.0,0,9,0,108
13031,0.9.0,0,9,0,108
13032,0.12.0,0,12,0,144
13033,1.1.0,1,1,0,252
13034,0.1.6,0,1,6,18
13035,0.3.0,0,3,0,36
13036,2.3.0,2,3,0,516
13037,0.9.0,0,9,0,108
13038,0.5.0,0,5,0,60
13039,0.1.6,0,1,6,18
13040,0.5.0,0,5,0,60
13041,0.5.0,0,5,0,60
13042,1.16.0,1,16,0,432
13043,0.11.6,0,11,6,138
13044,0.3.0,0,3,0,36
13048,0.5.0,0,5,0,60
13049,0.5.0,0,5,0,60
13051,0.5.0,0,5,0,60
13052,1.4.0,1,4,0,288
13053,1.16.0,1,16,0,432
13054,2.3.0,2,3,0,516
13055,0.9.0,0,9,0,108
13056,0.5.0,0,5,0,60
13057,0.5.0,0,5,0,60
13058,0.5.0,0,5,0,60
13059,0.3.0,0,3,0,36
13060,1.1.0,1,1,0,252
13061,0.1.6,0,1,6,18
13062,0.3.0,0,3,0,36
13063,0.12.0,0,12,0,144
13064,0.9.0,0,9,0,108
13065,0.9.0,0,9,0,108
13066,0.5.0,0,5,0,60
13067,0.9.0,0,9,0,108
13068,0.5.0,0,5,0,60
13069,0.5.0,0,5,0,60
13070,4.0.0,4,0,0,960
13071,0.9.0,0,9,0,108
13072,8.10.0,8,10,0,2040
13073,7.10.0,7,10,0,1800
13074,7.10.0,7,10,0,1800
13075,1.1.0,1,1,0,252
13076,0.9.0,0,9,0,108
13077,0.5.0,0,5,0,60
13078,0.5.0,0,5,0,60
13079,13.10.0,13,10,0,3240
13080,2.12.6,2,12,6,630
13081,2.12.6,2,12,6,630
13082,4.10.0,4,10,0,1080
13083,5.0.0,5,0,0,1200
13084,0.5.0,0,5,0,60
13085,0.11.6,0,11,6,138
13086,0.3.0,0,3,0,36
13087,1.6.0,1,6,0,312
13088,0.1.6,0,1,6,18
13089,5.0.0,5,0,0,1200
13092,2.2.0,2,2,0,504
13093,2.2.0,2,2,0,504
13094,2.2.0,2,2,0,504
13095,5.0.0,5,0,0,1200
13096,0.3.0,0,3,0,36
13097,5.0.0,5,0,0,1200
13098,0.14.0,0,14,0,168
13099,0.9.0,0,9,0,108
13100,1.10.0,1,10,0,360
13101,2.12.6,2,12,6,630
13102,2.12.6,2,12,6,630
13103,5.0.0,5,0,0,1200
13104,4.0.0,4,0,0,960
13105,0.5.0,0,5,0,60
13106,7.10.0,7,10,0,1800
13107,0.10.0,0,10,0,120
13108,1.16.0,1,16,0,432
13109,7.10.0,7,10,0,1800
13110,7.10.0,7,10,0,1800
13111,4.0.0,4,0,0,960
13112,0.9.0,0,9,0,108
13113,5.0.0,5,0,0,1200
13114,5.0.0,5,0,0,1200
13115,0.14.0,0,14,0,168
13116,1.16.0,1,16,0,432
13117,0.19.0,0,19,0,228
13118,1.13.6,1,13,6,402
13119,0.5.0,0,5,0,60
13120,0.5.0,0,5,0,60
13121,2.12.6,2,12,6,630
13122,5.10.0,5,10,0,1320
13123,4.10.0,4,10,0,1080
13124,1.16.0,1,16,0,432
13125,4.0.0,4,0,0,960
13126,0.1.6,0,1,6,18
13127,5.0.0,5,0,0,1200
13128,5.0.0,5,0,0,1200
13129,0.9.0,0,9,0,108
13130,1.16.0,1,16,0,432
13131,4.10.0,4,10,0,1080
13132,0.18.0,0,18,0,216
13133,0.8.0,0,8,0,96
13134,1.9.0,1,9,0,348
13135,0.5.0,0,5,0,60
13136,0.9.0,0,9,0,108
13137,4.0.0,4,0,0,960
13138,0.5.0,0,5,0,60
13139,0.3.0,0,3,0,36
13140,4.10.0,4,10,0,1080
13141,4.10.0,4,10,0,1080
13142,0.14.0,0,14,0,168
13143,0.1.6,0,1,6,18
13144,0.1.6,0,1,6,18
13145,1.1.0,1,1,0,252
13146,1.1.0,1,1,0,252
13147,1.1.0,1,1,0,252
13148,4.0.0,4,0,0,960
13149,0.5.0,0,5,0,60
13150,0.1.6,0,1,6,18
13151,0.1.6,0,1,6,18
13152,0.3.0,0,3,0,36
13153,0.5.0,0,5,0,60
13154,0.9.0,0,9,0,108
13155,0.9.0,0,9,0,108
13156,0.5.0,0,5,0,60
13157,0.5.0,0,5,0,60
13158,0.9.0,0,9,0,108
13159,0.5.0,0,5,0,60
13160,1.16.0,1,16,0,432
13161,0.5.0,0,5,0,60
13162,0.3.0,0,3,0,36
13163,0.1.6,0,1,6,18
13164,4.0.0,4,0,0,960
13165,0.9.0,0,9,0,108
13166,1.16.0,1,16,0,432
13167,1.1.0,1,1,0,252
13168,1.1.0,1,1,0,252
13169,0.5.0,0,5,0,60
13170,0.5.0,0,5,0,60
13171,0.5.0,0,5,0,60
13172,3.12.6,3,12,6,870
13173,0.5.0,0,5,0,60
13174,0.5.0,0,5,0,60
13175,0.1.6,0,1,6,18
13176,2.3.0,2,3,0,516
13177,0.5.0,0,5,0,60
13178,0.1.6,0,1,6,18
13179,0.9.0,0,9,0,108
13180,0.9.0,0,9,0,108
13181,0.5.0,0,5,0,60
13182,0.9.0,0,9,0,108
13183,0.5.0,0,5,0,60
13184,0.5.0,0,5,0,60
13185,2.3.0,2,3,0,516
13186,0.5.0,0,5,0,60
13187,0.9.0,0,9,0,108
13188,0.5.0,0,5,0,60
13189,1.16.0,1,16,0,432
13190,0.9.0,0,9,0,108
13191,0.9.0,0,9,0,108
13192,0.9.0,0,9,0,108
13193,0.9.0,0,9,0,108
13194,0.9.0,0,9,0,108
13195,0.5.0,0,5,0,60
13196,0.5.0,0,5,0,60
13197,0.9.0,0,9,0,108
13198,0.9.0,0,9,0,108
13199,0.9.0,0,9,0,108
13200,0.1.6,0,1,6,18
13201,2.12.6,2,12,6,630
13202,2.12.6,2,12,6,630
13203,0.1.6,0,1,6,18
13204,2.3.0,2,3,0,516
13205,0.12.0,0,12,0,144
13206,2.3.0,2,3,0,516
13207,0.3.0,0,3,0,36
13208,0.1.6,0,1,6,18
13209,0.1.6,0,1,6,18
13210,0.1.6,0,1,6,18
13211,0.9.0,0,9,0,108
13212,0.5.0,0,5,0,60
13213,0.5.0,0,5,0,60
13214,0.9.0,0,9,0,108
13215,1.1.0,1,1,0,252
13216,2.3.0,2,3,0,516
13217,0.1.6,0,1,6,18
13218,0.5.0,0,5,0,60
13220,0.9.0,0,9,0,108
13221,0.5.0,0,5,0,60
13222,0.9.0,0,9,0,108
13223,0.1.6,0,1,6,18
13224,0.5.0,0,5,0,60
13225,5.5.0,5,5,0,1260
13226,2.12.6,2,12,6,630
13227,0.5.0,0,5,0,60
13228,2.3.0,2,3,0,516
13229,5.0.0,5,0,0,1200
13230,0.5.0,0,5,0,60
13231,0.5.0,0,5,0,60
13232,5.0.0,5,0,0,1200
13233,0.9.0,0,9,0,108
13234,0.9.0,0,9,0,108
13235,8.10.0,8,10,0,2040
13236,0.1.6,0,1,6,18
13237,2.3.0,2,3,0,516
13238,7.10.0,7,10,0,1800
13239,0.1.6,0,1,6,18
13240,0.1.6,0,1,6,18
13241,3.0.0,3,0,0,720
13242,0.5.0,0,5,0,60
13243,3.0.0,3,0,0,720
13244,0.5.0,0,5,0,60
13245,0.9.0,0,9,0,108
13246,0.9.0,0,9,0,108
13247,3.0.0,3,0,0,720
13248,2.10.0,2,10,0,600
13249,3.0.0,3,0,0,720
13250,0.3.0,0,3,0,36
13251,0.1.6,0,1,6,18
13252,3.0.0,3,0,0,720
13253,0.1.6,0,1,6,18
13254,0.1.6,0,1,6,18
13255,1.13.6,1,13,6,402
13256,3.0.0,3,0,0,720
13257,4.10.0,4,10,0,1080
13258,0.9.0,0,9,0,108
13259,1.1.0,1,1,0,252
13260,0.9.0,0,9,0,108
13261,0.5.0,0,5,0,60
13262,0.9.0,0,9,0,108
13263,1.3.6,1,3,6,282
13264,0.5.0,0,5,0,60
13265,0.9.0,0,9,0,108
13266,0.5.0,0,5,0,60
13267,0.12.0,0,12,0,144
13268,1.4.0,1,4,0,288
13269,0.5.0,0,5,0,60
13270,0.1.6,0,1,6,18
13271,0.1.6,0,1,6,18
13272,0.1.6,0,1,6,18
13273,5.0.0,5,0,0,1200
13274,5.0.0,5,0,0,1200
13275,5.0.0,5,0,0,1200
13276,0.5.0,0,5,0,60
13277,0.9.0,0,9,0,108
13278,1.1.0,1,1,0,252
13279,0.3.0,0,3,0,36
13280,5.0.0,5,0,0,1200
13281,6.0.0,6,0,0,1440
13282,0.3.0,0,3,0,36
13283,0.3.0,0,3,0,36
13284,2.3.0,2,3,0,516
13285,0.3.0,0,3,0,36
13286,8.10.0,8,10,0,2040
13287,2.12.6,2,12,6,630
13288,0.3.0,0,3,0,36
13289,9.0.0,9,0,0,2160
13290,5.0.0,5,0,0,1200
13291,0.5.0,0,5,0,60
13292,0.3.0,0,3,0,36
13293,0.3.0,0,3,0,36
13294,1.1.6,1,1,6,258
13295,0.5.0,0,5,0,60
13296,0.5.0,0,5,0,60
13297,2.2.0,2,2,0,504
13298,4.4.0,4,4,0,1008
13299,6.0.0,6,0,0,1440
13300,6.0.0,6,0,0,1440
13301,6.0.0,6,0,0,1440
13302,0.3.0,0,3,0,36
13303,0.5.0,0,5,0,60
13304,0.3.0,0,3,0,36
13305,1.16.0,1,16,0,432
13306,6.0.0,6,0,0,1440
13307,2.2.0,2,2,0,504
13308,4.0.0,4,0,0,960
13309,0.5.0,0,5,0,60
13310,0.9.0,0,9,0,108
13311,0.5.0,0,5,0,60
13312,1.11.0,1,11,0,372
13313,0.5.0,0,5,0,60
13314,0.1.6,0,1,6,18
13315,3.10.0,3,10,0,840
13316,3.10.0,3,10,0,840
13317,0.1.6,0,1,6,18
13318,0.1.6,0,1,6,18
13319,0.1.6,0,1,6,18
13320,4.10.0,4,10,0,1080
13321,6.0.0,6,0,0,1440
13322,1.1.0,1,1,0,252
13323,0.5.0,0,5,0,60
13324,0.1.6,0,1,6,18
13325,6.0.0,6,0,0,1440
13326,6.0.0,6,0,0,1440
13327,2.3.0,2,3,0,516
13328,0.5.0,0,5,0,60
13329,0.9.0,0,9,0,108
13330,0.5.0,0,5,0,60
13331,1.1.0,1,1,0,252
13332,0.9.0,0,9,0,108
13333,6.0.0,6,0,0,1440
13334,6.0.0,6,0,0,1440
13335,0.5.0,0,5,0,60
13336,0.5.0,0,5,0,60
13337,3.10.0,3,10,0,840
13338,3.0.0,3,0,0,720
13339,0.9.0,0,9,0,108
13340,0.5.0,0,5,0,60
13341,0.3.0,0,3,0,36
13342,0.3.0,0,3,0,36
13343,6.7.0,6,7,0,1524
13344,4.0.0,4,0,0,960
13345,0.9.0,0,9,0,108
13346,6.0.0,6,0,0,1440
13347,6.0.0,6,0,0,1440
13348,4.0.0,4,0,0,960
13349,0.3.0,0,3,0,36
13350,0.1.6,0,1,6,18
13351,0.5.0,0,5,0,60
13352,2.12.6,2,12,6,630
13353,1.1.0,1,1,0,252
13354,5.10.0,5,10,0,1320
13355,5.10.0,5,10,0,1320
13356,0.5.0,0,5,0,60
13357,4.0.0,4,0,0,960
13358,2.0.0,2,0,0,480
13359,0.14.0,0,14,0,168
13360,4.0.0,4,0,0,960
13361,1.4.0,1,4,0,288
13362,2.0.0,2,0,0,480
13363,0.14.0,0,14,0,168
13364,0.5.0,0,5,0,60
13365,0.5.0,0,5,0,60
13366,0.3.0,0,3,0,36
13367,0.5.0,0,5,0,60
13368,0.9.0,0,9,0,108
13369,2.3.0,2,3,0,516
13370,0.1.6,0,1,6,18
13371,0.1.6,0,1,6,18
13372,0.3.0,0,3,0,36
13373,0.9.0,0,9,0,108
13374,0.9.0,0,9,0,108
13375,1.1.6,1,1,6,258
13376,0.5.0,0,5,0,60
13377,0.1.6,0,1,6,18
13378,0.3.0,0,3,0,36
13379,0.1.6,0,1,6,18
13380,0.9.0,0,9,0,108
13381,0.5.0,0,5,0,60
13382,0.9.0,0,9,0,108
13383,0.1.6,0,1,6,18
13384,0.3.0,0,3,0,36
13385,0.5.0,0,5,0,60
13386,0.5.0,0,5,0,60
13387,1.4.0,1,4,0,288
13388,0.5.0,0,5,0,60
13389,0.3.0,0,3,0,36
13390,2.12.6,2,12,6,630
13391,0.5.0,0,5,0,60
13392,0.5.0,0,5,0,60
13393,0.1.6,0,1,6,18
13394,0.5.0,0,5,0,60
13395,0.9.0,0,9,0,108
13396,0.3.0,0,3,0,36
13397,0.3.0,0,3,0,36
13398,4.0.0,4,0,0,960
13399,0.1.6,0,1,6,18
13400,0.1.6,0,1,6,18
13401,0.5.0,0,5,0,60
13402,0.5.0,0,5,0,60
13403,2.3.0,2,3,0,516
13404,0.3.0,0,3,0,36
13405,1.1.0,1,1,0,252
13406,0.9.0,0,9,0,108
13407,0.9.0,0,9,0,108
13408,1.16.0,1,16,0,432
13409,0.5.0,0,5,0,60
13410,0.5.0,0,5,0,60
13411,0.3.0,0,3,0,36
13412,0.1.6,0,1,6,18
13413,0.1.6,0,1,6,18
13414,0.5.0,0,5,0,60
13415,0.3.0,0,3,0,36
13416,0.3.0,0,3,0,36
13417,0.5.0,0,5,0,60
13418,0.5.0,0,5,0,60
13419,4.0.0,4,0,0,960
13420,2.3.0,2,3,0,516
13421,0.9.0,0,9,0,108
13422,0.1.6,0,1,6,18
13423,0.1.6,0,1,6,18
13424,0.9.0,0,9,0,108
13425,0.5.0,0,5,0,60
13426,0.9.0,0,9,0,108
13427,1.16.0,1,16,0,432
13428,4.0.0,4,0,0,960
13429,4.0.0,4,0,0,960
13431,0.1.6,0,1,6,18
13432,0.9.0,0,9,0,108
13434,0.5.0,0,5,0,60
13435,0.5.0,0,5,0,60
13436,1.6.0,1,6,0,312
13437,1.1.6,1,1,6,258
13438,0.3.0,0,3,0,36
13439,0.9.0,0,9,0,108
13440,0.3.0,0,3,0,36
13441,4.0.0,4,0,0,960
13442,0.5.0,0,5,0,60
13443,0.9.0,0,9,0,108
13444,2.12.6,2,12,6,630
13445,2.12.6,2,12,6,630
13446,0.1.6,0,1,6,18
13447,0.11.6,0,11,6,138
13448,0.3.0,0,3,0,36
13449,1.16.0,1,16,0,432
13450,0.5.0,0,5,0,60
13451,0.5.0,0,5,0,60
13452,0.9.0,0,9,0,108
13453,0.1.6,0,1,6,18
13454,0.3.0,0,3,0,36
13455,0.3.0,0,3,0,36
13456,0.5.0,0,5,0,60
13457,0.5.0,0,5,0,60
13458,0.3.0,0,3,0,36
13459,0.5.0,0,5,0,60
13460,0.5.0,0,5,0,60
13461,0.5.0,0,5,0,60
13462,0.9.0,0,9,0,108
13463,0.9.0,0,9,0,108
13464,1.4.0,1,4,0,288
13465,1.6.0,1,6,0,312
13466,0.1.6,0,1,6,18
13467,1.4.0,1,4,0,288
13468,0.9.0,0,9,0,108
13469,0.5.0,0,5,0,60
13470,0.3.0,0,3,0,36
13471,0.9.0,0,9,0,108
13472,1.1.0,1,1,0,252
13473,0.1.6,0,1,6,18
13474,0.1.6,0,1,6,18
13475,0.5.0,0,5,0,60
13476,0.1.6,0,1,6,18
13477,2.3.0,2,3,0,516
13478,0.5.0,0,5,0,60
13479,0.9.0,0,9,0,108
13480,0.5.0,0,5,0,60
13481,2.16.0,2,16,0,672
13482,0.9.0,0,9,0,108
13483,0.9.0,0,9,0,108
13484,0.3.0,0,3,0,36
13485,0.3.0,0,3,0,36
13486,0.1.6,0,1,6,18
13487,0.1.6,0,1,6,18
13488,0.9.0,0,9,0,108
13489,0.9.0,0,9,0,108
13490,0.5.0,0,5,0,60
13491,0.5.0,0,5,0,60
13492,0.9.0,0,9,0,108
13493,0.5.0,0,5,0,60
13494,0.9.0,0,9,0,108
13495,0.1.6,0,1,6,18
13496,0.1.6,0,1,6,18
13497,1.1.0,1,1,0,252
13498,0.5.0,0,5,0,60
13499,0.5.0,0,5,0,60
13500,0.5.0,0,5,0,60
13501,0.9.0,0,9,0,108
13502,0.9.0,0,9,0,108
13503,1.13.6,1,13,6,402
13504,0.1.6,0,1,6,18
13505,0.9.0,0,9,0,108
13506,0.9.0,0,9,0,108
13507,0.11.6,0,11,6,138
13508,0.5.0,0,5,0,60
13509,0.5.0,0,5,0,60
13510,0.5.0,0,5,0,60
13511,0.9.0,0,9,0,108
13512,0.1.6,0,1,6,18
13513,0.5.0,0,5,0,60
13514,0.5.0,0,5,0,60
13515,0.3.0,0,3,0,36
13516,0.3.0,0,3,0,36
13517,0.1.6,0,1,6,18
13518,1.16.0,1,16,0,432
13519,0.5.0,0,5,0,60
13520,0.1.6,0,1,6,18
13521,0.9.0,0,9,0,108
13522,0.5.0,0,5,0,60
13523,0.5.0,0,5,0,60
13524,0.9.0,0,9,0,108
13525,0.5.0,0,5,0,60
13526,2.12.6,2,12,6,630
13527,0.19.0,0,19,0,228
13528,1.11.0,1,11,0,372
13529,0.9.0,0,9,0,108
13530,0.5.0,0,5,0,60
13531,0.5.0,0,5,0,60
13532,0.5.0,0,5,0,60
13533,4.0.0,4,0,0,960
13534,0.3.0,0,3,0,36
13535,0.5.0,0,5,0,60
13536,0.14.0,0,14,0,168
13537,0.9.0,0,9,0,108
13538,0.9.0,0,9,0,108
13539,0.9.0,0,9,0,108
13540,2.12.6,2,12,6,630
13541,0.3.0,0,3,0,36
13542,1.1.0,1,1,0,252
13543,0.9.0,0,9,0,108
13544,0.1.6,0,1,6,18
13545,0.3.0,0,3,0,36
13546,2.3.0,2,3,0,516
13547,0.9.0,0,9,0,108
13548,0.5.0,0,5,0,60
13549,0.5.0,0,5,0,60
13550,2.16.0,2,16,0,672
13551,0.11.6,0,11,6,138
13552,1.3.6,1,3,6,282
13553,0.9.0,0,9,0,108
13554,4.0.0,4,0,0,960
13555,6.0.0,6,0,0,1440
13556,0.9.0,0,9,0,108
13557,0.9.0,0,9,0,108
13558,0.5.0,0,5,0,60
13559,0.1.6,0,1,6,18
13560,0.9.0,0,9,0,108
13561,0.1.6,0,1,6,18
13562,0.1.6,0,1,6,18
13563,0.5.0,0,5,0,60
13564,0.5.0,0,5,0,60
13565,0.5.0,0,5,0,60
13566,0.1.6,0,1,6,18
13567,0.5.0,0,5,0,60
13568,1.4.0,1,4,0,288
13569,1.1.0,1,1,0,252
13570,0.1.6,0,1,6,18
13571,0.9.0,0,9,0,108
13572,0.5.0,0,5,0,60
13573,2.12.6,2,12,6,630
13574,1.1.0,1,1,0,252
13575,0.1.6,0,1,6,18
13576,0.5.0,0,5,0,60
13577,1.16.0,1,16,0,432
13578,0.5.0,0,5,0,60
13579,0.1.6,0,1,6,18
13580,0.5.0,0,5,0,60
13581,0.3.0,0,3,0,36
13582,0.3.0,0,3,0,36
13583,0.1.6,0,1,6,18
13584,0.1.6,0,1,6,18
13585,0.1.6,0,1,6,18
13586,0.5.0,0,5,0,60
13587,0.5.0,0,5,0,60
13588,0.9.0,0,9,0,108
13589,1.4.0,1,4,0,288
13590,1.1.0,1,1,0,252
13591,1.16.0,1,16,0,432
13592,2.12.6,2,12,6,630
13593,0.5.0,0,5,0,60
13594,2.3.0,2,3,0,516
13595,0.1.6,0,1,6,18
13596,0.5.0,0,5,0,60
13597,0.5.0,0,5,0,60
13598,0.1.6,0,1,6,18
13599,0.1.6,0,1,6,18
13600,0.5.0,0,5,0,60
13601,0.5.0,0,5,0,60
13602,0.9.0,0,9,0,108
13603,0.9.0,0,9,0,108
13604,2.7.0,2,7,0,564
13605,0.3.0,0,3,0,36
13606,0.3.0,0,3,0,36
13607,1.16.0,1,16,0,432
13608,0.3.0,0,3,0,36
13609,0.1.6,0,1,6,18
13610,0.3.0,0,3,0,36
13611,0.5.0,0,5,0,60
13612,0.9.0,0,9,0,108
13613,0.1.6,0,1,6,18
13614,1.1.0,1,1,0,252
13615,0.1.6,0,1,6,18
13616,0.1.6,0,1,6,18
13617,2.12.6,2,12,6,630
13618,0.9.0,0,9,0,108
13619,0.1.6,0,1,6,18
13620,0.9.0,0,9,0,108
13621,0.1.6,0,1,6,18
13622,0.5.0,0,5,0,60
13623,0.5.0,0,5,0,60
13624,0.3.0,0,3,0,36
13625,0.1.6,0,1,6,18
13626,0.9.0,0,9,0,108
13627,0.5.0,0,5,0,60
13628,0.3.0,0,3,0,36
13629,0.9.0,0,9,0,108
13630,0.9.0,0,9,0,108
13631,0.5.0,0,5,0,60
13632,0.5.0,0,5,0,60
13633,0.5.0,0,5,0,60
13634,0.3.0,0,3,0,36
13635,0.1.6,0,1,6,18
13636,1.16.0,1,16,0,432
13637,0.9.0,0,9,0,108
13638,0.9.0,0,9,0,108
13639,0.3.0,0,3,0,36
13640,0.9.0,0,9,0,108
13641,2.3.0,2,3,0,516
13642,0.9.0,0,9,0,108
13643,0.9.0,0,9,0,108
13644,1.1.0,1,1,0,252
13645,0.5.0,0,5,0,60
13646,1.16.0,1,16,0,432
13647,1.13.6,1,13,6,402
13648,2.13.0,2,13,0,636
13649,0.1.6,0,1,6,18
13650,1.4.0,1,4,0,288
13651,0.5.0,0,5,0,60
13652,0.9.0,0,9,0,108
13653,0.9.0,0,9,0,108
13654,0.1.6,0,1,6,18
13655,1.16.0,1,16,0,432
13656,1.1.0,1,1,0,252
13657,2.12.6,2,12,6,630
13658,0.1.6,0,1,6,18
13659,0.3.0,0,3,0,36
13660,1.13.6,1,13,6,402
13661,0.9.0,0,9,0,108
13662,0.3.0,0,3,0,36
13663,1.16.0,1,16,0,432
13664,2.3.0,2,3,0,516
13665,0.1.6,0,1,6,18
13666,2.3.0,2,3,0,516
13667,0.3.0,0,3,0,36
13668,0.3.0,0,3,0,36
13669,0.5.0,0,5,0,60
13670,2.12.6,2,12,6,630
13671,1.0.0,1,0,0,240
13672,2.12.6,2,12,6,630
13673,0.1.6,0,1,6,18
13674,0.3.0,0,3,0,36
13675,0.9.0,0,9,0,108
13676,0.1.6,0,1,6,18
13677,0.5.0,0,5,0,60
13678,0.3.0,0,3,0,36
13679,0.5.0,0,5,0,60
13680,1.1.0,1,1,0,252
13681,0.5.0,0,5,0,60
13682,0.1.6,0,1,6,18
13683,0.5.0,0,5,0,60
13684,1.1.0,1,1,0,252
13685,0.3.0,0,3,0,36
13686,0.3.0,0,3,0,36
13687,0.1.6,0,1,6,18
13688,0.1.6,0,1,6,18
13689,0.9.0,0,9,0,108
13690,0.5.0,0,5,0,60
13691,2.12.6,2,12,6,630
13692,0.5.0,0,5,0,60
13693,0.9.0,0,9,0,108
13694,0.9.0,0,9,0,108
13695,2.16.0,2,16,0,672
13696,0.1.6,0,1,6,18
13697,0.9.0,0,9,0,108
13698,0.1.6,0,1,6,18
13699,0.9.0,0,9,0,108
13700,0.9.0,0,9,0,108
13701,0.5.0,0,5,0,60
13702,0.5.0,0,5,0,60
13703,0.5.0,0,5,0,60
13704,1.16.0,1,16,0,432
13705,0.14.0,0,14,0,168
13706,1.1.0,1,1,0,252
13707,0.5.0,0,5,0,60
13708,0.5.0,0,5,0,60
13709,0.5.0,0,5,0,60
13710,0.5.0,0,5,0,60
13711,1.4.0,1,4,0,288
13712,0.5.0,0,5,0,60
13713,0.5.0,0,5,0,60
13714,0.9.0,0,9,0,108
13715,0.3.0,0,3,0,36
13716,2.3.0,2,3,0,516
13717,1.4.0,1,4,0,288
13718,0.19.0,0,19,0,228
13719,0.5.0,0,5,0,60
13720,0.3.0,0,3,0,36
13721,0.1.6,0,1,6,18
13722,0.9.0,0,9,0,108
13723,1.1.6,1,1,6,258
13724,0.5.0,0,5,0,60
13725,0.5.0,0,5,0,60
13726,2.12.6,2,12,6,630
13727,0.3.0,0,3,0,36
13728,1.9.0,1,9,0,348
13729,0.9.0,0,9,0,108
13730,1.4.0,1,4,0,288
13731,4.0.0,4,0,0,960
13732,0.1.6,0,1,6,18
13733,0.3.0,0,3,0,36
13734,0.9.0,0,9,0,108
13735,1.16.0,1,16,0,432
13736,1.11.0,1,11,0,372
13737,0.5.0,0,5,0,60
13738,0.5.0,0,5,0,60
13739,0.9.0,0,9,0,108
13740,2.3.0,2,3,0,516
13741,4.0.0,4,0,0,960
13742,0.5.0,0,5,0,60
13743,0.9.0,0,9,0,108
13744,0.5.0,0,5,0,60
13745,0.5.0,0,5,0,60
13746,4.0.0,4,0,0,960
13747,0.1.6,0,1,6,18
13748,0.1.6,0,1,6,18
13749,0.5.0,0,5,0,60
13750,0.5.0,0,5,0,60
13751,0.5.0,0,5,0,60
13752,2.12.6,2,12,6,630
13753,0.3.0,0,3,0,36
13754,0.9.0,0,9,0,108
13755,0.5.0,0,5,0,60
13756,0.1.6,0,1,6,18
13757,0.5.0,0,5,0,60
13758,1.4.0,1,4,0,288
13759,0.9.0,0,9,0,108
13760,0.5.0,0,5,0,60
13761,0.9.0,0,9,0,108
13762,1.1.0,1,1,0,252
13763,0.3.0,0,3,0,36
13764,0.3.0,0,3,0,36
13765,0.1.6,0,1,6,18
13766,0.5.0,0,5,0,60
13767,0.5.0,0,5,0,60
13768,0.5.0,0,5,0,60
13769,0.3.0,0,3,0,36
13770,0.1.6,0,1,6,18
13771,0.1.6,0,1,6,18
13772,0.5.0,0,5,0,60
13773,0.5.0,0,5,0,60
13774,2.16.0,2,16,0,672
13775,0.5.0,0,5,0,60
13776,0.1.6,0,1,6,18
13777,0.1.6,0,1,6,18
13778,0.3.0,0,3,0,36
13779,0.1.6,0,1,6,18
13780,1.16.0,1,16,0,432
13781,0.5.0,0,5,0,60
13782,0.5.0,0,5,0,60
13783,0.1.6,0,1,6,18
13784,0.9.0,0,9,0,108
13785,1.1.0,1,1,0,252
13786,2.12.6,2,12,6,630
13787,0.1.6,0,1,6,18
13788,0.9.0,0,9,0,108
13789,1.16.0,1,16,0,432
13790,4.0.0,4,0,0,960
13791,0.1.6,0,1,6,18
13792,0.5.0,0,5,0,60
13793,0.3.0,0,3,0,36
13794,0.9.0,0,9,0,108
13795,4.0.0,4,0,0,960
13796,0.1.6,0,1,6,18
13797,0.9.0,0,9,0,108
13798,0.9.0,0,9,0,108
13799,0.9.0,0,9,0,108
13800,0.5.0,0,5,0,60
13801,0.9.0,0,9,0,108
13802,0.5.0,0,5,0,60
13803,0.9.0,0,9,0,108
13804,1.1.6,1,1,6,258
13805,0.1.6,0,1,6,18
13806,1.6.0,1,6,0,312
13807,0.15.0,0,15,0,180
13808,0.5.0,0,5,0,60
13809,0.3.0,0,3,0,36
13810,2.13.0,2,13,0,636
13811,1.13.6,1,13,6,402
13812,0.3.0,0,3,0,36
13813,0.1.6,0,1,6,18
13814,1.1.0,1,1,0,252
13815,0.5.0,0,5,0,60
13816,0.9.0,0,9,0,108
13817,0.5.0,0,5,0,60
13818,0.9.0,0,9,0,108
13819,0.9.0,0,9,0,108
13820,2.3.0,2,3,0,516
13821,0.1.6,0,1,6,18
13822,0.5.0,0,5,0,60
13823,2.8.0,2,8,0,576
13824,0.1.6,0,1,6,18
13825,2.16.0,2,16,0,672
13826,0.5.0,0,5,0,60
13827,0.9.0,0,9,0,108
13828,0.1.6,0,1,6,18
13829,0.1.6,0,1,6,18
13830,0.9.0,0,9,0,108
13831,0.5.0,0,5,0,60
13832,1.9.0,1,9,0,348
13833,0.9.0,0,9,0,108
13834,0.5.0,0,5,0,60
13835,0.5.0,0,5,0,60
13836,0.1.6,0,1,6,18
13837,0.5.0,0,5,0,60
13838,0.1.6,0,1,6,18
13839,1.16.0,1,16,0,432
13840,1.11.0,1,11,0,372
13841,0.5.0,0,5,0,60
13842,0.5.0,0,5,0,60
13843,0.3.0,0,3,0,36
13844,0.1.6,0,1,6,18
13845,2.16.0,2,16,0,672
13846,2.3.0,2,3,0,516
13847,0.9.0,0,9,0,108
13848,0.9.0,0,9,0,108
13849,0.9.0,0,9,0,108
13850,0.9.0,0,9,0,108
13851,0.5.0,0,5,0,60
13852,2.12.6,2,12,6,630
13853,0.1.6,0,1,6,18
13854,0.9.0,0,9,0,108
13855,0.1.6,0,1,6,18
13856,0.9.0,0,9,0,108
13857,0.9.0,0,9,0,108
13858,0.5.0,0,5,0,60
13859,0.5.0,0,5,0,60
13860,0.9.0,0,9,0,108
13861,0.1.6,0,1,6,18
13862,0.1.6,0,1,6,18
13863,0.5.0,0,5,0,60
13864,0.5.0,0,5,0,60
13865,0.5.0,0,5,0,60
13866,0.9.0,0,9,0,108
13867,0.3.0,0,3,0,36
13868,0.5.0,0,5,0,60
13869,1.13.6,1,13,6,402
13870,0.9.0,0,9,0,108
13871,0.1.6,0,1,6,18
13872,1.16.0,1,16,0,432
13873,1.16.0,1,16,0,432
13874,0.3.0,0,3,0,36
13875,0.3.0,0,3,0,36
13876,0.3.0,0,3,0,36
13877,0.9.0,0,9,0,108
13878,1.1.0,1,1,0,252
13879,0.9.0,0,9,0,108
13880,0.3.0,0,3,0,36
13881,0.1.6,0,1,6,18
13882,1.16.0,1,16,0,432
13883,0.3.0,0,3,0,36
13884,1.16.0,1,16,0,432
13885,0.5.0,0,5,0,60
13886,0.5.0,0,5,0,60
13887,1.4.0,1,4,0,288
13888,0.1.6,0,1,6,18
13889,0.3.0,0,3,0,36
13890,0.3.0,0,3,0,36
13891,0.9.0,0,9,0,108
13892,1.1.6,1,1,6,258
13893,0.9.0,0,9,0,108
13894,1.11.0,1,11,0,372
13895,0.1.6,0,1,6,18
13896,1.11.0,1,11,0,372
13897,0.5.0,0,5,0,60
13898,0.3.0,0,3,0,36
13899,0.1.6,0,1,6,18
13900,0.3.0,0,3,0,36
13901,0.1.6,0,1,6,18
13902,0.3.0,0,3,0,36
13903,1.4.0,1,4,0,288
13904,0.9.0,0,9,0,108
13905,0.15.0,0,15,0,180
13906,0.5.0,0,5,0,60
13907,0.5.0,0,5,0,60
13908,0.5.0,0,5,0,60
13909,0.5.0,0,5,0,60
13910,0.5.0,0,5,0,60
13911,0.3.0,0,3,0,36
13912,0.1.6,0,1,6,18
13913,0.9.0,0,9,0,108
13914,0.9.0,0,9,0,108
13915,0.9.0,0,9,0,108
13916,0.5.0,0,5,0,60
13917,0.5.0,0,5,0,60
13918,0.5.0,0,5,0,60
13919,2.12.6,2,12,6,630
13920,0.3.0,0,3,0,36
13921,0.5.0,0,5,0,60
13922,0.5.0,0,5,0,60
13923,0.1.6,0,1,6,18
13924,0.1.6,0,1,6,18
13925,4.0.0,4,0,0,960
13926,0.5.0,0,5,0,60
13927,1.16.0,1,16,0,432
13928,0.1.6,0,1,6,18
13929,0.3.0,0,3,0,36
13930,0.5.0,0,5,0,60
13931,0.9.0,0,9,0,108
13932,0.1.6,0,1,6,18
13933,0.1.6,0,1,6,18
13934,0.1.6,0,1,6,18
13935,1.16.0,1,16,0,432
13936,1.16.0,1,16,0,432
13937,4.0.0,4,0,0,960
13938,0.1.6,0,1,6,18
13939,0.1.6,0,1,6,18
13940,0.9.0,0,9,0,108
13941,0.5.0,0,5,0,60
13942,0.5.0,0,5,0,60
13943,0.14.0,0,14,0,168
13944,0.9.0,0,9,0,108
13945,0.1.6,0,1,6,18
13946,0.5.0,0,5,0,60
13947,0.5.0,0,5,0,60
13948,0.1.6,0,1,6,18
13949,0.9.0,0,9,0,108
13950,0.9.0,0,9,0,108
13951,0.9.0,0,9,0,108
13952,0.5.0,0,5,0,60
13953,0.5.0,0,5,0,60
13954,0.5.0,0,5,0,60
13955,2.13.0,2,13,0,636
13956,0.3.0,0,3,0,36
13957,0.17.6,0,17,6,210
13958,0.5.0,0,5,0,60
13959,0.9.0,0,9,0,108
13960,0.9.0,0,9,0,108
13961,2.12.6,2,12,6,630
13962,2.12.6,2,12,6,630
13963,0.5.0,0,5,0,60
13964,0.1.6,0,1,6,18
13965,4.0.0,4,0,0,960
13966,2.3.0,2,3,0,516
13967,2.3.0,2,3,0,516
13968,1.1.0,1,1,0,252
13969,1.16.0,1,16,0,432
13970,2.3.0,2,3,0,516
13971,0.9.0,0,9,0,108
13972,0.1.6,0,1,6,18
13973,0.5.0,0,5,0,60
13974,0.1.6,0,1,6,18
13975,0.3.0,0,3,0,36
13976,0.5.0,0,5,0,60
13977,0.1.6,0,1,6,18
13978,0.3.0,0,3,0,36
13979,0.1.6,0,1,6,18
13980,0.5.0,0,5,0,60
13981,0.3.0,0,3,0,36
13982,0.5.0,0,5,0,60
13983,0.5.0,0,5,0,60
13984,0.9.0,0,9,0,108
13985,0.19.0,0,19,0,228
13986,0.5.0,0,5,0,60
13987,0.9.0,0,9,0,108
13988,0.5.0,0,5,0,60
13989,0.3.0,0,3,0,36
13990,0.9.0,0,9,0,108
13991,0.5.0,0,5,0,60
13992,0.19.0,0,19,0,228
13993,0.9.0,0,9,0,108
13994,0.5.0,0,5,0,60
13995,0.5.0,0,5,0,60
13996,0.5.0,0,5,0,60
13997,0.5.0,0,5,0,60
13998,0.5.0,0,5,0,60
13999,0.9.0,0,9,0,108
14000,0.9.0,0,9,0,108
14001,0.5.0,0,5,0,60
14002,0.3.0,0,3,0,36
14003,0.3.0,0,3,0,36
14004,0.5.0,0,5,0,60
14005,1.16.0,1,16,0,432
14006,0.3.0,0,3,0,36
14007,0.5.0,0,5,0,60
14008,1.11.0,1,11,0,372
14009,0.1.6,0,1,6,18
14010,2.13.0,2,13,0,636
14011,1.11.0,1,11,0,372
14012,1.16.0,1,16,0,432
14013,1.1.0,1,1,0,252
14014,0.5.0,0,5,0,60
14015,0.9.0,0,9,0,108
14016,0.3.0,0,3,0,36
14017,0.5.0,0,5,0,60
14018,1.1.0,1,1,0,252
14019,4.0.0,4,0,0,960
14020,0.5.0,0,5,0,60
14021,1.1.6,1,1,6,258
14022,0.1.6,0,1,6,18
14023,0.1.6,0,1,6,18
14024,0.5.0,0,5,0,60
14025,0.9.0,0,9,0,108
14026,0.5.0,0,5,0,60
14027,0.5.0,0,5,0,60
14028,0.5.0,0,5,0,60
14029,0.5.0,0,5,0,60
14030,0.5.0,0,5,0,60
14031,1.1.0,1,1,0,252
14032,0.5.0,0,5,0,60
14033,0.9.0,0,9,0,108
14034,0.5.0,0,5,0,60
14035,0.5.0,0,5,0,60
14036,0.5.0,0,5,0,60
14037,0.3.0,0,3,0,36
14038,0.1.6,0,1,6,18
14039,4.0.0,4,0,0,960
14040,0.3.0,0,3,0,36
14041,0.3.0,0,3,0,36
14042,0.3.0,0,3,0,36
14043,1.16.0,1,16,0,432
14044,1.9.0,1,9,0,348
14045,0.5.0,0,5,0,60
14046,0.9.0,0,9,0,108
14047,0.5.0,0,5,0,60
14048,0.9.0,0,9,0,108
14049,0.9.0,0,9,0,108
14050,0.9.0,0,9,0,108
14051,0.5.0,0,5,0,60
14052,2.12.6,2,12,6,630
14053,1.4.0,1,4,0,288
14054,0.3.0,0,3,0,36
14055,0.5.0,0,5,0,60
14056,1.11.0,1,11,0,372
14057,0.5.0,0,5,0,60
14058,2.3.0,2,3,0,516
14059,4.0.0,4,0,0,960
14060,0.1.6,0,1,6,18
14061,0.1.6,0,1,6,18
14062,0.5.0,0,5,0,60
14063,1.1.0,1,1,0,252
14064,1.11.0,1,11,0,372
14065,1.1.0,1,1,0,252
14066,0.5.0,0,5,0,60
14067,0.9.0,0,9,0,108
14068,0.5.0,0,5,0,60
14069,0.9.0,0,9,0,108
14070,0.9.0,0,9,0,108
14071,0.5.0,0,5,0,60
14072,0.9.0,0,9,0,108
14073,2.18.0,2,18,0,696
14074,0.9.0,0,9,0,108
14075,0.1.6,0,1,6,18
14076,0.5.0,0,5,0,60
14077,0.1.6,0,1,6,18
14078,1.6.0,1,6,0,312
14079,0.9.0,0,9,0,108
14080,1.1.0,1,1,0,252
14081,1.1.0,1,1,0,252
14082,0.9.0,0,9,0,108
14083,0.5.0,0,5,0,60
14084,0.5.0,0,5,0,60
14085,0.9.0,0,9,0,108
14086,0.9.0,0,9,0,108
14087,21.0.0,21,0,0,5040
14088,1.11.0,1,11,0,372
14089,0.5.0,0,5,0,60
14090,0.5.0,0,5,0,60
14091,0.3.0,0,3,0,36
14092,1.11.0,1,11,0,372
14093,22.10.0,22,10,0,5400
14094,0.5.0,0,5,0,60
14095,2.12.6,2,12,6,630
14096,2.3.0,2,3,0,516
14097,0.9.0,0,9,0,108
14098,0.14.0,0,14,0,168
14099,1.16.0,1,16,0,432
14100,0.1.6,0,1,6,18
14101,0.5.0,0,5,0,60
14102,0.1.6,0,1,6,18
14103,0.9.0,0,9,0,108
14104,0.12.0,0,12,0,144
14105,0.12.0,0,12,0,144
14106,0.9.0,0,9,0,108
14107,0.9.0,0,9,0,108
14108,0.9.0,0,9,0,108
14109,0.9.0,0,9,0,108
14110,0.5.0,0,5,0,60
14111,0.5.0,0,5,0,60
14112,0.9.0,0,9,0,108
14113,0.9.0,0,9,0,108
14114,0.9.0,0,9,0,108
14115,0.9.0,0,9,0,108
14116,1.1.0,1,1,0,252
14117,0.3.0,0,3,0,36
14118,0.14.0,0,14,0,168
14119,0.5.0,0,5,0,60
14120,2.16.0,2,16,0,672
14121,1.11.0,1,11,0,372
14122,0.5.0,0,5,0,60
14123,1.4.0,1,4,0,288
14124,0.5.0,0,5,0,60
14125,1.16.0,1,16,0,432
14126,0.5.0,0,5,0,60
14127,0.9.0,0,9,0,108
14128,0.9.0,0,9,0,108
14129,0.9.0,0,9,0,108
14130,1.1.0,1,1,0,252
14131,0.3.0,0,3,0,36
14132,4.0.0,4,0,0,960
14133,0.10.0,0,10,0,120
14134,0.5.0,0,5,0,60
14135,1.1.6,1,1,6,258
14136,1.16.0,1,16,0,432
14137,0.5.0,0,5,0,60
14138,0.9.0,0,9,0,108
14139,0.5.0,0,5,0,60
14140,0.5.0,0,5,0,60
14141,0.5.0,0,5,0,60
14142,0.12.0,0,12,0,144
14143,1.4.0,1,4,0,288
14144,0.1.6,0,1,6,18
14145,0.3.0,0,3,0,36
14146,0.3.0,0,3,0,36
14147,4.0.0,4,0,0,960
14148,0.9.0,0,9,0,108
14149,0.9.0,0,9,0,108
14150,0.9.0,0,9,0,108
14151,2.12.6,2,12,6,630
14152,0.1.6,0,1,6,18
14153,0.1.6,0,1,6,18
14154,0.1.6,0,1,6,18
14155,0.9.0,0,9,0,108
14156,1.6.0,1,6,0,312
14157,1.16.0,1,16,0,432
14158,0.9.0,0,9,0,108
14159,0.3.0,0,3,0,36
14160,0.5.0,0,5,0,60
14161,0.9.0,0,9,0,108
14162,0.5.0,0,5,0,60
14163,1.4.0,1,4,0,288
14164,0.9.0,0,9,0,108
14165,0.9.0,0,9,0,108
14166,1.16.0,1,16,0,432
14167,1.0.0,1,0,0,240
14168,0.9.0,0,9,0,108
14169,0.1.6,0,1,6,18
14170,1.6.0,1,6,0,312
14171,0.5.0,0,5,0,60
14172,0.1.6,0,1,6,18
14173,0.1.6,0,1,6,18
14174,1.4.0,1,4,0,288
14175,0.1.6,0,1,6,18
14176,0.5.0,0,5,0,60
14177,0.9.0,0,9,0,108
14178,0.5.0,0,5,0,60
14179,2.10.0,2,10,0,600
14180,1.11.0,1,11,0,372
14181,0.5.0,0,5,0,60
14182,0.5.0,0,5,0,60
14183,0.5.0,0,5,0,60
14184,0.5.0,0,5,0,60
14185,0.5.0,0,5,0,60
14186,2.12.6,2,12,6,630
14187,0.1.6,0,1,6,18
14188,0.19.0,0,19,0,228
14189,1.1.0,1,1,0,252
14190,0.5.0,0,5,0,60
14191,0.5.0,0,5,0,60
14192,0.5.0,0,5,0,60
14193,0.9.0,0,9,0,108
14194,0.12.0,0,12,0,144
14195,0.5.0,0,5,0,60
14197,0.9.0,0,9,0,108
14198,0.9.0,0,9,0,108
14199,0.9.0,0,9,0,108
14200,0.5.0,0,5,0,60
14201,0.5.0,0,5,0,60
14202,0.9.0,0,9,0,108
14203,1.1.0,1,1,0,252
14204,0.1.6,0,1,6,18
14205,0.3.0,0,3,0,36
14206,0.5.0,0,5,0,60
14207,0.5.0,0,5,0,60
14208,1.1.0,1,1,0,252
14209,1.1.0,1,1,0,252
14210,0.1.6,0,1,6,18
14211,2.12.6,2,12,6,630
14212,2.12.6,2,12,6,630
14213,2.3.0,2,3,0,516
14214,0.1.6,0,1,6,18
14215,0.3.0,0,3,0,36
14216,2.13.0,2,13,0,636
14217,0.5.0,0,5,0,60
14218,0.1.6,0,1,6,18
14219,0.9.0,0,9,0,108
14220,0.9.0,0,9,0,108
14221,0.5.0,0,5,0,60
14222,0.5.0,0,5,0,60
14223,2.3.0,2,3,0,516
14224,0.9.0,0,9,0,108
14225,0.9.0,0,9,0,108
14226,0.5.0,0,5,0,60
14227,0.5.0,0,5,0,60
14228,1.1.0,1,1,0,252
14229,0.5.0,0,5,0,60
14230,4.0.0,4,0,0,960
14231,0.9.0,0,9,0,108
14232,0.9.0,0,9,0,108
14233,0.5.0,0,5,0,60
14234,0.5.0,0,5,0,60
14235,0.9.0,0,9,0,108
14236,1.11.0,1,11,0,372
14237,4.0.0,4,0,0,960
14238,0.5.0,0,5,0,60
14239,0.9.0,0,9,0,108
14240,0.9.0,0,9,0,108
14241,0.5.0,0,5,0,60
14242,1.16.0,1,16,0,432
14243,0.3.0,0,3,0,36
14244,0.5.0,0,5,0,60
14245,0.5.0,0,5,0,60
14246,0.5.0,0,5,0,60
14247,0.5.0,0,5,0,60
14248,0.11.6,0,11,6,138
14249,4.0.0,4,0,0,960
14250,0.5.0,0,5,0,60
14251,0.9.0,0,9,0,108
14252,0.9.0,0,9,0,108
14253,0.5.0,0,5,0,60
14254,0.5.0,0,5,0,60
14255,0.9.0,0,9,0,108
14256,2.13.0,2,13,0,636
14257,0.1.6,0,1,6,18
14258,0.5.0,0,5,0,60
14259,1.4.0,1,4,0,288
14260,0.9.0,0,9,0,108
14261,0.9.0,0,9,0,108
14262,0.9.0,0,9,0,108
14263,0.5.0,0,5,0,60
14264,2.12.6,2,12,6,630
14265,1.1.0,1,1,0,252
14266,0.3.0,0,3,0,36
14267,0.5.0,0,5,0,60
14268,0.19.0,0,19,0,228
14269,1.13.6,1,13,6,402
14270,0.9.0,0,9,0,108
14271,0.9.0,0,9,0,108
14272,0.9.0,0,9,0,108
14273,1.4.0,1,4,0,288
14274,0.9.0,0,9,0,108
14275,0.5.0,0,5,0,60
14276,0.12.0,0,12,0,144
14277,0.3.0,0,3,0,36
14278,0.3.0,0,3,0,36
14279,0.1.6,0,1,6,18
14280,0.11.6,0,11,6,138
14281,0.5.0,0,5,0,60
14282,0.5.0,0,5,0,60
14283,0.5.0,0,5,0,60
14284,0.9.0,0,9,0,108
14285,0.12.0,0,12,0,144
14286,0.3.0,0,3,0,36
14287,0.9.0,0,9,0,108
14288,1.11.0,1,11,0,372
14289,0.5.0,0,5,0,60
14290,0.9.0,0,9,0,108
14291,2.12.6,2,12,6,630
14292,2.12.6,2,12,6,630
14293,2.12.6,2,12,6,630
14294,0.9.0,0,9,0,108
14295,0.3.0,0,3,0,36
14296,1.11.0,1,11,0,372
14297,1.0.0,1,0,0,240
14298,1.16.0,1,16,0,432
14299,0.9.0,0,9,0,108
14300,0.9.0,0,9,0,108
14301,0.9.0,0,9,0,108
14302,0.9.0,0,9,0,108
14303,0.5.0,0,5,0,60
14304,0.5.0,0,5,0,60
14305,0.5.0,0,5,0,60
14306,0.5.0,0,5,0,60
14307,0.5.0,0,5,0,60
14308,0.9.0,0,9,0,108
14309,1.4.0,1,4,0,288
14310,0.9.0,0,9,0,108
14311,0.1.6,0,1,6,18
14312,0.3.0,0,3,0,36
14313,1.4.0,1,4,0,288
14314,0.5.0,0,5,0,60
14315,0.9.0,0,9,0,108
14316,0.14.0,0,14,0,168
14317,1.1.0,1,1,0,252
14318,0.9.0,0,9,0,108
14319,0.5.0,0,5,0,60
14320,2.12.6,2,12,6,630
14321,2.3.0,2,3,0,516
14322,0.1.6,0,1,6,18
14323,1.4.6,1,4,6,294
14324,4.0.0,4,0,0,960
14325,0.3.0,0,3,0,36
14326,0.3.0,0,3,0,36
14327,0.3.0,0,3,0,36
14328,0.5.0,0,5,0,60
14329,0.5.0,0,5,0,60
14330,0.1.6,0,1,6,18
14331,1.1.0,1,1,0,252
14332,0.5.0,0,5,0,60
14333,0.1.6,0,1,6,18
14334,2.3.0,2,3,0,516
14335,0.9.0,0,9,0,108
14336,0.5.0,0,5,0,60
14337,0.5.0,0,5,0,60
14338,1.4.0,1,4,0,288
14339,0.5.0,0,5,0,60
14340,0.5.0,0,5,0,60
14341,0.5.0,0,5,0,60
14342,0.9.0,0,9,0,108
14343,0.1.6,0,1,6,18
14344,2.16.0,2,16,0,672
14345,0.9.0,0,9,0,108
14346,0.9.0,0,9,0,108
14347,0.5.0,0,5,0,60
14348,0.9.0,0,9,0,108
14349,0.5.0,0,5,0,60
14350,0.5.0,0,5,0,60
14351,0.5.0,0,5,0,60
14352,2.3.0,2,3,0,516
14353,2.3.0,2,3,0,516
14354,1.1.0,1,1,0,252
14355,0.9.0,0,9,0,108
14356,0.9.0,0,9,0,108
14357,0.9.0,0,9,0,108
14358,0.3.0,0,3,0,36
14359,0.9.0,0,9,0,108
14360,0.9.0,0,9,0,108
14361,0.9.0,0,9,0,108
14362,0.1.6,0,1,6,18
14363,0.5.0,0,5,0,60
14364,0.5.0,0,5,0,60
14365,2.3.0,2,3,0,516
14366,1.6.0,1,6,0,312
14367,0.9.0,0,9,0,108
14368,0.9.0,0,9,0,108
14369,0.9.0,0,9,0,108
14370,0.5.0,0,5,0,60
14371,0.9.0,0,9,0,108
14372,0.9.0,0,9,0,108
14373,2.12.6,2,12,6,630
14374,0.5.0,0,5,0,60
14375,1.16.0,1,16,0,432
14376,0.9.0,0,9,0,108
14377,0.9.0,0,9,0,108
14378,1.4.0,1,4,0,288
14379,1.9.0,1,9,0,348
14380,1.1.6,1,1,6,258
14381,4.0.0,4,0,0,960
14382,0.9.0,0,9,0,108
14383,0.5.0,0,5,0,60
14384,0.9.0,0,9,0,108
14385,1.1.0,1,1,0,252
14386,0.1.6,0,1,6,18
14387,0.5.0,0,5,0,60
14388,0.5.0,0,5,0,60
14389,0.4.0,0,4,0,48
14390,0.1.6,0,1,6,18
14391,2.16.0,2,16,0,672
14392,0.9.0,0,9,0,108
14393,0.5.0,0,5,0,60
14394,0.3.0,0,3,0,36
14395,4.0.0,4,0,0,960
14396,0.9.0,0,9,0,108
14397,0.14.0,0,14,0,168
14398,0.5.0,0,5,0,60
14399,0.9.0,0,9,0,108
14400,0.5.0,0,5,0,60
14401,0.5.0,0,5,0,60
14402,1.1.6,1,1,6,258
14403,0.3.0,0,3,0,36
14404,0.9.0,0,9,0,108
14405,0.5.0,0,5,0,60
14406,0.3.0,0,3,0,36
14407,0.5.0,0,5,0,60
14408,0.9.0,0,9,0,108
14409,0.9.0,0,9,0,108
14410,0.5.0,0,5,0,60
14411,0.5.0,0,5,0,60
14412,0.5.0,0,5,0,60
14413,0.9.0,0,9,0,108
14414,0.9.0,0,9,0,108
14415,0.5.0,0,5,0,60
14416,0.5.0,0,5,0,60
14417,0.1.6,0,1,6,18
14418,0.1.6,0,1,6,18
14419,1.16.0,1,16,0,432
14420,0.1.6,0,1,6,18
14421,0.9.0,0,9,0,108
14422,0.5.0,0,5,0,60
14423,2.12.6,2,12,6,630
14424,0.5.0,0,5,0,60
14425,0.5.0,0,5,0,60
14426,0.5.0,0,5,0,60
14427,0.9.0,0,9,0,108
14428,0.5.0,0,5,0,60
14429,0.5.0,0,5,0,60
14430,1.1.0,1,1,0,252
14431,0.5.0,0,5,0,60
14432,0.5.0,0,5,0,60
14433,0.5.0,0,5,0,60
14434,0.5.0,0,5,0,60
14435,0.5.0,0,5,0,60
14436,0.1.6,0,1,6,18
14437,0.3.0,0,3,0,36
14438,0.5.0,0,5,0,60
14439,1.16.0,1,16,0,432
14440,0.5.0,0,5,0,60
14441,0.5.0,0,5,0,60
14442,0.5.0,0,5,0,60
14443,1.16.0,1,16,0,432
14444,2.3.0,2,3,0,516
14445,0.11.6,0,11,6,138
14446,0.11.6,0,11,6,138
14447,0.9.0,0,9,0,108
14448,0.5.0,0,5,0,60
14449,0.9.0,0,9,0,108
14450,0.12.0,0,12,0,144
14451,0.3.0,0,3,0,36
14452,0.1.6,0,1,6,18
14453,0.11.6,0,11,6,138
14454,1.4.0,1,4,0,288
14455,0.5.0,0,5,0,60
14456,2.8.0,2,8,0,576
14457,0.1.6,0,1,6,18
14458,0.1.6,0,1,6,18
14459,0.5.0,0,5,0,60
14460,0.5.0,0,5,0,60
14461,1.13.6,1,13,6,402
14462,0.3.0,0,3,0,36
14463,0.5.0,0,5,0,60
14464,0.9.0,0,9,0,108
14465,0.9.0,0,9,0,108
14466,0.9.0,0,9,0,108
14467,2.12.6,2,12,6,630
14468,0.5.0,0,5,0,60
14469,0.1.6,0,1,6,18
14470,0.9.0,0,9,0,108
14471,1.16.0,1,16,0,432
14472,1.1.0,1,1,0,252
14473,0.9.0,0,9,0,108
14474,1.16.0,1,16,0,432
14475,1.16.0,1,16,0,432
14476,1.1.0,1,1,0,252
14477,1.1.0,1,1,0,252
14478,0.5.0,0,5,0,60
14479,0.9.0,0,9,0,108
14480,0.3.0,0,3,0,36
14481,1.11.0,1,11,0,372
14482,0.9.0,0,9,0,108
14483,0.5.0,0,5,0,60
14484,0.9.0,0,9,0,108
14485,0.5.0,0,5,0,60
14486,1.1.0,1,1,0,252
14487,0.5.0,0,5,0,60
14488,0.5.0,0,5,0,60
14489,0.5.0,0,5,0,60
14490,0.5.0,0,5,0,60
14491,0.5.0,0,5,0,60
14492,0.5.0,0,5,0,60
14493,0.5.0,0,5,0,60
14494,0.9.0,0,9,0,108
14495,1.4.0,1,4,0,288
14496,0.1.6,0,1,6,18
14497,0.5.0,0,5,0,60
14498,0.5.0,0,5,0,60
14499,0.5.0,0,5,0,60
14500,1.16.0,1,16,0,432
14501,0.5.0,0,5,0,60
14502,1.4.0,1,4,0,288
14503,0.5.0,0,5,0,60
14504,0.9.0,0,9,0,108
14505,0.5.0,0,5,0,60
14506,1.4.0,1,4,0,288
14507,0.3.0,0,3,0,36
14508,0.5.0,0,5,0,60
14509,2.16.0,2,16,0,672
14510,0.5.0,0,5,0,60
14511,0.3.0,0,3,0,36
14512,0.5.0,0,5,0,60
14513,0.9.0,0,9,0,108
14514,0.9.0,0,9,0,108
14515,0.5.0,0,5,0,60
14516,0.5.0,0,5,0,60
14517,0.5.0,0,5,0,60
14518,2.12.6,2,12,6,630
14519,0.3.0,0,3,0,36
14520,0.9.0,0,9,0,108
14521,0.3.0,0,3,0,36
14522,0.3.0,0,3,0,36
14523,1.16.0,1,16,0,432
14524,1.16.0,1,16,0,432
14525,0.5.0,0,5,0,60
14526,0.9.0,0,9,0,108
14527,0.3.0,0,3,0,36
14528,0.9.0,0,9,0,108
14529,9.15.0,9,15,0,2340
14530,4.0.0,4,0,0,960
14531,0.5.0,0,5,0,60
14532,0.1.6,0,1,6,18
14533,1.16.0,1,16,0,432
14534,0.5.0,0,5,0,60
14535,0.5.0,0,5,0,60
14536,0.5.0,0,5,0,60
14537,0.9.0,0,9,0,108
14538,0.5.0,0,5,0,60
14539,0.9.0,0,9,0,108
14540,0.5.0,0,5,0,60
14541,2.12.6,2,12,6,630
14542,1.1.0,1,1,0,252
14543,0.9.0,0,9,0,108
14544,1.4.0,1,4,0,288
14545,0.9.0,0,9,0,108
14546,0.9.0,0,9,0,108
14547,0.14.0,0,14,0,168
14548,1.1.0,1,1,0,252
14549,1.1.6,1,1,6,258
14550,2.3.0,2,3,0,516
14551,0.9.0,0,9,0,108
14552,0.9.0,0,9,0,108
14553,0.5.0,0,5,0,60
14554,0.9.0,0,9,0,108
14555,0.5.0,0,5,0,60
14556,0.5.0,0,5,0,60
14557,1.1.0,1,1,0,252
14558,0.5.0,0,5,0,60
14559,0.9.0,0,9,0,108
14560,0.3.0,0,3,0,36
14561,0.5.0,0,5,0,60
14562,0.9.0,0,9,0,108
14563,2.3.0,2,3,0,516
14564,2.3.0,2,3,0,516
14565,0.9.0,0,9,0,108
14566,1.1.0,1,1,0,252
14567,0.3.0,0,3,0,36
14568,0.3.0,0,3,0,36
14569,0.5.0,0,5,0,60
14570,0.3.0,0,3,0,36
14571,0.3.0,0,3,0,36
14572,0.5.0,0,5,0,60
14573,0.5.0,0,5,0,60
14574,0.9.0,0,9,0,108
14575,0.9.0,0,9,0,108
14576,2.12.6,2,12,6,630
14577,2.12.6,2,12,6,630
14578,4.0.0,4,0,0,960
14579,0.5.0,0,5,0,60
14580,0.5.0,0,5,0,60
14581,0.9.0,0,9,0,108
14582,0.3.0,0,3,0,36
14583,0.5.0,0,5,0,60
14584,0.5.0,0,5,0,60
14585,0.14.0,0,14,0,168
14586,2.3.0,2,3,0,516
14587,0.5.0,0,5,0,60
14588,9.0.0,9,0,0,2160
14589,2.12.6,2,12,6,630
14590,6.0.0,6,0,0,1440
14591,0.5.0,0,5,0,60
14592,0.5.0,0,5,0,60
14593,1.16.0,1,16,0,432
14594,1.3.6,1,3,6,282
14595,0.1.6,0,1,6,18
14596,0.5.0,0,5,0,60
14597,0.5.0,0,5,0,60
14598,0.1.6,0,1,6,18
14599,0.9.0,0,9,0,108
14600,0.9.0,0,9,0,108
14601,0.5.0,0,5,0,60
14602,0.5.0,0,5,0,60
14603,13.10.0,13,10,0,3240
14604,2.12.6,2,12,6,630
14605,0.5.0,0,5,0,60
14606,0.1.6,0,1,6,18
14607,0.1.6,0,1,6,18
14608,1.4.0,1,4,0,288
14609,0.5.0,0,5,0,60
14610,0.5.0,0,5,0,60
14611,0.9.0,0,9,0,108
14612,0.3.0,0,3,0,36
14613,0.1.6,0,1,6,18
14614,1.4.0,1,4,0,288
14615,0.5.0,0,5,0,60
14616,0.5.0,0,5,0,60
14617,0.5.0,0,5,0,60
14618,1.11.0,1,11,0,372
14619,0.1.6,0,1,6,18
14620,0.1.6,0,1,6,18
14621,0.9.0,0,9,0,108
14622,2.3.0,2,3,0,516
14623,0.5.0,0,5,0,60
14624,0.5.0,0,5,0,60
14625,0.9.0,0,9,0,108
14626,0.9.0,0,9,0,108
14627,0.3.0,0,3,0,36
14628,0.3.0,0,3,0,36
14629,0.5.0,0,5,0,60
14630,0.1.6,0,1,6,18
14631,0.9.0,0,9,0,108
14632,0.3.0,0,3,0,36
14633,0.3.0,0,3,0,36
14634,0.1.6,0,1,6,18
14635,0.5.0,0,5,0,60
14636,0.19.0,0,19,0,228
14637,2.3.0,2,3,0,516
14638,0.5.0,0,5,0,60
14639,1.1.0,1,1,0,252
14640,0.5.0,0,5,0,60
14641,0.9.0,0,9,0,108
14642,2.12.6,2,12,6,630
14643,1.1.0,1,1,0,252
14644,0.9.0,0,9,0,108
14645,0.19.0,0,19,0,228
14646,0.3.0,0,3,0,36
14647,0.9.0,0,9,0,108
14648,0.10.0,0,10,0,120
14649,0.3.0,0,3,0,36
14650,0.1.6,0,1,6,18
14651,2.3.0,2,3,0,516
14652,0.5.0,0,5,0,60
14653,0.9.0,0,9,0,108
14654,0.5.0,0,5,0,60
14655,0.1.6,0,1,6,18
14656,0.1.6,0,1,6,18
14657,0.1.6,0,1,6,18
14658,1.16.0,1,16,0,432
14659,4.0.0,4,0,0,960
14660,2.13.0,2,13,0,636
14661,0.5.0,0,5,0,60
14662,0.5.0,0,5,0,60
14663,0.9.0,0,9,0,108
14664,0.9.0,0,9,0,108
14665,0.5.0,0,5,0,60
14666,1.1.6,1,1,6,258
14667,0.5.0,0,5,0,60
14668,0.3.0,0,3,0,36
14669,0.9.0,0,9,0,108
14670,1.4.0,1,4,0,288
14671,0.3.0,0,3,0,36
14672,2.3.0,2,3,0,516
14673,0.9.0,0,9,0,108
14674,0.5.0,0,5,0,60
14675,0.5.0,0,5,0,60
14676,0.3.0,0,3,0,36
14677,0.5.0,0,5,0,60
14678,0.9.0,0,9,0,108
14679,0.5.0,0,5,0,60
14680,0.9.0,0,9,0,108
14681,0.5.0,0,5,0,60
14682,0.3.0,0,3,0,36
14683,0.3.0,0,3,0,36
14684,1.4.0,1,4,0,288
14685,2.16.0,2,16,0,672
14686,0.9.0,0,9,0,108
14687,1.1.0,1,1,0,252
14688,0.9.0,0,9,0,108
14689,0.5.0,0,5,0,60
14690,0.5.0,0,5,0,60
14691,0.5.0,0,5,0,60
14692,0.1.6,0,1,6,18
14693,0.3.0,0,3,0,36
14694,4.0.0,4,0,0,960
14695,1.11.0,1,11,0,372
14696,0.5.0,0,5,0,60
14697,0.3.0,0,3,0,36
14698,1.1.0,1,1,0,252
14699,0.5.0,0,5,0,60
14700,0.5.0,0,5,0,60
14701,0.5.0,0,5,0,60
14702,0.3.0,0,3,0,36
14703,0.3.0,0,3,0,36
14704,0.5.0,0,5,0,60
14705,1.6.0,1,6,0,312
14706,1.1.6,1,1,6,258
14707,1.16.0,1,16,0,432
14708,0.5.0,0,5,0,60
14709,0.3.0,0,3,0,36
14710,1.16.0,1,16,0,432
14711,0.3.0,0,3,0,36
14712,0.5.0,0,5,0,60
14713,0.9.0,0,9,0,108
14714,0.9.0,0,9,0,108
14715,0.5.0,0,5,0,60
14716,0.5.0,0,5,0,60
14717,0.5.0,0,5,0,60
14718,0.1.6,0,1,6,18
14719,0.3.0,0,3,0,36
14720,0.5.0,0,5,0,60
14721,2.16.0,2,16,0,672
14722,0.5.0,0,5,0,60
14723,0.1.6,0,1,6,18
14724,4.0.0,4,0,0,960
14725,0.9.0,0,9,0,108
14726,0.9.0,0,9,0,108
14727,0.5.0,0,5,0,60
14728,2.12.6,2,12,6,630
14729,1.0.0,1,0,0,240
14730,0.9.0,0,9,0,108
14731,0.5.0,0,5,0,60
14732,0.5.0,0,5,0,60
14733,0.3.0,0,3,0,36
14734,0.3.0,0,3,0,36
14735,0.1.6,0,1,6,18
14736,0.9.0,0,9,0,108
14737,1.1.6,1,1,6,258
14738,0.5.0,0,5,0,60
14739,0.5.0,0,5,0,60
14740,0.5.0,0,5,0,60
14741,0.5.0,0,5,0,60
14742,2.12.6,2,12,6,630
14743,0.1.6,0,1,6,18
14744,0.9.0,0,9,0,108
14746,0.5.0,0,5,0,60
14747,0.5.0,0,5,0,60
14748,2.16.0,2,16,0,672
14749,0.5.0,0,5,0,60
14750,0.5.0,0,5,0,60
14752,0.9.0,0,9,0,108
14753,0.1.6,0,1,6,18
14754,0.9.0,0,9,0,108
14755,0.5.0,0,5,0,60
14756,0.3.0,0,3,0,36
14757,0.5.0,0,5,0,60
14758,2.12.6,2,12,6,630
14759,1.0.0,1,0,0,240
14760,0.9.0,0,9,0,108
14761,0.1.6,0,1,6,18
14762,0.9.0,0,9,0,108
14763,1.1.0,1,1,0,252
14764,0.5.0,0,5,0,60
14765,1.16.0,1,16,0,432
14766,0.5.0,0,5,0,60
14767,0.5.0,0,5,0,60
14768,0.5.0,0,5,0,60
14769,0.1.6,0,1,6,18
14770,0.9.0,0,9,0,108
14771,0.12.0,0,12,0,144
14772,0.1.6,0,1,6,18
14773,2.16.0,2,16,0,672
14774,0.5.6,0,5,6,66
14775,0.9.0,0,9,0,108
14776,0.9.0,0,9,0,108
14777,0.5.0,0,5,0,60
14778,0.5.0,0,5,0,60
14779,0.5.0,0,5,0,60
14780,0.5.0,0,5,0,60
14781,0.3.0,0,3,0,36
14782,4.0.0,4,0,0,960
14783,0.3.0,0,3,0,36
14784,0.5.0,0,5,0,60
14785,1.4.0,1,4,0,288
14786,1.1.6,1,1,6,258
14787,1.4.0,1,4,0,288
14788,0.5.0,0,5,0,60
14789,0.9.0,0,9,0,108
14790,0.9.0,0,9,0,108
14791,0.9.0,0,9,0,108
14792,0.5.0,0,5,0,60
14793,0.5.0,0,5,0,60
14794,0.9.0,0,9,0,108
14795,1.4.0,1,4,0,288
14796,4.0.0,4,0,0,960
14797,1.1.0,1,1,0,252
14798,0.5.6,0,5,6,66
14799,0.5.0,0,5,0,60
14800,0.5.0,0,5,0,60
14801,0.5.0,0,5,0,60
14802,0.5.0,0,5,0,60
14803,0.5.0,0,5,0,60
14804,0.3.0,0,3,0,36
14805,2.13.0,2,13,0,636
14806,0.1.6,0,1,6,18
14807,0.9.0,0,9,0,108
14808,1.16.0,1,16,0,432
14809,0.5.0,0,5,0,60
14810,0.3.0,0,3,0,36
14811,0.1.6,0,1,6,18
14812,0.1.6,0,1,6,18
14813,0.9.0,0,9,0,108
14814,0.5.0,0,5,0,60
14815,0.5.0,0,5,0,60
14816,0.5.0,0,5,0,60
14817,0.12.0,0,12,0,144
14818,1.6.0,1,6,0,312
14819,1.16.0,1,16,0,432
14820,0.3.0,0,3,0,36
14821,0.1.6,0,1,6,18
14822,0.5.0,0,5,0,60
14823,0.9.0,0,9,0,108
14824,0.5.0,0,5,0,60
14825,0.19.0,0,19,0,228
14826,0.9.0,0,9,0,108
14827,0.5.0,0,5,0,60
14828,0.5.0,0,5,0,60
14829,1.4.0,1,4,0,288
14830,0.9.0,0,9,0,108
14831,0.5.0,0,5,0,60
14832,0.5.0,0,5,0,60
14833,1.4.0,1,4,0,288
14834,0.9.0,0,9,0,108
14835,1.16.0,1,16,0,432
14836,1.16.0,1,16,0,432
14837,0.9.0,0,9,0,108
14838,0.9.0,0,9,0,108
14839,0.5.0,0,5,0,60
14840,0.5.0,0,5,0,60
14841,0.12.0,0,12,0,144
14842,2.12.6,2,12,6,630
14843,0.15.0,0,15,0,180
14844,0.5.0,0,5,0,60
14845,0.9.0,0,9,0,108
14846,0.5.0,0,5,0,60
14847,0.9.0,0,9,0,108
14848,0.5.0,0,5,0,60
14849,0.5.0,0,5,0,60
14850,0.1.6,0,1,6,18
14851,0.5.0,0,5,0,60
14852,0.9.0,0,9,0,108
14853,0.9.0,0,9,0,108
14854,0.5.0,0,5,0,60
14855,0.5.0,0,5,0,60
14856,0.9.0,0,9,0,108
14857,0.5.0,0,5,0,60
14858,1.0.0,1,0,0,240
14859,1.1.0,1,1,0,252
14860,0.1.6,0,1,6,18
14861,0.1.6,0,1,6,18
14862,0.1.6,0,1,6,18
14863,0.3.0,0,3,0,36
14864,1.16.0,1,16,0,432
14865,0.9.0,0,9,0,108
14866,0.9.0,0,9,0,108
14868,1.16.0,1,16,0,432
14869,0.5.0,0,5,0,60
14870,1.4.0,1,4,0,288
14871,0.9.0,0,9,0,108
14872,1.16.0,1,16,0,432
14873,2.8.0,2,8,0,576
14874,0.5.0,0,5,0,60
14875,0.5.0,0,5,0,60
14876,0.12.0,0,12,0,144
14877,0.5.0,0,5,0,60
14878,0.3.0,0,3,0,36
14879,4.0.0,4,0,0,960
14880,0.9.0,0,9,0,108
14881,0.5.0,0,5,0,60
14882,0.3.0,0,3,0,36
14883,0.9.0,0,9,0,108
14884,0.3.0,0,3,0,36
14885,0.3.0,0,3,0,36
14886,1.6.0,1,6,0,312
14887,0.9.0,0,9,0,108
14888,0.5.0,0,5,0,60
14889,0.5.0,0,5,0,60
14890,0.5.0,0,5,0,60
14891,0.5.0,0,5,0,60
14892,0.9.0,0,9,0,108
14893,0.9.0,0,9,0,108
14894,0.3.0,0,3,0,36
14895,0.3.0,0,3,0,36
14896,0.9.0,0,9,0,108
14897,2.3.0,2,3,0,516
14898,0.9.0,0,9,0,108
14899,0.5.0,0,5,0,60
14900,0.5.0,0,5,0,60
14901,0.5.0,0,5,0,60
14902,0.5.0,0,5,0,60
14903,0.9.0,0,9,0,108
14904,2.12.6,2,12,6,630
14905,0.5.0,0,5,0,60
14906,2.16.0,2,16,0,672
14907,0.9.0,0,9,0,108
14908,0.9.0,0,9,0,108
14909,0.5.0,0,5,0,60
14910,0.5.0,0,5,0,60
14911,0.5.0,0,5,0,60
14912,0.12.0,0,12,0,144
14913,2.12.6,2,12,6,630
14914,0.3.0,0,3,0,36
14915,0.5.0,0,5,0,60
14916,0.5.0,0,5,0,60
14917,0.9.0,0,9,0,108
14918,0.9.0,0,9,0,108
14919,0.1.6,0,1,6,18
14920,0.9.0,0,9,0,108
14921,0.5.0,0,5,0,60
14922,0.5.0,0,5,0,60
14923,0.9.0,0,9,0,108
14924,0.12.0,0,12,0,144
14925,0.3.0,0,3,0,36
14926,1.1.0,1,1,0,252
14927,1.16.0,1,16,0,432
14928,0.9.0,0,9,0,108
14929,0.5.0,0,5,0,60
14930,0.5.0,0,5,0,60
14931,0.3.0,0,3,0,36
14932,0.3.0,0,3,0,36
14933,0.9.0,0,9,0,108
14934,0.5.0,0,5,0,60
14935,1.16.0,1,16,0,432
14936,0.9.0,0,9,0,108
14937,0.1.6,0,1,6,18
14938,0.3.0,0,3,0,36
14939,1.0.0,1,0,0,240
14940,0.9.0,0,9,0,108
14941,0.5.0,0,5,0,60
14942,0.9.0,0,9,0,108
14943,0.5.0,0,5,0,60
14944,0.5.0,0,5,0,60
14945,0.5.0,0,5,0,60
14946,0.1.6,0,1,6,18
14947,0.9.0,0,9,0,108
14948,0.1.6,0,1,6,18
14949,2.13.0,2,13,0,636
14950,0.1.6,0,1,6,18
14951,1.1.0,1,1,0,252
14952,0.9.0,0,9,0,108
14953,0.5.0,0,5,0,60
14954,0.3.0,0,3,0,36
14955,0.9.0,0,9,0,108
14956,0.5.0,0,5,0,60
14957,0.1.6,0,1,6,18
14958,0.9.0,0,9,0,108
14959,0.5.0,0,5,0,60
14960,0.9.0,0,9,0,108
14961,0.5.0,0,5,0,60
14962,0.9.0,0,9,0,108
14963,1.4.0,1,4,0,288
14964,0.9.0,0,9,0,108
14965,0.5.0,0,5,0,60
14966,0.3.0,0,3,0,36
14967,0.5.0,0,5,0,60
14968,0.9.0,0,9,0,108
14969,0.9.0,0,9,0,108
14970,0.5.0,0,5,0,60
14971,0.5.0,0,5,0,60
14972,0.1.6,0,1,6,18
14973,0.1.6,0,1,6,18
14974,0.5.0,0,5,0,60
14975,0.5.0,0,5,0,60
14976,0.3.0,0,3,0,36
14977,0.9.0,0,9,0,108
14978,0.9.0,0,9,0,108
14979,1.4.0,1,4,0,288
14980,0.3.0,0,3,0,36
14981,0.14.0,0,14,0,168
14982,0.14.0,0,14,0,168
14983,0.9.0,0,9,0,108
14984,0.5.0,0,5,0,60
14985,0.5.0,0,5,0,60
14986,0.5.0,0,5,0,60
14987,0.5.0,0,5,0,60
14988,0.5.0,0,5,0,60
14989,0.5.0,0,5,0,60
14990,0.1.6,0,1,6,18
14991,0.9.0,0,9,0,108
14992,0.9.0,0,9,0,108
14993,0.5.0,0,5,0,60
14994,0.12.0,0,12,0,144
14995,2.12.6,2,12,6,630
14996,1.0.0,1,0,0,240
14997,2.3.0,2,3,0,516
14998,2.3.0,2,3,0,516
14999,1.16.0,1,16,0,432
15000,0.5.0,0,5,0,60
15001,0.5.0,0,5,0,60
15002,0.1.6,0,1,6,18
15003,1.4.0,1,4,0,288
15004,0.9.0,0,9,0,108
15005,0.9.0,0,9,0,108
15006,0.9.0,0,9,0,108
15007,0.5.0,0,5,0,60
15008,2.12.6,2,12,6,630
15009,2.12.6,2,12,6,630
15010,1.0.0,1,0,0,240
15011,1.4.0,1,4,0,288
15012,1.1.0,1,1,0,252
15013,1.1.0,1,1,0,252
15014,0.3.0,0,3,0,36
15015,0.9.0,0,9,0,108
15016,0.9.0,0,9,0,108
15017,1.16.0,1,16,0,432
15018,0.9.0,0,9,0,108
15019,0.5.0,0,5,0,60
15020,0.11.6,0,11,6,138
15021,0.9.0,0,9,0,108
15022,0.9.0,0,9,0,108
15023,9.0.0,9,0,0,2160
15024,2.12.6,2,12,6,630
15025,1.16.0,1,16,0,432
15026,0.1.6,0,1,6,18
15027,1.4.0,1,4,0,288
15028,0.9.0,0,9,0,108
15029,0.9.0,0,9,0,108
15030,0.9.0,0,9,0,108
15031,0.5.0,0,5,0,60
15032,0.9.0,0,9,0,108
15033,0.9.0,0,9,0,108
15034,0.5.0,0,5,0,60
15035,0.5.0,0,5,0,60
15036,0.5.0,0,5,0,60
15037,0.3.0,0,3,0,36
15038,0.3.0,0,3,0,36
15039,0.3.0,0,3,0,36
15040,1.4.0,1,4,0,288
15041,0.9.0,0,9,0,108
15042,0.3.0,0,3,0,36
15043,0.3.0,0,3,0,36
15044,1.6.0,1,6,0,312
15045,0.5.0,0,5,0,60
15046,0.9.0,0,9,0,108
15047,2.3.0,2,3,0,516
15048,0.9.0,0,9,0,108
15049,0.9.0,0,9,0,108
15050,0.9.0,0,9,0,108
15051,0.5.0,0,5,0,60
15052,0.9.0,0,9,0,108
15053,1.1.0,1,1,0,252
15054,0.5.0,0,5,0,60
15055,0.5.0,0,5,0,60
15056,0.9.0,0,9,0,108
15057,0.9.0,0,9,0,108
15058,0.5.0,0,5,0,60
15059,0.1.6,0,1,6,18
15060,0.3.0,0,3,0,36
15061,0.3.0,0,3,0,36
15062,0.5.0,0,5,0,60
15063,0.19.0,0,19,0,228
15064,0.9.0,0,9,0,108
15065,0.9.0,0,9,0,108
15066,0.9.0,0,9,0,108
15067,0.9.0,0,9,0,108
15068,0.5.0,0,5,0,60
15069,0.9.0,0,9,0,108
15070,0.9.0,0,9,0,108
15071,0.5.0,0,5,0,60
15072,0.5.0,0,5,0,60
15073,0.5.0,0,5,0,60
15075,2.12.6,2,12,6,630
15076,4.0.0,4,0,0,960
15077,0.9.0,0,9,0,108
15078,0.5.0,0,5,0,60
15079,0.3.0,0,3,0,36
15080,0.5.0,0,5,0,60
15081,0.5.0,0,5,0,60
15082,0.5.0,0,5,0,60
15083,0.5.0,0,5,0,60
15084,0.3.0,0,3,0,36
15085,0.9.0,0,9,0,108
15086,0.5.0,0,5,0,60
15087,1.0.0,1,0,0,240
15088,0.12.0,0,12,0,144
15089,0.12.0,0,12,0,144
15090,0.1.6,0,1,6,18
15091,0.9.0,0,9,0,108
15092,2.3.0,2,3,0,516
15093,0.5.0,0,5,0,60
15094,0.5.0,0,5,0,60
15095,0.5.0,0,5,0,60
15096,2.12.6,2,12,6,630
15097,0.5.0,0,5,0,60
15098,0.9.0,0,9,0,108
15099,0.5.0,0,5,0,60
15100,4.0.0,4,0,0,960
15101,0.9.0,0,9,0,108
15102,0.5.0,0,5,0,60
15103,0.9.0,0,9,0,108
15104,1.1.0,1,1,0,252
15105,0.5.0,0,5,0,60
15106,0.5.0,0,5,0,60
15107,0.9.0,0,9,0,108
15108,0.9.0,0,9,0,108
15109,2.3.0,2,3,0,516
15110,0.5.0,0,5,0,60
15111,0.5.0,0,5,0,60
15112,0.9.0,0,9,0,108
15113,0.5.0,0,5,0,60
15114,0.5.0,0,5,0,60
15115,0.9.0,0,9,0,108
15116,0.5.0,0,5,0,60
15117,0.5.0,0,5,0,60
15118,0.5.0,0,5,0,60
15119,0.5.0,0,5,0,60
15120,1.13.0,1,13,0,396
15121,0.14.0,0,14,0,168
15122,0.9.0,0,9,0,108
15123,0.9.0,0,9,0,108
15124,0.9.0,0,9,0,108
15125,0.9.0,0,9,0,108
15126,0.5.0,0,5,0,60
15127,0.5.0,0,5,0,60
15128,0.9.0,0,9,0,108
15129,1.16.0,1,16,0,432
15130,1.9.0,1,9,0,348
15131,1.1.0,1,1,0,252
15132,0.3.0,0,3,0,36
15133,0.9.0,0,9,0,108
15134,0.1.6,0,1,6,18
15135,4.0.0,4,0,0,960
15136,0.5.0,0,5,0,60
15137,0.9.0,0,9,0,108
15138,0.19.0,0,19,0,228
15139,0.3.0,0,3,0,36
15140,1.16.0,1,16,0,432
15141,0.5.0,0,5,0,60
15142,0.5.0,0,5,0,60
15143,0.5.0,0,5,0,60
15144,0.5.0,0,5,0,60
15145,1.1.0,1,1,0,252
15146,0.9.0,0,9,0,108
15147,0.9.0,0,9,0,108
15148,0.9.0,0,9,0,108
15149,2.12.6,2,12,6,630
15150,1.6.0,1,6,0,312
15151,0.5.0,0,5,0,60
15152,0.5.0,0,5,0,60
15153,0.5.0,0,5,0,60
15154,0.3.0,0,3,0,36
15155,0.1.6,0,1,6,18
15156,0.5.0,0,5,0,60
15157,0.3.0,0,3,0,36
15158,0.5.0,0,5,0,60
15159,0.3.0,0,3,0,36
15160,0.9.0,0,9,0,108
15161,0.9.0,0,9,0,108
15162,0.9.0,0,9,0,108
15163,0.5.0,0,5,0,60
15164,0.5.0,0,5,0,60
15165,0.5.0,0,5,0,60
15166,0.5.0,0,5,0,60
15167,0.5.0,0,5,0,60
15168,0.5.0,0,5,0,60
15169,4.0.0,4,0,0,960
15170,3.15.0,3,15,0,900
15171,0.9.0,0,9,0,108
15172,0.9.0,0,9,0,108
15173,0.5.0,0,5,0,60
15174,0.5.0,0,5,0,60
15175,0.19.0,0,19,0,228
15176,0.14.0,0,14,0,168
15177,1.1.6,1,1,6,258
15178,0.9.0,0,9,0,108
15179,2.12.6,2,12,6,630
15180,0.3.0,0,3,0,36
15181,4.0.0,4,0,0,960
15182,0.1.6,0,1,6,18
15183,0.5.0,0,5,0,60
15184,1.1.0,1,1,0,252
15185,0.9.0,0,9,0,108
15186,0.1.6,0,1,6,18
15188,0.5.0,0,5,0,60
15189,0.9.0,0,9,0,108
15190,0.5.0,0,5,0,60
15191,1.1.6,1,1,6,258
15192,0.5.0,0,5,0,60
15193,0.1.6,0,1,6,18
15194,0.1.6,0,1,6,18
15195,0.5.0,0,5,0,60
15196,2.3.0,2,3,0,516
15197,0.1.6,0,1,6,18
15198,0.3.0,0,3,0,36
15199,0.3.0,0,3,0,36
15200,0.5.0,0,5,0,60
15201,1.1.0,1,1,0,252
15202,1.16.0,1,16,0,432
15203,1.4.0,1,4,0,288
15204,1.1.0,1,1,0,252
15205,0.9.0,0,9,0,108
15206,0.17.6,0,17,6,210
15207,0.5.0,0,5,0,60
15208,0.5.0,0,5,0,60
15209,0.9.0,0,9,0,108
15210,0.1.6,0,1,6,18
15211,0.12.0,0,12,0,144
15212,0.5.0,0,5,0,60
15213,0.5.0,0,5,0,60
15214,0.5.0,0,5,0,60
15215,4.0.0,4,0,0,960
15216,0.11.6,0,11,6,138
15217,1.4.0,1,4,0,288
15218,0.9.0,0,9,0,108
15219,0.9.0,0,9,0,108
15220,0.5.0,0,5,0,60
15221,0.5.0,0,5,0,60
15222,0.5.0,0,5,0,60
15223,0.5.0,0,5,0,60
15224,0.1.6,0,1,6,18
15225,0.3.0,0,3,0,36
15226,0.1.6,0,1,6,18
15227,1.16.0,1,16,0,432
15228,4.0.0,4,0,0,960
15229,0.9.0,0,9,0,108
15230,0.5.0,0,5,0,60
15231,0.9.0,0,9,0,108
15232,0.5.0,0,5,0,60
15233,0.5.0,0,5,0,60
15234,0.5.0,0,5,0,60
15235,0.9.0,0,9,0,108
15236,0.5.0,0,5,0,60
15237,0.3.0,0,3,0,36
15238,1.9.0,1,9,0,348
15239,0.9.0,0,9,0,108
15240,0.5.0,0,5,0,60
15241,0.5.0,0,5,0,60
15242,0.5.0,0,5,0,60
15243,0.5.0,0,5,0,60
15244,1.1.0,1,1,0,252
15245,0.5.0,0,5,0,60
15246,1.6.0,1,6,0,312
15247,1.6.0,1,6,0,312
15248,0.5.0,0,5,0,60
15249,1.1.6,1,1,6,258
15250,0.9.0,0,9,0,108
15251,0.5.0,0,5,0,60
15252,0.5.0,0,5,0,60
15253,1.16.0,1,16,0,432
15254,1.1.0,1,1,0,252
15255,1.1.0,1,1,0,252
15256,0.5.0,0,5,0,60
15257,0.5.0,0,5,0,60
15258,0.5.0,0,5,0,60
15259,0.5.0,0,5,0,60
15260,0.9.0,0,9,0,108
15261,12.8.0,12,8,0,2976
15262,1.4.0,1,4,0,288
15263,0.9.0,0,9,0,108
15264,0.5.0,0,5,0,60
15265,0.5.0,0,5,0,60
15266,0.9.0,0,9,0,108
15267,0.9.0,0,9,0,108
15268,0.9.0,0,9,0,108
15269,2.12.6,2,12,6,630
15270,0.5.0,0,5,0,60
15271,0.3.0,0,3,0,36
15272,0.5.0,0,5,0,60
15273,0.3.0,0,3,0,36
15274,0.5.0,0,5,0,60
15275,1.1.0,1,1,0,252
15276,0.5.0,0,5,0,60
15277,1.16.0,1,16,0,432
15278,0.3.0,0,3,0,36
15279,0.3.0,0,3,0,36
15280,0.5.0,0,5,0,60
15281,0.5.0,0,5,0,60
15282,0.5.0,0,5,0,60
15283,0.5.0,0,5,0,60
15284,0.5.0,0,5,0,60
15285,0.5.0,0,5,0,60
15286,0.3.0,0,3,0,36
15287,0.1.6,0,1,6,18
15288,0.5.0,0,5,0,60
15289,0.9.0,0,9,0,108
15290,0.9.0,0,9,0,108
15291,0.9.0,0,9,0,108
15292,0.5.0,0,5,0,60
15293,0.3.0,0,3,0,36
15294,4.0.0,4,0,0,960
15295,0.5.0,0,5,0,60
15296,1.1.0,1,1,0,252
15297,2.3.0,2,3,0,516
15298,0.5.0,0,5,0,60
15299,0.5.0,0,5,0,60
15300,0.9.0,0,9,0,108
15301,2.12.6,2,12,6,630
15302,0.9.0,0,9,0,108
15303,0.5.0,0,5,0,60
15304,0.9.0,0,9,0,108
15305,0.5.0,0,5,0,60
15306,0.5.0,0,5,0,60
15307,1.16.0,1,16,0,432
15308,1.16.0,1,16,0,432
15309,1.11.0,1,11,0,372
15310,0.5.0,0,5,0,60
15311,0.3.0,0,3,0,36
15312,0.1.6,0,1,6,18
15313,0.3.0,0,3,0,36
15314,2.3.0,2,3,0,516
15315,0.5.0,0,5,0,60
15316,1.16.0,1,16,0,432
15317,0.5.0,0,5,0,60
15318,0.9.0,0,9,0,108
15319,0.9.0,0,9,0,108
15320,0.5.0,0,5,0,60
15321,0.5.0,0,5,0,60
15322,0.9.0,0,9,0,108
15323,0.3.0,0,3,0,36
15324,0.1.6,0,1,6,18
15325,0.5.0,0,5,0,60
15326,0.9.0,0,9,0,108
15327,0.5.0,0,5,0,60
15328,0.9.0,0,9,0,108
15329,0.5.0,0,5,0,60
15330,0.9.0,0,9,0,108
15331,0.5.0,0,5,0,60
15332,0.9.0,0,9,0,108
15333,4.0.0,4,0,0,960
15334,0.9.0,0,9,0,108
15335,1.1.6,1,1,6,258
15336,0.1.6,0,1,6,18
15337,0.9.0,0,9,0,108
15338,1.3.6,1,3,6,282
15339,0.1.6,0,1,6,18
15340,0.5.0,0,5,0,60
15341,0.5.0,0,5,0,60
15342,1.11.0,1,11,0,372
15343,0.5.0,0,5,0,60
15344,0.5.0,0,5,0,60
15345,0.9.0,0,9,0,108
15346,0.9.0,0,9,0,108
15347,0.1.6,0,1,6,18
15348,1.4.0,1,4,0,288
15349,2.3.0,2,3,0,516
15350,0.5.0,0,5,0,60
15351,0.3.0,0,3,0,36
15352,0.5.0,0,5,0,60
15353,0.5.0,0,5,0,60
15354,0.3.0,0,3,0,36
15355,1.16.0,1,16,0,432
15356,1.4.0,1,4,0,288
15357,0.9.0,0,9,0,108
15358,0.5.0,0,5,0,60
15359,0.12.0,0,12,0,144
15360,2.12.6,2,12,6,630
15361,1.16.0,1,16,0,432
15362,0.5.0,0,5,0,60
15363,0.5.0,0,5,0,60
15364,0.5.0,0,5,0,60
15365,0.5.0,0,5,0,60
15366,2.3.0,2,3,0,516
15367,2.3.0,2,3,0,516
15368,0.5.0,0,5,0,60
15369,0.5.0,0,5,0,60
15370,0.19.0,0,19,0,228
15371,0.5.0,0,5,0,60
15372,0.1.6,0,1,6,18
15373,0.14.0,0,14,0,168
15374,0.3.0,0,3,0,36
15375,0.1.6,0,1,6,18
15376,1.1.0,1,1,0,252
15377,2.3.0,2,3,0,516
15378,0.5.0,0,5,0,60
15379,0.9.0,0,9,0,108
15380,0.9.0,0,9,0,108
15381,0.5.0,0,5,0,60
15382,0.9.0,0,9,0,108
15383,0.5.0,0,5,0,60
15384,2.12.6,2,12,6,630
15385,1.0.0,1,0,0,240
15386,2.12.6,2,12,6,630
15387,1.4.0,1,4,0,288
15388,0.1.6,0,1,6,18
15389,0.5.0,0,5,0,60
15390,1.1.0,1,1,0,252
15391,0.5.0,0,5,0,60
15392,0.9.0,0,9,0,108
15393,0.5.0,0,5,0,60
15394,0.1.6,0,1,6,18
15395,1.16.0,1,16,0,432
15396,0.9.0,0,9,0,108
15397,0.5.0,0,5,0,60
15398,0.9.0,0,9,0,108
15399,0.9.0,0,9,0,108
15400,0.5.0,0,5,0,60
15401,0.9.0,0,9,0,108
15402,0.5.0,0,5,0,60
15403,0.3.0,0,3,0,36
15404,0.3.0,0,3,0,36
15405,0.3.0,0,3,0,36
15406,0.5.0,0,5,0,60
15407,0.5.0,0,5,0,60
15408,1.1.6,1,1,6,258
15409,0.9.0,0,9,0,108
15410,0.5.0,0,5,0,60
15411,0.1.6,0,1,6,18
15412,0.1.6,0,1,6,18
15413,0.5.0,0,5,0,60
15414,0.5.0,0,5,0,60
15415,0.5.0,0,5,0,60
15416,0.3.0,0,3,0,36
15417,2.3.0,2,3,0,516
15418,0.19.0,0,19,0,228
15419,0.9.0,0,9,0,108
15420,0.9.0,0,9,0,108
15421,0.5.0,0,5,0,60
15422,0.5.0,0,5,0,60
15423,0.5.0,0,5,0,60
15424,2.12.6,2,12,6,630
15425,0.19.0,0,19,0,228
15426,0.5.0,0,5,0,60
15427,0.5.0,0,5,0,60
15428,0.1.6,0,1,6,18
15429,0.5.0,0,5,0,60
15430,0.1.6,0,1,6,18
15431,0.5.0,0,5,0,60
15432,0.9.0,0,9,0,108
15433,0.9.0,0,9,0,108
15434,0.9.0,0,9,0,108
15435,0.5.0,0,5,0,60
15436,0.9.0,0,9,0,108
15437,0.5.0,0,5,0,60
15438,0.12.0,0,12,0,144
15439,0.5.0,0,5,0,60
15440,0.9.0,0,9,0,108
15441,0.5.0,0,5,0,60
15442,0.5.0,0,5,0,60
15443,0.5.0,0,5,0,60
15444,0.9.0,0,9,0,108
15445,2.13.0,2,13,0,636
15446,0.9.0,0,9,0,108
15447,1.16.0,1,16,0,432
15448,0.1.6,0,1,6,18
15449,1.16.0,1,16,0,432
15450,0.5.0,0,5,0,60
15451,0.5.0,0,5,0,60
15452,0.9.0,0,9,0,108
15453,0.9.0,0,9,0,108
15454,0.9.0,0,9,0,108
15455,0.9.0,0,9,0,108
15456,1.0.0,1,0,0,240
15457,0.9.0,0,9,0,108
15458,2.3.0,2,3,0,516
15459,0.9.0,0,9,0,108
15460,0.3.0,0,3,0,36
15461,2.3.0,2,3,0,516
15462,1.1.6,1,1,6,258
15463,0.5.0,0,5,0,60
15464,0.5.0,0,5,0,60
15465,1.4.0,1,4,0,288
15466,0.9.0,0,9,0,108
15467,1.1.0,1,1,0,252
15468,0.9.0,0,9,0,108
15469,0.9.0,0,9,0,108
15470,9.0.0,9,0,0,2160
15471,2.12.6,2,12,6,630
15472,6.0.0,6,0,0,1440
15473,2.12.6,2,12,6,630
15474,2.12.6,2,12,6,630
15475,0.3.0,0,3,0,36
15476,0.1.6,0,1,6,18
15477,0.1.6,0,1,6,18
15478,0.5.0,0,5,0,60
15479,1.6.0,1,6,0,312
15480,0.9.0,0,9,0,108
15481,1.6.0,1,6,0,312
15482,0.9.0,0,9,0,108
15483,0.1.6,0,1,6,18
15484,1.1.0,1,1,0,252
15485,0.9.0,0,9,0,108
15486,0.9.0,0,9,0,108
15487,0.9.0,0,9,0,108
15488,0.9.0,0,9,0,108
15489,0.5.0,0,5,0,60
15490,0.5.0,0,5,0,60
15491,2.12.6,2,12,6,630
15492,0.1.6,0,1,6,18
15493,0.5.0,0,5,0,60
15494,0.5.0,0,5,0,60
15495,0.9.0,0,9,0,108
15496,0.9.0,0,9,0,108
15497,0.9.0,0,9,0,108
15498,0.9.0,0,9,0,108
15499,0.5.0,0,5,0,60
15500,0.9.0,0,9,0,108
15501,0.5.0,0,5,0,60
15502,0.5.0,0,5,0,60
15503,0.5.0,0,5,0,60
15504,0.9.0,0,9,0,108
15505,0.5.0,0,5,0,60
15506,0.9.0,0,9,0,108
15507,0.9.0,0,9,0,108
15508,0.5.0,0,5,0,60
15509,0.5.0,0,5,0,60
15510,0.5.0,0,5,0,60
15511,0.5.0,0,5,0,60
15512,0.1.6,0,1,6,18
15513,0.1.6,0,1,6,18
15514,0.9.0,0,9,0,108
15515,0.1.6,0,1,6,18
15516,0.1.6,0,1,6,18
15517,0.1.6,0,1,6,18
15518,1.16.0,1,16,0,432
15519,0.5.0,0,5,0,60
15520,1.16.0,1,16,0,432
15521,0.9.0,0,9,0,108
15522,0.5.0,0,5,0,60
15523,0.9.0,0,9,0,108
15524,0.5.0,0,5,0,60
15525,0.5.0,0,5,0,60
15526,0.9.0,0,9,0,108
15527,0.5.0,0,5,0,60
15528,0.9.0,0,9,0,108
15529,4.0.0,4,0,0,960
15530,4.0.0,4,0,0,960
15531,0.9.0,0,9,0,108
15532,0.5.0,0,5,0,60
15533,0.5.0,0,5,0,60
15534,1.16.0,1,16,0,432
15535,0.9.0,0,9,0,108
15536,0.1.6,0,1,6,18
15537,0.1.6,0,1,6,18
15538,1.1.0,1,1,0,252
15539,1.1.0,1,1,0,252
15540,1.1.0,1,1,0,252
15541,0.1.6,0,1,6,18
15542,0.3.0,0,3,0,36
15543,0.9.0,0,9,0,108
15544,0.5.0,0,5,0,60
15545,1.4.0,1,4,0,288
15546,1.11.0,1,11,0,372
15547,0.9.0,0,9,0,108
15548,0.9.0,0,9,0,108
15549,0.1.6,0,1,6,18
15550,1.13.6,1,13,6,402
15551,0.3.0,0,3,0,36
15552,0.3.0,0,3,0,36
15553,0.9.0,0,9,0,108
15554,0.9.0,0,9,0,108
15555,0.1.6,0,1,6,18
15556,0.1.6,0,1,6,18
15557,0.19.0,0,19,0,228
15558,0.5.0,0,5,0,60
15559,0.9.0,0,9,0,108
15560,2.3.0,2,3,0,516
15561,0.3.0,0,3,0,36
15562,2.3.0,2,3,0,516
15563,0.3.0,0,3,0,36
15564,0.5.0,0,5,0,60
15565,0.9.0,0,9,0,108
15566,0.5.0,0,5,0,60
15567,0.9.0,0,9,0,108
15568,2.16.0,2,16,0,672
15569,1.0.0,1,0,0,240
15570,0.5.0,0,5,0,60
15572,0.5.0,0,5,0,60
15573,0.5.0,0,5,0,60
15574,2.12.6,2,12,6,630
15575,0.9.0,0,9,0,108
15576,1.1.6,1,1,6,258
15577,1.11.0,1,11,0,372
15578,0.19.0,0,19,0,228
15579,0.5.0,0,5,0,60
15580,0.5.0,0,5,0,60
15581,1.4.0,1,4,0,288
15582,1.1.0,1,1,0,252
15583,1.16.0,1,16,0,432
15584,4.0.0,4,0,0,960
15586,0.5.0,0,5,0,60
15587,0.9.0,0,9,0,108
15588,0.9.0,0,9,0,108
15589,0.5.0,0,5,0,60
15591,4.0.0,4,0,0,960
15592,1.4.0,1,4,0,288
15593,0.1.6,0,1,6,18
15594,0.5.0,0,5,0,60
15595,0.9.0,0,9,0,108
15596,0.5.0,0,5,0,60
15597,0.3.0,0,3,0,36
15598,0.9.0,0,9,0,108
15599,0.9.0,0,9,0,108
15600,0.9.0,0,9,0,108
15601,0.5.0,0,5,0,60
15602,0.9.0,0,9,0,108
15603,0.9.0,0,9,0,108
15604,2.3.0,2,3,0,516
15605,0.9.0,0,9,0,108
15606,0.1.6,0,1,6,18
15607,0.5.0,0,5,0,60
15608,0.5.0,0,5,0,60
15609,0.9.0,0,9,0,108
15610,0.5.0,0,5,0,60
15611,0.9.0,0,9,0,108
15612,2.12.6,2,12,6,630
15613,0.9.0,0,9,0,108
15614,2.3.0,2,3,0,516
15615,0.9.0,0,9,0,108
15616,2.3.0,2,3,0,516
15617,0.3.0,0,3,0,36
15618,1.16.0,1,16,0,432
15619,0.5.0,0,5,0,60
15620,2.12.6,2,12,6,630
15621,0.9.0,0,9,0,108
15622,0.5.0,0,5,0,60
15623,0.5.0,0,5,0,60
15624,0.9.0,0,9,0,108
15625,0.5.0,0,5,0,60
15626,0.3.0,0,3,0,36
15627,2.12.6,2,12,6,630
15628,1.16.0,1,16,0,432
15629,0.5.0,0,5,0,60
15630,0.9.0,0,9,0,108
15631,0.1.6,0,1,6,18
15632,0.3.0,0,3,0,36
15633,0.5.0,0,5,0,60
15634,2.13.0,2,13,0,636
15635,1.6.0,1,6,0,312
15636,2.3.0,2,3,0,516
15637,0.5.0,0,5,0,60
15638,0.3.0,0,3,0,36
15639,0.3.0,0,3,0,36
15640,0.3.0,0,3,0,36
15641,4.0.0,4,0,0,960
15642,2.16.0,2,16,0,672
15643,0.5.0,0,5,0,60
15644,2.12.6,2,12,6,630
15645,0.9.0,0,9,0,108
15646,0.9.0,0,9,0,108
15647,0.9.0,0,9,0,108
15648,0.9.0,0,9,0,108
15649,0.9.0,0,9,0,108
15650,0.1.6,0,1,6,18
15651,0.9.0,0,9,0,108
15652,0.1.6,0,1,6,18
15653,0.5.0,0,5,0,60
15654,0.5.0,0,5,0,60
15655,0.3.0,0,3,0,36
15656,0.9.0,0,9,0,108
15657,0.9.0,0,9,0,108
15658,0.5.0,0,5,0,60
15659,2.12.6,2,12,6,630
15660,0.5.0,0,5,0,60
15661,0.5.0,0,5,0,60
15662,0.5.0,0,5,0,60
15663,0.3.0,0,3,0,36
15664,0.5.0,0,5,0,60
15665,0.5.0,0,5,0,60
15666,0.5.0,0,5,0,60
15667,1.1.0,1,1,0,252
15668,0.3.0,0,3,0,36
15669,0.9.0,0,9,0,108
15670,0.9.0,0,9,0,108
15671,1.16.0,1,16,0,432
15672,1.0.0,1,0,0,240
15673,4.0.0,4,0,0,960
15674,0.11.6,0,11,6,138
15675,0.3.0,0,3,0,36
15676,0.5.0,0,5,0,60
15677,0.14.0,0,14,0,168
15678,0.1.6,0,1,6,18
15679,0.5.0,0,5,0,60
15680,0.5.0,0,5,0,60
15681,0.5.0,0,5,0,60
15682,0.9.0,0,9,0,108
15683,0.12.0,0,12,0,144
15684,0.3.0,0,3,0,36
15685,0.19.0,0,19,0,228
15686,0.5.0,0,5,0,60
15687,0.5.0,0,5,0,60
15688,2.8.0,2,8,0,576
15689,0.5.0,0,5,0,60
15690,0.5.0,0,5,0,60
15691,0.1.6,0,1,6,18
15692,0.5.0,0,5,0,60
15693,0.5.0,0,5,0,60
15694,0.5.0,0,5,0,60
15695,0.1.6,0,1,6,18
15696,0.5.0,0,5,0,60
15697,1.1.0,1,1,0,252
15698,0.9.0,0,9,0,108
15699,0.5.0,0,5,0,60
15700,0.9.0,0,9,0,108
15701,0.1.6,0,1,6,18
15702,1.11.0,1,11,0,372
15703,0.1.6,0,1,6,18
15704,0.1.6,0,1,6,18
15705,0.5.0,0,5,0,60
15706,0.5.0,0,5,0,60
15707,0.5.0,0,5,0,60
15708,0.5.0,0,5,0,60
15709,1.13.6,1,13,6,402
15710,0.9.0,0,9,0,108
15711,0.9.0,0,9,0,108
15712,0.9.0,0,9,0,108
15713,0.9.0,0,9,0,108
15714,0.9.0,0,9,0,108
15715,9.0.0,9,0,0,2160
15716,2.12.6,2,12,6,630
15717,0.5.0,0,5,0,60
15718,0.1.6,0,1,6,18
15719,0.5.0,0,5,0,60
15720,4.0.0,4,0,0,960
15721,0.5.0,0,5,0,60
15722,4.0.0,4,0,0,960
15723,0.9.0,0,9,0,108
15724,0.3.0,0,3,0,36
15725,0.3.0,0,3,0,36
15726,0.1.6,0,1,6,18
15727,0.9.0,0,9,0,108
15728,0.5.0,0,5,0,60
15729,0.3.0,0,3,0,36
15730,0.9.0,0,9,0,108
15731,0.5.0,0,5,0,60
15732,1.1.0,1,1,0,252
15733,0.3.0,0,3,0,36
15734,0.5.0,0,5,0,60
15735,0.11.6,0,11,6,138
15736,0.9.0,0,9,0,108
15737,2.3.0,2,3,0,516
15738,0.5.0,0,5,0,60
15739,0.5.0,0,5,0,60
15740,0.3.0,0,3,0,36
15741,0.9.0,0,9,0,108
15742,0.3.0,0,3,0,36
15743,0.3.0,0,3,0,36
15744,0.5.0,0,5,0,60
15745,0.9.0,0,9,0,108
15746,0.9.0,0,9,0,108
15747,0.5.0,0,5,0,60
15748,0.5.0,0,5,0,60
15749,0.5.0,0,5,0,60
15750,1.16.0,1,16,0,432
15751,0.3.0,0,3,0,36
15752,1.1.0,1,1,0,252
15753,0.5.0,0,5,0,60
15754,0.5.0,0,5,0,60
15755,2.3.0,2,3,0,516
15756,0.5.0,0,5,0,60
15757,0.5.0,0,5,0,60
15758,0.9.0,0,9,0,108
15759,0.9.0,0,9,0,108
15760,1.16.0,1,16,0,432
15761,0.12.0,0,12,0,144
15762,0.9.0,0,9,0,108
15763,0.3.0,0,3,0,36
15764,0.3.0,0,3,0,36
15765,0.5.0,0,5,0,60
15766,1.16.0,1,16,0,432
15767,0.1.6,0,1,6,18
15768,1.16.0,1,16,0,432
15769,0.9.0,0,9,0,108
15770,0.14.0,0,14,0,168
15771,1.4.0,1,4,0,288
15772,0.5.0,0,5,0,60
15773,0.5.0,0,5,0,60
15774,0.5.0,0,5,0,60
15775,0.3.0,0,3,0,36
15776,0.3.0,0,3,0,36
15777,0.5.0,0,5,0,60
15778,4.0.0,4,0,0,960
15779,2.3.0,2,3,0,516
15780,0.3.0,0,3,0,36
15781,0.1.6,0,1,6,18
15782,0.9.0,0,9,0,108
15783,0.9.0,0,9,0,108
15784,0.5.0,0,5,0,60
15785,0.5.0,0,5,0,60
15786,1.14.0,1,14,0,408
15787,0.9.0,0,9,0,108
15788,0.3.0,0,3,0,36
15789,0.9.0,0,9,0,108
15790,0.5.0,0,5,0,60
15791,2.3.0,2,3,0,516
15792,0.3.0,0,3,0,36
15793,0.9.0,0,9,0,108
15794,0.5.0,0,5,0,60
15795,0.9.0,0,9,0,108
15796,0.9.0,0,9,0,108
15797,2.12.6,2,12,6,630
15798,0.12.0,0,12,0,144
15799,0.12.0,0,12,0,144
15800,0.5.0,0,5,0,60
15801,0.1.6,0,1,6,18
15802,0.9.0,0,9,0,108
15803,0.5.0,0,5,0,60
15804,4.0.0,4,0,0,960
15805,0.5.0,0,5,0,60
15806,0.1.6,0,1,6,18
15807,0.5.0,0,5,0,60
15808,0.9.0,0,9,0,108
15809,0.3.0,0,3,0,36
15810,0.9.0,0,9,0,108
15811,1.0.0,1,0,0,240
15812,0.5.0,0,5,0,60
15813,0.5.0,0,5,0,60
15814,0.5.0,0,5,0,60
15815,0.9.0,0,9,0,108
15816,0.9.0,0,9,0,108
15817,0.5.0,0,5,0,60
15818,0.5.0,0,5,0,60
15819,0.9.0,0,9,0,108
15820,0.9.0,0,9,0,108
15821,0.12.0,0,12,0,144
15822,0.5.0,0,5,0,60
15823,3.15.0,3,15,0,900
15824,0.5.0,0,5,0,60
15825,0.5.0,0,5,0,60
15826,0.9.0,0,9,0,108
15827,0.5.0,0,5,0,60
15828,0.9.0,0,9,0,108
15829,0.5.0,0,5,0,60
15830,0.9.0,0,9,0,108
15831,1.1.0,1,1,0,252
15832,1.16.0,1,16,0,432
15833,1.16.0,1,16,0,432
15834,1.4.0,1,4,0,288
15835,0.5.0,0,5,0,60
15836,0.5.0,0,5,0,60
15837,0.9.0,0,9,0,108
15838,0.5.0,0,5,0,60
15839,1.11.6,1,11,6,378
15840,1.16.0,1,16,0,432
15841,1.4.0,1,4,0,288
15842,0.5.0,0,5,0,60
15843,0.5.0,0,5,0,60
15844,0.5.0,0,5,0,60
15845,0.5.0,0,5,0,60
15846,0.5.0,0,5,0,60
15847,6.0.0,6,0,0,1440
15848,2.12.6,2,12,6,630
15849,2.3.0,2,3,0,516
15850,1.6.0,1,6,0,312
15851,0.5.0,0,5,0,60
15852,0.9.0,0,9,0,108
15853,0.5.0,0,5,0,60
15854,0.3.0,0,3,0,36
15855,0.5.0,0,5,0,60
15856,0.1.6,0,1,6,18
15857,0.9.0,0,9,0,108
15858,0.9.0,0,9,0,108
15860,0.5.0,0,5,0,60
15861,2.12.6,2,12,6,630
15862,0.3.0,0,3,0,36
15863,0.9.0,0,9,0,108
15864,0.1.6,0,1,6,18
15865,0.5.0,0,5,0,60
15866,0.5.0,0,5,0,60
15867,0.5.0,0,5,0,60
15868,0.9.0,0,9,0,108
15869,0.9.0,0,9,0,108
15870,0.9.0,0,9,0,108
15871,1.4.0,1,4,0,288
15872,0.5.0,0,5,0,60
15873,1.1.0,1,1,0,252
15874,0.9.0,0,9,0,108
15875,0.5.0,0,5,0,60
15876,0.9.0,0,9,0,108
15877,0.9.0,0,9,0,108
15878,0.5.0,0,5,0,60
15879,0.3.0,0,3,0,36
15880,0.1.6,0,1,6,18
15881,0.1.6,0,1,6,18
15882,0.5.0,0,5,0,60
15883,1.4.0,1,4,0,288
15884,0.5.0,0,5,0,60
15885,0.5.0,0,5,0,60
15886,0.5.0,0,5,0,60
15887,0.9.0,0,9,0,108
15888,0.3.0,0,3,0,36
15889,0.5.0,0,5,0,60
15890,0.1.6,0,1,6,18
15891,0.5.0,0,5,0,60
15892,0.5.0,0,5,0,60
15893,0.5.0,0,5,0,60
15894,0.5.0,0,5,0,60
15895,0.1.6,0,1,6,18
15896,0.1.6,0,1,6,18
15897,0.5.0,0,5,0,60
15898,0.1.6,0,1,6,18
15899,1.4.0,1,4,0,288
15900,0.9.0,0,9,0,108
15901,0.5.0,0,5,0,60
15902,1.16.0,1,16,0,432
15903,0.9.0,0,9,0,108
15904,0.5.0,0,5,0,60
15905,0.5.0,0,5,0,60
15906,0.3.0,0,3,0,36
15907,0.3.0,0,3,0,36
15908,0.1.6,0,1,6,18
15909,0.5.0,0,5,0,60
15910,0.1.6,0,1,6,18
15911,0.9.0,0,9,0,108
15912,0.5.0,0,5,0,60
15913,0.5.0,0,5,0,60
15914,0.9.0,0,9,0,108
15915,0.9.0,0,9,0,108
15916,0.1.6,0,1,6,18
15917,0.5.0,0,5,0,60
15918,1.4.0,1,4,0,288
15919,0.1.6,0,1,6,18
15920,0.5.0,0,5,0,60
15921,0.1.6,0,1,6,18
15922,0.5.0,0,5,0,60
15923,0.9.0,0,9,0,108
15924,4.0.0,4,0,0,960
15925,0.5.0,0,5,0,60
15926,0.5.0,0,5,0,60
15927,1.1.0,1,1,0,252
15928,0.1.6,0,1,6,18
15929,0.9.0,0,9,0,108
15930,0.3.0,0,3,0,36
15931,0.5.0,0,5,0,60
15932,0.5.0,0,5,0,60
15933,0.3.0,0,3,0,36
15934,0.1.6,0,1,6,18
15935,0.14.0,0,14,0,168
15936,1.11.0,1,11,0,372
15937,0.5.0,0,5,0,60
15938,0.5.0,0,5,0,60
15939,0.9.0,0,9,0,108
15940,0.5.0,0,5,0,60
15941,0.5.0,0,5,0,60
15942,0.3.0,0,3,0,36
15943,0.5.0,0,5,0,60
15944,0.5.0,0,5,0,60
15945,1.4.0,1,4,0,288
15946,0.1.6,0,1,6,18
15947,0.3.0,0,3,0,36
15948,0.9.0,0,9,0,108
15949,0.9.0,0,9,0,108
15950,0.9.0,0,9,0,108
15951,0.5.0,0,5,0,60
15952,0.1.6,0,1,6,18
15953,0.3.0,0,3,0,36
15954,2.3.0,2,3,0,516
15955,1.1.0,1,1,0,252
15956,0.5.0,0,5,0,60
15957,1.16.0,1,16,0,432
15958,0.5.0,0,5,0,60
15959,0.1.6,0,1,6,18
15960,0.3.0,0,3,0,36
15961,0.5.0,0,5,0,60
15962,0.5.0,0,5,0,60
15963,0.5.0,0,5,0,60
15964,0.9.0,0,9,0,108
15965,0.9.0,0,9,0,108
15966,1.4.0,1,4,0,288
15967,0.5.0,0,5,0,60
15968,0.3.0,0,3,0,36
15969,0.5.0,0,5,0,60
15970,0.1.6,0,1,6,18
15971,0.1.6,0,1,6,18
15972,0.3.0,0,3,0,36
15973,0.3.0,0,3,0,36
15974,0.1.6,0,1,6,18
15975,1.16.0,1,16,0,432
15976,0.17.6,0,17,6,210
15977,6.7.0,6,7,0,1524
15979,1.0.0,1,0,0,240
15980,1.1.0,1,1,0,252
15981,0.5.0,0,5,0,60
15982,0.5.0,0,5,0,60
15983,0.5.0,0,5,0,60
15984,0.19.0,0,19,0,228
15985,0.5.0,0,5,0,60
15986,0.9.0,0,9,0,108
15987,1.1.0,1,1,0,252
15988,0.5.0,0,5,0,60
15989,0.5.0,0,5,0,60
15990,4.0.0,4,0,0,960
15991,2.3.0,2,3,0,516
15992,4.0.0,4,0,0,960
15993,2.3.0,2,3,0,516
15994,1.1.0,1,1,0,252
15995,13.10.0,13,10,0,3240
15996,2.12.6,2,12,6,630
15997,0.14.0,0,14,0,168
15998,0.5.0,0,5,0,60
15999,0.5.0,0,5,0,60
16000,0.5.0,0,5,0,60
16001,2.3.0,2,3,0,516
16002,6.7.0,6,7,0,1524
16003,0.9.0,0,9,0,108
16004,0.5.0,0,5,0,60
16005,0.3.0,0,3,0,36
16006,0.3.0,0,3,0,36
16007,1.16.0,1,16,0,432
16008,0.5.0,0,5,0,60
16009,0.5.0,0,5,0,60
16010,2.12.6,2,12,6,630
16011,0.5.0,0,5,0,60
16012,0.1.6,0,1,6,18
16013,0.9.0,0,9,0,108
16014,0.9.0,0,9,0,108
16015,0.3.0,0,3,0,36
16016,0.5.0,0,5,0,60
16017,0.9.0,0,9,0,108
16018,0.3.0,0,3,0,36
16019,0.3.0,0,3,0,36
16020,0.1.6,0,1,6,18
16021,1.1.0,1,1,0,252
16022,1.16.0,1,16,0,432
16023,0.5.0,0,5,0,60
16024,0.9.0,0,9,0,108
16025,0.5.0,0,5,0,60
16026,0.5.0,0,5,0,60
16027,0.9.0,0,9,0,108
16028,0.3.0,0,3,0,36
16029,0.3.0,0,3,0,36
16030,0.1.6,0,1,6,18
16031,0.1.6,0,1,6,18
16032,0.3.0,0,3,0,36
16033,0.3.0,0,3,0,36
16034,0.1.6,0,1,6,18
16035,0.3.0,0,3,0,36
16036,0.3.0,0,3,0,36
16037,0.3.0,0,3,0,36
16038,0.1.6,0,1,6,18
16039,0.5.0,0,5,0,60
16040,0.5.0,0,5,0,60
16041,0.19.0,0,19,0,228
16042,1.6.0,1,6,0,312
16043,0.5.0,0,5,0,60
16044,0.5.0,0,5,0,60
16045,0.5.0,0,5,0,60
16046,0.9.0,0,9,0,108
16047,0.9.0,0,9,0,108
16048,0.5.0,0,5,0,60
16049,2.3.0,2,3,0,516
16050,0.9.0,0,9,0,108
16051,0.5.0,0,5,0,60
16052,1.1.0,1,1,0,252
16053,0.5.0,0,5,0,60
16054,0.1.6,0,1,6,18
16055,0.5.0,0,5,0,60
16056,0.1.6,0,1,6,18
16057,1.16.0,1,16,0,432
16058,0.5.0,0,5,0,60
16059,0.5.0,0,5,0,60
16060,0.5.0,0,5,0,60
16061,0.5.0,0,5,0,60
16062,0.9.0,0,9,0,108
16063,0.9.0,0,9,0,108
16064,0.5.0,0,5,0,60
16065,0.5.0,0,5,0,60
16066,0.9.0,0,9,0,108
16067,0.1.6,0,1,6,18
16068,0.1.6,0,1,6,18
16069,0.3.0,0,3,0,36
16070,0.3.0,0,3,0,36
16071,0.5.0,0,5,0,60
16072,0.5.0,0,5,0,60
16073,0.9.0,0,9,0,108
16074,0.1.6,0,1,6,18
16075,0.9.0,0,9,0,108
16076,0.3.0,0,3,0,36
16077,0.5.0,0,5,0,60
16078,0.5.0,0,5,0,60
16079,0.1.6,0,1,6,18
16080,0.3.0,0,3,0,36
16081,0.3.0,0,3,0,36
16082,0.9.0,0,9,0,108
16083,1.13.6,1,13,6,402
16084,0.9.0,0,9,0,108
16085,0.5.0,0,5,0,60
16086,0.5.0,0,5,0,60
16087,0.5.0,0,5,0,60
16088,0.5.0,0,5,0,60
16089,0.9.0,0,9,0,108
16090,0.1.6,0,1,6,18
16091,0.1.6,0,1,6,18
16092,0.5.0,0,5,0,60
16093,0.5.0,0,5,0,60
16094,1.16.0,1,16,0,432
16095,0.9.0,0,9,0,108
16096,0.19.0,0,19,0,228
16097,1.1.6,1,1,6,258
16098,0.9.0,0,9,0,108
16099,0.1.6,0,1,6,18
16100,0.1.6,0,1,6,18
16101,0.5.0,0,5,0,60
16102,0.5.0,0,5,0,60
16103,0.1.6,0,1,6,18
16104,0.1.6,0,1,6,18
16105,2.3.0,2,3,0,516
16106,0.1.6,0,1,6,18
16107,0.5.0,0,5,0,60
16108,0.3.0,0,3,0,36
16109,0.1.6,0,1,6,18
16110,0.1.6,0,1,6,18
16111,0.5.0,0,5,0,60
16112,0.1.6,0,1,6,18
16113,0.19.0,0,19,0,228
16114,1.16.0,1,16,0,432
16115,2.3.0,2,3,0,516
16116,0.5.0,0,5,0,60
16117,0.1.6,0,1,6,18
16118,0.3.0,0,3,0,36
16119,0.1.6,0,1,6,18
16120,0.3.0,0,3,0,36
16121,0.5.0,0,5,0,60
16122,0.3.0,0,3,0,36
16123,0.1.6,0,1,6,18
16124,0.9.0,0,9,0,108
16125,0.9.0,0,9,0,108
16127,0.5.0,0,5,0,60
16128,0.5.0,0,5,0,60
16129,0.9.0,0,9,0,108
16130,2.3.0,2,3,0,516
16131,0.5.0,0,5,0,60
16132,0.1.6,0,1,6,18
16133,0.9.0,0,9,0,108
16134,0.1.6,0,1,6,18
16135,0.5.0,0,5,0,60
16136,0.9.0,0,9,0,108
16137,0.9.0,0,9,0,108
16138,0.5.0,0,5,0,60
16139,0.9.0,0,9,0,108
16140,0.1.6,0,1,6,18
16141,0.3.0,0,3,0,36
16142,0.3.0,0,3,0,36
16143,1.1.0,1,1,0,252
16144,2.3.0,2,3,0,516
16145,0.3.0,0,3,0,36
16146,0.5.0,0,5,0,60
16147,0.5.0,0,5,0,60
16148,1.4.0,1,4,0,288
16149,2.3.0,2,3,0,516
16150,0.3.0,0,3,0,36
16151,0.1.6,0,1,6,18
16152,0.5.0,0,5,0,60
16153,0.9.0,0,9,0,108
16154,0.9.0,0,9,0,108
16155,0.5.0,0,5,0,60
16156,0.9.0,0,9,0,108
16157,0.9.0,0,9,0,108
16158,2.12.6,2,12,6,630
16159,0.1.6,0,1,6,18
16160,0.3.0,0,3,0,36
16161,0.3.0,0,3,0,36
16162,0.9.0,0,9,0,108
16163,1.16.0,1,16,0,432
16164,0.5.0,0,5,0,60
16165,0.5.0,0,5,0,60
16166,0.1.6,0,1,6,18
16167,0.5.0,0,5,0,60
16168,0.9.0,0,9,0,108
16169,0.1.6,0,1,6,18
16170,2.3.0,2,3,0,516
16171,0.9.0,0,9,0,108
16172,0.9.0,0,9,0,108
16173,0.5.0,0,5,0,60
16174,9.0.0,9,0,0,2160
16175,2.12.6,2,12,6,630
16176,2.3.0,2,3,0,516
16177,0.3.0,0,3,0,36
16178,0.9.0,0,9,0,108
16179,0.5.0,0,5,0,60
16180,0.9.0,0,9,0,108
16181,0.9.0,0,9,0,108
16182,0.1.6,0,1,6,18
16183,0.3.0,0,3,0,36
16185,1.4.0,1,4,0,288
16186,0.5.0,0,5,0,60
16187,0.5.0,0,5,0,60
16188,0.5.0,0,5,0,60
16189,0.5.0,0,5,0,60
16190,0.9.0,0,9,0,108
16191,0.9.0,0,9,0,108
16192,0.9.0,0,9,0,108
16193,0.9.0,0,9,0,108
16194,2.16.0,2,16,0,672
16195,0.9.0,0,9,0,108
16196,0.5.0,0,5,0,60
16197,0.5.0,0,5,0,60
16198,0.1.6,0,1,6,18
16199,0.5.0,0,5,0,60
16200,0.5.0,0,5,0,60
16201,0.9.0,0,9,0,108
16202,0.3.0,0,3,0,36
16203,0.5.0,0,5,0,60
16204,0.5.0,0,5,0,60
16205,0.3.0,0,3,0,36
16206,0.5.0,0,5,0,60
16207,0.5.0,0,5,0,60
16208,0.1.6,0,1,6,18
16209,0.3.0,0,3,0,36
16210,1.1.6,1,1,6,258
16211,0.3.0,0,3,0,36
16212,0.1.6,0,1,6,18
16213,0.5.0,0,5,0,60
16214,0.3.0,0,3,0,36
16215,0.3.0,0,3,0,36
16216,0.3.0,0,3,0,36
16217,0.5.0,0,5,0,60
16218,0.5.0,0,5,0,60
16219,0.9.0,0,9,0,108
16220,0.5.0,0,5,0,60
16221,0.9.0,0,9,0,108
16222,0.1.6,0,1,6,18
16223,0.5.0,0,5,0,60
16224,0.5.0,0,5,0,60
16225,0.5.0,0,5,0,60
16226,0.1.6,0,1,6,18
16227,0.14.0,0,14,0,168
16228,0.5.0,0,5,0,60
16229,0.9.0,0,9,0,108
16230,0.1.6,0,1,6,18
16231,0.3.0,0,3,0,36
16232,0.3.0,0,3,0,36
16233,0.1.6,0,1,6,18
16234,0.1.6,0,1,6,18
16235,0.9.0,0,9,0,108
16236,0.5.0,0,5,0,60
16237,0.5.0,0,5,0,60
16238,0.5.0,0,5,0,60
16239,0.3.0,0,3,0,36
16240,0.3.0,0,3,0,36
16241,0.3.0,0,3,0,36
16242,4.0.0,4,0,0,960
16243,0.5.0,0,5,0,60
16244,1.1.6,1,1,6,258
16245,0.3.0,0,3,0,36
16246,0.3.0,0,3,0,36
16247,2.13.0,2,13,0,636
16248,0.9.0,0,9,0,108
16249,0.9.0,0,9,0,108
16250,0.9.0,0,9,0,108
16251,0.9.0,0,9,0,108
16252,0.5.0,0,5,0,60
16253,0.5.0,0,5,0,60
16254,0.5.0,0,5,0,60
16255,0.5.0,0,5,0,60
16256,0.9.0,0,9,0,108
16257,0.1.6,0,1,6,18
16258,2.3.0,2,3,0,516
16259,0.9.0,0,9,0,108
16260,0.5.0,0,5,0,60
16261,0.5.0,0,5,0,60
16262,0.13.6,0,13,6,162
16263,0.19.0,0,19,0,228
16264,0.5.0,0,5,0,60
16265,0.3.0,0,3,0,36
16266,0.1.6,0,1,6,18
16267,0.9.0,0,9,0,108
16268,0.9.0,0,9,0,108
16269,0.9.0,0,9,0,108
16270,0.5.0,0,5,0,60
16271,2.12.6,2,12,6,630
16272,0.9.0,0,9,0,108
16273,0.3.0,0,3,0,36
16274,4.0.0,4,0,0,960
16275,0.1.6,0,1,6,18
16276,0.5.0,0,5,0,60
16277,0.1.6,0,1,6,18
16278,0.3.0,0,3,0,36
16279,0.5.0,0,5,0,60
16280,0.9.0,0,9,0,108
16281,0.3.0,0,3,0,36
16282,1.11.0,1,11,0,372
16283,0.5.0,0,5,0,60
16284,0.5.0,0,5,0,60
16285,0.9.0,0,9,0,108
16286,0.9.0,0,9,0,108
16287,0.11.6,0,11,6,138
16288,0.3.0,0,3,0,36
16289,0.1.6,0,1,6,18
16290,2.16.0,2,16,0,672
16291,1.4.0,1,4,0,288
16292,0.9.0,0,9,0,108
16293,0.9.0,0,9,0,108
16294,0.1.6,0,1,6,18
16295,0.1.6,0,1,6,18
16296,0.5.0,0,5,0,60
16297,0.5.0,0,5,0,60
16298,0.3.0,0,3,0,36
16299,0.5.0,0,5,0,60
16300,0.5.0,0,5,0,60
16301,0.9.0,0,9,0,108
16302,0.19.0,0,19,0,228
16303,0.9.0,0,9,0,108
16304,2.12.6,2,12,6,630
16305,2.12.6,2,12,6,630
16306,1.0.0,1,0,0,240
16307,0.5.0,0,5,0,60
16308,1.16.0,1,16,0,432
16309,2.3.0,2,3,0,516
16310,0.5.0,0,5,0,60
16311,1.11.0,1,11,0,372
16312,1.16.0,1,16,0,432
16313,1.6.0,1,6,0,312
16314,2.3.0,2,3,0,516
16315,1.1.0,1,1,0,252
16316,0.5.0,0,5,0,60
16317,0.5.0,0,5,0,60
16318,0.5.0,0,5,0,60
16319,0.3.0,0,3,0,36
16320,0.1.6,0,1,6,18
16321,0.9.0,0,9,0,108
16322,0.5.0,0,5,0,60
16323,0.3.0,0,3,0,36
16324,2.3.0,2,3,0,516
16325,0.5.0,0,5,0,60
16326,1.1.0,1,1,0,252
16327,6.15.0,6,15,0,1620
16328,2.12.6,2,12,6,630
16329,0.5.0,0,5,0,60
16330,0.5.0,0,5,0,60
16331,0.3.0,0,3,0,36
16332,1.16.0,1,16,0,432
16333,0.5.0,0,5,0,60
16334,2.12.6,2,12,6,630
16335,2.12.6,2,12,6,630
16336,0.19.0,0,19,0,228
16337,1.4.0,1,4,0,288
16338,0.5.0,0,5,0,60
16339,0.5.0,0,5,0,60
16340,0.5.0,0,5,0,60
16341,0.1.6,0,1,6,18
16342,1.4.0,1,4,0,288
16343,4.0.0,4,0,0,960
16344,0.5.0,0,5,0,60
16345,0.9.0,0,9,0,108
16346,0.9.0,0,9,0,108
16347,0.1.6,0,1,6,18
16348,0.5.0,0,5,0,60
16349,0.5.0,0,5,0,60
16350,0.5.0,0,5,0,60
16351,0.5.0,0,5,0,60
16352,0.5.0,0,5,0,60
16353,0.14.0,0,14,0,168
16354,0.5.0,0,5,0,60
16355,1.16.0,1,16,0,432
16356,0.1.6,0,1,6,18
16357,0.1.6,0,1,6,18
16358,0.3.0,0,3,0,36
16359,0.3.0,0,3,0,36
16360,0.3.0,0,3,0,36
16361,0.3.0,0,3,0,36
16362,0.9.0,0,9,0,108
16363,0.5.0,0,5,0,60
16364,0.5.0,0,5,0,60
16365,0.9.0,0,9,0,108
16366,0.1.6,0,1,6,18
16367,0.5.0,0,5,0,60
16368,0.1.6,0,1,6,18
16369,0.1.6,0,1,6,18
16370,0.9.0,0,9,0,108
16371,1.1.0,1,1,0,252
16372,0.5.0,0,5,0,60
16373,0.9.0,0,9,0,108
16374,0.9.0,0,9,0,108
16375,2.12.6,2,12,6,630
16376,2.12.6,2,12,6,630
16377,4.0.0,4,0,0,960
16378,0.3.0,0,3,0,36
16379,0.5.0,0,5,0,60
16380,0.1.6,0,1,6,18
16381,0.1.6,0,1,6,18
16382,0.9.0,0,9,0,108
16383,2.13.0,2,13,0,636
16384,1.1.0,1,1,0,252
16385,0.1.6,0,1,6,18
16386,2.3.0,2,3,0,516
16387,0.5.0,0,5,0,60
16388,2.3.0,2,3,0,516
16389,0.9.0,0,9,0,108
16390,0.5.0,0,5,0,60
16391,1.1.6,1,1,6,258
16392,0.1.6,0,1,6,18
16393,1.16.0,1,16,0,432
16394,0.3.0,0,3,0,36
16395,0.9.0,0,9,0,108
16396,0.5.0,0,5,0,60
16397,0.5.0,0,5,0,60
16398,2.12.6,2,12,6,630
16399,2.12.6,2,12,6,630
16400,0.5.0,0,5,0,60
16401,0.9.0,0,9,0,108
16402,0.1.6,0,1,6,18
16403,1.16.0,1,16,0,432
16404,1.4.0,1,4,0,288
16405,0.9.0,0,9,0,108
16406,1.4.0,1,4,0,288
16407,1.4.0,1,4,0,288
16408,0.3.0,0,3,0,36
16409,0.1.6,0,1,6,18
16410,0.19.0,0,19,0,228
16411,0.5.0,0,5,0,60
16412,0.5.0,0,5,0,60
16413,0.5.0,0,5,0,60
16414,4.0.0,4,0,0,960
16416,0.5.0,0,5,0,60
16417,0.5.0,0,5,0,60
16418,0.1.6,0,1,6,18
16419,0.9.0,0,9,0,108
16420,0.9.0,0,9,0,108
16421,0.5.0,0,5,0,60
16422,0.5.0,0,5,0,60
16423,0.5.0,0,5,0,60
16424,2.12.6,2,12,6,630
16425,0.1.6,0,1,6,18
16426,1.3.6,1,3,6,282
16427,0.5.0,0,5,0,60
16428,1.1.0,1,1,0,252
16429,0.9.0,0,9,0,108
16430,0.5.0,0,5,0,60
16431,0.5.0,0,5,0,60
16432,1.16.0,1,16,0,432
16433,0.9.0,0,9,0,108
16434,0.5.0,0,5,0,60
16435,1.16.0,1,16,0,432
16436,0.9.0,0,9,0,108
16437,2.12.6,2,12,6,630
16438,0.9.0,0,9,0,108
16439,0.5.0,0,5,0,60
16440,0.3.0,0,3,0,36
16441,0.1.6,0,1,6,18
16442,0.5.0,0,5,0,60
16443,0.5.0,0,5,0,60
16444,0.9.0,0,9,0,108
16445,0.9.0,0,9,0,108
16446,0.9.0,0,9,0,108
16447,0.5.0,0,5,0,60
16448,0.5.0,0,5,0,60
16449,0.3.0,0,3,0,36
16450,0.5.0,0,5,0,60
16451,0.1.6,0,1,6,18
16452,0.1.6,0,1,6,18
16453,1.16.0,1,16,0,432
16454,0.3.0,0,3,0,36
16455,0.5.0,0,5,0,60
16456,0.5.0,0,5,0,60
16457,0.9.0,0,9,0,108
16458,0.9.0,0,9,0,108
16459,1.16.0,1,16,0,432
16460,0.5.0,0,5,0,60
16461,0.9.0,0,9,0,108
16462,0.9.0,0,9,0,108
16463,0.5.0,0,5,0,60
16464,0.5.0,0,5,0,60
16465,0.5.0,0,5,0,60
16466,0.5.0,0,5,0,60
16467,0.5.0,0,5,0,60
16468,0.9.0,0,9,0,108
16469,0.1.6,0,1,6,18
16470,0.5.0,0,5,0,60
16471,0.5.0,0,5,0,60
16472,4.0.0,4,0,0,960
16473,0.1.6,0,1,6,18
16474,0.3.0,0,3,0,36
16475,0.5.0,0,5,0,60
16476,0.5.0,0,5,0,60
16477,0.9.0,0,9,0,108
16478,0.12.0,0,12,0,144
16479,0.9.0,0,9,0,108
16480,0.5.0,0,5,0,60
16481,0.9.0,0,9,0,108
16482,0.5.0,0,5,0,60
16483,0.1.6,0,1,6,18
16484,0.5.0,0,5,0,60
16485,0.9.0,0,9,0,108
16486,0.9.0,0,9,0,108
16487,1.1.6,1,1,6,258
16488,0.5.0,0,5,0,60
16489,0.5.0,0,5,0,60
16490,2.12.6,2,12,6,630
16491,1.16.0,1,16,0,432
16492,0.5.0,0,5,0,60
16493,0.19.0,0,19,0,228
16494,0.3.0,0,3,0,36
16495,0.3.0,0,3,0,36
16496,0.5.0,0,5,0,60
16497,0.5.0,0,5,0,60
16498,0.5.0,0,5,0,60
16499,2.11.0,2,11,0,612
16500,0.5.0,0,5,0,60
16501,0.5.0,0,5,0,60
16502,0.9.0,0,9,0,108
16503,2.11.0,2,11,0,612
16504,0.5.0,0,5,0,60
16505,0.5.0,0,5,0,60
16506,0.9.0,0,9,0,108
16507,0.9.0,0,9,0,108
16508,0.9.0,0,9,0,108
16509,0.9.0,0,9,0,108
16510,0.5.0,0,5,0,60
16511,0.5.0,0,5,0,60
16512,0.15.0,0,15,0,180
16513,0.9.0,0,9,0,108
16514,0.5.0,0,5,0,60
16515,0.5.0,0,5,0,60
16516,4.0.0,4,0,0,960
16517,0.9.0,0,9,0,108
16518,0.9.0,0,9,0,108
16519,0.5.0,0,5,0,60
16520,1.4.0,1,4,0,288
16521,0.1.6,0,1,6,18
16522,1.1.0,1,1,0,252
16523,0.3.0,0,3,0,36
16524,0.5.0,0,5,0,60
16525,2.3.0,2,3,0,516
16526,0.9.0,0,9,0,108
16527,0.9.0,0,9,0,108
16528,1.4.0,1,4,0,288
16529,1.4.0,1,4,0,288
16530,0.5.0,0,5,0,60
16531,0.5.0,0,5,0,60
16532,1.4.0,1,4,0,288
16533,2.3.0,2,3,0,516
16534,1.4.0,1,4,0,288
16535,0.9.0,0,9,0,108
16536,2.16.0,2,16,0,672
16537,0.5.0,0,5,0,60
16538,1.1.6,1,1,6,258
16539,0.9.0,0,9,0,108
16540,1.4.0,1,4,0,288
16541,0.5.0,0,5,0,60
16542,0.9.0,0,9,0,108
16543,0.9.0,0,9,0,108
16544,2.3.0,2,3,0,516
16545,1.1.0,1,1,0,252
16546,0.5.0,0,5,0,60
16547,0.9.0,0,9,0,108
16548,0.1.6,0,1,6,18
16549,2.16.0,2,16,0,672
16550,0.5.0,0,5,0,60
16551,1.1.0,1,1,0,252
16552,0.9.0,0,9,0,108
16553,0.9.0,0,9,0,108
16554,0.5.0,0,5,0,60
16555,0.5.0,0,5,0,60
16556,2.12.6,2,12,6,630
16557,2.12.6,2,12,6,630
16558,2.12.6,2,12,6,630
16559,2.12.6,2,12,6,630
16560,0.9.0,0,9,0,108
16561,1.1.0,1,1,0,252
16562,1.1.6,1,1,6,258
16563,1.1.0,1,1,0,252
16564,0.9.0,0,9,0,108
16565,0.5.0,0,5,0,60
16566,0.5.0,0,5,0,60
16567,0.5.0,0,5,0,60
16568,2.3.0,2,3,0,516
16569,0.1.6,0,1,6,18
16570,0.5.0,0,5,0,60
16571,0.1.6,0,1,6,18
16572,2.3.0,2,3,0,516
16573,0.19.0,0,19,0,228
16574,0.5.0,0,5,0,60
16575,0.5.0,0,5,0,60
16576,2.16.0,2,16,0,672
16577,6.0.0,6,0,0,1440
16578,2.12.6,2,12,6,630
16579,1.6.0,1,6,0,312
16580,1.1.6,1,1,6,258
16581,2.3.0,2,3,0,516
16582,0.5.0,0,5,0,60
16583,0.5.0,0,5,0,60
16584,0.1.6,0,1,6,18
16585,0.5.0,0,5,0,60
16586,0.5.0,0,5,0,60
16587,0.1.6,0,1,6,18
16588,1.11.0,1,11,0,372
16589,0.3.0,0,3,0,36
16591,0.5.0,0,5,0,60
16592,0.9.0,0,9,0,108
16593,0.9.0,0,9,0,108
16594,0.9.0,0,9,0,108
16595,13.10.0,13,10,0,3240
16596,2.12.6,2,12,6,630
16597,0.5.0,0,5,0,60
16598,0.5.0,0,5,0,60
16599,0.1.6,0,1,6,18
16600,1.0.0,1,0,0,240
16601,2.16.0,2,16,0,672
16602,2.12.6,2,12,6,630
16603,0.5.0,0,5,0,60
16604,0.5.0,0,5,0,60
16605,0.5.0,0,5,0,60
16606,0.3.0,0,3,0,36
16607,0.1.6,0,1,6,18
16608,1.16.0,1,16,0,432
16609,1.4.0,1,4,0,288
16610,0.9.0,0,9,0,108
16611,0.9.0,0,9,0,108
16612,0.14.0,0,14,0,168
16613,0.9.0,0,9,0,108
16614,0.3.0,0,3,0,36
16615,0.1.6,0,1,6,18
16616,0.3.0,0,3,0,36
16617,2.3.0,2,3,0,516
16618,1.13.6,1,13,6,402
16619,0.5.0,0,5,0,60
16620,0.5.0,0,5,0,60
16621,0.9.0,0,9,0,108
16622,0.5.0,0,5,0,60
16623,0.11.6,0,11,6,138
16624,0.3.0,0,3,0,36
16625,0.5.0,0,5,0,60
16626,0.1.6,0,1,6,18
16627,0.5.0,0,5,0,60
16628,0.10.0,0,10,0,120
16629,0.9.0,0,9,0,108
16630,0.5.0,0,5,0,60
16631,0.5.0,0,5,0,60
16632,0.9.0,0,9,0,108
16633,0.9.0,0,9,0,108
16634,0.11.6,0,11,6,138
16635,0.1.6,0,1,6,18
16636,0.5.0,0,5,0,60
16637,0.5.0,0,5,0,60
16638,0.5.0,0,5,0,60
16639,0.1.6,0,1,6,18
16640,12.8.0,12,8,0,2976
16641,0.1.6,0,1,6,18
16642,0.5.0,0,5,0,60
16643,0.1.6,0,1,6,18
16644,0.5.0,0,5,0,60
16645,0.9.0,0,9,0,108
16646,0.9.0,0,9,0,108
16647,0.9.0,0,9,0,108
16648,0.1.6,0,1,6,18
16649,0.1.6,0,1,6,18
16650,0.3.0,0,3,0,36
16651,0.3.0,0,3,0,36
16652,0.9.0,0,9,0,108
16653,0.5.0,0,5,0,60
16654,0.9.0,0,9,0,108
16655,0.9.0,0,9,0,108
16656,0.9.0,0,9,0,108
16657,0.9.0,0,9,0,108
16658,0.9.0,0,9,0,108
16659,0.5.0,0,5,0,60
16660,0.5.0,0,5,0,60
16661,0.5.0,0,5,0,60
16662,0.5.0,0,5,0,60
16663,0.9.0,0,9,0,108
16664,0.9.0,0,9,0,108
16665,1.1.0,1,1,0,252
16666,0.5.0,0,5,0,60
16667,0.5.0,0,5,0,60
16668,0.5.0,0,5,0,60
16669,0.9.0,0,9,0,108
16670,0.9.0,0,9,0,108
16671,1.4.0,1,4,0,288
16672,0.3.0,0,3,0,36
16673,0.3.0,0,3,0,36
16674,4.0.0,4,0,0,960
16675,1.11.0,1,11,0,372
16676,1.4.0,1,4,0,288
16677,2.16.0,2,16,0,672
16678,0.5.0,0,5,0,60
16679,0.5.0,0,5,0,60
16680,0.5.0,0,5,0,60
16681,0.9.0,0,9,0,108
16682,0.5.0,0,5,0,60
16683,2.3.0,2,3,0,516
16684,0.9.0,0,9,0,108
16685,0.1.6,0,1,6,18
16686,2.3.0,2,3,0,516
16687,0.3.0,0,3,0,36
16688,0.1.6,0,1,6,18
16689,0.3.0,0,3,0,36
16690,0.1.6,0,1,6,18
16691,0.3.0,0,3,0,36
16692,0.5.0,0,5,0,60
16693,0.9.0,0,9,0,108
16694,0.9.0,0,9,0,108
16695,0.5.0,0,5,0,60
16696,0.9.0,0,9,0,108
16697,0.5.0,0,5,0,60
16698,0.5.0,0,5,0,60
16699,0.9.0,0,9,0,108
16700,0.5.0,0,5,0,60
16701,0.5.0,0,5,0,60
16702,6.0.0,6,0,0,1440
16703,0.5.0,0,5,0,60
16704,0.5.0,0,5,0,60
16705,0.1.6,0,1,6,18
16706,0.1.6,0,1,6,18
16707,0.1.6,0,1,6,18
16708,0.9.0,0,9,0,108
16709,0.9.0,0,9,0,108
16710,0.9.0,0,9,0,108
16711,4.0.0,4,0,0,960
16712,0.1.6,0,1,6,18
16713,0.1.6,0,1,6,18
16714,0.3.0,0,3,0,36
16715,0.5.0,0,5,0,60
16716,0.5.0,0,5,0,60
16717,0.5.0,0,5,0,60
16718,0.9.0,0,9,0,108
16719,0.9.0,0,9,0,108
16720,0.9.0,0,9,0,108
16721,0.9.0,0,9,0,108
16722,1.1.0,1,1,0,252
16723,0.9.0,0,9,0,108
16724,0.3.0,0,3,0,36
16725,0.1.6,0,1,6,18
16726,2.16.0,2,16,0,672
16728,0.9.0,0,9,0,108
16729,0.1.6,0,1,6,18
16730,0.1.6,0,1,6,18
16731,0.1.6,0,1,6,18
16732,1.4.0,1,4,0,288
16733,0.1.6,0,1,6,18
16734,4.0.0,4,0,0,960
16736,0.9.0,0,9,0,108
16737,0.9.0,0,9,0,108
16738,0.9.0,0,9,0,108
16739,0.5.0,0,5,0,60
16740,0.9.0,0,9,0,108
16741,0.5.0,0,5,0,60
16742,1.4.0,1,4,0,288
16743,0.5.0,0,5,0,60
16744,0.9.0,0,9,0,108
16745,0.1.6,0,1,6,18
16746,0.9.0,0,9,0,108
16747,2.16.0,2,16,0,672
16748,0.9.0,0,9,0,108
16749,0.5.0,0,5,0,60
16750,4.0.0,4,0,0,960
16751,0.1.6,0,1,6,18
16752,1.16.0,1,16,0,432
16753,0.5.0,0,5,0,60
16754,0.9.0,0,9,0,108
16755,0.14.0,0,14,0,168
16756,1.1.0,1,1,0,252
16757,0.9.0,0,9,0,108
16758,0.9.0,0,9,0,108
16759,0.9.0,0,9,0,108
16760,0.9.0,0,9,0,108
16761,0.5.0,0,5,0,60
16762,0.1.6,0,1,6,18
16763,0.3.0,0,3,0,36
16764,0.5.0,0,5,0,60
16765,0.5.0,0,5,0,60
16766,0.9.0,0,9,0,108
16767,0.9.0,0,9,0,108
16768,0.9.0,0,9,0,108
16769,0.5.0,0,5,0,60
16770,0.9.0,0,9,0,108
16771,0.9.0,0,9,0,108
16772,0.5.0,0,5,0,60
16773,1.4.0,1,4,0,288
16774,0.9.0,0,9,0,108
16775,2.3.0,2,3,0,516
16776,0.5.0,0,5,0,60
16777,0.9.0,0,9,0,108
16778,0.1.6,0,1,6,18
16779,0.5.0,0,5,0,60
16780,0.3.0,0,3,0,36
16781,0.3.0,0,3,0,36
16782,0.11.6,0,11,6,138
16783,0.3.0,0,3,0,36
16784,0.5.0,0,5,0,60
16785,0.5.0,0,5,0,60
16786,0.5.0,0,5,0,60
16787,0.9.0,0,9,0,108
16788,0.1.6,0,1,6,18
16789,0.5.0,0,5,0,60
16790,0.5.0,0,5,0,60
16791,1.1.0,1,1,0,252
16792,0.5.0,0,5,0,60
16793,0.3.0,0,3,0,36
16794,0.7.6,0,7,6,90
16795,0.1.6,0,1,6,18
16796,0.5.0,0,5,0,60
16797,1.0.0,1,0,0,240
16798,0.1.6,0,1,6,18
16799,2.3.0,2,3,0,516
16800,0.9.0,0,9,0,108
16801,0.9.0,0,9,0,108
16802,0.9.0,0,9,0,108
16803,0.9.0,0,9,0,108
16804,0.5.0,0,5,0,60
16805,0.9.0,0,9,0,108
16806,0.5.0,0,5,0,60
16807,0.12.0,0,12,0,144
16808,4.0.0,4,0,0,960
16809,0.5.0,0,5,0,60
16810,0.5.0,0,5,0,60
16811,0.9.0,0,9,0,108
16812,0.3.0,0,3,0,36
16813,2.3.0,2,3,0,516
16814,0.9.0,0,9,0,108
16815,0.5.0,0,5,0,60
16816,1.1.0,1,1,0,252
16817,0.5.0,0,5,0,60
16818,0.9.0,0,9,0,108
16819,0.5.0,0,5,0,60
16820,0.5.0,0,5,0,60
16821,0.5.0,0,5,0,60
16822,0.5.0,0,5,0,60
16823,0.3.0,0,3,0,36
16824,0.5.0,0,5,0,60
16825,0.5.0,0,5,0,60
16826,0.3.0,0,3,0,36
16827,0.5.0,0,5,0,60
16828,0.5.0,0,5,0,60
16829,0.3.0,0,3,0,36
16830,0.9.0,0,9,0,108
16831,1.1.0,1,1,0,252
16832,0.5.0,0,5,0,60
16833,0.9.0,0,9,0,108
16834,0.5.0,0,5,0,60
16835,0.5.0,0,5,0,60
16836,0.5.0,0,5,0,60
16837,0.9.0,0,9,0,108
16838,0.7.6,0,7,6,90
16839,0.5.0,0,5,0,60
16840,0.9.0,0,9,0,108
16841,0.5.0,0,5,0,60
16842,0.5.0,0,5,0,60
16843,0.5.0,0,5,0,60
16844,0.3.0,0,3,0,36
16845,0.5.0,0,5,0,60
16846,0.5.0,0,5,0,60
16847,0.3.0,0,3,0,36
16848,0.5.0,0,5,0,60
16849,1.1.0,1,1,0,252
16850,0.9.0,0,9,0,108
16851,0.9.0,0,9,0,108
16852,0.5.0,0,5,0,60
16853,1.4.0,1,4,0,288
16854,0.5.0,0,5,0,60
16855,0.9.0,0,9,0,108
16856,0.3.0,0,3,0,36
16857,0.9.0,0,9,0,108
16858,0.5.0,0,5,0,60
16859,0.5.0,0,5,0,60
16860,1.4.0,1,4,0,288
16861,0.9.0,0,9,0,108
16862,0.5.0,0,5,0,60
16863,0.5.0,0,5,0,60
16864,0.5.0,0,5,0,60
16865,0.1.6,0,1,6,18
16866,0.9.0,0,9,0,108
16867,1.9.0,1,9,0,348
16868,0.5.0,0,5,0,60
16869,0.3.0,0,3,0,36
16870,0.5.0,0,5,0,60
16871,1.6.0,1,6,0,312
16872,0.3.0,0,3,0,36
16873,2.16.0,2,16,0,672
16874,0.5.0,0,5,0,60
16875,0.5.0,0,5,0,60
16876,0.5.0,0,5,0,60
16877,0.3.0,0,3,0,36
16878,0.3.0,0,3,0,36
16879,0.3.0,0,3,0,36
16880,0.3.0,0,3,0,36
16881,0.5.0,0,5,0,60
16882,0.5.0,0,5,0,60
16883,1.1.0,1,1,0,252
16884,0.1.6,0,1,6,18
16885,0.5.0,0,5,0,60
16886,1.1.0,1,1,0,252
16887,0.9.0,0,9,0,108
16888,4.0.0,4,0,0,960
16889,0.9.0,0,9,0,108
16890,1.1.6,1,1,6,258
16891,0.5.0,0,5,0,60
16892,0.5.0,0,5,0,60
16893,0.3.0,0,3,0,36
16894,0.3.0,0,3,0,36
16895,0.5.0,0,5,0,60
16896,0.5.0,0,5,0,60
16897,1.4.0,1,4,0,288
16898,0.5.0,0,5,0,60
16899,0.5.0,0,5,0,60
16900,1.1.0,1,1,0,252
16901,0.5.0,0,5,0,60
16902,0.5.0,0,5,0,60
16903,0.5.0,0,5,0,60
16904,0.9.0,0,9,0,108
16905,0.5.0,0,5,0,60
16906,0.12.0,0,12,0,144
16907,1.1.6,1,1,6,258
16908,0.9.0,0,9,0,108
16909,1.1.0,1,1,0,252
16910,8.0.0,8,0,0,1920
16911,8.8.0,8,8,0,2016
16912,8.0.0,8,0,0,1920
16913,16.2.6,16,2,6,3870
16914,2.2.0,2,2,0,504
16915,10.0.0,10,0,0,2400
16916,0.5.0,0,5,0,60
16917,0.5.0,0,5,0,60
16918,0.3.0,0,3,0,36
16919,5.0.0,5,0,0,1200
16920,0.3.0,0,3,0,36
16921,11.10.0,11,10,0,2760
16922,0.19.0,0,19,0,228
16923,0.9.0,0,9,0,108
16924,0.5.0,0,5,0,60
16925,0.5.0,0,5,0,60
16926,0.9.0,0,9,0,108
16927,1.1.0,1,1,0,252
16928,0.5.0,0,5,0,60
16929,0.5.0,0,5,0,60
16930,0.5.0,0,5,0,60
16931,12.0.0,12,0,0,2880
16932,0.1.6,0,1,6,18
16933,0.18.0,0,18,0,216
16934,0.5.0,0,5,0,60
16935,11.0.0,11,0,0,2640
16936,12.0.0,12,0,0,2880
16937,0.5.0,0,5,0,60
16938,1.13.0,1,13,0,396
16939,0.3.0,0,3,0,36
16940,0.9.0,0,9,0,108
16941,10.0.0,10,0,0,2400
16942,0.10.0,0,10,0,120
16943,0.10.0,0,10,0,120
16944,0.10.0,0,10,0,120
16945,0.10.0,0,10,0,120
16946,9.0.0,9,0,0,2160
16947,0.3.0,0,3,0,36
16948,0.3.0,0,3,0,36
16949,2.12.6,2,12,6,630
16950,0.10.0,0,10,0,120
16951,18.10.0,18,10,0,4440
16952,0.5.0,0,5,0,60
16953,0.9.0,0,9,0,108
16954,0.9.0,0,9,0,108
16955,0.9.0,0,9,0,108
16956,0.3.0,0,3,0,36
16957,0.9.0,0,9,0,108
16958,0.5.0,0,5,0,60
16959,0.9.0,0,9,0,108
16960,0.5.0,0,5,0,60
16961,0.5.0,0,5,0,60
16962,2.12.6,2,12,6,630
16963,0.3.0,0,3,0,36
16964,0.9.0,0,9,0,108
16965,0.9.0,0,9,0,108
16966,0.5.0,0,5,0,60
16967,9.10.0,9,10,0,2280
16968,14.0.0,14,0,0,3360
16969,8.0.0,8,0,0,1920
16970,7.10.0,7,10,0,1800
16971,6.0.0,6,0,0,1440
16972,5.10.0,5,10,0,1320
16973,0.3.0,0,3,0,36
16974,1.1.6,1,1,6,258
16975,0.9.0,0,9,0,108
16976,2.2.0,2,2,0,504
16977,0.18.0,0,18,0,216
16978,0.5.0,0,5,0,60
16979,2.8.0,2,8,0,576
16980,4.0.0,4,0,0,960
16981,1.1.0,1,1,0,252
16982,0.5.0,0,5,0,60
16983,1.1.0,1,1,0,252
16984,1.16.0,1,16,0,432
16985,1.1.0,1,1,0,252
16986,0.9.0,0,9,0,108
16987,0.5.0,0,5,0,60
16988,0.9.0,0,9,0,108
16989,0.9.0,0,9,0,108
16990,0.5.0,0,5,0,60
16991,0.5.0,0,5,0,60
16992,2.0.0,2,0,0,480
16993,0.3.0,0,3,0,36
16994,0.3.0,0,3,0,36
16995,1.0.0,1,0,0,240
16996,1.4.0,1,4,0,288
16997,0.3.0,0,3,0,36
16998,2.16.0,2,16,0,672
16999,0.3.0,0,3,0,36
17000,1.1.0,1,1,0,252
17001,0.9.0,0,9,0,108
17002,0.9.0,0,9,0,108
17003,0.5.0,0,5,0,60
17004,0.3.0,0,3,0,36
17005,0.5.0,0,5,0,60
17006,1.3.6,1,3,6,282
17007,0.3.0,0,3,0,36
17008,4.0.0,4,0,0,960
17009,1.13.0,1,13,0,396
17010,0.5.0,0,5,0,60
17011,0.5.0,0,5,0,60
17012,0.5.0,0,5,0,60
17013,0.5.0,0,5,0,60
17014,0.9.0,0,9,0,108
17015,0.5.0,0,5,0,60
17016,4.0.0,4,0,0,960
17017,0.5.0,0,5,0,60
17018,0.5.0,0,5,0,60
17019,0.5.0,0,5,0,60
17020,0.9.0,0,9,0,108
17021,1.16.0,1,16,0,432
17022,0.9.0,0,9,0,108
17023,0.5.0,0,5,0,60
17024,0.5.0,0,5,0,60
17025,0.5.0,0,5,0,60
17026,0.9.0,0,9,0,108
17027,0.19.0,0,19,0,228
17028,0.5.0,0,5,0,60
17029,1.4.0,1,4,0,288
17030,0.5.0,0,5,0,60
17031,0.3.0,0,3,0,36
17032,1.1.6,1,1,6,258
17033,0.5.0,0,5,0,60
17034,1.4.0,1,4,0,288
17035,1.1.0,1,1,0,252
17036,0.9.0,0,9,0,108
17037,2.12.6,2,12,6,630
17038,0.9.0,0,9,0,108
17039,0.5.0,0,5,0,60
17040,0.5.0,0,5,0,60
17041,2.3.0,2,3,0,516
17042,0.3.0,0,3,0,36
17043,0.9.0,0,9,0,108
17044,0.5.0,0,5,0,60
17045,0.5.0,0,5,0,60
17046,0.9.0,0,9,0,108
17047,0.5.0,0,5,0,60
17048,0.9.0,0,9,0,108
17049,2.18.0,2,18,0,696
17050,0.5.0,0,5,0,60
17051,0.9.0,0,9,0,108
17052,0.5.0,0,5,0,60
17053,0.5.0,0,5,0,60
17054,2.12.6,2,12,6,630
17055,1.9.0,1,9,0,348
17056,0.3.0,0,3,0,36
17057,1.4.0,1,4,0,288
17058,0.5.0,0,5,0,60
17059,0.5.0,0,5,0,60
17060,1.1.0,1,1,0,252
17061,0.3.0,0,3,0,36
17062,2.16.0,2,16,0,672
17063,0.9.0,0,9,0,108
17064,4.0.0,4,0,0,960
17065,0.5.0,0,5,0,60
17066,0.5.0,0,5,0,60
17067,0.9.0,0,9,0,108
17068,0.5.0,0,5,0,60
17069,0.5.0,0,5,0,60
17070,6.7.0,6,7,0,1524
17071,0.5.0,0,5,0,60
17072,1.1.0,1,1,0,252
17073,0.9.0,0,9,0,108
17074,2.3.0,2,3,0,516
17075,1.4.0,1,4,0,288
17076,0.19.0,0,19,0,228
17077,0.5.0,0,5,0,60
17078,0.9.0,0,9,0,108
17079,0.5.0,0,5,0,60
17080,0.9.0,0,9,0,108
17081,2.3.0,2,3,0,516
17082,2.16.0,2,16,0,672
17083,0.5.0,0,5,0,60
17084,0.3.0,0,3,0,36
17085,1.1.6,1,1,6,258
17086,0.5.0,0,5,0,60
17087,0.5.0,0,5,0,60
17088,0.12.0,0,12,0,144
17089,0.5.0,0,5,0,60
17090,1.1.0,1,1,0,252
17091,0.5.0,0,5,0,60
17092,0.5.0,0,5,0,60
17093,0.9.0,0,9,0,108
17094,0.5.0,0,5,0,60
17095,0.5.0,0,5,0,60
17096,0.5.0,0,5,0,60
17097,0.19.0,0,19,0,228
17098,1.1.0,1,1,0,252
17099,0.9.0,0,9,0,108
17100,0.9.0,0,9,0,108
17101,0.5.0,0,5,0,60
17102,0.5.0,0,5,0,60
17103,0.5.0,0,5,0,60
17104,0.9.0,0,9,0,108
17105,0.9.0,0,9,0,108
17106,0.9.0,0,9,0,108
17107,0.1.6,0,1,6,18
17108,0.5.0,0,5,0,60
17109,0.3.0,0,3,0,36
17110,2.12.6,2,12,6,630
17111,2.16.0,2,16,0,672
17112,0.19.0,0,19,0,228
17113,0.5.0,0,5,0,60
17114,0.19.0,0,19,0,228
17115,0.5.0,0,5,0,60
17116,0.5.0,0,5,0,60
17117,0.9.0,0,9,0,108
17118,0.5.0,0,5,0,60
17119,0.9.0,0,9,0,108
17120,0.5.0,0,5,0,60
17121,0.9.0,0,9,0,108
17122,0.5.0,0,5,0,60
17123,0.9.0,0,9,0,108
17124,0.5.0,0,5,0,60
17125,2.13.0,2,13,0,636
17126,0.5.0,0,5,0,60
17127,1.16.0,1,16,0,432
17128,0.5.0,0,5,0,60
17129,0.3.0,0,3,0,36
17130,0.5.0,0,5,0,60
17131,0.19.0,0,19,0,228
17132,0.5.0,0,5,0,60
17133,0.3.0,0,3,0,36
17134,0.5.0,0,5,0,60
17135,0.9.0,0,9,0,108
17136,0.5.0,0,5,0,60
17137,0.9.0,0,9,0,108
17138,0.5.0,0,5,0,60
17139,0.9.0,0,9,0,108
17140,1.1.0,1,1,0,252
17141,1.16.0,1,16,0,432
17142,0.5.0,0,5,0,60
17143,0.5.0,0,5,0,60
17144,5.13.0,5,13,0,1356
17145,1.1.0,1,1,0,252
17146,0.1.6,0,1,6,18
17147,0.1.6,0,1,6,18
17148,0.5.0,0,5,0,60
17149,0.3.0,0,3,0,36
17150,2.16.0,2,16,0,672
17151,2.3.0,2,3,0,516
17152,0.9.0,0,9,0,108
17153,0.5.0,0,5,0,60
17154,0.5.0,0,5,0,60
17155,0.5.0,0,5,0,60
17156,0.5.0,0,5,0,60
17157,0.5.0,0,5,0,60
17158,0.3.0,0,3,0,36
17159,0.9.0,0,9,0,108
17160,0.3.0,0,3,0,36
17161,1.4.0,1,4,0,288
17162,1.16.0,1,16,0,432
17163,0.5.0,0,5,0,60
17164,0.5.0,0,5,0,60
17165,0.9.0,0,9,0,108
17166,0.5.0,0,5,0,60
17167,0.5.0,0,5,0,60
17168,0.1.6,0,1,6,18
17169,0.3.0,0,3,0,36
17170,0.5.0,0,5,0,60
17171,1.16.0,1,16,0,432
17172,2.16.0,2,16,0,672
17173,0.3.0,0,3,0,36
17174,2.3.0,2,3,0,516
17175,0.5.0,0,5,0,60
17176,0.5.0,0,5,0,60
17177,0.9.0,0,9,0,108
17178,0.5.0,0,5,0,60
17179,1.11.0,1,11,0,372
17180,2.13.0,2,13,0,636
17181,0.9.0,0,9,0,108
17182,0.5.0,0,5,0,60
17183,0.3.0,0,3,0,36
17184,1.16.0,1,16,0,432
17185,2.16.0,2,16,0,672
17186,0.19.0,0,19,0,228
17187,0.5.0,0,5,0,60
17188,0.9.0,0,9,0,108
17189,0.5.0,0,5,0,60
17190,0.5.0,0,5,0,60
17191,0.5.0,0,5,0,60
17192,0.5.0,0,5,0,60
17193,2.12.6,2,12,6,630
17194,2.12.6,2,12,6,630
17195,0.5.0,0,5,0,60
17196,1.16.0,1,16,0,432
17197,0.9.0,0,9,0,108
17198,0.5.0,0,5,0,60
17199,0.3.0,0,3,0,36
17200,0.3.0,0,3,0,36
17201,0.5.0,0,5,0,60
17202,0.9.0,0,9,0,108
17203,0.9.0,0,9,0,108
17204,0.5.0,0,5,0,60
17205,0.9.0,0,9,0,108
17206,0.5.0,0,5,0,60
17207,1.16.0,1,16,0,432
17208,0.5.0,0,5,0,60
17209,0.5.0,0,5,0,60
17210,0.3.0,0,3,0,36
17211,0.5.0,0,5,0,60
17212,0.9.0,0,9,0,108
17213,0.3.0,0,3,0,36
17214,0.3.0,0,3,0,36
17215,0.5.0,0,5,0,60
17216,0.5.0,0,5,0,60
17217,0.3.0,0,3,0,36
17218,0.5.0,0,5,0,60
17219,0.1.6,0,1,6,18
17220,0.9.0,0,9,0,108
17221,0.9.0,0,9,0,108
17222,0.3.0,0,3,0,36
17223,0.3.0,0,3,0,36
17224,0.9.0,0,9,0,108
17225,0.9.0,0,9,0,108
17226,0.5.0,0,5,0,60
17227,0.9.0,0,9,0,108
17228,0.1.6,0,1,6,18
17229,0.5.0,0,5,0,60
17230,0.19.0,0,19,0,228
17231,0.5.0,0,5,0,60
17232,0.5.0,0,5,0,60
17233,0.9.0,0,9,0,108
17234,4.0.0,4,0,0,960
17235,0.5.0,0,5,0,60
17236,1.9.0,1,9,0,348
17237,1.4.0,1,4,0,288
17238,0.3.0,0,3,0,36
17239,2.3.0,2,3,0,516
17240,4.0.0,4,0,0,960
17241,1.4.0,1,4,0,288
17242,0.3.0,0,3,0,36
17243,1.11.0,1,11,0,372
17244,2.12.6,2,12,6,630
17245,0.3.0,0,3,0,36
17246,0.3.0,0,3,0,36
17247,0.5.0,0,5,0,60
17248,1.13.6,1,13,6,402
17249,0.3.0,0,3,0,36
17250,0.9.0,0,9,0,108
17251,0.12.0,0,12,0,144
17252,4.0.0,4,0,0,960
17253,0.5.0,0,5,0,60
17254,2.12.6,2,12,6,630
17255,0.5.0,0,5,0,60
17256,0.5.0,0,5,0,60
17257,0.5.0,0,5,0,60
17258,0.5.0,0,5,0,60
17259,1.1.0,1,1,0,252
17260,2.12.6,2,12,6,630
17261,0.5.0,0,5,0,60
17262,2.16.0,2,16,0,672
17263,0.5.0,0,5,0,60
17264,0.9.0,0,9,0,108
17265,0.5.0,0,5,0,60
17266,0.5.0,0,5,0,60
17267,0.9.0,0,9,0,108
17268,0.9.0,0,9,0,108
17269,0.5.0,0,5,0,60
17270,0.5.0,0,5,0,60
17271,0.9.0,0,9,0,108
17272,1.4.0,1,4,0,288
17273,0.9.0,0,9,0,108
17274,0.5.0,0,5,0,60
17275,0.9.0,0,9,0,108
17276,0.9.0,0,9,0,108
17277,0.5.0,0,5,0,60
17278,0.9.0,0,9,0,108
17279,0.5.0,0,5,0,60
17280,0.5.0,0,5,0,60
17281,0.9.0,0,9,0,108
17282,0.5.0,0,5,0,60
17283,0.9.0,0,9,0,108
17284,2.12.6,2,12,6,630
17285,1.1.0,1,1,0,252
17286,2.3.0,2,3,0,516
17287,0.9.0,0,9,0,108
17288,0.9.0,0,9,0,108
17289,0.5.0,0,5,0,60
17290,0.5.0,0,5,0,60
17291,0.5.0,0,5,0,60
17292,0.5.0,0,5,0,60
17293,0.5.0,0,5,0,60
17294,0.9.0,0,9,0,108
17295,0.5.0,0,5,0,60
17296,0.3.0,0,3,0,36
17297,0.5.0,0,5,0,60
17298,1.13.6,1,13,6,402
17299,1.4.0,1,4,0,288
17300,0.5.0,0,5,0,60
17301,0.9.0,0,9,0,108
17302,0.1.6,0,1,6,18
17303,1.16.0,1,16,0,432
17304,0.9.0,0,9,0,108
17305,0.9.0,0,9,0,108
17306,0.9.0,0,9,0,108
17307,0.9.0,0,9,0,108
17308,0.9.0,0,9,0,108
17309,0.3.0,0,3,0,36
17310,4.0.0,4,0,0,960
17311,0.5.0,0,5,0,60
17312,0.3.0,0,3,0,36
17313,0.5.0,0,5,0,60
17314,0.5.0,0,5,0,60
17315,0.3.0,0,3,0,36
17316,4.0.0,4,0,0,960
17317,0.5.0,0,5,0,60
17318,0.5.0,0,5,0,60
17319,0.5.0,0,5,0,60
17320,0.9.0,0,9,0,108
17321,0.3.0,0,3,0,36
17322,0.3.0,0,3,0,36
17323,1.13.0,1,13,0,396
17324,0.9.0,0,9,0,108
17325,1.1.0,1,1,0,252
17326,0.5.0,0,5,0,60
17327,0.9.0,0,9,0,108
17328,0.9.0,0,9,0,108
17329,0.3.0,0,3,0,36
17330,0.5.0,0,5,0,60
17331,1.16.0,1,16,0,432
17332,0.9.0,0,9,0,108
17333,0.3.0,0,3,0,36
17334,0.1.6,0,1,6,18
17335,0.5.0,0,5,0,60
17336,0.3.0,0,3,0,36
17337,0.3.0,0,3,0,36
17338,0.3.0,0,3,0,36
17339,1.1.0,1,1,0,252
17340,0.5.0,0,5,0,60
17341,0.3.0,0,3,0,36
17342,0.3.0,0,3,0,36
17343,0.5.0,0,5,0,60
17344,0.5.0,0,5,0,60
17345,0.5.0,0,5,0,60
17346,0.3.0,0,3,0,36
17347,0.5.0,0,5,0,60
17348,0.3.0,0,3,0,36
17349,0.9.0,0,9,0,108
17350,0.3.0,0,3,0,36
17351,1.4.0,1,4,0,288
17352,0.19.0,0,19,0,228
17354,13.10.0,13,10,0,3240
17355,0.3.0,0,3,0,36
17356,1.16.0,1,16,0,432
17357,2.3.0,2,3,0,516
17358,0.5.0,0,5,0,60
17359,0.5.0,0,5,0,60
17360,0.5.0,0,5,0,60
17361,0.3.0,0,3,0,36
17362,2.3.0,2,3,0,516
17363,0.3.0,0,3,0,36
17364,0.5.0,0,5,0,60
17365,0.5.0,0,5,0,60
17366,0.3.0,0,3,0,36
17367,0.5.0,0,5,0,60
17368,0.9.0,0,9,0,108
17369,0.5.0,0,5,0,60
17370,0.5.0,0,5,0,60
17371,0.3.0,0,3,0,36
17372,1.11.0,1,11,0,372
17373,3.12.6,3,12,6,870
17374,0.3.0,0,3,0,36
17375,0.9.0,0,9,0,108
17376,0.5.0,0,5,0,60
17377,0.9.0,0,9,0,108
17378,0.5.0,0,5,0,60
17379,0.5.0,0,5,0,60
17380,0.5.0,0,5,0,60
17381,0.1.6,0,1,6,18
17382,0.12.0,0,12,0,144
17383,2.3.0,2,3,0,516
17384,1.11.0,1,11,0,372
17385,0.3.0,0,3,0,36
17386,2.3.0,2,3,0,516
17387,0.12.0,0,12,0,144
17388,1.1.0,1,1,0,252
17389,0.9.0,0,9,0,108
17390,0.5.0,0,5,0,60
17391,0.9.0,0,9,0,108
17392,0.5.0,0,5,0,60
17393,0.9.0,0,9,0,108
17394,1.0.0,1,0,0,240
17395,7.1.0,7,1,0,1692
17396,0.9.0,0,9,0,108
17397,2.3.0,2,3,0,516
17398,0.3.0,0,3,0,36
17399,0.3.0,0,3,0,36
17400,2.12.6,2,12,6,630
17401,1.16.0,1,16,0,432
17402,0.9.0,0,9,0,108
17403,0.7.6,0,7,6,90
17404,0.3.0,0,3,0,36
17405,0.5.0,0,5,0,60
17406,0.1.6,0,1,6,18
17407,2.12.6,2,12,6,630
17408,1.1.0,1,1,0,252
17409,0.5.0,0,5,0,60
17410,0.5.0,0,5,0,60
17411,0.9.0,0,9,0,108
17412,0.5.0,0,5,0,60
17413,0.5.0,0,5,0,60
17414,0.5.0,0,5,0,60
17415,0.9.0,0,9,0,108
17416,0.3.0,0,3,0,36
17417,0.1.6,0,1,6,18
17418,0.3.0,0,3,0,36
17419,0.3.0,0,3,0,36
17420,0.3.0,0,3,0,36
17421,0.3.0,0,3,0,36
17422,0.3.0,0,3,0,36
17423,0.5.0,0,5,0,60
17424,0.3.0,0,3,0,36
17425,6.0.0,6,0,0,1440
17426,1.16.0,1,16,0,432
17427,0.12.0,0,12,0,144
17428,1.6.0,1,6,0,312
17429,1.4.0,1,4,0,288
17430,2.3.0,2,3,0,516
17431,0.9.0,0,9,0,108
17432,0.3.0,0,3,0,36
17433,1.6.0,1,6,0,312
17434,0.5.0,0,5,0,60
17435,1.16.0,1,16,0,432
17436,3.13.6,3,13,6,882
17437,0.5.0,0,5,0,60
17438,0.5.0,0,5,0,60
17439,0.3.0,0,3,0,36
17440,0.5.0,0,5,0,60
17441,0.3.0,0,3,0,36
17442,0.5.0,0,5,0,60
17443,0.3.0,0,3,0,36
17444,0.9.0,0,9,0,108
17445,1.6.0,1,6,0,312
17446,0.5.0,0,5,0,60
17447,0.14.0,0,14,0,168
17448,0.9.0,0,9,0,108
17449,0.9.0,0,9,0,108
17450,0.9.0,0,9,0,108
17451,2.3.0,2,3,0,516
17452,1.1.0,1,1,0,252
17453,0.9.0,0,9,0,108
17454,0.9.0,0,9,0,108
17455,0.10.0,0,10,0,120
17456,1.6.0,1,6,0,312
17457,0.5.0,0,5,0,60
17458,0.9.0,0,9,0,108
17459,0.5.0,0,5,0,60
17460,0.5.0,0,5,0,60
17461,0.5.0,0,5,0,60
17462,1.1.0,1,1,0,252
17463,0.9.0,0,9,0,108
17464,2.3.0,2,3,0,516
17465,1.1.0,1,1,0,252
17466,0.3.0,0,3,0,36
17467,0.5.0,0,5,0,60
17468,0.5.0,0,5,0,60
17469,0.9.0,0,9,0,108
17470,1.4.0,1,4,0,288
17471,0.5.0,0,5,0,60
17472,0.3.0,0,3,0,36
17473,0.9.0,0,9,0,108
17474,0.5.0,0,5,0,60
17475,0.1.6,0,1,6,18
17476,0.1.6,0,1,6,18
17477,0.3.0,0,3,0,36
17478,0.5.0,0,5,0,60
17479,0.9.0,0,9,0,108
17480,0.3.0,0,3,0,36
17481,1.16.0,1,16,0,432
17482,0.3.0,0,3,0,36
17483,0.9.0,0,9,0,108
17484,0.9.0,0,9,0,108
17485,0.5.0,0,5,0,60
17486,0.9.0,0,9,0,108
17487,0.9.0,0,9,0,108
17488,0.1.6,0,1,6,18
17489,2.3.0,2,3,0,516
17490,0.9.0,0,9,0,108
17491,2.12.6,2,12,6,630
17492,0.5.0,0,5,0,60
17493,0.9.0,0,9,0,108
17494,0.3.0,0,3,0,36
17495,0.1.6,0,1,6,18
17496,0.3.0,0,3,0,36
17497,2.3.0,2,3,0,516
17498,1.3.6,1,3,6,282
17499,0.5.0,0,5,0,60
17500,0.5.0,0,5,0,60
17501,0.5.0,0,5,0,60
17502,0.3.0,0,3,0,36
17503,0.9.0,0,9,0,108
17504,0.9.0,0,9,0,108
17505,0.3.0,0,3,0,36
17506,1.11.0,1,11,0,372
17507,0.9.0,0,9,0,108
17508,0.5.0,0,5,0,60
17509,0.5.0,0,5,0,60
17510,0.12.0,0,12,0,144
17511,0.9.0,0,9,0,108
17512,0.3.0,0,3,0,36
17513,0.5.0,0,5,0,60
17514,0.5.0,0,5,0,60
17515,0.1.6,0,1,6,18
17516,0.5.0,0,5,0,60
17517,0.5.0,0,5,0,60
17518,1.6.0,1,6,0,312
17519,0.5.0,0,5,0,60
17520,0.5.0,0,5,0,60
17521,0.9.0,0,9,0,108
17522,0.9.0,0,9,0,108
17523,0.5.0,0,5,0,60
17524,0.5.0,0,5,0,60
17525,2.11.0,2,11,0,612
17526,0.1.6,0,1,6,18
17527,0.3.0,0,3,0,36
17528,0.14.0,0,14,0,168
17529,0.9.0,0,9,0,108
17530,2.3.0,2,3,0,516
17531,0.1.6,0,1,6,18
17532,0.5.0,0,5,0,60
17533,1.1.0,1,1,0,252
17534,0.5.0,0,5,0,60
17535,0.9.0,0,9,0,108
17536,0.5.0,0,5,0,60
17537,0.5.0,0,5,0,60
17538,0.1.6,0,1,6,18
17539,0.9.0,0,9,0,108
17540,0.3.0,0,3,0,36
17541,0.5.0,0,5,0,60
17542,1.6.0,1,6,0,312
17543,0.9.0,0,9,0,108
17544,0.5.0,0,5,0,60
17545,0.9.0,0,9,0,108
17546,0.3.0,0,3,0,36
17547,0.3.0,0,3,0,36
17548,1.4.0,1,4,0,288
17549,0.9.0,0,9,0,108
17550,0.5.0,0,5,0,60
17551,0.9.0,0,9,0,108
17552,9.0.0,9,0,0,2160
17553,0.5.0,0,5,0,60
17554,0.5.0,0,5,0,60
17555,1.16.0,1,16,0,432
17556,2.3.0,2,3,0,516
17557,0.1.6,0,1,6,18
17558,0.1.6,0,1,6,18
17559,0.5.0,0,5,0,60
17560,0.9.0,0,9,0,108
17561,0.9.0,0,9,0,108
17562,0.5.0,0,5,0,60
17563,0.9.0,0,9,0,108
17564,0.9.0,0,9,0,108
17565,0.1.6,0,1,6,18
17566,0.5.0,0,5,0,60
17567,0.12.0,0,12,0,144
17568,0.9.0,0,9,0,108
17569,0.9.0,0,9,0,108
17570,0.5.0,0,5,0,60
17571,0.5.0,0,5,0,60
17572,0.5.0,0,5,0,60
17573,0.5.0,0,5,0,60
17574,0.9.0,0,9,0,108
17575,0.5.0,0,5,0,60
17576,0.9.0,0,9,0,108
17577,0.3.0,0,3,0,36
17578,2.3.0,2,3,0,516
17579,1.1.6,1,1,6,258
17580,0.3.0,0,3,0,36
17581,0.5.0,0,5,0,60
17582,0.3.0,0,3,0,36
17583,0.3.0,0,3,0,36
17584,0.9.0,0,9,0,108
17585,0.5.0,0,5,0,60
17586,0.9.0,0,9,0,108
17587,1.4.0,1,4,0,288
17588,0.9.0,0,9,0,108
17589,0.5.0,0,5,0,60
17590,1.4.0,1,4,0,288
17591,0.5.0,0,5,0,60
17592,0.3.0,0,3,0,36
17593,0.3.0,0,3,0,36
17594,0.3.0,0,3,0,36
17595,0.3.0,0,3,0,36
17596,0.5.0,0,5,0,60
17597,2.12.6,2,12,6,630
17598,0.9.0,0,9,0,108
17599,0.9.0,0,9,0,108
17600,0.5.0,0,5,0,60
17601,0.5.0,0,5,0,60
17602,0.5.0,0,5,0,60
17603,0.9.0,0,9,0,108
17604,0.9.0,0,9,0,108
17605,0.5.0,0,5,0,60
17606,2.3.0,2,3,0,516
17607,0.5.0,0,5,0,60
17608,0.3.0,0,3,0,36
17609,0.3.0,0,3,0,36
17610,0.3.0,0,3,0,36
17611,0.5.0,0,5,0,60
17612,0.14.0,0,14,0,168
17613,0.3.0,0,3,0,36
17614,0.3.0,0,3,0,36
17615,0.1.6,0,1,6,18
17616,0.3.0,0,3,0,36
17617,0.5.0,0,5,0,60
17618,0.5.0,0,5,0,60
17619,0.9.0,0,9,0,108
17620,0.1.6,0,1,6,18
17621,2.12.6,2,12,6,630
17622,0.3.0,0,3,0,36
17623,4.0.0,4,0,0,960
17624,0.3.0,0,3,0,36
17625,1.16.0,1,16,0,432
17626,1.4.0,1,4,0,288
17627,0.1.6,0,1,6,18
17628,0.5.0,0,5,0,60
17629,0.3.0,0,3,0,36
17630,0.3.0,0,3,0,36
17631,0.3.0,0,3,0,36
17632,0.1.6,0,1,6,18
17633,0.1.6,0,1,6,18
17634,0.1.6,0,1,6,18
17635,0.9.0,0,9,0,108
17636,0.14.0,0,14,0,168
17637,0.5.0,0,5,0,60
17638,0.5.0,0,5,0,60
17639,0.5.0,0,5,0,60
17640,0.1.6,0,1,6,18
17641,2.12.6,2,12,6,630
17642,2.12.6,2,12,6,630
17643,0.3.0,0,3,0,36
17644,0.3.0,0,3,0,36
17645,0.5.0,0,5,0,60
17646,0.9.0,0,9,0,108
17647,0.9.0,0,9,0,108
17648,0.5.0,0,5,0,60
17649,0.5.0,0,5,0,60
17650,0.1.6,0,1,6,18
17651,0.5.0,0,5,0,60
17652,0.5.0,0,5,0,60
17653,1.1.0,1,1,0,252
17654,0.19.0,0,19,0,228
17655,0.1.6,0,1,6,18
17656,0.5.0,0,5,0,60
17657,0.5.0,0,5,0,60
17658,0.5.0,0,5,0,60
17659,0.5.0,0,5,0,60
17660,0.5.0,0,5,0,60
17661,0.5.0,0,5,0,60
17662,0.5.0,0,5,0,60
17663,0.5.0,0,5,0,60
17664,0.3.0,0,3,0,36
17665,0.9.0,0,9,0,108
17666,0.5.0,0,5,0,60
17667,0.3.0,0,3,0,36
17668,0.1.6,0,1,6,18
17669,0.5.0,0,5,0,60
17670,0.3.0,0,3,0,36
17671,0.5.0,0,5,0,60
17672,0.5.0,0,5,0,60
17673,0.9.0,0,9,0,108
17674,0.5.0,0,5,0,60
17675,0.9.0,0,9,0,108
17676,0.9.0,0,9,0,108
17677,0.9.0,0,9,0,108
17678,0.5.0,0,5,0,60
17679,0.5.0,0,5,0,60
17680,0.3.0,0,3,0,36
17681,0.3.0,0,3,0,36
17682,0.5.0,0,5,0,60
17683,0.9.0,0,9,0,108
17684,0.14.0,0,14,0,168
17685,0.5.0,0,5,0,60
17686,0.5.0,0,5,0,60
17687,0.19.0,0,19,0,228
17688,0.9.0,0,9,0,108
17689,1.1.6,1,1,6,258
17690,0.5.0,0,5,0,60
17691,1.9.0,1,9,0,348
17692,0.9.0,0,9,0,108
17693,0.5.0,0,5,0,60
17694,0.9.0,0,9,0,108
17695,0.9.0,0,9,0,108
17696,0.5.0,0,5,0,60
17697,0.5.0,0,5,0,60
17698,0.5.0,0,5,0,60
17699,0.1.6,0,1,6,18
17700,0.12.0,0,12,0,144
17701,2.8.0,2,8,0,576
17702,0.1.6,0,1,6,18
17703,1.0.0,1,0,0,240
17704,0.9.0,0,9,0,108
17705,0.5.0,0,5,0,60
17706,0.5.6,0,5,6,66
17707,0.5.0,0,5,0,60
17708,0.3.0,0,3,0,36
17709,0.5.0,0,5,0,60
17710,0.5.0,0,5,0,60
17711,1.1.0,1,1,0,252
17712,0.9.0,0,9,0,108
17713,0.3.0,0,3,0,36
17714,1.1.0,1,1,0,252
17715,0.5.0,0,5,0,60
17716,0.3.0,0,3,0,36
17717,0.3.0,0,3,0,36
17718,0.3.0,0,3,0,36
17719,0.1.6,0,1,6,18
17720,1.4.0,1,4,0,288
17721,0.9.0,0,9,0,108
17722,0.9.0,0,9,0,108
17723,0.5.0,0,5,0,60
17724,0.3.0,0,3,0,36
17725,0.5.0,0,5,0,60
17726,0.9.0,0,9,0,108
17727,1.16.0,1,16,0,432
17728,0.3.0,0,3,0,36
17729,0.5.0,0,5,0,60
17730,0.5.0,0,5,0,60
17731,0.9.0,0,9,0,108
17732,1.11.0,1,11,0,372
17733,0.3.0,0,3,0,36
17734,0.9.0,0,9,0,108
17735,0.9.0,0,9,0,108
17736,0.9.0,0,9,0,108
17737,0.5.0,0,5,0,60
17738,0.5.0,0,5,0,60
17739,0.9.0,0,9,0,108
17740,0.5.0,0,5,0,60
17741,1.1.0,1,1,0,252
17742,0.3.0,0,3,0,36
17743,0.3.0,0,3,0,36
17744,1.13.0,1,13,0,396
17745,0.3.0,0,3,0,36
17746,0.5.0,0,5,0,60
17747,0.3.0,0,3,0,36
17748,0.3.0,0,3,0,36
17749,0.1.6,0,1,6,18
17750,0.5.0,0,5,0,60
17751,1.16.0,1,16,0,432
17752,0.5.0,0,5,0,60
17753,0.5.0,0,5,0,60
17754,0.9.0,0,9,0,108
17755,0.5.0,0,5,0,60
17756,0.9.0,0,9,0,108
17757,0.5.0,0,5,0,60
17758,0.1.6,0,1,6,18
17759,0.3.0,0,3,0,36
17760,0.9.0,0,9,0,108
17761,0.5.0,0,5,0,60
17762,0.5.0,0,5,0,60
17763,0.9.0,0,9,0,108
17764,0.3.0,0,3,0,36
17765,0.1.6,0,1,6,18
17766,2.3.0,2,3,0,516
17767,0.5.0,0,5,0,60
17768,0.5.0,0,5,0,60
17769,0.5.0,0,5,0,60
17770,0.3.0,0,3,0,36
17771,0.9.0,0,9,0,108
17772,0.3.0,0,3,0,36
17773,0.3.0,0,3,0,36
17774,0.9.0,0,9,0,108
17775,0.5.0,0,5,0,60
17776,4.0.0,4,0,0,960
17777,0.5.0,0,5,0,60
17778,0.3.0,0,3,0,36
17779,0.5.0,0,5,0,60
17780,1.16.0,1,16,0,432
17781,0.5.0,0,5,0,60
17782,0.9.0,0,9,0,108
17783,0.3.0,0,3,0,36
17784,4.0.0,4,0,0,960
17785,0.9.0,0,9,0,108
17786,0.5.0,0,5,0,60
17787,1.11.0,1,11,0,372
17788,0.5.0,0,5,0,60
17789,0.5.0,0,5,0,60
17790,0.3.0,0,3,0,36
17791,0.3.0,0,3,0,36
17792,0.9.0,0,9,0,108
17793,0.5.0,0,5,0,60
17794,0.9.0,0,9,0,108
17795,0.5.0,0,5,0,60
17796,1.4.0,1,4,0,288
17797,0.3.0,0,3,0,36
17798,0.3.0,0,3,0,36
17799,0.5.0,0,5,0,60
17800,0.5.0,0,5,0,60
17801,0.9.0,0,9,0,108
17802,0.3.0,0,3,0,36
17803,0.3.0,0,3,0,36
17804,0.5.0,0,5,0,60
17805,0.5.0,0,5,0,60
17806,0.5.0,0,5,0,60
17807,0.9.0,0,9,0,108
17808,0.9.0,0,9,0,108
17809,0.3.0,0,3,0,36
17810,1.13.6,1,13,6,402
17811,0.5.0,0,5,0,60
17812,0.5.0,0,5,0,60
17813,0.5.0,0,5,0,60
17814,0.9.0,0,9,0,108
17815,0.3.0,0,3,0,36
17816,0.3.0,0,3,0,36
17817,0.5.0,0,5,0,60
17818,0.3.0,0,3,0,36
17819,0.5.0,0,5,0,60
17820,0.9.0,0,9,0,108
17821,0.9.0,0,9,0,108
17822,0.1.6,0,1,6,18
17823,0.5.0,0,5,0,60
17824,0.9.0,0,9,0,108
17825,1.11.0,1,11,0,372
17826,0.5.0,0,5,0,60
17827,0.3.0,0,3,0,36
17828,0.3.0,0,3,0,36
17829,0.5.0,0,5,0,60
17830,0.3.0,0,3,0,36
17831,4.0.0,4,0,0,960
17832,0.19.0,0,19,0,228
17833,0.19.0,0,19,0,228
17834,0.9.0,0,9,0,108
17835,4.0.0,4,0,0,960
17836,1.16.0,1,16,0,432
17837,0.9.0,0,9,0,108
17838,0.5.0,0,5,0,60
17839,0.5.0,0,5,0,60
17840,0.9.0,0,9,0,108
17841,0.5.0,0,5,0,60
17842,0.3.0,0,3,0,36
17843,0.3.0,0,3,0,36
17844,0.3.0,0,3,0,36
17845,0.3.0,0,3,0,36
17846,0.9.0,0,9,0,108
17847,1.1.0,1,1,0,252
17848,0.9.0,0,9,0,108
17849,0.9.0,0,9,0,108
17850,0.5.0,0,5,0,60
17851,0.3.0,0,3,0,36
17852,0.3.0,0,3,0,36
17853,0.3.0,0,3,0,36
17854,0.3.0,0,3,0,36
17855,0.5.0,0,5,0,60
17856,0.3.0,0,3,0,36
17857,0.9.0,0,9,0,108
17858,0.9.0,0,9,0,108
17859,0.3.0,0,3,0,36
17860,1.1.0,1,1,0,252
17861,0.5.0,0,5,0,60
17862,0.3.0,0,3,0,36
17863,0.3.0,0,3,0,36
17864,0.3.0,0,3,0,36
17865,0.3.0,0,3,0,36
17866,0.9.0,0,9,0,108
17867,0.19.0,0,19,0,228
17868,4.0.0,4,0,0,960
17869,0.1.6,0,1,6,18
17870,0.3.0,0,3,0,36
17871,0.5.0,0,5,0,60
17872,0.3.0,0,3,0,36
17873,1.0.0,1,0,0,240
17874,0.5.0,0,5,0,60
17875,0.9.0,0,9,0,108
17876,0.9.0,0,9,0,108
17877,0.5.0,0,5,0,60
17878,0.9.0,0,9,0,108
17879,0.1.6,0,1,6,18
17880,0.3.0,0,3,0,36
17881,0.3.0,0,3,0,36
17882,0.3.0,0,3,0,36
17883,2.12.6,2,12,6,630
17884,0.1.6,0,1,6,18
17885,0.1.6,0,1,6,18
17886,0.5.0,0,5,0,60
17887,0.5.0,0,5,0,60
17888,1.1.0,1,1,0,252
17889,1.11.0,1,11,0,372
17890,1.16.0,1,16,0,432
17891,0.1.6,0,1,6,18
17892,0.3.0,0,3,0,36
17893,0.5.0,0,5,0,60
17894,0.5.0,0,5,0,60
17895,2.12.6,2,12,6,630
17896,0.5.0,0,5,0,60
17897,0.5.0,0,5,0,60
17898,0.9.0,0,9,0,108
17899,0.5.0,0,5,0,60
17900,0.3.0,0,3,0,36
17901,0.5.0,0,5,0,60
17902,0.3.0,0,3,0,36
17903,0.3.0,0,3,0,36
17904,0.3.0,0,3,0,36
17905,0.3.0,0,3,0,36
17906,0.5.0,0,5,0,60
17907,0.9.0,0,9,0,108
17908,0.3.0,0,3,0,36
17909,0.3.0,0,3,0,36
17910,0.3.0,0,3,0,36
17911,0.5.0,0,5,0,60
17912,0.9.0,0,9,0,108
17913,0.9.0,0,9,0,108
17914,0.9.0,0,9,0,108
17915,0.5.0,0,5,0,60
17916,0.9.0,0,9,0,108
17917,0.9.0,0,9,0,108
17918,0.3.0,0,3,0,36
17919,0.5.0,0,5,0,60
17920,0.1.6,0,1,6,18
17921,0.1.6,0,1,6,18
17922,0.1.6,0,1,6,18
17923,0.5.0,0,5,0,60
17924,0.3.0,0,3,0,36
17925,0.5.0,0,5,0,60
17926,0.5.0,0,5,0,60
17927,0.1.6,0,1,6,18
17928,0.1.6,0,1,6,18
17929,0.3.0,0,3,0,36
17930,0.3.0,0,3,0,36
17931,2.3.0,2,3,0,516
17932,0.1.6,0,1,6,18
17933,0.19.0,0,19,0,228
17934,0.5.0,0,5,0,60
17935,0.5.0,0,5,0,60
17936,0.9.0,0,9,0,108
17937,0.9.0,0,9,0,108
17938,0.3.0,0,3,0,36
17939,0.3.0,0,3,0,36
17940,0.1.6,0,1,6,18
17941,0.3.0,0,3,0,36
17942,1.11.0,1,11,0,372
17943,0.5.0,0,5,0,60
17944,2.12.6,2,12,6,630
17945,1.13.0,1,13,0,396
17946,0.19.0,0,19,0,228
17947,0.5.0,0,5,0,60
17948,0.3.0,0,3,0,36
17949,0.3.0,0,3,0,36
17950,0.3.0,0,3,0,36
17951,1.16.0,1,16,0,432
17952,1.0.0,1,0,0,240
17953,0.3.0,0,3,0,36
17954,0.3.0,0,3,0,36
17955,0.5.0,0,5,0,60
17956,0.3.0,0,3,0,36
17957,0.5.0,0,5,0,60
17958,0.5.0,0,5,0,60
17959,0.9.0,0,9,0,108
17960,0.5.0,0,5,0,60
17961,0.3.0,0,3,0,36
17962,0.3.0,0,3,0,36
17963,0.5.0,0,5,0,60
17964,0.3.0,0,3,0,36
17965,4.0.0,4,0,0,960
17966,0.19.0,0,19,0,228
17967,0.9.0,0,9,0,108
17968,0.9.0,0,9,0,108
17969,2.12.6,2,12,6,630
17970,1.1.0,1,1,0,252
17971,1.6.0,1,6,0,312
17972,0.5.0,0,5,0,60
17973,0.3.0,0,3,0,36
17974,0.9.0,0,9,0,108
17975,0.9.0,0,9,0,108
17976,0.3.0,0,3,0,36
17977,0.9.0,0,9,0,108
17978,1.11.0,1,11,0,372
17979,0.5.0,0,5,0,60
17980,0.9.0,0,9,0,108
17981,1.6.0,1,6,0,312
17982,0.9.0,0,9,0,108
17983,0.5.0,0,5,0,60
17984,0.5.0,0,5,0,60
17985,0.5.0,0,5,0,60
17986,0.5.0,0,5,0,60
17987,0.9.0,0,9,0,108
17988,1.1.0,1,1,0,252
17989,0.1.6,0,1,6,18
17990,0.5.0,0,5,0,60
17991,0.3.0,0,3,0,36
17992,0.5.0,0,5,0,60
17993,0.3.0,0,3,0,36
17994,1.4.0,1,4,0,288
17995,1.1.0,1,1,0,252
17996,0.3.0,0,3,0,36
17997,0.3.0,0,3,0,36
17998,0.5.0,0,5,0,60
17999,0.3.0,0,3,0,36
18000,0.3.0,0,3,0,36
18001,0.9.0,0,9,0,108
18002,0.9.0,0,9,0,108
18003,0.1.6,0,1,6,18
18004,2.12.6,2,12,6,630
18005,4.0.0,4,0,0,960
18006,0.9.0,0,9,0,108
18007,0.3.0,0,3,0,36
18008,0.3.0,0,3,0,36
18009,0.9.0,0,9,0,108
18010,0.3.0,0,3,0,36
18011,0.1.6,0,1,6,18
18012,0.3.0,0,3,0,36
18013,0.9.0,0,9,0,108
18014,0.5.0,0,5,0,60
18015,0.9.0,0,9,0,108
18016,0.5.0,0,5,0,60
18017,0.1.6,0,1,6,18
18018,0.3.0,0,3,0,36
18019,0.3.0,0,3,0,36
18020,0.9.0,0,9,0,108
18021,0.5.0,0,5,0,60
18022,0.5.0,0,5,0,60
18023,0.3.0,0,3,0,36
18024,0.3.0,0,3,0,36
18025,0.9.0,0,9,0,108
18026,0.19.0,0,19,0,228
18027,1.4.0,1,4,0,288
18028,0.1.6,0,1,6,18
18029,0.5.0,0,5,0,60
18030,0.3.0,0,3,0,36
18031,2.12.6,2,12,6,630
18032,0.5.0,0,5,0,60
18033,0.5.0,0,5,0,60
18034,0.5.0,0,5,0,60
18035,0.5.0,0,5,0,60
18036,1.1.6,1,1,6,258
18037,0.5.0,0,5,0,60
18038,0.5.0,0,5,0,60
18039,4.0.0,4,0,0,960
18040,0.5.0,0,5,0,60
18041,0.5.0,0,5,0,60
18042,2.12.6,2,12,6,630
18043,1.1.0,1,1,0,252
18044,0.5.0,0,5,0,60
18045,0.9.0,0,9,0,108
18046,0.5.0,0,5,0,60
18047,0.9.0,0,9,0,108
18048,0.5.0,0,5,0,60
18049,0.9.0,0,9,0,108
18050,0.5.0,0,5,0,60
18051,0.5.0,0,5,0,60
18052,0.5.0,0,5,0,60
18053,0.5.0,0,5,0,60
18054,0.5.0,0,5,0,60
18055,1.16.0,1,16,0,432
18056,2.3.0,2,3,0,516
18057,0.19.0,0,19,0,228
18058,0.1.6,0,1,6,18
18059,0.3.0,0,3,0,36
18060,1.1.0,1,1,0,252
18061,1.16.0,1,16,0,432
18062,2.16.0,2,16,0,672
18063,1.3.6,1,3,6,282
18064,0.5.0,0,5,0,60
18065,0.5.0,0,5,0,60
18066,0.19.0,0,19,0,228
18067,0.5.0,0,5,0,60
18068,2.3.0,2,3,0,516
18069,0.5.0,0,5,0,60
18070,0.3.0,0,3,0,36
18071,0.5.0,0,5,0,60
18072,0.5.0,0,5,0,60
18073,0.5.0,0,5,0,60
18074,0.5.0,0,5,0,60
18075,0.3.0,0,3,0,36
18076,0.3.0,0,3,0,36
18077,0.3.0,0,3,0,36
18078,0.3.0,0,3,0,36
18079,0.5.0,0,5,0,60
18080,0.3.0,0,3,0,36
18081,0.3.0,0,3,0,36
18082,0.9.0,0,9,0,108
18083,0.9.0,0,9,0,108
18084,0.3.0,0,3,0,36
18085,0.3.0,0,3,0,36
18086,1.4.0,1,4,0,288
18087,0.5.0,0,5,0,60
18088,0.14.0,0,14,0,168
18089,0.5.0,0,5,0,60
18090,0.9.0,0,9,0,108
18091,0.5.0,0,5,0,60
18092,2.12.6,2,12,6,630
18093,0.5.0,0,5,0,60
18094,0.5.0,0,5,0,60
18095,0.3.0,0,3,0,36
18096,1.11.0,1,11,0,372
18097,1.1.0,1,1,0,252
18098,0.5.0,0,5,0,60
18099,0.5.0,0,5,0,60
18100,0.5.0,0,5,0,60
18101,0.9.0,0,9,0,108
18102,0.9.0,0,9,0,108
18103,0.3.0,0,3,0,36
18104,2.3.0,2,3,0,516
18105,4.0.0,4,0,0,960
18106,0.5.0,0,5,0,60
18107,0.1.6,0,1,6,18
18108,4.0.0,4,0,0,960
18109,0.3.0,0,3,0,36
18110,0.5.0,0,5,0,60
18111,0.3.0,0,3,0,36
18112,0.5.0,0,5,0,60
18113,0.9.0,0,9,0,108
18114,0.5.0,0,5,0,60
18115,0.5.0,0,5,0,60
18116,0.5.0,0,5,0,60
18117,0.5.0,0,5,0,60
18118,0.3.0,0,3,0,36
18119,0.5.0,0,5,0,60
18120,0.1.6,0,1,6,18
18121,1.4.0,1,4,0,288
18122,1.16.0,1,16,0,432
18123,0.3.0,0,3,0,36
18124,1.4.0,1,4,0,288
18125,0.5.0,0,5,0,60
18126,1.0.0,1,0,0,240
18127,0.5.0,0,5,0,60
18128,0.9.0,0,9,0,108
18129,0.5.0,0,5,0,60
18130,0.1.6,0,1,6,18
18131,0.5.0,0,5,0,60
18132,0.5.0,0,5,0,60
18133,0.5.0,0,5,0,60
18134,2.3.0,2,3,0,516
18135,0.5.0,0,5,0,60
18136,0.5.0,0,5,0,60
18137,0.5.0,0,5,0,60
18138,0.1.6,0,1,6,18
18139,0.9.0,0,9,0,108
18140,2.3.0,2,3,0,516
18141,0.5.0,0,5,0,60
18142,2.3.0,2,3,0,516
18143,4.0.0,4,0,0,960
18144,0.5.0,0,5,0,60
18145,1.0.0,1,0,0,240
18146,0.1.6,0,1,6,18
18147,1.4.0,1,4,0,288
18148,1.16.0,1,16,0,432
18149,2.12.6,2,12,6,630
18150,0.5.0,0,5,0,60
18151,0.5.0,0,5,0,60
18152,0.1.6,0,1,6,18
18153,2.12.6,2,12,6,630
18154,0.9.0,0,9,0,108
18155,0.3.0,0,3,0,36
18156,0.5.0,0,5,0,60
18157,0.5.0,0,5,0,60
18158,0.3.0,0,3,0,36
18159,0.5.0,0,5,0,60
18160,0.5.0,0,5,0,60
18161,0.5.0,0,5,0,60
18162,0.5.0,0,5,0,60
18163,0.5.0,0,5,0,60
18164,0.9.0,0,9,0,108
18165,2.3.0,2,3,0,516
18166,1.16.0,1,16,0,432
18167,0.3.0,0,3,0,36
18168,0.3.0,0,3,0,36
18169,0.5.0,0,5,0,60
18170,2.3.0,2,3,0,516
18171,0.5.0,0,5,0,60
18172,0.5.0,0,5,0,60
18173,0.9.0,0,9,0,108
18174,0.1.6,0,1,6,18
18175,0.5.0,0,5,0,60
18176,0.5.0,0,5,0,60
18177,0.9.0,0,9,0,108
18178,0.9.0,0,9,0,108
18179,0.9.0,0,9,0,108
18180,0.5.0,0,5,0,60
18181,1.1.0,1,1,0,252
18182,1.1.0,1,1,0,252
18183,1.16.0,1,16,0,432
18184,0.1.6,0,1,6,18
18185,0.3.0,0,3,0,36
18186,0.3.0,0,3,0,36
18187,0.5.0,0,5,0,60
18188,2.3.0,2,3,0,516
18189,4.0.0,4,0,0,960
18190,0.5.0,0,5,0,60
18191,0.5.0,0,5,0,60
18192,0.3.0,0,3,0,36
18193,4.0.0,4,0,0,960
18194,0.5.0,0,5,0,60
18195,0.9.0,0,9,0,108
18196,0.3.0,0,3,0,36
18197,0.9.0,0,9,0,108
18198,0.5.0,0,5,0,60
18199,0.3.0,0,3,0,36
18200,0.5.0,0,5,0,60
18201,0.9.0,0,9,0,108
18202,0.19.0,0,19,0,228
18203,0.5.0,0,5,0,60
18204,0.3.0,0,3,0,36
18205,0.5.0,0,5,0,60
18206,0.5.0,0,5,0,60
18207,0.19.0,0,19,0,228
18208,0.3.0,0,3,0,36
18209,0.5.0,0,5,0,60
18210,1.0.0,1,0,0,240
18211,0.5.0,0,5,0,60
18212,0.9.0,0,9,0,108
18213,0.9.0,0,9,0,108
18214,0.5.0,0,5,0,60
18215,1.16.0,1,16,0,432
18216,0.5.0,0,5,0,60
18217,0.5.0,0,5,0,60
18218,0.5.0,0,5,0,60
18219,0.3.0,0,3,0,36
18220,0.3.0,0,3,0,36
18221,0.3.0,0,3,0,36
18222,0.19.0,0,19,0,228
18223,0.5.0,0,5,0,60
18224,0.5.0,0,5,0,60
18225,1.1.0,1,1,0,252
18226,0.5.0,0,5,0,60
18227,0.5.0,0,5,0,60
18228,0.1.6,0,1,6,18
18229,0.3.0,0,3,0,36
18230,0.3.0,0,3,0,36
18231,0.3.0,0,3,0,36
18232,0.5.0,0,5,0,60
18233,0.3.0,0,3,0,36
18234,0.1.6,0,1,6,18
18235,0.3.0,0,3,0,36
18236,0.5.0,0,5,0,60
18237,0.5.0,0,5,0,60
18238,0.5.0,0,5,0,60
18239,13.2.6,13,2,6,3150
18240,2.3.0,2,3,0,516
18241,0.9.0,0,9,0,108
18242,0.9.0,0,9,0,108
18243,4.0.0,4,0,0,960
18244,0.5.0,0,5,0,60
18245,0.5.0,0,5,0,60
18246,0.9.0,0,9,0,108
18247,0.5.0,0,5,0,60
18248,0.9.0,0,9,0,108
18249,2.12.6,2,12,6,630
18250,4.0.0,4,0,0,960
18251,0.1.6,0,1,6,18
18252,0.9.0,0,9,0,108
18253,1.16.0,1,16,0,432
18254,1.1.0,1,1,0,252
18255,0.9.0,0,9,0,108
18256,0.9.0,0,9,0,108
18257,1.1.0,1,1,0,252
18258,0.5.0,0,5,0,60
18259,0.5.6,0,5,6,66
18260,0.5.0,0,5,0,60
18261,0.5.0,0,5,0,60
18262,0.3.0,0,3,0,36
18263,0.12.0,0,12,0,144
18264,0.19.0,0,19,0,228
18265,0.3.0,0,3,0,36
18266,1.1.0,1,1,0,252
18267,0.9.0,0,9,0,108
18268,0.5.0,0,5,0,60
18269,1.1.0,1,1,0,252
18270,4.0.0,4,0,0,960
18271,0.5.0,0,5,0,60
18272,0.19.0,0,19,0,228
18273,0.5.0,0,5,0,60
18274,0.9.0,0,9,0,108
18275,0.3.0,0,3,0,36
18276,1.4.0,1,4,0,288
18277,0.9.0,0,9,0,108
18278,0.9.0,0,9,0,108
18279,1.4.0,1,4,0,288
18280,1.1.0,1,1,0,252
18281,0.3.0,0,3,0,36
18282,0.5.0,0,5,0,60
18283,0.3.0,0,3,0,36
18284,0.1.6,0,1,6,18
18285,0.3.0,0,3,0,36
18286,0.1.6,0,1,6,18
18287,0.5.0,0,5,0,60
18288,0.1.6,0,1,6,18
18289,0.3.0,0,3,0,36
18290,0.5.0,0,5,0,60
18291,0.5.0,0,5,0,60
18292,0.5.0,0,5,0,60
18293,0.9.0,0,9,0,108
18294,0.9.0,0,9,0,108
18295,0.3.0,0,3,0,36
18296,0.9.0,0,9,0,108
18297,0.9.0,0,9,0,108
18298,0.9.0,0,9,0,108
18299,0.5.0,0,5,0,60
18300,0.1.6,0,1,6,18
18301,1.1.0,1,1,0,252
18302,0.5.0,0,5,0,60
18303,0.5.0,0,5,0,60
18304,1.1.0,1,1,0,252
18305,0.3.0,0,3,0,36
18306,0.5.0,0,5,0,60
18307,1.4.0,1,4,0,288
18308,0.9.0,0,9,0,108
18309,1.1.0,1,1,0,252
18310,0.5.0,0,5,0,60
18311,0.9.0,0,9,0,108
18312,0.5.0,0,5,0,60
18313,0.9.0,0,9,0,108
18314,0.1.6,0,1,6,18
18315,1.16.0,1,16,0,432
18316,0.5.0,0,5,0,60
18317,0.3.0,0,3,0,36
18318,0.5.0,0,5,0,60
18319,0.5.0,0,5,0,60
18320,0.5.0,0,5,0,60
18321,0.5.0,0,5,0,60
18322,0.9.0,0,9,0,108
18323,0.5.0,0,5,0,60
18324,0.5.0,0,5,0,60
18325,0.9.0,0,9,0,108
18326,0.5.0,0,5,0,60
18327,0.5.0,0,5,0,60
18328,1.16.0,1,16,0,432
18329,0.5.0,0,5,0,60
18330,0.5.0,0,5,0,60
18331,0.19.0,0,19,0,228
18332,0.3.0,0,3,0,36
18333,0.1.6,0,1,6,18
18334,0.3.0,0,3,0,36
18335,1.16.0,1,16,0,432
18336,0.3.0,0,3,0,36
18337,0.5.0,0,5,0,60
18338,0.3.0,0,3,0,36
18339,1.1.0,1,1,0,252
18340,0.3.0,0,3,0,36
18341,0.12.0,0,12,0,144
18342,0.5.0,0,5,0,60
18343,0.5.0,0,5,0,60
18344,0.5.0,0,5,0,60
18345,0.1.6,0,1,6,18
18346,0.19.0,0,19,0,228
18347,0.3.0,0,3,0,36
18348,0.1.6,0,1,6,18
18349,0.5.0,0,5,0,60
18350,0.5.0,0,5,0,60
18351,0.3.0,0,3,0,36
18352,0.5.0,0,5,0,60
18353,4.0.0,4,0,0,960
18354,1.1.0,1,1,0,252
18355,0.5.0,0,5,0,60
18356,0.5.0,0,5,0,60
18357,0.11.6,0,11,6,138
18358,0.9.0,0,9,0,108
18359,0.5.0,0,5,0,60
18360,0.5.0,0,5,0,60
18361,2.12.6,2,12,6,630
18362,0.1.6,0,1,6,18
18363,0.1.6,0,1,6,18
18364,0.5.0,0,5,0,60
18365,0.3.0,0,3,0,36
18366,0.9.0,0,9,0,108
18367,0.5.0,0,5,0,60
18368,0.3.0,0,3,0,36
18369,1.1.0,1,1,0,252
18370,0.9.0,0,9,0,108
18371,0.3.0,0,3,0,36
18372,0.9.0,0,9,0,108
18373,0.9.0,0,9,0,108
18374,0.12.0,0,12,0,144
18375,2.3.0,2,3,0,516
18376,0.1.6,0,1,6,18
18377,0.5.0,0,5,0,60
18378,0.5.0,0,5,0,60
18379,4.0.0,4,0,0,960
18380,0.9.0,0,9,0,108
18381,1.1.0,1,1,0,252
18382,2.3.0,2,3,0,516
18383,0.1.6,0,1,6,18
18384,4.0.0,4,0,0,960
18385,0.5.0,0,5,0,60
18386,0.5.0,0,5,0,60
18387,0.5.0,0,5,0,60
18388,0.5.0,0,5,0,60
18389,0.1.6,0,1,6,18
18390,0.9.0,0,9,0,108
18391,0.5.0,0,5,0,60
18392,0.5.0,0,5,0,60
18393,0.5.0,0,5,0,60
18394,0.1.6,0,1,6,18
18395,0.1.6,0,1,6,18
18396,2.3.0,2,3,0,516
18397,1.1.0,1,1,0,252
18398,0.9.0,0,9,0,108
18399,0.3.0,0,3,0,36
18400,0.3.0,0,3,0,36
18401,0.5.0,0,5,0,60
18402,0.5.0,0,5,0,60
18403,0.1.6,0,1,6,18
18404,0.3.0,0,3,0,36
18405,0.14.0,0,14,0,168
18406,0.5.0,0,5,0,60
18407,1.16.0,1,16,0,432
18408,0.5.0,0,5,0,60
18409,0.5.0,0,5,0,60
18410,0.5.0,0,5,0,60
18411,0.9.0,0,9,0,108
18412,0.1.6,0,1,6,18
18413,2.3.0,2,3,0,516
18414,0.5.0,0,5,0,60
18415,0.5.0,0,5,0,60
18416,1.1.0,1,1,0,252
18417,1.4.0,1,4,0,288
18418,0.5.0,0,5,0,60
18419,0.9.0,0,9,0,108
18420,1.0.0,1,0,0,240
18421,0.3.0,0,3,0,36
18422,0.3.0,0,3,0,36
18423,2.12.6,2,12,6,630
18424,0.3.0,0,3,0,36
18425,0.3.0,0,3,0,36
18426,0.3.0,0,3,0,36
18427,0.3.0,0,3,0,36
18428,0.3.0,0,3,0,36
18429,0.3.0,0,3,0,36
18430,0.3.0,0,3,0,36
18431,2.3.0,2,3,0,516
18432,1.11.0,1,11,0,372
18433,0.19.0,0,19,0,228
18434,0.19.0,0,19,0,228
18435,1.16.0,1,16,0,432
18436,0.9.0,0,9,0,108
18437,1.1.0,1,1,0,252
18438,0.5.0,0,5,0,60
18439,0.5.0,0,5,0,60
18440,0.9.0,0,9,0,108
18441,0.9.0,0,9,0,108
18442,0.5.0,0,5,0,60
18443,0.5.0,0,5,0,60
18444,0.5.0,0,5,0,60
18445,0.5.0,0,5,0,60
18446,1.16.0,1,16,0,432
18447,0.3.0,0,3,0,36
18448,0.3.0,0,3,0,36
18449,0.5.0,0,5,0,60
18450,0.5.0,0,5,0,60
18451,0.5.0,0,5,0,60
18452,0.3.0,0,3,0,36
18453,0.5.0,0,5,0,60
18454,0.3.0,0,3,0,36
18455,0.3.0,0,3,0,36
18456,0.5.0,0,5,0,60
18457,0.5.0,0,5,0,60
18458,0.5.0,0,5,0,60
18459,0.3.0,0,3,0,36
18461,0.19.0,0,19,0,228
18462,0.5.0,0,5,0,60
18463,0.3.0,0,3,0,36
18464,0.3.0,0,3,0,36
18465,0.5.0,0,5,0,60
18466,1.11.0,1,11,0,372
18467,0.5.0,0,5,0,60
18468,0.5.0,0,5,0,60
18469,1.1.0,1,1,0,252
18470,1.1.0,1,1,0,252
18471,0.9.0,0,9,0,108
18472,0.5.0,0,5,0,60
18473,0.9.0,0,9,0,108
18474,0.5.0,0,5,0,60
18475,0.5.0,0,5,0,60
18476,0.9.0,0,9,0,108
18477,0.9.0,0,9,0,108
18478,0.9.0,0,9,0,108
18479,0.5.0,0,5,0,60
18480,0.5.0,0,5,0,60
18481,0.5.0,0,5,0,60
18482,0.5.0,0,5,0,60
18483,0.5.0,0,5,0,60
18484,0.5.0,0,5,0,60
18485,0.3.0,0,3,0,36
18486,0.3.0,0,3,0,36
18487,0.5.0,0,5,0,60
18488,0.5.0,0,5,0,60
18489,0.5.0,0,5,0,60
18492,0.3.0,0,3,0,36
18493,0.5.0,0,5,0,60
18494,0.5.0,0,5,0,60
18495,0.5.0,0,5,0,60
18496,0.5.0,0,5,0,60
18497,0.11.6,0,11,6,138
18498,0.5.0,0,5,0,60
18499,0.5.0,0,5,0,60
18500,0.1.6,0,1,6,18
18501,0.9.0,0,9,0,108
18502,1.1.0,1,1,0,252
18503,0.5.0,0,5,0,60
18504,0.5.0,0,5,0,60
18505,0.5.0,0,5,0,60
18506,0.5.0,0,5,0,60
18507,0.5.0,0,5,0,60
18508,0.5.0,0,5,0,60
18509,0.5.0,0,5,0,60
18510,1.1.0,1,1,0,252
18511,0.12.0,0,12,0,144
18512,0.5.0,0,5,0,60
18513,0.9.0,0,9,0,108
18514,0.11.6,0,11,6,138
18515,0.5.0,0,5,0,60
18516,0.9.0,0,9,0,108
18517,0.5.0,0,5,0,60
18518,0.14.0,0,14,0,168
18519,0.5.0,0,5,0,60
18520,0.5.0,0,5,0,60
18521,0.3.0,0,3,0,36
18522,0.3.0,0,3,0,36
18523,0.5.0,0,5,0,60
18524,0.5.0,0,5,0,60
18525,0.5.0,0,5,0,60
18526,0.5.0,0,5,0,60
18527,1.1.0,1,1,0,252
18528,0.5.0,0,5,0,60
18529,0.5.0,0,5,0,60
18530,0.9.0,0,9,0,108
18531,0.5.0,0,5,0,60
18532,0.3.0,0,3,0,36
18533,0.11.6,0,11,6,138
18534,0.3.0,0,3,0,36
18535,1.4.0,1,4,0,288
18536,0.9.0,0,9,0,108
18537,1.4.0,1,4,0,288
18538,0.9.0,0,9,0,108
18539,0.5.0,0,5,0,60
18540,0.3.0,0,3,0,36
18541,0.9.0,0,9,0,108
18542,0.9.0,0,9,0,108
18543,0.9.0,0,9,0,108
18544,1.16.0,1,16,0,432
18545,0.1.6,0,1,6,18
18546,0.3.0,0,3,0,36
18547,1.16.0,1,16,0,432
18548,0.5.0,0,5,0,60
18549,0.5.0,0,5,0,60
18550,0.3.0,0,3,0,36
18551,0.5.0,0,5,0,60
18552,0.5.0,0,5,0,60
18553,0.5.0,0,5,0,60
18554,0.5.0,0,5,0,60
18555,0.5.0,0,5,0,60
18556,0.5.0,0,5,0,60
18557,0.5.0,0,5,0,60
18558,0.5.0,0,5,0,60
18559,0.3.0,0,3,0,36
18560,0.1.6,0,1,6,18
18561,1.4.0,1,4,0,288
18562,0.9.0,0,9,0,108
18563,1.0.0,1,0,0,240
18564,1.11.0,1,11,0,372
18565,0.5.0,0,5,0,60
18566,0.5.0,0,5,0,60
18567,0.5.0,0,5,0,60
18568,0.5.0,0,5,0,60
18569,0.3.0,0,3,0,36
18570,0.3.0,0,3,0,36
18571,1.1.0,1,1,0,252
18572,0.9.0,0,9,0,108
18573,0.9.0,0,9,0,108
18574,0.5.0,0,5,0,60
18575,0.5.0,0,5,0,60
18576,0.5.0,0,5,0,60
18577,0.3.0,0,3,0,36
18578,2.12.6,2,12,6,630
18579,0.5.0,0,5,0,60
18580,0.5.0,0,5,0,60
18581,0.5.0,0,5,0,60
18582,3.1.6,3,1,6,738
18583,0.5.0,0,5,0,60
18584,0.9.0,0,9,0,108
18585,0.5.0,0,5,0,60
18586,0.5.0,0,5,0,60
18587,0.5.0,0,5,0,60
18588,1.16.0,1,16,0,432
18589,0.5.0,0,5,0,60
18590,0.14.0,0,14,0,168
18591,0.14.0,0,14,0,168
18592,0.9.0,0,9,0,108
18593,1.9.0,1,9,0,348
18594,0.1.6,0,1,6,18
18595,0.3.0,0,3,0,36
18596,0.5.0,0,5,0,60
18597,0.5.0,0,5,0,60
18598,0.5.0,0,5,0,60
18599,0.9.0,0,9,0,108
18600,0.9.0,0,9,0,108
18601,0.9.0,0,9,0,108
18602,0.3.0,0,3,0,36
18603,0.3.0,0,3,0,36
18604,0.5.0,0,5,0,60
18605,0.3.0,0,3,0,36
18606,0.5.0,0,5,0,60
18607,0.5.0,0,5,0,60
18608,1.4.0,1,4,0,288
18609,0.5.0,0,5,0,60
18610,0.5.0,0,5,0,60
18611,0.1.6,0,1,6,18
18612,0.5.0,0,5,0,60
18613,0.5.0,0,5,0,60
18614,0.5.0,0,5,0,60
18615,0.9.0,0,9,0,108
18616,2.3.0,2,3,0,516
18617,0.3.0,0,3,0,36
18618,0.9.0,0,9,0,108
18619,1.16.0,1,16,0,432
18620,0.5.0,0,5,0,60
18621,0.3.0,0,3,0,36
18622,0.5.0,0,5,0,60
18623,0.5.0,0,5,0,60
18624,0.9.0,0,9,0,108
18625,0.3.0,0,3,0,36
18627,0.3.0,0,3,0,36
18628,0.5.0,0,5,0,60
18629,1.6.0,1,6,0,312
18630,0.9.0,0,9,0,108
18631,0.5.0,0,5,0,60
18632,0.9.0,0,9,0,108
18633,0.5.0,0,5,0,60
18634,0.5.0,0,5,0,60
18635,0.5.0,0,5,0,60
18636,0.5.0,0,5,0,60
18637,0.9.0,0,9,0,108
18638,0.9.0,0,9,0,108
18639,0.1.6,0,1,6,18
18640,0.3.0,0,3,0,36
18641,0.5.0,0,5,0,60
18642,0.9.0,0,9,0,108
18643,0.5.0,0,5,0,60
18644,0.12.0,0,12,0,144
18645,0.5.0,0,5,0,60
18646,0.5.0,0,5,0,60
18647,2.12.6,2,12,6,630
18648,0.1.6,0,1,6,18
18649,0.3.0,0,3,0,36
18650,0.5.0,0,5,0,60
18651,0.3.0,0,3,0,36
18652,0.5.0,0,5,0,60
18653,0.5.0,0,5,0,60
18654,0.9.0,0,9,0,108
18655,0.3.0,0,3,0,36
18656,0.3.0,0,3,0,36
18657,0.9.0,0,9,0,108
18658,0.9.0,0,9,0,108
18659,3.15.0,3,15,0,900
18660,2.3.0,2,3,0,516
18661,0.9.0,0,9,0,108
18662,0.9.0,0,9,0,108
18663,0.5.0,0,5,0,60
18664,0.3.0,0,3,0,36
18665,0.5.0,0,5,0,60
18666,0.5.0,0,5,0,60
18667,0.3.0,0,3,0,36
18668,0.5.0,0,5,0,60
18669,0.5.0,0,5,0,60
18670,0.5.0,0,5,0,60
18671,1.1.0,1,1,0,252
18672,0.12.0,0,12,0,144
18673,0.3.0,0,3,0,36
18674,1.4.0,1,4,0,288
18675,1.4.0,1,4,0,288
18676,0.5.0,0,5,0,60
18677,0.9.0,0,9,0,108
18678,0.9.0,0,9,0,108
18679,0.5.0,0,5,0,60
18680,0.5.0,0,5,0,60
18681,1.1.0,1,1,0,252
18682,0.9.0,0,9,0,108
18683,0.5.0,0,5,0,60
18684,0.5.0,0,5,0,60
18685,0.9.0,0,9,0,108
18686,0.3.0,0,3,0,36
18687,0.5.0,0,5,0,60
18688,0.1.6,0,1,6,18
18689,0.5.0,0,5,0,60
18690,1.4.0,1,4,0,288
18691,0.3.0,0,3,0,36
18692,0.3.0,0,3,0,36
18693,0.5.0,0,5,0,60
18694,0.5.0,0,5,0,60
18695,0.5.0,0,5,0,60
18696,0.3.0,0,3,0,36
18697,0.3.0,0,3,0,36
18698,0.3.0,0,3,0,36
18699,0.1.6,0,1,6,18
18700,0.5.0,0,5,0,60
18701,0.5.0,0,5,0,60
18702,0.9.0,0,9,0,108
18703,0.9.0,0,9,0,108
18704,0.5.0,0,5,0,60
18705,0.5.0,0,5,0,60
18706,0.5.0,0,5,0,60
18707,0.9.0,0,9,0,108
18708,0.5.0,0,5,0,60
18709,0.3.0,0,3,0,36
18710,0.1.6,0,1,6,18
18711,0.3.0,0,3,0,36
18712,0.3.0,0,3,0,36
18713,0.3.0,0,3,0,36
18714,0.5.0,0,5,0,60
18715,0.3.0,0,3,0,36
18716,1.0.0,1,0,0,240
18717,0.3.0,0,3,0,36
18718,0.3.0,0,3,0,36
18719,0.9.0,0,9,0,108
18720,0.3.0,0,3,0,36
18721,0.3.0,0,3,0,36
18722,0.9.0,0,9,0,108
18723,0.5.0,0,5,0,60
18724,0.9.0,0,9,0,108
18725,0.9.0,0,9,0,108
18726,0.5.0,0,5,0,60
18727,0.5.0,0,5,0,60
18728,0.9.0,0,9,0,108
18729,0.5.0,0,5,0,60
18730,0.5.0,0,5,0,60
18731,0.9.0,0,9,0,108
18732,2.16.0,2,16,0,672
18733,0.5.0,0,5,0,60
18734,0.3.0,0,3,0,36
18735,0.3.0,0,3,0,36
18736,0.3.0,0,3,0,36
18737,0.9.0,0,9,0,108
18738,1.1.0,1,1,0,252
18739,0.5.0,0,5,0,60
18740,0.3.0,0,3,0,36
18741,0.5.0,0,5,0,60
18742,0.5.0,0,5,0,60
18743,0.3.0,0,3,0,36
18744,0.5.0,0,5,0,60
18745,1.11.0,1,11,0,372
18746,0.3.0,0,3,0,36
18747,1.1.0,1,1,0,252
18748,0.9.0,0,9,0,108
18749,0.5.0,0,5,0,60
18750,0.5.0,0,5,0,60
18751,0.5.0,0,5,0,60
18752,0.3.0,0,3,0,36
18753,0.5.0,0,5,0,60
18754,0.3.0,0,3,0,36
18755,0.5.0,0,5,0,60
18756,1.16.0,1,16,0,432
18757,0.5.0,0,5,0,60
18758,0.5.0,0,5,0,60
18759,0.3.0,0,3,0,36
18760,0.1.6,0,1,6,18
18761,0.5.0,0,5,0,60
18762,0.3.0,0,3,0,36
18763,0.9.0,0,9,0,108
18764,0.9.0,0,9,0,108
18765,0.9.0,0,9,0,108
18766,0.5.0,0,5,0,60
18767,1.1.0,1,1,0,252
18768,3.12.6,3,12,6,870
18769,0.9.0,0,9,0,108
18770,0.9.0,0,9,0,108
18771,1.1.0,1,1,0,252
18772,0.9.0,0,9,0,108
18773,0.3.0,0,3,0,36
18774,0.3.0,0,3,0,36
18775,0.5.0,0,5,0,60
18776,4.0.0,4,0,0,960
18777,0.3.0,0,3,0,36
18778,0.5.0,0,5,0,60
18779,4.0.0,4,0,0,960
18780,0.1.6,0,1,6,18
18781,0.5.0,0,5,0,60
18782,0.9.0,0,9,0,108
18783,0.9.0,0,9,0,108
18784,0.5.0,0,5,0,60
18785,0.5.0,0,5,0,60
18786,0.3.0,0,3,0,36
18787,0.5.0,0,5,0,60
18788,1.16.0,1,16,0,432
18789,0.3.0,0,3,0,36
18790,0.5.0,0,5,0,60
18791,0.5.0,0,5,0,60
18792,1.11.0,1,11,0,372
18793,0.9.0,0,9,0,108
18794,0.9.0,0,9,0,108
18795,0.5.0,0,5,0,60
18796,0.5.0,0,5,0,60
18797,0.3.0,0,3,0,36
18798,0.3.0,0,3,0,36
18799,0.5.0,0,5,0,60
18800,0.5.0,0,5,0,60
18801,2.13.0,2,13,0,636
18802,0.5.0,0,5,0,60
18803,0.3.0,0,3,0,36
18804,0.5.0,0,5,0,60
18805,0.14.0,0,14,0,168
18806,0.5.0,0,5,0,60
18807,0.5.0,0,5,0,60
18808,0.9.0,0,9,0,108
18809,1.1.0,1,1,0,252
18810,0.1.6,0,1,6,18
18811,0.9.0,0,9,0,108
18812,0.5.0,0,5,0,60
18813,0.9.0,0,9,0,108
18815,0.3.0,0,3,0,36
18816,0.5.0,0,5,0,60
18817,0.5.0,0,5,0,60
18818,0.3.0,0,3,0,36
18819,0.5.0,0,5,0,60
18820,0.5.0,0,5,0,60
18821,1.1.0,1,1,0,252
18822,0.9.0,0,9,0,108
18823,0.5.0,0,5,0,60
18824,0.9.0,0,9,0,108
18825,0.5.0,0,5,0,60
18826,2.16.0,2,16,0,672
18827,0.9.0,0,9,0,108
18828,0.5.0,0,5,0,60
18829,0.9.0,0,9,0,108
18830,0.5.0,0,5,0,60
18831,0.5.0,0,5,0,60
18832,0.3.0,0,3,0,36
18833,0.3.0,0,3,0,36
18834,1.1.0,1,1,0,252
18835,2.3.3,2,3,3,519
18836,0.5.0,0,5,0,60
18837,0.9.0,0,9,0,108
18838,0.9.0,0,9,0,108
18839,0.5.0,0,5,0,60
18840,0.3.0,0,3,0,36
18841,0.5.0,0,5,0,60
18842,0.9.0,0,9,0,108
18843,2.16.0,2,16,0,672
18844,2.12.6,2,12,6,630
18845,0.3.0,0,3,0,36
18846,4.0.0,4,0,0,960
18847,0.3.0,0,3,0,36
18848,0.3.0,0,3,0,36
18849,0.5.0,0,5,0,60
18850,0.5.0,0,5,0,60
18851,0.5.0,0,5,0,60
18852,0.5.0,0,5,0,60
18853,0.3.0,0,3,0,36
18854,1.4.0,1,4,0,288
18855,1.4.0,1,4,0,288
18856,0.5.0,0,5,0,60
18857,0.5.0,0,5,0,60
18858,0.11.6,0,11,6,138
18859,2.3.0,2,3,0,516
18860,0.5.0,0,5,0,60
18861,1.4.0,1,4,0,288
18862,0.5.0,0,5,0,60
18863,0.5.0,0,5,0,60
18864,0.9.0,0,9,0,108
18865,0.9.0,0,9,0,108
18866,0.3.0,0,3,0,36
18867,0.14.0,0,14,0,168
18868,0.3.0,0,3,0,36
18869,0.5.0,0,5,0,60
18870,0.3.0,0,3,0,36
18871,0.5.0,0,5,0,60
18872,0.5.0,0,5,0,60
18873,0.9.0,0,9,0,108
18874,0.19.0,0,19,0,228
18875,0.9.0,0,9,0,108
18876,0.5.0,0,5,0,60
18877,2.3.0,2,3,0,516
18878,0.5.0,0,5,0,60
18879,0.5.0,0,5,0,60
18880,2.12.6,2,12,6,630
18881,0.5.0,0,5,0,60
18882,0.17.6,0,17,6,210
18883,0.5.0,0,5,0,60
18884,0.5.0,0,5,0,60
18885,0.9.0,0,9,0,108
18886,0.5.0,0,5,0,60
18887,0.3.0,0,3,0,36
18888,0.5.0,0,5,0,60
18889,0.5.0,0,5,0,60
18890,0.1.6,0,1,6,18
18891,1.16.0,1,16,0,432
18892,1.1.0,1,1,0,252
18893,0.3.0,0,3,0,36
18894,1.11.0,1,11,0,372
18895,0.5.0,0,5,0,60
18896,0.5.0,0,5,0,60
18897,0.9.0,0,9,0,108
18898,0.5.0,0,5,0,60
18899,0.5.0,0,5,0,60
18900,1.4.0,1,4,0,288
18901,1.4.0,1,4,0,288
18902,0.9.0,0,9,0,108
18903,0.5.0,0,5,0,60
18904,0.3.0,0,3,0,36
18905,0.5.0,0,5,0,60
18906,0.9.0,0,9,0,108
18907,0.5.0,0,5,0,60
18908,0.9.0,0,9,0,108
18909,2.3.0,2,3,0,516
18910,0.9.0,0,9,0,108
18911,1.1.0,1,1,0,252
18912,1.16.0,1,16,0,432
18913,0.1.6,0,1,6,18
18914,0.5.0,0,5,0,60
18915,0.3.0,0,3,0,36
18916,1.4.0,1,4,0,288
18917,0.9.0,0,9,0,108
18918,0.5.0,0,5,0,60
18919,0.5.0,0,5,0,60
18920,0.9.0,0,9,0,108
18921,0.5.0,0,5,0,60
18922,0.5.0,0,5,0,60
18923,2.12.6,2,12,6,630
36268,0.4.6,0,4,6,54
36270,0.4.6,0,4,6,54
36271,0.4.6,0,4,6,54
36272,0.4.6,0,4,6,54
36273,0.4.6,0,4,6,54
36274,0.4.6,0,4,6,54
36276,0.4.6,0,4,6,54
36277,0.2.6,0,2,6,30
36278,0.4.6,0,4,6,54
36279,0.4.6,0,4,6,54
36280,0.4.6,0,4,6,54
36281,0.2.6,0,2,6,30
36282,0.4.6,0,4,6,54
36283,0.2.6,0,2,6,30
36284,0.4.6,0,4,6,54
36285,0.4.6,0,4,6,54
36286,0.4.6,0,4,6,54
36288,0.4.6,0,4,6,54
36289,0.2.6,0,2,6,30
36291,0.4.6,0,4,6,54
36292,0.4.6,0,4,6,54
36295,0.4.6,0,4,6,54
36296,0.4.6,0,4,6,54
36297,0.4.6,0,4,6,54
36298,0.4.6,0,4,6,54
36300,0.4.6,0,4,6,54
36301,0.13.4,0,13,4,160
36302,0.4.6,0,4,6,54
36304,0.4.6,0,4,6,54
36306,0.4.6,0,4,6,54
36307,0.4.6,0,4,6,54
36308,0.4.6,0,4,6,54
36309,0.4.6,0,4,6,54
36310,0.4.6,0,4,6,54
36311,0.2.6,0,2,6,30
36312,0.4.6,0,4,6,54
36314,0.4.6,0,4,6,54
36315,0.2.6,0,2,6,30
36317,0.4.6,0,4,6,54
36318,0.4.6,0,4,6,54
36319,0.4.6,0,4,6,54
36320,0.4.6,0,4,6,54
36321,0.4.6,0,4,6,54
36322,0.4.6,0,4,6,54
36323,0.13.4,0,13,4,160
36324,0.4.6,0,4,6,54
36325,0.2.6,0,2,6,30
36326,0.4.6,0,4,6,54
36327,0.4.6,0,4,6,54
36328,0.4.6,0,4,6,54
36329,0.4.6,0,4,6,54
36331,0.4.6,0,4,6,54
36334,0.4.6,0,4,6,54
36335,0.4.6,0,4,6,54
36336,0.2.6,0,2,6,30
36337,0.4.6,0,4,6,54
36338,0.2.6,0,2,6,30
36339,0.4.6,0,4,6,54
36340,0.2.6,0,2,6,30
36341,0.2.6,0,2,6,30
36342,0.4.6,0,4,6,54
36343,0.2.6,0,2,6,30
36344,0.2.6,0,2,6,30
36346,0.9.0,0,9,0,108
36347,0.4.6,0,4,6,54
36348,0.4.6,0,4,6,54
36349,0.4.6,0,4,6,54
36351,0.4.6,0,4,6,54
36352,0.4.6,0,4,6,54
36354,0.4.6,0,4,6,54
36355,0.2.6,0,2,6,30
36356,0.2.6,0,2,6,30
36357,0.4.6,0,4,6,54
36358,0.2.6,0,2,6,30
36359,0.4.6,0,4,6,54
36360,0.2.6,0,2,6,30
36362,0.4.6,0,4,6,54
36363,0.4.6,0,4,6,54
36364,0.2.6,0,2,6,30
36365,0.4.6,0,4,6,54
36367,0.4.6,0,4,6,54
36368,2.0.0,2,0,0,480
36369,0.4.6,0,4,6,54
36370,0.2.6,0,2,6,30
36372,0.4.6,0,4,6,54
36373,0.4.6,0,4,6,54
36375,0.4.6,0,4,6,54
36376,0.2.6,0,2,6,30
36377,0.2.6,0,2,6,30
36378,0.2.6,0,2,6,30
36379,0.2.6,0,2,6,30
36380,0.4.6,0,4,6,54
36381,0.4.6,0,4,6,54
36382,0.4.6,0,4,6,54
36384,0.4.6,0,4,6,54
36386,0.2.6,0,2,6,30
36387,0.4.6,0,4,6,54
36389,0.2.6,0,2,6,30
36390,0.2.6,0,2,6,30
36391,0.4.6,0,4,6,54
36393,0.4.6,0,4,6,54
36394,0.4.6,0,4,6,54
36395,0.4.6,0,4,6,54
36396,0.4.6,0,4,6,54
36397,0.4.6,0,4,6,54
36398,0.4.6,0,4,6,54
36399,0.4.6,0,4,6,54
36400,0.4.6,0,4,6,54
36401,0.4.6,0,4,6,54
36402,0.2.6,0,2,6,30
36403,0.4.6,0,4,6,54
36404,0.4.6,0,4,6,54
36405,0.4.6,0,4,6,54
36406,0.4.6,0,4,6,54
36407,0.2.6,0,2,6,30
36408,0.2.6,0,2,6,30
36409,0.4.6,0,4,6,54
36410,0.4.6,0,4,6,54
36411,0.4.6,0,4,6,54
36413,0.2.6,0,2,6,30
36414,0.4.6,0,4,6,54
36415,0.4.6,0,4,6,54
36416,0.4.6,0,4,6,54
36418,0.2.6,0,2,6,30
36419,0.2.6,0,2,6,30
36420,0.4.6,0,4,6,54
36421,0.10.8,0,10,8,128
36423,0.4.6,0,4,6,54
36424,0.4.6,0,4,6,54
36425,0.4.6,0,4,6,54
36426,0.4.6,0,4,6,54
36428,0.2.6,0,2,6,30
36429,0.2.6,0,2,6,30
36430,0.9.0,0,9,0,108
36431,0.2.6,0,2,6,30
36432,0.4.6,0,4,6,54
36433,0.4.6,0,4,6,54
36434,0.4.6,0,4,6,54
36435,0.4.6,0,4,6,54
36436,0.4.6,0,4,6,54
36437,0.4.6,0,4,6,54
36438,2.0.0,2,0,0,480
36439,0.4.6,0,4,6,54
36441,0.4.6,0,4,6,54
36442,0.4.6,0,4,6,54
36443,0.4.6,0,4,6,54
36444,0.2.6,0,2,6,30
36445,0.2.6,0,2,6,30
36446,0.9.0,0,9,0,108
36447,0.2.6,0,2,6,30
36448,0.2.6,0,2,6,30
36450,0.4.6,0,4,6,54
36452,0.4.6,0,4,6,54
36453,0.4.6,0,4,6,54
36454,0.4.6,0,4,6,54
36455,0.4.6,0,4,6,54
36456,0.4.6,0,4,6,54
36457,0.4.6,0,4,6,54
36458,0.4.6,0,4,6,54
36459,0.2.6,0,2,6,30
36460,0.4.6,0,4,6,54
36461,0.4.6,0,4,6,54
36462,0.2.6,0,2,6,30
36463,0.4.6,0,4,6,54
36464,0.2.6,0,2,6,30
36465,0.4.6,0,4,6,54
36466,0.4.6,0,4,6,54
36468,0.2.6,0,2,6,30
36469,0.4.6,0,4,6,54
36470,0.2.6,0,2,6,30
36471,0.4.6,0,4,6,54
36472,0.4.6,0,4,6,54
36473,0.4.6,0,4,6,54
36475,0.4.6,0,4,6,54
36476,0.4.6,0,4,6,54
36477,0.13.4,0,13,4,160
36478,0.4.6,0,4,6,54
36479,0.9.0,0,9,0,108
36480,0.4.6,0,4,6,54
36482,0.4.6,0,4,6,54
36483,0.4.6,0,4,6,54
36484,0.4.6,0,4,6,54
36485,0.2.6,0,2,6,30
36486,0.4.6,0,4,6,54
36487,0.4.6,0,4,6,54
36488,0.4.6,0,4,6,54
36490,0.4.6,0,4,6,54
36491,0.4.6,0,4,6,54
36493,0.4.6,0,4,6,54
36494,0.4.6,0,4,6,54
36495,0.4.6,0,4,6,54
36496,0.4.6,0,4,6,54
36497,0.4.6,0,4,6,54
36498,0.4.6,0,4,6,54
36499,0.4.6,0,4,6,54
36501,0.4.6,0,4,6,54
36502,0.4.6,0,4,6,54
36503,0.9.0,0,9,0,108
36504,0.6.8,0,6,8,80
36505,0.4.6,0,4,6,54
36508,0.4.6,0,4,6,54
36509,0.4.6,0,4,6,54
36510,0.2.6,0,2,6,30
36511,0.4.6,0,4,6,54
36513,0.4.6,0,4,6,54
36515,0.4.6,0,4,6,54
36516,0.4.6,0,4,6,54
36517,0.4.6,0,4,6,54
36520,0.2.6,0,2,6,30
36521,0.4.6,0,4,6,54
36522,0.4.6,0,4,6,54
36523,0.4.6,0,4,6,54
36524,0.4.6,0,4,6,54
36525,0.4.6,0,4,6,54
36526,0.9.0,0,9,0,108
36527,0.6.8,0,6,8,80
36528,0.4.6,0,4,6,54
36529,0.4.6,0,4,6,54
36530,0.4.6,0,4,6,54
36531,0.4.6,0,4,6,54
36532,0.4.6,0,4,6,54
36533,0.4.6,0,4,6,54
36535,0.4.6,0,4,6,54
36536,0.4.6,0,4,6,54
36537,0.4.6,0,4,6,54
36538,0.4.6,0,4,6,54
36539,0.6.8,0,6,8,80
36540,0.4.6,0,4,6,54
36542,0.4.6,0,4,6,54
36544,0.4.6,0,4,6,54
36545,0.4.6,0,4,6,54
36546,0.4.6,0,4,6,54
36547,0.4.6,0,4,6,54
36548,0.13.4,0,13,4,160
36549,0.4.6,0,4,6,54
36550,0.2.6,0,2,6,30
36551,0.4.6,0,4,6,54
36552,0.4.6,0,4,6,54
36553,0.4.6,0,4,6,54
36555,0.4.6,0,4,6,54
36557,0.13.4,0,13,4,160
36558,0.4.6,0,4,6,54
36559,0.4.6,0,4,6,54
36563,0.4.6,0,4,6,54
36566,0.4.6,0,4,6,54
36567,0.2.6,0,2,6,30
36568,0.4.6,0,4,6,54
36569,0.9.0,0,9,0,108
36570,0.10.8,0,10,8,128
36571,0.4.6,0,4,6,54
36572,0.4.6,0,4,6,54
36573,0.4.6,0,4,6,54
36574,0.4.6,0,4,6,54
36575,0.4.6,0,4,6,54
36576,0.2.6,0,2,6,30
36577,0.4.6,0,4,6,54
36578,0.4.6,0,4,6,54
36579,0.2.6,0,2,6,30
36580,0.9.0,0,9,0,108
36581,0.9.0,0,9,0,108
36582,0.4.6,0,4,6,54
36584,0.2.6,0,2,6,30
36586,0.4.6,0,4,6,54
36587,0.4.6,0,4,6,54
36588,0.4.6,0,4,6,54
36589,0.4.6,0,4,6,54
36590,0.4.6,0,4,6,54
36591,0.4.6,0,4,6,54
36592,0.4.6,0,4,6,54
36593,0.4.6,0,4,6,54
36594,0.4.6,0,4,6,54
36595,0.4.6,0,4,6,54
36596,0.4.6,0,4,6,54
36597,0.4.6,0,4,6,54
36598,0.2.6,0,2,6,30
36599,0.4.6,0,4,6,54
36600,0.4.6,0,4,6,54
36601,0.4.6,0,4,6,54
36602,0.4.6,0,4,6,54
36603,0.4.6,0,4,6,54
36604,0.4.6,0,4,6,54
36605,0.4.6,0,4,6,54
36606,0.2.6,0,2,6,30
36607,0.2.6,0,2,6,30
36608,0.2.6,0,2,6,30
36609,0.4.6,0,4,6,54
36611,0.4.6,0,4,6,54
36612,0.2.6,0,2,6,30
36613,0.4.6,0,4,6,54
36615,0.4.6,0,4,6,54
36616,0.4.6,0,4,6,54
36617,0.4.6,0,4,6,54
36619,0.4.6,0,4,6,54
36620,0.4.6,0,4,6,54
36622,0.4.6,0,4,6,54
36624,0.4.6,0,4,6,54
36625,0.4.6,0,4,6,54
36627,0.4.6,0,4,6,54
36628,0.4.6,0,4,6,54
36629,0.4.6,0,4,6,54
36630,0.10.8,0,10,8,128
36631,0.4.6,0,4,6,54
36632,0.4.6,0,4,6,54
36633,0.4.6,0,4,6,54
36634,0.4.6,0,4,6,54
36635,0.4.6,0,4,6,54
36636,0.4.6,0,4,6,54
36637,0.4.6,0,4,6,54
36638,0.9.0,0,9,0,108
36640,0.4.6,0,4,6,54
36641,0.2.6,0,2,6,30
36642,0.4.6,0,4,6,54
36643,0.4.6,0,4,6,54
36644,0.4.6,0,4,6,54
36645,0.9.0,0,9,0,108
36648,0.2.6,0,2,6,30
36651,0.4.6,0,4,6,54
36652,0.4.6,0,4,6,54
36653,0.4.6,0,4,6,54
36654,0.4.6,0,4,6,54
36655,0.2.6,0,2,6,30
36656,0.2.6,0,2,6,30
36657,0.2.6,0,2,6,30
36658,0.2.6,0,2,6,30
36659,0.2.6,0,2,6,30
36660,0.4.6,0,4,6,54
36661,0.4.6,0,4,6,54
36662,0.4.6,0,4,6,54
36663,0.4.6,0,4,6,54
36664,0.2.6,0,2,6,30
36665,0.4.6,0,4,6,54
36666,0.4.6,0,4,6,54
36667,0.4.6,0,4,6,54
36668,0.4.6,0,4,6,54
36669,0.4.6,0,4,6,54
36670,0.4.6,0,4,6,54
36671,0.4.6,0,4,6,54
36673,0.4.6,0,4,6,54
36674,0.4.6,0,4,6,54
36677,0.2.6,0,2,6,30
36679,0.2.6,0,2,6,30
36681,0.4.6,0,4,6,54
36682,0.4.6,0,4,6,54
36683,0.4.6,0,4,6,54
36685,0.4.6,0,4,6,54
36686,0.2.6,0,2,6,30
36687,0.4.6,0,4,6,54
36688,0.4.6,0,4,6,54
36689,0.4.6,0,4,6,54
36691,0.2.6,0,2,6,30
36693,0.2.6,0,2,6,30
36695,0.2.6,0,2,6,30
36696,0.4.6,0,4,6,54
36697,0.4.6,0,4,6,54
36698,0.4.6,0,4,6,54
36699,0.4.6,0,4,6,54
36700,0.2.6,0,2,6,30
36701,0.4.6,0,4,6,54
36702,0.2.6,0,2,6,30
36703,0.4.6,0,4,6,54
36705,0.4.6,0,4,6,54
36706,0.4.6,0,4,6,54
36709,0.4.6,0,4,6,54
36710,0.4.6,0,4,6,54
36712,0.4.6,0,4,6,54
36713,0.2.6,0,2,6,30
36714,0.9.0,0,9,0,108
36715,0.4.6,0,4,6,54
36717,0.4.6,0,4,6,54
36718,0.4.6,0,4,6,54
36719,0.4.6,0,4,6,54
36720,0.10.8,0,10,8,128
36721,0.2.6,0,2,6,30
36722,0.2.6,0,2,6,30
36724,0.2.6,0,2,6,30
36725,0.4.6,0,4,6,54
36726,0.4.6,0,4,6,54
36727,0.4.6,0,4,6,54
36728,0.2.6,0,2,6,30
36729,0.2.6,0,2,6,30
36730,0.4.6,0,4,6,54
36731,0.4.6,0,4,6,54
36732,0.4.6,0,4,6,54
36733,0.2.6,0,2,6,30
36736,0.4.6,0,4,6,54
36737,0.4.6,0,4,6,54
36738,0.2.6,0,2,6,30
36739,0.4.6,0,4,6,54
36740,0.4.6,0,4,6,54
36741,0.4.6,0,4,6,54
36742,0.4.6,0,4,6,54
36743,0.9.0,0,9,0,108
36744,0.4.6,0,4,6,54
36745,0.13.4,0,13,4,160
36747,0.4.6,0,4,6,54
36748,0.2.6,0,2,6,30
36749,0.4.6,0,4,6,54
36750,0.9.0,0,9,0,108
36751,0.4.6,0,4,6,54
36752,0.2.6,0,2,6,30
36753,0.2.6,0,2,6,30
36754,0.4.6,0,4,6,54
36756,0.4.6,0,4,6,54
36757,0.4.6,0,4,6,54
36759,0.2.6,0,2,6,30
36760,0.4.6,0,4,6,54
36761,0.4.6,0,4,6,54
36762,0.4.6,0,4,6,54
36763,0.4.6,0,4,6,54
36764,0.4.6,0,4,6,54
36765,0.2.6,0,2,6,30
36766,0.4.6,0,4,6,54
36767,0.4.6,0,4,6,54
36768,0.4.6,0,4,6,54
36769,0.2.6,0,2,6,30
36770,0.9.0,0,9,0,108
36771,0.4.6,0,4,6,54
36772,0.2.6,0,2,6,30
36773,0.4.6,0,4,6,54
36774,0.4.6,0,4,6,54
36776,0.4.6,0,4,6,54
36777,0.4.6,0,4,6,54
36780,0.4.6,0,4,6,54
36781,0.4.6,0,4,6,54
36782,0.4.6,0,4,6,54
36784,0.4.6,0,4,6,54
36785,0.4.6,0,4,6,54
36786,0.4.6,0,4,6,54
36787,0.4.6,0,4,6,54
36788,0.4.6,0,4,6,54
36789,0.2.6,0,2,6,30
36790,0.4.6,0,4,6,54
36791,0.4.6,0,4,6,54
36792,0.4.6,0,4,6,54
36793,0.13.4,0,13,4,160
36794,0.9.0,0,9,0,108
36795,0.4.6,0,4,6,54
36796,0.4.6,0,4,6,54
36797,0.4.6,0,4,6,54
36798,0.4.6,0,4,6,54
36799,0.4.6,0,4,6,54
36801,0.4.6,0,4,6,54
36802,0.9.0,0,9,0,108
36803,0.4.6,0,4,6,54
36804,0.4.6,0,4,6,54
36805,0.4.6,0,4,6,54
36807,0.4.6,0,4,6,54
36808,0.2.6,0,2,6,30
36809,0.4.6,0,4,6,54
36810,0.4.6,0,4,6,54
36811,0.4.6,0,4,6,54
36813,0.4.6,0,4,6,54
36814,0.2.6,0,2,6,30
36816,0.2.6,0,2,6,30
36820,0.2.6,0,2,6,30
36821,0.10.8,0,10,8,128
36822,0.4.6,0,4,6,54
36823,0.4.6,0,4,6,54
36824,0.4.6,0,4,6,54
36825,0.4.6,0,4,6,54
36826,0.4.6,0,4,6,54
36827,0.4.6,0,4,6,54
36828,0.2.6,0,2,6,30
36829,0.4.6,0,4,6,54
36830,0.2.6,0,2,6,30
36832,0.4.6,0,4,6,54
36833,0.4.6,0,4,6,54
36834,0.4.6,0,4,6,54
36835,0.4.6,0,4,6,54
36836,0.2.6,0,2,6,30
36837,0.2.6,0,2,6,30
36838,0.2.6,0,2,6,30
36840,0.2.6,0,2,6,30
36841,0.4.6,0,4,6,54
36842,0.2.6,0,2,6,30
36843,0.2.6,0,2,6,30
36844,0.4.6,0,4,6,54
36845,0.4.6,0,4,6,54
36846,0.2.6,0,2,6,30
36847,4.0.0,4,0,0,960
36848,0.9.0,0,9,0,108
36849,0.2.6,0,2,6,30
36850,0.2.6,0,2,6,30
36851,0.2.6,0,2,6,30
36852,0.4.6,0,4,6,54
36854,0.2.6,0,2,6,30
36855,0.2.6,0,2,6,30
36856,0.2.6,0,2,6,30
36857,0.4.6,0,4,6,54
36858,0.2.6,0,2,6,30
36859,0.4.6,0,4,6,54
36860,0.9.0,0,9,0,108
36863,0.4.6,0,4,6,54
36864,0.4.6,0,4,6,54
36865,0.2.6,0,2,6,30
36866,0.2.6,0,2,6,30
36867,0.4.6,0,4,6,54
36870,0.4.6,0,4,6,54
36871,0.4.6,0,4,6,54
36876,0.4.6,0,4,6,54
36877,0.4.6,0,4,6,54
36878,0.2.6,0,2,6,30
36879,0.2.6,0,2,6,30
36880,0.2.6,0,2,6,30
36881,0.1.1,0,1,1,13
36882,0.4.6,0,4,6,54
36883,0.4.6,0,4,6,54
36884,0.4.6,0,4,6,54
36885,0.2.6,0,2,6,30
36886,0.2.6,0,2,6,30
36888,0.4.6,0,4,6,54
36890,0.4.6,0,4,6,54
36891,0.4.6,0,4,6,54
36892,0.4.6,0,4,6,54
36893,0.4.6,0,4,6,54
36894,0.2.6,0,2,6,30
36895,0.2.6,0,2,6,30
36896,0.9.0,0,9,0,108
36897,0.4.6,0,4,6,54
36899,0.2.6,0,2,6,30
36901,0.4.6,0,4,6,54
36903,0.4.6,0,4,6,54
36904,0.4.6,0,4,6,54
36906,0.4.6,0,4,6,54
36907,0.4.6,0,4,6,54
36908,0.4.6,0,4,6,54
36909,0.4.6,0,4,6,54
36910,0.2.6,0,2,6,30
36911,0.4.6,0,4,6,54
36912,0.2.6,0,2,6,30
36913,0.4.6,0,4,6,54
36914,0.13.4,0,13,4,160
36916,0.4.6,0,4,6,54
36917,0.4.6,0,4,6,54
36918,0.4.6,0,4,6,54
36919,0.4.6,0,4,6,54
36920,0.4.6,0,4,6,54
36921,0.9.0,0,9,0,108
36922,0.4.6,0,4,6,54
36924,0.4.6,0,4,6,54
36925,0.4.6,0,4,6,54
36926,0.2.6,0,2,6,30
36928,0.4.6,0,4,6,54
36929,0.4.6,0,4,6,54
36930,0.4.6,0,4,6,54
36931,0.4.6,0,4,6,54
36933,0.2.6,0,2,6,30
36934,0.4.6,0,4,6,54
36936,0.4.6,0,4,6,54
36937,0.4.6,0,4,6,54
36938,0.2.6,0,2,6,30
36939,0.2.6,0,2,6,30
36940,0.4.6,0,4,6,54
36941,0.4.6,0,4,6,54
36942,0.4.6,0,4,6,54
36943,0.2.6,0,2,6,30
36944,0.13.4,0,13,4,160
36945,0.4.6,0,4,6,54
36946,0.4.6,0,4,6,54
36947,0.2.6,0,2,6,30
36948,0.4.6,0,4,6,54
36950,0.4.6,0,4,6,54
36952,0.4.6,0,4,6,54
36953,0.4.6,0,4,6,54
36955,0.4.6,0,4,6,54
36956,0.4.6,0,4,6,54
36957,0.4.6,0,4,6,54
36958,0.2.6,0,2,6,30
36959,0.2.6,0,2,6,30
36961,0.4.6,0,4,6,54
36962,0.2.6,0,2,6,30
36964,0.4.6,0,4,6,54
36965,0.4.6,0,4,6,54
36966,0.4.6,0,4,6,54
36967,0.6.8,0,6,8,80
36968,0.4.6,0,4,6,54
36969,0.4.6,0,4,6,54
36970,0.4.6,0,4,6,54
36972,0.4.6,0,4,6,54
36973,0.4.6,0,4,6,54
36974,0.2.6,0,2,6,30
36977,0.2.6,0,2,6,30
36978,0.4.6,0,4,6,54
36979,0.4.6,0,4,6,54
36980,0.4.6,0,4,6,54
36981,0.4.6,0,4,6,54
36982,0.4.6,0,4,6,54
36983,0.4.6,0,4,6,54
36984,0.4.6,0,4,6,54
36985,0.4.6,0,4,6,54
36986,0.4.6,0,4,6,54
36987,0.4.6,0,4,6,54
36988,0.4.6,0,4,6,54
36990,0.2.6,0,2,6,30
36992,0.4.6,0,4,6,54
36993,1.0.0,1,0,0,240
36994,0.2.6,0,2,6,30
36995,0.4.6,0,4,6,54
36996,0.2.6,0,2,6,30
36997,0.2.6,0,2,6,30
36998,0.4.6,0,4,6,54
36999,0.2.6,0,2,6,30
37000,0.4.6,0,4,6,54
37001,0.4.6,0,4,6,54
37004,0.4.6,0,4,6,54
37006,0.4.6,0,4,6,54
37007,0.4.6,0,4,6,54
37008,0.2.6,0,2,6,30
37009,0.4.6,0,4,6,54
37010,0.4.6,0,4,6,54
37011,0.2.6,0,2,6,30
37012,0.2.6,0,2,6,30
37013,0.4.6,0,4,6,54
37014,0.4.6,0,4,6,54
37017,0.4.6,0,4,6,54
37018,0.4.6,0,4,6,54
37019,0.4.6,0,4,6,54
37020,0.4.6,0,4,6,54
37022,0.4.6,0,4,6,54
37023,0.4.6,0,4,6,54
37024,0.4.6,0,4,6,54
37025,0.4.6,0,4,6,54
37026,0.0.0,0,0,0,0
37027,0.4.6,0,4,6,54
37028,0.4.6,0,4,6,54
37029,0.4.6,0,4,6,54
37030,0.4.6,0,4,6,54
37031,0.2.6,0,2,6,30
37032,0.6.8,0,6,8,80
37033,0.4.6,0,4,6,54
37034,0.4.6,0,4,6,54
37035,0.2.6,0,2,6,30
37036,0.4.6,0,4,6,54
37037,0.4.6,0,4,6,54
37038,0.4.6,0,4,6,54
37040,0.4.6,0,4,6,54
37041,0.4.6,0,4,6,54
37042,0.4.6,0,4,6,54
37043,0.4.6,0,4,6,54
37044,0.4.6,0,4,6,54
37045,0.4.6,0,4,6,54
37046,0.4.6,0,4,6,54
37047,0.4.6,0,4,6,54
37048,0.6.8,0,6,8,80
37050,0.4.6,0,4,6,54
37051,0.2.6,0,2,6,30
37052,0.4.6,0,4,6,54
37053,0.2.6,0,2,6,30
37054,0.4.6,0,4,6,54
37055,0.4.6,0,4,6,54
37056,0.4.6,0,4,6,54
37057,0.4.6,0,4,6,54
37058,0.4.6,0,4,6,54
37059,0.2.6,0,2,6,30
37060,0.4.6,0,4,6,54
37066,0.4.6,0,4,6,54
37067,0.2.6,0,2,6,30
37068,0.4.6,0,4,6,54
37069,0.4.6,0,4,6,54
37070,0.4.6,0,4,6,54
37072,0.4.6,0,4,6,54
37073,0.4.6,0,4,6,54
37074,0.4.6,0,4,6,54
37075,0.4.6,0,4,6,54
37076,0.4.6,0,4,6,54
37077,0.4.6,0,4,6,54
37078,0.2.6,0,2,6,30
37079,0.4.6,0,4,6,54
37080,0.2.6,0,2,6,30
37083,0.4.6,0,4,6,54
37085,0.4.6,0,4,6,54
37087,0.4.6,0,4,6,54
37088,0.4.6,0,4,6,54
37089,0.4.6,0,4,6,54
37090,0.4.6,0,4,6,54
37091,0.4.6,0,4,6,54
37092,0.4.6,0,4,6,54
37093,0.4.6,0,4,6,54
37094,0.4.6,0,4,6,54
37095,0.2.6,0,2,6,30
37096,0.6.8,0,6,8,80
37097,0.4.6,0,4,6,54
37098,0.4.6,0,4,6,54
37099,0.4.6,0,4,6,54
37100,0.4.6,0,4,6,54
37101,0.4.6,0,4,6,54
37102,0.4.6,0,4,6,54
37103,0.2.6,0,2,6,30
37104,0.4.6,0,4,6,54
37106,0.4.6,0,4,6,54
37107,0.4.6,0,4,6,54
37108,0.4.6,0,4,6,54
37110,0.4.6,0,4,6,54
37112,0.2.6,0,2,6,30
37113,0.2.6,0,2,6,30
37114,0.4.6,0,4,6,54
37115,0.4.6,0,4,6,54
37117,0.4.6,0,4,6,54
37118,0.4.6,0,4,6,54
37119,0.4.6,0,4,6,54
37120,0.4.6,0,4,6,54
37121,0.4.6,0,4,6,54
37122,0.4.6,0,4,6,54
37123,0.4.6,0,4,6,54
37124,0.4.6,0,4,6,54
37125,0.4.6,0,4,6,54
37126,0.4.6,0,4,6,54
37127,0.2.6,0,2,6,30
37129,0.4.6,0,4,6,54
37131,0.4.6,0,4,6,54
37132,2.0.0,2,0,0,480
37133,0.4.6,0,4,6,54
37134,0.4.6,0,4,6,54
37135,0.2.6,0,2,6,30
37136,0.4.6,0,4,6,54
37137,0.4.6,0,4,6,54
37138,0.4.6,0,4,6,54
37139,0.4.6,0,4,6,54
37140,0.4.6,0,4,6,54
37141,0.2.6,0,2,6,30
37143,0.2.6,0,2,6,30
37144,0.4.6,0,4,6,54
37145,0.4.6,0,4,6,54
37146,0.4.6,0,4,6,54
37147,0.9.0,0,9,0,108
37148,0.4.6,0,4,6,54
37149,0.4.6,0,4,6,54
37151,0.2.6,0,2,6,30
37154,0.4.6,0,4,6,54
37155,0.2.6,0,2,6,30
37156,0.4.6,0,4,6,54
37157,0.4.6,0,4,6,54
37159,0.4.6,0,4,6,54
37160,0.4.6,0,4,6,54
37161,0.4.6,0,4,6,54
37162,0.4.6,0,4,6,54
37163,0.4.6,0,4,6,54
37164,0.4.6,0,4,6,54
37165,0.4.6,0,4,6,54
37166,0.9.0,0,9,0,108
37168,0.13.4,0,13,4,160
37170,0.4.6,0,4,6,54
37171,0.4.6,0,4,6,54
37172,0.2.6,0,2,6,30
37173,0.4.6,0,4,6,54
37174,0.2.6,0,2,6,30
37175,0.9.0,0,9,0,108
37176,0.4.6,0,4,6,54
37177,0.4.6,0,4,6,54
37178,0.4.6,0,4,6,54
37179,0.4.6,0,4,6,54
37182,0.4.6,0,4,6,54
37183,0.4.6,0,4,6,54
37184,0.4.6,0,4,6,54
37185,0.2.6,0,2,6,30
37186,0.4.6,0,4,6,54
37187,0.4.6,0,4,6,54
37188,0.2.6,0,2,6,30
37189,0.4.6,0,4,6,54
37190,0.2.6,0,2,6,30
37191,0.4.6,0,4,6,54
37194,0.4.6,0,4,6,54
37195,0.13.4,0,13,4,160
37196,0.9.0,0,9,0,108
37197,0.4.6,0,4,6,54
37198,0.4.6,0,4,6,54
37202,0.4.6,0,4,6,54
37203,0.2.6,0,2,6,30
37204,0.9.0,0,9,0,108
37205,0.9.0,0,9,0,108
37206,0.4.6,0,4,6,54
37207,0.4.6,0,4,6,54
37209,0.2.6,0,2,6,30
37210,0.2.6,0,2,6,30
37211,0.4.6,0,4,6,54
37212,0.2.6,0,2,6,30
37213,0.4.6,0,4,6,54
37214,0.2.6,0,2,6,30
37216,0.4.6,0,4,6,54
37218,0.4.6,0,4,6,54
37219,0.2.6,0,2,6,30
37220,0.2.6,0,2,6,30
37221,0.2.6,0,2,6,30
37222,0.9.0,0,9,0,108
37224,0.4.6,0,4,6,54
37226,0.4.6,0,4,6,54
37227,0.4.6,0,4,6,54
37228,0.4.6,0,4,6,54
37229,0.4.6,0,4,6,54
37230,0.4.6,0,4,6,54
37231,0.2.6,0,2,6,30
37232,0.4.6,0,4,6,54
37234,0.4.6,0,4,6,54
37235,0.9.0,0,9,0,108
37236,0.4.6,0,4,6,54
37237,0.4.6,0,4,6,54
37238,0.2.6,0,2,6,30
37239,0.4.6,0,4,6,54
37240,0.4.6,0,4,6,54
37241,0.4.6,0,4,6,54
37243,0.4.6,0,4,6,54
37244,0.4.6,0,4,6,54
37245,0.4.6,0,4,6,54
37246,0.4.6,0,4,6,54
37247,0.9.0,0,9,0,108
37249,0.4.6,0,4,6,54
37250,0.4.6,0,4,6,54
37251,0.4.6,0,4,6,54
37252,0.4.6,0,4,6,54
37253,0.2.6,0,2,6,30
37255,0.6.8,0,6,8,80
37256,0.4.6,0,4,6,54
37257,0.4.6,0,4,6,54
37258,0.6.8,0,6,8,80
37259,0.4.6,0,4,6,54
37260,0.4.6,0,4,6,54
37261,0.4.6,0,4,6,54
37262,0.4.6,0,4,6,54
37263,0.2.6,0,2,6,30
37264,0.4.6,0,4,6,54
37265,0.4.6,0,4,6,54
37268,0.4.6,0,4,6,54
37271,0.4.6,0,4,6,54
37272,0.4.6,0,4,6,54
37273,0.13.4,0,13,4,160
37276,0.4.6,0,4,6,54
37277,0.4.6,0,4,6,54
37278,0.4.6,0,4,6,54
37279,0.2.6,0,2,6,30
37284,0.4.6,0,4,6,54
37285,0.4.6,0,4,6,54
37287,0.4.6,0,4,6,54
37288,0.2.6,0,2,6,30
37289,0.2.6,0,2,6,30
37290,0.4.6,0,4,6,54
37291,0.4.6,0,4,6,54
37292,0.9.0,0,9,0,108
37294,0.4.6,0,4,6,54
37295,0.2.6,0,2,6,30
37297,0.4.6,0,4,6,54
37298,0.4.6,0,4,6,54
37299,0.4.6,0,4,6,54
37300,0.4.6,0,4,6,54
37301,0.4.6,0,4,6,54
37304,0.4.6,0,4,6,54
37306,0.4.6,0,4,6,54
37308,0.4.6,0,4,6,54
37310,0.4.6,0,4,6,54
37311,0.2.6,0,2,6,30
37312,0.9.0,0,9,0,108
37313,0.4.6,0,4,6,54
37314,0.2.6,0,2,6,30
37316,0.4.6,0,4,6,54
37317,0.4.6,0,4,6,54
37318,0.4.6,0,4,6,54
37319,0.4.6,0,4,6,54
37321,0.4.6,0,4,6,54
37322,0.4.6,0,4,6,54
37323,0.4.6,0,4,6,54
37324,0.2.6,0,2,6,30
37325,0.2.6,0,2,6,30
37326,0.4.6,0,4,6,54
37328,0.4.6,0,4,6,54
37330,0.4.6,0,4,6,54
37332,0.4.6,0,4,6,54
37333,0.4.6,0,4,6,54
37334,0.6.8,0,6,8,80
37335,0.4.6,0,4,6,54
37336,0.4.6,0,4,6,54
37337,0.4.6,0,4,6,54
37338,0.9.0,0,9,0,108
37339,0.4.6,0,4,6,54
37340,0.4.6,0,4,6,54
37341,0.4.6,0,4,6,54
37342,0.4.6,0,4,6,54
37343,0.9.0,0,9,0,108
37344,0.9.0,0,9,0,108
37345,0.4.6,0,4,6,54
37346,0.4.6,0,4,6,54
37347,0.9.0,0,9,0,108
37349,0.4.6,0,4,6,54
37350,0.4.6,0,4,6,54
37351,0.4.6,0,4,6,54
37352,0.4.6,0,4,6,54
37353,0.4.6,0,4,6,54
37354,0.4.6,0,4,6,54
37356,0.4.6,0,4,6,54
37357,0.4.6,0,4,6,54
37358,0.4.6,0,4,6,54
37359,0.4.6,0,4,6,54
37360,0.4.6,0,4,6,54
37362,0.2.6,0,2,6,30
37363,0.4.6,0,4,6,54
37364,0.4.6,0,4,6,54
37365,0.9.0,0,9,0,108
37366,0.10.8,0,10,8,128
37368,0.4.6,0,4,6,54
37369,0.4.6,0,4,6,54
37370,0.4.6,0,4,6,54
37371,0.4.6,0,4,6,54
37372,0.2.6,0,2,6,30
37373,0.9.0,0,9,0,108
37374,0.2.6,0,2,6,30
37376,0.2.6,0,2,6,30
37377,0.2.6,0,2,6,30
37378,0.13.4,0,13,4,160
37379,0.4.6,0,4,6,54
37381,0.4.6,0,4,6,54
37383,0.4.6,0,4,6,54
37384,0.4.6,0,4,6,54
37385,0.4.6,0,4,6,54
37386,0.6.8,0,6,8,80
37387,0.4.6,0,4,6,54
37389,0.2.6,0,2,6,30
37390,0.2.6,0,2,6,30
37391,0.4.6,0,4,6,54
37392,0.4.6,0,4,6,54
37393,0.4.6,0,4,6,54
37394,0.2.6,0,2,6,30
37395,0.2.6,0,2,6,30
37396,0.4.6,0,4,6,54
37397,0.4.6,0,4,6,54
37398,0.4.6,0,4,6,54
37399,0.4.6,0,4,6,54
37401,0.2.6,0,2,6,30
37402,0.2.6,0,2,6,30
37403,0.4.6,0,4,6,54
37404,0.4.6,0,4,6,54
37405,0.4.6,0,4,6,54
37406,0.4.6,0,4,6,54
37407,0.4.6,0,4,6,54
37408,0.4.6,0,4,6,54
37409,0.4.6,0,4,6,54
37410,0.2.6,0,2,6,30
37411,0.2.6,0,2,6,30
37412,0.2.6,0,2,6,30
37413,0.4.6,0,4,6,54
37414,0.4.6,0,4,6,54
37415,0.2.6,0,2,6,30
37416,0.2.6,0,2,6,30
37417,0.6.8,0,6,8,80
37420,0.4.6,0,4,6,54
37421,0.4.6,0,4,6,54
37422,0.4.6,0,4,6,54
37423,0.2.6,0,2,6,30
37425,0.13.4,0,13,4,160
37426,0.2.6,0,2,6,30
37427,0.2.6,0,2,6,30
37428,0.2.6,0,2,6,30
37431,0.4.6,0,4,6,54
37432,0.4.6,0,4,6,54
37433,0.2.6,0,2,6,30
37436,0.4.6,0,4,6,54
37437,0.4.6,0,4,6,54
37438,0.4.6,0,4,6,54
37439,0.13.4,0,13,4,160
37441,0.4.6,0,4,6,54
37442,0.4.6,0,4,6,54
37443,0.4.6,0,4,6,54
37444,0.4.6,0,4,6,54
37445,0.4.6,0,4,6,54
37446,0.2.6,0,2,6,30
37447,0.9.0,0,9,0,108
37448,0.9.0,0,9,0,108
37449,0.4.6,0,4,6,54
37450,0.9.0,0,9,0,108
37451,0.4.6,0,4,6,54
37452,0.4.6,0,4,6,54
37453,0.2.6,0,2,6,30
37454,0.4.6,0,4,6,54
37456,0.2.6,0,2,6,30
37457,0.4.6,0,4,6,54
37458,0.4.6,0,4,6,54
37459,0.2.6,0,2,6,30
37460,0.4.6,0,4,6,54
37461,0.4.6,0,4,6,54
37463,0.4.6,0,4,6,54
37464,0.2.6,0,2,6,30
37465,0.4.6,0,4,6,54
37467,0.4.6,0,4,6,54
37469,0.2.6,0,2,6,30
37471,0.4.6,0,4,6,54
37473,0.2.6,0,2,6,30
37474,0.4.6,0,4,6,54
37475,0.4.6,0,4,6,54
37477,0.2.6,0,2,6,30
37480,0.2.6,0,2,6,30
37482,0.4.6,0,4,6,54
37483,0.4.6,0,4,6,54
37484,0.4.6,0,4,6,54
37485,0.4.6,0,4,6,54
37486,0.4.6,0,4,6,54
37487,0.4.6,0,4,6,54
37488,0.10.8,0,10,8,128
37489,0.4.6,0,4,6,54
37490,0.4.6,0,4,6,54
37491,0.4.6,0,4,6,54
37492,0.4.6,0,4,6,54
37493,0.4.6,0,4,6,54
37495,0.4.6,0,4,6,54
37496,0.4.6,0,4,6,54
37497,0.4.6,0,4,6,54
37498,0.4.6,0,4,6,54
37499,0.4.6,0,4,6,54
37500,0.4.6,0,4,6,54
37501,0.2.6,0,2,6,30
37502,0.4.6,0,4,6,54
37503,0.4.6,0,4,6,54
37504,0.4.6,0,4,6,54
37505,0.4.6,0,4,6,54
37506,0.4.6,0,4,6,54
37507,0.4.6,0,4,6,54
37508,0.4.6,0,4,6,54
37509,0.2.6,0,2,6,30
37510,2.0.0,2,0,0,480
37512,0.9.0,0,9,0,108
37514,0.4.6,0,4,6,54
37515,0.4.6,0,4,6,54
37516,0.4.6,0,4,6,54
37517,0.4.6,0,4,6,54
37518,0.4.6,0,4,6,54
37519,0.4.6,0,4,6,54
37520,0.2.6,0,2,6,30
37521,0.2.6,0,2,6,30
37522,0.4.6,0,4,6,54
37523,0.2.6,0,2,6,30
37524,0.2.6,0,2,6,30
37525,0.4.6,0,4,6,54
37526,0.4.6,0,4,6,54
37527,0.2.6,0,2,6,30
37529,0.4.6,0,4,6,54
37532,2.0.0,2,0,0,480
37533,0.4.6,0,4,6,54
37534,0.4.6,0,4,6,54
37535,0.4.6,0,4,6,54
37537,0.13.4,0,13,4,160
37538,0.4.6,0,4,6,54
37539,0.4.6,0,4,6,54
37540,0.4.6,0,4,6,54
37542,0.4.6,0,4,6,54
37543,0.4.6,0,4,6,54
37545,0.4.6,0,4,6,54
37546,0.2.6,0,2,6,30
37547,0.4.6,0,4,6,54
37548,0.4.6,0,4,6,54
37552,0.2.6,0,2,6,30
37553,0.4.6,0,4,6,54
37554,0.4.6,0,4,6,54
37556,0.4.6,0,4,6,54
37557,0.4.6,0,4,6,54
37558,0.4.6,0,4,6,54
37559,0.2.6,0,2,6,30
37560,0.2.6,0,2,6,30
37561,0.2.6,0,2,6,30
37563,0.4.6,0,4,6,54
37564,0.4.6,0,4,6,54
37565,0.9.0,0,9,0,108
37566,0.2.6,0,2,6,30
37567,0.2.6,0,2,6,30
37568,0.4.6,0,4,6,54
37569,0.4.6,0,4,6,54
37570,0.4.6,0,4,6,54
37571,0.10.8,0,10,8,128
37572,0.4.6,0,4,6,54
37573,0.4.6,0,4,6,54
37575,0.4.6,0,4,6,54
37582,0.4.6,0,4,6,54
37583,0.4.6,0,4,6,54
37584,0.4.6,0,4,6,54
37588,0.4.6,0,4,6,54
37590,0.4.6,0,4,6,54
37592,0.4.6,0,4,6,54
37593,0.4.6,0,4,6,54
37594,0.4.6,0,4,6,54
37595,0.2.6,0,2,6,30
37596,0.2.6,0,2,6,30
37597,0.4.6,0,4,6,54
37598,0.2.6,0,2,6,30
37599,0.4.6,0,4,6,54
37600,0.4.6,0,4,6,54
37601,0.4.6,0,4,6,54
37602,0.2.6,0,2,6,30
37603,0.9.0,0,9,0,108
37608,0.2.6,0,2,6,30
37609,0.6.8,0,6,8,80
37610,0.4.6,0,4,6,54
37611,0.2.6,0,2,6,30
37612,0.4.6,0,4,6,54
37613,0.4.6,0,4,6,54
37614,0.2.6,0,2,6,30
37615,0.2.6,0,2,6,30
37616,0.9.0,0,9,0,108
37618,0.4.6,0,4,6,54
37620,0.4.6,0,4,6,54
37621,0.4.6,0,4,6,54
37622,0.4.6,0,4,6,54
37623,0.2.6,0,2,6,30
37625,0.4.6,0,4,6,54
37626,0.2.6,0,2,6,30
37629,0.4.6,0,4,6,54
37631,0.4.6,0,4,6,54
37633,0.4.6,0,4,6,54
37635,0.4.6,0,4,6,54
37636,0.4.6,0,4,6,54
37637,0.2.6,0,2,6,30
37638,0.4.6,0,4,6,54
37639,0.4.6,0,4,6,54
37642,0.4.6,0,4,6,54
37643,0.4.6,0,4,6,54
37644,0.4.6,0,4,6,54
37645,0.2.6,0,2,6,30
37646,0.4.6,0,4,6,54
37647,0.4.6,0,4,6,54
37649,0.4.6,0,4,6,54
37650,0.2.6,0,2,6,30
37655,4.0.0,4,0,0,960
37656,0.4.6,0,4,6,54
37657,0.4.6,0,4,6,54
37658,0.9.0,0,9,0,108
37661,0.10.8,0,10,8,128
37662,0.4.6,0,4,6,54
37667,0.4.6,0,4,6,54
37668,0.2.6,0,2,6,30
37669,0.4.6,0,4,6,54
37670,0.2.6,0,2,6,30
37673,0.4.6,0,4,6,54
37674,0.2.6,0,2,6,30
37675,0.4.6,0,4,6,54
37676,0.4.6,0,4,6,54
37677,0.4.6,0,4,6,54
37678,0.4.6,0,4,6,54
37679,0.4.6,0,4,6,54
37681,0.4.6,0,4,6,54
37682,0.2.6,0,2,6,30
37685,0.4.6,0,4,6,54
37686,0.4.6,0,4,6,54
37687,0.4.6,0,4,6,54
37688,0.4.6,0,4,6,54
37689,0.4.6,0,4,6,54
37690,0.4.6,0,4,6,54
37691,0.2.6,0,2,6,30
37692,0.4.6,0,4,6,54
37693,0.4.6,0,4,6,54
37694,0.4.6,0,4,6,54
37696,0.4.6,0,4,6,54
37697,0.4.6,0,4,6,54
37701,0.4.6,0,4,6,54
37702,0.4.6,0,4,6,54
37704,0.2.6,0,2,6,30
37705,0.2.6,0,2,6,30
37706,0.2.6,0,2,6,30
37707,0.4.6,0,4,6,54
37708,0.6.8,0,6,8,80
37709,0.4.6,0,4,6,54
37710,0.2.6,0,2,6,30
37711,0.4.6,0,4,6,54
37712,0.4.6,0,4,6,54
37713,0.4.6,0,4,6,54
37714,0.4.6,0,4,6,54
37715,0.0.9,0,0,9,9
37717,0.4.6,0,4,6,54
37719,0.4.6,0,4,6,54
37720,0.6.8,0,6,8,80
37721,0.4.6,0,4,6,54
37722,0.4.6,0,4,6,54
37723,0.4.6,0,4,6,54
37724,0.2.6,0,2,6,30
37725,0.4.6,0,4,6,54
37726,0.4.6,0,4,6,54
37727,0.4.6,0,4,6,54
37728,0.4.6,0,4,6,54
37730,0.5.0,0,5,0,60
37732,0.4.6,0,4,6,54
37734,0.6.8,0,6,8,80
37735,0.9.0,0,9,0,108
37737,0.4.6,0,4,6,54
37738,0.4.6,0,4,6,54
37739,0.4.6,0,4,6,54
37740,0.4.6,0,4,6,54
37741,0.4.6,0,4,6,54
37743,0.4.6,0,4,6,54
37745,0.4.6,0,4,6,54
37746,0.2.6,0,2,6,30
37749,0.2.6,0,2,6,30
37750,0.4.6,0,4,6,54
37751,0.4.6,0,4,6,54
37752,0.4.6,0,4,6,54
37753,0.4.6,0,4,6,54
37754,0.4.6,0,4,6,54
37757,0.4.6,0,4,6,54
37760,0.4.6,0,4,6,54
37761,0.4.6,0,4,6,54
37762,0.9.0,0,9,0,108
37764,0.4.6,0,4,6,54
37766,0.4.6,0,4,6,54
37768,0.4.6,0,4,6,54
37769,0.4.6,0,4,6,54
37770,0.2.6,0,2,6,30
37772,0.10.8,0,10,8,128
37774,0.4.6,0,4,6,54
37777,0.4.6,0,4,6,54
37778,0.4.6,0,4,6,54
37780,0.4.6,0,4,6,54
37781,0.4.6,0,4,6,54
37783,0.4.6,0,4,6,54
37784,0.4.6,0,4,6,54
37785,0.4.6,0,4,6,54
37786,0.4.6,0,4,6,54
37787,0.4.6,0,4,6,54
37789,0.4.6,0,4,6,54
37792,0.4.6,0,4,6,54
37793,0.4.6,0,4,6,54
37794,0.4.6,0,4,6,54
37795,0.2.6,0,2,6,30
37796,0.2.6,0,2,6,30
37797,0.4.6,0,4,6,54
37799,0.4.6,0,4,6,54
37802,0.4.6,0,4,6,54
37804,0.2.6,0,2,6,30
37805,0.2.6,0,2,6,30
37806,0.4.6,0,4,6,54
37810,0.4.6,0,4,6,54
37813,0.6.8,0,6,8,80
37815,0.4.6,0,4,6,54
37816,0.4.6,0,4,6,54
37817,0.4.6,0,4,6,54
37818,0.4.6,0,4,6,54
37819,0.4.6,0,4,6,54
37820,0.2.6,0,2,6,30
37821,0.2.6,0,2,6,30
37822,0.4.6,0,4,6,54
37824,0.4.6,0,4,6,54
37825,0.4.6,0,4,6,54
37826,0.2.6,0,2,6,30
37827,0.4.6,0,4,6,54
37828,0.4.6,0,4,6,54
37829,0.2.6,0,2,6,30
37830,0.4.6,0,4,6,54
37831,0.4.6,0,4,6,54
37832,0.2.6,0,2,6,30
37835,0.4.6,0,4,6,54
37838,0.4.6,0,4,6,54
37839,0.4.6,0,4,6,54
37840,0.2.6,0,2,6,30
37841,0.2.6,0,2,6,30
37842,0.4.6,0,4,6,54
37844,0.4.6,0,4,6,54
37845,0.4.6,0,4,6,54
37848,0.4.6,0,4,6,54
37849,0.4.6,0,4,6,54
37850,0.4.6,0,4,6,54
37852,0.4.6,0,4,6,54
37853,0.4.6,0,4,6,54
37854,0.4.6,0,4,6,54
37855,0.4.6,0,4,6,54
37857,0.4.6,0,4,6,54
37858,0.4.6,0,4,6,54
37859,0.2.6,0,2,6,30
37863,0.4.6,0,4,6,54
37865,0.4.6,0,4,6,54
37866,0.4.6,0,4,6,54
37869,0.4.6,0,4,6,54
37870,0.2.6,0,2,6,30
37871,0.10.8,0,10,8,128
37873,0.2.6,0,2,6,30
37874,0.4.6,0,4,6,54
37875,0.2.6,0,2,6,30
37876,0.4.6,0,4,6,54
37877,0.4.6,0,4,6,54
37879,0.9.0,0,9,0,108
37880,0.4.6,0,4,6,54
37881,0.4.6,0,4,6,54
37883,0.2.6,0,2,6,30
37884,0.2.6,0,2,6,30
37886,0.2.6,0,2,6,30
37889,0.4.6,0,4,6,54
37890,0.4.6,0,4,6,54
37891,0.2.6,0,2,6,30
37892,0.4.6,0,4,6,54
37893,0.4.6,0,4,6,54
37894,0.4.6,0,4,6,54
37895,0.9.0,0,9,0,108
37896,0.4.6,0,4,6,54
37897,0.2.6,0,2,6,30
37898,0.4.6,0,4,6,54
37901,0.2.6,0,2,6,30
37903,0.2.6,0,2,6,30
37904,0.4.6,0,4,6,54
37905,0.4.6,0,4,6,54
37907,0.9.0,0,9,0,108
37909,0.9.0,0,9,0,108
37910,0.4.6,0,4,6,54
37911,2.0.0,2,0,0,480
37913,0.4.6,0,4,6,54
37914,0.4.6,0,4,6,54
37915,0.4.6,0,4,6,54
37916,0.4.6,0,4,6,54
37917,0.4.6,0,4,6,54
37918,0.4.6,0,4,6,54
37919,0.9.0,0,9,0,108
37920,0.9.0,0,9,0,108
37921,0.2.6,0,2,6,30
37922,0.4.6,0,4,6,54
37923,0.4.6,0,4,6,54
37924,0.4.6,0,4,6,54
37925,0.4.6,0,4,6,54
37926,0.4.6,0,4,6,54
37927,0.4.6,0,4,6,54
37928,0.4.6,0,4,6,54
37929,0.4.6,0,4,6,54
37930,0.9.0,0,9,0,108
37931,0.4.6,0,4,6,54
37933,0.4.6,0,4,6,54
37934,0.4.6,0,4,6,54
37935,0.6.8,0,6,8,80
37936,0.2.6,0,2,6,30
37937,0.4.6,0,4,6,54
37938,0.4.6,0,4,6,54
37940,0.4.6,0,4,6,54
37942,0.4.6,0,4,6,54
37944,0.4.6,0,4,6,54
37945,0.4.6,0,4,6,54
37947,0.4.6,0,4,6,54
37948,0.4.6,0,4,6,54
37949,0.9.0,0,9,0,108
37950,0.4.6,0,4,6,54
37952,0.4.6,0,4,6,54
37954,0.4.6,0,4,6,54
37955,0.4.6,0,4,6,54
37956,0.2.6,0,2,6,30
37957,0.4.6,0,4,6,54
37958,0.4.6,0,4,6,54
37959,0.4.6,0,4,6,54
37961,0.4.6,0,4,6,54
37962,0.4.6,0,4,6,54
37963,0.2.6,0,2,6,30
37964,0.4.6,0,4,6,54
37965,0.4.6,0,4,6,54
37966,0.4.6,0,4,6,54
37967,0.2.6,0,2,6,30
37968,0.4.6,0,4,6,54
37969,0.4.6,0,4,6,54
37970,0.2.6,0,2,6,30
37972,0.4.6,0,4,6,54
37973,0.2.6,0,2,6,30
37974,0.4.6,0,4,6,54
37975,0.4.6,0,4,6,54
37976,0.4.6,0,4,6,54
37977,0.4.6,0,4,6,54
37978,0.4.6,0,4,6,54
37979,0.4.6,0,4,6,54
37981,0.4.6,0,4,6,54
37982,0.4.6,0,4,6,54
37983,0.4.6,0,4,6,54
37984,0.4.6,0,4,6,54
37985,0.4.6,0,4,6,54
37986,0.4.6,0,4,6,54
37987,0.4.6,0,4,6,54
37988,0.4.6,0,4,6,54
37989,0.9.0,0,9,0,108
37990,0.4.6,0,4,6,54
37993,0.4.6,0,4,6,54
37994,0.4.6,0,4,6,54
37995,0.2.6,0,2,6,30
37996,0.4.6,0,4,6,54
37997,0.4.6,0,4,6,54
37998,0.2.6,0,2,6,30
37999,0.4.6,0,4,6,54
38000,0.4.6,0,4,6,54
38001,0.13.4,0,13,4,160
38002,0.4.6,0,4,6,54
38004,0.2.6,0,2,6,30
38005,0.4.6,0,4,6,54
38006,0.4.6,0,4,6,54
38008,0.2.6,0,2,6,30
38010,0.2.6,0,2,6,30
38011,0.4.6,0,4,6,54
38012,0.4.6,0,4,6,54
38013,0.4.6,0,4,6,54
38014,0.2.6,0,2,6,30
38015,0.4.6,0,4,6,54
38016,0.4.6,0,4,6,54
38018,0.4.6,0,4,6,54
38021,0.9.0,0,9,0,108
38023,0.4.6,0,4,6,54
38024,0.4.6,0,4,6,54
38025,0.2.6,0,2,6,30
38026,0.4.6,0,4,6,54
38027,0.10.8,0,10,8,128
38028,0.4.6,0,4,6,54
38030,0.4.6,0,4,6,54
38031,0.4.6,0,4,6,54
38032,0.4.6,0,4,6,54
38033,0.2.6,0,2,6,30
38034,0.4.6,0,4,6,54
38035,0.4.6,0,4,6,54
38036,0.4.6,0,4,6,54
38037,0.2.6,0,2,6,30
38039,0.4.6,0,4,6,54
38040,0.4.6,0,4,6,54
38041,0.4.6,0,4,6,54
38042,0.2.6,0,2,6,30
38043,0.4.6,0,4,6,54
38044,0.4.6,0,4,6,54
38045,0.4.6,0,4,6,54
38047,0.2.6,0,2,6,30
38048,0.4.6,0,4,6,54
38049,0.4.6,0,4,6,54
38050,0.4.6,0,4,6,54
38051,0.4.6,0,4,6,54
38052,0.4.6,0,4,6,54
38053,0.9.0,0,9,0,108
38054,0.4.6,0,4,6,54
38055,0.4.6,0,4,6,54
38056,0.2.6,0,2,6,30
38057,0.13.4,0,13,4,160
38058,0.4.6,0,4,6,54
38059,0.2.6,0,2,6,30
38061,0.4.6,0,4,6,54
38062,0.4.6,0,4,6,54
38063,0.4.6,0,4,6,54
38064,0.2.6,0,2,6,30
38066,0.4.6,0,4,6,54
38067,0.4.6,0,4,6,54
38068,0.4.6,0,4,6,54
38069,0.4.6,0,4,6,54
38070,0.4.6,0,4,6,54
38071,0.4.6,0,4,6,54
38072,0.9.0,0,9,0,108
38073,0.2.6,0,2,6,30
38074,0.4.6,0,4,6,54
38075,0.4.6,0,4,6,54
38076,0.4.6,0,4,6,54
38077,0.4.6,0,4,6,54
38078,0.4.6,0,4,6,54
38079,0.4.6,0,4,6,54
38080,0.4.6,0,4,6,54
38081,0.10.8,0,10,8,128
38082,0.4.6,0,4,6,54
38083,0.2.6,0,2,6,30
38086,0.2.6,0,2,6,30
38087,0.4.6,0,4,6,54
38088,0.4.6,0,4,6,54
38089,0.2.6,0,2,6,30
38092,0.4.6,0,4,6,54
38094,0.4.6,0,4,6,54
38095,0.4.6,0,4,6,54
38096,0.4.6,0,4,6,54
38099,0.4.6,0,4,6,54
38100,0.4.6,0,4,6,54
38101,0.13.4,0,13,4,160
38102,0.2.6,0,2,6,30
38103,0.2.6,0,2,6,30
38104,0.4.6,0,4,6,54
38108,0.4.6,0,4,6,54
38109,0.4.6,0,4,6,54
38110,0.4.6,0,4,6,54
38111,0.2.6,0,2,6,30
38113,0.4.6,0,4,6,54
38114,0.4.6,0,4,6,54
38115,0.4.6,0,4,6,54
38116,0.4.6,0,4,6,54
38117,0.4.6,0,4,6,54
38118,0.4.6,0,4,6,54
38119,0.4.6,0,4,6,54
38120,0.4.6,0,4,6,54
38121,0.2.6,0,2,6,30
38122,0.4.6,0,4,6,54
38123,0.4.6,0,4,6,54
38125,0.4.6,0,4,6,54
38126,0.4.6,0,4,6,54
38127,0.4.6,0,4,6,54
38128,0.2.6,0,2,6,30
38129,0.6.8,0,6,8,80
38130,0.6.8,0,6,8,80
38131,0.4.6,0,4,6,54
38133,0.4.6,0,4,6,54
38134,0.4.6,0,4,6,54
38135,0.4.6,0,4,6,54
38136,0.4.6,0,4,6,54
38137,0.4.6,0,4,6,54
38138,0.2.6,0,2,6,30
38139,0.2.6,0,2,6,30
38140,0.2.6,0,2,6,30
38141,0.9.0,0,9,0,108
38142,0.4.6,0,4,6,54
38143,0.4.6,0,4,6,54
38144,0.4.6,0,4,6,54
38145,0.9.0,0,9,0,108
38146,0.9.0,0,9,0,108
38148,0.4.6,0,4,6,54
38149,0.4.6,0,4,6,54
38151,0.2.6,0,2,6,30
38152,0.2.6,0,2,6,30
38153,0.4.6,0,4,6,54
38154,0.2.6,0,2,6,30
38155,0.2.6,0,2,6,30
38156,0.4.6,0,4,6,54
38157,0.4.6,0,4,6,54
38158,0.4.6,0,4,6,54
38159,0.4.6,0,4,6,54
38161,0.4.6,0,4,6,54
38162,0.4.6,0,4,6,54
38163,0.4.6,0,4,6,54
38164,0.2.6,0,2,6,30
38165,0.4.6,0,4,6,54
38166,0.2.6,0,2,6,30
38167,0.9.0,0,9,0,108
38168,0.9.0,0,9,0,108
38170,0.4.6,0,4,6,54
38171,0.9.0,0,9,0,108
38172,0.4.6,0,4,6,54
38173,0.4.6,0,4,6,54
38174,0.2.6,0,2,6,30
38175,0.4.6,0,4,6,54
38176,0.4.6,0,4,6,54
38178,0.4.6,0,4,6,54
38179,0.4.6,0,4,6,54
38180,0.4.6,0,4,6,54
38181,0.4.6,0,4,6,54
38182,0.4.6,0,4,6,54
38183,0.4.6,0,4,6,54
38184,0.4.6,0,4,6,54
38185,0.4.6,0,4,6,54
38186,0.2.6,0,2,6,30
38187,0.4.6,0,4,6,54
38188,0.4.6,0,4,6,54
38189,0.4.6,0,4,6,54
38190,0.4.6,0,4,6,54
38191,0.4.6,0,4,6,54
38192,0.4.6,0,4,6,54
38193,0.4.6,0,4,6,54
38194,0.13.4,0,13,4,160
38195,0.4.6,0,4,6,54
38196,0.4.6,0,4,6,54
38197,0.2.6,0,2,6,30
38198,0.2.6,0,2,6,30
38199,0.4.6,0,4,6,54
38200,0.2.6,0,2,6,30
38201,0.2.6,0,2,6,30
38203,0.4.6,0,4,6,54
38205,0.4.6,0,4,6,54
38206,0.4.6,0,4,6,54
38207,0.2.6,0,2,6,30
38208,0.4.6,0,4,6,54
38209,0.4.6,0,4,6,54
38211,0.4.6,0,4,6,54
38212,0.2.6,0,2,6,30
38213,0.4.6,0,4,6,54
38214,0.6.8,0,6,8,80
38218,0.10.8,0,10,8,128
38219,0.4.6,0,4,6,54
38220,0.4.6,0,4,6,54
38221,0.4.6,0,4,6,54
38223,0.4.6,0,4,6,54
38224,0.4.6,0,4,6,54
38225,0.2.6,0,2,6,30
38226,0.2.6,0,2,6,30
38229,0.4.6,0,4,6,54
38230,0.4.6,0,4,6,54
38231,0.4.6,0,4,6,54
38232,0.2.6,0,2,6,30
38233,0.4.6,0,4,6,54
38234,0.4.6,0,4,6,54
38235,0.4.6,0,4,6,54
38236,0.4.6,0,4,6,54
38237,0.4.6,0,4,6,54
38238,0.4.6,0,4,6,54
38240,0.2.6,0,2,6,30
38241,0.4.6,0,4,6,54
38242,0.4.6,0,4,6,54
38243,0.4.6,0,4,6,54
38244,0.4.6,0,4,6,54
38245,0.2.6,0,2,6,30
38246,0.4.6,0,4,6,54
38247,0.4.6,0,4,6,54
38248,0.9.0,0,9,0,108
38249,0.2.6,0,2,6,30
38250,0.4.6,0,4,6,54
38252,0.10.8,0,10,8,128
38253,0.4.6,0,4,6,54
38254,0.4.6,0,4,6,54
38255,0.4.6,0,4,6,54
38257,0.4.6,0,4,6,54
38258,0.4.6,0,4,6,54
38259,0.4.6,0,4,6,54
38260,0.4.6,0,4,6,54
38261,0.2.6,0,2,6,30
38262,0.9.0,0,9,0,108
38263,0.4.6,0,4,6,54
38264,0.4.6,0,4,6,54
38265,0.2.6,0,2,6,30
38268,0.4.6,0,4,6,54
38269,0.4.6,0,4,6,54
38270,0.4.6,0,4,6,54
38273,0.4.6,0,4,6,54
38274,0.4.6,0,4,6,54
38276,0.4.6,0,4,6,54
38277,0.9.0,0,9,0,108
38279,0.4.6,0,4,6,54
38280,0.4.6,0,4,6,54
38281,0.4.6,0,4,6,54
38283,0.2.6,0,2,6,30
38284,0.9.0,0,9,0,108
38286,0.9.0,0,9,0,108
38287,0.4.6,0,4,6,54
38288,0.4.6,0,4,6,54
38289,0.4.6,0,4,6,54
38290,0.4.6,0,4,6,54
38291,0.4.6,0,4,6,54
38293,0.4.6,0,4,6,54
38294,0.4.6,0,4,6,54
38295,0.4.6,0,4,6,54
38296,0.2.6,0,2,6,30
38297,0.4.6,0,4,6,54
38298,0.4.6,0,4,6,54
38299,0.4.6,0,4,6,54
38300,0.4.6,0,4,6,54
38301,0.2.6,0,2,6,30
38303,0.4.6,0,4,6,54
38304,0.4.6,0,4,6,54
38305,0.4.6,0,4,6,54
38306,0.2.6,0,2,6,30
38307,0.10.8,0,10,8,128
38308,0.4.6,0,4,6,54
38309,0.4.6,0,4,6,54
38310,0.2.6,0,2,6,30
38311,0.2.6,0,2,6,30
38314,0.4.6,0,4,6,54
38317,0.4.6,0,4,6,54
38318,0.2.6,0,2,6,30
38319,0.2.6,0,2,6,30
38320,0.4.6,0,4,6,54
38321,0.4.6,0,4,6,54
38322,0.2.6,0,2,6,30
38323,0.4.6,0,4,6,54
38324,0.4.6,0,4,6,54
38325,0.4.6,0,4,6,54
38326,0.4.6,0,4,6,54
38327,0.4.6,0,4,6,54
38328,0.2.6,0,2,6,30
38330,0.4.6,0,4,6,54
38332,0.2.6,0,2,6,30
38333,0.4.6,0,4,6,54
38334,0.4.6,0,4,6,54
38335,0.2.6,0,2,6,30
38336,0.4.6,0,4,6,54
38337,0.4.6,0,4,6,54
38338,0.4.6,0,4,6,54
38339,0.2.6,0,2,6,30
38340,0.2.6,0,2,6,30
38342,0.4.6,0,4,6,54
38343,0.4.6,0,4,6,54
38345,0.2.6,0,2,6,30
38346,0.4.6,0,4,6,54
38347,0.4.6,0,4,6,54
38348,0.9.0,0,9,0,108
38349,0.4.6,0,4,6,54
38350,0.2.6,0,2,6,30
38352,0.2.6,0,2,6,30
38355,0.4.6,0,4,6,54
38357,0.4.6,0,4,6,54
38358,0.4.6,0,4,6,54
38360,0.4.6,0,4,6,54
38361,0.2.6,0,2,6,30
38362,0.4.6,0,4,6,54
38363,0.4.6,0,4,6,54
38364,0.2.6,0,2,6,30
38365,0.2.6,0,2,6,30
38366,0.2.6,0,2,6,30
38367,0.4.6,0,4,6,54
38368,0.2.6,0,2,6,30
38370,0.4.6,0,4,6,54
38371,0.4.6,0,4,6,54
38372,0.4.6,0,4,6,54
38373,0.4.6,0,4,6,54
38374,0.4.6,0,4,6,54
38375,0.4.6,0,4,6,54
38376,2.0.0,2,0,0,480
38377,0.4.6,0,4,6,54
38378,0.4.6,0,4,6,54
38379,0.4.6,0,4,6,54
38380,0.4.6,0,4,6,54
38381,0.2.6,0,2,6,30
38382,0.9.0,0,9,0,108
38383,0.4.6,0,4,6,54
38384,0.4.6,0,4,6,54
38385,0.4.6,0,4,6,54
38386,0.4.6,0,4,6,54
38387,0.2.6,0,2,6,30
38388,0.13.4,0,13,4,160
38389,0.4.6,0,4,6,54
38390,0.2.6,0,2,6,30
38392,0.4.6,0,4,6,54
38393,0.4.6,0,4,6,54
38394,0.4.6,0,4,6,54
38395,0.9.0,0,9,0,108
38396,0.9.0,0,9,0,108
38401,0.4.6,0,4,6,54
38402,0.4.6,0,4,6,54
38403,2.0.0,2,0,0,480
38404,0.9.0,0,9,0,108
38405,0.4.6,0,4,6,54
38406,0.4.6,0,4,6,54
38407,0.4.6,0,4,6,54
38409,0.4.6,0,4,6,54
38410,0.4.6,0,4,6,54
38411,0.4.6,0,4,6,54
38412,0.4.6,0,4,6,54
38413,0.2.6,0,2,6,30
38415,0.10.8,0,10,8,128
38418,0.4.6,0,4,6,54
38419,0.4.6,0,4,6,54
38422,0.4.6,0,4,6,54
38423,0.4.6,0,4,6,54
38424,0.2.6,0,2,6,30
38425,0.4.6,0,4,6,54
38426,0.4.6,0,4,6,54
38427,0.2.6,0,2,6,30
38428,0.13.4,0,13,4,160
38429,0.4.6,0,4,6,54
38430,0.4.6,0,4,6,54
38431,0.4.6,0,4,6,54
38432,0.2.6,0,2,6,30
38433,0.4.6,0,4,6,54
38434,0.4.6,0,4,6,54
38436,0.2.6,0,2,6,30
38437,0.4.6,0,4,6,54
38438,0.10.8,0,10,8,128
38439,0.4.6,0,4,6,54
38440,0.4.6,0,4,6,54
38441,0.4.6,0,4,6,54
38442,0.4.6,0,4,6,54
38443,0.4.6,0,4,6,54
38445,0.2.6,0,2,6,30
38446,0.4.6,0,4,6,54
38448,0.4.6,0,4,6,54
38450,0.2.6,0,2,6,30
38451,0.4.6,0,4,6,54
38452,0.4.6,0,4,6,54
38453,0.2.6,0,2,6,30
38454,0.4.6,0,4,6,54
38455,0.2.6,0,2,6,30
38456,0.2.6,0,2,6,30
38457,0.4.6,0,4,6,54
38458,0.4.6,0,4,6,54
38461,0.4.6,0,4,6,54
38462,0.4.6,0,4,6,54
38463,0.4.6,0,4,6,54
38464,0.2.6,0,2,6,30
38466,0.13.4,0,13,4,160
38467,0.4.6,0,4,6,54
38468,0.4.6,0,4,6,54
38469,0.4.6,0,4,6,54
38470,0.4.6,0,4,6,54
38471,0.4.6,0,4,6,54
38472,0.9.0,0,9,0,108
38473,0.4.6,0,4,6,54
38474,0.4.6,0,4,6,54
38475,0.4.6,0,4,6,54
38477,0.2.6,0,2,6,30
38478,0.4.6,0,4,6,54
38479,0.4.6,0,4,6,54
38480,0.4.6,0,4,6,54
38481,0.4.6,0,4,6,54
38482,0.4.6,0,4,6,54
38483,0.2.6,0,2,6,30
38484,0.4.6,0,4,6,54
38485,0.4.6,0,4,6,54
38487,0.4.6,0,4,6,54
38488,0.4.6,0,4,6,54
38489,0.4.6,0,4,6,54
38490,0.2.6,0,2,6,30
38491,0.4.6,0,4,6,54
38492,0.4.6,0,4,6,54
38493,0.4.6,0,4,6,54
38494,0.4.6,0,4,6,54
38495,0.4.6,0,4,6,54
38496,0.2.6,0,2,6,30
38497,0.9.0,0,9,0,108
38498,0.2.6,0,2,6,30
38500,0.4.6,0,4,6,54
38501,0.4.6,0,4,6,54
38502,0.4.6,0,4,6,54
38503,0.4.6,0,4,6,54
38504,0.4.6,0,4,6,54
38505,0.4.6,0,4,6,54
38506,0.2.6,0,2,6,30
38507,0.4.6,0,4,6,54
38509,0.13.4,0,13,4,160
38510,0.4.6,0,4,6,54
38511,0.4.6,0,4,6,54
38512,0.4.6,0,4,6,54
38513,0.4.6,0,4,6,54
38514,0.4.6,0,4,6,54
38515,0.4.6,0,4,6,54
38516,0.4.6,0,4,6,54
38517,0.2.6,0,2,6,30
38519,0.4.6,0,4,6,54
38522,0.4.6,0,4,6,54
38523,0.4.6,0,4,6,54
38524,0.4.6,0,4,6,54
38525,0.4.6,0,4,6,54
38526,0.2.6,0,2,6,30
38528,0.2.6,0,2,6,30
38529,0.2.6,0,2,6,30
38530,0.9.0,0,9,0,108
38531,0.4.6,0,4,6,54
38532,0.4.6,0,4,6,54
38533,0.4.6,0,4,6,54
38534,0.2.6,0,2,6,30
38535,0.4.6,0,4,6,54
38536,0.4.6,0,4,6,54
38539,0.4.6,0,4,6,54
38540,0.2.6,0,2,6,30
38541,0.2.6,0,2,6,30
38542,0.4.6,0,4,6,54
38543,0.4.6,0,4,6,54
38544,0.4.6,0,4,6,54
38547,0.4.6,0,4,6,54
38548,0.4.6,0,4,6,54
38549,0.4.6,0,4,6,54
38550,0.4.6,0,4,6,54
38551,0.4.6,0,4,6,54
38552,0.2.6,0,2,6,30
38554,0.4.6,0,4,6,54
38556,0.4.6,0,4,6,54
38557,0.4.6,0,4,6,54
38558,0.2.6,0,2,6,30
38559,0.4.6,0,4,6,54
38560,0.4.6,0,4,6,54
38563,0.2.6,0,2,6,30
38564,0.4.6,0,4,6,54
38566,0.4.6,0,4,6,54
38567,0.4.6,0,4,6,54
38569,0.2.6,0,2,6,30
38570,0.4.6,0,4,6,54
38571,0.4.6,0,4,6,54
38572,0.2.6,0,2,6,30
38573,0.2.6,0,2,6,30
38574,0.4.6,0,4,6,54
38577,0.4.6,0,4,6,54
38578,0.4.6,0,4,6,54
38579,0.9.0,0,9,0,108
38580,0.4.6,0,4,6,54
38581,0.6.8,0,6,8,80
38582,0.4.6,0,4,6,54
38584,0.4.6,0,4,6,54
38585,0.4.6,0,4,6,54
38586,0.2.6,0,2,6,30
38587,0.4.6,0,4,6,54
38588,0.9.0,0,9,0,108
38589,0.4.6,0,4,6,54
38590,0.4.6,0,4,6,54
38591,0.4.6,0,4,6,54
38592,0.4.6,0,4,6,54
38593,0.4.6,0,4,6,54
38594,0.4.6,0,4,6,54
38595,0.13.4,0,13,4,160
38596,0.4.6,0,4,6,54
38597,0.4.6,0,4,6,54
38598,0.4.6,0,4,6,54
38599,0.4.6,0,4,6,54
38601,0.2.6,0,2,6,30
38602,0.4.6,0,4,6,54
38603,0.4.6,0,4,6,54
38604,0.4.6,0,4,6,54
38605,0.4.6,0,4,6,54
38606,0.4.6,0,4,6,54
38607,0.2.6,0,2,6,30
38608,0.13.4,0,13,4,160
38609,0.4.6,0,4,6,54
38610,0.4.6,0,4,6,54
38611,0.2.6,0,2,6,30
38612,0.2.6,0,2,6,30
38613,0.4.6,0,4,6,54
38614,0.4.6,0,4,6,54
38615,0.4.6,0,4,6,54
38616,0.2.6,0,2,6,30
38618,0.4.6,0,4,6,54
38619,0.2.6,0,2,6,30
38620,0.4.6,0,4,6,54
38621,0.4.6,0,4,6,54
38622,0.4.6,0,4,6,54
38623,0.2.6,0,2,6,30
38624,0.4.6,0,4,6,54
38625,0.4.6,0,4,6,54
38626,0.4.6,0,4,6,54
38627,0.4.6,0,4,6,54
38628,0.4.6,0,4,6,54
38630,0.2.6,0,2,6,30
38631,0.4.6,0,4,6,54
38632,0.2.6,0,2,6,30
38633,0.4.6,0,4,6,54
38634,0.4.6,0,4,6,54
38635,0.2.6,0,2,6,30
38636,0.4.6,0,4,6,54
38640,0.4.6,0,4,6,54
38641,0.4.6,0,4,6,54
38642,0.4.6,0,4,6,54
38644,0.9.0,0,9,0,108
38645,0.2.6,0,2,6,30
38647,0.4.6,0,4,6,54
38648,0.4.6,0,4,6,54
38649,0.4.6,0,4,6,54
38650,0.4.6,0,4,6,54
38651,0.4.6,0,4,6,54
38652,0.4.6,0,4,6,54
38653,0.4.6,0,4,6,54
38654,0.2.6,0,2,6,30
38655,0.9.0,0,9,0,108
38656,0.4.6,0,4,6,54
38657,0.4.6,0,4,6,54
38658,0.4.6,0,4,6,54
38660,0.4.6,0,4,6,54
38661,0.4.6,0,4,6,54
38662,0.4.6,0,4,6,54
38663,0.2.6,0,2,6,30
38664,0.4.6,0,4,6,54
38666,0.4.6,0,4,6,54
38667,0.4.6,0,4,6,54
38668,0.4.6,0,4,6,54
38670,0.4.6,0,4,6,54
38671,0.2.6,0,2,6,30
38675,0.4.6,0,4,6,54
38676,0.2.6,0,2,6,30
38677,0.2.6,0,2,6,30
38678,0.4.6,0,4,6,54
38679,0.4.6,0,4,6,54
38680,0.4.6,0,4,6,54
38681,0.4.6,0,4,6,54
38682,0.4.6,0,4,6,54
38683,0.4.6,0,4,6,54
38684,0.2.6,0,2,6,30
38687,0.4.6,0,4,6,54
38688,0.4.6,0,4,6,54
38689,0.4.6,0,4,6,54
38690,0.4.6,0,4,6,54
38691,0.4.6,0,4,6,54
38692,0.2.6,0,2,6,30
38693,0.2.6,0,2,6,30
38694,0.2.6,0,2,6,30
38696,0.10.8,0,10,8,128
38697,0.4.6,0,4,6,54
38698,0.4.6,0,4,6,54
38699,0.4.6,0,4,6,54
38700,0.4.6,0,4,6,54
38701,0.4.6,0,4,6,54
38702,0.2.6,0,2,6,30
38703,0.4.6,0,4,6,54
38704,0.4.6,0,4,6,54
38705,0.2.6,0,2,6,30
38706,0.2.6,0,2,6,30
38707,0.2.6,0,2,6,30
38709,0.4.6,0,4,6,54
38710,0.2.6,0,2,6,30
38711,0.4.6,0,4,6,54
38712,0.4.6,0,4,6,54
38713,0.4.6,0,4,6,54
38715,0.4.6,0,4,6,54
38716,0.4.6,0,4,6,54
38717,0.4.6,0,4,6,54
38718,0.4.6,0,4,6,54
38720,0.2.6,0,2,6,30
38721,0.2.6,0,2,6,30
38722,0.4.6,0,4,6,54
38723,0.4.6,0,4,6,54
38724,0.4.6,0,4,6,54
38725,0.4.6,0,4,6,54
38726,0.2.6,0,2,6,30
38727,0.4.6,0,4,6,54
38729,0.4.6,0,4,6,54
38730,0.2.6,0,2,6,30
38731,0.4.6,0,4,6,54
38732,0.4.6,0,4,6,54
38733,0.4.6,0,4,6,54
38735,0.4.6,0,4,6,54
38736,0.4.6,0,4,6,54
38737,0.4.6,0,4,6,54
38738,0.4.6,0,4,6,54
38739,0.4.6,0,4,6,54
38740,0.4.6,0,4,6,54
38741,0.4.6,0,4,6,54
38742,0.4.6,0,4,6,54
38743,0.4.6,0,4,6,54
38744,0.4.6,0,4,6,54
38745,0.4.6,0,4,6,54
38746,0.2.6,0,2,6,30
38747,0.2.6,0,2,6,30
38748,0.2.6,0,2,6,30
38749,0.4.6,0,4,6,54
38750,0.4.6,0,4,6,54
38751,0.4.6,0,4,6,54
38752,0.2.6,0,2,6,30
38753,0.4.6,0,4,6,54
38754,0.4.6,0,4,6,54
38755,0.2.6,0,2,6,30
38756,0.4.6,0,4,6,54
38757,0.4.6,0,4,6,54
38758,0.4.6,0,4,6,54
38759,0.4.6,0,4,6,54
38760,0.13.4,0,13,4,160
38761,0.4.6,0,4,6,54
38762,0.4.6,0,4,6,54
38763,0.4.6,0,4,6,54
38764,0.4.6,0,4,6,54
38765,0.2.6,0,2,6,30
38766,0.2.6,0,2,6,30
38767,0.13.4,0,13,4,160
38768,0.2.6,0,2,6,30
38769,0.4.6,0,4,6,54
38771,0.4.6,0,4,6,54
38772,0.4.6,0,4,6,54
38773,0.4.6,0,4,6,54
38774,0.4.6,0,4,6,54
38775,0.4.6,0,4,6,54
38776,0.4.6,0,4,6,54
38777,0.2.6,0,2,6,30
38778,0.4.6,0,4,6,54
38779,0.4.6,0,4,6,54
38780,0.4.6,0,4,6,54
38781,0.4.6,0,4,6,54
38783,0.4.6,0,4,6,54
38784,0.4.6,0,4,6,54
38787,0.4.6,0,4,6,54
38788,0.4.6,0,4,6,54
38789,0.4.6,0,4,6,54
38791,0.2.6,0,2,6,30
38792,0.2.6,0,2,6,30
38793,0.4.6,0,4,6,54
38794,0.4.6,0,4,6,54
38795,0.4.6,0,4,6,54
38797,0.4.6,0,4,6,54
38798,0.4.6,0,4,6,54
38799,0.4.6,0,4,6,54
38800,0.4.6,0,4,6,54
38801,0.2.6,0,2,6,30
38804,0.4.6,0,4,6,54
38805,0.4.6,0,4,6,54
38806,0.4.6,0,4,6,54
38807,0.9.0,0,9,0,108
38808,0.4.6,0,4,6,54
38809,0.9.0,0,9,0,108
38810,0.2.6,0,2,6,30
38811,0.4.6,0,4,6,54
38812,0.4.6,0,4,6,54
38813,0.4.6,0,4,6,54
38814,0.4.6,0,4,6,54
38815,0.4.6,0,4,6,54
38816,0.2.6,0,2,6,30
38818,0.4.6,0,4,6,54
38819,0.4.6,0,4,6,54
38820,0.4.6,0,4,6,54
38821,0.4.6,0,4,6,54
38822,0.4.6,0,4,6,54
38823,0.4.6,0,4,6,54
38824,0.9.0,0,9,0,108
38825,0.4.6,0,4,6,54
38826,0.9.0,0,9,0,108
38827,0.2.6,0,2,6,30
38828,0.4.6,0,4,6,54
38830,0.4.6,0,4,6,54
38831,0.4.6,0,4,6,54
38832,0.4.6,0,4,6,54
38833,0.4.6,0,4,6,54
38834,0.2.6,0,2,6,30
38836,0.4.6,0,4,6,54
38837,0.2.6,0,2,6,30
38838,0.2.6,0,2,6,30
38839,0.4.6,0,4,6,54
38842,0.4.6,0,4,6,54
38843,0.2.6,0,2,6,30
38844,0.4.6,0,4,6,54
38845,1.4.4,1,4,4,292
38846,0.2.6,0,2,6,30
38847,0.4.6,0,4,6,54
38849,0.4.6,0,4,6,54
38850,0.4.6,0,4,6,54
38851,0.2.6,0,2,6,30
38853,0.4.6,0,4,6,54
38854,0.4.6,0,4,6,54
38855,0.9.0,0,9,0,108
38856,0.4.6,0,4,6,54
38857,0.2.6,0,2,6,30
38858,0.2.6,0,2,6,30
38859,0.4.6,0,4,6,54
38860,0.9.0,0,9,0,108
38861,0.4.6,0,4,6,54
38862,0.4.6,0,4,6,54
38863,0.9.0,0,9,0,108
38864,0.4.6,0,4,6,54
38865,0.4.6,0,4,6,54
38866,0.4.6,0,4,6,54
38867,0.4.6,0,4,6,54
38870,0.4.6,0,4,6,54
38871,0.2.6,0,2,6,30
38873,0.4.6,0,4,6,54
38874,0.4.6,0,4,6,54
38875,0.4.6,0,4,6,54
38876,0.4.6,0,4,6,54
38877,0.4.6,0,4,6,54
38878,0.4.6,0,4,6,54
38879,0.4.6,0,4,6,54
38880,0.4.6,0,4,6,54
38881,0.4.6,0,4,6,54
38882,0.4.6,0,4,6,54
38883,0.2.6,0,2,6,30
38884,0.4.6,0,4,6,54
38885,0.4.6,0,4,6,54
38886,0.4.6,0,4,6,54
38888,0.4.6,0,4,6,54
38889,0.4.6,0,4,6,54
38890,0.4.6,0,4,6,54
38891,0.13.4,0,13,4,160
38892,0.4.6,0,4,6,54
38893,0.2.6,0,2,6,30
38894,0.4.6,0,4,6,54
38895,0.4.6,0,4,6,54
38897,0.2.6,0,2,6,30
38898,0.4.6,0,4,6,54
38899,0.2.6,0,2,6,30
38901,0.4.6,0,4,6,54
38903,0.4.6,0,4,6,54
38904,0.10.8,0,10,8,128
38905,0.2.6,0,2,6,30
38906,0.4.6,0,4,6,54
38907,0.4.6,0,4,6,54
38908,0.4.6,0,4,6,54
38910,0.4.6,0,4,6,54
38911,0.9.0,0,9,0,108
38912,0.9.0,0,9,0,108
38913,0.4.6,0,4,6,54
38914,0.4.6,0,4,6,54
38915,0.4.6,0,4,6,54
38916,0.4.6,0,4,6,54
38917,0.4.6,0,4,6,54
38920,0.2.6,0,2,6,30
38921,0.2.6,0,2,6,30
38922,0.2.6,0,2,6,30
38923,0.2.6,0,2,6,30
38924,2.14.8,2,14,8,656
38925,0.4.6,0,4,6,54
38929,0.2.6,0,2,6,30
38930,0.6.8,0,6,8,80
38931,0.2.6,0,2,6,30
38932,0.9.0,0,9,0,108
38934,0.2.6,0,2,6,30
38935,0.2.6,0,2,6,30
38937,0.4.6,0,4,6,54
38938,0.4.6,0,4,6,54
38939,0.2.6,0,2,6,30
38940,0.4.6,0,4,6,54
38941,0.4.6,0,4,6,54
38942,0.4.6,0,4,6,54
38943,0.2.6,0,2,6,30
38944,0.4.6,0,4,6,54
38945,0.4.6,0,4,6,54
38946,0.2.6,0,2,6,30
38947,0.4.6,0,4,6,54
38948,0.4.6,0,4,6,54
38950,0.4.6,0,4,6,54
38951,0.4.6,0,4,6,54
38952,0.4.6,0,4,6,54
38954,0.4.6,0,4,6,54
38955,0.4.6,0,4,6,54
38956,0.2.6,0,2,6,30
38960,0.2.6,0,2,6,30
38961,0.4.6,0,4,6,54
38962,0.4.6,0,4,6,54
38963,0.4.6,0,4,6,54
38964,0.2.6,0,2,6,30
38965,0.4.6,0,4,6,54
38966,0.4.6,0,4,6,54
38967,0.4.6,0,4,6,54
38970,0.4.6,0,4,6,54
38971,0.2.6,0,2,6,30
38972,0.4.6,0,4,6,54
38973,0.4.6,0,4,6,54
38974,0.2.6,0,2,6,30
38978,0.4.6,0,4,6,54
38979,0.4.6,0,4,6,54
38982,0.4.6,0,4,6,54
38985,0.4.6,0,4,6,54
38988,0.4.6,0,4,6,54
38989,0.4.6,0,4,6,54
38990,0.2.6,0,2,6,30
38991,0.4.6,0,4,6,54
38992,0.4.6,0,4,6,54
38993,0.4.6,0,4,6,54
38994,0.4.6,0,4,6,54
38995,0.4.6,0,4,6,54
38996,0.4.6,0,4,6,54
38997,0.2.6,0,2,6,30
38998,0.13.4,0,13,4,160
38999,0.4.6,0,4,6,54
39000,0.2.6,0,2,6,30
39004,0.4.6,0,4,6,54
39005,0.4.6,0,4,6,54
39006,0.4.6,0,4,6,54
39007,0.4.6,0,4,6,54
39008,0.4.6,0,4,6,54
39009,0.4.6,0,4,6,54
39010,0.4.6,0,4,6,54
39011,0.2.6,0,2,6,30
39013,0.4.6,0,4,6,54
39014,0.2.6,0,2,6,30
39015,0.4.6,0,4,6,54
39016,0.4.6,0,4,6,54
39017,0.2.6,0,2,6,30
39018,0.4.6,0,4,6,54
39019,0.4.6,0,4,6,54
39020,0.9.0,0,9,0,108
39024,0.4.6,0,4,6,54
39025,0.4.6,0,4,6,54
39026,0.4.6,0,4,6,54
39027,0.4.6,0,4,6,54
39028,0.4.6,0,4,6,54
39029,0.4.6,0,4,6,54
39030,0.4.6,0,4,6,54
39031,0.4.6,0,4,6,54
39032,0.4.6,0,4,6,54
39033,0.4.6,0,4,6,54
39034,0.4.6,0,4,6,54
39035,0.9.0,0,9,0,108
39037,0.4.6,0,4,6,54
39039,0.4.6,0,4,6,54
39040,0.2.6,0,2,6,30
39041,0.2.6,0,2,6,30
39042,0.2.6,0,2,6,30
39043,0.2.6,0,2,6,30
39044,0.4.6,0,4,6,54
39045,0.4.6,0,4,6,54
39046,0.4.6,0,4,6,54
39047,0.4.6,0,4,6,54
39048,0.4.6,0,4,6,54
39049,0.4.6,0,4,6,54
39051,0.4.6,0,4,6,54
39052,0.4.6,0,4,6,54
39053,0.4.6,0,4,6,54
39054,0.4.6,0,4,6,54
39055,0.4.6,0,4,6,54
39056,0.4.6,0,4,6,54
39058,0.2.6,0,2,6,30
39059,0.2.6,0,2,6,30
39060,0.2.6,0,2,6,30
39061,0.2.6,0,2,6,30
39063,0.13.4,0,13,4,160
39064,0.4.6,0,4,6,54
39065,0.4.6,0,4,6,54
39066,0.2.6,0,2,6,30
39067,0.4.6,0,4,6,54
39068,0.2.6,0,2,6,30
39069,0.4.6,0,4,6,54
39070,0.4.6,0,4,6,54
39072,0.2.6,0,2,6,30
39073,0.6.8,0,6,8,80
39074,0.4.6,0,4,6,54
39075,0.4.6,0,4,6,54
39076,0.4.6,0,4,6,54
39077,0.4.6,0,4,6,54
39078,0.4.6,0,4,6,54
39079,0.4.6,0,4,6,54
39080,0.4.6,0,4,6,54
39081,0.4.6,0,4,6,54
39082,0.9.0,0,9,0,108
39084,0.4.6,0,4,6,54
39085,0.4.6,0,4,6,54
39086,0.4.6,0,4,6,54
39087,0.4.6,0,4,6,54
39088,0.4.6,0,4,6,54
39089,0.4.6,0,4,6,54
39090,0.2.6,0,2,6,30
39091,0.4.6,0,4,6,54
39092,0.4.6,0,4,6,54
39093,0.4.6,0,4,6,54
39094,0.4.6,0,4,6,54
39095,0.4.6,0,4,6,54
39097,0.9.0,0,9,0,108
39100,0.4.6,0,4,6,54
39103,0.9.0,0,9,0,108
39104,0.2.6,0,2,6,30
39105,0.2.6,0,2,6,30
39106,0.4.6,0,4,6,54
39107,0.2.6,0,2,6,30
39108,0.2.6,0,2,6,30
39109,0.4.6,0,4,6,54
39110,0.4.6,0,4,6,54
39111,0.4.6,0,4,6,54
39112,0.4.6,0,4,6,54
39114,0.4.6,0,4,6,54
39115,0.2.6,0,2,6,30
39116,0.2.6,0,2,6,30
39119,0.4.6,0,4,6,54
39120,0.4.6,0,4,6,54
39121,0.2.6,0,2,6,30
39122,0.9.0,0,9,0,108
39123,0.4.6,0,4,6,54
39124,0.2.6,0,2,6,30
39125,0.13.4,0,13,4,160
39126,0.4.6,0,4,6,54
39127,0.4.6,0,4,6,54
39130,0.4.6,0,4,6,54
39131,0.4.6,0,4,6,54
39132,0.2.6,0,2,6,30
39133,0.4.6,0,4,6,54
39134,0.4.6,0,4,6,54
39135,0.4.6,0,4,6,54
39136,0.4.6,0,4,6,54
39138,0.4.6,0,4,6,54
39139,0.4.6,0,4,6,54
39140,0.2.6,0,2,6,30
39142,0.4.6,0,4,6,54
39143,0.4.6,0,4,6,54
39144,0.4.6,0,4,6,54
39145,0.2.6,0,2,6,30
39146,0.4.6,0,4,6,54
39147,0.4.6,0,4,6,54
39149,0.4.6,0,4,6,54
39150,0.4.6,0,4,6,54
39151,0.4.6,0,4,6,54
39152,0.13.4,0,13,4,160
39153,0.2.6,0,2,6,30
39154,0.4.6,0,4,6,54
39155,0.4.6,0,4,6,54
39156,0.2.6,0,2,6,30
39157,0.2.6,0,2,6,30
39158,0.2.6,0,2,6,30
39159,0.4.6,0,4,6,54
39160,0.4.6,0,4,6,54
39162,0.4.6,0,4,6,54
39163,0.4.6,0,4,6,54
39164,0.4.6,0,4,6,54
39165,0.2.6,0,2,6,30
39167,0.2.6,0,2,6,30
39168,0.4.6,0,4,6,54
39169,0.4.6,0,4,6,54
39172,0.4.6,0,4,6,54
39174,0.4.6,0,4,6,54
39176,0.4.6,0,4,6,54
39177,0.4.6,0,4,6,54
39178,0.2.6,0,2,6,30
39179,0.2.6,0,2,6,30
39180,0.2.6,0,2,6,30
39181,0.4.6,0,4,6,54
39182,0.2.6,0,2,6,30
39184,0.4.6,0,4,6,54
39185,0.4.6,0,4,6,54
39186,0.2.6,0,2,6,30
39187,0.4.6,0,4,6,54
39188,0.2.6,0,2,6,30
39189,0.4.6,0,4,6,54
39190,0.4.6,0,4,6,54
39191,0.4.6,0,4,6,54
39192,0.4.6,0,4,6,54
39193,0.4.6,0,4,6,54
39194,0.2.6,0,2,6,30
39195,0.4.6,0,4,6,54
39196,0.2.6,0,2,6,30
39198,0.4.6,0,4,6,54
39199,0.4.6,0,4,6,54
39201,0.2.6,0,2,6,30
39202,0.2.6,0,2,6,30
39203,0.2.6,0,2,6,30
39204,0.4.6,0,4,6,54
39205,0.2.6,0,2,6,30
39206,0.2.6,0,2,6,30
39207,0.2.6,0,2,6,30
39208,0.2.6,0,2,6,30
39209,0.4.6,0,4,6,54
39210,0.4.6,0,4,6,54
39211,0.4.6,0,4,6,54
39212,0.4.6,0,4,6,54
39214,0.4.6,0,4,6,54
39215,0.2.6,0,2,6,30
39216,0.2.6,0,2,6,30
39217,0.4.6,0,4,6,54
39218,0.4.6,0,4,6,54
39219,0.2.6,0,2,6,30
39220,0.4.6,0,4,6,54
39221,0.4.6,0,4,6,54
39222,0.4.6,0,4,6,54
39223,0.2.6,0,2,6,30
39224,0.2.6,0,2,6,30
39225,0.9.0,0,9,0,108
39227,0.4.6,0,4,6,54
39228,0.4.6,0,4,6,54
39229,0.4.6,0,4,6,54
39231,0.4.6,0,4,6,54
39232,0.4.6,0,4,6,54
39233,0.2.6,0,2,6,30
39234,0.2.6,0,2,6,30
39235,0.4.6,0,4,6,54
39236,0.4.6,0,4,6,54
39237,0.4.6,0,4,6,54
39238,0.4.6,0,4,6,54
39239,0.2.6,0,2,6,30
39240,0.4.6,0,4,6,54
39243,0.4.6,0,4,6,54
39244,0.4.6,0,4,6,54
39245,0.4.6,0,4,6,54
39247,0.4.6,0,4,6,54
39248,0.4.6,0,4,6,54
39249,0.2.6,0,2,6,30
39250,0.4.6,0,4,6,54
39251,0.2.6,0,2,6,30
39253,0.2.6,0,2,6,30
39254,0.2.6,0,2,6,30
39255,0.4.6,0,4,6,54
39256,2.0.0,2,0,0,480
39257,0.4.6,0,4,6,54
39258,0.4.6,0,4,6,54
39259,0.4.6,0,4,6,54
39260,0.4.6,0,4,6,54
39261,0.4.6,0,4,6,54
39262,0.4.6,0,4,6,54
39263,0.2.6,0,2,6,30
39264,0.2.6,0,2,6,30
39265,0.4.6,0,4,6,54
39266,0.4.6,0,4,6,54
39267,0.4.6,0,4,6,54
39268,0.4.6,0,4,6,54
39269,0.2.6,0,2,6,30
39270,0.2.6,0,2,6,30
39271,0.4.6,0,4,6,54
39272,0.4.6,0,4,6,54
39273,0.4.6,0,4,6,54
39274,0.4.6,0,4,6,54
39275,0.4.6,0,4,6,54
39276,0.2.6,0,2,6,30
39277,0.9.0,0,9,0,108
39278,0.4.6,0,4,6,54
39279,0.4.6,0,4,6,54
39280,0.2.6,0,2,6,30
39282,0.4.6,0,4,6,54
39284,0.4.6,0,4,6,54
39285,0.4.6,0,4,6,54
39286,0.4.6,0,4,6,54
39287,0.2.6,0,2,6,30
39291,0.4.6,0,4,6,54
39292,0.4.6,0,4,6,54
39293,0.4.6,0,4,6,54
39294,0.1.1,0,1,1,13
39297,0.4.6,0,4,6,54
39300,0.4.6,0,4,6,54
39301,0.4.6,0,4,6,54
39302,0.4.6,0,4,6,54
39303,0.4.6,0,4,6,54
39305,0.4.6,0,4,6,54
39306,0.4.6,0,4,6,54
39307,0.2.6,0,2,6,30
39309,0.4.6,0,4,6,54
39310,0.4.6,0,4,6,54
39312,0.2.6,0,2,6,30
39317,0.4.6,0,4,6,54
39318,0.4.6,0,4,6,54
39319,0.9.0,0,9,0,108
39321,0.9.0,0,9,0,108
39323,0.4.6,0,4,6,54
39324,0.4.6,0,4,6,54
39325,0.4.6,0,4,6,54
39326,0.4.6,0,4,6,54
39327,0.4.6,0,4,6,54
39329,0.4.6,0,4,6,54
39330,0.4.6,0,4,6,54
39331,0.4.6,0,4,6,54
39332,0.4.6,0,4,6,54
39333,0.2.6,0,2,6,30
39334,0.2.6,0,2,6,30
39335,0.4.6,0,4,6,54
39336,0.2.6,0,2,6,30
39337,0.4.6,0,4,6,54
39339,0.2.6,0,2,6,30
39340,0.2.6,0,2,6,30
39341,0.4.6,0,4,6,54
39342,0.4.6,0,4,6,54
39343,0.4.6,0,4,6,54
39344,0.2.6,0,2,6,30
39346,0.4.6,0,4,6,54
39347,0.4.6,0,4,6,54
39348,0.13.4,0,13,4,160
39350,0.4.6,0,4,6,54
39351,0.4.6,0,4,6,54
39352,0.2.6,0,2,6,30
39356,0.2.6,0,2,6,30
39359,0.4.6,0,4,6,54
39360,0.4.6,0,4,6,54
39361,0.4.6,0,4,6,54
39362,0.2.6,0,2,6,30
39363,0.9.0,0,9,0,108
39365,0.13.4,0,13,4,160
39368,0.2.6,0,2,6,30
39369,0.2.6,0,2,6,30
39370,0.4.6,0,4,6,54
39371,0.4.6,0,4,6,54
39372,0.4.6,0,4,6,54
39373,0.9.0,0,9,0,108
39375,0.4.6,0,4,6,54
39377,0.2.6,0,2,6,30
39378,0.2.6,0,2,6,30
39379,0.2.6,0,2,6,30
39380,0.2.6,0,2,6,30
39381,0.2.6,0,2,6,30
39382,0.2.6,0,2,6,30
39383,0.4.6,0,4,6,54
39385,0.4.6,0,4,6,54
39386,0.4.6,0,4,6,54
39387,0.4.6,0,4,6,54
39388,0.4.6,0,4,6,54
39389,0.4.6,0,4,6,54
39390,0.4.6,0,4,6,54
39391,0.2.6,0,2,6,30
39394,0.9.0,0,9,0,108
39396,0.4.6,0,4,6,54
39397,0.4.6,0,4,6,54
39398,0.4.6,0,4,6,54
39399,0.2.6,0,2,6,30
39400,0.2.6,0,2,6,30
39401,0.4.6,0,4,6,54
39402,0.4.6,0,4,6,54
39406,0.4.6,0,4,6,54
39409,0.4.6,0,4,6,54
39411,0.4.6,0,4,6,54
39412,0.4.6,0,4,6,54
39415,0.4.6,0,4,6,54
39416,0.4.6,0,4,6,54
39417,0.2.6,0,2,6,30
39418,0.10.8,0,10,8,128
39419,0.4.6,0,4,6,54
39420,0.4.6,0,4,6,54
39423,0.4.6,0,4,6,54
39425,0.4.6,0,4,6,54
39426,0.4.6,0,4,6,54
39427,0.2.6,0,2,6,30
39430,0.4.6,0,4,6,54
39431,0.2.6,0,2,6,30
39432,0.2.6,0,2,6,30
39434,0.4.6,0,4,6,54
39435,0.2.6,0,2,6,30
39436,0.2.6,0,2,6,30
39437,0.4.6,0,4,6,54
39438,0.4.6,0,4,6,54
39439,0.4.6,0,4,6,54
39440,0.4.6,0,4,6,54
39441,0.4.6,0,4,6,54
39442,0.4.6,0,4,6,54
39443,0.4.6,0,4,6,54
39444,0.4.6,0,4,6,54
39445,0.4.6,0,4,6,54
39446,0.4.6,0,4,6,54
39447,0.4.6,0,4,6,54
39448,0.2.6,0,2,6,30
39450,0.2.6,0,2,6,30
39451,0.4.6,0,4,6,54
39452,0.4.6,0,4,6,54
39453,0.4.6,0,4,6,54
39454,0.4.6,0,4,6,54
39455,0.4.6,0,4,6,54
39456,0.2.6,0,2,6,30
39458,0.4.6,0,4,6,54
39459,0.2.6,0,2,6,30
39460,0.4.6,0,4,6,54
39461,0.4.6,0,4,6,54
39462,0.4.6,0,4,6,54
39463,0.4.6,0,4,6,54
39464,0.4.6,0,4,6,54
39465,0.4.6,0,4,6,54
39467,0.4.6,0,4,6,54
39468,0.4.6,0,4,6,54
39469,0.4.6,0,4,6,54
39470,0.13.4,0,13,4,160
39473,0.2.6,0,2,6,30
39474,0.4.6,0,4,6,54
39475,0.4.6,0,4,6,54
39476,0.4.6,0,4,6,54
39477,0.4.6,0,4,6,54
39478,0.4.6,0,4,6,54
39479,0.2.6,0,2,6,30
39481,0.4.6,0,4,6,54
39482,0.4.6,0,4,6,54
39483,0.4.6,0,4,6,54
39484,0.4.6,0,4,6,54
39485,0.4.6,0,4,6,54
39486,0.4.6,0,4,6,54
39487,0.4.6,0,4,6,54
39488,0.4.6,0,4,6,54
39489,0.10.8,0,10,8,128
39490,0.4.6,0,4,6,54
39491,0.4.6,0,4,6,54
39492,0.4.6,0,4,6,54
39493,0.4.6,0,4,6,54
39494,0.4.6,0,4,6,54
39495,0.2.6,0,2,6,30
39496,0.4.6,0,4,6,54
39497,0.4.6,0,4,6,54
39498,0.4.6,0,4,6,54
39499,0.4.6,0,4,6,54
39500,0.4.6,0,4,6,54
39501,0.4.6,0,4,6,54
39503,0.4.6,0,4,6,54
39504,0.4.6,0,4,6,54
39505,0.4.6,0,4,6,54
39506,0.4.6,0,4,6,54
39507,2.0.0,2,0,0,480
39508,0.2.6,0,2,6,30
39509,0.9.0,0,9,0,108
39511,0.4.6,0,4,6,54
39512,0.9.0,0,9,0,108
39513,0.4.6,0,4,6,54
39514,0.4.6,0,4,6,54
39515,0.4.6,0,4,6,54
39518,0.4.6,0,4,6,54
39519,0.4.6,0,4,6,54
39520,0.4.6,0,4,6,54
39521,0.2.6,0,2,6,30
39523,0.4.6,0,4,6,54
39524,0.4.6,0,4,6,54
39525,0.4.6,0,4,6,54
39526,0.2.6,0,2,6,30
39527,0.2.6,0,2,6,30
39528,0.4.6,0,4,6,54
39529,0.2.6,0,2,6,30
39530,0.4.6,0,4,6,54
39531,0.13.4,0,13,4,160
39532,0.4.6,0,4,6,54
39533,0.4.6,0,4,6,54
39534,0.4.6,0,4,6,54
39535,0.4.6,0,4,6,54
39538,0.4.6,0,4,6,54
39539,0.4.6,0,4,6,54
39540,0.4.6,0,4,6,54
39541,0.13.4,0,13,4,160
39542,0.4.6,0,4,6,54
39543,0.4.6,0,4,6,54
39545,0.4.6,0,4,6,54
39546,0.4.6,0,4,6,54
39547,0.4.6,0,4,6,54
39549,0.4.6,0,4,6,54
39551,0.4.6,0,4,6,54
39552,0.4.6,0,4,6,54
39553,0.4.6,0,4,6,54
39554,0.4.6,0,4,6,54
39555,0.4.6,0,4,6,54
39556,0.2.6,0,2,6,30
39557,0.4.6,0,4,6,54
39558,0.4.6,0,4,6,54
39559,0.4.6,0,4,6,54
39560,0.4.6,0,4,6,54
39561,0.2.6,0,2,6,30
39562,0.4.6,0,4,6,54
39563,0.4.6,0,4,6,54
39564,0.4.6,0,4,6,54
39565,0.2.6,0,2,6,30
39566,0.4.6,0,4,6,54
39567,0.4.6,0,4,6,54
39569,0.4.6,0,4,6,54
39570,0.2.6,0,2,6,30
39571,0.4.6,0,4,6,54
39572,0.2.6,0,2,6,30
39573,0.13.4,0,13,4,160
39574,0.2.6,0,2,6,30
39575,0.2.6,0,2,6,30
39577,0.4.6,0,4,6,54
39578,0.4.6,0,4,6,54
39579,0.4.6,0,4,6,54
39580,0.9.0,0,9,0,108
39581,0.4.6,0,4,6,54
39582,0.2.6,0,2,6,30
39583,0.2.6,0,2,6,30
39584,0.4.6,0,4,6,54
39585,0.4.6,0,4,6,54
39586,0.4.6,0,4,6,54
39587,0.2.6,0,2,6,30
39589,0.4.6,0,4,6,54
39590,0.4.6,0,4,6,54
39591,0.4.6,0,4,6,54
39592,0.4.6,0,4,6,54
39593,0.2.6,0,2,6,30
39594,0.2.6,0,2,6,30
39597,0.4.6,0,4,6,54
39598,0.4.6,0,4,6,54
39599,0.4.6,0,4,6,54
39601,0.4.6,0,4,6,54
39603,0.4.6,0,4,6,54
39605,0.4.6,0,4,6,54
39606,0.4.6,0,4,6,54
39607,0.4.6,0,4,6,54
39609,0.4.6,0,4,6,54
39610,0.4.6,0,4,6,54
39611,0.4.6,0,4,6,54
39612,0.4.6,0,4,6,54
39613,0.4.6,0,4,6,54
39614,0.2.6,0,2,6,30
39617,0.4.6,0,4,6,54
39619,0.4.6,0,4,6,54
39621,0.4.6,0,4,6,54
39622,0.10.8,0,10,8,128
39623,0.4.6,0,4,6,54
39624,0.4.6,0,4,6,54
39625,0.9.0,0,9,0,108
39626,0.2.6,0,2,6,30
39627,0.2.6,0,2,6,30
39628,0.9.0,0,9,0,108
39629,0.2.6,0,2,6,30
39630,0.2.6,0,2,6,30
39632,0.2.6,0,2,6,30
39633,0.4.6,0,4,6,54
39634,0.4.6,0,4,6,54
39635,0.2.6,0,2,6,30
39636,0.4.6,0,4,6,54
39637,0.4.6,0,4,6,54
39638,0.2.6,0,2,6,30
39639,0.4.6,0,4,6,54
39640,0.4.6,0,4,6,54
39641,0.4.6,0,4,6,54
39642,0.4.6,0,4,6,54
39643,0.4.6,0,4,6,54
39644,0.4.6,0,4,6,54
39645,0.4.6,0,4,6,54
39646,0.4.6,0,4,6,54
39647,0.4.6,0,4,6,54
39648,0.4.6,0,4,6,54
39650,0.4.6,0,4,6,54
39652,0.4.6,0,4,6,54
39653,0.4.6,0,4,6,54
39654,0.4.6,0,4,6,54
39655,0.4.6,0,4,6,54
39656,0.4.6,0,4,6,54
39658,0.4.6,0,4,6,54
39659,0.2.6,0,2,6,30
39660,0.4.6,0,4,6,54
39661,0.4.6,0,4,6,54
39662,0.4.6,0,4,6,54
39664,0.2.6,0,2,6,30
39666,0.4.6,0,4,6,54
39667,0.4.6,0,4,6,54
39670,0.4.6,0,4,6,54
39673,0.4.6,0,4,6,54
39674,0.2.6,0,2,6,30
39675,0.4.6,0,4,6,54
39676,0.4.6,0,4,6,54
39677,0.4.6,0,4,6,54
39679,0.4.6,0,4,6,54
39680,0.9.0,0,9,0,108
39681,0.4.6,0,4,6,54
39682,0.4.6,0,4,6,54
39683,0.4.6,0,4,6,54
39684,0.2.6,0,2,6,30
39685,0.4.6,0,4,6,54
39686,0.9.0,0,9,0,108
39687,0.2.6,0,2,6,30
39688,0.4.6,0,4,6,54
39689,0.4.6,0,4,6,54
39690,0.4.6,0,4,6,54
39691,0.4.6,0,4,6,54
39692,0.10.8,0,10,8,128
39693,0.4.6,0,4,6,54
39694,0.2.6,0,2,6,30
39695,0.4.6,0,4,6,54
39697,0.4.6,0,4,6,54
39698,0.2.6,0,2,6,30
39699,0.2.6,0,2,6,30
39700,0.4.6,0,4,6,54
39701,0.4.6,0,4,6,54
39702,0.2.6,0,2,6,30
39703,0.13.4,0,13,4,160
39706,0.4.6,0,4,6,54
39707,0.4.6,0,4,6,54
39708,0.4.6,0,4,6,54
39709,0.2.6,0,2,6,30
39710,0.2.6,0,2,6,30
39712,0.6.8,0,6,8,80
39713,0.4.6,0,4,6,54
39714,0.4.6,0,4,6,54
39715,0.2.6,0,2,6,30
39716,0.4.6,0,4,6,54
39718,0.4.6,0,4,6,54
39719,0.4.6,0,4,6,54
39720,0.2.6,0,2,6,30
39721,0.4.6,0,4,6,54
39722,0.4.6,0,4,6,54
39723,0.9.0,0,9,0,108
39724,0.4.6,0,4,6,54
39725,0.9.0,0,9,0,108
39726,0.4.6,0,4,6,54
39727,0.4.6,0,4,6,54
39728,0.2.6,0,2,6,30
39729,0.4.6,0,4,6,54
39730,0.4.6,0,4,6,54
39731,0.4.6,0,4,6,54
39732,0.4.6,0,4,6,54
39734,0.4.6,0,4,6,54
39735,0.4.6,0,4,6,54
39736,0.4.6,0,4,6,54
39737,0.4.6,0,4,6,54
39738,0.4.6,0,4,6,54
39739,0.4.6,0,4,6,54
39740,0.4.6,0,4,6,54
39742,0.13.4,0,13,4,160
39743,0.4.6,0,4,6,54
39744,0.4.6,0,4,6,54
39745,0.2.6,0,2,6,30
39746,0.4.6,0,4,6,54
39747,0.9.0,0,9,0,108
39748,0.4.6,0,4,6,54
39749,0.4.6,0,4,6,54
39750,0.4.6,0,4,6,54
39751,0.4.6,0,4,6,54
39752,0.2.6,0,2,6,30
39753,0.2.6,0,2,6,30
39755,0.4.6,0,4,6,54
39756,0.4.6,0,4,6,54
39757,0.2.6,0,2,6,30
39764,0.4.6,0,4,6,54
39765,0.2.6,0,2,6,30
39766,0.2.6,0,2,6,30
39767,0.9.0,0,9,0,108
39769,0.9.0,0,9,0,108
39770,0.4.6,0,4,6,54
39771,0.4.6,0,4,6,54
39772,0.4.6,0,4,6,54
39773,0.4.6,0,4,6,54
39774,0.4.6,0,4,6,54
39775,0.4.6,0,4,6,54
39776,0.4.6,0,4,6,54
39777,0.4.6,0,4,6,54
39778,0.4.6,0,4,6,54
39779,0.4.6,0,4,6,54
39780,0.4.6,0,4,6,54
39781,0.4.6,0,4,6,54
39788,0.4.6,0,4,6,54
39789,0.4.6,0,4,6,54
39790,0.4.6,0,4,6,54
39791,0.9.0,0,9,0,108
39792,0.4.6,0,4,6,54
39793,0.4.6,0,4,6,54
39794,0.4.6,0,4,6,54
39795,0.2.6,0,2,6,30
39797,0.4.6,0,4,6,54
39798,0.4.6,0,4,6,54
39799,0.4.6,0,4,6,54
39800,0.4.6,0,4,6,54
39801,0.4.6,0,4,6,54
39802,0.4.6,0,4,6,54
39803,0.10.8,0,10,8,128
39805,0.4.6,0,4,6,54
39806,0.4.6,0,4,6,54
39807,0.9.0,0,9,0,108
39811,0.4.6,0,4,6,54
39812,0.4.6,0,4,6,54
39813,0.4.6,0,4,6,54
39814,0.4.6,0,4,6,54
39815,0.2.6,0,2,6,30
39817,0.4.6,0,4,6,54
39818,0.6.8,0,6,8,80
39819,0.4.6,0,4,6,54
39820,0.4.6,0,4,6,54
39821,0.4.6,0,4,6,54
39822,0.4.6,0,4,6,54
39823,0.4.6,0,4,6,54
39824,0.4.6,0,4,6,54
39825,0.4.6,0,4,6,54
39826,0.4.6,0,4,6,54
39827,0.2.6,0,2,6,30
39828,0.4.6,0,4,6,54
39829,0.4.6,0,4,6,54
39831,0.4.6,0,4,6,54
39832,0.4.6,0,4,6,54
39833,0.2.6,0,2,6,30
39834,0.4.6,0,4,6,54
39835,0.4.6,0,4,6,54
39836,0.2.6,0,2,6,30
39837,0.4.6,0,4,6,54
39838,0.4.6,0,4,6,54
39839,0.2.6,0,2,6,30
39840,0.4.6,0,4,6,54
39841,0.4.6,0,4,6,54
39842,0.4.6,0,4,6,54
39843,0.4.6,0,4,6,54
39846,0.4.6,0,4,6,54
39847,0.2.6,0,2,6,30
39848,0.4.6,0,4,6,54
39849,0.4.6,0,4,6,54
39850,0.4.6,0,4,6,54
39851,0.4.6,0,4,6,54
39852,0.4.6,0,4,6,54
39853,0.4.6,0,4,6,54
39854,0.4.6,0,4,6,54
39855,0.4.6,0,4,6,54
39856,0.2.6,0,2,6,30
39857,0.4.6,0,4,6,54
39858,0.9.0,0,9,0,108
39859,0.9.0,0,9,0,108
39862,0.4.6,0,4,6,54
39863,0.2.6,0,2,6,30
39865,0.2.6,0,2,6,30
39867,0.2.6,0,2,6,30
39868,0.4.6,0,4,6,54
39869,0.4.6,0,4,6,54
39870,0.4.6,0,4,6,54
39871,0.4.6,0,4,6,54
39872,0.4.6,0,4,6,54
39874,0.4.6,0,4,6,54
39875,0.4.6,0,4,6,54
39876,0.4.6,0,4,6,54
39877,0.4.6,0,4,6,54
39878,0.4.6,0,4,6,54
39879,0.4.6,0,4,6,54
39880,0.2.6,0,2,6,30
39881,0.4.6,0,4,6,54
39882,0.4.6,0,4,6,54
39883,0.9.0,0,9,0,108
39884,0.2.6,0,2,6,30
39885,0.4.6,0,4,6,54
39886,0.2.6,0,2,6,30
39887,0.2.6,0,2,6,30
39888,0.2.6,0,2,6,30
39889,0.9.0,0,9,0,108
39890,0.2.6,0,2,6,30
39891,0.2.6,0,2,6,30
39892,0.4.6,0,4,6,54
39893,0.4.6,0,4,6,54
39894,0.2.6,0,2,6,30
39895,0.4.6,0,4,6,54
39900,0.4.6,0,4,6,54
39901,0.4.6,0,4,6,54
39904,0.4.6,0,4,6,54
39905,0.4.6,0,4,6,54
39906,0.4.6,0,4,6,54
39908,0.2.6,0,2,6,30
39911,0.4.6,0,4,6,54
39912,0.4.6,0,4,6,54
39913,0.4.6,0,4,6,54
39914,0.4.6,0,4,6,54
39915,0.4.6,0,4,6,54
39916,0.2.6,0,2,6,30
39917,0.4.6,0,4,6,54
39919,0.4.6,0,4,6,54
39920,0.4.6,0,4,6,54
39921,0.2.6,0,2,6,30
39922,0.4.6,0,4,6,54
39923,0.4.6,0,4,6,54
39924,0.4.6,0,4,6,54
39925,0.4.6,0,4,6,54
39927,0.4.6,0,4,6,54
39929,0.4.6,0,4,6,54
39930,0.2.6,0,2,6,30
39931,0.2.6,0,2,6,30
39932,0.2.6,0,2,6,30
39933,0.4.6,0,4,6,54
39935,0.4.6,0,4,6,54
39936,0.4.6,0,4,6,54
39937,0.4.6,0,4,6,54
39938,0.2.6,0,2,6,30
39939,0.4.6,0,4,6,54
39941,0.4.6,0,4,6,54
39943,0.2.6,0,2,6,30
39946,0.4.6,0,4,6,54
39947,0.4.6,0,4,6,54
39948,0.4.6,0,4,6,54
39949,0.4.6,0,4,6,54
39950,0.2.6,0,2,6,30
39951,0.4.6,0,4,6,54
39952,0.4.6,0,4,6,54
39953,0.4.6,0,4,6,54
39954,0.4.6,0,4,6,54
39956,0.4.6,0,4,6,54
39957,0.4.6,0,4,6,54
39958,0.4.6,0,4,6,54
39959,0.4.6,0,4,6,54
39960,0.4.6,0,4,6,54
39961,0.4.6,0,4,6,54
39962,0.2.6,0,2,6,30
39964,0.4.6,0,4,6,54
39966,0.9.0,0,9,0,108
39967,0.10.8,0,10,8,128
39969,0.4.6,0,4,6,54
39970,0.4.6,0,4,6,54
39971,0.4.6,0,4,6,54
39972,0.4.6,0,4,6,54
39973,0.4.6,0,4,6,54
39974,0.2.6,0,2,6,30
39975,0.10.8,0,10,8,128
39976,0.2.6,0,2,6,30
39977,0.2.6,0,2,6,30
39978,0.2.6,0,2,6,30
39979,0.4.6,0,4,6,54
39980,0.2.6,0,2,6,30
39983,0.4.6,0,4,6,54
39984,0.4.6,0,4,6,54
39985,0.4.6,0,4,6,54
39986,0.4.6,0,4,6,54
39987,0.2.6,0,2,6,30
39988,0.9.0,0,9,0,108
39989,0.2.6,0,2,6,30
39990,0.4.6,0,4,6,54
39991,0.4.6,0,4,6,54
39993,0.4.6,0,4,6,54
39994,0.4.6,0,4,6,54
39996,0.4.6,0,4,6,54
39998,0.4.6,0,4,6,54
39999,0.2.6,0,2,6,30
40000,0.2.6,0,2,6,30
40001,0.2.6,0,2,6,30
40002,0.4.6,0,4,6,54
40004,0.4.6,0,4,6,54
40005,0.4.6,0,4,6,54
40006,0.4.6,0,4,6,54
40007,0.4.6,0,4,6,54
40008,0.2.6,0,2,6,30
40009,0.2.6,0,2,6,30
40012,0.4.6,0,4,6,54
40013,0.2.6,0,2,6,30
40015,0.4.6,0,4,6,54
40016,0.2.6,0,2,6,30
40017,0.2.6,0,2,6,30
40018,0.4.6,0,4,6,54
40019,0.4.6,0,4,6,54
40020,0.4.6,0,4,6,54
40022,0.2.6,0,2,6,30
40023,0.9.0,0,9,0,108
40024,0.2.6,0,2,6,30
40025,0.2.6,0,2,6,30
40027,0.4.6,0,4,6,54
40028,0.4.6,0,4,6,54
40029,0.4.6,0,4,6,54
40030,0.2.6,0,2,6,30
40031,0.4.6,0,4,6,54
40032,0.9.0,0,9,0,108
40035,0.2.6,0,2,6,30
40036,0.4.6,0,4,6,54
40037,0.4.6,0,4,6,54
40038,0.4.6,0,4,6,54
40039,0.4.6,0,4,6,54
40040,2.0.0,2,0,0,480
40042,0.4.6,0,4,6,54
40043,0.4.6,0,4,6,54
40045,0.4.6,0,4,6,54
40046,0.4.6,0,4,6,54
40047,0.4.6,0,4,6,54
40048,0.4.6,0,4,6,54
40049,0.4.6,0,4,6,54
40050,0.4.6,0,4,6,54
40051,0.2.6,0,2,6,30
40052,0.2.6,0,2,6,30
40053,0.2.6,0,2,6,30
40054,0.4.6,0,4,6,54
40055,0.2.6,0,2,6,30
40056,0.2.6,0,2,6,30
40057,0.4.6,0,4,6,54
40058,0.4.6,0,4,6,54
40059,0.4.6,0,4,6,54
40061,0.4.6,0,4,6,54
40063,0.4.6,0,4,6,54
40065,0.4.6,0,4,6,54
40066,0.4.6,0,4,6,54
40067,0.4.6,0,4,6,54
40068,0.4.6,0,4,6,54
40069,0.2.6,0,2,6,30
40070,0.4.6,0,4,6,54
40071,0.4.6,0,4,6,54
40072,0.2.6,0,2,6,30
40073,0.4.6,0,4,6,54
40074,0.4.6,0,4,6,54
40075,0.2.6,0,2,6,30
40076,0.2.6,0,2,6,30
40077,0.4.6,0,4,6,54
40078,0.4.6,0,4,6,54
40081,0.4.6,0,4,6,54
40082,0.4.6,0,4,6,54
40083,0.10.8,0,10,8,128
40084,0.4.6,0,4,6,54
40087,0.4.6,0,4,6,54
40088,0.4.6,0,4,6,54
40090,0.4.6,0,4,6,54
40091,0.2.6,0,2,6,30
40092,0.13.4,0,13,4,160
40096,0.13.4,0,13,4,160
40098,0.4.6,0,4,6,54
40099,0.4.6,0,4,6,54
40100,0.4.6,0,4,6,54
40102,0.4.6,0,4,6,54
40104,0.4.6,0,4,6,54
40105,0.4.6,0,4,6,54
40106,0.4.6,0,4,6,54
40107,0.4.6,0,4,6,54
40108,0.2.6,0,2,6,30
40109,0.9.0,0,9,0,108
40110,0.2.6,0,2,6,30
40112,0.4.6,0,4,6,54
40113,0.4.6,0,4,6,54
40114,0.9.0,0,9,0,108
40115,0.13.4,0,13,4,160
40116,0.4.6,0,4,6,54
40119,0.2.6,0,2,6,30
40120,0.4.6,0,4,6,54
40121,0.4.6,0,4,6,54
40122,0.4.6,0,4,6,54
40123,0.4.6,0,4,6,54
40124,0.2.6,0,2,6,30
40125,0.4.6,0,4,6,54
40126,0.4.6,0,4,6,54
40127,0.4.6,0,4,6,54
40128,0.4.6,0,4,6,54
40129,0.4.6,0,4,6,54
40130,0.2.6,0,2,6,30
40131,0.2.6,0,2,6,30
40132,0.4.6,0,4,6,54
40133,0.2.6,0,2,6,30
40134,0.2.6,0,2,6,30
40135,0.4.6,0,4,6,54
40136,0.2.6,0,2,6,30
40138,0.4.6,0,4,6,54
40139,0.4.6,0,4,6,54
40142,0.4.6,0,4,6,54
40143,0.4.6,0,4,6,54
40144,0.2.6,0,2,6,30
40145,0.9.0,0,9,0,108
40146,0.13.4,0,13,4,160
40147,0.4.6,0,4,6,54
40148,0.2.6,0,2,6,30
40154,0.4.6,0,4,6,54
40156,0.2.6,0,2,6,30
40157,0.4.6,0,4,6,54
40158,0.4.6,0,4,6,54
40159,0.4.6,0,4,6,54
40160,0.4.6,0,4,6,54
40161,0.2.6,0,2,6,30
40162,0.4.6,0,4,6,54
40163,0.4.6,0,4,6,54
40164,0.4.6,0,4,6,54
40165,0.4.6,0,4,6,54
40166,0.4.6,0,4,6,54
40167,0.4.6,0,4,6,54
40168,0.4.6,0,4,6,54
40169,0.4.6,0,4,6,54
40170,0.2.6,0,2,6,30
40171,0.4.6,0,4,6,54
40172,0.2.6,0,2,6,30
40173,0.4.6,0,4,6,54
40174,0.4.6,0,4,6,54
40175,0.4.6,0,4,6,54
40176,0.4.6,0,4,6,54
40177,0.4.6,0,4,6,54
40178,0.9.0,0,9,0,108
40179,0.6.8,0,6,8,80
40180,0.4.6,0,4,6,54
40182,0.2.6,0,2,6,30
40183,0.4.6,0,4,6,54
40184,0.4.6,0,4,6,54
40185,0.4.6,0,4,6,54
40186,0.4.6,0,4,6,54
40187,0.2.6,0,2,6,30
40188,0.4.6,0,4,6,54
40189,0.4.6,0,4,6,54
40190,0.4.6,0,4,6,54
40191,0.4.6,0,4,6,54
40194,0.9.0,0,9,0,108
40195,0.9.0,0,9,0,108
40196,0.4.6,0,4,6,54
40197,0.4.6,0,4,6,54
40198,0.4.6,0,4,6,54
40199,0.2.6,0,2,6,30
40200,0.2.6,0,2,6,30
40202,0.4.6,0,4,6,54
40203,0.2.6,0,2,6,30
40204,0.4.6,0,4,6,54
40205,0.2.6,0,2,6,30
40206,0.4.6,0,4,6,54
40207,0.4.6,0,4,6,54
40208,0.4.6,0,4,6,54
40210,0.4.6,0,4,6,54
40211,0.2.6,0,2,6,30
40212,0.2.6,0,2,6,30
40214,0.2.6,0,2,6,30
40216,0.4.6,0,4,6,54
40217,0.4.6,0,4,6,54
40219,0.4.6,0,4,6,54
40221,0.4.6,0,4,6,54
40222,0.4.6,0,4,6,54
40226,0.4.6,0,4,6,54
40227,0.4.6,0,4,6,54
40228,0.2.6,0,2,6,30
40229,0.4.6,0,4,6,54
40230,0.2.6,0,2,6,30
40231,0.2.6,0,2,6,30
40232,0.9.0,0,9,0,108
40233,0.4.6,0,4,6,54
40234,0.9.0,0,9,0,108
40235,0.4.6,0,4,6,54
40236,0.4.6,0,4,6,54
40237,0.4.6,0,4,6,54
40238,0.4.6,0,4,6,54
40239,0.4.6,0,4,6,54
40240,0.2.6,0,2,6,30
40242,0.4.6,0,4,6,54
40244,0.4.6,0,4,6,54
40245,0.4.6,0,4,6,54
40246,0.4.6,0,4,6,54
40248,0.4.6,0,4,6,54
40249,0.2.6,0,2,6,30
40250,0.2.6,0,2,6,30
40252,0.4.6,0,4,6,54
40253,0.4.6,0,4,6,54
40254,0.4.6,0,4,6,54
40256,0.4.6,0,4,6,54
40257,0.4.6,0,4,6,54
40258,0.4.6,0,4,6,54
40259,0.4.6,0,4,6,54
40260,0.4.6,0,4,6,54
40261,0.4.6,0,4,6,54
40262,0.4.6,0,4,6,54
40264,0.9.0,0,9,0,108
40265,0.13.4,0,13,4,160
40266,0.4.6,0,4,6,54
40267,0.13.4,0,13,4,160
40268,0.9.0,0,9,0,108
40269,0.13.4,0,13,4,160
40271,0.4.6,0,4,6,54
40272,0.9.0,0,9,0,108
40273,0.4.6,0,4,6,54
40274,0.13.4,0,13,4,160
40275,0.4.6,0,4,6,54
40276,0.2.6,0,2,6,30
40277,0.2.6,0,2,6,30
40278,0.4.6,0,4,6,54
40279,0.2.6,0,2,6,30
40280,0.4.6,0,4,6,54
40281,0.4.6,0,4,6,54
40282,0.4.6,0,4,6,54
40285,0.4.6,0,4,6,54
40286,0.4.6,0,4,6,54
40287,0.4.6,0,4,6,54
40288,0.4.6,0,4,6,54
40289,0.2.6,0,2,6,30
40290,0.2.6,0,2,6,30
40291,0.4.6,0,4,6,54
40292,0.4.6,0,4,6,54
40293,0.4.6,0,4,6,54
40294,0.4.6,0,4,6,54
40295,0.2.6,0,2,6,30
40296,0.4.6,0,4,6,54
40297,0.4.6,0,4,6,54
40298,0.4.6,0,4,6,54
40299,0.4.6,0,4,6,54
40300,0.4.6,0,4,6,54
40301,0.4.6,0,4,6,54
40302,0.4.6,0,4,6,54
40303,0.4.6,0,4,6,54
40304,0.4.6,0,4,6,54
40307,0.2.6,0,2,6,30
40309,0.4.6,0,4,6,54
40310,0.4.6,0,4,6,54
40311,0.4.6,0,4,6,54
40312,0.2.6,0,2,6,30
40313,0.4.6,0,4,6,54
40314,0.2.6,0,2,6,30
40315,0.2.6,0,2,6,30
40316,0.4.6,0,4,6,54
40317,0.6.8,0,6,8,80
40319,0.4.6,0,4,6,54
40321,0.4.6,0,4,6,54
40323,0.4.6,0,4,6,54
40324,0.4.6,0,4,6,54
40327,0.4.6,0,4,6,54
40328,0.13.4,0,13,4,160
40329,0.4.6,0,4,6,54
40331,0.4.6,0,4,6,54
40334,0.2.6,0,2,6,30
40336,0.4.6,0,4,6,54
40337,0.4.6,0,4,6,54
40339,0.4.6,0,4,6,54
40340,0.4.6,0,4,6,54
40341,0.4.6,0,4,6,54
40343,0.4.6,0,4,6,54
40344,0.4.6,0,4,6,54
40345,0.2.6,0,2,6,30
40346,0.2.6,0,2,6,30
40347,0.4.6,0,4,6,54
40348,0.4.6,0,4,6,54
40349,0.4.6,0,4,6,54
40350,0.4.6,0,4,6,54
40351,0.4.6,0,4,6,54
40353,0.4.6,0,4,6,54
40354,0.4.6,0,4,6,54
40355,0.4.6,0,4,6,54
40357,0.10.8,0,10,8,128
40359,0.4.6,0,4,6,54
40363,0.4.6,0,4,6,54
40364,0.4.6,0,4,6,54
40366,0.2.6,0,2,6,30
40368,0.4.6,0,4,6,54
40370,0.9.0,0,9,0,108
40372,0.4.6,0,4,6,54
40373,0.4.6,0,4,6,54
40374,0.2.6,0,2,6,30
40375,0.2.6,0,2,6,30
40376,0.4.6,0,4,6,54
40377,0.4.6,0,4,6,54
40378,0.4.6,0,4,6,54
40380,0.4.6,0,4,6,54
40381,0.4.6,0,4,6,54
40382,0.4.6,0,4,6,54
40383,0.4.6,0,4,6,54
40384,0.4.6,0,4,6,54
40385,0.2.6,0,2,6,30
40386,0.4.6,0,4,6,54
40388,0.4.6,0,4,6,54
40389,0.2.6,0,2,6,30
40390,0.4.6,0,4,6,54
40391,0.4.6,0,4,6,54
40392,0.4.6,0,4,6,54
40393,0.2.6,0,2,6,30
40394,0.4.6,0,4,6,54
40396,0.4.6,0,4,6,54
40397,0.2.6,0,2,6,30
40398,0.2.6,0,2,6,30
40399,0.9.0,0,9,0,108
40400,0.4.6,0,4,6,54
40401,0.2.6,0,2,6,30
40402,0.4.6,0,4,6,54
40403,0.4.6,0,4,6,54
40404,0.2.6,0,2,6,30
40406,0.4.6,0,4,6,54
40407,0.4.6,0,4,6,54
40408,0.4.6,0,4,6,54
40409,0.2.6,0,2,6,30
40410,0.4.6,0,4,6,54
40411,0.4.6,0,4,6,54
40412,0.4.6,0,4,6,54
40413,0.4.6,0,4,6,54
40414,0.4.6,0,4,6,54
40419,0.4.6,0,4,6,54
40420,0.2.6,0,2,6,30
40421,0.4.6,0,4,6,54
40422,0.13.4,0,13,4,160
40423,0.4.6,0,4,6,54
40424,0.2.6,0,2,6,30
40426,0.13.4,0,13,4,160
40427,0.4.6,0,4,6,54
40428,0.4.6,0,4,6,54
40429,0.4.6,0,4,6,54
40430,0.4.6,0,4,6,54
40431,0.2.6,0,2,6,30
40434,0.2.6,0,2,6,30
40436,0.4.6,0,4,6,54
40437,0.2.6,0,2,6,30
40438,0.4.6,0,4,6,54
40441,0.4.6,0,4,6,54
40443,0.2.6,0,2,6,30
40444,0.4.6,0,4,6,54
40445,0.4.6,0,4,6,54
40446,0.2.6,0,2,6,30
40447,0.4.6,0,4,6,54
40448,0.4.6,0,4,6,54
40449,0.4.6,0,4,6,54
40450,0.4.6,0,4,6,54
40451,0.4.6,0,4,6,54
40452,0.2.6,0,2,6,30
40454,0.4.6,0,4,6,54
40455,0.2.6,0,2,6,30
40457,0.4.6,0,4,6,54
40458,0.4.6,0,4,6,54
40459,0.4.6,0,4,6,54
40460,0.2.6,0,2,6,30
40462,0.4.6,0,4,6,54
40463,0.4.6,0,4,6,54
40464,0.4.6,0,4,6,54
40465,0.4.6,0,4,6,54
40466,0.4.6,0,4,6,54
40467,0.4.6,0,4,6,54
40468,0.9.0,0,9,0,108
40469,0.2.6,0,2,6,30
40470,0.4.6,0,4,6,54
40471,0.4.6,0,4,6,54
40472,0.2.6,0,2,6,30
40473,0.4.6,0,4,6,54
40474,0.2.6,0,2,6,30
40475,0.4.6,0,4,6,54
40476,0.4.6,0,4,6,54
40477,0.2.6,0,2,6,30
40480,0.4.6,0,4,6,54
40481,0.4.6,0,4,6,54
40482,0.4.6,0,4,6,54
40485,0.4.6,0,4,6,54
40486,0.4.6,0,4,6,54
40487,0.2.6,0,2,6,30
40490,0.4.6,0,4,6,54
40491,0.9.0,0,9,0,108
40492,0.4.6,0,4,6,54
40494,0.4.6,0,4,6,54
40495,0.2.6,0,2,6,30
40496,0.4.6,0,4,6,54
40497,0.4.6,0,4,6,54
40498,0.4.6,0,4,6,54
40499,0.9.0,0,9,0,108
40500,0.4.6,0,4,6,54
40501,0.4.6,0,4,6,54
40503,0.4.6,0,4,6,54
40507,0.9.0,0,9,0,108
40510,0.13.4,0,13,4,160
40511,0.4.6,0,4,6,54
40515,0.2.6,0,2,6,30
40517,0.4.6,0,4,6,54
40518,0.10.8,0,10,8,128
40519,0.9.0,0,9,0,108
40520,0.4.6,0,4,6,54
40522,0.4.6,0,4,6,54
40523,0.4.6,0,4,6,54
40524,0.4.6,0,4,6,54
40525,0.4.6,0,4,6,54
40528,0.4.6,0,4,6,54
40529,0.2.6,0,2,6,30
40530,0.4.6,0,4,6,54
40531,0.4.6,0,4,6,54
40532,0.4.6,0,4,6,54
40533,0.9.0,0,9,0,108
40534,0.4.6,0,4,6,54
40537,0.4.6,0,4,6,54
40540,0.4.6,0,4,6,54
40541,0.2.6,0,2,6,30
40542,0.4.6,0,4,6,54
40543,0.4.6,0,4,6,54
40544,0.10.8,0,10,8,128
40545,0.9.0,0,9,0,108
40546,0.9.0,0,9,0,108
40547,0.4.6,0,4,6,54
40548,0.4.6,0,4,6,54
40549,0.2.6,0,2,6,30
40551,0.4.6,0,4,6,54
40553,0.9.0,0,9,0,108
40554,0.4.6,0,4,6,54
40555,0.4.6,0,4,6,54
40557,0.4.6,0,4,6,54
40558,0.2.6,0,2,6,30
40562,0.4.6,0,4,6,54
40563,0.4.6,0,4,6,54
40564,0.4.6,0,4,6,54
40565,0.4.6,0,4,6,54
40567,0.4.6,0,4,6,54
40569,0.4.6,0,4,6,54
40570,0.2.6,0,2,6,30
40571,0.4.6,0,4,6,54
40572,0.4.6,0,4,6,54
40573,0.4.6,0,4,6,54
40574,0.4.6,0,4,6,54
40581,0.4.6,0,4,6,54
40582,0.4.6,0,4,6,54
40584,0.4.6,0,4,6,54
40585,0.9.0,0,9,0,108
40586,0.4.6,0,4,6,54
40588,0.13.4,0,13,4,160
40589,0.2.6,0,2,6,30
40591,0.4.6,0,4,6,54
40592,0.4.6,0,4,6,54
40593,0.2.6,0,2,6,30
40594,0.4.6,0,4,6,54
40595,0.4.6,0,4,6,54
40596,0.4.6,0,4,6,54
40597,0.4.6,0,4,6,54
40598,0.2.6,0,2,6,30
40599,0.2.6,0,2,6,30
40601,0.4.6,0,4,6,54
40602,0.2.6,0,2,6,30
40603,0.2.6,0,2,6,30
40604,0.4.6,0,4,6,54
40605,0.4.6,0,4,6,54
40606,0.4.6,0,4,6,54
40608,0.2.6,0,2,6,30
40610,0.4.6,0,4,6,54
40611,0.2.6,0,2,6,30
40612,0.4.6,0,4,6,54
40614,0.6.8,0,6,8,80
40616,0.4.6,0,4,6,54
40617,0.4.6,0,4,6,54
40618,0.4.6,0,4,6,54
40619,0.4.6,0,4,6,54
40620,0.4.6,0,4,6,54
40621,0.4.6,0,4,6,54
40622,0.4.6,0,4,6,54
40623,0.4.6,0,4,6,54
40624,0.2.6,0,2,6,30
40626,0.4.6,0,4,6,54
40627,0.4.6,0,4,6,54
40628,0.4.6,0,4,6,54
40629,0.4.6,0,4,6,54
40630,0.4.6,0,4,6,54
40633,0.4.6,0,4,6,54
40634,0.4.6,0,4,6,54
40637,0.4.6,0,4,6,54
40638,0.2.6,0,2,6,30
40639,0.4.6,0,4,6,54
40640,0.4.6,0,4,6,54
40644,0.4.6,0,4,6,54
40646,0.2.6,0,2,6,30
40647,0.4.6,0,4,6,54
40649,0.4.6,0,4,6,54
40650,0.4.6,0,4,6,54
40651,0.9.0,0,9,0,108
40653,0.4.6,0,4,6,54
40654,0.4.6,0,4,6,54
40655,0.4.6,0,4,6,54
40656,0.4.6,0,4,6,54
40657,0.4.6,0,4,6,54
40658,0.2.6,0,2,6,30
40659,0.4.6,0,4,6,54
40660,0.4.6,0,4,6,54
40661,0.2.6,0,2,6,30
40662,0.4.6,0,4,6,54
40663,0.2.6,0,2,6,30
40664,0.9.0,0,9,0,108
40665,0.4.6,0,4,6,54
40666,0.2.6,0,2,6,30
40667,0.4.6,0,4,6,54
40670,0.4.6,0,4,6,54
40672,0.4.6,0,4,6,54
40673,0.4.6,0,4,6,54
40675,0.4.6,0,4,6,54
40676,0.4.6,0,4,6,54
40678,0.4.6,0,4,6,54
40679,0.2.6,0,2,6,30
40680,0.4.6,0,4,6,54
40681,0.2.6,0,2,6,30
40684,0.4.6,0,4,6,54
40685,0.4.6,0,4,6,54
40686,0.2.6,0,2,6,30
40687,0.2.6,0,2,6,30
40688,0.4.6,0,4,6,54
40690,0.4.6,0,4,6,54
40691,0.4.6,0,4,6,54
40692,0.4.6,0,4,6,54
40693,0.4.6,0,4,6,54
40694,0.4.6,0,4,6,54
40695,0.4.6,0,4,6,54
40697,0.4.6,0,4,6,54
40698,0.4.6,0,4,6,54
40699,0.4.6,0,4,6,54
40700,0.2.6,0,2,6,30
40701,0.9.0,0,9,0,108
40702,0.4.6,0,4,6,54
40703,0.4.6,0,4,6,54
40704,0.2.6,0,2,6,30
40706,0.2.6,0,2,6,30
40707,0.4.6,0,4,6,54
40708,0.4.6,0,4,6,54
40709,0.2.6,0,2,6,30
40711,0.4.6,0,4,6,54
40712,0.4.6,0,4,6,54
40713,0.4.6,0,4,6,54
40714,0.4.6,0,4,6,54
40715,0.4.6,0,4,6,54
40716,0.4.6,0,4,6,54
40717,0.2.6,0,2,6,30
40718,0.4.6,0,4,6,54
40719,0.4.6,0,4,6,54
40720,0.4.6,0,4,6,54
40721,0.2.6,0,2,6,30
40722,0.2.6,0,2,6,30
40723,0.4.6,0,4,6,54
40724,0.4.6,0,4,6,54
40728,0.4.6,0,4,6,54
40729,0.4.6,0,4,6,54
40730,0.10.8,0,10,8,128
40731,0.4.6,0,4,6,54
40732,0.4.6,0,4,6,54
40735,0.4.6,0,4,6,54
40736,0.4.6,0,4,6,54
40738,0.4.6,0,4,6,54
40739,0.13.4,0,13,4,160
40740,0.9.0,0,9,0,108
40741,0.4.6,0,4,6,54
40742,0.2.6,0,2,6,30
40743,0.2.6,0,2,6,30
40744,0.4.6,0,4,6,54
40746,0.4.6,0,4,6,54
40747,0.4.6,0,4,6,54
40748,0.4.6,0,4,6,54
40749,0.4.6,0,4,6,54
40750,0.4.6,0,4,6,54
40752,0.4.6,0,4,6,54
40753,0.2.6,0,2,6,30
40754,0.4.6,0,4,6,54
40755,0.2.6,0,2,6,30
40757,0.4.6,0,4,6,54
40758,0.4.6,0,4,6,54
40759,0.4.6,0,4,6,54
40760,0.4.6,0,4,6,54
40761,0.4.6,0,4,6,54
40762,0.2.6,0,2,6,30
40763,0.4.6,0,4,6,54
40764,0.9.0,0,9,0,108
40765,0.4.6,0,4,6,54
40766,0.4.6,0,4,6,54
40767,0.10.8,0,10,8,128
40768,0.4.6,0,4,6,54
40769,0.2.6,0,2,6,30
40770,0.4.6,0,4,6,54
40771,0.4.6,0,4,6,54
40772,0.4.6,0,4,6,54
40773,0.4.6,0,4,6,54
40774,0.2.6,0,2,6,30
40775,0.4.6,0,4,6,54
40777,0.4.6,0,4,6,54
40778,0.4.6,0,4,6,54
40781,0.4.6,0,4,6,54
40785,0.4.6,0,4,6,54
40786,0.2.6,0,2,6,30
40787,0.4.6,0,4,6,54
40789,0.4.6,0,4,6,54
40790,0.4.6,0,4,6,54
40792,0.9.0,0,9,0,108
40793,0.4.6,0,4,6,54
40795,0.4.6,0,4,6,54
40796,0.4.6,0,4,6,54
40799,0.9.0,0,9,0,108
40800,0.4.6,0,4,6,54
40802,0.4.6,0,4,6,54
40803,0.4.6,0,4,6,54
40804,0.4.6,0,4,6,54
40805,0.2.6,0,2,6,30
40807,0.4.6,0,4,6,54
40808,0.2.6,0,2,6,30
40809,0.2.6,0,2,6,30
40810,0.4.6,0,4,6,54
40811,0.4.6,0,4,6,54
40812,0.4.6,0,4,6,54
40813,0.4.6,0,4,6,54
40814,0.4.6,0,4,6,54
40815,0.4.6,0,4,6,54
40816,0.4.6,0,4,6,54
40817,0.4.6,0,4,6,54
40818,0.4.6,0,4,6,54
40821,0.2.6,0,2,6,30
40822,0.4.6,0,4,6,54
40823,0.4.6,0,4,6,54
40826,0.4.6,0,4,6,54
40827,0.4.6,0,4,6,54
40828,0.2.6,0,2,6,30
40829,0.4.6,0,4,6,54
40832,0.4.6,0,4,6,54
40833,0.4.6,0,4,6,54
40834,0.4.6,0,4,6,54
40835,0.4.6,0,4,6,54
40836,0.2.6,0,2,6,30
40837,0.4.6,0,4,6,54
40838,0.4.6,0,4,6,54
40840,0.4.6,0,4,6,54
40841,0.4.6,0,4,6,54
40842,0.4.6,0,4,6,54
40843,0.4.6,0,4,6,54
40844,0.4.6,0,4,6,54
40846,0.4.6,0,4,6,54
40847,0.4.6,0,4,6,54
40850,0.4.6,0,4,6,54
40851,0.2.6,0,2,6,30
40852,0.4.6,0,4,6,54
40853,0.2.6,0,2,6,30
40855,0.4.6,0,4,6,54
40856,0.4.6,0,4,6,54
40860,0.4.6,0,4,6,54
40861,0.4.6,0,4,6,54
40862,0.4.6,0,4,6,54
40863,0.2.6,0,2,6,30
40864,0.4.6,0,4,6,54
40865,0.4.6,0,4,6,54
40866,0.4.6,0,4,6,54
40867,0.4.6,0,4,6,54
40868,0.2.6,0,2,6,30
40869,0.4.6,0,4,6,54
40870,0.4.6,0,4,6,54
40871,0.4.6,0,4,6,54
40872,0.6.8,0,6,8,80
40874,0.4.6,0,4,6,54
40875,0.4.6,0,4,6,54
40876,0.2.6,0,2,6,30
40877,0.4.6,0,4,6,54
40878,0.4.6,0,4,6,54
40879,0.4.6,0,4,6,54
40882,0.9.0,0,9,0,108
40883,0.6.8,0,6,8,80
40884,0.4.6,0,4,6,54
40885,0.9.0,0,9,0,108
40886,0.4.6,0,4,6,54
40887,0.4.6,0,4,6,54
40888,0.4.6,0,4,6,54
40889,0.4.6,0,4,6,54
40890,0.4.6,0,4,6,54
40891,0.9.0,0,9,0,108
40892,0.4.6,0,4,6,54
40893,0.4.6,0,4,6,54
40894,0.4.6,0,4,6,54
40895,0.4.6,0,4,6,54
40896,0.4.6,0,4,6,54
40897,0.4.6,0,4,6,54
40899,0.4.6,0,4,6,54
40901,0.4.6,0,4,6,54
40902,0.4.6,0,4,6,54
40903,0.4.6,0,4,6,54
40904,0.4.6,0,4,6,54
40905,0.4.6,0,4,6,54
40906,0.2.6,0,2,6,30
40907,0.4.6,0,4,6,54
40910,0.9.0,0,9,0,108
40911,0.4.6,0,4,6,54
40912,0.4.6,0,4,6,54
40913,0.4.6,0,4,6,54
40914,0.4.6,0,4,6,54
40915,0.4.6,0,4,6,54
40916,0.4.6,0,4,6,54
40918,0.9.0,0,9,0,108
40919,0.4.6,0,4,6,54
40921,0.4.6,0,4,6,54
40922,0.4.6,0,4,6,54
40923,0.4.6,0,4,6,54
40926,0.4.6,0,4,6,54
40927,0.4.6,0,4,6,54
40928,0.4.6,0,4,6,54
40929,0.2.6,0,2,6,30
40930,0.2.6,0,2,6,30
40931,0.2.6,0,2,6,30
40933,0.2.6,0,2,6,30
40934,0.4.6,0,4,6,54
40935,0.4.6,0,4,6,54
40936,0.4.6,0,4,6,54
40937,0.4.6,0,4,6,54
40938,0.4.6,0,4,6,54
40939,0.4.6,0,4,6,54
40940,0.4.6,0,4,6,54
40943,0.4.6,0,4,6,54
40944,0.4.6,0,4,6,54
40945,3.9.4,3,9,4,832
40947,0.4.6,0,4,6,54
40948,0.4.6,0,4,6,54
40951,0.4.6,0,4,6,54
40952,0.4.6,0,4,6,54
40953,0.4.6,0,4,6,54
40955,0.4.6,0,4,6,54
40956,0.4.6,0,4,6,54
40957,0.4.6,0,4,6,54
40958,0.2.6,0,2,6,30
40959,0.4.6,0,4,6,54
40960,0.4.6,0,4,6,54
40962,0.4.6,0,4,6,54
40963,0.2.6,0,2,6,30
40964,0.4.6,0,4,6,54
40965,0.4.6,0,4,6,54
40966,0.4.6,0,4,6,54
40967,0.2.6,0,2,6,30
40968,0.2.6,0,2,6,30
40970,0.4.6,0,4,6,54
40972,0.4.6,0,4,6,54
40973,0.4.6,0,4,6,54
40974,0.4.6,0,4,6,54
40977,0.4.6,0,4,6,54
40979,0.2.6,0,2,6,30
40980,0.4.6,0,4,6,54
40983,0.4.6,0,4,6,54
40985,0.4.6,0,4,6,54
40986,0.2.6,0,2,6,30
40988,0.4.6,0,4,6,54
40989,0.9.0,0,9,0,108
40990,0.4.6,0,4,6,54
40991,0.4.6,0,4,6,54
40992,0.4.6,0,4,6,54
40993,0.2.6,0,2,6,30
40994,0.2.6,0,2,6,30
40995,0.4.6,0,4,6,54
40997,0.4.6,0,4,6,54
40999,0.4.6,0,4,6,54
41002,0.4.6,0,4,6,54
41007,0.4.6,0,4,6,54
41008,0.4.6,0,4,6,54
41009,0.4.6,0,4,6,54
41010,0.4.6,0,4,6,54
41012,0.4.6,0,4,6,54
41013,0.9.0,0,9,0,108
41014,0.4.6,0,4,6,54
41022,0.13.4,0,13,4,160
41023,0.2.6,0,2,6,30
41024,0.2.6,0,2,6,30
41025,0.4.6,0,4,6,54
41026,0.4.6,0,4,6,54
41029,0.4.6,0,4,6,54
41030,0.2.6,0,2,6,30
41031,0.4.6,0,4,6,54
41032,0.4.6,0,4,6,54
41033,0.4.6,0,4,6,54
41034,0.4.6,0,4,6,54
41035,0.13.4,0,13,4,160
41037,0.4.6,0,4,6,54
41038,0.2.6,0,2,6,30
41040,0.4.6,0,4,6,54
41041,0.4.6,0,4,6,54
41043,0.4.6,0,4,6,54
41044,0.2.6,0,2,6,30
41045,0.2.6,0,2,6,30
41046,0.4.6,0,4,6,54
41048,0.4.6,0,4,6,54
41049,0.4.6,0,4,6,54
41051,0.4.6,0,4,6,54
41052,0.4.6,0,4,6,54
41053,0.9.0,0,9,0,108
41055,0.4.6,0,4,6,54
41056,0.2.6,0,2,6,30
41059,0.4.6,0,4,6,54
41060,0.4.6,0,4,6,54
41061,0.4.6,0,4,6,54
41062,0.4.6,0,4,6,54
41063,0.2.6,0,2,6,30
41065,0.4.6,0,4,6,54
41066,0.4.6,0,4,6,54
41067,0.9.0,0,9,0,108
41068,0.2.6,0,2,6,30
41069,0.4.6,0,4,6,54
41070,0.4.6,0,4,6,54
41074,0.4.6,0,4,6,54
41077,0.4.6,0,4,6,54
41078,0.4.6,0,4,6,54
41079,0.4.6,0,4,6,54
41080,0.4.6,0,4,6,54
41081,0.4.6,0,4,6,54
41083,0.4.6,0,4,6,54
41084,0.2.6,0,2,6,30
41085,0.4.6,0,4,6,54
41087,0.9.0,0,9,0,108
41088,0.9.0,0,9,0,108
41089,0.4.6,0,4,6,54
41091,0.4.6,0,4,6,54
41092,0.4.6,0,4,6,54
41093,0.4.6,0,4,6,54
41096,0.4.6,0,4,6,54
41097,0.4.6,0,4,6,54
41099,0.2.6,0,2,6,30
41100,0.4.6,0,4,6,54
41103,0.4.6,0,4,6,54
41104,0.4.6,0,4,6,54
41105,0.4.6,0,4,6,54
41107,0.4.6,0,4,6,54
41108,0.2.6,0,2,6,30
41109,0.4.6,0,4,6,54
41110,0.4.6,0,4,6,54
41113,0.2.6,0,2,6,30
41114,0.2.6,0,2,6,30
41115,0.4.6,0,4,6,54
41118,0.4.6,0,4,6,54
41119,0.2.6,0,2,6,30
41120,0.4.6,0,4,6,54
41121,0.4.6,0,4,6,54
41122,0.4.6,0,4,6,54
41123,0.4.6,0,4,6,54
41124,0.4.6,0,4,6,54
41125,0.4.6,0,4,6,54
41127,0.4.6,0,4,6,54
41129,0.4.6,0,4,6,54
41130,0.4.6,0,4,6,54
41132,0.2.6,0,2,6,30
41133,0.4.6,0,4,6,54
41134,0.4.6,0,4,6,54
41135,0.4.6,0,4,6,54
41136,0.9.0,0,9,0,108
41137,0.4.6,0,4,6,54
41138,0.2.6,0,2,6,30
41139,0.4.6,0,4,6,54
41141,0.2.6,0,2,6,30
41144,0.4.6,0,4,6,54
41145,0.4.6,0,4,6,54
41146,0.2.6,0,2,6,30
41147,0.2.6,0,2,6,30
41148,0.4.6,0,4,6,54
41149,0.2.6,0,2,6,30
41150,0.4.6,0,4,6,54
41151,0.4.6,0,4,6,54
41155,0.4.6,0,4,6,54
41157,0.4.6,0,4,6,54
41159,0.4.6,0,4,6,54
41160,0.2.6,0,2,6,30
41161,0.4.6,0,4,6,54
41162,0.4.6,0,4,6,54
41163,0.4.6,0,4,6,54
41165,0.4.6,0,4,6,54
41167,0.2.6,0,2,6,30
41168,0.2.6,0,2,6,30
41169,0.4.6,0,4,6,54
41170,0.4.6,0,4,6,54
41171,0.4.6,0,4,6,54
41172,0.4.6,0,4,6,54
41173,0.2.6,0,2,6,30
41174,0.4.6,0,4,6,54
41175,0.4.6,0,4,6,54
41177,0.4.6,0,4,6,54
41178,0.4.6,0,4,6,54
41179,0.4.6,0,4,6,54
41180,0.4.6,0,4,6,54
41181,0.4.6,0,4,6,54
41182,0.4.6,0,4,6,54
41183,0.4.6,0,4,6,54
41184,0.4.6,0,4,6,54
41185,0.4.6,0,4,6,54
41186,0.4.6,0,4,6,54
41187,0.2.6,0,2,6,30
41188,0.4.6,0,4,6,54
41189,0.4.6,0,4,6,54
41190,0.4.6,0,4,6,54
41191,0.4.6,0,4,6,54
41192,0.4.6,0,4,6,54
41193,0.2.6,0,2,6,30
41194,0.2.6,0,2,6,30
41195,0.4.6,0,4,6,54
41196,0.2.6,0,2,6,30
41197,0.2.6,0,2,6,30
41198,0.4.6,0,4,6,54
41199,0.4.6,0,4,6,54
41200,0.2.6,0,2,6,30
41203,0.4.6,0,4,6,54
41204,0.4.6,0,4,6,54
41205,0.4.6,0,4,6,54
41206,0.4.6,0,4,6,54
41207,0.2.6,0,2,6,30
41208,0.4.6,0,4,6,54
41209,0.4.6,0,4,6,54
41210,0.4.6,0,4,6,54
41213,0.4.6,0,4,6,54
41214,0.2.6,0,2,6,30
41215,0.4.6,0,4,6,54
41216,0.4.6,0,4,6,54
41217,0.4.6,0,4,6,54
41218,0.4.6,0,4,6,54
41219,0.2.6,0,2,6,30
41221,0.4.6,0,4,6,54
41223,0.4.6,0,4,6,54
41224,0.2.6,0,2,6,30
41225,0.4.6,0,4,6,54
41227,0.4.6,0,4,6,54
41228,0.4.6,0,4,6,54
41230,0.4.6,0,4,6,54
41232,0.4.6,0,4,6,54
41234,0.4.6,0,4,6,54
41236,0.4.6,0,4,6,54
41237,0.4.6,0,4,6,54
41238,0.4.6,0,4,6,54
41239,0.4.6,0,4,6,54
41241,0.9.0,0,9,0,108
41243,0.9.0,0,9,0,108
41244,0.4.6,0,4,6,54
41245,0.4.6,0,4,6,54
41246,0.4.6,0,4,6,54
41247,0.4.6,0,4,6,54
41248,0.4.6,0,4,6,54
41249,0.4.6,0,4,6,54
41252,0.4.6,0,4,6,54
41253,0.10.8,0,10,8,128
41254,0.9.0,0,9,0,108
41255,0.4.6,0,4,6,54
41256,0.4.6,0,4,6,54
41257,0.4.6,0,4,6,54
41258,0.4.6,0,4,6,54
41259,0.2.6,0,2,6,30
41260,0.4.6,0,4,6,54
41262,0.2.6,0,2,6,30
41264,0.4.6,0,4,6,54
41265,0.2.6,0,2,6,30
41266,0.2.6,0,2,6,30
41267,0.10.8,0,10,8,128
41268,0.4.6,0,4,6,54
41269,0.4.6,0,4,6,54
41270,0.6.8,0,6,8,80
41271,0.9.0,0,9,0,108
41274,0.2.6,0,2,6,30
41275,0.4.6,0,4,6,54
41276,0.4.6,0,4,6,54
41277,0.2.6,0,2,6,30
41279,0.2.6,0,2,6,30
41280,0.4.6,0,4,6,54
41281,0.4.6,0,4,6,54
41282,0.2.6,0,2,6,30
41283,0.2.6,0,2,6,30
41285,0.4.6,0,4,6,54
41286,0.4.6,0,4,6,54
41287,0.4.6,0,4,6,54
41288,0.6.8,0,6,8,80
41289,0.4.6,0,4,6,54
41290,0.2.6,0,2,6,30
41291,0.4.6,0,4,6,54
41292,0.4.6,0,4,6,54
41293,0.4.6,0,4,6,54
41294,0.13.4,0,13,4,160
41295,0.4.6,0,4,6,54
41296,0.4.6,0,4,6,54
41297,0.4.6,0,4,6,54
41298,0.4.6,0,4,6,54
41302,0.4.6,0,4,6,54
41303,0.4.6,0,4,6,54
41305,0.4.6,0,4,6,54
41306,0.9.0,0,9,0,108
41307,0.4.6,0,4,6,54
41308,0.4.6,0,4,6,54
41309,0.4.6,0,4,6,54
41310,0.4.6,0,4,6,54
41311,0.4.6,0,4,6,54
41312,0.4.6,0,4,6,54
41313,0.4.6,0,4,6,54
41314,0.2.6,0,2,6,30
41315,0.4.6,0,4,6,54
41316,0.4.6,0,4,6,54
41317,0.4.6,0,4,6,54
41318,0.4.6,0,4,6,54
41319,0.4.6,0,4,6,54
41322,0.4.6,0,4,6,54
41323,0.4.6,0,4,6,54
41324,0.2.6,0,2,6,30
41325,0.2.6,0,2,6,30
41326,0.4.6,0,4,6,54
41327,0.4.6,0,4,6,54
41328,0.4.6,0,4,6,54
41330,0.4.6,0,4,6,54
41331,0.4.6,0,4,6,54
41332,0.2.6,0,2,6,30
41334,0.13.4,0,13,4,160
41335,0.2.6,0,2,6,30
41336,0.4.6,0,4,6,54
41338,0.4.6,0,4,6,54
41339,0.4.6,0,4,6,54
41340,0.2.6,0,2,6,30
41343,0.4.6,0,4,6,54
41344,0.2.6,0,2,6,30
41345,0.2.6,0,2,6,30
41346,0.9.0,0,9,0,108
41347,0.4.6,0,4,6,54
41348,0.4.6,0,4,6,54
41349,0.4.6,0,4,6,54
41350,0.4.6,0,4,6,54
41351,0.4.6,0,4,6,54
41352,0.4.6,0,4,6,54
41355,0.2.6,0,2,6,30
41356,0.4.6,0,4,6,54
41357,0.4.6,0,4,6,54
41358,0.2.6,0,2,6,30
41359,0.2.6,0,2,6,30
41360,0.4.6,0,4,6,54
41361,0.4.6,0,4,6,54
41362,0.4.6,0,4,6,54
41363,0.2.6,0,2,6,30
41364,0.2.6,0,2,6,30
41365,0.9.0,0,9,0,108
41367,0.4.6,0,4,6,54
41368,0.4.6,0,4,6,54
41369,0.9.0,0,9,0,108
41370,0.4.6,0,4,6,54
41371,0.4.6,0,4,6,54
41373,0.2.6,0,2,6,30
41375,0.4.6,0,4,6,54
41376,0.4.6,0,4,6,54
41377,0.2.6,0,2,6,30
41379,0.4.6,0,4,6,54
41380,0.4.6,0,4,6,54
41381,0.4.6,0,4,6,54
41382,0.4.6,0,4,6,54
41383,0.6.8,0,6,8,80
41384,0.2.6,0,2,6,30
41385,0.9.0,0,9,0,108
41386,0.4.6,0,4,6,54
41387,0.4.6,0,4,6,54
41388,0.4.6,0,4,6,54
41389,0.2.6,0,2,6,30
41392,0.4.6,0,4,6,54
41393,0.4.6,0,4,6,54
41394,0.2.6,0,2,6,30
41395,0.6.8,0,6,8,80
41396,0.4.6,0,4,6,54
41397,0.4.6,0,4,6,54
41398,0.4.6,0,4,6,54
41399,0.10.8,0,10,8,128
41401,0.4.6,0,4,6,54
41402,0.4.6,0,4,6,54
41403,0.4.6,0,4,6,54
41406,0.4.6,0,4,6,54
41407,0.4.6,0,4,6,54
41408,0.4.6,0,4,6,54
41409,0.4.6,0,4,6,54
41410,0.2.6,0,2,6,30
41411,0.10.8,0,10,8,128
41413,0.2.6,0,2,6,30
41414,0.2.6,0,2,6,30
41415,0.4.6,0,4,6,54
41416,0.4.6,0,4,6,54
41418,0.4.6,0,4,6,54
41419,0.4.6,0,4,6,54
41420,0.4.6,0,4,6,54
41421,0.2.6,0,2,6,30
41424,0.9.0,0,9,0,108
41425,0.4.6,0,4,6,54
41426,0.4.6,0,4,6,54
41427,0.4.6,0,4,6,54
41428,0.4.6,0,4,6,54
41429,0.4.6,0,4,6,54
41432,0.2.6,0,2,6,30
41433,0.4.6,0,4,6,54
41434,0.4.6,0,4,6,54
41436,0.4.6,0,4,6,54
41437,0.2.6,0,2,6,30
41438,0.4.6,0,4,6,54
41439,0.4.6,0,4,6,54
41440,0.4.6,0,4,6,54
41441,0.4.6,0,4,6,54
41442,0.4.6,0,4,6,54
41443,0.4.6,0,4,6,54
41445,0.2.6,0,2,6,30
41446,0.4.6,0,4,6,54
41447,0.4.6,0,4,6,54
41451,0.9.0,0,9,0,108
41452,0.9.0,0,9,0,108
41453,0.4.6,0,4,6,54
41454,0.4.6,0,4,6,54
41457,0.4.6,0,4,6,54
41458,0.4.6,0,4,6,54
41459,0.4.6,0,4,6,54
41460,0.4.6,0,4,6,54
41461,0.4.6,0,4,6,54
41464,0.4.6,0,4,6,54
41466,0.4.6,0,4,6,54
41467,0.4.6,0,4,6,54
41468,0.2.6,0,2,6,30
41469,0.4.6,0,4,6,54
41471,0.4.6,0,4,6,54
41472,0.4.6,0,4,6,54
41473,0.4.6,0,4,6,54
41474,0.2.6,0,2,6,30
41475,0.4.6,0,4,6,54
41476,0.2.6,0,2,6,30
41477,0.4.6,0,4,6,54
41478,0.4.6,0,4,6,54
41479,0.4.6,0,4,6,54
41480,0.4.6,0,4,6,54
41481,0.4.6,0,4,6,54
41482,0.4.6,0,4,6,54
41483,0.9.0,0,9,0,108
41484,0.4.6,0,4,6,54
41486,0.4.6,0,4,6,54
41487,0.4.6,0,4,6,54
41488,0.4.6,0,4,6,54
41490,0.4.6,0,4,6,54
41491,0.4.6,0,4,6,54
41492,0.2.6,0,2,6,30
41497,0.9.0,0,9,0,108
41498,0.4.6,0,4,6,54
41499,0.4.6,0,4,6,54
41501,0.2.6,0,2,6,30
41505,0.4.6,0,4,6,54
41506,0.4.6,0,4,6,54
41507,0.2.6,0,2,6,30
41508,0.4.6,0,4,6,54
41511,0.4.6,0,4,6,54
41512,0.4.6,0,4,6,54
41513,0.4.6,0,4,6,54
41514,0.4.6,0,4,6,54
41517,0.4.6,0,4,6,54
41518,0.2.6,0,2,6,30
41519,0.4.6,0,4,6,54
41520,0.4.6,0,4,6,54
41521,0.4.6,0,4,6,54
41522,0.2.6,0,2,6,30
41523,0.4.6,0,4,6,54
41525,0.4.6,0,4,6,54
41526,0.6.8,0,6,8,80
41527,0.4.6,0,4,6,54
41528,0.4.6,0,4,6,54
41529,0.4.6,0,4,6,54
41530,0.4.6,0,4,6,54
41531,0.2.6,0,2,6,30
41532,0.4.6,0,4,6,54
41533,0.4.6,0,4,6,54
41534,0.4.6,0,4,6,54
41535,0.4.6,0,4,6,54
41536,0.4.6,0,4,6,54
41538,0.4.6,0,4,6,54
41539,0.4.6,0,4,6,54
41540,0.4.6,0,4,6,54
41541,0.4.6,0,4,6,54
41542,0.4.6,0,4,6,54
41544,0.4.6,0,4,6,54
41546,0.4.6,0,4,6,54
41547,0.2.6,0,2,6,30
41548,0.4.6,0,4,6,54
41549,0.4.6,0,4,6,54
41550,0.2.6,0,2,6,30
41551,0.4.6,0,4,6,54
41554,0.2.6,0,2,6,30
41555,0.4.6,0,4,6,54
41557,0.4.6,0,4,6,54
41558,0.4.6,0,4,6,54
41559,0.4.6,0,4,6,54
41560,0.4.6,0,4,6,54
41562,0.4.6,0,4,6,54
41563,0.4.6,0,4,6,54
41565,0.4.6,0,4,6,54
41566,0.4.6,0,4,6,54
41567,0.4.6,0,4,6,54
41568,0.4.6,0,4,6,54
41569,0.4.6,0,4,6,54
41570,0.4.6,0,4,6,54
41572,0.4.6,0,4,6,54
41573,0.4.6,0,4,6,54
41574,0.2.6,0,2,6,30
41575,0.2.6,0,2,6,30
41577,0.4.6,0,4,6,54
41578,0.4.6,0,4,6,54
41579,0.4.6,0,4,6,54
41580,0.4.6,0,4,6,54
41582,0.9.0,0,9,0,108
41584,0.2.6,0,2,6,30
41585,0.4.6,0,4,6,54
41586,0.2.6,0,2,6,30
41587,0.4.6,0,4,6,54
41588,0.4.6,0,4,6,54
41589,0.2.6,0,2,6,30
41590,0.4.6,0,4,6,54
41591,0.4.6,0,4,6,54
41592,0.4.6,0,4,6,54
41593,0.10.8,0,10,8,128
41594,0.4.6,0,4,6,54
41595,0.4.6,0,4,6,54
41596,0.4.6,0,4,6,54
41597,0.4.6,0,4,6,54
41598,0.4.6,0,4,6,54
41599,0.4.6,0,4,6,54
41600,0.4.6,0,4,6,54
41602,0.4.6,0,4,6,54
41605,0.4.6,0,4,6,54
41606,0.2.6,0,2,6,30
41607,0.2.6,0,2,6,30
41608,0.4.6,0,4,6,54
41609,0.4.6,0,4,6,54
41610,0.2.6,0,2,6,30
41611,0.4.6,0,4,6,54
41613,0.4.6,0,4,6,54
41614,0.2.6,0,2,6,30
41615,0.2.6,0,2,6,30
41616,0.4.6,0,4,6,54
41617,0.4.6,0,4,6,54
41618,0.4.6,0,4,6,54
41619,0.2.6,0,2,6,30
41621,0.2.6,0,2,6,30
41624,0.4.6,0,4,6,54
41626,0.2.6,0,2,6,30
41627,0.2.6,0,2,6,30
41628,0.2.6,0,2,6,30
41629,0.4.6,0,4,6,54
41631,0.2.6,0,2,6,30
41632,0.4.6,0,4,6,54
41634,0.2.6,0,2,6,30
41635,0.2.6,0,2,6,30
41637,0.4.6,0,4,6,54
41638,0.2.6,0,2,6,30
41639,0.4.6,0,4,6,54
41642,0.6.8,0,6,8,80
41643,0.4.6,0,4,6,54
41644,0.4.6,0,4,6,54
41645,0.4.6,0,4,6,54
41646,0.2.6,0,2,6,30
41648,0.4.6,0,4,6,54
41649,0.2.6,0,2,6,30
41652,0.4.6,0,4,6,54
41653,0.4.6,0,4,6,54
41654,0.2.6,0,2,6,30
41655,0.4.6,0,4,6,54
41656,0.4.6,0,4,6,54
41657,0.2.6,0,2,6,30
41658,0.2.6,0,2,6,30
41659,0.4.6,0,4,6,54
41660,0.4.6,0,4,6,54
41661,0.4.6,0,4,6,54
41662,0.4.6,0,4,6,54
41663,0.4.6,0,4,6,54
41664,0.4.6,0,4,6,54
41665,0.4.6,0,4,6,54
41666,0.2.6,0,2,6,30
41667,0.2.6,0,2,6,30
41668,0.2.6,0,2,6,30
41669,0.4.6,0,4,6,54
41672,0.4.6,0,4,6,54
41673,0.2.6,0,2,6,30
41674,0.4.6,0,4,6,54
41675,0.4.6,0,4,6,54
41677,0.2.6,0,2,6,30
41678,0.2.6,0,2,6,30
41679,0.4.6,0,4,6,54
41680,0.4.6,0,4,6,54
41682,0.9.0,0,9,0,108
41683,0.4.6,0,4,6,54
41684,0.2.6,0,2,6,30
41685,0.4.6,0,4,6,54
41686,0.4.6,0,4,6,54
41687,0.4.6,0,4,6,54
41693,0.4.6,0,4,6,54
41694,0.2.6,0,2,6,30
41697,0.2.6,0,2,6,30
41698,0.4.6,0,4,6,54
41699,0.4.6,0,4,6,54
41701,0.4.6,0,4,6,54
41702,0.9.0,0,9,0,108
41705,0.4.6,0,4,6,54
41706,0.4.6,0,4,6,54
41707,0.4.6,0,4,6,54
41708,0.4.6,0,4,6,54
41709,0.4.6,0,4,6,54
41710,0.4.6,0,4,6,54
41712,0.4.6,0,4,6,54
41713,0.4.6,0,4,6,54
41714,0.2.6,0,2,6,30
41715,0.4.6,0,4,6,54
41716,0.4.6,0,4,6,54
41717,0.2.6,0,2,6,30
41719,0.4.6,0,4,6,54
41721,0.2.6,0,2,6,30
41722,0.4.6,0,4,6,54
41724,0.2.6,0,2,6,30
41725,0.9.0,0,9,0,108
41729,0.2.6,0,2,6,30
41730,0.4.6,0,4,6,54
41732,0.4.6,0,4,6,54
41734,0.4.6,0,4,6,54
41737,0.2.6,0,2,6,30
41739,0.9.0,0,9,0,108
41740,0.4.6,0,4,6,54
41741,0.4.6,0,4,6,54
41742,0.4.6,0,4,6,54
41743,0.4.6,0,4,6,54
41744,0.4.6,0,4,6,54
41745,0.4.6,0,4,6,54
41746,0.4.6,0,4,6,54
41747,0.2.6,0,2,6,30
41748,0.2.6,0,2,6,30
41749,0.4.6,0,4,6,54
41750,0.4.6,0,4,6,54
41751,0.4.6,0,4,6,54
41752,0.4.6,0,4,6,54
41754,0.4.6,0,4,6,54
41755,0.4.6,0,4,6,54
41756,0.4.6,0,4,6,54
41757,0.4.6,0,4,6,54
41758,0.4.6,0,4,6,54
41759,0.4.6,0,4,6,54
41760,0.2.6,0,2,6,30
41763,0.4.6,0,4,6,54
41764,0.4.6,0,4,6,54
41766,0.4.6,0,4,6,54
41767,0.2.6,0,2,6,30
41768,0.4.6,0,4,6,54
41769,0.4.6,0,4,6,54
41770,0.4.6,0,4,6,54
41771,0.2.6,0,2,6,30
41772,0.2.6,0,2,6,30
41773,0.9.0,0,9,0,108
41774,0.4.6,0,4,6,54
41775,0.4.6,0,4,6,54
41776,0.4.6,0,4,6,54
41777,0.4.6,0,4,6,54
41778,0.4.6,0,4,6,54
41779,0.2.6,0,2,6,30
41780,0.6.8,0,6,8,80
41783,0.4.6,0,4,6,54
41784,0.4.6,0,4,6,54
41785,0.4.6,0,4,6,54
41788,0.4.6,0,4,6,54
41789,0.2.6,0,2,6,30
41791,0.4.6,0,4,6,54
41793,0.4.6,0,4,6,54
41794,0.4.6,0,4,6,54
41795,0.2.6,0,2,6,30
41796,0.4.6,0,4,6,54
41797,0.2.6,0,2,6,30
41798,0.4.6,0,4,6,54
41799,0.2.6,0,2,6,30
41801,0.4.6,0,4,6,54
41802,0.4.6,0,4,6,54
41803,0.4.6,0,4,6,54
41804,0.4.6,0,4,6,54
41805,0.4.6,0,4,6,54
41806,0.4.6,0,4,6,54
41807,0.4.6,0,4,6,54
41808,0.4.6,0,4,6,54
41809,0.4.6,0,4,6,54
41810,0.2.6,0,2,6,30
41811,0.4.6,0,4,6,54
41812,0.4.6,0,4,6,54
41813,0.4.6,0,4,6,54
41815,0.4.6,0,4,6,54
41816,0.2.6,0,2,6,30
41817,0.2.6,0,2,6,30
41818,0.2.6,0,2,6,30
41819,0.2.6,0,2,6,30
41820,0.2.6,0,2,6,30
41822,0.4.6,0,4,6,54
41823,0.4.6,0,4,6,54
41824,0.2.6,0,2,6,30
41825,0.4.6,0,4,6,54
41827,0.4.6,0,4,6,54
41828,0.4.6,0,4,6,54
41829,0.4.6,0,4,6,54
41830,0.4.6,0,4,6,54
41832,0.4.6,0,4,6,54
41833,0.4.6,0,4,6,54
41834,0.4.6,0,4,6,54
41835,0.4.6,0,4,6,54
41836,0.2.6,0,2,6,30
41837,0.2.6,0,2,6,30
41838,0.2.6,0,2,6,30
41839,0.2.6,0,2,6,30
41840,0.4.6,0,4,6,54
41842,0.2.6,0,2,6,30
41843,0.4.6,0,4,6,54
41844,0.4.6,0,4,6,54
41845,0.4.6,0,4,6,54
41846,0.4.6,0,4,6,54
41847,0.4.6,0,4,6,54
41848,0.4.6,0,4,6,54
41849,0.9.0,0,9,0,108
41850,0.4.6,0,4,6,54
41851,0.4.6,0,4,6,54
41852,0.9.0,0,9,0,108
41853,0.4.6,0,4,6,54
41854,0.10.8,0,10,8,128
41855,0.4.6,0,4,6,54
41856,0.4.6,0,4,6,54
41857,0.4.6,0,4,6,54
41859,0.4.6,0,4,6,54
41860,0.2.6,0,2,6,30
41861,0.10.8,0,10,8,128
41863,0.4.6,0,4,6,54
41864,0.4.6,0,4,6,54
41866,0.2.6,0,2,6,30
41867,0.2.6,0,2,6,30
41868,0.2.6,0,2,6,30
41870,0.4.6,0,4,6,54
41872,0.4.6,0,4,6,54
41873,0.4.6,0,4,6,54
41876,0.4.6,0,4,6,54
41877,0.4.6,0,4,6,54
41878,0.4.6,0,4,6,54
41879,0.2.6,0,2,6,30
41881,0.2.6,0,2,6,30
41882,0.4.6,0,4,6,54
41883,0.4.6,0,4,6,54
41887,0.9.0,0,9,0,108
41889,0.2.6,0,2,6,30
41891,0.2.6,0,2,6,30
41892,0.2.6,0,2,6,30
41893,0.4.6,0,4,6,54
41894,0.4.6,0,4,6,54
41895,0.4.6,0,4,6,54
41897,0.2.6,0,2,6,30
41900,0.4.6,0,4,6,54
41901,0.4.6,0,4,6,54
41902,0.4.6,0,4,6,54
41903,0.4.6,0,4,6,54
41904,0.4.6,0,4,6,54
41906,0.4.6,0,4,6,54
41907,0.4.6,0,4,6,54
41908,0.4.6,0,4,6,54
41909,0.4.6,0,4,6,54
41910,0.4.6,0,4,6,54
41911,0.4.6,0,4,6,54
41912,0.4.6,0,4,6,54
41913,0.4.6,0,4,6,54
41914,0.4.6,0,4,6,54
41915,0.9.0,0,9,0,108
41917,0.4.6,0,4,6,54
41918,0.4.6,0,4,6,54
41919,0.9.0,0,9,0,108
41920,0.4.6,0,4,6,54
41921,0.4.6,0,4,6,54
41923,0.4.6,0,4,6,54
41924,0.4.6,0,4,6,54
41925,0.4.6,0,4,6,54
41926,0.4.6,0,4,6,54
41927,0.4.6,0,4,6,54
41928,0.2.6,0,2,6,30
41929,0.4.6,0,4,6,54
41931,0.4.6,0,4,6,54
41932,0.4.6,0,4,6,54
41933,0.4.6,0,4,6,54
41934,0.4.6,0,4,6,54
41935,0.4.6,0,4,6,54
41936,0.4.6,0,4,6,54
41937,0.4.6,0,4,6,54
41939,0.9.0,0,9,0,108
41940,0.4.6,0,4,6,54
41941,0.4.6,0,4,6,54
41942,0.4.6,0,4,6,54
41943,0.4.6,0,4,6,54
41944,0.4.6,0,4,6,54
41946,0.4.6,0,4,6,54
41948,0.4.6,0,4,6,54
41949,0.4.6,0,4,6,54
41950,0.4.6,0,4,6,54
41952,0.4.6,0,4,6,54
41953,0.4.6,0,4,6,54
41954,0.4.6,0,4,6,54
41955,0.6.8,0,6,8,80
41956,0.4.6,0,4,6,54
41957,0.10.8,0,10,8,128
41959,0.4.6,0,4,6,54
41960,0.4.6,0,4,6,54
41961,0.4.6,0,4,6,54
41962,0.4.6,0,4,6,54
41963,0.2.6,0,2,6,30
41964,0.4.6,0,4,6,54
41965,0.2.6,0,2,6,30
41966,0.2.6,0,2,6,30
41967,0.4.6,0,4,6,54
41969,0.4.6,0,4,6,54
41970,0.2.6,0,2,6,30
41973,0.4.6,0,4,6,54
41975,0.4.6,0,4,6,54
41976,0.2.6,0,2,6,30
41977,0.4.6,0,4,6,54
41978,0.10.8,0,10,8,128
41979,0.4.6,0,4,6,54
41981,0.2.6,0,2,6,30
41982,0.4.6,0,4,6,54
41983,0.4.6,0,4,6,54
41984,0.4.6,0,4,6,54
41985,0.4.6,0,4,6,54
41986,0.4.6,0,4,6,54
41987,0.4.6,0,4,6,54
41988,0.2.6,0,2,6,30
41989,0.4.6,0,4,6,54
41990,0.4.6,0,4,6,54
41991,0.2.6,0,2,6,30
41992,0.4.6,0,4,6,54
41994,0.2.6,0,2,6,30
41995,0.4.6,0,4,6,54
41996,0.4.6,0,4,6,54
41997,0.4.6,0,4,6,54
41999,0.4.6,0,4,6,54
42000,0.4.6,0,4,6,54
42001,0.4.6,0,4,6,54
42003,0.2.6,0,2,6,30
42004,0.4.6,0,4,6,54
42005,0.6.8,0,6,8,80
42006,0.4.6,0,4,6,54
42007,0.2.6,0,2,6,30
42008,0.4.6,0,4,6,54
42009,0.4.6,0,4,6,54
42010,0.4.6,0,4,6,54
42011,0.2.6,0,2,6,30
42013,0.2.6,0,2,6,30
42015,0.2.6,0,2,6,30
42017,0.4.6,0,4,6,54
42018,0.4.6,0,4,6,54
42019,0.4.6,0,4,6,54
42020,0.2.6,0,2,6,30
42023,0.4.6,0,4,6,54
42024,0.4.6,0,4,6,54
42025,0.2.6,0,2,6,30
42026,0.6.8,0,6,8,80
42027,0.4.6,0,4,6,54
42028,0.4.6,0,4,6,54
42032,0.4.6,0,4,6,54
42033,0.4.6,0,4,6,54
42034,0.4.6,0,4,6,54
42038,0.4.6,0,4,6,54
42039,0.4.6,0,4,6,54
42040,0.4.6,0,4,6,54
42041,2.0.0,2,0,0,480
42042,0.9.0,0,9,0,108
42043,0.4.6,0,4,6,54
42044,0.4.6,0,4,6,54
42045,0.4.6,0,4,6,54
42046,0.4.6,0,4,6,54
42047,0.13.4,0,13,4,160
42048,0.4.6,0,4,6,54
42049,0.4.6,0,4,6,54
42050,0.2.6,0,2,6,30
42052,0.4.6,0,4,6,54
42053,0.10.8,0,10,8,128
42054,0.4.6,0,4,6,54
42057,0.9.0,0,9,0,108
42059,0.4.6,0,4,6,54
42060,0.4.6,0,4,6,54
42061,0.2.6,0,2,6,30
42063,0.4.6,0,4,6,54
42064,0.2.6,0,2,6,30
42065,0.4.6,0,4,6,54
42066,0.4.6,0,4,6,54
42067,0.4.6,0,4,6,54
42069,0.4.6,0,4,6,54
42070,0.4.6,0,4,6,54
42071,0.4.6,0,4,6,54
42072,0.4.6,0,4,6,54
42073,0.4.6,0,4,6,54
42074,0.9.0,0,9,0,108
42075,0.4.6,0,4,6,54
42076,0.2.6,0,2,6,30
42077,0.2.6,0,2,6,30
42081,0.4.6,0,4,6,54
42082,0.2.6,0,2,6,30
42083,0.9.0,0,9,0,108
42084,0.4.6,0,4,6,54
42085,0.2.6,0,2,6,30
42086,0.4.6,0,4,6,54
42088,0.4.6,0,4,6,54
42089,0.4.6,0,4,6,54
42090,2.0.0,2,0,0,480
42091,0.4.6,0,4,6,54
42092,0.4.6,0,4,6,54
42094,0.4.6,0,4,6,54
42095,0.4.6,0,4,6,54
42098,0.4.6,0,4,6,54
42099,0.4.6,0,4,6,54
42100,0.2.6,0,2,6,30
42101,0.4.6,0,4,6,54
42102,0.4.6,0,4,6,54
42103,0.4.6,0,4,6,54
42104,0.2.6,0,2,6,30
42105,0.4.6,0,4,6,54
42106,0.4.6,0,4,6,54
42107,0.4.6,0,4,6,54
42108,0.4.6,0,4,6,54
42111,0.4.6,0,4,6,54
42112,0.4.6,0,4,6,54
42113,0.4.6,0,4,6,54
42114,0.4.6,0,4,6,54
42116,0.4.6,0,4,6,54
42117,0.4.6,0,4,6,54
42118,0.2.6,0,2,6,30
42119,0.4.6,0,4,6,54
42122,0.4.6,0,4,6,54
42123,0.4.6,0,4,6,54
42125,0.2.6,0,2,6,30
42126,0.9.0,0,9,0,108
42127,0.4.6,0,4,6,54
42128,0.2.6,0,2,6,30
42129,0.2.6,0,2,6,30
42130,0.4.6,0,4,6,54
42134,0.4.6,0,4,6,54
42135,0.4.6,0,4,6,54
42136,0.4.6,0,4,6,54
42137,0.4.6,0,4,6,54
42138,0.4.6,0,4,6,54
42139,0.2.6,0,2,6,30
42140,0.4.6,0,4,6,54
42144,0.4.6,0,4,6,54
42145,0.4.6,0,4,6,54
42146,5.5.4,5,5,4,1264
42149,0.4.6,0,4,6,54
42150,0.2.6,0,2,6,30
42151,0.2.6,0,2,6,30
42153,0.4.6,0,4,6,54
42154,0.4.6,0,4,6,54
42155,0.4.6,0,4,6,54
42157,0.4.6,0,4,6,54
42158,0.4.6,0,4,6,54
42159,0.4.6,0,4,6,54
42160,0.2.6,0,2,6,30
42162,0.4.6,0,4,6,54
42163,0.4.6,0,4,6,54
42165,0.4.6,0,4,6,54
42166,0.4.6,0,4,6,54
42167,0.4.6,0,4,6,54
42168,0.4.6,0,4,6,54
42169,0.4.6,0,4,6,54
42170,0.4.6,0,4,6,54
42172,0.4.6,0,4,6,54
42173,0.4.6,0,4,6,54
42174,0.4.6,0,4,6,54
42175,0.2.6,0,2,6,30
42176,0.4.6,0,4,6,54
42177,0.4.6,0,4,6,54
42178,0.4.6,0,4,6,54
42179,0.4.6,0,4,6,54
42180,0.4.6,0,4,6,54
42181,0.2.6,0,2,6,30
42182,0.4.6,0,4,6,54
42185,0.2.6,0,2,6,30
42189,0.4.9,0,4,9,57
42192,0.2.6,0,2,6,30
42193,0.2.6,0,2,6,30
42194,0.4.9,0,4,9,57
42196,0.4.9,0,4,9,57
42197,0.4.9,0,4,9,57
42198,0.2.6,0,2,6,30
42199,0.4.9,0,4,9,57
42201,0.4.6,0,4,6,54
42203,0.2.6,0,2,6,30
42204,0.4.9,0,4,9,57
42205,0.4.9,0,4,9,57
42206,0.4.9,0,4,9,57
42207,0.4.9,0,4,9,57
42208,0.2.6,0,2,6,30
42209,0.4.9,0,4,9,57
42212,0.4.9,0,4,9,57
42213,0.10.8,0,10,8,128
42214,0.4.9,0,4,9,57
42216,0.4.9,0,4,9,57
42217,0.4.9,0,4,9,57
42218,0.4.9,0,4,9,57
42220,0.4.9,0,4,9,57
42221,0.4.9,0,4,9,57
42223,0.4.6,0,4,6,54
42225,0.4.9,0,4,9,57
42226,0.4.9,0,4,9,57
42227,0.4.9,0,4,9,57
42228,0.9.3,0,9,3,111
42229,0.4.9,0,4,9,57
42230,0.4.9,0,4,9,57
42231,0.4.9,0,4,9,57
42233,0.4.9,0,4,9,57
42234,0.4.9,0,4,9,57
42235,0.4.9,0,4,9,57
42237,0.4.9,0,4,9,57
42239,0.4.9,0,4,9,57
42240,0.4.9,0,4,9,57
42242,0.4.9,0,4,9,57
42244,0.6.11,0,6,11,83
42245,0.4.9,0,4,9,57
42246,0.13.4,0,13,4,160
42247,0.4.9,0,4,9,57
42248,0.4.9,0,4,9,57
42249,0.4.9,0,4,9,57
42250,0.4.9,0,4,9,57
42252,0.4.9,0,4,9,57
42253,0.2.6,0,2,6,30
42254,0.4.9,0,4,9,57
42255,0.2.6,0,2,6,30
42256,0.4.9,0,4,9,57
42257,0.9.3,0,9,3,111
42258,0.4.9,0,4,9,57
42259,0.4.9,0,4,9,57
42260,0.4.9,0,4,9,57
42261,0.2.6,0,2,6,30
42263,0.10.8,0,10,8,128
42265,0.4.9,0,4,9,57
42266,0.2.6,0,2,6,30
42271,0.4.9,0,4,9,57
42273,0.4.9,0,4,9,57
42274,0.4.6,0,4,6,54
42275,0.4.9,0,4,9,57
42276,0.4.6,0,4,6,54
42277,0.4.9,0,4,9,57
42279,0.9.3,0,9,3,111
42282,0.13.4,0,13,4,160
42283,0.4.9,0,4,9,57
42284,0.4.9,0,4,9,57
42287,0.4.9,0,4,9,57
42288,0.2.6,0,2,6,30
42290,0.13.4,0,13,4,160
42291,0.4.9,0,4,9,57
42292,0.2.6,0,2,6,30
42293,0.4.9,0,4,9,57
42294,0.4.9,0,4,9,57
42295,0.9.3,0,9,3,111
42298,0.4.9,0,4,9,57
42299,0.2.6,0,2,6,30
42300,0.4.9,0,4,9,57
42301,0.4.9,0,4,9,57
42302,0.2.6,0,2,6,30
42304,0.4.9,0,4,9,57
42305,0.4.9,0,4,9,57
42309,0.4.9,0,4,9,57
42311,0.4.9,0,4,9,57
42315,0.4.9,0,4,9,57
42316,0.4.9,0,4,9,57
42319,0.4.9,0,4,9,57
42321,0.4.9,0,4,9,57
42322,0.4.9,0,4,9,57
42323,0.9.3,0,9,3,111
42326,0.2.6,0,2,6,30
42327,0.4.9,0,4,9,57
42328,0.4.9,0,4,9,57
42331,0.4.9,0,4,9,57
42334,0.6.11,0,6,11,83
42335,0.4.9,0,4,9,57
42336,0.4.6,0,4,6,54
42337,0.4.9,0,4,9,57
42338,0.4.9,0,4,9,57
42339,0.4.6,0,4,6,54
42340,0.4.9,0,4,9,57
42341,0.4.9,0,4,9,57
42343,0.4.9,0,4,9,57
42344,0.4.9,0,4,9,57
42348,0.2.6,0,2,6,30
42351,0.4.9,0,4,9,57
42352,0.4.9,0,4,9,57
42353,0.4.9,0,4,9,57
42354,0.4.9,0,4,9,57
42355,0.4.9,0,4,9,57
42356,0.4.6,0,4,6,54
42357,0.4.9,0,4,9,57
42358,0.4.9,0,4,9,57
42359,0.4.9,0,4,9,57
42364,0.4.9,0,4,9,57
42365,0.9.3,0,9,3,111
42367,0.4.9,0,4,9,57
42368,0.4.9,0,4,9,57
42369,0.2.6,0,2,6,30
42370,0.4.6,0,4,6,54
42372,0.2.6,0,2,6,30
42373,0.2.6,0,2,6,30
42374,0.2.6,0,2,6,30
42375,0.4.9,0,4,9,57
42376,0.4.9,0,4,9,57
42377,0.4.9,0,4,9,57
42378,0.4.9,0,4,9,57
42381,0.9.3,0,9,3,111
42382,0.4.9,0,4,9,57
42383,0.2.6,0,2,6,30
42384,0.2.6,0,2,6,30
42385,0.2.6,0,2,6,30
42386,0.4.6,0,4,6,54
42387,0.4.6,0,4,6,54
42395,0.2.6,0,2,6,30
42397,0.4.6,0,4,6,54
42398,0.4.9,0,4,9,57
42399,0.4.9,0,4,9,57
42400,0.2.6,0,2,6,30
42401,0.4.9,0,4,9,57
42404,0.9.3,0,9,3,111
42405,0.4.9,0,4,9,57
42407,0.2.6,0,2,6,30
42408,0.4.9,0,4,9,57
42409,0.4.9,0,4,9,57
42410,0.4.9,0,4,9,57
42412,0.2.6,0,2,6,30
42415,0.4.6,0,4,6,54
42417,0.4.9,0,4,9,57
42420,0.4.9,0,4,9,57
42422,0.4.9,0,4,9,57
42423,0.4.6,0,4,6,54
42424,0.4.6,0,4,6,54
42425,0.4.9,0,4,9,57
42428,0.4.6,0,4,6,54
42429,2.14.8,2,14,8,656
42430,0.4.6,0,4,6,54
42431,0.2.6,0,2,6,30
42432,0.4.9,0,4,9,57
42433,0.4.6,0,4,6,54
42434,0.4.9,0,4,9,57
42435,0.2.6,0,2,6,30
42436,0.4.9,0,4,9,57
42437,0.2.6,0,2,6,30
42438,0.2.6,0,2,6,30
42439,0.4.9,0,4,9,57
42440,0.4.6,0,4,6,54
42441,0.4.6,0,4,6,54
42442,0.4.9,0,4,9,57
42443,0.9.3,0,9,3,111
42446,0.4.9,0,4,9,57
42447,0.4.9,0,4,9,57
42448,0.4.9,0,4,9,57
42449,0.4.9,0,4,9,57
42450,0.9.3,0,9,3,111
42452,0.2.6,0,2,6,30
42453,0.4.9,0,4,9,57
42455,0.4.9,0,4,9,57
42457,0.4.9,0,4,9,57
42459,0.4.9,0,4,9,57
42460,0.4.6,0,4,6,54
42461,0.2.6,0,2,6,30
42462,0.4.9,0,4,9,57
42463,0.2.6,0,2,6,30
42464,0.4.9,0,4,9,57
42465,0.4.9,0,4,9,57
42466,0.4.9,0,4,9,57
42467,0.2.6,0,2,6,30
42468,0.4.9,0,4,9,57
42470,0.2.6,0,2,6,30
42471,0.4.6,0,4,6,54
42472,0.4.9,0,4,9,57
42473,0.4.9,0,4,9,57
42475,0.4.9,0,4,9,57
42476,0.2.6,0,2,6,30
42477,0.4.9,0,4,9,57
42478,0.4.9,0,4,9,57
42479,0.4.9,0,4,9,57
42480,0.4.6,0,4,6,54
42481,0.4.9,0,4,9,57
42485,0.4.9,0,4,9,57
42487,0.4.9,0,4,9,57
42488,0.4.9,0,4,9,57
42489,0.4.9,0,4,9,57
42490,0.4.9,0,4,9,57
42491,0.4.6,0,4,6,54
42493,0.2.6,0,2,6,30
42494,0.4.9,0,4,9,57
42496,0.9.3,0,9,3,111
42497,0.4.9,0,4,9,57
42499,0.9.3,0,9,3,111
42501,0.4.9,0,4,9,57
42502,0.9.3,0,9,3,111
42503,0.2.6,0,2,6,30
42504,0.4.9,0,4,9,57
42506,0.4.9,0,4,9,57
42507,0.4.9,0,4,9,57
42508,0.2.6,0,2,6,30
42509,0.4.9,0,4,9,57
42510,0.4.9,0,4,9,57
42511,0.4.6,0,4,6,54
42512,0.4.6,0,4,6,54
42515,0.4.9,0,4,9,57
42516,0.4.9,0,4,9,57
42517,0.4.9,0,4,9,57
42519,0.4.9,0,4,9,57
42520,0.4.9,0,4,9,57
42521,0.4.9,0,4,9,57
42522,0.4.9,0,4,9,57
42523,0.2.6,0,2,6,30
42524,0.4.9,0,4,9,57
42525,0.2.6,0,2,6,30
42526,0.4.9,0,4,9,57
42527,0.4.6,0,4,6,54
42529,0.2.6,0,2,6,30
42532,0.4.9,0,4,9,57
42533,0.4.9,0,4,9,57
42535,0.2.6,0,2,6,30
42538,0.4.6,0,4,6,54
42539,0.4.9,0,4,9,57
42543,0.4.9,0,4,9,57
42544,0.4.9,0,4,9,57
42548,0.4.9,0,4,9,57
42549,0.4.9,0,4,9,57
42551,0.13.7,0,13,7,163
42552,0.13.4,0,13,4,160
42554,0.2.6,0,2,6,30
42555,0.4.3,0,4,3,51
42556,0.4.3,0,4,3,51
42557,0.4.6,0,4,6,54
42558,0.4.9,0,4,9,57
42561,0.2.6,0,2,6,30
42562,0.4.9,0,4,9,57
42563,0.4.9,0,4,9,57
42564,0.6.11,0,6,11,83
42565,0.13.7,0,13,7,163
42566,0.2.6,0,2,6,30
42571,0.4.9,0,4,9,57
42577,0.4.9,0,4,9,57
42578,0.4.6,0,4,6,54
42579,0.2.2,0,2,2,26
42581,0.2.2,0,2,2,26
42583,0.2.6,0,2,6,30
42584,0.9.3,0,9,3,111
42587,0.4.6,0,4,6,54
42588,0.4.9,0,4,9,57
42589,0.4.9,0,4,9,57
42590,0.4.9,0,4,9,57
42591,0.4.9,0,4,9,57
42594,0.4.9,0,4,9,57
42595,0.4.6,0,4,6,54
42596,0.9.3,0,9,3,111
42598,0.2.6,0,2,6,30
42599,0.4.9,0,4,9,57
42600,0.2.6,0,2,6,30
42601,0.4.9,0,4,9,57
42605,0.2.6,0,2,6,30
42606,0.2.6,0,2,6,30
42608,0.4.9,0,4,9,57
42611,0.4.9,0,4,9,57
42613,0.4.9,0,4,9,57
42615,0.2.6,0,2,6,30
42616,0.4.9,0,4,9,57
42617,0.2.6,0,2,6,30
42619,0.4.9,0,4,9,57
42621,0.2.6,0,2,6,30
42622,0.4.6,0,4,6,54
42624,0.4.9,0,4,9,57
42625,0.4.9,0,4,9,57
42626,0.4.9,0,4,9,57
42627,0.13.7,0,13,7,163
42628,0.2.6,0,2,6,30
42629,0.18.5,0,18,5,221
42630,0.4.6,0,4,6,54
42631,0.2.6,0,2,6,30
42634,0.4.9,0,4,9,57
42635,0.4.9,0,4,9,57
42638,0.2.6,0,2,6,30
42639,0.9.3,0,9,3,111
42640,0.4.9,0,4,9,57
42641,0.4.9,0,4,9,57
42643,0.4.6,0,4,6,54
42644,0.4.6,0,4,6,54
42646,0.4.9,0,4,9,57
42647,0.2.6,0,2,6,30
42649,0.4.9,0,4,9,57
42650,0.4.9,0,4,9,57
42651,0.4.9,0,4,9,57
42652,0.4.9,0,4,9,57
42653,0.4.6,0,4,6,54
42654,0.2.6,0,2,6,30
42655,0.4.9,0,4,9,57
42656,0.4.6,0,4,6,54
42657,0.9.3,0,9,3,111
42659,0.4.9,0,4,9,57
42660,0.4.9,0,4,9,57
42661,0.4.9,0,4,9,57
42665,0.4.9,0,4,9,57
42666,0.4.9,0,4,9,57
42668,0.4.9,0,4,9,57
42671,0.2.6,0,2,6,30
42673,0.4.9,0,4,9,57
42674,0.4.9,0,4,9,57
42675,0.4.9,0,4,9,57
42676,0.9.3,0,9,3,111
42678,0.4.9,0,4,9,57
42679,0.4.9,0,4,9,57
42680,0.9.3,0,9,3,111
42681,0.2.6,0,2,6,30
42683,0.4.9,0,4,9,57
42684,0.2.6,0,2,6,30
42685,0.4.9,0,4,9,57
42688,0.2.6,0,2,6,30
42689,0.2.6,0,2,6,30
42691,0.4.9,0,4,9,57
42692,0.4.9,0,4,9,57
42694,0.4.6,0,4,6,54
42695,0.4.9,0,4,9,57
42696,0.4.9,0,4,9,57
42697,0.2.6,0,2,6,30
42700,0.4.9,0,4,9,57
42701,0.4.9,0,4,9,57
42702,0.4.9,0,4,9,57
42703,0.4.9,0,4,9,57
42704,0.4.6,0,4,6,54
42707,0.4.9,0,4,9,57
42708,0.4.9,0,4,9,57
42711,0.4.9,0,4,9,57
42712,0.4.9,0,4,9,57
42715,0.4.9,0,4,9,57
42716,0.4.6,0,4,6,54
42717,0.2.6,0,2,6,30
42718,0.4.9,0,4,9,57
42720,0.4.6,0,4,6,54
42721,0.4.6,0,4,6,54
42722,0.4.9,0,4,9,57
42723,0.2.6,0,2,6,30
42725,0.4.9,0,4,9,57
42730,0.4.9,0,4,9,57
42731,0.4.9,0,4,9,57
42732,0.13.4,0,13,4,160
42733,0.9.0,0,9,0,108
42734,0.4.9,0,4,9,57
42737,0.4.9,0,4,9,57
42738,0.4.9,0,4,9,57
42740,0.4.9,0,4,9,57
42744,0.4.6,0,4,6,54
42745,0.4.9,0,4,9,57
42747,0.2.6,0,2,6,30
42749,0.4.9,0,4,9,57
42750,0.4.9,0,4,9,57
42752,0.4.9,0,4,9,57
42753,0.9.0,0,9,0,108
42754,0.4.9,0,4,9,57
42759,0.4.9,0,4,9,57
42760,0.4.9,0,4,9,57
42761,0.4.9,0,4,9,57
42762,0.4.9,0,4,9,57
42763,0.13.4,0,13,4,160
42764,0.4.9,0,4,9,57
42765,0.4.9,0,4,9,57
42766,0.4.9,0,4,9,57
42767,0.4.6,0,4,6,54
42768,0.2.6,0,2,6,30
42769,0.4.9,0,4,9,57
42770,0.4.9,0,4,9,57
42771,0.4.6,0,4,6,54
42772,0.4.9,0,4,9,57
42774,0.4.6,0,4,6,54
42776,0.4.9,0,4,9,57
42779,0.4.6,0,4,6,54
42780,0.4.9,0,4,9,57
42781,0.4.9,0,4,9,57
42782,0.9.0,0,9,0,108
42783,0.4.9,0,4,9,57
42784,0.4.9,0,4,9,57
42785,0.4.9,0,4,9,57
42786,0.4.9,0,4,9,57
42787,0.4.9,0,4,9,57
42788,0.4.9,0,4,9,57
42789,0.2.6,0,2,6,30
42793,0.4.6,0,4,6,54
42794,0.4.6,0,4,6,54
42795,0.4.9,0,4,9,57
42796,0.4.9,0,4,9,57
42797,0.4.9,0,4,9,57
42798,0.4.9,0,4,9,57
42799,0.4.6,0,4,6,54
42800,0.4.6,0,4,6,54
42802,0.4.9,0,4,9,57
42803,0.4.9,0,4,9,57
42806,0.4.9,0,4,9,57
42807,0.4.9,0,4,9,57
42808,0.4.9,0,4,9,57
42809,0.2.6,0,2,6,30
42811,0.4.9,0,4,9,57
42812,0.4.9,0,4,9,57
42814,0.4.9,0,4,9,57
42816,0.4.9,0,4,9,57
42817,0.4.9,0,4,9,57
42818,0.4.9,0,4,9,57
42819,0.9.3,0,9,3,111
42820,0.4.9,0,4,9,57
42821,0.6.11,0,6,11,83
42824,0.4.9,0,4,9,57
42825,0.4.6,0,4,6,54
42826,0.4.9,0,4,9,57
42827,2.14.8,2,14,8,656
42833,0.4.6,0,4,6,54
42834,0.2.6,0,2,6,30
42836,0.4.9,0,4,9,57
42837,0.2.6,0,2,6,30
42838,0.2.6,0,2,6,30
42839,0.4.6,0,4,6,54
42840,0.4.9,0,4,9,57
42841,0.4.6,0,4,6,54
42843,0.9.0,0,9,0,108
42844,0.4.9,0,4,9,57
42846,0.2.6,0,2,6,30
42847,0.9.0,0,9,0,108
42848,0.4.9,0,4,9,57
42849,0.4.9,0,4,9,57
42851,0.4.9,0,4,9,57
42852,0.4.6,0,4,6,54
42854,0.2.6,0,2,6,30
42856,0.4.6,0,4,6,54
42859,0.4.9,0,4,9,57
42860,0.4.9,0,4,9,57
42862,0.4.9,0,4,9,57
42866,0.4.9,0,4,9,57
42867,0.4.9,0,4,9,57
42868,0.4.9,0,4,9,57
42870,0.2.6,0,2,6,30
42871,0.4.9,0,4,9,57
42874,0.4.9,0,4,9,57
42876,0.4.9,0,4,9,57
42877,0.4.9,0,4,9,57
42878,0.4.9,0,4,9,57
42881,0.4.9,0,4,9,57
42882,0.4.6,0,4,6,54
42883,0.2.6,0,2,6,30
42886,0.4.9,0,4,9,57
42887,0.4.9,0,4,9,57
42888,0.2.6,0,2,6,30
42890,0.4.9,0,4,9,57
42891,0.2.6,0,2,6,30
42894,0.9.0,0,9,0,108
42895,0.4.9,0,4,9,57
42896,0.4.9,0,4,9,57
42897,0.4.6,0,4,6,54
42898,0.4.6,0,4,6,54
42899,0.4.6,0,4,6,54
42900,0.4.9,0,4,9,57
42902,0.4.9,0,4,9,57
42903,0.4.9,0,4,9,57
42904,0.2.6,0,2,6,30
42905,0.4.9,0,4,9,57
42906,0.4.9,0,4,9,57
42907,0.9.3,0,9,3,111
42908,0.4.9,0,4,9,57
42910,0.4.9,0,4,9,57
42912,0.9.3,0,9,3,111
42913,0.4.6,0,4,6,54
42914,0.4.9,0,4,9,57
42915,0.4.6,0,4,6,54
42916,0.9.3,0,9,3,111
42917,0.9.3,0,9,3,111
42918,0.4.9,0,4,9,57
42919,0.4.6,0,4,6,54
42920,0.4.9,0,4,9,57
42921,0.4.9,0,4,9,57
42922,0.4.6,0,4,6,54
42925,0.4.9,0,4,9,57
42926,0.4.6,0,4,6,54
42927,0.4.9,0,4,9,57
42928,0.4.9,0,4,9,57
42929,0.4.6,0,4,6,54
42930,0.4.9,0,4,9,57
42931,0.4.9,0,4,9,57
42933,0.2.6,0,2,6,30
42935,0.2.6,0,2,6,30
42936,0.4.9,0,4,9,57
42937,0.4.9,0,4,9,57
42938,0.4.9,0,4,9,57
42939,0.2.6,0,2,6,30
42941,0.4.9,0,4,9,57
42943,0.2.6,0,2,6,30
42946,0.4.6,0,4,6,54
42947,0.4.6,0,4,6,54
42949,0.4.9,0,4,9,57
42950,0.4.9,0,4,9,57
42952,0.2.6,0,2,6,30
42953,0.4.6,0,4,6,54
42954,0.4.9,0,4,9,57
42955,0.2.6,0,2,6,30
42957,0.2.6,0,2,6,30
42959,0.4.6,0,4,6,54
42960,0.4.9,0,4,9,57
42962,0.4.9,0,4,9,57
42964,0.2.6,0,2,6,30
42966,0.9.3,0,9,3,111
42967,0.4.6,0,4,6,54
42968,0.9.3,0,9,3,111
42969,0.4.6,0,4,6,54
42970,0.4.6,0,4,6,54
42971,0.9.3,0,9,3,111
42972,0.4.6,0,4,6,54
42973,0.4.9,0,4,9,57
42974,0.4.9,0,4,9,57
42975,0.4.9,0,4,9,57
42976,0.4.6,0,4,6,54
42977,0.4.6,0,4,6,54
42979,0.4.9,0,4,9,57
42980,0.4.9,0,4,9,57
42981,0.4.9,0,4,9,57
42982,0.4.9,0,4,9,57
42983,0.4.9,0,4,9,57
42985,0.9.3,0,9,3,111
42986,0.2.6,0,2,6,30
42987,0.4.9,0,4,9,57
42988,0.4.9,0,4,9,57
42990,0.4.9,0,4,9,57
42991,0.4.6,0,4,6,54
42994,0.4.9,0,4,9,57
42995,0.9.0,0,9,0,108
42997,0.4.9,0,4,9,57
42998,0.4.9,0,4,9,57
43000,0.4.9,0,4,9,57
43001,0.4.9,0,4,9,57
43002,0.4.9,0,4,9,57
43003,0.4.9,0,4,9,57
43004,0.4.9,0,4,9,57
43009,0.4.6,0,4,6,54
43010,0.2.6,0,2,6,30
43013,0.2.6,0,2,6,30
43014,0.4.9,0,4,9,57
43015,0.4.9,0,4,9,57
43016,0.4.9,0,4,9,57
43017,0.4.9,0,4,9,57
43018,0.2.6,0,2,6,30
43019,0.2.6,0,2,6,30
43022,0.9.3,0,9,3,111
43023,0.4.9,0,4,9,57
43024,0.4.9,0,4,9,57
43025,0.4.9,0,4,9,57
43027,0.4.9,0,4,9,57
43028,0.4.9,0,4,9,57
43029,0.4.9,0,4,9,57
43030,0.4.9,0,4,9,57
43031,0.2.6,0,2,6,30
43032,0.2.6,0,2,6,30
43033,0.4.9,0,4,9,57
43037,0.4.6,0,4,6,54
43039,0.4.6,0,4,6,54
43040,0.4.9,0,4,9,57
43041,0.4.9,0,4,9,57
43042,0.4.6,0,4,6,54
43043,0.4.9,0,4,9,57
43044,0.4.9,0,4,9,57
43045,0.4.6,0,4,6,54
43046,0.4.9,0,4,9,57
43048,0.9.0,0,9,0,108
43049,0.4.9,0,4,9,57
43050,0.4.9,0,4,9,57
43051,0.4.9,0,4,9,57
43055,0.2.6,0,2,6,30
43056,0.4.9,0,4,9,57
43057,0.4.6,0,4,6,54
43058,0.4.6,0,4,6,54
43059,0.4.9,0,4,9,57
43062,0.2.6,0,2,6,30
43063,0.4.9,0,4,9,57
43064,0.4.9,0,4,9,57
43065,0.2.6,0,2,6,30
43066,0.10.8,0,10,8,128
43067,0.2.6,0,2,6,30
43070,0.4.9,0,4,9,57
43071,0.4.6,0,4,6,54
43073,0.4.6,0,4,6,54
43074,0.4.9,0,4,9,57
43076,0.4.9,0,4,9,57
43077,0.4.9,0,4,9,57
43078,0.4.9,0,4,9,57
43082,0.2.6,0,2,6,30
43084,0.4.9,0,4,9,57
43085,0.2.6,0,2,6,30
43086,0.4.6,0,4,6,54
43087,0.4.6,0,4,6,54
43089,0.4.9,0,4,9,57
43091,0.9.0,0,9,0,108
43092,0.4.6,0,4,6,54
43093,0.2.6,0,2,6,30
43094,0.2.6,0,2,6,30
43097,0.4.9,0,4,9,57
43099,0.2.6,0,2,6,30
43100,0.4.9,0,4,9,57
43101,0.4.9,0,4,9,57
43102,0.4.9,0,4,9,57
43105,0.4.9,0,4,9,57
43106,0.2.6,0,2,6,30
43107,0.4.9,0,4,9,57
43108,0.4.9,0,4,9,57
43109,0.4.9,0,4,9,57
43111,0.2.6,0,2,6,30
43112,0.2.6,0,2,6,30
43115,0.4.9,0,4,9,57
43116,0.4.9,0,4,9,57
43117,0.4.9,0,4,9,57
43118,0.4.6,0,4,6,54
43119,0.2.6,0,2,6,30
43121,0.9.3,0,9,3,111
43122,0.4.6,0,4,6,54
43126,0.2.6,0,2,6,30
43127,0.10.8,0,10,8,128
43129,0.4.9,0,4,9,57
43131,0.2.6,0,2,6,30
43133,0.4.9,0,4,9,57
43135,0.4.9,0,4,9,57
43136,0.4.6,0,4,6,54
43137,0.4.6,0,4,6,54
43138,0.4.9,0,4,9,57
43139,0.4.9,0,4,9,57
43140,0.4.9,0,4,9,57
43142,0.4.9,0,4,9,57
43144,0.2.6,0,2,6,30
43145,0.2.6,0,2,6,30
43148,0.4.9,0,4,9,57
43150,0.4.9,0,4,9,57
43151,0.4.9,0,4,9,57
43154,0.2.6,0,2,6,30
43155,0.2.6,0,2,6,30
43156,0.4.9,0,4,9,57
43158,0.4.9,0,4,9,57
43159,0.4.9,0,4,9,57
43161,0.9.0,0,9,0,108
43167,0.13.4,0,13,4,160
43169,0.4.6,0,4,6,54
43170,0.4.9,0,4,9,57
43173,0.4.9,0,4,9,57
43174,0.4.9,0,4,9,57
43176,0.2.6,0,2,6,30
43177,4.0.0,4,0,0,960
43179,0.4.9,0,4,9,57
43181,0.4.9,0,4,9,57
43183,0.2.6,0,2,6,30
43184,0.2.6,0,2,6,30
43186,0.4.6,0,4,6,54
43187,0.4.6,0,4,6,54
43188,0.4.9,0,4,9,57
43189,0.2.6,0,2,6,30
43190,0.4.9,0,4,9,57
43191,0.2.6,0,2,6,30
43192,0.4.9,0,4,9,57
43193,0.4.9,0,4,9,57
43194,0.4.6,0,4,6,54
43197,0.4.6,0,4,6,54
43198,0.4.9,0,4,9,57
43199,0.9.3,0,9,3,111
43200,0.4.9,0,4,9,57
43201,0.2.6,0,2,6,30
43202,0.4.9,0,4,9,57
43203,0.4.9,0,4,9,57
43204,0.4.6,0,4,6,54
43205,0.4.9,0,4,9,57
43206,0.4.9,0,4,9,57
43207,0.9.3,0,9,3,111
43208,0.4.9,0,4,9,57
43209,0.4.9,0,4,9,57
43212,0.4.9,0,4,9,57
43214,0.4.9,0,4,9,57
43215,0.4.9,0,4,9,57
43216,0.4.9,0,4,9,57
43217,0.4.9,0,4,9,57
43219,0.4.9,0,4,9,57
43221,0.4.6,0,4,6,54
43222,0.4.9,0,4,9,57
43223,0.4.9,0,4,9,57
43224,0.4.9,0,4,9,57
43225,0.2.6,0,2,6,30
43226,0.4.9,0,4,9,57
43227,0.4.9,0,4,9,57
43228,0.13.4,0,13,4,160
43229,0.4.6,0,4,6,54
43230,0.2.6,0,2,6,30
43231,0.2.6,0,2,6,30
43233,0.2.6,0,2,6,30
43236,0.10.8,0,10,8,128
43237,0.4.9,0,4,9,57
43239,0.4.9,0,4,9,57
43240,0.2.6,0,2,6,30
43243,0.2.6,0,2,6,30
43244,0.4.6,0,4,6,54
43245,0.2.6,0,2,6,30
43246,0.4.9,0,4,9,57
43247,0.4.9,0,4,9,57
43248,0.2.6,0,2,6,30
43249,0.2.6,0,2,6,30
43250,0.4.9,0,4,9,57
43251,0.4.9,0,4,9,57
43252,0.4.9,0,4,9,57
43254,0.4.9,0,4,9,57
43256,0.4.9,0,4,9,57
43257,0.4.6,0,4,6,54
43259,0.4.9,0,4,9,57
43260,0.4.9,0,4,9,57
43261,0.13.7,0,13,7,163
43262,0.4.9,0,4,9,57
43263,0.2.6,0,2,6,30
43264,0.4.6,0,4,6,54
43265,0.4.9,0,4,9,57
43267,0.2.6,0,2,6,30
43268,0.6.11,0,6,11,83
43270,0.4.9,0,4,9,57
43271,0.4.6,0,4,6,54
43272,0.9.3,0,9,3,111
43274,0.4.9,0,4,9,57
43276,0.4.9,0,4,9,57
43277,0.4.9,0,4,9,57
43278,0.9.3,0,9,3,111
43279,0.4.9,0,4,9,57
43280,0.4.9,0,4,9,57
43281,0.4.9,0,4,9,57
43282,0.4.9,0,4,9,57
43284,0.4.9,0,4,9,57
43285,0.4.9,0,4,9,57
43287,0.4.9,0,4,9,57
43288,0.4.9,0,4,9,57
43290,0.4.9,0,4,9,57
43291,0.4.6,0,4,6,54
43292,0.4.9,0,4,9,57
43295,0.4.9,0,4,9,57
43296,0.4.9,0,4,9,57
43299,0.10.8,0,10,8,128
43301,0.4.9,0,4,9,57
43302,0.2.6,0,2,6,30
43303,0.4.9,0,4,9,57
43304,0.4.6,0,4,6,54
43306,0.4.9,0,4,9,57
43307,0.4.9,0,4,9,57
43308,0.4.9,0,4,9,57
43309,0.4.9,0,4,9,57
43310,0.4.9,0,4,9,57
43311,0.4.9,0,4,9,57
43312,0.4.9,0,4,9,57
43313,0.2.6,0,2,6,30
43314,0.4.9,0,4,9,57
43315,0.4.9,0,4,9,57
43316,0.4.6,0,4,6,54
43317,0.2.6,0,2,6,30
43318,0.4.9,0,4,9,57
43319,0.9.3,0,9,3,111
43320,0.4.9,0,4,9,57
43321,0.4.9,0,4,9,57
43322,0.9.3,0,9,3,111
43323,0.4.9,0,4,9,57
43325,0.2.6,0,2,6,30
43326,0.4.9,0,4,9,57
43327,0.4.9,0,4,9,57
43328,0.2.6,0,2,6,30
43329,0.2.6,0,2,6,30
43332,0.2.6,0,2,6,30
43333,0.4.9,0,4,9,57
43334,0.4.9,0,4,9,57
43335,0.4.9,0,4,9,57
43336,0.4.9,0,4,9,57
43338,0.4.9,0,4,9,57
43340,0.4.9,0,4,9,57
43341,0.2.6,0,2,6,30
43342,0.4.6,0,4,6,54
43343,0.4.9,0,4,9,57
43344,0.4.9,0,4,9,57
43346,0.10.8,0,10,8,128
43347,0.2.6,0,2,6,30
43348,0.2.6,0,2,6,30
43350,0.2.6,0,2,6,30
43352,0.4.9,0,4,9,57
43353,0.4.9,0,4,9,57
43355,0.9.3,0,9,3,111
43356,0.4.9,0,4,9,57
43358,0.4.6,0,4,6,54
43359,0.4.6,0,4,6,54
43360,0.4.9,0,4,9,57
43361,0.4.9,0,4,9,57
43362,0.9.3,0,9,3,111
43363,0.4.9,0,4,9,57
43364,0.2.6,0,2,6,30
43365,0.4.9,0,4,9,57
43367,0.4.9,0,4,9,57
43371,0.4.9,0,4,9,57
43372,0.4.9,0,4,9,57
43373,0.4.9,0,4,9,57
43375,0.9.0,0,9,0,108
43377,0.2.6,0,2,6,30
43378,0.2.6,0,2,6,30
43381,0.4.6,0,4,6,54
43382,0.4.9,0,4,9,57
43383,0.4.6,0,4,6,54
43384,0.9.0,0,9,0,108
43386,0.4.9,0,4,9,57
43387,0.4.9,0,4,9,57
43388,0.4.9,0,4,9,57
43390,0.4.9,0,4,9,57
43393,0.9.0,0,9,0,108
43394,0.4.9,0,4,9,57
43395,0.4.9,0,4,9,57
43396,0.4.9,0,4,9,57
43397,0.4.6,0,4,6,54
43400,0.9.0,0,9,0,108
43401,0.4.9,0,4,9,57
43402,0.4.9,0,4,9,57
43403,0.4.9,0,4,9,57
43406,0.2.6,0,2,6,30
43407,0.4.6,0,4,6,54
43408,0.2.6,0,2,6,30
43409,0.4.9,0,4,9,57
43413,0.2.6,0,2,6,30
43414,0.9.0,0,9,0,108
43415,0.4.9,0,4,9,57
43416,0.2.6,0,2,6,30
43417,0.2.6,0,2,6,30
43418,0.4.9,0,4,9,57
43419,0.4.9,0,4,9,57
43420,0.4.6,0,4,6,54
43421,0.2.6,0,2,6,30
43422,0.4.6,0,4,6,54
43423,0.4.9,0,4,9,57
43424,0.2.6,0,2,6,30
43427,0.2.6,0,2,6,30
43428,0.4.9,0,4,9,57
43431,0.4.9,0,4,9,57
43432,0.4.9,0,4,9,57
43433,0.4.9,0,4,9,57
43434,0.2.6,0,2,6,30
43435,0.4.9,0,4,9,57
43436,0.4.9,0,4,9,57
43437,0.2.6,0,2,6,30
43438,0.4.9,0,4,9,57
43439,0.4.6,0,4,6,54
43440,0.4.9,0,4,9,57
43442,0.2.6,0,2,6,30
43443,0.4.9,0,4,9,57
43444,0.4.9,0,4,9,57
43445,0.4.9,0,4,9,57
43446,0.2.6,0,2,6,30
43447,0.4.9,0,4,9,57
43448,0.13.4,0,13,4,160
43450,0.4.9,0,4,9,57
43452,0.4.6,0,4,6,54
43453,0.2.6,0,2,6,30
43454,0.4.9,0,4,9,57
43455,0.4.9,0,4,9,57
43456,0.4.9,0,4,9,57
43457,0.4.9,0,4,9,57
43458,0.2.6,0,2,6,30
43459,0.4.9,0,4,9,57
43460,0.4.9,0,4,9,57
43462,0.10.8,0,10,8,128
43464,0.4.6,0,4,6,54
43465,0.2.6,0,2,6,30
43471,0.4.9,0,4,9,57
43472,0.2.6,0,2,6,30
43473,0.9.3,0,9,3,111
43474,0.2.6,0,2,6,30
43475,0.2.6,0,2,6,30
43477,0.4.9,0,4,9,57
43478,0.2.6,0,2,6,30
43481,0.4.6,0,4,6,54
43482,0.2.6,0,2,6,30
43483,0.10.8,0,10,8,128
43486,0.2.6,0,2,6,30
43487,0.4.9,0,4,9,57
43488,0.4.9,0,4,9,57
43489,0.2.6,0,2,6,30
43490,0.4.9,0,4,9,57
43491,0.4.9,0,4,9,57
43492,0.4.9,0,4,9,57
43493,0.2.6,0,2,6,30
43494,0.4.6,0,4,6,54
43495,0.4.9,0,4,9,57
43497,0.4.9,0,4,9,57
43499,0.4.9,0,4,9,57
43500,0.4.9,0,4,9,57
43501,0.2.6,0,2,6,30
43503,0.4.9,0,4,9,57
43505,0.4.9,0,4,9,57
43506,0.4.9,0,4,9,57
43507,0.13.7,0,13,7,163
43508,0.4.9,0,4,9,57
43510,0.4.9,0,4,9,57
43511,0.2.6,0,2,6,30
43513,0.4.9,0,4,9,57
43514,0.4.6,0,4,6,54
43515,0.4.9,0,4,9,57
43519,0.4.9,0,4,9,57
43520,0.4.9,0,4,9,57
43521,0.4.9,0,4,9,57
43522,0.4.6,0,4,6,54
43523,0.4.9,0,4,9,57
43528,0.4.9,0,4,9,57
43529,0.4.9,0,4,9,57
43532,0.4.9,0,4,9,57
43533,0.4.9,0,4,9,57
43537,0.2.6,0,2,6,30
43538,0.4.9,0,4,9,57
43539,0.4.6,0,4,6,54
43540,0.2.6,0,2,6,30
43542,0.4.9,0,4,9,57
43543,0.4.9,0,4,9,57
43544,0.2.6,0,2,6,30
43545,0.4.9,0,4,9,57
43546,0.4.9,0,4,9,57
43547,0.4.9,0,4,9,57
43548,0.4.9,0,4,9,57
43550,0.2.6,0,2,6,30
43551,0.4.6,0,4,6,54
43554,0.4.9,0,4,9,57
43555,0.4.9,0,4,9,57
43557,0.4.9,0,4,9,57
43558,0.13.4,0,13,4,160
43559,0.9.0,0,9,0,108
43560,0.4.9,0,4,9,57
43561,0.4.9,0,4,9,57
43563,0.4.9,0,4,9,57
43564,0.4.9,0,4,9,57
43567,0.4.9,0,4,9,57
43568,0.2.6,0,2,6,30
43569,0.4.9,0,4,9,57
43570,0.4.9,0,4,9,57
43571,0.4.9,0,4,9,57
43572,0.4.9,0,4,9,57
43574,0.6.8,0,6,8,80
43577,0.4.6,0,4,6,54
43578,0.9.3,0,9,3,111
43579,0.4.9,0,4,9,57
43582,0.4.9,0,4,9,57
43583,0.4.9,0,4,9,57
43584,0.4.9,0,4,9,57
43585,0.4.9,0,4,9,57
43587,0.4.9,0,4,9,57
43588,0.4.9,0,4,9,57
43590,0.4.9,0,4,9,57
43591,0.4.6,0,4,6,54
43594,0.9.0,0,9,0,108
43595,0.4.9,0,4,9,57
43596,0.4.6,0,4,6,54
43599,0.4.9,0,4,9,57
43600,0.4.9,0,4,9,57
43601,0.4.9,0,4,9,57
43603,0.4.9,0,4,9,57
43605,0.2.6,0,2,6,30
43607,0.2.6,0,2,6,30
43608,0.4.9,0,4,9,57
43609,0.4.6,0,4,6,54
43611,0.10.8,0,10,8,128
43612,0.4.9,0,4,9,57
43613,0.4.9,0,4,9,57
43615,0.4.9,0,4,9,57
43616,0.4.9,0,4,9,57
43618,0.4.9,0,4,9,57
43619,0.4.9,0,4,9,57
43620,0.9.0,0,9,0,108
43622,0.4.9,0,4,9,57
43623,0.4.9,0,4,9,57
43624,0.4.9,0,4,9,57
43627,0.4.9,0,4,9,57
43628,0.4.9,0,4,9,57
43630,0.4.9,0,4,9,57
43631,0.4.9,0,4,9,57
43632,0.4.9,0,4,9,57
43633,0.4.9,0,4,9,57
43635,0.2.6,0,2,6,30
43638,0.4.9,0,4,9,57
43640,0.4.9,0,4,9,57
43642,0.4.6,0,4,6,54
43643,0.4.9,0,4,9,57
43644,0.4.9,0,4,9,57
43646,0.4.9,0,4,9,57
43647,0.4.9,0,4,9,57
43648,0.4.6,0,4,6,54
43650,0.2.6,0,2,6,30
43652,0.4.6,0,4,6,54
43653,0.4.6,0,4,6,54
43654,0.4.9,0,4,9,57
43658,0.4.9,0,4,9,57
43659,0.4.9,0,4,9,57
43660,0.4.6,0,4,6,54
43661,0.4.9,0,4,9,57
43662,0.4.9,0,4,9,57
43663,0.4.9,0,4,9,57
43668,0.4.9,0,4,9,57
43671,0.4.9,0,4,9,57
43673,0.4.9,0,4,9,57
43677,0.4.9,0,4,9,57
43678,0.4.9,0,4,9,57
43679,0.4.9,0,4,9,57
43680,0.4.9,0,4,9,57
43681,0.13.4,0,13,4,160
43682,0.9.0,0,9,0,108
43683,0.2.6,0,2,6,30
43684,0.4.9,0,4,9,57
43685,0.2.6,0,2,6,30
43686,0.2.6,0,2,6,30
43687,0.2.6,0,2,6,30
43688,0.4.9,0,4,9,57
43689,0.4.9,0,4,9,57
43690,0.2.6,0,2,6,30
43695,0.4.9,0,4,9,57
43696,0.4.6,0,4,6,54
43698,0.4.9,0,4,9,57
43700,0.4.6,0,4,6,54
43701,0.2.6,0,2,6,30
43702,0.4.9,0,4,9,57
43704,0.4.6,0,4,6,54
43705,0.4.9,0,4,9,57
43706,0.4.9,0,4,9,57
43707,0.2.6,0,2,6,30
43709,0.4.9,0,4,9,57
43710,0.10.8,0,10,8,128
43711,0.4.6,0,4,6,54
43712,0.4.9,0,4,9,57
43713,0.6.8,0,6,8,80
43714,0.4.9,0,4,9,57
43716,0.4.9,0,4,9,57
43717,0.4.9,0,4,9,57
43718,0.4.9,0,4,9,57
43719,0.4.9,0,4,9,57
43723,0.2.6,0,2,6,30
43724,0.2.6,0,2,6,30
43725,0.4.6,0,4,6,54
43726,0.4.9,0,4,9,57
43727,0.4.9,0,4,9,57
43728,0.2.6,0,2,6,30
43730,0.13.4,0,13,4,160
43731,0.4.9,0,4,9,57
43732,0.4.9,0,4,9,57
43733,0.4.9,0,4,9,57
43734,0.4.9,0,4,9,57
43735,0.4.9,0,4,9,57
43736,0.2.6,0,2,6,30
43738,0.6.8,0,6,8,80
43739,0.4.6,0,4,6,54
43740,0.4.6,0,4,6,54
43741,0.2.6,0,2,6,30
43742,0.4.9,0,4,9,57
43743,0.9.3,0,9,3,111
43744,0.4.6,0,4,6,54
43746,0.4.9,0,4,9,57
43747,0.4.9,0,4,9,57
43748,0.4.6,0,4,6,54
43749,0.4.9,0,4,9,57
43750,0.2.6,0,2,6,30
43751,0.4.9,0,4,9,57
43752,0.4.9,0,4,9,57
43754,0.4.9,0,4,9,57
43755,0.4.6,0,4,6,54
43756,0.2.6,0,2,6,30
43757,0.4.9,0,4,9,57
43759,0.4.9,0,4,9,57
43760,0.4.9,0,4,9,57
43761,0.4.9,0,4,9,57
43762,0.2.6,0,2,6,30
43763,0.4.9,0,4,9,57
43764,0.4.9,0,4,9,57
43765,0.6.8,0,6,8,80
43766,0.4.9,0,4,9,57
43767,0.4.9,0,4,9,57
43768,0.4.9,0,4,9,57
43769,0.4.9,0,4,9,57
43770,0.2.6,0,2,6,30
43771,0.4.9,0,4,9,57
43774,0.4.9,0,4,9,57
43777,0.2.6,0,2,6,30
43778,0.4.6,0,4,6,54
43781,0.4.9,0,4,9,57
43782,0.4.6,0,4,6,54
43783,0.4.9,0,4,9,57
43786,0.4.9,0,4,9,57
43787,0.2.6,0,2,6,30
43791,0.4.9,0,4,9,57
43793,0.4.6,0,4,6,54
43794,0.4.9,0,4,9,57
43796,0.4.9,0,4,9,57
43797,0.4.9,0,4,9,57
43798,0.2.6,0,2,6,30
43799,0.4.9,0,4,9,57
43801,0.4.6,0,4,6,54
43802,0.4.6,0,4,6,54
43803,0.2.6,0,2,6,30
43804,0.2.6,0,2,6,30
43805,0.4.9,0,4,9,57
43807,0.4.9,0,4,9,57
43808,0.4.9,0,4,9,57
43809,0.4.9,0,4,9,57
43810,0.4.6,0,4,6,54
43813,0.4.9,0,4,9,57
43816,0.4.9,0,4,9,57
43818,0.9.3,0,9,3,111
43819,0.4.9,0,4,9,57
43820,0.4.6,0,4,6,54
43822,0.4.9,0,4,9,57
43826,0.2.6,0,2,6,30
43828,0.4.9,0,4,9,57
43831,0.4.9,0,4,9,57
43832,0.4.9,0,4,9,57
43833,0.4.9,0,4,9,57
43835,0.4.6,0,4,6,54
43838,0.4.9,0,4,9,57
43840,0.4.6,0,4,6,54
43841,0.4.9,0,4,9,57
43843,0.4.9,0,4,9,57
43844,0.9.3,0,9,3,111
43848,0.4.9,0,4,9,57
43851,0.4.6,0,4,6,54
43852,0.9.3,0,9,3,111
43853,0.4.9,0,4,9,57
43854,0.2.6,0,2,6,30
43855,0.4.9,0,4,9,57
43856,0.4.9,0,4,9,57
43857,0.2.6,0,2,6,30
43858,0.4.6,0,4,6,54
43859,0.4.9,0,4,9,57
43860,0.4.9,0,4,9,57
43861,0.4.9,0,4,9,57
43864,0.4.9,0,4,9,57
43865,0.9.0,0,9,0,108
43866,0.4.9,0,4,9,57
43867,0.2.6,0,2,6,30
43868,0.4.9,0,4,9,57
43870,0.4.9,0,4,9,57
43874,0.4.9,0,4,9,57
43875,0.4.9,0,4,9,57
43876,0.6.11,0,6,11,83
43877,0.4.9,0,4,9,57
43878,0.4.9,0,4,9,57
43879,0.4.9,0,4,9,57
43880,0.4.9,0,4,9,57
43881,0.4.9,0,4,9,57
43882,0.6.11,0,6,11,83
43884,0.4.9,0,4,9,57
43885,0.4.9,0,4,9,57
43886,0.4.9,0,4,9,57
43887,0.4.9,0,4,9,57
43888,0.2.6,0,2,6,30
43891,0.9.3,0,9,3,111
43892,0.4.9,0,4,9,57
43894,0.4.9,0,4,9,57
43895,0.4.9,0,4,9,57
43896,0.4.9,0,4,9,57
43897,0.4.6,0,4,6,54
43898,0.2.6,0,2,6,30
43899,0.4.6,0,4,6,54
43900,0.4.9,0,4,9,57
43901,0.4.9,0,4,9,57
43902,0.4.9,0,4,9,57
43905,0.4.9,0,4,9,57
43907,0.4.6,0,4,6,54
43908,0.4.9,0,4,9,57
43909,0.4.9,0,4,9,57
43911,0.4.9,0,4,9,57
43912,0.4.9,0,4,9,57
43914,0.4.9,0,4,9,57
43915,0.4.6,0,4,6,54
43917,0.2.6,0,2,6,30
43918,0.4.9,0,4,9,57
43919,0.4.9,0,4,9,57
43920,0.4.9,0,4,9,57
43922,0.4.6,0,4,6,54
43923,0.4.9,0,4,9,57
43926,0.2.6,0,2,6,30
43927,0.6.11,0,6,11,83
43928,0.4.9,0,4,9,57
43930,0.2.6,0,2,6,30
43931,0.4.9,0,4,9,57
43933,0.4.6,0,4,6,54
43934,0.9.3,0,9,3,111
43935,0.4.9,0,4,9,57
43936,0.4.9,0,4,9,57
43941,0.4.9,0,4,9,57
43942,0.4.9,0,4,9,57
43944,0.13.7,0,13,7,163
43950,0.4.9,0,4,9,57
43951,0.4.9,0,4,9,57
43952,0.4.9,0,4,9,57
43953,0.4.9,0,4,9,57
43954,0.4.9,0,4,9,57
43955,0.4.9,0,4,9,57
43956,0.2.6,0,2,6,30
43957,0.4.9,0,4,9,57
43958,0.4.9,0,4,9,57
43959,0.4.9,0,4,9,57
43960,0.4.9,0,4,9,57
43964,0.4.9,0,4,9,57
43965,0.4.9,0,4,9,57
43967,0.4.9,0,4,9,57
43968,0.4.6,0,4,6,54
43969,0.4.9,0,4,9,57
43972,0.2.6,0,2,6,30
43975,0.4.9,0,4,9,57
43977,0.4.9,0,4,9,57
43980,0.4.9,0,4,9,57
43981,0.4.9,0,4,9,57
43982,0.4.9,0,4,9,57
43984,0.6.11,0,6,11,83
43985,0.4.9,0,4,9,57
43987,0.2.6,0,2,6,30
43988,0.4.9,0,4,9,57
43989,0.2.6,0,2,6,30
43990,0.4.9,0,4,9,57
43991,0.4.9,0,4,9,57
43992,0.4.9,0,4,9,57
43993,0.4.6,0,4,6,54
43994,0.4.9,0,4,9,57
43997,0.4.9,0,4,9,57
43998,0.2.6,0,2,6,30
43999,0.4.6,0,4,6,54
44000,0.4.6,0,4,6,54
44001,0.4.9,0,4,9,57
44002,0.4.9,0,4,9,57
44003,0.4.9,0,4,9,57
44004,0.4.9,0,4,9,57
44005,0.4.9,0,4,9,57
44006,0.2.6,0,2,6,30
44011,0.4.9,0,4,9,57
44012,0.4.9,0,4,9,57
44013,0.4.9,0,4,9,57
44014,0.10.8,0,10,8,128
44015,0.9.3,0,9,3,111
44016,0.4.9,0,4,9,57
44017,0.4.9,0,4,9,57
44021,0.4.6,0,4,6,54
44022,0.4.9,0,4,9,57
44023,0.4.9,0,4,9,57
44026,0.4.9,0,4,9,57
44027,0.4.9,0,4,9,57
44028,0.4.9,0,4,9,57
44029,0.4.9,0,4,9,57
44030,0.4.9,0,4,9,57
44032,0.2.6,0,2,6,30
44034,0.4.9,0,4,9,57
44037,0.4.9,0,4,9,57
44038,0.9.3,0,9,3,111
44039,0.4.9,0,4,9,57
44040,0.4.9,0,4,9,57
44041,0.13.4,0,13,4,160
44042,0.4.6,0,4,6,54
44043,0.4.9,0,4,9,57
44044,0.4.9,0,4,9,57
44046,0.4.9,0,4,9,57
44047,0.4.9,0,4,9,57
44048,0.4.6,0,4,6,54
44051,0.4.9,0,4,9,57
44052,0.4.9,0,4,9,57
44053,0.4.9,0,4,9,57
44054,0.4.9,0,4,9,57
44056,0.4.9,0,4,9,57
44057,0.4.6,0,4,6,54
44058,0.4.9,0,4,9,57
44061,0.4.6,0,4,6,54
44064,0.4.6,0,4,6,54
44065,0.4.9,0,4,9,57
44066,0.4.9,0,4,9,57
44067,0.4.9,0,4,9,57
44070,0.4.9,0,4,9,57
44072,0.4.9,0,4,9,57
44073,0.4.9,0,4,9,57
44075,0.4.9,0,4,9,57
44076,0.4.9,0,4,9,57
44078,0.4.9,0,4,9,57
44079,0.4.6,0,4,6,54
44080,0.9.6,0,9,6,114
44081,0.4.9,0,4,9,57
44083,0.4.9,0,4,9,57
44084,0.4.9,0,4,9,57
44085,0.4.9,0,4,9,57
44089,0.4.9,0,4,9,57
44090,0.2.6,0,2,6,30
44093,0.4.9,0,4,9,57
44095,0.4.9,0,4,9,57
44096,0.2.6,0,2,6,30
44097,0.4.9,0,4,9,57
44100,0.4.9,0,4,9,57
44101,0.4.9,0,4,9,57
44102,0.10.8,0,10,8,128
44103,0.4.6,0,4,6,54
44104,0.4.9,0,4,9,57
44108,0.2.6,0,2,6,30
44109,0.9.0,0,9,0,108
44112,0.4.9,0,4,9,57
44113,0.4.9,0,4,9,57
44116,0.4.9,0,4,9,57
44117,0.2.6,0,2,6,30
44118,0.4.9,0,4,9,57
44119,0.4.9,0,4,9,57
44120,0.4.9,0,4,9,57
44123,0.4.9,0,4,9,57
44124,0.4.9,0,4,9,57
44125,0.4.9,0,4,9,57
44126,0.13.4,0,13,4,160
44127,0.2.6,0,2,6,30
44128,0.10.8,0,10,8,128
44130,0.2.6,0,2,6,30
44131,0.2.6,0,2,6,30
44133,0.4.9,0,4,9,57
44134,0.4.6,0,4,6,54
44138,0.4.9,0,4,9,57
44139,0.4.9,0,4,9,57
44140,0.2.6,0,2,6,30
44141,0.4.9,0,4,9,57
44142,0.2.6,0,2,6,30
44145,0.2.6,0,2,6,30
44146,0.2.6,0,2,6,30
44148,0.4.9,0,4,9,57
44149,0.4.9,0,4,9,57
44150,0.4.9,0,4,9,57
44151,0.4.9,0,4,9,57
44153,0.4.9,0,4,9,57
44154,0.2.6,0,2,6,30
44155,0.4.9,0,4,9,57
44156,0.2.6,0,2,6,30
44157,0.4.9,0,4,9,57
44159,0.2.6,0,2,6,30
44160,0.4.9,0,4,9,57
44161,0.6.8,0,6,8,80
44162,0.4.9,0,4,9,57
44163,0.4.6,0,4,6,54
44164,0.4.6,0,4,6,54
44166,0.4.9,0,4,9,57
44169,0.6.8,0,6,8,80
44170,0.9.3,0,9,3,111
44171,0.4.9,0,4,9,57
44172,0.4.9,0,4,9,57
44173,0.4.9,0,4,9,57
44174,0.4.9,0,4,9,57
44175,0.4.9,0,4,9,57
44176,0.4.9,0,4,9,57
44177,0.4.9,0,4,9,57
44178,0.4.9,0,4,9,57
44183,0.4.9,0,4,9,57
44184,0.4.9,0,4,9,57
44186,0.4.6,0,4,6,54
44187,0.4.9,0,4,9,57
44188,0.4.6,0,4,6,54
44191,0.4.9,0,4,9,57
44192,0.4.9,0,4,9,57
44194,0.4.9,0,4,9,57
44195,0.4.9,0,4,9,57
44196,0.4.9,0,4,9,57
44199,0.9.0,0,9,0,108
44200,0.4.9,0,4,9,57
44201,0.4.9,0,4,9,57
44202,0.4.9,0,4,9,57
44204,0.4.9,0,4,9,57
44205,0.4.9,0,4,9,57
44206,0.4.9,0,4,9,57
44209,0.4.9,0,4,9,57
44211,0.2.6,0,2,6,30
44212,0.4.9,0,4,9,57
44213,0.4.9,0,4,9,57
44221,0.4.9,0,4,9,57
44222,0.4.6,0,4,6,54
44223,0.4.6,0,4,6,54
44224,0.4.6,0,4,6,54
44228,0.9.3,0,9,3,111
44229,0.4.6,0,4,6,54
44231,0.6.8,0,6,8,80
44233,0.4.6,0,4,6,54
44234,0.4.9,0,4,9,57
44235,0.4.9,0,4,9,57
44237,0.4.9,0,4,9,57
44239,0.4.9,0,4,9,57
44242,0.4.9,0,4,9,57
44243,0.4.9,0,4,9,57
44244,0.4.9,0,4,9,57
44245,0.4.9,0,4,9,57
44247,0.4.6,0,4,6,54
44248,0.4.6,0,4,6,54
44251,0.4.9,0,4,9,57
44258,0.18.5,0,18,5,221
44259,0.4.9,0,4,9,57
44260,0.4.9,0,4,9,57
44266,0.4.6,0,4,6,54
44267,0.4.9,0,4,9,57
44271,0.4.6,0,4,6,54
44272,0.4.9,0,4,9,57
44273,0.4.9,0,4,9,57
44275,0.4.9,0,4,9,57
44277,0.4.9,0,4,9,57
44280,0.4.9,0,4,9,57
44281,0.6.8,0,6,8,80
44284,0.4.9,0,4,9,57
44286,0.4.9,0,4,9,57
44287,0.4.9,0,4,9,57
44288,0.4.9,0,4,9,57
44297,0.2.6,0,2,6,30
44298,0.4.9,0,4,9,57
44299,0.4.6,0,4,6,54
44300,0.4.6,0,4,6,54
44301,0.4.9,0,4,9,57
44302,0.9.3,0,9,3,111
44303,0.4.6,0,4,6,54
44304,0.4.9,0,4,9,57
44306,0.4.6,0,4,6,54
44308,0.4.9,0,4,9,57
44311,0.4.9,0,4,9,57
44315,0.4.9,0,4,9,57
44316,0.4.9,0,4,9,57
44318,0.4.9,0,4,9,57
44321,0.4.6,0,4,6,54
44322,0.4.6,0,4,6,54
44324,0.4.9,0,4,9,57
44325,0.10.8,0,10,8,128
44327,0.4.9,0,4,9,57
44328,0.4.6,0,4,6,54
44329,0.4.9,0,4,9,57
44330,0.4.9,0,4,9,57
44331,0.4.9,0,4,9,57
44335,0.4.9,0,4,9,57
44336,0.6.11,0,6,11,83
44337,0.4.9,0,4,9,57
44339,0.9.3,0,9,3,111
44340,0.4.9,0,4,9,57
44341,0.2.6,0,2,6,30
44343,0.4.9,0,4,9,57
44344,0.4.9,0,4,9,57
44345,0.4.9,0,4,9,57
44346,0.4.9,0,4,9,57
44349,0.4.6,0,4,6,54
44350,0.4.9,0,4,9,57
44351,0.2.6,0,2,6,30
44352,0.4.9,0,4,9,57
44353,0.4.9,0,4,9,57
44355,0.4.9,0,4,9,57
44356,0.4.9,0,4,9,57
44358,0.4.6,0,4,6,54
44359,0.4.9,0,4,9,57
44360,0.4.9,0,4,9,57
44361,0.4.9,0,4,9,57
44362,2.0.0,2,0,0,480
44363,0.4.6,0,4,6,54
44365,0.4.9,0,4,9,57
44366,0.9.3,0,9,3,111
44369,0.4.9,0,4,9,57
44371,0.4.9,0,4,9,57
44372,0.4.9,0,4,9,57
44373,0.4.9,0,4,9,57
44376,0.4.9,0,4,9,57
44377,0.4.9,0,4,9,57
44378,0.4.9,0,4,9,57
44379,0.4.6,0,4,6,54
44380,0.4.9,0,4,9,57
44381,0.2.6,0,2,6,30
44383,0.4.9,0,4,9,57
44384,0.4.9,0,4,9,57
44385,0.4.6,0,4,6,54
44386,0.4.6,0,4,6,54
44387,0.4.9,0,4,9,57
44392,2.0.0,2,0,0,480
44393,0.4.9,0,4,9,57
44394,0.4.9,0,4,9,57
44395,0.2.6,0,2,6,30
44396,0.4.9,0,4,9,57
44397,0.4.9,0,4,9,57
44398,0.2.6,0,2,6,30
44399,0.4.9,0,4,9,57
44400,0.4.9,0,4,9,57
44401,0.4.6,0,4,6,54
44402,0.4.6,0,4,6,54
44404,0.4.9,0,4,9,57
44405,0.4.6,0,4,6,54
44406,0.4.9,0,4,9,57
44407,0.4.9,0,4,9,57
44408,0.4.9,0,4,9,57
44409,0.4.9,0,4,9,57
44411,0.4.9,0,4,9,57
44412,0.4.9,0,4,9,57
44413,0.4.9,0,4,9,57
44414,0.2.6,0,2,6,30
44417,0.4.9,0,4,9,57
44419,0.4.9,0,4,9,57
44420,0.4.6,0,4,6,54
44421,0.4.9,0,4,9,57
44422,0.4.9,0,4,9,57
44424,0.6.11,0,6,11,83
44425,0.4.9,0,4,9,57
44426,0.4.6,0,4,6,54
44427,0.4.9,0,4,9,57
44428,0.4.9,0,4,9,57
44429,0.2.6,0,2,6,30
44430,0.4.9,0,4,9,57
44432,2.0.0,2,0,0,480
44433,0.6.8,0,6,8,80
44436,0.4.9,0,4,9,57
44437,0.6.8,0,6,8,80
44438,0.9.3,0,9,3,111
44439,0.0.9,0,0,9,9
44440,0.4.9,0,4,9,57
44441,0.4.9,0,4,9,57
44442,0.2.6,0,2,6,30
44443,0.4.9,0,4,9,57
44444,0.4.9,0,4,9,57
44445,0.2.6,0,2,6,30
44446,0.2.6,0,2,6,30
44447,0.4.9,0,4,9,57
44448,0.4.9,0,4,9,57
44449,0.4.9,0,4,9,57
44450,0.4.9,0,4,9,57
44451,0.4.9,0,4,9,57
44452,0.4.9,0,4,9,57
44453,0.4.9,0,4,9,57
44456,0.4.9,0,4,9,57
44458,0.4.9,0,4,9,57
44459,0.4.9,0,4,9,57
44460,0.4.9,0,4,9,57
44461,0.4.9,0,4,9,57
44463,0.4.9,0,4,9,57
44465,0.2.6,0,2,6,30
44466,0.4.9,0,4,9,57
44467,0.4.9,0,4,9,57
44468,0.4.9,0,4,9,57
44469,0.4.6,0,4,6,54
44470,0.2.6,0,2,6,30
44471,0.4.9,0,4,9,57
44472,0.4.9,0,4,9,57
44473,0.13.4,0,13,4,160
44478,0.13.4,0,13,4,160
44479,0.4.6,0,4,6,54
44480,0.13.4,0,13,4,160
44481,0.4.9,0,4,9,57
44482,0.4.9,0,4,9,57
44483,0.4.9,0,4,9,57
44484,0.4.9,0,4,9,57
44485,0.4.6,0,4,6,54
44486,0.2.6,0,2,6,30
44487,0.4.9,0,4,9,57
44488,0.4.6,0,4,6,54
44491,0.4.9,0,4,9,57
44494,0.4.9,0,4,9,57
44495,0.4.9,0,4,9,57
44496,0.4.9,0,4,9,57
44499,0.4.9,0,4,9,57
44503,0.4.9,0,4,9,57
44505,0.2.6,0,2,6,30
44507,0.4.9,0,4,9,57
44508,0.2.6,0,2,6,30
44509,0.4.9,0,4,9,57
44510,0.4.9,0,4,9,57
44512,0.4.9,0,4,9,57
44513,0.4.9,0,4,9,57
44514,0.4.9,0,4,9,57
44517,0.4.9,0,4,9,57
44518,0.4.9,0,4,9,57
44520,0.2.6,0,2,6,30
44523,0.2.6,0,2,6,30
44525,0.4.9,0,4,9,57
44526,0.2.6,0,2,6,30
44527,0.2.6,0,2,6,30
44528,0.4.9,0,4,9,57
44529,0.4.9,0,4,9,57
44530,0.4.6,0,4,6,54
44532,0.4.9,0,4,9,57
44534,0.4.9,0,4,9,57
44535,0.2.6,0,2,6,30
44537,0.4.6,0,4,6,54
44538,0.4.9,0,4,9,57
44544,0.4.9,0,4,9,57
44545,0.4.9,0,4,9,57
44547,0.2.6,0,2,6,30
44548,0.4.9,0,4,9,57
44551,0.2.6,0,2,6,30
44553,0.4.9,0,4,9,57
44554,0.4.9,0,4,9,57
44555,0.4.9,0,4,9,57
44558,0.4.9,0,4,9,57
44560,0.4.9,0,4,9,57
44561,0.4.9,0,4,9,57
44562,0.4.6,0,4,6,54
44563,0.4.9,0,4,9,57
44564,0.4.6,0,4,6,54
44565,0.4.9,0,4,9,57
44567,0.4.9,0,4,9,57
44568,0.4.9,0,4,9,57
44570,0.4.9,0,4,9,57
44571,0.4.6,0,4,6,54
44572,0.2.6,0,2,6,30
44574,0.4.9,0,4,9,57
44575,0.4.9,0,4,9,57
44577,0.4.6,0,4,6,54
44580,0.4.9,0,4,9,57
44582,0.4.9,0,4,9,57
44583,0.9.3,0,9,3,111
44584,0.13.4,0,13,4,160
44585,0.4.9,0,4,9,57
44586,0.4.9,0,4,9,57
44587,0.9.3,0,9,3,111
44590,0.4.9,0,4,9,57
44591,0.4.9,0,4,9,57
44592,0.4.9,0,4,9,57
44593,0.4.9,0,4,9,57
44594,0.0.9,0,0,9,9
44595,0.2.6,0,2,6,30
44596,0.4.9,0,4,9,57
44601,0.2.6,0,2,6,30
44602,0.2.6,0,2,6,30
44604,0.4.9,0,4,9,57
44605,0.4.9,0,4,9,57
44606,0.4.6,0,4,6,54
44609,0.4.9,0,4,9,57
44611,0.4.9,0,4,9,57
44615,0.2.6,0,2,6,30
44616,0.0.9,0,0,9,9
44617,0.9.3,0,9,3,111
44619,0.4.9,0,4,9,57
44621,0.2.6,0,2,6,30
44622,0.4.9,0,4,9,57
44623,0.4.9,0,4,9,57
44624,0.4.6,0,4,6,54
44625,0.4.9,0,4,9,57
44626,0.4.6,0,4,6,54
44627,0.4.6,0,4,6,54
44628,0.4.9,0,4,9,57
44631,0.2.6,0,2,6,30
44634,0.4.6,0,4,6,54
44635,0.4.9,0,4,9,57
44638,0.2.6,0,2,6,30
44639,0.4.9,0,4,9,57
44640,0.4.9,0,4,9,57
44642,0.2.6,0,2,6,30
44643,0.4.9,0,4,9,57
44645,0.4.9,0,4,9,57
44646,0.4.9,0,4,9,57
44647,0.4.9,0,4,9,57
44649,0.2.6,0,2,6,30
44650,0.2.6,0,2,6,30
44651,0.4.9,0,4,9,57
44652,0.2.6,0,2,6,30
44653,0.4.9,0,4,9,57
44655,0.4.9,0,4,9,57
44656,0.4.9,0,4,9,57
44660,0.9.3,0,9,3,111
44661,0.2.6,0,2,6,30
44663,0.4.6,0,4,6,54
44665,0.4.6,0,4,6,54
44666,0.4.9,0,4,9,57
44667,0.4.9,0,4,9,57
44668,0.13.4,0,13,4,160
44670,0.4.6,0,4,6,54
44672,0.2.6,0,2,6,30
44674,0.4.9,0,4,9,57
44675,0.4.9,0,4,9,57
44676,0.4.9,0,4,9,57
44677,0.4.9,0,4,9,57
44678,0.4.6,0,4,6,54
44679,0.4.9,0,4,9,57
44680,0.4.9,0,4,9,57
44683,0.9.0,0,9,0,108
44685,0.4.6,0,4,6,54
44686,0.9.0,0,9,0,108
44687,0.4.9,0,4,9,57
44688,0.4.9,0,4,9,57
44689,0.4.9,0,4,9,57
44690,0.2.6,0,2,6,30
44696,0.4.9,0,4,9,57
44697,0.4.9,0,4,9,57
44700,0.4.9,0,4,9,57
44701,0.4.9,0,4,9,57
44702,0.4.6,0,4,6,54
44703,0.4.6,0,4,6,54
44705,0.4.9,0,4,9,57
44706,0.4.9,0,4,9,57
44707,0.4.9,0,4,9,57
44709,0.2.6,0,2,6,30
44711,0.2.6,0,2,6,30
44714,0.10.8,0,10,8,128
44715,0.4.9,0,4,9,57
44716,0.4.9,0,4,9,57
44717,0.4.9,0,4,9,57
44718,0.2.6,0,2,6,30
44719,0.4.9,0,4,9,57
44720,0.4.9,0,4,9,57
44722,0.4.9,0,4,9,57
44723,0.2.6,0,2,6,30
44725,0.9.3,0,9,3,111
44726,0.4.6,0,4,6,54
44727,0.10.8,0,10,8,128
44728,0.4.9,0,4,9,57
44729,0.4.9,0,4,9,57
44730,0.2.6,0,2,6,30
44731,0.4.9,0,4,9,57
44732,0.4.9,0,4,9,57
44734,0.9.3,0,9,3,111
44736,0.4.9,0,4,9,57
44737,0.9.3,0,9,3,111
44738,0.4.9,0,4,9,57
44740,0.4.9,0,4,9,57
44741,0.4.6,0,4,6,54
44742,0.2.6,0,2,6,30
44743,0.4.9,0,4,9,57
44745,0.4.9,0,4,9,57
44746,0.2.6,0,2,6,30
44747,0.2.6,0,2,6,30
44748,0.2.6,0,2,6,30
44749,0.4.9,0,4,9,57
44754,0.4.9,0,4,9,57
44755,0.4.9,0,4,9,57
44756,0.4.9,0,4,9,57
44757,0.4.9,0,4,9,57
44759,0.4.9,0,4,9,57
44760,0.2.6,0,2,6,30
44761,0.4.6,0,4,6,54
44763,0.4.9,0,4,9,57
44764,0.4.9,0,4,9,57
44766,0.4.9,0,4,9,57
44767,0.2.6,0,2,6,30
44768,0.2.6,0,2,6,30
44770,0.2.6,0,2,6,30
44771,0.4.9,0,4,9,57
44772,0.4.6,0,4,6,54
44773,0.4.9,0,4,9,57
44775,0.2.6,0,2,6,30
44776,0.2.6,0,2,6,30
44777,0.2.6,0,2,6,30
44780,0.4.9,0,4,9,57
44781,0.2.6,0,2,6,30
44782,0.4.9,0,4,9,57
44783,0.4.9,0,4,9,57
44784,0.4.9,0,4,9,57
44785,0.4.9,0,4,9,57
44787,0.4.6,0,4,6,54
44788,0.4.6,0,4,6,54
44789,0.4.9,0,4,9,57
44791,0.4.9,0,4,9,57
44792,0.4.9,0,4,9,57
44793,0.4.6,0,4,6,54
44794,0.4.9,0,4,9,57
44795,0.2.6,0,2,6,30
44796,0.2.6,0,2,6,30
44797,0.4.6,0,4,6,54
44800,0.4.9,0,4,9,57
44802,0.13.4,0,13,4,160
44804,0.4.9,0,4,9,57
44805,0.4.9,0,4,9,57
44807,0.4.9,0,4,9,57
44809,0.4.9,0,4,9,57
44810,0.4.6,0,4,6,54
44814,0.4.9,0,4,9,57
44818,0.4.9,0,4,9,57
44819,0.4.9,0,4,9,57
44820,0.9.3,0,9,3,111
44821,0.4.9,0,4,9,57
44822,0.2.6,0,2,6,30
44823,0.4.9,0,4,9,57
44824,0.4.9,0,4,9,57
44825,0.4.9,0,4,9,57
44826,0.4.9,0,4,9,57
44827,0.4.9,0,4,9,57
44831,0.4.9,0,4,9,57
44832,0.4.9,0,4,9,57
44833,0.4.6,0,4,6,54
44834,0.2.6,0,2,6,30
44835,0.4.9,0,4,9,57
44836,0.4.9,0,4,9,57
44837,0.4.9,0,4,9,57
44838,0.2.6,0,2,6,30
44840,0.4.9,0,4,9,57
44841,0.4.9,0,4,9,57
44843,0.4.9,0,4,9,57
44845,0.4.9,0,4,9,57
44846,0.4.9,0,4,9,57
44847,0.4.9,0,4,9,57
44848,0.2.6,0,2,6,30
44849,1.4.7,1,4,7,295
44850,0.4.9,0,4,9,57
44851,0.4.9,0,4,9,57
44852,0.4.6,0,4,6,54
44854,0.4.9,0,4,9,57
44855,0.4.9,0,4,9,57
44856,0.4.9,0,4,9,57
44858,0.4.6,0,4,6,54
44859,0.2.6,0,2,6,30
44860,0.2.6,0,2,6,30
44861,0.4.6,0,4,6,54
44862,0.4.6,0,4,6,54
44864,0.4.9,0,4,9,57
44865,0.4.9,0,4,9,57
44866,0.4.6,0,4,6,54
44867,0.4.9,0,4,9,57
44868,0.4.9,0,4,9,57
44869,0.4.9,0,4,9,57
44870,0.4.9,0,4,9,57
44871,0.4.9,0,4,9,57
44875,0.2.6,0,2,6,30
44876,0.4.9,0,4,9,57
44878,0.2.6,0,2,6,30
44879,0.4.6,0,4,6,54
44880,0.2.6,0,2,6,30
44881,0.2.6,0,2,6,30
44883,0.4.6,0,4,6,54
44884,0.4.9,0,4,9,57
44886,0.4.9,0,4,9,57
44888,0.2.6,0,2,6,30
44889,0.4.9,0,4,9,57
44891,0.4.6,0,4,6,54
44894,0.4.9,0,4,9,57
44896,0.10.8,0,10,8,128
44898,0.4.6,0,4,6,54
44899,0.4.6,0,4,6,54
44900,0.2.6,0,2,6,30
44901,0.4.6,0,4,6,54
44902,0.2.6,0,2,6,30
44903,0.4.9,0,4,9,57
44905,0.4.9,0,4,9,57
44906,0.4.9,0,4,9,57
44910,0.4.9,0,4,9,57
44912,0.4.9,0,4,9,57
44914,0.9.3,0,9,3,111
44915,0.2.6,0,2,6,30
44917,0.4.9,0,4,9,57
44918,0.9.3,0,9,3,111
44919,0.2.6,0,2,6,30
44920,0.4.6,0,4,6,54
44921,0.4.9,0,4,9,57
44923,0.6.8,0,6,8,80
44924,0.4.9,0,4,9,57
44925,0.4.9,0,4,9,57
44927,0.4.9,0,4,9,57
44928,0.4.9,0,4,9,57
44929,0.2.6,0,2,6,30
44931,0.4.6,0,4,6,54
44932,0.4.9,0,4,9,57
44933,0.4.9,0,4,9,57
44935,0.4.9,0,4,9,57
44937,0.4.9,0,4,9,57
44938,0.4.9,0,4,9,57
44939,0.4.6,0,4,6,54
44940,0.2.6,0,2,6,30
44941,0.4.6,0,4,6,54
44943,0.4.9,0,4,9,57
44946,0.4.6,0,4,6,54
44947,0.4.6,0,4,6,54
44948,0.9.3,0,9,3,111
44949,0.4.9,0,4,9,57
44950,0.4.9,0,4,9,57
44951,0.4.9,0,4,9,57
44952,0.4.9,0,4,9,57
44953,0.4.9,0,4,9,57
44955,0.4.9,0,4,9,57
44957,0.2.6,0,2,6,30
44958,0.2.6,0,2,6,30
44959,0.4.6,0,4,6,54
44962,0.4.9,0,4,9,57
44965,0.2.6,0,2,6,30
44966,0.2.6,0,2,6,30
44967,0.4.6,0,4,6,54
44969,0.4.9,0,4,9,57
44972,0.4.9,0,4,9,57
44974,0.9.3,0,9,3,111
44975,0.4.9,0,4,9,57
44977,0.4.9,0,4,9,57
44978,0.4.9,0,4,9,57
44982,0.4.9,0,4,9,57
44983,0.4.9,0,4,9,57
44984,0.2.6,0,2,6,30
44985,0.2.6,0,2,6,30
44986,0.4.9,0,4,9,57
44987,0.4.9,0,4,9,57
44988,0.2.6,0,2,6,30
44991,0.4.9,0,4,9,57
44992,0.4.9,0,4,9,57
44993,0.4.9,0,4,9,57
44994,0.2.6,0,2,6,30
44995,0.2.6,0,2,6,30
44998,0.13.4,0,13,4,160
44999,0.2.6,0,2,6,30
45003,0.2.6,0,2,6,30
45004,0.4.9,0,4,9,57
45006,0.2.6,0,2,6,30
45007,0.4.9,0,4,9,57
45008,0.2.6,0,2,6,30
45009,0.4.9,0,4,9,57
45011,0.9.3,0,9,3,111
45012,0.4.9,0,4,9,57
45013,0.4.9,0,4,9,57
45015,0.4.6,0,4,6,54
45016,0.4.9,0,4,9,57
45019,0.2.6,0,2,6,30
45020,0.2.6,0,2,6,30
45021,0.4.9,0,4,9,57
45022,0.4.9,0,4,9,57
45031,0.4.9,0,4,9,57
45032,0.4.9,0,4,9,57
45033,0.2.6,0,2,6,30
45037,0.4.9,0,4,9,57
45038,0.4.9,0,4,9,57
45039,0.4.6,0,4,6,54
45041,0.2.6,0,2,6,30
45042,0.4.9,0,4,9,57
45043,0.4.9,0,4,9,57
45044,0.4.9,0,4,9,57
45045,0.4.6,0,4,6,54
45046,0.4.6,0,4,6,54
45047,0.9.0,0,9,0,108
45048,0.9.0,0,9,0,108
45049,0.4.9,0,4,9,57
45050,0.4.6,0,4,6,54
45051,0.2.6,0,2,6,30
45056,0.4.9,0,4,9,57
45057,0.4.9,0,4,9,57
45062,0.4.9,0,4,9,57
45063,0.4.6,0,4,6,54
45064,0.2.6,0,2,6,30
45066,0.4.9,0,4,9,57
45067,0.4.9,0,4,9,57
45068,0.4.6,0,4,6,54
45069,0.4.9,0,4,9,57
45070,0.13.4,0,13,4,160
45071,0.4.9,0,4,9,57
45072,2.0.0,2,0,0,480
45073,0.4.6,0,4,6,54
45074,0.4.6,0,4,6,54
45075,0.4.9,0,4,9,57
45076,0.4.9,0,4,9,57
45077,0.4.9,0,4,9,57
45078,0.2.6,0,2,6,30
45079,0.4.9,0,4,9,57
45080,0.4.9,0,4,9,57
45081,0.4.9,0,4,9,57
45082,0.4.6,0,4,6,54
45083,0.4.9,0,4,9,57
45084,2.0.0,2,0,0,480
45085,0.4.9,0,4,9,57
45087,0.4.9,0,4,9,57
45090,0.2.6,0,2,6,30
45091,0.4.9,0,4,9,57
45092,0.4.9,0,4,9,57
45094,0.2.6,0,2,6,30
45095,0.4.9,0,4,9,57
45097,0.4.9,0,4,9,57
45098,0.4.9,0,4,9,57
45100,0.4.9,0,4,9,57
45101,0.4.9,0,4,9,57
45103,0.4.9,0,4,9,57
45105,0.4.6,0,4,6,54
45106,0.4.9,0,4,9,57
45107,0.4.6,0,4,6,54
45108,0.9.0,0,9,0,108
45109,0.2.6,0,2,6,30
45110,0.2.6,0,2,6,30
45111,0.4.9,0,4,9,57
45113,0.4.9,0,4,9,57
45114,0.4.9,0,4,9,57
45116,0.4.9,0,4,9,57
45117,0.4.9,0,4,9,57
45118,0.4.9,0,4,9,57
45120,0.4.6,0,4,6,54
45121,0.4.6,0,4,6,54
45122,0.4.9,0,4,9,57
45123,0.4.9,0,4,9,57
45125,0.9.0,0,9,0,108
45126,0.2.6,0,2,6,30
45127,0.4.9,0,4,9,57
45128,0.4.9,0,4,9,57
45130,0.4.6,0,4,6,54
45132,0.4.9,0,4,9,57
45135,0.4.9,0,4,9,57
45136,2.14.8,2,14,8,656
45137,0.2.6,0,2,6,30
45138,0.4.9,0,4,9,57
45139,0.4.9,0,4,9,57
45140,0.4.9,0,4,9,57
45142,0.4.9,0,4,9,57
45144,0.4.9,0,4,9,57
45147,0.2.6,0,2,6,30
45151,0.10.8,0,10,8,128
45152,0.4.9,0,4,9,57
45153,0.2.6,0,2,6,30
45155,0.4.9,0,4,9,57
45158,0.4.9,0,4,9,57
45159,0.4.9,0,4,9,57
45160,0.4.9,0,4,9,57
45161,0.4.9,0,4,9,57
45162,0.2.6,0,2,6,30
45163,0.4.9,0,4,9,57
45164,2.0.0,2,0,0,480
45165,0.9.0,0,9,0,108
45166,0.4.9,0,4,9,57
45167,0.9.0,0,9,0,108
45168,0.4.9,0,4,9,57
45172,0.6.8,0,6,8,80
45173,0.9.0,0,9,0,108
45174,0.4.9,0,4,9,57
45175,0.4.9,0,4,9,57
45176,0.4.9,0,4,9,57
45177,0.4.9,0,4,9,57
45179,0.4.6,0,4,6,54
45180,0.4.9,0,4,9,57
45181,0.4.9,0,4,9,57
45183,0.13.4,0,13,4,160
45184,0.4.6,0,4,6,54
45185,0.4.6,0,4,6,54
45186,0.4.9,0,4,9,57
45188,0.4.9,0,4,9,57
45191,0.2.6,0,2,6,30
45192,0.4.6,0,4,6,54
45194,0.4.9,0,4,9,57
45195,0.4.6,0,4,6,54
45196,0.4.9,0,4,9,57
45197,0.4.9,0,4,9,57
45202,0.4.9,0,4,9,57
45203,0.4.9,0,4,9,57
45204,0.4.9,0,4,9,57
45205,0.4.9,0,4,9,57
45207,0.2.6,0,2,6,30
45208,0.13.4,0,13,4,160
45209,0.6.8,0,6,8,80
45210,0.4.9,0,4,9,57
45211,0.4.9,0,4,9,57
45212,0.4.9,0,4,9,57
45213,0.4.9,0,4,9,57
45214,0.4.9,0,4,9,57
45215,0.4.9,0,4,9,57
45216,0.4.9,0,4,9,57
45217,0.4.9,0,4,9,57
45218,0.2.6,0,2,6,30
45219,0.2.6,0,2,6,30
45221,0.4.6,0,4,6,54
45222,0.2.6,0,2,6,30
45224,0.9.3,0,9,3,111
45227,0.2.6,0,2,6,30
45228,2.0.0,2,0,0,480
45229,0.4.9,0,4,9,57
45230,0.4.9,0,4,9,57
45231,0.4.9,0,4,9,57
45233,0.4.9,0,4,9,57
45236,0.2.6,0,2,6,30
45238,0.4.6,0,4,6,54
45240,0.4.9,0,4,9,57
45241,0.4.9,0,4,9,57
45243,0.4.9,0,4,9,57
45247,0.4.9,0,4,9,57
45248,0.4.6,0,4,6,54
45249,0.4.9,0,4,9,57
45250,0.4.9,0,4,9,57
45251,0.4.9,0,4,9,57
45252,0.4.9,0,4,9,57
45253,2.0.0,2,0,0,480
45254,0.13.4,0,13,4,160
45255,0.4.9,0,4,9,57
45256,0.4.9,0,4,9,57
45258,0.4.9,0,4,9,57
45259,0.4.9,0,4,9,57
45260,0.4.9,0,4,9,57
45263,0.10.8,0,10,8,128
45266,0.4.9,0,4,9,57
45268,0.4.9,0,4,9,57
45270,0.2.6,0,2,6,30
45271,0.6.8,0,6,8,80
45272,0.4.9,0,4,9,57
45273,0.4.9,0,4,9,57
45274,0.4.9,0,4,9,57
45276,0.4.9,0,4,9,57
45277,0.4.9,0,4,9,57
45278,0.4.9,0,4,9,57
45280,0.4.9,0,4,9,57
45286,0.4.9,0,4,9,57
45287,0.4.6,0,4,6,54
45288,0.2.6,0,2,6,30
45291,0.2.6,0,2,6,30
45293,0.4.9,0,4,9,57
45296,0.4.9,0,4,9,57
45299,0.2.6,0,2,6,30
45300,0.10.8,0,10,8,128
45301,0.4.9,0,4,9,57
45302,0.9.3,0,9,3,111
45303,0.4.9,0,4,9,57
45304,0.4.9,0,4,9,57
45306,0.4.9,0,4,9,57
45307,0.4.9,0,4,9,57
45308,0.2.6,0,2,6,30
45309,0.4.9,0,4,9,57
45312,0.4.6,0,4,6,54
45313,0.4.9,0,4,9,57
45315,0.4.6,0,4,6,54
45316,0.2.6,0,2,6,30
45317,0.4.9,0,4,9,57
45318,0.4.9,0,4,9,57
45319,0.4.9,0,4,9,57
45320,0.4.9,0,4,9,57
45321,0.4.9,0,4,9,57
45322,0.2.6,0,2,6,30
45323,0.4.9,0,4,9,57
45324,0.4.9,0,4,9,57
45325,0.4.9,0,4,9,57
45326,0.2.6,0,2,6,30
45327,0.4.9,0,4,9,57
45328,0.4.9,0,4,9,57
45332,0.4.9,0,4,9,57
45335,0.2.6,0,2,6,30
45336,0.6.8,0,6,8,80
45337,0.4.6,0,4,6,54
45338,0.4.9,0,4,9,57
45339,0.4.9,0,4,9,57
45340,0.4.6,0,4,6,54
45342,0.9.3,0,9,3,111
45344,0.4.9,0,4,9,57
45345,0.4.9,0,4,9,57
45346,0.9.3,0,9,3,111
45347,0.4.9,0,4,9,57
45348,0.4.9,0,4,9,57
45349,0.10.8,0,10,8,128
45351,0.4.9,0,4,9,57
45353,0.4.9,0,4,9,57
45354,0.4.9,0,4,9,57
45356,0.4.9,0,4,9,57
45357,0.10.8,0,10,8,128
45358,0.4.9,0,4,9,57
45359,0.4.9,0,4,9,57
45361,0.4.9,0,4,9,57
45363,0.4.9,0,4,9,57
45364,0.4.9,0,4,9,57
45366,0.4.6,0,4,6,54
45370,0.4.9,0,4,9,57
45371,0.4.9,0,4,9,57
45372,0.4.9,0,4,9,57
45373,0.2.6,0,2,6,30
45374,0.4.9,0,4,9,57
45377,0.4.9,0,4,9,57
45378,0.2.6,0,2,6,30
45379,0.2.6,0,2,6,30
45380,0.4.9,0,4,9,57
45382,0.4.9,0,4,9,57
45384,0.4.9,0,4,9,57
45385,0.4.6,0,4,6,54
45387,0.4.9,0,4,9,57
45388,2.0.0,2,0,0,480
45390,0.4.9,0,4,9,57
45392,0.4.9,0,4,9,57
45393,0.4.9,0,4,9,57
45394,0.4.9,0,4,9,57
45397,0.2.6,0,2,6,30
45401,0.2.6,0,2,6,30
45402,0.4.6,0,4,6,54
45403,0.4.9,0,4,9,57
45404,0.4.6,0,4,6,54
45405,0.4.6,0,4,6,54
45406,0.4.9,0,4,9,57
45407,0.2.6,0,2,6,30
45408,0.9.3,0,9,3,111
45409,0.4.9,0,4,9,57
45410,0.4.9,0,4,9,57
45411,0.2.6,0,2,6,30
45412,0.13.4,0,13,4,160
45416,0.4.9,0,4,9,57
45417,0.4.9,0,4,9,57
45418,0.4.9,0,4,9,57
45421,0.4.9,0,4,9,57
45422,0.2.6,0,2,6,30
45423,0.2.6,0,2,6,30
45425,0.4.9,0,4,9,57
45427,0.4.9,0,4,9,57
45428,0.13.7,0,13,7,163
45429,0.4.9,0,4,9,57
45430,0.4.9,0,4,9,57
45431,0.4.9,0,4,9,57
45433,0.4.9,0,4,9,57
45434,0.2.6,0,2,6,30
45435,0.4.9,0,4,9,57
45436,0.4.9,0,4,9,57
45438,0.4.9,0,4,9,57
45439,0.4.9,0,4,9,57
45442,0.9.3,0,9,3,111
45445,0.2.6,0,2,6,30
45446,0.4.9,0,4,9,57
45447,0.4.9,0,4,9,57
45448,0.2.6,0,2,6,30
45449,0.4.9,0,4,9,57
45450,0.4.9,0,4,9,57
45451,0.13.4,0,13,4,160
45452,0.13.4,0,13,4,160
45453,0.4.6,0,4,6,54
45455,0.4.6,0,4,6,54
45457,0.2.6,0,2,6,30
45459,0.2.6,0,2,6,30
45460,0.4.9,0,4,9,57
45461,0.2.6,0,2,6,30
45462,0.2.6,0,2,6,30
45464,0.4.9,0,4,9,57
45465,0.4.9,0,4,9,57
45467,0.2.6,0,2,6,30
45471,0.9.3,0,9,3,111
45472,0.4.6,0,4,6,54
45473,0.4.9,0,4,9,57
45474,0.4.9,0,4,9,57
45475,0.9.3,0,9,3,111
45477,0.4.9,0,4,9,57
45478,0.4.6,0,4,6,54
45479,0.4.6,0,4,6,54
45481,0.4.6,0,4,6,54
45483,0.2.6,0,2,6,30
45484,0.4.6,0,4,6,54
45485,0.4.9,0,4,9,57
45488,0.2.6,0,2,6,30
45489,0.10.8,0,10,8,128
45490,0.9.3,0,9,3,111
45491,0.4.9,0,4,9,57
45492,0.2.6,0,2,6,30
45493,0.4.9,0,4,9,57
45494,0.4.9,0,4,9,57
45495,0.2.6,0,2,6,30
45497,0.4.6,0,4,6,54
45498,0.4.9,0,4,9,57
45499,0.4.9,0,4,9,57
45500,0.2.6,0,2,6,30
45501,0.2.6,0,2,6,30
45502,0.4.6,0,4,6,54
45503,0.2.6,0,2,6,30
45504,0.4.9,0,4,9,57
45505,0.2.6,0,2,6,30
45506,0.2.6,0,2,6,30
45507,0.4.9,0,4,9,57
45508,0.2.6,0,2,6,30
45510,0.4.6,0,4,6,54
45512,0.2.6,0,2,6,30
45518,0.2.6,0,2,6,30
45519,0.2.6,0,2,6,30
45520,0.4.9,0,4,9,57
45521,0.4.9,0,4,9,57
45522,0.4.9,0,4,9,57
45526,0.4.9,0,4,9,57
45527,0.4.9,0,4,9,57
45528,0.4.9,0,4,9,57
45532,0.2.6,0,2,6,30
45533,0.2.6,0,2,6,30
45534,0.4.9,0,4,9,57
45535,0.2.6,0,2,6,30
45536,0.6.11,0,6,11,83
45537,0.9.3,0,9,3,111
45540,0.2.6,0,2,6,30
45541,0.4.9,0,4,9,57
45542,0.4.9,0,4,9,57
45543,0.4.6,0,4,6,54
45545,0.4.9,0,4,9,57
45546,0.4.9,0,4,9,57
45547,0.4.9,0,4,9,57
45550,0.4.9,0,4,9,57
45553,0.2.6,0,2,6,30
45554,0.9.3,0,9,3,111
45555,0.2.6,0,2,6,30
45556,0.2.6,0,2,6,30
45557,0.4.9,0,4,9,57
45559,0.6.8,0,6,8,80
45560,0.2.6,0,2,6,30
45561,0.4.9,0,4,9,57
45562,0.2.6,0,2,6,30
45563,0.4.9,0,4,9,57
45564,0.2.6,0,2,6,30
45565,0.4.9,0,4,9,57
45567,0.4.6,0,4,6,54
45569,0.4.9,0,4,9,57
45570,0.9.3,0,9,3,111
45573,0.4.9,0,4,9,57
45574,0.4.9,0,4,9,57
45575,0.4.9,0,4,9,57
45578,0.4.9,0,4,9,57
45579,0.4.9,0,4,9,57
45580,0.4.9,0,4,9,57
45581,0.4.9,0,4,9,57
45582,0.2.6,0,2,6,30
45584,0.4.9,0,4,9,57
45590,0.4.9,0,4,9,57
45591,0.4.9,0,4,9,57
45594,0.4.9,0,4,9,57
45595,0.4.9,0,4,9,57
45597,0.4.9,0,4,9,57
45601,0.4.9,0,4,9,57
45603,0.9.3,0,9,3,111
45604,0.4.9,0,4,9,57
45605,0.4.9,0,4,9,57
45606,0.2.6,0,2,6,30
45607,0.2.6,0,2,6,30
45608,0.4.6,0,4,6,54
45610,0.4.9,0,4,9,57
45611,0.4.9,0,4,9,57
45612,0.2.6,0,2,6,30
45614,0.2.6,0,2,6,30
45616,0.2.6,0,2,6,30
45617,0.4.9,0,4,9,57
45618,0.4.9,0,4,9,57
45619,0.4.9,0,4,9,57
45620,0.6.8,0,6,8,80
45622,0.9.3,0,9,3,111
45625,0.9.3,0,9,3,111
45626,0.4.9,0,4,9,57
45627,0.2.6,0,2,6,30
45628,0.4.9,0,4,9,57
45629,0.4.9,0,4,9,57
45630,0.4.9,0,4,9,57
45632,0.4.9,0,4,9,57
45633,0.4.9,0,4,9,57
45634,0.10.8,0,10,8,128
45635,0.4.9,0,4,9,57
45640,0.4.6,0,4,6,54
45642,0.4.6,0,4,6,54
45647,0.4.9,0,4,9,57
45651,0.2.6,0,2,6,30
45653,0.13.4,0,13,4,160
45654,0.4.9,0,4,9,57
45658,0.4.6,0,4,6,54
45661,0.4.9,0,4,9,57
45662,0.2.6,0,2,6,30
45663,0.4.9,0,4,9,57
45664,0.2.6,0,2,6,30
45665,0.4.9,0,4,9,57
45666,0.13.4,0,13,4,160
45668,0.4.9,0,4,9,57
45669,0.4.9,0,4,9,57
45670,0.4.9,0,4,9,57
45672,0.4.9,0,4,9,57
45673,0.9.3,0,9,3,111
45674,0.4.6,0,4,6,54
45675,0.4.9,0,4,9,57
45676,0.4.9,0,4,9,57
45677,0.4.9,0,4,9,57
45680,0.4.9,0,4,9,57
45681,0.4.9,0,4,9,57
45682,0.4.9,0,4,9,57
45683,0.4.9,0,4,9,57
45684,0.2.6,0,2,6,30
45685,0.4.9,0,4,9,57
45686,0.9.3,0,9,3,111
45688,0.4.9,0,4,9,57
45689,0.4.9,0,4,9,57
45690,0.4.9,0,4,9,57
45691,0.4.9,0,4,9,57
45693,0.2.6,0,2,6,30
45694,0.2.6,0,2,6,30
45698,0.4.9,0,4,9,57
45699,0.4.9,0,4,9,57
45700,0.4.9,0,4,9,57
45701,0.4.9,0,4,9,57
45702,0.2.6,0,2,6,30
45703,0.4.6,0,4,6,54
45704,0.4.9,0,4,9,57
45706,0.4.9,0,4,9,57
45710,0.4.9,0,4,9,57
45711,0.9.3,0,9,3,111
45712,0.2.6,0,2,6,30
45713,0.4.9,0,4,9,57
45714,0.4.9,0,4,9,57
45715,0.4.9,0,4,9,57
45718,0.4.9,0,4,9,57
45719,0.4.6,0,4,6,54
45723,0.4.9,0,4,9,57
45726,0.4.9,0,4,9,57
45727,0.10.8,0,10,8,128
45729,0.2.6,0,2,6,30
45731,0.4.9,0,4,9,57
45732,0.2.6,0,2,6,30
45733,0.4.9,0,4,9,57
45735,0.4.6,0,4,6,54
45736,0.4.9,0,4,9,57
45737,0.4.9,0,4,9,57
45738,0.4.9,0,4,9,57
45739,0.4.9,0,4,9,57
45740,0.4.9,0,4,9,57
45741,0.4.9,0,4,9,57
45742,0.4.9,0,4,9,57
45743,0.2.6,0,2,6,30
45744,0.4.6,0,4,6,54
45745,0.4.9,0,4,9,57
45749,0.4.9,0,4,9,57
45750,0.4.6,0,4,6,54
45751,0.4.9,0,4,9,57
45752,0.4.6,0,4,6,54
45753,0.2.6,0,2,6,30
45755,0.4.6,0,4,6,54
45757,0.4.9,0,4,9,57
45758,0.4.6,0,4,6,54
45759,0.4.9,0,4,9,57
45761,0.4.9,0,4,9,57
45764,0.4.9,0,4,9,57
45765,0.4.9,0,4,9,57
45766,0.4.9,0,4,9,57
45769,0.4.9,0,4,9,57
45774,0.2.6,0,2,6,30
45776,0.4.6,0,4,6,54
45777,0.4.6,0,4,6,54
45779,0.4.9,0,4,9,57
45780,0.4.6,0,4,6,54
45784,0.4.6,0,4,6,54
45785,0.4.9,0,4,9,57
45787,0.4.6,0,4,6,54
45789,0.4.6,0,4,6,54
45794,0.4.6,0,4,6,54
45795,0.4.9,0,4,9,57
45797,0.4.9,0,4,9,57
45799,0.4.9,0,4,9,57
45802,0.4.9,0,4,9,57
45803,0.4.6,0,4,6,54
45804,0.4.9,0,4,9,57
45806,0.2.6,0,2,6,30
45807,0.4.6,0,4,6,54
45808,0.4.9,0,4,9,57
45809,0.4.9,0,4,9,57
45810,0.4.9,0,4,9,57
45811,0.4.9,0,4,9,57
45812,0.4.9,0,4,9,57
45813,0.4.6,0,4,6,54
45814,0.4.6,0,4,6,54
45815,0.4.9,0,4,9,57
45817,0.4.9,0,4,9,57
45818,0.4.9,0,4,9,57
45820,0.4.9,0,4,9,57
45821,0.2.6,0,2,6,30
45822,0.9.3,0,9,3,111
45823,0.4.6,0,4,6,54
45824,0.4.9,0,4,9,57
45825,0.4.9,0,4,9,57
45826,0.4.6,0,4,6,54
45827,0.4.9,0,4,9,57
45828,0.4.9,0,4,9,57
45830,0.6.8,0,6,8,80
45836,0.2.6,0,2,6,30
45837,0.4.9,0,4,9,57
45838,0.4.9,0,4,9,57
45839,0.4.6,0,4,6,54
45840,0.4.6,0,4,6,54
45842,0.4.9,0,4,9,57
45843,0.4.9,0,4,9,57
45845,0.4.9,0,4,9,57
45849,0.4.9,0,4,9,57
45850,0.9.3,0,9,3,111
45851,0.4.6,0,4,6,54
45852,0.2.6,0,2,6,30
45854,0.2.6,0,2,6,30
45856,0.2.6,0,2,6,30
45858,0.4.9,0,4,9,57
45859,0.2.6,0,2,6,30
45860,0.4.9,0,4,9,57
45862,0.2.6,0,2,6,30
45863,0.2.6,0,2,6,30
45864,0.4.9,0,4,9,57
45865,0.4.6,0,4,6,54
45866,0.4.6,0,4,6,54
45868,0.4.9,0,4,9,57
45869,0.2.6,0,2,6,30
45871,0.4.9,0,4,9,57
45872,0.13.4,0,13,4,160
45875,0.4.9,0,4,9,57
45876,0.2.6,0,2,6,30
45878,0.4.6,0,4,6,54
45879,0.4.9,0,4,9,57
45880,0.4.9,0,4,9,57
45881,0.9.3,0,9,3,111
45883,0.4.9,0,4,9,57
45884,0.4.6,0,4,6,54
45885,0.2.6,0,2,6,30
45886,0.4.9,0,4,9,57
45887,0.13.4,0,13,4,160
45890,0.4.9,0,4,9,57
45892,0.4.9,0,4,9,57
45894,0.4.9,0,4,9,57
45898,0.4.9,0,4,9,57
45899,0.4.9,0,4,9,57
45901,0.4.6,0,4,6,54
45902,0.2.6,0,2,6,30
45903,0.4.6,0,4,6,54
45904,0.9.3,0,9,3,111
45905,0.9.3,0,9,3,111
45906,0.6.8,0,6,8,80
45907,0.4.9,0,4,9,57
45908,0.4.6,0,4,6,54
45910,0.2.6,0,2,6,30
45912,0.6.11,0,6,11,83
45916,0.13.7,0,13,7,163
45918,2.14.8,2,14,8,656
45919,0.4.9,0,4,9,57
45920,0.2.6,0,2,6,30
45921,0.2.6,0,2,6,30
45922,0.4.9,0,4,9,57
45923,0.4.9,0,4,9,57
45924,0.4.9,0,4,9,57
45927,0.4.6,0,4,6,54
45929,0.4.9,0,4,9,57
45930,0.4.9,0,4,9,57
45931,0.4.9,0,4,9,57
45933,0.4.9,0,4,9,57
45934,0.4.9,0,4,9,57
45936,0.4.9,0,4,9,57
45937,0.2.6,0,2,6,30
45941,0.4.9,0,4,9,57
45942,2.0.0,2,0,0,480
45943,0.2.6,0,2,6,30
45944,0.4.6,0,4,6,54
45949,0.4.6,0,4,6,54
45950,0.4.9,0,4,9,57
45953,0.2.6,0,2,6,30
45954,0.4.9,0,4,9,57
45955,0.4.9,0,4,9,57
45956,0.4.9,0,4,9,57
45959,0.4.9,0,4,9,57
45960,0.2.6,0,2,6,30
45962,0.4.9,0,4,9,57
45967,0.4.9,0,4,9,57
45968,0.4.9,0,4,9,57
45969,0.4.9,0,4,9,57
45970,0.2.6,0,2,6,30
45971,0.4.9,0,4,9,57
45976,0.4.9,0,4,9,57
45977,0.4.9,0,4,9,57
45978,0.10.8,0,10,8,128
45980,0.2.6,0,2,6,30
45982,0.2.6,0,2,6,30
45983,0.4.9,0,4,9,57
45984,0.4.9,0,4,9,57
45986,0.6.8,0,6,8,80
45987,0.4.6,0,4,6,54
45989,0.10.8,0,10,8,128
45990,0.4.9,0,4,9,57
45991,0.4.9,0,4,9,57
45992,0.2.6,0,2,6,30
45993,0.2.6,0,2,6,30
45994,0.2.6,0,2,6,30
45995,0.13.7,0,13,7,163
45998,0.2.6,0,2,6,30
46000,0.4.9,0,4,9,57
46001,0.4.9,0,4,9,57
46002,0.4.6,0,4,6,54
46003,0.4.6,0,4,6,54
46004,0.6.11,0,6,11,83
46005,0.9.3,0,9,3,111
46006,0.4.9,0,4,9,57
46011,0.2.6,0,2,6,30
46012,0.4.6,0,4,6,54
46013,0.4.6,0,4,6,54
46016,0.4.9,0,4,9,57
46017,0.4.9,0,4,9,57
46021,0.4.9,0,4,9,57
46024,0.4.9,0,4,9,57
46025,0.4.6,0,4,6,54
46027,0.4.9,0,4,9,57
46029,0.4.9,0,4,9,57
46031,0.4.9,0,4,9,57
46032,0.4.9,0,4,9,57
46033,0.4.9,0,4,9,57
46034,0.13.7,0,13,7,163
46037,0.4.6,0,4,6,54
46038,0.2.6,0,2,6,30
46041,0.4.9,0,4,9,57
46042,0.4.9,0,4,9,57
46043,0.4.9,0,4,9,57
46044,0.4.6,0,4,6,54
46045,0.10.8,0,10,8,128
46050,0.4.9,0,4,9,57
46052,0.4.9,0,4,9,57
46053,0.2.6,0,2,6,30
46054,0.4.9,0,4,9,57
46055,0.4.6,0,4,6,54
46057,0.2.6,0,2,6,30
46060,0.4.9,0,4,9,57
46061,0.4.6,0,4,6,54
46064,0.2.6,0,2,6,30
46066,0.4.9,0,4,9,57
46073,0.4.9,0,4,9,57
46074,0.4.9,0,4,9,57
46075,0.4.6,0,4,6,54
46076,0.4.6,0,4,6,54
46077,0.4.6,0,4,6,54
46078,0.4.9,0,4,9,57
46079,0.4.9,0,4,9,57
46080,0.4.9,0,4,9,57
46084,0.4.9,0,4,9,57
46086,0.4.9,0,4,9,57
46087,0.2.6,0,2,6,30
46088,0.4.9,0,4,9,57
46089,0.4.9,0,4,9,57
46090,0.4.6,0,4,6,54
46091,0.4.6,0,4,6,54
46096,0.4.9,0,4,9,57
46097,0.4.9,0,4,9,57
46100,0.4.9,0,4,9,57
46101,0.4.9,0,4,9,57
46102,0.4.6,0,4,6,54
46105,0.2.6,0,2,6,30
46106,0.4.9,0,4,9,57
46107,0.4.9,0,4,9,57
46110,0.2.6,0,2,6,30
46111,0.4.9,0,4,9,57
46112,0.4.9,0,4,9,57
46113,0.2.6,0,2,6,30
46114,0.4.6,0,4,6,54
46115,0.2.6,0,2,6,30
46116,0.4.6,0,4,6,54
46117,0.4.6,0,4,6,54
46118,0.2.6,0,2,6,30
46119,0.4.9,0,4,9,57
46121,0.4.9,0,4,9,57
46122,0.4.9,0,4,9,57
46125,0.4.9,0,4,9,57
46127,0.4.9,0,4,9,57
46128,0.4.6,0,4,6,54
46129,0.4.6,0,4,6,54
46130,0.4.9,0,4,9,57
46131,0.4.9,0,4,9,57
46132,0.4.9,0,4,9,57
46137,0.4.6,0,4,6,54
46140,0.2.6,0,2,6,30
46141,0.6.8,0,6,8,80
46142,0.9.3,0,9,3,111
46143,0.4.9,0,4,9,57
46145,0.4.9,0,4,9,57
46146,0.4.9,0,4,9,57
46148,0.9.3,0,9,3,111
46150,0.4.9,0,4,9,57
46151,0.4.9,0,4,9,57
46155,0.2.6,0,2,6,30
46156,0.2.6,0,2,6,30
46157,0.4.9,0,4,9,57
46158,0.4.9,0,4,9,57
46159,0.4.9,0,4,9,57
46160,0.2.6,0,2,6,30
46162,0.4.9,0,4,9,57
46163,0.4.9,0,4,9,57
46164,0.2.6,0,2,6,30
46165,0.4.9,0,4,9,57
46166,0.4.9,0,4,9,57
46168,0.4.9,0,4,9,57
46169,0.2.6,0,2,6,30
46170,0.4.9,0,4,9,57
46171,0.4.9,0,4,9,57
46172,0.4.9,0,4,9,57
46173,0.4.9,0,4,9,57
46174,0.4.9,0,4,9,57
46175,0.4.9,0,4,9,57
46176,0.4.9,0,4,9,57
46177,0.4.9,0,4,9,57
46178,0.2.6,0,2,6,30
46181,0.4.9,0,4,9,57
46182,0.4.9,0,4,9,57
46184,0.9.0,0,9,0,108
46186,0.10.8,0,10,8,128
46187,0.4.9,0,4,9,57
46188,0.2.6,0,2,6,30
46193,0.4.9,0,4,9,57
46194,0.4.9,0,4,9,57
46196,0.4.9,0,4,9,57
46198,0.4.9,0,4,9,57
46199,0.4.9,0,4,9,57
46200,0.4.9,0,4,9,57
46201,0.4.9,0,4,9,57
46202,0.4.9,0,4,9,57
46203,0.2.6,0,2,6,30
46206,0.4.9,0,4,9,57
46208,0.9.3,0,9,3,111
46213,0.4.9,0,4,9,57
46215,0.2.6,0,2,6,30
46218,0.4.6,0,4,6,54
46219,0.4.9,0,4,9,57
46220,0.4.9,0,4,9,57
46221,0.4.9,0,4,9,57
46222,0.4.9,0,4,9,57
46224,0.4.9,0,4,9,57
46226,0.4.6,0,4,6,54
46227,0.4.6,0,4,6,54
46229,0.4.9,0,4,9,57
46230,0.4.6,0,4,6,54
46232,0.4.6,0,4,6,54
46233,0.9.3,0,9,3,111
46234,0.2.6,0,2,6,30
46235,0.4.6,0,4,6,54
46236,0.13.7,0,13,7,163
46237,0.4.9,0,4,9,57
46238,0.4.9,0,4,9,57
46239,0.9.3,0,9,3,111
46240,0.4.9,0,4,9,57
46241,0.4.6,0,4,6,54
46242,0.4.9,0,4,9,57
46243,0.4.9,0,4,9,57
46244,0.4.9,0,4,9,57
46246,0.2.6,0,2,6,30
46247,0.2.6,0,2,6,30
46248,0.4.9,0,4,9,57
46249,0.2.6,0,2,6,30
46250,0.4.6,0,4,6,54
46251,0.4.9,0,4,9,57
46252,0.4.9,0,4,9,57
46254,0.2.6,0,2,6,30
46255,0.4.9,0,4,9,57
46256,0.6.11,0,6,11,83
46257,0.4.9,0,4,9,57
46258,0.4.9,0,4,9,57
46259,0.4.6,0,4,6,54
46261,0.4.9,0,4,9,57
46262,0.4.9,0,4,9,57
46263,0.2.6,0,2,6,30
46264,0.4.6,0,4,6,54
46265,0.4.6,0,4,6,54
46266,0.4.9,0,4,9,57
46267,0.6.11,0,6,11,83
46268,0.4.6,0,4,6,54
46269,0.2.6,0,2,6,30
46270,0.4.9,0,4,9,57
46271,0.4.9,0,4,9,57
46272,0.4.9,0,4,9,57
46273,0.4.9,0,4,9,57
46274,0.2.6,0,2,6,30
46275,0.4.9,0,4,9,57
46276,0.4.6,0,4,6,54
46277,0.4.9,0,4,9,57
46278,0.4.6,0,4,6,54
46279,0.2.6,0,2,6,30
46280,0.4.9,0,4,9,57
46281,0.4.6,0,4,6,54
46282,0.4.9,0,4,9,57
46283,0.4.9,0,4,9,57
46285,0.4.9,0,4,9,57
46286,0.4.9,0,4,9,57
46287,0.4.9,0,4,9,57
46288,0.4.9,0,4,9,57
46289,0.4.9,0,4,9,57
46291,0.4.9,0,4,9,57
46292,0.4.9,0,4,9,57
46293,0.6.11,0,6,11,83
46294,0.4.9,0,4,9,57
46296,0.4.9,0,4,9,57
46297,0.4.9,0,4,9,57
46299,0.10.8,0,10,8,128
46300,0.4.9,0,4,9,57
46301,0.4.9,0,4,9,57
46302,0.4.6,0,4,6,54
46303,0.4.9,0,4,9,57
46304,0.4.9,0,4,9,57
46305,0.4.9,0,4,9,57
46306,0.6.11,0,6,11,83
46307,0.4.9,0,4,9,57
46309,0.4.6,0,4,6,54
46310,0.10.8,0,10,8,128
46311,0.4.9,0,4,9,57
46312,0.4.6,0,4,6,54
46313,0.4.9,0,4,9,57
46314,0.4.9,0,4,9,57
46315,0.4.9,0,4,9,57
46316,0.9.3,0,9,3,111
46317,0.4.9,0,4,9,57
46318,0.4.9,0,4,9,57
46319,0.4.9,0,4,9,57
46320,0.4.9,0,4,9,57
46321,0.4.6,0,4,6,54
46322,0.4.9,0,4,9,57
46323,0.4.9,0,4,9,57
46324,0.4.9,0,4,9,57
46325,0.10.8,0,10,8,128
46326,0.4.9,0,4,9,57
46327,0.4.9,0,4,9,57
46328,0.4.9,0,4,9,57
46329,0.4.9,0,4,9,57
46330,0.4.9,0,4,9,57
46331,0.4.9,0,4,9,57
46333,0.4.9,0,4,9,57
46334,0.2.6,0,2,6,30
46335,0.4.6,0,4,6,54
46336,0.4.9,0,4,9,57
46338,0.4.9,0,4,9,57
46339,0.2.6,0,2,6,30
46340,0.4.6,0,4,6,54
46341,0.4.9,0,4,9,57
46342,0.4.9,0,4,9,57
46344,0.4.9,0,4,9,57
46345,0.9.3,0,9,3,111
46346,0.4.9,0,4,9,57
46347,0.4.9,0,4,9,57
46348,0.4.9,0,4,9,57
46349,0.2.6,0,2,6,30
46350,0.4.9,0,4,9,57
46351,0.4.9,0,4,9,57
46353,0.4.9,0,4,9,57
46354,0.4.9,0,4,9,57
46355,0.4.6,0,4,6,54
46356,0.4.9,0,4,9,57
46357,0.4.9,0,4,9,57
46358,0.4.6,0,4,6,54
46359,0.4.6,0,4,6,54
46360,2.14.8,2,14,8,656
46361,0.9.3,0,9,3,111
46363,0.4.6,0,4,6,54
46364,0.4.9,0,4,9,57
46365,0.4.6,0,4,6,54
46366,0.4.6,0,4,6,54
46367,0.6.8,0,6,8,80
46368,0.4.9,0,4,9,57
46370,0.4.9,0,4,9,57
46371,0.4.9,0,4,9,57
46372,0.4.9,0,4,9,57
46373,0.4.9,0,4,9,57
46374,0.4.9,0,4,9,57
46375,0.4.9,0,4,9,57
46376,0.10.8,0,10,8,128
46377,0.2.6,0,2,6,30
46378,0.4.9,0,4,9,57
46379,0.4.6,0,4,6,54
46380,0.4.6,0,4,6,54
46381,0.9.3,0,9,3,111
46382,0.9.2,0,9,2,110
46383,0.9.3,0,9,3,111
46384,0.4.9,0,4,9,57
46385,0.2.6,0,2,6,30
46386,0.4.9,0,4,9,57
46387,0.4.6,0,4,6,54
46388,0.4.9,0,4,9,57
46389,0.2.6,0,2,6,30
46391,0.2.6,0,2,6,30
46392,0.9.3,0,9,3,111
46394,0.4.9,0,4,9,57
46395,0.4.9,0,4,9,57
46396,0.4.9,0,4,9,57
46397,0.4.9,0,4,9,57
46400,0.4.9,0,4,9,57
46401,0.2.6,0,2,6,30
46402,0.4.9,0,4,9,57
46403,0.2.6,0,2,6,30
46404,0.4.9,0,4,9,57
46405,0.4.6,0,4,6,54
46406,0.6.11,0,6,11,83
46407,0.4.9,0,4,9,57
46408,0.4.9,0,4,9,57
46409,0.4.9,0,4,9,57
46411,0.4.6,0,4,6,54
46412,0.4.9,0,4,9,57
46413,0.4.9,0,4,9,57
46415,0.13.7,0,13,7,163
46416,0.4.9,0,4,9,57
46417,0.4.9,0,4,9,57
46418,0.4.6,0,4,6,54
46419,0.4.6,0,4,6,54
46420,0.4.9,0,4,9,57
46421,0.4.9,0,4,9,57
46422,0.2.6,0,2,6,30
46423,0.4.9,0,4,9,57
46424,0.9.3,0,9,3,111
46425,0.2.6,0,2,6,30
46426,0.4.9,0,4,9,57
46427,0.4.6,0,4,6,54
46428,0.4.9,0,4,9,57
46429,0.4.9,0,4,9,57
46430,0.2.6,0,2,6,30
46431,0.4.6,0,4,6,54
46432,0.13.7,0,13,7,163
46433,0.4.6,0,4,6,54
46435,0.4.9,0,4,9,57
46436,0.9.3,0,9,3,111
46437,0.4.9,0,4,9,57
46438,0.4.9,0,4,9,57
46439,0.4.6,0,4,6,54
46440,0.9.3,0,9,3,111
46441,0.4.9,0,4,9,57
46443,0.4.9,0,4,9,57
46444,0.4.9,0,4,9,57
46445,0.10.8,0,10,8,128
46446,0.4.9,0,4,9,57
46447,0.4.9,0,4,9,57
46448,0.4.9,0,4,9,57
46449,0.4.6,0,4,6,54
46450,0.4.9,0,4,9,57
46451,0.4.9,0,4,9,57
46452,0.4.9,0,4,9,57
46453,0.2.6,0,2,6,30
46454,0.2.6,0,2,6,30
46456,0.4.9,0,4,9,57
46457,0.10.8,0,10,8,128
46458,0.4.9,0,4,9,57
46459,0.4.6,0,4,6,54
46460,0.9.3,0,9,3,111
46461,0.4.6,0,4,6,54
46462,0.4.9,0,4,9,57
46463,0.2.6,0,2,6,30
46464,0.2.6,0,2,6,30
46465,0.2.6,0,2,6,30
46466,0.4.9,0,4,9,57
46468,0.13.7,0,13,7,163
46469,0.2.6,0,2,6,30
46470,0.4.9,0,4,9,57
46471,0.4.9,0,4,9,57
46472,0.4.9,0,4,9,57
46473,0.2.6,0,2,6,30
46474,0.2.6,0,2,6,30
46475,0.4.9,0,4,9,57
46476,0.4.9,0,4,9,57
46477,0.4.9,0,4,9,57
46478,0.4.6,0,4,6,54
46479,0.4.9,0,4,9,57
46480,0.2.6,0,2,6,30
46481,0.4.9,0,4,9,57
46482,0.4.9,0,4,9,57
46483,0.4.9,0,4,9,57
46484,0.4.6,0,4,6,54
46485,0.4.9,0,4,9,57
46486,0.4.6,0,4,6,54
46487,0.4.9,0,4,9,57
46488,0.4.9,0,4,9,57
46489,0.4.9,0,4,9,57
46490,0.4.9,0,4,9,57
46491,0.4.9,0,4,9,57
46492,0.4.9,0,4,9,57
46493,0.4.9,0,4,9,57
46494,0.2.6,0,2,6,30
46495,2.0.0,2,0,0,480
46496,0.4.9,0,4,9,57
46498,0.4.9,0,4,9,57
46499,0.2.6,0,2,6,30
46500,0.4.6,0,4,6,54
46501,0.4.6,0,4,6,54
46502,0.4.9,0,4,9,57
46503,0.4.9,0,4,9,57
46504,0.9.5,0,9,5,113
46505,0.4.9,0,4,9,57
46506,0.4.9,0,4,9,57
46507,0.4.9,0,4,9,57
46508,0.2.6,0,2,6,30
46509,0.4.9,0,4,9,57
46510,0.4.9,0,4,9,57
46511,0.2.6,0,2,6,30
46512,0.4.6,0,4,6,54
46513,0.4.6,0,4,6,54
46514,0.4.9,0,4,9,57
46515,0.4.6,0,4,6,54
46516,0.4.6,0,4,6,54
46518,0.4.9,0,4,9,57
46519,0.4.6,0,4,6,54
46520,0.4.9,0,4,9,57
46521,0.4.9,0,4,9,57
46522,0.4.9,0,4,9,57
46523,0.2.6,0,2,6,30
46524,0.2.6,0,2,6,30
46525,0.2.6,0,2,6,30
46526,0.2.6,0,2,6,30
46528,0.4.9,0,4,9,57
46529,0.4.9,0,4,9,57
46530,0.4.9,0,4,9,57
46531,0.4.9,0,4,9,57
46532,0.4.9,0,4,9,57
46533,0.4.9,0,4,9,57
46534,0.10.8,0,10,8,128
46535,0.4.9,0,4,9,57
46536,0.4.9,0,4,9,57
46537,0.4.9,0,4,9,57
46538,0.4.9,0,4,9,57
46539,0.4.9,0,4,9,57
46540,0.4.9,0,4,9,57
46541,0.2.6,0,2,6,30
46542,0.4.9,0,4,9,57
46543,0.10.8,0,10,8,128
46544,0.4.9,0,4,9,57
46545,0.4.9,0,4,9,57
46546,0.4.9,0,4,9,57
46548,0.4.6,0,4,6,54
46549,0.4.6,0,4,6,54
46550,0.4.9,0,4,9,57
46551,0.4.9,0,4,9,57
46552,0.2.6,0,2,6,30
46553,0.4.9,0,4,9,57
46555,0.4.9,0,4,9,57
46556,0.4.9,0,4,9,57
46557,0.4.9,0,4,9,57
46558,0.2.6,0,2,6,30
46559,0.4.6,0,4,6,54
46560,0.4.9,0,4,9,57
46561,0.4.6,0,4,6,54
46563,0.4.9,0,4,9,57
46564,0.4.9,0,4,9,57
46565,0.4.9,0,4,9,57
46567,0.4.9,0,4,9,57
46568,0.4.9,0,4,9,57
46569,0.6.8,0,6,8,80
46570,0.9.3,0,9,3,111
46571,0.4.6,0,4,6,54
46572,0.4.6,0,4,6,54
46573,0.2.6,0,2,6,30
46574,0.9.3,0,9,3,111
46575,0.4.9,0,4,9,57
46576,0.4.9,0,4,9,57
46577,0.4.9,0,4,9,57
46578,0.4.9,0,4,9,57
46579,0.4.9,0,4,9,57
46580,0.4.9,0,4,9,57
46581,0.9.3,0,9,3,111
46582,0.2.6,0,2,6,30
46583,0.4.9,0,4,9,57
46584,0.4.6,0,4,6,54
46585,0.4.6,0,4,6,54
46587,0.4.9,0,4,9,57
46589,0.10.8,0,10,8,128
46590,0.4.9,0,4,9,57
46591,0.4.9,0,4,9,57
46592,0.4.9,0,4,9,57
46593,0.4.9,0,4,9,57
46594,0.4.9,0,4,9,57
46595,0.4.9,0,4,9,57
46596,0.4.9,0,4,9,57
46597,0.6.11,0,6,11,83
46598,0.4.9,0,4,9,57
46599,0.9.3,0,9,3,111
46600,0.4.9,0,4,9,57
46601,0.4.9,0,4,9,57
46602,0.4.9,0,4,9,57
46603,0.2.6,0,2,6,30
46604,0.4.9,0,4,9,57
46605,0.4.9,0,4,9,57
46606,0.4.9,0,4,9,57
46607,0.4.9,0,4,9,57
46609,0.4.9,0,4,9,57
46610,0.4.9,0,4,9,57
46611,0.4.9,0,4,9,57
46615,0.2.6,0,2,6,30
46616,0.13.4,0,13,4,160
46617,0.4.9,0,4,9,57
46618,0.4.9,0,4,9,57
46619,0.4.9,0,4,9,57
46620,0.4.9,0,4,9,57
46622,0.4.9,0,4,9,57
46623,0.4.6,0,4,6,54
46624,0.4.6,0,4,6,54
46625,0.4.9,0,4,9,57
46626,0.4.9,0,4,9,57
46627,0.4.9,0,4,9,57
46628,0.2.6,0,2,6,30
46629,0.4.9,0,4,9,57
46630,0.2.6,0,2,6,30
46631,0.4.9,0,4,9,57
46633,0.4.9,0,4,9,57
46635,0.4.9,0,4,9,57
46636,0.9.3,0,9,3,111
46637,0.4.9,0,4,9,57
46638,0.4.9,0,4,9,57
46639,0.4.9,0,4,9,57
46640,0.4.9,0,4,9,57
46641,0.4.9,0,4,9,57
46642,0.4.6,0,4,6,54
46643,0.2.6,0,2,6,30
46644,0.4.9,0,4,9,57
46645,0.2.6,0,2,6,30
46646,0.4.9,0,4,9,57
46647,0.4.9,0,4,9,57
46649,0.4.6,0,4,6,54
46650,0.4.9,0,4,9,57
46651,0.9.3,0,9,3,111
46652,0.4.9,0,4,9,57
46653,0.4.9,0,4,9,57
46654,0.4.9,0,4,9,57
46655,0.4.9,0,4,9,57
46656,0.4.9,0,4,9,57
46657,0.4.9,0,4,9,57
46658,0.4.9,0,4,9,57
46659,0.4.9,0,4,9,57
46660,0.4.6,0,4,6,54
46662,0.4.9,0,4,9,57
46663,0.4.9,0,4,9,57
46664,0.4.9,0,4,9,57
46665,0.4.9,0,4,9,57
46666,0.2.6,0,2,6,30
46667,0.4.9,0,4,9,57
46668,0.4.9,0,4,9,57
46669,2.14.8,2,14,8,656
46671,0.4.9,0,4,9,57
46672,0.2.6,0,2,6,30
46673,0.4.9,0,4,9,57
46674,0.4.9,0,4,9,57
46675,0.4.9,0,4,9,57
46676,0.4.9,0,4,9,57
46678,0.4.9,0,4,9,57
46680,0.4.6,0,4,6,54
46681,0.4.9,0,4,9,57
46682,0.13.4,0,13,4,160
46684,0.4.9,0,4,9,57
46685,0.2.6,0,2,6,30
46686,0.2.6,0,2,6,30
46687,0.4.9,0,4,9,57
46688,0.4.9,0,4,9,57
46689,0.9.3,0,9,3,111
46690,0.9.3,0,9,3,111
46691,0.4.9,0,4,9,57
46692,0.4.9,0,4,9,57
46693,0.4.9,0,4,9,57
46694,0.4.6,0,4,6,54
46695,0.4.9,0,4,9,57
46696,0.9.3,0,9,3,111
46698,0.4.6,0,4,6,54
46699,0.4.9,0,4,9,57
46700,0.4.9,0,4,9,57
46701,0.4.9,0,4,9,57
46702,0.2.6,0,2,6,30
46703,0.4.6,0,4,6,54
46705,0.2.6,0,2,6,30
46706,0.2.6,0,2,6,30
46707,0.4.6,0,4,6,54
46708,0.4.9,0,4,9,57
46709,0.4.9,0,4,9,57
46711,0.2.6,0,2,6,30
46712,0.4.9,0,4,9,57
46713,0.4.9,0,4,9,57
46714,0.4.9,0,4,9,57
46715,0.4.9,0,4,9,57
46716,0.4.9,0,4,9,57
46717,0.4.9,0,4,9,57
46718,0.4.9,0,4,9,57
46721,0.4.9,0,4,9,57
46722,0.4.9,0,4,9,57
46723,0.4.9,0,4,9,57
46724,0.4.9,0,4,9,57
46725,0.6.8,0,6,8,80
46726,0.4.9,0,4,9,57
46727,0.4.9,0,4,9,57
46728,0.10.8,0,10,8,128
46729,0.4.9,0,4,9,57
46730,0.4.9,0,4,9,57
46733,0.4.9,0,4,9,57
46734,0.4.9,0,4,9,57
46735,0.4.9,0,4,9,57
46736,0.4.9,0,4,9,57
46737,0.4.6,0,4,6,54
46738,0.10.8,0,10,8,128
46739,0.4.9,0,4,9,57
46741,0.4.9,0,4,9,57
46742,0.4.9,0,4,9,57
46743,0.4.9,0,4,9,57
46744,0.4.6,0,4,6,54
46745,0.4.6,0,4,6,54
46746,0.4.9,0,4,9,57
46747,0.4.9,0,4,9,57
46748,0.4.9,0,4,9,57
46749,0.4.9,0,4,9,57
46750,0.4.9,0,4,9,57
46751,0.4.6,0,4,6,54
46752,0.2.6,0,2,6,30
46753,0.4.6,0,4,6,54
46754,0.2.6,0,2,6,30
46755,0.4.9,0,4,9,57
46756,0.4.6,0,4,6,54
46758,0.2.6,0,2,6,30
46759,0.2.6,0,2,6,30
46760,0.9.3,0,9,3,111
46761,0.4.9,0,4,9,57
46763,0.4.6,0,4,6,54
46764,0.4.6,0,4,6,54
46765,0.4.9,0,4,9,57
46766,0.4.6,0,4,6,54
46767,0.4.9,0,4,9,57
46768,0.2.6,0,2,6,30
46769,0.4.9,0,4,9,57
46770,0.4.9,0,4,9,57
46771,0.2.6,0,2,6,30
46773,0.4.9,0,4,9,57
46774,0.10.8,0,10,8,128
46775,0.4.9,0,4,9,57
46776,0.4.9,0,4,9,57
46777,0.9.3,0,9,3,111
46778,0.4.6,0,4,6,54
46779,0.4.9,0,4,9,57
46780,0.4.6,0,4,6,54
46781,0.2.6,0,2,6,30
46782,0.4.9,0,4,9,57
46783,0.4.6,0,4,6,54
46784,0.4.6,0,4,6,54
46785,0.2.6,0,2,6,30
46786,0.4.9,0,4,9,57
46787,0.4.9,0,4,9,57
46788,0.9.3,0,9,3,111
46789,0.4.9,0,4,9,57
46790,0.4.9,0,4,9,57
46791,0.4.9,0,4,9,57
46792,0.4.9,0,4,9,57
46793,0.9.3,0,9,3,111
46794,0.4.6,0,4,6,54
46795,0.4.9,0,4,9,57
46796,0.2.6,0,2,6,30
46797,0.9.3,0,9,3,111
46798,0.4.9,0,4,9,57
46800,0.4.9,0,4,9,57
46801,0.4.9,0,4,9,57
46802,0.4.6,0,4,6,54
46803,0.4.9,0,4,9,57
46804,0.4.9,0,4,9,57
46805,0.9.3,0,9,3,111
46806,0.4.6,0,4,6,54
46807,0.4.9,0,4,9,57
46808,0.4.9,0,4,9,57
46809,0.2.6,0,2,6,30
46810,0.4.9,0,4,9,57
46811,0.4.9,0,4,9,57
46812,0.4.9,0,4,9,57
46813,0.4.6,0,4,6,54
46814,0.4.6,0,4,6,54
46815,0.4.9,0,4,9,57
46816,0.4.9,0,4,9,57
46817,0.4.9,0,4,9,57
46818,0.4.9,0,4,9,57
46819,0.2.6,0,2,6,30
46820,0.4.9,0,4,9,57
46821,0.2.6,0,2,6,30
46823,0.4.9,0,4,9,57
46824,0.2.6,0,2,6,30
46825,0.2.6,0,2,6,30
46826,0.4.9,0,4,9,57
46830,0.2.6,0,2,6,30
46831,0.4.9,0,4,9,57
46832,0.4.9,0,4,9,57
46833,0.4.6,0,4,6,54
46835,0.4.6,0,4,6,54
46836,0.9.0,0,9,0,108
46838,0.4.6,0,4,6,54
46839,0.4.9,0,4,9,57
46840,0.4.9,0,4,9,57
46841,0.2.6,0,2,6,30
46842,0.9.3,0,9,3,111
46843,0.4.9,0,4,9,57
46845,0.4.9,0,4,9,57
46846,0.4.9,0,4,9,57
46847,0.4.9,0,4,9,57
46848,0.2.6,0,2,6,30
46850,0.9.3,0,9,3,111
46851,0.4.6,0,4,6,54
46853,0.4.9,0,4,9,57
46854,0.4.9,0,4,9,57
46855,0.4.9,0,4,9,57
46856,0.4.9,0,4,9,57
46857,0.2.6,0,2,6,30
46860,0.4.9,0,4,9,57
46861,0.4.9,0,4,9,57
46862,0.4.9,0,4,9,57
46863,0.4.9,0,4,9,57
46864,1.4.7,1,4,7,295
46866,0.4.9,0,4,9,57
46867,0.4.9,0,4,9,57
46868,0.9.3,0,9,3,111
46869,0.9.3,0,9,3,111
46870,0.2.6,0,2,6,30
46872,0.4.6,0,4,6,54
46873,0.4.6,0,4,6,54
46874,0.4.9,0,4,9,57
46875,0.4.9,0,4,9,57
46876,0.4.9,0,4,9,57
46877,0.4.9,0,4,9,57
46878,0.4.9,0,4,9,57
46879,0.4.9,0,4,9,57
46880,0.4.9,0,4,9,57
46881,0.4.9,0,4,9,57
46882,0.4.9,0,4,9,57
46885,0.4.6,0,4,6,54
46886,0.4.9,0,4,9,57
46888,0.4.9,0,4,9,57
46889,0.9.3,0,9,3,111
46890,0.9.3,0,9,3,111
46891,0.4.9,0,4,9,57
46892,0.2.6,0,2,6,30
46893,0.4.9,0,4,9,57
46894,0.4.9,0,4,9,57
46895,0.4.9,0,4,9,57
46896,0.4.9,0,4,9,57
46897,0.4.9,0,4,9,57
46899,0.4.6,0,4,6,54
46900,0.4.9,0,4,9,57
46901,0.4.9,0,4,9,57
46902,0.4.9,0,4,9,57
46903,0.4.9,0,4,9,57
46904,0.4.9,0,4,9,57
46906,0.4.9,0,4,9,57
46907,0.4.9,0,4,9,57
46908,0.4.9,0,4,9,57
46909,0.2.6,0,2,6,30
46910,0.4.9,0,4,9,57
46911,0.4.9,0,4,9,57
46912,0.4.9,0,4,9,57
46913,0.2.6,0,2,6,30
46914,0.4.9,0,4,9,57
46915,0.2.6,0,2,6,30
46916,0.4.9,0,4,9,57
46917,0.4.9,0,4,9,57
46918,0.4.9,0,4,9,57
46919,0.4.9,0,4,9,57
46920,0.4.9,0,4,9,57
46921,0.10.8,0,10,8,128
46922,0.4.6,0,4,6,54
46924,0.4.9,0,4,9,57
46925,0.10.8,0,10,8,128
46926,0.4.9,0,4,9,57
46927,0.4.9,0,4,9,57
46928,0.4.6,0,4,6,54
46929,0.4.9,0,4,9,57
46931,0.4.9,0,4,9,57
46932,0.4.9,0,4,9,57
46933,0.4.6,0,4,6,54
46934,0.4.9,0,4,9,57
46935,0.4.6,0,4,6,54
46936,0.4.9,0,4,9,57
46937,0.4.6,0,4,6,54
46938,0.2.6,0,2,6,30
46939,0.4.9,0,4,9,57
46940,0.4.6,0,4,6,54
46941,0.4.9,0,4,9,57
46942,0.4.9,0,4,9,57
46943,0.4.6,0,4,6,54
46945,0.4.9,0,4,9,57
46946,0.4.6,0,4,6,54
46947,0.4.9,0,4,9,57
46948,0.2.6,0,2,6,30
46949,0.4.6,0,4,6,54
46950,0.4.6,0,4,6,54
46951,0.4.6,0,4,6,54
46952,0.4.9,0,4,9,57
46953,0.4.9,0,4,9,57
46954,0.4.9,0,4,9,57
46955,0.4.9,0,4,9,57
46956,0.4.9,0,4,9,57
46957,0.4.9,0,4,9,57
46958,0.2.6,0,2,6,30
46959,0.9.3,0,9,3,111
46960,0.10.8,0,10,8,128
46961,0.4.9,0,4,9,57
46962,0.4.9,0,4,9,57
46963,0.4.9,0,4,9,57
46964,0.4.9,0,4,9,57
46965,0.2.6,0,2,6,30
46966,0.4.9,0,4,9,57
46967,0.4.6,0,4,6,54
46968,0.4.6,0,4,6,54
46969,0.2.6,0,2,6,30
46970,0.2.6,0,2,6,30
46971,0.9.3,0,9,3,111
46973,0.9.3,0,9,3,111
46974,0.4.6,0,4,6,54
46975,0.4.9,0,4,9,57
46976,0.2.6,0,2,6,30
46977,0.4.9,0,4,9,57
46978,0.4.6,0,4,6,54
46979,0.4.9,0,4,9,57
46980,0.4.9,0,4,9,57
46981,0.4.6,0,4,6,54
46982,0.4.9,0,4,9,57
46986,0.2.6,0,2,6,30
46987,0.4.9,0,4,9,57
46988,0.4.6,0,4,6,54
46989,0.2.6,0,2,6,30
46990,0.4.6,0,4,6,54
46991,0.2.6,0,2,6,30
46992,0.2.6,0,2,6,30
46993,0.2.6,0,2,6,30
46994,0.4.6,0,4,6,54
46996,0.4.9,0,4,9,57
46997,0.9.3,0,9,3,111
46998,0.4.9,0,4,9,57
46999,0.4.9,0,4,9,57
47001,0.2.6,0,2,6,30
47004,0.4.9,0,4,9,57
47005,0.4.6,0,4,6,54
47006,0.4.9,0,4,9,57
47009,0.4.9,0,4,9,57
47010,0.4.6,0,4,6,54
47011,0.4.9,0,4,9,57
47012,0.4.9,0,4,9,57
47013,0.4.6,0,4,6,54
47014,0.4.9,0,4,9,57
47015,0.2.6,0,2,6,30
47016,0.9.3,0,9,3,111
47018,0.4.6,0,4,6,54
47019,0.4.9,0,4,9,57
47020,0.2.6,0,2,6,30
47021,0.6.11,0,6,11,83
47022,0.2.6,0,2,6,30
47023,0.4.9,0,4,9,57
47024,0.4.9,0,4,9,57
47025,0.2.6,0,2,6,30
47026,0.2.6,0,2,6,30
47027,0.4.9,0,4,9,57
47028,0.4.9,0,4,9,57
47030,0.4.9,0,4,9,57
47031,0.4.9,0,4,9,57
47032,0.4.9,0,4,9,57
47033,0.4.6,0,4,6,54
47035,0.4.9,0,4,9,57
47036,0.4.9,0,4,9,57
47037,0.4.6,0,4,6,54
47038,0.2.6,0,2,6,30
47040,0.2.6,0,2,6,30
47041,0.4.6,0,4,6,54
47042,0.4.9,0,4,9,57
47043,0.2.6,0,2,6,30
47044,0.2.6,0,2,6,30
47045,0.4.9,0,4,9,57
47046,0.4.9,0,4,9,57
47047,0.4.9,0,4,9,57
47048,0.4.9,0,4,9,57
47049,0.4.6,0,4,6,54
47051,0.4.9,0,4,9,57
47052,0.4.6,0,4,6,54
47053,0.2.6,0,2,6,30
47054,0.4.6,0,4,6,54
47055,0.4.9,0,4,9,57
47056,0.4.9,0,4,9,57
47057,0.2.6,0,2,6,30
47058,0.4.6,0,4,6,54
47059,0.4.9,0,4,9,57
47060,0.4.6,0,4,6,54
47061,0.4.6,0,4,6,54
47062,0.4.9,0,4,9,57
47063,0.4.6,0,4,6,54
47064,0.4.9,0,4,9,57
47065,0.4.9,0,4,9,57
47066,0.4.6,0,4,6,54
47067,0.4.6,0,4,6,54
47068,0.4.9,0,4,9,57
47069,0.2.6,0,2,6,30
47070,0.4.6,0,4,6,54
47071,0.4.9,0,4,9,57
47072,0.4.6,0,4,6,54
47073,0.4.9,0,4,9,57
47074,0.4.6,0,4,6,54
47075,0.4.9,0,4,9,57
47076,0.4.9,0,4,9,57
47077,0.4.9,0,4,9,57
47079,0.4.6,0,4,6,54
47080,0.4.9,0,4,9,57
47081,0.2.6,0,2,6,30
47082,0.4.6,0,4,6,54
47083,0.13.7,0,13,7,163
47084,0.4.6,0,4,6,54
47085,0.4.6,0,4,6,54
47086,0.4.9,0,4,9,57
47087,0.2.6,0,2,6,30
47088,0.4.9,0,4,9,57
47089,0.4.9,0,4,9,57
47090,0.4.6,0,4,6,54
47091,0.4.9,0,4,9,57
47092,0.4.9,0,4,9,57
47093,0.4.9,0,4,9,57
47094,0.4.6,0,4,6,54
47095,0.4.9,0,4,9,57
47097,0.4.6,0,4,6,54
47098,0.4.9,0,4,9,57
47099,0.4.9,0,4,9,57
47100,0.4.6,0,4,6,54
47101,0.4.6,0,4,6,54
47102,0.4.9,0,4,9,57
47103,0.4.9,0,4,9,57
47105,0.4.9,0,4,9,57
47106,0.4.9,0,4,9,57
47107,0.6.8,0,6,8,80
47108,0.4.9,0,4,9,57
47109,0.2.6,0,2,6,30
47110,0.4.9,0,4,9,57
47111,0.6.11,0,6,11,83
47112,0.4.9,0,4,9,57
47113,0.4.6,0,4,6,54
47115,0.4.9,0,4,9,57
47116,0.4.6,0,4,6,54
47117,0.2.6,0,2,6,30
47118,0.4.6,0,4,6,54
47119,0.2.6,0,2,6,30
47120,0.4.6,0,4,6,54
47121,0.2.6,0,2,6,30
47122,0.4.9,0,4,9,57
47123,0.4.9,0,4,9,57
47124,0.4.6,0,4,6,54
47126,0.2.6,0,2,6,30
47127,0.4.6,0,4,6,54
47128,0.2.6,0,2,6,30
47130,0.4.9,0,4,9,57
47131,0.2.6,0,2,6,30
47132,0.2.6,0,2,6,30
47133,0.4.9,0,4,9,57
47134,0.6.11,0,6,11,83
47135,0.4.9,0,4,9,57
47136,0.9.3,0,9,3,111
47137,0.9.3,0,9,3,111
47138,0.4.9,0,4,9,57
47139,0.4.6,0,4,6,54
47140,0.2.6,0,2,6,30
47141,0.4.9,0,4,9,57
47143,0.4.9,0,4,9,57
47144,0.4.9,0,4,9,57
47146,0.4.9,0,4,9,57
47147,0.13.7,0,13,7,163
47149,0.4.6,0,4,6,54
47150,0.2.6,0,2,6,30
47151,0.4.9,0,4,9,57
47153,0.4.9,0,4,9,57
47154,0.4.9,0,4,9,57
47155,0.4.9,0,4,9,57
47156,0.4.9,0,4,9,57
47157,0.4.9,0,4,9,57
47158,0.2.6,0,2,6,30
47159,0.4.6,0,4,6,54
47160,0.4.6,0,4,6,54
47161,0.6.11,0,6,11,83
47162,0.4.9,0,4,9,57
47163,0.4.9,0,4,9,57
47164,0.4.9,0,4,9,57
47165,0.4.9,0,4,9,57
47166,0.4.9,0,4,9,57
47167,0.2.6,0,2,6,30
47168,0.4.9,0,4,9,57
47170,0.4.6,0,4,6,54
47171,0.4.6,0,4,6,54
47173,0.4.6,0,4,6,54
47174,0.4.9,0,4,9,57
47175,0.4.9,0,4,9,57
47176,0.6.8,0,6,8,80
47178,0.4.9,0,4,9,57
47179,0.4.9,0,4,9,57
47180,0.4.6,0,4,6,54
47181,0.4.9,0,4,9,57
47182,0.4.9,0,4,9,57
47183,0.4.9,0,4,9,57
47184,0.4.9,0,4,9,57
47185,0.4.6,0,4,6,54
47187,0.2.6,0,2,6,30
47188,0.2.6,0,2,6,30
47190,0.2.6,0,2,6,30
47191,0.9.0,0,9,0,108
47192,0.4.9,0,4,9,57
47193,0.13.4,0,13,4,160
47194,0.4.9,0,4,9,57
47195,0.2.6,0,2,6,30
47196,0.4.9,0,4,9,57
47197,0.4.6,0,4,6,54
47198,0.4.6,0,4,6,54
47199,0.2.6,0,2,6,30
47200,0.4.9,0,4,9,57
47201,0.4.6,0,4,6,54
47203,0.2.6,0,2,6,30
47204,0.2.6,0,2,6,30
47205,0.4.6,0,4,6,54
47206,0.4.9,0,4,9,57
47207,0.4.9,0,4,9,57
47208,0.4.6,0,4,6,54
47210,0.4.9,0,4,9,57
47211,0.4.9,0,4,9,57
47212,0.4.6,0,4,6,54
47213,0.4.9,0,4,9,57
47214,0.2.6,0,2,6,30
47215,0.2.6,0,2,6,30
47216,0.4.9,0,4,9,57
47217,0.4.6,0,4,6,54
47218,0.10.8,0,10,8,128
47219,0.4.9,0,4,9,57
47220,0.4.9,0,4,9,57
47221,0.2.6,0,2,6,30
47222,0.4.6,0,4,6,54
47223,0.4.9,0,4,9,57
47224,0.4.9,0,4,9,57
47225,0.4.9,0,4,9,57
47226,0.2.6,0,2,6,30
47227,0.4.9,0,4,9,57
47228,0.4.9,0,4,9,57
47229,0.4.6,0,4,6,54
47230,0.4.9,0,4,9,57
47231,0.4.9,0,4,9,57
47232,0.4.9,0,4,9,57
47233,0.2.6,0,2,6,30
47234,0.4.9,0,4,9,57
47235,0.4.9,0,4,9,57
47236,0.4.9,0,4,9,57
47237,0.4.9,0,4,9,57
47238,0.10.8,0,10,8,128
47239,0.4.9,0,4,9,57
47240,0.4.9,0,4,9,57
47241,0.10.8,0,10,8,128
47243,0.4.9,0,4,9,57
47244,0.4.9,0,4,9,57
47245,0.4.9,0,4,9,57
47246,0.9.0,0,9,0,108
47247,0.4.9,0,4,9,57
47248,0.4.9,0,4,9,57
47249,0.4.9,0,4,9,57
47250,0.4.9,0,4,9,57
47251,0.4.9,0,4,9,57
47252,0.4.9,0,4,9,57
47253,0.4.9,0,4,9,57
47254,0.4.9,0,4,9,57
47255,0.4.9,0,4,9,57
47256,0.4.9,0,4,9,57
47257,0.4.9,0,4,9,57
47258,0.13.7,0,13,7,163
47259,0.2.6,0,2,6,30
47260,0.13.7,0,13,7,163
47261,0.4.6,0,4,6,54
47262,0.4.9,0,4,9,57
47263,0.4.9,0,4,9,57
47264,0.4.9,0,4,9,57
47265,0.4.9,0,4,9,57
47266,0.9.3,0,9,3,111
47267,0.4.9,0,4,9,57
47268,0.4.9,0,4,9,57
47269,0.4.9,0,4,9,57
47270,0.2.6,0,2,6,30
47271,0.4.9,0,4,9,57
47272,0.4.9,0,4,9,57
47273,0.2.6,0,2,6,30
47274,0.4.9,0,4,9,57
47275,0.4.9,0,4,9,57
47276,0.4.9,0,4,9,57
47277,0.4.9,0,4,9,57
47278,0.4.9,0,4,9,57
47279,0.4.9,0,4,9,57
47280,0.4.9,0,4,9,57
47281,0.4.9,0,4,9,57
47283,0.4.9,0,4,9,57
47284,0.4.9,0,4,9,57
47285,0.4.9,0,4,9,57
47286,0.4.9,0,4,9,57
47287,0.2.6,0,2,6,30
47288,0.4.9,0,4,9,57
47289,0.4.9,0,4,9,57
47290,0.9.3,0,9,3,111
47292,0.4.6,0,4,6,54
47293,0.2.6,0,2,6,30
47294,0.4.9,0,4,9,57
47295,0.4.9,0,4,9,57
47296,0.4.9,0,4,9,57
47297,0.4.9,0,4,9,57
47298,0.2.6,0,2,6,30
47299,0.2.6,0,2,6,30
47300,0.6.11,0,6,11,83
47302,0.4.9,0,4,9,57
47303,0.2.6,0,2,6,30
47305,0.4.6,0,4,6,54
47306,0.4.9,0,4,9,57
47307,0.4.9,0,4,9,57
47308,0.2.6,0,2,6,30
47309,0.4.9,0,4,9,57
47310,0.4.9,0,4,9,57
47311,0.4.9,0,4,9,57
47312,0.4.9,0,4,9,57
47313,0.4.9,0,4,9,57
47314,0.2.6,0,2,6,30
47316,0.2.6,0,2,6,30
47317,0.4.6,0,4,6,54
47318,0.4.9,0,4,9,57
47319,0.4.9,0,4,9,57
47320,0.4.9,0,4,9,57
47321,0.2.6,0,2,6,30
47322,0.4.9,0,4,9,57
47323,0.4.9,0,4,9,57
47324,0.4.9,0,4,9,57
47325,0.4.9,0,4,9,57
47326,0.4.9,0,4,9,57
47327,0.2.6,0,2,6,30
47328,0.2.6,0,2,6,30
47329,0.4.9,0,4,9,57
47330,0.4.9,0,4,9,57
47331,0.9.3,0,9,3,111
47332,0.4.9,0,4,9,57
47333,0.4.9,0,4,9,57
47334,0.4.9,0,4,9,57
47335,0.2.6,0,2,6,30
47336,0.4.9,0,4,9,57
47337,0.4.9,0,4,9,57
47338,0.4.9,0,4,9,57
47339,0.4.9,0,4,9,57
47341,0.2.6,0,2,6,30
47342,0.4.9,0,4,9,57
47343,0.4.9,0,4,9,57
47344,0.4.9,0,4,9,57
47345,0.6.11,0,6,11,83
47347,0.4.9,0,4,9,57
47348,0.4.9,0,4,9,57
47349,0.2.6,0,2,6,30
47350,0.2.6,0,2,6,30
47351,0.2.6,0,2,6,30
47352,0.4.9,0,4,9,57
47353,0.2.6,0,2,6,30
47354,0.4.6,0,4,6,54
47355,0.4.9,0,4,9,57
47356,0.9.3,0,9,3,111
47357,0.9.3,0,9,3,111
47358,0.2.6,0,2,6,30
47359,0.2.6,0,2,6,30
47360,0.4.6,0,4,6,54
47361,0.10.8,0,10,8,128
47362,0.4.6,0,4,6,54
47363,0.2.6,0,2,6,30
47364,0.2.6,0,2,6,30
47365,0.4.9,0,4,9,57
47366,0.4.6,0,4,6,54
47367,0.4.6,0,4,6,54
47370,0.4.9,0,4,9,57
47371,0.4.9,0,4,9,57
47372,0.4.6,0,4,6,54
47373,0.4.9,0,4,9,57
47374,0.2.6,0,2,6,30
47375,0.4.9,0,4,9,57
47376,0.4.9,0,4,9,57
47377,0.4.9,0,4,9,57
47378,0.4.9,0,4,9,57
47379,0.4.9,0,4,9,57
47380,0.4.9,0,4,9,57
47382,0.2.6,0,2,6,30
47383,0.4.6,0,4,6,54
47384,0.4.9,0,4,9,57
47385,0.4.9,0,4,9,57
47386,0.4.9,0,4,9,57
47388,0.2.6,0,2,6,30
47389,0.2.6,0,2,6,30
47390,0.4.9,0,4,9,57
47391,0.4.9,0,4,9,57
47392,0.4.9,0,4,9,57
47393,0.4.9,0,4,9,57
47394,0.4.6,0,4,6,54
47395,0.2.6,0,2,6,30
47396,0.2.6,0,2,6,30
47397,0.4.9,0,4,9,57
47398,0.4.6,0,4,6,54
47399,0.4.9,0,4,9,57
47400,0.4.9,0,4,9,57
47401,0.10.8,0,10,8,128
47402,0.4.9,0,4,9,57
47403,0.4.9,0,4,9,57
47404,0.2.6,0,2,6,30
47405,2.0.0,2,0,0,480
47406,0.4.6,0,4,6,54
47407,0.4.9,0,4,9,57
47408,0.4.9,0,4,9,57
47409,0.4.9,0,4,9,57
47410,0.4.9,0,4,9,57
47411,0.4.9,0,4,9,57
47413,0.4.9,0,4,9,57
47414,0.2.6,0,2,6,30
47415,0.4.9,0,4,9,57
47416,0.9.3,0,9,3,111
47417,0.4.9,0,4,9,57
47418,0.4.9,0,4,9,57
47419,0.4.6,0,4,6,54
47420,0.4.6,0,4,6,54
47422,0.4.9,0,4,9,57
47423,0.2.6,0,2,6,30
47424,0.4.6,0,4,6,54
47425,0.4.6,0,4,6,54
47426,0.4.9,0,4,9,57
47427,0.4.9,0,4,9,57
47429,0.4.6,0,4,6,54
47430,0.4.6,0,4,6,54
47431,0.4.6,0,4,6,54
47432,0.4.6,0,4,6,54
47433,0.4.6,0,4,6,54
47434,0.4.9,0,4,9,57
47435,0.4.9,0,4,9,57
47436,0.4.6,0,4,6,54
47437,0.2.6,0,2,6,30
47438,0.4.6,0,4,6,54
47439,0.2.6,0,2,6,30
47440,0.4.6,0,4,6,54
47441,0.4.6,0,4,6,54
47442,0.4.9,0,4,9,57
47443,0.4.9,0,4,9,57
47444,0.2.6,0,2,6,30
47445,0.4.6,0,4,6,54
47446,0.4.6,0,4,6,54
47447,0.2.6,0,2,6,30
47448,0.4.9,0,4,9,57
47449,0.2.6,0,2,6,30
47450,0.4.9,0,4,9,57
47451,0.4.9,0,4,9,57
47452,0.4.6,0,4,6,54
47453,0.4.6,0,4,6,54
47454,0.2.6,0,2,6,30
47455,0.4.9,0,4,9,57
47456,0.4.9,0,4,9,57
47457,0.9.3,0,9,3,111
47458,0.2.6,0,2,6,30
47459,0.4.9,0,4,9,57
47460,0.4.9,0,4,9,57
47461,0.4.9,0,4,9,57
47462,0.2.6,0,2,6,30
47463,0.4.9,0,4,9,57
47464,0.4.9,0,4,9,57
47465,0.4.9,0,4,9,57
47466,0.4.9,0,4,9,57
47467,0.4.9,0,4,9,57
47468,0.4.6,0,4,6,54
47469,0.10.8,0,10,8,128
47470,0.4.9,0,4,9,57
47471,0.4.9,0,4,9,57
47472,0.4.6,0,4,6,54
47473,0.4.9,0,4,9,57
47474,0.2.6,0,2,6,30
47475,0.4.9,0,4,9,57
47476,0.4.9,0,4,9,57
47477,0.4.9,0,4,9,57
47478,0.4.9,0,4,9,57
47479,0.2.6,0,2,6,30
47480,0.4.9,0,4,9,57
47481,0.4.9,0,4,9,57
47483,0.2.6,0,2,6,30
47484,0.4.9,0,4,9,57
47485,0.4.9,0,4,9,57
47486,0.9.0,0,9,0,108
47487,0.4.6,0,4,6,54
47488,0.4.6,0,4,6,54
47489,0.4.9,0,4,9,57
47490,0.9.0,0,9,0,108
47491,0.4.6,0,4,6,54
47492,0.4.9,0,4,9,57
47493,0.4.9,0,4,9,57
47494,0.2.6,0,2,6,30
47495,0.4.9,0,4,9,57
47496,0.2.6,0,2,6,30
47497,0.10.8,0,10,8,128
47498,0.2.6,0,2,6,30
47499,0.9.0,0,9,0,108
47500,0.4.6,0,4,6,54
47501,0.4.9,0,4,9,57
47502,0.4.9,0,4,9,57
47503,0.4.6,0,4,6,54
47504,0.2.6,0,2,6,30
47505,0.4.9,0,4,9,57
47506,0.4.9,0,4,9,57
47507,0.4.6,0,4,6,54
47508,0.4.9,0,4,9,57
47509,0.4.6,0,4,6,54
47510,0.6.11,0,6,11,83
47511,0.4.6,0,4,6,54
47512,0.4.9,0,4,9,57
47513,0.6.11,0,6,11,83
47514,0.4.9,0,4,9,57
47515,0.6.11,0,6,11,83
47516,0.4.9,0,4,9,57
47517,0.4.6,0,4,6,54
47520,0.4.9,0,4,9,57
47522,0.13.7,0,13,7,163
47523,0.4.9,0,4,9,57
47524,0.4.9,0,4,9,57
47525,0.4.6,0,4,6,54
47526,0.4.6,0,4,6,54
47527,0.4.9,0,4,9,57
47528,0.2.6,0,2,6,30
47529,0.4.9,0,4,9,57
47530,0.4.6,0,4,6,54
47531,0.4.6,0,4,6,54
47532,0.4.6,0,4,6,54
47533,0.2.6,0,2,6,30
47534,0.2.6,0,2,6,30
47535,0.4.6,0,4,6,54
47536,0.4.9,0,4,9,57
47537,0.4.9,0,4,9,57
47538,0.4.9,0,4,9,57
47539,0.4.9,0,4,9,57
47540,0.4.9,0,4,9,57
47541,0.2.6,0,2,6,30
47543,0.4.9,0,4,9,57
47545,0.4.6,0,4,6,54
47546,0.4.9,0,4,9,57
47547,0.4.9,0,4,9,57
47548,0.2.6,0,2,6,30
47549,0.4.9,0,4,9,57
47550,0.4.6,0,4,6,54
47551,0.4.9,0,4,9,57
47552,0.2.6,0,2,6,30
47553,0.4.6,0,4,6,54
47554,0.4.6,0,4,6,54
47556,0.2.6,0,2,6,30
47557,0.4.9,0,4,9,57
47558,0.4.9,0,4,9,57
47559,0.2.6,0,2,6,30
47560,0.4.6,0,4,6,54
47561,0.4.6,0,4,6,54
47563,0.4.6,0,4,6,54
47564,0.4.6,0,4,6,54
47565,0.9.3,0,9,3,111
47566,0.4.9,0,4,9,57
47567,0.2.6,0,2,6,30
47568,0.4.9,0,4,9,57
47569,0.2.6,0,2,6,30
47570,0.2.6,0,2,6,30
47571,0.4.9,0,4,9,57
47572,0.4.6,0,4,6,54
47573,0.4.9,0,4,9,57
47574,0.4.9,0,4,9,57
47575,0.4.9,0,4,9,57
47576,0.4.6,0,4,6,54
47577,0.4.9,0,4,9,57
47578,0.2.6,0,2,6,30
47579,0.2.6,0,2,6,30
47580,0.4.9,0,4,9,57
47581,0.9.3,0,9,3,111
47582,0.2.6,0,2,6,30
47583,0.4.9,0,4,9,57
47584,0.4.6,0,4,6,54
47585,0.4.6,0,4,6,54
47586,0.2.6,0,2,6,30
47587,0.4.9,0,4,9,57
47588,0.4.9,0,4,9,57
47589,0.4.9,0,4,9,57
47590,0.4.9,0,4,9,57
47592,0.13.4,0,13,4,160
47593,0.4.9,0,4,9,57
47594,0.2.6,0,2,6,30
47595,0.4.9,0,4,9,57
47596,0.4.9,0,4,9,57
47597,0.4.9,0,4,9,57
47598,0.4.9,0,4,9,57
47599,0.2.6,0,2,6,30
47600,0.4.6,0,4,6,54
47601,0.4.6,0,4,6,54
47603,0.4.9,0,4,9,57
47604,0.10.8,0,10,8,128
47605,0.4.9,0,4,9,57
47607,0.9.3,0,9,3,111
47608,0.4.6,0,4,6,54
47609,0.10.8,0,10,8,128
47610,0.4.9,0,4,9,57
47611,0.4.6,0,4,6,54
47612,0.2.6,0,2,6,30
47613,0.4.6,0,4,6,54
47615,0.4.9,0,4,9,57
47616,0.6.11,0,6,11,83
47617,0.4.9,0,4,9,57
47618,0.4.9,0,4,9,57
47619,0.4.9,0,4,9,57
47620,0.4.9,0,4,9,57
47621,0.4.6,0,4,6,54
47622,0.4.9,0,4,9,57
47623,0.4.9,0,4,9,57
47624,0.2.6,0,2,6,30
47625,0.4.9,0,4,9,57
47626,0.4.9,0,4,9,57
47627,0.2.6,0,2,6,30
47628,0.2.6,0,2,6,30
47629,0.4.9,0,4,9,57
47631,0.4.9,0,4,9,57
47632,0.4.9,0,4,9,57
47633,0.4.9,0,4,9,57
47634,0.4.9,0,4,9,57
47635,0.4.9,0,4,9,57
47636,0.4.6,0,4,6,54
47637,0.2.6,0,2,6,30
47638,0.4.9,0,4,9,57
47639,0.4.9,0,4,9,57
47640,0.4.9,0,4,9,57
47641,0.4.9,0,4,9,57
47642,0.4.9,0,4,9,57
47643,0.4.9,0,4,9,57
47644,0.4.6,0,4,6,54
47645,0.4.9,0,4,9,57
47646,0.4.9,0,4,9,57
47647,0.4.9,0,4,9,57
47648,0.4.6,0,4,6,54
47649,0.4.6,0,4,6,54
47650,0.4.9,0,4,9,57
47651,0.4.9,0,4,9,57
47653,0.2.6,0,2,6,30
47654,0.4.6,0,4,6,54
47656,0.6.8,0,6,8,80
47657,0.9.3,0,9,3,111
47658,0.4.9,0,4,9,57
47659,0.4.9,0,4,9,57
47660,0.2.6,0,2,6,30
47661,0.4.9,0,4,9,57
47662,0.4.9,0,4,9,57
47663,0.4.9,0,4,9,57
47664,0.4.9,0,4,9,57
47665,0.4.9,0,4,9,57
47666,0.4.6,0,4,6,54
47668,0.4.9,0,4,9,57
47669,0.4.9,0,4,9,57
47670,0.4.9,0,4,9,57
47671,0.4.6,0,4,6,54
47672,0.4.9,0,4,9,57
47673,0.4.9,0,4,9,57
47674,0.4.9,0,4,9,57
47675,0.4.9,0,4,9,57
47676,0.4.9,0,4,9,57
47677,0.4.6,0,4,6,54
47678,0.4.6,0,4,6,54
47679,0.4.6,0,4,6,54
47680,0.1.1,0,1,1,13
47681,0.4.9,0,4,9,57
47682,0.2.6,0,2,6,30
47683,0.4.9,0,4,9,57
47684,0.4.9,0,4,9,57
47685,0.4.9,0,4,9,57
47686,0.4.9,0,4,9,57
47687,0.4.9,0,4,9,57
47688,0.4.9,0,4,9,57
47689,0.1.1,0,1,1,13
47690,0.4.6,0,4,6,54
47691,0.4.9,0,4,9,57
47692,0.4.6,0,4,6,54
47693,0.4.9,0,4,9,57
47694,0.4.9,0,4,9,57
47696,0.4.9,0,4,9,57
47697,0.4.9,0,4,9,57
47698,0.9.3,0,9,3,111
47699,0.2.6,0,2,6,30
47700,0.4.6,0,4,6,54
47701,0.4.9,0,4,9,57
47702,0.4.6,0,4,6,54
47703,0.2.6,0,2,6,30
47704,0.4.9,0,4,9,57
47706,0.2.6,0,2,6,30
47707,0.4.9,0,4,9,57
47709,0.4.9,0,4,9,57
47710,0.9.3,0,9,3,111
47711,0.4.9,0,4,9,57
47712,0.4.9,0,4,9,57
47713,0.4.9,0,4,9,57
47714,0.4.9,0,4,9,57
47715,0.4.9,0,4,9,57
47716,0.4.9,0,4,9,57
47717,0.4.9,0,4,9,57
47718,0.1.6,0,1,6,18
47719,0.4.9,0,4,9,57
47720,0.4.9,0,4,9,57
47722,0.4.9,0,4,9,57
47723,0.4.9,0,4,9,57
47724,0.4.9,0,4,9,57
47725,0.4.6,0,4,6,54
47726,0.4.9,0,4,9,57
47727,0.4.9,0,4,9,57
47729,0.4.9,0,4,9,57
47730,0.1.1,0,1,1,13
47731,0.4.9,0,4,9,57
47732,0.4.9,0,4,9,57
47733,0.4.9,0,4,9,57
47734,0.4.9,0,4,9,57
47735,0.4.9,0,4,9,57
47736,0.4.9,0,4,9,57
47737,0.4.9,0,4,9,57
47738,0.4.6,0,4,6,54
47739,0.4.9,0,4,9,57
47740,0.4.6,0,4,6,54
47741,0.4.6,0,4,6,54
47742,0.4.9,0,4,9,57
47743,0.4.9,0,4,9,57
47744,0.1.1,0,1,1,13
47745,0.2.6,0,2,6,30
47746,0.4.9,0,4,9,57
47747,0.4.9,0,4,9,57
47748,0.4.9,0,4,9,57
47749,0.4.9,0,4,9,57
47750,0.4.6,0,4,6,54
47751,0.4.6,0,4,6,54
47752,0.4.9,0,4,9,57
47753,0.4.9,0,4,9,57
47754,0.4.9,0,4,9,57
47755,0.4.9,0,4,9,57
47756,0.4.9,0,4,9,57
47757,0.4.6,0,4,6,54
47758,0.4.9,0,4,9,57
47759,0.4.9,0,4,9,57
47760,0.4.9,0,4,9,57
47761,0.4.9,0,4,9,57
47762,0.1.1,0,1,1,13
47763,0.4.9,0,4,9,57
47764,0.4.9,0,4,9,57
47765,0.9.6,0,9,6,114
47766,0.4.6,0,4,6,54
47767,0.4.9,0,4,9,57
47768,0.4.9,0,4,9,57
47769,0.4.9,0,4,9,57
47770,0.4.9,0,4,9,57
47771,0.4.9,0,4,9,57
47772,0.4.6,0,4,6,54
47773,0.4.9,0,4,9,57
47774,0.4.6,0,4,6,54
47776,0.1.1,0,1,1,13
47777,0.1.1,0,1,1,13
47778,0.4.9,0,4,9,57
47779,0.4.9,0,4,9,57
47780,0.4.9,0,4,9,57
47781,0.4.9,0,4,9,57
47782,0.4.6,0,4,6,54
47783,0.4.9,0,4,9,57
47784,0.4.9,0,4,9,57
47785,0.4.9,0,4,9,57
47786,0.4.9,0,4,9,57
47787,0.4.9,0,4,9,57
47788,0.4.6,0,4,6,54
47789,0.4.9,0,4,9,57
47790,0.4.9,0,4,9,57
47791,0.2.6,0,2,6,30
47792,0.2.6,0,2,6,30
47793,0.4.9,0,4,9,57
47794,0.4.9,0,4,9,57
47795,0.2.6,0,2,6,30
47797,0.10.8,0,10,8,128
47798,0.4.9,0,4,9,57
47801,0.2.6,0,2,6,30
47802,2.0.0,2,0,0,480
47803,0.4.9,0,4,9,57
47804,0.4.9,0,4,9,57
47805,0.2.6,0,2,6,30
47806,0.4.9,0,4,9,57
47807,0.4.9,0,4,9,57
47808,0.4.9,0,4,9,57
47809,0.4.9,0,4,9,57
47810,0.4.6,0,4,6,54
47811,0.4.6,0,4,6,54
47812,0.2.6,0,2,6,30
47813,0.4.6,0,4,6,54
47814,0.4.6,0,4,6,54
47815,0.4.6,0,4,6,54
47816,0.4.6,0,4,6,54
47817,0.4.6,0,4,6,54
47818,0.2.6,0,2,6,30
47820,0.4.6,0,4,6,54
47821,0.4.6,0,4,6,54
47822,0.4.6,0,4,6,54
47823,0.2.6,0,2,6,30
47824,0.2.6,0,2,6,30
47825,0.4.6,0,4,6,54
47827,0.4.6,0,4,6,54
47829,0.4.6,0,4,6,54
47830,0.4.6,0,4,6,54
47831,0.4.6,0,4,6,54
47832,0.2.6,0,2,6,30
47833,0.2.6,0,2,6,30
47834,0.6.8,0,6,8,80
47835,0.4.6,0,4,6,54
47836,0.4.6,0,4,6,54
47837,0.4.6,0,4,6,54
47838,0.4.6,0,4,6,54
47839,0.4.6,0,4,6,54
47841,0.2.6,0,2,6,30
47842,0.4.6,0,4,6,54
47843,0.4.6,0,4,6,54
47844,0.4.6,0,4,6,54
47845,0.4.6,0,4,6,54
47846,0.4.6,0,4,6,54
47847,2.14.8,2,14,8,656
47848,0.9.0,0,9,0,108
47849,0.4.6,0,4,6,54
47850,0.4.6,0,4,6,54
47851,0.4.6,0,4,6,54
47852,0.4.6,0,4,6,54
47853,0.4.6,0,4,6,54
47854,0.4.6,0,4,6,54
47855,0.6.8,0,6,8,80
47856,0.4.6,0,4,6,54
47857,0.9.0,0,9,0,108
47858,0.4.6,0,4,6,54
47859,0.4.6,0,4,6,54
47860,0.4.6,0,4,6,54
47862,0.4.6,0,4,6,54
47863,0.4.6,0,4,6,54
47864,0.4.6,0,4,6,54
47865,0.4.6,0,4,6,54
47866,0.4.6,0,4,6,54
47867,0.4.6,0,4,6,54
47868,0.4.6,0,4,6,54
47869,0.4.6,0,4,6,54
47870,0.1.1,0,1,1,13
47871,0.4.6,0,4,6,54
47872,0.4.6,0,4,6,54
47873,0.4.6,0,4,6,54
47874,0.2.6,0,2,6,30
47875,0.4.6,0,4,6,54
47876,0.4.6,0,4,6,54
47877,0.9.0,0,9,0,108
47878,0.1.1,0,1,1,13
47880,0.4.6,0,4,6,54
47881,0.4.6,0,4,6,54
47882,0.4.6,0,4,6,54
47883,0.2.6,0,2,6,30
47884,0.4.6,0,4,6,54
47885,0.4.6,0,4,6,54
47886,0.2.6,0,2,6,30
47887,0.4.6,0,4,6,54
47888,0.2.6,0,2,6,30
47889,0.4.6,0,4,6,54
47890,0.2.6,0,2,6,30
47891,0.1.1,0,1,1,13
47892,0.4.6,0,4,6,54
47893,0.4.6,0,4,6,54
47894,0.4.6,0,4,6,54
47895,0.2.0,0,2,0,24
47896,0.2.6,0,2,6,30
47897,0.1.1,0,1,1,13
47898,0.4.6,0,4,6,54
47899,0.9.0,0,9,0,108
47901,0.2.6,0,2,6,30
47902,0.2.6,0,2,6,30
47903,0.6.8,0,6,8,80
47904,0.4.6,0,4,6,54
47906,0.4.6,0,4,6,54
47907,0.4.6,0,4,6,54
47908,0.4.6,0,4,6,54
47909,0.9.0,0,9,0,108
47910,0.4.6,0,4,6,54
47911,0.4.6,0,4,6,54
47912,0.2.6,0,2,6,30
47913,0.2.6,0,2,6,30
47914,0.4.6,0,4,6,54
47915,0.4.6,0,4,6,54
47916,0.4.6,0,4,6,54
47917,0.4.6,0,4,6,54
47918,0.4.6,0,4,6,54
47919,0.10.8,0,10,8,128
47920,0.4.6,0,4,6,54
47921,0.9.0,0,9,0,108
47922,0.1.1,0,1,1,13
47923,0.4.6,0,4,6,54
47926,0.10.8,0,10,8,128
47927,0.10.8,0,10,8,128
47928,0.2.6,0,2,6,30
47929,0.4.6,0,4,6,54
47930,0.4.6,0,4,6,54
47931,0.4.6,0,4,6,54
47932,0.4.6,0,4,6,54
47933,0.4.6,0,4,6,54
47934,0.1.1,0,1,1,13
47935,0.4.6,0,4,6,54
47936,0.1.1,0,1,1,13
47937,0.4.6,0,4,6,54
47938,0.10.8,0,10,8,128
47939,0.10.8,0,10,8,128
47940,0.1.1,0,1,1,13
47941,0.4.6,0,4,6,54
47942,0.4.6,0,4,6,54
47943,0.10.8,0,10,8,128
47945,0.4.6,0,4,6,54
47946,0.4.6,0,4,6,54
47947,0.4.6,0,4,6,54
47948,0.4.6,0,4,6,54
47949,0.6.8,0,6,8,80
47950,0.9.0,0,9,0,108
47951,0.1.1,0,1,1,13
47952,0.4.6,0,4,6,54
47953,0.2.6,0,2,6,30
47954,0.4.6,0,4,6,54
47955,0.4.6,0,4,6,54
47956,0.4.6,0,4,6,54
47957,2.14.8,2,14,8,656
47958,0.4.6,0,4,6,54
47961,0.4.6,0,4,6,54
47962,0.4.6,0,4,6,54
47963,0.1.1,0,1,1,13
47964,2.14.8,2,14,8,656
47965,0.4.6,0,4,6,54
47966,0.4.6,0,4,6,54
47967,0.4.6,0,4,6,54
47968,0.4.6,0,4,6,54
47969,0.4.6,0,4,6,54
47970,0.4.6,0,4,6,54
47971,0.4.6,0,4,6,54
47972,0.4.6,0,4,6,54
47973,0.4.6,0,4,6,54
47974,0.4.6,0,4,6,54
47975,0.2.6,0,2,6,30
47976,0.2.6,0,2,6,30
47977,0.4.6,0,4,6,54
47978,0.4.6,0,4,6,54
47979,0.4.6,0,4,6,54
47981,0.4.6,0,4,6,54
47982,0.4.6,0,4,6,54
47983,0.4.6,0,4,6,54
47984,0.10.8,0,10,8,128
47985,0.1.1,0,1,1,13
47986,0.4.6,0,4,6,54
47987,0.1.1,0,1,1,13
47988,0.4.6,0,4,6,54
47989,8.0.0,8,0,0,1920
47990,0.4.6,0,4,6,54
47991,0.4.6,0,4,6,54
47992,0.4.6,0,4,6,54
47993,0.4.6,0,4,6,54
47994,0.6.8,0,6,8,80
47995,0.4.6,0,4,6,54
47996,0.4.6,0,4,6,54
47998,0.4.6,0,4,6,54
47999,0.4.6,0,4,6,54
48000,0.9.0,0,9,0,108
48001,0.4.6,0,4,6,54
48002,0.1.1,0,1,1,13
48003,0.10.8,0,10,8,128
48004,0.4.6,0,4,6,54
48005,0.1.1,0,1,1,13
48006,0.1.1,0,1,1,13
48007,0.4.6,0,4,6,54
48008,0.9.0,0,9,0,108
48009,0.9.2,0,9,2,110
48010,0.4.6,0,4,6,54
48011,0.4.6,0,4,6,54
48012,0.2.6,0,2,6,30
48013,0.4.6,0,4,6,54
48014,0.10.8,0,10,8,128
48015,0.4.6,0,4,6,54
48016,0.4.6,0,4,6,54
48017,0.4.6,0,4,6,54
48018,0.9.0,0,9,0,108
48019,0.4.6,0,4,6,54
48020,0.4.6,0,4,6,54
48021,0.1.1,0,1,1,13
48022,0.4.6,0,4,6,54
48023,0.4.6,0,4,6,54
48024,0.4.6,0,4,6,54
48026,0.4.6,0,4,6,54
48027,0.2.6,0,2,6,30
48028,0.2.6,0,2,6,30
48029,0.4.6,0,4,6,54
48030,0.4.6,0,4,6,54
48031,0.4.6,0,4,6,54
48032,0.9.0,0,9,0,108
48033,0.4.6,0,4,6,54
48034,0.4.6,0,4,6,54
48035,0.4.6,0,4,6,54
48036,0.4.6,0,4,6,54
48037,0.1.1,0,1,1,13
48038,0.4.6,0,4,6,54
48039,0.4.6,0,4,6,54
48040,0.2.6,0,2,6,30
48041,0.4.6,0,4,6,54
48042,0.4.6,0,4,6,54
48043,0.4.6,0,4,6,54
48044,0.4.6,0,4,6,54
48045,0.4.6,0,4,6,54
48046,0.4.6,0,4,6,54
48047,0.9.0,0,9,0,108
48048,0.4.6,0,4,6,54
48049,0.4.6,0,4,6,54
48050,0.2.6,0,2,6,30
48051,0.4.6,0,4,6,54
48052,0.4.6,0,4,6,54
48054,0.10.8,0,10,8,128
48057,0.4.6,0,4,6,54
48058,0.4.6,0,4,6,54
48059,0.4.6,0,4,6,54
48060,0.4.6,0,4,6,54
48062,0.4.6,0,4,6,54
48063,0.4.6,0,4,6,54
48064,0.4.6,0,4,6,54
48065,0.1.0,0,1,0,12
48066,0.4.6,0,4,6,54
48068,0.2.6,0,2,6,30
48069,0.4.6,0,4,6,54
48070,0.4.6,0,4,6,54
48071,0.4.6,0,4,6,54
48072,0.4.6,0,4,6,54
48073,0.4.6,0,4,6,54
48074,0.4.6,0,4,6,54
48075,0.4.6,0,4,6,54
48076,0.1.1,0,1,1,13
48077,0.2.6,0,2,6,30
48078,0.4.6,0,4,6,54
48079,0.4.6,0,4,6,54
48080,0.4.6,0,4,6,54
48081,0.2.6,0,2,6,30
48082,0.2.6,0,2,6,30
48083,0.4.6,0,4,6,54
48084,0.4.6,0,4,6,54
48086,0.4.6,0,4,6,54
48087,0.4.6,0,4,6,54
48088,0.2.6,0,2,6,30
48089,0.4.6,0,4,6,54
48090,0.4.6,0,4,6,54
48091,0.4.6,0,4,6,54
48092,0.4.6,0,4,6,54
48093,0.4.6,0,4,6,54
48094,0.4.6,0,4,6,54
48095,0.4.6,0,4,6,54
48096,0.9.0,0,9,0,108
48097,0.1.1,0,1,1,13
48098,0.9.0,0,9,0,108
48099,0.4.6,0,4,6,54
48100,0.4.6,0,4,6,54
48101,0.6.8,0,6,8,80
48102,0.4.6,0,4,6,54
48103,0.4.6,0,4,6,54
48104,0.4.6,0,4,6,54
48105,0.4.6,0,4,6,54
48106,0.4.6,0,4,6,54
48107,0.4.6,0,4,6,54
48108,0.10.8,0,10,8,128
48109,0.10.8,0,10,8,128
48110,0.4.6,0,4,6,54
48111,0.2.6,0,2,6,30
48112,0.4.6,0,4,6,54
48113,0.2.6,0,2,6,30
48114,0.4.6,0,4,6,54
48115,0.4.6,0,4,6,54
48116,0.4.6,0,4,6,54
48117,0.13.4,0,13,4,160
48118,0.4.6,0,4,6,54
48119,0.4.6,0,4,6,54
48120,0.4.6,0,4,6,54
48121,0.6.8,0,6,8,80
48122,0.4.6,0,4,6,54
48123,0.4.6,0,4,6,54
48124,0.4.6,0,4,6,54
48125,0.4.6,0,4,6,54
48126,0.4.6,0,4,6,54
48127,0.4.6,0,4,6,54
48128,0.4.6,0,4,6,54
48129,0.4.6,0,4,6,54
48130,0.4.6,0,4,6,54
48131,0.4.6,0,4,6,54
48133,0.4.6,0,4,6,54
48134,0.4.6,0,4,6,54
48135,0.1.1,0,1,1,13
48136,0.4.6,0,4,6,54
48137,0.2.6,0,2,6,30
48138,0.4.6,0,4,6,54
48139,0.4.6,0,4,6,54
48140,0.4.6,0,4,6,54
48141,0.4.6,0,4,6,54
48142,0.4.6,0,4,6,54
48143,0.4.6,0,4,6,54
48144,0.4.6,0,4,6,54
48145,0.4.6,0,4,6,54
48146,0.4.6,0,4,6,54
48147,0.1.1,0,1,1,13
48148,0.4.6,0,4,6,54
48149,0.1.5,0,1,5,17
48150,0.4.6,0,4,6,54
48151,0.4.6,0,4,6,54
48152,0.4.6,0,4,6,54
48153,0.4.6,0,4,6,54
48155,0.2.6,0,2,6,30
48156,0.2.6,0,2,6,30
48157,0.1.0,0,1,0,12
48158,0.4.6,0,4,6,54
48159,0.2.6,0,2,6,30
48160,0.9.0,0,9,0,108
48161,0.4.6,0,4,6,54
48162,0.10.8,0,10,8,128
48163,0.4.6,0,4,6,54
48164,0.4.6,0,4,6,54
48165,0.2.6,0,2,6,30
48166,0.4.6,0,4,6,54
48167,0.4.6,0,4,6,54
48168,0.4.6,0,4,6,54
48169,0.4.6,0,4,6,54
48170,0.4.6,0,4,6,54
48173,0.4.6,0,4,6,54
48174,0.9.0,0,9,0,108
48175,0.4.6,0,4,6,54
48176,0.4.6,0,4,6,54
48177,0.4.6,0,4,6,54
48179,0.13.4,0,13,4,160
48180,0.4.6,0,4,6,54
48181,0.4.6,0,4,6,54
48182,0.4.6,0,4,6,54
48183,0.4.6,0,4,6,54
48184,0.4.6,0,4,6,54
48185,0.4.6,0,4,6,54
48186,0.4.6,0,4,6,54
48187,0.4.6,0,4,6,54
48188,0.9.0,0,9,0,108
48189,0.4.6,0,4,6,54
48191,0.1.1,0,1,1,13
48192,0.1.1,0,1,1,13
48193,0.4.6,0,4,6,54
48194,0.4.6,0,4,6,54
48195,0.4.6,0,4,6,54
48196,0.4.6,0,4,6,54
48197,0.4.6,0,4,6,54
48198,0.4.6,0,4,6,54
48199,0.4.6,0,4,6,54
48200,0.2.6,0,2,6,30
48201,0.2.6,0,2,6,30
48202,0.4.6,0,4,6,54
48203,0.4.6,0,4,6,54
48204,0.1.1,0,1,1,13
48205,0.4.6,0,4,6,54
48206,0.4.6,0,4,6,54
48207,0.2.6,0,2,6,30
48208,0.9.0,0,9,0,108
48209,0.4.6,0,4,6,54
48210,0.4.6,0,4,6,54
48211,0.4.6,0,4,6,54
48212,0.9.0,0,9,0,108
48213,0.1.1,0,1,1,13
48214,0.4.6,0,4,6,54
48215,0.1.1,0,1,1,13
48216,0.4.6,0,4,6,54
48217,0.4.6,0,4,6,54
48218,0.4.6,0,4,6,54
48219,0.4.6,0,4,6,54
48220,0.13.4,0,13,4,160
48221,0.4.6,0,4,6,54
48222,0.4.6,0,4,6,54
48225,0.1.1,0,1,1,13
48226,0.4.6,0,4,6,54
48227,0.4.6,0,4,6,54
48229,0.4.6,0,4,6,54
48230,0.4.6,0,4,6,54
48231,0.4.6,0,4,6,54
48232,0.4.6,0,4,6,54
48233,0.4.6,0,4,6,54
48234,0.1.1,0,1,1,13
48235,0.4.6,0,4,6,54
48236,0.2.6,0,2,6,30
48237,0.4.6,0,4,6,54
48238,0.2.6,0,2,6,30
48239,0.1.1,0,1,1,13
48240,0.4.6,0,4,6,54
48241,0.4.6,0,4,6,54
48242,0.4.6,0,4,6,54
48243,0.4.6,0,4,6,54
48244,0.4.6,0,4,6,54
48245,0.4.6,0,4,6,54
48246,0.1.1,0,1,1,13
48248,0.2.6,0,2,6,30
48249,0.4.6,0,4,6,54
48250,0.4.6,0,4,6,54
48251,0.4.6,0,4,6,54
48252,0.4.6,0,4,6,54
48253,0.4.6,0,4,6,54
48254,0.9.0,0,9,0,108
48255,0.4.6,0,4,6,54
48256,0.4.6,0,4,6,54
48257,0.4.6,0,4,6,54
48258,0.4.6,0,4,6,54
48259,0.4.6,0,4,6,54
48260,0.4.6,0,4,6,54
48261,0.4.6,0,4,6,54
48262,0.4.6,0,4,6,54
48263,0.4.6,0,4,6,54
48265,0.2.6,0,2,6,30
48267,0.4.6,0,4,6,54
48268,0.4.6,0,4,6,54
48269,0.4.6,0,4,6,54
48270,0.2.6,0,2,6,30
48271,0.4.6,0,4,6,54
48272,0.1.1,0,1,1,13
48273,0.2.6,0,2,6,30
48274,0.4.6,0,4,6,54
48275,0.4.6,0,4,6,54
48276,0.4.6,0,4,6,54
48277,0.4.6,0,4,6,54
48278,0.4.6,0,4,6,54
48280,0.4.6,0,4,6,54
48281,0.4.6,0,4,6,54
48282,0.4.6,0,4,6,54
48283,0.4.6,0,4,6,54
48285,0.2.6,0,2,6,30
48286,0.4.6,0,4,6,54
48287,0.4.6,0,4,6,54
48288,0.4.6,0,4,6,54
48289,0.9.0,0,9,0,108
48290,0.4.6,0,4,6,54
48291,0.10.8,0,10,8,128
48292,0.4.6,0,4,6,54
48293,0.9.0,0,9,0,108
48295,0.4.6,0,4,6,54
48296,0.4.6,0,4,6,54
48297,0.4.6,0,4,6,54
48298,0.4.6,0,4,6,54
48299,0.4.6,0,4,6,54
48300,0.4.6,0,4,6,54
48301,0.4.6,0,4,6,54
48303,0.1.1,0,1,1,13
48304,0.1.1,0,1,1,13
48305,0.4.6,0,4,6,54
48306,0.4.6,0,4,6,54
48307,0.4.6,0,4,6,54
48308,0.4.6,0,4,6,54
48309,0.4.6,0,4,6,54
48310,0.4.6,0,4,6,54
48311,0.4.6,0,4,6,54
48312,0.4.6,0,4,6,54
48313,0.4.6,0,4,6,54
48314,0.2.6,0,2,6,30
48315,0.4.6,0,4,6,54
48316,0.4.6,0,4,6,54
48317,0.2.6,0,2,6,30
48318,0.4.6,0,4,6,54
48319,0.4.6,0,4,6,54
48320,0.4.6,0,4,6,54
48321,0.4.6,0,4,6,54
48322,0.4.6,0,4,6,54
48323,0.4.6,0,4,6,54
48324,0.4.6,0,4,6,54
48325,0.9.0,0,9,0,108
48326,0.4.6,0,4,6,54
48327,0.9.0,0,9,0,108
48328,0.4.6,0,4,6,54
48329,0.4.6,0,4,6,54
48330,0.1.1,0,1,1,13
48331,2.14.8,2,14,8,656
48332,0.4.6,0,4,6,54
48333,0.4.6,0,4,6,54
48334,0.2.6,0,2,6,30
48335,0.4.6,0,4,6,54
48336,0.1.1,0,1,1,13
48337,0.4.6,0,4,6,54
48340,0.4.6,0,4,6,54
48341,0.4.6,0,4,6,54
48342,0.4.6,0,4,6,54
48343,0.4.6,0,4,6,54
48345,0.4.6,0,4,6,54
48346,0.4.6,0,4,6,54
48347,0.4.6,0,4,6,54
48348,0.1.1,0,1,1,13
48349,0.4.6,0,4,6,54
48350,0.4.6,0,4,6,54
48351,0.2.6,0,2,6,30
48352,0.1.1,0,1,1,13
48353,0.4.6,0,4,6,54
48354,0.4.6,0,4,6,54
48355,0.4.6,0,4,6,54
48356,0.4.6,0,4,6,54
48357,0.4.6,0,4,6,54
48358,0.4.6,0,4,6,54
48360,0.4.6,0,4,6,54
48361,0.4.6,0,4,6,54
48362,0.4.6,0,4,6,54
48363,0.13.4,0,13,4,160
48364,0.4.6,0,4,6,54
48365,0.4.6,0,4,6,54
48366,0.4.6,0,4,6,54
48367,0.4.6,0,4,6,54
48368,0.1.1,0,1,1,13
48369,0.4.6,0,4,6,54
48370,0.4.6,0,4,6,54
48371,0.2.6,0,2,6,30
48372,0.4.6,0,4,6,54
48373,0.4.6,0,4,6,54
48375,0.4.6,0,4,6,54
48376,0.4.6,0,4,6,54
48377,0.4.6,0,4,6,54
48378,0.9.0,0,9,0,108
48379,0.4.6,0,4,6,54
48380,0.4.6,0,4,6,54
48381,0.1.1,0,1,1,13
48382,0.4.6,0,4,6,54
48383,0.1.1,0,1,1,13
48385,0.6.8,0,6,8,80
48386,0.10.8,0,10,8,128
48387,0.4.6,0,4,6,54
48388,0.4.6,0,4,6,54
48389,0.4.6,0,4,6,54
48390,0.4.6,0,4,6,54
48391,0.4.6,0,4,6,54
48392,0.4.6,0,4,6,54
48393,0.4.6,0,4,6,54
48394,0.4.6,0,4,6,54
48395,0.4.6,0,4,6,54
48396,0.4.6,0,4,6,54
48397,0.4.6,0,4,6,54
48398,0.4.6,0,4,6,54
48399,0.13.4,0,13,4,160
48400,0.4.6,0,4,6,54
48402,0.2.6,0,2,6,30
48403,0.4.6,0,4,6,54
48404,0.4.6,0,4,6,54
48405,0.4.6,0,4,6,54
48407,0.4.6,0,4,6,54
48408,0.2.6,0,2,6,30
48409,0.2.6,0,2,6,30
48410,0.2.6,0,2,6,30
48411,0.4.6,0,4,6,54
48412,0.2.6,0,2,6,30
48413,0.4.6,0,4,6,54
48414,0.4.6,0,4,6,54
48415,0.6.8,0,6,8,80
48416,0.4.6,0,4,6,54
48417,0.4.6,0,4,6,54
48418,0.4.6,0,4,6,54
48419,0.2.6,0,2,6,30
48420,0.4.6,0,4,6,54
48421,0.4.6,0,4,6,54
48422,0.2.6,0,2,6,30
48423,0.4.6,0,4,6,54
48424,0.4.6,0,4,6,54
48425,0.1.1,0,1,1,13
48426,0.1.1,0,1,1,13
48427,0.4.6,0,4,6,54
48428,0.4.6,0,4,6,54
48429,0.4.6,0,4,6,54
48430,0.4.6,0,4,6,54
48431,0.4.6,0,4,6,54
48432,0.4.6,0,4,6,54
48433,0.4.6,0,4,6,54
48434,0.4.6,0,4,6,54
48435,0.9.0,0,9,0,108
48436,0.4.6,0,4,6,54
48437,0.4.6,0,4,6,54
48438,0.4.6,0,4,6,54
48440,0.4.6,0,4,6,54
48441,0.4.6,0,4,6,54
48442,0.4.6,0,4,6,54
48443,0.1.1,0,1,1,13
48444,0.4.6,0,4,6,54
48445,0.4.6,0,4,6,54
48446,0.4.6,0,4,6,54
48447,0.4.6,0,4,6,54
48448,0.4.6,0,4,6,54
48449,0.4.6,0,4,6,54
48450,0.4.6,0,4,6,54
48451,0.4.6,0,4,6,54
48452,0.1.1,0,1,1,13
48453,0.13.4,0,13,4,160
48454,0.4.6,0,4,6,54
48455,0.10.8,0,10,8,128
48456,0.4.6,0,4,6,54
48457,0.4.6,0,4,6,54
48458,0.4.6,0,4,6,54
48459,0.4.6,0,4,6,54
48460,0.4.6,0,4,6,54
48461,0.2.6,0,2,6,30
48462,0.4.6,0,4,6,54
48463,0.4.6,0,4,6,54
48464,0.4.6,0,4,6,54
48465,0.2.6,0,2,6,30
48466,0.2.6,0,2,6,30
48467,0.4.6,0,4,6,54
48468,0.1.1,0,1,1,13
48469,0.4.6,0,4,6,54
48470,0.4.6,0,4,6,54
48471,0.4.6,0,4,6,54
48472,0.4.6,0,4,6,54
48473,0.4.6,0,4,6,54
48474,0.4.6,0,4,6,54
48476,0.4.6,0,4,6,54
48477,0.4.6,0,4,6,54
48478,0.4.6,0,4,6,54
48479,0.4.6,0,4,6,54
48480,0.4.6,0,4,6,54
48481,0.4.6,0,4,6,54
48482,0.4.6,0,4,6,54
48483,0.4.6,0,4,6,54
48484,0.1.1,0,1,1,13
48485,0.4.6,0,4,6,54
48486,0.4.6,0,4,6,54
48487,0.4.6,0,4,6,54
48488,0.4.6,0,4,6,54
48489,0.4.6,0,4,6,54
48490,0.4.6,0,4,6,54
48491,0.4.6,0,4,6,54
48492,0.4.6,0,4,6,54
48493,0.4.6,0,4,6,54
48494,0.2.6,0,2,6,30
48495,0.4.6,0,4,6,54
48496,0.1.1,0,1,1,13
48497,0.1.1,0,1,1,13
48498,0.1.1,0,1,1,13
48499,0.4.6,0,4,6,54
48500,0.4.6,0,4,6,54
48501,0.4.6,0,4,6,54
48502,0.4.6,0,4,6,54
48503,0.4.6,0,4,6,54
48504,0.4.6,0,4,6,54
48505,0.2.6,0,2,6,30
48506,0.4.6,0,4,6,54
48507,0.4.6,0,4,6,54
48508,0.4.6,0,4,6,54
48509,0.4.6,0,4,6,54
48510,0.4.6,0,4,6,54
48511,0.1.1,0,1,1,13
48512,0.4.6,0,4,6,54
48513,0.4.6,0,4,6,54
48514,0.4.6,0,4,6,54
48515,0.4.6,0,4,6,54
48516,0.4.6,0,4,6,54
48517,0.4.6,0,4,6,54
48518,0.4.6,0,4,6,54
48519,0.4.6,0,4,6,54
48520,0.4.6,0,4,6,54
48521,0.4.6,0,4,6,54
48522,0.4.6,0,4,6,54
48523,0.4.6,0,4,6,54
48524,0.4.6,0,4,6,54
48525,0.9.0,0,9,0,108
48526,0.4.6,0,4,6,54
48527,0.4.6,0,4,6,54
48528,0.4.6,0,4,6,54
48529,0.4.6,0,4,6,54
48530,0.4.6,0,4,6,54
48531,0.4.6,0,4,6,54
48532,0.2.6,0,2,6,30
48533,2.14.8,2,14,8,656
48534,0.4.6,0,4,6,54
48535,0.4.6,0,4,6,54
48536,0.2.6,0,2,6,30
48537,0.4.6,0,4,6,54
48538,0.2.6,0,2,6,30
48539,0.1.1,0,1,1,13
48540,0.4.6,0,4,6,54
48541,0.4.6,0,4,6,54
48542,0.4.6,0,4,6,54
48543,0.4.6,0,4,6,54
48544,0.4.6,0,4,6,54
48545,0.4.6,0,4,6,54
48546,0.1.1,0,1,1,13
48547,0.4.6,0,4,6,54
48548,0.4.6,0,4,6,54
48549,0.4.6,0,4,6,54
48550,0.4.6,0,4,6,54
48551,0.4.6,0,4,6,54
48552,0.4.6,0,4,6,54
48553,0.2.6,0,2,6,30
48554,0.4.6,0,4,6,54
48555,0.4.6,0,4,6,54
48556,0.4.6,0,4,6,54
48557,0.4.6,0,4,6,54
48558,0.4.6,0,4,6,54
48559,0.4.6,0,4,6,54
48560,0.4.6,0,4,6,54
48561,0.1.1,0,1,1,13
48562,0.4.6,0,4,6,54
48563,0.10.8,0,10,8,128
48564,0.2.6,0,2,6,30
48565,0.1.1,0,1,1,13
48566,0.2.6,0,2,6,30
48567,0.4.6,0,4,6,54
48568,0.4.6,0,4,6,54
48569,0.4.6,0,4,6,54
48570,0.4.6,0,4,6,54
48571,0.4.6,0,4,6,54
48572,0.4.6,0,4,6,54
48573,0.4.6,0,4,6,54
48574,0.1.1,0,1,1,13
48575,0.4.6,0,4,6,54
48576,0.4.6,0,4,6,54
48577,0.4.6,0,4,6,54
48578,0.4.6,0,4,6,54
48579,0.4.6,0,4,6,54
48580,0.4.6,0,4,6,54
48581,0.4.6,0,4,6,54
48582,0.4.6,0,4,6,54
48583,0.4.6,0,4,6,54
48584,0.4.6,0,4,6,54
48586,0.4.6,0,4,6,54
48587,0.4.6,0,4,6,54
48588,0.4.6,0,4,6,54
48589,0.4.6,0,4,6,54
48590,0.4.6,0,4,6,54
48591,0.4.6,0,4,6,54
48592,0.4.6,0,4,6,54
48593,0.4.6,0,4,6,54
48594,0.9.0,0,9,0,108
48595,0.4.6,0,4,6,54
48596,0.1.1,0,1,1,13
48597,0.4.6,0,4,6,54
48598,0.2.6,0,2,6,30
48599,0.4.6,0,4,6,54
48600,0.4.6,0,4,6,54
48601,0.4.6,0,4,6,54
48602,0.4.6,0,4,6,54
48603,0.4.6,0,4,6,54
48604,0.4.6,0,4,6,54
48606,0.9.0,0,9,0,108
48607,0.4.6,0,4,6,54
48608,0.4.6,0,4,6,54
48609,0.4.6,0,4,6,54
48610,0.4.6,0,4,6,54
48611,0.4.6,0,4,6,54
48612,0.2.6,0,2,6,30
48613,0.4.6,0,4,6,54
48614,0.4.6,0,4,6,54
48615,0.1.1,0,1,1,13
48616,0.4.6,0,4,6,54
48617,0.1.1,0,1,1,13
48618,0.4.6,0,4,6,54
48619,0.9.0,0,9,0,108
48620,0.4.6,0,4,6,54
48621,0.4.6,0,4,6,54
48622,0.4.6,0,4,6,54
48623,0.9.0,0,9,0,108
48624,0.4.6,0,4,6,54
48625,0.2.6,0,2,6,30
48626,0.4.6,0,4,6,54
48627,0.4.6,0,4,6,54
48628,0.4.6,0,4,6,54
48629,0.4.6,0,4,6,54
48630,0.4.6,0,4,6,54
48631,0.10.8,0,10,8,128
48632,0.4.6,0,4,6,54
48633,0.4.6,0,4,6,54
48634,0.4.6,0,4,6,54
48635,0.4.6,0,4,6,54
48637,0.4.6,0,4,6,54
48638,0.4.6,0,4,6,54
48639,0.4.6,0,4,6,54
48640,0.4.6,0,4,6,54
48641,0.4.6,0,4,6,54
48642,0.1.1,0,1,1,13
48643,0.4.6,0,4,6,54
48644,0.4.6,0,4,6,54
48645,0.4.6,0,4,6,54
48646,0.4.6,0,4,6,54
48647,0.4.6,0,4,6,54
48648,0.4.6,0,4,6,54
48649,0.4.6,0,4,6,54
48650,0.4.6,0,4,6,54
48651,0.4.6,0,4,6,54
48652,0.4.6,0,4,6,54
48653,0.4.6,0,4,6,54
48654,0.4.6,0,4,6,54
48655,0.4.6,0,4,6,54
48656,0.4.6,0,4,6,54
48657,0.4.6,0,4,6,54
48658,0.4.6,0,4,6,54
48659,0.4.6,0,4,6,54
48660,0.2.6,0,2,6,30
48661,0.4.6,0,4,6,54
48662,0.4.6,0,4,6,54
48664,0.9.0,0,9,0,108
48665,0.13.4,0,13,4,160
48666,0.2.6,0,2,6,30
48667,0.4.6,0,4,6,54
48668,0.4.6,0,4,6,54
48669,0.4.6,0,4,6,54
48670,0.9.0,0,9,0,108
48671,0.2.6,0,2,6,30
48672,0.4.6,0,4,6,54
48673,0.4.6,0,4,6,54
48674,0.4.6,0,4,6,54
48675,0.1.1,0,1,1,13
48676,0.4.6,0,4,6,54
48677,0.4.6,0,4,6,54
48678,0.4.6,0,4,6,54
48679,0.4.6,0,4,6,54
48680,0.4.6,0,4,6,54
48681,0.4.6,0,4,6,54
48683,0.4.6,0,4,6,54
48684,0.4.6,0,4,6,54
48685,0.4.6,0,4,6,54
48686,0.4.6,0,4,6,54
48687,0.9.0,0,9,0,108
48688,0.4.6,0,4,6,54
48689,0.4.6,0,4,6,54
48690,0.4.6,0,4,6,54
48691,0.4.6,0,4,6,54
48692,0.4.6,0,4,6,54
48693,0.4.6,0,4,6,54
48694,0.4.6,0,4,6,54
48695,0.4.6,0,4,6,54
48696,0.4.6,0,4,6,54
48697,0.2.6,0,2,6,30
48698,0.4.6,0,4,6,54
48699,0.4.6,0,4,6,54
48700,0.4.6,0,4,6,54
48701,0.4.6,0,4,6,54
48702,0.9.0,0,9,0,108
48703,0.4.6,0,4,6,54
48704,0.1.1,0,1,1,13
48705,0.4.6,0,4,6,54
48706,0.2.6,0,2,6,30
48707,0.4.6,0,4,6,54
48708,0.4.6,0,4,6,54
48711,0.4.6,0,4,6,54
48712,0.4.6,0,4,6,54
48714,0.4.6,0,4,6,54
48716,0.4.6,0,4,6,54
48717,0.4.6,0,4,6,54
48718,0.4.6,0,4,6,54
48719,0.4.6,0,4,6,54
48720,0.4.6,0,4,6,54
48721,0.4.6,0,4,6,54
48722,0.4.6,0,4,6,54
48723,0.4.6,0,4,6,54
48724,0.4.6,0,4,6,54
48725,0.4.6,0,4,6,54
48726,0.10.8,0,10,8,128
48727,0.4.6,0,4,6,54
48730,0.4.6,0,4,6,54
48731,0.4.6,0,4,6,54
48732,0.4.6,0,4,6,54
48734,0.4.6,0,4,6,54
48735,0.4.6,0,4,6,54
48736,0.4.6,0,4,6,54
48737,0.4.6,0,4,6,54
48738,0.4.6,0,4,6,54
48739,0.2.6,0,2,6,30
48740,0.4.6,0,4,6,54
48742,0.4.6,0,4,6,54
48743,0.4.6,0,4,6,54
48744,0.4.6,0,4,6,54
48745,0.4.6,0,4,6,54
48747,0.4.6,0,4,6,54
48748,0.4.6,0,4,6,54
48749,0.4.6,0,4,6,54
48750,0.4.6,0,4,6,54
48752,2.0.0,2,0,0,480
48753,0.2.6,0,2,6,30
48754,0.4.6,0,4,6,54
48755,0.4.6,0,4,6,54
48756,0.4.6,0,4,6,54
48757,0.4.6,0,4,6,54
48758,0.4.6,0,4,6,54
48759,0.4.6,0,4,6,54
48760,0.10.8,0,10,8,128
48761,0.4.6,0,4,6,54
48762,0.4.6,0,4,6,54
48763,0.4.6,0,4,6,54
48764,0.4.6,0,4,6,54
48765,0.9.0,0,9,0,108
48766,0.9.0,0,9,0,108
48767,0.4.6,0,4,6,54
48769,0.4.6,0,4,6,54
48770,0.2.6,0,2,6,30
48771,0.4.6,0,4,6,54
48772,0.4.6,0,4,6,54
48774,0.9.0,0,9,0,108
48775,0.4.6,0,4,6,54
48776,0.4.6,0,4,6,54
48777,0.4.6,0,4,6,54
48778,0.4.6,0,4,6,54
48779,0.2.6,0,2,6,30
48780,0.9.0,0,9,0,108
48781,0.9.0,0,9,0,108
48782,0.4.6,0,4,6,54
48783,0.2.6,0,2,6,30
48784,0.4.6,0,4,6,54
48787,0.4.6,0,4,6,54
48788,0.4.6,0,4,6,54
48789,0.4.6,0,4,6,54
48790,0.10.8,0,10,8,128
48791,0.4.6,0,4,6,54
48792,0.10.8,0,10,8,128
48793,0.4.6,0,4,6,54
48794,0.4.6,0,4,6,54
48795,0.4.6,0,4,6,54
48796,0.4.6,0,4,6,54
48797,0.2.6,0,2,6,30
48798,0.4.6,0,4,6,54
48799,0.2.6,0,2,6,30
48801,0.4.6,0,4,6,54
48803,0.4.6,0,4,6,54
48804,0.9.0,0,9,0,108
48805,0.4.6,0,4,6,54
48806,0.4.6,0,4,6,54
48807,0.4.6,0,4,6,54
48809,0.2.6,0,2,6,30
48811,0.4.6,0,4,6,54
48812,0.4.6,0,4,6,54
48813,0.4.6,0,4,6,54
48814,0.4.6,0,4,6,54
48815,0.4.6,0,4,6,54
48816,0.4.6,0,4,6,54
48818,0.4.6,0,4,6,54
48819,0.4.6,0,4,6,54
48820,0.9.0,0,9,0,108
48821,0.4.6,0,4,6,54
48823,0.9.0,0,9,0,108
48824,0.4.6,0,4,6,54
48825,0.4.6,0,4,6,54
48826,0.4.6,0,4,6,54
48827,0.4.6,0,4,6,54
48828,0.4.6,0,4,6,54
48832,0.4.6,0,4,6,54
48833,0.4.6,0,4,6,54
48834,0.4.6,0,4,6,54
48835,0.4.6,0,4,6,54
48836,0.9.0,0,9,0,108
48838,0.4.6,0,4,6,54
48840,0.9.0,0,9,0,108
48841,0.4.6,0,4,6,54
48842,0.2.6,0,2,6,30
48843,0.4.6,0,4,6,54
48844,0.4.6,0,4,6,54
48845,0.4.6,0,4,6,54
48847,0.4.6,0,4,6,54
48848,0.2.6,0,2,6,30
48849,0.4.6,0,4,6,54
48850,0.4.6,0,4,6,54
48851,0.4.6,0,4,6,54
48852,0.4.6,0,4,6,54
48853,0.4.6,0,4,6,54
48855,0.4.6,0,4,6,54
48856,0.4.6,0,4,6,54
48857,0.4.6,0,4,6,54
48858,0.4.6,0,4,6,54
48859,0.13.4,0,13,4,160
48860,0.10.8,0,10,8,128
48861,0.9.0,0,9,0,108
48863,0.4.6,0,4,6,54
48864,0.4.6,0,4,6,54
48865,0.9.0,0,9,0,108
48866,0.13.4,0,13,4,160
48868,0.4.6,0,4,6,54
48869,0.4.6,0,4,6,54
48870,0.9.0,0,9,0,108
48872,0.4.6,0,4,6,54
48873,0.4.6,0,4,6,54
48874,0.4.6,0,4,6,54
48876,0.4.6,0,4,6,54
48877,0.4.6,0,4,6,54
48878,0.4.6,0,4,6,54
48879,0.4.6,0,4,6,54
48880,0.2.6,0,2,6,30
48881,0.4.6,0,4,6,54
48882,0.2.6,0,2,6,30
48883,0.4.6,0,4,6,54
48884,0.4.6,0,4,6,54
48885,0.4.6,0,4,6,54
48886,0.10.8,0,10,8,128
48887,0.4.6,0,4,6,54
48888,0.4.6,0,4,6,54
48889,0.4.6,0,4,6,54
48890,0.2.6,0,2,6,30
48891,0.4.6,0,4,6,54
48892,0.6.8,0,6,8,80
48893,0.4.6,0,4,6,54
48894,0.2.6,0,2,6,30
48895,0.4.6,0,4,6,54
48896,0.4.6,0,4,6,54
48897,0.4.6,0,4,6,54
48898,0.2.6,0,2,6,30
48899,0.2.6,0,2,6,30
48900,0.2.6,0,2,6,30
48901,0.9.0,0,9,0,108
48902,0.4.6,0,4,6,54
48903,0.4.6,0,4,6,54
48904,0.4.6,0,4,6,54
48905,0.9.0,0,9,0,108
48906,0.4.6,0,4,6,54
48907,0.4.6,0,4,6,54
48908,0.4.6,0,4,6,54
48910,0.2.6,0,2,6,30
48911,0.4.6,0,4,6,54
48912,0.4.6,0,4,6,54
48913,0.13.4,0,13,4,160
48914,0.2.6,0,2,6,30
48915,0.4.6,0,4,6,54
48916,0.4.6,0,4,6,54
48917,0.4.6,0,4,6,54
48918,0.9.0,0,9,0,108
48919,0.4.6,0,4,6,54
48920,0.4.6,0,4,6,54
48921,0.4.6,0,4,6,54
48922,0.4.6,0,4,6,54
48923,0.4.6,0,4,6,54
48924,0.2.6,0,2,6,30
48925,0.4.6,0,4,6,54
48927,0.4.6,0,4,6,54
48928,0.4.6,0,4,6,54
48929,0.4.6,0,4,6,54
48930,0.2.6,0,2,6,30
48931,0.4.6,0,4,6,54
48932,0.2.6,0,2,6,30
48933,0.4.6,0,4,6,54
48934,0.4.6,0,4,6,54
48935,0.4.6,0,4,6,54
48936,0.2.6,0,2,6,30
48937,0.4.6,0,4,6,54
48938,0.4.6,0,4,6,54
48939,0.13.4,0,13,4,160
48940,0.4.6,0,4,6,54
48941,0.4.6,0,4,6,54
48942,0.2.6,0,2,6,30
48943,0.4.6,0,4,6,54
48944,0.4.6,0,4,6,54
48945,0.4.6,0,4,6,54
48946,0.2.6,0,2,6,30
48947,0.4.6,0,4,6,54
48948,0.4.6,0,4,6,54
48949,0.4.6,0,4,6,54
48950,0.4.6,0,4,6,54
48951,0.2.6,0,2,6,30
48952,0.4.6,0,4,6,54
48953,0.4.6,0,4,6,54
48954,0.2.6,0,2,6,30
48956,0.4.6,0,4,6,54
48957,0.2.6,0,2,6,30
48958,0.4.6,0,4,6,54
48959,0.4.6,0,4,6,54
48960,0.4.6,0,4,6,54
48961,0.2.6,0,2,6,30
48962,0.4.6,0,4,6,54
48963,0.4.6,0,4,6,54
48964,0.4.6,0,4,6,54
48965,0.4.6,0,4,6,54
48966,0.4.6,0,4,6,54
48967,0.4.6,0,4,6,54
48969,0.4.6,0,4,6,54
48970,0.4.6,0,4,6,54
48971,0.4.6,0,4,6,54
48972,0.4.6,0,4,6,54
48973,0.4.6,0,4,6,54
48974,0.4.6,0,4,6,54
48975,0.4.6,0,4,6,54
48976,0.4.6,0,4,6,54
48977,0.4.6,0,4,6,54
48979,0.4.6,0,4,6,54
48980,0.4.6,0,4,6,54
48981,0.4.6,0,4,6,54
48982,0.9.0,0,9,0,108
48983,0.4.6,0,4,6,54
48984,0.4.6,0,4,6,54
48985,0.9.0,0,9,0,108
48986,0.4.6,0,4,6,54
48987,0.4.6,0,4,6,54
48988,0.2.6,0,2,6,30
48989,0.4.6,0,4,6,54
48990,0.2.6,0,2,6,30
48991,0.4.6,0,4,6,54
48992,0.4.6,0,4,6,54
48993,0.2.6,0,2,6,30
48994,0.4.6,0,4,6,54
48995,0.13.4,0,13,4,160
48996,0.4.6,0,4,6,54
48997,0.4.6,0,4,6,54
48998,0.9.0,0,9,0,108
48999,0.4.6,0,4,6,54
49000,0.4.6,0,4,6,54
49001,0.4.6,0,4,6,54
49002,0.4.6,0,4,6,54
49003,0.2.6,0,2,6,30
49004,2.0.0,2,0,0,480
49006,0.2.6,0,2,6,30
49007,0.9.0,0,9,0,108
49008,0.9.0,0,9,0,108
49009,0.4.6,0,4,6,54
49010,0.4.6,0,4,6,54
49011,0.4.6,0,4,6,54
49012,0.4.6,0,4,6,54
49013,0.4.6,0,4,6,54
49015,0.4.6,0,4,6,54
49016,0.4.6,0,4,6,54
49017,0.4.6,0,4,6,54
49018,0.9.0,0,9,0,108
49020,0.2.6,0,2,6,30
49021,0.2.6,0,2,6,30
49022,0.4.6,0,4,6,54
49023,0.4.6,0,4,6,54
49024,0.4.6,0,4,6,54
49025,0.13.4,0,13,4,160
49026,0.2.6,0,2,6,30
49027,0.4.6,0,4,6,54
49028,0.4.6,0,4,6,54
49029,0.4.6,0,4,6,54
49031,0.2.6,0,2,6,30
49032,0.2.6,0,2,6,30
49033,0.4.6,0,4,6,54
49034,0.4.6,0,4,6,54
49035,0.4.6,0,4,6,54
49037,0.2.6,0,2,6,30
49038,0.4.6,0,4,6,54
49039,0.9.0,0,9,0,108
49040,0.6.8,0,6,8,80
49041,0.9.0,0,9,0,108
49042,0.4.6,0,4,6,54
49043,0.4.6,0,4,6,54
49044,0.4.6,0,4,6,54
49045,0.4.6,0,4,6,54
49046,0.4.6,0,4,6,54
49047,0.2.6,0,2,6,30
49048,0.4.6,0,4,6,54
49049,0.2.6,0,2,6,30
49050,0.4.6,0,4,6,54
49051,0.4.6,0,4,6,54
49052,0.2.6,0,2,6,30
49053,0.4.6,0,4,6,54
49054,0.4.6,0,4,6,54
49056,0.2.6,0,2,6,30
49057,0.4.6,0,4,6,54
49058,0.4.6,0,4,6,54
49059,0.4.6,0,4,6,54
49060,0.4.6,0,4,6,54
49061,0.4.6,0,4,6,54
49062,0.4.6,0,4,6,54
49063,0.4.6,0,4,6,54
49064,0.4.6,0,4,6,54
49066,0.4.6,0,4,6,54
49067,0.4.6,0,4,6,54
49068,0.2.6,0,2,6,30
49069,0.4.6,0,4,6,54
49070,0.4.6,0,4,6,54
49071,0.4.6,0,4,6,54
49072,0.4.6,0,4,6,54
49073,0.2.6,0,2,6,30
49074,0.4.6,0,4,6,54
49075,0.2.6,0,2,6,30
49076,0.9.0,0,9,0,108
49078,0.4.6,0,4,6,54
49079,0.4.6,0,4,6,54
49080,0.4.6,0,4,6,54
49081,0.4.6,0,4,6,54
49082,0.4.6,0,4,6,54
49083,0.4.6,0,4,6,54
49084,0.4.6,0,4,6,54
49085,0.4.6,0,4,6,54
49086,0.2.6,0,2,6,30
49087,0.4.6,0,4,6,54
49088,0.4.6,0,4,6,54
49089,0.4.6,0,4,6,54
49090,0.4.6,0,4,6,54
49091,0.4.6,0,4,6,54
49092,0.4.6,0,4,6,54
49093,0.4.6,0,4,6,54
49094,0.4.6,0,4,6,54
49095,0.4.6,0,4,6,54
49096,0.2.6,0,2,6,30
49097,0.4.6,0,4,6,54
49098,0.4.6,0,4,6,54
49099,0.9.0,0,9,0,108
49100,0.4.6,0,4,6,54
49101,0.4.6,0,4,6,54
49102,0.4.6,0,4,6,54
49103,0.4.6,0,4,6,54
49104,0.4.6,0,4,6,54
49105,0.4.6,0,4,6,54
49106,0.4.6,0,4,6,54
49107,0.2.6,0,2,6,30
49108,0.4.6,0,4,6,54
49109,0.6.8,0,6,8,80
49110,0.4.6,0,4,6,54
49111,0.4.6,0,4,6,54
49112,0.6.8,0,6,8,80
49113,0.4.6,0,4,6,54
49114,0.2.6,0,2,6,30
49115,0.4.6,0,4,6,54
49116,0.4.6,0,4,6,54
49117,0.4.6,0,4,6,54
49118,0.4.6,0,4,6,54
49119,0.4.6,0,4,6,54
49120,0.9.0,0,9,0,108
49121,0.4.6,0,4,6,54
49122,0.4.6,0,4,6,54
49123,2.0.0,2,0,0,480
49124,0.4.6,0,4,6,54
49125,0.2.6,0,2,6,30
49126,0.4.6,0,4,6,54
49127,0.4.6,0,4,6,54
49128,0.2.6,0,2,6,30
49129,0.4.6,0,4,6,54
49130,0.4.6,0,4,6,54
49131,0.9.0,0,9,0,108
49132,0.4.6,0,4,6,54
49133,0.4.6,0,4,6,54
49134,0.4.6,0,4,6,54
49135,0.4.6,0,4,6,54
49136,0.2.6,0,2,6,30
49137,0.4.6,0,4,6,54
49138,0.2.6,0,2,6,30
49139,0.4.6,0,4,6,54
49140,0.4.6,0,4,6,54
49141,0.4.6,0,4,6,54
49142,0.2.6,0,2,6,30
49143,0.4.6,0,4,6,54
49144,0.4.6,0,4,6,54
49145,0.4.6,0,4,6,54
49146,0.2.6,0,2,6,30
49147,0.2.6,0,2,6,30
49148,0.2.6,0,2,6,30
49149,0.4.6,0,4,6,54
49151,0.4.6,0,4,6,54
49152,0.2.6,0,2,6,30
49153,0.4.6,0,4,6,54
49154,0.4.6,0,4,6,54
49155,0.4.6,0,4,6,54
49156,0.13.4,0,13,4,160
49157,0.2.6,0,2,6,30
49158,0.2.6,0,2,6,30
49159,0.4.6,0,4,6,54
49160,2.14.8,2,14,8,656
49161,0.9.0,0,9,0,108
49163,0.4.6,0,4,6,54
49164,0.4.6,0,4,6,54
49165,0.4.6,0,4,6,54
49166,0.4.6,0,4,6,54
49167,0.4.6,0,4,6,54
49168,0.4.6,0,4,6,54
49169,0.4.6,0,4,6,54
49170,0.2.6,0,2,6,30
49171,0.9.0,0,9,0,108
49172,0.4.6,0,4,6,54
49173,0.10.8,0,10,8,128
49174,0.2.6,0,2,6,30
49175,0.2.6,0,2,6,30
49176,0.4.6,0,4,6,54
49177,0.2.6,0,2,6,30
49178,0.2.6,0,2,6,30
49179,0.4.6,0,4,6,54
49180,0.4.6,0,4,6,54
49181,0.9.0,0,9,0,108
49182,0.4.6,0,4,6,54
49184,0.4.6,0,4,6,54
49186,0.4.6,0,4,6,54
49187,0.4.6,0,4,6,54
49188,0.4.6,0,4,6,54
49189,0.4.6,0,4,6,54
49190,0.4.6,0,4,6,54
49191,0.2.6,0,2,6,30
49192,0.4.6,0,4,6,54
49193,0.4.6,0,4,6,54
49194,0.4.6,0,4,6,54
49195,0.4.6,0,4,6,54
49196,0.2.6,0,2,6,30
49197,0.4.6,0,4,6,54
49198,0.4.6,0,4,6,54
49199,0.4.6,0,4,6,54
49200,0.2.6,0,2,6,30
49202,0.13.4,0,13,4,160
49203,0.4.6,0,4,6,54
49204,0.4.6,0,4,6,54
49205,0.4.6,0,4,6,54
49206,0.4.6,0,4,6,54
49207,0.4.6,0,4,6,54
49209,0.9.0,0,9,0,108
49210,0.4.6,0,4,6,54
49211,0.2.6,0,2,6,30
49212,0.9.0,0,9,0,108
49213,0.4.6,0,4,6,54
49214,0.2.6,0,2,6,30
49215,0.4.6,0,4,6,54
49216,0.4.6,0,4,6,54
49218,0.4.6,0,4,6,54
49219,0.9.0,0,9,0,108
49220,0.4.6,0,4,6,54
49221,0.4.6,0,4,6,54
49222,0.4.6,0,4,6,54
49223,0.9.0,0,9,0,108
49224,0.2.6,0,2,6,30
49225,0.4.6,0,4,6,54
49226,0.4.6,0,4,6,54
49227,0.4.6,0,4,6,54
49228,0.4.6,0,4,6,54
49230,0.2.6,0,2,6,30
49232,0.9.0,0,9,0,108
49233,0.4.6,0,4,6,54
49234,0.4.6,0,4,6,54
49235,0.4.6,0,4,6,54
49236,0.4.6,0,4,6,54
49237,0.4.6,0,4,6,54
49238,0.4.6,0,4,6,54
49239,0.4.6,0,4,6,54
49240,0.4.6,0,4,6,54
49241,0.4.6,0,4,6,54
49242,0.4.6,0,4,6,54
49243,0.4.6,0,4,6,54
49244,0.4.6,0,4,6,54
49245,0.4.6,0,4,6,54
49246,0.13.4,0,13,4,160
49247,0.4.6,0,4,6,54
49248,0.4.6,0,4,6,54
49250,0.4.6,0,4,6,54
49251,0.4.6,0,4,6,54
49252,0.6.8,0,6,8,80
49253,0.4.6,0,4,6,54
49256,0.9.0,0,9,0,108
49257,0.4.6,0,4,6,54
49258,0.4.6,0,4,6,54
49259,0.4.6,0,4,6,54
49260,0.4.6,0,4,6,54
49261,0.2.6,0,2,6,30
49262,0.4.6,0,4,6,54
49263,0.4.6,0,4,6,54
49264,0.4.6,0,4,6,54
49265,0.4.6,0,4,6,54
49266,0.4.6,0,4,6,54
49267,0.4.6,0,4,6,54
49268,0.4.6,0,4,6,54
49269,0.4.6,0,4,6,54
49270,0.4.6,0,4,6,54
49271,0.4.6,0,4,6,54
49272,0.9.0,0,9,0,108
49273,0.4.6,0,4,6,54
49274,0.4.6,0,4,6,54
49275,0.4.6,0,4,6,54
49276,0.9.0,0,9,0,108
49277,0.4.6,0,4,6,54
49278,0.4.6,0,4,6,54
49279,0.4.6,0,4,6,54
49280,0.4.6,0,4,6,54
49281,0.4.6,0,4,6,54
49282,0.4.6,0,4,6,54
49283,0.4.6,0,4,6,54
49284,0.4.6,0,4,6,54
49285,0.4.6,0,4,6,54
49286,0.4.6,0,4,6,54
49287,0.4.6,0,4,6,54
49288,0.4.6,0,4,6,54
49289,0.4.6,0,4,6,54
49291,0.4.6,0,4,6,54
49292,0.6.8,0,6,8,80
49293,0.4.6,0,4,6,54
49294,0.2.6,0,2,6,30
49295,0.4.6,0,4,6,54
49296,0.4.6,0,4,6,54
49297,0.4.6,0,4,6,54
49298,0.4.6,0,4,6,54
49299,0.4.6,0,4,6,54
49300,0.4.6,0,4,6,54
49301,0.4.6,0,4,6,54
49302,0.4.6,0,4,6,54
49305,0.4.6,0,4,6,54
49306,0.4.6,0,4,6,54
49307,0.4.6,0,4,6,54
49308,0.4.6,0,4,6,54
49309,0.4.6,0,4,6,54
49310,0.4.6,0,4,6,54
49311,0.4.6,0,4,6,54
49312,0.4.6,0,4,6,54
49313,0.4.6,0,4,6,54
49314,0.4.6,0,4,6,54
49315,0.2.6,0,2,6,30
49316,0.13.4,0,13,4,160
49317,0.4.6,0,4,6,54
49318,0.2.6,0,2,6,30
49319,0.4.6,0,4,6,54
49320,0.4.6,0,4,6,54
49321,0.4.6,0,4,6,54
49322,0.4.6,0,4,6,54
49323,0.4.6,0,4,6,54
49324,0.9.0,0,9,0,108
49326,0.4.6,0,4,6,54
49327,0.2.6,0,2,6,30
49328,0.4.6,0,4,6,54
49329,0.4.6,0,4,6,54
49330,0.4.6,0,4,6,54
49331,0.4.6,0,4,6,54
49332,0.4.6,0,4,6,54
49333,0.4.6,0,4,6,54
49334,0.4.6,0,4,6,54
49335,0.4.6,0,4,6,54
49336,0.4.6,0,4,6,54
49337,0.4.6,0,4,6,54
49338,0.4.6,0,4,6,54
49339,0.4.6,0,4,6,54
49340,0.4.6,0,4,6,54
49341,0.4.6,0,4,6,54
49342,0.4.6,0,4,6,54
49343,0.4.6,0,4,6,54
49345,0.4.6,0,4,6,54
49346,0.4.6,0,4,6,54
49347,0.4.6,0,4,6,54
49348,0.9.0,0,9,0,108
49349,0.4.6,0,4,6,54
49350,0.9.0,0,9,0,108
49351,0.4.6,0,4,6,54
49352,0.4.6,0,4,6,54
49353,0.4.6,0,4,6,54
49354,0.4.6,0,4,6,54
49355,0.4.6,0,4,6,54
49356,0.4.6,0,4,6,54
49357,0.4.6,0,4,6,54
49358,0.2.6,0,2,6,30
49359,0.4.6,0,4,6,54
49360,0.4.6,0,4,6,54
49361,0.2.6,0,2,6,30
49362,0.2.6,0,2,6,30
49363,0.4.6,0,4,6,54
49364,0.4.6,0,4,6,54
49365,0.4.6,0,4,6,54
49366,0.4.6,0,4,6,54
49367,0.4.6,0,4,6,54
49368,0.4.6,0,4,6,54
49369,0.4.6,0,4,6,54
49370,0.4.6,0,4,6,54
49371,0.4.6,0,4,6,54
49373,0.4.6,0,4,6,54
49375,0.4.6,0,4,6,54
49376,0.9.2,0,9,2,110
49377,0.4.6,0,4,6,54
49378,0.4.6,0,4,6,54
49379,0.4.6,0,4,6,54
49380,0.4.6,0,4,6,54
49381,0.4.6,0,4,6,54
49382,0.4.6,0,4,6,54
49383,0.4.6,0,4,6,54
49384,0.4.6,0,4,6,54
49385,0.4.6,0,4,6,54
49386,0.4.6,0,4,6,54
49387,0.4.6,0,4,6,54
49388,0.4.6,0,4,6,54
49389,0.4.6,0,4,6,54
49391,0.4.6,0,4,6,54
49392,0.4.6,0,4,6,54
49393,0.4.6,0,4,6,54
49394,0.4.6,0,4,6,54
49395,0.2.6,0,2,6,30
49396,0.4.6,0,4,6,54
49397,0.4.6,0,4,6,54
49398,0.4.6,0,4,6,54
49399,0.4.6,0,4,6,54
49400,0.9.0,0,9,0,108
49401,0.4.6,0,4,6,54
49402,0.4.6,0,4,6,54
49403,0.4.6,0,4,6,54
49404,0.4.6,0,4,6,54
49405,0.4.6,0,4,6,54
49406,0.4.6,0,4,6,54
49407,0.9.0,0,9,0,108
49408,0.4.6,0,4,6,54
49409,0.4.6,0,4,6,54
49410,0.4.6,0,4,6,54
49411,0.4.6,0,4,6,54
49412,0.4.6,0,4,6,54
49413,0.4.6,0,4,6,54
49414,0.2.6,0,2,6,30
49415,0.4.6,0,4,6,54
49416,0.4.6,0,4,6,54
49418,0.4.6,0,4,6,54
49419,0.4.6,0,4,6,54
49420,0.4.6,0,4,6,54
49421,0.4.6,0,4,6,54
49426,0.9.0,0,9,0,108
49427,0.4.6,0,4,6,54
49429,0.4.6,0,4,6,54
49430,0.4.6,0,4,6,54
49431,0.4.6,0,4,6,54
49432,0.4.6,0,4,6,54
49433,0.2.6,0,2,6,30
49435,0.4.6,0,4,6,54
49436,0.4.6,0,4,6,54
49438,0.4.6,0,4,6,54
49439,0.4.6,0,4,6,54
49440,0.4.6,0,4,6,54
49441,0.2.6,0,2,6,30
49442,0.4.6,0,4,6,54
49443,0.4.6,0,4,6,54
49444,0.4.6,0,4,6,54
49445,0.4.6,0,4,6,54
49447,0.4.6,0,4,6,54
49448,0.4.6,0,4,6,54
49449,0.2.6,0,2,6,30
49451,0.4.6,0,4,6,54
49453,0.4.6,0,4,6,54
49454,0.2.6,0,2,6,30
49455,0.4.6,0,4,6,54
49456,0.2.6,0,2,6,30
49457,0.4.6,0,4,6,54
49458,0.4.6,0,4,6,54
49459,0.4.6,0,4,6,54
49460,0.4.6,0,4,6,54
49461,0.2.6,0,2,6,30
49462,0.2.6,0,2,6,30
49463,0.4.6,0,4,6,54
49464,0.4.6,0,4,6,54
49465,0.4.6,0,4,6,54
49466,0.4.6,0,4,6,54
49467,0.4.6,0,4,6,54
49468,0.2.6,0,2,6,30
49469,0.2.6,0,2,6,30
49470,0.4.6,0,4,6,54
49471,0.4.6,0,4,6,54
49472,0.4.6,0,4,6,54
49473,0.4.6,0,4,6,54
49475,0.4.6,0,4,6,54
49476,0.4.6,0,4,6,54
49477,0.4.6,0,4,6,54
49478,0.4.6,0,4,6,54
49479,0.4.6,0,4,6,54
49480,0.4.6,0,4,6,54
49481,0.4.6,0,4,6,54
49482,0.4.6,0,4,6,54
49483,0.4.6,0,4,6,54
49484,0.4.6,0,4,6,54
49487,0.4.6,0,4,6,54
49488,0.2.6,0,2,6,30
49489,0.4.6,0,4,6,54
49490,0.9.0,0,9,0,108
49491,0.4.6,0,4,6,54
49493,0.2.6,0,2,6,30
49494,0.4.6,0,4,6,54
49495,0.4.6,0,4,6,54
49496,0.4.6,0,4,6,54
49497,0.4.6,0,4,6,54
49499,0.4.6,0,4,6,54
49500,0.4.6,0,4,6,54
49501,0.4.6,0,4,6,54
49502,0.4.6,0,4,6,54
49503,0.4.6,0,4,6,54
49504,0.4.6,0,4,6,54
49505,0.4.6,0,4,6,54
49506,0.4.6,0,4,6,54
49507,0.4.6,0,4,6,54
49508,0.4.6,0,4,6,54
49509,0.4.6,0,4,6,54
49510,0.4.6,0,4,6,54
49511,0.4.6,0,4,6,54
49512,0.4.6,0,4,6,54
49513,0.2.6,0,2,6,30
49514,0.2.6,0,2,6,30
49516,0.4.6,0,4,6,54
49517,0.4.6,0,4,6,54
49518,0.2.6,0,2,6,30
49521,0.2.6,0,2,6,30
49522,0.4.6,0,4,6,54
49524,0.2.6,0,2,6,30
49526,0.4.6,0,4,6,54
49527,0.4.6,0,4,6,54
49528,0.4.6,0,4,6,54
49529,0.4.6,0,4,6,54
49530,0.4.6,0,4,6,54
49531,0.4.6,0,4,6,54
49532,0.4.6,0,4,6,54
49533,0.4.6,0,4,6,54
49534,0.4.6,0,4,6,54
49536,0.9.0,0,9,0,108
49537,0.4.6,0,4,6,54
49538,0.4.6,0,4,6,54
49540,0.4.6,0,4,6,54
49541,0.4.6,0,4,6,54
49542,0.4.6,0,4,6,54
49543,0.4.6,0,4,6,54
49544,0.4.6,0,4,6,54
49545,0.4.6,0,4,6,54
49546,0.4.6,0,4,6,54
49547,0.4.6,0,4,6,54
49548,0.4.6,0,4,6,54
49549,2.15.2,2,15,2,662
49550,0.4.6,0,4,6,54
49552,0.4.6,0,4,6,54
49553,0.4.6,0,4,6,54
49556,0.4.6,0,4,6,54
49557,0.4.6,0,4,6,54
49558,0.4.6,0,4,6,54
49559,0.4.6,0,4,6,54
49560,0.4.6,0,4,6,54
49561,0.4.6,0,4,6,54
49562,0.2.6,0,2,6,30
49563,0.4.6,0,4,6,54
49564,0.4.6,0,4,6,54
49565,0.4.6,0,4,6,54
49566,0.2.6,0,2,6,30
49567,0.4.6,0,4,6,54
49568,0.6.8,0,6,8,80
49569,0.2.6,0,2,6,30
49570,0.4.6,0,4,6,54
49571,0.4.6,0,4,6,54
49572,0.2.6,0,2,6,30
49573,0.4.6,0,4,6,54
49574,0.4.6,0,4,6,54
49575,0.4.6,0,4,6,54
49576,0.4.6,0,4,6,54
49577,0.4.6,0,4,6,54
49578,0.4.6,0,4,6,54
49579,0.4.6,0,4,6,54
49580,0.4.6,0,4,6,54
49581,0.4.6,0,4,6,54
49583,0.4.6,0,4,6,54
49585,0.4.6,0,4,6,54
49586,0.4.6,0,4,6,54
49587,0.4.6,0,4,6,54
49588,0.4.6,0,4,6,54
49589,0.4.6,0,4,6,54
49590,0.4.6,0,4,6,54
49591,0.2.6,0,2,6,30
49592,0.4.6,0,4,6,54
49593,0.4.6,0,4,6,54
49595,0.2.6,0,2,6,30
49596,0.4.6,0,4,6,54
49597,2.10.10,2,10,10,610
49599,0.4.6,0,4,6,54
49600,0.4.6,0,4,6,54
49602,0.4.6,0,4,6,54
49603,0.4.6,0,4,6,54
49604,0.4.6,0,4,6,54
49605,0.4.6,0,4,6,54
49606,0.6.8,0,6,8,80
49607,0.4.6,0,4,6,54
49608,0.4.6,0,4,6,54
49609,0.4.6,0,4,6,54
49610,0.4.6,0,4,6,54
49611,0.4.6,0,4,6,54
49612,1.2.6,1,2,6,270
49613,0.4.6,0,4,6,54
49614,0.4.6,0,4,6,54
49615,0.4.6,0,4,6,54
49617,2.0.0,2,0,0,480
49618,0.4.6,0,4,6,54
49619,0.2.6,0,2,6,30
49620,0.4.6,0,4,6,54
49621,0.4.6,0,4,6,54
49622,0.4.6,0,4,6,54
49623,0.4.6,0,4,6,54
49624,0.4.6,0,4,6,54
49625,0.4.6,0,4,6,54
49626,0.4.6,0,4,6,54
49627,0.4.6,0,4,6,54
49628,0.4.6,0,4,6,54
49629,0.4.6,0,4,6,54
49630,0.4.6,0,4,6,54
49631,2.10.10,2,10,10,610
49632,0.2.6,0,2,6,30
49633,0.4.6,0,4,6,54
49634,0.4.6,0,4,6,54
49635,0.4.6,0,4,6,54
49638,0.4.6,0,4,6,54
49639,0.4.6,0,4,6,54
49640,0.4.6,0,4,6,54
49641,2.15.2,2,15,2,662
49642,0.4.6,0,4,6,54
49643,0.2.6,0,2,6,30
49644,0.4.6,0,4,6,54
49645,0.4.6,0,4,6,54
49646,0.2.6,0,2,6,30
49649,0.4.6,0,4,6,54
49650,0.4.6,0,4,6,54
49651,0.4.6,0,4,6,54
49652,0.2.6,0,2,6,30
49653,0.2.6,0,2,6,30
49655,0.4.6,0,4,6,54
49656,0.4.6,0,4,6,54
49657,0.9.0,0,9,0,108
49658,0.6.8,0,6,8,80
49659,0.4.6,0,4,6,54
49660,0.9.0,0,9,0,108
49661,0.4.6,0,4,6,54
49662,0.4.6,0,4,6,54
49663,0.4.6,0,4,6,54
49664,0.4.6,0,4,6,54
49665,0.4.6,0,4,6,54
49666,0.4.6,0,4,6,54
49667,0.4.6,0,4,6,54
49668,0.4.6,0,4,6,54
49669,0.4.6,0,4,6,54
49670,0.4.6,0,4,6,54
49671,0.4.6,0,4,6,54
49672,0.2.6,0,2,6,30
49674,0.4.6,0,4,6,54
49675,0.4.6,0,4,6,54
49676,0.4.6,0,4,6,54
49677,0.4.6,0,4,6,54
49678,0.4.6,0,4,6,54
49679,0.4.6,0,4,6,54
49680,0.4.6,0,4,6,54
49681,0.4.6,0,4,6,54
49682,0.4.6,0,4,6,54
49683,0.4.6,0,4,6,54
49684,0.4.6,0,4,6,54
49686,0.6.8,0,6,8,80
49687,0.13.4,0,13,4,160
49689,0.4.6,0,4,6,54
49691,0.4.6,0,4,6,54
49692,0.4.6,0,4,6,54
49695,0.4.6,0,4,6,54
49696,0.4.6,0,4,6,54
49697,0.4.6,0,4,6,54
49698,0.4.6,0,4,6,54
49699,0.4.6,0,4,6,54
49700,0.4.6,0,4,6,54
49702,0.4.6,0,4,6,54
49703,0.4.6,0,4,6,54
49704,0.4.6,0,4,6,54
49705,0.2.6,0,2,6,30
49706,0.4.6,0,4,6,54
49707,0.4.6,0,4,6,54
49709,0.4.6,0,4,6,54
49710,0.4.6,0,4,6,54
49711,0.4.6,0,4,6,54
49712,0.4.6,0,4,6,54
49713,0.4.6,0,4,6,54
49714,0.2.6,0,2,6,30
49715,0.4.6,0,4,6,54
49716,0.4.6,0,4,6,54
49717,0.4.6,0,4,6,54
49718,0.9.0,0,9,0,108
49719,0.4.6,0,4,6,54
49720,0.4.6,0,4,6,54
49721,0.4.6,0,4,6,54
49722,0.4.6,0,4,6,54
49724,0.9.0,0,9,0,108
49726,0.4.6,0,4,6,54
49727,1.4.4,1,4,4,292
49728,0.4.6,0,4,6,54
49729,0.4.6,0,4,6,54
49730,0.4.6,0,4,6,54
49731,0.4.6,0,4,6,54
49732,0.4.6,0,4,6,54
49733,0.4.6,0,4,6,54
49734,0.9.0,0,9,0,108
49735,0.4.6,0,4,6,54
49736,0.4.6,0,4,6,54
49737,0.4.6,0,4,6,54
49738,0.2.6,0,2,6,30
49741,0.4.6,0,4,6,54
49743,0.4.6,0,4,6,54
49744,0.4.6,0,4,6,54
49745,0.4.6,0,4,6,54
49746,0.4.6,0,4,6,54
49747,0.4.6,0,4,6,54
49748,0.4.6,0,4,6,54
49749,0.9.0,0,9,0,108
49750,2.14.8,2,14,8,656
49751,0.4.6,0,4,6,54
49752,0.4.6,0,4,6,54
49753,0.2.6,0,2,6,30
49754,0.4.6,0,4,6,54
49755,0.9.0,0,9,0,108
49757,0.13.4,0,13,4,160
49758,0.4.6,0,4,6,54
49759,0.4.6,0,4,6,54
49761,0.4.6,0,4,6,54
49762,0.4.6,0,4,6,54
49763,0.4.6,0,4,6,54
49765,0.4.6,0,4,6,54
49766,0.4.6,0,4,6,54
49767,0.4.6,0,4,6,54
49768,0.4.6,0,4,6,54
49769,0.4.6,0,4,6,54
49770,0.4.6,0,4,6,54
49771,0.18.2,0,18,2,218
49772,0.4.6,0,4,6,54
49773,0.4.6,0,4,6,54
49775,0.4.6,0,4,6,54
49776,0.4.6,0,4,6,54
49777,0.4.6,0,4,6,54
49778,0.4.6,0,4,6,54
49779,0.4.6,0,4,6,54
49780,0.4.6,0,4,6,54
49781,0.4.6,0,4,6,54
49782,0.18.2,0,18,2,218
49783,0.4.6,0,4,6,54
49785,0.4.6,0,4,6,54
49786,0.4.6,0,4,6,54
49787,0.4.6,0,4,6,54
49788,0.2.6,0,2,6,30
49789,0.4.6,0,4,6,54
49790,0.4.6,0,4,6,54
49791,0.4.6,0,4,6,54
49792,0.4.6,0,4,6,54
49793,0.4.6,0,4,6,54
49794,0.4.6,0,4,6,54
49795,0.4.6,0,4,6,54
49796,0.4.6,0,4,6,54
49797,0.4.6,0,4,6,54
49798,0.4.6,0,4,6,54
49799,0.4.6,0,4,6,54
49800,0.4.6,0,4,6,54
49801,0.2.6,0,2,6,30
49802,0.9.0,0,9,0,108
49805,0.4.6,0,4,6,54
49806,0.9.0,0,9,0,108
49808,0.4.6,0,4,6,54
49809,0.4.6,0,4,6,54
49810,0.9.0,0,9,0,108
49811,0.4.6,0,4,6,54
49812,0.4.6,0,4,6,54
49813,0.4.6,0,4,6,54
49814,0.4.6,0,4,6,54
49815,0.4.6,0,4,6,54
49816,0.4.6,0,4,6,54
49817,0.4.6,0,4,6,54
49819,0.4.6,0,4,6,54
49820,0.2.6,0,2,6,30
49821,0.4.6,0,4,6,54
49822,0.10.8,0,10,8,128
49823,0.4.6,0,4,6,54
49824,0.4.6,0,4,6,54
49825,0.4.6,0,4,6,54
49827,0.4.6,0,4,6,54
49828,0.4.6,0,4,6,54
49829,0.4.6,0,4,6,54
49830,0.2.6,0,2,6,30
49831,0.4.6,0,4,6,54
49832,0.4.6,0,4,6,54
49833,0.4.6,0,4,6,54
49835,0.4.6,0,4,6,54
49836,0.4.6,0,4,6,54
49837,0.2.6,0,2,6,30
49838,0.9.0,0,9,0,108
49839,0.4.6,0,4,6,54
49840,0.4.6,0,4,6,54
49841,0.10.8,0,10,8,128
49842,0.2.6,0,2,6,30
49843,0.4.6,0,4,6,54
49844,0.4.6,0,4,6,54
49845,0.9.0,0,9,0,108
49846,0.4.6,0,4,6,54
49848,0.4.6,0,4,6,54
49849,0.4.6,0,4,6,54
49850,0.4.6,0,4,6,54
49851,0.4.6,0,4,6,54
49852,0.4.6,0,4,6,54
49853,0.4.6,0,4,6,54
49854,0.4.6,0,4,6,54
49855,0.4.6,0,4,6,54
49856,0.4.6,0,4,6,54
49857,0.4.6,0,4,6,54
49858,0.9.0,0,9,0,108
49859,0.4.6,0,4,6,54
49860,0.2.6,0,2,6,30
49861,0.4.6,0,4,6,54
49862,0.2.6,0,2,6,30
49863,0.4.6,0,4,6,54
49864,0.2.6,0,2,6,30
49865,0.4.6,0,4,6,54
49866,0.4.6,0,4,6,54
49867,0.4.6,0,4,6,54
49868,0.4.6,0,4,6,54
49869,0.4.6,0,4,6,54
49870,0.4.6,0,4,6,54
49871,0.2.6,0,2,6,30
49872,0.13.4,0,13,4,160
49873,0.9.0,0,9,0,108
49874,0.4.6,0,4,6,54
49875,0.4.6,0,4,6,54
49876,0.2.6,0,2,6,30
49877,0.4.6,0,4,6,54
49878,0.4.6,0,4,6,54
49879,0.4.6,0,4,6,54
49881,0.4.6,0,4,6,54
49883,0.4.6,0,4,6,54
49884,0.4.6,0,4,6,54
49885,0.4.6,0,4,6,54
49886,0.4.6,0,4,6,54
49887,0.9.0,0,9,0,108
49888,0.2.6,0,2,6,30
49889,0.2.6,0,2,6,30
49890,0.2.6,0,2,6,30
49891,0.4.6,0,4,6,54
49892,0.4.6,0,4,6,54
49893,0.9.0,0,9,0,108
49894,0.4.6,0,4,6,54
49895,0.4.6,0,4,6,54
49896,0.9.0,0,9,0,108
49897,0.4.6,0,4,6,54
49898,0.4.6,0,4,6,54
49899,0.4.6,0,4,6,54
49900,0.9.0,0,9,0,108
49901,0.4.6,0,4,6,54
49902,0.4.6,0,4,6,54
49903,0.2.6,0,2,6,30
49904,0.2.6,0,2,6,30
49905,0.2.6,0,2,6,30
49907,0.4.6,0,4,6,54
49908,0.4.6,0,4,6,54
49909,0.4.6,0,4,6,54
49910,0.4.6,0,4,6,54
49911,0.4.6,0,4,6,54
49912,0.2.6,0,2,6,30
49913,0.4.6,0,4,6,54
49914,0.2.6,0,2,6,30
49916,0.4.6,0,4,6,54
49917,0.4.6,0,4,6,54
49918,0.4.6,0,4,6,54
49919,0.2.6,0,2,6,30
49920,0.4.6,0,4,6,54
49921,0.4.6,0,4,6,54
49922,0.4.6,0,4,6,54
49923,0.4.6,0,4,6,54
49924,0.4.6,0,4,6,54
49925,0.2.6,0,2,6,30
49926,0.4.6,0,4,6,54
49927,0.4.6,0,4,6,54
49928,2.14.8,2,14,8,656
49929,0.4.6,0,4,6,54
49930,0.4.6,0,4,6,54
49931,0.4.6,0,4,6,54
49932,0.4.6,0,4,6,54
49933,0.4.6,0,4,6,54
49935,0.2.6,0,2,6,30
49936,0.4.6,0,4,6,54
49937,0.4.6,0,4,6,54
49938,0.4.6,0,4,6,54
49939,0.2.6,0,2,6,30
49940,0.4.6,0,4,6,54
49941,0.4.6,0,4,6,54
49942,0.4.6,0,4,6,54
49943,0.4.6,0,4,6,54
49944,0.4.6,0,4,6,54
49945,0.4.6,0,4,6,54
49946,2.14.8,2,14,8,656
49947,0.4.6,0,4,6,54
49948,0.2.6,0,2,6,30
49949,0.4.6,0,4,6,54
49950,0.4.6,0,4,6,54
49951,0.4.6,0,4,6,54
49952,0.2.6,0,2,6,30
49953,0.2.6,0,2,6,30
49954,0.2.6,0,2,6,30
49956,0.4.6,0,4,6,54
49957,0.4.6,0,4,6,54
49958,0.4.6,0,4,6,54
49959,0.4.6,0,4,6,54
49960,0.4.6,0,4,6,54
49961,0.4.6,0,4,6,54
49962,0.2.6,0,2,6,30
49963,2.14.8,2,14,8,656
49964,0.4.6,0,4,6,54
49965,0.4.6,0,4,6,54
49966,0.4.6,0,4,6,54
49967,0.4.6,0,4,6,54
49968,0.4.6,0,4,6,54
49969,0.4.6,0,4,6,54
49970,0.4.6,0,4,6,54
49971,0.4.6,0,4,6,54
49973,0.4.6,0,4,6,54
49974,0.13.4,0,13,4,160
49975,1.1.4,1,1,4,256
49976,0.4.6,0,4,6,54
49977,0.4.6,0,4,6,54
49978,0.4.6,0,4,6,54
49979,0.4.6,0,4,6,54
49980,0.4.6,0,4,6,54
49981,0.4.6,0,4,6,54
49982,0.4.6,0,4,6,54
49984,0.10.8,0,10,8,128
49985,0.4.6,0,4,6,54
49986,0.4.6,0,4,6,54
49987,0.4.6,0,4,6,54
49989,0.4.6,0,4,6,54
49990,0.4.6,0,4,6,54
49991,0.4.6,0,4,6,54
49992,0.4.6,0,4,6,54
49993,0.4.6,0,4,6,54
49994,0.4.6,0,4,6,54
49995,0.4.6,0,4,6,54
49996,0.4.6,0,4,6,54
49998,0.4.6,0,4,6,54
50000,0.13.4,0,13,4,160
50001,0.4.6,0,4,6,54
50002,0.4.6,0,4,6,54
50003,0.2.6,0,2,6,30
50004,0.4.6,0,4,6,54
50006,0.4.6,0,4,6,54
50007,0.4.6,0,4,6,54
50008,0.4.6,0,4,6,54
50009,0.13.4,0,13,4,160
50010,0.2.6,0,2,6,30
50011,0.4.6,0,4,6,54
50012,0.4.6,0,4,6,54
50013,0.2.6,0,2,6,30
50014,0.4.6,0,4,6,54
50015,0.2.6,0,2,6,30
50016,0.4.6,0,4,6,54
50017,0.9.0,0,9,0,108
50018,0.4.6,0,4,6,54
50019,0.4.6,0,4,6,54
50020,0.4.6,0,4,6,54
50021,0.4.6,0,4,6,54
50022,2.0.0,2,0,0,480
50024,0.4.6,0,4,6,54
50025,0.4.6,0,4,6,54
50026,0.4.6,0,4,6,54
50027,0.4.6,0,4,6,54
50028,0.10.8,0,10,8,128
50029,0.4.6,0,4,6,54
50030,0.4.6,0,4,6,54
50031,0.2.6,0,2,6,30
50032,0.4.6,0,4,6,54
50033,0.4.6,0,4,6,54
50034,0.4.6,0,4,6,54
50035,0.4.6,0,4,6,54
50036,0.4.6,0,4,6,54
50037,0.4.6,0,4,6,54
50038,0.4.6,0,4,6,54
50040,0.4.6,0,4,6,54
50041,0.4.6,0,4,6,54
50042,0.6.5,0,6,5,77
50043,0.4.6,0,4,6,54
50044,0.4.6,0,4,6,54
50045,0.4.6,0,4,6,54
50046,0.2.6,0,2,6,30
50047,0.4.6,0,4,6,54
50048,0.4.6,0,4,6,54
50049,0.4.6,0,4,6,54
50050,0.9.0,0,9,0,108
50051,8.0.0,8,0,0,1920
50052,0.4.6,0,4,6,54
50053,0.2.6,0,2,6,30
50054,0.4.6,0,4,6,54
50055,0.2.6,0,2,6,30
50056,0.9.0,0,9,0,108
50057,0.4.6,0,4,6,54
50058,0.4.6,0,4,6,54
50059,0.4.6,0,4,6,54
50060,0.2.6,0,2,6,30
50061,0.4.6,0,4,6,54
50062,0.4.6,0,4,6,54
50063,0.4.6,0,4,6,54
50064,0.4.6,0,4,6,54
50065,0.2.6,0,2,6,30
50066,0.4.6,0,4,6,54
50067,0.4.6,0,4,6,54
50068,0.4.6,0,4,6,54
50069,0.4.6,0,4,6,54
50070,0.2.6,0,2,6,30
50071,0.6.8,0,6,8,80
50072,0.9.0,0,9,0,108
50073,0.4.6,0,4,6,54
50074,0.4.6,0,4,6,54
50076,0.4.6,0,4,6,54
50077,0.4.6,0,4,6,54
50078,0.4.6,0,4,6,54
50079,0.4.6,0,4,6,54
50080,0.2.6,0,2,6,30
50081,0.4.6,0,4,6,54
50082,0.4.6,0,4,6,54
50083,0.4.6,0,4,6,54
50084,0.2.6,0,2,6,30
50085,0.4.6,0,4,6,54
50086,0.2.6,0,2,6,30
50087,0.4.6,0,4,6,54
50088,0.4.6,0,4,6,54
50089,0.4.6,0,4,6,54
50090,0.4.6,0,4,6,54
50091,0.4.6,0,4,6,54
50092,0.4.6,0,4,6,54
50093,0.4.6,0,4,6,54
50094,0.4.6,0,4,6,54
50095,0.4.6,0,4,6,54
50096,0.2.6,0,2,6,30
50097,0.4.6,0,4,6,54
50098,0.4.6,0,4,6,54
50099,0.2.6,0,2,6,30
50100,0.4.6,0,4,6,54
50101,0.9.0,0,9,0,108
50102,0.4.6,0,4,6,54
50103,0.2.6,0,2,6,30
50104,0.4.6,0,4,6,54
50105,0.4.6,0,4,6,54
50107,0.4.6,0,4,6,54
50108,0.4.6,0,4,6,54
50109,0.4.6,0,4,6,54
50110,0.4.6,0,4,6,54
50111,0.4.6,0,4,6,54
50112,0.4.6,0,4,6,54
50113,0.4.6,0,4,6,54
50115,0.9.0,0,9,0,108
50116,0.4.6,0,4,6,54
50117,0.4.6,0,4,6,54
50118,0.4.6,0,4,6,54
50120,0.4.6,0,4,6,54
50121,0.4.6,0,4,6,54
50122,0.4.6,0,4,6,54
50123,0.4.6,0,4,6,54
50124,0.4.6,0,4,6,54
50125,0.4.6,0,4,6,54
50126,0.4.6,0,4,6,54
50127,0.4.6,0,4,6,54
50128,0.2.6,0,2,6,30
50131,0.4.6,0,4,6,54
50132,0.4.6,0,4,6,54
50133,0.4.6,0,4,6,54
50134,0.2.6,0,2,6,30
50135,0.4.6,0,4,6,54
50136,0.4.6,0,4,6,54
50137,0.4.6,0,4,6,54
50138,0.4.6,0,4,6,54
50139,0.4.6,0,4,6,54
50140,0.9.0,0,9,0,108
50141,0.4.6,0,4,6,54
50142,0.9.0,0,9,0,108
50143,0.4.6,0,4,6,54
50144,0.4.6,0,4,6,54
50145,0.4.6,0,4,6,54
50146,0.4.6,0,4,6,54
50147,0.4.6,0,4,6,54
50148,0.4.6,0,4,6,54
50150,0.4.6,0,4,6,54
50152,0.2.6,0,2,6,30
50153,0.4.6,0,4,6,54
50154,0.4.6,0,4,6,54
50155,0.4.6,0,4,6,54
50156,0.4.6,0,4,6,54
50157,0.4.6,0,4,6,54
50159,0.4.6,0,4,6,54
50160,0.2.6,0,2,6,30
50161,0.4.6,0,4,6,54
50162,0.9.0,0,9,0,108
50163,0.4.6,0,4,6,54
50164,0.4.6,0,4,6,54
50165,0.2.6,0,2,6,30
50166,0.4.6,0,4,6,54
50167,0.2.6,0,2,6,30
50168,0.4.6,0,4,6,54
50169,0.2.6,0,2,6,30
50170,0.4.6,0,4,6,54
50171,0.4.6,0,4,6,54
50172,0.4.6,0,4,6,54
50173,0.4.6,0,4,6,54
50174,0.4.6,0,4,6,54
50175,0.4.6,0,4,6,54
50176,0.4.6,0,4,6,54
50177,0.2.6,0,2,6,30
50178,0.2.6,0,2,6,30
50179,0.4.6,0,4,6,54
50180,0.4.6,0,4,6,54
50181,0.4.6,0,4,6,54
50182,0.4.6,0,4,6,54
50183,0.4.6,0,4,6,54
50184,0.4.6,0,4,6,54
50185,0.4.6,0,4,6,54
50186,0.2.6,0,2,6,30
50187,0.9.0,0,9,0,108
50188,0.4.6,0,4,6,54
50189,0.4.6,0,4,6,54
50190,0.4.6,0,4,6,54
50191,0.4.6,0,4,6,54
50192,0.4.6,0,4,6,54
50193,0.4.6,0,4,6,54
50194,0.4.6,0,4,6,54
50195,0.4.6,0,4,6,54
50196,0.4.6,0,4,6,54
50197,0.2.6,0,2,6,30
50198,0.10.8,0,10,8,128
50199,0.4.6,0,4,6,54
50200,0.4.6,0,4,6,54
50201,0.9.0,0,9,0,108
50202,0.4.6,0,4,6,54
50203,0.9.0,0,9,0,108
50204,0.4.6,0,4,6,54
50205,0.4.6,0,4,6,54
50206,0.4.6,0,4,6,54
50208,0.4.6,0,4,6,54
50209,0.2.6,0,2,6,30
50210,0.4.6,0,4,6,54
50211,0.4.6,0,4,6,54
50212,0.4.6,0,4,6,54
50213,0.4.6,0,4,6,54
50214,0.2.6,0,2,6,30
50215,0.9.0,0,9,0,108
50216,0.2.6,0,2,6,30
50217,0.2.6,0,2,6,30
50219,0.4.6,0,4,6,54
50220,0.4.6,0,4,6,54
50221,0.4.6,0,4,6,54
50223,0.4.6,0,4,6,54
50224,0.9.0,0,9,0,108
50225,0.2.6,0,2,6,30
50226,0.10.8,0,10,8,128
50227,0.2.6,0,2,6,30
50228,0.4.6,0,4,6,54
50229,0.2.6,0,2,6,30
50230,0.2.6,0,2,6,30
50231,0.2.6,0,2,6,30
50232,0.4.6,0,4,6,54
50233,0.4.6,0,4,6,54
50234,0.4.6,0,4,6,54
50235,0.4.6,0,4,6,54
50236,0.4.6,0,4,6,54
50237,0.9.0,0,9,0,108
50238,0.2.6,0,2,6,30
50239,0.4.6,0,4,6,54
50240,0.4.6,0,4,6,54
50241,0.4.6,0,4,6,54
50242,0.4.6,0,4,6,54
50243,0.4.6,0,4,6,54
50244,0.4.6,0,4,6,54
50245,0.9.0,0,9,0,108
50246,0.4.6,0,4,6,54
50247,0.13.8,0,13,8,164
50248,0.4.6,0,4,6,54
50249,0.4.6,0,4,6,54
50250,0.4.6,0,4,6,54
50251,0.9.0,0,9,0,108
50252,0.2.6,0,2,6,30
50253,0.2.6,0,2,6,30
50254,0.4.6,0,4,6,54
50255,0.4.6,0,4,6,54
50256,0.4.6,0,4,6,54
50257,0.4.6,0,4,6,54
50258,0.4.6,0,4,6,54
50259,0.4.6,0,4,6,54
50260,0.4.6,0,4,6,54
50261,0.4.6,0,4,6,54
50262,0.2.6,0,2,6,30
50263,0.4.6,0,4,6,54
50264,0.4.6,0,4,6,54
50265,0.4.6,0,4,6,54
50266,0.4.6,0,4,6,54
50267,0.4.6,0,4,6,54
50268,0.4.6,0,4,6,54
50269,0.4.6,0,4,6,54
50270,0.2.6,0,2,6,30
50271,0.4.6,0,4,6,54
50272,0.4.6,0,4,6,54
50273,0.2.6,0,2,6,30
50275,0.4.6,0,4,6,54
50276,0.2.6,0,2,6,30
50277,0.4.6,0,4,6,54
50278,0.4.6,0,4,6,54
50279,0.2.6,0,2,6,30
50280,0.4.6,0,4,6,54
50281,0.4.6,0,4,6,54
50282,0.4.6,0,4,6,54
50283,0.4.6,0,4,6,54
50284,0.4.6,0,4,6,54
50285,0.4.6,0,4,6,54
50286,0.4.6,0,4,6,54
50288,0.4.6,0,4,6,54
50289,0.4.6,0,4,6,54
50290,0.4.6,0,4,6,54
50291,0.2.6,0,2,6,30
50292,0.4.6,0,4,6,54
50293,0.4.6,0,4,6,54
50294,0.2.6,0,2,6,30
50295,0.4.6,0,4,6,54
50296,0.4.6,0,4,6,54
50297,0.9.0,0,9,0,108
50298,0.4.6,0,4,6,54
50299,0.4.6,0,4,6,54
50300,0.4.6,0,4,6,54
50301,0.4.6,0,4,6,54
50302,0.2.6,0,2,6,30
50303,0.2.6,0,2,6,30
50304,0.4.6,0,4,6,54
50305,0.2.6,0,2,6,30
50306,0.4.6,0,4,6,54
50307,0.4.6,0,4,6,54
50308,0.4.6,0,4,6,54
50309,0.2.6,0,2,6,30
50310,0.4.6,0,4,6,54
50311,0.4.6,0,4,6,54
50312,0.4.6,0,4,6,54
50313,0.9.0,0,9,0,108
50314,0.4.6,0,4,6,54
50315,0.4.6,0,4,6,54
50317,0.4.6,0,4,6,54
50318,0.4.6,0,4,6,54
50319,0.4.6,0,4,6,54
50320,0.4.6,0,4,6,54
50321,0.2.6,0,2,6,30
50322,0.4.6,0,4,6,54
50323,0.4.6,0,4,6,54
50324,0.6.8,0,6,8,80
50325,0.4.6,0,4,6,54
50326,0.9.0,0,9,0,108
50327,0.4.6,0,4,6,54
50328,0.4.6,0,4,6,54
50329,0.4.6,0,4,6,54
50331,0.2.6,0,2,6,30
50332,0.4.6,0,4,6,54
50333,0.4.6,0,4,6,54
50334,0.9.0,0,9,0,108
50336,0.4.6,0,4,6,54
50337,0.4.6,0,4,6,54
50338,0.4.6,0,4,6,54
50339,0.4.6,0,4,6,54
50340,0.4.6,0,4,6,54
50341,0.4.6,0,4,6,54
50342,0.4.6,0,4,6,54
50343,0.4.6,0,4,6,54
50344,0.4.6,0,4,6,54
50345,0.4.6,0,4,6,54
50346,0.4.6,0,4,6,54
50347,0.2.6,0,2,6,30
50348,0.2.6,0,2,6,30
50349,0.4.6,0,4,6,54
50350,0.4.6,0,4,6,54
50351,0.4.6,0,4,6,54
50353,0.4.6,0,4,6,54
50355,0.2.6,0,2,6,30
50356,0.4.6,0,4,6,54
50359,0.4.6,0,4,6,54
50360,0.4.6,0,4,6,54
50361,0.2.6,0,2,6,30
50362,0.13.4,0,13,4,160
50363,0.10.8,0,10,8,128
50364,0.2.6,0,2,6,30
50365,0.4.6,0,4,6,54
50366,0.4.6,0,4,6,54
50420,0.4.6,0,4,6,54
50421,0.4.6,0,4,6,54
50422,0.4.6,0,4,6,54
50424,0.4.6,0,4,6,54
50426,0.4.6,0,4,6,54
50427,0.4.6,0,4,6,54
50428,0.4.6,0,4,6,54
50429,0.4.6,0,4,6,54
50430,0.4.6,0,4,6,54
50431,0.4.6,0,4,6,54
50432,0.4.6,0,4,6,54
50433,0.4.6,0,4,6,54
50434,0.4.6,0,4,6,54
50435,0.4.6,0,4,6,54
50436,0.4.6,0,4,6,54
50437,0.4.6,0,4,6,54
50438,0.13.4,0,13,4,160
50439,0.4.6,0,4,6,54
50440,0.4.6,0,4,6,54
50443,0.4.6,0,4,6,54
50444,0.4.6,0,4,6,54
50445,0.4.6,0,4,6,54
50446,0.2.6,0,2,6,30
50447,0.4.6,0,4,6,54
50448,0.4.6,0,4,6,54
50449,0.4.6,0,4,6,54
50450,0.4.6,0,4,6,54
50451,0.4.6,0,4,6,54
50452,0.2.6,0,2,6,30
50453,0.4.6,0,4,6,54
50454,0.4.6,0,4,6,54
50455,0.2.6,0,2,6,30
50456,0.4.6,0,4,6,54
50457,0.4.6,0,4,6,54
50458,0.4.6,0,4,6,54
50459,0.2.6,0,2,6,30
50460,0.4.6,0,4,6,54
50461,0.4.6,0,4,6,54
50462,0.4.6,0,4,6,54
50463,0.4.6,0,4,6,54
50466,0.4.6,0,4,6,54
50467,0.4.6,0,4,6,54
50469,0.2.6,0,2,6,30
50470,0.2.6,0,2,6,30
50471,0.4.6,0,4,6,54
50472,0.4.6,0,4,6,54
50473,0.4.6,0,4,6,54
50474,0.9.0,0,9,0,108
50475,0.4.6,0,4,6,54
50476,0.4.6,0,4,6,54
50477,0.4.6,0,4,6,54
50478,0.4.6,0,4,6,54
50479,0.4.6,0,4,6,54
50480,0.4.6,0,4,6,54
50481,0.4.6,0,4,6,54
50482,0.4.6,0,4,6,54
50483,0.4.6,0,4,6,54
50484,0.4.6,0,4,6,54
50485,0.4.6,0,4,6,54
50486,0.4.6,0,4,6,54
50487,0.4.6,0,4,6,54
50488,0.4.6,0,4,6,54
50489,0.2.6,0,2,6,30
50490,0.4.6,0,4,6,54
50492,0.4.6,0,4,6,54
50493,0.2.6,0,2,6,30
50494,0.4.6,0,4,6,54
50496,0.4.6,0,4,6,54
50497,0.4.6,0,4,6,54
50499,0.2.6,0,2,6,30
50500,0.2.6,0,2,6,30
50501,0.2.6,0,2,6,30
50502,0.4.6,0,4,6,54
50503,0.4.6,0,4,6,54
50504,0.9.0,0,9,0,108
50505,0.2.6,0,2,6,30
50506,0.9.0,0,9,0,108
50508,0.4.6,0,4,6,54
50509,0.4.6,0,4,6,54
50510,0.2.6,0,2,6,30
50511,0.2.6,0,2,6,30
50512,0.4.6,0,4,6,54
50513,0.2.6,0,2,6,30
50514,0.4.6,0,4,6,54
50515,0.4.6,0,4,6,54
50516,0.4.6,0,4,6,54
50517,0.2.6,0,2,6,30
50518,0.2.6,0,2,6,30
50519,0.2.6,0,2,6,30
50521,0.2.6,0,2,6,30
50522,0.4.6,0,4,6,54
50523,0.4.6,0,4,6,54
50524,0.2.6,0,2,6,30
50525,0.4.6,0,4,6,54
50526,0.4.6,0,4,6,54
50527,0.4.6,0,4,6,54
50528,0.2.6,0,2,6,30
50529,0.4.6,0,4,6,54
50530,0.4.6,0,4,6,54
50531,0.13.4,0,13,4,160
50532,0.2.6,0,2,6,30
50533,0.4.6,0,4,6,54
50535,0.4.6,0,4,6,54
50536,0.2.6,0,2,6,30
50537,0.4.6,0,4,6,54
50538,0.2.6,0,2,6,30
50539,0.4.6,0,4,6,54
50540,0.9.0,0,9,0,108
50541,0.4.6,0,4,6,54
50543,0.4.6,0,4,6,54
50544,0.4.6,0,4,6,54
50545,0.2.6,0,2,6,30
50546,0.4.6,0,4,6,54
50547,0.4.6,0,4,6,54
50548,0.2.6,0,2,6,30
50550,0.4.6,0,4,6,54
50551,0.4.6,0,4,6,54
50552,0.4.6,0,4,6,54
50553,0.4.6,0,4,6,54
50555,0.2.6,0,2,6,30
50556,0.4.6,0,4,6,54
50557,0.4.6,0,4,6,54
50558,0.4.6,0,4,6,54
50559,0.4.6,0,4,6,54
50560,0.4.6,0,4,6,54
50561,0.2.6,0,2,6,30
50562,0.4.6,0,4,6,54
50563,0.4.6,0,4,6,54
50564,0.4.6,0,4,6,54
50565,0.4.6,0,4,6,54
50566,0.4.6,0,4,6,54
50567,0.4.6,0,4,6,54
50568,0.9.0,0,9,0,108
50569,0.4.6,0,4,6,54
50570,0.4.6,0,4,6,54
50571,0.2.6,0,2,6,30
50572,0.4.6,0,4,6,54
50573,0.9.0,0,9,0,108
50574,0.4.6,0,4,6,54
50575,2.10.0,2,10,0,600
50576,0.4.6,0,4,6,54
50577,0.4.6,0,4,6,54
50578,0.4.6,0,4,6,54
50579,0.4.6,0,4,6,54
50580,0.4.6,0,4,6,54
50581,0.4.6,0,4,6,54
50582,0.2.6,0,2,6,30
50583,0.4.6,0,4,6,54
50584,0.4.6,0,4,6,54
50585,0.4.6,0,4,6,54
50586,0.4.6,0,4,6,54
50587,0.4.6,0,4,6,54
50588,0.4.6,0,4,6,54
50589,0.4.6,0,4,6,54
50590,0.4.6,0,4,6,54
50591,0.4.6,0,4,6,54
50592,0.2.6,0,2,6,30
50593,0.4.6,0,4,6,54
50594,0.4.6,0,4,6,54
50595,0.4.6,0,4,6,54
50596,0.4.6,0,4,6,54
50597,0.4.6,0,4,6,54
50598,0.4.6,0,4,6,54
50599,0.4.6,0,4,6,54
50600,0.4.6,0,4,6,54
50601,0.4.6,0,4,6,54
50602,0.4.6,0,4,6,54
50603,0.4.6,0,4,6,54
50604,0.4.6,0,4,6,54
50605,0.4.6,0,4,6,54
50606,0.4.6,0,4,6,54
50607,0.2.6,0,2,6,30
50608,0.4.6,0,4,6,54
50609,0.2.6,0,2,6,30
50610,0.4.6,0,4,6,54
50611,0.4.6,0,4,6,54
50612,0.4.6,0,4,6,54
50614,0.4.6,0,4,6,54
50615,0.2.6,0,2,6,30
50616,0.4.6,0,4,6,54
50617,0.4.6,0,4,6,54
50618,0.4.6,0,4,6,54
50620,0.4.6,0,4,6,54
50621,0.9.0,0,9,0,108
50623,0.4.6,0,4,6,54
50624,0.4.6,0,4,6,54
50625,0.4.6,0,4,6,54
50626,0.4.6,0,4,6,54
50627,0.4.6,0,4,6,54
50628,0.4.6,0,4,6,54
50629,0.4.6,0,4,6,54
50630,0.9.0,0,9,0,108
50631,0.4.6,0,4,6,54
50632,0.4.6,0,4,6,54
50633,0.9.0,0,9,0,108
50634,0.2.6,0,2,6,30
50635,0.4.6,0,4,6,54
50636,0.4.6,0,4,6,54
50637,0.4.6,0,4,6,54
50638,0.4.6,0,4,6,54
50639,0.4.6,0,4,6,54
50640,0.2.6,0,2,6,30
50642,0.2.6,0,2,6,30
50643,0.4.6,0,4,6,54
50645,0.4.6,0,4,6,54
50646,0.4.6,0,4,6,54
50647,0.4.6,0,4,6,54
50648,0.4.6,0,4,6,54
50649,0.4.6,0,4,6,54
50650,0.4.6,0,4,6,54
50651,0.4.6,0,4,6,54
50653,0.4.6,0,4,6,54
50654,0.4.6,0,4,6,54
50655,0.10.8,0,10,8,128
50656,0.2.6,0,2,6,30
50657,0.10.8,0,10,8,128
50658,0.2.6,0,2,6,30
50659,0.4.6,0,4,6,54
50661,0.4.6,0,4,6,54
50662,0.4.6,0,4,6,54
50663,0.4.6,0,4,6,54
50664,0.4.6,0,4,6,54
50665,0.4.6,0,4,6,54
50666,0.4.6,0,4,6,54
50667,0.4.6,0,4,6,54
50668,0.4.6,0,4,6,54
50669,0.4.6,0,4,6,54
50670,0.4.6,0,4,6,54
50671,0.4.6,0,4,6,54
50672,0.4.6,0,4,6,54
50673,0.4.6,0,4,6,54
50674,0.4.6,0,4,6,54
50676,0.4.6,0,4,6,54
50677,0.4.6,0,4,6,54
50678,0.4.6,0,4,6,54
50679,0.4.6,0,4,6,54
50680,0.9.0,0,9,0,108
50681,0.4.6,0,4,6,54
50682,0.4.6,0,4,6,54
50683,0.2.6,0,2,6,30
50684,0.4.6,0,4,6,54
50685,0.4.6,0,4,6,54
50686,0.4.6,0,4,6,54
50687,0.4.6,0,4,6,54
50688,0.4.6,0,4,6,54
50689,0.4.6,0,4,6,54
50690,0.4.6,0,4,6,54
50691,0.4.6,0,4,6,54
50692,0.4.6,0,4,6,54
50693,0.4.6,0,4,6,54
50694,0.4.6,0,4,6,54
50695,0.4.6,0,4,6,54
50696,0.4.6,0,4,6,54
50697,0.2.6,0,2,6,30
50698,0.4.6,0,4,6,54
50699,0.4.6,0,4,6,54
50700,0.4.6,0,4,6,54
50701,0.4.6,0,4,6,54
50702,0.4.6,0,4,6,54
50703,0.4.6,0,4,6,54
50704,0.4.6,0,4,6,54
50705,0.4.6,0,4,6,54
50706,0.4.6,0,4,6,54
50707,0.4.6,0,4,6,54
50708,0.4.6,0,4,6,54
50709,0.4.6,0,4,6,54
50710,0.4.6,0,4,6,54
50711,0.4.6,0,4,6,54
50712,0.4.6,0,4,6,54
50713,0.4.6,0,4,6,54
50714,0.4.6,0,4,6,54
50715,0.4.6,0,4,6,54
50716,0.4.6,0,4,6,54
50717,0.4.6,0,4,6,54
50718,0.2.6,0,2,6,30
50719,0.4.6,0,4,6,54
50720,0.4.6,0,4,6,54
50721,0.4.6,0,4,6,54
50722,0.4.6,0,4,6,54
50723,0.4.6,0,4,6,54
50724,0.4.6,0,4,6,54
50726,0.4.6,0,4,6,54
50727,0.4.6,0,4,6,54
50728,0.4.6,0,4,6,54
50729,0.4.6,0,4,6,54
50730,0.4.6,0,4,6,54
50731,0.4.6,0,4,6,54
50732,0.4.6,0,4,6,54
50733,0.4.6,0,4,6,54
50734,0.4.6,0,4,6,54
50735,0.2.6,0,2,6,30
50737,0.2.6,0,2,6,30
50738,0.4.6,0,4,6,54
50739,0.4.6,0,4,6,54
50740,0.4.6,0,4,6,54
50741,0.4.6,0,4,6,54
50742,0.4.6,0,4,6,54
50743,0.4.6,0,4,6,54
50744,0.4.6,0,4,6,54
50745,0.4.6,0,4,6,54
50746,0.4.6,0,4,6,54
50747,0.4.6,0,4,6,54
50749,0.4.6,0,4,6,54
50750,0.4.6,0,4,6,54
50751,0.4.6,0,4,6,54
50752,0.4.6,0,4,6,54
50753,0.4.6,0,4,6,54
50754,0.2.6,0,2,6,30
50755,0.4.6,0,4,6,54
50757,0.10.8,0,10,8,128
50758,0.4.6,0,4,6,54
50759,0.4.6,0,4,6,54
50760,0.4.6,0,4,6,54
50761,0.4.6,0,4,6,54
50762,0.4.6,0,4,6,54
50763,0.10.8,0,10,8,128
50764,0.4.6,0,4,6,54
50766,0.4.6,0,4,6,54
50767,0.9.0,0,9,0,108
50768,0.13.4,0,13,4,160
50769,0.4.6,0,4,6,54
50770,0.4.6,0,4,6,54
50771,0.4.6,0,4,6,54
50772,0.4.6,0,4,6,54
50773,0.4.6,0,4,6,54
50775,0.4.6,0,4,6,54
50776,0.4.6,0,4,6,54
50777,0.2.6,0,2,6,30
50778,0.4.6,0,4,6,54
50779,0.2.6,0,2,6,30
50781,0.2.6,0,2,6,30
50782,0.2.6,0,2,6,30
50784,0.4.6,0,4,6,54
50786,0.4.6,0,4,6,54
50787,0.4.6,0,4,6,54
50788,0.4.6,0,4,6,54
50789,0.6.8,0,6,8,80
50790,0.2.6,0,2,6,30
50791,0.2.6,0,2,6,30
50792,0.2.6,0,2,6,30
50793,0.4.6,0,4,6,54
50794,2.0.0,2,0,0,480
50796,0.4.6,0,4,6,54
50797,0.2.6,0,2,6,30
50798,0.2.6,0,2,6,30
50799,0.4.6,0,4,6,54
50801,0.2.6,0,2,6,30
50802,0.4.6,0,4,6,54
50803,0.4.6,0,4,6,54
50804,0.4.6,0,4,6,54
50805,0.4.6,0,4,6,54
50807,0.4.6,0,4,6,54
50808,0.4.6,0,4,6,54
50809,0.2.6,0,2,6,30
50810,0.4.6,0,4,6,54
50811,0.2.6,0,2,6,30
50813,0.4.6,0,4,6,54
50814,0.4.6,0,4,6,54
50815,0.2.6,0,2,6,30
50816,0.2.6,0,2,6,30
50817,0.4.6,0,4,6,54
50818,0.4.6,0,4,6,54
50819,0.4.6,0,4,6,54
50820,0.2.6,0,2,6,30
50821,0.4.6,0,4,6,54
50822,0.4.6,0,4,6,54
50823,0.4.6,0,4,6,54
50824,0.4.6,0,4,6,54
50825,0.9.0,0,9,0,108
50826,0.9.0,0,9,0,108
50827,0.4.6,0,4,6,54
50828,0.4.6,0,4,6,54
50829,0.13.4,0,13,4,160
50830,0.4.6,0,4,6,54
50831,0.4.6,0,4,6,54
50832,0.4.6,0,4,6,54
50833,0.4.6,0,4,6,54
50834,0.4.6,0,4,6,54
50835,0.4.6,0,4,6,54
50836,0.4.6,0,4,6,54
50837,0.4.6,0,4,6,54
50839,0.4.6,0,4,6,54
50840,0.4.6,0,4,6,54
50841,0.4.6,0,4,6,54
50842,0.4.6,0,4,6,54
50844,0.4.6,0,4,6,54
50845,0.4.6,0,4,6,54
50846,0.4.6,0,4,6,54
50847,0.4.6,0,4,6,54
50848,0.4.6,0,4,6,54
50850,0.9.0,0,9,0,108
50852,0.4.6,0,4,6,54
50853,0.4.6,0,4,6,54
50854,0.4.6,0,4,6,54
50856,0.4.6,0,4,6,54
50857,0.4.6,0,4,6,54
50858,0.4.6,0,4,6,54
50859,0.4.6,0,4,6,54
50860,0.4.6,0,4,6,54
50861,0.4.6,0,4,6,54
50862,0.4.6,0,4,6,54
50863,0.2.6,0,2,6,30
50864,0.2.6,0,2,6,30
50865,0.4.6,0,4,6,54
50866,0.4.6,0,4,6,54
50867,0.4.6,0,4,6,54
50868,0.2.6,0,2,6,30
50869,0.2.6,0,2,6,30
50870,0.4.6,0,4,6,54
50871,0.4.6,0,4,6,54
50872,0.4.6,0,4,6,54
50873,0.4.6,0,4,6,54
50874,0.4.6,0,4,6,54
50875,0.9.0,0,9,0,108
50876,0.4.6,0,4,6,54
50877,0.4.6,0,4,6,54
50878,0.4.6,0,4,6,54
50879,0.4.6,0,4,6,54
50880,0.4.6,0,4,6,54
50881,0.9.0,0,9,0,108
50882,0.4.6,0,4,6,54
50883,0.9.0,0,9,0,108
50884,0.4.6,0,4,6,54
50885,0.4.6,0,4,6,54
50886,0.4.6,0,4,6,54
50887,0.4.6,0,4,6,54
50888,0.4.6,0,4,6,54
50889,0.4.6,0,4,6,54
50890,0.4.6,0,4,6,54
50891,0.4.6,0,4,6,54
50892,0.4.6,0,4,6,54
50893,0.2.6,0,2,6,30
50895,0.4.6,0,4,6,54
50896,0.4.6,0,4,6,54
50897,0.4.6,0,4,6,54
50898,0.4.6,0,4,6,54
50899,0.4.6,0,4,6,54
50900,0.4.6,0,4,6,54
50901,0.4.6,0,4,6,54
50902,0.6.8,0,6,8,80
50903,0.4.6,0,4,6,54
50904,0.2.6,0,2,6,30
50905,0.4.6,0,4,6,54
50907,0.4.6,0,4,6,54
50908,0.4.6,0,4,6,54
50909,0.4.6,0,4,6,54
50910,0.4.6,0,4,6,54
50911,0.4.6,0,4,6,54
50912,0.4.6,0,4,6,54
50913,0.4.6,0,4,6,54
50914,0.4.6,0,4,6,54
50915,0.4.6,0,4,6,54
50916,0.4.6,0,4,6,54
50917,0.4.6,0,4,6,54
50918,0.4.6,0,4,6,54
50919,0.4.6,0,4,6,54
50920,0.2.6,0,2,6,30
50921,0.4.6,0,4,6,54
50922,0.4.6,0,4,6,54
50923,0.9.0,0,9,0,108
50924,0.4.6,0,4,6,54
50926,0.4.6,0,4,6,54
50928,0.4.6,0,4,6,54
50929,0.4.6,0,4,6,54
50930,0.4.6,0,4,6,54
50931,0.4.6,0,4,6,54
50932,0.4.6,0,4,6,54
50933,0.4.6,0,4,6,54
50934,0.2.6,0,2,6,30
50935,0.4.6,0,4,6,54
50936,0.4.6,0,4,6,54
50937,0.4.6,0,4,6,54
50939,0.4.6,0,4,6,54
50940,0.4.6,0,4,6,54
50941,0.4.6,0,4,6,54
50942,0.4.6,0,4,6,54
50943,0.4.6,0,4,6,54
50944,0.4.6,0,4,6,54
50945,0.4.6,0,4,6,54
50947,0.4.6,0,4,6,54
50948,0.4.6,0,4,6,54
50949,0.4.6,0,4,6,54
50950,0.2.6,0,2,6,30
50952,0.4.6,0,4,6,54
50953,0.4.6,0,4,6,54
50954,0.4.6,0,4,6,54
50955,0.4.6,0,4,6,54
50956,0.4.6,0,4,6,54
50957,0.4.6,0,4,6,54
50958,0.2.6,0,2,6,30
50959,0.9.0,0,9,0,108
50960,0.4.6,0,4,6,54
50961,0.4.6,0,4,6,54
50962,0.4.6,0,4,6,54
50963,0.4.6,0,4,6,54
50964,0.4.6,0,4,6,54
50965,0.2.6,0,2,6,30
50966,0.4.6,0,4,6,54
50967,0.2.6,0,2,6,30
50968,0.10.8,0,10,8,128
50969,0.2.6,0,2,6,30
50970,0.4.6,0,4,6,54
50971,0.4.6,0,4,6,54
50972,0.4.6,0,4,6,54
50973,0.2.6,0,2,6,30
50974,0.4.6,0,4,6,54
50975,0.4.6,0,4,6,54
50976,0.4.6,0,4,6,54
50977,0.4.6,0,4,6,54
50978,0.4.6,0,4,6,54
50979,0.2.6,0,2,6,30
50980,0.2.6,0,2,6,30
50982,0.9.0,0,9,0,108
50983,0.2.6,0,2,6,30
50984,0.4.6,0,4,6,54
50985,0.4.6,0,4,6,54
50986,0.4.6,0,4,6,54
50987,0.4.6,0,4,6,54
50988,0.2.6,0,2,6,30
50989,0.4.6,0,4,6,54
50990,0.4.6,0,4,6,54
50991,0.4.6,0,4,6,54
50992,0.4.6,0,4,6,54
50993,0.4.6,0,4,6,54
50994,0.4.6,0,4,6,54
50995,0.4.6,0,4,6,54
50996,0.4.6,0,4,6,54
50997,0.2.6,0,2,6,30
50998,0.4.6,0,4,6,54
50999,0.4.6,0,4,6,54
51000,0.4.6,0,4,6,54
51001,0.4.6,0,4,6,54
51002,0.4.6,0,4,6,54
51003,0.2.6,0,2,6,30
51004,0.4.6,0,4,6,54
51005,0.4.6,0,4,6,54
51006,0.4.6,0,4,6,54
51007,0.4.6,0,4,6,54
51008,0.2.6,0,2,6,30
51009,0.4.6,0,4,6,54
51010,0.4.6,0,4,6,54
51011,0.4.6,0,4,6,54
51012,0.2.6,0,2,6,30
51013,0.4.6,0,4,6,54
51014,1.4.4,1,4,4,292
51015,1.4.4,1,4,4,292
51016,0.4.6,0,4,6,54
51017,0.4.6,0,4,6,54
51018,0.4.6,0,4,6,54
51019,0.4.6,0,4,6,54
51020,0.2.6,0,2,6,30
51022,0.4.6,0,4,6,54
51023,0.4.6,0,4,6,54
51025,0.4.6,0,4,6,54
51026,0.9.0,0,9,0,108
51028,0.4.6,0,4,6,54
51029,0.4.6,0,4,6,54
51030,0.4.6,0,4,6,54
51032,0.2.6,0,2,6,30
51033,0.4.6,0,4,6,54
51034,0.2.6,0,2,6,30
51035,0.4.6,0,4,6,54
51036,0.4.6,0,4,6,54
51037,0.4.6,0,4,6,54
51038,0.4.6,0,4,6,54
51039,0.4.6,0,4,6,54
51041,0.4.6,0,4,6,54
51042,0.4.6,0,4,6,54
51043,0.9.0,0,9,0,108
51044,0.4.6,0,4,6,54
51045,0.4.6,0,4,6,54
51046,0.4.6,0,4,6,54
51047,0.4.6,0,4,6,54
51049,0.4.6,0,4,6,54
51050,0.4.6,0,4,6,54
51051,0.4.6,0,4,6,54
51052,0.4.6,0,4,6,54
51053,0.4.6,0,4,6,54
51054,0.4.6,0,4,6,54
51055,0.2.6,0,2,6,30
51056,0.4.6,0,4,6,54
51059,0.4.6,0,4,6,54
51060,0.4.6,0,4,6,54
51061,0.4.6,0,4,6,54
51062,0.4.6,0,4,6,54
51063,0.4.6,0,4,6,54
51064,0.4.6,0,4,6,54
51065,0.4.6,0,4,6,54
51066,0.4.6,0,4,6,54
51067,0.4.6,0,4,6,54
51068,0.4.6,0,4,6,54
51069,0.10.8,0,10,8,128
51070,0.4.6,0,4,6,54
51071,0.4.6,0,4,6,54
51072,0.4.6,0,4,6,54
51073,0.4.6,0,4,6,54
51074,0.4.6,0,4,6,54
51075,0.4.6,0,4,6,54
51076,0.4.6,0,4,6,54
51077,0.13.4,0,13,4,160
51078,0.4.6,0,4,6,54
51079,0.4.6,0,4,6,54
51080,0.4.6,0,4,6,54
51081,0.4.6,0,4,6,54
51082,0.4.6,0,4,6,54
51083,0.4.6,0,4,6,54
51084,0.2.6,0,2,6,30
51085,0.4.6,0,4,6,54
51086,0.4.6,0,4,6,54
51087,0.4.6,0,4,6,54
51088,0.4.6,0,4,6,54
51089,0.1.1,0,1,1,13
51090,0.4.6,0,4,6,54
51091,0.10.8,0,10,8,128
51092,0.10.8,0,10,8,128
51093,0.4.6,0,4,6,54
51094,0.2.6,0,2,6,30
51095,0.4.6,0,4,6,54
51096,0.4.6,0,4,6,54
51097,0.4.6,0,4,6,54
51098,0.4.6,0,4,6,54
51099,0.1.1,0,1,1,13
51100,0.4.6,0,4,6,54
51101,0.4.6,0,4,6,54
51102,0.4.6,0,4,6,54
51103,0.4.6,0,4,6,54
51104,0.4.6,0,4,6,54
51105,0.4.6,0,4,6,54
51106,0.4.6,0,4,6,54
51107,0.4.6,0,4,6,54
51109,0.4.6,0,4,6,54
51110,0.4.6,0,4,6,54
51111,0.4.6,0,4,6,54
51112,0.4.6,0,4,6,54
51113,0.4.6,0,4,6,54
51114,0.4.6,0,4,6,54
51115,0.4.6,0,4,6,54
51116,0.4.6,0,4,6,54
51119,0.4.6,0,4,6,54
51120,0.4.6,0,4,6,54
51122,0.4.6,0,4,6,54
51123,0.4.6,0,4,6,54
51124,0.4.6,0,4,6,54
51125,0.2.6,0,2,6,30
51127,0.4.6,0,4,6,54
51128,0.2.6,0,2,6,30
51129,0.4.6,0,4,6,54
51130,0.4.6,0,4,6,54
51131,0.4.6,0,4,6,54
51132,0.4.6,0,4,6,54
51133,0.4.6,0,4,6,54
51134,2.0.0,2,0,0,480
51135,0.2.6,0,2,6,30
51136,0.4.6,0,4,6,54
51137,0.4.6,0,4,6,54
51138,0.4.6,0,4,6,54
51139,0.4.6,0,4,6,54
51140,0.4.6,0,4,6,54
51142,0.4.6,0,4,6,54
51143,0.4.6,0,4,6,54
51144,0.4.6,0,4,6,54
51145,0.4.6,0,4,6,54
51146,0.4.6,0,4,6,54
51147,0.4.6,0,4,6,54
51148,0.4.6,0,4,6,54
51149,0.4.6,0,4,6,54
51150,0.4.6,0,4,6,54
51152,0.4.6,0,4,6,54
51153,0.4.6,0,4,6,54
51154,0.4.6,0,4,6,54
51155,0.4.6,0,4,6,54
51156,0.4.6,0,4,6,54
51157,0.4.6,0,4,6,54
51158,0.9.0,0,9,0,108
51160,0.4.6,0,4,6,54
51161,0.4.6,0,4,6,54
51163,0.4.6,0,4,6,54
51164,0.4.6,0,4,6,54
51165,0.4.6,0,4,6,54
51166,0.9.0,0,9,0,108
51167,0.13.4,0,13,4,160
51168,0.4.6,0,4,6,54
51169,0.4.6,0,4,6,54
51170,0.4.6,0,4,6,54
51171,0.4.6,0,4,6,54
51172,0.4.6,0,4,6,54
51173,0.4.6,0,4,6,54
51174,0.2.6,0,2,6,30
51175,0.4.6,0,4,6,54
51176,2.0.0,2,0,0,480
51177,0.4.6,0,4,6,54
51178,0.4.6,0,4,6,54
51179,0.4.6,0,4,6,54
51181,0.4.6,0,4,6,54
51182,0.4.6,0,4,6,54
51183,0.4.6,0,4,6,54
51185,0.4.6,0,4,6,54
51186,0.4.6,0,4,6,54
51187,0.4.6,0,4,6,54
51188,0.9.0,0,9,0,108
51189,0.4.6,0,4,6,54
51190,0.4.6,0,4,6,54
51191,0.4.6,0,4,6,54
51192,0.2.6,0,2,6,30
51193,0.2.6,0,2,6,30
51194,0.2.6,0,2,6,30
51195,0.2.6,0,2,6,30
51196,0.2.6,0,2,6,30
51197,0.4.6,0,4,6,54
51198,0.4.6,0,4,6,54
51199,0.4.6,0,4,6,54
51200,0.4.6,0,4,6,54
51201,0.4.6,0,4,6,54
51202,0.4.6,0,4,6,54
51203,0.4.6,0,4,6,54
51204,0.4.6,0,4,6,54
51205,0.4.6,0,4,6,54
51206,0.4.6,0,4,6,54
51207,0.4.6,0,4,6,54
51208,0.4.6,0,4,6,54
51209,0.4.6,0,4,6,54
51210,0.4.6,0,4,6,54
51212,0.4.6,0,4,6,54
51213,0.4.6,0,4,6,54
51214,2.0.0,2,0,0,480
51215,0.2.6,0,2,6,30
51216,0.2.6,0,2,6,30
51217,0.2.6,0,2,6,30
51218,0.4.6,0,4,6,54
51221,2.0.0,2,0,0,480
51222,0.4.6,0,4,6,54
51223,0.4.6,0,4,6,54
51224,0.4.6,0,4,6,54
51225,0.2.6,0,2,6,30
51226,0.4.6,0,4,6,54
51227,0.4.6,0,4,6,54
51228,0.9.0,0,9,0,108
51229,0.4.6,0,4,6,54
51230,0.4.6,0,4,6,54
51231,0.2.6,0,2,6,30
51232,0.4.6,0,4,6,54
51233,0.4.6,0,4,6,54
51234,0.4.6,0,4,6,54
51235,0.4.6,0,4,6,54
51236,0.4.6,0,4,6,54
51237,0.4.6,0,4,6,54
51238,0.4.6,0,4,6,54
51239,0.4.6,0,4,6,54
51240,0.4.6,0,4,6,54
51241,0.4.6,0,4,6,54
51242,0.4.6,0,4,6,54
51243,0.4.6,0,4,6,54
51244,0.4.6,0,4,6,54
51245,0.9.0,0,9,0,108
51246,0.4.6,0,4,6,54
51247,0.4.6,0,4,6,54
51248,0.4.6,0,4,6,54
51249,0.4.6,0,4,6,54
51250,0.10.8,0,10,8,128
51251,0.4.6,0,4,6,54
51252,0.4.6,0,4,6,54
51253,0.4.6,0,4,6,54
51254,0.4.6,0,4,6,54
51255,0.4.6,0,4,6,54
51256,0.9.0,0,9,0,108
51257,0.4.6,0,4,6,54
51258,0.4.6,0,4,6,54
51259,2.0.0,2,0,0,480
51260,0.4.6,0,4,6,54
51261,0.4.6,0,4,6,54
51262,0.4.6,0,4,6,54
51263,0.4.6,0,4,6,54
51264,0.4.6,0,4,6,54
51265,0.4.6,0,4,6,54
51266,0.9.0,0,9,0,108
51267,0.9.0,0,9,0,108
51269,0.4.6,0,4,6,54
51270,0.2.6,0,2,6,30
51271,0.4.6,0,4,6,54
51272,0.4.6,0,4,6,54
51274,0.5.0,0,5,0,60
51275,1.1.0,1,1,0,252
51276,0.3.0,0,3,0,36
51277,2.12.6,2,12,6,630
51279,1.13.0,1,13,0,396
51280,0.5.0,0,5,0,60
51281,0.14.0,0,14,0,168
51282,0.7.6,0,7,6,90
51283,1.3.6,1,3,6,282
51284,0.5.6,0,5,6,66
51285,2.2.0,2,2,0,504
51289,0.9.0,0,9,0,108
51290,1.1.0,1,1,0,252
51293,1.1.0,1,1,0,252
51294,0.5.0,0,5,0,60
51295,0.11.6,0,11,6,138
51296,0.3.0,0,3,0,36
51297,0.5.0,0,5,0,60
51298,0.5.0,0,5,0,60
51299,1.1.0,1,1,0,252
51300,0.5.0,0,5,0,60
51302,2.2.0,2,2,0,504
51303,0.3.0,0,3,0,36
51304,1.11.0,1,11,0,372
51305,0.9.0,0,9,0,108
51306,0.3.0,0,3,0,36
51307,1.1.0,1,1,0,252
51308,0.5.0,0,5,0,60
51310,0.5.0,0,5,0,60
51311,0.7.6,0,7,6,90
51312,0.5.0,0,5,0,60
51313,0.5.0,0,5,0,60
51314,0.14.0,0,14,0,168
51315,0.5.0,0,5,0,60
51316,0.12.0,0,12,0,144
51317,1.1.0,1,1,0,252
51318,0.5.0,0,5,0,60
51319,1.3.6,1,3,6,282
51320,0.5.0,0,5,0,60
51321,1.1.0,1,1,0,252
51322,0.5.0,0,5,0,60
51323,2.2.0,2,2,0,504
51324,0.5.0,0,5,0,60
51325,0.5.0,0,5,0,60
51326,0.9.0,0,9,0,108
51327,0.3.0,0,3,0,36
51328,0.3.0,0,3,0,36
51329,0.5.0,0,5,0,60
51330,0.3.0,0,3,0,36
51331,0.9.0,0,9,0,108
51332,0.5.0,0,5,0,60
51333,1.3.6,1,3,6,282
51334,2.2.0,2,2,0,504
51335,0.3.0,0,3,0,36
51336,2.2.0,2,2,0,504
51337,2.2.0,2,2,0,504
51338,0.9.0,0,9,0,108
51339,0.9.0,0,9,0,108
51340,0.5.0,0,5,0,60
51341,2.16.6,2,16,6,678
51342,0.3.0,0,3,0,36
51343,10.10.0,10,10,0,2520
51344,2.2.0,2,2,0,504
51345,0.5.0,0,5,0,60
51346,0.3.0,0,3,0,36
51347,0.5.0,0,5,0,60
51348,0.5.0,0,5,0,60
51349,0.5.0,0,5,0,60
51350,1.1.0,1,1,0,252
51351,0.5.0,0,5,0,60
51352,0.3.0,0,3,0,36
51353,2.2.0,2,2,0,504
51354,0.3.0,0,3,0,36
51355,1.1.0,1,1,0,252
51356,1.1.0,1,1,0,252
51357,0.5.0,0,5,0,60
51358,0.5.0,0,5,0,60
51359,0.3.0,0,3,0,36
51360,0.9.0,0,9,0,108
51361,2.2.0,2,2,0,504
51362,5.5.0,5,5,0,1260
51363,0.9.0,0,9,0,108
51364,0.3.0,0,3,0,36
51365,0.5.0,0,5,0,60
51366,0.5.0,0,5,0,60
51367,0.5.0,0,5,0,60
51368,0.9.0,0,9,0,108
51369,1.1.0,1,1,0,252
51370,0.18.0,0,18,0,216
51371,0.9.0,0,9,0,108
51372,0.3.0,0,3,0,36
51373,0.5.0,0,5,0,60
51374,0.5.0,0,5,0,60
51375,0.5.0,0,5,0,60
51376,0.5.0,0,5,0,60
51377,0.9.0,0,9,0,108
51378,2.2.0,2,2,0,504
51380,0.5.0,0,5,0,60
51381,0.5.0,0,5,0,60
51382,0.5.0,0,5,0,60
51383,1.1.0,1,1,0,252
51384,0.5.0,0,5,0,60
51385,1.1.0,1,1,0,252
51386,2.2.0,2,2,0,504
51387,0.5.0,0,5,0,60
51388,0.5.0,0,5,0,60
51391,0.9.0,0,9,0,108
51392,0.5.0,0,5,0,60
51393,1.1.0,1,1,0,252
51394,0.3.0,0,3,0,36
51395,0.3.0,0,3,0,36
51396,0.9.0,0,9,0,108
51397,2.2.0,2,2,0,504
51399,0.9.0,0,9,0,108
51400,2.12.6,2,12,6,630
51401,0.9.0,0,9,0,108
51402,0.5.0,0,5,0,60
51403,2.16.6,2,16,6,678
51404,0.9.0,0,9,0,108
51406,0.5.0,0,5,0,60
51407,0.5.0,0,5,0,60
51408,0.5.0,0,5,0,60
51410,0.5.0,0,5,0,60
51411,0.18.0,0,18,0,216
51412,0.5.0,0,5,0,60
51413,0.5.0,0,5,0,60
51414,0.3.0,0,3,0,36
51415,1.1.0,1,1,0,252
51416,0.3.0,0,3,0,36
51417,0.3.0,0,3,0,36
51418,1.1.0,1,1,0,252
51419,0.5.0,0,5,0,60
51420,0.5.0,0,5,0,60
51421,2.2.6,2,2,6,510
51422,0.5.0,0,5,0,60
51423,0.9.0,0,9,0,108
51424,0.5.0,0,5,0,60
51425,0.9.0,0,9,0,108
51427,1.1.0,1,1,0,252
51428,0.5.0,0,5,0,60
51429,0.5.0,0,5,0,60
51430,0.3.0,0,3,0,36
51431,2.2.0,2,2,0,504
51432,0.5.0,0,5,0,60
51433,0.18.0,0,18,0,216
51434,0.9.0,0,9,0,108
51435,0.9.0,0,9,0,108
51436,0.10.0,0,10,0,120
51437,0.9.0,0,9,0,108
51438,0.5.0,0,5,0,60
51439,1.1.0,1,1,0,252
51440,0.9.0,0,9,0,108
51441,0.5.0,0,5,0,60
51442,0.5.0,0,5,0,60
51443,0.5.0,0,5,0,60
51444,1.1.0,1,1,0,252
51445,0.5.0,0,5,0,60
51446,0.5.0,0,5,0,60
51447,0.5.0,0,5,0,60
51448,0.5.0,0,5,0,60
51449,1.1.0,1,1,0,252
51450,0.9.0,0,9,0,108
51451,0.12.0,0,12,0,144
51452,0.5.0,0,5,0,60
51453,0.3.0,0,3,0,36
51454,1.1.0,1,1,0,252
51455,0.9.0,0,9,0,108
51457,1.1.0,1,1,0,252
51458,0.9.0,0,9,0,108
51459,0.9.0,0,9,0,108
51460,0.5.0,0,5,0,60
51461,0.5.0,0,5,0,60
51462,1.1.0,1,1,0,252
51463,0.5.0,0,5,0,60
51464,0.5.0,0,5,0,60
51465,0.9.0,0,9,0,108
51466,0.5.0,0,5,0,60
51467,0.5.0,0,5,0,60
51469,1.1.0,1,1,0,252
51470,1.1.0,1,1,0,252
51471,1.1.0,1,1,0,252
51473,0.9.0,0,9,0,108
51474,0.9.0,0,9,0,108
51475,0.5.0,0,5,0,60
51476,1.1.0,1,1,0,252
51477,0.5.0,0,5,0,60
51478,0.9.0,0,9,0,108
51479,0.5.0,0,5,0,60
51480,0.9.0,0,9,0,108
51481,0.9.0,0,9,0,108
51482,1.1.0,1,1,0,252
51483,0.3.0,0,3,0,36
51484,0.5.0,0,5,0,60
51485,0.9.0,0,9,0,108
51486,0.9.0,0,9,0,108
51487,0.3.0,0,3,0,36
51488,2.2.0,2,2,0,504
51490,2.16.6,2,16,6,678
51491,0.5.0,0,5,0,60
51492,0.9.0,0,9,0,108
51493,0.5.0,0,5,0,60
51494,0.3.0,0,3,0,36
51495,0.9.0,0,9,0,108
51496,0.2.6,0,2,6,30
51497,2.12.6,2,12,6,630
51498,0.9.0,0,9,0,108
51499,1.1.0,1,1,0,252
51500,2.16.6,2,16,6,678
51501,4.0.0,4,0,0,960
51502,0.9.0,0,9,0,108
51503,0.5.0,0,5,0,60
51504,1.1.0,1,1,0,252
51505,0.12.0,0,12,0,144
51506,4.0.0,4,0,0,960
51507,1.1.0,1,1,0,252
51508,2.12.6,2,12,6,630
51509,0.5.0,0,5,0,60
51511,1.1.0,1,1,0,252
51512,0.9.0,0,9,0,108
51513,0.15.0,0,15,0,180
51514,0.3.0,0,3,0,36
51515,1.1.0,1,1,0,252
51516,0.9.0,0,9,0,108
51517,0.5.0,0,5,0,60
51518,2.2.0,2,2,0,504
51519,0.9.0,0,9,0,108
51520,0.5.0,0,5,0,60
51521,0.9.0,0,9,0,108
51522,1.1.0,1,1,0,252
51523,0.5.0,0,5,0,60
51524,0.5.0,0,5,0,60
51525,1.1.0,1,1,0,252
51526,0.5.0,0,5,0,60
51527,0.9.0,0,9,0,108
51528,0.5.0,0,5,0,60
51529,0.9.0,0,9,0,108
51530,0.5.0,0,5,0,60
51531,0.5.0,0,5,0,60
51532,1.1.0,1,1,0,252
51533,1.1.0,1,1,0,252
51535,0.5.0,0,5,0,60
51536,0.5.0,0,5,0,60
51537,0.9.0,0,9,0,108
51538,1.1.0,1,1,0,252
51539,0.5.0,0,5,0,60
51540,0.5.0,0,5,0,60
51541,0.5.0,0,5,0,60
51542,0.9.0,0,9,0,108
51543,0.3.0,0,3,0,36
51544,0.5.0,0,5,0,60
51545,0.5.0,0,5,0,60
51546,0.5.0,0,5,0,60
51547,1.1.0,1,1,0,252
51548,2.2.0,2,2,0,504
51549,2.2.0,2,2,0,504
51550,1.1.0,1,1,0,252
51551,0.9.0,0,9,0,108
51552,0.5.0,0,5,0,60
51553,1.1.0,1,1,0,252
51554,0.9.0,0,9,0,108
51555,0.5.0,0,5,0,60
51557,0.5.0,0,5,0,60
51558,0.5.0,0,5,0,60
51559,0.9.0,0,9,0,108
51560,1.1.0,1,1,0,252
51561,0.5.0,0,5,0,60
51562,0.5.0,0,5,0,60
51563,0.5.0,0,5,0,60
51564,0.3.0,0,3,0,36
51565,1.1.0,1,1,0,252
51566,0.5.0,0,5,0,60
51567,1.1.0,1,1,0,252
51568,0.5.0,0,5,0,60
51569,0.5.0,0,5,0,60
51570,0.5.0,0,5,0,60
51571,0.5.0,0,5,0,60
51572,0.5.0,0,5,0,60
51573,0.5.0,0,5,0,60
51574,0.5.0,0,5,0,60
51575,1.1.0,1,1,0,252
51576,1.1.0,1,1,0,252
51578,0.9.0,0,9,0,108
51580,0.3.0,0,3,0,36
51581,0.9.0,0,9,0,108
51582,0.9.0,0,9,0,108
51583,0.9.0,0,9,0,108
51584,1.1.0,1,1,0,252
51585,0.9.0,0,9,0,108
51586,0.9.0,0,9,0,108
51587,0.9.0,0,9,0,108
51588,1.1.0,1,1,0,252
51589,0.9.0,0,9,0,108
51590,0.9.0,0,9,0,108
51591,0.9.0,0,9,0,108
51593,0.3.0,0,3,0,36
51594,1.1.0,1,1,0,252
51595,0.5.0,0,5,0,60
51596,0.9.0,0,9,0,108
51597,0.5.0,0,5,0,60
51599,0.5.0,0,5,0,60
51600,0.9.0,0,9,0,108
51601,0.5.0,0,5,0,60
51602,0.5.0,0,5,0,60
51603,0.5.0,0,5,0,60
51604,0.9.0,0,9,0,108
51605,0.5.0,0,5,0,60
51606,0.3.0,0,3,0,36
51607,0.3.0,0,3,0,36
51608,0.3.0,0,3,0,36
51609,0.5.0,0,5,0,60
51610,0.5.0,0,5,0,60
51611,0.9.0,0,9,0,108
51612,0.9.0,0,9,0,108
51613,0.5.0,0,5,0,60
51614,0.5.0,0,5,0,60
51615,1.1.0,1,1,0,252
51616,0.5.0,0,5,0,60
51617,0.9.0,0,9,0,108
51618,0.9.0,0,9,0,108
51619,0.5.0,0,5,0,60
51620,0.3.0,0,3,0,36
51621,0.9.0,0,9,0,108
51622,0.5.0,0,5,0,60
51623,0.5.0,0,5,0,60
51624,0.5.0,0,5,0,60
51625,0.9.0,0,9,0,108
51626,0.5.0,0,5,0,60
51627,0.5.0,0,5,0,60
51628,0.9.0,0,9,0,108
51629,0.9.0,0,9,0,108
51630,0.5.0,0,5,0,60
51631,1.1.0,1,1,0,252
51632,1.1.0,1,1,0,252
51633,1.1.0,1,1,0,252
51634,0.5.0,0,5,0,60
51635,0.5.0,0,5,0,60
51636,0.5.0,0,5,0,60
51637,2.2.0,2,2,0,504
51638,0.5.0,0,5,0,60
51642,0.5.0,0,5,0,60
51643,1.1.0,1,1,0,252
51644,0.5.0,0,5,0,60
51645,0.5.0,0,5,0,60
51646,0.9.0,0,9,0,108
51647,0.5.0,0,5,0,60
51648,1.1.0,1,1,0,252
51649,0.9.0,0,9,0,108
51650,0.5.0,0,5,0,60
51651,0.5.0,0,5,0,60
51652,0.5.0,0,5,0,60
51654,0.5.0,0,5,0,60
51655,1.1.0,1,1,0,252
51656,0.5.0,0,5,0,60
51657,1.1.0,1,1,0,252
51658,0.9.0,0,9,0,108
51659,0.9.0,0,9,0,108
51660,0.9.0,0,9,0,108
51661,0.3.0,0,3,0,36
51662,1.1.0,1,1,0,252
51663,0.5.0,0,5,0,60
51664,0.3.0,0,3,0,36
51665,0.5.0,0,5,0,60
51666,0.3.0,0,3,0,36
51667,0.3.0,0,3,0,36
51668,0.5.0,0,5,0,60
51669,0.3.0,0,3,0,36
51670,0.5.0,0,5,0,60
51671,2.2.0,2,2,0,504
51672,0.5.0,0,5,0,60
51675,0.5.0,0,5,0,60
51676,0.5.0,0,5,0,60
51677,0.5.0,0,5,0,60
51678,0.5.0,0,5,0,60
51679,1.1.0,1,1,0,252
51680,1.1.0,1,1,0,252
51681,2.2.0,2,2,0,504
51682,1.1.0,1,1,0,252
51683,0.9.0,0,9,0,108
51684,0.5.0,0,5,0,60
51685,0.5.0,0,5,0,60
51686,0.5.0,0,5,0,60
51687,0.5.0,0,5,0,60
51688,0.9.0,0,9,0,108
51689,0.5.0,0,5,0,60
51690,1.1.0,1,1,0,252
51691,0.5.0,0,5,0,60
51692,0.3.0,0,3,0,36
51693,2.16.6,2,16,6,678
51694,1.1.0,1,1,0,252
51695,0.5.0,0,5,0,60
51696,1.1.0,1,1,0,252
51697,0.3.0,0,3,0,36
51698,0.3.0,0,3,0,36
51699,0.3.0,0,3,0,36
51700,1.1.0,1,1,0,252
51701,0.5.0,0,5,0,60
51702,0.5.0,0,5,0,60
51703,4.0.0,4,0,0,960
51704,0.9.0,0,9,0,108
51705,0.3.0,0,3,0,36
51706,0.3.0,0,3,0,36
51707,0.9.0,0,9,0,108
51708,0.5.0,0,5,0,60
51709,0.5.0,0,5,0,60
51710,0.5.0,0,5,0,60
51711,0.9.0,0,9,0,108
51712,0.3.0,0,3,0,36
51713,0.3.0,0,3,0,36
51714,0.3.0,0,3,0,36
51715,0.5.0,0,5,0,60
51716,2.2.0,2,2,0,504
51717,0.3.0,0,3,0,36
51718,0.5.0,0,5,0,60
51719,0.5.0,0,5,0,60
51720,0.5.0,0,5,0,60
51721,0.9.0,0,9,0,108
51722,0.9.0,0,9,0,108
51723,0.5.0,0,5,0,60
51724,1.1.0,1,1,0,252
51725,0.5.0,0,5,0,60
51726,0.9.0,0,9,0,108
51727,1.1.0,1,1,0,252
51728,2.16.6,2,16,6,678
51729,0.9.0,0,9,0,108
51730,1.1.0,1,1,0,252
51731,1.1.0,1,1,0,252
51732,0.3.0,0,3,0,36
51733,0.9.0,0,9,0,108
51734,0.5.0,0,5,0,60
51735,0.5.0,0,5,0,60
51736,0.9.0,0,9,0,108
51737,0.5.0,0,5,0,60
51738,1.1.0,1,1,0,252
51739,1.1.0,1,1,0,252
51740,0.5.0,0,5,0,60
51741,0.5.0,0,5,0,60
51743,0.9.0,0,9,0,108
51744,0.9.0,0,9,0,108
51745,0.5.0,0,5,0,60
51746,0.5.0,0,5,0,60
51747,0.12.0,0,12,0,144
51748,1.1.0,1,1,0,252
51749,0.9.0,0,9,0,108
51750,0.5.0,0,5,0,60
51751,1.1.0,1,1,0,252
51752,0.5.0,0,5,0,60
51753,0.9.0,0,9,0,108
51754,0.5.0,0,5,0,60
51755,0.5.0,0,5,0,60
51756,0.5.0,0,5,0,60
51757,0.3.0,0,3,0,36
51758,1.1.0,1,1,0,252
51759,1.1.0,1,1,0,252
51760,0.5.0,0,5,0,60
51761,0.9.0,0,9,0,108
51764,0.9.0,0,9,0,108
51765,1.1.0,1,1,0,252
51766,0.9.0,0,9,0,108
51767,0.3.0,0,3,0,36
51768,0.3.0,0,3,0,36
51769,0.3.0,0,3,0,36
51770,0.5.0,0,5,0,60
51771,0.5.0,0,5,0,60
51772,1.1.0,1,1,0,252
51773,0.5.0,0,5,0,60
51774,0.9.0,0,9,0,108
51775,0.9.0,0,9,0,108
51777,0.5.0,0,5,0,60
51778,0.5.0,0,5,0,60
51780,1.1.0,1,1,0,252
51781,0.3.0,0,3,0,36
51782,0.5.0,0,5,0,60
51783,0.5.0,0,5,0,60
51784,0.5.0,0,5,0,60
51785,0.5.0,0,5,0,60
51786,0.5.0,0,5,0,60
51787,0.5.0,0,5,0,60
51788,0.5.0,0,5,0,60
51789,0.5.0,0,5,0,60
51790,0.9.0,0,9,0,108
51791,0.5.0,0,5,0,60
51792,2.12.6,2,12,6,630
51793,0.5.0,0,5,0,60
51794,0.3.0,0,3,0,36
51795,0.3.0,0,3,0,36
51798,0.9.0,0,9,0,108
51799,1.1.0,1,1,0,252
51800,0.9.0,0,9,0,108
51801,0.5.0,0,5,0,60
51802,0.5.0,0,5,0,60
51803,1.1.0,1,1,0,252
51804,0.5.0,0,5,0,60
51805,0.5.0,0,5,0,60
51806,1.1.0,1,1,0,252
51807,0.5.0,0,5,0,60
51808,0.5.0,0,5,0,60
51809,1.1.0,1,1,0,252
51810,0.5.0,0,5,0,60
51811,0.5.0,0,5,0,60
51812,0.5.0,0,5,0,60
51813,0.9.0,0,9,0,108
51814,0.5.0,0,5,0,60
51815,0.5.0,0,5,0,60
51816,1.1.0,1,1,0,252
51817,2.2.0,2,2,0,504
51818,0.9.0,0,9,0,108
51819,0.5.0,0,5,0,60
51820,0.3.0,0,3,0,36
51821,0.9.0,0,9,0,108
51822,0.9.0,0,9,0,108
51823,0.5.0,0,5,0,60
51824,0.5.0,0,5,0,60
51825,0.9.0,0,9,0,108
51826,0.5.0,0,5,0,60
51827,0.3.0,0,3,0,36
51828,0.5.0,0,5,0,60
51829,1.1.0,1,1,0,252
51830,0.5.0,0,5,0,60
51831,1.1.0,1,1,0,252
51832,0.5.0,0,5,0,60
51833,0.5.0,0,5,0,60
51834,0.9.0,0,9,0,108
51835,0.9.0,0,9,0,108
51836,0.5.0,0,5,0,60
51837,0.5.0,0,5,0,60
51838,1.1.0,1,1,0,252
51839,0.5.0,0,5,0,60
51840,0.5.0,0,5,0,60
51841,0.3.0,0,3,0,36
51842,0.5.0,0,5,0,60
51843,0.9.0,0,9,0,108
51844,0.9.0,0,9,0,108
51845,0.9.0,0,9,0,108
51846,1.1.0,1,1,0,252
51847,4.0.0,4,0,0,960
51848,1.1.0,1,1,0,252
51849,1.1.0,1,1,0,252
51851,0.5.0,0,5,0,60
51852,0.12.0,0,12,0,144
51853,0.9.0,0,9,0,108
51854,0.5.0,0,5,0,60
51856,1.1.0,1,1,0,252
51858,1.1.0,1,1,0,252
51859,0.5.0,0,5,0,60
51860,1.1.0,1,1,0,252
51861,0.9.0,0,9,0,108
51862,0.5.0,0,5,0,60
51864,0.5.0,0,5,0,60
51866,0.9.0,0,9,0,108
51869,1.1.0,1,1,0,252
51870,1.1.0,1,1,0,252
51871,0.3.0,0,3,0,36
51872,0.5.0,0,5,0,60
51873,0.9.0,0,9,0,108
51874,0.9.0,0,9,0,108
51875,0.5.0,0,5,0,60
51876,0.5.0,0,5,0,60
51878,0.5.0,0,5,0,60
51879,0.9.0,0,9,0,108
51880,0.5.0,0,5,0,60
51881,0.3.0,0,3,0,36
51882,1.1.0,1,1,0,252
51884,2.2.0,2,2,0,504
51885,0.9.0,0,9,0,108
51886,0.5.0,0,5,0,60
51887,4.0.0,4,0,0,960
51888,0.5.0,0,5,0,60
51889,1.1.0,1,1,0,252
51890,0.5.0,0,5,0,60
51891,0.5.0,0,5,0,60
51892,1.1.0,1,1,0,252
51893,0.3.0,0,3,0,36
51894,1.1.0,1,1,0,252
51895,2.2.0,2,2,0,504
51896,0.9.0,0,9,0,108
51897,0.5.0,0,5,0,60
51898,1.1.0,1,1,0,252
51899,0.9.0,0,9,0,108
51900,0.3.0,0,3,0,36
51901,2.12.6,2,12,6,630
51902,0.5.0,0,5,0,60
51903,0.5.0,0,5,0,60
51904,0.5.0,0,5,0,60
51906,0.5.0,0,5,0,60
51908,0.5.0,0,5,0,60
51909,0.3.0,0,3,0,36
51910,0.5.0,0,5,0,60
51911,0.5.0,0,5,0,60
51912,1.1.0,1,1,0,252
51913,0.3.0,0,3,0,36
51914,0.12.0,0,12,0,144
51915,0.9.0,0,9,0,108
51916,0.9.0,0,9,0,108
51917,0.5.0,0,5,0,60
51918,1.1.0,1,1,0,252
51919,0.3.0,0,3,0,36
51920,1.1.0,1,1,0,252
51921,0.5.0,0,5,0,60
51922,0.5.0,0,5,0,60
51923,0.5.0,0,5,0,60
51924,0.9.0,0,9,0,108
51925,0.5.0,0,5,0,60
51926,0.5.0,0,5,0,60
51927,2.2.0,2,2,0,504
51928,2.16.6,2,16,6,678
51929,0.5.0,0,5,0,60
51930,1.1.0,1,1,0,252
51931,0.5.0,0,5,0,60
51932,0.9.0,0,9,0,108
51933,0.3.0,0,3,0,36
51934,0.9.0,0,9,0,108
51935,0.5.0,0,5,0,60
51936,0.3.0,0,3,0,36
51937,0.5.0,0,5,0,60
51938,0.9.0,0,9,0,108
51940,0.5.0,0,5,0,60
51941,0.9.0,0,9,0,108
51942,1.1.0,1,1,0,252
51943,0.3.0,0,3,0,36
51944,0.3.0,0,3,0,36
51945,0.12.0,0,12,0,144
51946,0.9.0,0,9,0,108
51947,0.3.0,0,3,0,36
51948,2.2.0,2,2,0,504
51949,0.5.0,0,5,0,60
51950,0.5.0,0,5,0,60
51951,2.12.6,2,12,6,630
51952,2.12.6,2,12,6,630
51953,0.12.0,0,12,0,144
51954,0.12.0,0,12,0,144
51955,0.3.0,0,3,0,36
51956,0.5.0,0,5,0,60
51957,1.1.0,1,1,0,252
51958,0.5.0,0,5,0,60
51959,2.2.0,2,2,0,504
51960,0.5.0,0,5,0,60
51961,0.5.0,0,5,0,60
51962,0.3.0,0,3,0,36
51963,0.5.0,0,5,0,60
51964,0.5.0,0,5,0,60
51965,0.5.0,0,5,0,60
51966,0.5.0,0,5,0,60
51967,0.5.0,0,5,0,60
51968,1.1.0,1,1,0,252
51969,1.1.0,1,1,0,252
51971,0.5.0,0,5,0,60
51972,0.9.0,0,9,0,108
51973,0.9.0,0,9,0,108
51974,0.9.0,0,9,0,108
51975,0.5.0,0,5,0,60
51976,0.5.0,0,5,0,60
51977,0.5.0,0,5,0,60
51978,0.5.0,0,5,0,60
51979,1.1.0,1,1,0,252
51980,1.1.0,1,1,0,252
51981,0.3.0,0,3,0,36
51982,0.9.0,0,9,0,108
51983,1.1.0,1,1,0,252
51984,0.5.0,0,5,0,60
51985,0.5.0,0,5,0,60
51986,1.1.0,1,1,0,252
51987,0.5.0,0,5,0,60
51988,0.5.0,0,5,0,60
51989,0.3.0,0,3,0,36
51990,1.1.0,1,1,0,252
51991,0.5.0,0,5,0,60
51992,0.9.0,0,9,0,108
51993,0.5.0,0,5,0,60
51994,0.5.0,0,5,0,60
51996,0.5.0,0,5,0,60
51997,0.9.0,0,9,0,108
51999,1.1.0,1,1,0,252
52000,0.3.0,0,3,0,36
52001,1.1.0,1,1,0,252
52002,0.9.0,0,9,0,108
52004,0.5.0,0,5,0,60
52005,0.5.0,0,5,0,60
52006,0.5.0,0,5,0,60
52007,0.5.0,0,5,0,60
52008,0.5.0,0,5,0,60
52009,0.5.0,0,5,0,60
52010,0.9.0,0,9,0,108
52011,1.1.0,1,1,0,252
52012,0.5.0,0,5,0,60
52013,0.9.0,0,9,0,108
52014,0.5.0,0,5,0,60
52015,1.1.0,1,1,0,252
52016,0.5.0,0,5,0,60
52017,2.2.0,2,2,0,504
52018,0.9.0,0,9,0,108
52019,1.1.0,1,1,0,252
52020,0.9.0,0,9,0,108
52021,1.1.0,1,1,0,252
52023,0.5.0,0,5,0,60
52024,1.1.0,1,1,0,252
52025,0.5.0,0,5,0,60
52026,2.12.6,2,12,6,630
52027,0.9.0,0,9,0,108
52028,0.5.0,0,5,0,60
52029,0.5.0,0,5,0,60
52030,0.5.0,0,5,0,60
52031,0.5.0,0,5,0,60
52032,0.5.0,0,5,0,60
52033,0.9.0,0,9,0,108
52034,0.5.0,0,5,0,60
52035,0.9.0,0,9,0,108
52036,0.5.0,0,5,0,60
52039,0.5.0,0,5,0,60
52040,0.3.0,0,3,0,36
52042,1.1.0,1,1,0,252
52043,1.1.0,1,1,0,252
52044,0.9.0,0,9,0,108
52045,0.5.0,0,5,0,60
52046,0.9.0,0,9,0,108
52048,0.5.0,0,5,0,60
52049,0.5.0,0,5,0,60
52050,1.1.0,1,1,0,252
52051,0.12.0,0,12,0,144
52052,0.9.0,0,9,0,108
52053,0.12.0,0,12,0,144
52054,0.5.0,0,5,0,60
52055,0.9.0,0,9,0,108
52056,0.3.0,0,3,0,36
52057,0.9.0,0,9,0,108
52058,0.3.0,0,3,0,36
52059,0.5.0,0,5,0,60
52060,0.5.0,0,5,0,60
52061,0.5.0,0,5,0,60
52063,0.5.0,0,5,0,60
52064,1.1.0,1,1,0,252
52065,0.5.0,0,5,0,60
52066,1.1.0,1,1,0,252
52067,0.5.0,0,5,0,60
52068,0.5.0,0,5,0,60
52069,0.5.0,0,5,0,60
52070,2.2.0,2,2,0,504
52071,0.5.0,0,5,0,60
52072,0.5.0,0,5,0,60
52073,2.12.6,2,12,6,630
52074,0.5.0,0,5,0,60
52075,0.5.0,0,5,0,60
52076,0.5.0,0,5,0,60
52077,0.5.0,0,5,0,60
52078,1.1.0,1,1,0,252
52079,0.3.0,0,3,0,36
52080,0.5.0,0,5,0,60
52081,0.3.0,0,3,0,36
52082,0.5.0,0,5,0,60
52083,0.5.0,0,5,0,60
52084,0.5.0,0,5,0,60
52085,1.1.0,1,1,0,252
52086,0.5.0,0,5,0,60
52090,0.3.0,0,3,0,36
52091,0.3.0,0,3,0,36
52092,0.9.0,0,9,0,108
52093,0.5.0,0,5,0,60
52094,0.9.0,0,9,0,108
52095,0.5.0,0,5,0,60
52096,0.9.0,0,9,0,108
52097,2.2.0,2,2,0,504
52098,0.5.0,0,5,0,60
52099,0.5.0,0,5,0,60
52101,0.5.0,0,5,0,60
52102,0.9.0,0,9,0,108
52103,2.12.6,2,12,6,630
52104,2.2.0,2,2,0,504
52105,0.5.0,0,5,0,60
52106,0.5.0,0,5,0,60
52107,2.2.0,2,2,0,504
52108,0.5.0,0,5,0,60
52109,0.9.0,0,9,0,108
52110,0.9.0,0,9,0,108
52113,1.1.0,1,1,0,252
52114,0.5.0,0,5,0,60
52115,1.1.0,1,1,0,252
52116,0.5.0,0,5,0,60
52117,0.5.0,0,5,0,60
52118,0.5.0,0,5,0,60
52119,0.5.0,0,5,0,60
52120,0.5.0,0,5,0,60
52121,0.5.0,0,5,0,60
52122,0.5.0,0,5,0,60
52123,0.3.0,0,3,0,36
52124,1.1.0,1,1,0,252
52125,0.5.0,0,5,0,60
52126,0.9.0,0,9,0,108
52127,0.5.0,0,5,0,60
52128,1.1.0,1,1,0,252
52129,0.3.0,0,3,0,36
52130,0.5.0,0,5,0,60
52131,0.3.0,0,3,0,36
52132,0.5.0,0,5,0,60
52133,0.5.0,0,5,0,60
52134,1.1.0,1,1,0,252
52135,0.9.0,0,9,0,108
52136,0.5.0,0,5,0,60
52137,0.5.0,0,5,0,60
52138,0.3.0,0,3,0,36
52139,0.9.0,0,9,0,108
52141,0.3.0,0,3,0,36
52142,0.9.0,0,9,0,108
52143,0.5.0,0,5,0,60
52144,0.3.0,0,3,0,36
52145,1.1.0,1,1,0,252
52146,0.5.0,0,5,0,60
52147,0.5.0,0,5,0,60
52148,0.5.0,0,5,0,60
52149,0.5.0,0,5,0,60
52150,0.12.0,0,12,0,144
52151,0.9.0,0,9,0,108
52152,0.5.0,0,5,0,60
52153,0.5.0,0,5,0,60
52154,1.1.0,1,1,0,252
52155,0.5.0,0,5,0,60
52156,0.9.0,0,9,0,108
52157,0.5.0,0,5,0,60
52158,0.5.0,0,5,0,60
52159,1.1.0,1,1,0,252
52160,0.5.0,0,5,0,60
52161,1.1.0,1,1,0,252
52163,0.3.0,0,3,0,36
52164,1.1.0,1,1,0,252
52166,0.5.0,0,5,0,60
52167,2.12.0,2,12,0,624
52168,1.1.0,1,1,0,252
52169,0.5.0,0,5,0,60
52170,0.5.0,0,5,0,60
52171,0.9.0,0,9,0,108
52172,0.5.0,0,5,0,60
52173,0.9.0,0,9,0,108
52174,0.3.0,0,3,0,36
52176,0.5.0,0,5,0,60
52177,0.5.0,0,5,0,60
52178,0.5.0,0,5,0,60
52179,1.1.0,1,1,0,252
52181,0.5.0,0,5,0,60
52182,1.1.0,1,1,0,252
52183,0.9.0,0,9,0,108
52184,0.9.0,0,9,0,108
52185,0.3.0,0,3,0,36
52186,4.0.0,4,0,0,960
52187,0.5.0,0,5,0,60
52188,0.5.0,0,5,0,60
52189,1.1.0,1,1,0,252
52191,1.1.0,1,1,0,252
52192,0.9.0,0,9,0,108
52193,1.1.0,1,1,0,252
52194,0.5.0,0,5,0,60
52195,1.1.0,1,1,0,252
52196,0.9.0,0,9,0,108
52197,0.5.0,0,5,0,60
52198,1.1.0,1,1,0,252
52199,0.5.0,0,5,0,60
52200,1.1.0,1,1,0,252
52201,0.9.0,0,9,0,108
52202,0.9.0,0,9,0,108
52203,0.9.0,0,9,0,108
52204,0.9.0,0,9,0,108
52205,0.5.0,0,5,0,60
52206,0.5.0,0,5,0,60
52207,2.12.6,2,12,6,630
52208,0.9.0,0,9,0,108
52209,0.9.0,0,9,0,108
52210,0.9.0,0,9,0,108
52211,0.5.0,0,5,0,60
52212,0.5.0,0,5,0,60
52213,2.12.6,2,12,6,630
52214,0.5.0,0,5,0,60
52215,2.12.6,2,12,6,630
52216,2.12.6,2,12,6,630
52217,0.9.0,0,9,0,108
52218,0.5.0,0,5,0,60
52219,0.5.0,0,5,0,60
52220,0.9.0,0,9,0,108
52221,1.1.0,1,1,0,252
52222,2.2.0,2,2,0,504
52223,0.5.0,0,5,0,60
52224,0.9.0,0,9,0,108
52225,0.9.0,0,9,0,108
52226,0.5.0,0,5,0,60
52227,0.9.0,0,9,0,108
52228,1.1.0,1,1,0,252
52229,2.12.6,2,12,6,630
52230,0.3.0,0,3,0,36
52231,0.9.0,0,9,0,108
52232,0.9.0,0,9,0,108
52233,0.9.0,0,9,0,108
52234,0.18.0,0,18,0,216
52235,0.9.0,0,9,0,108
52236,0.9.0,0,9,0,108
52237,1.1.0,1,1,0,252
52238,1.1.0,1,1,0,252
52239,0.9.0,0,9,0,108
52240,0.5.0,0,5,0,60
52241,0.9.0,0,9,0,108
52242,0.5.0,0,5,0,60
52243,2.12.6,2,12,6,630
52244,0.3.0,0,3,0,36
52245,0.5.0,0,5,0,60
52246,0.9.0,0,9,0,108
52247,0.5.0,0,5,0,60
52248,0.9.0,0,9,0,108
52249,0.5.0,0,5,0,60
52250,0.5.0,0,5,0,60
52251,0.5.0,0,5,0,60
52252,0.5.0,0,5,0,60
52254,0.9.0,0,9,0,108
52255,0.5.0,0,5,0,60
52256,0.5.0,0,5,0,60
52257,0.5.0,0,5,0,60
52258,0.5.0,0,5,0,60
52259,0.5.0,0,5,0,60
52260,0.9.0,0,9,0,108
52261,0.9.0,0,9,0,108
52262,0.5.0,0,5,0,60
52263,0.5.0,0,5,0,60
52264,0.5.0,0,5,0,60
52265,0.5.0,0,5,0,60
52266,1.1.0,1,1,0,252
52268,0.5.0,0,5,0,60
52269,0.9.0,0,9,0,108
52271,1.1.0,1,1,0,252
52272,0.5.0,0,5,0,60
52273,0.5.0,0,5,0,60
52274,0.9.0,0,9,0,108
52275,1.1.0,1,1,0,252
52276,1.1.0,1,1,0,252
52277,1.1.0,1,1,0,252
52278,0.3.0,0,3,0,36
52279,0.12.0,0,12,0,144
52280,0.3.0,0,3,0,36
52281,0.12.0,0,12,0,144
52282,0.3.0,0,3,0,36
52283,0.5.0,0,5,0,60
52284,0.5.0,0,5,0,60
52285,0.5.0,0,5,0,60
52286,0.5.0,0,5,0,60
52287,2.2.0,2,2,0,504
52288,0.3.0,0,3,0,36
52289,0.5.0,0,5,0,60
52290,0.5.0,0,5,0,60
52291,0.5.0,0,5,0,60
52292,0.5.0,0,5,0,60
52293,0.9.0,0,9,0,108
52294,0.3.0,0,3,0,36
52295,0.5.0,0,5,0,60
52296,1.1.0,1,1,0,252
52297,0.5.0,0,5,0,60
52298,0.5.0,0,5,0,60
52299,0.9.0,0,9,0,108
52300,0.5.0,0,5,0,60
52301,0.5.0,0,5,0,60
52302,0.5.0,0,5,0,60
52303,0.9.0,0,9,0,108
52304,2.12.6,2,12,6,630
52306,0.5.0,0,5,0,60
52307,1.1.0,1,1,0,252
52308,0.5.0,0,5,0,60
52309,0.9.0,0,9,0,108
52310,0.5.0,0,5,0,60
52311,2.2.0,2,2,0,504
52312,0.9.0,0,9,0,108
52313,0.5.0,0,5,0,60
52314,0.3.0,0,3,0,36
52315,0.3.0,0,3,0,36
52316,0.5.0,0,5,0,60
52317,0.3.0,0,3,0,36
52318,1.1.0,1,1,0,252
52319,0.3.0,0,3,0,36
52320,0.3.0,0,3,0,36
52321,0.5.0,0,5,0,60
52322,0.10.0,0,10,0,120
52323,0.5.0,0,5,0,60
52324,0.9.0,0,9,0,108
52325,0.5.0,0,5,0,60
52326,1.1.0,1,1,0,252
52327,0.9.0,0,9,0,108
52328,0.3.0,0,3,0,36
52329,0.9.0,0,9,0,108
52330,0.9.0,0,9,0,108
52331,0.5.0,0,5,0,60
52332,0.5.0,0,5,0,60
52333,0.5.0,0,5,0,60
52334,0.5.0,0,5,0,60
52335,0.5.0,0,5,0,60
52336,0.3.0,0,3,0,36
52337,0.5.0,0,5,0,60
52339,0.5.0,0,5,0,60
52340,0.5.0,0,5,0,60
52341,0.3.0,0,3,0,36
52342,0.5.0,0,5,0,60
52343,0.9.0,0,9,0,108
52344,1.1.0,1,1,0,252
52345,0.9.0,0,9,0,108
52346,2.12.6,2,12,6,630
52347,0.5.0,0,5,0,60
52349,0.9.0,0,9,0,108
52352,0.5.0,0,5,0,60
52353,2.2.0,2,2,0,504
52354,1.1.0,1,1,0,252
52355,2.2.0,2,2,0,504
52356,0.5.0,0,5,0,60
52357,1.1.0,1,1,0,252
52358,0.3.0,0,3,0,36
52359,0.9.0,0,9,0,108
52360,0.5.0,0,5,0,60
52361,0.5.0,0,5,0,60
52362,0.9.0,0,9,0,108
52363,0.5.0,0,5,0,60
52364,0.9.0,0,9,0,108
52365,1.1.0,1,1,0,252
52366,1.1.0,1,1,0,252
52367,0.5.0,0,5,0,60
52368,0.3.0,0,3,0,36
52369,0.10.0,0,10,0,120
52370,0.3.0,0,3,0,36
52371,0.5.0,0,5,0,60
52372,0.5.0,0,5,0,60
52373,1.1.0,1,1,0,252
52374,2.2.0,2,2,0,504
52376,0.3.0,0,3,0,36
52377,0.9.0,0,9,0,108
52378,0.5.0,0,5,0,60
52379,0.5.0,0,5,0,60
52380,0.5.0,0,5,0,60
52381,1.1.0,1,1,0,252
52382,0.5.0,0,5,0,60
52383,0.9.0,0,9,0,108
52384,2.2.0,2,2,0,504
52385,0.9.0,0,9,0,108
52387,0.9.0,0,9,0,108
52388,0.5.0,0,5,0,60
52389,0.9.0,0,9,0,108
52390,0.9.0,0,9,0,108
52391,0.5.0,0,5,0,60
52392,1.1.0,1,1,0,252
52393,0.5.0,0,5,0,60
52394,0.5.0,0,5,0,60
52396,0.9.0,0,9,0,108
52397,0.5.0,0,5,0,60
52398,1.1.0,1,1,0,252
52399,0.5.0,0,5,0,60
52400,1.1.0,1,1,0,252
52401,0.5.0,0,5,0,60
52402,0.5.0,0,5,0,60
52403,0.5.0,0,5,0,60
52404,0.5.0,0,5,0,60
52405,0.5.0,0,5,0,60
52406,0.5.0,0,5,0,60
52408,0.5.0,0,5,0,60
52409,0.5.0,0,5,0,60
52410,0.9.0,0,9,0,108
52412,2.2.0,2,2,0,504
52413,0.5.0,0,5,0,60
52414,0.9.0,0,9,0,108
52415,0.9.0,0,9,0,108
52416,0.9.0,0,9,0,108
52417,0.5.0,0,5,0,60
52419,0.5.0,0,5,0,60
52420,2.2.0,2,2,0,504
52421,0.9.0,0,9,0,108
52422,0.5.0,0,5,0,60
52423,0.5.0,0,5,0,60
52424,0.5.0,0,5,0,60
52425,0.5.0,0,5,0,60
52426,0.5.0,0,5,0,60
52427,2.2.0,2,2,0,504
52428,0.5.0,0,5,0,60
52429,0.9.0,0,9,0,108
52430,0.9.0,0,9,0,108
52431,0.5.0,0,5,0,60
52432,0.5.0,0,5,0,60
52433,0.5.0,0,5,0,60
52434,1.1.0,1,1,0,252
52435,0.3.0,0,3,0,36
52437,0.3.0,0,3,0,36
52438,0.5.0,0,5,0,60
52439,0.5.0,0,5,0,60
52441,1.1.0,1,1,0,252
52442,1.1.0,1,1,0,252
52443,0.9.0,0,9,0,108
52444,0.9.0,0,9,0,108
52445,0.5.0,0,5,0,60
52447,0.3.0,0,3,0,36
52451,0.5.0,0,5,0,60
52452,1.1.0,1,1,0,252
52453,0.9.0,0,9,0,108
52454,0.5.0,0,5,0,60
52456,0.9.0,0,9,0,108
52457,0.3.0,0,3,0,36
52458,2.2.0,2,2,0,504
52459,0.9.0,0,9,0,108
52460,0.3.0,0,3,0,36
52461,0.3.0,0,3,0,36
52462,0.9.0,0,9,0,108
52463,0.5.0,0,5,0,60
52464,0.5.0,0,5,0,60
52465,0.5.0,0,5,0,60
52466,0.3.0,0,3,0,36
52467,0.5.0,0,5,0,60
52468,0.5.0,0,5,0,60
52469,0.5.0,0,5,0,60
52470,0.9.0,0,9,0,108
52471,0.9.0,0,9,0,108
52472,0.9.0,0,9,0,108
52473,0.5.0,0,5,0,60
52474,0.3.0,0,3,0,36
52475,0.9.0,0,9,0,108
52476,0.9.0,0,9,0,108
52478,0.5.0,0,5,0,60
52479,0.3.0,0,3,0,36
52480,0.9.0,0,9,0,108
52481,0.9.0,0,9,0,108
52482,0.5.0,0,5,0,60
52483,0.5.0,0,5,0,60
52484,1.1.0,1,1,0,252
52485,0.5.0,0,5,0,60
52486,0.18.0,0,18,0,216
52487,0.5.0,0,5,0,60
52488,2.2.0,2,2,0,504
52489,0.9.0,0,9,0,108
52490,0.3.0,0,3,0,36
52491,1.1.0,1,1,0,252
52492,0.5.0,0,5,0,60
52493,0.5.0,0,5,0,60
52494,0.5.0,0,5,0,60
52495,2.12.6,2,12,6,630
52496,0.5.0,0,5,0,60
52497,0.5.0,0,5,0,60
52498,0.5.0,0,5,0,60
52499,1.1.0,1,1,0,252
52500,0.9.0,0,9,0,108
52501,0.3.0,0,3,0,36
52503,2.2.0,2,2,0,504
52504,0.10.0,0,10,0,120
52505,2.12.6,2,12,6,630
52506,0.5.0,0,5,0,60
52507,1.1.0,1,1,0,252
52508,2.2.0,2,2,0,504
52509,0.5.0,0,5,0,60
52510,0.5.0,0,5,0,60
52511,0.5.0,0,5,0,60
52512,2.12.6,2,12,6,630
52513,0.5.0,0,5,0,60
52514,0.5.0,0,5,0,60
52515,0.5.0,0,5,0,60
52516,0.5.0,0,5,0,60
52517,0.5.0,0,5,0,60
52518,2.2.0,2,2,0,504
52519,0.5.0,0,5,0,60
52520,0.5.0,0,5,0,60
52521,0.9.0,0,9,0,108
52522,0.5.0,0,5,0,60
52523,1.1.0,1,1,0,252
52524,0.3.0,0,3,0,36
52525,0.9.0,0,9,0,108
52526,0.5.0,0,5,0,60
52527,0.9.0,0,9,0,108
52528,0.9.0,0,9,0,108
52529,0.5.0,0,5,0,60
52530,0.3.0,0,3,0,36
52531,0.5.0,0,5,0,60
52532,2.2.0,2,2,0,504
52533,1.1.0,1,1,0,252
52534,1.1.0,1,1,0,252
52535,1.1.0,1,1,0,252
52537,0.9.0,0,9,0,108
52538,0.9.0,0,9,0,108
52539,0.9.0,0,9,0,108
52540,1.1.0,1,1,0,252
52541,0.9.0,0,9,0,108
52542,1.1.0,1,1,0,252
52543,2.12.6,2,12,6,630
52544,2.12.6,2,12,6,630
52545,0.9.0,0,9,0,108
52546,0.9.0,0,9,0,108
52547,0.5.0,0,5,0,60
52548,0.9.0,0,9,0,108
52549,0.5.0,0,5,0,60
52550,0.9.0,0,9,0,108
52551,0.5.0,0,5,0,60
52552,0.5.0,0,5,0,60
52553,0.9.0,0,9,0,108
52554,0.9.0,0,9,0,108
52555,0.9.0,0,9,0,108
52556,1.1.0,1,1,0,252
52557,0.5.0,0,5,0,60
52558,0.5.0,0,5,0,60
52560,0.9.0,0,9,0,108
52561,0.9.0,0,9,0,108
52562,0.5.0,0,5,0,60
52564,0.9.0,0,9,0,108
52565,2.2.0,2,2,0,504
52567,0.9.0,0,9,0,108
52568,0.9.0,0,9,0,108
52569,1.1.0,1,1,0,252
52570,2.12.6,2,12,6,630
52571,0.9.0,0,9,0,108
52572,0.5.0,0,5,0,60
52573,0.3.0,0,3,0,36
52574,0.5.0,0,5,0,60
52575,0.9.0,0,9,0,108
52576,0.9.0,0,9,0,108
52577,0.9.0,0,9,0,108
52578,1.1.0,1,1,0,252
52579,0.9.0,0,9,0,108
52580,0.9.0,0,9,0,108
52581,0.9.0,0,9,0,108
52582,2.2.0,2,2,0,504
52583,0.5.0,0,5,0,60
52584,0.5.0,0,5,0,60
52585,0.9.0,0,9,0,108
52586,0.5.0,0,5,0,60
52587,2.2.0,2,2,0,504
52588,0.5.0,0,5,0,60
52590,1.1.0,1,1,0,252
52591,2.2.0,2,2,0,504
52592,0.5.0,0,5,0,60
52593,0.3.0,0,3,0,36
52594,0.5.0,0,5,0,60
52595,0.5.0,0,5,0,60
52596,0.5.0,0,5,0,60
52597,0.9.0,0,9,0,108
52598,0.9.0,0,9,0,108
52599,0.5.0,0,5,0,60
52600,0.9.0,0,9,0,108
52601,0.3.0,0,3,0,36
52602,0.5.0,0,5,0,60
52603,2.16.6,2,16,6,678
52604,0.9.0,0,9,0,108
52605,1.17.4,1,17,4,448
52606,0.9.0,0,9,0,108
52607,0.9.0,0,9,0,108
52608,2.2.0,2,2,0,504
52609,0.5.0,0,5,0,60
52610,0.3.0,0,3,0,36
52611,0.5.0,0,5,0,60
52612,1.1.0,1,1,0,252
52613,0.5.0,0,5,0,60
52614,0.5.0,0,5,0,60
52615,0.5.0,0,5,0,60
52616,0.5.0,0,5,0,60
52617,1.1.0,1,1,0,252
52620,0.9.0,0,9,0,108
52621,0.9.0,0,9,0,108
52622,1.1.0,1,1,0,252
52623,0.9.0,0,9,0,108
52624,2.2.0,2,2,0,504
52625,2.12.6,2,12,6,630
52626,1.1.0,1,1,0,252
52627,1.1.0,1,1,0,252
52628,0.5.0,0,5,0,60
52629,0.5.0,0,5,0,60
52630,0.9.0,0,9,0,108
52631,0.18.0,0,18,0,216
52632,0.5.0,0,5,0,60
52633,0.5.0,0,5,0,60
52634,0.5.0,0,5,0,60
52635,0.9.0,0,9,0,108
52637,0.3.0,0,3,0,36
52638,2.2.0,2,2,0,504
52639,0.9.0,0,9,0,108
52640,0.9.0,0,9,0,108
52641,0.5.0,0,5,0,60
52642,0.5.0,0,5,0,60
52643,0.9.0,0,9,0,108
52644,0.3.0,0,3,0,36
52645,0.5.0,0,5,0,60
52646,0.5.0,0,5,0,60
52647,0.9.0,0,9,0,108
52648,0.5.0,0,5,0,60
52649,0.5.0,0,5,0,60
52650,0.5.0,0,5,0,60
52651,0.5.0,0,5,0,60
52652,0.5.0,0,5,0,60
52653,0.5.0,0,5,0,60
52654,0.9.0,0,9,0,108
52655,0.3.0,0,3,0,36
52656,0.5.0,0,5,0,60
52657,0.5.0,0,5,0,60
52658,0.5.0,0,5,0,60
52659,0.5.0,0,5,0,60
52660,2.12.6,2,12,6,630
52661,2.2.0,2,2,0,504
52662,0.3.0,0,3,0,36
52663,0.5.0,0,5,0,60
52664,0.9.0,0,9,0,108
52665,0.9.0,0,9,0,108
52666,0.3.0,0,3,0,36
52667,0.5.0,0,5,0,60
52668,0.9.0,0,9,0,108
52669,0.9.0,0,9,0,108
52670,0.9.0,0,9,0,108
52671,1.1.0,1,1,0,252
52672,0.3.0,0,3,0,36
52673,0.9.0,0,9,0,108
52674,0.9.0,0,9,0,108
52675,1.1.0,1,1,0,252
52676,1.1.0,1,1,0,252
52677,0.9.0,0,9,0,108
52678,0.5.0,0,5,0,60
52679,0.5.0,0,5,0,60
52680,0.5.0,0,5,0,60
52681,0.5.0,0,5,0,60
52682,0.3.0,0,3,0,36
52683,0.5.0,0,5,0,60
52684,0.9.0,0,9,0,108
52685,0.10.0,0,10,0,120
52686,0.3.0,0,3,0,36
52687,0.5.0,0,5,0,60
52688,0.5.0,0,5,0,60
52689,0.9.0,0,9,0,108
52690,2.12.6,2,12,6,630
52691,0.5.0,0,5,0,60
52692,0.9.0,0,9,0,108
52693,0.5.0,0,5,0,60
52694,0.3.0,0,3,0,36
52695,1.1.0,1,1,0,252
52696,0.5.0,0,5,0,60
52697,2.12.6,2,12,6,630
52698,0.5.0,0,5,0,60
52699,0.5.0,0,5,0,60
52700,0.9.0,0,9,0,108
52701,0.5.0,0,5,0,60
52702,2.2.0,2,2,0,504
52703,1.1.0,1,1,0,252
52704,0.5.0,0,5,0,60
52705,0.3.0,0,3,0,36
52706,0.5.0,0,5,0,60
52707,0.5.0,0,5,0,60
52708,0.5.0,0,5,0,60
52709,0.9.0,0,9,0,108
52710,0.5.0,0,5,0,60
52711,2.2.0,2,2,0,504
52712,1.1.0,1,1,0,252
52713,0.9.0,0,9,0,108
52714,0.5.0,0,5,0,60
52715,1.1.0,1,1,0,252
52716,0.3.0,0,3,0,36
52717,0.9.0,0,9,0,108
52718,0.9.0,0,9,0,108
52719,0.5.0,0,5,0,60
52720,0.5.0,0,5,0,60
52721,1.1.0,1,1,0,252
52722,0.5.0,0,5,0,60
52723,0.9.0,0,9,0,108
52724,0.9.0,0,9,0,108
52725,0.5.0,0,5,0,60
52726,0.9.0,0,9,0,108
52727,0.5.0,0,5,0,60
52728,0.5.0,0,5,0,60
52729,1.1.0,1,1,0,252
52731,0.5.0,0,5,0,60
52732,0.9.0,0,9,0,108
52733,0.5.0,0,5,0,60
52734,0.5.0,0,5,0,60
52735,1.1.0,1,1,0,252
52736,1.1.0,1,1,0,252
52737,0.5.0,0,5,0,60
52738,0.3.0,0,3,0,36
52739,0.9.0,0,9,0,108
52740,0.5.0,0,5,0,60
52741,0.3.0,0,3,0,36
52742,0.5.0,0,5,0,60
52743,0.5.0,0,5,0,60
52744,0.9.0,0,9,0,108
52745,0.9.0,0,9,0,108
52746,0.5.0,0,5,0,60
52747,0.5.0,0,5,0,60
52748,0.5.0,0,5,0,60
52749,0.5.0,0,5,0,60
52750,1.1.0,1,1,0,252
52751,2.2.0,2,2,0,504
52752,1.1.0,1,1,0,252
52753,0.5.0,0,5,0,60
52754,0.5.0,0,5,0,60
52756,0.5.0,0,5,0,60
52757,0.5.0,0,5,0,60
52758,0.5.0,0,5,0,60
52759,0.3.0,0,3,0,36
52760,1.1.0,1,1,0,252
52761,1.1.0,1,1,0,252
52762,0.9.0,0,9,0,108
52763,0.5.0,0,5,0,60
52764,0.5.0,0,5,0,60
52765,0.9.0,0,9,0,108
52766,0.9.0,0,9,0,108
52767,0.9.0,0,9,0,108
52768,0.5.0,0,5,0,60
52769,0.5.0,0,5,0,60
52770,0.5.0,0,5,0,60
52771,0.3.0,0,3,0,36
52772,0.9.0,0,9,0,108
52773,1.1.0,1,1,0,252
52774,0.5.0,0,5,0,60
52775,1.1.0,1,1,0,252
52776,0.9.0,0,9,0,108
52777,0.9.0,0,9,0,108
52778,0.9.0,0,9,0,108
52779,0.5.0,0,5,0,60
52780,0.5.0,0,5,0,60
52781,0.5.0,0,5,0,60
52782,0.5.0,0,5,0,60
52783,0.5.0,0,5,0,60
52784,0.5.0,0,5,0,60
52785,2.12.6,2,12,6,630
52786,0.9.0,0,9,0,108
52787,0.5.0,0,5,0,60
52788,0.9.0,0,9,0,108
52790,1.1.0,1,1,0,252
52791,0.9.0,0,9,0,108
52792,2.12.6,2,12,6,630
52794,0.5.0,0,5,0,60
52795,0.9.0,0,9,0,108
52796,1.1.0,1,1,0,252
52797,0.5.0,0,5,0,60
52798,0.5.0,0,5,0,60
52799,0.5.0,0,5,0,60
52800,0.9.0,0,9,0,108
52801,2.2.0,2,2,0,504
52802,0.5.0,0,5,0,60
52803,0.9.0,0,9,0,108
52804,0.5.0,0,5,0,60
52805,0.5.0,0,5,0,60
52806,1.1.0,1,1,0,252
52807,1.1.0,1,1,0,252
52808,0.5.0,0,5,0,60
52809,0.5.0,0,5,0,60
52810,0.9.0,0,9,0,108
52811,1.1.0,1,1,0,252
52812,0.3.0,0,3,0,36
52813,0.3.0,0,3,0,36
52814,0.5.0,0,5,0,60
52815,0.5.0,0,5,0,60
52817,0.5.0,0,5,0,60
52818,0.9.0,0,9,0,108
52819,0.9.0,0,9,0,108
52820,1.1.0,1,1,0,252
52821,0.9.0,0,9,0,108
52822,0.3.0,0,3,0,36
52823,0.3.0,0,3,0,36
52825,1.1.0,1,1,0,252
52826,0.5.0,0,5,0,60
52827,0.5.0,0,5,0,60
52828,0.9.0,0,9,0,108
52829,0.9.0,0,9,0,108
52830,0.9.0,0,9,0,108
52831,0.5.0,0,5,0,60
52832,0.5.0,0,5,0,60
52833,0.5.0,0,5,0,60
52834,0.3.0,0,3,0,36
52835,0.5.0,0,5,0,60
52836,0.9.0,0,9,0,108
52837,0.5.0,0,5,0,60
52838,0.5.0,0,5,0,60
52839,0.5.0,0,5,0,60
52840,1.1.0,1,1,0,252
52841,0.9.0,0,9,0,108
52842,0.3.0,0,3,0,36
52843,0.9.0,0,9,0,108
52844,0.3.0,0,3,0,36
52846,0.5.0,0,5,0,60
52847,0.9.0,0,9,0,108
52848,0.9.0,0,9,0,108
52849,0.9.0,0,9,0,108
52850,0.9.0,0,9,0,108
52851,0.5.0,0,5,0,60
52852,0.9.0,0,9,0,108
52853,0.5.0,0,5,0,60
52854,0.5.0,0,5,0,60
52855,0.5.0,0,5,0,60
52856,0.3.0,0,3,0,36
52857,0.5.0,0,5,0,60
52858,0.5.0,0,5,0,60
52859,0.5.0,0,5,0,60
52860,0.9.0,0,9,0,108
52861,0.9.0,0,9,0,108
52862,0.5.0,0,5,0,60
52863,0.5.0,0,5,0,60
52864,0.9.0,0,9,0,108
52865,0.5.0,0,5,0,60
52866,0.5.0,0,5,0,60
52867,0.9.0,0,9,0,108
52868,0.9.0,0,9,0,108
52869,0.9.0,0,9,0,108
52870,1.1.0,1,1,0,252
52871,0.9.0,0,9,0,108
52872,0.5.0,0,5,0,60
52873,0.3.0,0,3,0,36
52874,0.5.0,0,5,0,60
52875,0.9.0,0,9,0,108
52876,0.5.0,0,5,0,60
52877,0.9.0,0,9,0,108
52878,0.5.0,0,5,0,60
52879,0.5.0,0,5,0,60
52880,0.5.0,0,5,0,60
52881,0.5.0,0,5,0,60
52882,0.9.0,0,9,0,108
52883,0.3.0,0,3,0,36
52884,0.3.0,0,3,0,36
52885,1.1.0,1,1,0,252
52886,0.9.0,0,9,0,108
52887,0.9.0,0,9,0,108
52888,0.5.0,0,5,0,60
52889,0.9.0,0,9,0,108
52890,0.5.0,0,5,0,60
52891,0.5.0,0,5,0,60
52892,0.3.0,0,3,0,36
52893,0.5.0,0,5,0,60
52894,0.18.0,0,18,0,216
52896,0.3.0,0,3,0,36
52897,1.1.0,1,1,0,252
52898,0.9.0,0,9,0,108
52900,0.9.0,0,9,0,108
52901,1.1.0,1,1,0,252
52902,0.9.0,0,9,0,108
52903,0.9.0,0,9,0,108
52904,0.5.0,0,5,0,60
52905,2.2.0,2,2,0,504
52906,0.12.0,0,12,0,144
52907,0.9.0,0,9,0,108
52908,0.3.0,0,3,0,36
52909,0.9.0,0,9,0,108
52910,0.9.0,0,9,0,108
52911,0.3.0,0,3,0,36
52912,0.3.0,0,3,0,36
52913,0.9.0,0,9,0,108
52914,0.9.0,0,9,0,108
52916,2.2.0,2,2,0,504
52917,0.5.0,0,5,0,60
52918,0.5.0,0,5,0,60
52919,1.1.0,1,1,0,252
52920,0.3.0,0,3,0,36
52921,0.5.0,0,5,0,60
52922,0.5.0,0,5,0,60
52923,1.1.0,1,1,0,252
52924,0.5.0,0,5,0,60
52926,0.10.0,0,10,0,120
52927,0.5.0,0,5,0,60
52928,0.9.0,0,9,0,108
52929,0.5.0,0,5,0,60
52930,0.9.0,0,9,0,108
52931,0.5.0,0,5,0,60
52932,0.5.0,0,5,0,60
52933,0.3.0,0,3,0,36
52934,1.1.0,1,1,0,252
52935,0.5.0,0,5,0,60
52937,2.12.6,2,12,6,630
52938,0.18.0,0,18,0,216
52939,0.9.0,0,9,0,108
52940,0.5.0,0,5,0,60
52941,0.3.0,0,3,0,36
52942,0.5.0,0,5,0,60
52943,0.5.0,0,5,0,60
52944,2.12.6,2,12,6,630
52945,0.5.0,0,5,0,60
52946,0.5.0,0,5,0,60
52947,0.5.0,0,5,0,60
52948,0.5.0,0,5,0,60
52949,0.9.0,0,9,0,108
52950,0.3.0,0,3,0,36
52951,2.2.0,2,2,0,504
52953,1.1.0,1,1,0,252
52954,0.5.0,0,5,0,60
52955,0.9.0,0,9,0,108
52956,0.5.0,0,5,0,60
52957,1.1.0,1,1,0,252
52958,0.3.0,0,3,0,36
52959,0.5.0,0,5,0,60
52960,0.9.0,0,9,0,108
52961,0.5.0,0,5,0,60
52962,0.10.0,0,10,0,120
52963,0.9.0,0,9,0,108
52964,0.9.0,0,9,0,108
52965,0.5.0,0,5,0,60
52966,0.9.0,0,9,0,108
52967,0.3.0,0,3,0,36
52968,1.1.0,1,1,0,252
52969,0.5.0,0,5,0,60
52970,2.2.0,2,2,0,504
52971,0.5.0,0,5,0,60
52972,0.5.0,0,5,0,60
52973,0.5.0,0,5,0,60
52974,0.9.0,0,9,0,108
52975,0.5.0,0,5,0,60
52976,0.5.0,0,5,0,60
52977,0.9.0,0,9,0,108
52978,0.9.0,0,9,0,108
52979,0.9.0,0,9,0,108
52980,1.1.0,1,1,0,252
52981,0.5.0,0,5,0,60
52982,0.5.0,0,5,0,60
52983,0.5.0,0,5,0,60
52984,0.9.0,0,9,0,108
52985,0.5.0,0,5,0,60
52986,0.9.0,0,9,0,108
52987,0.9.0,0,9,0,108
52988,0.5.0,0,5,0,60
52989,0.3.0,0,3,0,36
52990,0.3.0,0,3,0,36
52991,0.9.0,0,9,0,108
52992,0.9.0,0,9,0,108
52994,0.9.0,0,9,0,108
52995,0.5.0,0,5,0,60
52996,0.5.0,0,5,0,60
52997,0.5.0,0,5,0,60
52998,0.5.0,0,5,0,60
52999,0.12.0,0,12,0,144
53000,0.5.0,0,5,0,60
53001,0.9.0,0,9,0,108
53002,0.5.0,0,5,0,60
53003,0.9.0,0,9,0,108
53004,0.9.0,0,9,0,108
53005,2.2.0,2,2,0,504
53006,1.1.0,1,1,0,252
53007,0.5.0,0,5,0,60
53008,1.1.0,1,1,0,252
53009,1.1.0,1,1,0,252
53010,0.5.0,0,5,0,60
53011,0.5.0,0,5,0,60
53012,0.5.0,0,5,0,60
53013,0.5.0,0,5,0,60
53014,0.5.0,0,5,0,60
53015,0.5.0,0,5,0,60
53016,0.9.0,0,9,0,108
53017,0.5.0,0,5,0,60
53018,0.5.0,0,5,0,60
53019,0.5.0,0,5,0,60
53020,1.1.0,1,1,0,252
53021,0.9.0,0,9,0,108
53022,0.1.6,0,1,6,18
53023,0.2.6,0,2,6,30
53024,0.5.0,0,5,0,60
53025,0.5.0,0,5,0,60
53026,0.5.0,0,5,0,60
53027,0.5.0,0,5,0,60
53028,0.9.0,0,9,0,108
53029,0.5.0,0,5,0,60
53030,0.9.0,0,9,0,108
53031,2.12.6,2,12,6,630
53032,0.9.0,0,9,0,108
53033,1.1.0,1,1,0,252
53034,0.9.0,0,9,0,108
53037,0.5.0,0,5,0,60
53038,1.1.0,1,1,0,252
53039,0.9.0,0,9,0,108
53040,0.5.0,0,5,0,60
53041,0.5.0,0,5,0,60
53042,1.1.0,1,1,0,252
53043,0.5.0,0,5,0,60
53044,1.1.0,1,1,0,252
53045,0.5.0,0,5,0,60
53046,0.9.0,0,9,0,108
53047,0.9.0,0,9,0,108
53048,1.1.0,1,1,0,252
53049,0.9.0,0,9,0,108
53050,0.9.0,0,9,0,108
53051,0.9.0,0,9,0,108
53052,2.12.6,2,12,6,630
53054,1.1.0,1,1,0,252
53055,0.9.0,0,9,0,108
53056,1.1.0,1,1,0,252
53057,1.1.0,1,1,0,252
53058,0.9.0,0,9,0,108
53059,0.3.0,0,3,0,36
53060,0.5.0,0,5,0,60
53061,0.5.0,0,5,0,60
53062,0.5.0,0,5,0,60
53063,0.9.0,0,9,0,108
53064,0.9.0,0,9,0,108
53065,0.9.0,0,9,0,108
53066,0.9.0,0,9,0,108
53067,1.1.0,1,1,0,252
53068,0.5.0,0,5,0,60
53069,0.5.0,0,5,0,60
53070,0.9.0,0,9,0,108
53071,0.5.0,0,5,0,60
53072,0.9.0,0,9,0,108
53073,0.9.0,0,9,0,108
53074,0.5.0,0,5,0,60
53075,0.9.0,0,9,0,108
53076,0.9.0,0,9,0,108
53077,0.5.0,0,5,0,60
53078,0.9.0,0,9,0,108
53079,0.5.0,0,5,0,60
53080,0.5.0,0,5,0,60
53081,0.5.0,0,5,0,60
53082,0.9.0,0,9,0,108
53083,0.5.0,0,5,0,60
53084,1.1.0,1,1,0,252
53085,0.5.0,0,5,0,60
53086,0.5.0,0,5,0,60
53087,0.9.0,0,9,0,108
53088,1.1.0,1,1,0,252
53089,0.5.0,0,5,0,60
53090,0.5.0,0,5,0,60
53091,1.1.0,1,1,0,252
53092,0.5.0,0,5,0,60
53093,0.3.0,0,3,0,36
53094,0.5.0,0,5,0,60
53095,0.3.0,0,3,0,36
53096,0.5.0,0,5,0,60
53097,0.5.0,0,5,0,60
53098,0.5.0,0,5,0,60
53099,0.3.0,0,3,0,36
53100,0.5.0,0,5,0,60
53101,0.9.0,0,9,0,108
53102,0.12.0,0,12,0,144
53103,0.3.0,0,3,0,36
53104,0.12.0,0,12,0,144
53105,0.3.0,0,3,0,36
53106,0.5.0,0,5,0,60
53107,0.9.0,0,9,0,108
53108,0.18.0,0,18,0,216
53109,0.5.0,0,5,0,60
53110,0.9.0,0,9,0,108
53111,0.5.0,0,5,0,60
53112,0.5.0,0,5,0,60
53113,0.9.0,0,9,0,108
53114,0.5.0,0,5,0,60
53115,0.5.0,0,5,0,60
53116,0.5.0,0,5,0,60
53117,0.5.0,0,5,0,60
53118,0.9.0,0,9,0,108
53119,0.9.0,0,9,0,108
53120,0.3.0,0,3,0,36
53121,0.5.0,0,5,0,60
53122,0.10.0,0,10,0,120
53123,0.5.0,0,5,0,60
53124,1.1.0,1,1,0,252
53125,1.1.0,1,1,0,252
53126,0.5.0,0,5,0,60
53127,0.9.0,0,9,0,108
53128,0.9.0,0,9,0,108
53129,0.5.0,0,5,0,60
53130,0.3.0,0,3,0,36
53131,0.5.0,0,5,0,60
53132,0.9.0,0,9,0,108
53133,0.5.0,0,5,0,60
53134,0.9.0,0,9,0,108
53135,0.5.0,0,5,0,60
53136,0.5.0,0,5,0,60
53137,9.0.0,9,0,0,2160
53138,2.2.0,2,2,0,504
53139,0.9.0,0,9,0,108
53140,0.5.0,0,5,0,60
53141,0.5.0,0,5,0,60
53142,0.5.0,0,5,0,60
53143,0.9.0,0,9,0,108
53144,0.5.0,0,5,0,60
53145,0.9.0,0,9,0,108
53146,1.1.0,1,1,0,252
53147,0.3.0,0,3,0,36
53148,0.3.0,0,3,0,36
53150,0.5.0,0,5,0,60
53151,0.5.0,0,5,0,60
53152,0.5.0,0,5,0,60
53153,0.5.0,0,5,0,60
53154,0.9.0,0,9,0,108
53155,1.1.0,1,1,0,252
53156,0.5.0,0,5,0,60
53157,0.5.0,0,5,0,60
53158,0.5.0,0,5,0,60
53159,1.1.0,1,1,0,252
53160,0.5.0,0,5,0,60
53161,2.2.0,2,2,0,504
53162,2.2.0,2,2,0,504
53163,0.5.0,0,5,0,60
53164,1.1.0,1,1,0,252
53165,0.5.0,0,5,0,60
53166,0.3.0,0,3,0,36
53168,0.5.0,0,5,0,60
53170,0.5.0,0,5,0,60
53171,1.1.0,1,1,0,252
53172,0.5.0,0,5,0,60
53173,1.1.0,1,1,0,252
53174,1.1.0,1,1,0,252
53175,0.5.0,0,5,0,60
53176,0.3.0,0,3,0,36
53177,0.9.0,0,9,0,108
53178,1.1.0,1,1,0,252
53179,1.1.0,1,1,0,252
53180,0.9.0,0,9,0,108
53181,0.5.0,0,5,0,60
53182,0.5.0,0,5,0,60
53183,0.5.0,0,5,0,60
53184,0.9.0,0,9,0,108
53185,0.5.0,0,5,0,60
53186,2.2.0,2,2,0,504
53187,1.1.0,1,1,0,252
53188,1.1.0,1,1,0,252
53189,1.1.0,1,1,0,252
53190,0.5.0,0,5,0,60
53191,0.3.0,0,3,0,36
53192,1.1.0,1,1,0,252
53193,0.5.0,0,5,0,60
53194,0.5.0,0,5,0,60
53195,0.5.0,0,5,0,60
53196,1.1.0,1,1,0,252
53197,0.9.0,0,9,0,108
53198,0.5.0,0,5,0,60
53199,0.5.0,0,5,0,60
53200,0.5.0,0,5,0,60
53201,0.5.0,0,5,0,60
53202,0.5.0,0,5,0,60
53203,0.9.0,0,9,0,108
53204,0.5.0,0,5,0,60
53205,0.3.0,0,3,0,36
53206,1.1.0,1,1,0,252
53208,0.5.0,0,5,0,60
53209,0.5.0,0,5,0,60
53210,0.9.0,0,9,0,108
53211,0.5.0,0,5,0,60
53212,0.5.0,0,5,0,60
53213,0.3.0,0,3,0,36
53215,1.1.0,1,1,0,252
53216,1.1.0,1,1,0,252
53217,2.12.6,2,12,6,630
53219,0.5.0,0,5,0,60
53220,0.5.0,0,5,0,60
53221,0.9.0,0,9,0,108
53222,0.9.0,0,9,0,108
53223,0.5.0,0,5,0,60
53224,2.10.6,2,10,6,606
53225,0.9.0,0,9,0,108
53226,0.5.0,0,5,0,60
53227,0.5.0,0,5,0,60
53228,1.1.0,1,1,0,252
53229,0.5.0,0,5,0,60
53230,1.1.0,1,1,0,252
53231,0.5.0,0,5,0,60
53232,0.5.0,0,5,0,60
53233,0.9.0,0,9,0,108
53234,0.5.0,0,5,0,60
53235,0.5.0,0,5,0,60
53236,0.9.0,0,9,0,108
53237,0.5.0,0,5,0,60
53238,0.5.0,0,5,0,60
53239,0.5.0,0,5,0,60
53240,1.1.0,1,1,0,252
53241,0.9.0,0,9,0,108
53242,1.1.0,1,1,0,252
53243,0.5.0,0,5,0,60
53244,2.2.0,2,2,0,504
53245,1.1.0,1,1,0,252
53246,0.5.0,0,5,0,60
53247,0.5.0,0,5,0,60
53248,0.9.0,0,9,0,108
53250,1.1.0,1,1,0,252
53251,0.9.0,0,9,0,108
53252,0.5.0,0,5,0,60
53253,0.5.0,0,5,0,60
53254,0.5.0,0,5,0,60
53255,0.9.0,0,9,0,108
53256,0.5.0,0,5,0,60
53257,0.5.0,0,5,0,60
53258,0.9.0,0,9,0,108
53259,1.1.0,1,1,0,252
53260,1.1.0,1,1,0,252
53261,0.5.0,0,5,0,60
53262,0.5.0,0,5,0,60
53263,0.5.0,0,5,0,60
53264,0.5.0,0,5,0,60
53265,0.5.0,0,5,0,60
53266,0.9.0,0,9,0,108
53267,0.5.0,0,5,0,60
53268,0.5.0,0,5,0,60
53269,0.3.0,0,3,0,36
53270,0.5.0,0,5,0,60
53271,0.5.0,0,5,0,60
53272,0.9.0,0,9,0,108
53273,0.9.0,0,9,0,108
53275,0.5.0,0,5,0,60
53276,0.9.0,0,9,0,108
53277,1.1.0,1,1,0,252
53278,1.1.0,1,1,0,252
53279,0.9.0,0,9,0,108
53280,0.9.0,0,9,0,108
53281,0.9.0,0,9,0,108
53282,0.5.0,0,5,0,60
53283,0.3.0,0,3,0,36
53284,0.5.0,0,5,0,60
53285,0.9.0,0,9,0,108
53286,2.2.0,2,2,0,504
53287,0.5.0,0,5,0,60
53288,1.1.0,1,1,0,252
53289,1.1.0,1,1,0,252
53290,0.9.0,0,9,0,108
53291,0.3.0,0,3,0,36
53292,0.3.0,0,3,0,36
53293,0.5.0,0,5,0,60
53294,1.1.0,1,1,0,252
53295,0.5.0,0,5,0,60
53296,0.5.0,0,5,0,60
53297,1.1.0,1,1,0,252
53298,0.5.0,0,5,0,60
53299,0.5.0,0,5,0,60
53300,0.3.0,0,3,0,36
53301,2.2.0,2,2,0,504
53302,0.9.0,0,9,0,108
53303,0.9.0,0,9,0,108
53304,1.1.0,1,1,0,252
53307,0.5.0,0,5,0,60
53309,0.9.0,0,9,0,108
53310,0.9.0,0,9,0,108
53311,2.2.0,2,2,0,504
53312,0.9.0,0,9,0,108
53313,0.9.0,0,9,0,108
53314,0.9.0,0,9,0,108
53315,0.5.0,0,5,0,60
53316,0.5.0,0,5,0,60
53317,0.9.0,0,9,0,108
53318,0.9.0,0,9,0,108
53319,0.5.0,0,5,0,60
53320,0.3.0,0,3,0,36
53321,0.5.0,0,5,0,60
53322,2.2.0,2,2,0,504
53323,0.3.0,0,3,0,36
53324,0.5.0,0,5,0,60
53325,0.5.0,0,5,0,60
53326,0.5.0,0,5,0,60
53327,0.3.0,0,3,0,36
53328,0.3.0,0,3,0,36
53329,0.9.0,0,9,0,108
53330,0.5.0,0,5,0,60
53331,0.5.0,0,5,0,60
53332,0.9.0,0,9,0,108
53333,0.9.0,0,9,0,108
53334,0.9.0,0,9,0,108
53335,0.5.0,0,5,0,60
53336,0.9.0,0,9,0,108
53338,0.9.0,0,9,0,108
53339,0.3.0,0,3,0,36
53340,2.2.0,2,2,0,504
53341,0.5.0,0,5,0,60
53342,0.5.0,0,5,0,60
53343,0.5.0,0,5,0,60
53344,0.9.0,0,9,0,108
53345,2.12.6,2,12,6,630
53346,1.1.0,1,1,0,252
53347,1.1.0,1,1,0,252
53348,1.1.0,1,1,0,252
53350,0.5.0,0,5,0,60
53351,0.9.0,0,9,0,108
53352,0.5.0,0,5,0,60
53353,0.9.0,0,9,0,108
53354,1.1.0,1,1,0,252
53355,0.5.0,0,5,0,60
53358,0.3.0,0,3,0,36
53359,0.9.0,0,9,0,108
53360,0.3.0,0,3,0,36
53361,0.5.0,0,5,0,60
53362,0.9.0,0,9,0,108
53363,0.5.0,0,5,0,60
53364,0.5.0,0,5,0,60
53365,2.2.0,2,2,0,504
53367,0.9.0,0,9,0,108
53368,0.5.0,0,5,0,60
53369,0.3.0,0,3,0,36
53371,0.5.0,0,5,0,60
53372,0.5.0,0,5,0,60
53373,0.9.0,0,9,0,108
53374,0.9.0,0,9,0,108
53375,0.9.0,0,9,0,108
53376,0.5.0,0,5,0,60
53377,0.9.0,0,9,0,108
53378,2.2.0,2,2,0,504
53379,2.2.0,2,2,0,504
53380,2.12.6,2,12,6,630
53381,0.5.0,0,5,0,60
53382,0.9.0,0,9,0,108
53383,0.9.0,0,9,0,108
53384,0.5.0,0,5,0,60
53385,0.9.0,0,9,0,108
53386,0.5.0,0,5,0,60
53388,0.5.0,0,5,0,60
53389,0.5.0,0,5,0,60
53390,0.5.0,0,5,0,60
53391,0.5.0,0,5,0,60
53392,0.9.0,0,9,0,108
53393,0.5.0,0,5,0,60
53394,0.5.0,0,5,0,60
53395,0.9.0,0,9,0,108
53396,0.5.0,0,5,0,60
53397,0.5.0,0,5,0,60
53398,1.1.0,1,1,0,252
53399,0.3.0,0,3,0,36
53400,1.1.0,1,1,0,252
53401,1.1.0,1,1,0,252
53402,0.3.0,0,3,0,36
53403,0.5.0,0,5,0,60
53404,0.9.0,0,9,0,108
53405,0.5.0,0,5,0,60
53406,0.5.0,0,5,0,60
53407,0.5.0,0,5,0,60
53408,0.5.0,0,5,0,60
53409,0.5.0,0,5,0,60
53410,0.5.0,0,5,0,60
53411,0.5.0,0,5,0,60
53412,0.18.0,0,18,0,216
53413,0.5.0,0,5,0,60
53414,0.5.0,0,5,0,60
53415,0.5.0,0,5,0,60
53416,0.9.0,0,9,0,108
53417,0.9.0,0,9,0,108
53418,0.5.0,0,5,0,60
53419,0.5.0,0,5,0,60
53420,0.9.0,0,9,0,108
53421,0.3.0,0,3,0,36
53422,1.1.0,1,1,0,252
53423,0.5.0,0,5,0,60
53424,0.9.0,0,9,0,108
53425,1.1.0,1,1,0,252
53426,0.5.0,0,5,0,60
53427,0.9.0,0,9,0,108
53428,0.5.0,0,5,0,60
53429,0.5.0,0,5,0,60
53430,0.9.0,0,9,0,108
53431,0.5.0,0,5,0,60
53432,1.1.0,1,1,0,252
53433,2.2.0,2,2,0,504
53434,0.9.0,0,9,0,108
53435,0.5.0,0,5,0,60
53436,0.12.0,0,12,0,144
53437,0.9.0,0,9,0,108
53438,0.5.0,0,5,0,60
53439,0.5.0,0,5,0,60
53440,0.12.0,0,12,0,144
53441,0.3.0,0,3,0,36
53442,0.5.0,0,5,0,60
53443,0.5.0,0,5,0,60
53444,0.9.0,0,9,0,108
53445,0.9.0,0,9,0,108
53446,0.5.0,0,5,0,60
53448,0.9.0,0,9,0,108
53449,0.5.0,0,5,0,60
53450,0.9.0,0,9,0,108
53451,0.12.0,0,12,0,144
53452,0.9.0,0,9,0,108
53455,0.5.0,0,5,0,60
53456,1.1.0,1,1,0,252
53457,1.1.0,1,1,0,252
53458,0.3.0,0,3,0,36
53459,0.9.0,0,9,0,108
53460,0.5.0,0,5,0,60
53461,0.9.0,0,9,0,108
53462,0.5.0,0,5,0,60
53463,1.1.0,1,1,0,252
53464,0.3.0,0,3,0,36
53465,0.9.0,0,9,0,108
53466,0.5.0,0,5,0,60
53467,0.5.0,0,5,0,60
53468,0.5.0,0,5,0,60
53471,0.3.0,0,3,0,36
53472,1.1.0,1,1,0,252
53473,0.5.0,0,5,0,60
53474,0.5.0,0,5,0,60
53475,0.9.0,0,9,0,108
53476,0.5.0,0,5,0,60
53477,0.5.0,0,5,0,60
53478,0.5.0,0,5,0,60
53479,0.5.0,0,5,0,60
53480,2.2.0,2,2,0,504
53481,0.5.0,0,5,0,60
53483,0.12.0,0,12,0,144
53484,1.1.0,1,1,0,252
53485,0.5.0,0,5,0,60
53486,0.5.0,0,5,0,60
53487,0.5.0,0,5,0,60
53488,0.3.0,0,3,0,36
53489,0.5.0,0,5,0,60
53490,0.9.0,0,9,0,108
53491,0.18.0,0,18,0,216
53492,0.5.0,0,5,0,60
53493,0.5.0,0,5,0,60
53494,0.5.0,0,5,0,60
53495,0.5.0,0,5,0,60
53496,2.2.0,2,2,0,504
53497,0.3.0,0,3,0,36
53498,0.5.0,0,5,0,60
53499,0.5.0,0,5,0,60
53500,0.3.0,0,3,0,36
53501,0.3.0,0,3,0,36
53502,0.9.0,0,9,0,108
53503,0.9.0,0,9,0,108
53504,1.1.0,1,1,0,252
53505,2.12.6,2,12,6,630
53506,0.5.0,0,5,0,60
53507,0.5.0,0,5,0,60
53508,0.5.0,0,5,0,60
53509,0.3.0,0,3,0,36
53510,0.3.0,0,3,0,36
53511,0.5.0,0,5,0,60
53512,0.5.0,0,5,0,60
53513,0.5.0,0,5,0,60
53514,0.5.0,0,5,0,60
53515,0.9.0,0,9,0,108
53516,0.5.0,0,5,0,60
53517,0.5.0,0,5,0,60
53518,2.12.6,2,12,6,630
53519,0.3.0,0,3,0,36
53520,0.9.0,0,9,0,108
53521,0.5.0,0,5,0,60
53522,0.5.0,0,5,0,60
53523,0.9.0,0,9,0,108
53524,0.5.0,0,5,0,60
53525,0.5.0,0,5,0,60
53526,0.5.0,0,5,0,60
53527,0.5.0,0,5,0,60
53528,0.5.0,0,5,0,60
53529,0.5.0,0,5,0,60
53530,0.5.0,0,5,0,60
53531,0.5.0,0,5,0,60
53532,2.2.0,2,2,0,504
53533,0.9.0,0,9,0,108
53534,0.9.0,0,9,0,108
53535,0.5.0,0,5,0,60
53536,0.5.0,0,5,0,60
53537,0.12.0,0,12,0,144
53538,0.9.0,0,9,0,108
53539,0.5.0,0,5,0,60
53541,0.18.0,0,18,0,216
53542,1.1.0,1,1,0,252
53543,0.5.0,0,5,0,60
53544,0.9.0,0,9,0,108
53545,0.5.0,0,5,0,60
53546,0.5.0,0,5,0,60
53547,0.5.0,0,5,0,60
53548,0.5.0,0,5,0,60
53549,0.5.0,0,5,0,60
53550,0.9.0,0,9,0,108
53551,1.1.0,1,1,0,252
53552,0.5.0,0,5,0,60
53553,0.5.0,0,5,0,60
53554,0.9.0,0,9,0,108
53555,0.9.0,0,9,0,108
53556,1.1.0,1,1,0,252
53557,1.1.0,1,1,0,252
53558,0.9.0,0,9,0,108
53559,0.5.0,0,5,0,60
53560,0.5.0,0,5,0,60
53561,1.1.0,1,1,0,252
53562,0.5.0,0,5,0,60
53563,1.1.0,1,1,0,252
53564,0.9.0,0,9,0,108
53565,1.1.0,1,1,0,252
53566,0.5.0,0,5,0,60
53567,0.5.0,0,5,0,60
53568,2.12.6,2,12,6,630
53569,0.5.0,0,5,0,60
53570,0.12.0,0,12,0,144
53571,0.5.0,0,5,0,60
53572,1.1.0,1,1,0,252
53573,1.1.0,1,1,0,252
53574,0.3.0,0,3,0,36
53575,0.3.0,0,3,0,36
53576,0.5.0,0,5,0,60
53577,0.9.0,0,9,0,108
53578,0.5.0,0,5,0,60
53579,1.1.0,1,1,0,252
53580,0.9.0,0,9,0,108
53581,0.12.0,0,12,0,144
53582,1.1.0,1,1,0,252
53583,0.5.0,0,5,0,60
53584,0.9.0,0,9,0,108
53585,0.5.0,0,5,0,60
53586,0.3.0,0,3,0,36
53587,0.3.0,0,3,0,36
53588,0.5.0,0,5,0,60
53589,0.9.0,0,9,0,108
53590,1.1.0,1,1,0,252
53591,0.9.0,0,9,0,108
53593,0.3.0,0,3,0,36
53594,0.3.0,0,3,0,36
53595,0.5.0,0,5,0,60
53596,0.9.0,0,9,0,108
53597,0.5.0,0,5,0,60
53598,0.9.0,0,9,0,108
53599,0.5.0,0,5,0,60
53600,0.5.0,0,5,0,60
53601,0.5.0,0,5,0,60
53602,0.5.0,0,5,0,60
53604,0.5.0,0,5,0,60
53605,0.5.0,0,5,0,60
53606,0.18.0,0,18,0,216
53607,1.1.0,1,1,0,252
53608,0.4.6,0,4,6,54
53609,0.4.6,0,4,6,54
53610,0.4.6,0,4,6,54
53611,0.2.6,0,2,6,30
53612,0.4.6,0,4,6,54
53613,0.4.6,0,4,6,54
53614,0.9.0,0,9,0,108
53615,0.4.6,0,4,6,54
53616,0.4.6,0,4,6,54
53617,0.4.6,0,4,6,54
53618,0.2.6,0,2,6,30
53619,0.10.8,0,10,8,128
53620,0.2.6,0,2,6,30
53621,0.4.6,0,4,6,54
53622,0.9.0,0,9,0,108
53623,0.4.6,0,4,6,54
53624,0.4.6,0,4,6,54
53625,0.4.6,0,4,6,54
53626,0.4.6,0,4,6,54
53627,0.4.6,0,4,6,54
53628,0.4.6,0,4,6,54
53629,0.4.6,0,4,6,54
53630,0.4.6,0,4,6,54
53631,0.4.6,0,4,6,54
53632,0.1.11,0,1,11,23
53633,0.2.6,0,2,6,30
53634,0.9.0,0,9,0,108
53635,0.4.6,0,4,6,54
53636,0.4.6,0,4,6,54
53637,0.4.6,0,4,6,54
53638,0.0.6,0,0,6,6
53639,0.4.6,0,4,6,54
53640,0.2.6,0,2,6,30
53641,0.2.6,0,2,6,30
53642,0.4.6,0,4,6,54
53643,0.4.6,0,4,6,54
53644,0.2.6,0,2,6,30
53645,0.4.6,0,4,6,54
53646,0.4.6,0,4,6,54
53647,0.2.6,0,2,6,30
53648,0.4.6,0,4,6,54
53649,0.4.6,0,4,6,54
53650,0.1.11,0,1,11,23
53651,0.9.0,0,9,0,108
53652,0.0.6,0,0,6,6
53653,0.4.6,0,4,6,54
53654,0.4.6,0,4,6,54
53655,0.4.6,0,4,6,54
53656,0.9.0,0,9,0,108
53657,0.0.3,0,0,3,3
53658,0.0.3,0,0,3,3
53659,0.9.0,0,9,0,108
53660,0.4.6,0,4,6,54
53661,0.9.0,0,9,0,108
53662,0.0.6,0,0,6,6
53663,0.4.6,0,4,6,54
53664,0.10.8,0,10,8,128
53665,0.4.6,0,4,6,54
53666,0.4.6,0,4,6,54
53667,0.4.6,0,4,6,54
53668,0.4.6,0,4,6,54
53669,0.4.6,0,4,6,54
53670,0.4.6,0,4,6,54
53671,0.4.6,0,4,6,54
53672,0.4.6,0,4,6,54
53673,0.4.6,0,4,6,54
53674,0.4.6,0,4,6,54
53675,0.4.6,0,4,6,54
53676,0.4.6,0,4,6,54
53677,0.4.6,0,4,6,54
53678,0.4.6,0,4,6,54
53679,0.4.6,0,4,6,54
53680,0.4.6,0,4,6,54
53681,0.4.6,0,4,6,54
53682,0.4.6,0,4,6,54
53683,0.4.6,0,4,6,54
53684,0.4.6,0,4,6,54
53685,0.4.6,0,4,6,54
53686,0.4.6,0,4,6,54
53687,0.4.6,0,4,6,54
53688,0.2.6,0,2,6,30
53689,0.4.6,0,4,6,54
53690,0.4.6,0,4,6,54
53691,0.4.6,0,4,6,54
53692,0.4.6,0,4,6,54
53693,0.4.6,0,4,6,54
53694,0.2.6,0,2,6,30
53695,0.4.6,0,4,6,54
53696,0.4.6,0,4,6,54
53697,0.4.6,0,4,6,54
53698,0.4.6,0,4,6,54
53699,0.4.6,0,4,6,54
53700,0.4.6,0,4,6,54
53701,0.1.11,0,1,11,23
53702,0.4.6,0,4,6,54
53703,0.2.6,0,2,6,30
53704,0.2.6,0,2,6,30
53705,0.4.6,0,4,6,54
53706,0.4.6,0,4,6,54
53707,0.4.6,0,4,6,54
53708,0.4.6,0,4,6,54
53709,0.4.6,0,4,6,54
53710,0.9.0,0,9,0,108
53711,0.4.6,0,4,6,54
53712,0.4.6,0,4,6,54
53713,0.4.6,0,4,6,54
53714,0.4.6,0,4,6,54
53715,0.4.6,0,4,6,54
53716,0.0.6,0,0,6,6
53717,0.4.6,0,4,6,54
53718,0.4.6,0,4,6,54
53719,0.4.6,0,4,6,54
53720,0.4.6,0,4,6,54
53721,0.4.6,0,4,6,54
53722,0.10.8,0,10,8,128
53723,0.4.6,0,4,6,54
53724,0.2.6,0,2,6,30
53725,0.4.6,0,4,6,54
53726,0.4.6,0,4,6,54
53727,0.0.6,0,0,6,6
53728,0.4.6,0,4,6,54
53729,0.4.6,0,4,6,54
53730,0.2.6,0,2,6,30
53731,0.1.11,0,1,11,23
53732,0.4.6,0,4,6,54
53733,0.9.0,0,9,0,108
53734,0.4.6,0,4,6,54
53735,0.2.6,0,2,6,30
53736,0.4.6,0,4,6,54
53737,0.4.6,0,4,6,54
53738,0.6.8,0,6,8,80
53739,0.4.6,0,4,6,54
53740,0.4.6,0,4,6,54
53741,0.4.6,0,4,6,54
53742,0.4.6,0,4,6,54
53743,0.4.6,0,4,6,54
53744,0.4.6,0,4,6,54
53745,0.4.6,0,4,6,54
53746,0.9.0,0,9,0,108
53747,0.4.6,0,4,6,54
53748,0.4.6,0,4,6,54
53749,0.4.6,0,4,6,54
53750,0.4.6,0,4,6,54
53751,0.4.6,0,4,6,54
53752,0.4.6,0,4,6,54
53753,0.9.0,0,9,0,108
53754,0.9.0,0,9,0,108
53755,0.4.6,0,4,6,54
53756,0.4.6,0,4,6,54
53757,0.4.6,0,4,6,54
53758,0.4.6,0,4,6,54
53759,0.1.11,0,1,11,23
53760,0.4.6,0,4,6,54
53761,0.1.11,0,1,11,23
53762,0.1.11,0,1,11,23
53763,0.1.11,0,1,11,23
53764,0.4.6,0,4,6,54
53765,0.4.6,0,4,6,54
53766,0.4.6,0,4,6,54
53767,0.4.6,0,4,6,54
53768,0.4.6,0,4,6,54
53769,0.4.6,0,4,6,54
53770,0.4.6,0,4,6,54
53771,0.4.6,0,4,6,54
53772,0.4.6,0,4,6,54
53773,0.4.6,0,4,6,54
53774,0.4.6,0,4,6,54
53775,0.4.6,0,4,6,54
53776,0.9.0,0,9,0,108
53777,0.6.8,0,6,8,80
53778,0.4.6,0,4,6,54
53779,0.4.6,0,4,6,54
53780,0.4.6,0,4,6,54
53781,0.4.6,0,4,6,54
53782,0.4.6,0,4,6,54
53783,0.4.6,0,4,6,54
53784,0.2.6,0,2,6,30
53785,2.0.0,2,0,0,480
53786,0.2.6,0,2,6,30
53787,0.4.6,0,4,6,54
53788,0.9.0,0,9,0,108
53789,0.4.6,0,4,6,54
53790,0.9.0,0,9,0,108
53791,0.4.6,0,4,6,54
53792,0.10.8,0,10,8,128
53793,0.4.6,0,4,6,54
53794,0.9.0,0,9,0,108
53795,0.2.6,0,2,6,30
53796,0.4.6,0,4,6,54
53797,0.4.6,0,4,6,54
53798,0.4.6,0,4,6,54
53799,0.4.6,0,4,6,54
53800,0.4.6,0,4,6,54
53801,0.9.0,0,9,0,108
53802,0.4.6,0,4,6,54
53803,0.2.6,0,2,6,30
53804,0.9.0,0,9,0,108
53805,0.1.11,0,1,11,23
53806,0.4.6,0,4,6,54
53807,0.4.6,0,4,6,54
53808,0.4.6,0,4,6,54
53809,0.4.6,0,4,6,54
53810,0.4.6,0,4,6,54
53811,0.4.6,0,4,6,54
53812,0.4.6,0,4,6,54
53813,0.4.6,0,4,6,54
53814,0.6.8,0,6,8,80
53815,0.4.6,0,4,6,54
53816,0.4.6,0,4,6,54
53817,0.9.0,0,9,0,108
53818,0.4.6,0,4,6,54
53819,0.4.6,0,4,6,54
53820,0.4.6,0,4,6,54
53821,0.4.6,0,4,6,54
53822,0.4.6,0,4,6,54
53823,0.4.6,0,4,6,54
53824,0.1.11,0,1,11,23
53825,0.4.6,0,4,6,54
53826,0.4.6,0,4,6,54
53827,0.2.6,0,2,6,30
53828,0.1.11,0,1,11,23
53829,0.4.6,0,4,6,54
53830,0.4.6,0,4,6,54
53831,0.4.6,0,4,6,54
53832,0.13.4,0,13,4,160
53833,0.4.6,0,4,6,54
53834,0.1.11,0,1,11,23
53835,0.4.6,0,4,6,54
53836,0.9.0,0,9,0,108
53837,0.4.6,0,4,6,54
53838,0.4.6,0,4,6,54
53839,0.4.6,0,4,6,54
53840,0.4.6,0,4,6,54
53841,0.4.6,0,4,6,54
53842,0.4.6,0,4,6,54
53843,0.4.6,0,4,6,54
53844,0.4.6,0,4,6,54
53845,0.4.6,0,4,6,54
53846,0.2.6,0,2,6,30
53847,0.4.6,0,4,6,54
53848,0.4.6,0,4,6,54
53849,0.4.6,0,4,6,54
53850,0.4.6,0,4,6,54
53851,0.9.0,0,9,0,108
53852,0.4.6,0,4,6,54
53853,0.4.6,0,4,6,54
53854,0.2.6,0,2,6,30
53855,0.4.6,0,4,6,54
53856,0.4.6,0,4,6,54
53857,0.9.0,0,9,0,108
53858,0.4.6,0,4,6,54
53859,0.4.6,0,4,6,54
53860,0.4.6,0,4,6,54
53861,0.4.6,0,4,6,54
53862,0.4.6,0,4,6,54
53863,0.4.6,0,4,6,54
53864,0.6.8,0,6,8,80
53865,0.4.6,0,4,6,54
53866,0.4.6,0,4,6,54
53867,0.6.8,0,6,8,80
53868,0.0.6,0,0,6,6
53869,0.4.6,0,4,6,54
53870,0.6.8,0,6,8,80
53871,0.4.6,0,4,6,54
53872,0.9.0,0,9,0,108
53873,0.9.0,0,9,0,108
53874,0.4.6,0,4,6,54
53875,0.4.6,0,4,6,54
53876,0.4.6,0,4,6,54
53877,0.4.6,0,4,6,54
53878,0.4.6,0,4,6,54
53879,0.4.6,0,4,6,54
53880,0.2.6,0,2,6,30
53881,0.4.6,0,4,6,54
53882,0.4.6,0,4,6,54
53883,0.4.6,0,4,6,54
53884,0.4.6,0,4,6,54
53885,0.4.6,0,4,6,54
53886,0.4.6,0,4,6,54
53887,0.4.6,0,4,6,54
53888,0.4.6,0,4,6,54
53889,0.4.6,0,4,6,54
53890,0.4.6,0,4,6,54
53891,0.4.6,0,4,6,54
53892,0.1.11,0,1,11,23
53893,0.9.0,0,9,0,108
53894,0.4.6,0,4,6,54
53895,0.4.6,0,4,6,54
53896,0.1.11,0,1,11,23
53897,0.1.11,0,1,11,23
53898,0.4.6,0,4,6,54
53899,0.4.6,0,4,6,54
53900,0.4.6,0,4,6,54
53901,0.2.6,0,2,6,30
53902,0.4.6,0,4,6,54
53903,0.4.6,0,4,6,54
53904,0.4.6,0,4,6,54
53905,0.0.6,0,0,6,6
53906,0.4.6,0,4,6,54
53907,0.4.6,0,4,6,54
53908,0.4.6,0,4,6,54
53909,0.4.6,0,4,6,54
53910,0.4.6,0,4,6,54
53911,0.2.6,0,2,6,30
53912,0.2.6,0,2,6,30
53913,0.10.8,0,10,8,128
53914,0.4.6,0,4,6,54
53915,0.4.6,0,4,6,54
53916,0.4.6,0,4,6,54
53917,0.4.6,0,4,6,54
53918,0.9.0,0,9,0,108
53919,0.0.6,0,0,6,6
53920,0.2.6,0,2,6,30
53921,0.4.6,0,4,6,54
53922,0.4.6,0,4,6,54
53923,0.13.4,0,13,4,160
53924,0.1.11,0,1,11,23
53925,0.4.6,0,4,6,54
53926,0.0.6,0,0,6,6
53927,0.4.6,0,4,6,54
53928,0.4.6,0,4,6,54
53929,0.4.6,0,4,6,54
53930,0.4.6,0,4,6,54
53931,0.4.6,0,4,6,54
53932,0.4.6,0,4,6,54
53933,0.4.6,0,4,6,54
53934,0.4.6,0,4,6,54
53935,0.4.6,0,4,6,54
53936,0.4.6,0,4,6,54
53937,0.4.6,0,4,6,54
53938,0.2.6,0,2,6,30
53939,0.1.11,0,1,11,23
53940,0.6.8,0,6,8,80
53941,0.4.6,0,4,6,54
53942,0.4.6,0,4,6,54
53943,0.4.6,0,4,6,54
53944,0.2.6,0,2,6,30
53945,0.2.6,0,2,6,30
53946,0.1.11,0,1,11,23
53947,0.9.0,0,9,0,108
53948,0.4.6,0,4,6,54
53949,0.4.6,0,4,6,54
53950,0.1.11,0,1,11,23
53951,0.10.8,0,10,8,128
53952,0.2.6,0,2,6,30
53953,0.4.6,0,4,6,54
53954,0.4.6,0,4,6,54
53955,0.4.6,0,4,6,54
53956,2.0.0,2,0,0,480
53957,0.1.11,0,1,11,23
53958,0.4.6,0,4,6,54
53959,0.1.11,0,1,11,23
53960,0.4.6,0,4,6,54
53961,0.4.6,0,4,6,54
53962,0.2.6,0,2,6,30
53963,0.4.6,0,4,6,54
53964,0.4.6,0,4,6,54
53965,0.13.4,0,13,4,160
53966,0.4.6,0,4,6,54
53967,0.4.6,0,4,6,54
53968,0.4.6,0,4,6,54
53969,0.4.6,0,4,6,54
53970,2.0.0,2,0,0,480
53971,0.4.6,0,4,6,54
53972,0.4.6,0,4,6,54
53973,0.4.6,0,4,6,54
53974,0.4.6,0,4,6,54
53975,0.2.6,0,2,6,30
53976,0.4.6,0,4,6,54
53977,0.4.6,0,4,6,54
53978,0.2.6,0,2,6,30
53979,0.4.6,0,4,6,54
53980,0.4.6,0,4,6,54
53981,0.4.6,0,4,6,54
53982,0.1.11,0,1,11,23
53983,0.4.6,0,4,6,54
53984,0.1.11,0,1,11,23
53985,0.9.0,0,9,0,108
53986,0.2.6,0,2,6,30
53987,0.4.6,0,4,6,54
53988,0.4.6,0,4,6,54
53989,0.4.6,0,4,6,54
53990,0.4.6,0,4,6,54
53991,0.4.6,0,4,6,54
53992,0.4.6,0,4,6,54
53993,0.4.6,0,4,6,54
53994,0.2.6,0,2,6,30
53995,0.4.6,0,4,6,54
53996,0.4.6,0,4,6,54
53997,0.4.6,0,4,6,54
53998,0.4.6,0,4,6,54
53999,0.4.6,0,4,6,54
54000,0.4.6,0,4,6,54
54001,0.4.6,0,4,6,54
54002,0.4.6,0,4,6,54
54003,0.4.6,0,4,6,54
54004,0.9.0,0,9,0,108
54005,0.4.6,0,4,6,54
54006,0.4.6,0,4,6,54
54007,0.4.6,0,4,6,54
54008,0.4.6,0,4,6,54
54009,0.4.6,0,4,6,54
54010,0.4.6,0,4,6,54
54011,0.0.6,0,0,6,6
54012,0.4.6,0,4,6,54
54013,0.4.6,0,4,6,54
54014,0.4.6,0,4,6,54
54015,0.4.6,0,4,6,54
54016,0.4.6,0,4,6,54
54017,0.2.6,0,2,6,30
54018,0.4.6,0,4,6,54
54019,0.4.6,0,4,6,54
54020,0.4.6,0,4,6,54
54021,0.2.6,0,2,6,30
54022,0.4.6,0,4,6,54
54023,0.4.6,0,4,6,54
54024,0.4.6,0,4,6,54
54025,0.2.6,0,2,6,30
54026,0.4.6,0,4,6,54
54027,0.4.6,0,4,6,54
54028,0.4.6,0,4,6,54
54029,0.4.6,0,4,6,54
54030,0.2.6,0,2,6,30
54031,0.4.6,0,4,6,54
54032,0.4.6,0,4,6,54
54033,0.4.6,0,4,6,54
54034,0.2.6,0,2,6,30
54035,0.2.6,0,2,6,30
54036,0.4.6,0,4,6,54
54037,0.4.6,0,4,6,54
54038,0.4.6,0,4,6,54
54039,0.4.6,0,4,6,54
54040,0.4.6,0,4,6,54
54041,0.4.6,0,4,6,54
54042,0.4.6,0,4,6,54
54043,0.1.11,0,1,11,23
54044,0.4.6,0,4,6,54
54045,0.4.6,0,4,6,54
54046,0.4.6,0,4,6,54
54047,0.4.6,0,4,6,54
54048,0.4.6,0,4,6,54
54049,0.1.11,0,1,11,23
54050,0.2.6,0,2,6,30
54051,0.4.6,0,4,6,54
54052,0.9.0,0,9,0,108
54053,0.0.6,0,0,6,6
54054,0.2.6,0,2,6,30
54055,0.4.6,0,4,6,54
54056,0.4.6,0,4,6,54
54057,0.4.6,0,4,6,54
54058,0.9.0,0,9,0,108
54059,0.4.6,0,4,6,54
54060,0.1.11,0,1,11,23
54061,0.4.6,0,4,6,54
54062,0.4.6,0,4,6,54
54063,0.4.6,0,4,6,54
54064,0.4.6,0,4,6,54
54065,0.4.6,0,4,6,54
54066,0.4.6,0,4,6,54
54067,0.4.6,0,4,6,54
54068,0.4.6,0,4,6,54
54069,0.4.6,0,4,6,54
54070,0.2.6,0,2,6,30
54071,0.4.6,0,4,6,54
54072,0.2.6,0,2,6,30
54073,0.4.6,0,4,6,54
54074,0.4.6,0,4,6,54
54075,0.9.0,0,9,0,108
54076,0.9.0,0,9,0,108
54077,0.1.11,0,1,11,23
54078,0.1.22,0,1,22,34
54079,0.2.6,0,2,6,30
54080,0.4.6,0,4,6,54
54081,0.4.6,0,4,6,54
54082,0.1.11,0,1,11,23
54083,0.4.6,0,4,6,54
54084,0.2.6,0,2,6,30
54085,0.9.0,0,9,0,108
54086,0.1.22,0,1,22,34
54087,0.4.6,0,4,6,54
54088,0.4.6,0,4,6,54
54089,0.2.6,0,2,6,30
54090,0.4.6,0,4,6,54
54091,0.4.6,0,4,6,54
54092,0.4.6,0,4,6,54
54093,0.0.6,0,0,6,6
54094,0.4.6,0,4,6,54
54095,0.4.6,0,4,6,54
54096,0.4.6,0,4,6,54
54097,0.1.22,0,1,22,34
54098,0.4.6,0,4,6,54
54099,0.2.6,0,2,6,30
54100,0.4.6,0,4,6,54
54101,0.2.6,0,2,6,30
54102,0.9.0,0,9,0,108
54103,0.4.6,0,4,6,54
54104,0.4.6,0,4,6,54
54105,0.4.6,0,4,6,54
54106,0.4.6,0,4,6,54
54107,0.4.6,0,4,6,54
54108,0.2.6,0,2,6,30
54109,0.2.6,0,2,6,30
54110,0.4.6,0,4,6,54
54111,0.0.6,0,0,6,6
54112,0.4.6,0,4,6,54
54113,0.4.6,0,4,6,54
54114,0.1.11,0,1,11,23
54115,0.1.11,0,1,11,23
54116,0.0.6,0,0,6,6
54117,0.4.6,0,4,6,54
54118,0.4.6,0,4,6,54
54119,0.2.6,0,2,6,30
54120,0.4.6,0,4,6,54
54121,0.4.6,0,4,6,54
54122,0.4.6,0,4,6,54
54123,0.2.6,0,2,6,30
54124,0.6.8,0,6,8,80
54125,0.1.11,0,1,11,23
54126,0.4.6,0,4,6,54
54127,0.0.6,0,0,6,6
54128,0.0.6,0,0,6,6
54129,0.4.6,0,4,6,54
54130,0.2.6,0,2,6,30
54131,0.4.6,0,4,6,54
54132,0.1.11,0,1,11,23
54133,0.1.11,0,1,11,23
54134,0.4.6,0,4,6,54
54135,0.4.6,0,4,6,54
54136,0.4.6,0,4,6,54
54137,0.1.11,0,1,11,23
54138,0.0.6,0,0,6,6
54139,0.4.6,0,4,6,54
54140,0.0.6,0,0,6,6
54141,0.4.6,0,4,6,54
54142,0.2.6,0,2,6,30
54143,0.4.6,0,4,6,54
54144,0.2.6,0,2,6,30
54145,0.9.0,0,9,0,108
54146,0.4.6,0,4,6,54
54147,0.4.6,0,4,6,54
54148,0.9.0,0,9,0,108
54149,0.4.6,0,4,6,54
54150,0.9.0,0,9,0,108
54151,0.4.6,0,4,6,54
54152,0.4.6,0,4,6,54
54153,0.2.6,0,2,6,30
54154,0.0.6,0,0,6,6
54155,0.13.4,0,13,4,160
54156,0.4.6,0,4,6,54
54157,0.4.6,0,4,6,54
54158,0.1.11,0,1,11,23
54159,0.4.6,0,4,6,54
54160,0.4.6,0,4,6,54
54161,0.0.6,0,0,6,6
54162,0.9.0,0,9,0,108
54163,0.4.6,0,4,6,54
54164,0.6.8,0,6,8,80
54165,0.4.6,0,4,6,54
54166,0.4.6,0,4,6,54
54167,0.9.0,0,9,0,108
54168,0.4.6,0,4,6,54
54169,0.4.6,0,4,6,54
54170,0.2.6,0,2,6,30
54171,0.1.11,0,1,11,23
54172,0.2.6,0,2,6,30
54173,0.4.6,0,4,6,54
54174,0.0.6,0,0,6,6
54175,0.4.6,0,4,6,54
54176,0.1.11,0,1,11,23
54177,0.4.6,0,4,6,54
54178,0.13.4,0,13,4,160
54179,0.4.6,0,4,6,54
54180,0.4.6,0,4,6,54
54181,0.9.0,0,9,0,108
54182,0.2.6,0,2,6,30
54183,0.4.6,0,4,6,54
54184,0.4.6,0,4,6,54
54185,0.4.6,0,4,6,54
54186,0.1.11,0,1,11,23
54187,0.1.11,0,1,11,23
54188,0.4.6,0,4,6,54
54189,0.4.6,0,4,6,54
54190,0.1.11,0,1,11,23
54191,0.2.6,0,2,6,30
54192,0.4.6,0,4,6,54
54193,0.4.6,0,4,6,54
54194,0.2.6,0,2,6,30
54195,0.4.6,0,4,6,54
54196,0.0.6,0,0,6,6
54197,0.4.6,0,4,6,54
54198,0.1.11,0,1,11,23
54199,0.2.6,0,2,6,30
54200,0.4.6,0,4,6,54
54201,0.4.6,0,4,6,54
54202,0.1.11,0,1,11,23
54203,0.4.6,0,4,6,54
54204,0.0.6,0,0,6,6
54205,0.4.6,0,4,6,54
54206,0.4.6,0,4,6,54
54207,0.4.6,0,4,6,54
54208,0.9.0,0,9,0,108
54209,0.4.6,0,4,6,54
54210,0.13.4,0,13,4,160
54211,0.4.6,0,4,6,54
54212,0.4.6,0,4,6,54
54213,0.4.6,0,4,6,54
54214,0.4.6,0,4,6,54
54215,0.4.6,0,4,6,54
54216,0.4.6,0,4,6,54
54217,0.4.6,0,4,6,54
54218,0.4.6,0,4,6,54
54219,0.2.6,0,2,6,30
54220,0.1.11,0,1,11,23
54221,0.0.6,0,0,6,6
54222,0.0.6,0,0,6,6
54223,0.4.6,0,4,6,54
54224,0.4.6,0,4,6,54
54225,0.2.6,0,2,6,30
54226,0.4.6,0,4,6,54
54227,0.2.6,0,2,6,30
54228,0.4.6,0,4,6,54
54229,0.4.6,0,4,6,54
54230,0.4.6,0,4,6,54
54231,0.0.6,0,0,6,6
54232,0.4.6,0,4,6,54
54233,0.4.6,0,4,6,54
54234,0.2.6,0,2,6,30
54235,0.13.4,0,13,4,160
54236,0.4.6,0,4,6,54
54237,0.4.6,0,4,6,54
54238,0.4.6,0,4,6,54
54239,0.4.6,0,4,6,54
54240,0.4.6,0,4,6,54
54241,0.9.0,0,9,0,108
54242,0.9.0,0,9,0,108
54243,0.4.6,0,4,6,54
54244,0.4.6,0,4,6,54
54245,0.4.6,0,4,6,54
54246,0.4.6,0,4,6,54
54247,0.1.11,0,1,11,23
54248,0.4.6,0,4,6,54
54249,0.4.6,0,4,6,54
54250,0.4.6,0,4,6,54
54251,0.4.6,0,4,6,54
54252,0.4.6,0,4,6,54
54253,0.2.6,0,2,6,30
54254,0.4.6,0,4,6,54
54255,0.4.6,0,4,6,54
54256,0.4.6,0,4,6,54
54257,0.4.6,0,4,6,54
54258,0.1.11,0,1,11,23
54259,0.4.6,0,4,6,54
54260,0.2.6,0,2,6,30
54261,0.2.6,0,2,6,30
54262,0.1.11,0,1,11,23
54263,0.1.11,0,1,11,23
54264,0.4.6,0,4,6,54
54265,0.4.6,0,4,6,54
54266,0.4.6,0,4,6,54
54267,0.1.11,0,1,11,23
54268,0.4.6,0,4,6,54
54269,0.1.11,0,1,11,23
54270,0.4.6,0,4,6,54
54271,0.4.6,0,4,6,54
54272,0.4.6,0,4,6,54
54273,0.4.6,0,4,6,54
54274,0.4.6,0,4,6,54
54275,0.4.6,0,4,6,54
54276,0.9.0,0,9,0,108
54277,0.4.6,0,4,6,54
54278,0.1.11,0,1,11,23
54279,0.4.6,0,4,6,54
54280,0.4.6,0,4,6,54
54281,0.1.11,0,1,11,23
54282,0.2.6,0,2,6,30
54283,0.9.0,0,9,0,108
54284,0.0.6,0,0,6,6
54285,0.4.6,0,4,6,54
54286,0.2.6,0,2,6,30
54287,0.4.6,0,4,6,54
54288,0.4.6,0,4,6,54
54289,0.4.6,0,4,6,54
54290,0.4.6,0,4,6,54
54291,0.4.6,0,4,6,54
54292,0.9.0,0,9,0,108
54293,0.4.6,0,4,6,54
54294,0.4.6,0,4,6,54
54295,0.4.6,0,4,6,54
54296,0.4.6,0,4,6,54
54297,0.2.6,0,2,6,30
54298,0.4.6,0,4,6,54
54299,0.4.6,0,4,6,54
54300,0.4.6,0,4,6,54
54301,0.4.6,0,4,6,54
54302,0.1.11,0,1,11,23
54303,0.0.6,0,0,6,6
54304,0.4.6,0,4,6,54
54305,0.4.6,0,4,6,54
54306,0.4.6,0,4,6,54
54307,0.4.6,0,4,6,54
54308,0.2.6,0,2,6,30
54309,0.4.6,0,4,6,54
54310,0.1.11,0,1,11,23
54311,0.2.6,0,2,6,30
54312,0.4.6,0,4,6,54
54313,0.4.6,0,4,6,54
54314,0.4.6,0,4,6,54
54315,0.2.6,0,2,6,30
54316,0.0.6,0,0,6,6
54317,0.4.6,0,4,6,54
54318,0.4.6,0,4,6,54
54319,2.0.0,2,0,0,480
54320,0.2.6,0,2,6,30
54321,0.1.11,0,1,11,23
54322,0.1.11,0,1,11,23
54323,0.4.6,0,4,6,54
54324,0.4.6,0,4,6,54
54325,0.4.6,0,4,6,54
54326,0.1.11,0,1,11,23
54327,0.9.0,0,9,0,108
54328,0.9.0,0,9,0,108
54329,0.2.6,0,2,6,30
54330,0.9.0,0,9,0,108
54331,0.4.6,0,4,6,54
54332,0.4.6,0,4,6,54
54333,0.4.6,0,4,6,54
54334,0.9.0,0,9,0,108
54335,0.4.6,0,4,6,54
54336,0.4.6,0,4,6,54
54337,0.9.0,0,9,0,108
54338,0.4.6,0,4,6,54
54339,0.2.6,0,2,6,30
54340,0.4.6,0,4,6,54
54341,0.4.6,0,4,6,54
54342,0.4.6,0,4,6,54
54343,0.4.6,0,4,6,54
54344,0.13.4,0,13,4,160
54345,0.4.6,0,4,6,54
54346,0.9.0,0,9,0,108
54347,0.9.0,0,9,0,108
54348,0.4.6,0,4,6,54
54349,0.4.6,0,4,6,54
54350,0.4.6,0,4,6,54
54351,0.4.6,0,4,6,54
54352,0.4.6,0,4,6,54
54353,0.4.6,0,4,6,54
54354,0.4.6,0,4,6,54
54355,0.4.6,0,4,6,54
54356,0.4.6,0,4,6,54
54357,0.4.6,0,4,6,54
54358,0.4.6,0,4,6,54
54359,0.4.6,0,4,6,54
54360,0.4.6,0,4,6,54
54361,0.4.6,0,4,6,54
54362,0.4.6,0,4,6,54
54363,0.4.6,0,4,6,54
54364,0.0.6,0,0,6,6
54365,0.6.8,0,6,8,80
54366,0.4.6,0,4,6,54
54367,0.2.6,0,2,6,30
54368,0.4.6,0,4,6,54
54369,0.4.6,0,4,6,54
54370,0.4.6,0,4,6,54
54371,0.4.6,0,4,6,54
54372,0.0.6,0,0,6,6
54373,0.4.6,0,4,6,54
54374,0.2.6,0,2,6,30
54375,0.2.6,0,2,6,30
54376,0.4.6,0,4,6,54
54377,0.6.8,0,6,8,80
54378,0.4.6,0,4,6,54
54379,0.4.6,0,4,6,54
54380,0.4.6,0,4,6,54
54381,0.1.11,0,1,11,23
54382,0.2.6,0,2,6,30
54383,0.4.6,0,4,6,54
54384,0.4.6,0,4,6,54
54385,0.9.0,0,9,0,108
54386,0.4.6,0,4,6,54
54387,0.4.6,0,4,6,54
54388,0.4.6,0,4,6,54
54389,0.4.6,0,4,6,54
54390,0.4.6,0,4,6,54
54391,0.4.6,0,4,6,54
54392,0.4.6,0,4,6,54
54393,0.2.6,0,2,6,30
54394,0.2.6,0,2,6,30
54395,0.10.8,0,10,8,128
54396,0.13.4,0,13,4,160
54397,0.1.11,0,1,11,23
54398,0.4.6,0,4,6,54
54399,0.4.6,0,4,6,54
54400,0.4.6,0,4,6,54
54401,0.2.6,0,2,6,30
54402,0.4.6,0,4,6,54
54403,0.4.6,0,4,6,54
54404,0.4.6,0,4,6,54
54405,0.4.6,0,4,6,54
54406,0.4.6,0,4,6,54
54407,0.4.6,0,4,6,54
54408,0.4.6,0,4,6,54
54409,0.4.6,0,4,6,54
54410,0.4.6,0,4,6,54
54411,0.4.6,0,4,6,54
54412,0.4.6,0,4,6,54
54413,0.4.6,0,4,6,54
54414,0.4.6,0,4,6,54
54415,0.4.6,0,4,6,54
54416,0.4.6,0,4,6,54
54417,0.2.6,0,2,6,30
54418,0.4.6,0,4,6,54
54419,0.4.6,0,4,6,54
54420,0.4.6,0,4,6,54
54421,0.2.6,0,2,6,30
54422,0.4.6,0,4,6,54
54423,0.4.6,0,4,6,54
54424,0.0.6,0,0,6,6
54425,0.4.6,0,4,6,54
54426,0.4.6,0,4,6,54
54427,0.4.6,0,4,6,54
54428,0.4.6,0,4,6,54
54429,0.4.6,0,4,6,54
54430,0.4.6,0,4,6,54
54431,0.4.6,0,4,6,54
54432,0.4.6,0,4,6,54
54433,0.4.6,0,4,6,54
54434,0.4.6,0,4,6,54
54435,0.2.6,0,2,6,30
54436,0.2.6,0,2,6,30
54437,0.4.6,0,4,6,54
54438,0.4.6,0,4,6,54
54439,0.0.6,0,0,6,6
54440,0.4.6,0,4,6,54
54441,0.4.6,0,4,6,54
54442,0.4.6,0,4,6,54
54443,0.4.6,0,4,6,54
54444,0.4.6,0,4,6,54
54445,0.4.6,0,4,6,54
54446,0.4.6,0,4,6,54
54447,0.4.6,0,4,6,54
54448,0.4.6,0,4,6,54
54449,0.13.4,0,13,4,160
54450,0.1.11,0,1,11,23
54451,0.9.0,0,9,0,108
54452,0.9.0,0,9,0,108
54453,0.4.6,0,4,6,54
54454,0.4.6,0,4,6,54
54455,0.4.6,0,4,6,54
54456,0.4.6,0,4,6,54
54457,0.4.6,0,4,6,54
54458,0.4.6,0,4,6,54
54459,0.9.0,0,9,0,108
54460,0.4.6,0,4,6,54
54461,0.4.6,0,4,6,54
54462,0.4.6,0,4,6,54
54463,0.4.6,0,4,6,54
54464,0.2.6,0,2,6,30
54465,0.4.6,0,4,6,54
54466,0.4.6,0,4,6,54
54467,0.0.6,0,0,6,6
54468,0.4.6,0,4,6,54
54469,0.4.6,0,4,6,54
54470,0.4.6,0,4,6,54
54471,0.4.6,0,4,6,54
54472,0.4.6,0,4,6,54
54473,0.4.6,0,4,6,54
54474,0.4.6,0,4,6,54
54475,0.4.6,0,4,6,54
54476,0.4.6,0,4,6,54
54477,0.4.6,0,4,6,54
54478,0.9.0,0,9,0,108
54479,0.2.6,0,2,6,30
54480,0.4.6,0,4,6,54
54481,0.2.6,0,2,6,30
54482,0.4.6,0,4,6,54
54483,0.4.6,0,4,6,54
54484,0.4.6,0,4,6,54
54485,8.0.0,8,0,0,1920
54486,0.4.6,0,4,6,54
54487,0.4.6,0,4,6,54
54488,0.4.6,0,4,6,54
54489,0.4.6,0,4,6,54
54490,0.4.6,0,4,6,54
54491,0.4.6,0,4,6,54
54492,0.4.6,0,4,6,54
54493,0.4.6,0,4,6,54
54494,0.4.6,0,4,6,54
54495,0.9.0,0,9,0,108
54496,0.4.6,0,4,6,54
54497,0.0.6,0,0,6,6
54498,0.4.6,0,4,6,54
54499,0.4.6,0,4,6,54
54500,0.4.6,0,4,6,54
54501,0.4.6,0,4,6,54
54502,0.4.6,0,4,6,54
54503,0.2.6,0,2,6,30
54504,0.4.6,0,4,6,54
54505,0.1.11,0,1,11,23
54506,0.4.6,0,4,6,54
54507,0.4.6,0,4,6,54
54508,0.4.6,0,4,6,54
54509,0.4.6,0,4,6,54
54510,0.4.6,0,4,6,54
54511,0.4.6,0,4,6,54
54512,0.4.6,0,4,6,54
54513,0.4.6,0,4,6,54
54514,0.4.6,0,4,6,54
54515,0.4.6,0,4,6,54
54516,0.4.6,0,4,6,54
54517,0.4.6,0,4,6,54
54518,0.4.6,0,4,6,54
54519,0.4.6,0,4,6,54
54520,0.13.4,0,13,4,160
54521,0.4.6,0,4,6,54
54522,0.4.6,0,4,6,54
54523,0.4.6,0,4,6,54
54524,0.2.6,0,2,6,30
54525,0.4.6,0,4,6,54
54526,0.4.6,0,4,6,54
54527,0.4.6,0,4,6,54
54528,0.1.11,0,1,11,23
54529,0.4.6,0,4,6,54
54530,0.2.6,0,2,6,30
54531,0.4.6,0,4,6,54
54532,0.2.6,0,2,6,30
54533,0.2.6,0,2,6,30
54534,0.4.6,0,4,6,54
54535,0.4.6,0,4,6,54
54536,0.4.6,0,4,6,54
54537,0.4.6,0,4,6,54
54538,0.2.6,0,2,6,30
54539,0.9.0,0,9,0,108
54540,0.4.6,0,4,6,54
54541,0.4.6,0,4,6,54
54542,0.4.6,0,4,6,54
54543,0.4.6,0,4,6,54
54544,0.9.0,0,9,0,108
54545,8.0.0,8,0,0,1920
54546,0.4.6,0,4,6,54
54547,0.4.6,0,4,6,54
54548,0.4.6,0,4,6,54
54549,0.4.6,0,4,6,54
54550,0.4.6,0,4,6,54
54551,0.4.6,0,4,6,54
54552,0.4.6,0,4,6,54
54553,0.4.6,0,4,6,54
54554,0.4.6,0,4,6,54
54555,0.4.6,0,4,6,54
54556,0.4.6,0,4,6,54
54557,0.10.8,0,10,8,128
54558,0.4.6,0,4,6,54
54559,0.4.6,0,4,6,54
54560,0.4.6,0,4,6,54
54561,0.4.6,0,4,6,54
54562,0.2.6,0,2,6,30
54563,0.4.6,0,4,6,54
54564,0.4.6,0,4,6,54
54565,0.4.6,0,4,6,54
54566,0.4.6,0,4,6,54
54567,0.4.6,0,4,6,54
54568,0.4.6,0,4,6,54
54569,0.4.6,0,4,6,54
54570,0.4.6,0,4,6,54
54571,0.6.8,0,6,8,80
54572,0.9.0,0,9,0,108
54573,0.4.6,0,4,6,54
54574,0.4.6,0,4,6,54
54575,0.4.6,0,4,6,54
54576,0.4.6,0,4,6,54
54577,0.4.6,0,4,6,54
54578,0.9.0,0,9,0,108
54579,0.4.6,0,4,6,54
54580,0.4.6,0,4,6,54
54581,0.4.6,0,4,6,54
54582,0.6.8,0,6,8,80
54583,0.1.11,0,1,11,23
54584,0.4.6,0,4,6,54
54585,0.2.6,0,2,6,30
54586,0.1.11,0,1,11,23
54587,0.4.6,0,4,6,54
54588,0.4.6,0,4,6,54
54589,0.4.6,0,4,6,54
54590,0.4.6,0,4,6,54
54591,0.4.6,0,4,6,54
54592,0.2.6,0,2,6,30
54593,0.1.11,0,1,11,23
54594,0.1.11,0,1,11,23
54595,0.4.6,0,4,6,54
54596,0.4.6,0,4,6,54
54597,0.4.6,0,4,6,54
54598,0.4.6,0,4,6,54
54599,0.4.6,0,4,6,54
54600,0.4.6,0,4,6,54
54601,0.9.0,0,9,0,108
54602,0.2.6,0,2,6,30
54603,0.2.6,0,2,6,30
54604,0.4.6,0,4,6,54
54605,0.6.8,0,6,8,80
54606,0.4.6,0,4,6,54
54607,0.4.6,0,4,6,54
54608,0.4.6,0,4,6,54
54609,0.4.6,0,4,6,54
54610,0.4.6,0,4,6,54
54611,0.2.6,0,2,6,30
54612,0.4.6,0,4,6,54
54613,0.4.6,0,4,6,54
54614,0.2.6,0,2,6,30
54615,0.4.6,0,4,6,54
54616,0.4.6,0,4,6,54
54617,0.4.6,0,4,6,54
54618,0.4.6,0,4,6,54
54619,0.4.6,0,4,6,54
54620,0.9.0,0,9,0,108
54621,0.4.6,0,4,6,54
54622,0.2.6,0,2,6,30
54623,0.2.6,0,2,6,30
54624,0.4.6,0,4,6,54
54625,0.4.6,0,4,6,54
54626,0.4.6,0,4,6,54
54627,0.4.6,0,4,6,54
54628,0.4.6,0,4,6,54
54629,0.4.6,0,4,6,54
54630,0.4.6,0,4,6,54
54631,0.4.6,0,4,6,54
54632,0.4.6,0,4,6,54
54633,0.4.6,0,4,6,54
54634,0.4.6,0,4,6,54
54635,0.9.0,0,9,0,108
54636,0.4.6,0,4,6,54
54637,0.4.6,0,4,6,54
54638,0.1.11,0,1,11,23
54639,0.1.11,0,1,11,23
54640,0.2.6,0,2,6,30
54641,0.4.6,0,4,6,54
54642,0.4.6,0,4,6,54
54643,0.4.6,0,4,6,54
54644,0.4.6,0,4,6,54
54645,0.4.6,0,4,6,54
54646,0.1.11,0,1,11,23
54647,0.4.6,0,4,6,54
54648,0.4.6,0,4,6,54
54649,0.4.6,0,4,6,54
54650,0.4.6,0,4,6,54
54651,0.4.6,0,4,6,54
54652,0.4.6,0,4,6,54
54653,0.4.6,0,4,6,54
54654,0.4.6,0,4,6,54
54655,0.4.6,0,4,6,54
54656,0.4.6,0,4,6,54
54657,0.9.0,0,9,0,108
54658,0.4.6,0,4,6,54
54659,0.9.0,0,9,0,108
54660,0.4.6,0,4,6,54
54661,0.4.6,0,4,6,54
54662,0.4.6,0,4,6,54
54663,0.1.11,0,1,11,23
54664,0.4.6,0,4,6,54
54665,0.9.0,0,9,0,108
54666,0.4.6,0,4,6,54
54667,0.2.6,0,2,6,30
54668,0.6.8,0,6,8,80
54669,0.13.4,0,13,4,160
54670,0.4.6,0,4,6,54
54671,0.4.6,0,4,6,54
54672,0.4.6,0,4,6,54
54673,0.4.6,0,4,6,54
54674,0.4.6,0,4,6,54
54675,0.2.6,0,2,6,30
54676,0.1.11,0,1,11,23
54677,0.4.6,0,4,6,54
54678,0.4.6,0,4,6,54
54679,0.4.6,0,4,6,54
54680,0.4.6,0,4,6,54
54681,0.4.6,0,4,6,54
54682,0.4.6,0,4,6,54
54683,0.4.6,0,4,6,54
54684,0.4.6,0,4,6,54
54685,0.4.6,0,4,6,54
54686,0.2.6,0,2,6,30
54687,0.1.11,0,1,11,23
54688,0.1.11,0,1,11,23
54689,0.4.6,0,4,6,54
54690,0.4.6,0,4,6,54
54691,0.4.6,0,4,6,54
54692,0.4.6,0,4,6,54
54693,0.10.8,0,10,8,128
54694,0.4.6,0,4,6,54
54695,0.9.0,0,9,0,108
54696,0.2.6,0,2,6,30
54697,0.4.6,0,4,6,54
54698,0.9.0,0,9,0,108
54699,0.4.6,0,4,6,54
54700,0.1.11,0,1,11,23
54701,0.2.6,0,2,6,30
54702,0.4.6,0,4,6,54
54703,0.2.6,0,2,6,30
54704,0.4.6,0,4,6,54
54705,0.1.11,0,1,11,23
54706,0.4.6,0,4,6,54
54707,0.2.6,0,2,6,30
54708,0.9.0,0,9,0,108
54709,0.9.0,0,9,0,108
54710,0.2.6,0,2,6,30
54711,0.4.6,0,4,6,54
54712,0.1.11,0,1,11,23
54713,0.6.8,0,6,8,80
54714,0.4.6,0,4,6,54
54715,0.2.6,0,2,6,30
54716,0.4.6,0,4,6,54
54717,0.2.6,0,2,6,30
54718,0.4.6,0,4,6,54
54719,0.4.6,0,4,6,54
54720,0.1.11,0,1,11,23
54721,0.4.6,0,4,6,54
54722,0.4.6,0,4,6,54
54723,0.4.6,0,4,6,54
54724,0.4.6,0,4,6,54
54725,0.4.6,0,4,6,54
54726,0.9.0,0,9,0,108
54727,0.4.6,0,4,6,54
54728,0.4.6,0,4,6,54
54729,0.4.6,0,4,6,54
54730,0.9.0,0,9,0,108
54731,0.4.6,0,4,6,54
54732,0.4.6,0,4,6,54
54733,0.4.6,0,4,6,54
54734,0.4.6,0,4,6,54
54735,0.4.6,0,4,6,54
54736,0.2.6,0,2,6,30
54737,0.4.6,0,4,6,54
54738,0.2.6,0,2,6,30
54739,0.4.6,0,4,6,54
54740,0.9.0,0,9,0,108
54741,0.4.6,0,4,6,54
54742,0.9.0,0,9,0,108
54743,0.4.6,0,4,6,54
54744,0.4.6,0,4,6,54
54745,0.4.6,0,4,6,54
54746,0.4.6,0,4,6,54
54747,0.4.6,0,4,6,54
54748,0.4.6,0,4,6,54
54749,0.4.6,0,4,6,54
54750,0.4.6,0,4,6,54
54751,0.2.6,0,2,6,30
54752,0.4.6,0,4,6,54
54753,0.4.6,0,4,6,54
54754,0.2.6,0,2,6,30
54755,0.9.0,0,9,0,108
54756,0.4.6,0,4,6,54
54757,0.4.6,0,4,6,54
54758,0.4.6,0,4,6,54
54759,0.4.6,0,4,6,54
54760,0.4.6,0,4,6,54
54761,0.4.6,0,4,6,54
54762,0.4.6,0,4,6,54
54763,0.4.6,0,4,6,54
54764,0.9.0,0,9,0,108
54765,0.4.6,0,4,6,54
54766,0.2.6,0,2,6,30
54767,0.4.6,0,4,6,54
54768,0.4.6,0,4,6,54
54769,0.2.6,0,2,6,30
54770,0.6.8,0,6,8,80
54771,0.4.6,0,4,6,54
54772,0.4.6,0,4,6,54
54773,0.4.6,0,4,6,54
54774,0.2.6,0,2,6,30
54775,0.4.6,0,4,6,54
54776,0.4.6,0,4,6,54
54777,0.4.6,0,4,6,54
54778,0.2.6,0,2,6,30
54779,0.13.4,0,13,4,160
54780,0.4.6,0,4,6,54
54781,0.1.11,0,1,11,23
54782,0.4.6,0,4,6,54
54783,0.4.6,0,4,6,54
54784,0.4.6,0,4,6,54
54785,0.10.8,0,10,8,128
54786,0.4.6,0,4,6,54
54787,0.2.6,0,2,6,30
54788,0.4.6,0,4,6,54
54789,0.4.6,0,4,6,54
54790,0.4.6,0,4,6,54
54791,0.2.6,0,2,6,30
54792,0.4.6,0,4,6,54
54793,0.4.6,0,4,6,54
54794,0.4.6,0,4,6,54
54795,0.4.6,0,4,6,54
54796,0.4.6,0,4,6,54
54797,0.4.6,0,4,6,54
54798,0.4.6,0,4,6,54
54799,0.2.6,0,2,6,30
54800,0.4.6,0,4,6,54
54801,0.9.0,0,9,0,108
54802,0.4.6,0,4,6,54
54803,0.2.6,0,2,6,30
54804,0.4.6,0,4,6,54
54805,0.4.6,0,4,6,54
54806,0.9.0,0,9,0,108
54807,0.4.6,0,4,6,54
54808,0.4.6,0,4,6,54
54809,0.6.8,0,6,8,80
54810,0.6.8,0,6,8,80
54811,0.9.0,0,9,0,108
54812,0.9.0,0,9,0,108
54813,0.2.6,0,2,6,30
54814,0.2.6,0,2,6,30
54815,0.4.6,0,4,6,54
54816,0.4.6,0,4,6,54
54817,0.9.0,0,9,0,108
54818,0.9.0,0,9,0,108
54819,0.2.6,0,2,6,30
54820,0.2.6,0,2,6,30
54821,0.4.6,0,4,6,54
54822,0.0.6,0,0,6,6
54823,0.4.6,0,4,6,54
54824,2.14.8,2,14,8,656
54825,0.2.6,0,2,6,30
54826,0.2.6,0,2,6,30
54827,0.1.11,0,1,11,23
54828,0.4.6,0,4,6,54
54829,0.4.6,0,4,6,54
54830,0.4.6,0,4,6,54
54831,0.4.6,0,4,6,54
54832,0.4.6,0,4,6,54
54833,0.4.6,0,4,6,54
54834,0.9.0,0,9,0,108
54835,0.1.11,0,1,11,23
54836,0.4.6,0,4,6,54
54837,0.2.6,0,2,6,30
54838,0.4.6,0,4,6,54
54839,0.4.6,0,4,6,54
54840,0.4.6,0,4,6,54
54841,0.2.6,0,2,6,30
54842,0.4.6,0,4,6,54
54843,0.1.11,0,1,11,23
54844,0.4.6,0,4,6,54
54845,0.2.6,0,2,6,30
54846,0.4.6,0,4,6,54
54847,0.4.6,0,4,6,54
54848,0.10.8,0,10,8,128
54849,0.4.6,0,4,6,54
54850,0.4.6,0,4,6,54
54851,0.4.6,0,4,6,54
54852,0.4.6,0,4,6,54
54853,0.4.6,0,4,6,54
54854,0.0.6,0,0,6,6
54855,0.4.6,0,4,6,54
54856,0.4.6,0,4,6,54
54857,0.9.0,0,9,0,108
54858,0.4.6,0,4,6,54
54859,0.4.6,0,4,6,54
54860,0.9.0,0,9,0,108
54861,0.2.6,0,2,6,30
54862,0.1.11,0,1,11,23
54863,0.4.6,0,4,6,54
54864,0.4.6,0,4,6,54
54865,0.4.6,0,4,6,54
54866,0.4.6,0,4,6,54
54867,0.4.6,0,4,6,54
54868,0.4.6,0,4,6,54
54869,0.4.6,0,4,6,54
54870,0.2.6,0,2,6,30
54871,0.4.6,0,4,6,54
54872,0.4.6,0,4,6,54
54873,0.2.6,0,2,6,30
54874,0.4.6,0,4,6,54
54875,0.4.6,0,4,6,54
54876,0.4.6,0,4,6,54
54877,0.2.6,0,2,6,30
54878,0.4.6,0,4,6,54
54879,0.9.0,0,9,0,108
54880,0.4.6,0,4,6,54
54881,0.4.6,0,4,6,54
54882,0.4.6,0,4,6,54
54883,0.4.6,0,4,6,54
54884,0.4.6,0,4,6,54
54885,0.4.6,0,4,6,54
54886,0.4.6,0,4,6,54
54887,0.2.6,0,2,6,30
54888,0.4.6,0,4,6,54
54889,0.2.6,0,2,6,30
54890,0.4.6,0,4,6,54
54891,0.4.6,0,4,6,54
54892,0.4.6,0,4,6,54
54893,0.9.0,0,9,0,108
54894,0.4.6,0,4,6,54
54895,0.4.6,0,4,6,54
54896,0.2.6,0,2,6,30
54897,0.4.6,0,4,6,54
54898,0.9.0,0,9,0,108
54899,0.4.6,0,4,6,54
54900,0.4.6,0,4,6,54
54901,0.0.6,0,0,6,6
54902,0.4.6,0,4,6,54
54903,0.4.6,0,4,6,54
54904,0.4.6,0,4,6,54
54905,0.9.0,0,9,0,108
54906,0.4.6,0,4,6,54
54907,0.4.6,0,4,6,54
54908,0.4.6,0,4,6,54
54909,0.9.0,0,9,0,108
54910,0.4.6,0,4,6,54
54911,0.4.6,0,4,6,54
54912,0.4.6,0,4,6,54
54913,0.4.6,0,4,6,54
54914,0.2.6,0,2,6,30
54915,0.9.0,0,9,0,108
54916,0.9.0,0,9,0,108
54917,0.2.6,0,2,6,30
54918,0.4.6,0,4,6,54
54919,0.0.6,0,0,6,6
54920,0.4.6,0,4,6,54
54921,0.4.6,0,4,6,54
54922,0.4.6,0,4,6,54
54923,0.9.0,0,9,0,108
54924,0.9.0,0,9,0,108
54925,0.9.0,0,9,0,108
54926,0.4.6,0,4,6,54
54927,0.2.6,0,2,6,30
54928,0.4.6,0,4,6,54
54929,0.4.6,0,4,6,54
54930,0.4.6,0,4,6,54
54931,0.1.11,0,1,11,23
54932,0.4.6,0,4,6,54
54933,0.4.6,0,4,6,54
54934,0.1.11,0,1,11,23
54935,0.2.6,0,2,6,30
54936,0.4.6,0,4,6,54
54937,0.4.6,0,4,6,54
54938,0.4.6,0,4,6,54
54939,0.9.0,0,9,0,108
54940,0.2.6,0,2,6,30
54941,0.4.6,0,4,6,54
54942,0.4.6,0,4,6,54
54943,0.4.6,0,4,6,54
54944,0.4.6,0,4,6,54
54945,0.1.11,0,1,11,23
54946,0.1.11,0,1,11,23
54947,0.4.6,0,4,6,54
54948,0.1.1,0,1,1,13
54949,0.4.6,0,4,6,54
54950,0.4.6,0,4,6,54
54951,0.2.6,0,2,6,30
54952,0.2.6,0,2,6,30
54953,0.4.6,0,4,6,54
54954,0.4.6,0,4,6,54
54955,0.9.0,0,9,0,108
54956,0.4.6,0,4,6,54
54957,0.4.6,0,4,6,54
54958,0.2.6,0,2,6,30
54959,0.2.6,0,2,6,30
54960,0.2.6,0,2,6,30
54961,0.4.6,0,4,6,54
54962,0.2.6,0,2,6,30
54963,0.4.6,0,4,6,54
54964,0.9.0,0,9,0,108
54965,0.4.6,0,4,6,54
54966,0.6.8,0,6,8,80
54967,0.2.6,0,2,6,30
54968,0.4.6,0,4,6,54
54969,0.4.6,0,4,6,54
54970,0.4.6,0,4,6,54
54971,0.4.6,0,4,6,54
54972,0.4.6,0,4,6,54
54973,0.4.6,0,4,6,54
54974,0.13.4,0,13,4,160
54975,0.4.6,0,4,6,54
54976,0.2.6,0,2,6,30
54977,0.4.6,0,4,6,54
54978,0.4.6,0,4,6,54
54979,0.2.6,0,2,6,30
54980,0.4.6,0,4,6,54
54981,0.2.6,0,2,6,30
54982,0.10.8,0,10,8,128
54983,0.4.6,0,4,6,54
54984,0.1.11,0,1,11,23
54985,0.2.6,0,2,6,30
54986,0.4.6,0,4,6,54
54987,0.4.6,0,4,6,54
54988,0.4.6,0,4,6,54
54989,0.2.6,0,2,6,30
54990,0.4.6,0,4,6,54
54991,0.1.11,0,1,11,23
54992,0.1.11,0,1,11,23
54993,0.4.6,0,4,6,54
54994,0.4.6,0,4,6,54
54995,0.4.6,0,4,6,54
54996,0.9.0,0,9,0,108
54997,0.4.6,0,4,6,54
54998,0.0.6,0,0,6,6
54999,0.4.6,0,4,6,54
55000,2.0.0,2,0,0,480
55001,0.9.0,0,9,0,108
55002,0.4.6,0,4,6,54
55003,0.2.6,0,2,6,30
55004,0.0.6,0,0,6,6
55005,0.9.0,0,9,0,108
55006,0.4.6,0,4,6,54
55007,0.4.6,0,4,6,54
55008,0.4.6,0,4,6,54
55009,0.4.6,0,4,6,54
55010,0.4.6,0,4,6,54
55011,0.4.6,0,4,6,54
55012,0.4.6,0,4,6,54
55013,0.2.6,0,2,6,30
55014,0.4.6,0,4,6,54
55015,0.4.6,0,4,6,54
55016,0.4.6,0,4,6,54
55017,0.4.6,0,4,6,54
55018,0.13.4,0,13,4,160
55019,0.9.0,0,9,0,108
55020,0.2.6,0,2,6,30
55021,0.9.0,0,9,0,108
55022,0.4.6,0,4,6,54
55023,0.4.6,0,4,6,54
55024,0.4.6,0,4,6,54
55025,0.4.6,0,4,6,54
55026,0.4.6,0,4,6,54
55027,0.4.6,0,4,6,54
55028,0.9.0,0,9,0,108
55029,0.4.6,0,4,6,54
55030,0.4.6,0,4,6,54
55031,0.4.6,0,4,6,54
55032,0.4.6,0,4,6,54
55033,0.4.6,0,4,6,54
55034,0.4.6,0,4,6,54
55035,0.4.6,0,4,6,54
55036,0.4.6,0,4,6,54
55037,0.2.6,0,2,6,30
55038,0.4.6,0,4,6,54
55039,0.2.6,0,2,6,30
55040,0.0.6,0,0,6,6
55041,0.2.6,0,2,6,30
55042,0.2.6,0,2,6,30
55043,0.9.0,0,9,0,108
55044,0.2.6,0,2,6,30
55045,0.4.6,0,4,6,54
55046,0.4.6,0,4,6,54
55047,0.2.6,0,2,6,30
55048,0.4.6,0,4,6,54
55049,0.4.6,0,4,6,54
55050,0.1.11,0,1,11,23
55051,0.4.6,0,4,6,54
55052,0.4.6,0,4,6,54
55053,0.4.6,0,4,6,54
55054,0.4.6,0,4,6,54
55055,0.4.6,0,4,6,54
55056,0.4.6,0,4,6,54
55057,0.4.6,0,4,6,54
55058,0.1.11,0,1,11,23
55059,0.13.4,0,13,4,160
55060,0.4.6,0,4,6,54
55061,0.1.11,0,1,11,23
55062,0.4.6,0,4,6,54
55063,0.2.6,0,2,6,30
55064,0.4.6,0,4,6,54
55065,0.4.6,0,4,6,54
55066,0.13.4,0,13,4,160
55067,0.4.6,0,4,6,54
55068,0.2.6,0,2,6,30
55069,0.2.6,0,2,6,30
55070,0.2.6,0,2,6,30
55071,0.2.6,0,2,6,30
55072,0.9.0,0,9,0,108
55073,0.4.6,0,4,6,54
55074,0.4.6,0,4,6,54
55075,0.4.6,0,4,6,54
55076,0.4.6,0,4,6,54
55077,0.4.6,0,4,6,54
55078,0.2.6,0,2,6,30
55079,0.4.6,0,4,6,54
55080,0.4.6,0,4,6,54
55081,0.2.6,0,2,6,30
55082,0.4.6,0,4,6,54
55083,0.4.6,0,4,6,54
55084,0.4.6,0,4,6,54
55085,0.2.6,0,2,6,30
55086,0.4.6,0,4,6,54
55087,0.4.6,0,4,6,54
55088,0.1.11,0,1,11,23
55089,0.4.6,0,4,6,54
55090,0.4.6,0,4,6,54
55091,0.4.6,0,4,6,54
55092,0.4.6,0,4,6,54
55093,0.4.6,0,4,6,54
55094,0.4.6,0,4,6,54
55095,0.9.0,0,9,0,108
55096,0.4.6,0,4,6,54
55097,0.2.6,0,2,6,30
55098,0.1.11,0,1,11,23
55099,0.4.6,0,4,6,54
55100,0.2.6,0,2,6,30
55101,0.1.11,0,1,11,23
55102,0.4.6,0,4,6,54
55103,0.4.6,0,4,6,54
55104,0.2.6,0,2,6,30
55105,0.2.6,0,2,6,30
55106,0.4.6,0,4,6,54
55107,0.1.11,0,1,11,23
55108,0.2.6,0,2,6,30
55109,0.2.6,0,2,6,30
55110,0.4.6,0,4,6,54
55111,0.4.6,0,4,6,54
55112,0.6.8,0,6,8,80
55113,0.4.6,0,4,6,54
55114,0.4.6,0,4,6,54
55115,0.4.6,0,4,6,54
55116,0.2.6,0,2,6,30
55117,0.4.6,0,4,6,54
55118,0.4.6,0,4,6,54
55119,0.9.0,0,9,0,108
55120,0.2.6,0,2,6,30
55121,0.2.6,0,2,6,30
55122,0.1.11,0,1,11,23
55123,0.9.0,0,9,0,108
55124,0.6.8,0,6,8,80
55125,0.4.6,0,4,6,54
55126,0.4.6,0,4,6,54
55127,0.4.6,0,4,6,54
55128,0.4.6,0,4,6,54
55129,0.1.11,0,1,11,23
55130,0.6.8,0,6,8,80
55131,2.0.0,2,0,0,480
55132,0.4.6,0,4,6,54
55133,0.4.6,0,4,6,54
55134,0.4.6,0,4,6,54
55135,0.4.6,0,4,6,54
55136,0.4.6,0,4,6,54
55137,0.4.6,0,4,6,54
55138,0.1.11,0,1,11,23
55139,0.13.4,0,13,4,160
55140,0.4.6,0,4,6,54
55141,0.4.6,0,4,6,54
55142,0.4.6,0,4,6,54
55143,0.2.6,0,2,6,30
55144,0.4.6,0,4,6,54
55145,0.4.6,0,4,6,54
55146,0.4.6,0,4,6,54
55147,0.4.6,0,4,6,54
55148,0.4.6,0,4,6,54
55149,0.3.1,0,3,1,37
55150,0.4.6,0,4,6,54
55151,0.4.6,0,4,6,54
55152,0.4.6,0,4,6,54
55153,0.4.6,0,4,6,54
55154,0.4.6,0,4,6,54
55155,0.9.0,0,9,0,108
55156,0.4.6,0,4,6,54
55157,0.9.0,0,9,0,108
55158,0.9.0,0,9,0,108
55159,0.4.6,0,4,6,54
55160,0.2.6,0,2,6,30
55161,0.4.6,0,4,6,54
55162,0.9.0,0,9,0,108
55163,0.2.6,0,2,6,30
55164,0.0.6,0,0,6,6
55165,0.0.6,0,0,6,6
55166,0.2.6,0,2,6,30
55167,0.4.6,0,4,6,54
55168,0.2.6,0,2,6,30
55169,0.4.6,0,4,6,54
55170,0.9.0,0,9,0,108
55171,0.4.6,0,4,6,54
55172,0.4.6,0,4,6,54
55173,0.4.6,0,4,6,54
55174,0.4.6,0,4,6,54
55175,0.4.6,0,4,6,54
55176,0.4.6,0,4,6,54
55178,0.4.6,0,4,6,54
55179,0.4.6,0,4,6,54
55180,0.9.0,0,9,0,108
55181,0.4.6,0,4,6,54
55182,0.4.6,0,4,6,54
55183,0.2.6,0,2,6,30
55184,0.4.6,0,4,6,54
55185,0.2.6,0,2,6,30
55186,0.4.6,0,4,6,54
55187,0.4.6,0,4,6,54
55188,0.2.6,0,2,6,30
55189,0.1.11,0,1,11,23
55190,0.2.6,0,2,6,30
55191,0.9.0,0,9,0,108
55192,0.4.6,0,4,6,54
55193,0.4.6,0,4,6,54
55194,0.4.6,0,4,6,54
55195,0.4.6,0,4,6,54
55196,0.4.6,0,4,6,54
55197,0.1.11,0,1,11,23
55198,0.2.6,0,2,6,30
55199,0.4.6,0,4,6,54
55200,0.4.6,0,4,6,54
55201,0.4.6,0,4,6,54
55202,0.4.6,0,4,6,54
55203,0.4.6,0,4,6,54
55204,0.4.6,0,4,6,54
55205,0.2.6,0,2,6,30
55206,0.4.6,0,4,6,54
55207,0.4.6,0,4,6,54
55208,0.4.6,0,4,6,54
55209,0.2.6,0,2,6,30
55210,0.4.6,0,4,6,54
55211,0.4.6,0,4,6,54
55212,0.1.11,0,1,11,23
55213,0.4.6,0,4,6,54
55214,0.4.6,0,4,6,54
55215,0.9.0,0,9,0,108
55216,0.4.6,0,4,6,54
55217,0.9.0,0,9,0,108
55218,0.4.6,0,4,6,54
55219,0.6.8,0,6,8,80
55220,0.4.6,0,4,6,54
55221,0.4.6,0,4,6,54
55222,0.4.6,0,4,6,54
55223,0.4.6,0,4,6,54
55224,0.4.6,0,4,6,54
55225,0.2.6,0,2,6,30
55226,0.2.6,0,2,6,30
55227,0.0.6,0,0,6,6
55228,0.1.5,0,1,5,17
55229,0.4.6,0,4,6,54
55230,0.4.6,0,4,6,54
55231,0.4.6,0,4,6,54
55232,0.4.6,0,4,6,54
55233,0.2.6,0,2,6,30
55234,0.4.6,0,4,6,54
55235,0.4.6,0,4,6,54
55236,0.0.6,0,0,6,6
55237,0.4.6,0,4,6,54
55238,0.0.6,0,0,6,6
55239,0.4.6,0,4,6,54
55240,0.1.11,0,1,11,23
55241,0.4.6,0,4,6,54
55242,0.4.6,0,4,6,54
55243,0.2.6,0,2,6,30
55244,0.4.6,0,4,6,54
55245,0.4.6,0,4,6,54
55246,0.4.6,0,4,6,54
55247,0.2.6,0,2,6,30
55248,0.4.6,0,4,6,54
55249,0.4.6,0,4,6,54
55250,0.4.6,0,4,6,54
55251,0.2.6,0,2,6,30
55252,0.4.6,0,4,6,54
55253,0.4.6,0,4,6,54
55254,0.4.6,0,4,6,54
55255,0.10.8,0,10,8,128
55256,0.4.6,0,4,6,54
55257,0.4.6,0,4,6,54
55258,0.4.6,0,4,6,54
55259,0.6.8,0,6,8,80
55260,0.4.6,0,4,6,54
55261,0.2.6,0,2,6,30
55262,0.4.6,0,4,6,54
55263,0.4.6,0,4,6,54
55264,0.4.6,0,4,6,54
55265,0.0.6,0,0,6,6
55266,0.4.6,0,4,6,54
55267,0.1.11,0,1,11,23
55268,0.13.4,0,13,4,160
55269,0.4.6,0,4,6,54
55270,0.9.0,0,9,0,108
55271,0.4.6,0,4,6,54
55272,0.4.6,0,4,6,54
55273,0.4.6,0,4,6,54
55274,0.4.6,0,4,6,54
55275,0.4.6,0,4,6,54
55276,0.4.6,0,4,6,54
55277,0.1.11,0,1,11,23
55278,0.4.6,0,4,6,54
55279,0.2.6,0,2,6,30
55280,0.4.6,0,4,6,54
55281,0.4.6,0,4,6,54
55282,0.4.6,0,4,6,54
55283,0.4.6,0,4,6,54
55284,0.9.0,0,9,0,108
55285,0.9.0,0,9,0,108
55286,0.2.6,0,2,6,30
55287,0.4.6,0,4,6,54
55288,0.9.0,0,9,0,108
55289,0.1.11,0,1,11,23
55290,0.9.0,0,9,0,108
55291,0.9.0,0,9,0,108
55292,0.2.6,0,2,6,30
55293,0.2.6,0,2,6,30
55294,0.4.6,0,4,6,54
55295,0.4.6,0,4,6,54
55296,0.4.6,0,4,6,54
55297,0.4.6,0,4,6,54
55298,0.4.6,0,4,6,54
55299,0.4.6,0,4,6,54
55300,0.2.6,0,2,6,30
55301,0.4.6,0,4,6,54
55302,0.1.11,0,1,11,23
55303,0.4.6,0,4,6,54
55304,0.4.6,0,4,6,54
55305,0.4.6,0,4,6,54
55306,0.4.6,0,4,6,54
55307,0.4.6,0,4,6,54
55308,0.4.6,0,4,6,54
55309,0.4.6,0,4,6,54
55310,0.4.6,0,4,6,54
55311,0.1.11,0,1,11,23
55312,0.4.6,0,4,6,54
55313,0.4.6,0,4,6,54
55314,0.4.6,0,4,6,54
55315,0.4.6,0,4,6,54
55316,0.9.0,0,9,0,108
55317,0.2.6,0,2,6,30
55318,0.4.6,0,4,6,54
55319,0.2.6,0,2,6,30
55320,0.4.6,0,4,6,54
55321,0.4.6,0,4,6,54
55322,0.0.6,0,0,6,6
55323,0.4.6,0,4,6,54
55324,0.4.6,0,4,6,54
55325,0.9.0,0,9,0,108
55326,0.4.6,0,4,6,54
55327,0.4.6,0,4,6,54
55328,0.4.6,0,4,6,54
55329,0.4.6,0,4,6,54
55330,0.4.6,0,4,6,54
55331,0.10.8,0,10,8,128
55332,0.4.6,0,4,6,54
55333,0.4.6,0,4,6,54
55334,0.4.6,0,4,6,54
55335,0.4.6,0,4,6,54
55336,0.4.6,0,4,6,54
55337,0.2.6,0,2,6,30
55338,0.2.6,0,2,6,30
55339,0.4.6,0,4,6,54
55340,0.2.6,0,2,6,30
55341,0.4.6,0,4,6,54
55342,0.1.11,0,1,11,23
55343,0.4.6,0,4,6,54
55344,0.4.6,0,4,6,54
55345,0.0.6,0,0,6,6
55346,0.4.6,0,4,6,54
55347,0.1.11,0,1,11,23
55348,0.4.6,0,4,6,54
55349,0.4.6,0,4,6,54
55350,0.4.6,0,4,6,54
55351,0.4.6,0,4,6,54
55352,0.4.6,0,4,6,54
55353,0.9.0,0,9,0,108
55354,0.1.11,0,1,11,23
55355,0.1.11,0,1,11,23
55356,0.4.6,0,4,6,54
55357,0.4.6,0,4,6,54
55358,0.4.6,0,4,6,54
55359,0.4.6,0,4,6,54
55360,0.4.6,0,4,6,54
55361,0.4.6,0,4,6,54
55362,0.4.6,0,4,6,54
55363,0.2.6,0,2,6,30
55364,0.4.6,0,4,6,54
55365,0.4.6,0,4,6,54
55366,0.2.6,0,2,6,30
55367,0.4.6,0,4,6,54
55368,0.4.6,0,4,6,54
55369,0.1.11,0,1,11,23
55370,0.6.8,0,6,8,80
55371,0.2.6,0,2,6,30
55372,0.4.6,0,4,6,54
55373,0.4.6,0,4,6,54
55374,0.4.6,0,4,6,54
55375,0.2.6,0,2,6,30
55376,0.2.6,0,2,6,30
55377,0.4.6,0,4,6,54
55378,0.6.8,0,6,8,80
55379,0.1.11,0,1,11,23
55380,0.4.6,0,4,6,54
55381,0.4.6,0,4,6,54
55382,0.2.6,0,2,6,30
55383,0.0.6,0,0,6,6
55384,0.4.6,0,4,6,54
55385,0.6.8,0,6,8,80
55386,0.13.4,0,13,4,160
55387,0.4.6,0,4,6,54
55388,0.4.6,0,4,6,54
55389,0.9.0,0,9,0,108
55390,0.4.6,0,4,6,54
55391,0.9.0,0,9,0,108
55392,0.9.0,0,9,0,108
55393,0.4.6,0,4,6,54
55394,0.4.6,0,4,6,54
55395,0.1.11,0,1,11,23
55396,0.9.0,0,9,0,108
55397,0.4.6,0,4,6,54
55398,0.4.6,0,4,6,54
55399,0.0.6,0,0,6,6
55400,0.9.0,0,9,0,108
55401,0.4.6,0,4,6,54
55402,0.2.6,0,2,6,30
55403,0.4.6,0,4,6,54
55404,0.4.6,0,4,6,54
55405,0.4.6,0,4,6,54
55406,0.1.11,0,1,11,23
55407,0.4.6,0,4,6,54
55408,0.4.6,0,4,6,54
55409,0.4.6,0,4,6,54
55410,0.4.6,0,4,6,54
55411,0.4.6,0,4,6,54
55412,0.4.6,0,4,6,54
55413,0.4.6,0,4,6,54
55414,0.1.11,0,1,11,23
55415,0.4.6,0,4,6,54
55416,0.10.8,0,10,8,128
55417,0.4.6,0,4,6,54
55418,0.2.6,0,2,6,30
55419,0.0.6,0,0,6,6
55420,0.1.11,0,1,11,23
55421,0.10.8,0,10,8,128
55422,0.4.6,0,4,6,54
55423,0.9.0,0,9,0,108
55424,0.4.6,0,4,6,54
55425,0.2.6,0,2,6,30
55426,0.4.6,0,4,6,54
55427,0.4.6,0,4,6,54
55428,0.4.6,0,4,6,54
55429,0.4.6,0,4,6,54
55430,0.4.6,0,4,6,54
55431,0.2.6,0,2,6,30
55432,0.2.6,0,2,6,30
55433,0.4.6,0,4,6,54
55434,0.4.6,0,4,6,54
55435,0.4.6,0,4,6,54
55436,0.4.6,0,4,6,54
55437,0.4.6,0,4,6,54
55438,0.4.6,0,4,6,54
55439,0.4.6,0,4,6,54
55440,0.4.6,0,4,6,54
55441,0.2.6,0,2,6,30
55442,0.4.6,0,4,6,54
55443,0.4.6,0,4,6,54
55444,0.4.6,0,4,6,54
55445,0.4.6,0,4,6,54
55446,0.1.11,0,1,11,23
55447,0.9.0,0,9,0,108
55448,0.4.6,0,4,6,54
55449,0.4.6,0,4,6,54
55450,0.4.6,0,4,6,54
55451,0.0.6,0,0,6,6
55452,0.0.6,0,0,6,6
55453,0.4.6,0,4,6,54
55454,0.1.11,0,1,11,23
55455,0.4.6,0,4,6,54
55456,0.10.8,0,10,8,128
55457,0.4.6,0,4,6,54
55458,0.4.6,0,4,6,54
55459,0.4.6,0,4,6,54
55460,0.4.6,0,4,6,54
55461,0.4.6,0,4,6,54
55462,0.2.6,0,2,6,30
55463,0.4.6,0,4,6,54
55464,0.0.6,0,0,6,6
55465,0.0.6,0,0,6,6
55466,0.4.6,0,4,6,54
55467,0.4.6,0,4,6,54
55468,0.4.6,0,4,6,54
55469,0.4.6,0,4,6,54
55470,0.1.11,0,1,11,23
55471,0.1.11,0,1,11,23
55472,0.1.11,0,1,11,23
55473,0.9.0,0,9,0,108
55474,0.0.6,0,0,6,6
55475,0.2.6,0,2,6,30
55476,0.4.6,0,4,6,54
55477,0.4.6,0,4,6,54
55478,0.4.6,0,4,6,54
55479,0.2.6,0,2,6,30
55480,0.4.6,0,4,6,54
55481,0.4.6,0,4,6,54
55482,0.4.6,0,4,6,54
55483,0.4.6,0,4,6,54
55484,0.4.6,0,4,6,54
55485,0.4.6,0,4,6,54
55486,0.4.6,0,4,6,54
55487,0.2.6,0,2,6,30
55488,0.0.6,0,0,6,6
55489,0.4.6,0,4,6,54
55490,0.9.0,0,9,0,108
55491,0.1.11,0,1,11,23
55492,0.1.11,0,1,11,23
55493,0.2.6,0,2,6,30
55494,0.4.6,0,4,6,54
55495,0.4.6,0,4,6,54
55496,0.4.6,0,4,6,54
55497,0.2.6,0,2,6,30
55498,0.0.6,0,0,6,6
55499,0.0.6,0,0,6,6
55500,0.4.6,0,4,6,54
55501,0.4.6,0,4,6,54
55502,0.4.6,0,4,6,54
55503,0.4.6,0,4,6,54
55504,0.4.6,0,4,6,54
55505,0.4.6,0,4,6,54
55506,0.4.6,0,4,6,54
55507,0.0.6,0,0,6,6
55508,0.4.6,0,4,6,54
55509,0.4.6,0,4,6,54
55510,0.2.6,0,2,6,30
55511,0.4.6,0,4,6,54
55512,0.0.6,0,0,6,6
55513,0.4.6,0,4,6,54
55514,0.2.6,0,2,6,30
55515,0.4.6,0,4,6,54
55516,0.4.6,0,4,6,54
55517,0.1.11,0,1,11,23
55518,0.4.6,0,4,6,54
55519,0.1.11,0,1,11,23
55520,0.9.0,0,9,0,108
55521,0.4.6,0,4,6,54
55522,0.10.8,0,10,8,128
55523,0.4.6,0,4,6,54
55524,0.4.6,0,4,6,54
55525,0.4.6,0,4,6,54
55526,0.13.4,0,13,4,160
55527,0.4.6,0,4,6,54
55528,0.0.6,0,0,6,6
55529,0.4.6,0,4,6,54
55530,0.4.6,0,4,6,54
55531,0.4.6,0,4,6,54
55532,0.4.6,0,4,6,54
55533,0.9.0,0,9,0,108
55534,0.4.6,0,4,6,54
55535,0.1.11,0,1,11,23
55536,0.4.6,0,4,6,54
55537,0.9.0,0,9,0,108
55538,0.4.6,0,4,6,54
55539,0.6.8,0,6,8,80
55540,0.9.0,0,9,0,108
55541,0.4.6,0,4,6,54
55542,0.4.6,0,4,6,54
55543,0.4.6,0,4,6,54
55544,0.4.6,0,4,6,54
55545,0.4.6,0,4,6,54
55546,0.4.6,0,4,6,54
55547,0.4.6,0,4,6,54
55548,0.9.0,0,9,0,108
55549,0.1.11,0,1,11,23
55550,0.1.11,0,1,11,23
55551,0.10.8,0,10,8,128
55552,0.4.6,0,4,6,54
55553,0.1.11,0,1,11,23
55554,0.2.6,0,2,6,30
55555,0.9.0,0,9,0,108
55556,0.2.6,0,2,6,30
55557,0.4.6,0,4,6,54
55558,0.4.6,0,4,6,54
55559,0.4.6,0,4,6,54
55560,0.4.6,0,4,6,54
55561,0.4.6,0,4,6,54
55562,0.4.6,0,4,6,54
55563,0.2.6,0,2,6,30
55564,2.0.0,2,0,0,480
55565,0.9.0,0,9,0,108
55566,0.4.6,0,4,6,54
55567,0.0.6,0,0,6,6
55568,0.1.11,0,1,11,23
55569,0.4.6,0,4,6,54
55570,0.4.6,0,4,6,54
55571,0.4.6,0,4,6,54
55572,0.2.6,0,2,6,30
55573,0.4.6,0,4,6,54
55574,0.4.6,0,4,6,54
55575,0.1.11,0,1,11,23
55576,0.1.11,0,1,11,23
55577,0.1.11,0,1,11,23
55578,0.1.11,0,1,11,23
55579,0.2.6,0,2,6,30
55580,0.0.6,0,0,6,6
55581,0.4.6,0,4,6,54
55582,0.4.6,0,4,6,54
55583,0.0.6,0,0,6,6
55584,0.2.6,0,2,6,30
55585,4.0.0,4,0,0,960
55586,0.4.6,0,4,6,54
55587,0.4.6,0,4,6,54
55588,0.0.6,0,0,6,6
55589,0.4.6,0,4,6,54
55590,0.4.6,0,4,6,54
55591,0.4.6,0,4,6,54
55592,0.2.6,0,2,6,30
55593,0.4.6,0,4,6,54
55594,0.4.6,0,4,6,54
55595,0.4.6,0,4,6,54
55596,0.4.6,0,4,6,54
55597,0.4.6,0,4,6,54
55598,0.9.0,0,9,0,108
55599,0.4.6,0,4,6,54
55600,0.4.6,0,4,6,54
55601,0.1.11,0,1,11,23
55602,0.4.6,0,4,6,54
55603,0.4.6,0,4,6,54
55604,0.4.6,0,4,6,54
55605,0.4.6,0,4,6,54
55606,0.4.6,0,4,6,54
55607,0.13.4,0,13,4,160
55608,0.4.6,0,4,6,54
55609,0.1.11,0,1,11,23
55610,0.1.11,0,1,11,23
55611,0.2.6,0,2,6,30
55612,0.1.11,0,1,11,23
55613,0.1.11,0,1,11,23
55614,0.4.6,0,4,6,54
55615,0.1.11,0,1,11,23
55616,0.2.6,0,2,6,30
55617,0.4.6,0,4,6,54
55618,0.4.6,0,4,6,54
55619,0.4.6,0,4,6,54
55620,0.9.0,0,9,0,108
55621,0.4.6,0,4,6,54
55622,0.4.6,0,4,6,54
55623,0.4.6,0,4,6,54
55624,0.2.6,0,2,6,30
55625,0.9.0,0,9,0,108
55626,0.2.6,0,2,6,30
55627,0.4.6,0,4,6,54
55628,0.4.6,0,4,6,54
55629,0.4.6,0,4,6,54
55630,0.4.6,0,4,6,54
55631,0.2.6,0,2,6,30
55632,0.2.6,0,2,6,30
55633,0.13.4,0,13,4,160
55635,0.4.6,0,4,6,54
55636,0.1.11,0,1,11,23
55637,0.0.6,0,0,6,6
55638,0.4.6,0,4,6,54
55639,0.2.6,0,2,6,30
55640,0.2.6,0,2,6,30
55641,0.4.6,0,4,6,54
55642,0.4.6,0,4,6,54
55643,0.4.6,0,4,6,54
55644,0.1.11,0,1,11,23
55645,0.4.6,0,4,6,54
55646,0.4.6,0,4,6,54
55647,0.9.0,0,9,0,108
55648,0.4.6,0,4,6,54
55649,0.4.6,0,4,6,54
55650,0.4.6,0,4,6,54
55651,0.4.6,0,4,6,54
55652,0.4.6,0,4,6,54
55653,0.2.6,0,2,6,30
55654,0.4.6,0,4,6,54
55655,0.4.6,0,4,6,54
55656,0.4.6,0,4,6,54
55657,0.4.6,0,4,6,54
55658,0.4.6,0,4,6,54
55659,0.0.6,0,0,6,6
55660,0.4.6,0,4,6,54
55661,0.4.6,0,4,6,54
55662,0.1.11,0,1,11,23
55663,0.4.6,0,4,6,54
55664,0.9.0,0,9,0,108
55665,0.4.6,0,4,6,54
55666,0.4.6,0,4,6,54
55667,0.2.6,0,2,6,30
55668,0.2.6,0,2,6,30
55669,0.2.6,0,2,6,30
55670,0.4.6,0,4,6,54
55671,0.9.0,0,9,0,108
55672,0.4.6,0,4,6,54
55673,0.4.6,0,4,6,54
55674,0.4.6,0,4,6,54
55675,0.4.6,0,4,6,54
55676,0.4.6,0,4,6,54
55677,0.4.6,0,4,6,54
55678,0.1.11,0,1,11,23
55679,0.4.6,0,4,6,54
55680,0.4.6,0,4,6,54
55681,0.9.0,0,9,0,108
55682,0.2.6,0,2,6,30
55683,0.9.0,0,9,0,108
55684,0.4.6,0,4,6,54
55685,0.4.6,0,4,6,54
55686,0.4.6,0,4,6,54
55687,0.4.6,0,4,6,54
55688,0.2.6,0,2,6,30
55689,0.1.11,0,1,11,23
55690,0.1.11,0,1,11,23
55691,0.9.0,0,9,0,108
55692,0.1.11,0,1,11,23
55693,0.4.6,0,4,6,54
55694,0.4.6,0,4,6,54
55695,0.2.6,0,2,6,30
55696,0.4.6,0,4,6,54
55697,0.1.11,0,1,11,23
55698,0.1.11,0,1,11,23
55699,0.4.6,0,4,6,54
55700,0.4.6,0,4,6,54
55701,0.4.6,0,4,6,54
55702,0.4.6,0,4,6,54
55703,0.1.11,0,1,11,23
55704,0.4.6,0,4,6,54
55705,0.4.6,0,4,6,54
55706,0.2.6,0,2,6,30
55707,0.4.6,0,4,6,54
55708,0.4.6,0,4,6,54
55709,0.1.11,0,1,11,23
55710,0.2.6,0,2,6,30
55711,0.4.6,0,4,6,54
55712,0.4.6,0,4,6,54
55713,0.4.6,0,4,6,54
55714,0.2.6,0,2,6,30
55715,0.4.6,0,4,6,54
55716,0.4.6,0,4,6,54
55717,0.4.6,0,4,6,54
55718,0.2.6,0,2,6,30
55719,0.2.6,0,2,6,30
55720,0.0.6,0,0,6,6
55721,0.4.6,0,4,6,54
55722,0.0.6,0,0,6,6
55723,0.4.6,0,4,6,54
55724,0.4.6,0,4,6,54
55725,0.9.0,0,9,0,108
55726,0.2.6,0,2,6,30
55727,0.4.6,0,4,6,54
55728,0.4.6,0,4,6,54
55729,0.2.6,0,2,6,30
55730,0.4.6,0,4,6,54
55731,0.4.6,0,4,6,54
55732,0.4.6,0,4,6,54
55733,0.4.6,0,4,6,54
55734,0.4.6,0,4,6,54
55735,0.13.4,0,13,4,160
55736,0.4.6,0,4,6,54
55737,0.13.4,0,13,4,160
55738,0.4.6,0,4,6,54
55739,0.2.6,0,2,6,30
55740,0.9.0,0,9,0,108
55741,0.2.6,0,2,6,30
55742,0.2.6,0,2,6,30
55743,0.2.6,0,2,6,30
55744,0.0.6,0,0,6,6
55745,0.4.6,0,4,6,54
55746,0.4.6,0,4,6,54
55747,0.4.6,0,4,6,54
55748,0.4.6,0,4,6,54
55749,0.13.4,0,13,4,160
55750,0.4.6,0,4,6,54
55751,0.4.6,0,4,6,54
55752,0.4.6,0,4,6,54
55753,0.4.6,0,4,6,54
55754,0.2.6,0,2,6,30
55755,0.4.6,0,4,6,54
55756,0.4.6,0,4,6,54
55757,0.4.6,0,4,6,54
55758,0.4.6,0,4,6,54
55759,0.2.6,0,2,6,30
55760,0.4.6,0,4,6,54
55761,0.2.6,0,2,6,30
55762,0.1.11,0,1,11,23
55763,0.1.11,0,1,11,23
55764,0.0.6,0,0,6,6
55765,0.9.0,0,9,0,108
55766,0.4.6,0,4,6,54
55767,0.1.11,0,1,11,23
55768,0.1.11,0,1,11,23
55769,0.4.6,0,4,6,54
55770,0.4.6,0,4,6,54
55771,0.2.6,0,2,6,30
55772,0.4.6,0,4,6,54
55773,0.4.6,0,4,6,54
55774,0.4.6,0,4,6,54
55775,0.2.6,0,2,6,30
55776,0.4.6,0,4,6,54
55777,0.4.6,0,4,6,54
55778,0.1.11,0,1,11,23
55779,0.1.11,0,1,11,23
55780,0.9.0,0,9,0,108
55781,0.4.6,0,4,6,54
55782,0.13.4,0,13,4,160
55783,0.4.6,0,4,6,54
55784,0.4.6,0,4,6,54
55785,0.4.6,0,4,6,54
55786,0.4.6,0,4,6,54
55787,0.4.6,0,4,6,54
55788,0.4.6,0,4,6,54
55789,0.4.6,0,4,6,54
55790,0.4.6,0,4,6,54
55791,0.4.6,0,4,6,54
55792,0.4.6,0,4,6,54
55793,0.4.6,0,4,6,54
55794,0.9.0,0,9,0,108
55795,0.13.4,0,13,4,160
55796,0.4.6,0,4,6,54
55797,0.2.6,0,2,6,30
55798,0.4.6,0,4,6,54
55799,0.4.6,0,4,6,54
55800,0.4.6,0,4,6,54
55801,0.2.6,0,2,6,30
55802,0.4.6,0,4,6,54
55803,0.4.6,0,4,6,54
55804,0.9.0,0,9,0,108
55805,0.4.6,0,4,6,54
55806,0.4.6,0,4,6,54
55807,0.4.6,0,4,6,54
55808,0.1.11,0,1,11,23
55809,0.1.1,0,1,1,13
55810,0.4.6,0,4,6,54
55811,0.4.6,0,4,6,54
55812,0.4.6,0,4,6,54
55813,0.4.6,0,4,6,54
55814,0.10.8,0,10,8,128
55815,0.2.6,0,2,6,30
55816,0.4.6,0,4,6,54
55817,0.4.6,0,4,6,54
55818,0.4.6,0,4,6,54
55819,0.4.6,0,4,6,54
55820,0.4.6,0,4,6,54
55821,0.1.11,0,1,11,23
55822,0.2.6,0,2,6,30
55823,0.4.6,0,4,6,54
55824,0.4.6,0,4,6,54
55825,0.9.0,0,9,0,108
55826,0.2.6,0,2,6,30
55827,0.4.6,0,4,6,54
55828,0.4.6,0,4,6,54
55829,0.4.6,0,4,6,54
55830,0.4.6,0,4,6,54
55831,0.4.6,0,4,6,54
55832,0.4.6,0,4,6,54
55833,0.6.8,0,6,8,80
55834,0.1.11,0,1,11,23
55835,0.2.6,0,2,6,30
55836,0.4.6,0,4,6,54
55837,0.2.6,0,2,6,30
55838,0.2.6,0,2,6,30
55839,0.4.6,0,4,6,54
55840,0.4.6,0,4,6,54
55841,0.4.6,0,4,6,54
55842,0.4.6,0,4,6,54
55843,0.9.0,0,9,0,108
55844,0.4.6,0,4,6,54
55845,0.4.6,0,4,6,54
55846,0.4.6,0,4,6,54
55847,0.4.6,0,4,6,54
55848,0.1.11,0,1,11,23
55849,0.4.6,0,4,6,54
55850,0.0.6,0,0,6,6
55851,0.4.6,0,4,6,54
55852,0.4.6,0,4,6,54
55853,0.4.6,0,4,6,54
55854,0.1.11,0,1,11,23
55855,0.4.6,0,4,6,54
55856,0.2.6,0,2,6,30
55857,0.4.6,0,4,6,54
55858,0.4.6,0,4,6,54
55859,0.4.6,0,4,6,54
55860,0.4.6,0,4,6,54
55861,0.4.6,0,4,6,54
55862,0.4.6,0,4,6,54
55863,2.0.0,2,0,0,480
55864,0.4.6,0,4,6,54
55865,0.0.6,0,0,6,6
55866,0.4.6,0,4,6,54
55867,0.4.6,0,4,6,54
55868,0.4.6,0,4,6,54
55869,0.4.6,0,4,6,54
55870,0.0.6,0,0,6,6
55871,0.4.6,0,4,6,54
55872,0.4.6,0,4,6,54
55873,0.2.6,0,2,6,30
55874,0.2.6,0,2,6,30
55875,0.4.6,0,4,6,54
55876,0.2.6,0,2,6,30
55877,0.4.6,0,4,6,54
55878,0.4.6,0,4,6,54
55879,0.4.6,0,4,6,54
55880,0.2.6,0,2,6,30
55881,0.4.6,0,4,6,54
55882,0.4.6,0,4,6,54
55883,0.4.6,0,4,6,54
55884,0.2.6,0,2,6,30
55885,0.4.6,0,4,6,54
55886,0.2.6,0,2,6,30
55887,0.4.6,0,4,6,54
55888,0.4.6,0,4,6,54
55889,0.4.6,0,4,6,54
55890,0.4.6,0,4,6,54
55891,0.4.6,0,4,6,54
55892,0.4.6,0,4,6,54
55893,0.4.6,0,4,6,54
55894,0.4.6,0,4,6,54
55895,0.2.6,0,2,6,30
55896,0.4.6,0,4,6,54
55897,0.4.6,0,4,6,54
55898,0.9.0,0,9,0,108
55899,0.4.6,0,4,6,54
55900,0.2.6,0,2,6,30
55901,0.6.8,0,6,8,80
55902,0.4.6,0,4,6,54
55903,0.1.11,0,1,11,23
55904,0.4.6,0,4,6,54
55905,0.4.6,0,4,6,54
55906,0.4.6,0,4,6,54
55907,0.1.11,0,1,11,23
55908,0.4.6,0,4,6,54
55909,0.4.6,0,4,6,54
55910,0.4.6,0,4,6,54
55911,0.4.6,0,4,6,54
55912,0.4.6,0,4,6,54
55913,0.4.6,0,4,6,54
55914,0.13.4,0,13,4,160
55915,0.4.6,0,4,6,54
55916,0.4.6,0,4,6,54
55917,0.4.6,0,4,6,54
55918,0.2.6,0,2,6,30
55919,0.4.6,0,4,6,54
55920,0.4.6,0,4,6,54
55921,0.4.6,0,4,6,54
55922,0.9.0,0,9,0,108
55923,0.2.6,0,2,6,30
55924,0.4.6,0,4,6,54
55925,0.4.6,0,4,6,54
55926,0.4.6,0,4,6,54
55927,0.4.6,0,4,6,54
55928,0.4.6,0,4,6,54
55929,0.2.6,0,2,6,30
55930,0.9.0,0,9,0,108
55931,0.4.6,0,4,6,54
55932,0.5.0,0,5,0,60
55933,0.1.11,0,1,11,23
55934,0.4.6,0,4,6,54
55935,0.4.6,0,4,6,54
55936,0.4.6,0,4,6,54
55937,0.4.6,0,4,6,54
55938,0.2.6,0,2,6,30
55939,0.2.6,0,2,6,30
55940,0.4.6,0,4,6,54
55941,0.1.11,0,1,11,23
55942,0.4.6,0,4,6,54
55943,0.4.6,0,4,6,54
55944,0.9.0,0,9,0,108
55945,2.0.0,2,0,0,480
55946,0.4.6,0,4,6,54
55947,0.6.8,0,6,8,80
55948,0.10.8,0,10,8,128
55949,0.4.6,0,4,6,54
55950,0.4.6,0,4,6,54
55951,0.4.6,0,4,6,54
55952,0.0.6,0,0,6,6
55953,0.4.6,0,4,6,54
55954,0.4.6,0,4,6,54
55955,0.4.6,0,4,6,54
55956,0.1.11,0,1,11,23
55957,0.4.6,0,4,6,54
55958,0.4.6,0,4,6,54
55959,0.4.6,0,4,6,54
55960,0.4.6,0,4,6,54
55961,0.4.6,0,4,6,54
55962,0.4.6,0,4,6,54
55963,0.4.6,0,4,6,54
55964,0.10.8,0,10,8,128
55965,0.4.6,0,4,6,54
55966,0.4.6,0,4,6,54
55967,0.4.6,0,4,6,54
55968,0.1.11,0,1,11,23
55969,0.1.11,0,1,11,23
55970,0.1.11,0,1,11,23
55971,0.4.6,0,4,6,54
55972,0.4.6,0,4,6,54
55973,0.13.4,0,13,4,160
55974,0.4.6,0,4,6,54
55975,0.4.6,0,4,6,54
55976,0.4.6,0,4,6,54
55977,0.4.6,0,4,6,54
55978,0.4.6,0,4,6,54
55979,0.4.6,0,4,6,54
55980,0.4.6,0,4,6,54
55981,0.4.6,0,4,6,54
55982,0.4.6,0,4,6,54
55983,0.9.0,0,9,0,108
55984,0.1.11,0,1,11,23
55985,0.4.6,0,4,6,54
55986,0.4.6,0,4,6,54
55987,0.4.6,0,4,6,54
55988,0.2.6,0,2,6,30
55989,0.4.6,0,4,6,54
55990,0.4.6,0,4,6,54
55991,0.4.6,0,4,6,54
55992,0.4.6,0,4,6,54
55993,0.4.6,0,4,6,54
55994,0.1.11,0,1,11,23
55995,0.1.11,0,1,11,23
55996,0.4.6,0,4,6,54
55997,0.4.6,0,4,6,54
55998,0.1.11,0,1,11,23
55999,0.2.6,0,2,6,30
56000,0.2.6,0,2,6,30
56001,0.1.11,0,1,11,23
56002,0.1.11,0,1,11,23
56003,0.9.0,0,9,0,108
56004,0.2.6,0,2,6,30
56005,0.4.6,0,4,6,54
56006,0.4.6,0,4,6,54
56007,0.9.0,0,9,0,108
56008,0.9.0,0,9,0,108
56009,0.4.6,0,4,6,54
56010,0.2.6,0,2,6,30
56011,0.2.6,0,2,6,30
56012,0.1.11,0,1,11,23
56013,0.4.6,0,4,6,54
56014,0.4.6,0,4,6,54
56015,0.4.6,0,4,6,54
56016,0.4.6,0,4,6,54
56017,0.2.6,0,2,6,30
56018,0.4.6,0,4,6,54
56019,0.4.6,0,4,6,54
56020,0.4.6,0,4,6,54
56021,0.4.6,0,4,6,54
56022,0.9.0,0,9,0,108
56023,0.4.6,0,4,6,54
56024,0.4.6,0,4,6,54
56025,0.4.6,0,4,6,54
56026,0.4.6,0,4,6,54
56027,0.4.6,0,4,6,54
56028,0.2.6,0,2,6,30
56029,0.2.6,0,2,6,30
56030,0.0.6,0,0,6,6
56031,0.4.6,0,4,6,54
56032,0.4.6,0,4,6,54
56033,0.4.6,0,4,6,54
56034,0.2.6,0,2,6,30
56035,0.2.6,0,2,6,30
56036,0.4.6,0,4,6,54
56037,0.4.6,0,4,6,54
56038,0.2.6,0,2,6,30
56039,0.4.6,0,4,6,54
56040,0.2.6,0,2,6,30
56041,0.4.6,0,4,6,54
56042,0.4.6,0,4,6,54
56043,0.4.6,0,4,6,54
56044,0.2.6,0,2,6,30
56045,0.2.6,0,2,6,30
56046,0.4.6,0,4,6,54
56047,0.4.6,0,4,6,54
56048,0.4.6,0,4,6,54
56049,0.4.6,0,4,6,54
56050,0.4.6,0,4,6,54
56051,0.9.0,0,9,0,108
56052,0.4.6,0,4,6,54
56053,0.4.6,0,4,6,54
56054,0.4.6,0,4,6,54
56055,0.4.6,0,4,6,54
56056,0.4.6,0,4,6,54
56057,0.4.6,0,4,6,54
56058,0.1.11,0,1,11,23
56059,0.4.6,0,4,6,54
56060,0.4.6,0,4,6,54
56061,0.4.6,0,4,6,54
56062,0.4.6,0,4,6,54
56063,0.4.6,0,4,6,54
56064,0.4.6,0,4,6,54
56065,0.4.6,0,4,6,54
56066,0.0.6,0,0,6,6
56067,0.6.8,0,6,8,80
56068,0.4.6,0,4,6,54
56069,0.4.6,0,4,6,54
56070,0.1.11,0,1,11,23
56071,0.4.6,0,4,6,54
56072,0.4.6,0,4,6,54
56073,0.4.6,0,4,6,54
56074,0.4.6,0,4,6,54
56075,0.6.8,0,6,8,80
56076,0.4.6,0,4,6,54
56077,0.4.6,0,4,6,54
56078,0.4.6,0,4,6,54
56079,0.2.6,0,2,6,30
56080,0.2.6,0,2,6,30
56081,0.4.6,0,4,6,54
56082,0.4.6,0,4,6,54
56083,0.4.6,0,4,6,54
56084,0.4.6,0,4,6,54
56085,0.1.11,0,1,11,23
56086,0.1.11,0,1,11,23
56087,0.9.0,0,9,0,108
56088,0.4.6,0,4,6,54
56089,0.4.6,0,4,6,54
56090,0.9.0,0,9,0,108
56091,0.4.6,0,4,6,54
56092,0.1.11,0,1,11,23
56093,0.2.6,0,2,6,30
56094,0.4.6,0,4,6,54
56095,0.4.6,0,4,6,54
56096,0.4.6,0,4,6,54
56097,0.4.6,0,4,6,54
56098,0.4.6,0,4,6,54
56099,0.4.6,0,4,6,54
56100,0.4.6,0,4,6,54
56101,0.4.6,0,4,6,54
56102,0.0.6,0,0,6,6
56103,0.4.6,0,4,6,54
56104,0.4.6,0,4,6,54
56105,0.1.11,0,1,11,23
56106,0.1.11,0,1,11,23
56107,0.4.6,0,4,6,54
56108,0.4.6,0,4,6,54
56109,0.4.6,0,4,6,54
56110,0.4.6,0,4,6,54
56111,0.4.6,0,4,6,54
56112,0.2.6,0,2,6,30
56113,0.4.6,0,4,6,54
56114,0.4.6,0,4,6,54
56115,0.4.6,0,4,6,54
56116,0.4.6,0,4,6,54
56117,0.2.6,0,2,6,30
56118,0.4.6,0,4,6,54
56119,0.4.6,0,4,6,54
56120,0.9.0,0,9,0,108
56121,0.4.6,0,4,6,54
56122,0.4.6,0,4,6,54
56123,0.2.6,0,2,6,30
56124,0.4.6,0,4,6,54
56125,0.4.6,0,4,6,54
56126,0.4.6,0,4,6,54
56127,0.4.6,0,4,6,54
56128,0.1.11,0,1,11,23
56129,0.1.11,0,1,11,23
56130,0.1.11,0,1,11,23
56131,0.9.0,0,9,0,108
56132,0.4.6,0,4,6,54
56133,0.2.6,0,2,6,30
56134,0.4.6,0,4,6,54
56135,0.4.6,0,4,6,54
56136,0.4.6,0,4,6,54
56137,0.2.6,0,2,6,30
56138,0.4.6,0,4,6,54
56139,0.4.6,0,4,6,54
56140,0.4.6,0,4,6,54
56141,0.4.6,0,4,6,54
56142,0.4.6,0,4,6,54
56143,0.10.8,0,10,8,128
56144,0.4.6,0,4,6,54
56145,0.4.6,0,4,6,54
56146,0.1.11,0,1,11,23
56147,0.4.6,0,4,6,54
56148,0.1.11,0,1,11,23
56149,0.4.6,0,4,6,54
56150,0.1.11,0,1,11,23
56151,0.4.6,0,4,6,54
56152,0.4.6,0,4,6,54
56153,0.4.6,0,4,6,54
56154,0.0.6,0,0,6,6
56155,0.1.11,0,1,11,23
56156,0.4.6,0,4,6,54
56157,0.9.0,0,9,0,108
56158,0.2.6,0,2,6,30
56159,0.4.6,0,4,6,54
56160,0.2.6,0,2,6,30
56161,0.1.11,0,1,11,23
56162,0.4.6,0,4,6,54
56163,0.9.0,0,9,0,108
56164,0.4.6,0,4,6,54
56165,0.6.4,0,6,4,76
56166,0.2.6,0,2,6,30
56167,0.4.6,0,4,6,54
56168,0.9.0,0,9,0,108
56169,0.4.6,0,4,6,54
56170,0.4.6,0,4,6,54
56171,0.4.6,0,4,6,54
56172,0.2.6,0,2,6,30
56173,0.4.6,0,4,6,54
56174,0.4.6,0,4,6,54
56175,0.4.6,0,4,6,54
56176,0.1.11,0,1,11,23
56177,0.4.6,0,4,6,54
56178,0.4.6,0,4,6,54
56179,0.4.6,0,4,6,54
56180,0.9.0,0,9,0,108
56181,0.2.6,0,2,6,30
56182,0.2.6,0,2,6,30
56183,0.4.6,0,4,6,54
56184,0.4.6,0,4,6,54
56185,0.2.6,0,2,6,30
56186,0.2.6,0,2,6,30
56187,0.2.6,0,2,6,30
56188,0.4.6,0,4,6,54
56189,0.4.6,0,4,6,54
56190,0.4.6,0,4,6,54
56191,0.4.6,0,4,6,54
56192,0.4.6,0,4,6,54
56193,0.9.0,0,9,0,108
56194,0.2.6,0,2,6,30
56195,0.4.6,0,4,6,54
56196,0.13.4,0,13,4,160
56197,0.9.0,0,9,0,108
56198,0.9.0,0,9,0,108
56199,0.0.6,0,0,6,6
56200,0.4.6,0,4,6,54
56201,0.1.11,0,1,11,23
56202,0.2.6,0,2,6,30
56203,0.4.6,0,4,6,54
56204,0.4.6,0,4,6,54
56205,0.1.11,0,1,11,23
56206,0.2.6,0,2,6,30
56207,0.4.6,0,4,6,54
56208,0.4.6,0,4,6,54
56209,0.4.6,0,4,6,54
56210,0.4.6,0,4,6,54
56211,0.4.6,0,4,6,54
56212,0.13.4,0,13,4,160
56213,0.4.6,0,4,6,54
56214,0.4.6,0,4,6,54
56215,0.4.6,0,4,6,54
56216,0.4.6,0,4,6,54
56217,0.1.11,0,1,11,23
56218,0.4.6,0,4,6,54
56219,0.4.6,0,4,6,54
56220,0.4.6,0,4,6,54
56221,0.4.6,0,4,6,54
56222,0.4.6,0,4,6,54
56223,0.4.6,0,4,6,54
56224,0.9.0,0,9,0,108
56225,0.4.6,0,4,6,54
56226,0.2.6,0,2,6,30
56227,0.4.6,0,4,6,54
56228,0.4.6,0,4,6,54
56229,0.9.0,0,9,0,108
56230,0.4.6,0,4,6,54
56231,0.4.6,0,4,6,54
56232,0.4.6,0,4,6,54
56233,0.4.6,0,4,6,54
56234,0.1.11,0,1,11,23
56235,0.4.6,0,4,6,54
56236,0.4.6,0,4,6,54
56237,0.4.6,0,4,6,54
56238,0.4.6,0,4,6,54
56239,0.4.6,0,4,6,54
56240,0.4.6,0,4,6,54
56241,0.2.6,0,2,6,30
56242,0.4.6,0,4,6,54
56243,0.4.6,0,4,6,54
56244,0.4.6,0,4,6,54
56245,0.4.6,0,4,6,54
56246,0.4.6,0,4,6,54
56247,0.9.0,0,9,0,108
56248,0.4.6,0,4,6,54
56249,0.4.6,0,4,6,54
56250,0.4.6,0,4,6,54
56251,0.9.0,0,9,0,108
56252,0.4.6,0,4,6,54
56253,0.4.6,0,4,6,54
56254,0.4.6,0,4,6,54
56255,0.0.6,0,0,6,6
56256,0.4.6,0,4,6,54
56257,0.4.6,0,4,6,54
56258,0.2.6,0,2,6,30
56259,0.2.6,0,2,6,30
56260,0.4.6,0,4,6,54
56261,0.2.6,0,2,6,30
56262,0.4.6,0,4,6,54
56263,0.4.6,0,4,6,54
56264,0.4.6,0,4,6,54
56265,0.4.6,0,4,6,54
56266,0.9.0,0,9,0,108
56267,0.4.6,0,4,6,54
56268,0.1.11,0,1,11,23
56269,0.4.6,0,4,6,54
56270,0.2.6,0,2,6,30
56271,0.4.6,0,4,6,54
56272,0.4.6,0,4,6,54
56273,0.4.6,0,4,6,54
56274,0.4.6,0,4,6,54
56275,0.1.11,0,1,11,23
56276,0.4.6,0,4,6,54
56277,0.4.6,0,4,6,54
56278,0.4.6,0,4,6,54
56279,0.4.6,0,4,6,54
56280,0.4.6,0,4,6,54
56281,0.9.0,0,9,0,108
56282,0.4.6,0,4,6,54
56283,0.4.6,0,4,6,54
56284,0.4.6,0,4,6,54
56285,0.4.6,0,4,6,54
56286,0.4.6,0,4,6,54
56287,0.4.6,0,4,6,54
56288,0.4.6,0,4,6,54
56289,0.1.11,0,1,11,23
56290,0.4.6,0,4,6,54
56291,0.1.11,0,1,11,23
56292,0.2.6,0,2,6,30
56293,0.4.6,0,4,6,54
56294,0.4.6,0,4,6,54
56295,0.4.6,0,4,6,54
56296,0.4.6,0,4,6,54
56297,0.4.6,0,4,6,54
56298,0.4.6,0,4,6,54
56299,0.4.6,0,4,6,54
56300,0.0.6,0,0,6,6
56301,0.1.11,0,1,11,23
56302,0.4.6,0,4,6,54
56303,0.4.6,0,4,6,54
56304,0.2.6,0,2,6,30
56305,0.2.6,0,2,6,30
56306,0.4.6,0,4,6,54
56307,0.1.11,0,1,11,23
56308,0.4.6,0,4,6,54
56309,0.2.6,0,2,6,30
56310,0.4.6,0,4,6,54
56311,0.4.6,0,4,6,54
56312,0.4.6,0,4,6,54
56313,0.9.0,0,9,0,108
56314,0.4.6,0,4,6,54
56315,0.4.6,0,4,6,54
56316,0.2.6,0,2,6,30
56317,0.4.6,0,4,6,54
56318,0.9.0,0,9,0,108
56319,0.2.6,0,2,6,30
56320,0.4.6,0,4,6,54
56321,0.4.6,0,4,6,54
56322,0.4.6,0,4,6,54
56323,0.4.6,0,4,6,54
56324,0.9.0,0,9,0,108
56325,0.4.6,0,4,6,54
56326,0.2.6,0,2,6,30
56327,0.2.6,0,2,6,30
56328,0.4.6,0,4,6,54
56329,0.4.6,0,4,6,54
56330,0.4.6,0,4,6,54
56331,0.1.11,0,1,11,23
56332,0.4.6,0,4,6,54
56333,0.4.6,0,4,6,54
56334,0.4.6,0,4,6,54
56335,0.4.6,0,4,6,54
56336,2.0.0,2,0,0,480
56337,0.4.6,0,4,6,54
56338,0.9.0,0,9,0,108
56339,0.4.6,0,4,6,54
56340,0.4.6,0,4,6,54
56341,0.6.8,0,6,8,80
56342,0.2.6,0,2,6,30
56343,0.4.6,0,4,6,54
56344,0.2.6,0,2,6,30
56345,0.4.6,0,4,6,54
56346,0.4.6,0,4,6,54
56347,0.9.0,0,9,0,108
56348,0.4.6,0,4,6,54
56349,0.4.6,0,4,6,54
56350,0.4.6,0,4,6,54
56351,0.4.6,0,4,6,54
56352,0.4.6,0,4,6,54
56353,0.4.6,0,4,6,54
56354,0.4.6,0,4,6,54
56355,0.2.6,0,2,6,30
56356,0.4.6,0,4,6,54
56357,0.2.6,0,2,6,30
56358,0.4.6,0,4,6,54
56359,0.0.6,0,0,6,6
56360,0.9.0,0,9,0,108
56361,0.4.6,0,4,6,54
56362,0.4.6,0,4,6,54
56363,0.9.0,0,9,0,108
56364,0.4.6,0,4,6,54
56365,0.4.6,0,4,6,54
56366,0.4.6,0,4,6,54
56367,0.0.6,0,0,6,6
56368,0.4.6,0,4,6,54
56369,0.4.6,0,4,6,54
56370,0.4.6,0,4,6,54
56371,0.4.6,0,4,6,54
56372,0.0.6,0,0,6,6
56373,0.4.6,0,4,6,54
56374,0.4.6,0,4,6,54
56375,0.4.6,0,4,6,54
56376,0.1.11,0,1,11,23
56377,0.4.6,0,4,6,54
56378,0.2.6,0,2,6,30
56379,0.2.6,0,2,6,30
56380,0.4.6,0,4,6,54
56381,0.4.6,0,4,6,54
56382,0.4.6,0,4,6,54
56383,0.0.6,0,0,6,6
56384,0.0.6,0,0,6,6
56385,0.4.6,0,4,6,54
56386,0.2.6,0,2,6,30
56387,0.4.6,0,4,6,54
56388,0.2.6,0,2,6,30
56389,0.4.6,0,4,6,54
56390,0.4.6,0,4,6,54
56391,0.0.6,0,0,6,6
56392,0.2.6,0,2,6,30
56393,0.9.0,0,9,0,108
56394,0.4.6,0,4,6,54
56395,0.1.11,0,1,11,23
56396,0.4.6,0,4,6,54
56397,0.4.6,0,4,6,54
56398,0.4.6,0,4,6,54
56399,0.4.6,0,4,6,54
56400,0.4.6,0,4,6,54
56401,0.4.6,0,4,6,54
56402,0.2.6,0,2,6,30
56403,0.4.6,0,4,6,54
56404,0.4.6,0,4,6,54
56405,0.10.8,0,10,8,128
56406,0.4.6,0,4,6,54
56407,0.2.6,0,2,6,30
56408,0.4.6,0,4,6,54
56409,0.4.6,0,4,6,54
56410,0.1.11,0,1,11,23
56411,0.4.6,0,4,6,54
56412,0.4.6,0,4,6,54
56413,0.9.0,0,9,0,108
56414,0.4.6,0,4,6,54
56415,0.4.6,0,4,6,54
56416,0.4.6,0,4,6,54
56417,0.1.11,0,1,11,23
56418,0.4.6,0,4,6,54
56419,0.1.11,0,1,11,23
56420,0.2.6,0,2,6,30
56421,0.4.6,0,4,6,54
56422,0.2.6,0,2,6,30
56423,0.4.6,0,4,6,54
56424,0.4.6,0,4,6,54
56425,0.4.6,0,4,6,54
56426,0.4.6,0,4,6,54
56427,0.2.6,0,2,6,30
56428,0.4.6,0,4,6,54
56429,0.4.6,0,4,6,54
56430,0.4.6,0,4,6,54
56431,0.4.6,0,4,6,54
56432,0.4.6,0,4,6,54
56433,0.4.6,0,4,6,54
56434,0.4.6,0,4,6,54
56435,0.1.11,0,1,11,23
56436,0.4.6,0,4,6,54
56437,0.2.6,0,2,6,30
56438,0.4.6,0,4,6,54
56439,0.4.6,0,4,6,54
56440,0.4.6,0,4,6,54
56441,0.4.6,0,4,6,54
56442,0.4.6,0,4,6,54
56443,0.9.0,0,9,0,108
56444,0.1.11,0,1,11,23
56445,0.1.11,0,1,11,23
56446,0.4.6,0,4,6,54
56447,0.4.6,0,4,6,54
56448,0.4.6,0,4,6,54
56449,0.6.8,0,6,8,80
56450,0.13.4,0,13,4,160
56451,0.9.0,0,9,0,108
56452,0.4.6,0,4,6,54
56453,0.1.11,0,1,11,23
56454,0.4.6,0,4,6,54
56455,0.2.6,0,2,6,30
56456,0.4.6,0,4,6,54
56457,0.2.6,0,2,6,30
56458,0.4.6,0,4,6,54
56459,0.10.8,0,10,8,128
56460,0.4.6,0,4,6,54
56461,0.1.11,0,1,11,23
56462,0.4.6,0,4,6,54
56463,0.4.6,0,4,6,54
56464,0.4.6,0,4,6,54
56465,0.4.6,0,4,6,54
56466,0.9.0,0,9,0,108
56467,0.2.6,0,2,6,30
56468,0.4.6,0,4,6,54
56469,0.0.6,0,0,6,6
56470,0.2.6,0,2,6,30
56471,0.4.6,0,4,6,54
56472,0.4.6,0,4,6,54
56473,0.4.6,0,4,6,54
56474,0.9.0,0,9,0,108
56475,0.4.6,0,4,6,54
56476,0.4.6,0,4,6,54
56477,0.13.4,0,13,4,160
56478,0.2.6,0,2,6,30
56479,0.4.6,0,4,6,54
56480,0.0.6,0,0,6,6
56481,0.4.6,0,4,6,54
56482,0.4.6,0,4,6,54
56483,0.4.6,0,4,6,54
56484,0.2.6,0,2,6,30
56485,0.4.6,0,4,6,54
56486,0.2.6,0,2,6,30
56487,0.9.0,0,9,0,108
56488,0.1.11,0,1,11,23
56489,0.4.6,0,4,6,54
56490,0.4.6,0,4,6,54
56491,0.0.6,0,0,6,6
56492,0.1.11,0,1,11,23
56493,0.4.6,0,4,6,54
56494,0.4.6,0,4,6,54
56495,0.2.6,0,2,6,30
56496,0.4.6,0,4,6,54
56497,0.4.6,0,4,6,54
56498,0.2.6,0,2,6,30
56499,0.2.6,0,2,6,30
56500,0.4.6,0,4,6,54
56501,0.2.6,0,2,6,30
56502,0.6.8,0,6,8,80
56503,0.4.6,0,4,6,54
56504,0.1.11,0,1,11,23
56505,0.9.0,0,9,0,108
56506,0.2.6,0,2,6,30
56507,0.4.6,0,4,6,54
56508,0.4.6,0,4,6,54
56509,0.4.6,0,4,6,54
56510,0.4.6,0,4,6,54
56511,0.9.0,0,9,0,108
56512,0.4.6,0,4,6,54
56513,0.4.6,0,4,6,54
56514,0.4.6,0,4,6,54
56515,0.4.6,0,4,6,54
56516,0.2.6,0,2,6,30
56517,0.2.6,0,2,6,30
56518,0.4.6,0,4,6,54
56519,0.1.11,0,1,11,23
56520,0.4.6,0,4,6,54
56521,0.4.6,0,4,6,54
56522,0.2.6,0,2,6,30
56523,0.0.6,0,0,6,6
56524,0.4.6,0,4,6,54
56525,0.2.6,0,2,6,30
56526,0.1.11,0,1,11,23
56527,0.4.6,0,4,6,54
56528,0.4.6,0,4,6,54
56529,0.4.6,0,4,6,54
56530,0.1.11,0,1,11,23
56531,0.6.8,0,6,8,80
56532,0.4.6,0,4,6,54
56533,0.4.6,0,4,6,54
56534,0.2.6,0,2,6,30
56535,0.4.6,0,4,6,54
56536,0.9.0,0,9,0,108
56537,0.4.6,0,4,6,54
56538,0.4.6,0,4,6,54
56539,0.4.6,0,4,6,54
56540,0.4.6,0,4,6,54
56541,0.10.8,0,10,8,128
56542,0.4.6,0,4,6,54
56543,0.4.6,0,4,6,54
56544,0.2.6,0,2,6,30
56545,0.4.6,0,4,6,54
56546,0.4.6,0,4,6,54
56547,0.1.11,0,1,11,23
56548,0.4.6,0,4,6,54
56549,0.0.6,0,0,6,6
56550,0.4.6,0,4,6,54
56551,0.4.6,0,4,6,54
56552,0.1.11,0,1,11,23
56553,0.4.6,0,4,6,54
56554,2.0.0,2,0,0,480
56555,0.4.6,0,4,6,54
56556,0.9.0,0,9,0,108
56557,0.4.6,0,4,6,54
56558,0.4.6,0,4,6,54
56559,0.4.6,0,4,6,54
56560,0.4.6,0,4,6,54
56561,0.4.6,0,4,6,54
56562,0.4.6,0,4,6,54
56563,0.4.6,0,4,6,54
56564,0.4.6,0,4,6,54
56565,0.0.6,0,0,6,6
56566,0.4.6,0,4,6,54
56567,0.4.6,0,4,6,54
56568,0.4.6,0,4,6,54
56569,0.4.6,0,4,6,54
56570,0.4.6,0,4,6,54
56571,0.4.6,0,4,6,54
56572,0.4.6,0,4,6,54
56573,0.1.11,0,1,11,23
56574,0.4.6,0,4,6,54
56575,0.2.6,0,2,6,30
56576,0.4.6,0,4,6,54
56577,0.4.6,0,4,6,54
56578,0.4.6,0,4,6,54
56579,0.4.6,0,4,6,54
56580,0.2.6,0,2,6,30
56581,0.4.6,0,4,6,54
56582,0.4.6,0,4,6,54
56583,0.1.11,0,1,11,23
56584,0.10.8,0,10,8,128
56585,0.4.6,0,4,6,54
56586,0.2.6,0,2,6,30
56587,0.4.6,0,4,6,54
56588,0.0.6,0,0,6,6
56589,0.4.6,0,4,6,54
56590,0.4.6,0,4,6,54
56591,2.0.0,2,0,0,480
56592,0.4.6,0,4,6,54
56593,0.4.6,0,4,6,54
56594,0.2.6,0,2,6,30
56595,0.4.6,0,4,6,54
56596,0.4.6,0,4,6,54
56597,0.4.6,0,4,6,54
56598,0.4.6,0,4,6,54
56599,0.2.6,0,2,6,30
56600,0.2.6,0,2,6,30
56601,0.2.6,0,2,6,30
56602,0.2.6,0,2,6,30
56603,0.2.6,0,2,6,30
56604,0.4.6,0,4,6,54
56605,0.4.6,0,4,6,54
56606,0.4.6,0,4,6,54
56607,0.4.6,0,4,6,54
56608,0.4.6,0,4,6,54
56609,0.2.6,0,2,6,30
56610,0.4.6,0,4,6,54
56611,0.4.6,0,4,6,54
56612,0.4.6,0,4,6,54
56613,0.2.6,0,2,6,30
56614,0.1.11,0,1,11,23
56615,0.2.6,0,2,6,30
56616,0.4.6,0,4,6,54
56617,0.4.6,0,4,6,54
56618,0.4.6,0,4,6,54
56619,0.4.6,0,4,6,54
56620,0.4.6,0,4,6,54
56621,0.0.6,0,0,6,6
56622,0.4.6,0,4,6,54
56623,0.2.6,0,2,6,30
56624,0.2.6,0,2,6,30
56625,0.4.6,0,4,6,54
56626,0.4.6,0,4,6,54
56627,0.4.6,0,4,6,54
56628,0.2.6,0,2,6,30
56629,0.2.6,0,2,6,30
56630,0.4.6,0,4,6,54
56631,0.4.6,0,4,6,54
56632,0.4.6,0,4,6,54
56633,0.4.6,0,4,6,54
56634,0.4.6,0,4,6,54
56635,0.4.6,0,4,6,54
56636,0.9.0,0,9,0,108
56637,0.1.11,0,1,11,23
56638,0.4.6,0,4,6,54
56639,0.2.6,0,2,6,30
56640,0.4.6,0,4,6,54
56641,0.4.6,0,4,6,54
56642,0.4.6,0,4,6,54
56643,0.4.6,0,4,6,54
56644,0.4.6,0,4,6,54
56645,0.9.0,0,9,0,108
56646,0.4.6,0,4,6,54
56647,0.4.6,0,4,6,54
56648,0.0.6,0,0,6,6
56649,0.0.6,0,0,6,6
56650,0.1.11,0,1,11,23
56651,0.13.4,0,13,4,160
56652,0.4.6,0,4,6,54
56653,0.2.6,0,2,6,30
56654,0.10.8,0,10,8,128
56655,0.4.6,0,4,6,54
56656,0.4.6,0,4,6,54
56657,0.4.6,0,4,6,54
56658,0.4.6,0,4,6,54
56659,0.4.6,0,4,6,54
56660,0.4.6,0,4,6,54
56661,0.4.6,0,4,6,54
56662,0.4.6,0,4,6,54
56663,0.4.6,0,4,6,54
56664,0.4.6,0,4,6,54
56665,0.2.6,0,2,6,30
56666,0.4.6,0,4,6,54
56667,0.4.6,0,4,6,54
56668,0.4.6,0,4,6,54
56669,0.4.6,0,4,6,54
56670,0.4.6,0,4,6,54
56671,0.2.6,0,2,6,30
56672,0.4.6,0,4,6,54
56673,0.4.6,0,4,6,54
56674,0.0.6,0,0,6,6
56675,0.9.0,0,9,0,108
56676,0.9.0,0,9,0,108
56677,0.0.6,0,0,6,6
56678,0.4.6,0,4,6,54
56679,0.4.6,0,4,6,54
56680,0.2.6,0,2,6,30
56681,0.2.6,0,2,6,30
56682,0.4.6,0,4,6,54
56683,0.2.6,0,2,6,30
56684,0.1.11,0,1,11,23
56685,0.4.6,0,4,6,54
56686,0.4.6,0,4,6,54
56687,0.4.6,0,4,6,54
56688,0.4.6,0,4,6,54
56689,0.4.6,0,4,6,54
56690,0.4.6,0,4,6,54
56691,0.4.6,0,4,6,54
56692,0.2.6,0,2,6,30
56693,0.0.6,0,0,6,6
56694,0.4.6,0,4,6,54
56695,0.4.6,0,4,6,54
56696,0.4.6,0,4,6,54
56697,0.4.6,0,4,6,54
56698,0.2.6,0,2,6,30
56699,0.6.8,0,6,8,80
56700,0.13.4,0,13,4,160
56701,0.4.6,0,4,6,54
56702,0.4.6,0,4,6,54
56703,0.4.6,0,4,6,54
56704,0.9.0,0,9,0,108
56705,0.1.11,0,1,11,23
56706,0.1.11,0,1,11,23
56707,0.1.11,0,1,11,23
56708,0.4.6,0,4,6,54
56709,0.4.6,0,4,6,54
56710,0.4.6,0,4,6,54
56711,0.4.6,0,4,6,54
56712,0.1.11,0,1,11,23
56713,0.4.6,0,4,6,54
56714,0.4.6,0,4,6,54
56715,0.4.6,0,4,6,54
56716,0.4.6,0,4,6,54
56717,0.4.6,0,4,6,54
56718,0.4.6,0,4,6,54
56719,0.1.11,0,1,11,23
56720,0.4.6,0,4,6,54
56721,0.4.6,0,4,6,54
56722,0.4.6,0,4,6,54
56723,0.4.6,0,4,6,54
56724,0.4.6,0,4,6,54
56725,0.1.11,0,1,11,23
56726,0.4.6,0,4,6,54
56727,0.4.6,0,4,6,54
56728,0.4.6,0,4,6,54
56729,0.1.11,0,1,11,23
56730,0.4.6,0,4,6,54
56731,0.4.6,0,4,6,54
56732,0.4.6,0,4,6,54
56733,0.4.6,0,4,6,54
56734,0.9.0,0,9,0,108
56735,0.9.0,0,9,0,108
56736,0.4.6,0,4,6,54
56737,0.9.0,0,9,0,108
56738,0.4.6,0,4,6,54
56739,0.4.6,0,4,6,54
56740,0.4.6,0,4,6,54
56741,0.4.6,0,4,6,54
56742,0.4.6,0,4,6,54
56743,0.4.6,0,4,6,54
56744,0.4.6,0,4,6,54
56745,0.4.6,0,4,6,54
56746,0.9.0,0,9,0,108
56747,0.4.6,0,4,6,54
56748,0.9.0,0,9,0,108
56749,0.4.6,0,4,6,54
56750,0.13.4,0,13,4,160
56751,0.2.6,0,2,6,30
56752,0.4.6,0,4,6,54
56753,0.4.6,0,4,6,54
56754,0.9.0,0,9,0,108
56755,0.4.6,0,4,6,54
56756,0.0.6,0,0,6,6
56757,0.2.6,0,2,6,30
56758,0.4.6,0,4,6,54
56759,0.1.11,0,1,11,23
56760,0.1.11,0,1,11,23
56761,0.4.6,0,4,6,54
56762,0.4.6,0,4,6,54
56763,0.4.6,0,4,6,54
56764,0.4.6,0,4,6,54
56765,0.4.6,0,4,6,54
56766,0.2.6,0,2,6,30
56767,0.4.6,0,4,6,54
56768,0.4.6,0,4,6,54
56769,0.9.0,0,9,0,108
56770,0.4.6,0,4,6,54
56771,0.4.6,0,4,6,54
56772,0.4.6,0,4,6,54
56773,0.4.6,0,4,6,54
56774,0.4.6,0,4,6,54
56775,0.2.6,0,2,6,30
56776,0.13.4,0,13,4,160
56777,0.4.6,0,4,6,54
56778,0.4.6,0,4,6,54
56779,0.4.6,0,4,6,54
56780,0.4.6,0,4,6,54
56781,0.13.4,0,13,4,160
56782,0.4.6,0,4,6,54
56783,0.1.11,0,1,11,23
56784,0.9.0,0,9,0,108
56785,0.4.6,0,4,6,54
56786,0.4.6,0,4,6,54
56787,0.0.6,0,0,6,6
56788,0.9.0,0,9,0,108
56789,0.0.6,0,0,6,6
56790,0.4.6,0,4,6,54
56791,0.4.6,0,4,6,54
56792,0.4.6,0,4,6,54
56793,0.4.6,0,4,6,54
56794,0.4.6,0,4,6,54
56795,0.10.8,0,10,8,128
56796,0.4.6,0,4,6,54
56797,0.4.6,0,4,6,54
56798,0.2.6,0,2,6,30
56799,0.4.6,0,4,6,54
56800,0.13.4,0,13,4,160
56801,0.0.6,0,0,6,6
56802,0.4.6,0,4,6,54
56803,0.4.6,0,4,6,54
56804,0.4.6,0,4,6,54
56805,0.2.6,0,2,6,30
56806,0.4.6,0,4,6,54
56807,0.9.0,0,9,0,108
56808,0.9.0,0,9,0,108
56809,0.4.6,0,4,6,54
56810,0.4.6,0,4,6,54
56811,0.10.8,0,10,8,128
56812,0.2.6,0,2,6,30
56813,0.2.6,0,2,6,30
56814,0.4.6,0,4,6,54
56815,0.4.6,0,4,6,54
56816,0.4.6,0,4,6,54
56817,0.4.6,0,4,6,54
56818,0.1.11,0,1,11,23
56819,0.4.6,0,4,6,54
56820,0.1.11,0,1,11,23
56821,0.2.6,0,2,6,30
56822,0.2.6,0,2,6,30
56823,0.2.6,0,2,6,30
56824,0.2.6,0,2,6,30
56825,0.1.11,0,1,11,23
56826,0.4.6,0,4,6,54
56827,0.4.6,0,4,6,54
56828,0.4.6,0,4,6,54
56829,0.4.6,0,4,6,54
56830,0.4.6,0,4,6,54
56831,0.4.6,0,4,6,54
56832,0.4.6,0,4,6,54
56833,0.4.6,0,4,6,54
56834,0.4.6,0,4,6,54
56835,0.4.6,0,4,6,54
56836,0.4.6,0,4,6,54
56837,0.4.6,0,4,6,54
56838,0.1.11,0,1,11,23
56839,0.1.11,0,1,11,23
56840,0.4.6,0,4,6,54
56841,0.2.6,0,2,6,30
56842,0.9.0,0,9,0,108
56843,0.2.6,0,2,6,30
56844,0.2.6,0,2,6,30
56845,0.4.6,0,4,6,54
56846,0.4.6,0,4,6,54
56847,0.4.6,0,4,6,54
56848,0.4.6,0,4,6,54
56849,0.4.6,0,4,6,54
56850,0.4.6,0,4,6,54
56851,0.4.6,0,4,6,54
56852,0.4.6,0,4,6,54
56853,0.4.6,0,4,6,54
56854,0.4.6,0,4,6,54
56855,0.4.6,0,4,6,54
56856,0.4.6,0,4,6,54
56857,0.2.6,0,2,6,30
56858,0.4.6,0,4,6,54
56859,0.4.6,0,4,6,54
56860,2.0.0,2,0,0,480
56861,0.4.6,0,4,6,54
56862,0.13.4,0,13,4,160
56863,0.4.6,0,4,6,54
56864,0.9.0,0,9,0,108
56865,0.4.6,0,4,6,54
56866,0.4.6,0,4,6,54
56867,0.4.6,0,4,6,54
56868,0.4.6,0,4,6,54
56869,0.4.6,0,4,6,54
56870,0.4.6,0,4,6,54
56871,0.13.4,0,13,4,160
56872,0.4.6,0,4,6,54
56873,0.4.6,0,4,6,54
56874,0.4.6,0,4,6,54
56875,0.4.6,0,4,6,54
56876,0.4.6,0,4,6,54
56877,0.4.6,0,4,6,54
56878,0.4.6,0,4,6,54
56879,0.4.6,0,4,6,54
56880,0.4.6,0,4,6,54
56881,0.1.11,0,1,11,23
56882,0.4.6,0,4,6,54
56883,0.4.6,0,4,6,54
56884,0.4.6,0,4,6,54
56885,0.4.6,0,4,6,54
56886,0.10.8,0,10,8,128
56887,0.4.6,0,4,6,54
56888,0.4.6,0,4,6,54
56889,0.4.6,0,4,6,54
56890,0.4.6,0,4,6,54
56891,0.4.6,0,4,6,54
56892,0.4.6,0,4,6,54
56893,0.4.6,0,4,6,54
56894,0.4.6,0,4,6,54
56895,0.4.6,0,4,6,54
56896,0.4.6,0,4,6,54
56897,0.9.0,0,9,0,108
56898,0.4.6,0,4,6,54
56899,0.2.6,0,2,6,30
56900,0.4.6,0,4,6,54
56901,0.4.6,0,4,6,54
56902,0.2.6,0,2,6,30
56903,0.4.6,0,4,6,54
56904,0.4.6,0,4,6,54
56905,0.0.6,0,0,6,6
56906,0.4.6,0,4,6,54
56907,0.9.0,0,9,0,108
56908,0.2.6,0,2,6,30
56909,0.1.11,0,1,11,23
56910,0.4.6,0,4,6,54
56911,0.4.6,0,4,6,54
56912,0.4.6,0,4,6,54
56913,0.4.6,0,4,6,54
56914,0.4.6,0,4,6,54
56915,0.4.6,0,4,6,54
56916,0.4.6,0,4,6,54
56917,0.1.11,0,1,11,23
56918,0.0.6,0,0,6,6
56919,0.4.6,0,4,6,54
56920,0.2.6,0,2,6,30
56921,0.4.6,0,4,6,54
56922,0.0.6,0,0,6,6
56923,0.4.6,0,4,6,54
56924,0.2.6,0,2,6,30
56925,0.4.6,0,4,6,54
56926,0.2.6,0,2,6,30
56927,0.9.0,0,9,0,108
56928,0.4.6,0,4,6,54
56929,0.4.6,0,4,6,54
56930,0.9.0,0,9,0,108
56931,0.0.6,0,0,6,6
56932,0.4.6,0,4,6,54
56933,0.4.6,0,4,6,54
56934,0.9.0,0,9,0,108
56935,0.2.6,0,2,6,30
56936,0.4.6,0,4,6,54
56937,0.4.6,0,4,6,54
56938,0.4.6,0,4,6,54
56939,0.4.6,0,4,6,54
56940,0.1.11,0,1,11,23
56941,0.4.6,0,4,6,54
56942,0.13.4,0,13,4,160
56943,0.1.11,0,1,11,23
56944,0.4.6,0,4,6,54
56945,0.1.11,0,1,11,23
56946,0.9.0,0,9,0,108
56947,0.4.6,0,4,6,54
56948,0.6.8,0,6,8,80
56949,0.4.6,0,4,6,54
56950,0.0.6,0,0,6,6
56951,0.1.11,0,1,11,23
56952,0.1.11,0,1,11,23
56953,0.4.6,0,4,6,54
56954,0.4.6,0,4,6,54
56955,0.4.6,0,4,6,54
56956,0.4.6,0,4,6,54
56957,0.4.6,0,4,6,54
56958,0.2.6,0,2,6,30
56959,0.4.6,0,4,6,54
56960,2.0.0,2,0,0,480
56961,4.0.0,4,0,0,960
56962,0.1.11,0,1,11,23
56963,0.4.6,0,4,6,54
56964,0.4.6,0,4,6,54
56965,0.4.6,0,4,6,54
56966,0.4.6,0,4,6,54
56967,0.4.6,0,4,6,54
56968,0.4.6,0,4,6,54
56969,0.4.6,0,4,6,54
56970,0.4.6,0,4,6,54
56971,0.2.6,0,2,6,30
56972,0.4.6,0,4,6,54
56973,0.1.11,0,1,11,23
56974,0.4.6,0,4,6,54
56975,0.1.11,0,1,11,23
56976,0.4.6,0,4,6,54
56977,0.4.6,0,4,6,54
56978,0.4.6,0,4,6,54
56979,0.0.6,0,0,6,6
56980,0.4.6,0,4,6,54
56981,0.4.6,0,4,6,54
56982,0.4.6,0,4,6,54
56983,0.2.6,0,2,6,30
56984,0.4.6,0,4,6,54
56985,0.4.6,0,4,6,54
56986,0.4.6,0,4,6,54
56987,0.4.6,0,4,6,54
56988,0.9.0,0,9,0,108
56989,0.1.11,0,1,11,23
56990,0.2.6,0,2,6,30
56991,0.4.6,0,4,6,54
56992,0.4.6,0,4,6,54
56993,0.4.6,0,4,6,54
56994,0.4.6,0,4,6,54
56995,0.2.6,0,2,6,30
56996,0.9.0,0,9,0,108
56997,0.4.6,0,4,6,54
56998,0.4.6,0,4,6,54
56999,0.4.6,0,4,6,54
57000,0.2.6,0,2,6,30
57001,0.0.6,0,0,6,6
57002,0.4.6,0,4,6,54
57003,0.2.6,0,2,6,30
57004,0.4.6,0,4,6,54
57005,0.4.6,0,4,6,54
57006,0.0.6,0,0,6,6
57007,0.4.6,0,4,6,54
57008,0.4.6,0,4,6,54
57009,0.4.6,0,4,6,54
57010,0.0.6,0,0,6,6
57011,0.4.6,0,4,6,54
57012,0.10.8,0,10,8,128
57013,0.2.6,0,2,6,30
57014,0.2.6,0,2,6,30
57015,0.4.6,0,4,6,54
57016,0.4.6,0,4,6,54
57017,0.4.6,0,4,6,54
57018,0.9.0,0,9,0,108
57019,0.4.6,0,4,6,54
57020,0.4.6,0,4,6,54
57021,0.1.11,0,1,11,23
57022,0.2.6,0,2,6,30
57023,0.4.6,0,4,6,54
57024,0.4.6,0,4,6,54
57025,0.4.6,0,4,6,54
57026,0.4.6,0,4,6,54
57027,0.4.6,0,4,6,54
57028,0.4.6,0,4,6,54
57029,0.4.6,0,4,6,54
57030,0.4.6,0,4,6,54
57031,0.4.6,0,4,6,54
57032,0.4.6,0,4,6,54
57033,0.4.6,0,4,6,54
57034,0.1.11,0,1,11,23
57035,0.4.6,0,4,6,54
57036,0.9.0,0,9,0,108
57037,0.0.6,0,0,6,6
57038,0.4.6,0,4,6,54
57039,0.4.6,0,4,6,54
57040,0.4.6,0,4,6,54
57041,0.4.6,0,4,6,54
57042,0.0.6,0,0,6,6
57043,0.4.6,0,4,6,54
57044,0.4.6,0,4,6,54
57045,0.4.6,0,4,6,54
57046,0.4.6,0,4,6,54
57047,0.2.6,0,2,6,30
57048,0.4.6,0,4,6,54
57049,0.4.6,0,4,6,54
57050,0.4.6,0,4,6,54
57051,0.2.6,0,2,6,30
57052,0.4.6,0,4,6,54
57054,0.4.6,0,4,6,54
57055,0.4.6,0,4,6,54
57056,0.4.6,0,4,6,54
57057,0.4.6,0,4,6,54
57058,0.2.6,0,2,6,30
57059,0.4.6,0,4,6,54
57060,0.4.6,0,4,6,54
57061,0.4.6,0,4,6,54
57062,0.4.6,0,4,6,54
57063,0.4.6,0,4,6,54
57064,0.0.6,0,0,6,6
57065,0.4.6,0,4,6,54
57066,0.2.6,0,2,6,30
57067,0.4.6,0,4,6,54
57068,0.4.6,0,4,6,54
57069,0.4.6,0,4,6,54
57070,0.4.6,0,4,6,54
57071,0.4.6,0,4,6,54
57072,0.2.6,0,2,6,30
57073,0.4.6,0,4,6,54
57074,0.2.6,0,2,6,30
57075,0.4.6,0,4,6,54
57076,0.4.6,0,4,6,54
57077,0.4.6,0,4,6,54
57078,0.4.6,0,4,6,54
57079,0.4.6,0,4,6,54
57080,0.4.6,0,4,6,54
57081,0.2.6,0,2,6,30
57082,0.4.6,0,4,6,54
57083,0.2.6,0,2,6,30
57084,0.4.6,0,4,6,54
57086,0.4.6,0,4,6,54
57087,0.0.6,0,0,6,6
57088,0.4.6,0,4,6,54
57089,0.1.11,0,1,11,23
57090,0.0.6,0,0,6,6
57091,0.0.6,0,0,6,6
57092,0.4.6,0,4,6,54
57093,0.4.6,0,4,6,54
57094,0.4.6,0,4,6,54
57095,0.1.11,0,1,11,23
57096,0.4.6,0,4,6,54
57097,0.4.6,0,4,6,54
57098,0.4.6,0,4,6,54
57099,0.4.6,0,4,6,54
57100,0.2.6,0,2,6,30
57101,0.4.6,0,4,6,54
57102,0.4.6,0,4,6,54
57103,0.2.6,0,2,6,30
57104,0.4.6,0,4,6,54
57105,0.4.6,0,4,6,54
57106,0.4.6,0,4,6,54
57107,0.4.6,0,4,6,54
57108,0.4.6,0,4,6,54
57109,0.4.6,0,4,6,54
57110,0.4.6,0,4,6,54
57111,0.4.6,0,4,6,54
57112,0.4.6,0,4,6,54
57113,0.4.6,0,4,6,54
57114,0.10.8,0,10,8,128
57115,0.4.6,0,4,6,54
57116,0.4.6,0,4,6,54
57117,0.4.6,0,4,6,54
57118,0.4.6,0,4,6,54
57119,0.0.6,0,0,6,6
57120,0.4.6,0,4,6,54
57121,0.4.6,0,4,6,54
57122,0.4.6,0,4,6,54
57123,2.0.0,2,0,0,480
57124,0.9.0,0,9,0,108
57125,0.4.6,0,4,6,54
57126,0.4.6,0,4,6,54
57127,0.4.6,0,4,6,54
57128,0.4.6,0,4,6,54
57129,0.4.6,0,4,6,54
57130,0.4.6,0,4,6,54
57131,0.4.6,0,4,6,54
57132,0.4.6,0,4,6,54
57133,0.2.6,0,2,6,30
57134,0.4.6,0,4,6,54
57135,0.4.6,0,4,6,54
57136,0.4.6,0,4,6,54
57137,0.4.6,0,4,6,54
57138,0.4.6,0,4,6,54
57140,0.4.6,0,4,6,54
57141,0.4.6,0,4,6,54
57142,0.9.0,0,9,0,108
57143,0.4.6,0,4,6,54
57144,0.4.6,0,4,6,54
57145,0.4.6,0,4,6,54
57146,0.4.6,0,4,6,54
57147,0.4.6,0,4,6,54
57148,0.4.6,0,4,6,54
57149,0.2.6,0,2,6,30
57150,0.4.6,0,4,6,54
57151,0.4.6,0,4,6,54
57152,0.4.6,0,4,6,54
57153,0.4.6,0,4,6,54
57154,0.4.6,0,4,6,54
57155,0.2.6,0,2,6,30
57156,0.4.6,0,4,6,54
57157,0.4.6,0,4,6,54
57158,0.4.6,0,4,6,54
57159,0.4.6,0,4,6,54
57160,0.4.6,0,4,6,54
57161,0.4.6,0,4,6,54
57162,0.1.11,0,1,11,23
57163,0.4.6,0,4,6,54
57164,0.4.6,0,4,6,54
57165,0.4.6,0,4,6,54
57166,0.4.6,0,4,6,54
57167,0.4.6,0,4,6,54
57168,0.4.6,0,4,6,54
57169,0.4.6,0,4,6,54
57170,0.2.6,0,2,6,30
57171,0.4.6,0,4,6,54
57172,0.4.6,0,4,6,54
57173,0.4.6,0,4,6,54
57174,0.4.6,0,4,6,54
57175,0.2.6,0,2,6,30
57176,0.4.6,0,4,6,54
57177,0.4.6,0,4,6,54
57178,0.13.4,0,13,4,160
57179,0.2.6,0,2,6,30
57180,0.4.6,0,4,6,54
57181,0.4.6,0,4,6,54
57182,0.6.8,0,6,8,80
57183,0.4.6,0,4,6,54
57184,0.4.6,0,4,6,54
57185,0.4.6,0,4,6,54
57186,0.2.6,0,2,6,30
57187,0.4.6,0,4,6,54
57188,0.4.6,0,4,6,54
57189,0.2.6,0,2,6,30
57190,0.4.6,0,4,6,54
57191,0.2.6,0,2,6,30
57192,0.4.6,0,4,6,54
57193,0.13.4,0,13,4,160
57194,0.4.6,0,4,6,54
57195,0.4.6,0,4,6,54
57196,0.4.6,0,4,6,54
57197,0.4.6,0,4,6,54
57198,0.4.6,0,4,6,54
57199,0.0.6,0,0,6,6
57200,0.4.6,0,4,6,54
57201,0.4.6,0,4,6,54
57202,0.4.6,0,4,6,54
57203,0.2.6,0,2,6,30
57204,0.4.6,0,4,6,54
57205,0.4.6,0,4,6,54
57206,0.9.0,0,9,0,108
57207,0.4.6,0,4,6,54
57208,0.4.6,0,4,6,54
57209,0.4.6,0,4,6,54
57210,0.4.6,0,4,6,54
57211,0.2.6,0,2,6,30
57212,0.4.6,0,4,6,54
57213,2.0.0,2,0,0,480
57214,0.4.6,0,4,6,54
57215,0.4.6,0,4,6,54
57216,0.4.6,0,4,6,54
57217,0.9.0,0,9,0,108
57218,0.9.0,0,9,0,108
57219,0.4.6,0,4,6,54
57220,0.6.8,0,6,8,80
57221,0.4.6,0,4,6,54
57222,0.4.6,0,4,6,54
57223,0.9.0,0,9,0,108
57224,0.4.6,0,4,6,54
57225,0.4.6,0,4,6,54
57226,0.2.6,0,2,6,30
57227,0.4.6,0,4,6,54
57228,0.4.6,0,4,6,54
57229,0.4.6,0,4,6,54
57230,0.9.0,0,9,0,108
57231,0.4.6,0,4,6,54
57232,0.4.6,0,4,6,54
57233,0.4.6,0,4,6,54
57234,0.4.6,0,4,6,54
57235,0.13.4,0,13,4,160
57236,0.4.6,0,4,6,54
57237,0.4.6,0,4,6,54
57238,0.4.6,0,4,6,54
57239,0.0.6,0,0,6,6
57240,0.2.6,0,2,6,30
57241,0.4.6,0,4,6,54
57242,0.1.11,0,1,11,23
57243,0.1.11,0,1,11,23
57244,0.4.6,0,4,6,54
57245,0.2.6,0,2,6,30
57246,0.4.6,0,4,6,54
57247,0.4.6,0,4,6,54
57248,0.2.6,0,2,6,30
57249,0.9.0,0,9,0,108
57250,0.4.6,0,4,6,54
57251,4.0.0,4,0,0,960
57252,0.4.6,0,4,6,54
57253,0.13.4,0,13,4,160
57254,0.4.6,0,4,6,54
57255,0.4.6,0,4,6,54
57256,0.4.6,0,4,6,54
57257,0.1.11,0,1,11,23
57258,0.2.6,0,2,6,30
57259,0.4.6,0,4,6,54
57260,0.4.6,0,4,6,54
57261,0.1.11,0,1,11,23
57262,0.4.6,0,4,6,54
57263,0.4.6,0,4,6,54
57264,0.9.0,0,9,0,108
57266,0.2.6,0,2,6,30
57267,0.0.6,0,0,6,6
57268,0.4.6,0,4,6,54
57269,0.4.6,0,4,6,54
57270,0.4.6,0,4,6,54
57271,0.2.6,0,2,6,30
57272,0.2.6,0,2,6,30
57273,0.4.6,0,4,6,54
57274,0.4.6,0,4,6,54
57275,0.4.6,0,4,6,54
57276,0.4.6,0,4,6,54
57277,0.2.6,0,2,6,30
57278,0.4.6,0,4,6,54
57279,0.9.0,0,9,0,108
57280,0.4.6,0,4,6,54
57281,0.4.6,0,4,6,54
57282,0.9.0,0,9,0,108
57283,0.4.6,0,4,6,54
57284,0.4.6,0,4,6,54
57285,0.4.6,0,4,6,54
57286,0.4.6,0,4,6,54
57287,0.4.6,0,4,6,54
57288,0.4.6,0,4,6,54
57289,0.4.6,0,4,6,54
57290,0.4.6,0,4,6,54
57291,0.4.6,0,4,6,54
57292,0.4.6,0,4,6,54
57293,0.4.6,0,4,6,54
57294,0.4.6,0,4,6,54
57295,0.4.6,0,4,6,54
57296,0.4.6,0,4,6,54
57297,0.2.6,0,2,6,30
57298,0.4.6,0,4,6,54
57299,0.4.6,0,4,6,54
57300,0.4.6,0,4,6,54
57301,0.4.6,0,4,6,54
57302,0.4.6,0,4,6,54
57303,0.2.6,0,2,6,30
57304,0.4.6,0,4,6,54
57305,0.4.6,0,4,6,54
57306,0.4.6,0,4,6,54
57307,0.4.6,0,4,6,54
57308,0.2.6,0,2,6,30
57309,0.4.6,0,4,6,54
57310,0.4.6,0,4,6,54
57311,0.4.6,0,4,6,54
57312,0.4.6,0,4,6,54
57313,0.4.6,0,4,6,54
57314,0.4.6,0,4,6,54
57315,0.4.6,0,4,6,54
57316,0.4.6,0,4,6,54
57317,0.2.6,0,2,6,30
57318,0.4.6,0,4,6,54
57319,0.4.6,0,4,6,54
57320,0.4.6,0,4,6,54
57321,0.4.6,0,4,6,54
57322,0.4.6,0,4,6,54
57323,0.1.11,0,1,11,23
57324,0.9.0,0,9,0,108
57325,0.4.6,0,4,6,54
57326,0.4.6,0,4,6,54
57327,0.9.0,0,9,0,108
57328,0.4.6,0,4,6,54
57329,0.0.6,0,0,6,6
57330,0.4.6,0,4,6,54
57331,0.4.6,0,4,6,54
57332,0.4.6,0,4,6,54
57333,0.4.6,0,4,6,54
57334,0.4.6,0,4,6,54
57335,0.4.6,0,4,6,54
57336,0.4.6,0,4,6,54
57338,0.4.6,0,4,6,54
57339,0.2.6,0,2,6,30
57340,0.2.6,0,2,6,30
57341,0.0.6,0,0,6,6
57342,0.9.0,0,9,0,108
57343,0.4.6,0,4,6,54
57344,0.4.6,0,4,6,54
57345,0.4.6,0,4,6,54
57346,0.4.6,0,4,6,54
57347,0.1.11,0,1,11,23
57348,0.4.6,0,4,6,54
57349,0.2.6,0,2,6,30
57350,0.4.6,0,4,6,54
57351,0.4.6,0,4,6,54
57352,0.2.6,0,2,6,30
57353,0.1.11,0,1,11,23
57354,0.4.6,0,4,6,54
57355,0.4.6,0,4,6,54
57356,0.4.6,0,4,6,54
57357,0.4.6,0,4,6,54
57358,0.4.6,0,4,6,54
57359,0.4.6,0,4,6,54
57360,0.4.6,0,4,6,54
57361,0.4.6,0,4,6,54
57362,0.4.6,0,4,6,54
57363,0.4.6,0,4,6,54
57364,0.4.6,0,4,6,54
57365,0.4.6,0,4,6,54
57366,0.9.0,0,9,0,108
57367,0.4.6,0,4,6,54
57368,0.4.6,0,4,6,54
57369,0.4.6,0,4,6,54
57370,0.4.6,0,4,6,54
57371,0.9.0,0,9,0,108
57372,0.2.6,0,2,6,30
57373,0.4.6,0,4,6,54
57374,0.9.0,0,9,0,108
57375,2.0.0,2,0,0,480
57376,0.0.6,0,0,6,6
57377,0.4.6,0,4,6,54
57378,0.2.6,0,2,6,30
57379,0.4.6,0,4,6,54
57380,0.9.0,0,9,0,108
57381,0.1.11,0,1,11,23
57382,0.4.6,0,4,6,54
57383,0.4.6,0,4,6,54
57384,0.6.8,0,6,8,80
57385,0.2.6,0,2,6,30
57386,0.4.6,0,4,6,54
57387,0.4.6,0,4,6,54
57388,0.2.6,0,2,6,30
57389,0.2.6,0,2,6,30
57391,0.4.6,0,4,6,54
57392,0.0.6,0,0,6,6
57393,0.4.6,0,4,6,54
57394,0.4.6,0,4,6,54
57395,0.9.0,0,9,0,108
57396,0.4.6,0,4,6,54
57397,0.4.6,0,4,6,54
57398,0.9.0,0,9,0,108
57399,0.4.6,0,4,6,54
57400,2.0.0,2,0,0,480
57401,0.4.6,0,4,6,54
57402,0.4.6,0,4,6,54
57403,0.4.6,0,4,6,54
57404,0.4.6,0,4,6,54
57405,0.4.6,0,4,6,54
57406,0.2.6,0,2,6,30
57407,0.4.6,0,4,6,54
57408,0.4.6,0,4,6,54
57409,0.4.6,0,4,6,54
57410,0.2.6,0,2,6,30
57411,0.4.6,0,4,6,54
57412,0.4.6,0,4,6,54
57413,0.4.6,0,4,6,54
57414,0.4.6,0,4,6,54
57415,0.4.6,0,4,6,54
57416,0.2.6,0,2,6,30
57417,0.4.6,0,4,6,54
57418,0.9.0,0,9,0,108
57419,0.2.6,0,2,6,30
57420,0.4.6,0,4,6,54
57421,0.2.6,0,2,6,30
57422,0.2.6,0,2,6,30
57423,0.4.6,0,4,6,54
57424,0.4.6,0,4,6,54
57425,0.4.6,0,4,6,54
57426,0.4.6,0,4,6,54
57427,0.4.6,0,4,6,54
57428,0.0.6,0,0,6,6
57429,0.4.6,0,4,6,54
57430,0.4.6,0,4,6,54
57431,0.4.6,0,4,6,54
57432,0.0.6,0,0,6,6
57433,0.4.6,0,4,6,54
57434,0.4.6,0,4,6,54
57435,0.4.6,0,4,6,54
57436,0.4.6,0,4,6,54
57437,0.1.11,0,1,11,23
57438,0.4.6,0,4,6,54
57439,0.4.6,0,4,6,54
57440,0.2.6,0,2,6,30
57441,0.4.6,0,4,6,54
57442,0.4.6,0,4,6,54
57443,0.4.6,0,4,6,54
57444,0.4.6,0,4,6,54
57445,0.2.6,0,2,6,30
57446,0.10.8,0,10,8,128
57447,0.4.6,0,4,6,54
57448,0.4.6,0,4,6,54
57449,0.4.6,0,4,6,54
57450,0.0.6,0,0,6,6
57451,0.0.6,0,0,6,6
57452,0.4.6,0,4,6,54
57453,0.10.8,0,10,8,128
57454,0.9.0,0,9,0,108
57455,0.2.6,0,2,6,30
57456,0.4.6,0,4,6,54
57457,0.9.0,0,9,0,108
57458,0.4.6,0,4,6,54
57459,0.4.6,0,4,6,54
57460,0.9.0,0,9,0,108
57461,0.4.6,0,4,6,54
57462,0.4.6,0,4,6,54
57463,0.1.11,0,1,11,23
57464,0.4.6,0,4,6,54
57465,0.4.6,0,4,6,54
57466,0.1.11,0,1,11,23
57467,0.4.6,0,4,6,54
57468,0.4.6,0,4,6,54
57469,0.4.6,0,4,6,54
57470,0.4.6,0,4,6,54
57471,0.9.0,0,9,0,108
57472,0.4.6,0,4,6,54
57473,0.2.6,0,2,6,30
57474,0.9.0,0,9,0,108
57475,0.4.6,0,4,6,54
57476,0.4.6,0,4,6,54
57477,0.4.6,0,4,6,54
57478,0.4.6,0,4,6,54
57479,0.9.0,0,9,0,108
57480,0.4.6,0,4,6,54
57481,0.4.6,0,4,6,54
57482,0.2.6,0,2,6,30
57483,0.9.0,0,9,0,108
57484,0.4.6,0,4,6,54
57485,0.4.6,0,4,6,54
57486,0.4.6,0,4,6,54
57487,0.4.6,0,4,6,54
57488,0.1.11,0,1,11,23
57489,0.4.6,0,4,6,54
57490,0.2.6,0,2,6,30
57491,0.4.6,0,4,6,54
57492,0.2.6,0,2,6,30
57493,0.4.6,0,4,6,54
57494,0.1.11,0,1,11,23
57495,0.4.6,0,4,6,54
57496,0.4.6,0,4,6,54
57497,0.4.6,0,4,6,54
57498,0.4.6,0,4,6,54
57499,0.13.4,0,13,4,160
57500,0.1.11,0,1,11,23
57501,0.4.6,0,4,6,54
57502,0.4.6,0,4,6,54
57503,0.4.6,0,4,6,54
57504,0.4.6,0,4,6,54
57505,0.4.6,0,4,6,54
57506,0.4.6,0,4,6,54
57507,0.4.6,0,4,6,54
57508,0.4.6,0,4,6,54
57509,0.4.6,0,4,6,54
57510,0.4.6,0,4,6,54
57511,0.4.6,0,4,6,54
57512,0.4.6,0,4,6,54
57513,0.4.6,0,4,6,54
57514,0.4.6,0,4,6,54
57515,0.2.6,0,2,6,30
57516,0.4.6,0,4,6,54
57517,0.4.6,0,4,6,54
57518,0.4.6,0,4,6,54
57519,0.4.6,0,4,6,54
57520,0.4.6,0,4,6,54
57521,0.4.6,0,4,6,54
57522,0.4.6,0,4,6,54
57523,0.9.0,0,9,0,108
57524,0.4.6,0,4,6,54
57525,0.4.6,0,4,6,54
57526,0.4.6,0,4,6,54
57527,0.4.6,0,4,6,54
57528,0.2.6,0,2,6,30
57529,0.4.6,0,4,6,54
57530,0.4.6,0,4,6,54
57531,0.4.6,0,4,6,54
57532,0.6.8,0,6,8,80
57533,0.4.6,0,4,6,54
57534,0.4.6,0,4,6,54
57535,0.4.6,0,4,6,54
57536,0.9.0,0,9,0,108
57537,0.2.6,0,2,6,30
57538,0.2.6,0,2,6,30
57539,0.4.6,0,4,6,54
57540,0.2.6,0,2,6,30
57541,0.4.6,0,4,6,54
57542,0.9.0,0,9,0,108
57543,0.1.11,0,1,11,23
57544,0.4.6,0,4,6,54
57545,0.4.6,0,4,6,54
57546,0.4.6,0,4,6,54
57547,0.4.6,0,4,6,54
57548,0.2.6,0,2,6,30
57549,0.4.6,0,4,6,54
57550,0.4.6,0,4,6,54
57551,0.4.6,0,4,6,54
57552,0.4.6,0,4,6,54
57553,0.4.6,0,4,6,54
57554,0.9.0,0,9,0,108
57555,0.4.6,0,4,6,54
57556,0.4.6,0,4,6,54
57557,0.2.6,0,2,6,30
57558,0.4.6,0,4,6,54
57559,0.4.6,0,4,6,54
57560,0.4.6,0,4,6,54
57561,0.4.6,0,4,6,54
57562,0.4.6,0,4,6,54
57563,0.4.6,0,4,6,54
57564,0.4.6,0,4,6,54
57565,0.2.6,0,2,6,30
57566,0.4.6,0,4,6,54
57567,0.13.4,0,13,4,160
57568,0.4.6,0,4,6,54
57569,0.4.6,0,4,6,54
57570,0.4.6,0,4,6,54
57571,0.4.6,0,4,6,54
57572,0.4.6,0,4,6,54
57573,0.4.6,0,4,6,54
57574,0.4.6,0,4,6,54
57575,0.4.6,0,4,6,54
57576,0.2.6,0,2,6,30
57577,0.4.6,0,4,6,54
57578,0.1.11,0,1,11,23
57579,0.2.6,0,2,6,30
57580,0.0.6,0,0,6,6
57581,0.4.6,0,4,6,54
57582,0.4.6,0,4,6,54
57583,0.4.6,0,4,6,54
57584,0.4.6,0,4,6,54
57585,0.4.6,0,4,6,54
57586,0.4.6,0,4,6,54
57587,0.4.6,0,4,6,54
57588,0.1.11,0,1,11,23
57589,0.4.6,0,4,6,54
57590,0.4.6,0,4,6,54
57591,0.4.6,0,4,6,54
57592,0.2.6,0,2,6,30
57593,0.6.8,0,6,8,80
57594,0.4.6,0,4,6,54
57595,0.0.6,0,0,6,6
57596,0.4.6,0,4,6,54
57597,0.4.6,0,4,6,54
57598,0.9.0,0,9,0,108
57599,0.4.6,0,4,6,54
57600,0.1.11,0,1,11,23
57601,0.4.6,0,4,6,54
57602,0.4.6,0,4,6,54
57603,0.2.6,0,2,6,30
57604,0.4.6,0,4,6,54
57605,0.4.6,0,4,6,54
57606,0.4.6,0,4,6,54
57607,0.4.6,0,4,6,54
57608,0.0.0,0,0,0,0
57609,0.4.6,0,4,6,54
57610,0.4.6,0,4,6,54
57611,0.1.11,0,1,11,23
57612,0.4.6,0,4,6,54
57613,0.4.6,0,4,6,54
57614,0.4.6,0,4,6,54
57615,0.2.6,0,2,6,30
57616,0.10.8,0,10,8,128
57617,0.4.6,0,4,6,54
57618,0.4.6,0,4,6,54
57619,0.4.6,0,4,6,54
57620,0.4.6,0,4,6,54
57621,0.9.0,0,9,0,108
57622,0.4.6,0,4,6,54
57623,0.4.6,0,4,6,54
57624,0.4.6,0,4,6,54
57625,0.9.0,0,9,0,108
57626,0.0.6,0,0,6,6
57627,0.2.6,0,2,6,30
57628,0.4.6,0,4,6,54
57629,0.4.6,0,4,6,54
57630,0.4.6,0,4,6,54
57631,0.4.6,0,4,6,54
57632,0.4.6,0,4,6,54
57633,0.4.6,0,4,6,54
57634,0.4.6,0,4,6,54
57635,0.4.6,0,4,6,54
57636,0.4.6,0,4,6,54
57637,0.2.6,0,2,6,30
57638,0.2.6,0,2,6,30
57639,0.4.6,0,4,6,54
57640,0.4.6,0,4,6,54
57641,0.4.6,0,4,6,54
57642,0.4.6,0,4,6,54
57643,0.4.6,0,4,6,54
57644,0.4.6,0,4,6,54
57645,0.2.6,0,2,6,30
57646,0.4.6,0,4,6,54
57647,0.4.6,0,4,6,54
57648,0.4.6,0,4,6,54
57649,0.4.6,0,4,6,54
57650,0.4.6,0,4,6,54
57651,0.2.6,0,2,6,30
57652,0.4.6,0,4,6,54
57653,0.1.11,0,1,11,23
57654,0.4.6,0,4,6,54
57655,0.4.6,0,4,6,54
57656,0.4.6,0,4,6,54
57657,0.9.0,0,9,0,108
57658,0.4.6,0,4,6,54
57659,0.2.6,0,2,6,30
57660,0.4.6,0,4,6,54
57661,0.4.6,0,4,6,54
57662,0.4.6,0,4,6,54
57663,0.9.0,0,9,0,108
57664,0.4.6,0,4,6,54
57665,0.4.6,0,4,6,54
57666,0.1.11,0,1,11,23
57667,0.4.6,0,4,6,54
57668,0.9.0,0,9,0,108
57669,0.13.4,0,13,4,160
57670,0.4.6,0,4,6,54
57671,0.4.6,0,4,6,54
57672,0.2.6,0,2,6,30
57673,0.4.6,0,4,6,54
57674,0.4.6,0,4,6,54
57675,0.4.6,0,4,6,54
57676,0.4.6,0,4,6,54
57677,0.0.6,0,0,6,6
57678,0.0.6,0,0,6,6
57679,0.4.6,0,4,6,54
57680,0.4.6,0,4,6,54
57681,0.4.6,0,4,6,54
57682,0.0.6,0,0,6,6
57683,0.4.6,0,4,6,54
57684,0.2.6,0,2,6,30
57685,0.4.6,0,4,6,54
57686,0.4.6,0,4,6,54
57687,0.4.6,0,4,6,54
57688,0.4.6,0,4,6,54
57689,0.4.6,0,4,6,54
57690,0.4.6,0,4,6,54
57691,0.4.6,0,4,6,54
57692,0.4.6,0,4,6,54
57693,0.4.6,0,4,6,54
57694,0.4.6,0,4,6,54
57695,0.4.6,0,4,6,54
57696,0.4.6,0,4,6,54
57697,0.9.0,0,9,0,108
57698,0.4.6,0,4,6,54
57699,0.4.6,0,4,6,54
57700,0.4.6,0,4,6,54
57701,0.4.6,0,4,6,54
57702,0.4.6,0,4,6,54
57703,0.9.0,0,9,0,108
57704,0.4.6,0,4,6,54
57705,0.4.6,0,4,6,54
57706,0.2.6,0,2,6,30
57707,0.1.11,0,1,11,23
57708,0.4.6,0,4,6,54
57709,0.9.0,0,9,0,108
57710,0.9.0,0,9,0,108
57711,0.9.0,0,9,0,108
57712,0.2.6,0,2,6,30
57713,0.4.6,0,4,6,54
57714,0.2.6,0,2,6,30
57715,0.4.6,0,4,6,54
57716,0.4.6,0,4,6,54
57717,0.4.6,0,4,6,54
57718,0.2.6,0,2,6,30
57719,0.1.11,0,1,11,23
57720,0.4.6,0,4,6,54
57721,0.4.6,0,4,6,54
57722,0.4.6,0,4,6,54
57723,0.9.0,0,9,0,108
57724,0.4.6,0,4,6,54
57725,0.4.6,0,4,6,54
57726,0.4.6,0,4,6,54
57727,0.4.6,0,4,6,54
57728,0.4.6,0,4,6,54
57729,0.4.6,0,4,6,54
57730,0.4.6,0,4,6,54
57731,0.2.6,0,2,6,30
57732,0.0.6,0,0,6,6
57733,0.2.6,0,2,6,30
57734,0.9.0,0,9,0,108
57735,0.9.0,0,9,0,108
57736,0.9.0,0,9,0,108
57737,0.1.11,0,1,11,23
57738,0.2.6,0,2,6,30
57739,0.2.6,0,2,6,30
57740,0.4.6,0,4,6,54
57741,0.2.6,0,2,6,30
57742,0.4.6,0,4,6,54
57743,0.9.0,0,9,0,108
57744,0.2.6,0,2,6,30
57745,0.2.6,0,2,6,30
57746,0.4.6,0,4,6,54
57747,0.2.6,0,2,6,30
57748,0.2.6,0,2,6,30
57749,0.1.11,0,1,11,23
57750,0.2.6,0,2,6,30
57751,0.2.6,0,2,6,30
57752,0.4.6,0,4,6,54
57753,0.4.6,0,4,6,54
57754,0.4.6,0,4,6,54
57755,0.4.6,0,4,6,54
57756,0.2.6,0,2,6,30
57757,0.9.0,0,9,0,108
57758,0.4.6,0,4,6,54
57759,0.4.6,0,4,6,54
57760,0.4.6,0,4,6,54
57761,0.4.6,0,4,6,54
57762,0.4.6,0,4,6,54
57763,0.4.6,0,4,6,54
57764,0.13.4,0,13,4,160
57765,0.4.6,0,4,6,54
57766,0.4.6,0,4,6,54
57767,0.4.6,0,4,6,54
57768,0.10.8,0,10,8,128
57769,0.4.6,0,4,6,54
57770,0.4.6,0,4,6,54
57771,0.4.6,0,4,6,54
57772,0.1.11,0,1,11,23
57773,0.4.6,0,4,6,54
57774,0.1.11,0,1,11,23
57775,0.0.6,0,0,6,6
57776,0.4.6,0,4,6,54
57777,0.4.6,0,4,6,54
57778,0.1.11,0,1,11,23
57779,0.4.6,0,4,6,54
57780,0.4.6,0,4,6,54
57781,0.4.6,0,4,6,54
57782,0.13.4,0,13,4,160
57783,0.1.11,0,1,11,23
57784,0.4.6,0,4,6,54
57785,0.4.6,0,4,6,54
57786,0.13.4,0,13,4,160
57787,0.2.6,0,2,6,30
57788,0.4.6,0,4,6,54
57789,0.4.6,0,4,6,54
57790,0.4.6,0,4,6,54
57791,0.4.6,0,4,6,54
57792,0.9.0,0,9,0,108
57793,0.9.0,0,9,0,108
57794,0.1.11,0,1,11,23
57795,0.4.6,0,4,6,54
57796,0.6.8,0,6,8,80
57797,0.2.6,0,2,6,30
57798,0.4.6,0,4,6,54
57799,0.4.6,0,4,6,54
57800,0.4.6,0,4,6,54
57801,0.4.6,0,4,6,54
57802,0.4.6,0,4,6,54
57803,0.4.6,0,4,6,54
57804,0.2.6,0,2,6,30
57805,0.4.6,0,4,6,54
57806,0.4.6,0,4,6,54
57807,0.4.6,0,4,6,54
57808,0.0.6,0,0,6,6
57809,0.0.6,0,0,6,6
57810,0.4.6,0,4,6,54
57811,0.4.6,0,4,6,54
57812,0.9.0,0,9,0,108
57813,0.13.4,0,13,4,160
57814,0.9.0,0,9,0,108
57815,0.4.6,0,4,6,54
57816,0.4.6,0,4,6,54
57817,0.9.0,0,9,0,108
57818,0.4.6,0,4,6,54
57819,0.4.6,0,4,6,54
57820,0.1.11,0,1,11,23
57821,0.4.6,0,4,6,54
57822,0.4.6,0,4,6,54
57823,0.4.6,0,4,6,54
57824,0.6.4,0,6,4,76
57825,0.2.6,0,2,6,30
57826,0.9.0,0,9,0,108
57827,0.10.8,0,10,8,128
57828,0.4.6,0,4,6,54
57829,0.2.6,0,2,6,30
57830,0.13.4,0,13,4,160
57831,0.4.6,0,4,6,54
57832,0.1.11,0,1,11,23
57833,0.4.6,0,4,6,54
57834,0.3.6,0,3,6,42
57835,0.4.6,0,4,6,54
57836,0.4.6,0,4,6,54
57837,0.4.6,0,4,6,54
57838,0.4.6,0,4,6,54
57839,0.9.0,0,9,0,108
57840,0.1.11,0,1,11,23
57841,0.1.11,0,1,11,23
57842,0.4.6,0,4,6,54
57843,0.4.6,0,4,6,54
57844,0.0.6,0,0,6,6
57845,0.2.6,0,2,6,30
57846,0.4.6,0,4,6,54
57847,0.9.0,0,9,0,108
57848,0.2.6,0,2,6,30
57849,2.0.0,2,0,0,480
57850,0.2.6,0,2,6,30
57851,0.4.6,0,4,6,54
57852,0.4.6,0,4,6,54
57853,0.4.6,0,4,6,54
57854,0.1.11,0,1,11,23
57855,0.4.6,0,4,6,54
57856,0.4.6,0,4,6,54
57857,0.4.6,0,4,6,54
57858,0.4.6,0,4,6,54
57859,0.4.6,0,4,6,54
57860,0.2.6,0,2,6,30
57861,0.4.6,0,4,6,54
57862,2.0.0,2,0,0,480
57863,0.4.6,0,4,6,54
57864,0.2.6,0,2,6,30
57865,0.4.6,0,4,6,54
57866,0.4.6,0,4,6,54
57867,0.4.6,0,4,6,54
57868,0.4.6,0,4,6,54
57869,0.4.6,0,4,6,54
57870,0.4.6,0,4,6,54
57871,0.6.8,0,6,8,80
57872,0.4.6,0,4,6,54
57873,0.9.0,0,9,0,108
57874,0.6.8,0,6,8,80
57875,0.4.6,0,4,6,54
57876,0.4.6,0,4,6,54
57877,0.2.6,0,2,6,30
57878,0.2.6,0,2,6,30
57879,0.4.6,0,4,6,54
57880,0.2.6,0,2,6,30
57881,0.4.6,0,4,6,54
57882,0.4.6,0,4,6,54
57883,0.4.6,0,4,6,54
57884,0.4.6,0,4,6,54
57885,0.4.6,0,4,6,54
57886,0.4.6,0,4,6,54
57887,0.2.6,0,2,6,30
57888,0.4.6,0,4,6,54
57889,0.4.6,0,4,6,54
57890,0.2.6,0,2,6,30
57891,0.1.11,0,1,11,23
57892,0.4.6,0,4,6,54
57893,0.4.6,0,4,6,54
57894,0.4.6,0,4,6,54
57895,0.4.6,0,4,6,54
57896,0.1.11,0,1,11,23
57897,0.13.4,0,13,4,160
57898,0.4.6,0,4,6,54
57899,0.4.6,0,4,6,54
57900,0.1.11,0,1,11,23
57901,0.4.6,0,4,6,54
57902,0.4.6,0,4,6,54
57903,0.4.6,0,4,6,54
57904,0.4.6,0,4,6,54
57905,0.4.6,0,4,6,54
57906,0.9.0,0,9,0,108
57907,0.4.6,0,4,6,54
57908,0.4.6,0,4,6,54
57909,0.4.6,0,4,6,54
57910,0.4.6,0,4,6,54
57911,0.4.6,0,4,6,54
57912,0.4.6,0,4,6,54
57913,0.4.6,0,4,6,54
57914,0.1.11,0,1,11,23
57915,0.4.6,0,4,6,54
57916,0.4.6,0,4,6,54
57917,0.4.6,0,4,6,54
57918,0.4.6,0,4,6,54
57919,0.4.6,0,4,6,54
57920,0.4.6,0,4,6,54
57921,0.4.6,0,4,6,54
57922,0.4.6,0,4,6,54
57923,0.2.6,0,2,6,30
57924,0.4.6,0,4,6,54
57925,0.4.6,0,4,6,54
57926,0.4.6,0,4,6,54
57927,0.4.6,0,4,6,54
57928,0.1.11,0,1,11,23
57929,0.4.6,0,4,6,54
57930,0.9.0,0,9,0,108
57931,0.9.0,0,9,0,108
57932,0.4.6,0,4,6,54
57933,0.9.0,0,9,0,108
57934,0.2.6,0,2,6,30
57935,0.4.6,0,4,6,54
57936,0.4.6,0,4,6,54
57937,0.4.6,0,4,6,54
57938,0.4.6,0,4,6,54
57939,0.4.6,0,4,6,54
57940,0.0.6,0,0,6,6
57941,0.4.6,0,4,6,54
57942,0.4.6,0,4,6,54
57943,0.4.6,0,4,6,54
57944,0.4.6,0,4,6,54
57945,0.4.6,0,4,6,54
57946,0.4.6,0,4,6,54
57947,0.4.6,0,4,6,54
57948,0.10.8,0,10,8,128
57949,0.4.6,0,4,6,54
57950,0.4.6,0,4,6,54
57951,0.4.6,0,4,6,54
57952,0.4.6,0,4,6,54
57953,0.4.6,0,4,6,54
57954,0.4.6,0,4,6,54
57955,0.4.6,0,4,6,54
57956,0.4.6,0,4,6,54
57957,0.4.6,0,4,6,54
57958,0.4.6,0,4,6,54
57959,0.4.6,0,4,6,54
57960,0.4.6,0,4,6,54
57961,0.4.6,0,4,6,54
57962,0.4.6,0,4,6,54
57963,0.2.6,0,2,6,30
57964,0.6.8,0,6,8,80
57965,0.4.6,0,4,6,54
57966,0.9.0,0,9,0,108
57967,0.4.6,0,4,6,54
57968,0.1.11,0,1,11,23
57969,0.4.6,0,4,6,54
57970,0.1.11,0,1,11,23
57971,0.9.0,0,9,0,108
57972,0.4.6,0,4,6,54
57973,0.4.6,0,4,6,54
57974,0.2.6,0,2,6,30
57975,0.4.6,0,4,6,54
57976,0.4.6,0,4,6,54
57977,0.4.6,0,4,6,54
57978,0.4.6,0,4,6,54
57979,0.2.6,0,2,6,30
57980,0.4.6,0,4,6,54
57981,0.4.6,0,4,6,54
57982,0.4.6,0,4,6,54
57983,0.4.6,0,4,6,54
57984,0.10.8,0,10,8,128
57985,0.4.6,0,4,6,54
57986,0.0.6,0,0,6,6
57987,0.4.6,0,4,6,54
57988,0.9.0,0,9,0,108
57989,0.4.6,0,4,6,54
57990,0.9.0,0,9,0,108
57991,0.4.6,0,4,6,54
57992,0.4.6,0,4,6,54
57993,0.4.6,0,4,6,54
57994,0.4.6,0,4,6,54
57995,0.4.6,0,4,6,54
57996,0.4.6,0,4,6,54
57997,0.4.6,0,4,6,54
57998,0.4.6,0,4,6,54
57999,0.4.6,0,4,6,54
58000,0.4.6,0,4,6,54
58001,0.4.6,0,4,6,54
58002,0.4.6,0,4,6,54
58003,0.4.6,0,4,6,54
58004,0.4.6,0,4,6,54
58005,0.2.6,0,2,6,30
58006,0.2.6,0,2,6,30
58007,0.4.6,0,4,6,54
58008,0.2.6,0,2,6,30
58009,0.9.0,0,9,0,108
58010,0.2.6,0,2,6,30
58011,0.4.6,0,4,6,54
58012,0.9.0,0,9,0,108
58013,0.4.6,0,4,6,54
58014,0.4.6,0,4,6,54
58015,0.4.6,0,4,6,54
58016,0.13.4,0,13,4,160
58017,0.4.6,0,4,6,54
58018,0.4.6,0,4,6,54
58019,0.1.11,0,1,11,23
58020,0.4.6,0,4,6,54
58021,0.4.6,0,4,6,54
58022,0.1.11,0,1,11,23
58023,0.4.6,0,4,6,54
58024,0.4.6,0,4,6,54
58025,0.4.6,0,4,6,54
58026,0.9.0,0,9,0,108
58027,0.4.6,0,4,6,54
58028,0.4.6,0,4,6,54
58029,0.4.6,0,4,6,54
58030,0.4.6,0,4,6,54
58031,0.13.4,0,13,4,160
58032,0.2.6,0,2,6,30
58033,0.4.6,0,4,6,54
58034,0.4.6,0,4,6,54
58035,0.0.6,0,0,6,6
58036,0.4.6,0,4,6,54
58037,0.4.6,0,4,6,54
58038,0.4.6,0,4,6,54
58039,0.4.6,0,4,6,54
58040,0.4.6,0,4,6,54
58041,0.4.6,0,4,6,54
58042,0.4.6,0,4,6,54
58043,0.4.6,0,4,6,54
58044,0.9.0,0,9,0,108
58045,0.4.6,0,4,6,54
58046,0.4.6,0,4,6,54
58047,0.9.0,0,9,0,108
58048,0.4.6,0,4,6,54
58049,0.4.6,0,4,6,54
58050,0.4.6,0,4,6,54
58051,0.4.6,0,4,6,54
58052,0.4.6,0,4,6,54
58053,0.4.6,0,4,6,54
58054,0.2.6,0,2,6,30
58055,0.2.6,0,2,6,30
58056,0.4.6,0,4,6,54
58057,0.1.11,0,1,11,23
58058,0.4.6,0,4,6,54
58059,0.4.6,0,4,6,54
58060,0.4.6,0,4,6,54
58061,0.4.6,0,4,6,54
58062,0.4.6,0,4,6,54
58063,0.0.6,0,0,6,6
58064,0.4.6,0,4,6,54
58065,0.4.6,0,4,6,54
58066,0.4.6,0,4,6,54
58067,0.4.6,0,4,6,54
58068,0.4.6,0,4,6,54
58069,0.4.6,0,4,6,54
58070,0.4.6,0,4,6,54
58071,0.4.6,0,4,6,54
58072,0.4.6,0,4,6,54
58073,0.4.6,0,4,6,54
58074,0.4.6,0,4,6,54
58075,0.4.6,0,4,6,54
58076,0.4.6,0,4,6,54
58077,0.9.0,0,9,0,108
58078,0.4.6,0,4,6,54
58079,0.4.6,0,4,6,54
58080,0.4.6,0,4,6,54
58081,0.4.6,0,4,6,54
58082,0.4.6,0,4,6,54
58083,0.4.6,0,4,6,54
58084,0.4.6,0,4,6,54
58085,0.4.6,0,4,6,54
58086,0.9.0,0,9,0,108
58087,0.9.0,0,9,0,108
58088,0.4.6,0,4,6,54
58089,0.1.11,0,1,11,23
58090,0.4.6,0,4,6,54
58091,0.4.6,0,4,6,54
58092,0.4.6,0,4,6,54
58093,0.4.6,0,4,6,54
58094,0.4.6,0,4,6,54
58095,0.4.6,0,4,6,54
58096,0.2.6,0,2,6,30
58097,0.4.6,0,4,6,54
58098,0.4.6,0,4,6,54
58099,0.4.6,0,4,6,54
58100,0.0.6,0,0,6,6
58101,0.4.6,0,4,6,54
58102,0.4.6,0,4,6,54
58103,0.4.6,0,4,6,54
58104,0.4.6,0,4,6,54
58105,0.4.6,0,4,6,54
58106,0.9.0,0,9,0,108
58107,0.0.6,0,0,6,6
58108,0.4.6,0,4,6,54
58109,0.2.6,0,2,6,30
58110,0.4.6,0,4,6,54
58111,0.4.6,0,4,6,54
58112,0.2.6,0,2,6,30
58113,0.10.8,0,10,8,128
58114,0.9.0,0,9,0,108
58115,0.4.6,0,4,6,54
58116,0.4.6,0,4,6,54
58117,0.4.6,0,4,6,54
58118,0.2.6,0,2,6,30
58119,0.4.6,0,4,6,54
58120,0.2.6,0,2,6,30
58121,0.4.6,0,4,6,54
58122,0.4.6,0,4,6,54
58123,0.9.0,0,9,0,108
58124,0.2.6,0,2,6,30
58125,0.4.6,0,4,6,54
58126,0.2.6,0,2,6,30
58127,0.13.4,0,13,4,160
58128,0.4.6,0,4,6,54
58129,0.4.6,0,4,6,54
58130,0.4.6,0,4,6,54
58131,0.4.6,0,4,6,54
58132,0.4.6,0,4,6,54
58133,0.4.6,0,4,6,54
58134,0.4.6,0,4,6,54
58135,0.4.6,0,4,6,54
58136,0.4.6,0,4,6,54
58137,0.4.6,0,4,6,54
58138,0.4.6,0,4,6,54
58139,0.2.6,0,2,6,30
58140,0.4.6,0,4,6,54
58141,0.2.6,0,2,6,30
58142,0.4.6,0,4,6,54
58143,0.2.6,0,2,6,30
58144,0.1.11,0,1,11,23
58145,0.4.6,0,4,6,54
58146,0.4.6,0,4,6,54
58147,0.4.6,0,4,6,54
58148,0.4.6,0,4,6,54
58149,0.4.6,0,4,6,54
58150,0.4.6,0,4,6,54
58151,0.4.6,0,4,6,54
58152,0.4.6,0,4,6,54
58153,0.2.6,0,2,6,30
58154,0.4.6,0,4,6,54
58155,0.4.6,0,4,6,54
58156,0.4.6,0,4,6,54
58157,0.1.11,0,1,11,23
58158,0.6.8,0,6,8,80
58159,0.4.6,0,4,6,54
58160,0.4.6,0,4,6,54
58161,0.4.6,0,4,6,54
58162,0.4.6,0,4,6,54
58163,0.9.0,0,9,0,108
58164,0.4.6,0,4,6,54
58165,0.10.8,0,10,8,128
58166,0.9.0,0,9,0,108
58167,0.4.6,0,4,6,54
58168,0.2.6,0,2,6,30
58169,0.2.6,0,2,6,30
58170,0.2.6,0,2,6,30
58171,0.4.6,0,4,6,54
58172,0.2.6,0,2,6,30
58173,0.4.6,0,4,6,54
58174,0.13.4,0,13,4,160
58175,0.4.6,0,4,6,54
58176,0.9.0,0,9,0,108
58177,0.13.4,0,13,4,160
58178,0.4.6,0,4,6,54
58179,0.4.6,0,4,6,54
58180,0.4.6,0,4,6,54
58181,0.4.6,0,4,6,54
58182,0.1.11,0,1,11,23
58183,0.1.11,0,1,11,23
58184,0.4.6,0,4,6,54
58185,0.4.6,0,4,6,54
58186,0.2.6,0,2,6,30
58187,0.4.6,0,4,6,54
58188,0.2.6,0,2,6,30
58189,0.4.6,0,4,6,54
58190,0.4.6,0,4,6,54
58191,0.4.6,0,4,6,54
58192,0.4.6,0,4,6,54
58193,0.4.6,0,4,6,54
58194,0.4.6,0,4,6,54
58195,0.4.6,0,4,6,54
58196,0.4.6,0,4,6,54
58197,0.4.6,0,4,6,54
58198,0.4.6,0,4,6,54
58199,0.4.6,0,4,6,54
58200,0.4.6,0,4,6,54
58201,0.4.6,0,4,6,54
58202,0.4.6,0,4,6,54
58203,0.1.11,0,1,11,23
58204,0.1.11,0,1,11,23
58205,0.10.8,0,10,8,128
58206,0.9.0,0,9,0,108
58207,0.4.6,0,4,6,54
58208,0.4.6,0,4,6,54
58209,0.1.11,0,1,11,23
58210,0.4.6,0,4,6,54
58211,0.4.6,0,4,6,54
58212,0.4.6,0,4,6,54
58213,0.4.6,0,4,6,54
58214,0.9.0,0,9,0,108
58215,0.4.6,0,4,6,54
58216,0.4.6,0,4,6,54
58217,0.4.6,0,4,6,54
58218,0.1.11,0,1,11,23
58219,0.4.6,0,4,6,54
58220,0.4.6,0,4,6,54
58221,0.1.11,0,1,11,23
58222,0.4.6,0,4,6,54
58223,0.1.11,0,1,11,23
58224,0.4.6,0,4,6,54
58225,0.4.6,0,4,6,54
58226,0.4.6,0,4,6,54
58227,0.4.6,0,4,6,54
58228,0.2.6,0,2,6,30
58229,0.1.11,0,1,11,23
58230,0.4.6,0,4,6,54
58231,0.4.6,0,4,6,54
58232,0.1.11,0,1,11,23
58233,0.6.8,0,6,8,80
58234,0.4.6,0,4,6,54
58235,0.4.6,0,4,6,54
58236,0.1.11,0,1,11,23
58237,0.1.11,0,1,11,23
58238,0.9.0,0,9,0,108
58239,0.2.6,0,2,6,30
58240,0.2.6,0,2,6,30
58241,0.0.6,0,0,6,6
58242,0.4.6,0,4,6,54
58243,0.4.6,0,4,6,54
58244,0.4.6,0,4,6,54
58245,0.13.4,0,13,4,160
58246,0.4.6,0,4,6,54
58247,0.4.6,0,4,6,54
58248,0.2.6,0,2,6,30
58249,0.2.6,0,2,6,30
58250,0.2.6,0,2,6,30
58251,0.4.6,0,4,6,54
58252,0.4.6,0,4,6,54
58253,0.4.6,0,4,6,54
58254,0.2.6,0,2,6,30
58255,0.1.11,0,1,11,23
58256,0.4.6,0,4,6,54
58257,0.4.6,0,4,6,54
58258,0.4.6,0,4,6,54
58259,0.1.11,0,1,11,23
58260,0.4.6,0,4,6,54
58261,0.9.0,0,9,0,108
58262,0.1.11,0,1,11,23
58263,0.4.6,0,4,6,54
58264,0.4.6,0,4,6,54
58265,0.4.6,0,4,6,54
58266,0.4.6,0,4,6,54
58267,0.4.6,0,4,6,54
58268,0.9.0,0,9,0,108
58269,0.4.6,0,4,6,54
58270,0.4.6,0,4,6,54
58271,0.1.1,0,1,1,13
58272,0.0.6,0,0,6,6
58273,0.2.6,0,2,6,30
58274,0.2.6,0,2,6,30
58275,0.4.6,0,4,6,54
58276,0.1.11,0,1,11,23
58277,0.4.6,0,4,6,54
58278,0.4.6,0,4,6,54
58279,0.4.6,0,4,6,54
58280,0.4.6,0,4,6,54
58281,0.4.6,0,4,6,54
58282,0.4.6,0,4,6,54
58283,0.9.0,0,9,0,108
58284,0.4.6,0,4,6,54
58285,0.4.6,0,4,6,54
58286,0.2.6,0,2,6,30
58287,0.4.6,0,4,6,54
58288,0.4.6,0,4,6,54
58289,0.4.6,0,4,6,54
58290,0.4.6,0,4,6,54
58291,0.4.6,0,4,6,54
58292,0.4.6,0,4,6,54
58293,0.4.6,0,4,6,54
58294,0.4.6,0,4,6,54
58295,0.4.6,0,4,6,54
58296,0.4.6,0,4,6,54
58297,0.0.0,0,0,0,0
58298,0.4.6,0,4,6,54
58299,0.4.6,0,4,6,54
58300,0.4.6,0,4,6,54
58301,0.4.6,0,4,6,54
58302,0.0.6,0,0,6,6
58303,0.4.6,0,4,6,54
58304,0.4.6,0,4,6,54
58305,0.4.6,0,4,6,54
58306,0.4.6,0,4,6,54
58307,0.2.6,0,2,6,30
58308,0.1.11,0,1,11,23
58309,0.4.6,0,4,6,54
58310,0.2.6,0,2,6,30
58311,0.2.6,0,2,6,30
58312,0.2.6,0,2,6,30
58313,0.2.6,0,2,6,30
58314,0.4.6,0,4,6,54
58315,0.1.11,0,1,11,23
58316,0.1.11,0,1,11,23
58317,0.4.6,0,4,6,54
58318,0.4.6,0,4,6,54
58319,0.4.6,0,4,6,54
58320,0.4.6,0,4,6,54
58321,0.4.6,0,4,6,54
58322,0.4.6,0,4,6,54
58323,0.4.6,0,4,6,54
58324,0.4.6,0,4,6,54
58325,0.4.6,0,4,6,54
58326,0.9.0,0,9,0,108
58327,0.1.11,0,1,11,23
58328,0.4.6,0,4,6,54
58329,0.4.6,0,4,6,54
58330,0.4.6,0,4,6,54
58331,0.4.6,0,4,6,54
58332,0.4.6,0,4,6,54
58333,0.4.6,0,4,6,54
58334,0.9.0,0,9,0,108
58335,0.4.6,0,4,6,54
58336,0.0.0,0,0,0,0
58337,0.0.6,0,0,6,6
58338,0.4.6,0,4,6,54
58339,0.4.6,0,4,6,54
58340,0.4.6,0,4,6,54
58341,0.4.6,0,4,6,54
58342,0.4.6,0,4,6,54
58343,0.4.6,0,4,6,54
58344,0.9.0,0,9,0,108
58345,0.2.6,0,2,6,30
58346,0.4.6,0,4,6,54
58347,0.4.6,0,4,6,54
58348,0.4.6,0,4,6,54
58351,0.4.6,0,4,6,54
58352,0.4.6,0,4,6,54
58353,0.4.6,0,4,6,54
58354,0.4.6,0,4,6,54
58355,0.4.6,0,4,6,54
58356,0.4.6,0,4,6,54
58357,0.4.6,0,4,6,54
58358,0.4.6,0,4,6,54
58360,0.13.4,0,13,4,160
58366,0.0.6,0,0,6,6
58367,0.4.6,0,4,6,54
58368,0.4.6,0,4,6,54
58371,0.4.6,0,4,6,54
58372,0.4.6,0,4,6,54
58373,0.4.6,0,4,6,54
58374,0.4.6,0,4,6,54
58375,0.4.6,0,4,6,54
58376,0.4.6,0,4,6,54
58377,0.4.6,0,4,6,54
58378,0.4.6,0,4,6,54
58379,0.4.6,0,4,6,54
58380,0.4.6,0,4,6,54
58381,0.0.6,0,0,6,6
58382,0.4.6,0,4,6,54
58383,0.4.6,0,4,6,54
58384,0.4.6,0,4,6,54
58385,0.4.6,0,4,6,54
58386,0.2.6,0,2,6,30
58387,0.2.6,0,2,6,30
58388,0.0.6,0,0,6,6
58389,0.1.11,0,1,11,23
58390,0.2.6,0,2,6,30
58391,0.4.6,0,4,6,54
58392,0.4.6,0,4,6,54
58393,0.4.6,0,4,6,54
58394,0.4.6,0,4,6,54
58395,0.4.6,0,4,6,54
58396,0.4.6,0,4,6,54
58397,2.0.0,2,0,0,480
58398,0.1.11,0,1,11,23
58399,0.4.6,0,4,6,54
58400,0.4.6,0,4,6,54
58401,0.0.6,0,0,6,6
58402,0.4.6,0,4,6,54
58403,0.4.6,0,4,6,54
58404,0.4.6,0,4,6,54
58405,0.0.6,0,0,6,6
58406,0.4.6,0,4,6,54
58407,0.2.6,0,2,6,30
58408,0.4.6,0,4,6,54
58409,0.4.6,0,4,6,54
58410,0.4.6,0,4,6,54
58411,0.4.6,0,4,6,54
58412,0.4.6,0,4,6,54
58413,0.4.6,0,4,6,54
58414,0.4.6,0,4,6,54
58415,0.4.6,0,4,6,54
58416,0.9.0,0,9,0,108
58417,0.10.8,0,10,8,128
58418,0.4.6,0,4,6,54
58419,0.9.0,0,9,0,108
58420,0.4.6,0,4,6,54
58421,0.4.6,0,4,6,54
58422,0.4.6,0,4,6,54
58423,0.4.6,0,4,6,54
58424,0.4.6,0,4,6,54
58425,0.4.6,0,4,6,54
58426,0.2.6,0,2,6,30
58427,0.2.6,0,2,6,30
58428,0.4.6,0,4,6,54
58429,0.1.11,0,1,11,23
58430,0.1.11,0,1,11,23
58431,0.4.6,0,4,6,54
58432,0.4.6,0,4,6,54
58433,0.4.6,0,4,6,54
58434,0.2.6,0,2,6,30
58435,0.4.6,0,4,6,54
58436,0.4.6,0,4,6,54
58437,0.4.6,0,4,6,54
58438,0.2.6,0,2,6,30
58439,0.4.6,0,4,6,54
58440,0.4.6,0,4,6,54
58441,0.4.6,0,4,6,54
58442,0.4.6,0,4,6,54
58443,0.2.6,0,2,6,30
58444,0.4.6,0,4,6,54
58445,0.13.4,0,13,4,160
58446,0.4.6,0,4,6,54
58447,0.4.6,0,4,6,54
58448,0.4.6,0,4,6,54
58449,0.4.6,0,4,6,54
58450,0.4.6,0,4,6,54
58451,0.9.0,0,9,0,108
58452,0.4.6,0,4,6,54
58453,0.4.6,0,4,6,54
58454,0.4.6,0,4,6,54
58455,0.1.11,0,1,11,23
58456,0.9.0,0,9,0,108
58457,0.1.11,0,1,11,23
58458,0.1.11,0,1,11,23
58459,0.4.6,0,4,6,54
58460,0.4.6,0,4,6,54
58461,0.4.6,0,4,6,54
58462,0.2.6,0,2,6,30
58463,0.1.11,0,1,11,23
58464,0.4.6,0,4,6,54
58465,0.2.6,0,2,6,30
58466,0.4.6,0,4,6,54
58467,0.4.6,0,4,6,54
58468,0.1.11,0,1,11,23
58469,0.2.6,0,2,6,30
58470,0.0.6,0,0,6,6
58471,0.4.6,0,4,6,54
58472,0.4.6,0,4,6,54
58473,0.13.4,0,13,4,160
58474,0.9.0,0,9,0,108
58475,0.1.11,0,1,11,23
58476,0.4.6,0,4,6,54
58477,9.9.0,9,9,0,2268
58478,0.2.6,0,2,6,30
58479,0.4.6,0,4,6,54
58480,0.4.6,0,4,6,54
58481,0.4.6,0,4,6,54
58482,0.4.6,0,4,6,54
58483,0.9.0,0,9,0,108
58484,0.10.8,0,10,8,128
58485,0.4.6,0,4,6,54
58486,0.4.6,0,4,6,54
58487,0.1.11,0,1,11,23
58488,0.1.11,0,1,11,23
58489,0.4.6,0,4,6,54
58490,0.4.6,0,4,6,54
58491,0.4.6,0,4,6,54
58492,0.4.6,0,4,6,54
58493,0.4.6,0,4,6,54
58494,0.4.6,0,4,6,54
58495,0.1.11,0,1,11,23
58496,0.4.6,0,4,6,54
58497,0.4.6,0,4,6,54
58498,0.4.6,0,4,6,54
58499,0.4.6,0,4,6,54
58500,0.4.6,0,4,6,54
58501,0.4.6,0,4,6,54
58502,0.4.6,0,4,6,54
58503,0.4.6,0,4,6,54
58504,0.4.6,0,4,6,54
58505,0.4.6,0,4,6,54
58506,0.4.6,0,4,6,54
58507,0.4.6,0,4,6,54
58508,0.4.6,0,4,6,54
58509,0.2.6,0,2,6,30
58510,0.2.6,0,2,6,30
58511,0.4.6,0,4,6,54
58512,0.4.6,0,4,6,54
58513,0.4.6,0,4,6,54
58514,0.4.6,0,4,6,54
58515,0.13.4,0,13,4,160
58516,0.4.6,0,4,6,54
58517,0.4.6,0,4,6,54
58518,0.4.6,0,4,6,54
58519,0.4.6,0,4,6,54
58520,0.0.6,0,0,6,6
58521,0.4.6,0,4,6,54
58522,0.4.6,0,4,6,54
58523,0.2.6,0,2,6,30
58524,0.0.6,0,0,6,6
58525,0.4.6,0,4,6,54
58526,0.4.6,0,4,6,54
58527,0.4.6,0,4,6,54
58528,0.9.0,0,9,0,108
58529,0.4.6,0,4,6,54
58530,0.4.6,0,4,6,54
58531,0.4.6,0,4,6,54
58532,0.4.6,0,4,6,54
58533,0.4.6,0,4,6,54
58534,0.4.6,0,4,6,54
58535,0.4.6,0,4,6,54
58536,0.2.6,0,2,6,30
58537,0.1.11,0,1,11,23
58538,0.1.11,0,1,11,23
58539,0.4.6,0,4,6,54
58540,0.4.6,0,4,6,54
58541,0.4.6,0,4,6,54
58542,0.4.6,0,4,6,54
58543,0.2.6,0,2,6,30
58544,0.4.6,0,4,6,54
58545,0.4.6,0,4,6,54
58546,0.4.6,0,4,6,54
58547,0.0.6,0,0,6,6
58548,0.1.11,0,1,11,23
58550,0.2.6,0,2,6,30
58551,0.4.6,0,4,6,54
58552,0.4.6,0,4,6,54
58553,0.4.6,0,4,6,54
58554,0.4.6,0,4,6,54
58555,0.4.6,0,4,6,54
58556,0.4.6,0,4,6,54
58557,0.4.6,0,4,6,54
58562,0.0.6,0,0,6,6
58563,0.4.6,0,4,6,54
58564,0.4.6,0,4,6,54
58565,0.4.6,0,4,6,54
58566,0.4.6,0,4,6,54
58568,0.4.6,0,4,6,54
58569,0.1.11,0,1,11,23
58570,0.4.6,0,4,6,54
58571,0.4.6,0,4,6,54
58572,0.4.6,0,4,6,54
58573,0.4.6,0,4,6,54
58574,0.0.6,0,0,6,6
58575,0.9.0,0,9,0,108
58576,0.0.6,0,0,6,6
58577,0.1.11,0,1,11,23
58578,0.4.6,0,4,6,54
58579,0.4.6,0,4,6,54
58580,0.4.6,0,4,6,54
58581,0.4.6,0,4,6,54
58582,0.4.6,0,4,6,54
58583,0.9.0,0,9,0,108
58584,0.4.6,0,4,6,54
58585,0.1.11,0,1,11,23
58586,0.4.6,0,4,6,54
58587,0.4.6,0,4,6,54
58588,0.4.6,0,4,6,54
58589,0.2.6,0,2,6,30
58590,0.4.6,0,4,6,54
58591,1.6.8,1,6,8,320
58592,0.4.6,0,4,6,54
58593,0.4.6,0,4,6,54
58594,0.4.6,0,4,6,54
58595,0.4.6,0,4,6,54
58596,0.4.6,0,4,6,54
58597,0.6.8,0,6,8,80
58598,0.4.6,0,4,6,54
58599,0.0.6,0,0,6,6
58600,0.4.6,0,4,6,54
58601,0.4.6,0,4,6,54
58602,0.4.6,0,4,6,54
58603,0.4.6,0,4,6,54
58604,0.4.6,0,4,6,54
58605,0.0.6,0,0,6,6
58606,0.0.6,0,0,6,6
58607,0.4.6,0,4,6,54
58608,0.4.6,0,4,6,54
58609,0.4.6,0,4,6,54
58610,0.4.6,0,4,6,54
58611,0.0.6,0,0,6,6
58612,0.4.6,0,4,6,54
58613,0.4.6,0,4,6,54
58614,0.4.6,0,4,6,54
58615,0.13.4,0,13,4,160
58616,0.4.6,0,4,6,54
58617,0.4.6,0,4,6,54
58618,0.4.6,0,4,6,54
58619,0.4.6,0,4,6,54
58620,0.4.6,0,4,6,54
58621,0.4.6,0,4,6,54
58622,0.2.6,0,2,6,30
58623,0.4.6,0,4,6,54
58624,0.4.6,0,4,6,54
58625,0.0.6,0,0,6,6
58626,0.4.6,0,4,6,54
58627,0.4.6,0,4,6,54
58628,0.4.6,0,4,6,54
58629,0.1.11,0,1,11,23
58630,0.4.6,0,4,6,54
58631,0.4.6,0,4,6,54
58632,0.0.6,0,0,6,6
58633,0.4.6,0,4,6,54
58634,0.4.6,0,4,6,54
58635,0.4.6,0,4,6,54
58636,0.4.6,0,4,6,54
58637,0.13.4,0,13,4,160
58638,0.4.6,0,4,6,54
58639,0.4.6,0,4,6,54
58640,0.4.6,0,4,6,54
58641,0.4.6,0,4,6,54
58642,0.1.11,0,1,11,23
58643,0.4.6,0,4,6,54
58644,0.0.6,0,0,6,6
58645,0.4.6,0,4,6,54
58646,0.2.6,0,2,6,30
58647,0.2.6,0,2,6,30
58648,0.4.6,0,4,6,54
58649,0.2.6,0,2,6,30
58650,0.4.6,0,4,6,54
58651,0.4.6,0,4,6,54
58652,0.4.6,0,4,6,54
58653,0.4.6,0,4,6,54
58654,0.4.6,0,4,6,54
58655,0.4.6,0,4,6,54
58656,2.0.0,2,0,0,480
58657,0.6.8,0,6,8,80
58658,0.13.4,0,13,4,160
58659,0.4.6,0,4,6,54
58660,0.0.6,0,0,6,6
58661,0.4.6,0,4,6,54
58662,0.4.6,0,4,6,54
58663,0.4.6,0,4,6,54
58664,0.4.6,0,4,6,54
58665,0.4.6,0,4,6,54
58666,0.4.6,0,4,6,54
58667,0.4.6,0,4,6,54
58668,0.4.6,0,4,6,54
58669,0.4.6,0,4,6,54
58670,0.9.0,0,9,0,108
58671,0.2.6,0,2,6,30
58672,0.4.6,0,4,6,54
58673,0.0.6,0,0,6,6
58674,0.4.6,0,4,6,54
58675,0.4.6,0,4,6,54
58676,0.4.6,0,4,6,54
58677,0.4.6,0,4,6,54
58678,0.4.6,0,4,6,54
58679,0.2.6,0,2,6,30
58680,0.0.6,0,0,6,6
58681,2.0.0,2,0,0,480
58682,0.4.6,0,4,6,54
58683,0.4.6,0,4,6,54
58684,0.4.6,0,4,6,54
58685,0.2.6,0,2,6,30
58686,0.4.6,0,4,6,54
58687,0.4.6,0,4,6,54
58688,0.4.6,0,4,6,54
58689,0.0.0,0,0,0,0
58690,0.0.6,0,0,6,6
58691,0.4.6,0,4,6,54
58692,0.4.6,0,4,6,54
58693,0.2.6,0,2,6,30
58694,0.2.6,0,2,6,30
58695,0.4.6,0,4,6,54
58696,0.4.6,0,4,6,54
58697,0.4.6,0,4,6,54
58698,0.4.6,0,4,6,54
58699,0.4.6,0,4,6,54
58700,0.9.0,0,9,0,108
58701,0.4.6,0,4,6,54
58702,0.4.6,0,4,6,54
58703,0.4.6,0,4,6,54
58704,0.4.6,0,4,6,54
58705,0.4.6,0,4,6,54
58706,0.4.6,0,4,6,54
58707,0.4.6,0,4,6,54
58708,0.4.6,0,4,6,54
58709,0.4.6,0,4,6,54
58710,0.2.6,0,2,6,30
58711,0.4.6,0,4,6,54
58712,0.4.6,0,4,6,54
58713,0.4.6,0,4,6,54
58714,0.4.6,0,4,6,54
58715,0.9.0,0,9,0,108
58716,0.4.6,0,4,6,54
58717,0.1.11,0,1,11,23
58718,0.4.6,0,4,6,54
58719,0.4.6,0,4,6,54
58720,0.4.6,0,4,6,54
58721,0.4.6,0,4,6,54
58722,0.4.6,0,4,6,54
58723,0.4.6,0,4,6,54
58724,0.4.6,0,4,6,54
58725,0.4.6,0,4,6,54
58726,0.4.6,0,4,6,54
58727,0.4.6,0,4,6,54
58728,0.4.6,0,4,6,54
58729,0.2.6,0,2,6,30
58730,0.9.0,0,9,0,108
58731,0.1.11,0,1,11,23
58732,0.4.6,0,4,6,54
58733,0.4.6,0,4,6,54
58734,0.2.6,0,2,6,30
58735,0.4.6,0,4,6,54
58736,0.4.6,0,4,6,54
58737,0.2.6,0,2,6,30
58738,0.4.6,0,4,6,54
58739,0.4.6,0,4,6,54
58741,0.4.6,0,4,6,54
58742,0.0.6,0,0,6,6
58743,0.4.6,0,4,6,54
58744,0.4.6,0,4,6,54
58745,0.4.6,0,4,6,54
58746,0.4.6,0,4,6,54
58747,0.2.6,0,2,6,30
58748,0.4.6,0,4,6,54
58749,0.4.6,0,4,6,54
58752,0.6.8,0,6,8,80
58753,0.2.6,0,2,6,30
58755,0.4.6,0,4,6,54
58756,0.4.6,0,4,6,54
58758,0.4.6,0,4,6,54
58759,0.2.6,0,2,6,30
58760,0.4.6,0,4,6,54
58761,0.4.6,0,4,6,54
58762,0.0.6,0,0,6,6
58763,0.2.6,0,2,6,30
58764,0.4.6,0,4,6,54
58765,0.2.6,0,2,6,30
58766,0.4.6,0,4,6,54
58768,0.4.6,0,4,6,54
58771,0.2.6,0,2,6,30
58772,0.4.6,0,4,6,54
58774,0.4.6,0,4,6,54
58776,0.4.6,0,4,6,54
58777,0.4.6,0,4,6,54
58778,0.4.6,0,4,6,54
58779,0.1.11,0,1,11,23
58785,0.4.6,0,4,6,54
58789,0.4.6,0,4,6,54
58790,0.2.6,0,2,6,30
58791,0.6.8,0,6,8,80
58792,0.4.6,0,4,6,54
58794,0.4.6,0,4,6,54
58795,0.4.6,0,4,6,54
58796,0.4.6,0,4,6,54
58797,0.4.6,0,4,6,54
58799,0.4.6,0,4,6,54
58800,0.2.6,0,2,6,30
58802,0.4.6,0,4,6,54
58803,0.4.6,0,4,6,54
58804,0.4.6,0,4,6,54
58812,0.4.6,0,4,6,54
58814,0.9.0,0,9,0,108
58816,0.4.6,0,4,6,54
58818,2.0.0,2,0,0,480
58820,0.4.6,0,4,6,54
58821,0.2.6,0,2,6,30
58822,0.4.6,0,4,6,54
58823,0.4.6,0,4,6,54
58824,0.4.6,0,4,6,54
58827,0.4.6,0,4,6,54
58828,0.0.6,0,0,6,6
58829,0.4.6,0,4,6,54
58830,0.2.6,0,2,6,30
58832,0.4.6,0,4,6,54
58833,0.2.6,0,2,6,30
58834,0.4.6,0,4,6,54
58836,0.4.6,0,4,6,54
58838,0.4.6,0,4,6,54
58841,0.4.6,0,4,6,54
58842,0.4.6,0,4,6,54
58843,0.2.6,0,2,6,30
58846,0.4.6,0,4,6,54
58847,0.4.6,0,4,6,54
58848,0.0.6,0,0,6,6
58850,0.4.6,0,4,6,54
58851,0.4.6,0,4,6,54
58853,0.4.6,0,4,6,54
58855,0.4.6,0,4,6,54
58858,0.2.6,0,2,6,30
58859,0.0.6,0,0,6,6
58860,0.2.6,0,2,6,30
58871,0.0.6,0,0,6,6
58872,0.1.11,0,1,11,23
58875,0.2.6,0,2,6,30
58876,0.4.6,0,4,6,54
58877,0.4.6,0,4,6,54
58878,0.4.6,0,4,6,54
58879,0.4.6,0,4,6,54
58880,0.4.6,0,4,6,54
58882,0.2.6,0,2,6,30
58883,0.4.6,0,4,6,54
58884,0.4.6,0,4,6,54
58885,0.4.6,0,4,6,54
58886,0.4.6,0,4,6,54
58887,0.4.6,0,4,6,54
58888,0.4.6,0,4,6,54
58889,0.2.6,0,2,6,30
58890,0.4.6,0,4,6,54
58893,0.4.6,0,4,6,54
58894,0.4.6,0,4,6,54
58897,0.6.8,0,6,8,80
58898,0.9.0,0,9,0,108
58899,0.4.6,0,4,6,54
58900,0.4.6,0,4,6,54
58901,0.2.6,0,2,6,30
58902,0.1.11,0,1,11,23
58903,0.0.6,0,0,6,6
58904,0.4.6,0,4,6,54
58905,0.4.6,0,4,6,54
58906,0.4.6,0,4,6,54
58907,0.4.6,0,4,6,54
58908,0.4.6,0,4,6,54
58909,0.4.6,0,4,6,54
58913,0.4.6,0,4,6,54
58914,0.1.11,0,1,11,23
58915,0.2.6,0,2,6,30
58916,0.9.0,0,9,0,108
58917,0.4.6,0,4,6,54
58918,0.1.11,0,1,11,23
58920,0.4.6,0,4,6,54
58922,0.4.6,0,4,6,54
58924,0.9.0,0,9,0,108
58927,0.4.6,0,4,6,54
58928,0.1.11,0,1,11,23
58929,0.4.6,0,4,6,54
58931,0.4.6,0,4,6,54
58932,0.4.6,0,4,6,54
58933,0.4.6,0,4,6,54
58934,0.4.6,0,4,6,54
58935,0.4.6,0,4,6,54
58936,0.4.6,0,4,6,54
58937,0.10.8,0,10,8,128
58938,0.4.6,0,4,6,54
58939,0.4.6,0,4,6,54
58940,0.4.6,0,4,6,54
58941,0.4.6,0,4,6,54
58942,0.4.6,0,4,6,54
58945,0.2.6,0,2,6,30
58946,0.4.6,0,4,6,54
58948,0.4.6,0,4,6,54
58949,0.2.6,0,2,6,30
58950,0.4.6,0,4,6,54
58951,0.4.6,0,4,6,54
58953,0.4.6,0,4,6,54
58954,0.4.6,0,4,6,54
58955,0.4.6,0,4,6,54
58956,0.4.6,0,4,6,54
58961,0.4.6,0,4,6,54
58962,0.0.6,0,0,6,6
58963,0.4.6,0,4,6,54
58964,0.2.6,0,2,6,30
58967,0.4.6,0,4,6,54
58968,0.4.6,0,4,6,54
58969,0.1.11,0,1,11,23
58970,0.4.6,0,4,6,54
58971,0.4.6,0,4,6,54
58972,0.4.6,0,4,6,54
58975,0.4.6,0,4,6,54
58980,0.4.6,0,4,6,54
58984,0.4.6,0,4,6,54
58987,0.1.11,0,1,11,23
58988,0.4.6,0,4,6,54
58990,0.4.6,0,4,6,54
58992,0.4.6,0,4,6,54
58993,0.4.6,0,4,6,54
58994,0.4.6,0,4,6,54
58996,0.4.6,0,4,6,54
58998,0.4.6,0,4,6,54
58999,0.4.6,0,4,6,54
59000,0.4.6,0,4,6,54
59001,0.2.6,0,2,6,30
59002,0.4.6,0,4,6,54
59004,0.0.6,0,0,6,6
59005,0.2.6,0,2,6,30
59013,0.4.6,0,4,6,54
59014,0.4.6,0,4,6,54
59015,0.0.6,0,0,6,6
59016,0.4.6,0,4,6,54
59017,0.4.6,0,4,6,54
59018,0.4.6,0,4,6,54
59019,0.2.6,0,2,6,30
59021,0.4.6,0,4,6,54
59022,0.2.6,0,2,6,30
59023,0.2.6,0,2,6,30
59024,0.9.0,0,9,0,108
59026,0.4.6,0,4,6,54
59027,0.4.6,0,4,6,54
59028,0.4.6,0,4,6,54
59029,0.4.6,0,4,6,54
59030,0.4.6,0,4,6,54
59031,0.2.6,0,2,6,30
59032,0.2.6,0,2,6,30
59034,0.4.6,0,4,6,54
59035,0.4.6,0,4,6,54
59037,0.4.6,0,4,6,54
59039,0.4.6,0,4,6,54
59040,0.4.6,0,4,6,54
59042,0.4.6,0,4,6,54
59043,0.4.6,0,4,6,54
59044,0.0.6,0,0,6,6
59048,0.4.6,0,4,6,54
59051,0.4.6,0,4,6,54
59052,0.4.6,0,4,6,54
59053,0.4.6,0,4,6,54
59054,0.4.6,0,4,6,54
59055,0.0.6,0,0,6,6
59056,0.4.6,0,4,6,54
59058,0.4.6,0,4,6,54
59060,0.4.6,0,4,6,54
59061,0.4.6,0,4,6,54
59062,0.4.6,0,4,6,54
59063,0.4.6,0,4,6,54
59064,0.4.6,0,4,6,54
59065,0.4.6,0,4,6,54
59066,0.4.6,0,4,6,54
59069,0.4.6,0,4,6,54
59070,0.4.6,0,4,6,54
59071,0.9.0,0,9,0,108
59072,0.4.6,0,4,6,54
59073,0.4.6,0,4,6,54
59076,0.4.6,0,4,6,54
59077,0.4.6,0,4,6,54
59080,0.4.6,0,4,6,54
59081,0.9.0,0,9,0,108
59082,0.2.6,0,2,6,30
59086,0.4.6,0,4,6,54
59087,0.4.6,0,4,6,54
59088,0.4.6,0,4,6,54
59089,0.4.6,0,4,6,54
59090,0.4.6,0,4,6,54
59092,0.4.6,0,4,6,54
59094,0.4.6,0,4,6,54
59095,0.4.6,0,4,6,54
59096,0.4.6,0,4,6,54
59097,0.4.6,0,4,6,54
59098,0.0.6,0,0,6,6
59099,0.4.6,0,4,6,54
59100,0.4.6,0,4,6,54
59101,0.1.11,0,1,11,23
59102,0.2.6,0,2,6,30
59103,0.4.6,0,4,6,54
59104,0.4.6,0,4,6,54
59106,0.4.6,0,4,6,54
59108,0.4.6,0,4,6,54
59110,0.4.6,0,4,6,54
59112,0.2.6,0,2,6,30
59114,0.2.6,0,2,6,30
59115,0.2.6,0,2,6,30
59116,0.4.6,0,4,6,54
59117,0.4.6,0,4,6,54
59118,0.2.6,0,2,6,30
59119,0.4.6,0,4,6,54
59120,0.4.6,0,4,6,54
59121,0.10.8,0,10,8,128
59122,0.4.6,0,4,6,54
59124,0.4.6,0,4,6,54
59126,0.9.0,0,9,0,108
59127,0.4.6,0,4,6,54
59128,0.2.6,0,2,6,30
59130,0.4.6,0,4,6,54
59132,0.4.6,0,4,6,54
59133,0.10.8,0,10,8,128
59134,0.4.6,0,4,6,54
59135,0.4.6,0,4,6,54
59137,0.9.0,0,9,0,108
59138,0.4.6,0,4,6,54
59139,0.4.6,0,4,6,54
59141,0.4.6,0,4,6,54
59142,0.4.6,0,4,6,54
59143,0.4.6,0,4,6,54
59144,0.4.6,0,4,6,54
59145,0.4.6,0,4,6,54
59146,0.4.6,0,4,6,54
59147,0.4.6,0,4,6,54
59148,0.4.6,0,4,6,54
59149,0.4.6,0,4,6,54
59150,0.4.6,0,4,6,54
59151,0.4.6,0,4,6,54
59152,0.6.8,0,6,8,80
59153,0.4.6,0,4,6,54
59155,0.4.6,0,4,6,54
59156,0.4.6,0,4,6,54
59157,0.2.6,0,2,6,30
59158,0.4.6,0,4,6,54
59159,0.4.6,0,4,6,54
59160,0.4.6,0,4,6,54
59162,0.4.6,0,4,6,54
59166,0.4.6,0,4,6,54
59167,0.4.6,0,4,6,54
59168,0.4.6,0,4,6,54
59169,0.4.6,0,4,6,54
59170,0.4.6,0,4,6,54
59171,0.2.6,0,2,6,30
59172,0.9.0,0,9,0,108
59173,0.0.6,0,0,6,6
59174,0.4.6,0,4,6,54
59176,0.4.6,0,4,6,54
59177,0.4.6,0,4,6,54
59178,0.4.6,0,4,6,54
59179,0.4.6,0,4,6,54
59181,0.4.6,0,4,6,54
59182,0.4.6,0,4,6,54
59184,0.4.6,0,4,6,54
59185,0.4.6,0,4,6,54
59186,0.10.8,0,10,8,128
59187,0.4.6,0,4,6,54
59188,0.4.6,0,4,6,54
59189,0.2.6,0,2,6,30
59191,0.4.6,0,4,6,54
59192,0.4.6,0,4,6,54
59193,0.2.6,0,2,6,30
59194,0.0.6,0,0,6,6
59195,0.4.6,0,4,6,54
59196,0.4.6,0,4,6,54
59197,0.4.6,0,4,6,54
59198,0.4.6,0,4,6,54
59199,0.4.6,0,4,6,54
59201,0.4.6,0,4,6,54
59202,0.2.6,0,2,6,30
59203,0.2.6,0,2,6,30
59204,0.4.6,0,4,6,54
59205,0.2.6,0,2,6,30
59206,0.4.6,0,4,6,54
59207,0.4.6,0,4,6,54
59209,0.1.11,0,1,11,23
59211,0.1.11,0,1,11,23
59212,0.4.6,0,4,6,54
59214,0.4.6,0,4,6,54
59215,0.0.6,0,0,6,6
59216,0.4.6,0,4,6,54
59217,0.4.6,0,4,6,54
59218,0.2.6,0,2,6,30
59220,0.4.6,0,4,6,54
59221,0.4.6,0,4,6,54
59223,0.4.6,0,4,6,54
59224,0.2.6,0,2,6,30
59225,0.1.11,0,1,11,23
59226,0.4.6,0,4,6,54
59227,0.13.4,0,13,4,160
59228,0.9.0,0,9,0,108
59229,0.4.6,0,4,6,54
59230,0.2.6,0,2,6,30
59231,0.4.6,0,4,6,54
59232,0.4.6,0,4,6,54
59233,0.4.6,0,4,6,54
59235,0.4.6,0,4,6,54
59237,0.4.6,0,4,6,54
59238,0.4.6,0,4,6,54
59239,0.4.6,0,4,6,54
59240,0.4.6,0,4,6,54
59243,0.4.6,0,4,6,54
59244,0.4.6,0,4,6,54
59245,0.4.6,0,4,6,54
59246,0.2.6,0,2,6,30
59248,0.4.6,0,4,6,54
59250,0.4.6,0,4,6,54
59251,0.4.6,0,4,6,54
59252,0.4.6,0,4,6,54
59253,0.1.11,0,1,11,23
59254,0.2.6,0,2,6,30
59255,0.4.6,0,4,6,54
59256,0.2.6,0,2,6,30
59257,0.1.11,0,1,11,23
59258,0.0.6,0,0,6,6
59259,0.4.6,0,4,6,54
59260,0.4.6,0,4,6,54
59261,0.4.6,0,4,6,54
59264,0.4.6,0,4,6,54
59266,0.4.6,0,4,6,54
59268,0.4.6,0,4,6,54
59269,0.4.6,0,4,6,54
59274,0.2.6,0,2,6,30
59275,0.0.6,0,0,6,6
59276,0.4.6,0,4,6,54
59278,0.4.6,0,4,6,54
59279,0.4.6,0,4,6,54
59280,0.4.6,0,4,6,54
59281,0.4.6,0,4,6,54
59282,0.4.6,0,4,6,54
59283,0.4.6,0,4,6,54
59284,0.4.6,0,4,6,54
59285,0.4.6,0,4,6,54
59286,0.4.6,0,4,6,54
59287,0.2.6,0,2,6,30
59288,0.4.6,0,4,6,54
59289,0.4.6,0,4,6,54
59290,0.9.0,0,9,0,108
59292,0.2.6,0,2,6,30
59293,0.9.0,0,9,0,108
59295,0.4.6,0,4,6,54
59296,0.1.11,0,1,11,23
59297,0.4.6,0,4,6,54
59298,0.1.11,0,1,11,23
59299,0.1.11,0,1,11,23
59300,0.4.6,0,4,6,54
59304,0.4.6,0,4,6,54
59305,0.2.6,0,2,6,30
59306,0.4.6,0,4,6,54
59308,0.4.6,0,4,6,54
59310,0.1.11,0,1,11,23
59312,0.4.6,0,4,6,54
59314,0.4.6,0,4,6,54
59315,0.4.6,0,4,6,54
59316,0.1.11,0,1,11,23
59317,0.1.11,0,1,11,23
59319,0.4.6,0,4,6,54
59320,0.4.6,0,4,6,54
59322,0.1.11,0,1,11,23
59324,0.4.6,0,4,6,54
59325,0.4.6,0,4,6,54
59326,0.4.6,0,4,6,54
59328,0.4.6,0,4,6,54
59329,0.2.6,0,2,6,30
59331,0.4.6,0,4,6,54
59332,0.2.6,0,2,6,30
59333,0.4.6,0,4,6,54
59334,0.4.6,0,4,6,54
59335,0.4.6,0,4,6,54
59337,0.4.6,0,4,6,54
59340,0.4.6,0,4,6,54
59341,0.2.6,0,2,6,30
59342,0.0.6,0,0,6,6
59344,0.2.6,0,2,6,30
59345,0.4.6,0,4,6,54
59346,0.2.6,0,2,6,30
59347,0.1.11,0,1,11,23
59348,0.4.6,0,4,6,54
59349,0.4.6,0,4,6,54
59350,0.4.6,0,4,6,54
59353,0.1.11,0,1,11,23
59355,0.4.6,0,4,6,54
59360,0.2.6,0,2,6,30
59362,0.4.6,0,4,6,54
59363,0.4.6,0,4,6,54
59364,0.2.6,0,2,6,30
59365,0.4.6,0,4,6,54
59367,0.4.6,0,4,6,54
59368,0.4.6,0,4,6,54
59369,0.4.6,0,4,6,54
59370,0.4.6,0,4,6,54
59371,0.4.6,0,4,6,54
59372,0.4.6,0,4,6,54
59374,0.4.6,0,4,6,54
59375,0.4.6,0,4,6,54
59376,0.4.6,0,4,6,54
59379,0.13.4,0,13,4,160
59380,0.4.6,0,4,6,54
59382,0.2.6,0,2,6,30
59383,0.4.6,0,4,6,54
59385,0.4.6,0,4,6,54
59386,0.4.6,0,4,6,54
59387,0.4.6,0,4,6,54
59388,0.1.11,0,1,11,23
59389,0.2.6,0,2,6,30
59390,0.4.6,0,4,6,54
59391,0.4.6,0,4,6,54
59392,0.4.6,0,4,6,54
59393,0.1.11,0,1,11,23
59394,0.1.11,0,1,11,23
59395,0.4.6,0,4,6,54
59396,0.4.6,0,4,6,54
59398,0.4.6,0,4,6,54
59399,0.4.6,0,4,6,54
59400,0.4.6,0,4,6,54
59402,0.4.6,0,4,6,54
59403,0.4.6,0,4,6,54
59405,0.0.6,0,0,6,6
59407,0.4.6,0,4,6,54
59408,0.2.6,0,2,6,30
59409,0.1.11,0,1,11,23
59410,0.1.11,0,1,11,23
59411,0.4.6,0,4,6,54
59412,0.4.6,0,4,6,54
59413,0.2.6,0,2,6,30
59414,0.4.6,0,4,6,54
59415,0.4.6,0,4,6,54
59416,0.4.6,0,4,6,54
59417,0.4.6,0,4,6,54
59419,0.1.11,0,1,11,23
59420,0.0.6,0,0,6,6
59421,0.4.6,0,4,6,54
59422,0.4.6,0,4,6,54
59423,0.4.6,0,4,6,54
59424,0.9.0,0,9,0,108
59425,0.1.11,0,1,11,23
59426,0.4.6,0,4,6,54
59428,0.1.11,0,1,11,23
59429,0.4.6,0,4,6,54
59430,0.4.6,0,4,6,54
59431,0.4.6,0,4,6,54
59432,0.4.6,0,4,6,54
59433,0.4.6,0,4,6,54
59434,0.2.6,0,2,6,30
59436,0.1.11,0,1,11,23
59437,0.1.11,0,1,11,23
59438,0.4.6,0,4,6,54
59441,0.1.11,0,1,11,23
59442,0.4.6,0,4,6,54
59443,0.4.6,0,4,6,54
59444,0.4.6,0,4,6,54
59445,0.4.6,0,4,6,54
59446,0.10.8,0,10,8,128
59447,0.4.6,0,4,6,54
59448,0.4.6,0,4,6,54
59450,0.9.0,0,9,0,108
59451,0.4.6,0,4,6,54
59453,0.4.6,0,4,6,54
59454,0.4.6,0,4,6,54
59455,0.2.6,0,2,6,30
59456,0.2.6,0,2,6,30
59457,0.1.11,0,1,11,23
59458,0.1.11,0,1,11,23
59459,0.1.11,0,1,11,23
59460,0.4.6,0,4,6,54
59462,0.4.6,0,4,6,54
59463,0.4.6,0,4,6,54
59464,0.4.6,0,4,6,54
59465,0.4.6,0,4,6,54
59466,0.4.6,0,4,6,54
59467,0.9.0,0,9,0,108
59468,0.4.6,0,4,6,54
59469,0.4.6,0,4,6,54
59470,0.9.0,0,9,0,108
59471,0.4.6,0,4,6,54
59472,0.1.11,0,1,11,23
59473,0.1.11,0,1,11,23
59474,0.4.6,0,4,6,54
59475,2.0.0,2,0,0,480
59476,0.4.6,0,4,6,54
59477,0.4.6,0,4,6,54
59478,0.9.0,0,9,0,108
59479,0.4.6,0,4,6,54
59480,0.1.11,0,1,11,23
59481,0.2.6,0,2,6,30
59482,0.2.6,0,2,6,30
59483,0.4.6,0,4,6,54
59484,0.4.6,0,4,6,54
59485,0.4.6,0,4,6,54
59486,0.4.6,0,4,6,54
59487,0.4.6,0,4,6,54
59488,0.4.6,0,4,6,54
59489,0.4.6,0,4,6,54
59491,0.4.6,0,4,6,54
59493,0.4.6,0,4,6,54
59494,0.1.11,0,1,11,23
59495,0.13.4,0,13,4,160
59496,0.4.6,0,4,6,54
59497,0.4.6,0,4,6,54
59498,0.4.6,0,4,6,54
59499,0.4.6,0,4,6,54
59500,0.4.6,0,4,6,54
59502,0.2.6,0,2,6,30
59504,0.2.6,0,2,6,30
59505,0.1.11,0,1,11,23
59507,0.4.6,0,4,6,54
59508,0.4.6,0,4,6,54
59509,0.4.6,0,4,6,54
59511,0.1.11,0,1,11,23
59512,0.1.11,0,1,11,23
59513,0.4.6,0,4,6,54
59514,0.4.6,0,4,6,54
59515,0.9.0,0,9,0,108
59517,0.1.11,0,1,11,23
59518,0.0.6,0,0,6,6
59520,0.2.6,0,2,6,30
59521,0.4.6,0,4,6,54
59522,0.4.6,0,4,6,54
59523,0.9.0,0,9,0,108
59524,0.0.6,0,0,6,6
59525,0.2.6,0,2,6,30
59526,0.4.6,0,4,6,54
59527,0.9.0,0,9,0,108
59530,0.4.6,0,4,6,54
59531,0.4.6,0,4,6,54
59532,0.4.6,0,4,6,54
59533,0.4.6,0,4,6,54
59534,0.4.6,0,4,6,54
59535,0.4.6,0,4,6,54
59536,0.4.6,0,4,6,54
59537,0.4.6,0,4,6,54
59538,0.4.6,0,4,6,54
59539,0.4.6,0,4,6,54
59540,0.4.6,0,4,6,54
59542,0.4.6,0,4,6,54
59544,0.4.6,0,4,6,54
59546,0.4.6,0,4,6,54
59548,0.4.6,0,4,6,54
59549,0.4.6,0,4,6,54
59551,0.4.6,0,4,6,54
59552,0.4.6,0,4,6,54
59553,0.4.6,0,4,6,54
59554,0.4.6,0,4,6,54
59555,0.4.6,0,4,6,54
59556,0.2.6,0,2,6,30
59557,0.4.6,0,4,6,54
59558,0.4.6,0,4,6,54
59560,0.1.11,0,1,11,23
59562,0.0.6,0,0,6,6
59563,0.4.6,0,4,6,54
59564,0.4.6,0,4,6,54
59565,0.4.6,0,4,6,54
59566,0.4.6,0,4,6,54
59567,0.4.6,0,4,6,54
59568,0.4.6,0,4,6,54
59569,0.9.0,0,9,0,108
59572,0.4.6,0,4,6,54
59574,0.4.6,0,4,6,54
59575,0.4.6,0,4,6,54
59576,0.4.6,0,4,6,54
59577,0.4.6,0,4,6,54
59579,0.4.6,0,4,6,54
59582,0.4.6,0,4,6,54
59584,0.1.11,0,1,11,23
59585,0.4.6,0,4,6,54
59586,0.9.0,0,9,0,108
59587,0.1.11,0,1,11,23
59589,0.9.0,0,9,0,108
59590,0.4.6,0,4,6,54
59591,0.4.6,0,4,6,54
59592,0.2.6,0,2,6,30
59593,0.2.6,0,2,6,30
59594,0.4.6,0,4,6,54
59595,0.1.11,0,1,11,23
59596,0.4.6,0,4,6,54
59597,0.4.6,0,4,6,54
59598,0.4.6,0,4,6,54
59599,0.4.6,0,4,6,54
59600,0.4.6,0,4,6,54
59601,0.4.6,0,4,6,54
59602,0.4.6,0,4,6,54
59603,0.9.0,0,9,0,108
59604,0.4.6,0,4,6,54
59605,0.4.6,0,4,6,54
59606,8.0.0,8,0,0,1920
59607,0.4.6,0,4,6,54
59609,0.4.6,0,4,6,54
59610,0.4.6,0,4,6,54
59611,0.4.6,0,4,6,54
59612,0.4.6,0,4,6,54
59613,0.4.6,0,4,6,54
59614,0.4.6,0,4,6,54
59615,0.4.6,0,4,6,54
59616,0.4.6,0,4,6,54
59617,0.4.6,0,4,6,54
59619,0.4.6,0,4,6,54
59620,0.4.6,0,4,6,54
59621,0.4.6,0,4,6,54
59623,0.4.6,0,4,6,54
59624,0.4.6,0,4,6,54
59626,0.4.6,0,4,6,54
59627,0.4.6,0,4,6,54
59628,0.1.11,0,1,11,23
59629,0.4.6,0,4,6,54
59630,0.9.0,0,9,0,108
59631,0.4.6,0,4,6,54
59633,0.4.6,0,4,6,54
59634,0.4.6,0,4,6,54
59635,0.4.6,0,4,6,54
59636,0.4.6,0,4,6,54
59637,0.4.6,0,4,6,54
59638,0.4.6,0,4,6,54
59640,0.2.6,0,2,6,30
59641,0.4.6,0,4,6,54
59642,0.4.6,0,4,6,54
59643,0.4.6,0,4,6,54
59644,0.1.11,0,1,11,23
59645,0.2.6,0,2,6,30
59647,0.4.6,0,4,6,54
59648,0.1.11,0,1,11,23
59649,0.9.0,0,9,0,108
59650,0.4.6,0,4,6,54
59651,0.4.6,0,4,6,54
59653,0.4.6,0,4,6,54
59654,0.4.6,0,4,6,54
59655,0.9.0,0,9,0,108
59656,0.4.6,0,4,6,54
59657,0.1.11,0,1,11,23
59658,0.4.6,0,4,6,54
59659,0.4.6,0,4,6,54
59660,0.13.4,0,13,4,160
59662,0.4.6,0,4,6,54
59663,0.4.6,0,4,6,54
59664,0.4.6,0,4,6,54
59665,0.0.6,0,0,6,6
59666,0.4.6,0,4,6,54
59667,0.4.6,0,4,6,54
59668,0.4.6,0,4,6,54
59669,0.4.6,0,4,6,54
59670,0.2.6,0,2,6,30
59671,0.4.6,0,4,6,54
59672,0.4.6,0,4,6,54
59676,0.4.6,0,4,6,54
59678,0.4.6,0,4,6,54
59679,0.4.6,0,4,6,54
59681,0.2.6,0,2,6,30
59682,0.4.6,0,4,6,54
59683,0.4.6,0,4,6,54
59685,0.1.11,0,1,11,23
59687,0.6.8,0,6,8,80
59688,0.4.6,0,4,6,54
59689,0.4.6,0,4,6,54
59691,0.4.6,0,4,6,54
59692,0.4.6,0,4,6,54
59693,0.4.6,0,4,6,54
59694,0.4.6,0,4,6,54
59695,0.1.11,0,1,11,23
59696,0.4.6,0,4,6,54
59697,0.9.0,0,9,0,108
59698,0.4.6,0,4,6,54
59699,0.4.6,0,4,6,54
59700,0.4.6,0,4,6,54
59701,0.1.11,0,1,11,23
59702,0.2.6,0,2,6,30
59704,0.1.11,0,1,11,23
59705,0.2.6,0,2,6,30
59706,0.4.6,0,4,6,54
59707,0.4.6,0,4,6,54
59708,0.4.6,0,4,6,54
59709,0.4.6,0,4,6,54
59710,0.4.6,0,4,6,54
59711,0.4.6,0,4,6,54
59712,0.4.6,0,4,6,54
59713,0.4.6,0,4,6,54
59715,0.1.11,0,1,11,23
59716,0.4.6,0,4,6,54
59717,0.2.6,0,2,6,30
59718,0.4.6,0,4,6,54
59719,0.1.11,0,1,11,23
59720,0.2.6,0,2,6,30
59722,0.4.6,0,4,6,54
59723,0.4.6,0,4,6,54
59724,0.4.6,0,4,6,54
59727,0.1.11,0,1,11,23
59728,0.6.8,0,6,8,80
59729,0.4.6,0,4,6,54
59730,0.1.11,0,1,11,23
59732,0.4.6,0,4,6,54
59734,0.0.6,0,0,6,6
59735,0.4.6,0,4,6,54
59736,0.4.6,0,4,6,54
59737,0.9.0,0,9,0,108
59738,0.9.0,0,9,0,108
59740,0.4.6,0,4,6,54
59741,0.4.6,0,4,6,54
59742,0.4.6,0,4,6,54
59743,0.4.6,0,4,6,54
59744,0.1.11,0,1,11,23
59745,0.1.11,0,1,11,23
59746,0.4.6,0,4,6,54
59748,0.4.6,0,4,6,54
59750,0.4.6,0,4,6,54
59751,0.4.6,0,4,6,54
59752,0.4.6,0,4,6,54
59753,0.4.6,0,4,6,54
59754,0.4.6,0,4,6,54
59755,0.4.6,0,4,6,54
59756,0.4.6,0,4,6,54
59757,0.4.6,0,4,6,54
59759,0.4.6,0,4,6,54
59760,0.4.6,0,4,6,54
59761,0.4.6,0,4,6,54
59762,0.4.6,0,4,6,54
59763,0.1.11,0,1,11,23
59764,0.9.0,0,9,0,108
59765,0.4.6,0,4,6,54
59767,0.9.0,0,9,0,108
59768,0.4.6,0,4,6,54
59769,0.4.6,0,4,6,54
59770,2.0.0,2,0,0,480
59771,0.4.6,0,4,6,54
59772,0.1.11,0,1,11,23
59773,0.4.6,0,4,6,54
59774,0.1.11,0,1,11,23
59776,0.1.11,0,1,11,23
59777,0.1.11,0,1,11,23
59778,0.1.11,0,1,11,23
59781,0.4.6,0,4,6,54
59782,0.4.6,0,4,6,54
59783,0.1.11,0,1,11,23
59784,0.2.6,0,2,6,30
59785,0.4.6,0,4,6,54
59786,0.9.0,0,9,0,108
59787,0.4.6,0,4,6,54
59788,0.4.6,0,4,6,54
59790,0.4.6,0,4,6,54
59791,0.4.6,0,4,6,54
59792,0.1.11,0,1,11,23
59793,0.4.6,0,4,6,54
59794,0.4.6,0,4,6,54
59796,0.4.6,0,4,6,54
59797,0.4.6,0,4,6,54
59798,0.4.6,0,4,6,54
59799,0.4.6,0,4,6,54
59801,0.4.6,0,4,6,54
59802,0.2.6,0,2,6,30
59803,0.4.6,0,4,6,54
59804,0.4.6,0,4,6,54
59805,0.4.6,0,4,6,54
59808,0.4.6,0,4,6,54
59810,0.4.6,0,4,6,54
59811,0.10.8,0,10,8,128
59812,0.4.6,0,4,6,54
59813,0.4.6,0,4,6,54
59815,0.2.6,0,2,6,30
59816,0.4.6,0,4,6,54
59818,0.4.6,0,4,6,54
59819,0.6.8,0,6,8,80
59822,0.1.11,0,1,11,23
59824,0.4.6,0,4,6,54
59825,0.2.6,0,2,6,30
59826,0.1.11,0,1,11,23
59829,0.6.8,0,6,8,80
59830,0.1.11,0,1,11,23
59831,0.13.4,0,13,4,160
59832,0.2.6,0,2,6,30
59833,0.4.6,0,4,6,54
59835,0.4.6,0,4,6,54
59836,0.4.6,0,4,6,54
59837,0.4.6,0,4,6,54
59838,0.4.6,0,4,6,54
59839,0.4.6,0,4,6,54
59843,0.2.6,0,2,6,30
59844,0.4.6,0,4,6,54
59845,0.13.4,0,13,4,160
59846,0.4.6,0,4,6,54
59849,0.4.6,0,4,6,54
59850,0.4.6,0,4,6,54
59851,0.4.6,0,4,6,54
59852,0.2.6,0,2,6,30
59853,0.4.6,0,4,6,54
59854,0.13.4,0,13,4,160
59855,0.13.4,0,13,4,160
59856,0.4.6,0,4,6,54
59857,0.4.6,0,4,6,54
59858,0.4.6,0,4,6,54
59859,0.4.6,0,4,6,54
59861,0.4.6,0,4,6,54
59862,0.2.6,0,2,6,30
59863,0.4.6,0,4,6,54
59864,0.1.11,0,1,11,23
59865,0.9.0,0,9,0,108
59866,0.4.6,0,4,6,54
59868,0.4.6,0,4,6,54
59869,0.2.6,0,2,6,30
59870,0.2.6,0,2,6,30
59871,0.4.6,0,4,6,54
59872,0.4.6,0,4,6,54
59873,0.4.6,0,4,6,54
59874,0.1.11,0,1,11,23
59875,0.1.11,0,1,11,23
59876,0.4.6,0,4,6,54
59877,0.9.0,0,9,0,108
59878,0.4.6,0,4,6,54
59879,0.4.6,0,4,6,54
59880,0.6.8,0,6,8,80
59881,0.2.6,0,2,6,30
59882,0.4.6,0,4,6,54
59883,0.4.6,0,4,6,54
59885,0.2.6,0,2,6,30
59886,0.4.6,0,4,6,54
59888,0.4.6,0,4,6,54
59890,0.4.6,0,4,6,54
59891,0.4.6,0,4,6,54
59892,0.4.6,0,4,6,54
59894,0.9.0,0,9,0,108
59895,0.1.11,0,1,11,23
59896,0.2.6,0,2,6,30
59897,0.2.6,0,2,6,30
59898,0.4.6,0,4,6,54
59900,0.4.6,0,4,6,54
59901,0.4.6,0,4,6,54
59902,0.4.6,0,4,6,54
59904,0.4.6,0,4,6,54
59905,0.2.6,0,2,6,30
59906,0.4.6,0,4,6,54
59907,0.2.6,0,2,6,30
59908,0.4.6,0,4,6,54
59909,0.4.6,0,4,6,54
59910,0.10.8,0,10,8,128
59913,0.1.11,0,1,11,23
59914,0.2.6,0,2,6,30
59915,0.4.6,0,4,6,54
59916,0.4.6,0,4,6,54
59917,0.4.6,0,4,6,54
59918,0.4.6,0,4,6,54
59919,0.4.6,0,4,6,54
59921,0.2.6,0,2,6,30
59922,0.4.6,0,4,6,54
59923,0.2.6,0,2,6,30
59924,0.4.6,0,4,6,54
59925,0.4.6,0,4,6,54
59926,0.4.6,0,4,6,54
59927,0.4.6,0,4,6,54
59928,0.4.6,0,4,6,54
59929,0.4.6,0,4,6,54
59930,0.1.11,0,1,11,23
59931,0.1.11,0,1,11,23
59932,0.4.6,0,4,6,54
59933,0.4.6,0,4,6,54
59935,0.9.0,0,9,0,108
59936,0.4.6,0,4,6,54
59937,0.2.6,0,2,6,30
59939,0.2.6,0,2,6,30
59942,0.6.8,0,6,8,80
59943,0.4.6,0,4,6,54
59944,0.9.0,0,9,0,108
59945,0.4.6,0,4,6,54
59946,0.4.6,0,4,6,54
59947,0.4.6,0,4,6,54
59948,0.4.6,0,4,6,54
59950,0.1.11,0,1,11,23
59951,0.4.6,0,4,6,54
59952,0.4.6,0,4,6,54
59953,0.4.6,0,4,6,54
59955,0.2.6,0,2,6,30
59956,0.4.6,0,4,6,54
59957,0.1.11,0,1,11,23
59958,0.4.6,0,4,6,54
59959,0.4.6,0,4,6,54
59960,0.4.6,0,4,6,54
59961,0.4.6,0,4,6,54
59962,0.9.0,0,9,0,108
59964,0.4.6,0,4,6,54
59965,0.4.6,0,4,6,54
59966,0.2.6,0,2,6,30
59967,0.2.6,0,2,6,30
59968,0.4.6,0,4,6,54
59969,0.4.6,0,4,6,54
59970,0.4.6,0,4,6,54
59971,0.4.6,0,4,6,54
59972,0.4.6,0,4,6,54
59973,0.1.11,0,1,11,23
59974,0.4.6,0,4,6,54
59976,0.4.6,0,4,6,54
59977,0.4.6,0,4,6,54
59978,0.4.6,0,4,6,54
59979,0.2.6,0,2,6,30
59980,0.2.6,0,2,6,30
59981,0.1.11,0,1,11,23
59982,0.4.6,0,4,6,54
59983,0.4.6,0,4,6,54
59984,0.4.6,0,4,6,54
59985,0.1.11,0,1,11,23
59987,0.13.4,0,13,4,160
59988,0.4.6,0,4,6,54
59989,0.4.6,0,4,6,54
59990,0.4.6,0,4,6,54
59992,0.4.6,0,4,6,54
59993,0.4.6,0,4,6,54
59994,0.4.6,0,4,6,54
59995,0.4.6,0,4,6,54
59996,0.4.6,0,4,6,54
59997,0.4.6,0,4,6,54
59998,0.4.6,0,4,6,54
59999,0.2.6,0,2,6,30
60000,0.2.6,0,2,6,30
60002,0.2.6,0,2,6,30
60003,0.2.6,0,2,6,30
60004,0.2.6,0,2,6,30
60006,0.2.6,0,2,6,30
60007,0.1.11,0,1,11,23
60008,0.4.6,0,4,6,54
60009,0.4.6,0,4,6,54
60011,0.4.6,0,4,6,54
60012,0.4.6,0,4,6,54
60014,0.4.6,0,4,6,54
60015,0.4.6,0,4,6,54
60016,0.4.6,0,4,6,54
60017,0.4.6,0,4,6,54
60018,0.4.6,0,4,6,54
60019,0.9.0,0,9,0,108
60020,0.4.6,0,4,6,54
60021,0.4.6,0,4,6,54
60022,0.4.6,0,4,6,54
60023,0.4.6,0,4,6,54
60024,0.4.6,0,4,6,54
60025,0.4.6,0,4,6,54
60026,0.4.6,0,4,6,54
60027,0.4.6,0,4,6,54
60028,0.4.6,0,4,6,54
60029,0.4.6,0,4,6,54
60030,0.4.6,0,4,6,54
60031,0.4.6,0,4,6,54
60032,0.4.6,0,4,6,54
60033,0.2.6,0,2,6,30
60034,0.4.6,0,4,6,54
60035,0.4.6,0,4,6,54
60036,0.9.0,0,9,0,108
60037,0.4.6,0,4,6,54
60038,0.2.6,0,2,6,30
60039,0.4.6,0,4,6,54
60040,0.4.6,0,4,6,54
60041,0.4.6,0,4,6,54
60042,0.4.6,0,4,6,54
60043,0.4.6,0,4,6,54
60044,0.4.6,0,4,6,54
60045,0.4.6,0,4,6,54
60046,0.4.6,0,4,6,54
60047,0.9.0,0,9,0,108
60048,0.4.6,0,4,6,54
60049,0.2.6,0,2,6,30
60050,0.4.6,0,4,6,54
60051,0.4.6,0,4,6,54
60052,0.4.6,0,4,6,54
60053,0.13.4,0,13,4,160
60054,0.2.6,0,2,6,30
60055,0.4.6,0,4,6,54
60056,0.9.0,0,9,0,108
60058,0.2.6,0,2,6,30
60059,0.4.6,0,4,6,54
60060,0.4.6,0,4,6,54
60061,0.0.6,0,0,6,6
60062,0.4.6,0,4,6,54
60063,0.4.6,0,4,6,54
60064,0.4.6,0,4,6,54
60065,0.2.6,0,2,6,30
60066,0.4.6,0,4,6,54
60067,0.4.6,0,4,6,54
60068,0.2.6,0,2,6,30
60069,0.0.6,0,0,6,6
60070,0.0.6,0,0,6,6
60071,0.4.6,0,4,6,54
60072,0.4.6,0,4,6,54
60073,0.4.6,0,4,6,54
60074,0.4.6,0,4,6,54
60075,0.4.6,0,4,6,54
60076,0.4.6,0,4,6,54
60077,0.4.6,0,4,6,54
60078,0.4.6,0,4,6,54
60079,0.2.6,0,2,6,30
60080,0.4.6,0,4,6,54
60081,0.4.6,0,4,6,54
60082,0.4.6,0,4,6,54
60083,0.4.6,0,4,6,54
60084,0.4.6,0,4,6,54
60085,0.4.6,0,4,6,54
60086,0.4.6,0,4,6,54
60087,0.9.0,0,9,0,108
60088,0.4.6,0,4,6,54
60089,0.4.6,0,4,6,54
60090,0.4.6,0,4,6,54
60091,0.4.6,0,4,6,54
60092,0.4.6,0,4,6,54
60093,0.9.0,0,9,0,108
60094,0.4.6,0,4,6,54
60095,0.10.8,0,10,8,128
60096,0.4.6,0,4,6,54
60097,0.4.6,0,4,6,54
60098,0.2.6,0,2,6,30
60099,0.4.6,0,4,6,54
60100,0.9.0,0,9,0,108
60101,0.4.6,0,4,6,54
60102,0.4.6,0,4,6,54
60103,0.4.6,0,4,6,54
60104,0.4.6,0,4,6,54
60105,0.4.6,0,4,6,54
60106,0.4.6,0,4,6,54
60107,0.4.6,0,4,6,54
60108,0.4.6,0,4,6,54
60109,0.4.6,0,4,6,54
60110,0.9.0,0,9,0,108
60111,0.4.6,0,4,6,54
60112,0.4.6,0,4,6,54
60113,0.9.0,0,9,0,108
60114,0.4.6,0,4,6,54
60115,0.4.6,0,4,6,54
60116,0.2.6,0,2,6,30
60117,0.4.6,0,4,6,54
60118,0.4.6,0,4,6,54
60119,0.4.6,0,4,6,54
60120,0.9.0,0,9,0,108
60121,0.2.6,0,2,6,30
60122,0.9.0,0,9,0,108
60123,0.4.6,0,4,6,54
60124,0.4.6,0,4,6,54
60125,0.0.6,0,0,6,6
60126,0.0.6,0,0,6,6
60127,0.4.6,0,4,6,54
60128,0.4.6,0,4,6,54
60129,0.4.6,0,4,6,54
60130,0.4.6,0,4,6,54
60131,0.4.6,0,4,6,54
60132,0.2.6,0,2,6,30
60133,0.0.6,0,0,6,6
60134,0.4.6,0,4,6,54
60135,0.0.6,0,0,6,6
60136,0.4.6,0,4,6,54
60137,0.4.6,0,4,6,54
60138,0.2.6,0,2,6,30
60139,0.4.6,0,4,6,54
60140,0.0.6,0,0,6,6
60141,0.4.6,0,4,6,54
60142,0.0.6,0,0,6,6
60143,0.4.6,0,4,6,54
60144,0.4.6,0,4,6,54
60145,0.4.6,0,4,6,54
60146,0.9.0,0,9,0,108
60147,0.4.6,0,4,6,54
60148,0.2.6,0,2,6,30
60149,0.0.6,0,0,6,6
60150,0.4.6,0,4,6,54
60151,0.4.6,0,4,6,54
60152,0.4.6,0,4,6,54
60153,0.9.0,0,9,0,108
60154,0.4.6,0,4,6,54
60155,0.4.6,0,4,6,54
60156,0.4.6,0,4,6,54
60157,0.0.6,0,0,6,6
60158,0.0.6,0,0,6,6
60159,0.4.6,0,4,6,54
60160,0.4.6,0,4,6,54
60161,0.0.6,0,0,6,6
60162,0.4.6,0,4,6,54
60163,0.0.6,0,0,6,6
60164,0.4.6,0,4,6,54
60165,0.4.6,0,4,6,54
60166,0.2.6,0,2,6,30
60167,0.4.6,0,4,6,54
60168,0.4.6,0,4,6,54
60169,0.0.6,0,0,6,6
60170,0.0.6,0,0,6,6
60171,0.4.6,0,4,6,54
60172,0.4.6,0,4,6,54
60173,0.9.0,0,9,0,108
60174,0.2.6,0,2,6,30
60175,0.4.6,0,4,6,54
60176,0.4.6,0,4,6,54
60177,0.0.6,0,0,6,6
60178,0.9.0,0,9,0,108
60179,0.4.6,0,4,6,54
60180,0.4.6,0,4,6,54
60181,0.0.6,0,0,6,6
60182,0.9.0,0,9,0,108
60183,0.4.6,0,4,6,54
60184,0.4.6,0,4,6,54
60185,0.9.0,0,9,0,108
60186,0.0.6,0,0,6,6
60187,0.4.6,0,4,6,54
60188,0.4.6,0,4,6,54
60189,0.2.6,0,2,6,30
60190,0.4.6,0,4,6,54
60191,0.4.6,0,4,6,54
60192,0.4.6,0,4,6,54
60193,0.4.6,0,4,6,54
60194,0.4.6,0,4,6,54
60195,0.4.6,0,4,6,54
60196,0.4.6,0,4,6,54
60197,0.0.6,0,0,6,6
60198,0.4.6,0,4,6,54
60199,0.4.6,0,4,6,54
60200,0.4.6,0,4,6,54
60201,0.4.6,0,4,6,54
60202,0.2.6,0,2,6,30
60203,0.4.6,0,4,6,54
60204,0.4.6,0,4,6,54
60205,0.4.6,0,4,6,54
60206,0.9.0,0,9,0,108
60207,0.4.6,0,4,6,54
60208,0.4.6,0,4,6,54
60209,0.9.0,0,9,0,108
60210,0.4.6,0,4,6,54
60211,0.4.6,0,4,6,54
60212,0.4.6,0,4,6,54
60213,0.4.6,0,4,6,54
60214,0.4.6,0,4,6,54
60215,0.4.6,0,4,6,54
60216,0.4.6,0,4,6,54
60217,0.4.6,0,4,6,54
60218,0.4.6,0,4,6,54
60219,0.4.6,0,4,6,54
60220,0.9.0,0,9,0,108
60221,0.9.0,0,9,0,108
60222,0.4.6,0,4,6,54
60223,0.2.6,0,2,6,30
60224,0.9.0,0,9,0,108
60225,0.4.6,0,4,6,54
60226,0.9.0,0,9,0,108
60227,0.4.6,0,4,6,54
60228,0.4.6,0,4,6,54
60229,0.4.6,0,4,6,54
60230,0.4.6,0,4,6,54
60231,0.4.6,0,4,6,54
60232,0.13.4,0,13,4,160
60233,0.4.6,0,4,6,54
60234,0.2.6,0,2,6,30
60235,0.4.6,0,4,6,54
60236,0.2.6,0,2,6,30
60237,0.4.6,0,4,6,54
60238,0.4.6,0,4,6,54
60239,0.4.6,0,4,6,54
60240,0.4.6,0,4,6,54
60241,0.4.6,0,4,6,54
60242,0.4.6,0,4,6,54
60243,0.4.6,0,4,6,54
60244,0.4.6,0,4,6,54
60245,0.9.0,0,9,0,108
60246,0.4.6,0,4,6,54
60247,0.0.6,0,0,6,6
60248,0.9.0,0,9,0,108
60249,0.9.0,0,9,0,108
60250,0.4.6,0,4,6,54
60251,0.4.6,0,4,6,54
60252,0.4.6,0,4,6,54
60253,0.4.6,0,4,6,54
60254,0.4.6,0,4,6,54
60255,0.0.6,0,0,6,6
60256,0.4.6,0,4,6,54
60257,0.2.6,0,2,6,30
60258,0.4.6,0,4,6,54
60259,0.4.6,0,4,6,54
60260,0.0.6,0,0,6,6
60261,0.4.6,0,4,6,54
60262,0.4.6,0,4,6,54
60263,0.4.6,0,4,6,54
60264,0.9.0,0,9,0,108
60265,0.9.0,0,9,0,108
60266,0.4.6,0,4,6,54
60267,0.4.6,0,4,6,54
60268,0.8.8,0,8,8,104
60269,0.0.6,0,0,6,6
60270,0.0.6,0,0,6,6
60271,0.0.6,0,0,6,6
60272,0.0.6,0,0,6,6
60273,0.9.0,0,9,0,108
60274,0.4.6,0,4,6,54
60275,0.4.6,0,4,6,54
60276,0.9.0,0,9,0,108
60277,0.4.6,0,4,6,54
60278,0.2.6,0,2,6,30
60279,0.2.6,0,2,6,30
60280,0.0.6,0,0,6,6
60281,0.4.6,0,4,6,54
60282,0.4.6,0,4,6,54
60283,0.4.6,0,4,6,54
60284,0.4.6,0,4,6,54
60285,0.4.6,0,4,6,54
60286,0.4.6,0,4,6,54
60287,0.4.6,0,4,6,54
60288,0.2.6,0,2,6,30
60289,0.4.6,0,4,6,54
60290,0.4.6,0,4,6,54
60291,0.4.6,0,4,6,54
60292,0.4.6,0,4,6,54
60293,0.4.6,0,4,6,54
60294,0.4.6,0,4,6,54
60295,0.4.6,0,4,6,54
60296,0.4.6,0,4,6,54
60297,0.4.6,0,4,6,54
60298,0.4.6,0,4,6,54
60299,0.2.6,0,2,6,30
60300,0.4.6,0,4,6,54
60301,0.0.6,0,0,6,6
60302,0.2.6,0,2,6,30
60303,0.4.6,0,4,6,54
60304,0.4.6,0,4,6,54
60305,0.2.6,0,2,6,30
60306,0.4.6,0,4,6,54
60307,0.9.0,0,9,0,108
60308,0.4.6,0,4,6,54
60309,0.4.6,0,4,6,54
60310,0.4.6,0,4,6,54
60311,0.9.0,0,9,0,108
60312,0.4.6,0,4,6,54
60313,0.4.6,0,4,6,54
60314,0.4.6,0,4,6,54
60315,0.2.6,0,2,6,30
60316,0.4.6,0,4,6,54
60317,0.2.6,0,2,6,30
60318,0.9.0,0,9,0,108
60319,0.4.6,0,4,6,54
60320,0.13.4,0,13,4,160
60321,0.2.6,0,2,6,30
60322,0.4.6,0,4,6,54
60323,0.4.6,0,4,6,54
60324,0.2.6,0,2,6,30
60325,0.4.6,0,4,6,54
60326,0.9.0,0,9,0,108
60327,0.4.6,0,4,6,54
60328,0.4.6,0,4,6,54
60329,0.4.6,0,4,6,54
60330,0.4.6,0,4,6,54
60331,0.4.6,0,4,6,54
60332,0.4.6,0,4,6,54
60333,0.9.0,0,9,0,108
60334,0.4.6,0,4,6,54
60335,0.9.0,0,9,0,108
60336,0.13.4,0,13,4,160
60337,0.4.6,0,4,6,54
60338,0.9.0,0,9,0,108
60339,0.4.6,0,4,6,54
60340,0.0.6,0,0,6,6
60341,0.4.6,0,4,6,54
60342,0.4.6,0,4,6,54
60343,0.4.6,0,4,6,54
60344,0.9.0,0,9,0,108
60345,0.4.6,0,4,6,54
60346,0.2.6,0,2,6,30
60347,0.4.6,0,4,6,54
60348,0.2.6,0,2,6,30
60349,0.2.6,0,2,6,30
60350,0.4.6,0,4,6,54
60351,0.4.6,0,4,6,54
60352,0.4.6,0,4,6,54
60353,0.4.6,0,4,6,54
60354,0.4.6,0,4,6,54
60355,0.9.0,0,9,0,108
60356,0.9.0,0,9,0,108
60357,0.9.0,0,9,0,108
60358,0.9.0,0,9,0,108
60359,0.13.4,0,13,4,160
60360,0.9.0,0,9,0,108
60361,0.0.6,0,0,6,6
60362,0.4.6,0,4,6,54
60363,0.4.6,0,4,6,54
60364,0.4.6,0,4,6,54
60365,0.2.6,0,2,6,30
60366,0.4.6,0,4,6,54
60367,0.10.8,0,10,8,128
60368,0.6.8,0,6,8,80
60369,0.4.6,0,4,6,54
60370,0.4.6,0,4,6,54
60371,0.4.6,0,4,6,54
60372,0.4.6,0,4,6,54
60373,0.13.4,0,13,4,160
60374,0.0.6,0,0,6,6
60375,0.0.6,0,0,6,6
60376,0.4.6,0,4,6,54
60377,0.4.6,0,4,6,54
60378,0.4.6,0,4,6,54
60379,0.4.6,0,4,6,54
60380,0.2.6,0,2,6,30
60381,0.10.8,0,10,8,128
60382,0.13.4,0,13,4,160
60383,0.4.6,0,4,6,54
60384,0.4.6,0,4,6,54
60385,0.9.0,0,9,0,108
60386,0.0.6,0,0,6,6
60387,0.0.6,0,0,6,6
60388,0.4.6,0,4,6,54
60389,0.4.6,0,4,6,54
60390,0.4.6,0,4,6,54
60391,0.2.6,0,2,6,30
60392,0.4.6,0,4,6,54
60393,0.4.6,0,4,6,54
60394,0.4.6,0,4,6,54
60395,0.4.6,0,4,6,54
60396,0.4.6,0,4,6,54
60397,0.2.6,0,2,6,30
60398,0.4.6,0,4,6,54
60399,0.9.0,0,9,0,108
60400,0.9.0,0,9,0,108
60401,0.2.6,0,2,6,30
60402,0.4.6,0,4,6,54
60403,0.4.6,0,4,6,54
60404,0.9.0,0,9,0,108
60405,0.4.6,0,4,6,54
60406,0.4.6,0,4,6,54
60407,0.2.6,0,2,6,30
60408,0.9.0,0,9,0,108
60409,0.4.6,0,4,6,54
60410,0.4.6,0,4,6,54
60411,0.4.6,0,4,6,54
60412,0.4.6,0,4,6,54
60413,0.4.6,0,4,6,54
60414,0.2.6,0,2,6,30
60415,0.4.6,0,4,6,54
60416,0.4.6,0,4,6,54
60417,0.4.6,0,4,6,54
60418,0.4.6,0,4,6,54
60419,0.13.4,0,13,4,160
60420,0.4.6,0,4,6,54
60421,0.4.6,0,4,6,54
60422,0.2.6,0,2,6,30
60423,0.4.6,0,4,6,54
60424,0.4.6,0,4,6,54
60425,0.4.6,0,4,6,54
60426,0.4.6,0,4,6,54
60427,0.4.6,0,4,6,54
60428,0.4.6,0,4,6,54
60429,0.0.6,0,0,6,6
60430,0.4.6,0,4,6,54
60431,0.0.6,0,0,6,6
60432,0.4.6,0,4,6,54
60433,0.9.0,0,9,0,108
60434,0.4.6,0,4,6,54
60435,0.9.0,0,9,0,108
60436,0.4.6,0,4,6,54
60437,0.4.6,0,4,6,54
60438,0.13.4,0,13,4,160
60439,1.9.4,1,9,4,352
60440,0.2.6,0,2,6,30
60441,0.2.6,0,2,6,30
60442,0.4.6,0,4,6,54
60443,0.4.6,0,4,6,54
60444,0.9.0,0,9,0,108
60445,0.4.6,0,4,6,54
60446,0.9.0,0,9,0,108
60447,0.4.6,0,4,6,54
60448,0.4.6,0,4,6,54
60449,0.4.6,0,4,6,54
60450,0.2.6,0,2,6,30
60451,0.4.6,0,4,6,54
60452,0.4.6,0,4,6,54
60453,0.4.6,0,4,6,54
60454,0.6.8,0,6,8,80
60455,0.0.6,0,0,6,6
60456,0.4.6,0,4,6,54
60457,0.2.6,0,2,6,30
60458,0.4.6,0,4,6,54
60459,0.4.6,0,4,6,54
60460,0.2.6,0,2,6,30
60461,0.4.6,0,4,6,54
60462,0.4.6,0,4,6,54
60463,0.4.6,0,4,6,54
60464,0.4.6,0,4,6,54
60465,0.9.0,0,9,0,108
60466,0.0.6,0,0,6,6
60467,0.4.6,0,4,6,54
60468,0.14.8,0,14,8,176
60469,0.4.6,0,4,6,54
60470,0.4.6,0,4,6,54
60471,0.4.6,0,4,6,54
60472,0.0.6,0,0,6,6
60473,0.4.6,0,4,6,54
60474,0.4.6,0,4,6,54
60475,0.2.6,0,2,6,30
60476,0.0.6,0,0,6,6
60477,0.0.6,0,0,6,6
60478,0.4.6,0,4,6,54
60479,0.4.6,0,4,6,54
60480,0.0.6,0,0,6,6
60481,0.0.6,0,0,6,6
60482,0.4.6,0,4,6,54
60483,0.4.6,0,4,6,54
60484,0.2.6,0,2,6,30
60485,0.4.6,0,4,6,54
60486,0.4.6,0,4,6,54
60487,0.2.6,0,2,6,30
60488,0.4.6,0,4,6,54
60489,0.0.6,0,0,6,6
60490,0.4.6,0,4,6,54
60491,0.4.6,0,4,6,54
60492,0.4.6,0,4,6,54
60493,0.13.4,0,13,4,160
60494,0.0.6,0,0,6,6
60495,0.4.6,0,4,6,54
60496,0.10.8,0,10,8,128
60497,0.4.6,0,4,6,54
60498,0.0.6,0,0,6,6
60499,0.4.6,0,4,6,54
60500,0.4.6,0,4,6,54
60501,0.4.6,0,4,6,54
60502,0.0.6,0,0,6,6
60503,0.0.6,0,0,6,6
60504,0.9.0,0,9,0,108
60505,0.9.0,0,9,0,108
60506,0.4.6,0,4,6,54
60507,0.9.0,0,9,0,108
60508,0.2.6,0,2,6,30
60509,0.4.6,0,4,6,54
60510,0.4.6,0,4,6,54
60511,0.0.6,0,0,6,6
60512,0.4.6,0,4,6,54
60513,0.4.6,0,4,6,54
60514,0.4.6,0,4,6,54
60515,0.0.6,0,0,6,6
60516,0.4.6,0,4,6,54
60517,0.4.6,0,4,6,54
60518,0.9.0,0,9,0,108
60519,0.2.6,0,2,6,30
60520,0.4.6,0,4,6,54
60521,0.2.6,0,2,6,30
60522,0.9.0,0,9,0,108
60523,0.2.6,0,2,6,30
60524,0.0.6,0,0,6,6
60525,0.4.6,0,4,6,54
60526,0.9.0,0,9,0,108
60527,0.4.6,0,4,6,54
60528,0.4.6,0,4,6,54
60529,0.9.0,0,9,0,108
60530,0.4.6,0,4,6,54
60531,0.4.6,0,4,6,54
60532,0.4.6,0,4,6,54
60533,0.4.6,0,4,6,54
60534,0.4.6,0,4,6,54
60535,0.9.0,0,9,0,108
60536,0.4.6,0,4,6,54
60537,0.0.6,0,0,6,6
60538,0.4.6,0,4,6,54
60539,0.0.6,0,0,6,6
60540,0.9.0,0,9,0,108
60541,0.2.6,0,2,6,30
60542,0.4.6,0,4,6,54
60543,0.4.6,0,4,6,54
60544,0.4.6,0,4,6,54
60545,0.4.6,0,4,6,54
60546,0.4.6,0,4,6,54
60547,0.4.6,0,4,6,54
60548,0.4.6,0,4,6,54
60549,0.4.6,0,4,6,54
60550,0.4.6,0,4,6,54
60551,0.4.6,0,4,6,54
60552,0.2.6,0,2,6,30
60553,0.4.6,0,4,6,54
60554,0.6.8,0,6,8,80
60555,0.9.0,0,9,0,108
60556,0.0.6,0,0,6,6
60557,0.0.6,0,0,6,6
60558,0.4.6,0,4,6,54
60559,0.4.6,0,4,6,54
60560,0.4.6,0,4,6,54
60561,0.0.6,0,0,6,6
60562,0.0.6,0,0,6,6
60563,0.2.6,0,2,6,30
60564,0.4.6,0,4,6,54
60565,0.9.0,0,9,0,108
60566,0.0.6,0,0,6,6
60567,0.4.6,0,4,6,54
60568,0.4.6,0,4,6,54
60569,0.9.0,0,9,0,108
60570,0.4.6,0,4,6,54
60571,0.2.6,0,2,6,30
60572,0.0.6,0,0,6,6
60573,0.4.6,0,4,6,54
60574,0.0.6,0,0,6,6
60575,0.4.6,0,4,6,54
60576,0.4.6,0,4,6,54
60577,0.9.0,0,9,0,108
60578,0.4.6,0,4,6,54
60579,0.0.6,0,0,6,6
60580,0.8.8,0,8,8,104
60581,0.4.6,0,4,6,54
60582,0.4.6,0,4,6,54
60583,0.4.6,0,4,6,54
60584,0.4.6,0,4,6,54
60585,0.4.6,0,4,6,54
60586,0.4.6,0,4,6,54
60587,0.4.6,0,4,6,54
60588,0.4.6,0,4,6,54
60589,0.4.6,0,4,6,54
60590,0.13.4,0,13,4,160
60591,0.4.6,0,4,6,54
60592,0.4.6,0,4,6,54
60593,0.4.6,0,4,6,54
60594,0.4.6,0,4,6,54
60595,0.4.6,0,4,6,54
60596,0.0.6,0,0,6,6
60597,0.4.6,0,4,6,54
60598,0.0.6,0,0,6,6
60599,0.4.6,0,4,6,54
60600,0.4.6,0,4,6,54
60601,0.4.6,0,4,6,54
60602,0.4.6,0,4,6,54
60603,0.0.6,0,0,6,6
60604,0.4.6,0,4,6,54
60605,0.4.6,0,4,6,54
60606,0.4.6,0,4,6,54
60607,0.4.6,0,4,6,54
60608,0.4.6,0,4,6,54
60609,0.4.6,0,4,6,54
60610,0.0.6,0,0,6,6
60611,0.4.6,0,4,6,54
60612,0.4.6,0,4,6,54
60613,0.4.6,0,4,6,54
60614,0.4.6,0,4,6,54
60615,0.0.6,0,0,6,6
60616,0.13.4,0,13,4,160
60617,0.4.6,0,4,6,54
60618,0.0.6,0,0,6,6
60619,0.4.6,0,4,6,54
60621,0.4.6,0,4,6,54
60622,0.4.6,0,4,6,54
60623,0.4.6,0,4,6,54
60624,0.4.6,0,4,6,54
60625,0.4.6,0,4,6,54
60626,0.4.6,0,4,6,54
60627,0.4.6,0,4,6,54
60628,0.4.6,0,4,6,54
60629,0.0.6,0,0,6,6
60630,0.4.6,0,4,6,54
60631,0.4.6,0,4,6,54
60632,0.4.6,0,4,6,54
60633,0.4.6,0,4,6,54
60634,0.9.0,0,9,0,108
60635,0.9.0,0,9,0,108
60636,0.4.6,0,4,6,54
60637,0.4.6,0,4,6,54
60638,0.9.0,0,9,0,108
60639,0.2.6,0,2,6,30
60640,0.4.6,0,4,6,54
60641,0.4.6,0,4,6,54
60642,0.4.6,0,4,6,54
60643,0.4.6,0,4,6,54
60644,0.13.4,0,13,4,160
60645,0.4.6,0,4,6,54
60646,0.4.6,0,4,6,54
60647,0.2.6,0,2,6,30
60648,0.4.6,0,4,6,54
60649,0.4.6,0,4,6,54
60650,0.4.6,0,4,6,54
60651,0.0.6,0,0,6,6
60652,0.4.6,0,4,6,54
60653,0.4.6,0,4,6,54
60654,0.9.0,0,9,0,108
60655,0.4.6,0,4,6,54
60656,0.14.8,0,14,8,176
60657,0.13.4,0,13,4,160
60658,0.4.6,0,4,6,54
60659,0.2.6,0,2,6,30
60660,0.4.6,0,4,6,54
60661,0.9.0,0,9,0,108
60662,0.2.6,0,2,6,30
60663,0.4.6,0,4,6,54
60664,0.9.0,0,9,0,108
60665,0.2.6,0,2,6,30
60666,0.4.6,0,4,6,54
60667,0.4.6,0,4,6,54
60668,0.4.6,0,4,6,54
60669,0.4.6,0,4,6,54
60670,0.4.6,0,4,6,54
60671,0.4.6,0,4,6,54
60673,0.4.6,0,4,6,54
60674,0.4.6,0,4,6,54
60675,0.9.0,0,9,0,108
60676,0.4.6,0,4,6,54
60677,0.4.6,0,4,6,54
60678,0.0.6,0,0,6,6
60679,0.0.6,0,0,6,6
60680,0.0.6,0,0,6,6
60681,0.4.6,0,4,6,54
60682,0.4.6,0,4,6,54
60683,0.4.6,0,4,6,54
60684,0.4.6,0,4,6,54
60685,0.4.6,0,4,6,54
60686,0.4.6,0,4,6,54
60687,0.4.6,0,4,6,54
60688,0.2.6,0,2,6,30
60689,0.4.6,0,4,6,54
60690,0.4.6,0,4,6,54
60691,0.4.6,0,4,6,54
60692,0.13.4,0,13,4,160
60693,0.0.6,0,0,6,6
60694,0.2.6,0,2,6,30
60695,0.0.6,0,0,6,6
60696,0.4.6,0,4,6,54
60697,0.4.6,0,4,6,54
60698,0.0.6,0,0,6,6
60699,0.9.0,0,9,0,108
60700,0.13.4,0,13,4,160
60701,0.4.6,0,4,6,54
60702,0.4.6,0,4,6,54
60703,0.9.0,0,9,0,108
60704,0.4.6,0,4,6,54
60705,0.4.6,0,4,6,54
60706,0.13.4,0,13,4,160
60707,0.4.6,0,4,6,54
60708,0.9.0,0,9,0,108
60709,0.13.4,0,13,4,160
60710,0.4.6,0,4,6,54
60711,0.4.6,0,4,6,54
60712,0.0.6,0,0,6,6
60713,0.4.6,0,4,6,54
60714,0.4.6,0,4,6,54
60715,0.9.0,0,9,0,108
60716,0.4.6,0,4,6,54
60717,0.2.6,0,2,6,30
60718,0.2.6,0,2,6,30
60719,0.4.6,0,4,6,54
60720,0.4.6,0,4,6,54
60721,0.4.6,0,4,6,54
60722,0.4.6,0,4,6,54
60723,0.4.6,0,4,6,54
60724,0.4.6,0,4,6,54
60725,0.0.6,0,0,6,6
60726,0.4.6,0,4,6,54
60727,0.2.6,0,2,6,30
60728,0.9.0,0,9,0,108
60729,0.4.6,0,4,6,54
60730,0.9.0,0,9,0,108
60731,0.0.6,0,0,6,6
60732,0.4.6,0,4,6,54
60733,0.9.0,0,9,0,108
60734,0.6.8,0,6,8,80
60735,0.4.6,0,4,6,54
60736,0.4.6,0,4,6,54
60737,0.0.6,0,0,6,6
60738,0.0.6,0,0,6,6
60739,0.2.6,0,2,6,30
60740,0.2.6,0,2,6,30
60741,0.4.6,0,4,6,54
60742,0.4.6,0,4,6,54
60743,0.4.6,0,4,6,54
60744,0.4.6,0,4,6,54
60745,0.9.0,0,9,0,108
60746,0.2.6,0,2,6,30
60747,0.4.6,0,4,6,54
60748,0.0.6,0,0,6,6
60749,0.4.6,0,4,6,54
60750,0.0.6,0,0,6,6
60751,0.4.6,0,4,6,54
60752,0.9.0,0,9,0,108
60753,0.9.0,0,9,0,108
60754,0.9.0,0,9,0,108
60755,0.4.6,0,4,6,54
60756,0.2.6,0,2,6,30
60757,0.4.6,0,4,6,54
60758,0.4.6,0,4,6,54
60759,0.4.6,0,4,6,54
60760,0.4.6,0,4,6,54
60761,0.2.6,0,2,6,30
60762,0.0.6,0,0,6,6
60763,0.4.6,0,4,6,54
60764,0.0.6,0,0,6,6
60765,0.9.0,0,9,0,108
60766,0.2.6,0,2,6,30
60767,0.9.0,0,9,0,108
60768,0.4.6,0,4,6,54
60769,0.4.6,0,4,6,54
60770,0.4.6,0,4,6,54
60771,0.4.6,0,4,6,54
60772,0.0.6,0,0,6,6
60773,0.4.6,0,4,6,54
60774,0.4.6,0,4,6,54
60775,0.2.6,0,2,6,30
60776,0.2.6,0,2,6,30
60777,0.9.0,0,9,0,108
60778,0.0.6,0,0,6,6
60779,0.4.6,0,4,6,54
60780,0.4.6,0,4,6,54
60781,0.4.6,0,4,6,54
60782,0.4.6,0,4,6,54
60783,0.4.6,0,4,6,54
60784,0.4.6,0,4,6,54
60785,0.0.6,0,0,6,6
60786,0.4.6,0,4,6,54
60787,0.4.6,0,4,6,54
60788,0.4.6,0,4,6,54
60789,0.4.6,0,4,6,54
60790,0.9.0,0,9,0,108
60791,0.9.0,0,9,0,108
60792,0.4.6,0,4,6,54
60793,0.9.0,0,9,0,108
60795,0.0.6,0,0,6,6
60796,0.9.0,0,9,0,108
60797,0.4.6,0,4,6,54
60798,0.2.6,0,2,6,30
60799,0.4.6,0,4,6,54
60800,0.2.6,0,2,6,30
60801,0.4.6,0,4,6,54
60802,0.4.6,0,4,6,54
60803,0.6.8,0,6,8,80
60804,0.0.6,0,0,6,6
60805,0.0.6,0,0,6,6
60806,0.4.6,0,4,6,54
60807,0.4.6,0,4,6,54
60808,0.4.6,0,4,6,54
60809,0.4.6,0,4,6,54
60810,0.4.6,0,4,6,54
60811,0.4.6,0,4,6,54
60812,0.9.0,0,9,0,108
60813,0.4.6,0,4,6,54
60814,0.2.6,0,2,6,30
60815,0.0.6,0,0,6,6
60816,0.0.6,0,0,6,6
60817,0.4.6,0,4,6,54
60818,0.4.6,0,4,6,54
60819,0.4.6,0,4,6,54
60820,0.4.6,0,4,6,54
60821,0.4.6,0,4,6,54
60822,0.4.6,0,4,6,54
60823,0.4.6,0,4,6,54
60824,0.4.6,0,4,6,54
60825,0.4.6,0,4,6,54
60826,0.9.0,0,9,0,108
60827,0.9.0,0,9,0,108
60828,0.4.6,0,4,6,54
60829,0.4.6,0,4,6,54
60830,0.0.6,0,0,6,6
60831,0.9.0,0,9,0,108
60832,0.4.6,0,4,6,54
60833,0.2.6,0,2,6,30
60835,0.4.6,0,4,6,54
60836,0.0.6,0,0,6,6
60837,0.4.6,0,4,6,54
60838,0.4.6,0,4,6,54
60839,0.4.6,0,4,6,54
60840,0.4.6,0,4,6,54
60841,0.2.6,0,2,6,30
60842,0.4.6,0,4,6,54
60843,0.4.6,0,4,6,54
60844,0.4.6,0,4,6,54
60845,0.4.6,0,4,6,54
60846,0.4.6,0,4,6,54
60847,0.4.6,0,4,6,54
60848,0.4.6,0,4,6,54
60849,0.4.6,0,4,6,54
60850,0.4.6,0,4,6,54
60851,0.4.6,0,4,6,54
60852,0.4.6,0,4,6,54
60853,0.4.6,0,4,6,54
60854,0.0.6,0,0,6,6
60855,0.9.0,0,9,0,108
60856,0.0.6,0,0,6,6
60857,0.9.0,0,9,0,108
60858,0.4.6,0,4,6,54
60859,0.4.6,0,4,6,54
60860,0.2.6,0,2,6,30
60861,0.4.6,0,4,6,54
60862,0.2.6,0,2,6,30
60863,0.9.0,0,9,0,108
60864,0.4.6,0,4,6,54
60865,0.4.6,0,4,6,54
60866,0.4.6,0,4,6,54
60867,0.4.6,0,4,6,54
60868,0.4.6,0,4,6,54
60869,0.4.6,0,4,6,54
60870,0.4.6,0,4,6,54
60871,0.0.6,0,0,6,6
60872,0.4.6,0,4,6,54
60873,0.4.6,0,4,6,54
60874,0.4.6,0,4,6,54
60875,0.2.6,0,2,6,30
60876,0.9.0,0,9,0,108
60877,0.4.6,0,4,6,54
60878,0.0.6,0,0,6,6
60879,0.2.6,0,2,6,30
60880,0.6.8,0,6,8,80
60881,0.4.6,0,4,6,54
60882,0.4.6,0,4,6,54
60883,0.4.6,0,4,6,54
60884,0.4.6,0,4,6,54
60885,0.4.6,0,4,6,54
60886,0.0.6,0,0,6,6
60887,0.4.6,0,4,6,54
60888,0.9.0,0,9,0,108
60889,0.4.6,0,4,6,54
60890,0.0.6,0,0,6,6
60891,0.0.6,0,0,6,6
60893,0.4.6,0,4,6,54
60894,0.4.6,0,4,6,54
60895,0.9.0,0,9,0,108
60896,0.4.6,0,4,6,54
60897,0.9.0,0,9,0,108
60898,0.4.6,0,4,6,54
60899,0.0.6,0,0,6,6
60900,0.0.6,0,0,6,6
60901,0.4.6,0,4,6,54
60902,0.4.6,0,4,6,54
60903,0.4.6,0,4,6,54
60904,0.0.6,0,0,6,6
60905,0.0.6,0,0,6,6
60906,0.4.6,0,4,6,54
60907,0.4.6,0,4,6,54
60908,0.4.6,0,4,6,54
60909,0.4.6,0,4,6,54
60910,0.9.0,0,9,0,108
60911,0.6.8,0,6,8,80
60912,0.4.6,0,4,6,54
60913,0.4.6,0,4,6,54
60914,0.4.6,0,4,6,54
60915,0.0.6,0,0,6,6
60916,0.0.6,0,0,6,6
60917,0.0.6,0,0,6,6
60918,0.0.6,0,0,6,6
60919,0.4.6,0,4,6,54
60921,0.4.6,0,4,6,54
60922,0.4.6,0,4,6,54
60923,0.9.0,0,9,0,108
60924,0.4.6,0,4,6,54
60925,0.6.8,0,6,8,80
60926,0.2.6,0,2,6,30
60927,0.4.6,0,4,6,54
60928,0.9.0,0,9,0,108
60929,0.4.6,0,4,6,54
60930,0.0.6,0,0,6,6
60931,0.4.6,0,4,6,54
60932,0.9.0,0,9,0,108
60933,0.4.6,0,4,6,54
60934,0.4.6,0,4,6,54
60935,0.4.6,0,4,6,54
60936,0.0.6,0,0,6,6
60937,0.4.6,0,4,6,54
60938,0.4.6,0,4,6,54
60939,0.4.6,0,4,6,54
60940,0.4.6,0,4,6,54
60941,0.10.8,0,10,8,128
60942,0.4.6,0,4,6,54
60943,0.4.6,0,4,6,54
60944,0.0.6,0,0,6,6
60945,0.0.6,0,0,6,6
60946,0.4.6,0,4,6,54
60947,0.4.6,0,4,6,54
60948,0.4.6,0,4,6,54
60950,0.4.6,0,4,6,54
60951,0.4.6,0,4,6,54
60952,0.4.6,0,4,6,54
60953,0.4.6,0,4,6,54
60954,0.4.6,0,4,6,54
60955,0.4.6,0,4,6,54
60956,0.9.0,0,9,0,108
60957,0.0.6,0,0,6,6
60958,0.4.6,0,4,6,54
60959,0.4.6,0,4,6,54
60960,0.0.6,0,0,6,6
60961,0.4.6,0,4,6,54
60962,0.9.0,0,9,0,108
60963,0.13.4,0,13,4,160
60964,0.4.6,0,4,6,54
60965,0.4.6,0,4,6,54
60966,0.4.6,0,4,6,54
60967,0.0.6,0,0,6,6
60968,0.4.6,0,4,6,54
60969,0.9.0,0,9,0,108
60970,0.2.6,0,2,6,30
60971,0.2.6,0,2,6,30
60972,0.2.6,0,2,6,30
60973,0.6.8,0,6,8,80
60974,0.0.6,0,0,6,6
60975,0.2.6,0,2,6,30
60976,0.4.6,0,4,6,54
60977,0.4.6,0,4,6,54
60978,0.4.6,0,4,6,54
60979,0.4.6,0,4,6,54
60980,0.2.6,0,2,6,30
60981,0.4.6,0,4,6,54
60982,0.0.6,0,0,6,6
60983,0.4.6,0,4,6,54
60984,0.4.6,0,4,6,54
60985,0.0.6,0,0,6,6
60986,0.4.6,0,4,6,54
60987,0.0.6,0,0,6,6
60988,0.0.6,0,0,6,6
60989,0.4.6,0,4,6,54
60990,0.0.6,0,0,6,6
60991,0.4.6,0,4,6,54
60992,0.4.6,0,4,6,54
60993,0.4.6,0,4,6,54
60994,0.2.6,0,2,6,30
60995,0.4.6,0,4,6,54
60996,0.2.6,0,2,6,30
60997,0.2.6,0,2,6,30
60998,0.4.6,0,4,6,54
60999,0.4.6,0,4,6,54
61000,0.4.6,0,4,6,54
61001,0.4.6,0,4,6,54
61002,0.4.6,0,4,6,54
61003,0.9.0,0,9,0,108
61004,0.4.6,0,4,6,54
61005,0.4.6,0,4,6,54
61006,0.4.6,0,4,6,54
61007,0.4.6,0,4,6,54
61008,0.9.0,0,9,0,108
61009,0.4.6,0,4,6,54
61010,0.4.6,0,4,6,54
61011,0.4.6,0,4,6,54
61012,0.4.6,0,4,6,54
61013,0.4.6,0,4,6,54
61014,0.4.6,0,4,6,54
61015,0.4.6,0,4,6,54
61016,0.4.6,0,4,6,54
61017,0.0.6,0,0,6,6
61018,0.4.6,0,4,6,54
61019,0.0.6,0,0,6,6
61020,0.4.6,0,4,6,54
61021,0.13.4,0,13,4,160
61022,0.4.6,0,4,6,54
61023,0.4.6,0,4,6,54
61024,0.0.6,0,0,6,6
61025,0.10.8,0,10,8,128
61026,0.4.6,0,4,6,54
61027,0.2.6,0,2,6,30
61028,0.9.0,0,9,0,108
61029,0.4.6,0,4,6,54
61030,0.4.6,0,4,6,54
61031,0.9.0,0,9,0,108
61032,0.4.6,0,4,6,54
61033,0.4.6,0,4,6,54
61034,0.2.6,0,2,6,30
61035,0.4.6,0,4,6,54
61036,0.4.6,0,4,6,54
61037,0.4.6,0,4,6,54
61038,0.2.6,0,2,6,30
61039,0.4.6,0,4,6,54
61040,0.4.6,0,4,6,54
61041,0.4.6,0,4,6,54
61042,0.2.6,0,2,6,30
61043,0.4.6,0,4,6,54
61044,0.4.6,0,4,6,54
61045,0.4.6,0,4,6,54
61046,0.4.6,0,4,6,54
61047,0.4.6,0,4,6,54
61048,0.2.6,0,2,6,30
61049,0.2.6,0,2,6,30
61050,0.4.6,0,4,6,54
61051,0.4.6,0,4,6,54
61052,0.9.0,0,9,0,108
61053,0.2.6,0,2,6,30
61054,0.4.6,0,4,6,54
61055,0.9.0,0,9,0,108
61056,0.2.6,0,2,6,30
61057,0.4.6,0,4,6,54
61058,0.4.6,0,4,6,54
61059,0.9.0,0,9,0,108
61060,0.9.0,0,9,0,108
61061,0.0.6,0,0,6,6
61062,0.0.6,0,0,6,6
61063,0.4.6,0,4,6,54
61064,0.4.6,0,4,6,54
61065,0.4.6,0,4,6,54
61066,0.0.6,0,0,6,6
61067,0.0.6,0,0,6,6
61068,0.4.6,0,4,6,54
61069,0.4.6,0,4,6,54
61070,0.9.0,0,9,0,108
61071,0.9.0,0,9,0,108
61072,0.4.6,0,4,6,54
61073,0.4.6,0,4,6,54
61074,0.4.6,0,4,6,54
61075,0.2.6,0,2,6,30
61076,0.0.6,0,0,6,6
61077,0.4.6,0,4,6,54
61078,0.2.6,0,2,6,30
61079,0.9.0,0,9,0,108
61080,0.4.6,0,4,6,54
61081,0.4.6,0,4,6,54
61082,0.4.6,0,4,6,54
61083,0.4.6,0,4,6,54
61084,0.0.6,0,0,6,6
61085,0.4.6,0,4,6,54
61086,0.4.6,0,4,6,54
61087,0.4.6,0,4,6,54
61088,0.4.6,0,4,6,54
61089,0.4.6,0,4,6,54
61090,0.9.0,0,9,0,108
61091,0.0.6,0,0,6,6
61092,0.2.6,0,2,6,30
61093,0.4.6,0,4,6,54
61094,0.13.4,0,13,4,160
61095,0.4.6,0,4,6,54
61096,0.4.6,0,4,6,54
61097,0.4.6,0,4,6,54
61098,0.2.6,0,2,6,30
61099,0.4.6,0,4,6,54
61100,0.4.6,0,4,6,54
61101,0.4.6,0,4,6,54
61102,0.9.0,0,9,0,108
61103,0.4.6,0,4,6,54
61104,0.0.6,0,0,6,6
61105,0.4.6,0,4,6,54
61106,0.4.6,0,4,6,54
61107,0.4.6,0,4,6,54
61108,0.4.6,0,4,6,54
61109,0.4.6,0,4,6,54
61110,0.4.6,0,4,6,54
61111,0.4.6,0,4,6,54
61112,0.4.6,0,4,6,54
61113,0.4.6,0,4,6,54
61114,0.10.8,0,10,8,128
61115,0.9.0,0,9,0,108
61116,0.4.6,0,4,6,54
61117,0.4.6,0,4,6,54
61118,0.4.6,0,4,6,54
61119,0.0.6,0,0,6,6
61120,0.4.6,0,4,6,54
61121,0.9.0,0,9,0,108
61122,0.4.6,0,4,6,54
61123,0.13.4,0,13,4,160
61124,0.0.6,0,0,6,6
61125,0.4.6,0,4,6,54
61126,0.4.6,0,4,6,54
61127,0.0.6,0,0,6,6
61128,0.4.6,0,4,6,54
61129,0.4.6,0,4,6,54
61130,0.4.6,0,4,6,54
61131,0.0.6,0,0,6,6
61132,0.4.6,0,4,6,54
61133,0.4.6,0,4,6,54
61134,0.2.6,0,2,6,30
61135,0.4.6,0,4,6,54
61136,0.4.6,0,4,6,54
61137,0.9.0,0,9,0,108
61138,0.4.6,0,4,6,54
61139,0.4.6,0,4,6,54
61140,0.4.6,0,4,6,54
61141,0.0.6,0,0,6,6
61142,0.0.6,0,0,6,6
61143,0.4.6,0,4,6,54
61144,0.4.6,0,4,6,54
61145,0.2.6,0,2,6,30
61146,0.4.6,0,4,6,54
61147,0.4.6,0,4,6,54
61148,0.0.6,0,0,6,6
61149,0.4.6,0,4,6,54
61150,0.13.4,0,13,4,160
61151,0.4.6,0,4,6,54
61152,0.0.6,0,0,6,6
61153,0.9.0,0,9,0,108
61154,0.4.6,0,4,6,54
61155,0.0.6,0,0,6,6
61156,0.0.6,0,0,6,6
61157,0.0.6,0,0,6,6
61158,0.4.6,0,4,6,54
61159,0.0.6,0,0,6,6
61160,0.4.6,0,4,6,54
61161,0.9.0,0,9,0,108
61162,0.0.6,0,0,6,6
61163,0.0.6,0,0,6,6
61164,0.2.6,0,2,6,30
61165,0.4.6,0,4,6,54
61166,0.9.0,0,9,0,108
61167,0.4.6,0,4,6,54
61168,0.4.6,0,4,6,54
61169,0.9.0,0,9,0,108
61170,0.2.0,0,2,0,24
61171,0.0.6,0,0,6,6
61172,0.0.6,0,0,6,6
61173,0.4.6,0,4,6,54
61174,0.2.6,0,2,6,30
61175,0.4.6,0,4,6,54
61176,0.4.6,0,4,6,54
61177,0.0.6,0,0,6,6
61178,0.2.6,0,2,6,30
61179,0.4.6,0,4,6,54
61180,0.4.6,0,4,6,54
61181,0.4.6,0,4,6,54
61182,0.9.0,0,9,0,108
61183,0.9.0,0,9,0,108
61184,0.0.6,0,0,6,6
61185,0.4.6,0,4,6,54
61186,0.4.6,0,4,6,54
61187,0.2.6,0,2,6,30
61188,0.0.6,0,0,6,6
61189,0.4.6,0,4,6,54
61190,0.4.6,0,4,6,54
61191,0.4.6,0,4,6,54
61192,0.2.6,0,2,6,30
61193,0.2.6,0,2,6,30
61194,0.2.6,0,2,6,30
61195,0.0.6,0,0,6,6
61196,0.4.6,0,4,6,54
61197,0.4.6,0,4,6,54
61198,0.0.6,0,0,6,6
61199,0.2.6,0,2,6,30
61200,0.4.6,0,4,6,54
61201,0.4.6,0,4,6,54
61202,0.4.6,0,4,6,54
61203,0.2.6,0,2,6,30
61204,0.0.6,0,0,6,6
61205,0.2.6,0,2,6,30
61206,0.0.6,0,0,6,6
61207,0.0.6,0,0,6,6
61208,0.4.6,0,4,6,54
61209,0.4.6,0,4,6,54
61210,0.4.6,0,4,6,54
61211,0.0.6,0,0,6,6
61212,0.4.6,0,4,6,54
61213,0.0.6,0,0,6,6
61214,0.0.6,0,0,6,6
61215,0.9.0,0,9,0,108
61216,0.0.6,0,0,6,6
61217,0.4.6,0,4,6,54
61218,0.2.6,0,2,6,30
61219,0.4.6,0,4,6,54
61220,0.4.6,0,4,6,54
61221,0.4.6,0,4,6,54
61222,0.4.6,0,4,6,54
61223,0.9.0,0,9,0,108
61224,0.4.6,0,4,6,54
61225,0.0.6,0,0,6,6
61226,0.0.6,0,0,6,6
61227,0.4.6,0,4,6,54
61228,0.6.8,0,6,8,80
61229,0.2.6,0,2,6,30
61230,0.4.6,0,4,6,54
61231,0.4.6,0,4,6,54
61232,0.9.0,0,9,0,108
61233,0.0.6,0,0,6,6
61234,0.4.6,0,4,6,54
61235,0.4.6,0,4,6,54
61236,0.4.6,0,4,6,54
61237,0.4.6,0,4,6,54
61238,0.0.6,0,0,6,6
61239,0.4.6,0,4,6,54
61240,0.4.6,0,4,6,54
61241,0.9.0,0,9,0,108
61242,0.4.6,0,4,6,54
61243,0.2.6,0,2,6,30
61244,0.13.4,0,13,4,160
61245,0.4.6,0,4,6,54
61246,0.0.6,0,0,6,6
61247,0.0.6,0,0,6,6
61248,0.9.0,0,9,0,108
61249,0.4.6,0,4,6,54
61250,0.9.0,0,9,0,108
61251,0.4.6,0,4,6,54
61252,0.0.6,0,0,6,6
61253,0.4.6,0,4,6,54
61254,0.4.6,0,4,6,54
61255,0.9.0,0,9,0,108
61256,0.4.6,0,4,6,54
61257,0.4.6,0,4,6,54
61258,0.4.6,0,4,6,54
61259,0.4.6,0,4,6,54
61260,0.0.6,0,0,6,6
61261,0.2.6,0,2,6,30
61262,0.13.4,0,13,4,160
61263,0.2.6,0,2,6,30
61264,0.0.6,0,0,6,6
61265,0.13.4,0,13,4,160
61266,0.4.6,0,4,6,54
61267,0.4.6,0,4,6,54
61268,0.0.6,0,0,6,6
61269,0.2.6,0,2,6,30
61270,0.4.6,0,4,6,54
61271,0.4.6,0,4,6,54
61272,0.4.6,0,4,6,54
61273,0.4.6,0,4,6,54
61274,0.2.6,0,2,6,30
61275,0.4.6,0,4,6,54
61276,0.4.6,0,4,6,54
61277,0.4.6,0,4,6,54
61278,0.4.6,0,4,6,54
61279,0.4.6,0,4,6,54
61280,0.9.0,0,9,0,108
61281,0.4.6,0,4,6,54
61282,0.4.6,0,4,6,54
61283,0.0.6,0,0,6,6
61284,0.4.6,0,4,6,54
61285,0.4.6,0,4,6,54
61286,0.9.0,0,9,0,108
61287,0.4.6,0,4,6,54
61288,0.4.6,0,4,6,54
61289,0.2.6,0,2,6,30
61290,0.4.6,0,4,6,54
61291,0.2.6,0,2,6,30
61292,0.4.6,0,4,6,54
61293,0.2.6,0,2,6,30
61294,0.4.6,0,4,6,54
61295,0.4.6,0,4,6,54
61296,0.4.6,0,4,6,54
61297,0.0.6,0,0,6,6
61298,0.0.6,0,0,6,6
61299,0.0.6,0,0,6,6
61300,0.0.6,0,0,6,6
61301,0.4.6,0,4,6,54
61302,0.0.6,0,0,6,6
61303,0.4.6,0,4,6,54
61304,0.2.6,0,2,6,30
61305,0.4.6,0,4,6,54
61306,0.4.6,0,4,6,54
61307,0.4.6,0,4,6,54
61308,0.4.6,0,4,6,54
61309,0.4.6,0,4,6,54
61310,0.4.6,0,4,6,54
61311,0.2.6,0,2,6,30
61312,0.2.6,0,2,6,30
61313,0.13.4,0,13,4,160
61314,0.4.6,0,4,6,54
61315,0.10.8,0,10,8,128
61316,0.9.0,0,9,0,108
61317,0.4.6,0,4,6,54
61318,0.4.6,0,4,6,54
61319,0.4.6,0,4,6,54
61320,0.2.6,0,2,6,30
61321,0.4.6,0,4,6,54
61322,0.4.6,0,4,6,54
61323,0.2.6,0,2,6,30
61324,0.4.6,0,4,6,54
61325,0.4.6,0,4,6,54
61326,0.4.6,0,4,6,54
61327,0.2.6,0,2,6,30
61328,0.9.0,0,9,0,108
61329,0.0.6,0,0,6,6
61330,0.4.6,0,4,6,54
61331,0.2.6,0,2,6,30
61332,0.4.6,0,4,6,54
61333,0.4.6,0,4,6,54
61334,0.4.6,0,4,6,54
61335,0.4.6,0,4,6,54
61336,0.10.8,0,10,8,128
61337,0.4.6,0,4,6,54
61338,0.4.6,0,4,6,54
61339,0.10.8,0,10,8,128
61340,0.4.6,0,4,6,54
61341,0.2.6,0,2,6,30
61342,0.4.6,0,4,6,54
61343,0.4.6,0,4,6,54
61344,0.9.0,0,9,0,108
61345,0.2.6,0,2,6,30
61346,0.4.6,0,4,6,54
61347,0.2.6,0,2,6,30
61348,0.9.0,0,9,0,108
61349,0.0.6,0,0,6,6
61350,0.6.8,0,6,8,80
61351,0.9.0,0,9,0,108
61352,0.10.8,0,10,8,128
61353,0.4.6,0,4,6,54
61354,0.0.6,0,0,6,6
61355,0.0.6,0,0,6,6
61356,0.0.6,0,0,6,6
61357,0.4.6,0,4,6,54
61358,0.4.6,0,4,6,54
61359,0.10.8,0,10,8,128
61360,0.9.0,0,9,0,108
61361,0.2.6,0,2,6,30
61362,0.4.6,0,4,6,54
61363,0.9.0,0,9,0,108
61364,0.4.6,0,4,6,54
61365,0.4.6,0,4,6,54
61366,0.4.6,0,4,6,54
61367,0.0.6,0,0,6,6
61368,0.0.6,0,0,6,6
61369,0.4.6,0,4,6,54
61370,0.2.6,0,2,6,30
61371,0.4.6,0,4,6,54
61372,0.0.6,0,0,6,6
61373,0.4.6,0,4,6,54
61374,0.2.6,0,2,6,30
61375,0.4.6,0,4,6,54
61376,0.4.6,0,4,6,54
61377,0.4.6,0,4,6,54
61378,0.4.6,0,4,6,54
61379,0.4.6,0,4,6,54
61380,0.4.6,0,4,6,54
61381,0.4.6,0,4,6,54
61382,0.0.6,0,0,6,6
61383,0.4.6,0,4,6,54
61384,0.4.6,0,4,6,54
61385,0.4.6,0,4,6,54
61386,0.4.6,0,4,6,54
61387,0.9.0,0,9,0,108
61388,0.4.6,0,4,6,54
61389,0.4.6,0,4,6,54
61390,0.4.6,0,4,6,54
61391,0.4.6,0,4,6,54
61392,0.0.6,0,0,6,6
61393,0.0.6,0,0,6,6
61394,0.2.6,0,2,6,30
61395,0.4.6,0,4,6,54
61396,0.4.6,0,4,6,54
61397,0.4.6,0,4,6,54
61398,0.4.6,0,4,6,54
61399,0.4.6,0,4,6,54
61400,0.4.6,0,4,6,54
61401,0.4.6,0,4,6,54
61402,0.2.6,0,2,6,30
61403,0.4.6,0,4,6,54
61404,0.4.6,0,4,6,54
61405,0.2.6,0,2,6,30
61406,0.4.6,0,4,6,54
61407,0.4.6,0,4,6,54
61408,0.4.6,0,4,6,54
61409,0.4.6,0,4,6,54
61410,0.4.6,0,4,6,54
61411,0.4.6,0,4,6,54
61412,0.2.6,0,2,6,30
61413,0.0.6,0,0,6,6
61414,0.0.6,0,0,6,6
61415,0.2.6,0,2,6,30
61416,0.4.6,0,4,6,54
61417,0.4.6,0,4,6,54
61418,0.4.6,0,4,6,54
61419,0.4.6,0,4,6,54
61420,0.13.4,0,13,4,160
61421,0.9.0,0,9,0,108
61422,0.0.6,0,0,6,6
61423,0.4.6,0,4,6,54
61424,0.2.6,0,2,6,30
61425,0.4.6,0,4,6,54
61426,0.2.6,0,2,6,30
61427,0.9.0,0,9,0,108
61428,0.4.6,0,4,6,54
61429,0.9.0,0,9,0,108
61430,0.4.6,0,4,6,54
61431,0.4.6,0,4,6,54
61432,0.2.6,0,2,6,30
61433,0.4.6,0,4,6,54
61434,0.13.4,0,13,4,160
61435,0.2.6,0,2,6,30
61436,0.9.0,0,9,0,108
61437,0.4.6,0,4,6,54
61438,0.2.6,0,2,6,30
61439,0.13.4,0,13,4,160
61440,0.0.6,0,0,6,6
61441,0.2.6,0,2,6,30
61442,0.4.6,0,4,6,54
61443,1.5.4,1,5,4,304
61444,0.4.6,0,4,6,54
61445,0.4.6,0,4,6,54
61446,0.4.6,0,4,6,54
61447,0.2.6,0,2,6,30
61448,0.4.6,0,4,6,54
61449,0.4.6,0,4,6,54
61450,0.4.6,0,4,6,54
61451,0.4.6,0,4,6,54
61452,0.0.6,0,0,6,6
61453,0.4.6,0,4,6,54
61454,0.4.6,0,4,6,54
61455,0.4.6,0,4,6,54
61456,0.4.6,0,4,6,54
61457,0.0.6,0,0,6,6
61458,0.4.6,0,4,6,54
61459,0.4.6,0,4,6,54
61460,0.4.6,0,4,6,54
61461,0.4.6,0,4,6,54
61462,0.13.4,0,13,4,160
61463,0.4.6,0,4,6,54
61464,0.4.6,0,4,6,54
61465,0.4.6,0,4,6,54
61466,0.2.6,0,2,6,30
61467,0.4.6,0,4,6,54
61468,0.4.6,0,4,6,54
61469,0.4.6,0,4,6,54
61470,0.4.6,0,4,6,54
61471,0.4.6,0,4,6,54
61472,0.4.6,0,4,6,54
61473,0.4.6,0,4,6,54
61474,0.4.6,0,4,6,54
61475,0.4.6,0,4,6,54
61476,0.4.6,0,4,6,54
61477,0.2.6,0,2,6,30
61478,0.9.0,0,9,0,108
61479,0.4.6,0,4,6,54
61480,0.9.0,0,9,0,108
61481,0.4.6,0,4,6,54
61482,0.4.6,0,4,6,54
61483,0.4.6,0,4,6,54
61484,0.4.6,0,4,6,54
61485,0.4.6,0,4,6,54
61486,0.0.6,0,0,6,6
61487,0.2.6,0,2,6,30
61488,0.4.6,0,4,6,54
61489,0.4.6,0,4,6,54
61490,0.10.8,0,10,8,128
61491,0.4.6,0,4,6,54
61492,0.4.6,0,4,6,54
61493,0.4.6,0,4,6,54
61494,0.0.6,0,0,6,6
61495,0.4.6,0,4,6,54
61496,0.4.6,0,4,6,54
61497,0.4.6,0,4,6,54
61498,0.2.6,0,2,6,30
61499,0.0.6,0,0,6,6
61500,0.2.6,0,2,6,30
61501,0.4.6,0,4,6,54
61502,0.4.6,0,4,6,54
61503,0.4.6,0,4,6,54
61504,0.4.6,0,4,6,54
61505,0.4.6,0,4,6,54
61506,0.4.6,0,4,6,54
61507,0.4.6,0,4,6,54
61508,0.4.6,0,4,6,54
61509,0.4.6,0,4,6,54
61510,0.2.6,0,2,6,30
61511,0.4.6,0,4,6,54
61512,0.9.0,0,9,0,108
61513,0.4.6,0,4,6,54
61514,0.4.6,0,4,6,54
61515,0.4.6,0,4,6,54
61516,0.0.6,0,0,6,6
61517,0.9.0,0,9,0,108
61518,0.4.6,0,4,6,54
61519,0.4.6,0,4,6,54
61520,0.9.0,0,9,0,108
61521,0.4.6,0,4,6,54
61522,0.4.6,0,4,6,54
61523,0.4.6,0,4,6,54
61524,0.4.6,0,4,6,54
61525,0.4.6,0,4,6,54
61526,0.4.6,0,4,6,54
61527,0.4.6,0,4,6,54
61528,0.0.6,0,0,6,6
61529,0.0.6,0,0,6,6
61530,0.4.6,0,4,6,54
61531,0.0.6,0,0,6,6
61532,0.0.6,0,0,6,6
61533,0.4.6,0,4,6,54
61534,0.4.6,0,4,6,54
61535,0.2.6,0,2,6,30
61536,0.2.6,0,2,6,30
61537,0.4.6,0,4,6,54
61538,0.0.6,0,0,6,6
61539,0.4.6,0,4,6,54
61540,0.0.6,0,0,6,6
61541,0.0.6,0,0,6,6
61542,0.0.6,0,0,6,6
61543,0.0.6,0,0,6,6
61544,0.2.6,0,2,6,30
61545,0.4.6,0,4,6,54
61546,0.4.6,0,4,6,54
61547,0.4.6,0,4,6,54
61548,0.4.6,0,4,6,54
61549,0.4.6,0,4,6,54
61550,0.4.6,0,4,6,54
61551,0.4.6,0,4,6,54
61552,0.2.6,0,2,6,30
61553,0.4.6,0,4,6,54
61554,0.4.6,0,4,6,54
61555,0.4.6,0,4,6,54
61556,0.2.6,0,2,6,30
61557,0.4.6,0,4,6,54
61558,0.4.6,0,4,6,54
61559,0.0.6,0,0,6,6
61560,0.4.6,0,4,6,54
61561,0.4.6,0,4,6,54
61562,0.4.6,0,4,6,54
61563,0.4.6,0,4,6,54
61564,0.4.6,0,4,6,54
61565,0.2.6,0,2,6,30
61566,0.4.6,0,4,6,54
61567,0.4.6,0,4,6,54
61568,0.4.6,0,4,6,54
61569,0.4.6,0,4,6,54
61570,0.0.6,0,0,6,6
61571,0.4.6,0,4,6,54
61572,0.4.6,0,4,6,54
61573,0.0.6,0,0,6,6
61574,0.4.6,0,4,6,54
61575,0.0.6,0,0,6,6
61576,0.4.6,0,4,6,54
61577,0.4.6,0,4,6,54
61578,0.4.6,0,4,6,54
61579,0.0.6,0,0,6,6
61580,0.4.6,0,4,6,54
61581,0.4.6,0,4,6,54
61582,0.2.6,0,2,6,30
61583,0.4.6,0,4,6,54
61584,0.4.6,0,4,6,54
61585,0.4.6,0,4,6,54
61586,0.4.6,0,4,6,54
61587,0.4.6,0,4,6,54
61588,0.9.0,0,9,0,108
61589,0.4.6,0,4,6,54
61590,0.4.6,0,4,6,54
61591,0.4.6,0,4,6,54
61592,0.4.6,0,4,6,54
61593,0.4.6,0,4,6,54
61594,0.4.6,0,4,6,54
61595,0.4.6,0,4,6,54
61596,0.2.6,0,2,6,30
61597,0.0.6,0,0,6,6
61598,0.4.6,0,4,6,54
61599,0.4.6,0,4,6,54
61600,0.4.6,0,4,6,54
61601,0.2.6,0,2,6,30
61602,0.4.6,0,4,6,54
61603,0.4.6,0,4,6,54
61604,0.4.6,0,4,6,54
61605,0.4.6,0,4,6,54
61606,0.0.6,0,0,6,6
61607,0.4.6,0,4,6,54
61608,0.4.6,0,4,6,54
61609,0.4.6,0,4,6,54
61610,0.4.6,0,4,6,54
61611,0.4.6,0,4,6,54
61612,0.4.6,0,4,6,54
61613,0.4.6,0,4,6,54
61614,0.4.6,0,4,6,54
61615,0.4.6,0,4,6,54
61616,0.10.8,0,10,8,128
61617,0.4.6,0,4,6,54
61618,0.4.6,0,4,6,54
61619,0.4.6,0,4,6,54
61620,0.2.6,0,2,6,30
61621,0.4.6,0,4,6,54
61622,0.0.6,0,0,6,6
61623,0.0.6,0,0,6,6
61624,0.9.0,0,9,0,108
61625,0.4.6,0,4,6,54
61626,0.4.6,0,4,6,54
61627,0.14.8,0,14,8,176
61628,0.4.6,0,4,6,54
61629,0.4.6,0,4,6,54
61630,0.4.6,0,4,6,54
61631,0.4.6,0,4,6,54
61632,0.4.6,0,4,6,54
61633,0.4.6,0,4,6,54
61634,0.0.6,0,0,6,6
61635,0.2.6,0,2,6,30
61636,0.4.6,0,4,6,54
61637,0.4.6,0,4,6,54
61638,0.0.6,0,0,6,6
61639,0.5.0,0,5,0,60
61640,0.9.0,0,9,0,108
61641,0.4.6,0,4,6,54
61642,0.4.6,0,4,6,54
61643,0.4.6,0,4,6,54
61644,0.4.6,0,4,6,54
61645,0.9.0,0,9,0,108
61646,0.4.6,0,4,6,54
61647,0.0.6,0,0,6,6
61648,0.4.6,0,4,6,54
61649,0.4.6,0,4,6,54
61650,0.2.6,0,2,6,30
61651,0.2.6,0,2,6,30
61652,0.4.6,0,4,6,54
61653,0.0.6,0,0,6,6
61654,0.4.6,0,4,6,54
61655,0.4.6,0,4,6,54
61656,0.2.6,0,2,6,30
61657,0.4.6,0,4,6,54
61658,0.0.6,0,0,6,6
61659,0.4.6,0,4,6,54
61660,0.4.6,0,4,6,54
61661,0.10.8,0,10,8,128
61662,0.4.6,0,4,6,54
61663,0.4.6,0,4,6,54
61664,0.13.4,0,13,4,160
61665,0.4.6,0,4,6,54
61666,0.4.6,0,4,6,54
61667,0.4.6,0,4,6,54
61668,0.4.6,0,4,6,54
61669,0.9.2,0,9,2,110
61670,0.2.6,0,2,6,30
61671,0.9.0,0,9,0,108
61672,0.4.6,0,4,6,54
61673,0.2.6,0,2,6,30
61674,0.2.6,0,2,6,30
61675,0.4.6,0,4,6,54
61676,0.0.6,0,0,6,6
61677,0.4.6,0,4,6,54
61678,0.4.6,0,4,6,54
61679,0.4.6,0,4,6,54
61680,0.9.0,0,9,0,108
61681,0.2.6,0,2,6,30
61682,0.9.0,0,9,0,108
61683,0.4.6,0,4,6,54
61684,0.2.6,0,2,6,30
61685,0.9.0,0,9,0,108
61686,0.9.0,0,9,0,108
61687,0.4.6,0,4,6,54
61688,0.4.6,0,4,6,54
61689,0.4.6,0,4,6,54
61690,0.4.6,0,4,6,54
61691,0.4.6,0,4,6,54
61692,0.4.6,0,4,6,54
61693,0.4.6,0,4,6,54
61694,0.4.6,0,4,6,54
61695,0.4.6,0,4,6,54
61696,0.4.6,0,4,6,54
61697,0.4.6,0,4,6,54
61698,0.2.6,0,2,6,30
61699,0.13.4,0,13,4,160
61700,0.4.6,0,4,6,54
61701,0.9.0,0,9,0,108
61702,0.9.0,0,9,0,108
61703,0.4.6,0,4,6,54
61704,0.9.0,0,9,0,108
61705,0.4.6,0,4,6,54
61706,0.5.0,0,5,0,60
61707,0.14.8,0,14,8,176
61708,0.9.0,0,9,0,108
61709,0.4.6,0,4,6,54
61710,0.2.6,0,2,6,30
61711,0.4.6,0,4,6,54
61712,0.4.6,0,4,6,54
61713,0.9.0,0,9,0,108
61714,0.4.6,0,4,6,54
61715,0.2.6,0,2,6,30
61716,0.4.6,0,4,6,54
61717,0.4.6,0,4,6,54
61718,0.4.6,0,4,6,54
61719,0.4.6,0,4,6,54
61720,0.4.6,0,4,6,54
61721,0.4.6,0,4,6,54
61722,0.4.6,0,4,6,54
61723,0.4.6,0,4,6,54
61724,0.4.6,0,4,6,54
61725,0.4.6,0,4,6,54
61726,0.4.6,0,4,6,54
61727,0.4.6,0,4,6,54
61728,0.0.6,0,0,6,6
61729,0.4.6,0,4,6,54
61730,0.4.6,0,4,6,54
61731,0.4.6,0,4,6,54
61732,0.4.6,0,4,6,54
61733,0.4.6,0,4,6,54
61734,0.4.6,0,4,6,54
61735,0.4.6,0,4,6,54
61736,0.0.6,0,0,6,6
61737,0.0.6,0,0,6,6
61738,0.4.6,0,4,6,54
61739,0.4.6,0,4,6,54
61740,0.4.6,0,4,6,54
61741,0.2.6,0,2,6,30
61742,0.4.6,0,4,6,54
61743,0.4.6,0,4,6,54
61744,0.0.6,0,0,6,6
61745,0.9.0,0,9,0,108
61746,0.4.6,0,4,6,54
61747,0.0.6,0,0,6,6
61748,0.4.6,0,4,6,54
61749,0.0.6,0,0,6,6
61750,0.4.6,0,4,6,54
61751,0.4.6,0,4,6,54
61752,0.9.0,0,9,0,108
61753,0.4.6,0,4,6,54
61754,0.9.0,0,9,0,108
61755,0.4.6,0,4,6,54
61756,0.0.6,0,0,6,6
61757,0.4.6,0,4,6,54
61758,0.9.0,0,9,0,108
61759,0.4.6,0,4,6,54
61760,0.4.6,0,4,6,54
61761,0.2.6,0,2,6,30
61762,0.4.6,0,4,6,54
61763,0.4.6,0,4,6,54
61764,0.4.6,0,4,6,54
61765,0.9.0,0,9,0,108
61766,0.4.6,0,4,6,54
61767,0.9.0,0,9,0,108
61768,0.4.6,0,4,6,54
61769,0.4.6,0,4,6,54
61770,0.4.6,0,4,6,54
61771,0.4.6,0,4,6,54
61772,0.4.6,0,4,6,54
61773,0.4.6,0,4,6,54
61774,0.4.6,0,4,6,54
61775,0.4.6,0,4,6,54
61776,0.4.6,0,4,6,54
61777,0.9.0,0,9,0,108
61778,0.4.6,0,4,6,54
61779,0.4.6,0,4,6,54
61780,0.4.6,0,4,6,54
61781,0.4.6,0,4,6,54
61782,0.4.6,0,4,6,54
61784,0.9.0,0,9,0,108
61785,0.4.6,0,4,6,54
61786,0.4.6,0,4,6,54
61787,0.9.0,0,9,0,108
61788,0.4.6,0,4,6,54
61789,0.0.6,0,0,6,6
61790,0.0.6,0,0,6,6
61791,0.4.6,0,4,6,54
61792,0.9.0,0,9,0,108
61793,0.2.6,0,2,6,30
61794,0.4.6,0,4,6,54
61795,0.4.6,0,4,6,54
61796,0.4.6,0,4,6,54
61797,0.4.6,0,4,6,54
61798,0.4.6,0,4,6,54
61799,0.4.6,0,4,6,54
61800,0.4.6,0,4,6,54
61801,0.4.6,0,4,6,54
61802,0.9.0,0,9,0,108
61803,0.4.6,0,4,6,54
61804,0.9.0,0,9,0,108
61805,0.0.6,0,0,6,6
61806,0.2.6,0,2,6,30
61807,0.4.6,0,4,6,54
61808,0.4.6,0,4,6,54
61809,0.4.6,0,4,6,54
61810,0.4.6,0,4,6,54
61811,0.4.6,0,4,6,54
61812,0.4.6,0,4,6,54
61813,0.4.6,0,4,6,54
61814,0.4.6,0,4,6,54
61815,0.4.6,0,4,6,54
61816,0.2.6,0,2,6,30
61817,0.4.6,0,4,6,54
61818,0.4.6,0,4,6,54
61819,0.9.0,0,9,0,108
61820,0.4.6,0,4,6,54
61821,0.4.6,0,4,6,54
61822,0.9.0,0,9,0,108
61823,0.0.6,0,0,6,6
61824,0.4.6,0,4,6,54
61825,0.0.6,0,0,6,6
61826,0.4.6,0,4,6,54
61827,0.4.6,0,4,6,54
61828,0.0.6,0,0,6,6
61829,0.13.4,0,13,4,160
61830,0.4.6,0,4,6,54
61831,0.4.6,0,4,6,54
61832,0.4.6,0,4,6,54
61833,0.4.6,0,4,6,54
61834,0.0.6,0,0,6,6
61835,0.4.6,0,4,6,54
61836,0.4.6,0,4,6,54
61837,0.2.6,0,2,6,30
61838,0.4.6,0,4,6,54
61839,0.4.6,0,4,6,54
61840,0.4.6,0,4,6,54
61841,0.4.6,0,4,6,54
61842,0.4.6,0,4,6,54
61843,0.2.6,0,2,6,30
61844,0.2.6,0,2,6,30
61845,0.4.6,0,4,6,54
61846,0.4.6,0,4,6,54
61847,0.14.8,0,14,8,176
61848,0.0.6,0,0,6,6
61849,0.9.0,0,9,0,108
61850,0.6.8,0,6,8,80
61851,0.4.6,0,4,6,54
61852,0.9.0,0,9,0,108
61853,0.4.6,0,4,6,54
61854,0.4.6,0,4,6,54
61855,0.4.6,0,4,6,54
61856,0.4.6,0,4,6,54
61857,0.4.6,0,4,6,54
61858,0.4.6,0,4,6,54
61859,0.4.6,0,4,6,54
61860,0.2.6,0,2,6,30
61861,0.4.6,0,4,6,54
61862,0.4.6,0,4,6,54
61863,0.4.6,0,4,6,54
61864,0.0.6,0,0,6,6
61865,0.4.6,0,4,6,54
61866,0.4.6,0,4,6,54
61867,0.4.6,0,4,6,54
61868,0.4.6,0,4,6,54
61869,0.4.6,0,4,6,54
61870,0.4.6,0,4,6,54
61871,0.4.6,0,4,6,54
61872,0.2.6,0,2,6,30
61873,0.0.6,0,0,6,6
61874,0.4.6,0,4,6,54
61875,0.4.6,0,4,6,54
61876,0.9.0,0,9,0,108
61877,0.9.0,0,9,0,108
61878,0.4.6,0,4,6,54
61879,0.4.6,0,4,6,54
61880,0.4.6,0,4,6,54
61881,0.4.6,0,4,6,54
61882,0.4.6,0,4,6,54
61883,0.4.6,0,4,6,54
61884,0.4.6,0,4,6,54
61885,0.4.6,0,4,6,54
61886,0.4.6,0,4,6,54
61887,0.0.6,0,0,6,6
61888,0.4.6,0,4,6,54
61889,0.0.6,0,0,6,6
61890,0.4.6,0,4,6,54
61891,0.4.6,0,4,6,54
61892,0.4.6,0,4,6,54
61893,0.4.6,0,4,6,54
61894,0.0.6,0,0,6,6
61895,0.4.6,0,4,6,54
61896,0.4.6,0,4,6,54
61897,0.4.6,0,4,6,54
61898,0.4.6,0,4,6,54
61899,0.4.6,0,4,6,54
61900,0.4.6,0,4,6,54
61901,0.9.0,0,9,0,108
61902,0.0.6,0,0,6,6
61903,0.4.6,0,4,6,54
61904,0.4.6,0,4,6,54
61905,0.4.6,0,4,6,54
61906,0.4.6,0,4,6,54
61907,0.9.0,0,9,0,108
61908,0.4.6,0,4,6,54
61909,0.4.6,0,4,6,54
61910,0.9.0,0,9,0,108
61911,0.4.6,0,4,6,54
61912,0.4.6,0,4,6,54
61913,0.4.6,0,4,6,54
61914,0.4.6,0,4,6,54
61915,0.4.6,0,4,6,54
61916,0.4.6,0,4,6,54
61917,0.4.6,0,4,6,54
61918,0.0.6,0,0,6,6
61919,0.0.6,0,0,6,6
61920,0.4.6,0,4,6,54
61921,0.4.6,0,4,6,54
61922,0.2.6,0,2,6,30
61923,0.4.6,0,4,6,54
61924,0.4.6,0,4,6,54
61925,0.4.6,0,4,6,54
61926,0.10.8,0,10,8,128
61927,0.4.6,0,4,6,54
61928,0.4.6,0,4,6,54
61929,0.9.0,0,9,0,108
61930,0.4.6,0,4,6,54
61931,0.4.6,0,4,6,54
61932,0.4.6,0,4,6,54
61933,0.4.6,0,4,6,54
61934,0.0.6,0,0,6,6
61935,0.4.6,0,4,6,54
61936,0.0.6,0,0,6,6
61937,0.9.0,0,9,0,108
61938,0.4.6,0,4,6,54
61939,0.2.6,0,2,6,30
61940,0.4.6,0,4,6,54
61941,0.4.6,0,4,6,54
61942,0.4.6,0,4,6,54
61943,0.4.6,0,4,6,54
61944,0.4.6,0,4,6,54
61945,0.4.6,0,4,6,54
61946,0.4.6,0,4,6,54
61947,0.13.4,0,13,4,160
61948,0.9.0,0,9,0,108
61949,0.4.6,0,4,6,54
61950,0.4.6,0,4,6,54
61951,0.4.6,0,4,6,54
61952,0.4.6,0,4,6,54
61953,0.4.6,0,4,6,54
61954,0.0.6,0,0,6,6
61955,0.9.0,0,9,0,108
61956,0.4.6,0,4,6,54
61957,0.2.6,0,2,6,30
61958,0.0.6,0,0,6,6
61959,0.4.6,0,4,6,54
61960,0.4.6,0,4,6,54
61961,0.0.6,0,0,6,6
61962,0.4.6,0,4,6,54
61963,0.4.6,0,4,6,54
61964,0.4.6,0,4,6,54
61965,0.2.6,0,2,6,30
61966,0.4.6,0,4,6,54
61967,0.0.6,0,0,6,6
61968,0.4.6,0,4,6,54
61969,0.4.6,0,4,6,54
61970,0.4.6,0,4,6,54
61971,0.9.0,0,9,0,108
61972,0.4.6,0,4,6,54
61973,0.4.6,0,4,6,54
61974,0.4.6,0,4,6,54
61975,0.4.6,0,4,6,54
61976,0.4.6,0,4,6,54
61977,0.4.6,0,4,6,54
61978,0.4.6,0,4,6,54
61979,0.4.6,0,4,6,54
61980,0.4.6,0,4,6,54
61981,0.4.6,0,4,6,54
61982,0.4.6,0,4,6,54
61983,0.4.6,0,4,6,54
61984,0.4.6,0,4,6,54
61985,0.9.0,0,9,0,108
61986,0.4.6,0,4,6,54
61987,0.4.6,0,4,6,54
61988,0.4.6,0,4,6,54
61989,0.9.0,0,9,0,108
61990,0.4.6,0,4,6,54
61991,0.4.6,0,4,6,54
61992,0.9.0,0,9,0,108
61993,0.4.6,0,4,6,54
61994,0.4.6,0,4,6,54
61995,0.4.6,0,4,6,54
61996,0.4.6,0,4,6,54
61997,0.4.6,0,4,6,54
61998,0.4.6,0,4,6,54
61999,0.4.6,0,4,6,54
62000,0.4.6,0,4,6,54
62001,0.4.6,0,4,6,54
62002,0.4.6,0,4,6,54
62003,0.4.6,0,4,6,54
62004,0.0.6,0,0,6,6
62005,0.4.6,0,4,6,54
62006,0.4.6,0,4,6,54
62007,0.4.6,0,4,6,54
62008,0.4.6,0,4,6,54
62009,0.9.0,0,9,0,108
62010,0.9.0,0,9,0,108
62011,0.4.6,0,4,6,54
62012,0.4.6,0,4,6,54
62013,0.10.8,0,10,8,128
62014,0.9.0,0,9,0,108
62015,0.0.6,0,0,6,6
62016,0.4.6,0,4,6,54
62017,0.4.6,0,4,6,54
62018,0.4.6,0,4,6,54
62019,0.4.6,0,4,6,54
62020,0.0.6,0,0,6,6
62021,0.4.6,0,4,6,54
62022,0.4.6,0,4,6,54
62023,0.4.6,0,4,6,54
62024,0.9.0,0,9,0,108
62025,0.2.6,0,2,6,30
62026,0.4.6,0,4,6,54
62027,0.0.6,0,0,6,6
62028,0.4.6,0,4,6,54
62029,0.4.6,0,4,6,54
62030,0.2.6,0,2,6,30
62031,0.4.6,0,4,6,54
62032,0.9.0,0,9,0,108
62033,0.4.6,0,4,6,54
62034,0.4.6,0,4,6,54
62035,0.4.6,0,4,6,54
62036,0.2.6,0,2,6,30
62037,0.4.6,0,4,6,54
62038,0.14.8,0,14,8,176
62039,0.0.6,0,0,6,6
62040,0.4.6,0,4,6,54
62041,0.4.6,0,4,6,54
62042,0.2.6,0,2,6,30
62043,0.4.6,0,4,6,54
62044,0.13.4,0,13,4,160
62045,0.2.6,0,2,6,30
62046,0.4.6,0,4,6,54
62047,0.0.6,0,0,6,6
62048,0.0.6,0,0,6,6
62049,0.4.6,0,4,6,54
62050,0.4.6,0,4,6,54
62051,0.4.6,0,4,6,54
62052,0.0.6,0,0,6,6
62053,0.9.0,0,9,0,108
62054,0.4.6,0,4,6,54
62055,0.2.6,0,2,6,30
62056,0.4.6,0,4,6,54
62057,0.0.6,0,0,6,6
62058,0.4.6,0,4,6,54
62059,0.4.6,0,4,6,54
62060,0.4.6,0,4,6,54
62061,0.4.6,0,4,6,54
62062,0.4.6,0,4,6,54
62063,0.9.0,0,9,0,108
62064,0.2.6,0,2,6,30
62065,0.4.6,0,4,6,54
62066,0.2.6,0,2,6,30
62067,0.2.6,0,2,6,30
62068,0.0.6,0,0,6,6
62069,0.4.6,0,4,6,54
62070,0.4.6,0,4,6,54
62071,0.10.8,0,10,8,128
62072,0.4.6,0,4,6,54
62073,0.4.6,0,4,6,54
62074,0.2.6,0,2,6,30
62075,0.4.6,0,4,6,54
62076,0.4.6,0,4,6,54
62077,0.9.0,0,9,0,108
62078,0.0.6,0,0,6,6
62079,0.4.6,0,4,6,54
62080,0.4.6,0,4,6,54
62081,0.9.0,0,9,0,108
62082,0.4.6,0,4,6,54
62083,0.4.6,0,4,6,54
62084,0.4.6,0,4,6,54
62085,0.0.6,0,0,6,6
62086,0.4.6,0,4,6,54
62087,0.4.6,0,4,6,54
62088,0.4.6,0,4,6,54
62089,0.4.6,0,4,6,54
62090,0.4.6,0,4,6,54
62091,0.4.6,0,4,6,54
62092,0.4.6,0,4,6,54
62093,0.9.0,0,9,0,108
62094,0.13.4,0,13,4,160
62095,0.4.6,0,4,6,54
62096,0.4.6,0,4,6,54
62097,0.4.6,0,4,6,54
62098,0.2.6,0,2,6,30
62099,0.0.6,0,0,6,6
62100,0.2.6,0,2,6,30
62101,0.4.6,0,4,6,54
62102,0.9.0,0,9,0,108
62103,0.4.6,0,4,6,54
62104,0.4.6,0,4,6,54
62105,0.0.6,0,0,6,6
62106,0.4.6,0,4,6,54
62107,0.4.6,0,4,6,54
62108,0.9.0,0,9,0,108
62109,0.4.6,0,4,6,54
62110,0.0.6,0,0,6,6
62111,0.4.6,0,4,6,54
62112,0.0.6,0,0,6,6
62113,0.4.6,0,4,6,54
62114,0.4.6,0,4,6,54
62115,0.4.6,0,4,6,54
62116,0.4.6,0,4,6,54
62117,0.13.4,0,13,4,160
62118,0.4.6,0,4,6,54
62119,0.4.6,0,4,6,54
62120,0.0.6,0,0,6,6
62121,0.4.6,0,4,6,54
62122,0.9.0,0,9,0,108
62123,0.4.6,0,4,6,54
62124,0.9.0,0,9,0,108
62125,0.4.6,0,4,6,54
62126,0.4.6,0,4,6,54
62127,0.4.6,0,4,6,54
62128,0.4.6,0,4,6,54
62129,0.4.6,0,4,6,54
62130,0.0.6,0,0,6,6
62131,0.4.6,0,4,6,54
62132,0.2.6,0,2,6,30
62133,0.0.6,0,0,6,6
62134,0.4.6,0,4,6,54
62135,0.9.0,0,9,0,108
62136,0.2.6,0,2,6,30
62137,0.4.6,0,4,6,54
62138,0.2.6,0,2,6,30
62139,0.4.6,0,4,6,54
62140,0.4.6,0,4,6,54
62141,0.9.0,0,9,0,108
62142,0.4.6,0,4,6,54
62143,0.4.6,0,4,6,54
62144,0.9.0,0,9,0,108
62145,0.2.6,0,2,6,30
62146,0.4.6,0,4,6,54
62147,0.4.6,0,4,6,54
62148,0.4.6,0,4,6,54
62149,0.4.6,0,4,6,54
62150,0.4.6,0,4,6,54
62151,0.4.6,0,4,6,54
62152,0.10.8,0,10,8,128
62153,0.4.6,0,4,6,54
62154,0.4.6,0,4,6,54
62155,0.4.6,0,4,6,54
62156,0.4.6,0,4,6,54
62157,0.4.6,0,4,6,54
62158,0.4.6,0,4,6,54
62159,0.0.6,0,0,6,6
62160,0.4.6,0,4,6,54
62161,0.4.6,0,4,6,54
62162,0.4.6,0,4,6,54
62163,0.4.6,0,4,6,54
62164,0.0.6,0,0,6,6
62165,0.4.6,0,4,6,54
62166,0.14.8,0,14,8,176
62167,0.4.6,0,4,6,54
62168,0.0.6,0,0,6,6
62169,0.4.6,0,4,6,54
62170,0.2.6,0,2,6,30
62171,0.4.6,0,4,6,54
62172,0.4.6,0,4,6,54
62173,0.4.6,0,4,6,54
62174,0.9.0,0,9,0,108
62175,0.4.6,0,4,6,54
62176,0.4.6,0,4,6,54
62177,0.4.6,0,4,6,54
62178,0.9.0,0,9,0,108
62179,0.9.0,0,9,0,108
62180,0.4.6,0,4,6,54
62181,0.4.6,0,4,6,54
62182,0.4.6,0,4,6,54
62183,0.0.6,0,0,6,6
62184,0.0.6,0,0,6,6
62185,0.4.6,0,4,6,54
62186,0.4.6,0,4,6,54
62187,0.4.6,0,4,6,54
62188,0.2.6,0,2,6,30
62189,0.4.6,0,4,6,54
62190,0.4.6,0,4,6,54
62191,0.0.6,0,0,6,6
62192,0.4.6,0,4,6,54
62193,0.4.6,0,4,6,54
62194,0.4.6,0,4,6,54
62195,0.9.0,0,9,0,108
62196,0.4.6,0,4,6,54
62197,0.4.6,0,4,6,54
62198,0.4.6,0,4,6,54
62199,0.2.6,0,2,6,30
62200,0.0.6,0,0,6,6
62201,0.4.6,0,4,6,54
62202,0.4.6,0,4,6,54
62203,0.9.0,0,9,0,108
62204,0.4.6,0,4,6,54
62205,0.4.6,0,4,6,54
62206,0.4.6,0,4,6,54
62207,0.9.0,0,9,0,108
62208,0.4.6,0,4,6,54
62209,0.4.6,0,4,6,54
62210,0.4.6,0,4,6,54
62211,0.4.6,0,4,6,54
62212,0.4.6,0,4,6,54
62213,0.0.6,0,0,6,6
62214,0.0.6,0,0,6,6
62215,0.0.6,0,0,6,6
62216,0.0.6,0,0,6,6
62217,0.4.6,0,4,6,54
62218,0.0.6,0,0,6,6
62219,0.4.6,0,4,6,54
62220,0.0.6,0,0,6,6
62221,0.0.6,0,0,6,6
62222,0.0.6,0,0,6,6
62223,0.2.6,0,2,6,30
62224,0.2.6,0,2,6,30
62225,0.4.6,0,4,6,54
62226,0.4.6,0,4,6,54
62227,0.4.6,0,4,6,54
62228,0.13.4,0,13,4,160
62229,0.4.6,0,4,6,54
62230,0.4.6,0,4,6,54
62231,0.4.6,0,4,6,54
62232,0.4.6,0,4,6,54
62233,0.4.6,0,4,6,54
62234,0.4.6,0,4,6,54
62235,0.0.6,0,0,6,6
62236,0.4.6,0,4,6,54
62237,0.4.6,0,4,6,54
62238,0.2.6,0,2,6,30
62239,0.0.6,0,0,6,6
62240,0.0.6,0,0,6,6
62241,0.14.8,0,14,8,176
62242,0.4.6,0,4,6,54
62243,0.4.6,0,4,6,54
62244,0.0.6,0,0,6,6
62245,0.4.6,0,4,6,54
62246,0.4.6,0,4,6,54
62247,0.4.6,0,4,6,54
62248,0.2.6,0,2,6,30
62249,0.4.6,0,4,6,54
62250,0.4.6,0,4,6,54
62251,0.4.6,0,4,6,54
62252,0.9.0,0,9,0,108
62253,0.4.6,0,4,6,54
62254,0.4.6,0,4,6,54
62255,0.4.6,0,4,6,54
62256,0.4.6,0,4,6,54
62257,0.4.6,0,4,6,54
62258,0.0.6,0,0,6,6
62259,0.4.6,0,4,6,54
62260,0.9.0,0,9,0,108
62261,0.0.6,0,0,6,6
62262,0.4.6,0,4,6,54
62263,0.4.6,0,4,6,54
62264,0.9.0,0,9,0,108
62265,0.4.6,0,4,6,54
62266,0.6.8,0,6,8,80
62267,0.4.6,0,4,6,54
62268,0.4.6,0,4,6,54
62269,0.4.6,0,4,6,54
62270,0.4.6,0,4,6,54
62271,0.9.0,0,9,0,108
62272,0.2.6,0,2,6,30
62273,0.4.6,0,4,6,54
62274,0.9.0,0,9,0,108
62275,0.4.6,0,4,6,54
62276,0.9.0,0,9,0,108
62277,0.4.6,0,4,6,54
62278,0.4.6,0,4,6,54
62279,0.4.6,0,4,6,54
62280,0.4.6,0,4,6,54
62281,0.0.6,0,0,6,6
62282,0.4.6,0,4,6,54
62283,0.4.6,0,4,6,54
62284,0.2.6,0,2,6,30
62285,0.2.6,0,2,6,30
62286,0.4.6,0,4,6,54
62287,0.4.6,0,4,6,54
62288,0.2.6,0,2,6,30
62289,0.4.6,0,4,6,54
62290,0.4.6,0,4,6,54
62291,0.0.6,0,0,6,6
62292,0.9.0,0,9,0,108
62293,0.0.6,0,0,6,6
62294,0.2.6,0,2,6,30
62295,0.0.6,0,0,6,6
62296,0.4.6,0,4,6,54
62297,0.6.8,0,6,8,80
62298,0.4.6,0,4,6,54
62299,0.4.6,0,4,6,54
62300,0.2.6,0,2,6,30
62301,0.2.6,0,2,6,30
62302,0.2.6,0,2,6,30
62303,0.4.6,0,4,6,54
62304,0.4.6,0,4,6,54
62305,0.4.6,0,4,6,54
62306,0.4.6,0,4,6,54
62307,0.4.6,0,4,6,54
62308,0.9.0,0,9,0,108
62309,0.4.6,0,4,6,54
62310,0.13.4,0,13,4,160
62311,0.4.6,0,4,6,54
62312,0.4.6,0,4,6,54
62313,0.4.6,0,4,6,54
62314,0.4.6,0,4,6,54
62315,0.9.0,0,9,0,108
62316,0.0.6,0,0,6,6
62317,0.4.6,0,4,6,54
62318,0.0.6,0,0,6,6
62319,0.4.6,0,4,6,54
62320,0.2.6,0,2,6,30
62321,0.0.6,0,0,6,6
62322,0.2.6,0,2,6,30
62323,0.4.6,0,4,6,54
62324,0.13.4,0,13,4,160
62325,0.2.6,0,2,6,30
62326,0.10.8,0,10,8,128
62327,0.4.6,0,4,6,54
62328,0.0.6,0,0,6,6
62329,0.4.6,0,4,6,54
62330,0.4.6,0,4,6,54
62331,0.4.6,0,4,6,54
62332,0.10.8,0,10,8,128
62333,0.4.6,0,4,6,54
62334,0.9.0,0,9,0,108
62335,0.0.6,0,0,6,6
62336,0.4.6,0,4,6,54
62337,0.4.6,0,4,6,54
62338,0.9.0,0,9,0,108
62339,0.4.6,0,4,6,54
62340,0.4.6,0,4,6,54
62341,0.0.6,0,0,6,6
62342,0.9.0,0,9,0,108
62343,0.4.6,0,4,6,54
62344,0.9.0,0,9,0,108
62345,0.4.6,0,4,6,54
62346,0.4.6,0,4,6,54
62347,0.4.6,0,4,6,54
62348,0.4.6,0,4,6,54
62349,0.2.6,0,2,6,30
62350,0.4.6,0,4,6,54
62351,0.0.6,0,0,6,6
62352,0.0.6,0,0,6,6
62353,0.9.0,0,9,0,108
62354,0.9.0,0,9,0,108
62355,0.9.0,0,9,0,108
62356,0.4.6,0,4,6,54
62357,0.4.6,0,4,6,54
62358,0.4.6,0,4,6,54
62359,0.4.6,0,4,6,54
62360,0.2.6,0,2,6,30
62361,0.9.0,0,9,0,108
62362,0.0.6,0,0,6,6
62363,0.14.8,0,14,8,176
62364,0.0.6,0,0,6,6
62365,0.0.6,0,0,6,6
62366,0.4.6,0,4,6,54
62367,0.4.6,0,4,6,54
62368,0.4.6,0,4,6,54
62369,0.4.6,0,4,6,54
62370,0.4.6,0,4,6,54
62371,0.2.6,0,2,6,30
62372,0.4.6,0,4,6,54
62373,0.4.6,0,4,6,54
62374,0.4.6,0,4,6,54
62375,0.4.6,0,4,6,54
62376,0.4.6,0,4,6,54
62377,0.0.6,0,0,6,6
62378,0.4.6,0,4,6,54
62379,0.2.6,0,2,6,30
62380,0.4.6,0,4,6,54
62381,0.4.6,0,4,6,54
62382,0.10.8,0,10,8,128
62383,0.4.6,0,4,6,54
62384,0.9.0,0,9,0,108
62385,0.0.6,0,0,6,6
62386,0.4.6,0,4,6,54
62387,0.4.6,0,4,6,54
62388,0.4.6,0,4,6,54
62389,0.4.6,0,4,6,54
62390,0.4.6,0,4,6,54
62391,0.0.6,0,0,6,6
62392,0.4.6,0,4,6,54
62394,0.4.6,0,4,6,54
62395,0.2.6,0,2,6,30
62396,0.4.6,0,4,6,54
62397,0.2.6,0,2,6,30
62398,0.4.6,0,4,6,54
62399,0.4.6,0,4,6,54
62400,0.2.6,0,2,6,30
62401,0.0.6,0,0,6,6
62402,0.4.6,0,4,6,54
62403,0.4.6,0,4,6,54
62404,0.0.6,0,0,6,6
62405,0.0.6,0,0,6,6
62406,0.4.6,0,4,6,54
62407,0.2.6,0,2,6,30
62408,0.2.6,0,2,6,30
62409,0.0.6,0,0,6,6
62410,0.4.6,0,4,6,54
62411,0.0.6,0,0,6,6
62412,0.9.0,0,9,0,108
62413,0.9.0,0,9,0,108
62414,0.4.6,0,4,6,54
62415,0.0.6,0,0,6,6
62416,0.4.6,0,4,6,54
62417,0.4.6,0,4,6,54
62418,0.4.6,0,4,6,54
62419,0.4.6,0,4,6,54
62420,0.4.6,0,4,6,54
62421,0.4.6,0,4,6,54
62422,0.4.6,0,4,6,54
62423,0.2.6,0,2,6,30
62424,0.4.6,0,4,6,54
62425,0.4.6,0,4,6,54
62426,0.4.6,0,4,6,54
62427,0.9.0,0,9,0,108
62428,0.13.4,0,13,4,160
62429,0.14.8,0,14,8,176
62430,0.4.6,0,4,6,54
62431,0.0.6,0,0,6,6
62432,0.13.4,0,13,4,160
62433,0.0.6,0,0,6,6
62434,0.4.6,0,4,6,54
62435,0.0.6,0,0,6,6
62436,0.4.6,0,4,6,54
62437,0.0.6,0,0,6,6
62438,0.4.6,0,4,6,54
62439,0.4.6,0,4,6,54
62440,0.4.6,0,4,6,54
62441,0.4.6,0,4,6,54
62442,1.9.4,1,9,4,352
62443,0.4.6,0,4,6,54
62444,0.4.6,0,4,6,54
62445,0.4.6,0,4,6,54
62446,0.4.6,0,4,6,54
62447,0.0.6,0,0,6,6
62448,0.0.6,0,0,6,6
62449,0.4.6,0,4,6,54
62450,0.4.6,0,4,6,54
62451,0.4.6,0,4,6,54
62452,0.4.6,0,4,6,54
62453,0.0.6,0,0,6,6
62454,0.0.6,0,0,6,6
62455,0.4.6,0,4,6,54
62456,0.0.6,0,0,6,6
62457,0.4.6,0,4,6,54
62458,0.4.6,0,4,6,54
62459,0.0.6,0,0,6,6
62460,0.9.0,0,9,0,108
62461,0.0.6,0,0,6,6
62462,0.4.6,0,4,6,54
62463,0.9.0,0,9,0,108
62464,0.4.6,0,4,6,54
62465,0.4.6,0,4,6,54
62466,0.2.6,0,2,6,30
62467,0.9.0,0,9,0,108
62468,0.4.6,0,4,6,54
62469,0.4.6,0,4,6,54
62470,0.4.6,0,4,6,54
62471,0.6.8,0,6,8,80
62472,0.4.6,0,4,6,54
62473,0.4.6,0,4,6,54
62474,0.4.6,0,4,6,54
62475,0.4.6,0,4,6,54
62476,0.4.6,0,4,6,54
62477,0.9.0,0,9,0,108
62478,0.4.6,0,4,6,54
62479,0.4.6,0,4,6,54
62480,0.4.6,0,4,6,54
62481,0.4.6,0,4,6,54
62482,0.4.6,0,4,6,54
62483,0.4.6,0,4,6,54
62484,0.4.6,0,4,6,54
62485,0.2.6,0,2,6,30
62486,0.4.6,0,4,6,54
62487,0.4.6,0,4,6,54
62488,0.9.0,0,9,0,108
62489,0.4.6,0,4,6,54
62490,0.4.6,0,4,6,54
62491,0.4.6,0,4,6,54
62492,0.4.6,0,4,6,54
62493,0.9.0,0,9,0,108
62494,0.0.6,0,0,6,6
62495,0.4.6,0,4,6,54
62496,0.4.6,0,4,6,54
62497,0.14.8,0,14,8,176
62498,0.4.6,0,4,6,54
62499,0.4.6,0,4,6,54
62500,0.4.6,0,4,6,54
62501,0.4.6,0,4,6,54
62502,0.4.6,0,4,6,54
62503,0.4.6,0,4,6,54
62504,0.10.8,0,10,8,128
62505,0.4.6,0,4,6,54
62506,0.0.6,0,0,6,6
62507,0.4.6,0,4,6,54
62508,0.14.8,0,14,8,176
62509,0.9.0,0,9,0,108
62510,0.4.6,0,4,6,54
62511,0.4.6,0,4,6,54
62512,0.9.0,0,9,0,108
62513,0.4.6,0,4,6,54
62514,0.4.6,0,4,6,54
62515,0.9.0,0,9,0,108
62516,0.4.6,0,4,6,54
62517,0.4.6,0,4,6,54
62518,0.4.6,0,4,6,54
62519,0.4.6,0,4,6,54
62520,0.4.6,0,4,6,54
62521,0.2.6,0,2,6,30
62522,0.4.6,0,4,6,54
62523,0.9.0,0,9,0,108
62524,0.4.6,0,4,6,54
62525,0.4.6,0,4,6,54
62526,0.2.6,0,2,6,30
62527,0.4.6,0,4,6,54
62528,0.4.6,0,4,6,54
62529,0.0.6,0,0,6,6
62530,0.4.6,0,4,6,54
62531,0.4.6,0,4,6,54
62532,0.9.0,0,9,0,108
62533,0.4.6,0,4,6,54
62534,0.4.6,0,4,6,54
62535,0.4.6,0,4,6,54
62536,0.9.0,0,9,0,108
62537,0.9.0,0,9,0,108
62538,0.4.6,0,4,6,54
62539,0.4.6,0,4,6,54
62540,0.4.6,0,4,6,54
62541,0.4.6,0,4,6,54
62542,0.9.0,0,9,0,108
62543,0.4.6,0,4,6,54
62544,0.0.6,0,0,6,6
62545,0.4.6,0,4,6,54
62546,0.4.6,0,4,6,54
62547,0.0.6,0,0,6,6
62548,0.0.6,0,0,6,6
62549,0.0.6,0,0,6,6
62550,0.13.4,0,13,4,160
62551,0.2.6,0,2,6,30
62552,0.4.6,0,4,6,54
62553,0.2.6,0,2,6,30
62554,0.9.0,0,9,0,108
62555,0.4.6,0,4,6,54
62556,0.10.8,0,10,8,128
62557,0.0.6,0,0,6,6
62558,0.6.8,0,6,8,80
62559,0.4.6,0,4,6,54
62560,0.4.6,0,4,6,54
62561,0.4.6,0,4,6,54
62562,0.4.6,0,4,6,54
62563,0.4.6,0,4,6,54
62564,0.4.6,0,4,6,54
62565,0.4.6,0,4,6,54
62566,0.4.6,0,4,6,54
62567,8.0.0,8,0,0,1920
62568,0.0.6,0,0,6,6
62569,0.9.0,0,9,0,108
62570,0.4.6,0,4,6,54
62571,0.4.6,0,4,6,54
62572,0.4.6,0,4,6,54
62573,0.0.6,0,0,6,6
62574,0.4.6,0,4,6,54
62575,0.9.0,0,9,0,108
62576,0.4.6,0,4,6,54
62577,0.4.6,0,4,6,54
62578,0.4.6,0,4,6,54
62579,0.2.6,0,2,6,30
62580,0.2.6,0,2,6,30
62581,0.0.6,0,0,6,6
62582,0.0.6,0,0,6,6
62583,0.4.6,0,4,6,54
62584,0.4.6,0,4,6,54
62585,0.4.6,0,4,6,54
62586,0.4.6,0,4,6,54
62587,0.4.6,0,4,6,54
62588,0.4.6,0,4,6,54
62589,0.4.6,0,4,6,54
62590,0.0.6,0,0,6,6
62591,0.0.6,0,0,6,6
62592,0.0.6,0,0,6,6
62593,0.0.6,0,0,6,6
62594,0.4.6,0,4,6,54
62595,0.4.6,0,4,6,54
62596,0.4.6,0,4,6,54
62597,0.4.6,0,4,6,54
62598,0.4.6,0,4,6,54
62599,0.4.6,0,4,6,54
62600,0.0.6,0,0,6,6
62601,0.0.6,0,0,6,6
62602,0.4.6,0,4,6,54
62603,0.0.6,0,0,6,6
62604,0.9.0,0,9,0,108
62605,0.4.6,0,4,6,54
62606,0.4.6,0,4,6,54
62607,0.4.6,0,4,6,54
62608,0.4.6,0,4,6,54
62609,0.4.6,0,4,6,54
62610,0.4.6,0,4,6,54
62611,0.4.6,0,4,6,54
62612,0.4.6,0,4,6,54
62613,0.4.6,0,4,6,54
62614,0.4.6,0,4,6,54
62615,0.0.6,0,0,6,6
62616,0.4.6,0,4,6,54
62617,0.4.6,0,4,6,54
62618,0.4.6,0,4,6,54
62619,0.4.6,0,4,6,54
62620,0.4.6,0,4,6,54
62621,0.4.6,0,4,6,54
62622,0.0.6,0,0,6,6
62623,0.4.6,0,4,6,54
62624,0.4.6,0,4,6,54
62625,0.9.0,0,9,0,108
62626,0.4.6,0,4,6,54
62627,0.4.6,0,4,6,54
62628,0.2.6,0,2,6,30
62629,0.4.6,0,4,6,54
62630,0.4.6,0,4,6,54
62631,0.9.0,0,9,0,108
62632,0.4.6,0,4,6,54
62633,0.4.6,0,4,6,54
62634,0.4.6,0,4,6,54
62635,0.4.6,0,4,6,54
62636,0.9.0,0,9,0,108
62637,0.4.6,0,4,6,54
62638,0.4.6,0,4,6,54
62639,0.4.6,0,4,6,54
62640,0.0.6,0,0,6,6
62641,0.4.6,0,4,6,54
62642,0.4.6,0,4,6,54
62643,0.4.6,0,4,6,54
62644,0.4.6,0,4,6,54
62645,0.4.6,0,4,6,54
62646,0.4.6,0,4,6,54
62647,0.2.6,0,2,6,30
62648,0.0.6,0,0,6,6
62649,0.4.6,0,4,6,54
62650,0.2.6,0,2,6,30
62651,0.0.6,0,0,6,6
62652,0.4.6,0,4,6,54
62653,0.4.6,0,4,6,54
62654,0.4.6,0,4,6,54
62655,0.4.6,0,4,6,54
62656,0.4.6,0,4,6,54
62657,0.4.6,0,4,6,54
62658,0.4.6,0,4,6,54
62659,0.4.6,0,4,6,54
62660,0.4.6,0,4,6,54
62661,0.13.4,0,13,4,160
62662,0.4.6,0,4,6,54
62663,0.0.6,0,0,6,6
62664,0.9.0,0,9,0,108
62665,0.4.6,0,4,6,54
62666,0.4.6,0,4,6,54
62667,0.4.6,0,4,6,54
62668,0.4.6,0,4,6,54
62669,0.2.6,0,2,6,30
62670,0.2.6,0,2,6,30
62671,0.4.6,0,4,6,54
62672,0.4.6,0,4,6,54
62673,0.0.6,0,0,6,6
62674,0.0.6,0,0,6,6
62675,0.9.0,0,9,0,108
62676,0.4.6,0,4,6,54
62677,0.4.6,0,4,6,54
62678,0.4.6,0,4,6,54
62679,0.9.0,0,9,0,108
62680,0.4.6,0,4,6,54
62681,0.4.6,0,4,6,54
62682,0.4.6,0,4,6,54
62683,0.4.6,0,4,6,54
62684,0.2.6,0,2,6,30
62685,0.4.6,0,4,6,54
62686,0.0.6,0,0,6,6
62687,0.4.6,0,4,6,54
62688,0.0.6,0,0,6,6
62689,0.9.0,0,9,0,108
62690,0.4.6,0,4,6,54
62691,0.4.6,0,4,6,54
62692,0.4.6,0,4,6,54
62693,0.4.6,0,4,6,54
62694,0.4.6,0,4,6,54
62695,0.4.6,0,4,6,54
62696,0.4.6,0,4,6,54
62697,0.4.6,0,4,6,54
62698,0.4.6,0,4,6,54
62699,0.4.6,0,4,6,54
62700,0.9.0,0,9,0,108
62701,0.4.6,0,4,6,54
62702,0.2.6,0,2,6,30
62703,0.4.6,0,4,6,54
62704,0.4.6,0,4,6,54
62705,0.2.6,0,2,6,30
62706,0.4.6,0,4,6,54
62707,0.4.6,0,4,6,54
62708,0.4.6,0,4,6,54
62709,0.4.6,0,4,6,54
62710,0.4.6,0,4,6,54
62711,0.4.6,0,4,6,54
62712,0.4.6,0,4,6,54
62713,0.4.6,0,4,6,54
62714,0.4.6,0,4,6,54
62715,0.4.6,0,4,6,54
62716,0.9.0,0,9,0,108
62717,0.4.6,0,4,6,54
62718,0.0.6,0,0,6,6
62719,0.0.6,0,0,6,6
62720,0.4.6,0,4,6,54
62721,0.4.6,0,4,6,54
62722,0.4.6,0,4,6,54
62723,0.2.6,0,2,6,30
62724,0.4.6,0,4,6,54
62725,0.0.6,0,0,6,6
62726,0.2.6,0,2,6,30
62727,0.4.6,0,4,6,54
62728,0.4.6,0,4,6,54
62729,0.9.0,0,9,0,108
62730,0.4.6,0,4,6,54
62731,0.4.6,0,4,6,54
62732,0.4.6,0,4,6,54
62733,0.4.6,0,4,6,54
62734,0.0.6,0,0,6,6
62735,0.2.6,0,2,6,30
62736,0.2.6,0,2,6,30
62737,0.4.6,0,4,6,54
62738,0.0.6,0,0,6,6
62739,0.4.6,0,4,6,54
62740,0.0.6,0,0,6,6
62741,0.9.0,0,9,0,108
62742,0.4.6,0,4,6,54
62743,0.9.0,0,9,0,108
62744,0.4.6,0,4,6,54
62745,0.4.6,0,4,6,54
62746,0.4.6,0,4,6,54
62747,0.4.6,0,4,6,54
62748,0.4.6,0,4,6,54
62749,0.2.6,0,2,6,30
62750,0.4.6,0,4,6,54
62751,0.4.6,0,4,6,54
62752,0.0.6,0,0,6,6
62753,0.10.8,0,10,8,128
62754,0.10.8,0,10,8,128
62755,0.4.6,0,4,6,54
62756,0.0.6,0,0,6,6
62757,0.4.6,0,4,6,54
62758,0.9.0,0,9,0,108
62759,0.4.6,0,4,6,54
62760,0.13.4,0,13,4,160
62761,0.0.6,0,0,6,6
62762,0.0.6,0,0,6,6
62763,0.4.6,0,4,6,54
62764,0.4.6,0,4,6,54
62765,0.4.6,0,4,6,54
62766,0.4.6,0,4,6,54
62767,0.4.6,0,4,6,54
62768,0.4.6,0,4,6,54
62769,0.4.6,0,4,6,54
62770,0.0.6,0,0,6,6
62771,0.4.6,0,4,6,54
62772,0.4.6,0,4,6,54
62773,0.4.6,0,4,6,54
62774,0.4.6,0,4,6,54
62775,0.4.6,0,4,6,54
62776,0.4.6,0,4,6,54
62777,0.4.6,0,4,6,54
62778,0.5.0,0,5,0,60
62779,0.4.6,0,4,6,54
62780,0.4.6,0,4,6,54
62781,0.4.6,0,4,6,54
62782,0.4.6,0,4,6,54
62783,0.0.6,0,0,6,6
62784,0.4.6,0,4,6,54
62785,0.4.6,0,4,6,54
62786,0.9.0,0,9,0,108
62787,0.4.6,0,4,6,54
62788,0.4.6,0,4,6,54
62789,0.4.6,0,4,6,54
62790,0.0.6,0,0,6,6
62791,0.0.6,0,0,6,6
62792,0.4.6,0,4,6,54
62793,0.0.6,0,0,6,6
62794,0.4.6,0,4,6,54
62795,0.4.6,0,4,6,54
62796,0.4.6,0,4,6,54
62797,0.4.6,0,4,6,54
62798,0.4.6,0,4,6,54
62799,0.4.6,0,4,6,54
62800,0.4.6,0,4,6,54
62801,0.4.6,0,4,6,54
62802,0.4.6,0,4,6,54
62803,0.9.0,0,9,0,108
62804,0.4.6,0,4,6,54
62805,0.4.6,0,4,6,54
62806,0.4.6,0,4,6,54
62807,0.4.6,0,4,6,54
62808,0.4.6,0,4,6,54
62809,0.4.6,0,4,6,54
62810,0.4.6,0,4,6,54
62811,0.4.6,0,4,6,54
62812,0.4.6,0,4,6,54
62813,0.4.6,0,4,6,54
62814,0.9.0,0,9,0,108
62815,0.0.6,0,0,6,6
62816,0.4.6,0,4,6,54
62817,0.9.0,0,9,0,108
62818,0.4.6,0,4,6,54
62819,0.4.6,0,4,6,54
62820,0.4.6,0,4,6,54
62821,0.4.6,0,4,6,54
62822,0.4.6,0,4,6,54
62823,0.4.6,0,4,6,54
62824,0.4.6,0,4,6,54
62825,0.4.6,0,4,6,54
62826,0.4.6,0,4,6,54
62827,0.4.6,0,4,6,54
62828,0.2.6,0,2,6,30
62829,0.0.6,0,0,6,6
62830,0.4.6,0,4,6,54
62831,0.4.6,0,4,6,54
62832,0.0.6,0,0,6,6
62833,0.4.6,0,4,6,54
62834,0.4.6,0,4,6,54
62835,0.4.6,0,4,6,54
62836,0.4.6,0,4,6,54
62837,0.0.6,0,0,6,6
62838,0.4.6,0,4,6,54
62839,0.4.6,0,4,6,54
62840,0.4.6,0,4,6,54
62841,0.13.4,0,13,4,160
62842,0.4.6,0,4,6,54
62843,0.4.6,0,4,6,54
62844,0.4.6,0,4,6,54
62845,0.4.6,0,4,6,54
62846,0.4.6,0,4,6,54
62847,0.4.6,0,4,6,54
62848,0.4.6,0,4,6,54
62849,0.4.6,0,4,6,54
62850,0.9.0,0,9,0,108
62851,0.0.6,0,0,6,6
62852,0.4.6,0,4,6,54
62853,0.4.6,0,4,6,54
62854,0.4.6,0,4,6,54
62855,0.4.6,0,4,6,54
62856,0.0.6,0,0,6,6
62857,0.0.6,0,0,6,6
62858,0.4.6,0,4,6,54
62859,0.4.6,0,4,6,54
62860,0.4.6,0,4,6,54
62861,0.4.6,0,4,6,54
62862,0.4.6,0,4,6,54
62863,0.4.6,0,4,6,54
62864,0.0.6,0,0,6,6
62865,0.0.6,0,0,6,6
62866,0.2.6,0,2,6,30
62867,0.4.6,0,4,6,54
62868,0.9.0,0,9,0,108
62869,0.4.6,0,4,6,54
62870,0.4.6,0,4,6,54
62871,0.4.6,0,4,6,54
62872,0.4.6,0,4,6,54
62873,0.4.6,0,4,6,54
62874,0.2.6,0,2,6,30
62875,0.4.6,0,4,6,54
62876,0.4.6,0,4,6,54
62877,0.9.0,0,9,0,108
62878,0.0.6,0,0,6,6
62879,0.6.8,0,6,8,80
62880,0.4.6,0,4,6,54
62881,0.4.6,0,4,6,54
62882,0.4.6,0,4,6,54
62883,0.4.6,0,4,6,54
62884,0.4.6,0,4,6,54
62885,0.4.6,0,4,6,54
62886,0.4.6,0,4,6,54
62887,0.0.6,0,0,6,6
62888,0.4.6,0,4,6,54
62889,0.9.0,0,9,0,108
62890,0.2.6,0,2,6,30
62891,0.4.6,0,4,6,54
62892,0.13.4,0,13,4,160
62893,0.9.0,0,9,0,108
62894,0.4.6,0,4,6,54
62895,0.4.6,0,4,6,54
62896,0.0.6,0,0,6,6
62897,0.4.6,0,4,6,54
62898,0.4.6,0,4,6,54
62899,0.4.6,0,4,6,54
62900,0.0.6,0,0,6,6
62901,0.4.6,0,4,6,54
62902,0.4.6,0,4,6,54
62903,0.4.6,0,4,6,54
62904,0.0.6,0,0,6,6
62905,0.4.6,0,4,6,54
62906,0.4.6,0,4,6,54
62907,0.4.6,0,4,6,54
62908,0.4.6,0,4,6,54
62909,0.4.6,0,4,6,54
62910,0.4.6,0,4,6,54
62911,0.0.6,0,0,6,6
62912,0.0.6,0,0,6,6
62913,0.4.6,0,4,6,54
62914,0.0.6,0,0,6,6
62915,0.4.6,0,4,6,54
62916,0.9.0,0,9,0,108
62917,0.9.0,0,9,0,108
62918,0.4.6,0,4,6,54
62919,0.9.0,0,9,0,108
62920,0.4.6,0,4,6,54
62921,0.4.6,0,4,6,54
62922,0.4.6,0,4,6,54
62923,0.9.0,0,9,0,108
62924,0.4.6,0,4,6,54
62925,0.2.6,0,2,6,30
62926,0.4.6,0,4,6,54
62927,0.4.6,0,4,6,54
62928,0.4.6,0,4,6,54
62929,0.2.6,0,2,6,30
62930,0.0.6,0,0,6,6
62931,0.0.6,0,0,6,6
62932,0.4.6,0,4,6,54
62933,0.9.0,0,9,0,108
62934,0.4.6,0,4,6,54
62935,0.0.6,0,0,6,6
62936,0.4.6,0,4,6,54
62937,0.4.6,0,4,6,54
62938,0.9.0,0,9,0,108
62939,0.4.6,0,4,6,54
62940,0.4.6,0,4,6,54
62941,0.4.6,0,4,6,54
62942,0.4.6,0,4,6,54
62943,0.10.8,0,10,8,128
62944,0.4.6,0,4,6,54
62945,0.4.6,0,4,6,54
62946,0.4.6,0,4,6,54
62947,0.0.6,0,0,6,6
62948,0.4.6,0,4,6,54
62949,0.4.6,0,4,6,54
62950,0.4.6,0,4,6,54
62951,0.4.6,0,4,6,54
62952,0.4.6,0,4,6,54
62953,0.4.6,0,4,6,54
62954,0.4.6,0,4,6,54
62955,0.4.6,0,4,6,54
62956,0.4.6,0,4,6,54
62957,0.4.6,0,4,6,54
62958,0.2.6,0,2,6,30
62959,0.4.6,0,4,6,54
62960,0.4.6,0,4,6,54
62961,0.0.6,0,0,6,6
62962,0.4.6,0,4,6,54
62963,0.4.6,0,4,6,54
62964,0.9.0,0,9,0,108
62965,0.4.6,0,4,6,54
62966,0.4.6,0,4,6,54
62967,0.4.6,0,4,6,54
62968,0.4.6,0,4,6,54
62969,0.4.6,0,4,6,54
62970,0.4.6,0,4,6,54
62971,0.4.6,0,4,6,54
62972,0.4.6,0,4,6,54
62973,0.4.6,0,4,6,54
62974,0.4.6,0,4,6,54
62975,0.4.6,0,4,6,54
62976,0.4.6,0,4,6,54
62977,0.2.6,0,2,6,30
62978,0.4.6,0,4,6,54
62979,0.4.6,0,4,6,54
62980,0.4.6,0,4,6,54
62981,0.4.6,0,4,6,54
62982,0.4.6,0,4,6,54
62983,0.4.6,0,4,6,54
62984,0.4.6,0,4,6,54
62985,0.4.6,0,4,6,54
62986,0.4.6,0,4,6,54
62987,0.9.0,0,9,0,108
62988,0.4.6,0,4,6,54
62989,0.4.6,0,4,6,54
62990,0.4.6,0,4,6,54
62991,0.4.6,0,4,6,54
62992,0.4.6,0,4,6,54
62993,0.0.6,0,0,6,6
62994,0.0.6,0,0,6,6
62995,0.4.6,0,4,6,54
62996,0.4.6,0,4,6,54
62997,0.0.6,0,0,6,6
62998,0.4.6,0,4,6,54
62999,0.4.6,0,4,6,54
63000,0.4.6,0,4,6,54
63001,0.4.6,0,4,6,54
63002,0.4.6,0,4,6,54
63003,0.4.6,0,4,6,54
63004,0.2.6,0,2,6,30
63005,0.4.6,0,4,6,54
63006,0.4.6,0,4,6,54
63007,0.4.6,0,4,6,54
63008,0.0.6,0,0,6,6
63009,0.0.6,0,0,6,6
63010,0.0.6,0,0,6,6
63011,0.4.6,0,4,6,54
63012,0.4.6,0,4,6,54
63013,0.4.6,0,4,6,54
63014,0.0.6,0,0,6,6
63015,0.4.6,0,4,6,54
63016,0.4.6,0,4,6,54
63017,0.4.6,0,4,6,54
63018,0.0.6,0,0,6,6
63019,0.4.6,0,4,6,54
63020,0.0.6,0,0,6,6
63021,0.4.6,0,4,6,54
63022,0.4.6,0,4,6,54
63023,0.0.6,0,0,6,6
63024,0.4.6,0,4,6,54
63025,0.4.6,0,4,6,54
63026,0.4.6,0,4,6,54
63027,0.0.6,0,0,6,6
63028,0.4.6,0,4,6,54
63029,0.4.6,0,4,6,54
63030,0.4.6,0,4,6,54
63031,0.0.6,0,0,6,6
63032,0.4.6,0,4,6,54
63033,0.4.6,0,4,6,54
63034,0.4.6,0,4,6,54
63035,0.4.6,0,4,6,54
63036,0.13.4,0,13,4,160
63037,0.0.6,0,0,6,6
63038,0.4.6,0,4,6,54
63039,0.4.6,0,4,6,54
63040,0.4.6,0,4,6,54
63041,0.4.6,0,4,6,54
63042,0.2.6,0,2,6,30
63043,0.4.6,0,4,6,54
63044,0.4.6,0,4,6,54
63045,0.4.6,0,4,6,54
63046,0.4.6,0,4,6,54
63047,0.0.6,0,0,6,6
63048,0.2.6,0,2,6,30
63049,0.4.6,0,4,6,54
63050,0.9.0,0,9,0,108
63051,0.0.6,0,0,6,6
63052,0.0.6,0,0,6,6
63053,0.9.0,0,9,0,108
63054,0.0.6,0,0,6,6
63055,0.4.6,0,4,6,54
63056,0.4.6,0,4,6,54
63057,0.13.4,0,13,4,160
63058,0.4.6,0,4,6,54
63059,0.4.6,0,4,6,54
63060,0.4.6,0,4,6,54
63061,0.4.6,0,4,6,54
63062,0.4.6,0,4,6,54
63063,0.0.6,0,0,6,6
63064,0.0.6,0,0,6,6
63065,0.4.6,0,4,6,54
63066,0.4.6,0,4,6,54
63067,0.4.6,0,4,6,54
63068,0.14.8,0,14,8,176
63069,0.4.6,0,4,6,54
63070,0.9.0,0,9,0,108
63071,0.4.6,0,4,6,54
63072,0.4.6,0,4,6,54
63073,0.2.6,0,2,6,30
63074,0.4.6,0,4,6,54
63075,0.9.0,0,9,0,108
63076,0.9.0,0,9,0,108
63077,0.4.6,0,4,6,54
63078,0.4.6,0,4,6,54
63079,0.4.6,0,4,6,54
63080,0.4.6,0,4,6,54
63081,0.2.6,0,2,6,30
63082,0.4.6,0,4,6,54
63083,0.0.6,0,0,6,6
63084,0.4.6,0,4,6,54
63085,0.6.8,0,6,8,80
63086,0.4.6,0,4,6,54
63087,0.4.6,0,4,6,54
63088,0.0.6,0,0,6,6
63089,0.4.6,0,4,6,54
63090,0.4.6,0,4,6,54
63091,0.4.6,0,4,6,54
63092,0.4.6,0,4,6,54
63093,0.4.6,0,4,6,54
63094,0.4.6,0,4,6,54
63095,0.4.6,0,4,6,54
63096,0.13.4,0,13,4,160
63097,0.0.6,0,0,6,6
63098,0.4.6,0,4,6,54
63099,0.4.6,0,4,6,54
63100,0.4.6,0,4,6,54
63101,0.9.0,0,9,0,108
63102,0.4.6,0,4,6,54
63103,0.4.6,0,4,6,54
63104,0.0.6,0,0,6,6
63105,0.4.6,0,4,6,54
63106,0.2.6,0,2,6,30
63107,0.4.6,0,4,6,54
63108,0.9.0,0,9,0,108
63109,0.4.6,0,4,6,54
63110,0.9.0,0,9,0,108
63111,0.2.6,0,2,6,30
63112,0.4.6,0,4,6,54
63113,0.0.6,0,0,6,6
63114,0.14.8,0,14,8,176
63115,0.4.6,0,4,6,54
63116,0.2.0,0,2,0,24
63117,0.9.0,0,9,0,108
63118,0.4.6,0,4,6,54
63119,0.4.6,0,4,6,54
63120,0.9.0,0,9,0,108
63121,0.2.6,0,2,6,30
63122,0.4.6,0,4,6,54
63123,0.4.6,0,4,6,54
63124,0.4.6,0,4,6,54
63125,0.9.0,0,9,0,108
63126,0.4.6,0,4,6,54
63127,0.4.6,0,4,6,54
63128,0.9.0,0,9,0,108
63129,0.4.6,0,4,6,54
63130,0.4.6,0,4,6,54
63131,0.2.6,0,2,6,30
63132,0.4.6,0,4,6,54
63133,0.9.0,0,9,0,108
63134,0.4.6,0,4,6,54
63135,0.4.6,0,4,6,54
63136,0.0.6,0,0,6,6
63137,0.0.6,0,0,6,6
63138,0.4.6,0,4,6,54
63139,0.4.6,0,4,6,54
63140,0.4.6,0,4,6,54
63141,0.4.6,0,4,6,54
63142,0.4.6,0,4,6,54
63143,0.4.6,0,4,6,54
63144,0.4.6,0,4,6,54
63145,0.4.6,0,4,6,54
63146,0.4.6,0,4,6,54
63147,0.4.6,0,4,6,54
63148,0.4.6,0,4,6,54
63149,0.4.6,0,4,6,54
63150,0.4.6,0,4,6,54
63151,0.4.6,0,4,6,54
63152,0.0.6,0,0,6,6
63153,0.4.6,0,4,6,54
63154,0.4.6,0,4,6,54
63155,0.4.6,0,4,6,54
63156,0.4.6,0,4,6,54
63157,0.2.6,0,2,6,30
63158,0.0.6,0,0,6,6
63159,0.9.0,0,9,0,108
63160,0.9.0,0,9,0,108
63161,0.4.6,0,4,6,54
63162,0.4.6,0,4,6,54
63163,0.4.6,0,4,6,54
63164,0.4.6,0,4,6,54
63165,0.0.6,0,0,6,6
63166,0.4.6,0,4,6,54
63167,0.9.0,0,9,0,108
63168,0.4.6,0,4,6,54
63169,0.6.8,0,6,8,80
63170,0.4.6,0,4,6,54
63171,0.4.6,0,4,6,54
63172,0.0.6,0,0,6,6
63173,0.4.6,0,4,6,54
63174,0.4.6,0,4,6,54
63175,0.4.6,0,4,6,54
63176,0.4.6,0,4,6,54
63177,0.4.6,0,4,6,54
63178,0.0.6,0,0,6,6
63179,0.4.6,0,4,6,54
63180,0.9.0,0,9,0,108
63181,0.9.0,0,9,0,108
63182,0.4.6,0,4,6,54
63183,0.9.0,0,9,0,108
63184,0.6.8,0,6,8,80
63185,0.4.6,0,4,6,54
63186,0.4.6,0,4,6,54
63187,0.4.6,0,4,6,54
63188,0.0.6,0,0,6,6
63189,0.2.6,0,2,6,30
63190,0.4.6,0,4,6,54
63191,0.4.6,0,4,6,54
63192,0.4.6,0,4,6,54
63193,0.4.6,0,4,6,54
63194,0.4.6,0,4,6,54
63195,0.9.0,0,9,0,108
63196,0.4.6,0,4,6,54
63197,0.4.6,0,4,6,54
63198,0.0.6,0,0,6,6
63199,0.4.6,0,4,6,54
63200,0.4.6,0,4,6,54
63201,0.0.6,0,0,6,6
63202,0.0.6,0,0,6,6
63203,0.9.0,0,9,0,108
63204,0.4.6,0,4,6,54
63205,0.4.6,0,4,6,54
63206,0.0.6,0,0,6,6
63207,0.4.6,0,4,6,54
63208,0.9.0,0,9,0,108
63209,0.4.6,0,4,6,54
63210,0.9.0,0,9,0,108
63211,0.4.6,0,4,6,54
63212,0.0.6,0,0,6,6
63213,0.4.6,0,4,6,54
63214,0.0.6,0,0,6,6
63215,0.0.6,0,0,6,6
63216,0.0.6,0,0,6,6
63217,0.4.6,0,4,6,54
63218,0.0.6,0,0,6,6
63219,0.4.6,0,4,6,54
63220,0.0.6,0,0,6,6
63221,0.4.6,0,4,6,54
63222,0.4.6,0,4,6,54
63223,0.4.6,0,4,6,54
63224,0.4.6,0,4,6,54
63225,0.4.6,0,4,6,54
63226,0.4.6,0,4,6,54
63227,0.4.6,0,4,6,54
63228,0.4.6,0,4,6,54
63229,0.0.6,0,0,6,6
63230,0.4.6,0,4,6,54
63231,0.4.6,0,4,6,54
63232,0.4.6,0,4,6,54
63233,0.4.6,0,4,6,54
63234,0.0.6,0,0,6,6
63235,0.9.0,0,9,0,108
63236,0.4.6,0,4,6,54
63237,0.4.6,0,4,6,54
63238,0.4.6,0,4,6,54
63239,0.4.6,0,4,6,54
63240,0.4.6,0,4,6,54
63241,0.4.6,0,4,6,54
63242,0.4.6,0,4,6,54
63243,0.0.6,0,0,6,6
63244,0.4.6,0,4,6,54
63245,0.4.6,0,4,6,54
63246,0.4.6,0,4,6,54
63247,0.0.6,0,0,6,6
63248,0.4.6,0,4,6,54
63249,0.0.6,0,0,6,6
63250,0.4.6,0,4,6,54
63251,0.4.6,0,4,6,54
63252,0.14.8,0,14,8,176
63253,0.2.6,0,2,6,30
63254,0.4.6,0,4,6,54
63255,0.4.6,0,4,6,54
63256,0.0.6,0,0,6,6
63257,0.4.6,0,4,6,54
63258,0.13.4,0,13,4,160
63259,0.4.6,0,4,6,54
63260,0.0.6,0,0,6,6
63261,0.0.6,0,0,6,6
63262,0.0.6,0,0,6,6
63263,0.4.6,0,4,6,54
63264,0.4.6,0,4,6,54
63265,0.4.6,0,4,6,54
63266,0.0.6,0,0,6,6
63267,0.0.6,0,0,6,6
63268,0.9.0,0,9,0,108
63269,0.4.6,0,4,6,54
63270,0.13.4,0,13,4,160
63271,0.4.6,0,4,6,54
63272,0.4.6,0,4,6,54
63273,0.0.6,0,0,6,6
63274,0.0.6,0,0,6,6
63275,0.4.6,0,4,6,54
63276,0.4.6,0,4,6,54
63277,0.9.0,0,9,0,108
63278,0.4.6,0,4,6,54
63279,0.4.6,0,4,6,54
63280,0.0.6,0,0,6,6
63281,0.0.6,0,0,6,6
63282,0.4.6,0,4,6,54
63283,0.4.6,0,4,6,54
63284,0.6.8,0,6,8,80
63285,0.4.6,0,4,6,54
63286,0.4.6,0,4,6,54
63287,0.4.6,0,4,6,54
63288,0.4.6,0,4,6,54
63289,0.9.0,0,9,0,108
63290,0.4.6,0,4,6,54
63291,0.4.6,0,4,6,54
63292,0.0.6,0,0,6,6
63293,0.4.6,0,4,6,54
63294,0.4.6,0,4,6,54
63295,0.4.6,0,4,6,54
63296,0.0.6,0,0,6,6
63297,0.4.6,0,4,6,54
63298,0.4.6,0,4,6,54
63299,0.0.6,0,0,6,6
63300,0.4.6,0,4,6,54
63301,0.0.6,0,0,6,6
63302,0.4.6,0,4,6,54
63303,0.4.6,0,4,6,54
63304,0.4.6,0,4,6,54
63305,0.4.6,0,4,6,54
63306,0.4.6,0,4,6,54
63307,0.4.6,0,4,6,54
63308,0.4.6,0,4,6,54
63309,0.4.6,0,4,6,54
63310,0.0.6,0,0,6,6
63311,0.13.4,0,13,4,160
63312,0.13.4,0,13,4,160
63313,0.0.6,0,0,6,6
63314,0.4.6,0,4,6,54
63315,0.4.6,0,4,6,54
63316,0.9.0,0,9,0,108
63317,0.0.6,0,0,6,6
63318,0.4.6,0,4,6,54
63319,0.4.6,0,4,6,54
63320,0.0.6,0,0,6,6
63321,0.4.6,0,4,6,54
63322,0.4.6,0,4,6,54
63323,0.13.4,0,13,4,160
63324,0.4.6,0,4,6,54
63325,0.4.6,0,4,6,54
63326,0.4.6,0,4,6,54
63327,0.4.6,0,4,6,54
63328,0.4.6,0,4,6,54
63329,0.4.6,0,4,6,54
63330,0.0.6,0,0,6,6
63331,0.0.6,0,0,6,6
63332,0.6.8,0,6,8,80
63333,0.4.6,0,4,6,54
63334,0.4.6,0,4,6,54
63335,0.4.6,0,4,6,54
63336,0.4.6,0,4,6,54
63337,0.4.6,0,4,6,54
63338,0.4.6,0,4,6,54
63339,0.4.6,0,4,6,54
63340,0.4.6,0,4,6,54
63341,0.4.6,0,4,6,54
63342,0.0.6,0,0,6,6
63343,0.4.6,0,4,6,54
63344,0.4.6,0,4,6,54
63345,0.2.6,0,2,6,30
63346,0.4.6,0,4,6,54
63347,0.0.6,0,0,6,6
63348,0.4.6,0,4,6,54
63349,0.4.6,0,4,6,54
63350,0.4.6,0,4,6,54
63351,0.4.6,0,4,6,54
63352,0.0.6,0,0,6,6
63353,0.9.0,0,9,0,108
63354,0.4.6,0,4,6,54
63355,0.4.6,0,4,6,54
63356,0.4.6,0,4,6,54
63357,0.0.6,0,0,6,6
63358,0.0.6,0,0,6,6
63359,0.0.6,0,0,6,6
63360,0.0.6,0,0,6,6
63361,0.4.6,0,4,6,54
63362,0.4.6,0,4,6,54
63363,0.0.6,0,0,6,6
63364,0.4.6,0,4,6,54
63365,0.4.6,0,4,6,54
63366,0.4.6,0,4,6,54
63367,0.4.6,0,4,6,54
63368,0.4.6,0,4,6,54
63369,0.0.6,0,0,6,6
63370,0.4.6,0,4,6,54
63371,0.4.6,0,4,6,54
63372,0.4.6,0,4,6,54
63373,0.4.6,0,4,6,54
63374,0.4.6,0,4,6,54
63375,0.9.0,0,9,0,108
63376,0.4.6,0,4,6,54
63377,0.4.6,0,4,6,54
63378,0.0.6,0,0,6,6
63379,0.4.6,0,4,6,54
63380,0.4.6,0,4,6,54
63381,0.4.6,0,4,6,54
63382,0.4.6,0,4,6,54
63383,0.0.6,0,0,6,6
63384,0.0.6,0,0,6,6
63385,0.4.6,0,4,6,54
63386,0.4.6,0,4,6,54
63387,0.4.6,0,4,6,54
63388,0.4.6,0,4,6,54
63389,0.4.6,0,4,6,54
63390,0.9.0,0,9,0,108
63391,0.4.6,0,4,6,54
63392,0.9.0,0,9,0,108
63393,0.4.6,0,4,6,54
63394,0.4.6,0,4,6,54
63395,0.4.6,0,4,6,54
63396,0.0.6,0,0,6,6
63397,0.4.6,0,4,6,54
63398,0.0.6,0,0,6,6
63399,0.4.6,0,4,6,54
63400,0.4.6,0,4,6,54
63401,0.4.6,0,4,6,54
63402,0.4.6,0,4,6,54
63403,0.4.6,0,4,6,54
63404,0.4.6,0,4,6,54
63405,0.9.0,0,9,0,108
63406,0.9.0,0,9,0,108
63407,0.4.6,0,4,6,54
63408,0.4.6,0,4,6,54
63409,0.4.6,0,4,6,54
63410,0.4.6,0,4,6,54
63411,0.4.6,0,4,6,54
63412,0.9.0,0,9,0,108
63413,0.0.6,0,0,6,6
63414,0.4.6,0,4,6,54
63415,0.4.6,0,4,6,54
63416,0.4.6,0,4,6,54
63417,0.4.6,0,4,6,54
63418,0.4.6,0,4,6,54
63419,0.4.6,0,4,6,54
63420,0.4.6,0,4,6,54
63421,0.4.6,0,4,6,54
63422,0.4.6,0,4,6,54
63423,0.0.6,0,0,6,6
63424,0.2.6,0,2,6,30
63425,0.0.6,0,0,6,6
63426,0.4.6,0,4,6,54
63427,0.4.6,0,4,6,54
63428,0.4.6,0,4,6,54
63429,0.4.6,0,4,6,54
63430,0.4.6,0,4,6,54
63431,0.4.6,0,4,6,54
63432,0.4.6,0,4,6,54
63433,0.4.6,0,4,6,54
63434,0.0.6,0,0,6,6
63435,0.4.6,0,4,6,54
63436,0.0.6,0,0,6,6
63437,0.4.6,0,4,6,54
63438,0.13.4,0,13,4,160
63439,0.9.0,0,9,0,108
63440,0.4.6,0,4,6,54
63441,0.4.6,0,4,6,54
63442,0.6.8,0,6,8,80
63443,0.6.8,0,6,8,80
63444,0.0.6,0,0,6,6
63445,0.4.6,0,4,6,54
63446,0.6.8,0,6,8,80
63447,0.4.6,0,4,6,54
63448,0.4.6,0,4,6,54
63449,0.4.6,0,4,6,54
63450,0.4.6,0,4,6,54
63451,0.4.6,0,4,6,54
63452,0.4.6,0,4,6,54
63453,0.4.6,0,4,6,54
63454,0.13.4,0,13,4,160
63455,0.4.6,0,4,6,54
63456,0.4.6,0,4,6,54
63457,0.4.6,0,4,6,54
63458,0.0.6,0,0,6,6
63459,0.4.6,0,4,6,54
63460,0.4.6,0,4,6,54
63461,0.4.6,0,4,6,54
63462,0.4.6,0,4,6,54
63463,0.4.6,0,4,6,54
63464,0.0.6,0,0,6,6
63465,0.4.6,0,4,6,54
63466,0.0.6,0,0,6,6
63467,0.4.6,0,4,6,54
63468,0.4.6,0,4,6,54
63469,0.6.8,0,6,8,80
63470,0.4.6,0,4,6,54
63471,0.0.6,0,0,6,6
63472,0.4.6,0,4,6,54
63473,0.4.6,0,4,6,54
63474,0.4.6,0,4,6,54
63475,0.4.6,0,4,6,54
63476,0.4.6,0,4,6,54
63477,0.4.6,0,4,6,54
63478,0.4.6,0,4,6,54
63479,0.0.6,0,0,6,6
63480,0.0.6,0,0,6,6
63481,0.0.6,0,0,6,6
63482,0.0.6,0,0,6,6
63483,0.4.6,0,4,6,54
63484,0.4.6,0,4,6,54
63485,0.4.6,0,4,6,54
63486,0.4.6,0,4,6,54
63487,0.4.6,0,4,6,54
63488,0.4.6,0,4,6,54
63489,0.0.6,0,0,6,6
63490,0.4.6,0,4,6,54
63491,0.4.6,0,4,6,54
63492,0.0.6,0,0,6,6
63493,0.2.6,0,2,6,30
63494,0.4.6,0,4,6,54
63495,0.4.6,0,4,6,54
63496,0.4.6,0,4,6,54
63497,0.9.0,0,9,0,108
63498,0.4.6,0,4,6,54
63499,0.4.6,0,4,6,54
63500,0.9.0,0,9,0,108
63501,0.4.6,0,4,6,54
63502,0.9.0,0,9,0,108
63503,0.9.0,0,9,0,108
63504,0.0.6,0,0,6,6
63505,0.4.6,0,4,6,54
63506,0.4.6,0,4,6,54
63507,0.13.4,0,13,4,160
63508,0.4.6,0,4,6,54
63509,0.4.6,0,4,6,54
63510,0.9.0,0,9,0,108
63511,0.4.6,0,4,6,54
63512,0.5.0,0,5,0,60
63513,0.4.6,0,4,6,54
63514,0.4.6,0,4,6,54
63515,0.4.6,0,4,6,54
63516,0.4.6,0,4,6,54
63517,0.4.6,0,4,6,54
63518,0.4.6,0,4,6,54
63519,0.10.8,0,10,8,128
63520,0.0.6,0,0,6,6
63521,0.4.6,0,4,6,54
63522,0.4.6,0,4,6,54
63523,0.9.0,0,9,0,108
63524,0.4.6,0,4,6,54
63525,0.4.6,0,4,6,54
63526,0.6.8,0,6,8,80
63527,0.4.6,0,4,6,54
63528,0.4.6,0,4,6,54
63529,0.0.6,0,0,6,6
63530,0.4.6,0,4,6,54
63531,0.13.4,0,13,4,160
63532,0.4.6,0,4,6,54
63533,0.9.0,0,9,0,108
63534,0.4.6,0,4,6,54
63535,0.4.6,0,4,6,54
63536,0.4.6,0,4,6,54
63537,0.4.6,0,4,6,54
63538,0.4.6,0,4,6,54
63539,0.9.0,0,9,0,108
63540,0.4.6,0,4,6,54
63541,0.4.6,0,4,6,54
63542,0.9.0,0,9,0,108
63543,0.6.8,0,6,8,80
63544,0.4.6,0,4,6,54
63545,0.10.8,0,10,8,128
63546,0.4.6,0,4,6,54
63547,0.4.6,0,4,6,54
63548,0.2.6,0,2,6,30
63549,0.4.6,0,4,6,54
63550,2.0.0,2,0,0,480
63551,0.0.6,0,0,6,6
63552,0.2.6,0,2,6,30
63553,0.4.6,0,4,6,54
63554,0.4.6,0,4,6,54
63555,0.4.6,0,4,6,54
63556,0.4.6,0,4,6,54
63557,0.4.6,0,4,6,54
63558,0.4.6,0,4,6,54
63559,0.4.6,0,4,6,54
63560,0.4.6,0,4,6,54
63561,0.4.6,0,4,6,54
63562,0.4.6,0,4,6,54
63563,0.4.6,0,4,6,54
63564,0.4.6,0,4,6,54
63565,0.4.6,0,4,6,54
63566,0.9.0,0,9,0,108
63567,0.0.6,0,0,6,6
63568,0.4.6,0,4,6,54
63569,0.4.6,0,4,6,54
63570,0.2.6,0,2,6,30
63571,0.0.6,0,0,6,6
63572,0.4.6,0,4,6,54
63573,0.4.6,0,4,6,54
63574,0.4.6,0,4,6,54
63575,4.0.0,4,0,0,960
63576,0.0.6,0,0,6,6
63577,0.0.6,0,0,6,6
63578,0.4.6,0,4,6,54
63579,0.4.6,0,4,6,54
63580,0.9.0,0,9,0,108
63581,0.4.6,0,4,6,54
63582,0.4.6,0,4,6,54
63583,0.9.0,0,9,0,108
63584,0.0.6,0,0,6,6
63585,0.4.6,0,4,6,54
63586,0.0.6,0,0,6,6
63587,0.2.6,0,2,6,30
63588,0.4.6,0,4,6,54
63589,0.0.6,0,0,6,6
63590,0.4.6,0,4,6,54
63591,0.4.6,0,4,6,54
63592,0.2.6,0,2,6,30
63593,0.4.6,0,4,6,54
63594,0.0.6,0,0,6,6
63595,0.4.6,0,4,6,54
63596,0.13.4,0,13,4,160
63597,0.4.6,0,4,6,54
63598,0.4.6,0,4,6,54
63599,0.4.6,0,4,6,54
63600,0.4.6,0,4,6,54
63601,0.4.6,0,4,6,54
63602,0.9.0,0,9,0,108
63603,0.9.0,0,9,0,108
63604,0.0.6,0,0,6,6
63605,0.4.6,0,4,6,54
63606,0.4.6,0,4,6,54
63607,0.13.4,0,13,4,160
63608,0.9.0,0,9,0,108
63609,0.4.6,0,4,6,54
63610,0.4.6,0,4,6,54
63611,0.4.6,0,4,6,54
63612,0.2.6,0,2,6,30
63613,0.4.6,0,4,6,54
63614,0.0.6,0,0,6,6
63615,0.4.6,0,4,6,54
63616,0.4.6,0,4,6,54
63617,0.4.6,0,4,6,54
63618,0.4.6,0,4,6,54
63619,0.0.6,0,0,6,6
63620,0.4.6,0,4,6,54
63621,0.4.6,0,4,6,54
63622,0.4.6,0,4,6,54
63623,0.9.0,0,9,0,108
63624,0.4.6,0,4,6,54
63625,0.4.6,0,4,6,54
63626,0.4.6,0,4,6,54
63627,0.4.6,0,4,6,54
63628,0.4.6,0,4,6,54
63629,0.4.6,0,4,6,54
63630,0.4.6,0,4,6,54
63631,0.4.6,0,4,6,54
63632,0.9.0,0,9,0,108
63633,0.4.6,0,4,6,54
63634,0.4.6,0,4,6,54
63635,0.4.6,0,4,6,54
63636,0.4.6,0,4,6,54
63637,0.4.6,0,4,6,54
63638,0.4.6,0,4,6,54
63639,0.4.6,0,4,6,54
63640,0.4.6,0,4,6,54
63641,0.4.6,0,4,6,54
63642,0.4.6,0,4,6,54
63643,0.0.6,0,0,6,6
63644,0.0.6,0,0,6,6
63645,0.4.6,0,4,6,54
63646,0.4.6,0,4,6,54
63647,0.4.6,0,4,6,54
63648,0.4.6,0,4,6,54
63649,0.4.6,0,4,6,54
63650,0.2.6,0,2,6,30
63651,0.4.6,0,4,6,54
63652,0.0.6,0,0,6,6
63653,0.4.6,0,4,6,54
63654,0.4.6,0,4,6,54
63655,0.4.6,0,4,6,54
67344,1.6.8,1,6,8,320
67417,1.6.8,1,6,8,320
67425,0.2.6,0,2,6,30
67428,1.3.8,1,3,8,284
67461,0.2.6,0,2,6,30
67483,0.2.6,0,2,6,30
67485,1.3.8,1,3,8,284
67606,1.6.8,1,6,8,320
67617,0.2.6,0,2,6,30
67663,0.2.6,0,2,6,30
67712,0.2.6,0,2,6,30
67715,0.2.6,0,2,6,30
67797,0.2.6,0,2,6,30
67808,0.2.6,0,2,6,30
67849,0.2.6,0,2,6,30
67850,0.2.6,0,2,6,30
67914,0.2.6,0,2,6,30
67980,0.2.6,0,2,6,30
68042,0.2.6,0,2,6,30
68064,0.2.6,0,2,6,30
68075,0.2.6,0,2,6,30
68123,0.2.6,0,2,6,30
68313,0.2.6,0,2,6,30
68361,0.2.6,0,2,6,30
68366,0.2.6,0,2,6,30
68733,0.2.6,0,2,6,30
68958,1.3.2,1,3,2,278
69212,0.2.6,0,2,6,30
69377,0.2.6,0,2,6,30
69380,0.2.6,0,2,6,30
69517,0.2.6,0,2,6,30
69576,0.2.6,0,2,6,30
69781,0.2.6,0,2,6,30
69840,0.4.6,0,4,6,54
69841,0.4.6,0,4,6,54
69945,0.2.6,0,2,6,30
70479,0.2.6,0,2,6,30
70961,0.2.6,0,2,6,30
71683,0.2.6,0,2,6,30
71724,2.0.0,2,0,0,480
71728,2.0.0,2,0,0,480
71864,0.2.6,0,2,6,30
72039,0.2.6,0,2,6,30
72048,0.2.6,0,2,6,30
72139,0.2.6,0,2,6,30
72159,0.2.6,0,2,6,30
72212,0.2.6,0,2,6,30
72228,0.2.6,0,2,6,30
72324,0.2.6,0,2,6,30
72432,0.2.6,0,2,6,30
72575,0.2.6,0,2,6,30
72600,0.2.6,0,2,6,30
72663,0.2.6,0,2,6,30
72740,0.2.6,0,2,6,30
72762,0.2.6,0,2,6,30
72786,0.2.6,0,2,6,30
72794,0.2.6,0,2,6,30
72812,0.2.6,0,2,6,30
72813,0.2.6,0,2,6,30
72818,0.2.6,0,2,6,30
72824,0.2.6,0,2,6,30
72835,0.2.6,0,2,6,30
72846,0.2.6,0,2,6,30
72854,0.2.6,0,2,6,30
72883,0.2.6,0,2,6,30
72900,0.2.6,0,2,6,30
72904,0.0.4,0,0,4,4
72905,0.0.4,0,0,4,4
72906,0.0.4,0,0,4,4
72940,0.2.6,0,2,6,30
72950,0.2.6,0,2,6,30
72958,0.2.6,0,2,6,30
72966,0.2.6,0,2,6,30
72969,0.2.6,0,2,6,30
72979,0.2.6,0,2,6,30
72981,0.2.6,0,2,6,30
73002,0.2.6,0,2,6,30
73010,0.2.6,0,2,6,30
73046,0.2.6,0,2,6,30
73066,0.2.6,0,2,6,30
73070,0.2.6,0,2,6,30
73098,0.2.6,0,2,6,30
73104,0.2.6,0,2,6,30
73106,0.2.6,0,2,6,30
73231,0.2.6,0,2,6,30
73242,0.2.6,0,2,6,30
73261,0.2.6,0,2,6,30
73271,0.2.6,0,2,6,30
73284,0.2.6,0,2,6,30
73329,0.2.6,0,2,6,30
73361,0.2.6,0,2,6,30
73422,0.2.6,0,2,6,30
73433,0.2.6,0,2,6,30
73454,0.2.6,0,2,6,30
73488,0.2.6,0,2,6,30
73489,0.2.6,0,2,6,30
73490,0.2.6,0,2,6,30
73540,0.2.6,0,2,6,30
73551,0.2.6,0,2,6,30
73600,0.2.6,0,2,6,30
73619,0.2.6,0,2,6,30
73625,0.2.6,0,2,6,30
73690,0.2.6,0,2,6,30
73714,0.2.6,0,2,6,30
73751,0.2.6,0,2,6,30
73759,0.2.6,0,2,6,30
73767,0.2.6,0,2,6,30
73777,0.2.6,0,2,6,30
73790,0.2.6,0,2,6,30
73829,0.2.0,0,2,0,24
73844,0.2.6,0,2,6,30
73852,0.2.6,0,2,6,30
73900,0.2.6,0,2,6,30
73920,0.2.6,0,2,6,30
73921,0.2.6,0,2,6,30
73963,0.2.6,0,2,6,30
73993,0.2.6,0,2,6,30
74015,0.2.6,0,2,6,30
74063,0.2.6,0,2,6,30
74072,0.2.6,0,2,6,30
74089,0.2.6,0,2,6,30
74183,0.2.6,0,2,6,30
74231,0.2.6,0,2,6,30
74276,0.2.6,0,2,6,30
74283,0.2.6,0,2,6,30
74310,0.2.6,0,2,6,30
74311,0.2.6,0,2,6,30
74332,0.2.6,0,2,6,30
74421,0.2.6,0,2,6,30
74478,0.2.6,0,2,6,30
74495,0.2.6,0,2,6,30
74506,0.2.6,0,2,6,30
74521,0.2.6,0,2,6,30
74589,0.2.6,0,2,6,30
74602,0.2.6,0,2,6,30
74619,0.2.6,0,2,6,30
74659,0.2.6,0,2,6,30
74660,0.2.6,0,2,6,30
74676,1.3.2,1,3,2,278
74690,0.2.6,0,2,6,30
74711,0.2.6,0,2,6,30
74723,0.9.2,0,9,2,110
74724,0.2.6,0,2,6,30
74732,0.2.6,0,2,6,30
74766,0.2.6,0,2,6,30
74778,0.2.6,0,2,6,30
74780,0.2.6,0,2,6,30
74788,0.2.6,0,2,6,30
74789,0.2.6,0,2,6,30
74790,0.2.6,0,2,6,30
74793,0.2.6,0,2,6,30
74806,0.2.6,0,2,6,30
74812,0.2.6,0,2,6,30
74814,0.2.6,0,2,6,30
74820,0.2.0,0,2,0,24
74824,0.2.6,0,2,6,30
74827,0.2.6,0,2,6,30
74918,0.2.6,0,2,6,30
74929,0.2.6,0,2,6,30
74933,0.2.6,0,2,6,30
74937,0.2.6,0,2,6,30
74946,0.2.6,0,2,6,30
74949,0.2.6,0,2,6,30
74962,0.2.6,0,2,6,30
74982,0.2.6,0,2,6,30
75014,0.2.6,0,2,6,30
75015,0.2.6,0,2,6,30
75022,0.2.6,0,2,6,30
75063,0.2.6,0,2,6,30
75064,0.2.6,0,2,6,30
75090,0.2.6,0,2,6,30
75092,0.2.6,0,2,6,30
75108,0.2.6,0,2,6,30
75119,0.2.6,0,2,6,30
75123,0.2.6,0,2,6,30
75126,0.2.6,0,2,6,30
75139,0.2.6,0,2,6,30
75151,0.2.6,0,2,6,30
75163,0.2.6,0,2,6,30
75166,0.2.6,0,2,6,30
75201,0.2.6,0,2,6,30
75234,0.2.6,0,2,6,30
75240,0.2.6,0,2,6,30
75244,0.2.6,0,2,6,30
75245,0.2.6,0,2,6,30
75250,0.2.6,0,2,6,30
75252,0.2.6,0,2,6,30
75253,0.2.6,0,2,6,30
75258,0.2.6,0,2,6,30
75284,0.2.6,0,2,6,30
75291,0.2.6,0,2,6,30
75326,0.2.6,0,2,6,30
75332,0.2.6,0,2,6,30
75333,0.2.6,0,2,6,30
75335,0.2.6,0,2,6,30
75336,0.2.6,0,2,6,30
75337,0.2.6,0,2,6,30
75373,0.2.6,0,2,6,30
75374,0.2.6,0,2,6,30
75390,0.2.6,0,2,6,30
75418,0.2.6,0,2,6,30
75433,0.2.6,0,2,6,30
75445,0.2.6,0,2,6,30
75455,0.14.0,0,14,0,168
75487,0.2.6,0,2,6,30
75491,0.2.6,0,2,6,30
75512,0.2.6,0,2,6,30
75521,0.2.6,0,2,6,30
75548,0.2.6,0,2,6,30
75573,0.2.6,0,2,6,30
75595,0.2.6,0,2,6,30
75596,0.2.6,0,2,6,30
75598,0.2.6,0,2,6,30
75609,0.2.6,0,2,6,30
75611,0.2.6,0,2,6,30
75633,0.2.6,0,2,6,30
75647,0.2.6,0,2,6,30
75663,0.2.6,0,2,6,30
75666,0.2.6,0,2,6,30
75690,0.2.6,0,2,6,30
75694,0.2.6,0,2,6,30
75713,0.2.6,0,2,6,30
75714,0.2.6,0,2,6,30
75720,0.2.6,0,2,6,30
75725,0.2.6,0,2,6,30
75736,0.2.6,0,2,6,30
75784,0.2.6,0,2,6,30
75786,0.2.6,0,2,6,30
75829,0.2.6,0,2,6,30
76130,0.2.6,0,2,6,30
76430,0.2.6,0,2,6,30
76440,0.2.6,0,2,6,30
76501,0.2.6,0,2,6,30
76554,0.2.6,0,2,6,30
76560,0.2.6,0,2,6,30
76581,0.2.6,0,2,6,30
76583,0.2.6,0,2,6,30
76713,0.2.6,0,2,6,30
76714,0.2.6,0,2,6,30
76723,0.2.6,0,2,6,30
76724,0.2.6,0,2,6,30
76763,0.2.6,0,2,6,30
76787,0.2.6,0,2,6,30
76880,0.2.6,0,2,6,30
77041,0.2.6,0,2,6,30
77068,0.2.6,0,2,6,30
77304,0.2.6,0,2,6,30
77309,0.2.6,0,2,6,30
77380,0.2.6,0,2,6,30
77453,0.2.6,0,2,6,30
77499,0.2.6,0,2,6,30
77500,0.2.6,0,2,6,30
77558,0.2.6,0,2,6,30
77568,0.2.6,0,2,6,30
77649,0.2.6,0,2,6,30
77733,0.2.6,0,2,6,30
77983,0.2.6,0,2,6,30
78026,0.2.6,0,2,6,30
78160,0.2.6,0,2,6,30
