id,year_binding,year_petition,parish,county_name,county,geo_parish,llp_id,gbpnid
7626,1573,1577,Ruscombe,Berkshire,Berkshire,Ruscombe,NA,38854
7640,1573,1577,Ruscombe,Berkshire,Berkshire,Ruscombe,NA,38854
9807,1574,1578,London,London,Middlesex,NA,NA,NA
10003,1574,1578,London,London,Middlesex,NA,NA,NA
13537,1573,1577,Ipswich,Suffolk,Suffolk,Ipswich,NA,23691
14010,1577,1578,Dawston,Cumberland,Cumberland,NA,NA,NA
4203,1583,NA,Tamworth,Staffordshire,Staffordshire,Tamworth,NA,43773
10789,1567,NA,Derby,Derbyshire,Derbyshire,Derby,NA,12974
3434,1620,1625,London,London,Middlesex,NA,NA,NA
13528,1621,1625,Elstead,Surrey,Surrey,Elstead,NA,15123
9134,1572,1573,London,London,Middlesex,NA,NA,NA
10971,1572,1574,Northampton,Northamptonshire,Northamptonshire,Northampton,NA,33285
12273,1570,1573,Ludgershall,Buckinghamshire,Buckinghamshire,Ludgershall,NA,28775
1604,1569,1574,Cheadle,Cheshire,Cheshire,Cheadle,NA,8903
6227,1574,1578,East Henreth,Berkshire,Berkshire,NA,NA,NA
6191,1586,1588,St Paul's Walden,Hertfordshire,Hertfordshire,St Paul's Walden,NA,41902
6786,1584,1588,St Botolph Aldgate,London,Middlesex,St Botolph Aldgate,ID_30153,NA
11127,1586,1588,Hadham,Hertfordshire,Hertfordshire,NA,NA,NA
11171,1586,1587,London,London,Middlesex,NA,NA,NA
61,1642,1644,"Audley, Saffron Walden",Essex,Essex,NA,NA,NA
387,1641,1644,Whalley,Lancashire,Lancashire,Whalley,NA,49232
414,1607,1610,Ravensden,Bedfordshire,Bedfordshire,Ravensden,NA,37479
428,1614,1620,London,London,Middlesex,NA,NA,NA
557,1621,1623,Weston upon Fromey,Herefordshire,Herefordshire,NA,NA,NA
676,1657,1661,London,London,Middlesex,NA,NA,NA
755,1609,1611,Maidstone,Kent,Kent,Maidstone,NA,29156
765,1632,1632,St Andrew Holborn,London,Middlesex,St Andrew Holborn,ID_127848,NA
777,1623,1629,London,London,Middlesex,NA,NA,NA
791,1639,1644,Melbury Osmond,Dorset,Dorset,Melbury Osmond,NA,29918
826,1631,1635,Darrant,Kent,Kent,NA,NA,NA
898,1628,1631,Blagdon,Somerset,Somerset,Blagdon,NA,4196
899,1627,1633,Netherdale,Yorkshire,Yorkshire,NA,NA,NA
954,1623,1626,Polesworth,Warwickshire,Warwickshire,Polesworth,NA,36202
987,1621,1625,Sheldwich,Kent,Kent,Sheldwich,NA,39993
1041,1607,1611,Hambridge,Cheshire,Cheshire,NA,NA,NA
1087,1608,1609,Bowden,Northamptonshire,Northamptonshire,NA,NA,NA
1094,1658,1662,Knowstone,Devon,Devon,Knowstone,NA,25158
1110,1625,1629,London,London,Middlesex,NA,NA,NA
1111,1625,1629,London,London,Middlesex,NA,NA,NA
1216,1637,1643,Brownecoite,Flintshire,Flintshire,NA,NA,NA
1392,1634,1637,Hillington,Middlesex,Middlesex,NA,NA,NA
1531,1658,1661,St Olave Southwark,Surrey,Surrey,St Olave Southwark,ID_30002,NA
1550,1606,1610,Norlich,Oxfordshire,Oxfordshire,NA,NA,NA
1682,1645,1647,London,London,Middlesex,NA,NA,NA
1691,1627,1629,Hoddesdon,Hertfordshire,Hertfordshire,Hoddesdon,NA,22185
1695,1602,1607,Caston,Norfolk,Norfolk,Caston,NA,8285
1860,1656,1661,London,London,Middlesex,NA,NA,NA
1862,1619,1620,Chigwell,Essex,Essex,Chigwell,NA,9118
1968,1606,1607,Whitchurch,Shropshire,Shropshire,Whitchurch,NA,49391
2092,1643,1644,Woolham,Rutland,Rutland,NA,NA,NA
2152,1627,1632,Wapping,Middlesex,Middlesex,St John Wapping,ID_30182,NA
2163,1608,1611,London,London,Middlesex,NA,NA,NA
2417,1609,1610,Adwick,Yorkshire,Yorkshire,NA,NA,NA
2454,1624,1626,Barley,Hertfordshire,Hertfordshire,Barley,NA,2418
2491,1640,1643,London,London,Middlesex,NA,NA,NA
2495,1608,1610,Harpole,Northamptonshire,Northamptonshire,Harpole,NA,20277
2607,1620,1623,Pavingham,Bedfordshire,Bedfordshire,NA,NA,NA
2642,1632,1638,Hartpury,Gloucestershire,Gloucestershire,Hartpury,NA,20385
2671,1610,1611,Ingerston,Essex,Essex,NA,NA,NA
2755,1642,1646,London,London,Middlesex,NA,NA,NA
2901,1658,1660,Burtwood,Essex,Essex,NA,NA,NA
3021,1614,1620,Hinksey,Berkshire,Berkshire,NA,NA,NA
3080,1638,1642,Kingston upon Thames,Surrey,Surrey,Kingston upon Thames,NA,24629
3103,1623,1625,St Botolph Aldgate,London,Middlesex,St Botolph Aldgate,ID_30153,NA
3142,1655,1661,"Fadmore, Kirkbymoorside",Yorkshire,Yorkshire,NA,NA,NA
3316,1627,1632,Kentish Town,Middlesex,Middlesex,Kentish Town,NA,24102
3392,1613,1619,Tenterden,Kent,Kent,Tenterden,NA,44027
3414,NA,1660,Retford,Nottinghamshire,Nottinghamshire,Retford,NA,37731
3466,1629,1632,Edington,Wiltshire,Wiltshire,Edington,NA,14823
3473,1659,1663,Maidstone,Kent,Kent,Maidstone,NA,29156
3500,1636,1638,Cranbrook,Kent,Kent,Cranbrook,NA,11396
3505,1657,1663,London,London,Middlesex,NA,NA,NA
3536,1608,1611,Pilley,Radnorshire,Radnorshire,NA,NA,NA
3655,1613,1620,Gosberton,Lincolnshire,Lincolnshire,Gosberton,NA,18291
4030,1657,1662,Spitalfields,Middlesex,Middlesex,Christchurch Spitalfields,ID_30168,NA
4086,1628,1632,Stoke by Clare,Suffolk,Suffolk,NA,NA,NA
4206,1616,1625,"Cliffe, St Thomas",Sussex,Sussex,NA,NA,NA
4244,1618,1620,Welshpool,Monmouthshire,Monmouthshire,NA,NA,NA
4255,1603,1611,London,London,Middlesex,NA,NA,NA
4271,1626,1632,Taternall,Bedfordshire,Bedfordshire,NA,NA,NA
4285,1628,NA,Cottenham,Cambridgeshire,Cambridgeshire,Cottenham,NA,11022
4466,1618,1624,Salisbury,Wiltshire,Wiltshire,Salisbury,NA,39066
4521,1605,1610,London,London,Middlesex,NA,NA,NA
4536,1630,1637,Oswestry,Shropshire,Shropshire,Oswestry,NA,34164
4622,1605,1610,Raynham,Norfolk,Norfolk,Raynham,NA,62435
4676,1633,1638,Islip,Oxfordshire,Oxfordshire,Islip,NA,23756
4682,1628,1636,Awldwick,Yorkshire,Yorkshire,NA,NA,NA
4696,1609,1610,Masfield,Gloucestershire,Gloucestershire,NA,NA,NA
4742,1606,1610,Northampton,Northamptonshire,Northamptonshire,Northampton,NA,33285
4840,1646,1648,St Dunstan,London,Middlesex,NA,NA,NA
4981,1658,1660,London,London,Middlesex,NA,NA,NA
5038,1620,1625,NA,Suffolk,Suffolk,NA,NA,NA
5119,1657,1661,Hadley,Middlesex,Middlesex,Hadley,NA,19562
5154,1621,1625,Ausley,Warwickshire,Warwickshire,NA,NA,NA
5187,1607,1611,Hamerton,Huntingdonshire,Huntingdonshire,Hamerton,NA,19905
5201,1620,1626,Malling,Kent,Kent,NA,NA,NA
5221,1619,1620,Kirton,Devon,Devon,NA,NA,NA
5385,1630,1632,Hertford,Hertfordshire,Hertfordshire,Hertford,NA,21349
5395,1613,1619,London,London,Middlesex,NA,NA,NA
5448,1620,1625,Hereford,Herefordshire,Herefordshire,Hereford,NA,21293
5466,1604,1609,London,London,Middlesex,NA,NA,NA
5522,1606,1611,Bansbury,Herefordshire,Herefordshire,NA,NA,NA
5644,1659,1661,Whitley,Cheshire,Cheshire,Whitley,NA,65019
5645,1657,1660,Wallop,Hampshire,Hampshire,NA,NA,NA
5647,1623,1626,Nuneaton,Warwickshire,Warwickshire,Nuneaton,NA,33500
5728,1632,1637,Stratford on Avon,Warwickshire,Warwickshire,Stratford upon Avon,NA,295196
5860,1607,1611,Clifton,Yorkshire,Yorkshire,Clifton,NA,NA
5895,1605,1607,Makeney,Derbyshire,Derbyshire,Makeney,NA,29188
5904,1602,1607,Stillington,County Durham,County Durham,Stillington,NA,42402
6018,1609,1611,Ashill,Somerset,Somerset,Ashill,NA,1382
6105,1605,1610,Dunstable,Bedfordshire,Bedfordshire,Dunstable,NA,13925
6119,1609,1611,Ruston,Suffolk,Suffolk,NA,NA,NA
6219,1604,1610,Tansor,Norfolk,Norfolk,NA,NA,NA
6232,1607,1611,Cardiff Walton,Gloucestershire,Gloucestershire,NA,NA,NA
6354,1604,1611,Okin,Surrey,Surrey,NA,NA,NA
6381,1591,1595,Twoyen,Hertfordshire,Hertfordshire,NA,NA,NA
6393,1636,1638,Carlton,Bedfordshire,Bedfordshire,Carlton,NA,7957
6461,1604,1609,Sutton Coldfield,Warwickshire,Warwickshire,Sutton Coldfield,NA,43362
6538,1600,1606,Stokeland,Dorset,Dorset,NA,NA,NA
6606,1615,1620,Edmonton,Middlesex,Middlesex,Edmonton,NA,14841
6660,1621,1625,Broadway,Somerset,Somerset,Broadway,NA,5965
6740,1659,1661,Newchurch,Radnorshire,Radnorshire,Newchurch,NA,32447
6802,1626,1631,St Andrew Holborn,London,Middlesex,St Andrew Holborn,ID_127848,NA
6850,1622,1628,Earl's Court,Worcestershire,Worcestershire,NA,NA,NA
6882,1636,1637,Offley,Hertfordshire,Hertfordshire,Offley,NA,61872
6916,1604,1610,Burfoote,Westmorland,Westmorland,NA,NA,NA
6933,1661,1662,Lydnott Tragosse,Wiltshire,Wiltshire,NA,NA,NA
6961,1615,1619,London,London,Middlesex,NA,NA,NA
7087,1595,1598,Winchester,Hampshire,Hampshire,Winchester,NA,50050
7213,1606,1611,Hunmanby,Yorkshire,Yorkshire,Hunmanby,NA,23184
7302,1608,1610,Staverton als Stoughton,Gloucestershire,Gloucestershire,NA,NA,NA
7308,1630,1632,Cole Ash,Berkshire,Berkshire,NA,NA,NA
7338,1659,1660,Waltham,Hampshire,Hampshire,NA,NA,NA
7398,1628,1632,Sibson,Leicestershire,Leicestershire,Sibson,NA,40397
7471,1640,1644,Firbank,Westmorland,Westmorland,Firbank,NA,16299
7530,1608,1610,Briggend,Lincolnshire,Lincolnshire,NA,NA,NA
7603,1605,1610,Northampton,Northamptonshire,Northamptonshire,Northampton,NA,33285
7613,1622,1626,Thorpe Underwood,Yorkshire,Yorkshire,Thorpe Underwood,NA,44681
7723,1607,1610,Norwich,Cheshire,Cheshire,NA,NA,NA
7787,1626,1629,St Giles without Cripplegate,London,Middlesex,St Giles Cripplegate,ID_30100,NA
7890,1605,1607,Church Stoke,Shropshire,Shropshire,NA,NA,NA
7979,1640,1643,Wotton,Buckinghamshire,Buckinghamshire,NA,NA,NA
8078,1607,1611,Oakley,Buckinghamshire,Buckinghamshire,Oakley,NA,33631
8195,1612,1616,East Dereham,Norfolk,Norfolk,East Dereham,NA,14249
8350,1606,1611,Willmaton,Warwickshire,Warwickshire,NA,NA,NA
8405,1658,1661,Collier Row,Essex,Essex,Collier Row,NA,10392
8432,1617,1620,Blackburn,Lancashire,Lancashire,Blackburn,NA,3996
8826,1640,1643,London,London,Middlesex,NA,NA,NA
8985,1607,1610,London,London,Middlesex,NA,NA,NA
9182,1658,1662,Hatchbury,Wiltshire,Wiltshire,NA,NA,NA
9183,1611,1617,St Martin Vintry,London,Middlesex,St Martin Vintry,ID_30077,NA
9193,1621,1625,London,London,Middlesex,NA,NA,NA
9234,1658,1663,London,London,Middlesex,NA,NA,NA
9282,1637,1642,Coventry,Warwickshire,Warwickshire,Coventry,NA,11138
9442,1605,1610,Wigam,Buckinghamshire,Buckinghamshire,NA,NA,NA
9508,1607,1611,Kenn,Somerset,Somerset,Kenn,NA,24054
9509,1602,1610,Kenn,Somerset,Somerset,Kenn,NA,24054
9534,1603,1607,London,London,Middlesex,NA,NA,NA
9641,1606,1610,London,London,Middlesex,NA,NA,NA
9772,1602,1607,Bromley,Kent,Kent,Bromley,NA,6067
9779,1607,1611,Basingstoke,Hampshire,Hampshire,Basingstoke,NA,2707
10046,1605,1607,Tenby,Pembrokeshire,Pembrokeshire,Tenby,NA,13106
10064,1644,1645,Westminster,Middlesex,Middlesex,NA,NA,NA
10219,1618,1624,Watlass,Yorkshire,Yorkshire,NA,NA,NA
10394,1609,1610,Kirkheaton,Northumberland,Northumberland,Kirkheaton,NA,24833
10545,1619,1626,Satterthwaite,Lancashire,Lancashire,Satterthwaite,NA,39356
10561,1610,1611,Oxford,Oxfordshire,Oxfordshire,Oxford,NA,34379
10621,1628,1631,Rochester,Kent,Kent,Rochester,NA,38282
10694,1608,1610,Meeth,Devon,Devon,Meeth,NA,29888
10700,1640,1643,Brookethorpe,Gloucestershire,Gloucestershire,NA,NA,NA
10978,1606,1609,Hitchin,Hertfordshire,Hertfordshire,Hitchin,NA,22136
11024,1592,1596,London,London,Middlesex,NA,NA,NA
11191,1618,1619,London,London,Middlesex,NA,NA,NA
11195,1608,1610,Cranham,Gloucestershire,Gloucestershire,Cranham,NA,11405
11298,1660,1662,St George Southwark,Surrey,Surrey,St George Southwark,ID_30012,NA
11533,1641,1643,Warwick,Warwickshire,Warwickshire,Warwick,NA,47885
11590,1655,1660,Warmingham,Cheshire,Cheshire,Warmingham,NA,47821
11602,1640,1642,Sattern,Leicestershire,Leicestershire,NA,NA,NA
11690,1621,1623,Eton,Buckinghamshire,Buckinghamshire,Eton,NA,15489
11718,1606,1610,London,London,Middlesex,NA,NA,NA
11728,1605,1609,Southwark,Surrey,Surrey,NA,NA,NA
11804,1611,1620,Berwick Upon Tweed,Northumberland,Northumberland,Berwick Upon Tweed,NA,3424
11833,1645,1648,Harrington,Northamptonshire,Northamptonshire,Harrington,NA,20296
12038,1636,1637,London,London,Middlesex,NA,NA,NA
12264,1638,1642,"Leigh, Tunbridge",Kent,Kent,NA,NA,NA
12588,1626,1632,Stanford,Essex,Essex,NA,NA,NA
12611,1656,1662,Barton on the Heath,Warwickshire,Warwickshire,Barton on the Heath,NA,2669
12626,1605,1607,Braughton,Kent,Kent,NA,NA,NA
12747,1625,1626,Walthamstow,Essex,Essex,Walthamstow,NA,47645
12758,1625,1631,London,London,Middlesex,NA,NA,NA
12918,1603,1611,Nottingham,Nottinghamshire,Nottinghamshire,Nottingham,NA,33480
12931,1632,1638,Earl Shilton,Leicestershire,Leicestershire,Earl Shilton,NA,14098
12970,1624,1625,St Giles Cripplegate,London,Middlesex,St Giles Cripplegate,ID_30100,NA
13182,1658,1662,Lassham,Hampshire,Hampshire,NA,NA,NA
13467,1627,1632,Old Ford,Middlesex,Middlesex,Old Ford,NA,33821
13513,1659,1662,St Giles in the Fields,Middlesex,Middlesex,St Giles in the Fields,ID_30018,NA
13626,1642,1647,Rochester,Kent,Kent,Rochester,NA,38282
13822,1620,1628,St Olave Southwark,Surrey,Surrey,St Olave Southwark,ID_30002,NA
14030,1658,1661,Holmes Chapel,Cheshire,Cheshire,Holmes Chapel,NA,22449
14158,1605,1606,Tring,Hertfordshire,Hertfordshire,Tring,NA,46174
14177,1607,1610,Boston,Lincolnshire,Lincolnshire,Boston,NA,4794
14220,1606,1609,Weston,Gloucestershire,Gloucestershire,NA,NA,NA
279,1597,1599,Bury St Edmunds,Suffolk,Suffolk,Bury St Edmunds,NA,7176
311,1598,1599,Halifax,Yorkshire,Yorkshire,Halifax,NA,19710
434,1598,1599,London,London,Middlesex,NA,NA,NA
1287,1596,1598,Inham,Hampshire,Hampshire,NA,NA,NA
1835,1598,1599,Stone,Staffordshire,Staffordshire,Stone,NA,42622
5993,1597,1598,Barnet,Hertfordshire,Hertfordshire,Barnet,NA,2473
6021,1588,1596,St Edes,Huntingdonshire,Huntingdonshire,NA,NA,NA
6519,1593,1596,Gloucester,Gloucestershire,Gloucestershire,Gloucester,NA,17982
7747,1595,1598,Hereford,Herefordshire,Herefordshire,Hereford,NA,21293
9133,1598,1599,Walden,Yorkshire,Yorkshire,Walden,NA,47480
10714,1594,1598,Whittle,Lancashire,Lancashire,Whittle,NA,49659
11018,1593,1596,Newmarket,Suffolk,Suffolk,Newmarket,NA,32544
4083,1598,1600,Eusdon,Shropshire,Shropshire,NA,NA,NA
293,1599,1601,Stoke Newington,Middlesex,Middlesex,Stoke Newington,NA,42561
2765,1598,1600,Chesterfield,Derbyshire,Derbyshire,Chesterfield,NA,9041
2804,1597,1601,Bishop Norton,Lincolnshire,Lincolnshire,Bishop Norton,NA,3859
9976,1596,1601,Newbury,Berkshire,Berkshire,Newbury,NA,32415
10030,1598,1601,Islington,Middlesex,Middlesex,St Mary Islington,ID_30043,NA
10687,1598,1601,NA,Herefordshire,Herefordshire,NA,NA,NA
11785,1598,1600,Witney,Oxfordshire,Oxfordshire,Witney,NA,50334
10036,1606,1609,Bourton on the Water,Gloucestershire,Gloucestershire,Bourton on the Water,NA,4926
5,1601,1603,Leckhampstead,Buckinghamshire,Buckinghamshire,Leckhampstead,NA,25870
1256,1599,1603,Croston,Lancashire,Lancashire,Croston,NA,11894
5943,1600,1603,Thurlby,Lincolnshire,Lincolnshire,NA,NA,NA
6545,1602,NA,Gloucester,Gloucestershire,Gloucestershire,Gloucester,NA,17982
8057,1602,1603,Paddington,Middlesex,Middlesex,St Mary Paddington,ID_30021,NA
11064,1595,1603,London,London,Middlesex,NA,NA,NA
774,1602,1603,Potterspury,Northamptonshire,Northamptonshire,Potterspury,NA,36691
12989,1601,1603,London,London,Middlesex,NA,NA,NA
432,1601,1603,Pirton,Hertfordshire,Hertfordshire,Pirton,NA,35968
2170,1602,1603,Reigate,Surrey,Surrey,Reigate,NA,37688
3169,1600,1603,London,London,Middlesex,NA,NA,NA
2923,1602,1603,ZZZ,County Durham,County Durham,NA,NA,NA
5406,1597,1603,London,London,Middlesex,NA,NA,NA
9065,1602,1603,Watton upon the Stone,Hertfordshire,Hertfordshire,NA,NA,NA
1738,1600,1604,Asbury,Cheshire,Cheshire,NA,NA,NA
2592,1598,1604,Wintalton,Somerset,Somerset,NA,NA,NA
6991,1602,1604,Newnam,Gloucestershire,Gloucestershire,NA,NA,NA
8238,1602,1604,Burnham,Norfolk,Norfolk,NA,NA,NA
10247,1599,1604,Stratford,Essex,Essex,Stratford,NA,42883
10320,1602,1604,London,London,Middlesex,NA,NA,NA
10686,1601,1604,Framton,Gloucestershire,Gloucestershire,NA,NA,NA
10770,1599,1604,Nevin,Caernarvonshire,Caernarvonshire,Nevin,NA,31874
11744,1601,1604,London,London,Middlesex,NA,NA,NA
12018,1602,1604,Swindon,Wiltshire,Wiltshire,Swindon,NA,43547
12314,1600,1604,Worthington,Devon,Devon,NA,NA,NA
12781,1602,1604,Kynsam,Worcestershire,Worcestershire,NA,NA,NA
13972,1600,1604,Ipswich,Suffolk,Suffolk,Ipswich,NA,23691
13987,1602,1604,Canterbury,Kent,Kent,Canterbury,NA,7771
297,1601,1604,Crecaddon,Herefordshire,Herefordshire,NA,NA,NA
6041,1601,1604,Winchester,Hampshire,Hampshire,Winchester,NA,50050
6233,1602,1604,Newington,Surrey,Surrey,Newington,NA,32498
7823,1601,1604,Stanford Dingley,Berkshire,Berkshire,Stanford Dingley,NA,42067
7957,1602,1604,Astbury,Cheshire,Cheshire,Astbury,NA,1514
9337,1600,1604,Layer de la Haye,Essex,Essex,NA,NA,NA
9971,1602,1604,Compton,Surrey,Surrey,NA,NA,NA
11801,1600,1604,Crosby,Leicestershire,Leicestershire,NA,NA,NA
13099,1599,1604,Chepstow,Monmouthshire,Monmouthshire,Chepstow,NA,17472
13157,1600,1604,Throughbanck,Westmorland,Westmorland,NA,NA,NA
13716,1599,1604,Stamford,Lincolnshire,Lincolnshire,Stamford,NA,42021
631,1601,1605,Bristol,Gloucestershire,Gloucestershire,Bristol,NA,288655
2390,1604,1605,Jesely,Devon,Devon,NA,NA,NA
4167,1602,1605,London,London,Middlesex,NA,NA,NA
4174,1599,1605,London,London,Middlesex,NA,NA,NA
6077,1604,1605,Woodham Ferrers,Essex,Essex,Woodham Ferrers,NA,50604
8442,1603,1605,Southwell,Nottinghamshire,Nottinghamshire,Southwell,NA,41426
11265,1604,1605,Cardington,Shropshire,Shropshire,Cardington,NA,7877
12397,1603,1605,Westminster,Middlesex,Middlesex,NA,NA,NA
12752,1598,1605,London,London,Middlesex,NA,NA,NA
14256,1601,1604,Newland,Gloucestershire,Gloucestershire,Newland,NA,32508
2345,1604,1607,Newton,Yorkshire,Yorkshire,NA,NA,NA
3950,1603,1607,Abbotseyton,Shropshire,Shropshire,NA,NA,NA
5401,1606,1610,NA,Carmarthenshire,Carmarthenshire,NA,NA,NA
5950,1605,1607,Radsone,Northamptonshire,Northamptonshire,NA,NA,NA
8560,1602,1607,Canterbury,Kent,Kent,Canterbury,NA,7771
13130,1603,1607,Dingley,Northamptonshire,Northamptonshire,Dingley,NA,13119
13817,1605,1606,NA,Yorkshire,Yorkshire,NA,NA,NA
23,1614,1619,Atherstone,Warwickshire,Warwickshire,Atherstone,NA,1609
51,1638,1643,Wormley,Warwickshire,Warwickshire,NA,NA,NA
286,1615,1617,Southwark,Surrey,Surrey,NA,NA,NA
304,NA,1630,NA,Oxfordshire,Oxfordshire,NA,NA,NA
444,1638,1643,Limehouse,Middlesex,Middlesex,St Anne Limehouse,ID_30176,NA
466,1635,1639,Collington,Herefordshire,Herefordshire,Collington,NA,10406
536,1633,1640,Allington,Dorset,Dorset,Allington,NA,688
537,1619,1620,Southwark,Surrey,Surrey,NA,NA,NA
608,1617,1619,Bampton,Devon,Devon,Bampton,NA,2216
671,1635,1639,Chartham,Kent,Kent,Chartham,NA,8856
730,1620,1623,Brooke,Rutland,Rutland,Brooke,NA,6157
768,1635,1640,Leedenworth,Huntingdonshire,Huntingdonshire,NA,NA,NA
789,1615,1618,Dordon,Warwickshire,Warwickshire,Dordon,NA,13342
851,1614,1618,Wellingborough,Northamptonshire,Northamptonshire,Wellingborough,NA,48267
891,1635,1640,Radcliffe on Trent,Nottinghamshire,Nottinghamshire,Radcliffe on Trent,NA,37251
1117,1616,1618,Lambourne,Essex,Essex,Lambourne,NA,25314
1155,1635,1640,Elmhurst,Staffordshire,Staffordshire,Elmhurst,NA,15081
1213,1637,1644,Millbrook,Bedfordshire,Bedfordshire,Millbrook,NA,30529
1229,1611,1616,Wickwar,Gloucestershire,Gloucestershire,Wickwar,NA,49767
1231,1614,1620,Brailes,Warwickshire,Warwickshire,Brailes,NA,56282
1272,1617,1619,Great Rollwright,Oxfordshire,Oxfordshire,NA,NA,NA
1419,1626,1633,Blackwell,Nottinghamshire,Nottinghamshire,NA,NA,NA
1498,1614,1617,Kirkcushold,Cumberland,Cumberland,NA,NA,NA
1603,1634,1640,London,London,Middlesex,NA,NA,NA
1623,1615,1617,Romsey,Hampshire,Hampshire,Romsey,NA,38423
1715,1638,1640,London,London,Middlesex,NA,NA,NA
1756,1637,1641,Birley,Herefordshire,Herefordshire,Birley,NA,3819
1928,1637,1644,Boughton Monchelsea,Kent,Kent,Boughton Monchelsea,NA,4871
2186,1618,1620,Hatfield Broad Oak,Essex,Essex,Hatfield Broad Oak,NA,20495
2235,1642,1644,Leominster,Herefordshire,Herefordshire,Leominster,NA,26048
2331,NA,1639,Romford,Essex,Essex,Romford,NA,38417
2481,1633,1640,Waterbeach,Cambridgeshire,Cambridgeshire,Waterbeach,NA,47963
2700,1611,1618,Booton,Norfolk,Norfolk,Booton,NA,4693
2986,1617,1618,London,London,Middlesex,NA,NA,NA
3144,1628,NA,Salisbury,Wiltshire,Wiltshire,Salisbury,NA,39066
3166,1626,1630,Lichfield,Staffordshire,Staffordshire,Lichfield,NA,26195
3463,1614,1618,London,London,Middlesex,NA,NA,NA
3488,1636,1640,St Olave Southwark,Surrey,Surrey,St Olave Southwark,ID_30002,NA
3522,1642,1644,St Olave Southwark,Surrey,Surrey,St Olave Southwark,ID_30002,NA
3723,1627,1631,St Andrew Undershaft,London,Middlesex,St Andrew Undershaft,ID_30152,NA
3789,1615,1618,Kingsley,Cheshire,Cheshire,Kingsley,NA,24577
3823,1632,1639,Derby,Derbyshire,Derbyshire,Derby,NA,12974
3840,1634,1639,Henley,Oxfordshire,Oxfordshire,Henley on Thames,NA,21225
3942,1614,1617,Sandwich,Kent,Kent,Sandwich,NA,39258
3945,1638,1643,Berkeley,Gloucestershire,Gloucestershire,Berkeley,NA,3359
4022,1643,1644,Southampton,Hampshire,Hampshire,Southampton,NA,41322
4054,1640,1640,Malton,Yorkshire,Yorkshire,Malton,NA,29232
4067,1640,1645,London,London,Middlesex,NA,NA,NA
4103,1612,1617,Sudbury,Derbyshire,Derbyshire,Sudbury,NA,43196
4304,1635,1639,Bury St Edmunds,Suffolk,Suffolk,Bury St Edmunds,NA,7176
4343,1634,1641,Chimney,Oxfordshire,Oxfordshire,Chimney,NA,9184
4359,1623,1624,St James Clerkenwell,Middlesex,Middlesex,St James Clerkenwell,ID_127865,NA
4550,1628,1630,St Baddam,Radnorshire,Radnorshire,NA,NA,NA
4577,1618,1619,Weedon upon Hill,Buckinghamshire,Buckinghamshire,NA,NA,NA
4735,1613,1618,Lyng,Somerset,Somerset,Lyng,NA,28978
4915,1616,1617,Great Barugh,Yorkshire,Yorkshire,Great Barugh,NA,18534
4943,1613,1618,Ardington,Berkshire,Berkshire,Ardington,NA,1106
5060,1613,1618,Bowers,Essex,Essex,NA,NA,NA
5338,1618,1619,Newbury,Berkshire,Berkshire,Newbury,NA,32415
5518,1619,1619,Llanidloes,Monmouthshire,Monmouthshire,NA,NA,NA
5725,1618,1619,Barley Pitt,Monmouthshire,Monmouthshire,NA,NA,NA
6167,1638,1641,Kegworth,Leicestershire,Leicestershire,Kegworth,NA,23929
6326,1616,1620,St Olave Southwark,Surrey,Surrey,St Olave Southwark,ID_30002,NA
6378,1614,1618,Monmouth,Monmouthshire,Monmouthshire,Monmouth,NA,30940
6380,1628,1631,Lancaster,Lancashire,Lancashire,Lancaster,NA,25352
6427,1613,1618,Mossley,Staffordshire,Staffordshire,NA,NA,NA
6446,1642,1644,Burscough,Lancashire,Lancashire,Burscough,NA,7084
6592,1638,1644,Croston,Lancashire,Lancashire,Croston,NA,11894
6694,1613,1617,Abergavenny,Monmouthshire,Monmouthshire,Abergavenny,NA,146
6806,1637,1640,Bluntisham,Huntingdonshire,Huntingdonshire,Bluntisham,NA,4384
6815,1616,1619,Farnham,Surrey,Surrey,Farnham,NA,15845
6889,1638,1639,Middleton Cheney,Northamptonshire,Northamptonshire,Middleton Cheney,NA,30320
6945,1616,1620,Marlow,Buckinghamshire,Buckinghamshire,Marlow,NA,29492
6947,1612,1617,Llanarth,Monmouthshire,Monmouthshire,Llanarth,NA,26995
7192,1611,1617,Llandisart,Denbighshire,Denbighshire,NA,NA,NA
7229,1635,1640,Millbrook,Bedfordshire,Bedfordshire,Millbrook,NA,30529
7298,1637,1640,Islington,Middlesex,Middlesex,St Mary Islington,ID_30043,NA
7751,1631,1637,Brixworth,Northamptonshire,Northamptonshire,Brixworth,NA,5829
7808,1614,1618,Wigmore,Herefordshire,Herefordshire,Wigmore,NA,49831
7813,1618,1619,Greenwich,Kent,Kent,Greenwich,NA,19085
7908,1651,1656,Marlow,Buckinghamshire,Buckinghamshire,Marlow,NA,29492
8173,1638,1640,Chesson,Hertfordshire,Hertfordshire,NA,NA,NA
8178,1615,1618,Osseer,Warwickshire,Warwickshire,NA,NA,NA
8277,1615,1617,Claycoton,Northamptonshire,Northamptonshire,NA,NA,NA
8308,1617,1618,Bray,Berkshire,Berkshire,Bray,NA,5428
8326,1611,1618,Westminster,Middlesex,Middlesex,NA,NA,NA
8389,1618,1619,Great Marlow,Buckinghamshire,Buckinghamshire,Great Marlow,NA,58984
8467,1615,1620,Flerney,Leicestershire,Leicestershire,NA,NA,NA
8648,1639,1640,St Weonard,Herefordshire,Herefordshire,NA,NA,NA
8688,1616,1619,Winkfield,Berkshire,Berkshire,Winkfield,NA,50134
8740,1617,1618,Hesket,Cumberland,Cumberland,Hesket,NA,59526
8861,1637,1640,London,London,Middlesex,NA,NA,NA
8934,1616,1618,Caddington,Bedfordshire,Bedfordshire,Caddington,NA,7384
9086,1615,NA,Launceston,Cornwall,Cornwall,Launceston,NA,25686
9107,1645,1652,London,London,Middlesex,NA,NA,NA
9122,1638,1640,Thame,Oxfordshire,Oxfordshire,Thame,NA,44078
9140,1637,1640,London,London,Middlesex,NA,NA,NA
9191,1638,1639,Bristol,Gloucestershire,Gloucestershire,Bristol,NA,288655
9361,1614,1619,Harborough,Leicestershire,Leicestershire,Harborough,NA,NA
9375,1614,1618,Kingston,Surrey,Surrey,Kingston upon Thames,NA,24629
9755,1616,1619,Clyro,Herefordshire,Herefordshire,NA,NA,NA
9770,1631,NA,Southwark,Surrey,Surrey,NA,NA,NA
9786,1614,1617,Hampton,Shropshire,Shropshire,Hampton,NA,19950
9946,1624,1631,Quainton,Buckinghamshire,Buckinghamshire,Quainton,NA,37109
10467,1634,1639,Old,Northamptonshire,Northamptonshire,Old,NA,33761
10553,1633,1639,London,London,Middlesex,NA,NA,NA
10577,1617,1618,Woolstone,Gloucestershire,Gloucestershire,Woolstone,NA,50888
10692,1641,1643,Enfield,Middlesex,Middlesex,Enfield,NA,15358
11170,1617,1620,St Sepulchre,London,Middlesex,St Sepulchre,ID_30058,NA
11199,1615,1619,Cambridge,Cambridgeshire,Cambridgeshire,Cambridge,NA,7642
11400,1615,1618,West Haddon,Northamptonshire,Northamptonshire,West Haddon,NA,48608
11519,1639,1640,"Overton, Richards Castle",Shropshire,Shropshire,NA,NA,NA
11659,1615,1618,Easton,Somerset,Somerset,Easton,NA,14623
11684,1634,1640,London,London,Middlesex,NA,NA,NA
11743,NA,1617,Whittington,Derbyshire,Derbyshire,NA,NA,NA
11888,1637,1644,St Peter Chichester,Sussex,Sussex,NA,NA,NA
11986,1632,1639,East Bergholt,Suffolk,Suffolk,East Bergholt,NA,14185
12088,1613,1615,Southwark,Surrey,Surrey,NA,NA,NA
12195,1637,1639,Great Shelford,Cambridgeshire,Cambridgeshire,Great Shelford,NA,18719
12247,1612,1618,Pinchbeck,Yorkshire,Yorkshire,NA,NA,NA
12260,1638,1639,Scarborough,Yorkshire,Yorkshire,Scarborough,NA,39447
12263,1615,1618,Faldingworth,Lincolnshire,Lincolnshire,Faldingworth,NA,15718
12269,1637,1639,Droitwich,Worcestershire,Worcestershire,Droitwich,NA,NA
12493,1638,1640,NA,Lancashire,Lancashire,NA,NA,NA
12890,1638,1639,Worsley,Lancashire,Lancashire,Worsley,NA,51011
12980,1628,1630,Brough,Yorkshire,Yorkshire,Brough,NA,6299
13030,1622,1626,London,London,Middlesex,NA,NA,NA
13264,1634,1640,Farnby,Yorkshire,Yorkshire,NA,NA,NA
13429,1640,1643,Aston Clinton,Buckinghamshire,Buckinghamshire,Aston Clinton,NA,1554
13552,1633,1639,Guisborough,Yorkshire,Yorkshire,Guisborough,NA,19337
13685,1619,1623,Coventry,Warwickshire,Warwickshire,Coventry,NA,11138
13971,1635,1639,Bolton,Lancashire,Lancashire,Bolton,NA,4570
14002,1642,1643,London,London,Middlesex,NA,NA,NA
14024,1616,1618,London,London,Middlesex,NA,NA,NA
14055,1621,1623,London,London,Middlesex,NA,NA,NA
14156,1641,1643,London,London,Middlesex,NA,NA,NA
14236,1617,1619,Barnwell Abbey,Cambridgeshire,Cambridgeshire,NA,NA,NA
1590,1604,1609,Hereford,Herefordshire,Herefordshire,Hereford,NA,21293
2167,1606,1609,London,London,Middlesex,NA,NA,NA
2451,1605,1609,Godmersham,Kent,Kent,Godmersham,NA,18059
2484,1607,1609,Bellingham,Northumberland,Northumberland,Bellingham,NA,3189
2922,1606,1609,Cullumpton,Devon,Devon,NA,NA,NA
3643,1606,1609,Henvell,Sussex,Sussex,NA,NA,NA
3804,1608,1609,Great Hatfield,Yorkshire,Yorkshire,Great Hatfield,NA,18633
4827,1605,1609,Highgate,Middlesex,Middlesex,Highgate,NA,21782
4938,1608,1609,London,London,Middlesex,NA,NA,NA
6022,1604,1609,Southwark,Surrey,Surrey,NA,NA,NA
6284,1604,1609,Thistleworth,Middlesex,Middlesex,NA,NA,NA
7017,1603,1609,Gloucester,Gloucestershire,Gloucestershire,Gloucester,NA,17982
7134,1601,1609,Shrewsbury,Shropshire,Shropshire,Shrewsbury,NA,40345
8209,1605,1609,Wigan,Lancashire,Lancashire,Wigan,NA,49798
8695,1606,1609,Rennington,Northumberland,Northumberland,Rennington,NA,37706
9345,1604,1609,Walton,Leicestershire,Leicestershire,Walton,NA,47658
11280,1606,1609,Hilton,Wiltshire,Wiltshire,NA,NA,NA
11585,1607,1609,Quarne,Derbyshire,Derbyshire,NA,NA,NA
11749,1605,1609,Northampton,Northamptonshire,Northamptonshire,Northampton,NA,33285
12130,1607,1609,Crediton,Devon,Devon,Crediton,NA,11489
12223,1605,1609,Swinhope,Lincolnshire,Lincolnshire,Swinhope,NA,43565
14023,1603,1609,Whippingham,Hampshire,Hampshire,Whippingham,NA,49354
72,1608,1610,Bulwick,Northamptonshire,Northamptonshire,Bulwick,NA,6804
718,1606,1610,"Blackfriars, Ludgate",London,Middlesex,NA,NA,NA
1861,1609,1610,Bewdley,Worcestershire,Worcestershire,Bewdley,NA,3507
2379,1607,1610,Bath,Somerset,Somerset,Bath,NA,2744
3065,1604,1610,Barnby,Yorkshire,Yorkshire,Barnby,NA,55665
3576,1609,1610,Stanford,Norfolk,Norfolk,Stanford,NA,42063
4002,1609,1610,Spalding,Lincolnshire,Lincolnshire,Spalding,NA,41458
4187,1606,1610,Hareby,Lincolnshire,Lincolnshire,Hareby,NA,20172
4437,1607,1610,Pitchers Fields,Hampshire,Hampshire,NA,NA,NA
6316,1608,1610,London,London,Middlesex,NA,NA,NA
6586,1606,1610,Frome Selwood,Somerset,Somerset,NA,NA,NA
7395,1606,1610,St Martin,Middlesex,Middlesex,St Martin in the Fields,ID_30034,NA
8194,1609,1610,Stanford,Worcestershire,Worcestershire,NA,NA,NA
8750,1608,1610,Bristol,Gloucestershire,Gloucestershire,Bristol,NA,288655
8898,1608,1610,Perrin,Cornwall,Cornwall,NA,NA,NA
9298,1607,1610,Bradwell,Gloucestershire,Gloucestershire,NA,NA,NA
9507,1607,1610,Coventry,Warwickshire,Warwickshire,Coventry,NA,11138
9836,1606,1610,Wretham,Norfolk,Norfolk,Wretham,NA,65438
10362,1608,1610,Richmond,Surrey,Surrey,Richmond,NA,38028
10620,1607,1610,Awster,Warwickshire,Warwickshire,NA,NA,NA
10848,1609,1610,Stanstead,Hertfordshire,Hertfordshire,NA,NA,NA
10852,1607,1610,Easebourne,Sussex,Sussex,Easebourne,NA,14144
10950,1607,1609,Yewley,Gloucestershire,Gloucestershire,NA,NA,NA
11623,1609,1610,Great Massingham,Norfolk,Norfolk,Great Massingham,NA,18676
12410,1607,1610,Midlum,Yorkshire,Yorkshire,NA,NA,NA
12814,1607,1610,Brewton,Somerset,Somerset,NA,NA,NA
12868,1603,1610,Chipping Farrington,Berkshire,Berkshire,NA,NA,NA
12955,1608,NA,Tiverton,Devon,Devon,Tiverton,NA,45049
14199,1601,1610,Pembury,Kent,Kent,Pembury,NA,34999
553,1608,1610,NA,Cambridgeshire,Cambridgeshire,NA,NA,NA
842,1607,1610,Pontefract,Yorkshire,Yorkshire,Pontefract,NA,36314
2690,1605,1610,London,London,Middlesex,NA,NA,NA
3108,1606,1610,Winchester,Hampshire,Hampshire,Winchester,NA,50050
4846,1607,1610,Bodnott,Northamptonshire,Northamptonshire,NA,NA,NA
5556,1606,1610,Meopham,Kent,Kent,Meopham,NA,30033
5771,1609,1610,Badger,Somerset,Somerset,NA,NA,NA
6587,1607,1610,Frome Selwood,Somerset,Somerset,NA,NA,NA
8353,1608,1610,Musgrave,Westmorland,Westmorland,Musgrave,NA,61457
13190,1608,1610,Oxford,Oxfordshire,Oxfordshire,Oxford,NA,34379
538,1612,1613,Kirkby Furness,Lancashire,Lancashire,NA,NA,NA
4319,1607,1611,London,London,Middlesex,NA,NA,NA
6822,1610,1611,Shuckburgh,Warwickshire,Warwickshire,NA,NA,NA
171,1610,1611,Crisby,Lincolnshire,Lincolnshire,NA,NA,NA
958,1605,1611,Pudlicott,Oxfordshire,Oxfordshire,NA,NA,NA
1130,1610,1611,Ratcliff,Middlesex,Middlesex,Ratcliffe,ID_30177,NA
1259,1609,1611,Burton upon Trent,Staffordshire,Staffordshire,Burton upon Trent,NA,7145
3462,1609,1611,London,London,Middlesex,NA,NA,NA
3749,1610,1611,Ware,Herefordshire,Herefordshire,NA,NA,NA
5984,1609,1611,Hedden,Norfolk,Norfolk,NA,NA,NA
6285,1605,1611,Malham,Yorkshire,Yorkshire,Malham,NA,29202
6624,1609,1611,Fayresley,Staffordshire,Staffordshire,NA,NA,NA
7292,1610,1611,London,London,Middlesex,NA,NA,NA
8382,1607,1611,Fillongley,Warwickshire,Warwickshire,Fillongley,NA,16238
11586,1605,1611,London,London,Middlesex,NA,NA,NA
11935,1606,1611,Stretton,Cheshire,Cheshire,NA,NA,NA
12174,1607,1611,London,London,Middlesex,NA,NA,NA
13326,1609,1611,Storester,Dorset,Dorset,NA,NA,NA
13597,1608,1611,Kingswinford,Staffordshire,Staffordshire,Kingswinford,NA,24646
13770,1605,1611,London,London,Middlesex,NA,NA,NA
530,1610,1612,Exeter,Devon,Devon,Exeter,NA,15586
651,1608,1613,London,London,Middlesex,NA,NA,NA
1483,1611,1612,Nottingham,Nottinghamshire,Nottinghamshire,Nottingham,NA,33480
2570,1608,1613,Stowey,Somerset,Somerset,Stowey,NA,42830
9462,1610,1613,Chiselborough,Somerset,Somerset,Chiselborough,NA,9228
10263,1611,1613,Warborough,Oxfordshire,Oxfordshire,Warborough,NA,47737
10335,1611,1613,Wing,Buckinghamshire,Buckinghamshire,Wing,NA,50114
10825,1610,1614,Lewes,Sussex,Sussex,Lewes,NA,26145
11074,1609,1613,Maidenhead,Berkshire,Berkshire,Maidenhead,NA,29145
11418,1609,1612,Bedlington,County Durham,County Durham,NA,NA,NA
4970,1612,1616,London,London,Middlesex,NA,NA,NA
283,1608,1614,Ware,Hertfordshire,Hertfordshire,Ware,NA,47782
2782,1611,1614,London,London,Middlesex,NA,NA,NA
3109,1610,1614,Chattam,Kent,Kent,NA,NA,NA
3460,1612,1614,Uley,Gloucestershire,Gloucestershire,Uley,NA,46697
5398,1613,1614,Landrithloe,Denbighshire,Denbighshire,NA,NA,NA
5976,1612,1614,Clixby,Lincolnshire,Lincolnshire,Clixby,NA,9910
6444,1613,1614,Torrington,Devon,Devon,NA,NA,NA
609,1615,1616,Wellingborough,Northamptonshire,Northamptonshire,Wellingborough,NA,48267
2215,1612,1616,St Clement Temple Bar,London,Middlesex,St Clement Danes,ID_30015,NA
4267,1613,1617,Sedelscombe,Sussex,Sussex,NA,NA,NA
5658,1619,1620,London,London,Middlesex,NA,NA,NA
8388,1605,1609,London,London,Middlesex,NA,NA,NA
10744,1602,1609,Kings Bromley,Staffordshire,Staffordshire,Kings Bromley,NA,NA
11387,1614,1617,North Cadbury,Somerset,Somerset,North Cadbury,NA,33008
13418,1614,1617,Wynnall,Herefordshire,Herefordshire,NA,NA,NA
379,1617,1619,Alderchurch,Lincolnshire,Lincolnshire,NA,NA,NA
9731,1617,1619,Exeter,Devon,Devon,Exeter,NA,15586
9780,1618,1620,Churchstock,Montgomeryshire,Montgomeryshire,NA,NA,NA
12865,1615,1617,Henley upon Thames,Oxfordshire,Oxfordshire,Henley on Thames,NA,21225
959,1619,1620,London,London,Middlesex,NA,NA,NA
2663,1613,1620,Little Brampton,Shropshire,Shropshire,Little Brampton,NA,26493
2865,1614,1620,Burford,Oxfordshire,Oxfordshire,Burford,NA,6867
4256,1617,1619,Clanyesten,Caernarvonshire,Caernarvonshire,NA,NA,NA
5733,1617,1619,Moulton,Lincolnshire,Lincolnshire,Moulton,NA,31337
6838,1617,1619,Torsey,Lincolnshire,Lincolnshire,NA,NA,NA
7609,1613,1619,NA,Northamptonshire,Northamptonshire,NA,NA,NA
7848,1614,1620,Allhaland,Herefordshire,Herefordshire,NA,NA,NA
8738,1618,1620,Cley,Norfolk,Norfolk,NA,NA,NA
8945,1617,1620,Ruislip,Middlesex,Middlesex,Ruislip,NA,38815
10961,1617,1619,Brill als Brehill,Buckinghamshire,Buckinghamshire,NA,NA,NA
11066,1617,1620,Blatchington,Sussex,Sussex,NA,NA,NA
11321,1613,1620,Barking,Essex,Essex,Barking,NA,2398
362,1617,1619,Stanton,Lancashire,Lancashire,NA,NA,NA
644,1612,1620,Fressingfield,Suffolk,Suffolk,Fressingfield,NA,16955
754,1618,1620,Southwark,Surrey,Surrey,NA,NA,NA
1065,1616,1620,Wakefield,Yorkshire,Yorkshire,Wakefield,NA,47455
2266,1617,1620,Boldington,Cheshire,Cheshire,NA,NA,NA
3167,1617,1620,Coventry,Warwickshire,Warwickshire,Coventry,NA,11138
3565,1618,1620,Brackby,Leicestershire,Leicestershire,NA,NA,NA
6733,1618,1620,Bridgerood,Devon,Devon,NA,NA,NA
6828,1615,1619,Bristol,Gloucestershire,Gloucestershire,Bristol,NA,288655
7296,1611,1620,Alderford,Norfolk,Norfolk,Alderford,NA,544
7583,1616,1619,London,London,Middlesex,NA,NA,NA
7590,1616,1620,Ringmere,Sussex,Sussex,NA,NA,NA
7919,1619,1620,Mucklestone,Staffordshire,Staffordshire,Mucklestone,NA,31473
8387,1618,1620,Benefield,Northamptonshire,Northamptonshire,Benefield,NA,55855
9338,1618,1620,Kingston,Surrey,Surrey,Kingston upon Thames,NA,24629
9710,1621,1620,Abberton,Worcestershire,Worcestershire,Abberton,NA,7
10613,1612,1620,Sibber,Yorkshire,Yorkshire,NA,NA,NA
11528,1618,1619,Stratford Langton,Essex,Essex,NA,NA,NA
12099,1613,1620,Hertford,Hertfordshire,Hertfordshire,Hertford,NA,21349
12969,1617,1620,Brampton,Northamptonshire,Northamptonshire,NA,NA,NA
13718,1620,1620,Pontefract,Yorkshire,Yorkshire,Pontefract,NA,36314
13774,1617,1620,Rhushnant,Montgomeryshire,Montgomeryshire,NA,NA,NA
3847,1627,1628,Bridgnorth,Shropshire,Shropshire,Bridgnorth,NA,5687
7510,1627,1629,Wells,Somerset,Somerset,Wells,NA,48288
2093,1617,1622,Swateley,Oxfordshire,Oxfordshire,NA,NA,NA
4899,1619,1622,Cobham,Surrey,Surrey,Cobham,NA,10092
5846,1619,1622,Leominster,Herefordshire,Herefordshire,Leominster,NA,26048
6060,1621,1622,London Colney,Hertfordshire,Hertfordshire,London Colney,NA,27892
8733,1621,1622,Nantwich,Cheshire,Cheshire,Nantwich,NA,31740
617,1620,1623,Wellingborough,Northamptonshire,Northamptonshire,Wellingborough,NA,48267
1673,1621,1623,Sarne,Dorset,Dorset,NA,NA,NA
1702,1621,1623,Milton Bryan,Bedfordshire,Bedfordshire,Milton Bryan,NA,30658
2498,1621,1623,St Katherine by the Tower,London,Middlesex,Precinct of St Katherine,ID_30181,NA
8591,1620,1623,Lincoln,Lincolnshire,Lincolnshire,Lincoln,NA,26300
8706,1618,1623,London,London,Middlesex,NA,NA,NA
10482,1617,1623,London,London,Middlesex,NA,NA,NA
11771,1621,1623,Westminster,Middlesex,Middlesex,NA,NA,NA
12230,1620,1622,London,London,Middlesex,NA,NA,NA
12281,1620,1623,St Giles Cripplegate,London,Middlesex,St Giles Cripplegate,ID_30100,NA
13085,1618,1623,Northampton,Northamptonshire,Northamptonshire,Northampton,NA,33285
14209,1621,1623,Reymerston,Norfolk,Norfolk,Reymerston,NA,37748
306,1619,1624,Burstwicke,Yorkshire,Yorkshire,NA,NA,NA
1198,1618,1624,Britwell,Berkshire,Berkshire,NA,NA,NA
1208,1620,1624,Limehouse,Middlesex,Middlesex,St Anne Limehouse,ID_30176,NA
2367,1616,1624,Selmeston,Sussex,Sussex,Selmeston,NA,39735
4791,1620,1624,Quarne,Leicestershire,Leicestershire,NA,NA,NA
6644,1619,1624,Ware,Hertfordshire,Hertfordshire,Ware,NA,47782
6757,1620,1624,Wanstead,Essex,Essex,Wanstead,NA,47724
6857,1617,1624,Derby,Derbyshire,Derbyshire,Derby,NA,12974
6892,1623,1624,Kendal,Westmorland,Westmorland,Kendal,NA,24037
7230,1620,1624,Springlane,Cheshire,Cheshire,NA,NA,NA
7481,1622,1624,London,London,Middlesex,NA,NA,NA
7506,1623,1624,Polesworth,Warwickshire,Warwickshire,Polesworth,NA,36202
7948,1622,1624,Langridge,Hampshire,Hampshire,NA,NA,NA
9256,1620,1624,Middleton,Westmorland,Westmorland,Middleton,NA,30300
10522,1621,1624,London,London,Middlesex,NA,NA,NA
11624,1622,1624,Colne,Lancashire,Lancashire,Colne,NA,10426
12532,1618,1624,Hough,Lincolnshire,Lincolnshire,NA,NA,NA
14155,1621,1626,London,London,Middlesex,NA,NA,NA
448,1622,1624,Wingham,Kent,Kent,Wingham,NA,50128
804,1617,1624,Stanford,Essex,Essex,NA,NA,NA
1136,1622,1624,Kennington,Berkshire,Berkshire,Kennington,NA,24071
2686,1619,1623,Soutwark,Surrey,Surrey,NA,NA,NA
3233,1620,1624,Newcastle inder Lyme,Staffordshire,Staffordshire,NA,NA,NA
3482,1619,1624,London,London,Middlesex,NA,NA,NA
4250,1619,1624,Richen,Denbighshire,Denbighshire,NA,NA,NA
5186,1619,1624,Charminster,Dorset,Dorset,Charminster,NA,8834
8430,1621,1624,Upton,Herefordshire,Herefordshire,NA,NA,NA
10050,1621,1623,Hilbrooke,Herefordshire,Herefordshire,NA,NA,NA
10227,1620,1624,London,London,Middlesex,NA,NA,NA
10865,1621,1624,Ormechurch,Lancashire,Lancashire,NA,NA,NA
11837,1620,1624,Henley,Oxfordshire,Oxfordshire,Henley on Thames,NA,21225
12042,1622,1624,Sleydon,Oxfordshire,Oxfordshire,NA,NA,NA
13568,1622,1624,London,London,Middlesex,NA,NA,NA
13634,1622,1624,Tickhill,Yorkshire,Yorkshire,Tickhill,NA,44861
13652,1622,1624,London,London,Middlesex,NA,NA,NA
13668,1622,1624,Edstaston,Shropshire,Shropshire,Edstaston,NA,14850
6,1629,1632,Hensington near Woodstock,Oxfordshire,Oxfordshire,NA,NA,NA
97,1625,1629,London,London,Middlesex,NA,NA,NA
412,1622,1628,Great Marlow,Buckinghamshire,Buckinghamshire,Great Marlow,NA,58984
450,1630,1632,Wellingborough,Northamptonshire,Northamptonshire,Wellingborough,NA,48267
556,1619,1624,Digswell,Hertfordshire,Hertfordshire,Digswell,NA,13072
736,1622,1624,Anstey,Wiltshire,Wiltshire,NA,NA,NA
1015,1624,1625,Harlestone,Lincolnshire,Lincolnshire,NA,NA,NA
1142,1620,1626,Grafton,Yorkshire,Yorkshire,Grafton,NA,18368
1510,1627,1632,Vimtrowe,Sussex,Sussex,NA,NA,NA
1607,1622,1626,Yarborough,Lincolnshire,Lincolnshire,Yarborough,NA,51339
1656,1627,1629,Maulicke,Shropshire,Shropshire,NA,NA,NA
1719,1618,1623,Sacombury,Hertfordshire,Hertfordshire,NA,NA,NA
1753,1630,1631,St Giles Cripplegate,London,Middlesex,St Giles Cripplegate,ID_30100,NA
1850,1626,1628,Limehouse,Middlesex,Middlesex,St Anne Limehouse,ID_30176,NA
2472,1626,1629,London,London,Middlesex,NA,NA,NA
2798,1625,1626,Southwell,Essex,Essex,NA,NA,NA
2816,1624,1632,Yelvertoft,Northamptonshire,Northamptonshire,Yelvertoft,NA,51420
3365,1618,1624,Waltham Abbey,Essex,Essex,Waltham Abbey,NA,47635
3735,1621,1626,Trentham,Staffordshire,Staffordshire,Trentham,NA,45957
4151,1632,1632,Plumstead,Kent,Kent,Plumstead,NA,36144
4184,1622,1626,Brockholes,Lancashire,Lancashire,NA,NA,NA
4680,1626,1631,Alwoodley,Yorkshire,Yorkshire,Alwoodley,NA,831
4796,1625,1626,Canterbury,Kent,Kent,Canterbury,NA,7771
5138,1631,1632,St Lawrence Pountney,London,Middlesex,St Laurence Pountney,ID_30120,NA
5247,1620,1626,Borne,Cumberland,Cumberland,NA,NA,NA
5313,1626,1629,Hendly,Bedfordshire,Bedfordshire,NA,NA,NA
5629,1619,1625,Mirfield,Yorkshire,Yorkshire,Mirfield,NA,30758
5638,1621,1625,Kettleby super Montem,Leicestershire,Leicestershire,NA,NA,NA
6038,1627,1629,Bengeor,Worcestershire,Worcestershire,NA,NA,NA
6466,1624,1626,London,London,Middlesex,NA,NA,NA
6556,1622,1626,Ripon,Yorkshire,Yorkshire,Ripon,NA,38167
6599,1618,1625,Waltham Abbey,Essex,Essex,Waltham Abbey,NA,47635
7041,1623,1624,Sutton,Cambridgeshire,Cambridgeshire,Sutton,NA,43348
7866,1623,1626,Southwark,Surrey,Surrey,NA,NA,NA
8392,1618,1626,St Neild,Glamorgan,Glamorgan,NA,NA,NA
8426,1616,1624,London,London,Middlesex,NA,NA,NA
8735,1622,1624,Berwick,Northumberland,Northumberland,Berwick upon Tweed,NA,3424
9230,1628,1632,Wigan,Lancashire,Lancashire,Wigan,NA,49798
9556,1621,1626,Gretton,Northamptonshire,Northamptonshire,Gretton,NA,19125
9578,1627,1632,London,London,Middlesex,NA,NA,NA
9656,1627,1628,Ware,Hertfordshire,Hertfordshire,Ware,NA,47782
10024,1622,1625,Kellam,Northumberland,Northumberland,NA,NA,NA
10053,1628,1632,Little Brampton,Shropshire,Shropshire,Little Brampton,NA,26493
10297,1617,1624,Moreton,Essex,Essex,Moreton,NA,31144
10677,1631,1632,"St Mary Magdalen, Southwark",Surrey,Surrey,St Mary Magdalen Bermondsey,ID_30004,NA
10836,1622,1625,Halstock,Dorset,Dorset,Halstock,NA,19817
11369,1624,1632,Orton,Cumberland,Cumberland,Orton,NA,61936
12064,1620,1625,Walton on the Wolds,Leicestershire,Leicestershire,Walton on the Wolds,NA,47676
12244,1619,1624,Southfleet,Kent,Kent,Southfleet,NA,41371
12315,1627,1628,Maresfield,Sussex,Sussex,Maresfield,NA,29402
12330,1623,1625,Earsly,Herefordshire,Herefordshire,NA,NA,NA
12746,1623,1626,Hardwick,Herefordshire,Herefordshire,NA,NA,NA
12872,1617,1626,Petersfield,Hampshire,Hampshire,Petersfield,NA,35722
13826,1624,1626,Greenwich,Kent,Kent,Greenwich,NA,19085
14084,1619,1624,Northam,Devon,Devon,Northam,NA,33283
73,1621,1625,Great Haddam,Hertfordshire,Hertfordshire,NA,NA,NA
358,1622,1625,Knoyle,Wiltshire,Wiltshire,NA,NA,NA
402,1621,1625,Norrell,Bedfordshire,Bedfordshire,NA,NA,NA
463,1621,NA,Bishops,Warwickshire,Warwickshire,NA,NA,NA
1131,1624,1626,Goodwick in Eaton,Bedfordshire,Bedfordshire,NA,NA,NA
1479,1618,1626,London,London,Middlesex,NA,NA,NA
1642,1622,1625,Herne,Bedfordshire,Bedfordshire,NA,NA,NA
1747,1622,1625,Norwich,Cheshire,Cheshire,NA,NA,NA
1951,1622,1625,Long Sutton,Somerset,Somerset,Long Sutton,NA,27975
2281,1624,1626,Thornton Steward,Yorkshire,Yorkshire,Thornton Steward,NA,44612
2471,1626,1626,Codrington,Gloucestershire,Gloucestershire,Codrington,NA,10173
2676,1623,1625,Nappen,Warwickshire,Warwickshire,NA,NA,NA
3084,1620,1626,Southampton,Hampshire,Hampshire,Southampton,NA,41322
4191,1622,1625,London,London,Middlesex,NA,NA,NA
4351,1624,1626,Winfrith,Dorset,Dorset,NA,NA,NA
4541,1620,1626,Newbury,Berkshire,Berkshire,Newbury,NA,32415
4757,1620,1626,Nantwich,Cheshire,Cheshire,Nantwich,NA,31740
5369,1618,1625,Ashover,Derbyshire,Derbyshire,Ashover,NA,1426
5767,1622,1626,Lincoln,Lincolnshire,Lincolnshire,Lincoln,NA,26300
6831,1621,1624,Swinerton,Northamptonshire,Northamptonshire,NA,NA,NA
6995,1623,1625,Bradford,Yorkshire,Yorkshire,Bradford,NA,5143
7428,1622,1626,Wandsworth,Surrey,Surrey,Wandsworth,NA,47714
8318,1620,1625,Edmonton,Middlesex,Middlesex,Edmonton,NA,14841
8836,1619,1625,London,London,Middlesex,NA,NA,NA
8860,1624,1626,Warwick,Warwickshire,Warwickshire,Warwick,NA,47885
8863,1620,1626,Wem,Shropshire,Shropshire,Wem,NA,48335
9716,1624,1625,Enfield,Middlesex,Middlesex,Enfield,NA,15358
9726,1624,1625,Farnborough,Hampshire,Hampshire,Farnborough,NA,15830
9744,1620,1625,Newport,Shropshire,Shropshire,Newport,NA,32569
9775,1618,1625,Woodhampton,Herefordshire,Herefordshire,NA,NA,NA
9839,1619,1625,Stockton,Shropshire,Shropshire,NA,NA,NA
9870,1623,1626,Masberry,Wiltshire,Wiltshire,NA,NA,NA
10222,1621,1625,Rewquith,Yorkshire,Yorkshire,NA,NA,NA
10855,1623,1625,Eston,Leicestershire,Leicestershire,NA,NA,NA
11330,1620,1624,Little Raveley,Huntingdonshire,Huntingdonshire,Little Raveley,NA,26758
11700,1618,1625,Coventry,Warwickshire,Warwickshire,Coventry,NA,11138
14152,1622,1626,London,London,Middlesex,NA,NA,NA
193,1621,1626,NA,Northamptonshire,Northamptonshire,NA,NA,NA
224,1621,1625,London,London,Middlesex,NA,NA,NA
1262,1619,1626,Cirencester,Gloucestershire,Gloucestershire,Cirencester,NA,9528
1504,1625,1626,Dedham,Essex,Essex,Dedham,NA,12810
2159,1621,1625,St Giles Cripplegate,London,Middlesex,St Giles Cripplegate,ID_30100,NA
2449,1622,1626,Woofen,Buckinghamshire,Buckinghamshire,NA,NA,NA
3231,1622,1626,Little Casterton,Rutland,Rutland,Little Casterton,NA,26514
3493,1624,1626,Stogumber,Somerset,Somerset,Stogumber,NA,42511
3637,1623,1626,Hurst,Berkshire,Berkshire,Hurst,NA,23283
4307,1622,1625,Berry,Suffolk,Suffolk,NA,NA,NA
4551,1618,1625,Chepstead,Kent,Kent,NA,NA,NA
4632,1625,1626,London,London,Middlesex,NA,NA,NA
4644,1622,1626,Benefield,Northamptonshire,Northamptonshire,Benefield,NA,55855
5352,1621,1626,Nantwich,Cheshire,Cheshire,Nantwich,NA,31740
6261,NA,1626,London,London,Middlesex,NA,NA,NA
6313,1621,1626,Lavand,Sussex,Sussex,NA,NA,NA
7183,1622,1625,London,London,Middlesex,NA,NA,NA
7802,1620,1626,Shrewsbury,Shropshire,Shropshire,Shrewsbury,NA,40345
8494,1621,1626,London,London,Middlesex,NA,NA,NA
9022,1625,1626,Stanbourne,Yorkshire,Yorkshire,NA,NA,NA
9205,1623,1626,Whitnash,Warwickshire,Warwickshire,Whitnash,NA,49628
9455,1621,1626,Westminster,Middlesex,Middlesex,NA,NA,NA
9695,1620,1626,London,London,Middlesex,NA,NA,NA
9843,1623,1626,Tamworth,Staffordshire,Staffordshire,Tamworth,NA,43773
10284,1622,1626,London,London,Middlesex,NA,NA,NA
10326,1622,1625,Turly,Gloucestershire,Gloucestershire,NA,NA,NA
10392,1624,1626,Prestane,Herefordshire,Herefordshire,NA,NA,NA
10505,1622,1627,London,London,Middlesex,NA,NA,NA
10614,1624,1626,St Towle Southwark,Surrey,Surrey,St Olave Southwark,ID_30002,NA
10699,1622,1626,Huske,Monmouthshire,Monmouthshire,NA,NA,NA
10801,1624,1626,London,London,Middlesex,NA,NA,NA
10804,1619,1626,Fareham,Hampshire,Hampshire,Fareham,NA,15777
11004,1620,1626,London,London,Middlesex,NA,NA,NA
11070,1623,1626,Upper Swell,Gloucestershire,Gloucestershire,Upper Swell,NA,47075
11138,1621,1626,London,London,Middlesex,NA,NA,NA
11297,1621,1626,Desford,Leicestershire,Leicestershire,Desford,NA,13009
11487,1622,1626,Stratford,Warwickshire,Warwickshire,NA,NA,NA
11613,1619,1626,Marston,Bedfordshire,Bedfordshire,NA,NA,NA
11707,1621,1626,London,London,Middlesex,NA,NA,NA
11762,1622,1626,Cheston,Buckinghamshire,Buckinghamshire,NA,NA,NA
12228,1622,1626,Eagle,Lincolnshire,Lincolnshire,Eagle,NA,14070
12655,1622,1626,Southill,Bedfordshire,Bedfordshire,Southill,NA,41384
13468,1620,1626,Peterborough,Northamptonshire,Northamptonshire,Peterborough,NA,35713
14183,1618,1625,Witchbould,Worcestershire,Worcestershire,NA,NA,NA
546,1623,1626,Reading,Berkshire,Berkshire,Reading,NA,37532
645,1618,1626,Staverton,Gloucestershire,Gloucestershire,Staverton,NA,42265
1434,1623,1626,Cavendish,Suffolk,Suffolk,Cavendish,NA,8419
1956,1621,1625,Hulford,Warwickshire,Warwickshire,NA,NA,NA
3068,1623,1626,NA,Devon,Devon,NA,NA,NA
4228,1624,1625,London,London,Middlesex,NA,NA,NA
5536,1624,1626,London,London,Middlesex,NA,NA,NA
5738,1622,1626,London,London,Middlesex,NA,NA,NA
5778,1623,1626,London,London,Middlesex,NA,NA,NA
7299,1622,1626,London,London,Middlesex,NA,NA,NA
7443,1620,1626,Keldon,Essex,Essex,NA,NA,NA
7819,1623,1626,Gloucester,Gloucestershire,Gloucestershire,Gloucester,NA,17982
8613,1624,1626,NA,Surrey,Surrey,NA,NA,NA
10228,1620,1626,London,London,Middlesex,NA,NA,NA
11247,1619,1626,Ripon,Yorkshire,Yorkshire,Ripon,NA,38167
11972,1620,1626,Kingsland,Herefordshire,Herefordshire,Kingsland,NA,24573
12082,1634,1636,Barrow upon Soar,Leicestershire,Leicestershire,Barrow upon Soar,NA,2579
12487,1621,1626,Newport,Buckinghamshire,Buckinghamshire,NA,NA,NA
12671,1623,1626,Sudbrooke,Lincolnshire,Lincolnshire,Sudbrooke,NA,43195
13628,1624,1626,Stroud,Gloucestershire,Gloucestershire,Stroud,NA,43087
14123,1624,1626,Binchester,County Durham,County Durham,Binchester,NA,3689
129,1620,1626,Bicester,Oxfordshire,Oxfordshire,Bicester,NA,3532
2552,1653,1658,Cranbrook,Kent,Kent,Cranbrook,NA,11396
3002,1653,1658,Owston,Leicestershire,Leicestershire,Owston,NA,34353
3843,1656,1657,Upton,Northamptonshire,Northamptonshire,NA,NA,NA
4700,1655,1658,Heyworth,Wiltshire,Wiltshire,NA,NA,NA
5759,1655,1656,Hovingham,Yorkshire,Yorkshire,Hovingham,NA,22996
5770,1652,1656,London,London,Middlesex,NA,NA,NA
5857,1656,1656,Southwark,Surrey,Surrey,NA,NA,NA
5971,1654,1656,Waltham Holy Cross,Essex,Essex,Waltham Holy Cross,NA,NA
8147,1649,1656,Poole,Dorset,Dorset,Poole,NA,36438
14106,1653,1656,Whitchurch,Shropshire,Shropshire,Whitchurch,NA,49391
187,1625,1626,London,London,Middlesex,NA,NA,NA
1553,1619,1626,Chesten,Hertfordshire,Hertfordshire,NA,NA,NA
3218,1624,1626,Saintbury,Gloucestershire,Gloucestershire,Saintbury,NA,39030
3783,1622,1626,Symington,Yorkshire,Yorkshire,NA,NA,NA
3784,1625,1626,Church Oakley,Hampshire,Hampshire,NA,NA,NA
5072,1620,1626,London,London,Middlesex,NA,NA,NA
8219,1622,1626,NA,Wiltshire,Wiltshire,NA,NA,NA
10436,1620,1626,Carlton,Yorkshire,Yorkshire,NA,NA,NA
10990,1622,1626,Bromham,Bedfordshire,Bedfordshire,Bromham,NA,6060
13053,1625,1626,Helsby,Cheshire,Cheshire,Helsby,NA,21089
13415,1625,1626,Abingdon,Berkshire,Berkshire,Abingdon,NA,287768
2965,1624,1627,London,London,Middlesex,NA,NA,NA
3014,1626,1627,London,London,Middlesex,NA,NA,NA
3413,1624,1627,London,London,Middlesex,NA,NA,NA
4809,1624,1627,London,London,Middlesex,NA,NA,NA
7624,1625,1627,St Martin in the Fields,Middlesex,Middlesex,St Martin in the Fields,ID_30034,NA
8628,1624,1627,Grenton,Lincolnshire,Lincolnshire,NA,NA,NA
10226,1626,1627,Stony Stratford,Buckinghamshire,Buckinghamshire,Stony Stratford,NA,42745
10261,1626,1627,Soutwark,Surrey,Surrey,NA,NA,NA
10264,1625,1627,Thornby,Northamptonshire,Northamptonshire,Thornby,NA,44520
10781,1622,1627,Cullompton,Devon,Devon,Cullompton,NA,12104
11529,1626,1627,Dracott,Worcestershire,Worcestershire,NA,NA,NA
12815,1621,1627,Hackney,Middlesex,Middlesex,Hackney,NA,19524
13656,1626,1627,Sambourn,Warwickshire,Warwickshire,NA,NA,NA
1249,1622,1627,Carlisle,Cumberland,Cumberland,Carlisle,NA,7942
1258,1622,1627,Norton,County Durham,County Durham,Norton,NA,33389
1478,1618,1626,London,London,Middlesex,NA,NA,NA
1941,1624,1627,Barham,Lincolnshire,Lincolnshire,NA,NA,NA
2044,1625,NA,Bugden,Huntingdonshire,Huntingdonshire,NA,NA,NA
2194,1621,1627,Kingsland,Hertfordshire,Hertfordshire,NA,NA,NA
3797,1625,1627,Bracknall,Nottinghamshire,Nottinghamshire,NA,NA,NA
4284,1622,1627,Trumpington,Cambridgeshire,Cambridgeshire,Trumpington,NA,46257
4628,1621,1627,Aylesbury,Buckinghamshire,Buckinghamshire,Aylesbury,NA,1773
4755,1625,1627,Heather,Leicestershire,Leicestershire,Heather,NA,20930
4825,1626,1627,Uxbridge,Oxfordshire,Oxfordshire,NA,NA,NA
5592,1622,1627,London,London,Middlesex,NA,NA,NA
6042,1623,1627,St Katherine Creechurch,London,Middlesex,St Katherine Creechurch,ID_30156,NA
8248,1622,NA,Fishlocke,Yorkshire,Yorkshire,NA,NA,NA
8454,1625,1627,St Andrew Holborn,Middlesex,Middlesex,St Andrew Holborn,ID_127848,NA
9250,1623,1627,Walworth,Surrey,Surrey,Walworth,NA,47702
10465,1626,1627,Haadleigh,Suffolk,Suffolk,NA,NA,NA
11710,1626,1627,London,London,Middlesex,NA,NA,NA
12242,1619,1627,Fettersfeild,Hampshire,Hampshire,NA,NA,NA
12613,1623,1627,Preston,Northamptonshire,Northamptonshire,NA,NA,NA
13935,1619,1627,Stocks,Shropshire,Shropshire,NA,NA,NA
176,1626,1627,London,London,Middlesex,NA,NA,NA
247,1624,1627,Amesbury,Wiltshire,Wiltshire,Amesbury,NA,861
345,1624,1627,Chalbury,Dorset,Dorset,Chalbury,NA,8605
813,1626,1627,London,London,Middlesex,NA,NA,NA
1427,1623,1627,Bradford,Yorkshire,Yorkshire,Bradford,NA,5143
1886,1622,1627,Ickburgh,Norfolk,Norfolk,Ickburgh,NA,23424
1907,1625,1627,Ewelme,Oxfordshire,Oxfordshire,Ewelme,NA,15559
2013,1626,1627,Knutsford,Cheshire,Cheshire,Knutsford,NA,25165
2321,1626,1627,Tewkesbury,Gloucestershire,Gloucestershire,Tewkesbury,NA,44069
2487,1622,1627,Whitechapel,Middlesex,Middlesex,St Mary Whitechapel,ID_127867,NA
2523,1623,1627,Barkway,Hertfordshire,Hertfordshire,Barkway,NA,2405
3044,1621,1627,Harcliffe,Kent,Kent,NA,NA,NA
3055,1622,1627,Elstead,Bedfordshire,Bedfordshire,NA,NA,NA
3335,1626,1627,Cawkett,Northamptonshire,Northamptonshire,NA,NA,NA
3760,1624,1627,Swately,Oxfordshire,Oxfordshire,NA,NA,NA
4312,1624,1627,London,London,Middlesex,NA,NA,NA
4494,1625,1627,Stratford Langton,Essex,Essex,NA,NA,NA
5278,1624,1627,Colledge,Staffordshire,Staffordshire,NA,NA,NA
5320,1623,1627,Redmile,Leicestershire,Leicestershire,Redmile,NA,37646
5427,1625,1627,Chilton,Buckinghamshire,Buckinghamshire,Chilton,NA,9166
5445,1624,1627,London,London,Middlesex,NA,NA,NA
6087,1620,1627,Westminster,London,Middlesex,NA,NA,NA
6184,1622,1627,London,London,Middlesex,NA,NA,NA
6303,1625,1627,Eltham,Kent,Kent,Eltham,NA,15140
6419,1623,1627,Bedale,Yorkshire,Yorkshire,Bedale,NA,2993
7340,1624,1627,Westminster,Middlesex,Middlesex,NA,NA,NA
7476,1625,1627,Westminster,Middlesex,Middlesex,NA,NA,NA
8181,1622,1627,Stourbridge,Worcestershire,Worcestershire,Stourbridge,NA,42791
8497,1626,1627,Lincoln,Lincolnshire,Lincolnshire,Lincoln,NA,26300
8514,1624,1627,Poole,Dorset,Dorset,Poole,NA,36438
9360,1620,1627,Southwark,Surrey,Surrey,NA,NA,NA
9670,1626,1627,Codicote,Hertfordshire,Hertfordshire,Codicote,NA,10165
9972,1626,1627,Southwark,Surrey,Surrey,NA,NA,NA
9996,1622,1627,Buckingham,Buckinghamshire,Buckinghamshire,Buckingham,NA,6650
10022,1624,1627,Priors Dean,Hampshire,Hampshire,NA,NA,NA
10052,1621,1627,Henley upon Thames,Oxfordshire,Oxfordshire,Henley on Thames,NA,21225
10180,1626,1627,Troffanne,Merionethshire,Merionethshire,NA,NA,NA
10276,1624,1627,Staithes,Yorkshire,Yorkshire,Staithes,NA,41999
10292,1626,1627,London,London,Middlesex,NA,NA,NA
10648,1623,1627,London,London,Middlesex,NA,NA,NA
11249,1625,1627,London,London,Middlesex,NA,NA,NA
11574,1622,1627,Warwick,Warwickshire,Warwickshire,Warwick,NA,47885
11740,1626,1627,Whitechapel,Middlesex,Middlesex,St Mary Whitechapel,ID_127867,NA
12668,1621,1627,Yoxall,Staffordshire,Staffordshire,Yoxall,NA,51532
12801,1620,1627,London,London,Middlesex,NA,NA,NA
12805,1624,1627,Farnham,Surrey,Surrey,Farnham,NA,15845
13266,1626,1627,Buckland,Hertfordshire,Hertfordshire,Buckland,NA,6657
13740,1620,1627,Nether Coniscliffe,County Durham,County Durham,NA,NA,NA
4400,1628,1629,Highgate,Middlesex,Middlesex,Highgate,NA,21782
4621,1624,1629,South Mimms,Hertfordshire,Hertfordshire,NA,NA,NA
5692,1622,1628,Twyning,Gloucestershire,Gloucestershire,Twyning,NA,46495
5959,1625,1626,Petersfield,Hampshire,Hampshire,Petersfield,NA,35722
7588,1627,1628,Lewes,Sussex,Sussex,Lewes,NA,26145
10598,1627,1629,Bridgnorth,Shropshire,Shropshire,Bridgnorth,NA,5687
13261,1626,1628,Ainstable,Cumberland,Cumberland,Ainstable,NA,435
1184,1626,1628,St Katherine Coleman,London,Middlesex,St Katherine Coleman Street,ID_30158,NA
1351,1625,1628,Willington,Warwickshire,Warwickshire,Willington,NA,49944
1760,1626,1628,Knutsford,Cheshire,Cheshire,Knutsford,NA,25165
1913,1626,1628,Cawood,Yorkshire,Yorkshire,Cawood,NA,8433
2594,1621,1626,London,London,Middlesex,NA,NA,NA
3121,1626,1628,Haynes,Bedfordshire,Bedfordshire,Haynes,NA,20736
3125,1626,1628,Haynes,Bedfordshire,Bedfordshire,Haynes,NA,20736
3149,1627,1628,London,London,Middlesex,NA,NA,NA
3197,1627,1628,Savill Hampton,Wiltshire,Wiltshire,NA,NA,NA
3450,1626,1628,Southampton,Hampshire,Hampshire,Southampton,NA,41322
3736,1619,1628,Arkendale,Yorkshire,Yorkshire,Arkendale,NA,1182
3750,1627,1628,East Shilton,Leicestershire,Leicestershire,NA,NA,NA
3776,1626,1628,London,London,Middlesex,NA,NA,NA
3780,1621,1628,Ratcliff,Middlesex,Middlesex,Ratcliffe,ID_30177,NA
4035,1625,1628,Kempston,Bedfordshire,Bedfordshire,Kempston,NA,24026
4039,1626,1628,Wells,Somerset,Somerset,Wells,NA,48288
4154,1625,1628,Bradford,Yorkshire,Yorkshire,Bradford,NA,5143
4157,1627,1628,Edmonton,Middlesex,Middlesex,Edmonton,NA,14841
4170,1626,1628,St Olave Southwark,Surrey,Surrey,St Olave Southwark,ID_30002,NA
4212,1627,1628,Stepney,Middlesex,Middlesex,St Dunstan Stepney,ID_30169,NA
4392,1626,1628,Benfield,Berkshire,Berkshire,NA,NA,NA
4537,1626,1628,Chirk Castle,Denbighshire,Denbighshire,NA,NA,NA
4921,1623,1628,London,London,Middlesex,NA,NA,NA
5142,1626,1628,Stapleton,Leicestershire,Leicestershire,Stapleton,NA,42214
5485,1621,1628,Charlton Kings,Gloucestershire,Gloucestershire,Charlton Kings,NA,8819
5521,1625,1628,Eveggett,Herefordshire,Herefordshire,NA,NA,NA
5975,1624,1628,Hornsey,Middlesex,Middlesex,Hornsey,NA,22792
6007,1624,1628,Romford,Essex,Essex,Romford,NA,38417
6057,1627,1628,Stony Stratford,Buckinghamshire,Buckinghamshire,Stony Stratford,NA,42745
6276,1623,1628,Bilborough,Nottinghamshire,Nottinghamshire,Bilborough,NA,3627
6656,1627,1628,Salisbury,Wiltshire,Wiltshire,Salisbury,NA,39066
6664,1619,1628,London,London,Middlesex,NA,NA,NA
7121,1621,1628,London,London,Middlesex,NA,NA,NA
7393,1626,1628,Netwell,Essex,Essex,NA,NA,NA
7463,1626,1628,East Hampstead,Berkshire,Berkshire,NA,NA,NA
7620,1625,1628,Ivinghoe,Buckinghamshire,Buckinghamshire,Ivinghoe,NA,23780
8436,1627,1628,St Edes,Huntingdonshire,Huntingdonshire,NA,NA,NA
8475,1621,1628,Rowde,Wiltshire,Wiltshire,Rowde,NA,38680
8704,1623,1628,Thetford,Norfolk,Norfolk,Thetford,NA,44440
8955,1626,1628,Onston,Cheshire,Cheshire,Onston,NA,293284
9544,1626,1628,Moreton,Northamptonshire,Northamptonshire,NA,NA,NA
10065,1625,1628,Weston,Hertfordshire,Hertfordshire,Weston,NA,49083
10071,1626,1628,London,London,Middlesex,NA,NA,NA
10130,1627,1628,Bosbury,Herefordshire,Herefordshire,Bosbury,NA,4766
10177,1626,1628,Derby,Derbyshire,Derbyshire,Derby,NA,12974
10236,1626,1628,Luton,Bedfordshire,Bedfordshire,Luton,NA,28865
10533,1627,1628,Market Bosworth,Leicestershire,Leicestershire,Market Bosworth,NA,29444
10845,1621,1628,Mitcham,Surrey,Surrey,Mitcham,NA,30776
10876,1625,1628,Roton,Wiltshire,Wiltshire,NA,NA,NA
10906,1621,1628,Kettering,Northamptonshire,Northamptonshire,Kettering,NA,24183
10944,1625,1628,Fouleyat,Lancashire,Lancashire,NA,NA,NA
11023,1624,1628,Garsdon,Wiltshire,Wiltshire,Garsdon,NA,17407
11686,1623,1628,Willey,Shropshire,Shropshire,Willey,NA,49912
11880,1626,1628,Leicester,Leicestershire,Leicestershire,Leicester,NA,25957
11911,1623,1628,Oxted,Surrey,Surrey,Oxted,NA,34397
12545,1627,1628,Marlborough,Wiltshire,Wiltshire,Marlborough,NA,29474
12830,1626,1628,Richmond,Surrey,Surrey,Richmond,NA,38028
13076,1626,1628,Kingsthorpe,Northamptonshire,Northamptonshire,Kingsthorpe,NA,24595
13118,1626,1628,Derby,Derbyshire,Derbyshire,Derby,NA,12974
13307,1626,1628,Warwick,Warwickshire,Warwickshire,Warwick,NA,47885
13595,1626,1628,Reading,Berkshire,Berkshire,Reading,NA,37532
13693,1623,1628,Bidston,Cheshire,Cheshire,Bidston,NA,3586
13698,1624,1628,Atherstone,Warwickshire,Warwickshire,Atherstone,NA,1609
13900,1625,1628,Stanwell,Middlesex,Middlesex,Stanwell,NA,42176
16,1629,1631,Halam,Nottinghamshire,Nottinghamshire,Halam,NA,19641
426,1631,1633,Lanchester,County Durham,County Durham,Lanchester,NA,25353
467,1626,1632,London,London,Middlesex,NA,NA,NA
708,1626,1632,London,London,Middlesex,NA,NA,NA
1114,1629,1633,Westchester,Cheshire,Cheshire,Chester,NA,9035
1175,1628,1633,Billing,Lancashire,Lancashire,NA,NA,NA
1556,1630,1632,NA,Staffordshire,Staffordshire,NA,NA,NA
1752,1629,1632,London,London,Middlesex,NA,NA,NA
2001,1629,1632,Whorne,Surrey,Surrey,NA,NA,NA
2221,1629,1633,London,London,Middlesex,NA,NA,NA
2513,1629,1633,Stourbridge,Worcestershire,Worcestershire,Stourbridge,NA,42791
2590,1629,1633,St James Clerkenwell,Middlesex,Middlesex,St James Clerkenwell,ID_127865,NA
2924,1631,1633,Barkway,Hertfordshire,Hertfordshire,Barkway,NA,2405
3165,1628,1632,Swanbourne,Buckinghamshire,Buckinghamshire,Swanbourne,NA,43465
3258,1626,1632,Martock,Somerset,Somerset,Martock,NA,29639
4149,1629,1633,Bratton,Wiltshire,Wiltshire,Bratton,NA,5414
4217,1629,1631,London,London,Middlesex,NA,NA,NA
4292,1627,NA,Erdsley,Yorkshire,Yorkshire,NA,NA,NA
4440,1627,1633,Allcannings,Wiltshire,Wiltshire,NA,NA,NA
4442,1626,1632,Flexam,Lancashire,Lancashire,NA,NA,NA
4662,1625,1632,London,London,Middlesex,NA,NA,NA
4707,1627,1633,Nailsworth,Gloucestershire,Gloucestershire,Nailsworth,NA,31691
5540,NA,1632,Chorley,Lancashire,Lancashire,Chorley,NA,9271
5586,1626,1632,Methley,Yorkshire,Yorkshire,Methley,NA,30133
5606,1627,1631,London,London,Middlesex,NA,NA,NA
5931,1626,1631,Hillingdon,Middlesex,Middlesex,Hillingdon,NA,21996
6361,1629,1632,Layton,Lancashire,Lancashire,Layton,NA,25768
6591,1626,1633,Burton upon Trent,Staffordshire,Staffordshire,Burton upon Trent,NA,7145
6967,1631,1633,Tew,Oxfordshire,Oxfordshire,NA,NA,NA
7397,1627,1632,Banbury,Oxfordshire,Oxfordshire,Banbury,NA,2220
7414,1626,1632,Hereford,Herefordshire,Herefordshire,Hereford,NA,21293
7557,1632,1633,Dodford,Northamptonshire,Northamptonshire,Dodford,NA,13220
7757,1629,1632,Shrewsbury,Shropshire,Shropshire,Shrewsbury,NA,40345
7838,1631,1633,London,London,Middlesex,NA,NA,NA
7966,NA,1632,London,London,Middlesex,NA,NA,NA
8061,1626,1631,Himbleton,Worcestershire,Worcestershire,Himbleton,NA,22055
8270,1629,1632,Bletsoe,Bedfordshire,Bedfordshire,Bletsoe,NA,4320
8316,1630,1632,Dartmouth,Devon,Devon,Dartmouth,NA,12676
8744,1629,1633,Newton,Wiltshire,Wiltshire,Newton,NA,32650
9622,NA,1632,NA,Huntingdonshire,Huntingdonshire,NA,NA,NA
9694,1630,1632,Stepney,Middlesex,Middlesex,St Dunstan Stepney,ID_30169,NA
9715,1628,1633,Coxhill,Essex,Essex,NA,NA,NA
9953,1626,1632,Edmonton,Middlesex,Middlesex,Edmonton,NA,14841
9958,1629,1632,Stanford,Lincolnshire,Lincolnshire,NA,NA,NA
10107,1627,1632,London,London,Middlesex,NA,NA,NA
10535,1626,1631,London,London,Middlesex,NA,NA,NA
10902,1629,1632,London,London,Middlesex,NA,NA,NA
10912,1629,1633,North Bradley,Wiltshire,Wiltshire,North Bradley,NA,32999
11190,1626,1632,Kendal,Westmorland,Westmorland,Kendal,NA,24037
11299,1631,1632,Plumstead,Kent,Kent,Plumstead,NA,36144
11371,NA,1632,Chesen,Hertfordshire,Hertfordshire,NA,NA,NA
11531,1631,1633,Newcastle under Lyme,Staffordshire,Staffordshire,Newcastle under Lyme,NA,32438
11579,1628,1633,Marsh Benham,Berkshire,Berkshire,Marsh Benham,NA,29526
11687,NA,1631,Diserth,Radnorshire,Radnorshire,NA,NA,NA
12458,1630,1632,Brentford,Middlesex,Middlesex,Brentford,NA,5526
13106,1630,1631,NA,Shropshire,Shropshire,NA,NA,NA
13821,1626,1632,St Andrew Holborn,London,Middlesex,St Andrew Holborn,ID_127848,NA
378,1627,1629,Blandford,Dorset,Dorset,NA,NA,NA
516,1626,1629,London,London,Middlesex,NA,NA,NA
699,1628,1629,London,London,Middlesex,NA,NA,NA
949,1622,1629,Nazeing,Essex,Essex,Nazeing,NA,31824
1433,1626,1629,Brinckley,Warwickshire,Warwickshire,NA,NA,NA
1446,1626,1629,St Giles in the Fields,Middlesex,Middlesex,St Giles in the Fields,ID_30018,NA
1729,1627,1629,Royston,Yorkshire,Yorkshire,Royston,NA,38755
1793,1627,1629,"Richmond, West Sheen",Surrey,Surrey,NA,NA,NA
2335,1627,1630,Darlington,County Durham,County Durham,Darlington,NA,12652
2670,1625,1629,Bishops Lydeard,Somerset,Somerset,Bishops Lydeard,NA,3878
3110,1626,1630,West Wickham,Kent,Kent,West Wickham,NA,48853
3487,1627,1629,Worksop,Nottinghamshire,Nottinghamshire,Worksop,NA,50955
3593,1626,1629,Hackney,Middlesex,Middlesex,Hackney,NA,19524
3754,1626,1629,Cotesbach,Leicestershire,Leicestershire,Cotesbach,NA,10989
3775,1625,1629,Standlake,Oxfordshire,Oxfordshire,Standlake,NA,42052
3831,1626,1629,Newcastle,Staffordshire,Staffordshire,NA,NA,NA
4101,1628,1629,Draughton,Northamptonshire,Northamptonshire,Draughton,NA,13515
4198,1623,1629,Lambeth,Surrey,Surrey,St Mary Lambeth,ID_127857,NA
4237,1626,1629,Sixhonnin,Denbighshire,Denbighshire,NA,NA,NA
4524,1627,1628,Hangingestone,Worcestershire,Worcestershire,NA,NA,NA
5066,1626,1629,East Ham,Essex,Essex,East Ham,NA,14314
5921,1628,1629,Ashton,Lancashire,Lancashire,NA,NA,NA
6183,1626,1629,Stow,Gloucestershire,Gloucestershire,NA,NA,NA
6424,1623,1629,St Thomas Apostle,London,Middlesex,St Thomas the Apostle,ID_30093,NA
6520,1628,1629,Stanford,Berkshire,Berkshire,NA,NA,NA
6552,1623,1629,London,London,Middlesex,NA,NA,NA
6642,1628,1629,Ely,Cambridgeshire,Cambridgeshire,Ely,NA,15168
7822,1626,1628,Cheshunt,Hertfordshire,Hertfordshire,Cheshunt,NA,9027
8067,1627,1630,Molesworth,Huntingdonshire,Huntingdonshire,Molesworth,NA,30846
8069,1626,1629,London,London,Middlesex,NA,NA,NA
8104,1623,1629,Geddington,Northamptonshire,Northamptonshire,Geddington,NA,17558
8148,1626,1630,Limehouse,Middlesex,Middlesex,St Anne Limehouse,ID_30176,NA
8450,1627,1629,Windsor,Buckinghamshire,Buckinghamshire,NA,NA,NA
8799,1626,1629,Much Wenlock,Shropshire,Shropshire,Much Wenlock,NA,31466
9159,1625,1629,Burton on the Wolds,Leicestershire,Leicestershire,Burton on the Wolds,NA,7138
9341,1624,1630,Wigson,Leicestershire,Leicestershire,NA,NA,NA
9632,1629,1630,Bridgnorth,Shropshire,Shropshire,Bridgnorth,NA,5687
9816,1627,1629,London,London,Middlesex,NA,NA,NA
10002,1627,1629,Emmingam,Lincolnshire,Lincolnshire,NA,NA,NA
10109,1626,1629,Stafford,Staffordshire,Staffordshire,Stafford,NA,41948
10340,1625,1629,Chester,Cheshire,Cheshire,Chester,NA,9035
10473,1627,1629,Cowick,Yorkshire,Yorkshire,NA,NA,NA
10602,1627,1629,Thorpe,Surrey,Surrey,Thorpe,NA,44639
11530,1623,1630,NA,Warwickshire,Warwickshire,NA,NA,NA
11575,1624,1629,Barley,Hertfordshire,Hertfordshire,Barley,NA,2418
12661,1624,1629,Southwark,Surrey,Surrey,NA,NA,NA
12905,1624,1629,London,London,Middlesex,NA,NA,NA
13588,1628,1629,Frome Woodlands,Somerset,Somerset,NA,NA,NA
13596,1625,1629,Letsloe,Gloucestershire,Gloucestershire,NA,NA,NA
13598,1626,1629,Lewes,Sussex,Sussex,Lewes,NA,26145
552,1622,1629,London,London,Middlesex,NA,NA,NA
721,1626,1629,London,London,Middlesex,NA,NA,NA
788,1626,1629,Puddletown,Dorset,Dorset,Puddletown,NA,36973
2641,1628,1629,Wendleberry,Oxfordshire,Oxfordshire,NA,NA,NA
4699,1624,1629,London,London,Middlesex,NA,NA,NA
4744,1627,1629,New Sarum,Wiltshire,Wiltshire,NA,NA,NA
5719,1626,1629,Hedley,Shropshire,Shropshire,NA,NA,NA
6103,1628,1629,Wikham,County Durham,County Durham,NA,NA,NA
6352,1623,1629,Garton,Yorkshire,Yorkshire,Garton,NA,17455
9142,1626,1629,Canterbury,Kent,Kent,Canterbury,NA,7771
9149,1622,1629,Easton,Suffolk,Suffolk,Easton,NA,14634
442,1626,1629,Adscombe,Surrey,Surrey,NA,NA,NA
1030,1626,1628,Heckfield,Berkshire,Berkshire,NA,NA,NA
2659,1627,1629,London,London,Middlesex,NA,NA,NA
3296,1626,1629,London,London,Middlesex,NA,NA,NA
4549,1622,1629,Penley,Flintshire,Flintshire,Penley,NA,27488
6061,1625,1629,London Colney,Hertfordshire,Hertfordshire,London Colney,NA,27892
7009,1626,1629,London,London,Middlesex,NA,NA,NA
7273,1625,1629,Milton,Northamptonshire,Northamptonshire,NA,NA,NA
8987,1627,1629,Kingston,Surrey,Surrey,Kingston upon Thames,NA,24629
9197,1624,1629,Hartley,Kent,Kent,NA,NA,NA
9252,1626,1629,Burport,Dorset,Dorset,NA,NA,NA
10408,1626,1629,Richmond,Surrey,Surrey,Richmond,NA,38028
10556,1624,1629,Wilshamstead,Bedfordshire,Bedfordshire,Wilshamstead,NA,65142
11338,1625,NA,Ingatestone,Essex,Essex,Ingatestone,NA,23538
11755,1627,1629,Church Brampton,Northamptonshire,Northamptonshire,Church Brampton,NA,9308
12464,1627,1629,Nottingham,Nottinghamshire,Nottinghamshire,Nottingham,NA,33480
12502,1626,1629,London,London,Middlesex,NA,NA,NA
12940,1628,1629,Worcester,Worcestershire,Worcestershire,Worcester,NA,50943
13757,1626,1629,Dawton,Yorkshire,Yorkshire,NA,NA,NA
714,1628,1631,Little Bardfield,Essex,Essex,Little Bardfield,NA,26461
825,1626,1631,Darnt,Kent,Kent,NA,NA,NA
1248,1624,1631,Lathom,Lancashire,Lancashire,Lathom,NA,25664
1472,1627,1631,Gunston,Yorkshire,Yorkshire,NA,NA,NA
1473,1627,1631,Grimston,Yorkshire,Yorkshire,NA,NA,NA
3307,1626,1631,London,London,Middlesex,NA,NA,NA
5660,1628,1631,London,London,Middlesex,NA,NA,NA
6396,1627,1631,Coddington,Herefordshire,Herefordshire,Coddington,NA,10162
7793,1627,1631,Harlington,Bedfordshire,Bedfordshire,Harlington,NA,20231
7886,1628,1631,Gresford,Denbighshire,Denbighshire,Gresford,NA,19115
7918,1629,1631,Campton,Bedfordshire,Bedfordshire,Campton,NA,7707
8208,1626,1631,Limehouse,Middlesex,Middlesex,St Anne Limehouse,ID_30176,NA
8518,1629,1631,Clifton,Oxfordshire,Oxfordshire,Clifton,NA,9864
8851,1626,1631,Benenden,Kent,Kent,Benenden,NA,3255
9066,1627,1631,Sherfield,Hampshire,Hampshire,NA,NA,NA
9388,1626,1631,Hemel Hempstead,Hertfordshire,Hertfordshire,Hemel Hempstead,NA,21108
10101,1630,1631,Maresfield,Sussex,Sussex,Maresfield,NA,29402
10153,1629,1631,Clanguntloffe,Shropshire,Shropshire,NA,NA,NA
10393,1629,1631,Heyndaughte,Northamptonshire,Northamptonshire,NA,NA,NA
10826,1628,1631,Hitchington,Buckinghamshire,Buckinghamshire,NA,NA,NA
11466,1626,1631,Leigh,Gloucestershire,Gloucestershire,Leigh,NA,60517
11588,1629,1631,Wendover,Buckinghamshire,Buckinghamshire,Wendover,NA,48352
11862,1629,1631,Stackhouse,Yorkshire,Yorkshire,Stackhouse,NA,41933
12078,1628,1631,Honington,Devon,Devon,NA,NA,NA
12259,1628,1631,Sutton Coldfield,Warwickshire,Warwickshire,Sutton Coldfield,NA,43362
13914,1627,1631,Devizes,Wiltshire,Wiltshire,Devizes,NA,13020
533,1626,1630,Havant,Hampshire,Hampshire,Havant,NA,20583
1064,1627,1630,NA,Essex,Essex,NA,NA,NA
1945,1626,1630,Sutton Coefield,Worcestershire,Worcestershire,NA,NA,NA
2797,1627,1630,Chalfont St Giles,Buckinghamshire,Buckinghamshire,Chalfont St Giles,NA,8616
3310,1628,1630,Chesterfield,Derbyshire,Derbyshire,Chesterfield,NA,9041
3438,1627,1630,Arborfield,Berkshire,Berkshire,Arborfield,NA,1053
5073,1627,1630,London,London,Middlesex,NA,NA,NA
5573,1625,1630,Clopton,Suffolk,Suffolk,Clopton,NA,289280
5760,1626,1630,Upton Bishop,Herefordshire,Herefordshire,Upton Bishop,NA,47186
5819,1628,1631,Shrewsbury,Shropshire,Shropshire,Shrewsbury,NA,40345
7708,1627,1630,Shelborne,Kent,Kent,NA,NA,NA
8306,1628,NA,Wellingborough,Northamptonshire,Northamptonshire,Wellingborough,NA,48267
9213,1629,1630,London,London,Middlesex,NA,NA,NA
9767,1626,1630,Bewley,Hampshire,Hampshire,NA,NA,NA
10531,1629,1630,Halifax,Yorkshire,Yorkshire,Halifax,NA,19710
11111,1626,1630,Presterley,Lancashire,Lancashire,NA,NA,NA
11331,1627,1630,Little Raveley,Huntingdonshire,Huntingdonshire,Little Raveley,NA,26758
11508,1626,1630,Risley,Derbyshire,Derbyshire,Risley,NA,38203
11518,1626,1628,Great Houghton,Northamptonshire,Northamptonshire,Great Houghton,NA,18652
11761,1627,1630,Ranson,Buckinghamshire,Buckinghamshire,NA,NA,NA
12973,1629,1630,Croydon,Surrey,Surrey,Croydon,NA,11989
13176,1629,1630,Croydon,Surrey,Surrey,Croydon,NA,11989
13489,1626,1630,Enfield,Middlesex,Middlesex,Enfield,NA,15358
14116,1628,1630,Brandon,Warwickshire,Warwickshire,Brandon,NA,5360
14137,1624,1630,Nuneaton,Warwickshire,Warwickshire,Nuneaton,NA,33500
288,1629,1630,Stratford Langton,Essex,Essex,NA,NA,NA
475,1629,1630,Stockton,Wiltshire,Wiltshire,Stockton,NA,42484
682,1627,1630,St Martin Worcester,Worcestershire,Worcestershire,NA,NA,NA
803,1625,1630,Northampton,Northamptonshire,Northamptonshire,Northampton,NA,33285
1230,1627,1630,London,London,Middlesex,NA,NA,NA
1232,1629,1630,Pytchley,Northamptonshire,Northamptonshire,Pytchley,NA,37102
1633,1626,1630,London,London,Middlesex,NA,NA,NA
1966,1626,1630,Totnes,Devon,Devon,Totnes,NA,45329
2374,1625,1630,Warkton,Northamptonshire,Northamptonshire,Warkton,NA,47806
2480,1628,1630,Ilam,Staffordshire,Staffordshire,Ilam,NA,23476
3914,1626,1630,Coventry,Warwickshire,Warwickshire,Coventry,NA,11138
3927,1625,1630,Burton,Gloucestershire,Gloucestershire,NA,NA,NA
4185,1628,1630,London,London,Middlesex,NA,NA,NA
4219,1626,1630,London,London,Middlesex,NA,NA,NA
4245,1629,1630,Reading,Berkshire,Berkshire,Reading,NA,37532
4509,1629,1630,Ratcliff,Middlesex,Middlesex,Ratcliffe,ID_30177,NA
4512,1623,1630,London,London,Middlesex,NA,NA,NA
4748,1624,1630,Drayton,Shropshire,Shropshire,NA,NA,NA
4758,1628,1630,Penistone,Yorkshire,Yorkshire,Penistone,NA,35142
5155,1625,1630,Henley upon Thames,Oxfordshire,Oxfordshire,Henley on Thames,NA,21225
5362,1629,1630,Wingfeild,Berkshire,Berkshire,NA,NA,NA
5516,1624,1630,Taston,Oxfordshire,Oxfordshire,Taston,NA,43904
6116,1623,1630,Halifax,Yorkshire,Yorkshire,Halifax,NA,19710
6247,1625,1630,Sutton,Herefordshire,Herefordshire,Sutton,NA,63820
7019,1627,1630,Reading,Berkshire,Berkshire,Reading,NA,37532
7853,1624,1630,Houlton,Yorkshire,Yorkshire,NA,NA,NA
8240,1628,1630,Bray,Berkshire,Berkshire,Bray,NA,5428
8325,1628,1630,Coventry,Warwickshire,Warwickshire,Coventry,NA,11138
8481,1628,1630,Rettle,Essex,Essex,NA,NA,NA
9037,1626,1630,Ruislip,Middlesex,Middlesex,Ruislip,NA,38815
9417,1626,1630,Dunmow Priory,Essex,Essex,NA,NA,NA
9773,1626,1630,Wilton,Wiltshire,Wiltshire,Wilton,NA,NA
9910,1626,1630,London,London,Middlesex,NA,NA,NA
10102,1626,1630,Culworth,Northamptonshire,Northamptonshire,Culworth,NA,12123
10112,1626,1630,London,London,Middlesex,NA,NA,NA
10551,1626,1630,Brailes,Warwickshire,Warwickshire,Brailes,NA,56282
10911,1627,1630,Leverton,Nottinghamshire,Nottinghamshire,NA,NA,NA
10991,1624,1630,Henley upon Thames,Oxfordshire,Oxfordshire,Henley on Thames,NA,21225
11085,1626,1630,St Clement Danes,Middlesex,Middlesex,St Clement Danes,ID_30015,NA
11122,1624,1630,Clapham,Bedfordshire,Bedfordshire,Clapham,NA,9590
11587,1628,1630,St Neots,Huntingdonshire,Huntingdonshire,St Neots,NA,41886
11900,1628,1630,Southwark,Surrey,Surrey,NA,NA,NA
12517,1626,1630,Claybrooke,Leicestershire,Leicestershire,NA,NA,NA
13236,1627,1630,Overbury,Shropshire,Shropshire,NA,NA,NA
13643,1625,1630,London,London,Middlesex,NA,NA,NA
13827,1629,1630,Shellingford,Berkshire,Berkshire,Shellingford,NA,40014
14046,1627,1630,Wakefield,Yorkshire,Yorkshire,Wakefield,NA,47455
451,1627,1630,Abingdon,Berkshire,Berkshire,Abingdon,NA,287768
1508,1628,1630,Alcester,Warwickshire,Warwickshire,Alcester,NA,518
3940,1628,1630,Ealing,Middlesex,Middlesex,Ealing,NA,14083
7954,1624,1630,London,London,Middlesex,NA,NA,NA
8163,1625,1630,London,London,Middlesex,NA,NA,NA
8213,1628,1630,London,London,Middlesex,NA,NA,NA
10317,1627,NA,London,London,Middlesex,NA,NA,NA
11733,1625,1630,London,London,Middlesex,NA,NA,NA
11976,1628,NA,South Weston,Oxfordshire,Oxfordshire,South Weston,NA,41297
12261,1627,1630,Stamford,Northamptonshire,Northamptonshire,Stamford,NA,42021
12309,1625,1630,London,London,Middlesex,NA,NA,NA
12387,1628,1630,East Greenwich,Kent,Kent,East Greenwich,NA,NA
12760,1628,1630,Haddenham,Cambridgeshire,Cambridgeshire,Haddenham,NA,19537
12767,1629,1630,Bestead,Sussex,Sussex,NA,NA,NA
584,1626,1632,Helmdon,Northamptonshire,Northamptonshire,Helmdon,NA,21074
597,1629,1632,Wickham,Buckinghamshire,Buckinghamshire,NA,NA,NA
662,1627,1632,Farneham,Essex,Essex,NA,NA,NA
897,1627,1632,Stoughton,Leicestershire,Leicestershire,Stoughton,NA,42778
1424,1627,1632,London,London,Middlesex,NA,NA,NA
1437,1627,1633,Brampton,Northamptonshire,Northamptonshire,NA,NA,NA
1796,1630,1633,Stoke,Shropshire,Shropshire,NA,NA,NA
1939,1625,1632,Chessey,Hertfordshire,Hertfordshire,NA,NA,NA
2377,1629,1632,Dubberidge,Derbyshire,Derbyshire,NA,NA,NA
2677,1632,1633,Little Paxton,Huntingdonshire,Huntingdonshire,Little Paxton,NA,26749
2691,1626,1632,London,London,Middlesex,NA,NA,NA
2795,1631,1632,Wickham,Buckinghamshire,Buckinghamshire,NA,NA,NA
2991,1630,1632,Isell,Cumberland,Cumberland,NA,NA,NA
3225,1624,1632,Shefford,Bedfordshire,Bedfordshire,Shefford,NA,39983
3583,1626,1633,Lichfield,Staffordshire,Staffordshire,Lichfield,NA,26195
3714,1626,1632,Barkway,Hertfordshire,Hertfordshire,Barkway,NA,2405
3886,1628,1632,Alveston,Warwickshire,Warwickshire,Alveston,NA,816
4055,1625,1632,Southwark,Surrey,Surrey,NA,NA,NA
4177,1628,1632,Bury St Edmunds,Suffolk,Suffolk,Bury St Edmunds,NA,7176
4571,1628,1633,Long Clawson,Leicestershire,Leicestershire,Long Clawson,NA,27934
4727,1627,1633,London,London,Middlesex,NA,NA,NA
4862,1627,1633,Romford,Essex,Essex,Romford,NA,38417
5321,1627,1633,London,London,Middlesex,NA,NA,NA
5535,1631,1633,Pimstor,Somerset,Somerset,NA,NA,NA
5742,1627,1633,Comblington,Buckinghamshire,Buckinghamshire,NA,NA,NA
5859,1629,1633,Middleton,Yorkshire,Yorkshire,NA,NA,NA
5938,1628,1632,London,London,Middlesex,NA,NA,NA
6048,1631,1633,Newbury,Berkshire,Berkshire,Newbury,NA,32415
6072,1629,1632,Walton,Yorkshire,Yorkshire,Walton,NA,NA
6283,1627,1632,London,London,Middlesex,NA,NA,NA
6476,1626,1633,Foots Cray,Kent,Kent,Foots Cray,NA,16571
6893,1626,1633,Bishop Auckland,County Durham,County Durham,Bishop Auckland,NA,3854
6896,1631,1633,Cam,Gloucestershire,Gloucestershire,Cam,NA,7623
7114,1629,1633,Halkin,Flintshire,Flintshire,NA,NA,NA
8016,1631,1633,Cosham,Wiltshire,Wiltshire,NA,NA,NA
9129,1628,1632,Arrington,Cambridgeshire,Cambridgeshire,Arrington,NA,1248
9199,1626,1633,London,London,Middlesex,NA,NA,NA
9517,1627,1633,Egham,Surrey,Surrey,Egham,NA,14901
9593,1629,1632,Melton Mowbray,Leicestershire,Leicestershire,Melton Mowbray,NA,29987
9624,1628,1633,Deffoy,Cornwall,Cornwall,NA,NA,NA
9877,1627,1633,Langham,Rutland,Rutland,Langham,NA,25482
9900,1629,1632,Winchelson,Kent,Kent,NA,NA,NA
10086,1629,1632,Chadson,Warwickshire,Warwickshire,NA,NA,NA
10170,1626,1633,Grantham,Lincolnshire,Lincolnshire,Grantham,NA,18462
10815,1629,1633,London,London,Middlesex,NA,NA,NA
10892,1628,1633,Brackstead,Essex,Essex,NA,NA,NA
10976,1626,1633,Bath,Somerset,Somerset,Bath,NA,2744
10979,1629,1633,Sopley,Hampshire,Hampshire,Sopley,NA,41014
11014,1630,1632,London,London,Middlesex,NA,NA,NA
11729,1625,1632,London,London,Middlesex,NA,NA,NA
12122,1624,1633,St Margaret New Fish Street Hill,London,Middlesex,St Margaret New Fish Street,ID_30133,NA
12383,1626,1633,London,London,Middlesex,NA,NA,NA
12504,1631,1633,Guildford,Surrey,Surrey,Guildford,NA,19326
12724,1627,1633,Redbourn,Hertfordshire,Hertfordshire,Redbourn,NA,37581
13004,1631,1632,Blackburn,Lancashire,Lancashire,Blackburn,NA,3996
13033,1630,1632,London,London,Middlesex,NA,NA,NA
13167,1630,1632,Colnbrook,Buckinghamshire,Buckinghamshire,Colnbrook,NA,10425
13191,1630,1633,London,London,Middlesex,NA,NA,NA
13569,1632,1633,Wolverstone,Suffolk,Suffolk,NA,NA,NA
13615,1628,1632,Tedbury,Gloucestershire,Gloucestershire,NA,NA,NA
13886,1629,1632,Alrewas,Staffordshire,Staffordshire,Alrewas,NA,763
294,1626,1630,NA,Denbighshire,Denbighshire,NA,NA,NA
2532,1629,1631,Monkleigh,Devon,Devon,Monkleigh,NA,30894
5012,1628,1630,Wigginton,Oxfordshire,Oxfordshire,Wigginton,NA,49816
6540,1637,1639,Westwall,Oxfordshire,Oxfordshire,NA,NA,NA
8484,1626,1631,NA,Essex,Essex,NA,NA,NA
9674,1628,1632,St Giles Cripplegate,London,Middlesex,St Giles Cripplegate,ID_30100,NA
10696,1626,1630,Belton,Leicestershire,Leicestershire,Belton,NA,3233
10697,1624,1631,London,London,Middlesex,NA,NA,NA
11815,1633,1639,St Margaret Westminster,Middlesex,Middlesex,St Margaret Westminster,ID_127869,NA
12645,1627,1630,London,London,Middlesex,NA,NA,NA
12649,1635,1639,Hebdon,Yorkshire,Yorkshire,NA,NA,NA
12978,1629,1630,Towsey,Buckinghamshire,Buckinghamshire,NA,NA,NA
13232,1629,1631,Walton upon Thames,Surrey,Surrey,Walton upon Thames,NA,NA
13702,1629,1630,Knewston,Leicestershire,Leicestershire,NA,NA,NA
13804,1632,NA,Westminster,Middlesex,Middlesex,NA,NA,NA
119,1626,1631,Long Compton,Warwickshire,Warwickshire,Long Compton,NA,27937
215,1630,1631,London,London,Middlesex,NA,NA,NA
713,1628,1631,London,London,Middlesex,NA,NA,NA
763,1629,1631,Whitechapel,Middlesex,Middlesex,St Mary Whitechapel,ID_127867,NA
1115,1628,1631,Yarpole,Herefordshire,Herefordshire,Yarpole,NA,51369
1528,1629,1631,Mersham,Kent,Kent,Mersham,NA,30100
2643,1627,1631,Northaw,Hertfordshire,Hertfordshire,Northaw,NA,33286
2717,1626,1631,Ipswich,Suffolk,Suffolk,Ipswich,NA,23691
3262,1624,1631,St James Clerkenwell,Middlesex,Middlesex,St James Clerkenwell,ID_127865,NA
4003,1630,1631,Ratcliff,Middlesex,Middlesex,Ratcliffe,ID_30177,NA
4792,1629,1631,Marlborough,Wiltshire,Wiltshire,Marlborough,NA,29474
4944,1626,1631,Windsor,Berkshire,Berkshire,Windsor,NA,50086
5176,1630,1631,Wicken,Northamptonshire,Northamptonshire,Wicken,NA,49734
5447,1628,1631,London,London,Middlesex,NA,NA,NA
5593,1628,1631,Stamford,Lincolnshire,Lincolnshire,Stamford,NA,42021
7064,1624,1631,Evesham,Worcestershire,Worcestershire,Evesham,NA,15549
7343,1629,1631,Bishops Caundle,Dorset,Dorset,NA,NA,NA
7646,1629,1631,St Magnus,London,Middlesex,St Magnus the Martyr,ID_30132,NA
8245,1627,1631,Paulerspury,Northamptonshire,Northamptonshire,Paulerspury,NA,34867
8681,1626,1631,London,London,Middlesex,NA,NA,NA
8742,1627,1631,Polhampton,Hampshire,Hampshire,Polhampton,NA,293717
9220,1627,1631,Bradway,Worcestershire,Worcestershire,NA,NA,NA
9346,1626,1631,Louth,Lincolnshire,Lincolnshire,Louth,NA,28171
9667,1629,1631,Moulton,Northamptonshire,Northamptonshire,Moulton,NA,31335
10416,1628,1631,Holburton,Devon,Devon,NA,NA,NA
12481,1626,1631,Leicester,Leicestershire,Leicestershire,Leicester,NA,25957
12705,1625,1631,Northfleet,Kent,Kent,Northfleet,NA,33328
12751,1627,1631,Wellington,Shropshire,Shropshire,Wellington,NA,48273
12914,1626,1631,Caulbeck,Cumberland,Cumberland,NA,NA,NA
12993,1624,1631,Bicester,Oxfordshire,Oxfordshire,Bicester,NA,3532
13222,1626,1631,London,London,Middlesex,NA,NA,NA
13256,1629,1631,Hamnesh,Herefordshire,Herefordshire,NA,NA,NA
13287,1629,1631,Aingleford,Kent,Kent,NA,NA,NA
13705,1623,1631,Furins,Lancashire,Lancashire,NA,NA,NA
13865,1628,1631,Knoyle,Wiltshire,Wiltshire,NA,NA,NA
14001,1626,1631,NA,Sussex,Sussex,NA,NA,NA
1266,1628,1631,London,London,Middlesex,NA,NA,NA
1386,1629,1631,London,London,Middlesex,NA,NA,NA
1567,1627,1631,Etherley,County Durham,County Durham,Etherley,NA,58335
2785,1626,1631,Tetsworth,Oxfordshire,Oxfordshire,Tetsworth,NA,44056
2860,1626,1631,Weston,Northamptonshire,Northamptonshire,Weston,NA,49073
3217,1629,1631,Twyford,Buckinghamshire,Buckinghamshire,Twyford,NA,46480
3586,1626,1631,Wenlock,Shropshire,Shropshire,NA,NA,NA
3915,1627,1631,London,London,Middlesex,NA,NA,NA
4092,1628,1631,Newbury,Berkshire,Berkshire,Newbury,NA,32415
6092,1626,1631,Everdon,Northamptonshire,Northamptonshire,Everdon,NA,15528
8282,1628,1631,Braintree,Essex,Essex,Braintree,NA,5267
8949,1625,1631,Berwick,Northumberland,Northumberland,Berwick upon Tweed,NA,3424
11682,1624,1631,Guilden Sutton,Cheshire,Cheshire,Guilden Sutton,NA,19325
11989,1627,1631,Durham,County Durham,County Durham,Durham,NA,13975
12850,1627,1631,Kingston,Oxfordshire,Oxfordshire,NA,NA,NA
12852,1628,1631,Somerford Keynes,Wiltshire,Wiltshire,Somerford Keynes,NA,40986
13776,1626,1631,London,London,Middlesex,NA,NA,NA
213,1624,1632,London,London,Middlesex,NA,NA,NA
1095,1629,1632,Burford,Oxfordshire,Oxfordshire,Burford,NA,6867
2423,1630,1632,Ashford,Kent,Kent,Ashford,NA,1368
2446,NA,1632,Uttoxeter,Staffordshire,Staffordshire,Uttoxeter,NA,47241
2632,1629,1631,London,London,Middlesex,NA,NA,NA
2743,NA,1632,Whitfield,Northamptonshire,Northamptonshire,Whitfield,NA,49582
2892,NA,1631,Berkhamstead,Hertfordshire,Hertfordshire,Berkhamstead,NA,NA
3957,1629,1632,London,London,Middlesex,NA,NA,NA
4568,1629,1632,Ilsonton,Devon,Devon,NA,NA,NA
4908,1628,1632,Sutton Benger,Wiltshire,Wiltshire,Sutton Benger,NA,43357
5557,1625,1632,Peterborough,Northamptonshire,Northamptonshire,Peterborough,NA,35713
5930,1624,1632,London,London,Middlesex,NA,NA,NA
5981,1631,1632,Fritwell,Oxfordshire,Oxfordshire,Fritwell,NA,17028
6161,1630,1632,Bristol,Gloucestershire,Gloucestershire,Bristol,NA,288655
7768,1626,1632,NA,Yorkshire,Yorkshire,NA,NA,NA
7803,1629,1631,Towyn,Merionethshire,Merionethshire,NA,NA,NA
7864,1629,1632,Saphan,Suffolk,Suffolk,NA,NA,NA
8383,1628,1632,Godalming,Surrey,Surrey,Godalming,NA,18044
8434,1628,1632,Leicester,Leicestershire,Leicestershire,Leicester,NA,25957
8577,1630,1632,Kinton,Shropshire,Shropshire,Kinton,NA,24726
8595,1625,1632,London,London,Middlesex,NA,NA,NA
8937,1626,1632,Gainsborough,Lincolnshire,Lincolnshire,Gainsborough,NA,17231
11758,1629,1632,South Cave,Yorkshire,Yorkshire,South Cave,NA,41095
11897,1627,1632,Stadfould,Yorkshire,Yorkshire,NA,NA,NA
13117,1627,1632,Derby,Derbyshire,Derbyshire,Derby,NA,12974
501,1628,1632,Bocknest,Wiltshire,Wiltshire,NA,NA,NA
911,1630,1632,Brinkworth,Wiltshire,Wiltshire,Brinkworth,NA,5784
997,1629,1632,Nottingham,Nottinghamshire,Nottinghamshire,Nottingham,NA,33480
1222,1629,1632,London,London,Middlesex,NA,NA,NA
1521,1630,1632,Mile End,Middlesex,Middlesex,Mile End New Town,ID_30172,NA
1601,1625,1632,London,London,Middlesex,NA,NA,NA
1808,1630,1633,Kirkby Stephen,Westmorland,Westmorland,Kirkby Stephen,NA,24809
1985,1628,1632,Wadhurst,Sussex,Sussex,Wadhurst,NA,47416
2265,1629,1632,Pilleth,Radnorshire,Radnorshire,Pilleth,NA,35871
2388,1628,1632,St Giles,Middlesex,Middlesex,St Giles in the Fields,ID_30018,NA
2814,1628,1632,Lambeth,Surrey,Surrey,St Mary Lambeth,ID_127857,NA
3678,1630,1632,Marden,Kent,Kent,Marden,NA,29385
3970,1626,1632,Davenham,Cheshire,Cheshire,Davenham,NA,12693
4143,1631,1632,Nunney,Somerset,Somerset,Nunney,NA,33506
5050,1630,1632,Deddington,Oxfordshire,Oxfordshire,Deddington,NA,12809
5179,1626,1632,Ringmer,Sussex,Sussex,Ringmer,NA,38139
5885,1626,1632,Brignell,Yorkshire,Yorkshire,NA,NA,NA
6343,1631,1632,Barton,Kent,Kent,NA,NA,NA
6537,1629,1632,Shrivenham,Berkshire,Berkshire,Shrivenham,NA,40348
6576,1630,NA,Bercheston als Barston,Warwickshire,Warwickshire,NA,NA,NA
6779,1627,1632,London,London,Middlesex,NA,NA,NA
7278,1627,1632,Bridgwater,Somerset,Somerset,Bridgwater,NA,5688
7405,1626,1632,Sawgras,Northamptonshire,Northamptonshire,NA,NA,NA
7482,1629,1632,Stapeley,Cheshire,Cheshire,Stapeley,NA,42185
7865,1626,1632,Supham,Suffolk,Suffolk,NA,NA,NA
8226,1626,1632,Tuddington,Bedfordshire,Bedfordshire,NA,NA,NA
8357,1625,1632,Hemingford,Huntingdonshire,Huntingdonshire,NA,NA,NA
8521,1631,1632,London,London,Middlesex,NA,NA,NA
8751,1629,1632,Garway,Herefordshire,Herefordshire,Garway,NA,17468
9207,1629,1632,Poole,Monmouthshire,Monmouthshire,NA,NA,NA
9610,1631,1632,Bunwell,Norfolk,Norfolk,Bunwell,NA,6840
10597,1627,1632,Henholt,Denbighshire,Denbighshire,NA,NA,NA
11305,1631,1632,Yardley,Hertfordshire,Hertfordshire,NA,NA,NA
11317,1631,1632,Harborough,Leicestershire,Leicestershire,Harborough,NA,NA
11361,1629,1632,London,London,Middlesex,NA,NA,NA
11433,1630,1632,Towcester,Northamptonshire,Northamptonshire,Towcester,NA,45363
12045,1631,1632,Chew Magna,Somerset,Somerset,Chew Magna,NA,9086
12552,1631,1632,Moulton,Northamptonshire,Northamptonshire,Moulton,NA,31335
12710,1629,1632,Ranby,Lincolnshire,Lincolnshire,Ranby,NA,37394
13032,1627,1632,Wakefield,Yorkshire,Yorkshire,Wakefield,NA,47455
13064,1626,1632,Chelmsford,Essex,Essex,Chelmsford,NA,8959
13356,1628,1632,Alleston,Pembrokeshire,Pembrokeshire,NA,NA,NA
13425,1627,1632,London,London,Middlesex,NA,NA,NA
14098,1628,1632,Stourton,Warwickshire,Warwickshire,Stourton,NA,42798
318,1630,1633,Southwark,Surrey,Surrey,NA,NA,NA
482,1625,1633,London,London,Middlesex,NA,NA,NA
975,1626,1633,Wakefield,Yorkshire,Yorkshire,Wakefield,NA,47455
1494,1630,1633,Alesbury,Buckinghamshire,Buckinghamshire,NA,NA,NA
1993,1629,1633,Little Worldham,Hampshire,Hampshire,NA,NA,NA
2297,1631,1633,Abbotts Bromley,Staffordshire,Staffordshire,NA,NA,NA
2530,1628,1633,Lyme,Dorset,Dorset,NA,NA,NA
2559,1627,1633,Elstree,Hertfordshire,Hertfordshire,Elstree,NA,15133
2561,1627,1633,Poyle,Middlesex,Middlesex,Poyle,NA,36755
2885,1628,1633,Rolston,Staffordshire,Staffordshire,NA,NA,NA
3385,1629,1633,Kildwick Grange,Yorkshire,Yorkshire,NA,NA,NA
3486,1631,1633,London,London,Middlesex,NA,NA,NA
3619,1629,1633,Ridgley,Staffordshire,Staffordshire,NA,NA,NA
3967,1626,1633,Wootton,Oxfordshire,Oxfordshire,Wootton,NA,50917
5360,1630,1633,London,London,Middlesex,NA,NA,NA
6322,1631,1633,Chipping Norton,Oxfordshire,Oxfordshire,Chipping Norton,NA,9210
6997,1629,1633,Oxford,Oxfordshire,Oxfordshire,Oxford,NA,34379
7032,1632,1633,Lichfield,Staffordshire,Staffordshire,Lichfield,NA,26195
7234,1626,1633,East Walton,Norfolk,Norfolk,East Walton,NA,14487
7538,1630,1633,Ely,Cambridgeshire,Cambridgeshire,Ely,NA,15168
7578,1628,1633,St Martin in the Fields,Middlesex,Middlesex,St Martin in the Fields,ID_30034,NA
7681,1631,1633,Market Bosworth,Leicestershire,Leicestershire,Market Bosworth,NA,29444
8005,1628,1633,Newark on Trent,Nottinghamshire,Nottinghamshire,Newark on Trent,NA,32336
9096,1630,1633,Friern,Middlesex,Middlesex,NA,NA,NA
9146,1628,1633,Whalley,Lancashire,Lancashire,Whalley,NA,49232
9778,1629,1633,Adderston,Northamptonshire,Northamptonshire,NA,NA,NA
9823,1627,1633,Warminster,Wiltshire,Wiltshire,Warminster,NA,47825
10154,1629,1633,Newport,Monmouthshire,Monmouthshire,Newport,NA,32573
10406,1626,1633,Right Monscorth,Hertfordshire,Hertfordshire,NA,NA,NA
10975,1629,1633,London,London,Middlesex,NA,NA,NA
11792,1626,1633,Crotton,Shropshire,Shropshire,NA,NA,NA
12279,1631,1633,Drayton,Berkshire,Berkshire,Drayton,NA,13541
12311,1627,1633,Loggington,Derbyshire,Derbyshire,NA,NA,NA
12420,1630,1633,London,London,Middlesex,NA,NA,NA
12449,1631,1633,Ludwaine,Caernarvonshire,Caernarvonshire,NA,NA,NA
12526,1626,1633,King's Cliffe,Northamptonshire,Northamptonshire,King's Cliffe,NA,24477
12883,1626,1633,St Michael Queenhithe,London,Middlesex,St Michael Queenhithe,ID_30075,NA
13218,1629,1633,Bemorst,Staffordshire,Staffordshire,NA,NA,NA
13292,1631,1633,St Martin le Grand,London,Middlesex,NA,NA,NA
13449,1631,1633,Maidenhead,Berkshire,Berkshire,Maidenhead,NA,29145
13748,1632,1633,Northwich,Cheshire,Cheshire,Northwich,NA,33374
38,1632,1634,Welton,Northamptonshire,Northamptonshire,Welton,NA,48323
683,1632,1634,Lichfield,Staffordshire,Staffordshire,Lichfield,NA,26195
817,1629,1633,Neweaton,Warwickshire,Warwickshire,NA,NA,NA
846,1627,1634,Southwark,Surrey,Surrey,NA,NA,NA
1387,1630,1634,Redmile,Leicestershire,Leicestershire,Redmile,NA,37646
2166,1628,1633,Wacton,Norfolk,Norfolk,Wacton,NA,47395
2370,1633,1634,Chidle Hampton,Devon,Devon,NA,NA,NA
2586,1631,1633,London,London,Middlesex,NA,NA,NA
2736,1630,1634,Monkstisbery,Buckinghamshire,Buckinghamshire,NA,NA,NA
2739,1627,1633,Henley in Arden,Warwickshire,Warwickshire,Henley in Arden,NA,21224
2988,1628,1634,Newcastle,County Durham,County Durham,NA,NA,NA
3196,1629,1633,Turvey,Bedfordshire,Bedfordshire,Turvey,NA,46410
3287,1632,1633,Westbury,Wiltshire,Wiltshire,Westbury,NA,48895
3409,1629,1634,Warwick,Warwickshire,Warwickshire,Warwick,NA,47885
3669,1626,1634,Maidstone,Kent,Kent,Maidstone,NA,29156
4023,1630,1633,Ettward,Derbyshire,Derbyshire,NA,NA,NA
4361,1631,1634,Southampton,Hampshire,Hampshire,Southampton,NA,41322
4902,1629,1633,London,London,Middlesex,NA,NA,NA
4945,1629,1634,Abingdon,Berkshire,Berkshire,Abingdon,NA,287768
5561,1629,1634,Hertford,Hertfordshire,Hertfordshire,Hertford,NA,21349
5722,1631,1633,Oxford,Oxfordshire,Oxfordshire,Oxford,NA,34379
8210,1626,1634,Barnard Castle,County Durham,County Durham,Barnard Castle,NA,2449
9302,1634,1634,Ashling,Sussex,Sussex,NA,NA,NA
9476,1628,1634,Much Marcle,Herefordshire,Herefordshire,Much Marcle,NA,31465
9821,1632,1632,London,London,Middlesex,NA,NA,NA
10001,1631,1633,Yoncklett,Yorkshire,Yorkshire,NA,NA,NA
10371,1628,1633,Canterbury,Kent,Kent,Canterbury,NA,7771
10426,1632,1634,Hurstey,Hampshire,Hampshire,NA,NA,NA
11283,1633,1634,Faringdon,Berkshire,Berkshire,Faringdon,NA,15781
11658,1632,1634,Rawden,Yorkshire,Yorkshire,NA,NA,NA
11735,1629,1634,Staunton,Shropshire,Shropshire,NA,NA,NA
12426,1629,1633,Wolston,Berkshire,Berkshire,NA,NA,NA
12482,1629,1633,St Katherine by the Tower,London,Middlesex,Precinct of St Katherine,ID_30181,NA
12507,1628,1633,Reading,Berkshire,Berkshire,Reading,NA,37532
12621,1627,1633,London,London,Middlesex,NA,NA,NA
13051,1628,1634,Ombersley,Worcestershire,Worcestershire,Ombersley,NA,34003
13441,1631,1633,Hooe,Sussex,Sussex,Hooe,NA,22614
14171,1632,1634,Bradmore,Nottinghamshire,Nottinghamshire,Bradmore,NA,5187
89,1633,1634,Marbury,Cheshire,Cheshire,Marbury,NA,29363
253,1628,1634,Borough,Northamptonshire,Northamptonshire,NA,NA,NA
272,1632,1634,Huntingdon,Huntingdonshire,Huntingdonshire,Huntingdon,NA,23215
300,1632,1634,Ibberton,Dorset,Dorset,Ibberton,NA,23414
522,1628,1634,London,London,Middlesex,NA,NA,NA
1120,1632,1634,Berricke,Shropshire,Shropshire,NA,NA,NA
1631,1630,1634,Gray's Inn,Middlesex,Middlesex,Gray's Inn,ID_127851,NA
2633,1629,1634,Buckland,Hertfordshire,Hertfordshire,Buckland,NA,6657
2981,1629,1634,London,London,Middlesex,NA,NA,NA
3099,1632,1634,Thorpe,Norfolk,Norfolk,Thorpe,NA,44638
3419,1631,1634,Charleton,Kent,Kent,NA,NA,NA
3647,1627,1634,London,London,Middlesex,NA,NA,NA
3791,1631,1634,Croscombe,Somerset,Somerset,Croscombe,NA,11738
3834,1631,1634,Lavington,Wiltshire,Wiltshire,NA,NA,NA
4040,1629,1634,Winwick,Lancashire,Lancashire,Winwick,NA,50234
4471,1630,1634,Great Helton,Northamptonshire,Northamptonshire,NA,NA,NA
4690,1630,1634,London,London,Middlesex,NA,NA,NA
4691,1629,1634,London,London,Middlesex,NA,NA,NA
4823,1632,1634,Sowerby,Lancashire,Lancashire,NA,NA,NA
5755,1630,1634,St Mary Whitechapel,Middlesex,Middlesex,St Mary Whitechapel,ID_127867,NA
5998,1627,1634,London,London,Middlesex,NA,NA,NA
6464,1631,1634,Flamstead,Hertfordshire,Hertfordshire,Flamstead,NA,16397
6621,1630,1634,Hempsted,Hertfordshire,Hertfordshire,NA,NA,NA
6974,1630,1634,Huntingdon,Huntingdonshire,Huntingdonshire,Huntingdon,NA,23215
7184,1630,1634,Ceredigion,Denbighshire,Denbighshire,NA,NA,NA
7212,1631,1634,London,London,Middlesex,NA,NA,NA
7545,1627,1634,Shenley,Hertfordshire,Hertfordshire,Shenley,NA,40037
7677,1633,1634,London,London,Middlesex,NA,NA,NA
7728,1631,1634,Effingham,Surrey,Surrey,Effingham,NA,14874
7944,1631,1634,London,London,Middlesex,NA,NA,NA
8234,1627,1634,Northampton,Northamptonshire,Northamptonshire,Northampton,NA,33285
8834,1627,1634,Sutton in Ashfield,Nottinghamshire,Nottinghamshire,Sutton in Ashfield,NA,43377
8958,1632,1634,Ditton,Kent,Kent,Ditton,NA,13175
9180,1632,1634,Isle of Wight,Isle of Wight,Hampshire,NA,NA,NA
9418,1628,1634,Bislett,Surrey,Surrey,NA,NA,NA
9547,1626,1634,Suninge,Berkshire,Berkshire,NA,NA,NA
9604,1632,1634,Twyford,Leicestershire,Leicestershire,Twyford,NA,46477
9868,1628,1634,London,London,Middlesex,NA,NA,NA
10469,1633,1634,London,London,Middlesex,NA,NA,NA
10537,1625,1634,West Horsley,Surrey,Surrey,West Horsley,NA,48657
10657,1631,1634,London,London,Middlesex,NA,NA,NA
11401,1629,1634,London,London,Middlesex,NA,NA,NA
11866,1627,1634,Horley,Surrey,Surrey,Horley,NA,22743
12201,1629,1634,London,London,Middlesex,NA,NA,NA
12353,1632,1634,London,London,Middlesex,NA,NA,NA
13119,1629,1634,Derby,Derbyshire,Derbyshire,Derby,NA,12974
13401,1632,1634,Bradwell,Oxfordshire,Oxfordshire,Bradwell,NA,288561
14062,1629,1634,Barton,Bedfordshire,Bedfordshire,NA,NA,NA
14130,1631,1634,Brackley,Northamptonshire,Northamptonshire,Brackley,NA,5112
14217,1627,1634,Kempston,Bedfordshire,Bedfordshire,Kempston,NA,24026
126,1633,1635,Colwick,Nottinghamshire,Nottinghamshire,Colwick,NA,10477
131,1632,1635,Barfold,Suffolk,Suffolk,NA,NA,NA
191,1629,1635,Warrington,Lancashire,Lancashire,Warrington,NA,47863
417,1631,1635,St Botolph Aldersgate,London,Middlesex,St Botolph Aldersgate,ID_30061,NA
455,1631,1635,Cookham,Berkshire,Berkshire,Cookham,NA,10707
1302,1632,1635,Darlington,County Durham,County Durham,Darlington,NA,12652
1529,1629,1634,Painswicke,Gloucestershire,Gloucestershire,NA,NA,NA
2256,1629,1634,Culham,Oxfordshire,Oxfordshire,Culham,NA,12092
2399,1634,1635,Westminster,Middlesex,Middlesex,NA,NA,NA
2544,1633,1635,London,London,Middlesex,NA,NA,NA
2587,1633,1634,Stratford Bow,Essex,Essex,NA,NA,NA
3031,1631,1634,Berkhamstead,Hertfordshire,Hertfordshire,Berkhamstead,NA,NA
3064,1632,1635,Tarrington,Devon,Devon,NA,NA,NA
3448,1632,1634,Warwick,Warwickshire,Warwickshire,Warwick,NA,47885
3739,1634,1635,Windermere,Westmorland,Westmorland,Windermere,NA,50064
3894,NA,1637,London,London,Middlesex,NA,NA,NA
3944,1626,NA,London,London,Middlesex,NA,NA,NA
3984,1630,1635,Dunstable Hoden,Bedfordshire,Bedfordshire,NA,NA,NA
4369,1632,1635,Berwick,Northumberland,Northumberland,Berwick upon Tweed,NA,3424
4431,NA,1635,London,London,Middlesex,NA,NA,NA
4619,1631,1635,Teddington,Middlesex,Middlesex,Teddington,NA,43958
4692,1631,1635,London,London,Middlesex,NA,NA,NA
4987,1633,1635,Madingley,Cambridgeshire,Cambridgeshire,Madingley,NA,29049
5452,1628,1634,Hertleborough,Northamptonshire,Northamptonshire,NA,NA,NA
5936,1633,1634,Cluworth,Berkshire,Berkshire,NA,NA,NA
6053,1632,1635,London,London,Middlesex,NA,NA,NA
6166,1635,1635,London,London,Middlesex,NA,NA,NA
6286,1632,1634,Tutbury,Staffordshire,Staffordshire,Tutbury,NA,46415
7761,1628,1635,Barsham,Suffolk,Suffolk,Barsham,NA,2611
7780,1631,1635,Chippenham,Wiltshire,Wiltshire,Chippenham,NA,9202
8043,1633,1635,Sparsholt,Berkshire,Berkshire,Sparsholt,NA,41478
8520,1631,1634,London,London,Middlesex,NA,NA,NA
9208,1633,1635,"St Mary Magdalen, Bermondsey Street",Surrey,Surrey,St Mary Magdalen Bermondsey,ID_30004,NA
9427,1631,1634,Settrington,Yorkshire,Yorkshire,Settrington,NA,39772
9512,1631,1635,Barking,Essex,Essex,Barking,NA,2398
9598,1633,1635,Stanton,Nottinghamshire,Nottinghamshire,NA,NA,NA
9719,1634,1635,London,London,Middlesex,NA,NA,NA
9898,1632,1635,Cisseter,Gloucestershire,Gloucestershire,NA,NA,NA
10016,1633,1635,Hatfield Peverel,Essex,Essex,Hatfield Peverel,NA,20500
10594,1633,1635,Monmouth,Monmouthshire,Monmouthshire,Monmouth,NA,30940
10618,1631,1635,Sedburgh,Yorkshire,Yorkshire,NA,NA,NA
10701,1633,1635,St Mary Cray,Kent,Kent,St Mary Cray,NA,41856
10750,1627,1635,Oakham,Rutland,Rutland,Oakham,NA,33616
10910,1630,1635,South Leverton,Nottinghamshire,Nottinghamshire,South Leverton,NA,41203
10999,1634,1635,Middle Littleton,Worcestershire,Worcestershire,Middle Littleton,NA,30235
11223,1626,1634,Elstree,Hertfordshire,Hertfordshire,Elstree,NA,15133
11405,1626,1635,Tiyeston,Devon,Devon,NA,NA,NA
11449,1633,1635,Lambeth,Surrey,Surrey,St Mary Lambeth,ID_127857,NA
11457,1632,1635,Gloucester,Gloucestershire,Gloucestershire,Gloucester,NA,17982
12285,1626,1635,Welford,Northamptonshire,Northamptonshire,Welford,NA,48229
12730,1633,1635,Allhallows London Wall,London,Middlesex,All Hallows London Wall,ID_127847,NA
12904,1632,1635,London,London,Middlesex,NA,NA,NA
13384,1627,1635,Aburne,Wiltshire,Wiltshire,NA,NA,NA
13498,1631,1635,Horsington,Lincolnshire,Lincolnshire,Horsington,NA,22843
13920,1631,1635,Bristol,Somerset,Somerset,Bristol,NA,288655
14103,1628,1634,Burton,Somerset,Somerset,NA,NA,NA
14218,1631,1635,Kempston,Bedfordshire,Bedfordshire,Kempston,NA,24026
1079,1627,1634,Chigwell,Essex,Essex,Chigwell,NA,9118
1089,1633,1634,Holm Lacy,Herefordshire,Herefordshire,NA,NA,NA
1254,1633,1634,London,London,Middlesex,NA,NA,NA
1257,1628,1634,Croston,Lancashire,Lancashire,Croston,NA,11894
1730,1630,1634,Barrup,Hampshire,Hampshire,NA,NA,NA
2775,1630,1634,Richmond,Surrey,Surrey,Richmond,NA,38028
2828,1634,1634,Kemerton,Gloucestershire,Gloucestershire,Kemerton,NA,24013
3089,1631,1633,Moresom,Yorkshire,Yorkshire,NA,NA,NA
3242,1631,1634,Abingdon,Berkshire,Berkshire,Abingdon,NA,287768
3276,1632,1634,Erdesly,Herefordshire,Herefordshire,NA,NA,NA
3410,1629,1634,Warwick,Warwickshire,Warwickshire,Warwick,NA,47885
3598,1629,1634,Pinchbeck,Lincolnshire,Lincolnshire,Pinchbeck,NA,35910
4458,1629,1634,London,London,Middlesex,NA,NA,NA
4747,1632,1634,Bermondsey,Surrey,Surrey,St Mary Magdalen Bermondsey,ID_30004,NA
4897,1632,1634,Nutfield,Surrey,Surrey,Nutfield,NA,33537
5185,1626,1634,Ingerstone,Essex,Essex,NA,NA,NA
5805,1633,1634,Southwark,Surrey,Surrey,NA,NA,NA
6658,1631,1634,London,London,Middlesex,NA,NA,NA
6798,1631,1635,Walllingford,Berkshire,Berkshire,NA,NA,NA
8027,1627,1634,Marfield,Leicestershire,Leicestershire,NA,NA,NA
8693,1633,1634,Tuxford,Nottinghamshire,Nottinghamshire,Tuxford,NA,46423
9404,1628,1634,Berwick upon Tweed,Northumberland,Northumberland,Berwick upon Tweed,NA,3424
9660,1632,1634,Tamworth,Warwickshire,Warwickshire,Tamworth,NA,43773
9830,1630,1634,Richmond,Surrey,Surrey,Richmond,NA,38028
10081,1631,1634,St Botolph Bishopsgate,London,Middlesex,St Botolph Bishopsgate,ID_127859,NA
10119,1633,1634,St Sepulchre,London,Middlesex,St Sepulchre,ID_30058,NA
10453,1634,1635,East Grinstead,Sussex,Sussex,East Grinstead,NA,14309
10917,1629,1634,Brinckham,Dorset,Dorset,NA,NA,NA
11589,1627,1633,Kentish Town,Middlesex,Middlesex,Kentish Town,NA,24102
11660,1628,1633,East Farndon,Northamptonshire,Northamptonshire,East Farndon,NA,14288
11933,1633,1634,Snape,Suffolk,Suffolk,Snape,NA,40877
12048,1631,1634,Shutford,Warwickshire,Warwickshire,NA,NA,NA
12331,1633,1634,Newington,Middlesex,Middlesex,Newington,ID_30005,NA
12463,1633,1634,NA,Shropshire,Shropshire,NA,NA,NA
12757,1631,1634,Gedney,Lincolnshire,Lincolnshire,Gedney,NA,17562
13214,1629,1634,London,London,Middlesex,NA,NA,NA
13495,1627,1634,Brailsford,Derbyshire,Derbyshire,Brailsford,NA,5264
416,1631,1635,Beck,Yorkshire,Yorkshire,NA,NA,NA
422,1628,1634,Saber,Yorkshire,Yorkshire,NA,NA,NA
636,1632,1635,West Farleigh,Kent,Kent,West Farleigh,NA,48585
727,1631,1634,Guildford,Surrey,Surrey,Guildford,NA,19326
764,1633,1635,"Great St Helen, Bishopsgate Street",London,Middlesex,St Helen,ID_30151,NA
1530,1628,1635,Knowle,Warwickshire,Warwickshire,Knowle,NA,25127
1824,1633,1635,Purton,Wiltshire,Wiltshire,Purton,NA,37020
1870,1628,1634,Kirkby Ireleth,Lancashire,Lancashire,Kirkby Ireleth,NA,60288
1921,1628,1634,Exeter,Devon,Devon,Exeter,NA,15586
2033,1627,1635,Selby,Yorkshire,Yorkshire,Selby,NA,39717
2737,1631,1634,Layston,Hertfordshire,Hertfordshire,NA,NA,NA
2883,1632,1635,Laverick Bridge,Westmorland,Westmorland,NA,NA,NA
2966,1632,1635,London,London,Middlesex,NA,NA,NA
3291,1629,1635,Halton Holgate,Lincolnshire,Lincolnshire,NA,NA,NA
3299,1631,1635,Langler,Herefordshire,Herefordshire,NA,NA,NA
3358,1633,1635,Durham,County Durham,County Durham,Durham,NA,13975
3499,1630,1635,Reneglos in Yeale,Denbighshire,Denbighshire,NA,NA,NA
3815,1627,1635,Lymm,Cheshire,Cheshire,Lymm,NA,28947
3838,1633,1635,Whittington,Staffordshire,Staffordshire,NA,NA,NA
4608,1632,1634,Button,Wiltshire,Wiltshire,NA,NA,NA
4782,1630,1635,Snailwell,Cambridgeshire,Cambridgeshire,Snailwell,NA,40872
4935,1631,1634,Melson,Wiltshire,Wiltshire,NA,NA,NA
5594,1634,1635,Windsor,Berkshire,Berkshire,Windsor,NA,50086
6097,1633,1635,Waterstock,Oxfordshire,Oxfordshire,Waterstock,NA,48038
6407,1627,1634,Bridgwater,Somerset,Somerset,Bridgwater,NA,5688
6544,1633,1635,London,London,Middlesex,NA,NA,NA
6547,1626,1634,Stanlake,Oxfordshire,Oxfordshire,NA,NA,NA
6832,1632,1635,Walton,Leicestershire,Leicestershire,Walton,NA,47658
7052,1633,1635,Bocken,Essex,Essex,NA,NA,NA
7295,1633,1635,New Buckenham,Norfolk,Norfolk,New Buckenham,NA,32113
7396,1626,1634,Witney,Oxfordshire,Oxfordshire,Witney,NA,50334
8643,1630,1635,London,London,Middlesex,NA,NA,NA
9426,1631,1635,St Andrew Holborn,Middlesex,Middlesex,St Andrew Holborn,ID_127848,NA
9513,1629,1634,Ashton,Herefordshire,Herefordshire,Ashton,NA,1437
9566,1631,1634,Abridge,Essex,Essex,Abridge,NA,235
10084,1628,1635,London,London,Middlesex,NA,NA,NA
10223,1633,1635,Brigden,Huntingdonshire,Huntingdonshire,NA,NA,NA
10706,1629,1634,Hawkes,Lancashire,Lancashire,NA,NA,NA
11058,1632,1634,Bramshott,Hampshire,Hampshire,Bramshott,NA,5330
11689,1631,1635,Bishopscleeve,Gloucestershire,Gloucestershire,NA,NA,NA
11839,1631,1635,Wenham,Suffolk,Suffolk,NA,NA,NA
12790,1632,1635,Hadley,Middlesex,Middlesex,Hadley,NA,19562
13093,1627,1635,Sodbury,Gloucestershire,Gloucestershire,Sodbury,NA,63150
13477,1628,1635,Ingerley,Devon,Devon,NA,NA,NA
13571,1630,1635,Norwich,Norfolk,Norfolk,Norwich,NA,33455
13669,1633,1634,Withington,Gloucestershire,Gloucestershire,Withington,NA,50309
13803,1628,1635,London,London,Middlesex,NA,NA,NA
14255,1628,1634,Havington,Wiltshire,Wiltshire,NA,NA,NA
4911,1631,1636,Riseley,Bedfordshire,Bedfordshire,Riseley,NA,38194
5248,1628,1636,Egbrough,Yorkshire,Yorkshire,NA,NA,NA
7595,1635,1636,Westminster,Middlesex,Middlesex,NA,NA,NA
8618,1633,1636,Shatswell,Warwickshire,Warwickshire,NA,NA,NA
10391,1634,1636,Minety,Wiltshire,Wiltshire,Minety,NA,30716
11144,1634,1636,Walthamstow,Essex,Essex,Walthamstow,NA,47645
12594,1634,1636,Frampton,Dorset,Dorset,Frampton,NA,16879
13358,1633,1636,Chippenham,Wiltshire,Wiltshire,Chippenham,NA,9202
3106,1636,1637,Blackley,Lancashire,Lancashire,Blackley,NA,4058
4517,1643,NA,Clerkenwell,Middlesex,Middlesex,St James Clerkenwell,ID_127865,NA
4572,1631,1635,Lemster,Herefordshire,Herefordshire,NA,NA,NA
6262,1633,1635,Shalfanger,Norfolk,Norfolk,NA,NA,NA
6921,1635,1638,Great St Bartholomew,London,Middlesex,St Bartholomew the Great,ID_30059,NA
8110,1633,1635,Broughton,Sussex,Sussex,NA,NA,NA
13197,1634,1635,Hampstead,Middlesex,Middlesex,Hampstead,NA,19944
13524,1631,1637,Leverton,Gloucestershire,Gloucestershire,NA,NA,NA
13584,1634,1637,Newport,Buckinghamshire,Buckinghamshire,NA,NA,NA
251,1632,1637,Hornchurch,Essex,Essex,Hornchurch,NA,22759
652,1635,1637,Bosworth,Leicestershire,Leicestershire,NA,NA,NA
704,1631,1637,Wells,Somerset,Somerset,Wells,NA,48288
1212,1629,1637,Peterborough,Northamptonshire,Northamptonshire,Peterborough,NA,35713
1221,1634,1637,Corby,Northamptonshire,Northamptonshire,Corby,NA,10838
1298,1633,1636,London,London,Middlesex,NA,NA,NA
1787,1635,1637,Treswell,Nottinghamshire,Nottinghamshire,Treswell,NA,46018
2284,1633,1637,London,London,Middlesex,NA,NA,NA
2724,1635,1636,London,London,Middlesex,NA,NA,NA
2857,1629,1637,Ickford,Buckinghamshire,Buckinghamshire,Ickford,NA,23427
3368,1634,1636,Scampston,Yorkshire,Yorkshire,Scampston,NA,39440
3604,1633,1636,London,London,Middlesex,NA,NA,NA
5693,1630,1637,Walton,Essex,Essex,NA,NA,NA
5820,1633,1636,Draycote,Warwickshire,Warwickshire,Draycote,NA,13523
5906,1631,1636,London,London,Middlesex,NA,NA,NA
6023,1635,1636,Perrin,Cornwall,Cornwall,NA,NA,NA
6467,1633,1636,Foots Cray,Kent,Kent,Foots Cray,NA,16571
6505,1634,1637,Camsham,Somerset,Somerset,NA,NA,NA
7303,1633,1637,Fillongley,Warwickshire,Warwickshire,Fillongley,NA,16238
7478,1633,1636,Wood Dalling,Norfolk,Norfolk,Wood Dalling,NA,50446
7859,1633,1636,Little Horwood,Buckinghamshire,Buckinghamshire,Little Horwood,NA,26641
7922,1634,1637,Fulham,Middlesex,Middlesex,Fulham,NA,17119
8070,1629,1636,St Sepulchre,Middlesex,Middlesex,St Sepulchre,ID_30058,NA
8124,1634,1636,Daintrey,Northamptonshire,Northamptonshire,NA,NA,NA
8963,1634,1636,London,London,Middlesex,NA,NA,NA
9113,1633,1637,Cricklade,Wiltshire,Wiltshire,Cricklade,NA,11567
9538,1632,1637,Acton,Cheshire,Cheshire,Acton,NA,324
9903,1633,1637,Berkhamstead,Hertfordshire,Hertfordshire,Berkhamstead,NA,NA
10470,1634,1636,London,London,Middlesex,NA,NA,NA
11098,1631,1636,Eton College,Berkshire,Berkshire,NA,NA,NA
11192,1632,1637,Kentish Town,Middlesex,Middlesex,Kentish Town,NA,24102
11576,1635,1637,London,London,Middlesex,NA,NA,NA
12183,1633,1636,Market Bosworth,Leicestershire,Leicestershire,Market Bosworth,NA,29444
12979,1630,1636,St Olave Southwark,Surrey,Surrey,St Olave Southwark,ID_30002,NA
13015,1633,1636,Hawkshead in Furness,Lancashire,Lancashire,NA,NA,NA
13101,1635,1637,Earl Shilton,Leicestershire,Leicestershire,Earl Shilton,NA,14098
13123,1631,1637,Warminster,Wiltshire,Wiltshire,Warminster,NA,47825
13622,1631,1637,Maidstone,Kent,Kent,Maidstone,NA,29156
13922,1635,1636,Shutlanger,Northamptonshire,Northamptonshire,Shutlanger,NA,40372
14011,1633,1637,London,London,Middlesex,NA,NA,NA
984,1636,1641,Hendon,Middlesex,Middlesex,Hendon,NA,21158
1367,1637,1641,London,London,Middlesex,NA,NA,NA
1492,1637,1641,Nettlebed,Oxfordshire,Oxfordshire,Nettlebed,NA,32044
1538,1637,1641,Chesterfield,Derbyshire,Derbyshire,Chesterfield,NA,9041
1960,1637,1641,Nottingham,Nottinghamshire,Nottinghamshire,Nottingham,NA,33480
3035,1634,1641,Hackney,Middlesex,Middlesex,Hackney,NA,19524
3107,1641,1641,St Botolph Aldgate,London,Middlesex,St Botolph Aldgate,ID_30153,NA
3687,1633,1641,Bodwin,Cornwall,Cornwall,NA,NA,NA
3895,1639,1641,Marlborough,Wiltshire,Wiltshire,Marlborough,NA,29474
4308,1634,1641,Stanton,Derbyshire,Derbyshire,Stanton,NA,295048
4765,1638,1641,Malmesbury,Wiltshire,Wiltshire,Malmesbury,NA,29219
4855,1639,1641,London,London,Middlesex,NA,NA,NA
5042,1634,1641,Aston Rogers,Shropshire,Shropshire,Aston Rogers,NA,1571
5614,1638,1641,London,London,Middlesex,NA,NA,NA
5960,1638,1641,Burton,Dorset,Dorset,Burton,NA,7118
6339,1638,1641,Hackney,Middlesex,Middlesex,Hackney,NA,19524
7110,1639,1641,Clerkenwell,Middlesex,Middlesex,St James Clerkenwell,ID_127865,NA
8276,1634,1641,Weston,Gloucestershire,Gloucestershire,NA,NA,NA
9067,1638,1641,Willingale Doe,Essex,Essex,NA,NA,NA
9141,1637,1641,St Bride Fleet Street,London,Middlesex,St Bride,ID_30049,NA
10054,1639,1641,Kingston,Surrey,Surrey,Kingston upon Thames,NA,24629
10966,1640,1642,Benington,Hertfordshire,Hertfordshire,Benington,NA,3273
12209,1638,1641,Yeovil,Somerset,Somerset,Yeovil,NA,51430
12880,1635,1641,Absheels,Northumberland,Northumberland,NA,NA,NA
157,1636,1637,London,London,Middlesex,NA,NA,NA
391,1633,1637,Bromley,Kent,Kent,Bromley,NA,6067
855,1630,1637,Harrow on the Hill,Middlesex,Middlesex,Harrow on the Hill,NA,20312
918,1633,1637,Burmington,Warwickshire,Warwickshire,Burmington,NA,6937
1054,1635,1637,Pomfret,Yorkshire,Yorkshire,NA,NA,NA
2079,1635,1637,London,London,Middlesex,NA,NA,NA
2161,1632,1637,St Clement Danes,Middlesex,Middlesex,St Clement Danes,ID_30015,NA
3045,1635,1637,Sandhurst,Berkshire,Berkshire,Sandhurst,NA,39221
3148,1633,1637,London,London,Middlesex,NA,NA,NA
3202,1630,1637,Lownam,Leicestershire,Leicestershire,NA,NA,NA
3254,1634,1637,Basingstoke,Hampshire,Hampshire,Basingstoke,NA,2707
3355,1634,1637,Stepney,Middlesex,Middlesex,St Dunstan Stepney,ID_30169,NA
3828,1633,1637,Uley,Gloucestershire,Gloucestershire,Uley,NA,46697
3841,1635,1637,Fulwell,Oxfordshire,Oxfordshire,Fulwell,NA,17146
4378,1631,1637,Horne,Surrey,Surrey,Horne,NA,22769
4789,1632,1637,Redmile,Leicestershire,Leicestershire,Redmile,NA,37646
5200,NA,1637,Middleton,Westmorland,Westmorland,Middleton,NA,30300
5405,1635,1637,Gawcham,Cardiganshire,Cardiganshire,NA,NA,NA
5764,1633,1637,Piddington,Oxfordshire,Oxfordshire,Piddington,NA,35829
5791,1631,1637,Shepshed,Leicestershire,Leicestershire,Shepshed,NA,40066
6210,1634,1637,London,London,Middlesex,NA,NA,NA
7315,1634,1637,Bedale,Yorkshire,Yorkshire,Bedale,NA,2993
7348,1633,1637,London,London,Middlesex,NA,NA,NA
7470,1634,1637,Firbank,Westmorland,Westmorland,Firbank,NA,16299
8271,1631,1637,Oldfield,Yorkshire,Yorkshire,NA,NA,NA
10338,1633,1637,Wimboldsley,Cheshire,Cheshire,Wimboldsley,NA,298167
10755,1632,1637,Cotefield,Sussex,Sussex,NA,NA,NA
11990,1634,1637,Redbourn,Hertfordshire,Hertfordshire,Redbourn,NA,37581
12164,1636,1637,St Sepulchre,Middlesex,Middlesex,St Sepulchre,ID_30058,NA
12204,1632,1637,Elworthy,Somerset,Somerset,Elworthy,NA,15166
13585,1632,1637,Horsham,Sussex,Sussex,Horsham,NA,22839
13677,1635,1637,Farleton,Lancashire,Lancashire,Farleton,NA,15799
160,1634,1638,Axbridge,Somerset,Somerset,Axbridge,NA,1756
890,1631,1638,Staplefordbridge,Staffordshire,Staffordshire,NA,NA,NA
1554,1636,1637,Thatcham,Berkshire,Berkshire,Thatcham,NA,44087
1602,1634,1638,London,London,Middlesex,NA,NA,NA
1684,1634,1638,Melton Mowbray,Leicestershire,Leicestershire,Melton Mowbray,NA,29987
1725,1632,1637,Rancombe,Gloucestershire,Gloucestershire,NA,NA,NA
2664,1634,1638,Bicester,Oxfordshire,Oxfordshire,Bicester,NA,3532
2692,1631,1638,Berkhamstead,Hertfordshire,Hertfordshire,Berkhamstead,NA,NA
2930,1634,1638,Tysbury,Wiltshire,Wiltshire,NA,NA,NA
3032,1636,1638,Sandhurst,Berkshire,Berkshire,Sandhurst,NA,39221
3157,1633,1637,Langley,Essex,Essex,Langley,NA,25512
3402,1632,1637,Ipswich,Suffolk,Suffolk,Ipswich,NA,23691
3971,1632,1638,Withington,Gloucestershire,Gloucestershire,Withington,NA,50309
3978,1634,1638,Staughton,Huntingdonshire,Huntingdonshire,NA,NA,NA
4026,1637,1638,Tissington,Derbyshire,Derbyshire,Tissington,NA,45023
4052,1635,1637,Eaton,Bedfordshire,Bedfordshire,NA,NA,NA
4189,1634,1638,Little Minories,London,Middlesex,NA,NA,NA
4257,1634,1638,Berton,Buckinghamshire,Buckinghamshire,NA,NA,NA
4847,1633,1637,Northleach,Gloucestershire,Gloucestershire,Northleach,NA,33339
4983,1634,1638,Bagworth,Leicestershire,Leicestershire,Bagworth,NA,1954
5165,1635,1638,Dovebridge,Derbyshire,Derbyshire,NA,NA,NA
5399,1631,1638,London,London,Middlesex,NA,NA,NA
5432,1634,1638,Blackburn,Lancashire,Lancashire,Blackburn,NA,3996
5467,1631,1637,Aldenham,Hertfordshire,Hertfordshire,Aldenham,NA,537
5701,1634,1638,Hampton,Cheshire,Cheshire,NA,NA,NA
5723,1632,1638,St Giles Cripplegate,London,Middlesex,St Giles Cripplegate,ID_30100,NA
6111,1633,1638,Hartlerowe,Hampshire,Hampshire,NA,NA,NA
6124,1636,1638,Lowick,Northamptonshire,Northamptonshire,Lowick,NA,28713
6174,1635,1637,Burford,Oxfordshire,Oxfordshire,Burford,NA,6867
6723,1636,1638,Cranbrook,Kent,Kent,Cranbrook,NA,11396
7215,1633,1638,Charlwood,Surrey,Surrey,Charlwood,NA,8832
7402,1635,1637,Hitchin,Hertfordshire,Hertfordshire,Hitchin,NA,22136
8329,1630,1638,Barwell,Leicestershire,Leicestershire,Barwell,NA,2682
8760,1637,1638,Kilpeck,Herefordshire,Herefordshire,Kilpeck,NA,24389
9035,1633,1638,Lascott,Shropshire,Shropshire,NA,NA,NA
9138,1635,1638,Anstey,Hertfordshire,Hertfordshire,Anstey,NA,968
9314,1635,1638,Ripple,Worcestershire,Worcestershire,Ripple,NA,38170
9351,1632,1638,London,London,Middlesex,NA,NA,NA
9408,1632,1637,Hartshill,Warwickshire,Warwickshire,Hartshill,NA,20400
9444,1635,1637,Waltham,Somerset,Somerset,NA,NA,NA
9978,1632,1638,Hillingdon,Middlesex,Middlesex,Hillingdon,NA,21996
9994,1631,1638,London,London,Middlesex,NA,NA,NA
10679,1633,1637,Osfield,Staffordshire,Staffordshire,NA,NA,NA
11231,1635,1638,Oxford,Oxfordshire,Oxfordshire,Oxford,NA,34379
11266,1631,1638,Plymouth,Devon,Devon,Plymouth,NA,36158
11273,1635,1637,Blakenhall,Cheshire,Cheshire,Blakenhall,NA,4242
11435,1636,1638,London,London,Middlesex,NA,NA,NA
12071,1634,1638,Feversham,Kent,Kent,Faversham,NA,15905
12253,1633,1638,Stamford,Northamptonshire,Northamptonshire,Stamford,NA,42021
12392,1636,1638,Haton,Cumberland,Cumberland,NA,NA,NA
13368,1636,1637,Tiverton,Devon,Devon,Tiverton,NA,45049
13444,1636,1637,London,London,Middlesex,NA,NA,NA
10,1634,1638,Eversholt,Bedfordshire,Bedfordshire,Eversholt,NA,15536
776,1637,1638,Cowick,Yorkshire,Yorkshire,NA,NA,NA
1305,1632,1638,London,London,Middlesex,NA,NA,NA
1398,1635,1638,Weston,Somerset,Somerset,Weston,NA,49076
2171,1632,1637,Hope,Oxfordshire,Oxfordshire,NA,NA,NA
4098,1634,1638,Shaw,Lancashire,Lancashire,Shaw,NA,39897
4949,1633,1638,NA,Monmouthshire,Monmouthshire,NA,NA,NA
5070,1633,1638,Hellidon,Northamptonshire,Northamptonshire,Hellidon,NA,21065
5136,1637,1639,Newington,Kent,Kent,Newington,NA,NA
5520,1637,1638,London,London,Middlesex,NA,NA,NA
5648,1633,1638,Flamstead,Hertfordshire,Hertfordshire,Flamstead,NA,16397
5754,1634,1638,Weston upon Trent,Staffordshire,Staffordshire,NA,NA,NA
5999,1631,1638,Besbury,Herefordshire,Herefordshire,NA,NA,NA
6189,1637,1638,Ashe,Derbyshire,Derbyshire,NA,NA,NA
6848,1635,1638,Poplar,Middlesex,Middlesex,Poplar,ID_30173,NA
7253,1635,1637,London,London,Middlesex,NA,NA,NA
7591,1634,1638,Lodswell,Devon,Devon,NA,NA,NA
8327,1631,1638,Ditton,Surrey,Surrey,NA,NA,NA
8486,1637,1638,Kettering,Northamptonshire,Northamptonshire,Kettering,NA,24183
9204,1634,1638,Market Bosworth,Leicestershire,Leicestershire,Market Bosworth,NA,29444
9603,1637,1638,Child Ockford,Dorset,Dorset,NA,NA,NA
9851,1633,1638,Stanton upon Dale,Derbyshire,Derbyshire,NA,NA,NA
9912,1635,1637,Blisworth,Northamptonshire,Northamptonshire,Blisworth,NA,4336
10031,1637,1638,St Martin in the Fields,Middlesex,Middlesex,St Martin in the Fields,ID_30034,NA
10035,1634,1638,West Bromwich,Staffordshire,Staffordshire,West Bromwich,NA,48463
10622,1635,1638,Swainby,Yorkshire,Yorkshire,NA,NA,NA
10667,1636,1634,St Saviour Southwark,Surrey,Surrey,St Saviour Southwark,ID_30001,NA
10720,1633,1638,Poole,Dorset,Dorset,Poole,NA,36438
10768,1636,1637,Oxford,Oxfordshire,Oxfordshire,Oxford,NA,34379
11842,1631,1637,Spurstow,Cheshire,Cheshire,Spurstow,NA,41641
11874,1632,1638,St Leonard Shoreditch,Middlesex,Middlesex,St Leonard Shoreditch,ID_30170,NA
12140,1636,NA,London,London,Middlesex,NA,NA,NA
12178,1634,1638,London,London,Middlesex,NA,NA,NA
12714,1634,1638,Croydon,Surrey,Surrey,Croydon,NA,11989
13563,1637,1638,Steeple Ashton,Wiltshire,Wiltshire,Steeple Ashton,NA,42308
13913,1635,1638,Franton,Gloucestershire,Gloucestershire,NA,NA,NA
45,NA,1639,Feltam,Middlesex,Middlesex,NA,NA,NA
158,1632,1639,Tugby,Leicestershire,Leicestershire,Tugby,NA,46311
939,1632,1639,Norwich,Norfolk,Norfolk,Norwich,NA,33455
1121,1637,1639,London,London,Middlesex,NA,NA,NA
1615,1632,1639,Caversham,Oxfordshire,Oxfordshire,Caversham,NA,8424
2109,1638,1639,Cranborne,Dorset,Dorset,Cranborne,NA,11392
2203,1633,1639,Mildenhall,Suffolk,Suffolk,Mildenhall,NA,30399
2529,1632,1639,Walton,Essex,Essex,NA,NA,NA
2610,1635,1639,Hunnington,Warwickshire,Warwickshire,NA,NA,NA
3122,1634,1639,Woodcnott,Warwickshire,Warwickshire,NA,NA,NA
3311,1637,1639,Chadlington,Oxfordshire,Oxfordshire,Chadlington,NA,8584
3345,1633,1639,London,London,Middlesex,NA,NA,NA
3558,1633,1638,Stroudwater,Gloucestershire,Gloucestershire,Stroudwater,NA,NA
3740,1635,1639,Corney,Cumberland,Cumberland,Corney,NA,10880
3999,1635,1639,Weston,Somerset,Somerset,Weston,NA,49076
4064,1637,1639,London,London,Middlesex,NA,NA,NA
4436,1634,1639,Cleeve Priors,Worcestershire,Worcestershire,NA,NA,NA
5562,1631,1638,Windsor,Berkshire,Berkshire,Windsor,NA,50086
6149,1638,1639,London,London,Middlesex,NA,NA,NA
6344,1633,1639,London,London,Middlesex,NA,NA,NA
7124,1637,1639,NA,Merionethshire,Merionethshire,NA,NA,NA
7637,1638,1639,Preston,Lancashire,Lancashire,Preston,NA,36810
7662,1635,1639,Stendon,Yorkshire,Yorkshire,NA,NA,NA
8225,1633,1639,London,London,Middlesex,NA,NA,NA
9011,1637,1639,Weston,Huntingdonshire,Huntingdonshire,NA,NA,NA
9045,1635,1639,Kingston,Kent,Kent,NA,NA,NA
9625,1636,1639,Teddington,Middlesex,Middlesex,Teddington,NA,43958
9963,1634,1639,Golding Lane,Middlesex,Middlesex,NA,NA,NA
9967,1632,1639,Burford,Oxfordshire,Oxfordshire,Burford,NA,6867
10200,1635,1639,Cardwis,Flintshire,Flintshire,NA,NA,NA
10229,1635,1639,Eastwood,Essex,Essex,Eastwood,NA,14670
10827,1634,1639,Bridgnorth,Shropshire,Shropshire,Bridgnorth,NA,5687
11103,1633,1639,Manton,Rutland,Rutland,Manton,NA,29333
11202,1634,1639,Keare,Worcestershire,Worcestershire,NA,NA,NA
11704,1634,1639,Ipswich,Suffolk,Suffolk,Ipswich,NA,23691
12451,1637,1639,Nauplin,Denbighshire,Denbighshire,NA,NA,NA
13048,1632,1639,Braintree,Essex,Essex,Braintree,NA,5267
13056,1634,1639,St Albans,Hertfordshire,Hertfordshire,St Albans,NA,41656
13363,1635,1639,Chipping Sodbury,Gloucestershire,Gloucestershire,Chipping Sodbury,NA,9212
13426,1635,1639,Westerham,Kent,Kent,Westerham,NA,48960
14035,1635,1638,Bugby,Northamptonshire,Northamptonshire,NA,NA,NA
32,1634,1639,Frome Selwood,Somerset,Somerset,NA,NA,NA
204,1637,1639,Hamstall Ridware,Staffordshire,Staffordshire,Hamstall Ridware,NA,19981
295,1638,1639,Langhangen,Devon,Devon,NA,NA,NA
554,1635,1639,Lowdham,Nottinghamshire,Nottinghamshire,Lowdham,NA,28279
1185,1635,1639,Benefield,Northamptonshire,Northamptonshire,Benefield,NA,55855
1219,1634,1639,Crosthwaite,Cumberland,Cumberland,NA,NA,NA
1261,1636,1639,Beckford,Gloucestershire,Gloucestershire,Beckford,NA,2975
2054,1636,1639,Rame,Cornwall,Cornwall,NA,NA,NA
3034,1632,1639,Theobalds,Hertfordshire,Hertfordshire,NA,NA,NA
3048,1638,1639,Yardely Hastings,Northamptonshire,Northamptonshire,NA,NA,NA
3367,1635,1639,Wanstrow,Somerset,Somerset,Wanstrow,NA,47726
3510,1638,1639,London,London,Middlesex,NA,NA,NA
4770,1634,1639,Guildford,Surrey,Surrey,Guildford,NA,19326
4811,1634,1639,East Lulworth,Dorset,Dorset,East Lulworth,NA,14388
4975,1635,1639,Durham,County Durham,County Durham,Durham,NA,13975
5876,1638,1639,Ansley,Warwickshire,Warwickshire,Ansley,NA,962
6406,1637,1639,Skelmersdale,Lancashire,Lancashire,Skelmersdale,NA,40593
6558,1637,1639,Crowle,Worcestershire,Worcestershire,Crowle,NA,11941
6628,1635,1639,Bridewell Precinct,London,Middlesex,Precinct of Bridewell,ID_30050,NA
6722,1637,1639,Crastreete,Cumberland,Cumberland,NA,NA,NA
7276,1638,1639,Millbrook,Bedfordshire,Bedfordshire,Millbrook,NA,30529
7437,1637,1639,Stony Stratford,Buckinghamshire,Buckinghamshire,Stony Stratford,NA,42745
7642,1637,1639,Chesterfield,Devon,Devon,NA,NA,NA
7690,1638,1639,Dullingham,Cambridgeshire,Cambridgeshire,Dullingham,NA,13768
7847,1635,1639,Blackwall,Middlesex,Middlesex,Blackwall,NA,4114
7883,1637,1639,Llandeilo Talybont,Glamorgan,Glamorgan,NA,NA,NA
8125,1635,1639,Wormley,Hertfordshire,Hertfordshire,Wormley,NA,50991
8285,1636,1639,"Horsleydown Lane, Southwark",Surrey,Surrey,St John Horselydown,ID_30003,NA
8849,1637,1639,Tamworth,Warwickshire,Warwickshire,Tamworth,NA,43773
10146,NA,1639,Tywyn,Merionethshire,Merionethshire,Tywyn,NA,46644
10796,1638,1639,London,London,Middlesex,NA,NA,NA
11189,1634,1639,Lathom,Lancashire,Lancashire,Lathom,NA,25664
11626,1638,1639,Leominster,Herefordshire,Herefordshire,Leominster,NA,26048
11898,1638,1639,Letwell,Yorkshire,Yorkshire,Letwell,NA,26099
12582,1636,1639,Glossup,Derbyshire,Derbyshire,NA,NA,NA
12698,1637,1639,Little Wolford,Warwickshire,Warwickshire,Little Wolford,NA,26859
12909,1632,1639,Hereford,Herefordshire,Herefordshire,Hereford,NA,21293
12963,1636,1639,Minster,Cornwall,Cornwall,NA,NA,NA
13000,1632,1639,London,London,Middlesex,NA,NA,NA
13281,1632,1638,Ruddington,Nottinghamshire,Nottinghamshire,Ruddington,NA,38782
13416,1633,1639,Newport,Shropshire,Shropshire,Newport,NA,32569
13638,1634,1639,Southwark,Surrey,Surrey,NA,NA,NA
13975,1632,1639,Belbroughton,Worcestershire,Worcestershire,Belbroughton,NA,3129
14047,1634,1639,Litton,Dorset,Dorset,NA,NA,NA
39,1638,1639,Welton,Northamptonshire,Northamptonshire,Welton,NA,48323
177,1635,1639,Stanton Harcourt,Oxfordshire,Oxfordshire,Stanton Harcourt,NA,42150
650,1637,1639,London,London,Middlesex,NA,NA,NA
1209,1635,1639,South Molton,Devon,Devon,South Molton,NA,41216
1320,1631,1639,London,London,Middlesex,NA,NA,NA
1382,1634,1639,Horsham,Sussex,Sussex,Horsham,NA,22839
1569,1634,1639,London,London,Middlesex,NA,NA,NA
2752,1635,1639,London,London,Middlesex,NA,NA,NA
4831,1632,1639,Aldeburgh,Suffolk,Suffolk,Aldeburgh,NA,535
6176,1636,1639,Difforth,Yorkshire,Yorkshire,NA,NA,NA
6759,1638,1639,Brenchley,Kent,Kent,Brenchley,NA,5512
6869,1631,1639,Reading,Berkshire,Berkshire,Reading,NA,37532
7044,1633,1639,Southwark,Surrey,Surrey,NA,NA,NA
7625,1633,1639,Tregavethan,Cornwall,Cornwall,NA,NA,NA
7884,1634,1639,Pentraeth,Anglesey,Anglesey,Pentraeth,NA,35357
7904,1635,1639,Brome,Suffolk,Suffolk,Brome,NA,6053
7933,1638,1639,Saffron Walden,Essex,Essex,Saffron Walden,NA,39008
8054,1632,1639,London,London,Middlesex,NA,NA,NA
8464,1632,1639,London,London,Middlesex,NA,NA,NA
8875,1632,1639,Leamington,Warwickshire,Warwickshire,NA,NA,NA
8918,1636,1639,Ruislip,Middlesex,Middlesex,Ruislip,NA,38815
9075,1637,1639,Crackenthorpe,Westmorland,Westmorland,Crackenthorpe,NA,11263
9217,1637,1639,Hatton Grange,Shropshire,Shropshire,Hatton Grange,NA,20533
9330,1634,1639,London,London,Middlesex,NA,NA,NA
9794,1633,1639,Alderton,Gloucestershire,Gloucestershire,Alderton,NA,566
10304,1632,1639,Bradford,Wiltshire,Wiltshire,Bradford,NA,NA
10380,1634,1639,Reading,Berkshire,Berkshire,Reading,NA,37532
11065,1633,1639,Hertingfordbury,Hertfordshire,Hertfordshire,Hertingfordbury,NA,21351
11075,1637,1639,Presteigne,Radnorshire,Radnorshire,Presteigne,NA,26987
11185,1638,1639,Preston,Lancashire,Lancashire,Preston,NA,36810
12052,1637,1639,Westham,Sussex,Sussex,Westham,NA,49009
12120,1632,1639,London,London,Middlesex,NA,NA,NA
12198,1635,1639,London,London,Middlesex,NA,NA,NA
12407,1633,1639,Coventry,Warwickshire,Warwickshire,Coventry,NA,11138
12793,1632,1639,Chesham,Buckinghamshire,Buckinghamshire,Chesham,NA,9025
12939,1631,1639,Colchester,Essex,Essex,Colchester,NA,10252
13037,1632,1639,Okill,Yorkshire,Yorkshire,NA,NA,NA
13042,1632,1639,Okill,Yorkshire,Yorkshire,NA,NA,NA
13393,1637,1639,Broadwoodkelly,Devon,Devon,Broadwoodkelly,NA,5975
13446,1632,1639,NA,Staffordshire,Staffordshire,NA,NA,NA
262,1637,1640,St Martin Le Grand,London,Middlesex,NA,NA,NA
2665,1641,1641,St Botolph Aldersgate,London,Middlesex,St Botolph Aldersgate,ID_30061,NA
2730,1639,1640,Hardingstone,Northamptonshire,Northamptonshire,Hardingstone,NA,20122
2818,1631,1640,Bedford,Bedfordshire,Bedfordshire,Bedford,NA,3009
3033,1635,1639,Studley,Warwickshire,Warwickshire,Studley,NA,43146
3443,1635,1640,Linfield,Gloucestershire,Gloucestershire,NA,NA,NA
3590,1638,1641,South Normanton,Derbyshire,Derbyshire,South Normanton,NA,41228
3872,1634,1639,Sutton Cheney,Leicestershire,Leicestershire,Sutton Cheney,NA,43361
4324,1639,1641,Avingbury,Herefordshire,Herefordshire,NA,NA,NA
4934,1639,1641,Ormskirk,Lancashire,Lancashire,Ormskirk,NA,34088
5020,1639,1641,Uxbridge,Middlesex,Middlesex,Uxbridge,NA,47245
5868,1637,1641,London,London,Middlesex,NA,NA,NA
6178,1635,1641,Coventry,Warwickshire,Warwickshire,Coventry,NA,11138
6308,1635,1639,Billingshurst,Sussex,Sussex,Billingshurst,NA,3654
6504,1634,1641,London,London,Middlesex,NA,NA,NA
6525,1635,1640,Beachampton,Buckinghamshire,Buckinghamshire,Beachampton,NA,2851
6883,1630,1639,St Giles,Middlesex,Middlesex,St Giles in the Fields,ID_30018,NA
7047,1635,1640,London,London,Middlesex,NA,NA,NA
7485,1633,1639,Isle of Ely,Cambridgeshire,Cambridgeshire,Ely,NA,15168
7724,1635,1640,High Lee,Cheshire,Cheshire,NA,NA,NA
7846,1636,1641,Dilbey,Yorkshire,Yorkshire,NA,NA,NA
8231,1637,1641,London,London,Middlesex,NA,NA,NA
8404,1635,1640,West Ham,Essex,Essex,West Ham,NA,48614
8578,1634,1641,Thorpe,Leicestershire,Leicestershire,NA,NA,NA
8912,1638,1640,Windsor,Berkshire,Berkshire,Windsor,NA,50086
8919,1638,1641,Ashtead,Surrey,Surrey,Ashtead,NA,1433
9083,1634,1640,Bolton,Lancashire,Lancashire,Bolton,NA,4570
9362,1637,1640,North Kilworth,Leicestershire,Leicestershire,North Kilworth,NA,33145
9533,1639,1640,Cheapstowe,Monmouthshire,Monmouthshire,NA,NA,NA
9747,1637,1641,Woolson,Warwickshire,Warwickshire,NA,NA,NA
10123,1634,1639,Shrewsbury,Shropshire,Shropshire,Shrewsbury,NA,40345
10604,1639,1640,Hitchin,Hertfordshire,Hertfordshire,Hitchin,NA,22136
10993,1635,1640,Winchester,Hampshire,Hampshire,Winchester,NA,50050
11501,1638,1640,Cropwell Butler,Nottinghamshire,Nottinghamshire,Cropwell Butler,NA,11725
11952,1638,1641,East Malling,Kent,Kent,East Malling,NA,14398
11980,1635,1640,London,London,Middlesex,NA,NA,NA
12233,1634,1641,London,London,Middlesex,NA,NA,NA
12347,1638,1639,Humbleden,Buckinghamshire,Buckinghamshire,NA,NA,NA
12505,1634,1640,Mortimer,Berkshire,Berkshire,Mortimer,NA,31202
12627,1638,1640,Kempton,Herefordshire,Herefordshire,NA,NA,NA
12923,1633,1640,Ruttan,Kent,Kent,NA,NA,NA
12962,1634,1640,London,London,Middlesex,NA,NA,NA
13008,1635,1639,Derby,Derbyshire,Derbyshire,Derby,NA,12974
13564,1637,1641,Thorpe,Northamptonshire,Northamptonshire,NA,NA,NA
13661,1636,1641,London,London,Middlesex,NA,NA,NA
13858,1639,1640,London,London,Middlesex,NA,NA,NA
14076,1634,1640,London,London,Middlesex,NA,NA,NA
14114,1637,1641,London,London,Middlesex,NA,NA,NA
14248,1638,1639,Compton,Gloucestershire,Gloucestershire,NA,NA,NA
74,1635,1640,Wotton under Edge,Gloucestershire,Gloucestershire,Wotton under Edge,NA,51055
296,1635,1640,Mould,Flintshire,Flintshire,NA,NA,NA
1319,1638,1640,Suson,Essex,Essex,NA,NA,NA
1646,NA,1640,London,London,Middlesex,NA,NA,NA
2083,1638,1640,London,London,Middlesex,NA,NA,NA
2332,NA,1640,Romford,Essex,Essex,Romford,NA,38417
2801,1637,1640,Weston,Gloucestershire,Gloucestershire,NA,NA,NA
3204,1637,1640,Conway,Caernarvonshire,Caernarvonshire,NA,NA,NA
3300,1634,1640,Leicester,Leicestershire,Leicestershire,Leicester,NA,25957
4370,1633,1640,Barnesby Street,Surrey,Surrey,NA,NA,NA
4497,1638,1640,Chester,Cheshire,Cheshire,Chester,NA,9035
4681,1638,1640,Turley,Gloucestershire,Gloucestershire,NA,NA,NA
5852,1634,1640,Northfleet,Kent,Kent,Northfleet,NA,33328
7328,1636,1640,Preston,Northamptonshire,Northamptonshire,NA,NA,NA
7616,1635,1640,Churchill,Somerset,Somerset,Churchill,NA,9429
9429,1635,1640,Todbery,Gloucestershire,Gloucestershire,NA,NA,NA
9484,1639,1640,London,London,Middlesex,NA,NA,NA
10105,1638,1640,Hook Norton,Oxfordshire,Oxfordshire,Hook Norton,NA,22633
11824,1638,1640,Dorcester,Dorset,Dorset,NA,NA,NA
11914,1638,1641,Adderbury,Oxfordshire,Oxfordshire,Adderbury,NA,354
12467,1634,1640,Montgomery,Montgomeryshire,Montgomeryshire,Montgomery,NA,30951
12542,NA,1640,Gedney,Lincolnshire,Lincolnshire,Gedney,NA,17562
12829,1633,1640,Faidon Mount,Essex,Essex,NA,NA,NA
85,1635,1640,Much Baddow,Essex,Essex,NA,NA,NA
470,1632,1640,Kanckwood,Staffordshire,Staffordshire,NA,NA,NA
705,1640,1640,Whissendine,Rutland,Rutland,Whissendine,NA,49362
829,1639,1640,London,London,Middlesex,NA,NA,NA
887,1633,1640,Radcliffe on Trent,Nottinghamshire,Nottinghamshire,Radcliffe on Trent,NA,37251
1031,1638,1640,Penkridge,Staffordshire,Staffordshire,Penkridge,NA,35146
1143,1640,1640,London,London,Middlesex,NA,NA,NA
1246,1638,1640,London,London,Middlesex,NA,NA,NA
1843,1636,1640,Upton,Cheshire,Cheshire,NA,NA,NA
1965,1633,1640,London,London,Middlesex,NA,NA,NA
1974,1638,1640,Cawkett,Rutland,Rutland,NA,NA,NA
2012,1635,1641,London,London,Middlesex,NA,NA,NA
2510,1637,1641,Stoke Prior,Worcestershire,Worcestershire,Stoke Prior,NA,42569
2678,1633,1640,Little Paxton,Huntingdonshire,Huntingdonshire,Little Paxton,NA,26749
2832,1635,1640,St Martin in the Fields,Middlesex,Middlesex,St Martin in the Fields,ID_30034,NA
2887,1634,1640,Redbourn,Hertfordshire,Hertfordshire,Redbourn,NA,37581
3829,1635,1640,Uley,Gloucestershire,Gloucestershire,Uley,NA,46697
4005,1635,1640,Langtree,Devon,Devon,Langtree,NA,25570
4012,1638,1641,Barlow,Nottinghamshire,Nottinghamshire,NA,NA,NA
4173,1635,1640,Norwick,Worcestershire,Worcestershire,NA,NA,NA
4201,1639,1641,St Dunstan in the West,London,Middlesex,St Dunstan in the West,ID_127855,NA
4238,1635,1640,Clanroust,Denbighshire,Denbighshire,NA,NA,NA
4241,1639,1640,London,London,Middlesex,NA,NA,NA
4463,1638,1640,Charlton,Leicestershire,Leicestershire,NA,NA,NA
4476,1635,1640,St Dunstan in the West,London,Middlesex,St Dunstan in the West,ID_127855,NA
4693,1637,1641,Stanford,Berkshire,Berkshire,NA,NA,NA
5225,1637,1640,Wendover,Buckinghamshire,Buckinghamshire,Wendover,NA,48352
5349,1633,1640,Fyfield,Gloucestershire,Gloucestershire,Fyfield,NA,17187
5389,1632,1640,Littleton,Middlesex,Middlesex,Littleton,NA,26914
5506,1634,1640,Pennon,Glamorgan,Glamorgan,Pennon,NA,35217
6071,1638,1640,Bathealton,Somerset,Somerset,Bathealton,NA,2750
6115,1637,1641,London,London,Middlesex,NA,NA,NA
6720,1638,1640,Banbury,Oxfordshire,Oxfordshire,Banbury,NA,2220
6762,1632,1640,West Farleigh,Kent,Kent,West Farleigh,NA,48585
6968,1634,1640,Cranbrook,Kent,Kent,Cranbrook,NA,11396
6990,1635,1640,St Botolph Aldgate,London,Middlesex,St Botolph Aldgate,ID_30153,NA
7472,1637,1640,Haster,Essex,Essex,NA,NA,NA
8254,1634,1640,Hendon,Middlesex,Middlesex,Hendon,NA,21158
8330,1631,1640,Cow Cross,Middlesex,Middlesex,NA,NA,NA
8755,1635,1640,Bristol,Gloucestershire,Gloucestershire,Bristol,NA,288655
8833,1637,1640,Kingsthorpe,Northamptonshire,Northamptonshire,Kingsthorpe,NA,24595
8892,1637,1640,St Weonard,Herefordshire,Herefordshire,NA,NA,NA
9186,1637,1640,London,London,Middlesex,NA,NA,NA
9571,1633,1640,"Orston, Lymstock",Devon,Devon,NA,NA,NA
10069,1637,1640,Marlow,Buckinghamshire,Buckinghamshire,Marlow,NA,29492
10603,1638,1640,Worcester,Worcestershire,Worcestershire,Worcester,NA,50943
10655,1639,1640,London,London,Middlesex,NA,NA,NA
10675,1638,1640,Wisley,Surrey,Surrey,Wisley,NA,50255
10689,1639,1640,Chester,Cheshire,Cheshire,Chester,NA,9035
10822,1635,1640,Farnham Royal,Buckinghamshire,Buckinghamshire,Farnham Royal,NA,15851
10838,1637,1640,Tickennam,Somerset,Somerset,NA,NA,NA
10956,1637,1641,Slimbridge,Gloucestershire,Gloucestershire,Slimbridge,NA,40747
11428,1637,1640,London,London,Middlesex,NA,NA,NA
11514,1639,1641,London,London,Middlesex,NA,NA,NA
11683,1635,1641,London,London,Middlesex,NA,NA,NA
11921,1635,1640,London,London,Middlesex,NA,NA,NA
12097,1636,1640,London,London,Middlesex,NA,NA,NA
12127,1638,1640,Under Hamdon,Somerset,Somerset,NA,NA,NA
12352,1637,1640,Sutton,Gloucestershire,Gloucestershire,NA,NA,NA
12432,1634,1640,Ruthen,Derbyshire,Derbyshire,NA,NA,NA
12679,1638,1640,"Stock Lane, Doulton",Somerset,Somerset,NA,NA,NA
12755,1639,1640,London,London,Middlesex,NA,NA,NA
13202,1639,1640,Caunton,Nottinghamshire,Nottinghamshire,Caunton,NA,8397
13345,1635,1640,Berton,Buckinghamshire,Buckinghamshire,NA,NA,NA
13406,1637,1640,Setham,Lancashire,Lancashire,NA,NA,NA
13447,1635,1640,Little Compton,Gloucestershire,Gloucestershire,NA,NA,NA
13612,1634,1640,London,London,Middlesex,NA,NA,NA
13653,1638,1640,Kewsoe,Herefordshire,Herefordshire,NA,NA,NA
13787,1640,1640,London,London,Middlesex,NA,NA,NA
13994,1637,1640,Maidstone,Kent,Kent,Maidstone,NA,29156
14214,1634,1640,Willoughby,Nottinghamshire,Nottinghamshire,NA,NA,NA
14230,1637,1640,Browningham,Warwickshire,Warwickshire,NA,NA,NA
1900,1635,1641,Grantchester,Cambridgeshire,Cambridgeshire,Grantchester,NA,18461
2562,1637,1641,Elson,Leicestershire,Leicestershire,NA,NA,NA
4137,1636,1640,Swallowfield,Wiltshire,Wiltshire,NA,NA,NA
4728,1635,1640,London,London,Middlesex,NA,NA,NA
4745,1633,1640,Coventry,Warwickshire,Warwickshire,Coventry,NA,11138
5115,1635,1640,Watton,Shropshire,Shropshire,NA,NA,NA
7135,1638,1641,London,London,Middlesex,NA,NA,NA
7166,1636,1641,Carnarvon,Caernarvonshire,Caernarvonshire,Caernarfon,NA,7458
7503,1646,1647,Sissne,Leicestershire,Leicestershire,NA,NA,NA
9979,1633,1640,Warminster,Wiltshire,Wiltshire,Warminster,NA,47825
10032,1638,1640,St Paul Covent Garden,Middlesex,Middlesex,St Paul Covent Garden,ID_30031,NA
10581,1635,1640,South Mimms,Middlesex,Middlesex,South Mimms,NA,41215
12785,1638,1640,Leicester,Leicestershire,Leicestershire,Leicester,NA,25957
298,1637,1641,London,London,Middlesex,NA,NA,NA
521,1637,1640,Lemster,Herefordshire,Herefordshire,NA,NA,NA
558,1634,1641,London,London,Middlesex,NA,NA,NA
746,1639,NA,Deptford,Kent,Kent,Deptford,NA,12973
1199,1638,1641,Shoreditch,Middlesex,Middlesex,St Leonard Shoreditch,ID_30170,NA
1599,1637,1641,Woodhouse,Leicestershire,Leicestershire,Woodhouse,NA,50634
1815,1638,1641,London,London,Middlesex,NA,NA,NA
1851,1639,1641,Fulmer,Buckinghamshire,Buckinghamshire,Fulmer,NA,17134
2232,1638,1641,Sherburn,Yorkshire,Yorkshire,Sherburn,NA,40081
2258,1635,1641,Roseby,Lincolnshire,Lincolnshire,NA,NA,NA
2502,1640,1641,Easton Neston,Northamptonshire,Northamptonshire,Easton Neston,NA,58135
2754,1635,1641,Granton,Yorkshire,Yorkshire,NA,NA,NA
3138,1635,1641,Cambrooke,Kent,Kent,NA,NA,NA
3308,1637,1641,Tower Royal,London,Middlesex,St Thomas the Apostle,ID_30093,NA
3330,1637,1641,London,London,Middlesex,NA,NA,NA
3478,1637,1641,Stockland,Dorset,Dorset,NA,NA,NA
3638,1637,1641,Hackney,Middlesex,Middlesex,Hackney,NA,19524
3833,1638,1641,London,London,Middlesex,NA,NA,NA
3870,1640,1641,Grantham,Lincolnshire,Lincolnshire,Grantham,NA,18462
3901,1637,1641,Kettering,Northamptonshire,Northamptonshire,Kettering,NA,24183
4128,1635,1641,Tamworth,Warwickshire,Warwickshire,Tamworth,NA,43773
4146,1639,1641,Witham,Essex,Essex,Witham,NA,50279
4162,1639,1641,London,London,Middlesex,NA,NA,NA
4467,1634,1641,Exon,Lincolnshire,Lincolnshire,NA,NA,NA
4495,1637,1641,Bexley,Kent,Kent,Bexley,NA,288307
4588,1640,1641,Alesbury,Buckinghamshire,Buckinghamshire,NA,NA,NA
4606,1640,1641,Newport Pagnell,Buckinghamshire,Buckinghamshire,Newport Pagnell,NA,32580
5064,1636,1641,London,London,Middlesex,NA,NA,NA
5543,1640,1641,Clipston,Northamptonshire,Northamptonshire,Clipston,NA,9897
5617,1637,1641,Stanson,Norfolk,Norfolk,NA,NA,NA
6024,1638,1641,Baldock,Hertfordshire,Hertfordshire,Baldock,NA,2034
6037,1639,1641,London,London,Middlesex,NA,NA,NA
6211,1634,1641,Royston,Yorkshire,Yorkshire,Royston,NA,38755
6244,1638,1641,Bampton,Oxfordshire,Oxfordshire,Bampton,NA,2215
6333,1640,1641,Ryton,Shropshire,Shropshire,Ryton,NA,38981
6359,1639,1641,Warnford,Hampshire,Hampshire,Warnford,NA,47840
6409,1637,1641,Corringham,Lincolnshire,Lincolnshire,Corringham,NA,10919
6630,1635,1641,Lewes,Sussex,Sussex,Lewes,NA,26145
6683,1637,1641,London,London,Middlesex,NA,NA,NA
7214,1634,1641,Smeeton,Leicestershire,Leicestershire,NA,NA,NA
7365,1634,1641,London,London,Middlesex,NA,NA,NA
7388,1637,1641,London,London,Middlesex,NA,NA,NA
8035,1634,1641,Wickham,Buckinghamshire,Buckinghamshire,NA,NA,NA
8574,1638,1641,Tumby Woodside,Lincolnshire,Lincolnshire,Tumby Woodside,NA,46337
8640,1637,NA,Cawson,Somerset,Somerset,NA,NA,NA
9541,1637,1641,Okely,Oxfordshire,Oxfordshire,NA,NA,NA
9601,1639,1641,Pharum,Somerset,Somerset,NA,NA,NA
9837,1637,1641,Camberwell,Surrey,Surrey,Camberwell,NA,7634
9969,1637,1641,Wickham,Buckinghamshire,Buckinghamshire,NA,NA,NA
10524,1638,1641,London,London,Middlesex,NA,NA,NA
10634,1639,1641,London,London,Middlesex,NA,NA,NA
10685,1638,1641,Maidstone,Kent,Kent,Maidstone,NA,29156
10795,1639,1641,London,London,Middlesex,NA,NA,NA
10914,1637,1641,London,London,Middlesex,NA,NA,NA
11051,1638,1641,London,London,Middlesex,NA,NA,NA
11116,1639,1641,Syson,Leicestershire,Leicestershire,NA,NA,NA
11256,1633,NA,Lambeth,Surrey,Surrey,St Mary Lambeth,ID_127857,NA
11979,1636,1641,London,London,Middlesex,NA,NA,NA
12193,1635,1641,Bramham,Yorkshire,Yorkshire,Bramham,NA,5296
12586,1638,1641,Binfield,Berkshire,Berkshire,Binfield,NA,3696
12715,1634,1641,Eltham,Kent,Kent,Eltham,NA,15140
12789,1640,1641,Chesterfield,Derbyshire,Derbyshire,Chesterfield,NA,9041
13007,1639,1641,Bunny,Nottinghamshire,Nottinghamshire,Bunny,NA,6832
13014,1638,1641,Upholland,Lancashire,Lancashire,Upholland,NA,NA
13016,1636,1641,Ardeston,Worcestershire,Worcestershire,NA,NA,NA
13464,1633,1641,Brill,Buckinghamshire,Buckinghamshire,Brill,NA,5742
13465,1633,1641,Brill,Buckinghamshire,Buckinghamshire,Brill,NA,5742
13469,1637,1641,West Haddon,Northamptonshire,Northamptonshire,West Haddon,NA,48608
13532,1634,1641,East Smithfield,Middlesex,Middlesex,St Botolph Aldgate,ID_30153,NA
13547,1633,1641,Ashton,Herefordshire,Herefordshire,Ashton,NA,1437
13617,1634,1641,"New Sarum, Salisbury",Wiltshire,Wiltshire,NA,NA,NA
13735,1635,1641,Oxford,Oxfordshire,Oxfordshire,Oxford,NA,34379
13889,1634,1641,Edmondthorpe,Leicestershire,Leicestershire,Edmondthorpe,NA,14837
183,1641,1642,Prestwich,Lancashire,Lancashire,Prestwich,NA,36861
423,1639,1642,London,London,Middlesex,NA,NA,NA
505,1637,1642,London,London,Middlesex,NA,NA,NA
583,1638,1642,Coventry,Warwickshire,Warwickshire,Coventry,NA,11138
921,1638,1642,London,London,Middlesex,NA,NA,NA
1071,1640,1641,St Saviour Southwark,Surrey,Surrey,St Saviour Southwark,ID_30001,NA
1144,1635,1642,Walton upon Thames,Surrey,Surrey,Walton upon Thames,NA,NA
1346,1640,1642,Stafford,Staffordshire,Staffordshire,Stafford,NA,41948
1593,1638,1642,Basingstoke,Hampshire,Hampshire,Basingstoke,NA,2707
1825,1639,1642,Rotherhithe,Surrey,Surrey,St Mary Rotherhithe,ID_30008,NA
1844,1640,1642,Northampton,Northamptonshire,Northamptonshire,Northampton,NA,33285
2192,1635,1642,Woodham Ferrers,Essex,Essex,Woodham Ferrers,NA,50604
2233,NA,1642,Romford,Essex,Essex,Romford,NA,38417
2534,1636,1642,Ackworth,Yorkshire,Yorkshire,Ackworth,NA,55098
2851,1641,1642,Northampton,Northamptonshire,Northamptonshire,Northampton,NA,33285
2936,1635,1642,Weymouth & Melcombe Regis,Dorset,Dorset,NA,NA,NA
3009,1637,1642,Curford,Oxfordshire,Oxfordshire,NA,NA,NA
3328,1638,1642,Mattingley,Hampshire,Hampshire,Mattingley,NA,29729
3481,1637,1642,Titsey,Surrey,Surrey,Titsey,NA,45039
3881,1635,1642,Elford,Staffordshire,Staffordshire,Elford,NA,14981
4009,1640,1642,Maidenhead,Berkshire,Berkshire,Maidenhead,NA,29145
4082,1641,1642,Market Harborough,Leicestershire,Leicestershire,Market Harborough,NA,29447
4432,1637,1642,Whetstone,Middlesex,Middlesex,Whetstone,NA,49323
4448,1638,1642,St Sepulchre,Middlesex,Middlesex,St Sepulchre,ID_30058,NA
4912,1641,1642,Luton,Bedfordshire,Bedfordshire,Luton,NA,28865
5147,1639,1642,Whitchurch,Shropshire,Shropshire,Whitchurch,NA,49391
5230,1638,1642,London,London,Middlesex,NA,NA,NA
5496,1637,1642,Ransthorpe,Northamptonshire,Northamptonshire,NA,NA,NA
5935,1639,1642,Bridgeward,Cheshire,Cheshire,NA,NA,NA
6277,1638,1642,London,London,Middlesex,NA,NA,NA
6287,1638,1642,Berkhamstead,Hertfordshire,Hertfordshire,Berkhamstead,NA,NA
6462,1635,1642,Wigson,Leicestershire,Leicestershire,NA,NA,NA
7127,1638,1642,Llangollin,Denbighshire,Denbighshire,NA,NA,NA
7394,1638,1642,Bampton,Oxfordshire,Oxfordshire,Bampton,NA,2215
7733,1640,1642,St Clement Danes without Temple Bar,Middlesex,Middlesex,St Clement Danes,ID_30015,NA
7905,1637,1642,Maiden,Berkshire,Berkshire,NA,NA,NA
7925,1641,1642,Ludlow,Shropshire,Shropshire,Ludlow,NA,28779
8106,1631,1642,St Giles Cripplegate,London,Middlesex,St Giles Cripplegate,ID_30100,NA
8652,1637,1642,Sidby,Yorkshire,Yorkshire,NA,NA,NA
8677,1640,1642,Kidderminster,Worcestershire,Worcestershire,Kidderminster,NA,24239
8784,1640,1642,Willersey,Gloucestershire,Gloucestershire,Willersey,NA,49902
9012,1637,1642,London,London,Middlesex,NA,NA,NA
9203,1639,1642,St Neots,Huntingdonshire,Huntingdonshire,St Neots,NA,41886
9647,1640,1642,London,London,Middlesex,NA,NA,NA
9909,1638,1642,London,London,Middlesex,NA,NA,NA
10029,1640,1642,London,London,Middlesex,NA,NA,NA
10113,1640,1642,Langcliffe,Yorkshire,Yorkshire,Langcliffe,NA,25460
10322,1637,1642,Lancaster,Lancashire,Lancashire,Lancaster,NA,25352
10354,1640,1642,Woodhouse,Leicestershire,Leicestershire,Woodhouse,NA,50634
10422,1635,1642,Coulton,Warwickshire,Warwickshire,NA,NA,NA
10869,1637,1642,London,London,Middlesex,NA,NA,NA
11096,1635,1642,Lambourne,Essex,Essex,Lambourne,NA,25314
11158,1639,1642,Harting,Sussex,Sussex,Harting,NA,59294
11163,1637,1642,Granby,Nottinghamshire,Nottinghamshire,Granby,NA,18414
11532,1641,1642,Ratcliff,Middlesex,Middlesex,Ratcliffe,ID_30177,NA
11627,1638,1642,London,London,Middlesex,NA,NA,NA
11661,1636,1642,Isleworth,Middlesex,Middlesex,Isleworth,NA,23751
12117,1641,1642,Marylebone,Middlesex,Middlesex,St Marylebone,ID_30020,NA
12411,1639,1642,Canterbury,Kent,Kent,Canterbury,NA,7771
12670,1641,1642,Bishops's Stortford,Hertfordshire,Hertfordshire,NA,NA,NA
12712,1634,1642,Bangesfield,Gloucestershire,Gloucestershire,NA,NA,NA
12732,1645,1646,London,London,Middlesex,NA,NA,NA
12968,1641,1643,Angmering,Sussex,Sussex,Angmering,NA,930
13340,1634,1642,Hatherop,Gloucestershire,Gloucestershire,Hatherop,NA,20512
13371,1635,1642,Kirkby,Lincolnshire,Lincolnshire,Kirkby,NA,24795
13689,1639,1642,London,London,Middlesex,NA,NA,NA
13777,1640,1642,Swanscombe,Kent,Kent,Swanscombe,NA,43479
14265,1637,1642,London,London,Middlesex,NA,NA,NA
143,1641,1643,Bottesford,Leicestershire,Leicestershire,Bottesford,NA,4836
168,1639,1643,Dulwich,Surrey,Surrey,Dulwich,NA,13775
503,1636,1643,London,London,Middlesex,NA,NA,NA
1042,1634,1643,Waterford,Hertfordshire,Hertfordshire,Waterford,NA,47977
1096,1643,1643,Westminster,Middlesex,Middlesex,NA,NA,NA
1610,1638,1643,Saurey,Lancashire,Lancashire,NA,NA,NA
1770,1641,1643,Limehouse,Middlesex,Middlesex,St Anne Limehouse,ID_30176,NA
2563,1639,1643,Southwark,Surrey,Surrey,NA,NA,NA
2852,1641,1643,Northampton,Northamptonshire,Northamptonshire,Northampton,NA,33285
3020,1641,1643,London,London,Middlesex,NA,NA,NA
3042,1641,1643,Oxford,Oxfordshire,Oxfordshire,Oxford,NA,34379
3046,1639,1643,Cotnam,Cambridgeshire,Cambridgeshire,NA,NA,NA
3842,1643,1643,Blisworth,Northamptonshire,Northamptonshire,Blisworth,NA,4336
4315,1637,1643,St Margaret Lothbury,London,Middlesex,St Margaret Lothbury,ID_30114,NA
5217,1641,1643,London,London,Middlesex,NA,NA,NA
5807,1636,1643,St Katherine by the Tower,London,Middlesex,Precinct of St Katherine,ID_30181,NA
6160,1635,1643,London,London,Middlesex,NA,NA,NA
7524,1641,1643,Goswell Street,London,Middlesex,NA,NA,NA
7830,1639,1643,Colchester,Essex,Essex,Colchester,NA,10252
8085,1643,1643,Kerby Kendall,Westmorland,Westmorland,NA,NA,NA
8961,1642,1643,Stedham,Bedfordshire,Bedfordshire,NA,NA,NA
9480,1639,1643,Biddenham,Bedfordshire,Bedfordshire,Biddenham,NA,3574
9677,1638,1643,North Weald Bassett,Essex,Essex,North Weald Bassett,NA,33260
9886,1641,1643,St Botolph Aldgate,London,Middlesex,St Botolph Aldgate,ID_30153,NA
10628,1640,1643,Barswell,Warwickshire,Warwickshire,NA,NA,NA
11181,NA,1643,NA,Northamptonshire,Northamptonshire,NA,NA,NA
11825,1638,1643,Stinchcombe,Gloucestershire,Gloucestershire,Stinchcombe,NA,42407
12595,1641,1643,London,London,Middlesex,NA,NA,NA
12657,1639,1643,West Ham,Surrey,Surrey,NA,NA,NA
13302,1639,1643,London,London,Middlesex,NA,NA,NA
14247,1641,1643,Bristol,Gloucestershire,Gloucestershire,Bristol,NA,288655
2950,1645,1646,London,London,Middlesex,NA,NA,NA
4362,1646,1648,Asterley,Oxfordshire,Oxfordshire,NA,NA,NA
4959,1646,1648,Sunning,Berkshire,Berkshire,NA,NA,NA
5014,1647,1648,Crendon,Buckinghamshire,Buckinghamshire,NA,NA,NA
5570,1642,1648,London,London,Middlesex,NA,NA,NA
7725,1645,1648,Highgate,Middlesex,Middlesex,Highgate,NA,21782
8938,1640,1647,Norwich,Norfolk,Norfolk,Norwich,NA,33455
10176,1646,1647,Egham,Surrey,Surrey,Egham,NA,14901
10433,1644,1647,St Leonard Shoreditch,Middlesex,Middlesex,St Leonard Shoreditch,ID_30170,NA
11204,1644,1647,London,London,Middlesex,NA,NA,NA
11228,1642,1648,Finchley,Middlesex,Middlesex,Finchley,NA,16251
12211,1643,1648,Devizes,Wiltshire,Wiltshire,Devizes,NA,13020
13194,1643,1647,Balsham,Cambridgeshire,Cambridgeshire,Balsham,NA,288113
13323,1647,1648,Walgrave,Northamptonshire,Northamptonshire,Walgrave,NA,47510
13697,1646,1647,London,London,Middlesex,NA,NA,NA
13878,1641,1648,Southwark,Surrey,Surrey,NA,NA,NA
268,1642,1644,St Giles Cripplegate,London,Middlesex,St Giles Cripplegate,ID_30100,NA
2666,1641,1644,Woolwich,Kent,Kent,Woolwich,NA,50897
3269,1642,1644,Horncastle,Lincolnshire,Lincolnshire,Horncastle,NA,22758
4759,1637,1644,London,London,Middlesex,NA,NA,NA
5077,1638,1644,Lutterworth,Leicestershire,Leicestershire,Lutterworth,NA,28868
5222,1641,1644,London,London,Middlesex,NA,NA,NA
6104,1637,1644,NA,Gloucestershire,Gloucestershire,NA,NA,NA
6845,1644,1644,Epping,Essex,Essex,Epping,NA,15406
7668,1640,1644,East Ham,Essex,Essex,East Ham,NA,14314
8362,1642,1644,Loddington,Northamptonshire,Northamptonshire,Loddington,NA,27843
9400,1641,1644,Middleton Cheney,Northamptonshire,Northamptonshire,Middleton Cheney,NA,30320
10090,1640,1644,Dry Drayton,Cambridgeshire,Cambridgeshire,Dry Drayton,NA,13671
10305,1642,1644,Streatham,Surrey,Surrey,Streatham,NA,42935
10857,1640,1644,Pebworth,Gloucestershire,Gloucestershire,Pebworth,NA,34930
11025,1642,1644,London,London,Middlesex,NA,NA,NA
11087,1636,1644,Oxford,Oxfordshire,Oxfordshire,Oxford,NA,34379
11534,1640,1644,Tance,Oxfordshire,Oxfordshire,NA,NA,NA
13017,1641,1644,Rochester,Kent,Kent,Rochester,NA,38282
13018,1640,1644,Rochester,Kent,Kent,Rochester,NA,38282
13211,1642,1644,Southwark,Surrey,Surrey,NA,NA,NA
235,1641,1645,St Leonard Shoreditch,Middlesex,Middlesex,St Leonard Shoreditch,ID_30170,NA
1253,1643,1645,London,London,Middlesex,NA,NA,NA
1357,1643,1645,London,London,Middlesex,NA,NA,NA
1449,1642,1645,Old Street,Middlesex,Middlesex,NA,NA,NA
1790,1640,1645,London,London,Middlesex,NA,NA,NA
2182,1641,1645,Chichester,Sussex,Sussex,Chichester,NA,9094
3707,1644,1645,NA,Middlesex,Middlesex,NA,NA,NA
3917,1638,1645,Tottenham High Cross,Middlesex,Middlesex,Tottenham,NA,45333
4148,1641,1645,Glastonbury,Somerset,Somerset,Glastonbury,NA,17875
4182,1638,1645,Brocknall,Lancashire,Lancashire,NA,NA,NA
4268,1638,1645,Westerham,Kent,Kent,Westerham,NA,48960
4564,1642,1645,Stafford,Staffordshire,Staffordshire,Stafford,NA,41948
4609,1643,1645,Barking,Essex,Essex,Barking,NA,2398
4654,1638,1645,Bishop Norton,Lincolnshire,Lincolnshire,Bishop Norton,NA,3859
4863,1643,1645,St Sepulchre Newgate,London,Middlesex,St Sepulchre,ID_30058,NA
5040,1639,1645,London,London,Middlesex,NA,NA,NA
5131,1639,1645,Chigwell,Essex,Essex,Chigwell,NA,9118
5199,1645,1645,London,London,Middlesex,NA,NA,NA
6627,1639,1645,Lewes,Sussex,Sussex,Lewes,NA,26145
7520,1642,1645,Caterhan,Surrey,Surrey,NA,NA,NA
8212,1641,1645,Romney,Kent,Kent,NA,NA,NA
8367,1641,1645,Farewell,Staffordshire,Staffordshire,Farewell,NA,15778
8827,1640,1645,London,London,Middlesex,NA,NA,NA
9419,1644,1645,London,London,Middlesex,NA,NA,NA
9954,1641,1645,Liddiard,Wiltshire,Wiltshire,NA,NA,NA
10021,1637,1645,Coventry,Warwickshire,Warwickshire,Coventry,NA,11138
10503,1638,1645,London,London,Middlesex,NA,NA,NA
10929,1644,1645,London,London,Middlesex,NA,NA,NA
10964,1642,1645,Heather,Leicestershire,Leicestershire,Heather,NA,20930
11012,1644,1645,London,London,Middlesex,NA,NA,NA
11628,1643,1645,London,London,Middlesex,NA,NA,NA
12231,1638,1645,Ashcott,Somerset,Somerset,Ashcott,NA,1339
12674,1642,1645,London,London,Middlesex,NA,NA,NA
25,1646,1647,Whitechapel,Middlesex,Middlesex,St Mary Whitechapel,ID_127867,NA
512,1641,1646,Horsleydown,Surrey,Surrey,St John Horselydown,ID_30003,NA
559,1643,1646,Bromingham,Warwickshire,Warwickshire,NA,NA,NA
613,1640,1646,London,London,Middlesex,NA,NA,NA
847,1643,1646,Hothorpe,Northamptonshire,Northamptonshire,NA,NA,NA
866,1640,1646,London,London,Middlesex,NA,NA,NA
957,1643,1646,Barnesly,Yorkshire,Yorkshire,NA,NA,NA
1226,1643,1646,Watton,Norfolk,Norfolk,Watton,NA,48073
1757,1642,1646,London,London,Middlesex,NA,NA,NA
2187,1645,1646,Hellifield,Yorkshire,Yorkshire,Hellifield,NA,21066
2298,1639,1646,Halifax,Yorkshire,Yorkshire,Halifax,NA,19710
2927,1643,1646,London,London,Middlesex,NA,NA,NA
2937,1644,1646,Barking,Essex,Essex,Barking,NA,2398
2970,1644,1646,Shatford,Surrey,Surrey,NA,NA,NA
3972,1642,1646,St Leonard Shoreditch,Middlesex,Middlesex,St Leonard Shoreditch,ID_30170,NA
5025,1646,1646,Bugden,Huntingdonshire,Huntingdonshire,NA,NA,NA
5277,1639,1646,Cawloe,Derbyshire,Derbyshire,NA,NA,NA
5361,1643,1646,Battersea,Surrey,Surrey,Battersea,ID_30014,NA
5434,1640,1647,Burton Dasset,Warwickshire,Warwickshire,NA,NA,NA
5618,1641,1646,Wigan,Lancashire,Lancashire,Wigan,NA,49798
5696,1640,1646,Marton,Cheshire,Cheshire,NA,NA,NA
5982,1645,1646,London,London,Middlesex,NA,NA,NA
5994,1639,1646,Wokingham,Berkshire,Berkshire,Wokingham,NA,50369
6142,1645,1646,London,London,Middlesex,NA,NA,NA
6298,1643,1646,St Saviour,Surrey,Surrey,St Saviour Southwark,ID_30001,NA
6706,1638,1646,Slatterford,Wiltshire,Wiltshire,NA,NA,NA
6814,1640,1646,Lutterworth,Leicestershire,Leicestershire,Lutterworth,NA,28868
7128,1640,1646,London,London,Middlesex,NA,NA,NA
7282,1643,1646,Cheltenham,Gloucestershire,Gloucestershire,Cheltenham,NA,8971
7350,1642,1646,Normanton,Leicestershire,Leicestershire,Normanton,NA,32954
8044,1643,1647,Little Horsted,Sussex,Sussex,Little Horsted,NA,26637
8236,1644,1646,Denton,Lincolnshire,Lincolnshire,Denton,NA,12947
8581,1643,1646,Westminster,Middlesex,Middlesex,NA,NA,NA
8828,1645,1646,Ware,Hertfordshire,Hertfordshire,Ware,NA,47782
8944,1643,1646,Clerkenwell,Middlesex,Middlesex,St James Clerkenwell,ID_127865,NA
9450,1642,1646,Plymouth,Devon,Devon,Plymouth,NA,36158
9559,1644,1646,Tottenham,Middlesex,Middlesex,Tottenham,NA,45333
9824,1641,1646,Edmondthorpe,Leicestershire,Leicestershire,Edmondthorpe,NA,14837
9864,1638,1646,Bristol,Somerset,Somerset,Bristol,NA,288655
10462,1640,1646,Balscott,Oxfordshire,Oxfordshire,NA,NA,NA
11499,1642,1646,Ilminster,Somerset,Somerset,Ilminster,NA,23505
12327,1644,1646,London,London,Middlesex,NA,NA,NA
12366,1642,1646,Dunton,Bedfordshire,Bedfordshire,Dunton,NA,13960
12925,1642,1646,London,London,Middlesex,NA,NA,NA
13192,1645,1646,London,London,Middlesex,NA,NA,NA
13203,1646,1647,London,London,Middlesex,NA,NA,NA
13505,1644,1646,London,London,Middlesex,NA,NA,NA
13778,1646,1647,London,London,Middlesex,NA,NA,NA
14082,1639,1646,London,London,Middlesex,NA,NA,NA
307,1648,1650,Burford,Oxfordshire,Oxfordshire,Burford,NA,6867
840,1646,1650,Anstey,Leicestershire,Leicestershire,Anstey,NA,967
914,1649,1651,Cranbrook,Kent,Kent,Cranbrook,NA,11396
944,1648,1650,Sundon,Bedfordshire,Bedfordshire,Sundon,NA,63802
1225,1649,1651,Tenby,Pembrokeshire,Pembrokeshire,Tenby,NA,13106
1353,1646,1651,Turvey,Bedfordshire,Bedfordshire,Turvey,NA,46410
1581,1646,1650,Hawkshead,Lancashire,Lancashire,Hawkshead,NA,20651
1617,1647,1651,Barking,Essex,Essex,Barking,NA,2398
1758,1647,1651,London,London,Middlesex,NA,NA,NA
1826,1646,1651,St Albans,Hertfordshire,Hertfordshire,St Albans,NA,41656
2023,1649,1650,St Mary Magdalen Milk Street,London,Middlesex,St Mary Magdalen Milk Street,ID_30087,NA
2034,1647,1651,Ross,Herefordshire,Herefordshire,NA,NA,NA
2478,1649,1650,London,London,Middlesex,NA,NA,NA
2718,1649,1651,London,London,Middlesex,NA,NA,NA
2774,1650,1651,Leicester,Leicestershire,Leicestershire,Leicester,NA,25957
2914,1645,1650,London,London,Middlesex,NA,NA,NA
2954,1646,1650,Alpheton,Suffolk,Suffolk,Alpheton,NA,754
3173,1649,1650,St Martin in the Fields,Middlesex,Middlesex,St Martin in the Fields,ID_30034,NA
3574,1643,1651,Leicester,Leicestershire,Leicestershire,Leicester,NA,25957
3963,1648,1651,Radnor,Radnorshire,Radnorshire,Radnor,NA,NA
3969,1644,1650,London,London,Middlesex,NA,NA,NA
4017,1646,1651,Stanwick,Northamptonshire,Northamptonshire,Stanwick,NA,42178
4069,1643,1650,Abergavenny,Monmouthshire,Monmouthshire,Abergavenny,NA,146
4222,1647,1650,Newton,Wiltshire,Wiltshire,Newton,NA,32650
4408,1649,1650,St Leonard Shoreditch,Middlesex,Middlesex,St Leonard Shoreditch,ID_30170,NA
4636,1649,1650,Stanton Barnet,Wiltshire,Wiltshire,NA,NA,NA
4764,1646,1651,London,London,Middlesex,NA,NA,NA
5211,1645,1651,London,London,Middlesex,NA,NA,NA
5413,1647,1650,Kilken,Flintshire,Flintshire,NA,NA,NA
5659,1647,1651,London,London,Middlesex,NA,NA,NA
5862,1649,1650,Aston,Derbyshire,Derbyshire,NA,NA,NA
6148,1646,1648,London,London,Middlesex,NA,NA,NA
6522,1644,1651,London,London,Middlesex,NA,NA,NA
7459,1646,1650,Tamworth,Staffordshire,Staffordshire,Tamworth,NA,43773
7712,1645,1651,Melton Mowbray,Leicestershire,Leicestershire,Melton Mowbray,NA,29987
7963,1647,1651,Ruffnam,Rutland,Rutland,NA,NA,NA
8177,1642,1649,Towson Dassey,Essex,Essex,NA,NA,NA
8466,1646,1650,Henley upon Thames,Oxfordshire,Oxfordshire,Henley on Thames,NA,21225
8469,1645,1651,Willington,Derbyshire,Derbyshire,Willington,NA,49943
8642,1644,1650,St Mary Overies,Middlesex,Middlesex,St Saviour Southwark,ID_30001,NA
9399,1647,1650,Chardstock,Somerset,Somerset,NA,NA,NA
10127,1649,1650,Ratcliff,Middlesex,Middlesex,Ratcliffe,ID_30177,NA
10442,1647,1651,Blyth,Nottinghamshire,Nottinghamshire,Blyth,NA,4395
10717,1649,1650,St Giles Cripplegate,Middlesex,Middlesex,St Giles Cripplegate,ID_30100,NA
10775,1646,1651,Arlingham,Gloucestershire,Gloucestershire,Arlingham,NA,1202
10888,1648,1651,London,London,Middlesex,NA,NA,NA
10935,1649,1651,Isle of Wight,Isle of Wight,Hampshire,NA,NA,NA
10972,1644,1651,London,London,Middlesex,NA,NA,NA
11069,1648,1651,Old Otsford,Hampshire,Hampshire,NA,NA,NA
11380,1649,1650,Westminster,Middlesex,Middlesex,NA,NA,NA
11738,1646,1651,Fyfield,Wiltshire,Wiltshire,NA,NA,NA
11739,1646,1651,Fyfield,Wiltshire,Wiltshire,NA,NA,NA
11768,1648,1651,St Martin in the Fields,Middlesex,Middlesex,St Martin in the Fields,ID_30034,NA
11819,1646,1651,Salisbury,Wiltshire,Wiltshire,Salisbury,NA,39066
11910,1644,1650,Chelmsford,Essex,Essex,Chelmsford,NA,8959
11964,1646,1650,Wonersh,Surrey,Surrey,Wonersh,NA,50431
12074,1645,1650,Low Layton,Essex,Essex,NA,NA,NA
12075,1649,1651,Rufford,Nottinghamshire,Nottinghamshire,Rufford,NA,294296
12134,1647,1651,Laughton,Leicestershire,Leicestershire,Laughton,NA,25678
12365,1646,1650,St Ives,Huntingdonshire,Huntingdonshire,St Ives,NA,41785
12438,1647,1651,Woodmans,Hertfordshire,Hertfordshire,NA,NA,NA
12646,1643,1650,London,London,Middlesex,NA,NA,NA
13242,1646,1649,Bala,Merionethshire,Merionethshire,Bala,NA,2001
13342,1650,1651,Stratford Bow,Middlesex,Middlesex,Stratford Bow,NA,NA
13491,1646,1651,Trull,Somerset,Somerset,Trull,NA,46252
13678,1646,1649,Thrumpton,Nottinghamshire,Nottinghamshire,NA,NA,NA
13712,1647,1650,Leicester,Leicestershire,Leicestershire,Leicester,NA,25957
13894,1643,1650,London,London,Middlesex,NA,NA,NA
14104,1650,1651,St Andrew Holborn,London,Middlesex,St Andrew Holborn,ID_127848,NA
433,1640,1647,Wapping,Middlesex,Middlesex,St John Wapping,ID_30182,NA
468,1644,1647,Hounslow,Middlesex,Middlesex,Hounslow,NA,22970
1486,1646,1647,Stepney,Middlesex,Middlesex,St Dunstan Stepney,ID_30169,NA
1880,1643,1647,Gislingham,Suffolk,Suffolk,Gislingham,NA,17759
2435,1645,1647,London,London,Middlesex,NA,NA,NA
2517,1642,1647,Great Bookham,Surrey,Surrey,Great Bookham,NA,18546
3072,1642,1647,Colchester,Essex,Essex,Colchester,NA,10252
3611,1643,1647,Warwick,Warwickshire,Warwickshire,Warwick,NA,47885
3839,1641,1647,Colne,Lancashire,Lancashire,Colne,NA,10426
3935,1646,1647,Stanton Harcourt,Oxfordshire,Oxfordshire,Stanton Harcourt,NA,42150
4047,1644,1647,Watford,Hertfordshire,Hertfordshire,Watford,NA,48046
4433,1643,1647,Bushey,Hertfordshire,Hertfordshire,Bushey,NA,7206
4565,1645,1647,St Andrew Holborn,London,Middlesex,St Andrew Holborn,ID_127848,NA
4771,1643,1648,Worlingworth,Suffolk,Suffolk,Worlingworth,NA,50978
4787,1643,1647,Islington,Middlesex,Middlesex,St Mary Islington,ID_30043,NA
4916,1644,1647,Wollaston,Northamptonshire,Northamptonshire,Wollaston,NA,50389
5101,1641,1647,Bersted,Kent,Kent,NA,NA,NA
6122,1643,1647,Southwark,Surrey,Surrey,NA,NA,NA
6153,1641,1647,Waltham,Essex,Essex,NA,NA,NA
6252,1645,1647,London,London,Middlesex,NA,NA,NA
6654,1645,1647,St Botolph Aldgate,London,Middlesex,St Botolph Aldgate,ID_30153,NA
6813,1647,1647,London,London,Middlesex,NA,NA,NA
7071,1646,1647,London,London,Middlesex,NA,NA,NA
7265,1645,1648,London,London,Middlesex,NA,NA,NA
7425,1642,1647,Lambourn,Berkshire,Berkshire,Lambourn,NA,25310
7546,1645,1647,Campsea Ash,Suffolk,Suffolk,NA,NA,NA
7697,1642,1647,London,London,Middlesex,NA,NA,NA
7902,1644,1647,St Mary Whitechapel,Middlesex,Middlesex,St Mary Whitechapel,ID_127867,NA
8014,1642,1647,Guilsbrough,Northamptonshire,Northamptonshire,NA,NA,NA
8221,1646,1648,Swallowfield,Berkshire,Berkshire,Swallowfield,NA,43446
8888,1643,1648,Melbury,Dorset,Dorset,NA,NA,NA
9135,1644,1647,Colchester,Essex,Essex,Colchester,NA,10252
10415,1641,1648,London,London,Middlesex,NA,NA,NA
11032,1644,1647,London,London,Middlesex,NA,NA,NA
12039,1644,1647,Wendover,Buckinghamshire,Buckinghamshire,Wendover,NA,48352
12192,1645,1647,Dunister,Leicestershire,Leicestershire,NA,NA,NA
12251,1646,1647,Wansor,Surrey,Surrey,NA,NA,NA
12293,1644,1647,London,London,Middlesex,NA,NA,NA
13087,1641,1648,London,London,Middlesex,NA,NA,NA
13243,1646,1648,Langarran,Herefordshire,Herefordshire,NA,NA,NA
13608,1645,1647,Southwark,Surrey,Surrey,NA,NA,NA
13609,1645,1647,Southwark,Surrey,Surrey,NA,NA,NA
638,1642,1647,London,London,Middlesex,NA,NA,NA
858,1644,1648,Deptford,Kent,Kent,Deptford,NA,12973
2098,1641,1648,Cottenham,Cambridgeshire,Cambridgeshire,Cottenham,NA,11022
2626,1646,1648,London,London,Middlesex,NA,NA,NA
2846,1640,1647,Norton Unton,Oxfordshire,Oxfordshire,NA,NA,NA
3198,1643,1648,London,London,Middlesex,NA,NA,NA
3471,1642,1648,Shepson,Worcestershire,Worcestershire,NA,NA,NA
3602,1643,1648,London,London,Middlesex,NA,NA,NA
3744,1646,1648,Thornton Watlass,Yorkshire,Yorkshire,Thornton Watlass,NA,44613
3946,1641,1648,Blackfriars,London,Middlesex,St Anne Blackfriars,ID_30055,NA
4504,1641,1648,Mendham,Norfolk,Norfolk,NA,NA,NA
4664,1642,1648,Plumley,Cheshire,Cheshire,Plumley,NA,36133
4671,1645,1648,London,London,Middlesex,NA,NA,NA
4723,1643,1648,Toseland,Huntingdonshire,Huntingdonshire,Toseland,NA,45302
5314,1646,1648,Bradford,Yorkshire,Yorkshire,Bradford,NA,5143
5386,1644,1648,London,London,Middlesex,NA,NA,NA
5387,1645,1648,Littleton,Middlesex,Middlesex,Littleton,NA,26914
5472,1644,1647,London,London,Middlesex,NA,NA,NA
5727,1646,1648,East Cowes,Isle of Wight,Hampshire,East Cowes,NA,14232
6340,1641,1648,Eltham,Kent,Kent,Eltham,NA,15140
6391,1646,1647,Lambeth,Surrey,Surrey,St Mary Lambeth,ID_127857,NA
6704,1640,1648,London,London,Middlesex,NA,NA,NA
6852,1642,1648,St Ives,Huntingdonshire,Huntingdonshire,St Ives,NA,41785
8162,1646,1647,Pisbrook,Rutland,Rutland,NA,NA,NA
9645,1645,1648,London,London,Middlesex,NA,NA,NA
10166,1643,1648,Charterhouse Hydon,Somerset,Somerset,NA,NA,NA
10402,1646,1648,London,London,Middlesex,NA,NA,NA
10424,1647,1648,Reading,Berkshire,Berkshire,Reading,NA,37532
10748,1644,1648,Sison,Leicestershire,Leicestershire,NA,NA,NA
10901,1645,1648,Pirton,Hertfordshire,Hertfordshire,Pirton,NA,35968
11520,1643,1648,London,London,Middlesex,NA,NA,NA
12245,1645,1647,Stowe,Buckinghamshire,Buckinghamshire,Stowe,NA,63711
12322,1645,1648,London,London,Middlesex,NA,NA,NA
12642,1646,1648,Troobridge,Wiltshire,Wiltshire,NA,NA,NA
13270,1646,1648,Curbridge,Oxfordshire,Oxfordshire,Curbridge,NA,12161
13844,1644,1648,Banstead,Surrey,Surrey,Banstead,NA,2301
13906,1641,1648,Bray,Berkshire,Berkshire,Bray,NA,5428
184,1647,1649,London,London,Middlesex,NA,NA,NA
209,1647,1649,Coventry,Warwickshire,Warwickshire,Coventry,NA,11138
248,1646,1649,Oxton,Nottinghamshire,Nottinghamshire,Oxton,NA,34401
523,1642,1649,London,London,Middlesex,NA,NA,NA
694,1644,1649,London,London,Middlesex,NA,NA,NA
1058,1642,1649,London,London,Middlesex,NA,NA,NA
1501,1646,1650,Riseley,Bedfordshire,Bedfordshire,Riseley,NA,38194
2046,1646,1649,London,London,Middlesex,NA,NA,NA
2392,1647,1649,Wroughton,Wiltshire,Wiltshire,Wroughton,NA,51132
2511,1643,1649,Hackney,Middlesex,Middlesex,Hackney,NA,19524
2877,1648,1650,Harborough,Warwickshire,Warwickshire,NA,NA,NA
3019,NA,1649,London,London,Middlesex,NA,NA,NA
3036,1647,1650,Chelsfield,Kent,Kent,Chelsfield,NA,8963
3866,1646,1649,St Giles without Cripplegate,London,Middlesex,St Giles Cripplegate,ID_30100,NA
4014,1647,1649,Carburton,Nottinghamshire,Nottinghamshire,Carburton,NA,7864
4262,1644,1649,Great Dunmow,Essex,Essex,Great Dunmow,NA,18601
4709,1643,1649,Naunton,Gloucestershire,Gloucestershire,Naunton,NA,31814
5545,1648,1649,Bedford,Bedfordshire,Bedfordshire,Bedford,NA,3009
5740,1648,1650,Steeple Ashton,Wiltshire,Wiltshire,Steeple Ashton,NA,42308
5874,1647,1650,Layton,Yorkshire,Yorkshire,NA,NA,NA
6221,1641,1649,Flixton,Lancashire,Lancashire,Flixton,NA,16477
6371,1648,1650,Lamberhurst,Kent,Kent,Lamberhurst,NA,25299
6404,1646,1650,Limehouse,Middlesex,Middlesex,St Anne Limehouse,ID_30176,NA
6980,1646,1649,Hardington,Somerset,Somerset,Hardington,NA,20123
7080,1645,1649,London,London,Middlesex,NA,NA,NA
7267,1648,1650,Lydeard St Lawrence,Somerset,Somerset,Lydeard St Lawrence,NA,28902
7339,1644,1650,London,London,Middlesex,NA,NA,NA
7709,1649,1650,London,London,Middlesex,NA,NA,NA
7993,1644,1649,Montgomery,Montgomeryshire,Montgomeryshire,Montgomery,NA,30951
8456,1646,1649,Fransam,Cheshire,Cheshire,NA,NA,NA
9514,1645,1649,Brentwood,Essex,Essex,Brentwood,NA,5532
9621,1645,1650,Sedgebrook,Lincolnshire,Lincolnshire,Sedgebrook,NA,39683
9642,1646,1649,Swaffham,Norfolk,Norfolk,Swaffham,NA,43426
9663,1648,1650,Stepney,Middlesex,Middlesex,St Dunstan Stepney,ID_30169,NA
9724,1647,1650,West Ham,Essex,Essex,West Ham,NA,48614
9730,1644,1650,London,London,Middlesex,NA,NA,NA
9833,1645,1649,Idsten,Berkshire,Berkshire,NA,NA,NA
9876,1646,1649,South Petherton,Somerset,Somerset,South Petherton,NA,41241
10038,1648,1649,Broad Hinton,Wiltshire,Wiltshire,Broad Hinton,NA,5855
10179,1642,1649,Bryneglwys,Denbighshire,Denbighshire,Bryneglwys,NA,6534
10488,1646,1649,Denbigh,Denbighshire,Denbighshire,Denbigh,NA,12882
10563,1643,1649,Rochdale,Lancashire,Lancashire,Rochdale,NA,38278
11993,1647,1650,Dunchurch,Warwickshire,Warwickshire,Dunchurch,NA,13815
12090,1646,1649,Westminster,Middlesex,Middlesex,NA,NA,NA
12440,1647,1649,London,London,Middlesex,NA,NA,NA
12702,1648,1650,Limehouse,Middlesex,Middlesex,St Anne Limehouse,ID_30176,NA
12860,1647,1649,London,London,Middlesex,NA,NA,NA
12870,1645,1649,Braintree,Essex,Essex,Braintree,NA,5267
13293,1645,1649,London,London,Middlesex,NA,NA,NA
13502,1646,1649,Faversham,Kent,Kent,Faversham,NA,15905
13727,1642,1648,Rochester,Kent,Kent,Rochester,NA,38282
13957,1646,1650,Ensham,Oxfordshire,Oxfordshire,NA,NA,NA
13985,1646,1649,Henley upon Thames,Oxfordshire,Oxfordshire,Henley on Thames,NA,21225
14041,1646,1649,Kinnersley,Herefordshire,Herefordshire,Kinnersley,NA,24705
104,1650,1652,Hackney,Middlesex,Middlesex,Hackney,NA,19524
211,1650,1651,Maer,Staffordshire,Staffordshire,Maer,NA,29073
478,1645,1651,Ayleworth,Gloucestershire,Gloucestershire,NA,NA,NA
519,1645,1651,London,London,Middlesex,NA,NA,NA
543,1652,1658,Geddington,Northamptonshire,Northamptonshire,Geddington,NA,17558
701,1646,1651,London,London,Middlesex,NA,NA,NA
1165,1648,1652,King's Walden,Hertfordshire,Hertfordshire,King's Walden,NA,24514
1310,1645,1651,Meldreth,Cambridgeshire,Cambridgeshire,Meldreth,NA,29929
1482,1645,1651,London,London,Middlesex,NA,NA,NA
1527,1644,1651,St Sepulchre,London,Middlesex,St Sepulchre,ID_30058,NA
1549,1647,1651,London,London,Middlesex,NA,NA,NA
1967,1649,1652,London,London,Middlesex,NA,NA,NA
2316,1649,1652,Blakeney,Gloucestershire,Gloucestershire,Blakeney,NA,4240
2445,1645,NA,Youellen,Oxfordshire,Oxfordshire,NA,NA,NA
2720,1648,1651,St Dunstan in the West,London,Middlesex,St Dunstan in the West,ID_127855,NA
2992,1643,1651,Bishop's Stortford,Hertfordshire,Hertfordshire,Bishop's Stortford,NA,3883
2993,1650,1651,Sheringham,Norfolk,Norfolk,Sheringham,NA,40096
3024,1650,1652,London,London,Middlesex,NA,NA,NA
3098,1649,1652,Seyne,Wiltshire,Wiltshire,NA,NA,NA
3259,1647,1652,Basing,Hampshire,Hampshire,Basing,NA,NA
3427,1649,1652,Chalton,Hampshire,Hampshire,Chalton,NA,8646
3548,1645,1652,Bicester,Oxfordshire,Oxfordshire,Bicester,NA,3532
3618,1644,1651,NA,Kent,Kent,NA,NA,NA
3997,1641,1652,Colnbrook,Buckinghamshire,Buckinghamshire,Colnbrook,NA,10425
4239,1648,1652,Abergavenny,Monmouthshire,Monmouthshire,Abergavenny,NA,146
4340,1646,1651,"Thornton, Marnhull",Dorset,Dorset,NA,NA,NA
4718,1648,1652,Stamford,Lincolnshire,Lincolnshire,Stamford,NA,42021
4786,1648,1652,Hose,Leicestershire,Leicestershire,Hose,NA,22904
5044,1645,1651,London,London,Middlesex,NA,NA,NA
5216,1644,1651,London,London,Middlesex,NA,NA,NA
5468,1651,1652,Barking,Berkshire,Berkshire,NA,NA,NA
5608,1650,1651,London,London,Middlesex,NA,NA,NA
5642,1651,1652,Misterton,Somerset,Somerset,Misterton,NA,30771
5756,1650,1652,Westminster,Middlesex,Middlesex,NA,NA,NA
5970,NA,1652,Clapham,Surrey,Surrey,Clapham,NA,9592
6098,1648,1652,East Bergholt,Suffolk,Suffolk,East Bergholt,NA,14185
6139,1650,1652,Checkley,Cheshire,Cheshire,Checkley,NA,8915
6224,1650,1652,Woodchurch,Cheshire,Cheshire,Woodchurch,NA,50516
6295,1646,1652,NA,Yorkshire,Yorkshire,NA,NA,NA
6341,1645,1652,West Wycombe,Buckinghamshire,Buckinghamshire,West Wycombe,NA,48868
6364,1649,1652,London,London,Middlesex,NA,NA,NA
6717,1649,1651,London,London,Middlesex,NA,NA,NA
6840,1650,1653,London,London,Middlesex,NA,NA,NA
7007,1648,1652,Stanway,Gloucestershire,Gloucestershire,Stanway,NA,42172
7016,1648,1652,Knettishall,Suffolk,Suffolk,Knettishall,NA,25013
7025,1650,1657,London,London,Middlesex,NA,NA,NA
7096,1650,1653,St Sepulchre,London,Middlesex,St Sepulchre,ID_30058,NA
8619,1649,1651,Bedworth,Warwickshire,Warwickshire,Bedworth,NA,3041
8655,1649,1652,South Wraxall,Wiltshire,Wiltshire,South Wraxall,NA,41313
8763,1650,1652,Aberhavis,Montgomeryshire,Montgomeryshire,NA,NA,NA
8854,1650,1651,Ipswich,Suffolk,Suffolk,Ipswich,NA,23691
9746,1650,1652,New Windsor,Berkshire,Berkshire,NA,NA,NA
9768,1649,1651,London,London,Middlesex,NA,NA,NA
9848,1645,1651,Newbury,Berkshire,Berkshire,Newbury,NA,32415
10207,1649,1652,London,London,Middlesex,NA,NA,NA
10360,1649,1651,Coventry,Yorkshire,Yorkshire,NA,NA,NA
10501,1649,1652,Darlington,County Durham,County Durham,Darlington,NA,12652
10751,1649,1652,Claxton,Leicestershire,Leicestershire,NA,NA,NA
11006,1648,1652,Kettering,Northamptonshire,Northamptonshire,Kettering,NA,24183
11007,1649,1657,Kettering,Northamptonshire,Northamptonshire,Kettering,NA,24183
11057,1645,1651,Belchamps Walter,Essex,Essex,NA,NA,NA
11150,1650,1652,Lapford,Devon,Devon,Lapford,NA,25604
11252,1650,1652,London,London,Middlesex,NA,NA,NA
11655,1647,1652,Wapping Wall,Middlesex,Middlesex,St John Wapping,ID_30182,NA
12106,1649,1652,Doncaster,Yorkshire,Yorkshire,Doncaster,NA,13310
13262,1647,1652,Bishops Itchington,Warwickshire,Warwickshire,NA,NA,NA
13268,1649,1652,London,London,Middlesex,NA,NA,NA
13428,1650,1652,London,London,Middlesex,NA,NA,NA
13463,1650,NA,Libworth,Leicestershire,Leicestershire,NA,NA,NA
13764,1647,1652,Southwark,Surrey,Surrey,NA,NA,NA
13849,1645,1652,Shevington,Lancashire,Lancashire,Shevington,NA,40112
13929,1650,NA,Llancollim,Montgomeryshire,Montgomeryshire,NA,NA,NA
14036,1645,1652,Totteridge,Hertfordshire,Hertfordshire,Totteridge,NA,45340
14052,1648,1651,Woolston,Gloucestershire,Gloucestershire,NA,NA,NA
14189,1649,1652,Mason More,Berkshire,Berkshire,NA,NA,NA
81,1650,1652,Seal,Kent,Kent,Seal,NA,39626
403,1652,1653,Seal,Kent,Kent,Seal,NA,39626
1374,1650,1653,London,London,Middlesex,NA,NA,NA
1377,1647,1653,London,London,Middlesex,NA,NA,NA
1742,1652,1654,South Harting,Sussex,Sussex,South Harting,NA,41165
1817,1648,1652,Twickenham,Middlesex,Middlesex,Twickenham,NA,46439
1961,1650,1653,Old,Northamptonshire,Northamptonshire,Old,NA,33761
3537,1652,1654,St Giles in the Fields,Middlesex,Middlesex,St Giles in the Fields,ID_30018,NA
3622,1647,1652,Mintey,Gloucestershire,Gloucestershire,NA,NA,NA
3989,1652,1654,Warwick,Warwickshire,Warwickshire,Warwick,NA,47885
4946,1650,1652,Plungar,Leicestershire,Leicestershire,Plungar,NA,36152
5058,1647,1652,"Sutton in the Isle, Ely",Cambridgeshire,Cambridgeshire,NA,NA,NA
5109,1649,1654,St Olave Silver Street,London,Middlesex,St Olave Silver Street,ID_30096,NA
5148,1647,1654,Overton,Hampshire,Hampshire,Overton,NA,34314
5429,1651,1653,Hawton Conquest,Bedfordshire,Bedfordshire,NA,NA,NA
7227,1648,1652,Burton Lazars,Leicestershire,Leicestershire,Burton Lazars,NA,7135
9152,1650,1653,London,London,Middlesex,NA,NA,NA
10025,1647,1653,Wimborne Minster,Dorset,Dorset,Wimborne Minster,NA,298168
10517,1646,1653,Westminster,Middlesex,Middlesex,NA,NA,NA
11172,1649,1653,London,London,Middlesex,NA,NA,NA
11339,1650,1654,Cowley,Derbyshire,Derbyshire,Cowley,NA,11190
12302,1652,1653,London,London,Middlesex,NA,NA,NA
12363,1651,1653,Normanton,Rutland,Rutland,Normanton,NA,32955
12434,1649,1653,St Giles w/out Cripplegate,Middlesex,Middlesex,St Giles Cripplegate,ID_30100,NA
12574,1647,1654,Shere,Surrey,Surrey,Shere,NA,40085
13066,1649,1652,Ashby de la Zouch,Leicestershire,Leicestershire,Ashby de la Zouch,NA,1335
13364,1651,1654,Thornton,Buckinghamshire,Buckinghamshire,Thornton,NA,44603
13756,1648,1651,Shipton,Oxfordshire,Oxfordshire,NA,NA,NA
212,1649,1654,London,London,Middlesex,NA,NA,NA
399,1652,1653,Milwich,Staffordshire,Staffordshire,Milwich,NA,30704
591,1654,1656,Prestbury,Gloucestershire,Gloucestershire,Prestbury,NA,36801
734,1655,1659,Harlington,Bedfordshire,Bedfordshire,Harlington,NA,20231
1215,1652,1653,London,London,Middlesex,NA,NA,NA
1375,1646,1653,London,London,Middlesex,NA,NA,NA
1393,1653,1656,London,London,Middlesex,NA,NA,NA
1971,1655,1657,Chenies,Buckinghamshire,Buckinghamshire,Chenies,NA,8986
2929,1646,1654,Hook Norton,Oxfordshire,Oxfordshire,Hook Norton,NA,22633
3116,1650,1653,Warwick,Warwickshire,Warwickshire,Warwick,NA,47885
3248,1651,1657,Reading,Berkshire,Berkshire,Reading,NA,37532
4610,1650,1653,Whitechapel,Middlesex,Middlesex,St Mary Whitechapel,ID_127867,NA
5828,1651,1656,Hereford,Herefordshire,Herefordshire,Hereford,NA,21293
6132,1651,1657,Quainton,Buckinghamshire,Buckinghamshire,Quainton,NA,37109
6230,1649,1653,Pangbourn,Berkshire,Berkshire,NA,NA,NA
6278,1654,1658,Colchester,Essex,Essex,Colchester,NA,10252
7097,1646,1653,London,London,Middlesex,NA,NA,NA
7260,1656,1658,Tatum,Middlesex,Middlesex,NA,NA,NA
7512,1651,1653,London,London,Middlesex,NA,NA,NA
8093,1650,1654,"Holywell, Flint",Flintshire,Flintshire,NA,NA,NA
8982,1649,1654,NA,Dorset,Dorset,NA,NA,NA
10250,1650,1654,Keston,Kent,Kent,Keston,NA,24172
10485,1652,1654,St Mary Magdalene,London,Middlesex,NA,NA,NA
10582,1648,1654,Oxford,Oxfordshire,Oxfordshire,Oxford,NA,34379
10708,1651,1653,Colverton,Buckinghamshire,Buckinghamshire,NA,NA,NA
11732,1646,1653,Bewdley,Worcestershire,Worcestershire,Bewdley,NA,3507
11764,1648,1653,London,London,Middlesex,NA,NA,NA
11867,1656,1657,Huncote,Leicestershire,Leicestershire,Huncote,NA,23153
11958,1650,1654,Willoughby,Northamptonshire,Northamptonshire,NA,NA,NA
11999,1652,1654,Warbleton,Sussex,Sussex,Warbleton,NA,47735
12009,1648,1652,Tonge,Leicestershire,Leicestershire,Tonge,NA,45177
12754,1650,1654,Crowan,Cornwall,Cornwall,Crowan,NA,11912
12916,1649,1653,Milton Abbot,Devon,Devon,Milton Abbot,NA,30656
13133,1653,1653,Greenwich,Kent,Kent,Greenwich,NA,19085
13295,1654,1656,Bulkington,Warwickshire,Warwickshire,Bulkington,NA,6762
13895,1646,1653,Crutched Friars,London,Middlesex,St Olave Hart Street,ID_30160,NA
14101,1648,1653,Windsor,Berkshire,Berkshire,Windsor,NA,50086
1480,1653,1656,London,London,Middlesex,NA,NA,NA
1887,1653,1656,Idbury,Oxfordshire,Oxfordshire,Idbury,NA,23439
1930,1655,1658,Oxendon,Northamptonshire,Northamptonshire,NA,NA,NA
2727,1654,1656,Wargrave,Berkshire,Berkshire,Wargrave,NA,47796
3092,NA,1650,Tiverton,Devon,Devon,Tiverton,NA,45049
3695,1646,1653,Cathrop,Yorkshire,Yorkshire,NA,NA,NA
3955,1654,1656,Limehouse,Middlesex,Middlesex,St Anne Limehouse,ID_30176,NA
4278,1652,1656,Huntingdon,Huntingdonshire,Huntingdonshire,Huntingdon,NA,23215
4685,1650,1653,Fulbrook,Oxfordshire,Oxfordshire,Fulbrook,NA,17113
5327,1652,1656,London,London,Middlesex,NA,NA,NA
5392,1648,1653,Oxford,Oxfordshire,Oxfordshire,Oxford,NA,34379
5397,1655,1657,Oxford,Oxfordshire,Oxfordshire,Oxford,NA,34379
5965,1651,1656,West Ham,Essex,Essex,West Ham,NA,48614
6129,1650,1656,Stepney,Middlesex,Middlesex,St Dunstan Stepney,ID_30169,NA
6472,1651,1656,London,London,Middlesex,NA,NA,NA
6735,1678,1682,Rixon,Suffolk,Suffolk,NA,NA,NA
6929,1651,1653,Affpuddle,Dorset,Dorset,Affpuddle,NA,409
6977,1648,1652,Gloucester,Gloucestershire,Gloucestershire,Gloucester,NA,17982
7034,1650,1657,Middleton Cheney,Northamptonshire,Northamptonshire,Middleton Cheney,NA,30320
7809,1655,1658,Carnarvon,Caernarvonshire,Caernarvonshire,Caernarfon,NA,7458
9364,1653,1656,London,London,Middlesex,NA,NA,NA
10920,1657,1658,Westminster,Middlesex,Middlesex,NA,NA,NA
11787,1653,1656,Childerditch,Essex,Essex,Childerditch,NA,9130
11799,1649,1653,"Hazelbury, Box",Wiltshire,Wiltshire,NA,NA,NA
12222,1651,1656,Sutton Cheney,Leicestershire,Leicestershire,Sutton Cheney,NA,43361
12292,1653,1655,London,London,Middlesex,NA,NA,NA
12903,1647,1652,NA,Gloucestershire,Gloucestershire,NA,NA,NA
12946,1652,1656,London,London,Middlesex,NA,NA,NA
13683,1652,1656,London,London,Middlesex,NA,NA,NA
490,1645,1651,Ware,Hertfordshire,Hertfordshire,Ware,NA,47782
588,1646,1652,Bressingham,Norfolk,Norfolk,Bressingham,NA,5540
1109,1646,1652,Elmley Lovett,Worcestershire,Worcestershire,Elmley Lovett,NA,15084
1270,1648,1652,Wantage,Berkshire,Berkshire,Wantage,NA,47728
1368,1646,1652,London,London,Middlesex,NA,NA,NA
1717,1646,1652,Farnham,Surrey,Surrey,Farnham,NA,15845
1728,1649,1651,Shaftesbury,Dorset,Dorset,Shaftesbury,NA,39827
2333,1650,1652,Cockington,Devon,Devon,Cockington,NA,10136
2338,1649,1651,Hothwood,Bedfordshire,Bedfordshire,NA,NA,NA
3579,1647,1652,St Battells,Middlesex,Middlesex,NA,NA,NA
4230,1647,1652,Whitby,Yorkshire,Yorkshire,Whitby,NA,49388
4499,1647,1651,Birchwood,Derbyshire,Derbyshire,NA,NA,NA
4813,1648,1651,London,London,Middlesex,NA,NA,NA
4857,1647,1651,St Mary Whitechapel,Middlesex,Middlesex,St Mary Whitechapel,ID_127867,NA
4892,1646,1652,Bury St Edmunds,Suffolk,Suffolk,Bury St Edmunds,NA,7176
5168,1647,1651,Newark,Nottinghamshire,Nottinghamshire,Newark,NA,61556
5367,1647,1651,London,London,Middlesex,NA,NA,NA
5465,1649,1651,Penn,Buckinghamshire,Buckinghamshire,Penn,NA,35193
5879,1647,1652,Spislby,Lincolnshire,Lincolnshire,NA,NA,NA
6141,1647,1652,Goring,Oxfordshire,Oxfordshire,Goring,NA,18245
6173,1647,1651,Deptford,Kent,Kent,Deptford,NA,12973
6550,1647,1652,London,London,Middlesex,NA,NA,NA
6825,1645,1652,London,London,Middlesex,NA,NA,NA
7515,1648,1651,St Clement Danes,Middlesex,Middlesex,St Clement Danes,ID_30015,NA
7779,1650,1652,St Giles in the Fields,Middlesex,Middlesex,St Giles in the Fields,ID_30018,NA
7907,1648,1651,London,London,Middlesex,NA,NA,NA
7926,1646,1651,London,London,Middlesex,NA,NA,NA
7991,1650,1652,Marton,Lancashire,Lancashire,Marton,NA,29641
8146,1646,1651,Kerby,Westmorland,Westmorland,NA,NA,NA
8242,1645,1651,Westminster,Middlesex,Middlesex,NA,NA,NA
9661,1646,1652,Ruardean,Gloucestershire,Gloucestershire,Ruardean,NA,38767
10055,1648,1651,Forest Hill,Oxfordshire,Oxfordshire,Forest Hill,NA,16657
10077,1646,1652,Wollaston,Northamptonshire,Northamptonshire,Wollaston,NA,50389
10144,1650,1651,Borden,Gloucestershire,Gloucestershire,NA,NA,NA
10168,1649,1651,London,London,Middlesex,NA,NA,NA
10483,1646,1651,St Michael,Worcestershire,Worcestershire,NA,NA,NA
10506,1647,1651,Owthorpe,Nottinghamshire,Nottinghamshire,Owthorpe,NA,34357
10942,1645,1652,Southwark,Surrey,Surrey,NA,NA,NA
11050,1649,1651,Aylesford,Kent,Kent,Aylesford,NA,1775
11379,1647,1651,Rockmunger,Hertfordshire,Hertfordshire,NA,NA,NA
11447,1645,1651,Baldock,Hertfordshire,Hertfordshire,Baldock,NA,2034
11913,1646,1651,Icklingham,Suffolk,Suffolk,Icklingham,NA,23433
12060,1649,1652,West Horsley,Surrey,Surrey,West Horsley,NA,48657
12591,1647,1651,Shrawardine,Shropshire,Shropshire,Shrawardine,NA,40340
12743,1646,1652,Sutton,Berkshire,Berkshire,NA,NA,NA
12921,1648,1651,London,London,Middlesex,NA,NA,NA
13533,1648,1652,St James Clerkenwell,Middlesex,Middlesex,St James Clerkenwell,ID_127865,NA
13627,1651,1652,Lechlade,Gloucestershire,Gloucestershire,Lechlade,NA,291730
13986,1648,1652,London,London,Middlesex,NA,NA,NA
14206,1645,1652,St Mary Dover,Kent,Kent,NA,NA,NA
71,1649,1658,Debden,Essex,Essex,Debden,NA,12801
123,1650,1653,Whitechapel,Middlesex,Middlesex,St Mary Whitechapel,ID_127867,NA
199,1652,1656,London,London,Middlesex,NA,NA,NA
309,1656,1659,Burford,Oxfordshire,Oxfordshire,Burford,NA,6867
360,1649,1654,Roade,Northamptonshire,Northamptonshire,Roade,NA,38235
374,1651,1653,Warwick,Warwickshire,Warwickshire,Warwick,NA,47885
389,1654,1656,Dedham,Gloucestershire,Gloucestershire,NA,NA,NA
496,1653,1658,London,London,Middlesex,NA,NA,NA
514,1651,1657,Nottingham,Nottinghamshire,Nottinghamshire,Nottingham,NA,33480
560,1654,1656,Wapping Wall,Middlesex,Middlesex,St John Wapping,ID_30182,NA
579,1652,1656,Bright Helmiston,Sussex,Sussex,NA,NA,NA
580,1646,1652,Canterbury,Kent,Kent,Canterbury,NA,7771
665,1652,1656,London,London,Middlesex,NA,NA,NA
695,1655,1659,Ipswich,Suffolk,Suffolk,Ipswich,NA,23691
731,1654,1657,Newport Pagnell,Buckinghamshire,Buckinghamshire,Newport Pagnell,NA,32580
795,1650,1657,London,London,Middlesex,NA,NA,NA
972,1649,1653,London,London,Middlesex,NA,NA,NA
977,1650,1653,St Andrew Holborn,Middlesex,Middlesex,St Andrew Holborn,ID_127848,NA
1001,1647,1652,Laneham,Nottinghamshire,Nottinghamshire,Laneham,NA,25438
1027,1655,1657,NA,Essex,Essex,NA,NA,NA
1029,1652,1655,Chester,Cheshire,Cheshire,Chester,NA,9035
1055,1652,1659,London,London,Middlesex,NA,NA,NA
1060,1651,1657,Shoreditch,Middlesex,Middlesex,St Leonard Shoreditch,ID_30170,NA
1092,1657,1658,St Mary Staining,London,Middlesex,St Mary Staining,ID_30079,NA
1132,1647,1652,Chard,Somerset,Somerset,Chard,NA,8749
1135,1654,1656,Llandovery,Carmarthenshire,Carmarthenshire,Llandovery,NA,27137
1362,1647,1653,Stepney,Middlesex,Middlesex,St Dunstan Stepney,ID_30169,NA
1384,1649,1653,Great Glen,Leicestershire,Leicestershire,Great Glen,NA,18618
1667,1652,1657,Kenerton,Kent,Kent,NA,NA,NA
1668,1652,1657,Kenerton,Kent,Kent,NA,NA,NA
1683,1651,1652,Ardeborough,Leicestershire,Leicestershire,NA,NA,NA
1707,1654,1656,Crookthorne,Somerset,Somerset,NA,NA,NA
1810,1650,1654,Oxford,Oxfordshire,Oxfordshire,Oxford,NA,34379
1841,1677,1678,Atherston,Warwickshire,Warwickshire,NA,NA,NA
1892,1647,1655,St Sepulchre,London,Middlesex,St Sepulchre,ID_30058,NA
1918,1654,1657,London,London,Middlesex,NA,NA,NA
2028,1656,1657,Chelmsford,Essex,Essex,Chelmsford,NA,8959
2204,1656,1657,London,London,Middlesex,NA,NA,NA
2259,1655,1658,Stepney,Middlesex,Middlesex,St Dunstan Stepney,ID_30169,NA
2305,1652,1658,Finchley,Middlesex,Middlesex,Finchley,NA,16251
2385,1655,1656,Clare,Suffolk,Suffolk,Clare,NA,9618
2418,1653,1655,Stepney,Middlesex,Middlesex,St Dunstan Stepney,ID_30169,NA
2533,1653,1656,Northfleet,Kent,Kent,Northfleet,NA,33328
2538,1649,1655,Penn,Buckinghamshire,Buckinghamshire,Penn,NA,35193
2545,1656,1658,London,London,Middlesex,NA,NA,NA
2550,1650,1654,Diss,Norfolk,Norfolk,Diss,NA,13160
2583,1650,1653,Linton,Kent,Kent,Linton,NA,26391
2655,1648,1652,NA,Middlesex,Middlesex,NA,NA,NA
2706,1654,1657,Tupton,Derbyshire,Derbyshire,Tupton,NA,46363
2721,1654,1656,English Combe,Somerset,Somerset,NA,NA,NA
2750,1651,1657,Braybrooke,Northamptonshire,Northamptonshire,Braybrooke,NA,5433
2769,1654,1656,Wapping,Middlesex,Middlesex,St John Wapping,ID_30182,NA
2817,1648,1652,Carshalton,Surrey,Surrey,Carshalton,NA,8106
2853,1655,1657,Foscott,Buckinghamshire,Buckinghamshire,Foscott,NA,58609
2868,1654,1656,Stepney,Middlesex,Middlesex,St Dunstan Stepney,ID_30169,NA
2878,1649,1653,Corby,Northamptonshire,Northamptonshire,Corby,NA,10838
2888,1655,1657,Taxal,Cheshire,Cheshire,Taxal,NA,43936
2940,1652,1656,St Olave,London,Middlesex,NA,NA,NA
3146,1649,1656,Begbrook,Oxfordshire,Oxfordshire,NA,NA,NA
3264,1655,1659,London,London,Middlesex,NA,NA,NA
3325,1645,1653,Penton,Hampshire,Hampshire,NA,NA,NA
3424,1649,1656,Rochester,Kent,Kent,Rochester,NA,38282
3498,1651,1656,Trinity Minories,London,Middlesex,Holy Trinity Minories,ID_30163,NA
3524,1654,1655,London,London,Middlesex,NA,NA,NA
3541,1654,1657,St Sepulchre,London,Middlesex,St Sepulchre,ID_30058,NA
3752,1648,1652,London,London,Middlesex,NA,NA,NA
3762,1649,1652,Gorran,Cornwall,Cornwall,NA,NA,NA
3810,1650,1655,Deptford,Kent,Kent,Deptford,NA,12973
3924,1650,1653,Newark on Trent,Nottinghamshire,Nottinghamshire,Newark on Trent,NA,32336
3929,1654,1654,London,London,Middlesex,NA,NA,NA
3982,1655,1657,London,London,Middlesex,NA,NA,NA
3995,1652,1657,London,London,Middlesex,NA,NA,NA
4041,1649,1656,Dover,Kent,Kent,Dover,NA,13407
4190,1657,1659,London,London,Middlesex,NA,NA,NA
4193,1649,1655,Wensington,Hampshire,Hampshire,NA,NA,NA
4299,1655,1658,Langley Morris,Buckinghamshire,Buckinghamshire,NA,NA,NA
4318,1654,1657,Bassworth,Leicestershire,Leicestershire,NA,NA,NA
4337,1653,1654,Nightingale Lane,Middlesex,Middlesex,NA,NA,NA
4338,1653,1655,St Katherine's Precinct,Middlesex,Middlesex,Precinct of St Katherine,ID_30181,NA
4397,1651,1658,Elknam,Suffolk,Suffolk,NA,NA,NA
4409,1647,1654,Sutton,Suffolk,Suffolk,Sutton,NA,43349
4427,1651,1659,London,London,Middlesex,NA,NA,NA
4481,1651,1655,Evershot,Dorset,Dorset,Evershot,NA,15537
4500,1654,1656,London,London,Middlesex,NA,NA,NA
4555,1651,1656,Canterbury,Kent,Kent,Canterbury,NA,7771
4672,1652,1656,"Red Lyon Alley, Coleman St",London,Middlesex,St Stephen Coleman Street,ID_30102,NA
4702,1655,1656,Brackley,Northamptonshire,Northamptonshire,Brackley,NA,5112
4743,1655,1657,London,London,Middlesex,NA,NA,NA
4760,1655,1658,London,London,Middlesex,NA,NA,NA
4773,1654,1656,Bexley,Kent,Kent,Bexley,NA,288307
4829,1647,1651,Downton,Wiltshire,Wiltshire,Downton,NA,13488
4848,1651,1656,Pelham,Hertfordshire,Hertfordshire,NA,NA,NA
5008,1656,1658,Stone,Gloucestershire,Gloucestershire,Stone,NA,42627
5152,1655,1658,Great Kimble,Buckinghamshire,Buckinghamshire,Great Kimble,NA,18658
5190,1655,1658,London,London,Middlesex,NA,NA,NA
5213,1651,1653,Gulgath,Cumberland,Cumberland,NA,NA,NA
5436,1649,1655,NA,Hertfordshire,Hertfordshire,NA,NA,NA
5533,1657,1658,St Martin in the Fields,Middlesex,Middlesex,St Martin in the Fields,ID_30034,NA
5576,1646,1655,London,London,Middlesex,NA,NA,NA
5698,1651,1656,Walcorne,Herefordshire,Herefordshire,NA,NA,NA
5711,1653,1658,London,London,Middlesex,NA,NA,NA
5721,1653,1657,London,London,Middlesex,NA,NA,NA
5726,1654,1656,St Giles,Middlesex,Middlesex,St Giles in the Fields,ID_30018,NA
5749,1649,1651,Hitchin,Hertfordshire,Hertfordshire,Hitchin,NA,22136
5790,1651,1652,London,London,Middlesex,NA,NA,NA
5795,1654,1656,Cheslington,Staffordshire,Staffordshire,NA,NA,NA
5813,NA,1655,London,London,Middlesex,NA,NA,NA
5847,1655,1657,Charlbury,Oxfordshire,Oxfordshire,Charlbury,NA,8765
5853,1650,1653,Rampton,Cambridgeshire,Cambridgeshire,Rampton,NA,37363
5856,1653,1656,London,London,Middlesex,NA,NA,NA
5907,1649,1656,Newport Pagnell,Buckinghamshire,Buckinghamshire,Newport Pagnell,NA,32580
5910,1650,1653,London,London,Middlesex,NA,NA,NA
5911,1653,1658,London,London,Middlesex,NA,NA,NA
6112,1653,1657,Chaceley,Worcestershire,Worcestershire,Chaceley,NA,8567
6137,1650,1657,London,London,Middlesex,NA,NA,NA
6208,1651,1658,Lidlington,Bedfordshire,Bedfordshire,Lidlington,NA,26213
6229,1653,1658,London,London,Middlesex,NA,NA,NA
6423,1653,1655,Bethnal Green,Middlesex,Middlesex,St Matthew Bethnal Green,ID_30171,NA
6451,1655,1657,Westington,Gloucestershire,Gloucestershire,Westington,NA,49031
6650,1656,1657,Frant,Sussex,Sussex,Frant,NA,16909
6799,1656,1657,London,London,Middlesex,NA,NA,NA
6846,1654,1656,Boston,Lincolnshire,Lincolnshire,Boston,NA,4794
6855,1651,1654,Alconbury,Huntingdonshire,Huntingdonshire,Alconbury,NA,524
6973,1652,1653,Aldermary,London,Middlesex,St Mary Aldermary,ID_30091,NA
6978,1653,1654,Adelstrop,Gloucestershire,Gloucestershire,NA,NA,NA
7018,1653,1658,London,London,Middlesex,NA,NA,NA
7022,1653,1658,Harwell,Berkshire,Berkshire,Harwell,NA,20419
7037,1651,1653,London,London,Middlesex,NA,NA,NA
7090,1652,1656,Thaxted,Essex,Essex,Thaxted,NA,44089
7136,1653,1656,Wapping,Middlesex,Middlesex,St John Wapping,ID_30182,NA
7217,1655,1659,Fulbrook,Oxfordshire,Oxfordshire,Fulbrook,NA,17113
7281,1654,1656,London,London,Middlesex,NA,NA,NA
7283,1655,1659,NA,Gloucestershire,Gloucestershire,NA,NA,NA
7289,1653,1655,London,London,Middlesex,NA,NA,NA
7337,1655,1657,Mobberley,Cheshire,Cheshire,Mobberley,NA,30799
7477,1653,1656,Kimpton,Hertfordshire,Hertfordshire,Kimpton,NA,24429
7525,1649,1653,Little Ilford,Essex,Essex,Little Ilford,NA,26647
7566,1646,1652,Kirklington,Nottinghamshire,Nottinghamshire,Kirklington,NA,24860
7664,1655,1657,Skellingthorpe,Lincolnshire,Lincolnshire,Skellingthorpe,NA,40588
7755,1648,1653,Chippenham,Wiltshire,Wiltshire,Chippenham,NA,9202
7999,1649,1652,Bisham,Berkshire,Berkshire,Bisham,NA,3851
8041,1653,1657,Ipswich,Suffolk,Suffolk,Ipswich,NA,23691
8058,1656,1658,Prescot,Lancashire,Lancashire,Prescot,NA,36789
8126,1655,1656,Hampstead,Middlesex,Middlesex,Hampstead,NA,19944
8137,1646,1652,Wilburton,Cambridgeshire,Cambridgeshire,Wilburton,NA,49853
8179,1654,1657,Limehouse,Middlesex,Middlesex,St Anne Limehouse,ID_30176,NA
8196,1654,1657,Ratcliff,Middlesex,Middlesex,Ratcliffe,ID_30177,NA
8232,1650,1657,London,London,Middlesex,NA,NA,NA
8394,1655,1658,Treffeney,Monmouthshire,Monmouthshire,NA,NA,NA
8515,1651,1657,Oxford,Oxfordshire,Oxfordshire,Oxford,NA,34379
8528,1652,1655,Ullingswick,Herefordshire,Herefordshire,Ullingswick,NA,46705
8602,1650,1656,Wapping,Middlesex,Middlesex,St John Wapping,ID_30182,NA
8617,1658,1659,London,London,Middlesex,NA,NA,NA
8707,1654,1656,London,London,Middlesex,NA,NA,NA
8711,1650,1656,Wigginton,Hertfordshire,Hertfordshire,Wigginton,NA,49817
8791,1655,1657,London,London,Middlesex,NA,NA,NA
8882,1652,1656,Beadnell,Northumberland,Northumberland,Beadnell,NA,2878
8890,1651,1656,Watton,Hertfordshire,Hertfordshire,NA,NA,NA
8891,1655,1657,London,London,Middlesex,NA,NA,NA
8902,1657,1657,Stepney,Middlesex,Middlesex,St Dunstan Stepney,ID_30169,NA
8946,1655,1658,Warwick Lane,London,Middlesex,NA,NA,NA
8974,1648,1652,London,London,Middlesex,NA,NA,NA
9005,1646,1652,South Perrott,Dorset,Dorset,South Perrott,NA,41240
9102,1655,1658,London,London,Middlesex,NA,NA,NA
9104,1654,1659,Milton,Northamptonshire,Northamptonshire,NA,NA,NA
9166,1655,1656,Tiverton,Shropshire,Shropshire,NA,NA,NA
9184,1650,1654,Okeover,Staffordshire,Staffordshire,Okeover,NA,293209
9185,1650,1652,Barkham,Berkshire,Berkshire,Barkham,NA,2396
9198,1656,1658,Cossington,Somerset,Somerset,Cossington,NA,10964
9201,1656,1657,Stanford,Berkshire,Berkshire,NA,NA,NA
9224,1650,1651,London,London,Middlesex,NA,NA,NA
9339,1654,1658,Church Lawford,Warwickshire,Warwickshire,Church Lawford,NA,9379
9403,1649,1652,"Whitecross Street, St Giles without Cripplegate",Middlesex,Middlesex,St Giles Cripplegate,ID_30100,NA
9430,1653,1658,Great Missenden,Buckinghamshire,Buckinghamshire,Great Missenden,NA,18679
9445,1654,1656,St Neots,Huntingdonshire,Huntingdonshire,St Neots,NA,41886
9542,1655,1656,Ashby de la Zouch,Leicestershire,Leicestershire,Ashby de la Zouch,NA,1335
9558,1654,1657,Dagenham,Essex,Essex,Dagenham,NA,12434
9574,1651,1658,Westhorpe,Suffolk,Suffolk,Westhorpe,NA,49024
9587,1651,1655,Enfield,Middlesex,Middlesex,Enfield,NA,15358
9672,1647,1651,Nottingham,Nottinghamshire,Nottinghamshire,Nottingham,NA,33480
9781,1655,1656,Thame,Oxfordshire,Oxfordshire,Thame,NA,44078
9940,1654,1656,Bushden,Hertfordshire,Hertfordshire,NA,NA,NA
10010,1652,1657,Wimborne,Dorset,Dorset,NA,NA,NA
10018,1656,1658,Sulham,Berkshire,Berkshire,Sulham,NA,43214
10103,1650,1655,Washing Brooke,Lincolnshire,Lincolnshire,NA,NA,NA
10208,1656,1658,Leicester,Leicestershire,Leicestershire,Leicester,NA,25957
10252,1651,1656,Southwark,Surrey,Surrey,NA,NA,NA
10256,1653,1656,Limehouse,Middlesex,Middlesex,St Anne Limehouse,ID_30176,NA
10290,1657,1657,Tower of London,London,Middlesex,The Tower,ID_127864,NA
10310,1648,1652,London,London,Middlesex,NA,NA,NA
10390,1658,1659,Ringmer,Sussex,Sussex,Ringmer,NA,38139
10440,1651,1653,St Andrew Holborn,Middlesex,Middlesex,St Andrew Holborn,ID_127848,NA
10525,1656,1659,London,London,Middlesex,NA,NA,NA
10557,1656,1658,Newport Pagnell,Buckinghamshire,Buckinghamshire,Newport Pagnell,NA,32580
10601,1652,1657,London,London,Middlesex,NA,NA,NA
10864,1654,1656,St Neots,Huntingdonshire,Huntingdonshire,St Neots,NA,41886
11109,1655,1658,Pemwortham,Lancashire,Lancashire,NA,NA,NA
11239,1648,1657,St Botolph Aldgate,Middlesex,Middlesex,St Botolph Aldgate,ID_30153,NA
11259,1645,1653,Little Hales,Shropshire,Shropshire,NA,NA,NA
11274,1650,1653,Narrow Marsh,Nottinghamshire,Nottinghamshire,NA,NA,NA
11279,1652,1656,Beckley,Oxfordshire,Oxfordshire,Beckley,NA,2984
11348,1647,1652,Newton St Loe,Somerset,Somerset,Newton St Loe,NA,32706
11383,1655,1657,London,London,Middlesex,NA,NA,NA
11442,1647,1652,Willoughby,Leicestershire,Leicestershire,NA,NA,NA
11454,1652,1657,Guildford,Surrey,Surrey,Guildford,NA,19326
11474,1651,1658,Basingstoke,Hampshire,Hampshire,Basingstoke,NA,2707
11521,1646,1651,Buscot,Berkshire,Berkshire,Buscot,NA,7186
11562,1648,1653,Enfield,Middlesex,Middlesex,Enfield,NA,15358
11603,1649,1653,London,London,Middlesex,NA,NA,NA
11854,1654,1657,London,London,Middlesex,NA,NA,NA
11912,1655,1657,Duston,Northamptonshire,Northamptonshire,Duston,NA,14010
12102,1651,1653,Prestbury,Gloucestershire,Gloucestershire,Prestbury,NA,36801
12188,1653,1656,NA,Nottinghamshire,Nottinghamshire,NA,NA,NA
12218,1655,1657,Tower Hill,London,Middlesex,The Tower,ID_127864,NA
12386,1655,1656,Hardingstone,Northamptonshire,Northamptonshire,Hardingstone,NA,20122
12431,1656,1659,Derwent,Derbyshire,Derbyshire,Derwent,NA,57791
12510,1654,1659,Oxcliffe,Lancashire,Lancashire,NA,NA,NA
12540,1649,1652,London,London,Middlesex,NA,NA,NA
12550,1646,1653,Loddington,Northamptonshire,Northamptonshire,Loddington,NA,27843
12563,1651,1652,London,London,Middlesex,NA,NA,NA
12703,1656,1659,Hillingdon,Middlesex,Middlesex,Hillingdon,NA,21996
12739,1652,1657,Dagenham,Essex,Essex,Dagenham,NA,12434
12764,1651,1653,London,London,Middlesex,NA,NA,NA
12771,1649,1651,Hampstead,Middlesex,Middlesex,Hampstead,NA,19944
12787,1652,1653,Bedford,Bedfordshire,Bedfordshire,Bedford,NA,3009
12813,1655,1658,St Andrew Holborn,Middlesex,Middlesex,St Andrew Holborn,ID_127848,NA
12930,1653,1657,London,London,Middlesex,NA,NA,NA
12966,1651,1655,St Martin in the Fields,Middlesex,Middlesex,St Martin in the Fields,ID_30034,NA
12997,1649,1652,Little Bardfield,Essex,Essex,Little Bardfield,NA,26461
12998,1656,1658,Newington,Surrey,Surrey,Newington,NA,32498
13179,1655,1657,NA,London,Middlesex,NA,NA,NA
13238,1658,1659,Thame,Oxfordshire,Oxfordshire,Thame,NA,44078
13239,1654,1656,Brecknock,Breconshire,Breconshire,NA,NA,NA
13280,1654,1657,Bretforton,Worcestershire,Worcestershire,Bretforton,NA,5544
13290,1653,1656,Much Lees,Essex,Essex,NA,NA,NA
13303,1657,1658,Hitchin,Hertfordshire,Hertfordshire,Hitchin,NA,22136
13337,1655,1656,London,London,Middlesex,NA,NA,NA
13372,1650,1657,London,London,Middlesex,NA,NA,NA
13490,1656,1658,London,London,Middlesex,NA,NA,NA
13539,1653,1658,Ashby de la Zouch,Leicestershire,Leicestershire,Ashby de la Zouch,NA,1335
13560,1658,1659,St Bride,London,Middlesex,St Bride,ID_30049,NA
13589,1647,1653,Bedford Houghton,Bedfordshire,Bedfordshire,NA,NA,NA
13614,1648,1653,St Sepulchre without Newgate,Middlesex,Middlesex,St Sepulchre,ID_30058,NA
13710,1654,1657,Aldenham,Hertfordshire,Hertfordshire,Aldenham,NA,537
13713,1650,1653,Shipton,Gloucestershire,Gloucestershire,Shipton,NA,40186
13715,1656,1657,Ashby de la Zouch,Leicestershire,Leicestershire,Ashby de la Zouch,NA,1335
13901,1651,1656,London,London,Middlesex,NA,NA,NA
14020,1652,1655,London,London,Middlesex,NA,NA,NA
14072,1649,1653,Hereford,Herefordshire,Herefordshire,Hereford,NA,21293
14074,1649,1654,Cambridge,Cambridgeshire,Cambridgeshire,Cambridge,NA,7642
14120,1653,1657,NA,Lincolnshire,Lincolnshire,NA,NA,NA
14134,NA,1659,Tidmarsh,Berkshire,Berkshire,Tidmarsh,NA,44877
14163,1652,1656,Abbot's Langley,Hertfordshire,Hertfordshire,NA,NA,NA
14239,1650,1653,Pirton,Oxfordshire,Oxfordshire,NA,NA,NA
965,1651,1654,Balking,Berkshire,Berkshire,NA,NA,NA
1681,1653,1654,Halifax,Yorkshire,Yorkshire,Halifax,NA,19710
1721,1652,1654,Royston,Hertfordshire,Hertfordshire,Royston,NA,38756
1794,1651,1654,London,London,Middlesex,NA,NA,NA
1872,1652,1654,NA,Worcestershire,Worcestershire,NA,NA,NA
1875,1649,1653,St Katherine near the Tower,London,Middlesex,Precinct of St Katherine,ID_30181,NA
2102,1652,1653,Marlborough,Wiltshire,Wiltshire,Marlborough,NA,29474
2274,1653,1654,London,London,Middlesex,NA,NA,NA
2667,1648,1654,Potton,Bedfordshire,Bedfordshire,Potton,NA,36698
2679,1651,1654,Kingston upon Thames,Surrey,Surrey,Kingston upon Thames,NA,24629
2968,1652,1654,London,London,Middlesex,NA,NA,NA
3159,1650,1654,Dunmow Priory,Essex,Essex,NA,NA,NA
3199,1648,1654,Bampton,Oxfordshire,Oxfordshire,Bampton,NA,2215
3214,1649,1653,Cranford,Surrey,Surrey,NA,NA,NA
3511,1646,1653,Droitwich,Worcestershire,Worcestershire,Droitwich,NA,NA
3768,1652,1654,St Botolph Aldersgate,London,Middlesex,St Botolph Aldersgate,ID_30061,NA
4036,1653,1653,NA,Norfolk,Norfolk,NA,NA,NA
4349,1652,1654,Battersea,Surrey,Surrey,Battersea,ID_30014,NA
4576,1651,1654,Witney,Oxfordshire,Oxfordshire,Witney,NA,50334
4928,1650,1653,Eckington,Worcestershire,Worcestershire,Eckington,NA,14741
5202,1646,1654,Cound,Shropshire,Shropshire,Cound,NA,11075
5220,1647,1651,Hanging Houghton,Northamptonshire,Northamptonshire,Hanging Houghton,NA,20027
5249,1648,1653,London,London,Middlesex,NA,NA,NA
5517,NA,1654,Whitefriars,London,Middlesex,Precinct of Whitefriars,ID_30048,NA
5686,1651,1654,"Blackburn, Wigan",Lancashire,Lancashire,NA,NA,NA
5839,1652,1654,Highgate,Middlesex,Middlesex,Highgate,NA,21782
6162,1646,1653,Reevell,Wiltshire,Wiltshire,NA,NA,NA
6430,1652,1654,London,London,Middlesex,NA,NA,NA
6594,1648,1654,London,London,Middlesex,NA,NA,NA
6622,1646,1653,Much Hadham,Hertfordshire,Hertfordshire,Much Hadham,NA,31461
6763,1649,1653,London,London,Middlesex,NA,NA,NA
6793,1648,1654,Blandford St Mary,Dorset,Dorset,Blandford St Mary,NA,4253
6948,1651,1654,Nottingham,Nottinghamshire,Nottinghamshire,Nottingham,NA,33480
7095,1651,1654,Liberty of the Tower of London,London,Middlesex,The Tower,ID_127864,NA
7162,1652,1654,St Saviour Southwark,Surrey,Surrey,St Saviour Southwark,ID_30001,NA
7964,1648,1654,London,London,Middlesex,NA,NA,NA
8927,1651,1653,London,London,Middlesex,NA,NA,NA
9060,1651,1654,London,London,Middlesex,NA,NA,NA
9118,1652,1653,Brampford Speke,Devon,Devon,Brampford Speke,NA,5309
9276,1651,1654,Llysfaen,Caernarvonshire,Caernarvonshire,NA,NA,NA
9307,1650,1654,South Worthing,Sussex,Sussex,NA,NA,NA
9409,1649,1653,London,London,Middlesex,NA,NA,NA
9477,1649,1653,Dulas,Herefordshire,Herefordshire,Dulas,NA,289847
9576,1649,1654,NA,Cumberland,Cumberland,NA,NA,NA
9854,1652,1654,Ozleworth,Gloucestershire,Gloucestershire,Ozleworth,NA,34409
10150,1650,1654,NA,Radnorshire,Radnorshire,NA,NA,NA
10172,1648,1653,Oxford,Oxfordshire,Oxfordshire,Oxford,NA,34379
10214,1647,1654,Carmarthen,Carmarthenshire,Carmarthenshire,Carmarthen,NA,7443
10341,1653,1654,Southwark,Surrey,Surrey,NA,NA,NA
10378,1646,1653,Tiverton,Devon,Devon,Tiverton,NA,45049
10631,1652,1653,London,London,Middlesex,NA,NA,NA
10763,1647,1653,St Saviour Southwark,Surrey,Surrey,St Saviour Southwark,ID_30001,NA
10764,1649,1654,Eccleston,Lancashire,Lancashire,NA,NA,NA
11207,1649,1654,St Andrew Holborn,Middlesex,Middlesex,St Andrew Holborn,ID_127848,NA
11208,1649,1653,St Andrew Holborn,Middlesex,Middlesex,St Andrew Holborn,ID_127848,NA
11267,1649,1654,Compton,Berkshire,Berkshire,Compton,NA,10603
11269,1650,1653,Bushby,Leicestershire,Leicestershire,Bushby,NA,7204
11284,1646,1653,Plaistow,Essex,Essex,Plaistow,NA,36054
11347,1650,1654,London,London,Middlesex,NA,NA,NA
11502,1650,1653,Elsworth,Cambridgeshire,Cambridgeshire,Elsworth,NA,15138
11971,1652,1653,London,London,Middlesex,NA,NA,NA
12280,1651,1654,London,London,Middlesex,NA,NA,NA
12587,1652,1654,Blackmore,Essex,Essex,Blackmore,NA,4073
12617,1653,1654,Limehouse,Middlesex,Middlesex,St Anne Limehouse,ID_30176,NA
12633,1647,1653,Kempston,Bedfordshire,Bedfordshire,Kempston,NA,24026
12677,1647,1654,Kingston,Berkshire,Berkshire,NA,NA,NA
13081,1649,1653,Finedon,Northamptonshire,Northamptonshire,Finedon,NA,16263
13143,1651,1654,Whitechapel,Middlesex,Middlesex,St Mary Whitechapel,ID_127867,NA
13407,1648,1654,Ratcliff,Middlesex,Middlesex,Ratcliffe,ID_30177,NA
13461,1649,1654,Tottenham,Middlesex,Middlesex,Tottenham,NA,45333
13567,1651,1653,Christian Malford,Wiltshire,Wiltshire,Christian Malford,NA,9293
13694,1650,1654,Nassington,Northamptonshire,Northamptonshire,Nassington,NA,31802
13891,1651,1654,London,London,Middlesex,NA,NA,NA
14207,1651,1654,Shadwell,Middlesex,Middlesex,St Paul Shadwell,ID_30184,NA
239,1653,1655,Broughton,Lincolnshire,Lincolnshire,Broughton,NA,6310
489,1648,1655,Benefield,Northamptonshire,Northamptonshire,Benefield,NA,55855
1043,1653,1655,Oxford,Oxfordshire,Oxfordshire,Oxford,NA,34379
1049,1648,1654,Horsleydown,Surrey,Surrey,St John Horselydown,ID_30003,NA
1247,1647,1655,St Sepulchre,Middlesex,Middlesex,St Sepulchre,ID_30058,NA
1345,1650,1655,Gines,Surrey,Surrey,NA,NA,NA
1396,1647,1654,Godalming,Surrey,Surrey,Godalming,NA,18044
1399,1650,1655,Henley upon Thames,Oxfordshire,Oxfordshire,Henley on Thames,NA,21225
1737,1653,1655,Thames Ditton,Surrey,Surrey,Thames Ditton,NA,44079
1798,1649,1654,Covent Garden,Middlesex,Middlesex,St Paul Covent Garden,ID_30031,NA
2043,1650,1655,Chelmsford,Essex,Essex,Chelmsford,NA,8959
2240,1650,1655,St Mary Whitechapel,Middlesex,Middlesex,St Mary Whitechapel,ID_127867,NA
2269,1651,1654,Wapping,Middlesex,Middlesex,St John Wapping,ID_30182,NA
2581,1650,1654,Charlton Musgrove,Somerset,Somerset,Charlton Musgrove,NA,8822
2757,1651,1654,London,London,Middlesex,NA,NA,NA
3194,1652,1655,London,London,Middlesex,NA,NA,NA
3415,1654,1655,Colchester,Essex,Essex,Colchester,NA,10252
3547,1652,1655,Limehouse,Middlesex,Middlesex,St Anne Limehouse,ID_30176,NA
3605,1649,1655,Bermondsey Street,Surrey,Surrey,St Mary Magdalen Bermondsey,ID_30004,NA
3832,1651,1655,Stockwell,Surrey,Surrey,Stockwell,NA,42494
4134,1654,1654,St Botolph Billingsgate,London,Middlesex,St Botolph Billingsgate,ID_30140,NA
4545,1651,1654,London,London,Middlesex,NA,NA,NA
4678,1651,1655,Woolwich,Kent,Kent,Woolwich,NA,50897
4695,1651,1655,Marshfield,Gloucestershire,Gloucestershire,Marshfield,NA,29568
5196,1647,1655,Chillingford,Oxfordshire,Oxfordshire,NA,NA,NA
5257,1652,1655,Wilton,Wiltshire,Wiltshire,Wilton,NA,NA
5316,1648,1653,Poulton Lanslett,Cheshire,Cheshire,NA,NA,NA
5560,1651,1654,Broadway,Worcestershire,Worcestershire,Broadway,NA,5964
5675,1651,1655,Taplow,Buckinghamshire,Buckinghamshire,Taplow,NA,43852
5867,1654,1655,St Andrew Holborn,Middlesex,Middlesex,St Andrew Holborn,ID_127848,NA
6093,1651,1655,Middleton,Lancashire,Lancashire,NA,NA,NA
6157,1650,1654,London,London,Middlesex,NA,NA,NA
6603,1652,1654,Wye,Kent,Kent,Wye,NA,51167
6748,1648,1655,North Luffenham,Rutland,Rutland,North Luffenham,NA,33161
6900,1648,1655,"Carlton, Rothwell",Yorkshire,Yorkshire,NA,NA,NA
6984,1650,1654,Colemere,Shropshire,Shropshire,Colemere,NA,10341
7051,1650,1655,Edge,Cheshire,Cheshire,NA,NA,NA
7177,1650,1655,London,London,Middlesex,NA,NA,NA
7559,1652,1655,St Botolph Aldersgate,London,Middlesex,St Botolph Aldersgate,ID_30061,NA
7961,1652,1655,St Paul Covent Garden,Middlesex,Middlesex,St Paul Covent Garden,ID_30031,NA
8098,1654,1654,St Leonard Shoreditch,Middlesex,Middlesex,St Leonard Shoreditch,ID_30170,NA
8105,1649,1655,Felsted,Essex,Essex,Felsted,NA,15998
8502,1653,1654,London,London,Middlesex,NA,NA,NA
8674,1652,1655,St Dunstan in the West,London,Middlesex,St Dunstan in the West,ID_127855,NA
8703,1651,1655,Kendal,Westmorland,Westmorland,Kendal,NA,24037
8839,1649,1655,London,London,Middlesex,NA,NA,NA
8933,1653,1655,London,London,Middlesex,NA,NA,NA
9051,1651,1654,Colchester,Essex,Essex,Colchester,NA,10252
9196,1651,1654,Market Harborough,Leicestershire,Leicestershire,Market Harborough,NA,29447
9983,1653,1655,East Dean,Sussex,Sussex,NA,NA,NA
10125,1651,1654,Sayton,Bedfordshire,Bedfordshire,NA,NA,NA
10296,1653,1655,Morden,Surrey,Surrey,Morden,NA,31115
10337,1651,1655,London,London,Middlesex,NA,NA,NA
10507,1647,1654,London,London,Middlesex,NA,NA,NA
11157,1649,1655,Riseley,Bedfordshire,Bedfordshire,Riseley,NA,38194
11287,1653,1654,London,London,Middlesex,NA,NA,NA
11496,1651,1654,Trull,Somerset,Somerset,Trull,NA,46252
11693,1654,1655,Whitford,Flintshire,Flintshire,Whitford,NA,49587
11805,1651,1655,St Margarets,Kent,Kent,St Margarets,NA,294972
11844,1650,1655,Awsworth,Nottinghamshire,Nottinghamshire,Awsworth,NA,1755
11949,1651,1655,Sakewy,Cambridgeshire,Cambridgeshire,NA,NA,NA
12152,1650,1655,Teddington,Worcestershire,Worcestershire,Teddington,NA,43957
12391,1651,1655,Poyntington,Somerset,Somerset,Poyntington,NA,36757
12518,1650,1655,Colston Basset,Nottinghamshire,Nottinghamshire,NA,NA,NA
12631,1651,1655,London,London,Middlesex,NA,NA,NA
13012,1652,1655,St Margaret Westminster,Middlesex,Middlesex,St Margaret Westminster,ID_127869,NA
13028,1652,1655,London,London,Middlesex,NA,NA,NA
13294,1654,1655,London,London,Middlesex,NA,NA,NA
13301,1653,1655,London,London,Middlesex,NA,NA,NA
13450,1649,1655,Winfield,Bedfordshire,Bedfordshire,NA,NA,NA
13511,1651,1655,St Giles in the Fields,Middlesex,Middlesex,St Giles in the Fields,ID_30018,NA
13512,1654,1655,London,London,Middlesex,NA,NA,NA
13572,1648,1655,Oakley,Oxfordshire,Oxfordshire,Oakley,NA,33632
13910,1649,1654,Epping,Essex,Essex,Epping,NA,15406
13982,1651,1654,Thakeham,Sussex,Sussex,Thakeham,NA,44077
14213,1649,1654,Middleton,Herefordshire,Herefordshire,Middleton,NA,30310
214,1651,1655,St George Southwark,Surrey,Surrey,St George Southwark,ID_30012,NA
526,1650,1655,Leckhampstead,Buckinghamshire,Buckinghamshire,Leckhampstead,NA,25870
1505,NA,1655,London,London,Middlesex,NA,NA,NA
2051,1653,1655,London,London,Middlesex,NA,NA,NA
2525,1647,1655,London,London,Middlesex,NA,NA,NA
2568,1652,1655,Plumtree,Devon,Devon,NA,NA,NA
3397,1651,1655,London,London,Middlesex,NA,NA,NA
3782,1650,1655,London,London,Middlesex,NA,NA,NA
3939,1654,1655,Wombourne,Staffordshire,Staffordshire,Wombourne,NA,50423
4520,1650,1655,Laund,Derbyshire,Derbyshire,NA,NA,NA
4602,1653,1654,Kimbolton,Huntingdonshire,Huntingdonshire,Kimbolton,NA,24423
5191,NA,1655,Farnborough,Warwickshire,Warwickshire,Farnborough,NA,15828
5325,1651,1655,Leicester,Leicestershire,Leicestershire,Leicester,NA,25957
5739,1645,1654,Frampton,Dorset,Dorset,Frampton,NA,16879
6034,1652,1655,Henley upon Thames,Oxfordshire,Oxfordshire,Henley on Thames,NA,21225
6645,1651,1654,Wigtoft,Lincolnshire,Lincolnshire,Wigtoft,NA,49841
7413,1651,1654,Richmond,Surrey,Surrey,Richmond,NA,38028
7791,1652,1655,London,London,Middlesex,NA,NA,NA
9042,1654,1655,London,London,Middlesex,NA,NA,NA
9071,1647,1655,Sixpenny Handly,Dorset,Dorset,NA,NA,NA
10476,1651,1655,Walsall,Staffordshire,Staffordshire,Walsall,NA,47612
10828,1652,1655,Llanidloes,Montgomeryshire,Montgomeryshire,Llanidloes,NA,27442
11102,NA,1655,London,London,Middlesex,NA,NA,NA
11604,1650,1655,South Croxton,Leicestershire,Leicestershire,South Croxton,NA,41114
12103,NA,1655,Nuneaton,Warwickshire,Warwickshire,Nuneaton,NA,33500
13094,1653,1655,London,London,Middlesex,NA,NA,NA
13225,1651,1654,NA,Devon,Devon,NA,NA,NA
13885,1653,1655,Durham,County Durham,County Durham,Durham,NA,13975
1122,1652,1655,St Olave Southwark,Surrey,Surrey,St Olave Southwark,ID_30002,NA
1909,1651,1654,Horton Kirby,Lancashire,Lancashire,NA,NA,NA
1910,1651,1654,Horton Kirby,Lancashire,Lancashire,NA,NA,NA
2464,1650,1655,NA,Norfolk,Norfolk,NA,NA,NA
2744,1654,1655,East Woodhay,Hampshire,Hampshire,East Woodhay,NA,14502
2793,1648,1654,London,London,Middlesex,NA,NA,NA
2796,1650,1654,London,London,Middlesex,NA,NA,NA
2848,1651,1654,Deptford,Kent,Kent,Deptford,NA,12973
3597,1653,1654,Marr,Yorkshire,Yorkshire,Marr,NA,29509
3631,1652,1654,London,London,Middlesex,NA,NA,NA
4058,1655,1656,London,London,Middlesex,NA,NA,NA
4102,1649,1655,London,London,Middlesex,NA,NA,NA
4881,1651,1655,Bolham,County Durham,County Durham,NA,NA,NA
5330,1649,1655,Morpeth,Northumberland,Northumberland,Morpeth,NA,31191
5391,1653,1655,Bodean,Caernarvonshire,Caernarvonshire,NA,NA,NA
6130,1649,1655,Deptford,Kent,Kent,Deptford,NA,12973
6862,1652,1654,Lorton,Cumberland,Cumberland,Lorton,NA,60847
6989,1654,1654,Fishtoft,Lincolnshire,Lincolnshire,Fishtoft,NA,16350
7474,1650,1654,Holdfast,Worcestershire,Worcestershire,Holdfast,NA,22269
7827,1649,1654,Kelsey Hill,Cheshire,Cheshire,NA,NA,NA
8260,1648,1655,Hose,Leicestershire,Leicestershire,Hose,NA,22904
9434,1651,1654,London,London,Middlesex,NA,NA,NA
9562,1648,1655,Bedford,Bedfordshire,Bedfordshire,Bedford,NA,3009
9748,1648,1655,Hellingly,Sussex,Sussex,Hellingly,NA,21068
9787,1652,1654,London,London,Middlesex,NA,NA,NA
9918,1649,1654,London,London,Middlesex,NA,NA,NA
10092,1653,1655,Newton,Warwickshire,Warwickshire,Newton,NA,32642
10521,1654,1654,London,London,Middlesex,NA,NA,NA
11048,1651,1655,Limehouse,Middlesex,Middlesex,St Anne Limehouse,ID_30176,NA
11488,1652,1655,Cawne,Wiltshire,Wiltshire,NA,NA,NA
11780,1654,1656,NA,Essex,Essex,NA,NA,NA
12782,1650,1654,Bredon,Worcestershire,Worcestershire,Bredon,NA,5490
13067,1644,1654,London,London,Middlesex,NA,NA,NA
13069,1650,1655,Henley,Oxfordshire,Oxfordshire,Henley on Thames,NA,21225
13398,1651,1654,Barkway,Hertfordshire,Hertfordshire,Barkway,NA,2405
13842,1649,1654,Drayton,Berkshire,Berkshire,Drayton,NA,13541
13853,1651,1655,Hendon,Middlesex,Middlesex,Hendon,NA,21158
14150,1652,1653,London,London,Middlesex,NA,NA,NA
14157,1651,1654,London,London,Middlesex,NA,NA,NA
14188,1650,1654,Flamstone,Sussex,Sussex,NA,NA,NA
285,1651,1655,Wimborne,Dorset,Dorset,NA,NA,NA
531,1654,1656,London,London,Middlesex,NA,NA,NA
595,1655,1656,Southwark,Surrey,Surrey,NA,NA,NA
848,1651,1655,Hothorpe,Northamptonshire,Northamptonshire,NA,NA,NA
922,1650,1656,Bishop's Stortford,Hertfordshire,Hertfordshire,Bishop's Stortford,NA,3883
1008,1655,1656,Turvey,Bedfordshire,Bedfordshire,Turvey,NA,46410
1240,1654,1656,Carlton,Bedfordshire,Bedfordshire,Carlton,NA,7957
1269,1650,1655,Watchfield,Berkshire,Berkshire,Watchfield,NA,47932
1323,1650,1655,Heyford,Northamptonshire,Northamptonshire,NA,NA,NA
1470,1655,1656,London,London,Middlesex,NA,NA,NA
1585,1653,1656,Rickmansworth,Hertfordshire,Hertfordshire,Rickmansworth,NA,38045
1645,1650,1655,Kingswinford,Staffordshire,Staffordshire,Kingswinford,NA,24646
1749,1652,1656,Nantwich,Cheshire,Cheshire,Nantwich,NA,31740
1797,1653,1656,London,London,Middlesex,NA,NA,NA
1847,1653,1655,Hawarden,Flintshire,Flintshire,Hawarden,NA,35019
1915,1653,1655,Biddulph,Staffordshire,Staffordshire,Biddulph,NA,3581
2038,1649,1655,Coventry,Warwickshire,Warwickshire,Coventry,NA,11138
2072,1654,1656,St Giles Cripplegate,London,Middlesex,St Giles Cripplegate,ID_30100,NA
2141,1654,1656,Heston,Middlesex,Middlesex,Heston,NA,21373
2317,1649,1656,Ash Booking,Suffolk,Suffolk,NA,NA,NA
2368,1654,1656,Harpenden,Herefordshire,Herefordshire,NA,NA,NA
2459,1654,1656,Newport Pagnell,Buckinghamshire,Buckinghamshire,Newport Pagnell,NA,32580
2465,1652,1655,Ealing,Middlesex,Middlesex,Ealing,NA,14083
2810,1651,1656,Leighton,Bedfordshire,Bedfordshire,NA,NA,NA
2994,1649,1656,Cheeswell,Essex,Essex,NA,NA,NA
3140,1655,1656,Orleton,Herefordshire,Herefordshire,Orleton,NA,34064
3236,1652,1655,Ware,Hertfordshire,Hertfordshire,Ware,NA,47782
3292,1654,1656,London,London,Middlesex,NA,NA,NA
3298,1651,1656,Fen Stanton,Huntingdonshire,Huntingdonshire,NA,NA,NA
3338,1655,1655,London,London,Middlesex,NA,NA,NA
3545,1650,1655,London,London,Middlesex,NA,NA,NA
3694,1651,1655,Hillesden,Buckinghamshire,Buckinghamshire,Hillesden,NA,21973
3766,1649,1656,Normanton,Derbyshire,Derbyshire,Normanton,NA,32952
3798,1650,1655,Southwell,Nottinghamshire,Nottinghamshire,Southwell,NA,41426
3858,1653,1656,Enfield,Middlesex,Middlesex,Enfield,NA,15358
4093,1648,1656,Warwick,Warwickshire,Warwickshire,Warwick,NA,47885
4342,1648,1656,Quorndon,Leicestershire,Leicestershire,Quorndon,NA,37217
4477,1649,1655,Embleton,Cumberland,Cumberland,Embleton,NA,15171
4508,1653,1655,Rossell Hall,Lancashire,Lancashire,NA,NA,NA
4611,1652,1656,London,London,Middlesex,NA,NA,NA
4646,1651,1655,Deanshanger,Northamptonshire,Northamptonshire,Deanshanger,NA,12794
4783,NA,1655,Sailehome,Suffolk,Suffolk,NA,NA,NA
4821,1651,1656,Holmes Chapel,Cheshire,Cheshire,Holmes Chapel,NA,22449
4920,1653,1656,Kirton,Lincolnshire,Lincolnshire,Kirton,NA,24940
4968,1650,1655,Shenfield,Essex,Essex,Shenfield,NA,40035
5584,1653,1655,Colchester,Essex,Essex,Colchester,NA,10252
5609,1652,1655,Shoreditch,Middlesex,Middlesex,St Leonard Shoreditch,ID_30170,NA
5630,1650,1655,Bampton in the Bush,Oxfordshire,Oxfordshire,NA,NA,NA
5864,1653,1656,Henley upon Thames,Oxfordshire,Oxfordshire,Henley on Thames,NA,21225
6032,1650,1655,Waltham St Laurence,Berkshire,Berkshire,NA,NA,NA
6080,1649,1655,Sherington,Buckinghamshire,Buckinghamshire,Sherington,NA,40098
6665,1653,1656,London,London,Middlesex,NA,NA,NA
6829,1649,1656,St Katherine,Middlesex,Middlesex,Precinct of St Katherine,ID_30181,NA
7119,1653,1656,London,London,Middlesex,NA,NA,NA
7185,1653,1655,St Mary Southwark,Surrey,Surrey,St Saviour Southwark,ID_30001,NA
7262,1650,1656,Tottenham High Cross,Middlesex,Middlesex,Tottenham,NA,45333
7333,1653,1654,Darlington,County Durham,County Durham,Darlington,NA,12652
7462,1652,1655,Barrells,Warwickshire,Warwickshire,NA,NA,NA
7480,1650,1655,Southwark,Surrey,Surrey,NA,NA,NA
7657,1647,1655,Plymouth,Devon,Devon,Plymouth,NA,36158
7698,1654,1656,Southampton,Hampshire,Hampshire,Southampton,NA,41322
7929,1655,1656,Camberwell,Surrey,Surrey,Camberwell,NA,7634
7952,1652,1655,Woodborne,Bedfordshire,Bedfordshire,NA,NA,NA
7965,1648,1655,Whitechapel,Middlesex,Middlesex,St Mary Whitechapel,ID_127867,NA
8022,1653,1656,East Dean,Sussex,Sussex,NA,NA,NA
8107,1652,1655,Westminster,Middlesex,Middlesex,NA,NA,NA
8309,1654,1656,Little Brickhill,Buckinghamshire,Buckinghamshire,Little Brickhill,NA,26497
8345,1648,1654,London,London,Middlesex,NA,NA,NA
8468,1651,1655,Staines,Middlesex,Middlesex,Staines,NA,41965
8717,1653,1655,Ruskington,Lincolnshire,Lincolnshire,Ruskington,NA,38902
8756,1653,1656,Kenton,Hertfordshire,Hertfordshire,NA,NA,NA
8953,1651,1655,Guildford,Surrey,Surrey,Guildford,NA,19326
9041,1652,1655,St Stephen Coleman Street,London,Middlesex,St Stephen Coleman Street,ID_30102,NA
9214,1654,1655,London,London,Middlesex,NA,NA,NA
9225,1654,1656,Newbald,Yorkshire,Yorkshire,Newbald,NA,61557
9239,1653,1656,Middleton,Yorkshire,Yorkshire,NA,NA,NA
9459,1652,1656,Newark,Nottinghamshire,Nottinghamshire,Newark,NA,61556
9588,1650,1654,NA,Middlesex,Middlesex,NA,NA,NA
9659,1654,1655,Limehouse,Middlesex,Middlesex,St Anne Limehouse,ID_30176,NA
9792,1652,1654,Stockton,Herefordshire,Herefordshire,Stockton,NA,42481
10076,1650,1655,Bersham,Denbighshire,Denbighshire,Bersham,NA,3406
10087,1653,1656,Henley upon Thames,Oxfordshire,Oxfordshire,Henley on Thames,NA,21225
10187,1652,1656,London,London,Middlesex,NA,NA,NA
10288,1651,1655,NA,Warwickshire,Warwickshire,NA,NA,NA
10318,1650,1656,Srivenham,Berkshire,Berkshire,NA,NA,NA
10319,1650,1656,Shernham,Berkshire,Berkshire,NA,NA,NA
10396,1652,1656,Gravesend,Kent,Kent,Gravesend,NA,18502
10400,1652,1656,Chalfont St Giles,Buckinghamshire,Buckinghamshire,Chalfont St Giles,NA,8616
10405,1653,1656,Point,Worcestershire,Worcestershire,NA,NA,NA
10448,1653,1655,London,London,Middlesex,NA,NA,NA
10528,1654,1655,St Martin le Grand,London,Middlesex,NA,NA,NA
10536,1649,1656,London,London,Middlesex,NA,NA,NA
10726,1654,1655,London,London,Middlesex,NA,NA,NA
10753,1649,1656,Hoxton,Middlesex,Middlesex,St Leonard Shoreditch,ID_30170,NA
11059,1652,1656,Hitchin,Hertfordshire,Hertfordshire,Hitchin,NA,22136
11270,1653,1655,London,London,Middlesex,NA,NA,NA
11309,1653,1656,Plumpton,Northamptonshire,Northamptonshire,Plumpton,NA,36136
11376,1650,1656,London,London,Middlesex,NA,NA,NA
11484,1651,1655,Billinghay,Lincolnshire,Lincolnshire,Billinghay,NA,3652
11498,1654,1656,London,London,Middlesex,NA,NA,NA
11558,1649,1655,Christchurch,Hampshire,Hampshire,Christchurch,NA,9291
11563,1649,1655,Oxford,Oxfordshire,Oxfordshire,Oxford,NA,34379
11629,1652,1655,Northampton,Northamptonshire,Northamptonshire,Northampton,NA,33285
11997,1651,1656,Buckingham,Buckinghamshire,Buckinghamshire,Buckingham,NA,6650
12023,1654,1655,Ashton Keynes,Wiltshire,Wiltshire,Ashton Keynes,NA,1447
12077,1653,1656,London,London,Middlesex,NA,NA,NA
12194,1651,1655,Barwell,Leicestershire,Leicestershire,Barwell,NA,2682
12268,1654,1655,St Mary Magdalen,Surrey,Surrey,St Mary Magdalen Bermondsey,ID_30004,NA
12354,1651,1655,London,London,Middlesex,NA,NA,NA
12620,1651,1654,Burton,Gloucestershire,Gloucestershire,NA,NA,NA
12676,1654,1655,London,London,Middlesex,NA,NA,NA
12908,1653,1656,Ballingham,Herefordshire,Herefordshire,Ballingham,NA,2113
13009,1650,1655,Great Horwood,Buckinghamshire,Buckinghamshire,Great Horwood,NA,18650
13038,1655,1656,Stokenchurch,Oxfordshire,Oxfordshire,Stokenchurch,NA,42608
13102,1655,1655,Westminster,Middlesex,Middlesex,NA,NA,NA
13271,1653,1655,Benson,Oxfordshire,Oxfordshire,Benson,NA,3291
13779,1654,1656,London,London,Middlesex,NA,NA,NA
13824,1650,1655,Poplar,Middlesex,Middlesex,Poplar,ID_30173,NA
13839,1655,1655,Southwark,Surrey,Surrey,NA,NA,NA
13925,1650,1655,Chigwell,Essex,Essex,Chigwell,NA,9118
13965,1654,1656,London,London,Middlesex,NA,NA,NA
14138,1652,1655,Whitecross Street,Middlesex,Middlesex,NA,NA,NA
14,1655,1656,North Kilworth,Leicestershire,Leicestershire,North Kilworth,NA,33145
21,1652,1656,London,London,Middlesex,NA,NA,NA
982,1653,1656,Rickmansworth,Hertfordshire,Hertfordshire,Rickmansworth,NA,38045
1053,1654,1656,Ampleforth,Yorkshire,Yorkshire,Ampleforth,NA,873
1443,1655,1656,London,London,Middlesex,NA,NA,NA
1513,1650,1656,London,London,Middlesex,NA,NA,NA
2202,1651,1656,Dartford,Kent,Kent,Dartford,NA,12673
2524,1655,1656,Dunstable,Bedfordshire,Bedfordshire,Dunstable,NA,13925
2600,1654,1656,Felsted,Essex,Essex,Felsted,NA,15998
2867,1653,1656,Spelsbury,Oxfordshire,Oxfordshire,Spelsbury,NA,41495
3007,1650,1656,Hoddesdon,Hertfordshire,Hertfordshire,Hoddesdon,NA,22185
3206,1654,1656,Clement's Inn,Middlesex,Middlesex,NA,NA,NA
3376,1654,1655,Aldenham,Hertfordshire,Hertfordshire,Aldenham,NA,537
3416,1651,1656,London,London,Middlesex,NA,NA,NA
3436,1650,1656,Chatham,Kent,Kent,Chatham,NA,8875
3507,1654,1656,Glinn,Shropshire,Shropshire,NA,NA,NA
3573,1655,1656,Padbury,Buckinghamshire,Buckinghamshire,Padbury,NA,34422
3708,1651,1655,Sheldon,Warwickshire,Warwickshire,Sheldon,NA,39991
3912,1651,1656,Shoreditch,Middlesex,Middlesex,St Leonard Shoreditch,ID_30170,NA
4049,1651,1656,London,London,Middlesex,NA,NA,NA
4094,1654,1656,Henley,Oxfordshire,Oxfordshire,Henley on Thames,NA,21225
5021,1654,1656,Canterbury,Kent,Kent,Canterbury,NA,7771
5096,1650,1656,Hornsey,Middlesex,Middlesex,Hornsey,NA,22792
5161,1652,1656,Llanelidan,Denbighshire,Denbighshire,Llanelidan,NA,27192
5238,NA,1656,Warminster,Wiltshire,Wiltshire,Warminster,NA,47825
5422,1651,1656,Welshpool,Monmouthshire,Monmouthshire,NA,NA,NA
5539,1652,1656,Lee,Buckinghamshire,Buckinghamshire,NA,NA,NA
5661,1652,1655,Padiham,Lancashire,Lancashire,Padiham,NA,34438
5772,1652,1656,Canterbury,Kent,Kent,Canterbury,NA,7771
5946,1649,1656,London,London,Middlesex,NA,NA,NA
6076,1655,1656,London,London,Middlesex,NA,NA,NA
6288,1651,1656,York,Yorkshire,Yorkshire,York,NA,51511
6637,1653,1656,Aylesbury,Buckinghamshire,Buckinghamshire,Aylesbury,NA,1773
6952,1651,1655,London,London,Middlesex,NA,NA,NA
7023,1650,1656,London,London,Middlesex,NA,NA,NA
7749,1652,1655,London,London,Middlesex,NA,NA,NA
8071,1648,1655,Northampton,Northamptonshire,Northamptonshire,Northampton,NA,33285
8073,1653,1655,Ealing,Middlesex,Middlesex,Ealing,NA,14083
8275,1653,1656,London,London,Middlesex,NA,NA,NA
8321,1649,1656,Hillingdon,Middlesex,Middlesex,Hillingdon,NA,21996
8356,1651,1654,London,London,Middlesex,NA,NA,NA
9073,1648,1655,Newport Pond,Essex,Essex,NA,NA,NA
9389,1654,1655,Hitchin,Hertfordshire,Hertfordshire,Hitchin,NA,22136
9482,1651,1656,Overbury,Worcestershire,Worcestershire,Overbury,NA,34284
9734,1654,1656,London,London,Middlesex,NA,NA,NA
9905,1652,1656,Garston,Lancashire,Lancashire,Garston,NA,17411
9993,1655,1656,Broughton,Nottinghamshire,Nottinghamshire,NA,NA,NA
10013,1651,1656,London,London,Middlesex,NA,NA,NA
10149,1654,1656,Wellington,Shropshire,Shropshire,Wellington,NA,48273
10230,1651,1656,Cambridge,Cambridgeshire,Cambridgeshire,Cambridge,NA,7642
10450,1651,1656,Drayton,Nottinghamshire,Nottinghamshire,NA,NA,NA
10569,1651,1656,Ashton,Wiltshire,Wiltshire,NA,NA,NA
10635,1649,1656,Rochester,Kent,Kent,Rochester,NA,38282
10672,1652,1656,London,London,Middlesex,NA,NA,NA
10921,1649,1656,Preesall,Lancashire,Lancashire,Preesall,NA,36777
11028,1652,1656,London,London,Middlesex,NA,NA,NA
11148,1649,1656,Ravelly,Suffolk,Suffolk,NA,NA,NA
11950,1651,1656,Deddington,Oxfordshire,Oxfordshire,Deddington,NA,12809
12320,1654,1655,Monmouth,Monmouthshire,Monmouthshire,Monmouth,NA,30940
12413,1649,1656,St Saviour Southwark,Surrey,Surrey,St Saviour Southwark,ID_30001,NA
12694,1652,1655,Chenies,Buckinghamshire,Buckinghamshire,Chenies,NA,8986
12913,1651,1656,Whipsnade,Bedfordshire,Bedfordshire,Whipsnade,NA,49356
13312,1650,1656,Crick,Northamptonshire,Northamptonshire,Crick,NA,11556
13330,1650,1655,London,London,Middlesex,NA,NA,NA
14105,1654,1656,Dalton,Lancashire,Lancashire,Dalton,NA,12546
14131,1654,1656,Stratford Bow,Middlesex,Middlesex,Stratford Bow,NA,NA
1863,1656,1661,Brentwood,Essex,Essex,Brentwood,NA,5532
3868,1651,1653,Colliton,Devon,Devon,Colliton,NA,10414
6710,1652,1657,St Giles Cripplegate,London,Middlesex,St Giles Cripplegate,ID_30100,NA
8593,1653,1660,London,London,Middlesex,NA,NA,NA
46,1655,1656,Rumford,Essex,Essex,NA,NA,NA
328,1652,1657,Highworth,Wiltshire,Wiltshire,Highworth,NA,21841
373,1652,1657,St Botolph Aldgate,London,Middlesex,St Botolph Aldgate,ID_30153,NA
1239,1653,1657,Pelton,Somerset,Somerset,NA,NA,NA
1403,1654,1657,St Martin,Middlesex,Middlesex,St Martin in the Fields,ID_30034,NA
1586,1654,1656,Rickmansworth,Hertfordshire,Hertfordshire,Rickmansworth,NA,38045
1782,1654,1657,Bradwell,Buckinghamshire,Buckinghamshire,Bradwell,NA,5206
2024,1652,1657,London,London,Middlesex,NA,NA,NA
2066,1648,1656,Portsmouth,Hampshire,Hampshire,Portsmouth,NA,36626
2293,1654,1657,Chesham,Buckinghamshire,Buckinghamshire,Chesham,NA,9025
3710,1654,1656,St Sepulchre,London,Middlesex,St Sepulchre,ID_30058,NA
3873,1655,1656,Rumford,Essex,Essex,NA,NA,NA
4470,1656,1656,Battell,Sussex,Sussex,NA,NA,NA
5881,1654,1656,London,London,Middlesex,NA,NA,NA
6135,1650,1656,London,London,Middlesex,NA,NA,NA
6884,1651,1657,St Margaret,Hertfordshire,Hertfordshire,NA,NA,NA
6957,1649,1657,Pointmore,Cheshire,Cheshire,NA,NA,NA
7030,1655,1656,St Giles in the Fields,London,Middlesex,St Giles in the Fields,ID_30018,NA
7076,1654,1656,Wandsworth,Surrey,Surrey,Wandsworth,NA,47714
7345,1650,1657,London,London,Middlesex,NA,NA,NA
7360,1655,1656,Tottenham High Cross,Middlesex,Middlesex,Tottenham,NA,45333
7567,1653,1656,London,London,Middlesex,NA,NA,NA
7608,1655,1657,Oxford,Oxfordshire,Oxfordshire,Oxford,NA,34379
9454,1654,1657,Amesom,Buckinghamshire,Buckinghamshire,NA,NA,NA
9458,1656,1657,Cranton,Lancashire,Lancashire,NA,NA,NA
9460,1655,1657,Prescot,Lancashire,Lancashire,Prescot,NA,36789
10085,1655,1657,London,London,Middlesex,NA,NA,NA
10637,1652,1656,Drayton,Berkshire,Berkshire,Drayton,NA,13541
10788,1655,1657,St Mary Newington,Surrey,Surrey,Newington,ID_30005,NA
10903,1653,1656,Nantwich,Cheshire,Cheshire,Nantwich,NA,31740
11022,1654,1657,Colchester,Essex,Essex,Colchester,NA,10252
11343,1652,1656,Suddington,Gloucestershire,Gloucestershire,NA,NA,NA
11681,1653,1657,NA,Warwickshire,Warwickshire,NA,NA,NA
12262,1651,1657,London,London,Middlesex,NA,NA,NA
12750,1654,1657,Walthamstow,Essex,Essex,Walthamstow,NA,47645
12845,1652,1656,Hose,Leicestershire,Leicestershire,Hose,NA,22904
12899,1656,1657,Wolsingham,County Durham,County Durham,Wolsingham,NA,50395
13231,1655,1657,Goddington,Nottinghamshire,Nottinghamshire,NA,NA,NA
13924,1656,1657,NA,Surrey,Surrey,NA,NA,NA
14224,1654,1656,Woodford,Wiltshire,Wiltshire,Woodford,NA,65324
397,1653,1657,London,London,Middlesex,NA,NA,NA
927,1655,1657,Micklefield,Yorkshire,Yorkshire,Micklefield,NA,30171
978,1656,1658,London,London,Middlesex,NA,NA,NA
1026,1656,1657,Ramsden,Essex,Essex,NA,NA,NA
2162,1650,1657,Retford,Nottinghamshire,Nottinghamshire,Retford,NA,37731
2212,1653,1657,Beststile,Middlesex,Middlesex,NA,NA,NA
2285,1651,1657,St Giles Cripplegate,London,Middlesex,St Giles Cripplegate,ID_30100,NA
2508,1653,1657,Staplehurst,Kent,Kent,Staplehurst,NA,42205
2621,1650,1657,Bicester,Oxfordshire,Oxfordshire,Bicester,NA,3532
2953,1655,1657,Somerton,Somerset,Somerset,Somerton,NA,40999
3406,1655,1657,London,London,Middlesex,NA,NA,NA
3543,1653,1657,Limehouse,Middlesex,Middlesex,St Anne Limehouse,ID_30176,NA
4158,1656,1657,Worcester,Worcestershire,Worcestershire,Worcester,NA,50943
4872,1654,1657,Edmonton,Middlesex,Middlesex,Edmonton,NA,14841
5303,1652,1657,Crowell,Oxfordshire,Oxfordshire,Crowell,NA,11926
5495,1654,1658,Hereford,Herefordshire,Herefordshire,Hereford,NA,21293
5631,1654,1657,Sunninhay,Oxfordshire,Oxfordshire,NA,NA,NA
5955,1653,1657,London,London,Middlesex,NA,NA,NA
6186,1654,1657,London,London,Middlesex,NA,NA,NA
6911,1654,1657,Shadwell,Middlesex,Middlesex,St Paul Shadwell,ID_30184,NA
7242,1655,1657,London,London,Middlesex,NA,NA,NA
7618,1649,1655,Covent Garden,Middlesex,Middlesex,St Paul Covent Garden,ID_30031,NA
7739,1652,1657,Newark,Nottinghamshire,Nottinghamshire,Newark,NA,61556
8113,1651,1657,London,London,Middlesex,NA,NA,NA
8230,1655,1657,London,London,Middlesex,NA,NA,NA
8818,1655,1657,Bledington,Gloucestershire,Gloucestershire,Bledington,NA,4300
8868,1653,1657,Henley upon Thames,Oxfordshire,Oxfordshire,Henley on Thames,NA,21225
8903,1656,1658,Cocking,Sussex,Sussex,Cocking,NA,10134
8992,1656,1657,London,London,Middlesex,NA,NA,NA
9652,1657,1657,Swavesey,Cambridgeshire,Cambridgeshire,Swavesey,NA,43505
9907,1653,1657,Barkly,Gloucestershire,Gloucestershire,NA,NA,NA
10315,1652,1657,Tewin,Hertfordshire,Hertfordshire,Tewin,NA,44066
10738,1654,1658,Hackney,Middlesex,Middlesex,Hackney,NA,19524
10905,1654,1657,Cheshunt,Hertfordshire,Hertfordshire,Cheshunt,NA,9027
10918,1653,1657,St Leonard Shoreditch,Middlesex,Middlesex,St Leonard Shoreditch,ID_30170,NA
11110,1652,1657,St Andrew Holborn,London,Middlesex,St Andrew Holborn,ID_127848,NA
11691,1655,1657,Norlish,Gloucestershire,Gloucestershire,NA,NA,NA
11919,1654,1657,Tooting,Surrey,Surrey,Tooting,NA,45205
11942,1656,1657,London,London,Middlesex,NA,NA,NA
12096,1655,1657,Aston,Lancashire,Lancashire,NA,NA,NA
12393,1652,1657,Stanton,Huntingdonshire,Huntingdonshire,NA,NA,NA
13039,1655,1657,Maldon,Essex,Essex,Maldon,NA,29199
13077,1649,1656,Garsington,Oxfordshire,Oxfordshire,Garsington,NA,17409
13367,1655,1657,Draycott,Wiltshire,Wiltshire,NA,NA,NA
794,1657,1658,Isle of Wight,Isle of Wight,Hampshire,NA,NA,NA
1655,1653,1657,Loid,Herefordshire,Herefordshire,NA,NA,NA
1890,1652,1658,Edmonton,Middlesex,Middlesex,Edmonton,NA,14841
2337,1654,1657,London,London,Middlesex,NA,NA,NA
3001,1652,1658,London,London,Middlesex,NA,NA,NA
4178,1656,1657,Duke's Place,London,Middlesex,St James Duke Street,ID_30155,NA
4317,1652,1657,Bosworth,Leicestershire,Leicestershire,NA,NA,NA
4570,1652,1657,Wigan,Lancashire,Lancashire,Wigan,NA,49798
4631,1654,1657,Higham Ferrers,Northamptonshire,Northamptonshire,Higham Ferrers,NA,21640
5062,1650,1657,Reigate,Surrey,Surrey,Reigate,NA,37688
6146,1654,1657,Hotsfield,Yorkshire,Yorkshire,NA,NA,NA
6357,1655,1658,Whitechapel,Middlesex,Middlesex,St Mary Whitechapel,ID_127867,NA
6860,1653,1658,London,London,Middlesex,NA,NA,NA
8049,1655,1657,"King Street, Wapping",Middlesex,Middlesex,St John Wapping,ID_30182,NA
9671,1653,1658,West Sheen,Surrey,Surrey,NA,NA,NA
9924,1654,1657,"King Street, Wapping",Middlesex,Middlesex,St John Wapping,ID_30182,NA
10541,1654,1658,Lubenham,Leicestershire,Leicestershire,Lubenham,NA,28747
10605,1653,1658,Ashton Keynes,Wiltshire,Wiltshire,Ashton Keynes,NA,1447
11467,1655,1657,Hackney,Middlesex,Middlesex,Hackney,NA,19524
11930,1654,1658,Luton,Bedfordshire,Bedfordshire,Luton,NA,28865
12961,1653,1657,Plymouth,Devon,Devon,Plymouth,NA,36158
14071,1655,1657,London,London,Middlesex,NA,NA,NA
14205,1656,1658,Rousham,Oxfordshire,Oxfordshire,Rousham,NA,38651
134,1651,1657,Winchester,Hampshire,Hampshire,Winchester,NA,50050
341,1656,1658,Nether Shitlington,Yorkshire,Yorkshire,NA,NA,NA
515,1652,1658,Alfriston,Sussex,Sussex,Alfriston,NA,617
598,1658,1658,Abbot's Langley,Hertfordshire,Hertfordshire,NA,NA,NA
787,1650,1657,New Windsor,Berkshire,Berkshire,NA,NA,NA
1597,1653,1657,London,London,Middlesex,NA,NA,NA
1876,1655,1658,Shoreditch,Middlesex,Middlesex,St Leonard Shoreditch,ID_30170,NA
1877,1655,1658,Upper Toynton,Lincolnshire,Lincolnshire,NA,NA,NA
2489,1654,1657,St Andrew Holborn,Middlesex,Middlesex,St Andrew Holborn,ID_127848,NA
2709,1650,1658,Norwich,Norfolk,Norfolk,Norwich,NA,33455
3568,1652,1657,Great Missenden,Buckinghamshire,Buckinghamshire,Great Missenden,NA,18679
4546,1655,1657,Bangor,Flintshire,Flintshire,NA,NA,NA
5188,1653,1657,London,London,Middlesex,NA,NA,NA
5915,1655,1658,London,London,Middlesex,NA,NA,NA
6033,1653,1657,London,London,Middlesex,NA,NA,NA
6114,1653,1657,Wymondham,Leicestershire,Leicestershire,Wymondham,NA,51206
6523,1651,1657,Oxford,Oxfordshire,Oxfordshire,Oxford,NA,34379
6530,1654,1657,Oxford,Oxfordshire,Oxfordshire,Oxford,NA,34379
7834,1656,1658,Leicester,Leicestershire,Leicestershire,Leicester,NA,25957
8959,1655,1657,Hampstead,Middlesex,Middlesex,Hampstead,NA,19944
9452,1655,1658,Bridgeford,Nottinghamshire,Nottinghamshire,NA,NA,NA
9488,1656,1657,Hammersmith,Middlesex,Middlesex,Hammersmith,NA,19917
9711,1655,1658,Barrow upon Soar,Leicestershire,Leicestershire,Barrow upon Soar,NA,2579
9745,1655,1657,Brede,Sussex,Sussex,Brede,NA,5485
9840,1654,1658,Nether Winchington,Buckinghamshire,Buckinghamshire,NA,NA,NA
9841,1655,1657,Abington,Cambridgeshire,Cambridgeshire,NA,NA,NA
10249,1653,1658,Chingford,Norfolk,Norfolk,NA,NA,NA
10647,1655,1657,Closworth,Somerset,Somerset,Closworth,NA,9935
10919,1657,1658,Westminster,Middlesex,Middlesex,NA,NA,NA
10948,1657,1658,Petworth,Sussex,Sussex,Petworth,NA,35755
10955,1655,1658,Southwark,Surrey,Surrey,NA,NA,NA
11478,1655,1658,London,London,Middlesex,NA,NA,NA
11779,1653,1657,Teffont,Wiltshire,Wiltshire,Teffont,NA,63981
12001,1657,1658,London,London,Middlesex,NA,NA,NA
12343,1657,1657,London,London,Middlesex,NA,NA,NA
12641,1657,1658,Barnstaple,Devon,Devon,Barnstaple,NA,2516
13060,1654,1657,Beckenfield,Buckinghamshire,Buckinghamshire,NA,NA,NA
13095,1650,1657,Maidstone,Kent,Kent,Maidstone,NA,29156
13230,1650,1657,Braintree,Essex,Essex,Braintree,NA,5267
13260,1653,1657,London,London,Middlesex,NA,NA,NA
13714,1655,1657,Reading,Berkshire,Berkshire,Reading,NA,37532
14099,1656,1658,Pershore,Worcestershire,Worcestershire,Pershore,NA,35699
138,1652,1657,Shoream,Sussex,Sussex,NA,NA,NA
347,1651,1658,Colchester,Essex,Essex,Colchester,NA,10252
561,1653,1657,Leicester,Leicestershire,Leicestershire,Leicester,NA,25957
943,1656,1657,Bridewell Precinct,London,Middlesex,Precinct of Bridewell,ID_30050,NA
1051,1655,1657,Onlip,Leicestershire,Leicestershire,NA,NA,NA
1306,1653,1657,Woodcroft,County Durham,County Durham,NA,NA,NA
1401,1652,1657,Reading,Berkshire,Berkshire,Reading,NA,37532
1499,1656,1658,Stanstead,Hertfordshire,Hertfordshire,NA,NA,NA
2063,1655,1657,Vale of Belvoir,Leicestershire,Leicestershire,NA,NA,NA
2569,1652,1657,Plumtree,Devon,Devon,NA,NA,NA
2728,1657,1657,Martham,Buckinghamshire,Buckinghamshire,NA,NA,NA
2758,1651,1657,Hockstall,Shropshire,Shropshire,NA,NA,NA
3081,1655,1657,Stepney,Middlesex,Middlesex,St Dunstan Stepney,ID_30169,NA
3509,1651,1656,London,London,Middlesex,NA,NA,NA
3720,1654,1657,London,London,Middlesex,NA,NA,NA
3765,1656,1658,London,London,Middlesex,NA,NA,NA
3807,1650,1657,London,London,Middlesex,NA,NA,NA
4025,1655,1657,Eagles Eagle,Denbighshire,Denbighshire,NA,NA,NA
4293,1652,1657,London,London,Middlesex,NA,NA,NA
4424,1657,1659,St Dunstan in the West,London,Middlesex,St Dunstan in the West,ID_127855,NA
4441,1651,1657,London,London,Middlesex,NA,NA,NA
4694,1654,1656,London,London,Middlesex,NA,NA,NA
4703,1654,1657,Southampton,Hampshire,Hampshire,Southampton,NA,41322
5037,1656,1657,Bury St Edmunds,Suffolk,Suffolk,Bury St Edmunds,NA,7176
5339,1655,1657,London,London,Middlesex,NA,NA,NA
5735,1655,1658,"Huthwhaite, Horleton",Yorkshire,Yorkshire,NA,NA,NA
6245,1653,1657,London,London,Middlesex,NA,NA,NA
7028,1656,1657,Shadson,Warwickshire,Warwickshire,NA,NA,NA
7077,1655,1657,London,London,Middlesex,NA,NA,NA
7504,1650,1658,London,London,Middlesex,NA,NA,NA
7600,NA,1657,Chesterfield,Derbyshire,Derbyshire,Chesterfield,NA,9041
7917,1650,1657,Short Grave,Bedfordshire,Bedfordshire,NA,NA,NA
8184,1654,1657,Limehouse,Middlesex,Middlesex,St Anne Limehouse,ID_30176,NA
8310,1654,1657,Bibrey,Gloucestershire,Gloucestershire,NA,NA,NA
8381,1653,1657,Chesterton,Cambridgeshire,Cambridgeshire,Chesterton,NA,9055
9328,1655,1657,Breedon,Leicestershire,Leicestershire,NA,NA,NA
9521,1654,1657,St Mary Magdalen,Surrey,Surrey,St Mary Magdalen Bermondsey,ID_30004,NA
9673,1654,1657,Dartmouth,Devon,Devon,Dartmouth,NA,12676
9684,1656,1657,Langevella,Glamorgan,Glamorgan,NA,NA,NA
10410,1649,1656,Dover,Kent,Kent,Dover,NA,13407
10938,1653,1658,NA,Lincolnshire,Lincolnshire,NA,NA,NA
11052,1649,1656,Hitchin,Hertfordshire,Hertfordshire,Hitchin,NA,22136
11193,1652,1657,Nottingham,Nottinghamshire,Nottinghamshire,Nottingham,NA,33480
11295,NA,1657,London,London,Middlesex,NA,NA,NA
11489,1652,1657,London,London,Middlesex,NA,NA,NA
11630,1652,1657,Waltam,Leicestershire,Leicestershire,NA,NA,NA
11695,1656,1657,Swallowfield,Buckinghamshire,Buckinghamshire,NA,NA,NA
11940,1656,1656,London,London,Middlesex,NA,NA,NA
11951,1655,1658,London,London,Middlesex,NA,NA,NA
12157,1656,1657,Brentwood,Essex,Essex,Brentwood,NA,5532
13841,1654,1657,Rodton,Wiltshire,Wiltshire,NA,NA,NA
111,1656,1659,Tunbridge,Kent,Kent,NA,NA,NA
169,1656,1659,Moulton,Northamptonshire,Northamptonshire,Moulton,NA,31335
271,1652,1659,Crowhurst,Surrey,Surrey,Crowhurst,NA,11935
499,1658,1659,Painswicke,Gloucestershire,Gloucestershire,NA,NA,NA
532,1655,1658,Hemingford Abbots,Huntingdonshire,Huntingdonshire,Hemingford Abbots,NA,21114
620,1657,1659,Ditton,Yorkshire,Yorkshire,NA,NA,NA
1404,1652,1659,NA,Essex,Essex,NA,NA,NA
2116,1657,1659,Great Horwood,Buckinghamshire,Buckinghamshire,Great Horwood,NA,18650
2248,1657,1659,Clidgsdon,Hampshire,Hampshire,NA,NA,NA
2286,1653,1658,Reading,Berkshire,Berkshire,Reading,NA,37532
2469,1651,1658,London,London,Middlesex,NA,NA,NA
3370,1655,1659,St Neots,Huntingdonshire,Huntingdonshire,St Neots,NA,41886
3423,1656,1659,Tixover,Rutland,Rutland,Tixover,NA,45058
3527,1654,1659,Ellesmere,Shropshire,Shropshire,Ellesmere,NA,15034
3923,1654,1659,Layer Breton,Essex,Essex,Layer Breton,NA,25757
4111,1659,1659,Woolwich,Kent,Kent,Woolwich,NA,50897
4176,1655,1659,Birchhall,Essex,Essex,NA,NA,NA
4838,1654,1658,Kendal,Westmorland,Westmorland,Kendal,NA,24037
4942,1651,1659,"Horsleydown, Southwark",Surrey,Surrey,St John Horselydown,ID_30003,NA
5024,1653,1659,Blandford,Dorset,Dorset,NA,NA,NA
5120,1655,1659,London,London,Middlesex,NA,NA,NA
5267,1656,1659,Langley Hall,Leicestershire,Leicestershire,NA,NA,NA
5453,1654,1659,Plumstead,Kent,Kent,Plumstead,NA,36144
5552,1656,1658,Braunton,Leicestershire,Leicestershire,NA,NA,NA
5679,1656,1658,Wolverhampton,Staffordshire,Staffordshire,Wolverhampton,NA,50404
6731,1652,1658,Windrush,Gloucestershire,Gloucestershire,Windrush,NA,50084
6749,1656,1659,Westminster,Middlesex,Middlesex,NA,NA,NA
6794,1658,1659,Bristol,Gloucestershire,Gloucestershire,Bristol,NA,288655
7305,1656,1659,St Minver,Cornwall,Cornwall,St Minver,NA,41883
7560,1652,1658,St Botolph Aldgate,London,Middlesex,St Botolph Aldgate,ID_30153,NA
8396,1652,1658,Evesham,Worcestershire,Worcestershire,Evesham,NA,15549
8792,1654,1659,Chedsey,Staffordshire,Staffordshire,NA,NA,NA
9813,1655,1659,London,London,Middlesex,NA,NA,NA
10195,1654,1659,Denby,Derbyshire,Derbyshire,Denby,NA,12884
10668,1651,1659,London,London,Middlesex,NA,NA,NA
11107,1654,1659,Aldgate,London,Middlesex,St Botolph Aldgate,ID_30153,NA
11250,1655,1659,London,London,Middlesex,NA,NA,NA
11356,1657,1659,St Andrew Holborn,Middlesex,Middlesex,St Andrew Holborn,ID_127848,NA
11694,1656,1658,Whitley,Berkshire,Berkshire,Whitley,NA,49608
11702,1652,1658,Guildford,Surrey,Surrey,Guildford,NA,19326
11713,1655,1659,Lepwick,Devon,Devon,NA,NA,NA
11838,1654,1659,Foy,Cornwall,Cornwall,NA,NA,NA
11901,1656,1659,Cheddington,Buckinghamshire,Buckinghamshire,Cheddington,NA,8921
12776,1655,1659,London,London,Middlesex,NA,NA,NA
12866,1657,1659,London,London,Middlesex,NA,NA,NA
13062,1654,1659,London,London,Middlesex,NA,NA,NA
13185,1653,1658,Galby,Leicestershire,Leicestershire,NA,NA,NA
13241,1654,1659,Langarren,Herefordshire,Herefordshire,NA,NA,NA
13343,1655,1659,Rotherhithe,Surrey,Surrey,St Mary Rotherhithe,ID_30008,NA
13518,1653,1658,London,London,Middlesex,NA,NA,NA
13630,1656,1659,Cromish,Oxfordshire,Oxfordshire,NA,NA,NA
13875,1654,1659,Greenhow Bottom,Yorkshire,Yorkshire,NA,NA,NA
135,1657,1658,London,London,Middlesex,NA,NA,NA
250,1654,1659,Lathbury,Buckinghamshire,Buckinghamshire,Lathbury,NA,25661
392,1657,1659,Stepney,Middlesex,Middlesex,St Dunstan Stepney,ID_30169,NA
830,1657,1659,Southampton,Hampshire,Hampshire,Southampton,NA,41322
990,1655,1659,West Witlam,Yorkshire,Yorkshire,NA,NA,NA
1005,1653,1659,Worcester,Worcestershire,Worcestershire,Worcester,NA,50943
1059,1653,1658,St Mary Magdalen Old Fish Street,London,Middlesex,St Mary Magdalen Old Fish Street,ID_30190,NA
1195,1656,1658,Goosnargh,Lancashire,Lancashire,Goosnargh,NA,18217
1693,1655,1659,Little Bricett,Suffolk,Suffolk,NA,NA,NA
1694,1655,1659,Little Bricett,Suffolk,Suffolk,NA,NA,NA
1774,1654,1658,Cranford,Northamptonshire,Northamptonshire,Cranford,NA,57543
2197,1652,1658,Thorne,Yorkshire,Yorkshire,Thorne,NA,44530
2216,1653,1659,London,London,Middlesex,NA,NA,NA
2262,1655,1659,London,London,Middlesex,NA,NA,NA
2447,1656,1658,Burstall,Suffolk,Suffolk,Burstall,NA,7091
2537,1656,1659,Quy,Cambridgeshire,Cambridgeshire,NA,NA,NA
2711,1655,1659,London,London,Middlesex,NA,NA,NA
2862,1653,1658,London,London,Middlesex,NA,NA,NA
2939,1657,1658,Demplegayting,Gloucestershire,Gloucestershire,NA,NA,NA
3676,1652,1658,St Leonard Shoreditch,Middlesex,Middlesex,St Leonard Shoreditch,ID_30170,NA
3938,1652,1659,Laundon,Buckinghamshire,Buckinghamshire,NA,NA,NA
3959,1655,1659,Aylesbury,Buckinghamshire,Buckinghamshire,Aylesbury,NA,1773
4088,1658,1658,Hampton,Warwickshire,Warwickshire,NA,NA,NA
4100,1658,1658,St Andrew Holborn,Middlesex,Middlesex,St Andrew Holborn,ID_127848,NA
4161,1656,1659,St Saviour Southwark,Surrey,Surrey,St Saviour Southwark,ID_30001,NA
4218,1652,1655,Great Neston,Cheshire,Cheshire,NA,NA,NA
4331,1652,1659,Edmonton,Middlesex,Middlesex,Edmonton,NA,14841
4339,1654,1659,Henley,Oxfordshire,Oxfordshire,Henley on Thames,NA,21225
4507,1658,1659,East Smithfield,London,Middlesex,St Botolph Aldgate,ID_30153,NA
4548,1654,1658,London,London,Middlesex,NA,NA,NA
4569,1653,1659,York,Yorkshire,Yorkshire,York,NA,51511
4933,1651,1658,London,London,Middlesex,NA,NA,NA
4939,1650,1658,Tring,Hertfordshire,Hertfordshire,Tring,NA,46174
5351,1652,1659,"Afflington, Isle of Purbeck",Dorset,Dorset,NA,NA,NA
5505,1655,1659,London,London,Middlesex,NA,NA,NA
5799,1657,1658,Weston,Hertfordshire,Hertfordshire,Weston,NA,49083
6209,1652,1658,Bushey,Hertfordshire,Hertfordshire,Bushey,NA,7206
6663,1656,1658,Stirton,Lancashire,Lancashire,NA,NA,NA
6726,1653,1659,Stepney,Middlesex,Middlesex,St Dunstan Stepney,ID_30169,NA
7063,1656,1659,Colchester,Essex,Essex,Colchester,NA,10252
7269,1654,1659,London,London,Middlesex,NA,NA,NA
7279,1652,1659,Uxbridge,Middlesex,Middlesex,Uxbridge,NA,47245
7927,1654,1658,Newcastle upon Tyne,Northumberland,Northumberland,Newcastle upon Tyne,NA,32435
7983,1656,1659,St Leonard Shoreditch,Middlesex,Middlesex,St Leonard Shoreditch,ID_30170,NA
8101,1656,1659,Westminster,Middlesex,Middlesex,NA,NA,NA
8156,1657,1659,Marske,Yorkshire,Yorkshire,Marske,NA,29577
8384,1657,1659,Bentworth,Hampshire,Hampshire,Bentworth,NA,3333
9265,1653,1659,London,London,Middlesex,NA,NA,NA
9350,1656,1659,Yaxley,Huntingdonshire,Huntingdonshire,Yaxley,NA,51391
10138,1656,1659,St Dunstan in the West,Middlesex,Middlesex,St Dunstan in the West,ID_127855,NA
10209,1653,1658,Shilton,Leicestershire,Leicestershire,NA,NA,NA
10395,1653,1658,Stoney Stanton,Leicestershire,Leicestershire,Stoney Stanton,NA,42707
10398,1657,1659,London,London,Middlesex,NA,NA,NA
10432,1657,1659,Edgmond,Shropshire,Shropshire,Edgmond,NA,14807
10681,1656,1658,Stratford Langton,Essex,Essex,NA,NA,NA
11535,1652,1658,London,London,Middlesex,NA,NA,NA
11981,1656,1658,Greenwich,Kent,Kent,Greenwich,NA,19085
12144,1653,1658,Islington,Middlesex,Middlesex,St Mary Islington,ID_30043,NA
12538,1656,1659,London,London,Middlesex,NA,NA,NA
12906,1652,1658,London,London,Middlesex,NA,NA,NA
12965,1654,1659,London,London,Middlesex,NA,NA,NA
12994,1653,1659,Long Buckby,Northamptonshire,Northamptonshire,Long Buckby,NA,27932
13108,1657,1659,Shalford,Surrey,Surrey,Shalford,NA,39843
13227,1651,1658,Brauntry,Essex,Essex,NA,NA,NA
13300,1656,1659,London,London,Middlesex,NA,NA,NA
13805,1657,1659,Westminster,Middlesex,Middlesex,NA,NA,NA
14069,1655,1659,Brough,Lincolnshire,Lincolnshire,NA,NA,NA
96,1655,1659,London,London,Middlesex,NA,NA,NA
266,1658,1660,London,London,Middlesex,NA,NA,NA
310,1654,1658,Newmarket,Cambridgeshire,Cambridgeshire,Newmarket,NA,32544
793,1655,1659,Enford,Wiltshire,Wiltshire,Enford,NA,15364
797,1657,1658,Markham,Nottinghamshire,Nottinghamshire,NA,NA,NA
1193,1657,1658,Rochdale,Lancashire,Lancashire,Rochdale,NA,38278
1251,1656,1659,Isle of Oxney,Kent,Kent,NA,NA,NA
1579,1656,1660,Boddington,Northamptonshire,Northamptonshire,Boddington,NA,56128
1751,1654,1659,Newbury,Berkshire,Berkshire,Newbury,NA,32415
1925,1656,1658,Waltham Abbey,Essex,Essex,Waltham Abbey,NA,47635
2010,1655,1660,Cheshunt,Hertfordshire,Hertfordshire,Cheshunt,NA,9027
2595,1655,1659,London,London,Middlesex,NA,NA,NA
2662,1652,1659,Chesterfield,Derbyshire,Derbyshire,Chesterfield,NA,9041
3313,1653,1659,London,London,Middlesex,NA,NA,NA
3430,1657,1659,Buckland,Surrey,Surrey,Buckland,NA,6658
3464,1656,1658,Glasgwm,Radnorshire,Radnorshire,Glasgwm,NA,17848
3728,1657,1660,Salisbury,Wiltshire,Wiltshire,Salisbury,NA,39066
3966,1652,1659,Shelford,Cambridgeshire,Cambridgeshire,NA,NA,NA
3991,1657,1659,Warwick,Warwickshire,Warwickshire,Warwick,NA,47885
4375,1657,1660,Inning,Berkshire,Berkshire,NA,NA,NA
4731,1654,1659,St Andrew Holborn,Middlesex,Middlesex,St Andrew Holborn,ID_127848,NA
4835,1655,1660,London,London,Middlesex,NA,NA,NA
4882,1652,1658,Merton,Surrey,Surrey,Merton,NA,30119
4958,1653,1659,Saffron Walden,Essex,Essex,Saffron Walden,NA,39008
5036,1657,1658,St Botolph Bishopsgate,London,Middlesex,St Botolph Bishopsgate,ID_127859,NA
5082,1657,1658,Anstey,Leicestershire,Leicestershire,Anstey,NA,967
5258,1656,1660,Hutton Grange,Shropshire,Shropshire,NA,NA,NA
5388,1656,1659,London,London,Middlesex,NA,NA,NA
5577,1651,1658,St Katherine by the Tower,Middlesex,Middlesex,Precinct of St Katherine,ID_30181,NA
5641,1655,1658,Ermington,Devon,Devon,Ermington,NA,15430
5695,1655,1660,Blackwell,Worcestershire,Worcestershire,Blackwell,NA,4127
6008,1654,1658,London,London,Middlesex,NA,NA,NA
6068,1657,1660,Peasemore,Berkshire,Berkshire,Peasemore,NA,34913
6944,1654,1658,London,London,Middlesex,NA,NA,NA
7487,1654,1660,Oswestry,Shropshire,Shropshire,Oswestry,NA,34164
7766,1657,1659,London,London,Middlesex,NA,NA,NA
7821,1657,1659,Kingston upon Thames,Surrey,Surrey,Kingston upon Thames,NA,24629
7877,1655,1659,London,London,Middlesex,NA,NA,NA
7945,1654,1660,Norwich,Norfolk,Norfolk,Norwich,NA,33455
8346,1657,1660,Sulham,Berkshire,Berkshire,Sulham,NA,43214
8423,1656,1658,Deptford,Kent,Kent,Deptford,NA,12973
8660,1653,1659,Truro,Cornwall,Cornwall,Truro,NA,46262
8995,1658,1659,St Botolph Bishopsgate,London,Middlesex,St Botolph Bishopsgate,ID_127859,NA
9701,1656,1659,Hull,Yorkshire,Yorkshire,Hull,NA,24628
10056,1654,1659,Cheltenham,Gloucestershire,Gloucestershire,Cheltenham,NA,8971
10183,1653,1658,Chestock,Shropshire,Shropshire,NA,NA,NA
10339,1656,1659,Pickhill,Denbighshire,Denbighshire,Pickhill,NA,35807
10890,1651,1658,London,London,Middlesex,NA,NA,NA
10896,1657,1659,Wargrave,Berkshire,Berkshire,Wargrave,NA,47796
10922,1655,1660,London,London,Middlesex,NA,NA,NA
11224,1652,1659,London,London,Middlesex,NA,NA,NA
11300,1654,1659,Wardington,Oxfordshire,Oxfordshire,Wardington,NA,47763
11422,1655,1658,Wanstead,Essex,Essex,Wanstead,NA,47724
11490,1657,1659,St Martin in the Fields,Middlesex,Middlesex,St Martin in the Fields,ID_30034,NA
12095,1657,1659,Hornchurch,Essex,Essex,Hornchurch,NA,22759
12323,1654,1659,Coventry,Warwickshire,Warwickshire,Coventry,NA,11138
12403,1655,1660,London,London,Middlesex,NA,NA,NA
12441,1655,1660,Ballamy,Merionethshire,Merionethshire,NA,NA,NA
12569,1656,1659,Martley,Worcestershire,Worcestershire,Martley,NA,29638
12600,1658,1660,Bradford,Norfolk,Norfolk,NA,NA,NA
12607,1654,1658,Croydon,Surrey,Surrey,Croydon,NA,11989
12636,1654,1658,Lenham,Kent,Kent,Lenham,NA,26029
13451,1658,1660,Olney,Buckinghamshire,Buckinghamshire,Olney,NA,33999
13485,1654,1658,Broughton,Leicestershire,Leicestershire,NA,NA,NA
13515,1657,1660,London,London,Middlesex,NA,NA,NA
13606,1655,1659,"St Mary Magdalen, Bermondsey",Surrey,Surrey,St Mary Magdalen Bermondsey,ID_30004,NA
14124,1656,1660,Upton St Laurence,Gloucestershire,Gloucestershire,NA,NA,NA
14149,1658,1659,Horncastle,Lincolnshire,Lincolnshire,Horncastle,NA,22758
14181,1656,1659,London,London,Middlesex,NA,NA,NA
396,1657,1660,London,London,Middlesex,NA,NA,NA
919,1658,1660,Bridge Casterton,Rutland,Rutland,NA,NA,NA
3711,1656,1660,Bilton,Suffolk,Suffolk,NA,NA,NA
4406,1655,1660,Ruislip,Hertfordshire,Hertfordshire,Ruislip,NA,NA
5284,1656,1659,Woodstock,Oxfordshire,Oxfordshire,Woodstock,NA,50788
5869,1656,1659,Newport Pagnell,Buckinghamshire,Buckinghamshire,Newport Pagnell,NA,32580
6506,1658,1660,London,London,Middlesex,NA,NA,NA
6770,1656,1659,London,London,Middlesex,NA,NA,NA
7186,1655,1660,Hay,Breconshire,Breconshire,NA,NA,NA
7486,1654,1660,Oswestry,Shropshire,Shropshire,Oswestry,NA,34164
7731,1658,1660,Ridgley,Staffordshire,Staffordshire,NA,NA,NA
8519,NA,1660,"Borough, Southwark",Surrey,Surrey,NA,NA,NA
9089,1659,1660,Tottenham High Cross,Middlesex,Middlesex,Tottenham,NA,45333
9344,1655,1660,London,London,Middlesex,NA,NA,NA
10471,1654,1659,Otford,Kent,Kent,Otford,NA,34167
10559,1654,1660,All Hallows Wimborne,Dorset,Dorset,NA,NA,NA
10707,1659,1660,St James Clerkenwell,Middlesex,Middlesex,St James Clerkenwell,ID_127865,NA
11243,1655,1660,London,London,Middlesex,NA,NA,NA
11367,1659,1660,St Giles Cripplegate,Middlesex,Middlesex,St Giles Cripplegate,ID_30100,NA
12024,NA,1660,Hemingstone,Suffolk,Suffolk,Hemingstone,NA,21116
12584,1659,1660,London,London,Middlesex,NA,NA,NA
13010,1655,1660,St Sepulchre,Middlesex,Middlesex,St Sepulchre,ID_30058,NA
13423,NA,1660,Water Eaton,Buckinghamshire,Buckinghamshire,Water Eaton,NA,47942
13542,1655,1659,Halstead,Essex,Essex,Halstead,NA,19815
13746,1656,1660,Some,Cambridgeshire,Cambridgeshire,NA,NA,NA
13760,1655,1660,St Botolph Aldgate,London,Middlesex,St Botolph Aldgate,ID_30153,NA
161,1657,1660,Finchley,Middlesex,Middlesex,Finchley,NA,16251
163,1655,1660,Walthamstow,Essex,Essex,Walthamstow,NA,47645
312,1656,1660,Haddenham,Cambridgeshire,Cambridgeshire,Haddenham,NA,19537
408,1653,1659,St Andrew Holborn,London,Middlesex,St Andrew Holborn,ID_127848,NA
435,1658,1660,Hillingdon,Middlesex,Middlesex,Hillingdon,NA,21996
1091,1658,1660,Chigwell,Essex,Essex,Chigwell,NA,9118
1532,1656,1660,St Saviour Southwark,Surrey,Surrey,St Saviour Southwark,ID_30001,NA
1789,1656,1660,Gouley,Flintshire,Flintshire,NA,NA,NA
2323,1655,1660,Philleigh,Cornwall,Cornwall,Philleigh,NA,35779
2452,1655,1659,London,London,Middlesex,NA,NA,NA
2928,1656,1660,Fleckney,Leicestershire,Leicestershire,Fleckney,NA,16421
2959,1656,1660,Hawton,Bedfordshire,Bedfordshire,NA,NA,NA
3171,1657,1659,Berwick St Leonard,Wiltshire,Wiltshire,Berwick St Leonard,NA,3421
3905,1656,1659,London,London,Middlesex,NA,NA,NA
4209,1653,1660,Alton,Hampshire,Hampshire,Alton,NA,794
4594,1658,1659,Marlow,Buckinghamshire,Buckinghamshire,Marlow,NA,29492
5649,1658,1660,Limehouse,Middlesex,Middlesex,St Anne Limehouse,ID_30176,NA
5957,1656,1659,Kirkby Underwood,Lincolnshire,Lincolnshire,Kirkby Underwood,NA,24811
6035,1656,1659,London,London,Middlesex,NA,NA,NA
6108,1655,1657,St James Duke's Place,London,Middlesex,St James Duke Street,ID_30155,NA
6163,1655,1660,Luddington,Wiltshire,Wiltshire,NA,NA,NA
6397,1658,1660,St Olave Southwark,Surrey,Surrey,St Olave Southwark,ID_30002,NA
6639,1656,1659,London,London,Middlesex,NA,NA,NA
7547,1658,1660,Gussage All Saints,Dorset,Dorset,Gussage All Saints,NA,290709
7815,1660,1660,St Clement Danes,Middlesex,Middlesex,St Clement Danes,ID_30015,NA
7893,1658,1660,Lanegin,Merionethshire,Merionethshire,NA,NA,NA
7956,1660,1660,East Haddon,Northamptonshire,Northamptonshire,East Haddon,NA,14311
8218,1654,1660,Limehouse,Middlesex,Middlesex,St Anne Limehouse,ID_30176,NA
8347,1654,1659,Nottingham,Nottinghamshire,Nottinghamshire,Nottingham,NA,33480
8592,1654,1659,"Deptford Strand, West Greenwich",Kent,Kent,NA,NA,NA
8773,1655,1659,Westbury,Wiltshire,Wiltshire,Westbury,NA,48895
8913,1658,1659,Clerkenwell,Middlesex,Middlesex,St James Clerkenwell,ID_127865,NA
9163,1655,1660,Ellastone,Staffordshire,Staffordshire,Ellastone,NA,15010
9387,1657,1660,Hanley,Worcestershire,Worcestershire,Hanley,NA,59223
9410,1655,1659,Monks Kirby,Warwickshire,Warwickshire,Monks Kirby,NA,30903
9573,1655,1659,Rochester,Kent,Kent,Rochester,NA,38282
9776,1658,1659,Brampton,Huntingdonshire,Huntingdonshire,Brampton,NA,5316
9894,1656,1659,Linkestend,Kent,Kent,NA,NA,NA
9959,1654,1659,London,London,Middlesex,NA,NA,NA
10189,1656,1660,Horton,Yorkshire,Yorkshire,Horton,NA,22863
10205,1657,1660,Plymouth,Devon,Devon,Plymouth,NA,36158
10651,1659,1660,Beaconsfield,Buckinghamshire,Buckinghamshire,Beaconsfield,NA,2873
10705,1656,1659,Smeeth,Kent,Kent,Smeeth,NA,40818
10725,1654,1660,Ratcliff,Middlesex,Middlesex,Ratcliffe,ID_30177,NA
10786,1654,1659,Ashby de la Zouch,Leicestershire,Leicestershire,Ashby de la Zouch,NA,1335
10846,1654,1659,St Sepulchre,Middlesex,Middlesex,St Sepulchre,ID_30058,NA
10875,1653,1659,London,London,Middlesex,NA,NA,NA
11362,1655,1659,Hadstock,Essex,Essex,Hadstock,NA,19573
11412,1657,1660,Christchurch,Hampshire,Hampshire,Christchurch,NA,9291
11583,1654,1659,London,London,Middlesex,NA,NA,NA
11869,1655,1659,London,London,Middlesex,NA,NA,NA
12468,1656,1659,London,London,Middlesex,NA,NA,NA
12667,1655,1660,Monks Kirby,Warwickshire,Warwickshire,Monks Kirby,NA,30903
12864,1658,1659,St Martin in the Fields,Middlesex,Middlesex,St Martin in the Fields,ID_30034,NA
12900,1655,1660,Rayleigh,Essex,Essex,Rayleigh,NA,37517
13590,1654,1659,Corby,Northamptonshire,Northamptonshire,Corby,NA,10838
13673,1660,1660,London,London,Middlesex,NA,NA,NA
13912,1654,1660,London,London,Middlesex,NA,NA,NA
14033,1654,1660,Clifton,Bedfordshire,Bedfordshire,Clifton,NA,9867
14042,1655,1657,Reigate,Surrey,Surrey,Reigate,NA,37688
325,1653,1660,Essington,Staffordshire,Staffordshire,Essington,NA,15473
363,1656,1661,Saltfleetby,Lincolnshire,Lincolnshire,Saltfleetby,NA,62700
456,1655,1661,Canterbury,Kent,Kent,Canterbury,NA,7771
802,1653,1660,Fareham,Berkshire,Berkshire,NA,NA,NA
2645,1657,1661,London,London,Middlesex,NA,NA,NA
2732,1654,1660,Ipswich,Suffolk,Suffolk,Ipswich,NA,23691
3551,1661,1661,London,London,Middlesex,NA,NA,NA
4013,1657,1661,London,London,Middlesex,NA,NA,NA
4061,1656,1661,Cambdon,Gloucestershire,Gloucestershire,NA,NA,NA
4076,1658,1661,Wedmore,Somerset,Somerset,Wedmore,NA,48172
4168,1659,1660,London,London,Middlesex,NA,NA,NA
4322,1657,1661,London,London,Middlesex,NA,NA,NA
4410,1659,1660,Bishops Cannings,Wiltshire,Wiltshire,Bishops Cannings,NA,3868
5085,1660,1660,Farnham,Surrey,Surrey,Farnham,NA,15845
5323,1659,1661,"Wyken, Coventry",Warwickshire,Warwickshire,NA,NA,NA
7002,1658,1661,Horton,Buckinghamshire,Buckinghamshire,NA,NA,NA
7383,1657,1661,London,London,Middlesex,NA,NA,NA
7500,1656,1660,Winderton,Warwickshire,Warwickshire,Winderton,NA,50065
7669,1655,1660,Newport Pagnell,Buckinghamshire,Buckinghamshire,Newport Pagnell,NA,32580
7732,1658,1661,Graceford,Denbighshire,Denbighshire,NA,NA,NA
7942,1656,1661,Ratcliff,Middlesex,Middlesex,Ratcliffe,ID_30177,NA
7950,1658,1661,Charterhouse,Middlesex,Middlesex,Charter House,ID_30042,NA
8201,1659,1661,London,London,Middlesex,NA,NA,NA
8283,1655,1660,London,London,Middlesex,NA,NA,NA
8565,1658,1660,Amersham,Buckinghamshire,Buckinghamshire,Amersham,NA,855
8725,1660,1661,London,London,Middlesex,NA,NA,NA
8776,1654,1661,Hollington,Derbyshire,Derbyshire,Hollington,NA,22328
8876,1658,1661,Jury Street,Warwickshire,Warwickshire,NA,NA,NA
9785,1657,1661,Newchurch,Radnorshire,Radnorshire,Newchurch,NA,32447
10611,1657,1661,Adstone,Northamptonshire,Northamptonshire,Adstone,NA,396
10739,1655,1661,Whitchurch,Herefordshire,Herefordshire,Whitchurch,NA,49393
11306,1656,1661,Hemel Hempstead,Hertfordshire,Hertfordshire,Hemel Hempstead,NA,21108
11327,1656,1660,London,London,Middlesex,NA,NA,NA
11564,1656,1660,London,London,Middlesex,NA,NA,NA
11968,1656,1661,Brentford,Middlesex,Middlesex,Brentford,NA,5526
12171,1661,1661,London,London,Middlesex,NA,NA,NA
12208,1654,1661,Stone,Staffordshire,Staffordshire,Stone,NA,42622
12271,1658,1661,Erith,Kent,Kent,Erith,NA,15426
12485,1657,1660,Spixworth,Norfolk,Norfolk,Spixworth,NA,41545
12846,1657,1662,St Martin in the Fields,Middlesex,Middlesex,St Martin in the Fields,ID_30034,NA
13347,1659,1661,Cirencester,Gloucestershire,Gloucestershire,Cirencester,NA,9528
13903,1659,1661,Tottenham,Middlesex,Middlesex,Tottenham,NA,45333
1675,1656,1661,Sollenstead,Berkshire,Berkshire,NA,NA,NA
1685,1658,1661,London,London,Middlesex,NA,NA,NA
2004,1660,1660,NA,Wiltshire,Wiltshire,NA,NA,NA
2145,1659,1661,Paulerspury,Northamptonshire,Northamptonshire,Paulerspury,NA,34867
2371,1654,1660,Oxted,Surrey,Surrey,Oxted,NA,34397
2705,1658,1660,Woodhoasea,Staffordshire,Staffordshire,NA,NA,NA
2847,1656,1661,Boddington,Northamptonshire,Northamptonshire,Boddington,NA,56128
2987,1659,1660,London,London,Middlesex,NA,NA,NA
3246,1657,1661,Liberty of St Katherine,Middlesex,Middlesex,Precinct of St Katherine,ID_30181,NA
3286,1654,1660,Creswell,Staffordshire,Staffordshire,Creswell,NA,11533
3629,1654,1661,Blisworth,Northamptonshire,Northamptonshire,Blisworth,NA,4336
3665,1654,1661,Thurnby,Leicestershire,Leicestershire,Thurnby,NA,44810
3743,1655,1660,Highgill,Yorkshire,Yorkshire,NA,NA,NA
3994,1657,1661,Ticehurst,Sussex,Sussex,Ticehurst,NA,44855
4062,1656,1660,London,London,Middlesex,NA,NA,NA
4263,1656,1661,Buckland,Hertfordshire,Hertfordshire,Buckland,NA,6657
5030,1657,1661,Hawstead,Suffolk,Suffolk,Hawstead,NA,20670
5104,1658,1660,Standon,Hertfordshire,Hertfordshire,Standon,NA,42055
5489,1656,1660,London,London,Middlesex,NA,NA,NA
5665,1654,1661,Fenton,Yorkshire,Yorkshire,NA,NA,NA
6894,1658,1660,Humberstone,Leicestershire,Leicestershire,Humberstone,NA,23143
7222,1658,1661,Henstridge,Dorset,Dorset,NA,NA,NA
7699,1653,1660,London,London,Middlesex,NA,NA,NA
7862,1659,1660,Arnold Biggin,Yorkshire,Yorkshire,NA,NA,NA
8153,1655,1661,Wells,Somerset,Somerset,Wells,NA,48288
8533,1658,1660,Shrewsbury,Shropshire,Shropshire,Shrewsbury,NA,40345
8562,1657,1661,St Martin in the Fields,Middlesex,Middlesex,St Martin in the Fields,ID_30034,NA
8765,1658,1660,Abergavenny,Monmouthshire,Monmouthshire,Abergavenny,NA,146
8845,1658,1660,Weston Underwood,Derbyshire,Derbyshire,Weston Underwood,NA,49116
9139,1658,1660,London,London,Middlesex,NA,NA,NA
9474,1655,1661,Portfarrey,Flintshire,Flintshire,NA,NA,NA
9844,1659,1661,St Olave Southwark,Surrey,Surrey,St Olave Southwark,ID_30002,NA
10173,1656,1661,Markham,Berkshire,Berkshire,NA,NA,NA
10336,1656,1660,Hackney,Middlesex,Middlesex,Hackney,NA,19524
10346,1658,1661,Chedzoy,Somerset,Somerset,Chedzoy,NA,8934
10550,1658,1660,Leicke,Staffordshire,Staffordshire,NA,NA,NA
10805,1657,1660,Kingston,Surrey,Surrey,Kingston upon Thames,NA,24629
11081,1654,1661,Pulloxhill,Bedfordshire,Bedfordshire,Pulloxhill,NA,36991
11510,1653,1661,Bedworth,Warwickshire,Warwickshire,Bedworth,NA,3041
11774,1656,1661,Hansted,Suffolk,Suffolk,NA,NA,NA
11814,1657,1661,Limehouse,Middlesex,Middlesex,St Anne Limehouse,ID_30176,NA
12027,1658,1661,Ashton Keynes,Wiltshire,Wiltshire,Ashton Keynes,NA,1447
12051,1655,1661,Estersow,Shropshire,Shropshire,NA,NA,NA
12390,1660,1661,Tong,Yorkshire,Yorkshire,Tong,NA,45169
12663,1654,1660,London,London,Middlesex,NA,NA,NA
12854,1656,1661,Langham,Essex,Essex,Langham,NA,25487
12926,1656,1661,London,London,Middlesex,NA,NA,NA
118,1657,1661,Morpeth,Northumberland,Northumberland,Morpeth,NA,31191
313,1658,1661,"Loakes, Chipping Wickam",Buckinghamshire,Buckinghamshire,NA,NA,NA
476,1659,1660,London,London,Middlesex,NA,NA,NA
492,1657,1661,Branstonere,Northamptonshire,Northamptonshire,NA,NA,NA
589,NA,1661,Lantillio,Monmouthshire,Monmouthshire,NA,NA,NA
654,1656,1661,Chasell Burne,Dorset,Dorset,NA,NA,NA
687,1655,1660,Daine,Northamptonshire,Northamptonshire,NA,NA,NA
832,1655,1660,Thirdston,Leicestershire,Leicestershire,NA,NA,NA
912,1645,1661,Faington,Hampshire,Hampshire,NA,NA,NA
1106,1658,1661,London,London,Middlesex,NA,NA,NA
1308,1656,1660,Market Bosworth,Leicestershire,Leicestershire,Market Bosworth,NA,29444
1338,1658,1661,Aldeburgh,Suffolk,Suffolk,Aldeburgh,NA,535
1731,1657,1661,Covent Garden,Middlesex,Middlesex,St Paul Covent Garden,ID_30031,NA
1741,1661,1661,Rosberry,Cheshire,Cheshire,NA,NA,NA
1894,1658,1660,Fishlake,Yorkshire,Yorkshire,Fishlake,NA,16337
2455,1657,1661,Hatfield Braddock,Essex,Essex,NA,NA,NA
2955,1654,1661,Braybrooke,Northamptonshire,Northamptonshire,Braybrooke,NA,5433
3808,1654,1661,Eriffe,Huntingdonshire,Huntingdonshire,NA,NA,NA
3904,1659,1661,Weston,Northamptonshire,Northamptonshire,Weston,NA,49073
4534,1658,1661,Wapping,Middlesex,Middlesex,St John Wapping,ID_30182,NA
4722,1658,1660,NA,Oxfordshire,Oxfordshire,NA,NA,NA
5031,1658,1660,Harsfield,Gloucestershire,Gloucestershire,NA,NA,NA
6784,1658,1661,NA,Buckinghamshire,Buckinghamshire,NA,NA,NA
6866,1654,1661,Rotherhithe,Surrey,Surrey,St Mary Rotherhithe,ID_30008,NA
7672,1655,1661,St Olave Crutched Friars,London,Middlesex,St Olave Hart Street,ID_30160,NA
8092,1654,1661,London,London,Middlesex,NA,NA,NA
8478,1654,1660,Barnish Rudding,Essex,Essex,NA,NA,NA
8596,1657,1661,London,London,Middlesex,NA,NA,NA
8835,1655,1661,NA,Norfolk,Norfolk,NA,NA,NA
9016,1656,1661,Norton Folgate,Middlesex,Middlesex,Liberty of Norton Folgate,ID_127860,NA
9123,1658,1661,Walden,Buckinghamshire,Buckinghamshire,NA,NA,NA
9147,1661,1661,Guildford,Surrey,Surrey,Guildford,NA,19326
9379,1659,1660,Isleworth,Middlesex,Middlesex,Isleworth,NA,23751
9380,1659,1660,Isleworth,Middlesex,Middlesex,Isleworth,NA,23751
9453,1655,1660,Bullamsted Abbots,Berkshire,Berkshire,NA,NA,NA
9467,1656,1660,St James Clerkenwell,Middlesex,Middlesex,St James Clerkenwell,ID_127865,NA
9530,1656,1660,Westover,Hampshire,Hampshire,NA,NA,NA
10830,1657,1660,London,London,Middlesex,NA,NA,NA
10839,1659,1661,Fairlawne,Kent,Kent,NA,NA,NA
11044,1652,1660,Glenscott,Suffolk,Suffolk,NA,NA,NA
11092,1657,1661,Ware,Hertfordshire,Hertfordshire,Ware,NA,47782
11271,1654,1661,Little Ballingfield,Suffolk,Suffolk,NA,NA,NA
11272,1653,1660,St Mary Whitechapel,Middlesex,Middlesex,St Mary Whitechapel,ID_127867,NA
11730,1657,1660,Brecon,Breconshire,Breconshire,Brecon,NA,160
11816,1654,1660,Backlington,Wiltshire,Wiltshire,NA,NA,NA
12079,1654,1661,Sidebrinck,Lincolnshire,Lincolnshire,NA,NA,NA
12149,1659,1661,Fewcott,Oxfordshire,Oxfordshire,Fewcott,NA,16131
12345,1657,1660,Stoppard,Cheshire,Cheshire,NA,NA,NA
12402,1658,1660,St Martin in the Fields,Middlesex,Middlesex,St Martin in the Fields,ID_30034,NA
12624,1654,1660,Kirkham,Lancashire,Lancashire,Kirkham,NA,24828
13063,1657,1661,London,London,Middlesex,NA,NA,NA
13073,1658,1660,Kingsthorpe,Northamptonshire,Northamptonshire,Kingsthorpe,NA,24595
13078,1658,1661,NA,Wiltshire,Wiltshire,NA,NA,NA
13079,1660,1661,St Andrew Holborn,Middlesex,Middlesex,St Andrew Holborn,ID_127848,NA
13244,1660,1661,Rowlston,Herefordshire,Herefordshire,NA,NA,NA
13662,1655,1661,Barrow upon Soar,Leicestershire,Leicestershire,Barrow upon Soar,NA,2579
13892,1660,1661,Haylin,Hampshire,Hampshire,NA,NA,NA
331,1658,1663,London,London,Middlesex,NA,NA,NA
395,1657,1662,London,London,Middlesex,NA,NA,NA
563,1662,1662,London,London,Middlesex,NA,NA,NA
648,1653,1660,Wickford,Essex,Essex,Wickford,NA,49740
679,1657,1660,Breaton,Leicestershire,Leicestershire,NA,NA,NA
816,1670,1672,NA,Wiltshire,Wiltshire,NA,NA,NA
856,1655,1660,Islington,Middlesex,Middlesex,St Mary Islington,ID_30043,NA
974,1666,1669,Poplar,Middlesex,Middlesex,Poplar,ID_30173,NA
1112,1658,1662,Wanting,Berkshire,Berkshire,NA,NA,NA
1236,1653,1660,London,London,Middlesex,NA,NA,NA
1340,1656,1663,Duffield,Derbyshire,Derbyshire,Duffield,NA,13743
1469,1655,1660,Highworth,Wiltshire,Wiltshire,Highworth,NA,21841
2049,1658,1660,St Dunstan in the East,Middlesex,Middlesex,St Dunstan in the East,ID_30159,NA
2080,1670,1672,Stepney,Middlesex,Middlesex,St Dunstan Stepney,ID_30169,NA
2278,1657,1663,London,London,Middlesex,NA,NA,NA
2443,1661,1663,Middleton,Warwickshire,Warwickshire,Middleton,NA,30311
3028,1640,1641,Twyford,Berkshire,Berkshire,Twyford,NA,46483
3607,1659,1663,Birmingham Aston,Warwickshire,Warwickshire,NA,NA,NA
4127,1660,1662,Martock,Somerset,Somerset,Martock,NA,29639
4452,1661,1663,Farnborough,Hampshire,Hampshire,Farnborough,NA,15830
4930,1658,1662,Wanting,Berkshire,Berkshire,NA,NA,NA
4964,1657,1660,London,London,Middlesex,NA,NA,NA
5097,1658,1662,Ware,Hertfordshire,Hertfordshire,Ware,NA,47782
5274,1655,1660,Maldred,Essex,Essex,NA,NA,NA
5331,1657,1660,Stalbridge,Dorset,Dorset,Stalbridge,NA,42004
5500,1658,1662,London,London,Middlesex,NA,NA,NA
5563,1658,1661,Limehouse,Middlesex,Middlesex,St Anne Limehouse,ID_30176,NA
5595,1661,1663,London,London,Middlesex,NA,NA,NA
5681,1668,1672,Widdington,Essex,Essex,Widdington,NA,49772
5702,1657,1662,Darnhall,Cheshire,Cheshire,Darnhall,NA,289677
5800,1653,1660,Laceby,Lincolnshire,Lincolnshire,Laceby,NA,25200
5829,1652,1660,Cheapstead,Essex,Essex,NA,NA,NA
6075,1655,1660,Kingsthorpe,Northamptonshire,Northamptonshire,Kingsthorpe,NA,24595
6549,1656,1663,Farthingstone,Northamptonshire,Northamptonshire,Farthingstone,NA,15882
6554,1660,1662,Stratford on Avon,Warwickshire,Warwickshire,Stratford upon Avon,NA,295196
6674,1662,1662,London,London,Middlesex,NA,NA,NA
6764,1667,1668,London,London,Middlesex,NA,NA,NA
7209,1659,1663,Shanklin,Isle of Wight,Hampshire,Shanklin,NA,39853
8493,1668,1672,Eastcheap,London,Middlesex,NA,NA,NA
8495,1660,1662,Barning,Kent,Kent,NA,NA,NA
8548,1656,1660,Woodstock,Oxfordshire,Oxfordshire,Woodstock,NA,50788
8594,1655,1660,London,London,Middlesex,NA,NA,NA
8598,1658,1663,Clewer,Bedfordshire,Bedfordshire,NA,NA,NA
8654,1662,1663,Norwich,Norfolk,Norfolk,Norwich,NA,33455
8764,1660,1663,Glandiffe,Glamorgan,Glamorgan,NA,NA,NA
8855,1666,1669,West Chinnock,Somerset,Somerset,West Chinnock,NA,48489
9072,1656,1660,Alderne,Northumberland,Northumberland,NA,NA,NA
9529,1665,1669,Little Douchot,Hertfordshire,Hertfordshire,NA,NA,NA
9557,1658,1662,Hookeham,Rutland,Rutland,NA,NA,NA
9572,1666,1672,Reigate,Surrey,Surrey,Reigate,NA,37688
9595,1662,1662,Normanton,Lincolnshire,Lincolnshire,Normanton,NA,32956
10157,1668,1669,Hereford,Herefordshire,Herefordshire,Hereford,NA,21293
10248,1655,1660,Birley,Herefordshire,Herefordshire,Birley,NA,3819
10342,1660,1663,Aldersgate Street,Middlesex,Middlesex,NA,NA,NA
10486,1663,1663,London,London,Middlesex,NA,NA,NA
10487,1664,1668,Manchester,Lancashire,Lancashire,Manchester,NA,29251
10575,1660,1663,Bekesbourne,Kent,Kent,Bekesbourne,NA,3123
10669,1660,1662,Hertford,Hertfordshire,Hertfordshire,Hertford,NA,21349
10673,1658,1662,Guisborough,Yorkshire,Yorkshire,Guisborough,NA,19337
11301,1656,1662,Ashley,Staffordshire,Staffordshire,Ashley,NA,1393
11406,1658,1662,London,London,Middlesex,NA,NA,NA
11516,1659,1663,Middleton,Essex,Essex,Middleton,NA,30317
11522,1662,1663,Stony Stratford,Buckinghamshire,Buckinghamshire,Stony Stratford,NA,42745
11786,1660,1663,Gestingthorpe,Essex,Essex,Gestingthorpe,NA,17640
11941,1655,1662,Yeovil,Somerset,Somerset,Yeovil,NA,51430
12224,1661,1663,Geddington,Northamptonshire,Northamptonshire,Geddington,NA,17558
12321,1656,1660,London,London,Middlesex,NA,NA,NA
12509,1654,1660,Drayton Parslow,Buckinghamshire,Buckinghamshire,Drayton Parslow,NA,13548
12601,1667,1669,Aylesbury,Buckinghamshire,Buckinghamshire,Aylesbury,NA,1773
12628,1653,1660,Fenny Compton,Warwickshire,Warwickshire,Fenny Compton,NA,16049
12683,1689,NA,Slapton,Buckinghamshire,Buckinghamshire,Slapton,NA,40711
12688,1660,1662,Colgaith,Cumberland,Cumberland,NA,NA,NA
12737,1658,1662,Bere Regis,Dorset,Dorset,Bere Regis,NA,3348
13509,1654,1662,Warminster,Wiltshire,Wiltshire,Warminster,NA,47825
13521,1658,1660,Clerkenwell,Middlesex,Middlesex,St James Clerkenwell,ID_127865,NA
13655,1658,1662,Pirbright,Surrey,Surrey,Pirbright,NA,35964
14070,1662,1669,Sileby,Leicestershire,Leicestershire,Sileby,NA,40451
255,1660,1662,London,London,Middlesex,NA,NA,NA
405,1659,1662,London,London,Middlesex,NA,NA,NA
461,1660,1662,Peckleton,Leicestershire,Leicestershire,Peckleton,NA,34939
535,1655,1661,London,London,Middlesex,NA,NA,NA
605,1657,1661,Quenseby,Lancashire,Lancashire,NA,NA,NA
663,1658,1661,Upton,Somerset,Somerset,Upton,NA,NA
732,1655,1662,Northampton,Northamptonshire,Northamptonshire,Northampton,NA,33285
818,1658,1662,Riccorston,Wiltshire,Wiltshire,NA,NA,NA
926,1649,1652,Tindaiddmo,Anglesey,Anglesey,NA,NA,NA
1032,1656,1661,"St Mary Magdalen, Bermondsey",Surrey,Surrey,St Mary Magdalen Bermondsey,ID_30004,NA
1414,1663,1666,Wapping,Middlesex,Middlesex,St John Wapping,ID_30182,NA
1493,1658,1661,Nettlebed,Oxfordshire,Oxfordshire,Nettlebed,NA,32044
1662,1656,1662,London,London,Middlesex,NA,NA,NA
1710,1655,1658,Littledean,Gloucestershire,Gloucestershire,Littledean,NA,26879
1761,1655,1662,Norton,Cheshire,Cheshire,Norton,NA,293139
1842,1658,1662,Norwich,Norfolk,Norfolk,Norwich,NA,33455
1874,1657,1661,Holborn,Middlesex,Middlesex,St Andrew Holborn,ID_127848,NA
1903,1656,1662,Kidlington,Oxfordshire,Oxfordshire,Kidlington,NA,24244
1923,1657,1662,Waltham Abbey,Essex,Essex,Waltham Abbey,NA,47635
2039,1657,1662,Kingstaffe,Northamptonshire,Northamptonshire,NA,NA,NA
2149,1655,1660,Chigwell,Essex,Essex,Chigwell,NA,9118
2178,1656,1661,Leicester,Leicestershire,Leicestershire,Leicester,NA,25957
2225,1661,1662,St Sepulchre,London,Middlesex,St Sepulchre,ID_30058,NA
2290,1658,1661,London,London,Middlesex,NA,NA,NA
2409,1657,1661,Astley,Warwickshire,Warwickshire,Astley,NA,1525
2420,1655,1660,London,London,Middlesex,NA,NA,NA
2492,1660,1662,Chesham,Buckinghamshire,Buckinghamshire,Chesham,NA,9025
2499,1658,1660,Southwark,Surrey,Surrey,NA,NA,NA
2589,1658,1662,East Smithfield,London,Middlesex,St Botolph Aldgate,ID_30153,NA
2985,1656,1663,Stanford,Lincolnshire,Lincolnshire,NA,NA,NA
3284,1659,1662,Trelleck,Monmouthshire,Monmouthshire,Trelleck,NA,45883
3288,1659,1662,Broad Somerford,Wiltshire,Wiltshire,NA,NA,NA
3347,1659,1661,St Andrew Holborn,Middlesex,Middlesex,St Andrew Holborn,ID_127848,NA
3717,1660,1662,East Clandon,Surrey,Surrey,East Clandon,NA,14221
3837,1656,1662,Lenton,Nottinghamshire,Nottinghamshire,Lenton,NA,26037
3998,NA,1662,Lichfield,Staffordshire,Staffordshire,Lichfield,NA,26195
4021,1658,1662,Glemsford,Suffolk,Suffolk,Glemsford,NA,17898
4104,1647,1653,London,London,Middlesex,NA,NA,NA
4140,1658,1662,Saffron Walden,Essex,Essex,Saffron Walden,NA,39008
4229,1658,1662,Tangmere,Sussex,Sussex,Tangmere,NA,43802
4519,1655,1662,St Botolph Aldgate,London,Middlesex,St Botolph Aldgate,ID_30153,NA
4542,1660,1661,Langar,Nottinghamshire,Nottinghamshire,Langar,NA,25456
4660,1658,1662,London,London,Middlesex,NA,NA,NA
4733,1656,1662,Shipton on Cherwell,Oxfordshire,Oxfordshire,Shipton on Cherwell,NA,40196
4875,1658,1662,Buckingham,Buckinghamshire,Buckinghamshire,Buckingham,NA,6650
4926,1660,1661,Eckington,Worcestershire,Worcestershire,Eckington,NA,14741
4995,1656,1661,Bentley,Suffolk,Suffolk,Bentley,NA,3311
5332,1659,1661,Fairford,Gloucestershire,Gloucestershire,Fairford,NA,15685
5408,1659,1661,Bridgnorth,Shropshire,Shropshire,Bridgnorth,NA,5687
5455,1659,1662,NA,Middlesex,Middlesex,NA,NA,NA
5579,1658,1660,Chilton,County Durham,County Durham,Chilton,NA,9165
5672,1659,1661,London,London,Middlesex,NA,NA,NA
5823,1647,1652,London,London,Middlesex,NA,NA,NA
6138,1649,1653,London,London,Middlesex,NA,NA,NA
6199,1658,1662,London,London,Middlesex,NA,NA,NA
6501,1658,1661,Tower Liberty,London,Middlesex,The Tower,ID_127864,NA
6604,1658,1661,London,London,Middlesex,NA,NA,NA
6625,1656,1662,Wrotham,Kent,Kent,Wrotham,NA,51130
6778,1658,1662,London,London,Middlesex,NA,NA,NA
7029,1657,1662,Clifton upon Teme,Worcestershire,Worcestershire,Clifton upon Teme,NA,289269
7086,1660,1661,Carlton,Yorkshire,Yorkshire,NA,NA,NA
7238,1654,1662,Oxford,Oxfordshire,Oxfordshire,Oxford,NA,34379
7369,1658,1660,London,London,Middlesex,NA,NA,NA
7389,NA,1661,Stepney,Middlesex,Middlesex,St Dunstan Stepney,ID_30169,NA
7532,1654,1660,Northampton,Northamptonshire,Northamptonshire,Northampton,NA,33285
7548,1660,1661,Southwark,Surrey,Surrey,NA,NA,NA
7638,1657,1662,Wigginton,Leicestershire,Leicestershire,NA,NA,NA
7661,1658,1662,Hapton,Lancashire,Lancashire,Hapton,NA,20079
7775,1656,1661,Hunstanton,Norfolk,Norfolk,Hunstanton,NA,23197
7814,1661,1662,St Clement Danes,Middlesex,Middlesex,St Clement Danes,ID_30015,NA
7936,1660,1663,London,London,Middlesex,NA,NA,NA
8180,1659,1662,Stony Stratford,Buckinghamshire,Buckinghamshire,Stony Stratford,NA,42745
8311,1660,1661,London,London,Middlesex,NA,NA,NA
8526,1656,1659,Putney,Surrey,Surrey,Putney,NA,37033
8527,1654,1660,Whitcott,Shropshire,Shropshire,NA,NA,NA
8559,1655,1662,Southover,Sussex,Sussex,NA,NA,NA
8672,1654,1660,Melton Mowbray,Leicestershire,Leicestershire,Melton Mowbray,NA,29987
8800,1657,1661,London,London,Middlesex,NA,NA,NA
8921,1661,1663,Tiffield,Hampshire,Hampshire,NA,NA,NA
9025,1656,1662,St Clement Danes,Middlesex,Middlesex,St Clement Danes,ID_30015,NA
9114,1653,1658,London,London,Middlesex,NA,NA,NA
9500,1662,1663,Whitechapel,Middlesex,Middlesex,St Mary Whitechapel,ID_127867,NA
9657,1690,1692,London,London,Middlesex,NA,NA,NA
9853,1655,1662,Stanton,Derbyshire,Derbyshire,Stanton,NA,295048
10131,1656,1661,Chirbury,Shropshire,Shropshire,Chirbury,NA,9217
10218,1656,1661,London,London,Middlesex,NA,NA,NA
10277,1657,1661,Manchester,Lancashire,Lancashire,Manchester,NA,29251
10375,1660,1661,Merevale,Warwickshire,Warwickshire,Merevale,NA,292374
10399,1655,1661,Holborn,Middlesex,Middlesex,St Andrew Holborn,ID_127848,NA
10894,1657,1661,Skerrington,Leicestershire,Leicestershire,NA,NA,NA
10953,1654,1661,Tydd St Mary,Lincolnshire,Lincolnshire,Tydd St Mary,NA,46524
11040,1655,1661,Everdon,Northamptonshire,Northamptonshire,Everdon,NA,15528
11045,1655,1661,Hensley,Yorkshire,Yorkshire,NA,NA,NA
11175,1657,1661,London,London,Middlesex,NA,NA,NA
11206,1656,1663,Woolwich,Kent,Kent,Woolwich,NA,50897
11214,1655,1662,Middleton Cheney,Northamptonshire,Northamptonshire,Middleton Cheney,NA,30320
11242,1657,1661,Stoneham Aspall,Suffolk,Suffolk,NA,NA,NA
11390,1658,1661,Shepshed,Leicestershire,Leicestershire,Shepshed,NA,40066
11392,1634,1638,Whaddon,Wiltshire,Wiltshire,NA,NA,NA
11410,1655,1660,"Fordsbridge, Leominster",Herefordshire,Herefordshire,NA,NA,NA
11536,1660,1662,St Margaret Westminster,Middlesex,Middlesex,St Margaret Westminster,ID_127869,NA
11848,1659,1661,Elm,Cambridgeshire,Cambridgeshire,Elm,NA,15061
11850,1656,1661,Tenterden,Kent,Kent,Tenterden,NA,44027
12002,1658,1661,Aylesbury,Buckinghamshire,Buckinghamshire,Aylesbury,NA,1773
12019,1660,1662,Kingscote,Gloucestershire,Gloucestershire,Kingscote,NA,24533
12142,1658,1661,Chiselhurst,Kent,Kent,Chiselhurst,NA,NA
12350,1657,1661,London,London,Middlesex,NA,NA,NA
12396,1659,1660,London,London,Middlesex,NA,NA,NA
12597,1658,1662,Isle of Purbeck,Dorset,Dorset,NA,NA,NA
12618,1659,1661,London,London,Middlesex,NA,NA,NA
12802,1660,1663,Bridgwater,Somerset,Somerset,Bridgwater,NA,5688
12943,1657,1661,London,London,Middlesex,NA,NA,NA
13029,1660,1660,Wormington,Worcestershire,Worcestershire,NA,NA,NA
13096,1657,1661,Sarsden,Oxfordshire,Oxfordshire,Sarsden,NA,39349
13445,1656,1661,Warwick,Warwickshire,Warwickshire,Warwick,NA,47885
13479,1657,1661,Coughton,Warwickshire,Warwickshire,Coughton,NA,11058
13625,1657,1662,Stanwell,Middlesex,Middlesex,Stanwell,NA,42176
13743,1660,1661,Market Harborough,Leicestershire,Leicestershire,Market Harborough,NA,29447
13819,1649,1652,Caldecote,Huntingdonshire,Huntingdonshire,NA,NA,NA
13829,1656,1662,Stepney,Middlesex,Middlesex,St Dunstan Stepney,ID_30169,NA
13831,1660,1662,St Botolph Bishopsgate,London,Middlesex,St Botolph Bishopsgate,ID_127859,NA
14000,1654,1661,London,London,Middlesex,NA,NA,NA
14008,1658,1662,Wigan,Lancashire,Lancashire,Wigan,NA,49798
14119,1650,1655,Padworth,Berkshire,Berkshire,Padworth,NA,34446
14268,1658,1661,Bampton,Oxfordshire,Oxfordshire,Bampton,NA,2215
562,1656,1662,Saddington,Leicestershire,Leicestershire,Saddington,NA,39002
1018,1659,1662,Hornby,Lancashire,Lancashire,Hornby,NA,22755
1104,1659,1662,London,London,Middlesex,NA,NA,NA
1663,1658,1663,Hatfield Braddock,Essex,Essex,NA,NA,NA
1820,1659,1663,London,London,Middlesex,NA,NA,NA
2164,1657,1662,Preston,Lancashire,Lancashire,Preston,NA,36810
2742,1660,1663,Southwark,Surrey,Surrey,NA,NA,NA
4533,1657,1662,Greenwich,Kent,Kent,Greenwich,NA,19085
5086,NA,1663,Enfield,Middlesex,Middlesex,Enfield,NA,15358
6084,1660,1663,London,London,Middlesex,NA,NA,NA
6479,1655,1662,Ipswich,Suffolk,Suffolk,Ipswich,NA,23691
6620,1661,1662,Broughton,Buckinghamshire,Buckinghamshire,NA,NA,NA
6836,1659,1662,London,London,Middlesex,NA,NA,NA
7218,1662,1663,London,London,Middlesex,NA,NA,NA
7323,1658,1663,Bury St Edmunds,Suffolk,Suffolk,Bury St Edmunds,NA,7176
7684,1660,1662,Rumwell,Essex,Essex,NA,NA,NA
8102,1661,1663,Wrexham,Denbighshire,Denbighshire,Wrexham,NA,51099
8534,1661,1663,Hitchin,Hertfordshire,Hertfordshire,Hitchin,NA,22136
8537,1657,1662,London,London,Middlesex,NA,NA,NA
9040,1657,1663,Clapham,Wiltshire,Wiltshire,NA,NA,NA
9281,1661,1663,London,London,Middlesex,NA,NA,NA
9347,1660,1662,"St Martins Hill, Canterbury",Kent,Kent,NA,NA,NA
9623,1658,1662,Althorpe,Lincolnshire,Lincolnshire,Althorpe,NA,786
9859,1657,1663,Bridsall,Derbyshire,Derbyshire,NA,NA,NA
9960,1659,1663,Leighton Buzzard,Bedfordshire,Bedfordshire,Leighton Buzzard,NA,26002
10132,1660,1662,Shrewsbury,Shropshire,Shropshire,Shrewsbury,NA,40345
10193,1658,1662,London,London,Middlesex,NA,NA,NA
11124,NA,1663,Nether Stowey,Somerset,Somerset,Nether Stowey,NA,31958
11773,1656,1662,Fanstead,Suffolk,Suffolk,NA,NA,NA
11896,1659,1663,Stepney,Middlesex,Middlesex,St Dunstan Stepney,ID_30169,NA
12488,1658,1663,Lynn,Norfolk,Norfolk,King's Lynn,NA,24492
12848,1661,1662,Wilmington,Shropshire,Shropshire,NA,NA,NA
13160,1662,1663,Cash Hawkins,Surrey,Surrey,NA,NA,NA
13205,1658,1662,Stanton,Gloucestershire,Gloucestershire,Stanton,NA,42142
13389,1662,1663,Waldenhoe,Northamptonshire,Northamptonshire,NA,NA,NA
13390,1662,1663,Waldenhoe,Northamptonshire,Northamptonshire,NA,NA,NA
13480,1660,1663,Whitcliffe,Wiltshire,Wiltshire,NA,NA,NA
13527,1655,1663,Arlington,Sussex,Sussex,Arlington,NA,1205
13548,1662,1662,Lichfield,Staffordshire,Staffordshire,Lichfield,NA,26195
14094,1655,1662,Draycote,Warwickshire,Warwickshire,Draycote,NA,13523
68,1661,1662,Burnley,Lancashire,Lancashire,Burnley,NA,6991
90,1661,1663,Lenham,Kent,Kent,Lenham,NA,26029
1411,1659,1662,London,London,Middlesex,NA,NA,NA
4661,1658,1663,Nelson,Leicestershire,Leicestershire,NA,NA,NA
4828,1659,1663,Leighton Buzzard,Bedfordshire,Bedfordshire,Leighton Buzzard,NA,26002
5507,1658,1662,Hickling,Nottinghamshire,Nottinghamshire,Hickling,NA,21451
6867,1659,1662,St Katherine by the Tower,Middlesex,Middlesex,Precinct of St Katherine,ID_30181,NA
6998,1659,1663,Isling,Kent,Kent,NA,NA,NA
8386,1659,1663,Rotherhithe,Surrey,Surrey,St Mary Rotherhithe,ID_30008,NA
8889,1660,1663,Amesbury,Wiltshire,Wiltshire,Amesbury,NA,861
9365,1662,1663,London,London,Middlesex,NA,NA,NA
9554,1660,1663,Stepney,Middlesex,Middlesex,St Dunstan Stepney,ID_30169,NA
10272,1662,1662,Faversham,Kent,Kent,Faversham,NA,15905
11493,1659,1663,Strand,Middlesex,Middlesex,NA,NA,NA
11788,1658,NA,Havering,Essex,Essex,NA,NA,NA
12831,1655,1662,Awster,Warwickshire,Warwickshire,NA,NA,NA
12838,1660,1662,Longhope,Gloucestershire,Gloucestershire,Longhope,NA,28040
12964,1659,1662,Ipswich,Suffolk,Suffolk,Ipswich,NA,23691
13725,1660,1663,London,London,Middlesex,NA,NA,NA
925,1661,1663,Everdon,Northamptonshire,Northamptonshire,Everdon,NA,15528
1355,1662,1664,Womandon,Leicestershire,Leicestershire,NA,NA,NA
1632,1663,1663,Thornelayne,Staffordshire,Staffordshire,NA,NA,NA
1652,1660,1664,Beccles,Suffolk,Suffolk,Beccles,NA,2953
1740,1662,1664,Long Kirkby,Lincolnshire,Lincolnshire,NA,NA,NA
1959,1661,1663,Skipton in Craven,Yorkshire,Yorkshire,NA,NA,NA
2172,1657,1663,Williamscote,Oxfordshire,Oxfordshire,NA,NA,NA
2211,1658,1664,Shabbington,Buckinghamshire,Buckinghamshire,Shabbington,NA,39806
3215,1662,1663,London,London,Middlesex,NA,NA,NA
3314,1661,1664,Tappesfield,Essex,Essex,NA,NA,NA
3577,1657,1663,London,London,Middlesex,NA,NA,NA
3612,1662,1663,Shimpling,Suffolk,Suffolk,Shimpling,NA,40152
3891,1658,1664,Plaistow,Essex,Essex,Plaistow,NA,36054
4272,1661,1664,Allerton,Yorkshire,Yorkshire,Allerton,NA,670
4365,1660,1663,Weston,Northamptonshire,Northamptonshire,Weston,NA,49073
4729,1663,1664,London,London,Middlesex,NA,NA,NA
4896,1661,1663,Gorran,Cornwall,Cornwall,NA,NA,NA
5088,1662,1664,Hungerford,Berkshire,Berkshire,Hungerford,NA,NA
5578,1659,1663,Wapping,Middlesex,Middlesex,St John Wapping,ID_30182,NA
5678,1661,1664,Kelmarsh,Northamptonshire,Northamptonshire,Kelmarsh,NA,23978
5757,1660,1664,Hards Court,Kent,Kent,NA,NA,NA
5817,1662,1664,Cardiff,Denbighshire,Denbighshire,NA,NA,NA
5985,1658,1663,Cainham,Shropshire,Shropshire,NA,NA,NA
6239,1661,1663,Burcher,Herefordshire,Herefordshire,Burcher,NA,6846
6353,1658,1663,Keelby,Lincolnshire,Lincolnshire,Keelby,NA,23920
7436,1656,1664,NA,Lancashire,Lancashire,NA,NA,NA
7554,1659,1663,Beccles,Suffolk,Suffolk,Beccles,NA,2953
7694,1659,1663,Windseold,Leicestershire,Leicestershire,NA,NA,NA
7903,NA,1663,London,London,Middlesex,NA,NA,NA
7947,1657,1664,London,London,Middlesex,NA,NA,NA
8166,1658,1663,London,London,Middlesex,NA,NA,NA
8429,1662,1663,Stratford,Warwickshire,Warwickshire,NA,NA,NA
8547,1659,1663,Newport,Isle of Wight,Hampshire,Newport,NA,32577
8692,1660,NA,London,London,Middlesex,NA,NA,NA
9605,1660,1664,Dunstable Houghton,Bedfordshire,Bedfordshire,NA,NA,NA
10196,1652,1664,Netherseal,Leicestershire,Leicestershire,Netherseal,NA,32004
10435,1660,1663,Wells,Somerset,Somerset,Wells,NA,48288
10947,1662,1663,London,London,Middlesex,NA,NA,NA
11073,1660,1663,Long Itchington,Warwickshire,Warwickshire,Long Itchington,NA,27953
11135,1661,1664,London,London,Middlesex,NA,NA,NA
11492,1660,1663,Fenny Compton,Warwickshire,Warwickshire,Fenny Compton,NA,16049
11567,1660,1664,St Sepulchre,London,Middlesex,St Sepulchre,ID_30058,NA
11591,1659,1663,Thatcham,Berkshire,Berkshire,Thatcham,NA,44087
11600,1661,1664,Aldgate,London,Middlesex,St Botolph Aldgate,ID_30153,NA
11851,1660,1664,Weston,Bedfordshire,Bedfordshire,NA,NA,NA
11916,1661,1663,Upton,Berkshire,Berkshire,Upton,NA,47174
12068,1659,1663,London,London,Middlesex,NA,NA,NA
12176,1659,1663,Averham,Nottinghamshire,Nottinghamshire,Averham,NA,1736
12267,1661,1664,Colchester,Essex,Essex,Colchester,NA,10252
12644,1662,NA,Harwich,Essex,Essex,Harwich,NA,20420
12653,1660,1664,Romaldkirk,Yorkshire,Yorkshire,Romaldkirk,NA,38409
12803,1662,1664,St Giles Cripplegate,London,Middlesex,St Giles Cripplegate,ID_30100,NA
12995,1659,1664,Little Hinton,Wiltshire,Wiltshire,NA,NA,NA
13045,1661,1663,Ludshut,Hampshire,Hampshire,NA,NA,NA
13109,1660,1663,London,London,Middlesex,NA,NA,NA
13332,1660,1663,Hereford,Herefordshire,Herefordshire,Hereford,NA,21293
13453,1659,1663,Marsworth,Buckinghamshire,Buckinghamshire,Marsworth,NA,29613
13870,1656,1663,London,London,Middlesex,NA,NA,NA
198,1659,1660,London,London,Middlesex,NA,NA,NA
291,1659,1662,London,Middlesex,Middlesex,NA,NA,NA
549,1662,1663,Witney,Oxfordshire,Oxfordshire,Witney,NA,50334
649,1656,1660,Upton,Leicestershire,Leicestershire,Upton,NA,47164
668,1658,1660,Stratford Bow,Middlesex,Middlesex,Stratford Bow,NA,NA
920,1657,1663,Bridge Casterton,Rutland,Rutland,NA,NA,NA
968,1658,1660,Newton,Lincolnshire,Lincolnshire,Newton,NA,32652
1093,1658,1662,Womerson,Norfolk,Norfolk,NA,NA,NA
1137,1655,1662,Wapping,Middlesex,Middlesex,St John Wapping,ID_30182,NA
1484,1659,1660,Glasgwm,Radnorshire,Radnorshire,Glasgwm,NA,17848
1613,1658,1661,Chipping Campden,Gloucestershire,Gloucestershire,Chipping Campden,NA,9208
1653,1660,1662,London,London,Middlesex,NA,NA,NA
1718,1661,1663,Ifield,Sussex,Sussex,Ifield,NA,23461
1780,1655,1660,Covent Garden,Middlesex,Middlesex,St Paul Covent Garden,ID_30031,NA
1806,1660,1662,London,London,Middlesex,NA,NA,NA
1840,1660,1664,London,London,Middlesex,NA,NA,NA
1937,1656,1660,Sapson,Warwickshire,Warwickshire,NA,NA,NA
1942,1658,1662,Gover,Gloucestershire,Gloucestershire,NA,NA,NA
2113,1660,1664,St Sepulchre,London,Middlesex,St Sepulchre,ID_30058,NA
2128,1658,1660,Liscoe,Lancashire,Lancashire,NA,NA,NA
2129,1659,1660,Cheam,Surrey,Surrey,Cheam,NA,8908
2168,1654,1660,London,London,Middlesex,NA,NA,NA
2222,1659,1663,London,London,Middlesex,NA,NA,NA
2272,1660,1662,Limehouse,Middlesex,Middlesex,St Anne Limehouse,ID_30176,NA
2364,1661,1662,Walden,Essex,Essex,NA,NA,NA
2437,1656,1660,Dover,Kent,Kent,Dover,NA,13407
3016,1660,1663,NA,Surrey,Surrey,NA,NA,NA
3027,1657,1660,Clifton,Warwickshire,Warwickshire,NA,NA,NA
3268,1656,1661,Goodman's Fields,Middlesex,Middlesex,St Mary Whitechapel,ID_127867,NA
3302,1659,1662,Ickenham,Middlesex,Middlesex,Ickenham,NA,23425
3757,1656,1661,St Botolph Aldgate,London,Middlesex,St Botolph Aldgate,ID_30153,NA
3830,1659,1662,Tinsley,Norfolk,Norfolk,NA,NA,NA
4004,1658,1664,Newhaven,Sussex,Sussex,Newhaven,NA,32482
4377,1655,1660,Roadsey,Leicestershire,Leicestershire,NA,NA,NA
4390,1662,1664,Kings Norton,Worcestershire,Worcestershire,NA,NA,NA
4553,1657,1663,Langly,Derbyshire,Derbyshire,NA,NA,NA
4772,1659,1660,Chipping Wycombe,Buckinghamshire,Buckinghamshire,NA,NA,NA
4776,1656,1662,Hever,Kent,Kent,Hever,NA,21393
4922,1656,1660,Brentwood,Essex,Essex,Brentwood,NA,5532
4951,1661,1662,Creechurch,London,Middlesex,St Katherine Creechurch,ID_30156,NA
5268,1656,1660,Woolberry,Sussex,Sussex,NA,NA,NA
5637,1657,1660,London,London,Middlesex,NA,NA,NA
5691,1660,1660,Salisbury,Wiltshire,Wiltshire,Salisbury,NA,39066
6031,1658,NA,Banbury,Oxfordshire,Oxfordshire,Banbury,NA,2220
6085,1658,1660,Bridewell Precinct,London,Middlesex,Precinct of Bridewell,ID_30050,NA
6195,1658,1661,St Lawrence,London,Middlesex,NA,NA,NA
6324,1660,NA,Stanton,Wiltshire,Wiltshire,NA,NA,NA
6355,1658,1660,Bushey,Hertfordshire,Hertfordshire,Bushey,NA,7206
6365,1657,1661,Spaxton,Somerset,Somerset,Spaxton,NA,41483
6421,1661,1664,Sproston,Cheshire,Cheshire,Sproston,NA,63309
6428,1661,1664,Sproston,Cheshire,Cheshire,Sproston,NA,63309
6503,1661,1663,Conway,Caernarvonshire,Caernarvonshire,NA,NA,NA
6653,1654,1660,Gaddesby,Leicestershire,Leicestershire,Gaddesby,NA,17203
6675,1656,1660,Cawaine,Merionethshire,Merionethshire,NA,NA,NA
6701,1658,1662,London,London,Middlesex,NA,NA,NA
6737,1658,1662,London,London,Middlesex,NA,NA,NA
6753,1661,1662,Stepney,Middlesex,Middlesex,St Dunstan Stepney,ID_30169,NA
6927,1658,1664,Whitechapel,Middlesex,Middlesex,St Mary Whitechapel,ID_127867,NA
7264,1659,1660,Tottenham,Middlesex,Middlesex,Tottenham,NA,45333
7275,1658,1660,Rigby,Lancashire,Lancashire,NA,NA,NA
7438,1660,1664,London,London,Middlesex,NA,NA,NA
7852,1657,1660,Poplar,Middlesex,Middlesex,Poplar,ID_30173,NA
7975,1654,1660,Dover,Kent,Kent,Dover,NA,13407
8062,NA,1662,Rickmansworth,Hertfordshire,Hertfordshire,Rickmansworth,NA,38045
8278,1657,1660,Ausestead,Leicestershire,Leicestershire,NA,NA,NA
8457,1660,1661,Berwick upon Tweed,Northumberland,Northumberland,Berwick upon Tweed,NA,3424
8586,1654,1660,Welford,Leicestershire,Leicestershire,NA,NA,NA
8700,1657,1662,Ordson,Nottinghamshire,Nottinghamshire,NA,NA,NA
8803,1657,1663,Stane,Lincolnshire,Lincolnshire,NA,NA,NA
9232,1661,1664,Morton Henworth,Gloucestershire,Gloucestershire,NA,NA,NA
9271,1658,1662,Rednall,Shropshire,Shropshire,NA,NA,NA
9395,1658,1664,London,London,Middlesex,NA,NA,NA
9901,1659,1664,London,London,Middlesex,NA,NA,NA
10300,1656,1662,Ashon,Essex,Essex,NA,NA,NA
10377,1661,1663,Ramsden,Oxfordshire,Oxfordshire,Ramsden,NA,37371
10761,NA,1660,Richmond,Surrey,Surrey,Richmond,NA,38028
10823,1656,1662,Stepney,Middlesex,Middlesex,St Dunstan Stepney,ID_30169,NA
10970,1662,1664,London,London,Middlesex,NA,NA,NA
11491,1657,1660,Bradley,Derbyshire,Derbyshire,Bradley,NA,5161
11559,1659,1660,Westminster,Middlesex,Middlesex,NA,NA,NA
12110,1663,1667,Boxstead,Sussex,Sussex,NA,NA,NA
12254,1660,1662,Okenham,Berkshire,Berkshire,NA,NA,NA
12780,1658,1660,Kingham,Worcestershire,Worcestershire,NA,NA,NA
12927,1658,1660,Cuddington,Buckinghamshire,Buckinghamshire,Cuddington,NA,12062
13201,1660,1663,St Mary Whitechapel,Middlesex,Middlesex,St Mary Whitechapel,ID_127867,NA
13233,1662,1664,London,London,Middlesex,NA,NA,NA
13251,1663,1664,London,London,Middlesex,NA,NA,NA
13369,1657,1660,London,London,Middlesex,NA,NA,NA
13645,1658,1662,London,London,Middlesex,NA,NA,NA
13747,1658,1663,London,London,Middlesex,NA,NA,NA
13825,1658,1662,London,London,Middlesex,NA,NA,NA
14083,1663,1664,Kington,Worcestershire,Worcestershire,Kington,NA,24663
14092,1656,1660,Wootton,Staffordshire,Staffordshire,NA,NA,NA
14148,1656,1660,London,London,Middlesex,NA,NA,NA
56,1660,1664,London,London,Middlesex,NA,NA,NA
88,1661,1664,St Sepulchre,London,Middlesex,St Sepulchre,ID_30058,NA
525,1658,1664,London,London,Middlesex,NA,NA,NA
1113,1661,1663,Weymouth,Dorset,Dorset,Weymouth,NA,49218
2002,1662,1664,Chiddingfold,Surrey,Surrey,Chiddingfold,NA,9105
2703,1663,1664,London,London,Middlesex,NA,NA,NA
3123,1661,1664,Haridon,Northamptonshire,Northamptonshire,NA,NA,NA
4152,1662,1664,London,London,Middlesex,NA,NA,NA
4484,1664,1664,St Botolph Aldgate,Middlesex,Middlesex,St Botolph Aldgate,ID_30153,NA
5340,1664,1664,Stapleton,Yorkshire,Yorkshire,NA,NA,NA
5786,1661,1664,Lewson,Lancashire,Lancashire,NA,NA,NA
5787,1661,1664,Lewson,Lancashire,Lancashire,NA,NA,NA
6670,1659,1663,Manchester,Lancashire,Lancashire,Manchester,NA,29251
7137,1660,1664,Stepney,Middlesex,Middlesex,St Dunstan Stepney,ID_30169,NA
9056,1657,1664,Awsworth,Nottinghamshire,Nottinghamshire,Awsworth,NA,1755
9277,1663,1664,Wricksome,Denbighshire,Denbighshire,NA,NA,NA
10190,1663,1664,London,London,Middlesex,NA,NA,NA
10191,1663,1663,London,London,Middlesex,NA,NA,NA
11334,1660,1664,Stifford,Essex,Essex,NA,NA,NA
11366,1663,1664,Wapping,Middlesex,Middlesex,St John Wapping,ID_30182,NA
12832,1661,1663,London,London,Middlesex,NA,NA,NA
13025,1661,1664,Basingstoke,Hampshire,Hampshire,Basingstoke,NA,2707
13454,1662,1664,Lenton,Nottinghamshire,Nottinghamshire,Lenton,NA,26037
13780,NA,1664,Mitcham,Surrey,Surrey,Mitcham,NA,30776
256,1664,1667,Stepney,Middlesex,Middlesex,St Dunstan Stepney,ID_30169,NA
445,1661,1665,Bridewell Precinct,London,Middlesex,Precinct of Bridewell,ID_30050,NA
751,1667,1668,Shadwell,Middlesex,Middlesex,St Paul Shadwell,ID_30184,NA
753,1666,1666,London,London,Middlesex,NA,NA,NA
853,1664,1668,Bilton,Warwickshire,Warwickshire,Bilton,NA,3683
883,1662,1666,Hardwick,Warwickshire,Warwickshire,NA,NA,NA
994,1660,1667,Bebside,Northumberland,Northumberland,Bebside,NA,2952
1296,1661,1665,Sutton Poyntz,Dorset,Dorset,Sutton Poyntz,NA,43394
1575,1662,1664,Rochdale,Lancashire,Lancashire,Rochdale,NA,38278
1648,1663,1666,London,London,Middlesex,NA,NA,NA
3037,1665,1666,Pambarine,Hampshire,Hampshire,NA,NA,NA
3360,1664,1665,Stepney,Middlesex,Middlesex,St Dunstan Stepney,ID_30169,NA
3530,1665,1666,St Andrew Holborn,Middlesex,Middlesex,St Andrew Holborn,ID_127848,NA
3585,1661,1667,"Linderidge, Desford",Leicestershire,Leicestershire,NA,NA,NA
4430,1663,1666,Crookthorne,Westmorland,Westmorland,NA,NA,NA
4486,1664,1667,St Margaret Borthwick,London,Middlesex,NA,NA,NA
4511,1665,1667,Mirley cum Maintree,Essex,Essex,NA,NA,NA
4790,1664,1666,London,London,Middlesex,NA,NA,NA
4836,1662,1666,London,London,Middlesex,NA,NA,NA
5328,1661,1666,Colchester,Essex,Essex,Colchester,NA,10252
5671,1663,1666,Ramsey,Huntingdonshire,Huntingdonshire,Ramsey,NA,37376
5724,1663,1665,Coller,Herefordshire,Herefordshire,NA,NA,NA
5802,1658,1666,London,London,Middlesex,NA,NA,NA
5880,1664,1666,Stepney,Middlesex,Middlesex,St Dunstan Stepney,ID_30169,NA
5886,1660,1665,Stourmouth,Kent,Kent,Stourmouth,NA,63699
6279,1662,1667,Stepney,Middlesex,Middlesex,St Dunstan Stepney,ID_30169,NA
6443,1663,1664,London,London,Middlesex,NA,NA,NA
6570,1661,1667,Westminster,Middlesex,Middlesex,NA,NA,NA
6719,1661,1662,Newcastle upon Tyne,Northumberland,Northumberland,Newcastle upon Tyne,NA,32435
6897,1664,1667,London,London,Middlesex,NA,NA,NA
7495,1664,1666,Stepney,Middlesex,Middlesex,St Dunstan Stepney,ID_30169,NA
7549,1660,1665,Witton,Warwickshire,Warwickshire,Witton,NA,50343
7619,1663,1668,London,London,Middlesex,NA,NA,NA
7783,1662,1664,West Cowes,Isle of Wight,Hampshire,NA,NA,NA
7923,1665,1667,Little Tew,Oxfordshire,Oxfordshire,Little Tew,NA,26814
8399,1662,1667,Northam,Devon,Devon,Northam,NA,33283
8605,1662,1666,St Mary Whitechapel,Middlesex,Middlesex,St Mary Whitechapel,ID_127867,NA
8625,1661,1666,Heworthshoare,County Durham,County Durham,NA,NA,NA
8679,1663,1666,Blackwall,Middlesex,Middlesex,Blackwall,NA,4114
8970,1663,1668,Grimsby,Lincolnshire,Lincolnshire,Grimsby,NA,19177
9175,1660,1666,London,London,Middlesex,NA,NA,NA
9292,1658,1665,Lenton,Gloucestershire,Gloucestershire,NA,NA,NA
9317,1663,1666,Norwicke,Cheshire,Cheshire,NA,NA,NA
9628,1664,1666,Whitechapel,Middlesex,Middlesex,St Mary Whitechapel,ID_127867,NA
9736,1663,1667,London,London,Middlesex,NA,NA,NA
9893,1663,1664,Blackwall,Middlesex,Middlesex,Blackwall,NA,4114
9944,1663,1666,Corfe,Dorset,Dorset,NA,NA,NA
10155,1659,1666,Witney,Oxfordshire,Oxfordshire,Witney,NA,50334
10225,1665,1668,London,London,Middlesex,NA,NA,NA
10716,1664,1666,Astley,Lancashire,Lancashire,Astley,NA,1522
11337,1660,1667,Gloucester,Gloucestershire,Gloucestershire,Gloucester,NA,17982
11468,1660,1665,St Martin in the Fields,Middlesex,Middlesex,St Martin in the Fields,ID_30034,NA
11810,1663,1665,Windsor,Berkshire,Berkshire,Windsor,NA,50086
11840,1662,1666,Twickenham,Middlesex,Middlesex,Twickenham,NA,46439
12297,1662,1667,Upmister,Essex,Essex,NA,NA,NA
12298,1662,1667,Upmister,Essex,Essex,NA,NA,NA
12367,1661,1665,Hornsey,Middlesex,Middlesex,Hornsey,NA,22792
12373,1661,1667,Castlemorton,Worcestershire,Worcestershire,Castlemorton,NA,8259
12680,1659,1666,London,London,Middlesex,NA,NA,NA
12873,1658,1664,Collompton,Devon,Devon,NA,NA,NA
12982,1667,1668,Stourbridge,Worcestershire,Worcestershire,Stourbridge,NA,42791
13065,1664,1666,Winchcombe,Gloucestershire,Gloucestershire,Winchcombe,NA,50044
13172,1662,1667,London,London,Middlesex,NA,NA,NA
13207,1664,1665,St Botolph Aldgate,London,Middlesex,St Botolph Aldgate,ID_30153,NA
13272,1665,1667,Stepney,Middlesex,Middlesex,St Dunstan Stepney,ID_30169,NA
13399,1664,1667,St Olave Southwark,Surrey,Surrey,St Olave Southwark,ID_30002,NA
13592,1660,1665,Henley upon Thames,Oxfordshire,Oxfordshire,Henley on Thames,NA,21225
13753,1663,1666,Shadwell,Middlesex,Middlesex,St Paul Shadwell,ID_30184,NA
14009,1661,1666,London,London,Middlesex,NA,NA,NA
14073,1666,1667,London,London,Middlesex,NA,NA,NA
302,1662,1664,Walton,Surrey,Surrey,NA,NA,NA
1057,1662,1664,London,London,Middlesex,NA,NA,NA
2074,NA,1665,St Edes,Cambridgeshire,Cambridgeshire,NA,NA,NA
3582,1661,1665,Marlborough,Wiltshire,Wiltshire,Marlborough,NA,29474
3741,1664,1665,London,London,Middlesex,NA,NA,NA
3805,1660,1666,London,London,Middlesex,NA,NA,NA
5527,1662,1664,Windsor,Berkshire,Berkshire,Windsor,NA,50086
6721,1660,1664,Chitham,Kent,Kent,NA,NA,NA
8334,1661,1665,Tarbicke,Worcestershire,Worcestershire,NA,NA,NA
9340,1664,1664,Tinwell,Rutland,Rutland,Tinwell,NA,44984
10012,1660,1664,Burfield,Berkshire,Berkshire,NA,NA,NA
12567,1659,1664,Rugby,Warwickshire,Warwickshire,Rugby,NA,38805
185,1659,1664,St Clement Danes,Middlesex,Middlesex,St Clement Danes,ID_30015,NA
222,1657,1664,Braintree,Essex,Essex,Braintree,NA,5267
355,1660,1664,Wootton Subredge,Gloucestershire,Gloucestershire,NA,NA,NA
457,1660,1664,Greenwich,Kent,Kent,Greenwich,NA,19085
585,1661,1664,London,London,Middlesex,NA,NA,NA
623,1660,1663,St Bride,London,Middlesex,St Bride,ID_30049,NA
703,1663,1664,Harfgrave,Yorkshire,Yorkshire,NA,NA,NA
928,1661,NA,Bardsey Hill,Yorkshire,Yorkshire,NA,NA,NA
1176,1660,1663,Weedon,Northamptonshire,Northamptonshire,NA,NA,NA
1217,1659,1664,Guildford,Surrey,Surrey,Guildford,NA,19326
1223,1661,1664,St Botolph Aldgate,Middlesex,Middlesex,St Botolph Aldgate,ID_30153,NA
1517,1657,1663,Buckingham,Buckinghamshire,Buckinghamshire,Buckingham,NA,6650
1518,1658,1663,Buckingham,Buckinghamshire,Buckinghamshire,Buckingham,NA,6650
1524,1662,1664,Wapping,Middlesex,Middlesex,St John Wapping,ID_30182,NA
1612,1657,1664,Great Marlow,Buckinghamshire,Buckinghamshire,Great Marlow,NA,58984
1628,1662,1664,NA,Berkshire,Berkshire,NA,NA,NA
1734,1659,1663,London,London,Middlesex,NA,NA,NA
2412,1661,1663,Coventry,Warwickshire,Warwickshire,Coventry,NA,11138
2646,NA,1664,Chelmsford,Essex,Essex,Chelmsford,NA,8959
2773,1659,1664,St Andrew Holborn,Middlesex,Middlesex,St Andrew Holborn,ID_127848,NA
2799,1661,1663,Chipping Warden,Northamptonshire,Northamptonshire,Chipping Warden,NA,9213
3082,1661,1664,"Borough, Southwark",Surrey,Surrey,NA,NA,NA
3340,1660,1664,London,London,Middlesex,NA,NA,NA
3352,1663,1664,Cufford,Hampshire,Hampshire,NA,NA,NA
3371,1661,1663,NA,Northamptonshire,Northamptonshire,NA,NA,NA
3770,1662,1664,Doncaster,Yorkshire,Yorkshire,Doncaster,NA,13310
3787,1663,1664,Kidderminster,Worcestershire,Worcestershire,Kidderminster,NA,24239
3934,1661,1664,Drayton Beauchamp,Buckinghamshire,Buckinghamshire,Drayton Beauchamp,NA,289797
4266,1661,1664,Oundle,Northamptonshire,Northamptonshire,Oundle,NA,34212
4530,1660,1667,Goodrich,Herefordshire,Herefordshire,Goodrich,NA,18164
4552,1662,1664,Skidlington,Bedfordshire,Bedfordshire,NA,NA,NA
4754,1660,1664,Lincoln,Lincolnshire,Lincolnshire,Lincoln,NA,26300
4818,1657,1664,Lynn,Norfolk,Norfolk,King's Lynn,NA,24492
4941,1660,1664,Ipswich,Suffolk,Suffolk,Ipswich,NA,23691
5035,1661,1664,Cambridge,Cambridgeshire,Cambridgeshire,Cambridge,NA,7642
5057,1662,1663,Cow Lane,Middlesex,Middlesex,NA,NA,NA
5266,1660,1664,London,London,Middlesex,NA,NA,NA
5439,1662,1664,Caversfield,Buckinghamshire,Buckinghamshire,NA,NA,NA
5546,1660,1663,London,London,Middlesex,NA,NA,NA
5619,1663,1664,Basingstoke,Hampshire,Hampshire,Basingstoke,NA,2707
6238,1657,1663,London,London,Middlesex,NA,NA,NA
6410,1659,1664,Gotherington,Gloucestershire,Gloucestershire,Gotherington,NA,18326
6411,1657,1663,Westminster,Middlesex,Middlesex,NA,NA,NA
6700,1658,1663,London,London,Middlesex,NA,NA,NA
6810,1657,1664,Dover,Kent,Kent,Dover,NA,13407
6872,1660,1664,London,London,Middlesex,NA,NA,NA
7130,1660,1663,Frome Selwood,Somerset,Somerset,NA,NA,NA
7138,1660,1664,London,London,Middlesex,NA,NA,NA
7357,1660,1664,London,London,Middlesex,NA,NA,NA
7535,1656,1663,Great Yarmouth,Norfolk,Norfolk,Great Yarmouth,NA,18774
7598,1657,1664,Westbury,Gloucestershire,Gloucestershire,NA,NA,NA
7614,1662,1664,Southwark,Surrey,Surrey,NA,NA,NA
7894,1657,1664,Westminster,Middlesex,Middlesex,NA,NA,NA
8084,1658,1663,Pinkle,Staffordshire,Staffordshire,NA,NA,NA
8653,1662,1663,Norwich,Norfolk,Norfolk,Norwich,NA,33455
8684,1660,1663,Salisbury Court,Middlesex,Middlesex,St Bride,ID_30049,NA
8705,1663,1663,London,London,Middlesex,NA,NA,NA
8825,1662,1664,London,London,Middlesex,NA,NA,NA
8873,1663,1663,London,London,Middlesex,NA,NA,NA
9105,1661,1664,Mowsley,Leicestershire,Leicestershire,Mowsley,NA,31448
9124,1663,1664,Mountnessing,Essex,Essex,Mountnessing,NA,31428
9223,1658,1664,Carlisle,Cumberland,Cumberland,Carlisle,NA,7942
9267,1660,1663,Brocknes,Hampshire,Hampshire,NA,NA,NA
9580,1663,1664,Wapping,Middlesex,Middlesex,St John Wapping,ID_30182,NA
9783,1660,1663,South Marston,Wiltshire,Wiltshire,South Marston,NA,41210
9933,1662,1664,London,London,Middlesex,NA,NA,NA
10106,1661,1664,London,London,Middlesex,NA,NA,NA
10120,1662,1664,London,London,Middlesex,NA,NA,NA
10352,1662,1664,London,London,Middlesex,NA,NA,NA
10475,1663,1664,Bilborough,Nottinghamshire,Nottinghamshire,Bilborough,NA,3627
10500,1658,1663,Kingsdown,Kent,Kent,Kingsdown,NA,NA
10737,1657,1663,Westminster,Middlesex,Middlesex,NA,NA,NA
10752,1657,1663,Tidbury,Staffordshire,Staffordshire,NA,NA,NA
11244,1659,1664,Abbot's Langley,Hertfordshire,Hertfordshire,NA,NA,NA
11323,1661,NA,Atkinton,Sussex,Sussex,NA,NA,NA
11421,1663,1665,Melton Mowbray,Leicestershire,Leicestershire,Melton Mowbray,NA,29987
11835,1659,1664,Ketlington,Oxfordshire,Oxfordshire,NA,NA,NA
11903,1660,1664,London,London,Middlesex,NA,NA,NA
12050,1660,1664,Reading,Berkshire,Berkshire,Reading,NA,37532
12236,1655,1664,Hadlowe,Kent,Kent,NA,NA,NA
12826,1660,1664,St Botolph Aldgate,London,Middlesex,St Botolph Aldgate,ID_30153,NA
12957,1658,1664,London,London,Middlesex,NA,NA,NA
13044,1663,NA,London,London,Middlesex,NA,NA,NA
13137,1662,1663,Boston,Lincolnshire,Lincolnshire,Boston,NA,4794
13175,1661,1663,Hackney,Middlesex,Middlesex,Hackney,NA,19524
13198,1662,1663,Northicke,Gloucestershire,Gloucestershire,NA,NA,NA
13613,1662,1664,London,London,Middlesex,NA,NA,NA
13806,1658,1664,Carmarthen,Carmarthenshire,Carmarthenshire,Carmarthen,NA,7443
13960,1662,1664,Chalgrove,Oxfordshire,Oxfordshire,Chalgrove,NA,8625
13991,1661,1663,Whitefriars,London,Middlesex,Precinct of Whitefriars,ID_30048,NA
367,1662,1664,Shepshed,Leicestershire,Leicestershire,Shepshed,NA,40066
424,1659,1664,Wensley,Yorkshire,Yorkshire,Wensley,NA,48366
517,1659,1664,London,London,Middlesex,NA,NA,NA
692,1660,1665,London,London,Middlesex,NA,NA,NA
942,1662,1664,Southwark,Surrey,Surrey,NA,NA,NA
1046,1663,1664,St Giles in the Fields,Middlesex,Middlesex,St Giles in the Fields,ID_30018,NA
1274,1663,1664,London,London,Middlesex,NA,NA,NA
1335,1663,1664,London,London,Middlesex,NA,NA,NA
1400,1664,1665,London,London,Middlesex,NA,NA,NA
1467,1660,1664,High Wycombe,Buckinghamshire,Buckinghamshire,High Wycombe,NA,21631
1622,1660,1664,Shere,Surrey,Surrey,Shere,NA,40085
1625,1660,1664,Aston,Cheshire,Cheshire,Aston,NA,NA
1859,1662,1664,Aldeburgh,Suffolk,Suffolk,Aldeburgh,NA,535
2015,1660,1664,London,London,Middlesex,NA,NA,NA
2475,1663,1664,London,London,Middlesex,NA,NA,NA
2990,1660,1664,Whepstead,Suffolk,Suffolk,Whepstead,NA,49315
3006,1659,1664,Nottingham,Nottinghamshire,Nottinghamshire,Nottingham,NA,33480
3074,1661,1665,London,London,Middlesex,NA,NA,NA
3653,1662,1664,Little Dean,Gloucestershire,Gloucestershire,NA,NA,NA
3779,1661,1665,Didbrook,Gloucestershire,Gloucestershire,Didbrook,NA,13053
4180,1663,1665,London,London,Middlesex,NA,NA,NA
4352,1659,1664,London,London,Middlesex,NA,NA,NA
4472,NA,1664,Brackenthwaite,Cumberland,Cumberland,NA,NA,NA
5209,1660,1664,London,London,Middlesex,NA,NA,NA
5289,1664,1664,St Clement,Middlesex,Middlesex,St Clement Danes,ID_30015,NA
5290,1664,1664,St Clement,Middlesex,Middlesex,St Clement Danes,ID_30015,NA
5511,1661,1664,Salisbury,Wiltshire,Wiltshire,Salisbury,NA,39066
5542,1661,1664,St Botolph Aldgate,London,Middlesex,St Botolph Aldgate,ID_30153,NA
5632,1661,1665,West Tilbury,Essex,Essex,West Tilbury,NA,48823
5656,1661,1665,Rochdale,Lancashire,Lancashire,Rochdale,NA,38278
5918,1661,1665,Ratcliff,Middlesex,Middlesex,Ratcliffe,ID_30177,NA
6159,1663,1664,Netherhaven,Wiltshire,Wiltshire,NA,NA,NA
6429,1662,1664,Manchester,Lancashire,Lancashire,Manchester,NA,29251
6431,1662,1664,St Saviour,Surrey,Surrey,St Saviour Southwark,ID_30001,NA
6743,1663,1665,Limehouse,Middlesex,Middlesex,St Anne Limehouse,ID_30176,NA
6950,1662,1664,London,London,Middlesex,NA,NA,NA
7115,1659,1665,London,London,Middlesex,NA,NA,NA
7120,1662,1665,NA,Herefordshire,Herefordshire,NA,NA,NA
7151,1658,1664,New Sarum,Wiltshire,Wiltshire,NA,NA,NA
7326,1661,1665,Ratcliff,Middlesex,Middlesex,Ratcliffe,ID_30177,NA
7424,1661,1665,Stanford-le-Hope,Essex,Essex,Stanford le Hope,NA,42075
7973,1663,1664,St Sepulchre,Middlesex,Middlesex,St Sepulchre,ID_30058,NA
7992,1663,1664,Pipe Ridware,Staffordshire,Staffordshire,Pipe Ridware,NA,35951
8128,1663,1665,St Botolph Bishopsgate,London,Middlesex,St Botolph Bishopsgate,ID_127859,NA
8241,1661,1665,Harpole,Northamptonshire,Northamptonshire,Harpole,NA,20277
8373,1659,1664,London,London,Middlesex,NA,NA,NA
8380,1662,1665,Blackfriars,London,Middlesex,St Anne Blackfriars,ID_30055,NA
8385,1661,1664,London,London,Middlesex,NA,NA,NA
8439,1662,1664,Wallingford,Berkshire,Berkshire,Wallingford,NA,47569
8673,1659,1664,London,London,Middlesex,NA,NA,NA
8807,1661,1665,Knowsley,Lancashire,Lancashire,Knowsley,NA,25155
8832,1663,1664,London,London,Middlesex,NA,NA,NA
8980,1663,1665,Nottingham,Nottinghamshire,Nottinghamshire,Nottingham,NA,33480
9007,1661,1665,Moorfields,Middlesex,Middlesex,St Stephen Coleman Street,ID_30102,NA
9637,1661,1664,Wolverhampton,Staffordshire,Staffordshire,Wolverhampton,NA,50404
9692,1664,1665,Mitchell Paine,Gloucestershire,Gloucestershire,NA,NA,NA
9882,1660,1664,London,London,Middlesex,NA,NA,NA
9995,1658,1665,Goudhurst,Kent,Kent,Goudhurst,NA,18330
10267,1659,1664,St Mary Magdalen,Surrey,Surrey,St Mary Magdalen Bermondsey,ID_30004,NA
10460,1661,1664,Mucklestone,Staffordshire,Staffordshire,Mucklestone,NA,31473
10489,1661,1664,London,London,Middlesex,NA,NA,NA
11031,1663,1664,Eastbourne,Surrey,Surrey,NA,NA,NA
11120,1662,1664,London,London,Middlesex,NA,NA,NA
11227,1661,1664,Newport Pagnell,Buckinghamshire,Buckinghamshire,Newport Pagnell,NA,32580
11424,1658,1665,St Peter Paul's Wharf,London,Middlesex,St Peter Paul's Wharf,ID_30063,NA
11557,1660,1665,Westminster,Middlesex,Middlesex,NA,NA,NA
11566,1658,1665,Bridstow,Herefordshire,Herefordshire,Bridstow,NA,5691
11826,1659,1664,Uplamborne,Berkshire,Berkshire,NA,NA,NA
11853,1657,1664,Iver,Buckinghamshire,Buckinghamshire,Iver,NA,23776
11992,1658,1665,Horsleydown,Surrey,Surrey,St John Horselydown,ID_30003,NA
11996,1660,1664,Ecton,Northamptonshire,Northamptonshire,Ecton,NA,14746
12131,1661,1665,Ratcliff,Middlesex,Middlesex,Ratcliffe,ID_30177,NA
12561,1660,1664,Chipston on Stower,Worcestershire,Worcestershire,NA,NA,NA
12673,NA,1665,London,London,Middlesex,NA,NA,NA
12719,1664,1665,St Leonard Shoreditch,Middlesex,Middlesex,St Leonard Shoreditch,ID_30170,NA
13120,1662,1665,London,London,Middlesex,NA,NA,NA
13144,1657,1664,St Olave Southwark,Surrey,Surrey,St Olave Southwark,ID_30002,NA
13274,1661,1664,Action,Middlesex,Middlesex,NA,NA,NA
13352,1663,1665,Thames Street,London,Middlesex,NA,NA,NA
13603,1659,1665,Rotherhithe,Surrey,Surrey,St Mary Rotherhithe,ID_30008,NA
13619,1660,1664,Trowell,Nottinghamshire,Nottinghamshire,Trowell,NA,46237
13684,1659,1664,Peckleton,Leicestershire,Leicestershire,Peckleton,NA,34939
13691,1663,1664,St Clement Danes,Middlesex,Middlesex,St Clement Danes,ID_30015,NA
542,1662,1664,Priors Hardwick,Warwickshire,Warwickshire,Priors Hardwick,NA,36923
691,1659,1664,Amstree,Hertfordshire,Hertfordshire,NA,NA,NA
2329,1661,1665,Worcester,Worcestershire,Worcestershire,Worcester,NA,50943
4282,1662,1664,Southwark,Middlesex,Middlesex,NA,NA,NA
5464,1657,1664,London,London,Middlesex,NA,NA,NA
5602,1660,1662,London,London,Middlesex,NA,NA,NA
5913,1662,1665,Southwark,Surrey,Surrey,NA,NA,NA
6535,1662,1665,London,London,Middlesex,NA,NA,NA
6598,1660,1664,Foxes Lane,Middlesex,Middlesex,St Paul Shadwell,ID_30184,NA
7561,1659,1664,London,London,Middlesex,NA,NA,NA
7636,1660,1665,Blackburn,Lancashire,Lancashire,Blackburn,NA,3996
8403,1661,1664,St Martin in the Fields,Middlesex,Middlesex,St Martin in the Fields,ID_30034,NA
8996,1659,1664,Bishopsgate Street,London,Middlesex,NA,NA,NA
9148,1662,1665,Shoe Lane,London,Middlesex,NA,NA,NA
9150,1662,1664,Deddington,Oxfordshire,Oxfordshire,Deddington,NA,12809
9553,1664,1664,Rougham,Norfolk,Norfolk,Rougham,NA,38608
10583,1662,1665,London,London,Middlesex,NA,NA,NA
11465,1660,1664,Albury,Surrey,Surrey,Albury,NA,511
11978,1658,1665,Pitsford,Northamptonshire,Northamptonshire,Pitsford,NA,36010
12446,1662,1665,Ratcliff,Middlesex,Middlesex,Ratcliffe,ID_30177,NA
12506,1662,1664,Aldersgate Street,London,Middlesex,NA,NA,NA
12952,1661,1665,Ely,Cambridgeshire,Cambridgeshire,Ely,NA,15168
13414,1661,1664,Bingley,Warwickshire,Warwickshire,NA,NA,NA
13660,1659,1664,Church Wootton,Warwickshire,Warwickshire,NA,NA,NA
14235,1662,NA,London,London,Middlesex,NA,NA,NA
87,1663,1665,London,London,Middlesex,NA,NA,NA
773,1663,1665,London,London,Middlesex,NA,NA,NA
1224,1664,1665,Kingston upon Thames,Surrey,Surrey,Kingston upon Thames,NA,24629
2553,1660,1666,London,London,Middlesex,NA,NA,NA
2995,1660,1665,London,London,Middlesex,NA,NA,NA
3088,1661,1665,West Deeping,Lincolnshire,Lincolnshire,West Deeping,NA,48511
3559,1662,1665,London,London,Middlesex,NA,NA,NA
3569,1661,1666,London,London,Middlesex,NA,NA,NA
3786,1659,1664,Horsleydown,Surrey,Surrey,St John Horselydown,ID_30003,NA
5071,1663,1665,London,London,Middlesex,NA,NA,NA
5564,1659,1666,Westbourne,Suffolk,Suffolk,Westbourne,NA,48882
5610,1661,1665,London,London,Middlesex,NA,NA,NA
6734,1662,NA,St Botolph Aldgate,London,Middlesex,St Botolph Aldgate,ID_30153,NA
6920,1662,1665,Market Bosworth,Leicestershire,Leicestershire,Market Bosworth,NA,29444
6969,1659,1666,Coventry,Warwickshire,Warwickshire,Coventry,NA,11138
7799,1661,1665,London,London,Middlesex,NA,NA,NA
8237,1664,1665,Forest Michelden,Gloucestershire,Gloucestershire,NA,NA,NA
9468,1659,1665,London,London,Middlesex,NA,NA,NA
9561,1662,1666,London,London,Middlesex,NA,NA,NA
9735,1663,1665,London,London,Middlesex,NA,NA,NA
9919,1661,1665,South Mimms,Middlesex,Middlesex,South Mimms,NA,41215
9920,1661,1666,South Mimms,Middlesex,Middlesex,South Mimms,NA,41215
9951,1665,1666,Newport Pagnell,Buckinghamshire,Buckinghamshire,Newport Pagnell,NA,32580
10523,1658,1665,Adstone,Northamptonshire,Northamptonshire,Adstone,NA,396
10829,1666,1666,Twyford,Berkshire,Berkshire,Twyford,NA,46483
10850,1663,1666,London,London,Middlesex,NA,NA,NA
10931,1664,1666,London,London,Middlesex,NA,NA,NA
11117,1662,1666,London,London,Middlesex,NA,NA,NA
11136,NA,1666,Furnival's Inn,London,Middlesex,Furnival's Inn,ID_127852,NA
11446,1659,1665,Edmundsbury,Suffolk,Suffolk,NA,NA,NA
11584,1662,1666,Tamworth,Staffordshire,Staffordshire,Tamworth,NA,43773
13193,1662,NA,London,London,Middlesex,NA,NA,NA
13799,1661,1666,Lasnonfreete,Radnorshire,Radnorshire,NA,NA,NA
14229,1662,1666,Thurnham,Lancashire,Lancashire,Thurnham,NA,64170
14262,1659,NA,Chewton,Somerset,Somerset,NA,NA,NA
64,1660,1667,London,London,Middlesex,NA,NA,NA
576,1665,1667,Stepney,Middlesex,Middlesex,St Dunstan Stepney,ID_30169,NA
1160,1662,1667,South Mimms,Middlesex,Middlesex,South Mimms,NA,41215
1359,1662,1667,Thurney,Buckinghamshire,Buckinghamshire,NA,NA,NA
1705,1661,1666,Stock,Staffordshire,Staffordshire,NA,NA,NA
1836,1661,1667,Fulmer,Buckinghamshire,Buckinghamshire,Fulmer,NA,17134
2064,1665,1667,Leicester,Leicestershire,Leicestershire,Leicester,NA,25957
2223,1664,1666,St Martin in the Fields,Middlesex,Middlesex,St Martin in the Fields,ID_30034,NA
2479,1661,1666,Walesby,Nottinghamshire,Nottinghamshire,Walesby,NA,47499
2543,1663,1666,St Clement Danes,Middlesex,Middlesex,St Clement Danes,ID_30015,NA
3054,1663,1666,NA,Leicestershire,Leicestershire,NA,NA,NA
3663,1663,1666,Covent Garden,Middlesex,Middlesex,St Paul Covent Garden,ID_30031,NA
4224,1661,1666,Stratford on Avon,Warwickshire,Warwickshire,Stratford upon Avon,NA,295196
4227,1664,1667,London,London,Middlesex,NA,NA,NA
4814,1662,1667,Andover,Hampshire,Hampshire,Andover,NA,914
5164,1663,1666,South Mimms,Middlesex,Middlesex,South Mimms,NA,41215
5677,1661,1666,Stepney,Middlesex,Middlesex,St Dunstan Stepney,ID_30169,NA
6194,1662,1666,Derby,Derbyshire,Derbyshire,Derby,NA,12974
7804,1661,1667,Assin,Buckinghamshire,Buckinghamshire,NA,NA,NA
8094,1662,1667,London,London,Middlesex,NA,NA,NA
9688,1663,1667,Kingsclere,Hampshire,Hampshire,Kingsclere,NA,24531
9977,1664,1666,London,London,Middlesex,NA,NA,NA
10244,1661,1666,Twickenham,Middlesex,Middlesex,Twickenham,NA,46439
11288,1662,1666,London,London,Middlesex,NA,NA,NA
11523,1664,1666,Ratcliff,Middlesex,Middlesex,Ratcliffe,ID_30177,NA
11701,1662,1667,Coventry,Warwickshire,Warwickshire,Coventry,NA,11138
11926,1660,1667,Mortlake,Surrey,Surrey,Mortlake,NA,31205
12166,1663,1666,Wigan,Lancashire,Lancashire,Wigan,NA,49798
12817,1660,1666,Wrightbridge,Essex,Essex,NA,NA,NA
12897,1662,1667,Stenly,Worcestershire,Worcestershire,NA,NA,NA
13510,1661,1666,Offley,Hertfordshire,Hertfordshire,Offley,NA,61872
8,1660,1666,London,London,Middlesex,NA,NA,NA
178,1666,1666,St Olave Southwark,Surrey,Surrey,St Olave Southwark,ID_30002,NA
446,1659,1667,Tower Wharf,London,Middlesex,The Tower,ID_127864,NA
951,1664,1666,Upton,Huntingdonshire,Huntingdonshire,Upton,NA,47183
953,1661,1667,Cledgden,Hampshire,Hampshire,NA,NA,NA
1024,1663,1666,Shrewsbury,Shropshire,Shropshire,Shrewsbury,NA,40345
1285,1662,1666,Castle Combe,Wiltshire,Wiltshire,Castle Combe,NA,8206
1471,1661,1667,Woodbridge,Suffolk,Suffolk,Woodbridge,NA,50506
1997,1664,1667,Reading,Berkshire,Berkshire,Reading,NA,37532
2176,1665,1666,Wapping,Middlesex,Middlesex,St John Wapping,ID_30182,NA
2237,1663,1667,Chertsey,Surrey,Surrey,Chertsey,NA,9021
3235,1660,1667,London,London,Middlesex,NA,NA,NA
3811,1664,1666,Cawood,Yorkshire,Yorkshire,Cawood,NA,8433
4073,1666,1667,Gloucester,Gloucestershire,Gloucestershire,Gloucester,NA,17982
5526,1664,1667,Newbury,Berkshire,Berkshire,Newbury,NA,32415
6158,1662,1666,Hendred,Berkshire,Berkshire,NA,NA,NA
6389,1661,1666,Deptford,Kent,Kent,Deptford,NA,12973
7008,1659,1666,Much Holland,Essex,Essex,NA,NA,NA
7563,1664,1666,London,London,Middlesex,NA,NA,NA
7573,1663,1667,Poplar,Middlesex,Middlesex,Poplar,ID_30173,NA
9386,1661,1666,Duke's Place,London,Middlesex,St James Duke Street,ID_30155,NA
9479,1661,1666,Shrivenham,Berkshire,Berkshire,Shrivenham,NA,40348
10057,1663,1666,Chiddingstone,Kent,Kent,Chiddingstone,NA,9107
10262,1664,1667,Kensington,Middlesex,Middlesex,St Anne Kensington,ID_127870,NA
10484,1662,1666,Little Oakley,Northamptonshire,Northamptonshire,Little Oakley,NA,26734
10678,1665,1667,Montgomery,Montgomeryshire,Montgomeryshire,Montgomery,NA,30951
11027,1662,1666,Ipswich,Suffolk,Suffolk,Ipswich,NA,23691
11902,1663,1667,Mayle,Lancashire,Lancashire,NA,NA,NA
11934,1661,1667,Stretton,Cheshire,Cheshire,NA,NA,NA
12165,1660,1666,Stoke,Nottinghamshire,Nottinghamshire,NA,NA,NA
12177,1660,1666,Sprignell,Yorkshire,Yorkshire,NA,NA,NA
12359,1663,1667,Drury Lane,Middlesex,Middlesex,NA,NA,NA
14048,1661,1666,Brooke,Rutland,Rutland,Brooke,NA,6157
57,1660,1667,London,London,Middlesex,NA,NA,NA
80,1664,1666,Kingston upon Hull,Yorkshire,Yorkshire,Kingston upon Hull,NA,24628
150,1661,1666,Twickenham,Middlesex,Middlesex,Twickenham,NA,46439
219,1663,1667,Rotherhithe,Surrey,Surrey,St Mary Rotherhithe,ID_30008,NA
252,1661,1667,Wooston,Leicestershire,Leicestershire,NA,NA,NA
333,1663,1666,Westminster,Middlesex,Middlesex,NA,NA,NA
418,1664,1666,Queniborough,Leicestershire,Leicestershire,Queniborough,NA,37187
447,1666,1666,Wapping Wall,Middlesex,Middlesex,St John Wapping,ID_30182,NA
675,1664,1666,Little Chelsea,Middlesex,Middlesex,NA,NA,NA
1047,1663,1667,St Giles in the Fields,Middlesex,Middlesex,St Giles in the Fields,ID_30018,NA
1283,1662,1667,Covent Garden,Middlesex,Middlesex,St Paul Covent Garden,ID_30031,NA
1327,1663,1666,Chertsey,Surrey,Surrey,Chertsey,NA,9021
1457,1665,1667,Stony Stratford,Buckinghamshire,Buckinghamshire,Stony Stratford,NA,42745
2068,1665,1667,Stepney,Middlesex,Middlesex,St Dunstan Stepney,ID_30169,NA
2139,1664,1666,Wooburne,Buckinghamshire,Buckinghamshire,NA,NA,NA
2249,1661,1666,NA,Kent,Kent,NA,NA,NA
2731,1663,1666,Fawler,Oxfordshire,Oxfordshire,Fawler,NA,15911
2788,1664,1667,Colchester,Essex,Essex,Colchester,NA,10252
2891,1663,1667,Chichester,Sussex,Sussex,Chichester,NA,9094
3060,1666,1667,Forsbrook,Staffordshire,Staffordshire,Forsbrook,NA,16695
3238,1664,1667,Clapham,Surrey,Surrey,Clapham,NA,9592
3274,1660,1666,Teddington,Worcestershire,Worcestershire,Teddington,NA,43957
3361,1663,1666,Elford,Wiltshire,Wiltshire,NA,NA,NA
3729,1660,1667,Walsall,Staffordshire,Staffordshire,Walsall,NA,47612
3746,1662,1666,Coggeshall,Essex,Essex,Coggeshall,NA,10228
4027,1662,1667,London,London,Middlesex,NA,NA,NA
4344,1659,1666,NA,Bedfordshire,Bedfordshire,NA,NA,NA
4490,1661,1667,Lambeth,Surrey,Surrey,St Mary Lambeth,ID_127857,NA
4539,1664,1667,Houghton,Yorkshire,Yorkshire,NA,NA,NA
4741,1662,1666,London,London,Middlesex,NA,NA,NA
5285,1662,1667,Weekstrope,Northamptonshire,Northamptonshire,NA,NA,NA
5492,1664,1666,Cardiff,Glamorgan,Glamorgan,Cardiff,NA,7437
5899,1662,1667,London,London,Middlesex,NA,NA,NA
6040,1664,1667,London,London,Middlesex,NA,NA,NA
6047,1663,1667,London,London,Middlesex,NA,NA,NA
6120,1664,1667,London,London,Middlesex,NA,NA,NA
6403,1662,1666,London,London,Middlesex,NA,NA,NA
6936,1661,1667,Little Glen,Leicestershire,Leicestershire,NA,NA,NA
7065,1661,1667,Crosby,Lincolnshire,Lincolnshire,Crosby,NA,11729
7193,1664,1667,Keyell,Wiltshire,Wiltshire,NA,NA,NA
7610,1660,1666,Bubney,Shropshire,Shropshire,NA,NA,NA
7978,1660,1667,Silverstone,Northamptonshire,Northamptonshire,Silverstone,NA,40497
8009,1663,1667,Clent,Staffordshire,Staffordshire,NA,NA,NA
8090,1663,1667,London,London,Middlesex,NA,NA,NA
8261,1665,1666,East Peckham,Kent,Kent,East Peckham,NA,14432
8816,1665,1667,Highfield,Wiltshire,Wiltshire,NA,NA,NA
9319,1661,1666,Barwell,Leicestershire,Leicestershire,Barwell,NA,2682
9325,1662,1667,Broden,Leicestershire,Leicestershire,NA,NA,NA
9411,1666,1667,Flore,Northamptonshire,Northamptonshire,Flore,NA,16493
9461,1662,1667,Hexton,Hertfordshire,Hertfordshire,Hexton,NA,21413
9681,1661,1667,Wapping,Middlesex,Middlesex,St John Wapping,ID_30182,NA
9696,1663,1667,Hampton Bishop,Herefordshire,Herefordshire,Hampton Bishop,NA,19958
9845,1661,1666,Welstrop,Lincolnshire,Lincolnshire,NA,NA,NA
9855,1664,1666,Bexton,Cheshire,Cheshire,Bexton,NA,55918
9950,1661,1666,Dunstew,Oxfordshire,Oxfordshire,NA,NA,NA
10156,1661,1667,Antwich,Cheshire,Cheshire,NA,NA,NA
10181,1661,1666,London,London,Middlesex,NA,NA,NA
10199,1664,1666,Codicote,Hertfordshire,Hertfordshire,Codicote,NA,10165
10332,1662,1667,Ashton,Lancashire,Lancashire,NA,NA,NA
10572,1660,1667,Leicester,Leicestershire,Leicestershire,Leicester,NA,25957
10654,1663,1666,Midhurst,Sussex,Sussex,Midhurst,NA,30370
10688,1667,1667,Moulton,Northamptonshire,Northamptonshire,Moulton,NA,31335
11008,1662,1667,Headington,Oxfordshire,Oxfordshire,Headington,NA,20808
11160,1665,1667,Romford,Essex,Essex,Romford,NA,38417
11472,1664,1667,Hackney,Middlesex,Middlesex,Hackney,NA,19524
12275,1661,1666,Godalming,Surrey,Surrey,Godalming,NA,18044
12658,1662,1667,Henley upon Thames,Oxfordshire,Oxfordshire,Henley on Thames,NA,21225
12944,1665,1667,Collingbourne,Wiltshire,Wiltshire,NA,NA,NA
13267,1660,1666,Bradfurton,Worcestershire,Worcestershire,NA,NA,NA
13395,1662,1667,Stepney,Middlesex,Middlesex,St Dunstan Stepney,ID_30169,NA
13640,1662,1667,Grays Court,Oxfordshire,Oxfordshire,NA,NA,NA
13790,1664,1667,Brentford,Middlesex,Middlesex,Brentford,NA,5526
14006,1662,1667,Southampton,Hampshire,Hampshire,Southampton,NA,41322
518,1664,1669,St Katherine by the Tower,London,Middlesex,Precinct of St Katherine,ID_30181,NA
190,1663,1668,Damam,Essex,Essex,NA,NA,NA
1009,1666,1668,Reading,Berkshire,Berkshire,Reading,NA,37532
1028,1666,1668,Walton upon Thames,Surrey,Surrey,Walton upon Thames,NA,NA
1317,1664,1668,London,London,Middlesex,NA,NA,NA
1336,1664,1667,Gainsborough,Lincolnshire,Lincolnshire,Gainsborough,NA,17231
1852,1662,1668,Great St Bartholomew near West Smithfield,London,Middlesex,St Bartholomew the Great,ID_30059,NA
1981,1663,1667,London,London,Middlesex,NA,NA,NA
2042,1666,1668,Richmond,Middlesex,Middlesex,NA,NA,NA
2807,1664,1668,Little Peyton,Leicestershire,Leicestershire,NA,NA,NA
2909,1662,1667,Chichester,Sussex,Sussex,Chichester,NA,9094
3321,1665,1668,St Giles Cripplegate,London,Middlesex,St Giles Cripplegate,ID_30100,NA
3339,1666,1668,Bewdley,Worcestershire,Worcestershire,Bewdley,NA,3507
4072,1667,1668,Stratford on Avon,Warwickshire,Warwickshire,Stratford upon Avon,NA,295196
4547,1666,1668,London,London,Middlesex,NA,NA,NA
4698,1666,1668,St Olave Southwark,Surrey,Surrey,St Olave Southwark,ID_30002,NA
4854,1661,1668,"St Peter ad Vincula, Tower of London",London,Middlesex,The Tower,ID_127864,NA
4979,1663,1668,Forsett,Yorkshire,Yorkshire,NA,NA,NA
5294,1660,1668,London,London,Middlesex,NA,NA,NA
5882,1661,1668,Skelsmore,Westmorland,Westmorland,NA,NA,NA
5940,1660,1668,Thornbury,Gloucestershire,Gloucestershire,Thornbury,NA,44518
5961,1663,1668,London,London,Middlesex,NA,NA,NA
7867,1662,1668,London,London,Middlesex,NA,NA,NA
8011,1666,1667,Portsmouth,Hampshire,Hampshire,Portsmouth,NA,36626
8045,1663,1668,Talcott Royal,Wiltshire,Wiltshire,NA,NA,NA
8658,1665,1668,St Mary Whitechapel,Middlesex,Middlesex,St Mary Whitechapel,ID_127867,NA
8712,1663,1668,Romford,Essex,Essex,Romford,NA,38417
9304,1663,1668,Highgate,Middlesex,Middlesex,Highgate,NA,21782
9377,1667,1668,London,London,Middlesex,NA,NA,NA
9675,1666,1668,London,London,Middlesex,NA,NA,NA
10070,1666,1668,Howldmerr,Herefordshire,Herefordshire,NA,NA,NA
10093,1666,1668,Bishopsgate Street,London,Middlesex,NA,NA,NA
10695,1666,1668,Lufton,Oxfordshire,Oxfordshire,NA,NA,NA
13331,1662,1667,Dresston,Shropshire,Shropshire,NA,NA,NA
13671,1664,1668,Stepney,Middlesex,Middlesex,St Dunstan Stepney,ID_30169,NA
13749,1662,1668,Puckeridge,Hertfordshire,Hertfordshire,Puckeridge,NA,36957
13792,1666,1668,St Olave Southwark,Surrey,Surrey,St Olave Southwark,ID_30002,NA
13890,1661,1667,London,London,Middlesex,NA,NA,NA
14012,1663,1667,Whitwick,Leicestershire,Leicestershire,Whitwick,NA,49688
14013,1665,1668,Barcombe,Sussex,Sussex,Barcombe,NA,2344
1671,1663,1668,Chester,Cheshire,Cheshire,Chester,NA,9035
2209,1666,1668,Feigheld,Wiltshire,Wiltshire,NA,NA,NA
2241,1667,1669,London,London,Middlesex,NA,NA,NA
3625,1662,1669,London,London,Middlesex,NA,NA,NA
3727,1668,1669,Hull,Yorkshire,Yorkshire,Hull,NA,24628
4175,1661,1668,Lewes,Sussex,Sussex,Lewes,NA,26145
4480,1669,NA,Lincoln,Lincolnshire,Lincolnshire,Lincoln,NA,26300
6318,1666,1668,Mitcheldean,Gloucestershire,Gloucestershire,Mitcheldean,NA,30778
6870,1666,1668,North Crawley,Berkshire,Berkshire,NA,NA,NA
6895,1667,1668,London,London,Middlesex,NA,NA,NA
7027,1664,1669,London,London,Middlesex,NA,NA,NA
7513,1667,1668,Lee,Essex,Essex,NA,NA,NA
7805,1664,1669,Stepney,Middlesex,Middlesex,St Dunstan Stepney,ID_30169,NA
8262,1667,1669,Dover,Kent,Kent,Dover,NA,13407
8368,1664,1669,St Mary Whitechapel,Middlesex,Middlesex,St Mary Whitechapel,ID_127867,NA
8535,1663,1668,London,London,Middlesex,NA,NA,NA
8856,1664,1668,Poole,Dorset,Dorset,Poole,NA,36438
9074,1667,1668,Cambridge,Cambridgeshire,Cambridgeshire,Cambridge,NA,7642
9112,1660,1662,London,London,Middlesex,NA,NA,NA
9420,1667,1668,Woodstock,Oxfordshire,Oxfordshire,Woodstock,NA,50788
10004,1662,1668,London,London,Middlesex,NA,NA,NA
10980,1668,1669,Windsor,Berkshire,Berkshire,Windsor,NA,50086
11030,1662,1668,NA,Lancashire,Lancashire,NA,NA,NA
11248,1666,1668,Higham,Northamptonshire,Northamptonshire,NA,NA,NA
11313,1664,1668,St Giles Cripplegate,London,Middlesex,St Giles Cripplegate,ID_30100,NA
11614,NA,1669,Sherington,Buckinghamshire,Buckinghamshire,Sherington,NA,40098
12205,1666,1667,London,London,Middlesex,NA,NA,NA
12632,1668,1669,St Margaret Westminster,Middlesex,Middlesex,St Margaret Westminster,ID_127869,NA
13035,1668,1669,Westminster,Middlesex,Middlesex,NA,NA,NA
13470,1666,1668,St Helen Abington,Berkshire,Berkshire,NA,NA,NA
13504,1662,1668,Edmonton,Middlesex,Middlesex,Edmonton,NA,14841
13565,1662,1668,Ruddle,Gloucestershire,Gloucestershire,Ruddle,NA,38783
13703,1661,1668,London,London,Middlesex,NA,NA,NA
13873,1664,1668,Oxford,Oxfordshire,Oxfordshire,Oxford,NA,34379
14246,1666,1669,Leominster,Leicestershire,Leicestershire,NA,NA,NA
22,1664,1669,Northkyme,Lincolnshire,Lincolnshire,NA,NA,NA
600,1667,1668,Wolverston,Shropshire,Shropshire,NA,NA,NA
1878,1663,1668,Winchester,Hampshire,Hampshire,Winchester,NA,50050
2100,1663,1669,Torpenhow,Cumberland,Cumberland,Torpenhow,NA,45257
2347,1663,1668,Fenchurch Street,London,Middlesex,NA,NA,NA
2359,1667,1670,St Giles in the Fields,Middlesex,Middlesex,St Giles in the Fields,ID_30018,NA
2360,1667,1668,St Giles in the Fields,Middlesex,Middlesex,St Giles in the Fields,ID_30018,NA
2956,1665,1669,London,London,Middlesex,NA,NA,NA
2982,1667,1668,London,London,Middlesex,NA,NA,NA
2984,1667,1669,Horsleydown,Surrey,Surrey,St John Horselydown,ID_30003,NA
3000,1666,1669,London,London,Middlesex,NA,NA,NA
3623,1667,1668,Rodmell,Sussex,Sussex,Rodmell,NA,38358
3685,1667,1669,Bromley,Middlesex,Middlesex,Bromley St Leonard,ID_30174,NA
3702,1667,1669,Newton,Northamptonshire,Northamptonshire,Newton,NA,32643
3745,1666,1669,London,London,Middlesex,NA,NA,NA
3882,1666,1669,London,London,Middlesex,NA,NA,NA
3900,1667,1669,London,London,Middlesex,NA,NA,NA
4019,1663,1669,Whapplett,Lincolnshire,Lincolnshire,NA,NA,NA
4207,1665,NA,London,London,Middlesex,NA,NA,NA
4655,1667,1668,Glastonbury,Somerset,Somerset,Glastonbury,NA,17875
4726,1661,1668,London,London,Middlesex,NA,NA,NA
4740,1664,1669,London,London,Middlesex,NA,NA,NA
6713,1668,1669,St Bride,London,Middlesex,St Bride,ID_30049,NA
6875,1666,1668,Henley upon Thames,Oxfordshire,Oxfordshire,Henley on Thames,NA,21225
7125,1661,1669,South Wraxall,Wiltshire,Wiltshire,South Wraxall,NA,41313
8023,1665,1669,London,London,Middlesex,NA,NA,NA
8064,1667,1668,Reading,Berkshire,Berkshire,Reading,NA,37532
8138,1663,1668,London,London,Middlesex,NA,NA,NA
8428,1667,1669,Milton,Oxfordshire,Oxfordshire,Milton,NA,30646
8552,1666,1669,London,London,Middlesex,NA,NA,NA
9863,1662,1669,St Olave Hart Street,London,Middlesex,St Olave Hart Street,ID_30160,NA
10279,1664,1667,London,London,Middlesex,NA,NA,NA
10684,1667,1668,Newent,Gloucestershire,Gloucestershire,Newent,NA,32458
13335,1662,1669,St Leonard Shoreditch,Middlesex,Middlesex,St Leonard Shoreditch,ID_30170,NA
13570,1664,1668,St Martin le Grand,London,Middlesex,NA,NA,NA
13593,1667,1669,Lambeth,Surrey,Surrey,St Mary Lambeth,ID_127857,NA
13680,1664,1669,Wysall,Nottinghamshire,Nottinghamshire,Wysall,NA,51221
14087,1667,1669,Clifton,Staffordshire,Staffordshire,NA,NA,NA
139,1668,1669,Teddington,Worcestershire,Worcestershire,Teddington,NA,43957
292,1660,1669,Dover,Kent,Kent,Dover,NA,13407
677,1668,1670,Reading,Berkshire,Berkshire,Reading,NA,37532
702,1667,1669,Melton Mowbray,Leicestershire,Leicestershire,Melton Mowbray,NA,29987
809,1664,1669,London,London,Middlesex,NA,NA,NA
908,1666,1670,Wallingford,Berkshire,Berkshire,Wallingford,NA,47569
948,1667,1670,Bradington,Wiltshire,Wiltshire,NA,NA,NA
1159,1667,1669,St Sepulchre,London,Middlesex,St Sepulchre,ID_30058,NA
1177,1669,1670,Castle,Northamptonshire,Northamptonshire,NA,NA,NA
1828,1667,1669,Weston,Buckinghamshire,Buckinghamshire,NA,NA,NA
2153,1666,1669,Clayton,Sussex,Sussex,Clayton,NA,9727
2155,1667,1670,Thakeham,Sussex,Sussex,Thakeham,NA,44077
2843,1669,1670,St Clement Danes,Middlesex,Middlesex,St Clement Danes,ID_30015,NA
2861,1668,1669,Sherington,Buckinghamshire,Buckinghamshire,Sherington,NA,40098
3788,1663,1670,Holt,Denbighshire,Denbighshire,Holt,NA,22478
4316,1668,1670,Egleton,Rutland,Rutland,Egleton,NA,14904
4659,1663,1670,Kingston upon Thames,Surrey,Surrey,Kingston upon Thames,NA,24629
4683,1666,1670,Ecton,Northamptonshire,Northamptonshire,Ecton,NA,14746
5000,1667,1669,London,London,Middlesex,NA,NA,NA
5394,1668,1670,Langean,Caernarvonshire,Caernarvonshire,NA,NA,NA
5597,1664,1670,St Martin in the Fields,Middlesex,Middlesex,St Martin in the Fields,ID_30034,NA
5870,NA,1670,NA,Norfolk,Norfolk,NA,NA,NA
6058,NA,1670,Claybrooke,Leicestershire,Leicestershire,NA,NA,NA
6081,1666,1670,London,London,Middlesex,NA,NA,NA
6250,1668,1670,St Andrew Holborn,Middlesex,Middlesex,St Andrew Holborn,ID_127848,NA
6256,1667,1670,Woodburne,Bedfordshire,Bedfordshire,NA,NA,NA
6754,1664,1669,Newchurch,Radnorshire,Radnorshire,Newchurch,NA,32447
6930,1666,1669,"Dedgrove, Kempsford",Gloucestershire,Gloucestershire,NA,NA,NA
7158,1666,1670,Cheshunt,Hertfordshire,Hertfordshire,Cheshunt,NA,9027
7270,NA,1670,Bushby,Leicestershire,Leicestershire,Bushby,NA,7204
7290,1666,1670,London,London,Middlesex,NA,NA,NA
7807,1668,1669,Peterchurch,Herefordshire,Herefordshire,Peterchurch,NA,35714
8028,1668,1670,Dewsbury,Yorkshire,Yorkshire,Dewsbury,NA,13035
8048,1666,1669,Teignmouth,Devon,Devon,Teignmouth,NA,43972
8164,1665,1669,Dorchester,Dorset,Dorset,Dorchester,NA,13340
8197,1668,1669,NA,Berkshire,Berkshire,NA,NA,NA
8296,1669,1670,"Newton, Clifton",Warwickshire,Warwickshire,NA,NA,NA
8452,1668,1669,Cirencester,Gloucestershire,Gloucestershire,Cirencester,NA,9528
8728,1667,1669,Marston,Lincolnshire,Lincolnshire,Marston,NA,29584
8922,1667,1670,Northleach,Gloucestershire,Gloucestershire,Northleach,NA,33339
9187,1664,1669,Portsmouth,Hampshire,Hampshire,Portsmouth,NA,36626
9237,1667,1669,London,London,Middlesex,NA,NA,NA
9397,1667,1670,Leicester,Leicestershire,Leicestershire,Leicester,NA,25957
9471,1668,1670,St Dunstan West,London,Middlesex,St Dunstan in the West,ID_127855,NA
9922,1664,1670,Canterbury,Kent,Kent,Canterbury,NA,7771
10134,1667,1670,Nantwitch,Cheshire,Cheshire,NA,NA,NA
10900,1667,1670,NA,Gloucestershire,Gloucestershire,NA,NA,NA
11497,1668,1669,Bristow,Herefordshire,Herefordshire,NA,NA,NA
12022,1663,1670,Mordon,Surrey,Surrey,NA,NA,NA
12401,1666,1670,Penzance,Cornwall,Cornwall,Penzance,NA,35640
12514,1668,1670,Mountsorrel,Leicestershire,Leicestershire,Mountsorrel,NA,31433
12527,1669,1670,Basingstoke,Hampshire,Hampshire,Basingstoke,NA,2707
12615,1666,1669,London,London,Middlesex,NA,NA,NA
12809,1669,1670,London,London,Middlesex,NA,NA,NA
13523,1668,1670,Greenwich,Kent,Kent,Greenwich,NA,19085
14007,1665,1670,Colminton,Devon,Devon,NA,NA,NA
14112,1667,1669,Guildford,Surrey,Surrey,Guildford,NA,19326
31,1667,1671,Wandsor,Surrey,Surrey,NA,NA,NA
47,1671,1672,Drayton on Clay,Leicestershire,Leicestershire,NA,NA,NA
50,1671,1671,Drayton on Clay,Leicestershire,Leicestershire,NA,NA,NA
109,1667,1669,Mickleton,Gloucestershire,Gloucestershire,Mickleton,NA,30182
700,1663,1668,Iver,Buckinghamshire,Buckinghamshire,Iver,NA,23776
770,1668,1670,Knaresborough,Yorkshire,Yorkshire,Knaresborough,NA,24994
792,1667,1671,Iver,Buckinghamshire,Buckinghamshire,Iver,NA,23776
889,1666,1671,Feversham,Kent,Kent,Faversham,NA,15905
931,1666,1668,St Mary at Hill,London,Middlesex,St Mary at Hill,ID_30141,NA
1000,1667,1671,Banbury,Oxfordshire,Oxfordshire,Banbury,NA,2220
1035,1668,1670,Yelvertoft,Northamptonshire,Northamptonshire,Yelvertoft,NA,51420
1204,1664,1668,Bradmore,Nottinghamshire,Nottinghamshire,Bradmore,NA,5187
1235,1666,1668,Coventry,Warwickshire,Warwickshire,Coventry,NA,11138
1288,1666,1668,Reading,Berkshire,Berkshire,Reading,NA,37532
1300,NA,1669,Katharine,Northamptonshire,Northamptonshire,NA,NA,NA
1370,1664,1668,Holborn,Middlesex,Middlesex,St Andrew Holborn,ID_127848,NA
1373,1666,1671,Gillingham,Dorset,Dorset,Gillingham,NA,17704
1381,1669,1671,St Giles Cripplegate,Middlesex,Middlesex,St Giles Cripplegate,ID_30100,NA
1409,1662,1669,London,London,Middlesex,NA,NA,NA
1507,1665,1668,London,London,Middlesex,NA,NA,NA
1545,1666,1671,Somerton,Oxfordshire,Oxfordshire,Somerton,NA,40997
1576,1663,1669,Marple,Cheshire,Cheshire,Marple,NA,29505
1678,1664,1668,Cheslam Cockett,Northamptonshire,Northamptonshire,NA,NA,NA
1689,1670,1671,Urswick,Lancashire,Lancashire,Urswick,NA,64483
1827,1665,1668,Stepney,Middlesex,Middlesex,St Dunstan Stepney,ID_30169,NA
1904,1666,1671,Sunbury,Middlesex,Middlesex,Sunbury,NA,43266
1949,1664,1668,St James Clerkenwell,Middlesex,Middlesex,St James Clerkenwell,ID_127865,NA
1996,1666,1668,Letchloth,Gloucestershire,Gloucestershire,NA,NA,NA
2095,1665,1668,Enfield,Middlesex,Middlesex,Enfield,NA,15358
2199,1664,1671,London,London,Middlesex,NA,NA,NA
2228,1666,1668,Hereford,Herefordshire,Herefordshire,Hereford,NA,21293
2302,1667,1671,Long Cattons,Yorkshire,Yorkshire,NA,NA,NA
2336,1665,1667,Enfield,Middlesex,Middlesex,Enfield,NA,15358
2366,NA,1671,Carpmell,Lancashire,Lancashire,NA,NA,NA
2413,1664,1669,Deptford,Kent,Kent,Deptford,NA,12973
2430,1666,1669,London,London,Middlesex,NA,NA,NA
2461,1667,1668,St Clement Danes,Middlesex,Middlesex,St Clement Danes,ID_30015,NA
2521,1670,1672,Dauntsey,Wiltshire,Wiltshire,Dauntsey,NA,12690
2627,1671,1672,South Mimms,Middlesex,Middlesex,South Mimms,NA,41215
2637,1664,1668,Witney,Oxfordshire,Oxfordshire,Witney,NA,50334
2647,1666,1667,Southwark,Surrey,Surrey,NA,NA,NA
2786,1668,1671,Tetsworth,Oxfordshire,Oxfordshire,Tetsworth,NA,44056
2819,1664,1667,Haronborough,Kent,Kent,NA,NA,NA
2850,1664,1671,Silson,Northamptonshire,Northamptonshire,NA,NA,NA
2855,1663,1668,Wardington,Oxfordshire,Oxfordshire,Wardington,NA,47763
2886,1664,1668,Bampton,Oxfordshire,Oxfordshire,Bampton,NA,2215
2921,1668,1669,Abington,Buckinghamshire,Buckinghamshire,NA,NA,NA
2960,1668,1672,London,London,Middlesex,NA,NA,NA
3003,1665,1671,Courteenhall,Northamptonshire,Northamptonshire,Courteenhall,NA,11111
3053,1667,1671,St Albans,Hertfordshire,Hertfordshire,St Albans,NA,41656
3241,1663,1668,St Albans,Hertfordshire,Hertfordshire,St Albans,NA,41656
3294,1661,1669,NA,Wiltshire,Wiltshire,NA,NA,NA
3320,1668,1672,St Thomas Southwark,Surrey,Surrey,St Thomas,ID_30007,NA
3386,1667,1669,Bradford,Yorkshire,Yorkshire,Bradford,NA,5143
3796,1667,1671,Newcastle upon Tyne,Northumberland,Northumberland,Newcastle upon Tyne,NA,32435
3878,1669,1672,Newmarket,Cambridgeshire,Cambridgeshire,Newmarket,NA,32544
4029,1670,1671,Great Budworth,Cheshire,Cheshire,Great Budworth,NA,18562
4286,1663,1667,London,London,Middlesex,NA,NA,NA
4421,1660,1667,Welsborne,Warwickshire,Warwickshire,NA,NA,NA
4428,1664,1667,Covent Garden,Middlesex,Middlesex,St Paul Covent Garden,ID_30031,NA
4487,1668,1671,Stoke,Nottinghamshire,Nottinghamshire,NA,NA,NA
4557,1666,1668,Bristol,Gloucestershire,Gloucestershire,Bristol,NA,288655
4567,1668,1671,Bath,Wiltshire,Wiltshire,NA,NA,NA
4639,1661,1668,Wapping,Middlesex,Middlesex,St John Wapping,ID_30182,NA
4706,1668,1669,St Olave Southwark,Surrey,Surrey,St Olave Southwark,ID_30002,NA
4746,1663,1669,Little Warley,Essex,Essex,Little Warley,NA,26841
4788,1667,1668,St Martin in the Fields,Middlesex,Middlesex,St Martin in the Fields,ID_30034,NA
4914,1665,1668,Westminster,Middlesex,Middlesex,NA,NA,NA
4940,1666,1669,London,London,Middlesex,NA,NA,NA
5029,1663,1668,Cogenhoe,Northamptonshire,Northamptonshire,Cogenhoe,NA,10225
5146,1662,1669,Oxford,Oxfordshire,Oxfordshire,Oxford,NA,34379
5159,1669,1669,Hempstead,Hertfordshire,Hertfordshire,Hemel Hempstead,NA,21108
5346,1666,1669,Gretton,Gloucestershire,Gloucestershire,Gretton,NA,19124
5355,1666,1669,Oxford,Oxfordshire,Oxfordshire,Oxford,NA,34379
5528,1667,1668,London,London,Middlesex,NA,NA,NA
5569,1660,1667,Ollerton,Nottinghamshire,Nottinghamshire,Ollerton,NA,33993
5596,1664,1668,London,London,Middlesex,NA,NA,NA
5628,1667,1668,"Duck Lane, St Bartholomew",London,Middlesex,NA,NA,NA
5794,1667,1669,Rotherhithe,Surrey,Surrey,St Mary Rotherhithe,ID_30008,NA
5837,1667,1672,Bevis Marks,London,Middlesex,St Katherine Creechurch,ID_30156,NA
5848,1666,1668,Harvington,Worcestershire,Worcestershire,NA,NA,NA
5898,1670,1670,Chilcomb,Hampshire,Hampshire,Chilcomb,NA,9123
5947,1668,1671,Hackburne,Berkshire,Berkshire,NA,NA,NA
6123,1665,1671,Plymouth,Devon,Devon,Plymouth,NA,36158
6168,1670,1671,Marshfield,Gloucestershire,Gloucestershire,Marshfield,NA,29568
6222,1670,1672,Grantham,Lincolnshire,Lincolnshire,Grantham,NA,18462
6307,1666,1671,Coventry,Warwickshire,Warwickshire,Coventry,NA,11138
6532,1669,1671,Laising,Berkshire,Berkshire,NA,NA,NA
6707,1664,1668,Chippenham,Wiltshire,Wiltshire,Chippenham,NA,9202
6728,1670,1671,Arlsworth,Gloucestershire,Gloucestershire,NA,NA,NA
6780,1661,1668,Covent Garden,Middlesex,Middlesex,St Paul Covent Garden,ID_30031,NA
6807,1660,1668,Wapping,Middlesex,Middlesex,St John Wapping,ID_30182,NA
6816,1668,1669,Radway,Warwickshire,Warwickshire,Radway,NA,37287
6871,1669,1671,Ampthill,Bedfordshire,Bedfordshire,Ampthill,NA,878
7155,1667,1669,Worcester,Worcestershire,Worcestershire,Worcester,NA,50943
7194,1666,1668,Finchley,Middlesex,Middlesex,Finchley,NA,16251
7220,1666,1669,Chelsea,Middlesex,Middlesex,St Luke Chelsea,ID_30030,NA
7317,1664,1668,London,London,Middlesex,NA,NA,NA
7320,1662,1669,Halifax,Yorkshire,Yorkshire,Halifax,NA,19710
7329,1666,1671,London,London,Middlesex,NA,NA,NA
7342,1663,1668,London,London,Middlesex,NA,NA,NA
7577,1666,1669,London,London,Middlesex,NA,NA,NA
7581,1667,1669,Harredon,Northamptonshire,Northamptonshire,NA,NA,NA
7674,1667,1671,Wapping,Middlesex,Middlesex,St John Wapping,ID_30182,NA
7679,1668,1668,St Sepulchre,Middlesex,Middlesex,St Sepulchre,ID_30058,NA
7744,1670,1672,St Albans,Hertfordshire,Hertfordshire,St Albans,NA,41656
7753,1666,1668,"Shoe Lane, St Andrew Holborn",Middlesex,Middlesex,St Andrew Holborn,ID_127848,NA
7792,1662,1667,Dedham,Essex,Essex,Dedham,NA,12810
7795,1666,1668,Bucklesbury,Berkshire,Berkshire,NA,NA,NA
7798,1668,1671,Dedham,Essex,Essex,Dedham,NA,12810
7855,1667,1668,London,London,Middlesex,NA,NA,NA
7995,1669,1672,Enfield,Middlesex,Middlesex,Enfield,NA,15358
7997,1667,1668,Edmundsbury,Suffolk,Suffolk,NA,NA,NA
8018,1667,1671,Harvington,Worcestershire,Worcestershire,NA,NA,NA
8076,1662,1668,"Field Lane, St Andrew Holborn",London,Middlesex,St Andrew Holborn,ID_127848,NA
8111,1662,1668,Bosbury,Herefordshire,Herefordshire,Bosbury,NA,4766
8118,1667,1668,Woodham Steens,Essex,Essex,NA,NA,NA
8121,1663,1668,St Paul's Walden,Hertfordshire,Hertfordshire,St Paul's Walden,NA,41902
8249,1665,1669,Northampton,Northamptonshire,Northamptonshire,Northampton,NA,33285
8365,1666,1667,Bradfield,Berkshire,Berkshire,Bradfield,NA,5133
8451,1664,1667,Brill,Buckinghamshire,Buckinghamshire,Brill,NA,5742
8504,1668,1669,Ockingham,Berkshire,Berkshire,NA,NA,NA
8517,1663,1668,Casewick,Cornwall,Cornwall,NA,NA,NA
8771,1667,1669,Shrewsbury,Shropshire,Shropshire,Shrewsbury,NA,40345
8901,1662,1667,Petworth,Sussex,Sussex,Petworth,NA,35755
8967,1666,1669,Aston,Hertfordshire,Hertfordshire,Aston,NA,1548
8986,1664,1667,Aysbury,Buckinghamshire,Buckinghamshire,NA,NA,NA
9036,1662,1668,Plymouth,Devon,Devon,Plymouth,NA,36158
9130,1666,1671,London,London,Middlesex,NA,NA,NA
9170,1667,1669,St Katherine by the Tower,London,Middlesex,Precinct of St Katherine,ID_30181,NA
9229,1661,1667,Ardington,Berkshire,Berkshire,Ardington,NA,1106
9273,1664,1669,Buckingham,Buckinghamshire,Buckinghamshire,Buckingham,NA,6650
9295,1667,1668,London,London,Middlesex,NA,NA,NA
9432,1667,1669,Offham,Kent,Kent,Offham,NA,33730
9438,1667,1669,Ipswich,Suffolk,Suffolk,Ipswich,NA,23691
9527,1663,1668,Oxford,Oxfordshire,Oxfordshire,Oxford,NA,34379
9548,1666,1668,London,London,Middlesex,NA,NA,NA
9589,1662,1667,Islip,Northamptonshire,Northamptonshire,Islip,NA,23757
9638,1665,1669,"Wisbech, Isle of Ely",Cambridgeshire,Cambridgeshire,NA,NA,NA
9643,1662,1668,London,London,Middlesex,NA,NA,NA
9803,1668,1671,Thirsk,Yorkshire,Yorkshire,Thirsk,NA,44463
9856,1669,1671,London,London,Middlesex,NA,NA,NA
9874,1662,1669,Michaelchurch,Herefordshire,Herefordshire,Michaelchurch,NA,30153
9916,1666,1671,St Leonard Shoreditch,Middlesex,Middlesex,St Leonard Shoreditch,ID_30170,NA
10098,1668,1671,London,London,Middlesex,NA,NA,NA
10133,1666,1668,Guildford,Surrey,Surrey,Guildford,NA,19326
10137,1664,1668,Newtown,Montgomeryshire,Montgomeryshire,NA,NA,NA
10147,1667,1669,East Leake,Nottinghamshire,Nottinghamshire,East Leake,NA,14375
10167,1667,1671,NA,Wiltshire,Wiltshire,NA,NA,NA
10178,1664,1671,St Martin in the Fields,Middlesex,Middlesex,St Martin in the Fields,ID_30034,NA
10182,1664,1667,London,London,Middlesex,NA,NA,NA
10246,1667,1668,Chimney Mills,Suffolk,Suffolk,NA,NA,NA
10361,1669,1671,Eaton Socon,Bedfordshire,Bedfordshire,Eaton Socon,NA,14691
10381,1667,1671,Seagrave,Leicestershire,Leicestershire,Seagrave,NA,39620
10430,1666,1668,Fellingthorpe,Lincolnshire,Lincolnshire,NA,NA,NA
10670,1666,1668,Epsom,Surrey,Surrey,Epsom,NA,15413
10772,1667,1669,Leighton Buzzard,Bedfordshire,Bedfordshire,Leighton Buzzard,NA,26002
10891,1664,1668,Bringhurst,Leicestershire,Leicestershire,Bringhurst,NA,5771
11056,1669,1671,High Wycombe,Buckinghamshire,Buckinghamshire,High Wycombe,NA,21631
11071,1665,1669,Radley,Hertfordshire,Hertfordshire,NA,NA,NA
11097,1669,1671,Chiltington,Sussex,Sussex,Chiltington,NA,9161
11149,1669,1671,Sherborne,Dorset,Dorset,Sherborne,NA,40076
11215,1667,1671,Bedingfield,Suffolk,Suffolk,Bedingfield,NA,3016
11538,NA,1671,Strand,Middlesex,Middlesex,NA,NA,NA
11581,1664,1665,Sherington,Buckinghamshire,Buckinghamshire,Sherington,NA,40098
11685,1663,1667,Wheathampstead,Hertfordshire,Hertfordshire,Wheathampstead,NA,49281
11778,1667,1669,Abridge,Essex,Essex,Abridge,NA,235
11802,1668,1669,St James Clerkenwell,Middlesex,Middlesex,St James Clerkenwell,ID_127865,NA
11937,1668,1671,Whitechapel,Middlesex,Middlesex,St Mary Whitechapel,ID_127867,NA
11970,1667,1671,London,London,Middlesex,NA,NA,NA
12015,1667,1671,Stepney,Middlesex,Middlesex,St Dunstan Stepney,ID_30169,NA
12031,1666,1669,London,London,Middlesex,NA,NA,NA
12168,1670,1671,Leicester,Leicestershire,Leicestershire,Leicester,NA,25957
12172,1665,1668,St Saviour Southwark,Surrey,Surrey,St Saviour Southwark,ID_30001,NA
12235,1666,1669,London,London,Middlesex,NA,NA,NA
12368,1663,1668,Coventry,Warwickshire,Warwickshire,Coventry,NA,11138
12398,1666,1669,Boreham,Essex,Essex,Boreham,NA,4711
12439,1668,1671,Gloucester,Gloucestershire,Gloucestershire,Gloucester,NA,17982
12457,1665,1668,London,London,Middlesex,NA,NA,NA
12480,1665,1669,Glenfield,Leicestershire,Leicestershire,Glenfield,NA,17931
12533,1665,1669,Sandridge,Hertfordshire,Hertfordshire,Sandridge,NA,39245
12863,1665,1671,St George Southwark,Surrey,Surrey,St George Southwark,ID_30012,NA
12898,1663,1669,London,London,Middlesex,NA,NA,NA
13003,1666,1668,Steep,Hampshire,Hampshire,Steep,NA,42300
13034,1665,1667,Woodbridge,Suffolk,Suffolk,Woodbridge,NA,50506
13153,1666,1668,Bewdley,Worcestershire,Worcestershire,Bewdley,NA,3507
13168,1663,1668,Dassett,Warwickshire,Warwickshire,NA,NA,NA
13195,1665,1672,Shapestead,Essex,Essex,NA,NA,NA
13204,1667,1669,London,London,Middlesex,NA,NA,NA
13325,1669,1671,Orby,Lincolnshire,Lincolnshire,Orby,NA,34030
13354,1663,1669,Gloucester,Gloucestershire,Gloucestershire,Gloucester,NA,17982
13357,1668,1671,Hurley,Berkshire,Berkshire,Hurley,NA,23266
13599,1666,1668,Newbury,Berkshire,Berkshire,Newbury,NA,32415
13706,1668,1669,Bagshot,Surrey,Surrey,Bagshot,NA,1947
13751,1664,1669,Kidderminster,Worcestershire,Worcestershire,Kidderminster,NA,24239
13850,1663,1668,Hinckley,Leicestershire,Leicestershire,Hinckley,NA,22061
13915,1668,1671,Gloucester,Gloucestershire,Gloucestershire,Gloucester,NA,17982
13926,1671,1671,Westminster,Middlesex,Middlesex,NA,NA,NA
14022,1663,1669,Teddington,Middlesex,Middlesex,Teddington,NA,43958
14125,1670,1672,Sandditch,Cheshire,Cheshire,NA,NA,NA
14139,1662,1667,St Andrew Holborn,Middlesex,Middlesex,St Andrew Holborn,ID_127848,NA
14159,1667,1669,London,London,Middlesex,NA,NA,NA
14263,1668,1671,King's Walden,Hertfordshire,Hertfordshire,King's Walden,NA,24514
243,1668,1670,London,London,Middlesex,NA,NA,NA
725,1669,1670,Wickham,Buckinghamshire,Buckinghamshire,NA,NA,NA
800,1669,1670,Hull,Yorkshire,Yorkshire,Hull,NA,24628
1574,1666,1670,Richmond,Surrey,Surrey,Richmond,NA,38028
1883,1666,1669,Northwich,Cheshire,Cheshire,Northwich,NA,33374
2045,1663,1670,London,London,Middlesex,NA,NA,NA
2422,1666,1670,NA,Sussex,Sussex,NA,NA,NA
3120,1669,1670,Westchester,Cheshire,Cheshire,Chester,NA,9035
3279,1666,1670,Little Barford,Bedfordshire,Bedfordshire,Little Barford,NA,26462
3517,1664,1670,London,London,Middlesex,NA,NA,NA
3644,1667,1670,Ware,Hertfordshire,Hertfordshire,Ware,NA,47782
3725,1666,1670,London,London,Middlesex,NA,NA,NA
3817,1662,1669,Samport,Leicestershire,Leicestershire,NA,NA,NA
4878,1669,1670,Aynho on the Mount,Northamptonshire,Northamptonshire,NA,NA,NA
5347,1669,1670,London,London,Middlesex,NA,NA,NA
5502,1665,1670,London,London,Middlesex,NA,NA,NA
5550,1668,1669,Canterbury,Kent,Kent,Canterbury,NA,7771
5956,1668,1670,St James Clerkenwell,Middlesex,Middlesex,St James Clerkenwell,ID_127865,NA
6014,1668,1670,Haddam,Hertfordshire,Hertfordshire,NA,NA,NA
6066,1665,1670,Elcot,Berkshire,Berkshire,Elcot,NA,14964
6400,1665,1670,London,London,Middlesex,NA,NA,NA
6924,1665,1669,Fulham,Middlesex,Middlesex,Fulham,NA,17119
6994,1669,1670,Alsbury,Buckinghamshire,Buckinghamshire,NA,NA,NA
7169,1665,1670,Blackthorn,Oxfordshire,Oxfordshire,Blackthorn,NA,4108
7832,1664,1670,St Bride,London,Middlesex,St Bride,ID_30049,NA
7839,1670,1670,St Bride,London,Middlesex,St Bride,ID_30049,NA
9002,1669,1670,London,London,Middlesex,NA,NA,NA
9077,1668,1669,London,London,Middlesex,NA,NA,NA
9305,1664,1669,London,London,Middlesex,NA,NA,NA
10258,1666,1670,St Giles Cripplegate,London,Middlesex,St Giles Cripplegate,ID_30100,NA
11264,1667,1670,Northampton,Northamptonshire,Northamptonshire,Northampton,NA,33285
11517,1668,1670,Lambeth,Surrey,Surrey,St Mary Lambeth,ID_127857,NA
11651,1667,1670,London,London,Middlesex,NA,NA,NA
13068,1662,1670,London,London,Middlesex,NA,NA,NA
13247,1668,1669,Mardley,Herefordshire,Herefordshire,NA,NA,NA
13321,1668,1670,Alsford,Kent,Kent,NA,NA,NA
13391,1663,1669,Amesbury,Wiltshire,Wiltshire,Amesbury,NA,861
13473,1666,1670,Marlborough,Wiltshire,Wiltshire,Marlborough,NA,29474
13550,1664,1670,London,London,Middlesex,NA,NA,NA
13699,1663,1670,London,London,Middlesex,NA,NA,NA
14193,1664,1670,Bolton,Westmorland,Westmorland,Bolton,NA,4569
238,1668,1670,Ampthill,Bedfordshire,Bedfordshire,Ampthill,NA,878
484,1665,1669,London,London,Middlesex,NA,NA,NA
551,1667,1669,Taunton Dean,Somerset,Somerset,NA,NA,NA
640,1669,1670,Nazeing,Essex,Essex,Nazeing,NA,31824
659,1662,1669,London,London,Middlesex,NA,NA,NA
1309,1668,1670,Skellingthorpe,Lincolnshire,Lincolnshire,Skellingthorpe,NA,40588
2091,1667,1670,London,London,Middlesex,NA,NA,NA
2132,NA,1669,Maids Moreton,Buckinghamshire,Buckinghamshire,Maids Moreton,NA,292260
2291,1668,1669,London,London,Middlesex,NA,NA,NA
3383,1664,1670,Swanbourne,Buckinghamshire,Buckinghamshire,Swanbourne,NA,43465
3412,1669,1670,Hinckley,Leicestershire,Leicestershire,Hinckley,NA,22061
4095,1666,1670,Harding,Hertfordshire,Hertfordshire,Harding,NA,NA
4675,1668,1670,South Mimms,Middlesex,Middlesex,South Mimms,NA,41215
4901,1666,1670,Wappenham,Northamptonshire,Northamptonshire,Wappenham,NA,47732
5456,1669,1670,Falmouth,Cornwall,Cornwall,Falmouth,NA,15737
5720,1666,1669,St Giles in the Fields,Middlesex,Middlesex,St Giles in the Fields,ID_30018,NA
5883,1669,1670,Maidstone,Kent,Kent,Maidstone,NA,29156
5986,1664,1670,Mousferd,Berkshire,Berkshire,NA,NA,NA
6922,1668,1670,London,London,Middlesex,NA,NA,NA
7594,1666,1669,London,London,Middlesex,NA,NA,NA
7915,1666,1670,Sutton Benger,Wiltshire,Wiltshire,Sutton Benger,NA,43357
8072,1666,1669,London,London,Middlesex,NA,NA,NA
8320,1666,1670,St Mary Magdalen Bermondsey,Surrey,Surrey,St Mary Magdalen Bermondsey,ID_30004,NA
8830,1668,1669,Weybridge,Surrey,Surrey,Weybridge,NA,49215
9269,1665,1670,St Giles in the Fields,Middlesex,Middlesex,St Giles in the Fields,ID_30018,NA
9326,1667,1670,Reading,Berkshire,Berkshire,Reading,NA,37532
9704,1669,1670,St Margaret Westminster,Middlesex,Middlesex,St Margaret Westminster,ID_127869,NA
10141,1666,1670,Staines,Middlesex,Middlesex,Staines,NA,41965
11775,1668,1669,Ashbourne,Derbyshire,Derbyshire,Ashbourne,NA,1316
12089,1667,1670,St Olave Hart Street,London,Middlesex,St Olave Hart Street,ID_30160,NA
12847,1668,1670,St Sepulchre without Newgate,Middlesex,Middlesex,St Sepulchre,ID_30058,NA
12956,1667,1669,London,London,Middlesex,NA,NA,NA
196,1666,1670,Adlinton,Lancashire,Lancashire,NA,NA,NA
436,1669,1670,Thetford,Norfolk,Norfolk,Thetford,NA,44440
614,1668,1670,Wigginton,Hertfordshire,Hertfordshire,Wigginton,NA,49817
877,1666,1670,Dover,Kent,Kent,Dover,NA,13407
909,1668,1670,Temple Keaton,Gloucestershire,Gloucestershire,NA,NA,NA
1062,1667,1670,Burntwood,Staffordshire,Staffordshire,Burntwood,NA,7025
1237,1669,1670,London,London,Middlesex,NA,NA,NA
1853,1667,1669,London,London,Middlesex,NA,NA,NA
2084,1669,1669,Knottingley,Yorkshire,Yorkshire,Knottingley,NA,25108
2276,1669,1670,Colne,Huntingdonshire,Huntingdonshire,Colne,NA,10427
2348,1666,1669,Maidenhead,Berkshire,Berkshire,Maidenhead,NA,29145
2648,1669,1670,Arson Turrall,Berkshire,Berkshire,NA,NA,NA
2723,1667,1669,South Weald,Essex,Essex,South Weald,NA,41294
2740,1666,1670,Watford,Northamptonshire,Northamptonshire,Watford,NA,48045
2904,1669,1670,St Leonard Shoreditch,Middlesex,Middlesex,St Leonard Shoreditch,ID_30170,NA
2943,1668,1670,Yarmouth,Norfolk,Norfolk,Great Yarmouth,NA,18774
3141,1663,1669,Kensington,Middlesex,Middlesex,St Anne Kensington,ID_127870,NA
3289,1669,1670,NA,Lancashire,Lancashire,NA,NA,NA
3315,1662,1669,London,London,Middlesex,NA,NA,NA
3350,1666,1670,Henstridge,Somerset,Somerset,Henstridge,NA,21253
3457,1669,1670,London,London,Middlesex,NA,NA,NA
3975,1666,1670,Chipping Norton,Oxfordshire,Oxfordshire,Chipping Norton,NA,9210
4074,1665,1670,Lanelly,Breconshire,Breconshire,NA,NA,NA
4114,1664,1670,Stepney,Middlesex,Middlesex,St Dunstan Stepney,ID_30169,NA
4270,1667,1670,Henstridge,Somerset,Somerset,Henstridge,NA,21253
4464,1667,1670,London,London,Middlesex,NA,NA,NA
4856,1669,1670,Finchley,Middlesex,Middlesex,Finchley,NA,16251
5307,1665,1670,St Martin Fields,Middlesex,Middlesex,St Martin in the Fields,ID_30034,NA
5358,1662,1669,Afferby,Leicestershire,Leicestershire,NA,NA,NA
5426,1666,1669,London,London,Middlesex,NA,NA,NA
5449,1666,1670,St Alphage,London,Middlesex,St Alphage,ID_30099,NA
5469,NA,1669,Burcott,Worcestershire,Worcestershire,NA,NA,NA
6155,1663,1669,Uxbridge,Middlesex,Middlesex,Uxbridge,NA,47245
6201,1668,1669,Wigston Parva,Leicestershire,Leicestershire,Wigston Parva,NA,49838
6204,1664,1669,Shirbridge,Worcestershire,Worcestershire,NA,NA,NA
6269,1667,1670,Ruislip,Middlesex,Middlesex,Ruislip,NA,38815
6280,1665,1669,Leicester,Leicestershire,Leicestershire,Leicester,NA,25957
6399,1666,1670,London,London,Middlesex,NA,NA,NA
6744,1667,1669,Thurleigh,Bedfordshire,Bedfordshire,Thurleigh,NA,44797
6877,1668,1670,Staughton,Huntingdonshire,Huntingdonshire,NA,NA,NA
7445,1668,1670,St Dunstan in the West,London,Middlesex,St Dunstan in the West,ID_127855,NA
7489,1668,1670,Cartnell,Northamptonshire,Northamptonshire,NA,NA,NA
7537,1663,1669,London,London,Middlesex,NA,NA,NA
7851,1666,1667,Coventry,Warwickshire,Warwickshire,Coventry,NA,11138
7977,1667,1670,Kingsdon,Somerset,Somerset,Kingsdon,NA,24538
8056,1665,1670,Wantage,Berkshire,Berkshire,Wantage,NA,47728
8393,1667,1669,Woocropp,Northamptonshire,Northamptonshire,NA,NA,NA
8975,1663,1670,Britwell,Berkshire,Berkshire,NA,NA,NA
8989,1663,1670,Wing,Buckinghamshire,Buckinghamshire,Wing,NA,50114
9218,1667,1670,St Clement Danes,Middlesex,Middlesex,St Clement Danes,ID_30015,NA
9310,1666,1670,Enfield,Middlesex,Middlesex,Enfield,NA,15358
9374,1666,1669,Grandon,Northamptonshire,Northamptonshire,NA,NA,NA
9428,1667,1669,London,London,Middlesex,NA,NA,NA
9567,1669,1670,St Mary Whitechapel,Middlesex,Middlesex,St Mary Whitechapel,ID_127867,NA
9616,1666,1670,Stepney,Middlesex,Middlesex,St Dunstan Stepney,ID_30169,NA
9847,1667,1670,Tidcombe,Wiltshire,Wiltshire,Tidcombe,NA,44868
9937,1667,1670,Battersea,Surrey,Surrey,Battersea,ID_30014,NA
10011,1668,1669,Redbourn,Hertfordshire,Hertfordshire,Redbourn,NA,37581
10480,1665,1670,Westminster,Middlesex,Middlesex,NA,NA,NA
10584,1666,1670,London,London,Middlesex,NA,NA,NA
10813,1667,1670,Sandwich,Kent,Kent,Sandwich,NA,39258
10832,1667,1669,Newnham,Northamptonshire,Northamptonshire,Newnham,NA,32557
10957,1664,1670,Henstridge,Somerset,Somerset,Henstridge,NA,21253
11631,1666,1670,Southwark,Surrey,Surrey,NA,NA,NA
11746,1668,1670,Holt,Denbighshire,Denbighshire,Holt,NA,22478
11845,1668,1670,Stepney,Middlesex,Middlesex,St Dunstan Stepney,ID_30169,NA
11884,1666,1669,St Margaret Westminster,Middlesex,Middlesex,St Margaret Westminster,ID_127869,NA
11945,1666,1670,Stoke Hammer,Buckinghamshire,Buckinghamshire,NA,NA,NA
11959,1667,1670,Hagbourne,Berkshire,Berkshire,NA,NA,NA
11966,1667,1670,London,London,Middlesex,NA,NA,NA
12139,1668,1670,Scowlswell,Berkshire,Berkshire,NA,NA,NA
12258,1668,1670,London,London,Middlesex,NA,NA,NA
12299,1667,1670,Hexton,Hertfordshire,Hertfordshire,Hexton,NA,21413
12547,1666,1670,Springfield,Essex,Essex,Springfield,NA,41607
12735,1667,1669,London,London,Middlesex,NA,NA,NA
12862,1667,1670,Wesminster,Middlesex,Middlesex,NA,NA,NA
13138,1667,1670,Terling,Essex,Essex,Terling,NA,44033
14153,1668,1670,Suning,Berkshire,Berkshire,NA,NA,NA
14186,1667,1670,Fetherly,Staffordshire,Staffordshire,NA,NA,NA
164,1666,1671,St Giles in the Fields,Middlesex,Middlesex,St Giles in the Fields,ID_30018,NA
270,1669,1670,London,London,Middlesex,NA,NA,NA
693,1666,1671,London,London,Middlesex,NA,NA,NA
739,1669,1671,Eton,Buckinghamshire,Buckinghamshire,Eton,NA,15489
757,1668,1672,Lambourn,Berkshire,Berkshire,Lambourn,NA,25310
778,1669,1671,Stepney,Middlesex,Middlesex,St Dunstan Stepney,ID_30169,NA
783,1667,1671,Thorpe,Surrey,Surrey,Thorpe,NA,44639
790,1670,1672,Merton,Oxfordshire,Oxfordshire,Merton,NA,30116
811,1668,1672,Bristol,Gloucestershire,Gloucestershire,Bristol,NA,288655
875,1668,1672,Dorchester,Dorset,Dorset,Dorchester,NA,13340
952,1669,1671,Allington,Lincolnshire,Lincolnshire,Allington,NA,684
1072,1670,1672,London,London,Middlesex,NA,NA,NA
1271,1669,1671,Wantage,Oxfordshire,Oxfordshire,NA,NA,NA
1369,1669,1671,East Smithfield,Middlesex,Middlesex,St Botolph Aldgate,ID_30153,NA
1438,1671,1671,Hackney,Middlesex,Middlesex,Hackney,NA,19524
1562,1666,1671,Stoke Newington,Middlesex,Middlesex,Stoke Newington,NA,42561
1629,1667,1671,London,London,Middlesex,NA,NA,NA
1647,1669,1672,London,London,Middlesex,NA,NA,NA
1651,1667,1670,Waltham Abbey,Essex,Essex,Waltham Abbey,NA,47635
1805,1667,1670,Cricklade,Wiltshire,Wiltshire,Cricklade,NA,11567
1816,1669,1671,Alconbury,Huntingdonshire,Huntingdonshire,Alconbury,NA,524
1920,1669,1671,St Andrew Wardrobe,London,Middlesex,St Andrew by the Wardrobe,ID_30056,NA
2077,1662,1670,St Sepulchre,Middlesex,Middlesex,St Sepulchre,ID_30058,NA
2114,1669,1670,Over Norton,Oxfordshire,Oxfordshire,Over Norton,NA,34273
2154,1669,1671,Pyworthy,Devon,Devon,Pyworthy,NA,37103
2250,1667,1672,Cowhorne,Herefordshire,Herefordshire,NA,NA,NA
2252,1669,1672,Dilwyn,Herefordshire,Herefordshire,Dilwyn,NA,13083
2343,1667,1670,Coleford,Gloucestershire,Gloucestershire,Coleford,NA,10332
2376,1668,1672,Shorley,Worcestershire,Worcestershire,NA,NA,NA
2463,1669,1670,Hackney,Middlesex,Middlesex,Hackney,NA,19524
2638,1670,1672,London,London,Middlesex,NA,NA,NA
2696,1665,1671,Hemingford Grey,Huntingdonshire,Huntingdonshire,Hemingford Grey,NA,21115
2884,1666,1671,Westminster,Middlesex,Middlesex,NA,NA,NA
2935,1668,1671,Waltham Abbey,Essex,Essex,Waltham Abbey,NA,47635
3029,1670,1671,Carshalton,Surrey,Surrey,Carshalton,NA,8106
3184,1664,1671,Halham,Hertfordshire,Hertfordshire,NA,NA,NA
3188,1668,1671,London,London,Middlesex,NA,NA,NA
3249,1670,1671,Stepney,Middlesex,Middlesex,St Dunstan Stepney,ID_30169,NA
3312,1669,1672,Ware,Hertfordshire,Hertfordshire,Ware,NA,47782
3336,1669,1672,London,London,Middlesex,NA,NA,NA
3349,1666,1672,Lemmerton,Gloucestershire,Gloucestershire,NA,NA,NA
3476,NA,1666,Aldington,Worcestershire,Worcestershire,Aldington,NA,580
3672,1667,1671,Cledgley,Worcestershire,Worcestershire,NA,NA,NA
3693,1664,1671,St Neots,Huntingdonshire,Huntingdonshire,St Neots,NA,41886
3781,1665,1671,Lincoln,Herefordshire,Herefordshire,NA,NA,NA
3883,1667,1672,Hitchin,Hertfordshire,Hertfordshire,Hitchin,NA,22136
3973,1667,1671,Padnum,Lancashire,Lancashire,NA,NA,NA
4115,1670,1672,Penters,Kent,Kent,NA,NA,NA
4118,1667,1671,London,London,Middlesex,NA,NA,NA
4135,1669,1670,Inner Temple,London,Middlesex,NA,NA,NA
4165,1668,1672,Stepney,Middlesex,Middlesex,St Dunstan Stepney,ID_30169,NA
4169,1669,1670,Hunsdon,Hertfordshire,Hertfordshire,Hunsdon,NA,23190
4348,1668,1671,St Martin in the Fields,Middlesex,Middlesex,St Martin in the Fields,ID_30034,NA
4451,1671,1671,London,London,Middlesex,NA,NA,NA
4460,1669,1672,Titchmarsh,Northamptonshire,Northamptonshire,Titchmarsh,NA,45030
4482,1667,1671,Pakefield,Suffolk,Suffolk,Pakefield,NA,34472
4612,1669,1672,London,London,Middlesex,NA,NA,NA
4842,1669,1672,St Sepulchre,London,Middlesex,St Sepulchre,ID_30058,NA
4894,1670,1671,London,London,Middlesex,NA,NA,NA
4900,1667,1671,Wappenham,Northamptonshire,Northamptonshire,Wappenham,NA,47732
5143,1667,1671,St Margaret Ilketshall,Suffolk,Suffolk,NA,NA,NA
5311,1670,1671,London,London,Middlesex,NA,NA,NA
5382,1667,1672,Burbridge,Leicestershire,Leicestershire,NA,NA,NA
5551,1670,1672,London,London,Middlesex,NA,NA,NA
5568,1669,1672,Bekesbourne,Kent,Kent,Bekesbourne,NA,3123
5690,1668,1671,Swansbury,Buckinghamshire,Buckinghamshire,NA,NA,NA
5789,1670,1671,Limehouse,Middlesex,Middlesex,St Anne Limehouse,ID_30176,NA
5838,1667,1671,Milton,Cambridgeshire,Cambridgeshire,Milton,NA,30653
5927,1669,1671,London,London,Middlesex,NA,NA,NA
5963,1668,1671,Chertsey,Surrey,Surrey,Chertsey,NA,9021
6005,1670,1672,Sherborne,Oxfordshire,Oxfordshire,NA,NA,NA
6351,1668,1671,Coventry,Warwickshire,Warwickshire,Coventry,NA,11138
6440,1670,1671,London,London,Middlesex,NA,NA,NA
6673,1669,1672,St Olave,Surrey,Surrey,St Olave Southwark,ID_30002,NA
6684,1669,1671,Mannor,Denbighshire,Denbighshire,NA,NA,NA
6741,1666,1672,Bletchingley,Surrey,Surrey,Bletchingley,NA,4316
6765,1666,1670,Bentworth,Hampshire,Hampshire,Bentworth,NA,3333
6796,1668,1671,London,London,Middlesex,NA,NA,NA
6863,1667,1671,London,London,Middlesex,NA,NA,NA
7004,1667,1671,London,London,Middlesex,NA,NA,NA
7105,1669,1671,St Clement Danes,Middlesex,Middlesex,St Clement Danes,ID_30015,NA
7176,1668,1672,Keevill,Wiltshire,Wiltshire,NA,NA,NA
7286,1669,1671,St Giles Cripplegate,Middlesex,Middlesex,St Giles Cripplegate,ID_30100,NA
7332,1667,1671,London,London,Middlesex,NA,NA,NA
7370,1669,1672,"Golding Lane, St Giles Cripplegate",London,Middlesex,St Giles Cripplegate,ID_30100,NA
7448,1669,1671,Eareland,Lancashire,Lancashire,NA,NA,NA
7455,1667,1671,Enfield,Middlesex,Middlesex,Enfield,NA,15358
7593,1670,1671,Yarmouth,Northamptonshire,Northamptonshire,NA,NA,NA
7811,1668,1670,London,London,Middlesex,NA,NA,NA
7820,1671,1672,St Olave Southwark,Surrey,Surrey,St Olave Southwark,ID_30002,NA
8189,1669,1670,Maidstone,Kent,Kent,Maidstone,NA,29156
8207,1668,1671,Stowerton,Warwickshire,Warwickshire,NA,NA,NA
8229,1666,1672,London,London,Middlesex,NA,NA,NA
8431,1666,1670,New Windsor,Berkshire,Berkshire,NA,NA,NA
8498,1670,1672,Russetton,Westmorland,Westmorland,NA,NA,NA
8587,1670,1672,Hampton,Gloucestershire,Gloucestershire,NA,NA,NA
8741,1668,1671,Fox Lane,Middlesex,Middlesex,St Paul Shadwell,ID_30184,NA
8782,1670,1672,Newbury,Berkshire,Berkshire,Newbury,NA,32415
8783,1670,1672,"Broughton, Banbury",Oxfordshire,Oxfordshire,NA,NA,NA
8801,1665,1671,St Giles,Middlesex,Middlesex,St Giles in the Fields,ID_30018,NA
9058,1668,1672,Peckham,Surrey,Surrey,Peckham,NA,34933
9079,1668,1671,London,London,Middlesex,NA,NA,NA
9143,1669,1671,Kegworth,Leicestershire,Leicestershire,Kegworth,NA,23929
9242,1668,1671,Olney,Buckinghamshire,Buckinghamshire,Olney,NA,33999
9288,1671,1671,London,London,Middlesex,NA,NA,NA
9357,1668,1672,Keysoe,Bedfordshire,Bedfordshire,Keysoe,NA,24227
9664,1667,1671,Tollerton,Nottinghamshire,Nottinghamshire,Tollerton,NA,45131
9712,1670,1671,"Midddleton, Teesdale",County Durham,County Durham,NA,NA,NA
9749,1668,1671,Podington,Bedfordshire,Bedfordshire,Podington,NA,36176
10027,1668,1672,London,London,Middlesex,NA,NA,NA
10058,1666,1671,Cripplegate,Middlesex,Middlesex,St Giles Cripplegate,ID_30100,NA
10078,1668,1671,Stratford Bow,Middlesex,Middlesex,Stratford Bow,NA,NA
10143,1666,1671,London,London,Middlesex,NA,NA,NA
10203,1668,1671,Rainham,Essex,Essex,Rainham,NA,37317
10245,1669,1670,Shipon,Berkshire,Berkshire,NA,NA,NA
10286,1666,1671,London,London,Middlesex,NA,NA,NA
10314,1668,1671,Billericay,Essex,Essex,Billericay,NA,3639
10444,1668,1671,Bullwell Forge,Nottinghamshire,Nottinghamshire,NA,NA,NA
10459,1668,1672,Tower Street,London,Middlesex,NA,NA,NA
10591,1669,1672,NA,Merionethshire,Merionethshire,NA,NA,NA
10638,1666,1672,Alconbury Weston,Huntingdonshire,Huntingdonshire,Alconbury Weston,NA,525
10851,1669,1671,Coventry,Warwickshire,Warwickshire,Coventry,NA,11138
10856,1669,1672,Clerkenwell,Middlesex,Middlesex,St James Clerkenwell,ID_127865,NA
10915,1669,1670,Burton upon Trent,Staffordshire,Staffordshire,Burton upon Trent,NA,7145
10965,1669,1671,London,London,Middlesex,NA,NA,NA
10977,1667,1672,Thames Street,London,Middlesex,NA,NA,NA
10984,1667,1671,NA,Oxfordshire,Oxfordshire,NA,NA,NA
11100,1670,1670,Whittlesey,Cambridgeshire,Cambridgeshire,Whittlesey,NA,49663
11115,1668,1672,London,London,Middlesex,NA,NA,NA
11152,1667,1672,London,London,Middlesex,NA,NA,NA
11201,1664,1671,Derby,Derbyshire,Derbyshire,Derby,NA,12974
11236,1668,1671,Barcombe,Sussex,Sussex,Barcombe,NA,2344
11241,1667,1671,NA,Somerset,Somerset,NA,NA,NA
11703,1670,1671,NA,Suffolk,Suffolk,NA,NA,NA
11977,1669,1671,Abingdon,Berkshire,Berkshire,Abingdon,NA,287768
12062,1667,1671,Tonge,Leicestershire,Leicestershire,Tonge,NA,45177
12148,1667,1672,Deptford,Kent,Kent,Deptford,NA,12973
12167,1665,1671,Leicester,Leicestershire,Leicestershire,Leicester,NA,25957
12361,1668,1671,Manchester,Lancashire,Lancashire,Manchester,NA,29251
12531,1668,1672,Croft,Leicestershire,Leicestershire,Croft,NA,11650
12555,1669,1672,Leatherworth,Leicestershire,Leicestershire,NA,NA,NA
12643,1668,1671,NA,Rutland,Rutland,NA,NA,NA
12708,1668,1671,Gwendon,Cornwall,Cornwall,NA,NA,NA
12709,1670,1671,Gwendron,Cornwall,Cornwall,NA,NA,NA
12837,1668,1671,Tewkesbury,Gloucestershire,Gloucestershire,Tewkesbury,NA,44069
12871,1666,1672,NA,Kent,Kent,NA,NA,NA
13031,1666,1672,London,London,Middlesex,NA,NA,NA
13054,1668,1671,Kensington,Middlesex,Middlesex,St Anne Kensington,ID_127870,NA
13107,1669,1670,Welshpool,Montgomeryshire,Montgomeryshire,Welshpool,NA,48315
13258,1669,1670,Southwark,Surrey,Surrey,NA,NA,NA
13276,1669,1671,Wolston,Warwickshire,Warwickshire,Wolston,NA,50398
13317,1669,1671,Willian,Hertfordshire,Hertfordshire,Willian,NA,49929
13370,1668,1670,Bermondsey,Surrey,Surrey,St Mary Magdalen Bermondsey,ID_30004,NA
13396,1671,1672,London,London,Middlesex,NA,NA,NA
13409,1669,1671,Market Stainton,Lincolnshire,Lincolnshire,Market Stainton,NA,29451
13621,1667,1670,Tenhead,Wiltshire,Wiltshire,NA,NA,NA
13767,1669,1670,NA,Radnorshire,Radnorshire,NA,NA,NA
13967,1666,1672,St Lawrence Jury,London,Middlesex,St Lawrence Jewry,ID_30086,NA
13989,1669,1671,Wilcot,Oxfordshire,Oxfordshire,NA,NA,NA
14018,1668,1671,Barnet,Hertfordshire,Hertfordshire,Barnet,NA,2473
14140,1669,1671,Richmond,Surrey,Surrey,Richmond,NA,38028
14267,1668,1672,East Hanningfield,Essex,Essex,East Hanningfield,NA,14317
142,1668,1671,NA,Middlesex,Middlesex,NA,NA,NA
377,1665,1671,Warfield,Berkshire,Berkshire,Warfield,NA,47792
406,1667,1670,London,London,Middlesex,NA,NA,NA
577,1668,1671,Witney,Oxfordshire,Oxfordshire,Witney,NA,50334
1116,1666,1670,Baldock,Hertfordshire,Hertfordshire,Baldock,NA,2034
1352,1669,1671,Stratford Langton,Essex,Essex,NA,NA,NA
1490,1670,1670,Calfin,Shropshire,Shropshire,NA,NA,NA
1726,1664,1671,Tiverton,Somerset,Somerset,NA,NA,NA
2173,1667,1670,Ratcliff,Middlesex,Middlesex,Ratcliffe,ID_30177,NA
2214,1669,1670,Cookham,Berkshire,Berkshire,Cookham,NA,10707
2226,1666,1670,NA,Northamptonshire,Northamptonshire,NA,NA,NA
2444,1665,1670,London,London,Middlesex,NA,NA,NA
2567,1668,1671,Wharton,Buckinghamshire,Buckinghamshire,NA,NA,NA
2591,1667,1671,London,London,Middlesex,NA,NA,NA
2756,1669,1671,Lincoln,Lincolnshire,Lincolnshire,Lincoln,NA,26300
2813,1663,1670,St Magnus,London,Middlesex,St Magnus the Martyr,ID_30132,NA
2839,1666,1670,Sturminster,Dorset,Dorset,NA,NA,NA
2907,1667,1671,London,London,Middlesex,NA,NA,NA
3322,1666,1670,Thornhaugh,Northamptonshire,Northamptonshire,Thornhaugh,NA,44560
3327,1668,1670,Stamford,Lincolnshire,Lincolnshire,Stamford,NA,42021
3860,1668,1671,London,London,Middlesex,NA,NA,NA
3899,1669,1671,Lyonshall,Herefordshire,Herefordshire,Lyonshall,NA,29000
4122,1669,1670,Tysoe,Warwickshire,Warwickshire,Tysoe,NA,64386
4163,1669,1671,Sandhurst,Kent,Kent,Sandhurst,NA,39222
4332,1668,1671,London,London,Middlesex,NA,NA,NA
4384,1666,1671,Plaistow,Essex,Essex,Plaistow,NA,36054
4724,1665,1670,Stretton on the Foss,Warwickshire,Warwickshire,NA,NA,NA
4822,1666,1671,London,London,Middlesex,NA,NA,NA
4869,1668,1671,St Andrew Holborn,Middlesex,Middlesex,St Andrew Holborn,ID_127848,NA
5034,1669,1671,Camplin,Cambridgeshire,Cambridgeshire,NA,NA,NA
5081,1669,1670,London,London,Middlesex,NA,NA,NA
5582,1668,1670,Nottingham,Nottinghamshire,Nottinghamshire,Nottingham,NA,33480
5643,1670,1671,Uckington,Gloucestershire,Gloucestershire,Uckington,NA,46655
6028,1669,1671,Hereford,Herefordshire,Herefordshire,Hereford,NA,21293
6289,1668,1671,Cam,Gloucestershire,Gloucestershire,Cam,NA,7623
6609,1666,1671,Rumford,Essex,Essex,NA,NA,NA
6709,NA,1671,Cuzington,Leicestershire,Leicestershire,NA,NA,NA
6942,1668,1671,Bath,Somerset,Somerset,Bath,NA,2744
7106,1669,1670,Bermondsey,Surrey,Surrey,St Mary Magdalen Bermondsey,ID_30004,NA
7122,1670,1671,Sandrith,Merionethshire,Merionethshire,NA,NA,NA
7327,1667,1670,Sunning,Berkshire,Berkshire,NA,NA,NA
7415,1670,1671,St James Clerkenwell,Middlesex,Middlesex,St James Clerkenwell,ID_127865,NA
7464,1667,1671,Calverton,Buckinghamshire,Buckinghamshire,Calverton,NA,7620
7509,1664,1670,Tansworth,Northamptonshire,Northamptonshire,NA,NA,NA
7555,1666,1671,Putney,Surrey,Surrey,Putney,NA,37033
7688,1669,1670,Conningham,Lincolnshire,Lincolnshire,NA,NA,NA
7760,1669,1670,Swanley,Kent,Kent,Swanley,NA,43469
8029,1665,1671,Luddington,Lincolnshire,Lincolnshire,Luddington,NA,28770
8081,1665,1671,Stepney,Middlesex,Middlesex,St Dunstan Stepney,ID_30169,NA
8322,1666,1671,Wye,Kent,Kent,Wye,NA,51167
8590,1666,1671,Batcombe,Somerset,Somerset,Batcombe,NA,2736
8649,1668,1670,St Weonard,Herefordshire,Herefordshire,NA,NA,NA
8778,1667,1671,Withyham,Sussex,Sussex,Withyham,NA,50324
9021,1669,1670,Little Sheepy,Leicestershire,Leicestershire,NA,NA,NA
9084,1669,1670,Loughborough,Leicestershire,Leicestershire,Loughborough,NA,28159
9128,1668,1670,Shere,Surrey,Surrey,Shere,NA,40085
9202,1669,1671,Lewes,Sussex,Sussex,Lewes,NA,26145
9464,1669,1671,Langhassa,Flintshire,Flintshire,NA,NA,NA
9582,1670,1671,Harvington,Worcestershire,Worcestershire,NA,NA,NA
9885,1669,1670,St Giles in the Fields,Middlesex,Middlesex,St Giles in the Fields,ID_30018,NA
9927,1670,1671,Purton,Wiltshire,Wiltshire,Purton,NA,37020
9931,1666,1670,Newnham,Hertfordshire,Hertfordshire,Newnham,NA,32559
9932,1666,1671,London,London,Middlesex,NA,NA,NA
9968,1667,1671,Mottisfont,Hampshire,Hampshire,Mottisfont,NA,31319
9984,1666,1671,Brasfooton,Worcestershire,Worcestershire,NA,NA,NA
10379,1668,1671,Harrold,Bedfordshire,Bedfordshire,Harrold,NA,20305
10403,1665,1671,Tenterden,Kent,Kent,Tenterden,NA,44027
10413,1668,1671,Luton,Bedfordshire,Bedfordshire,Luton,NA,28865
10798,1666,1670,Dieulacres Abbey,Staffordshire,Staffordshire,NA,NA,NA
10863,1663,1670,St Martin in the Fields,Middlesex,Middlesex,St Martin in the Fields,ID_30034,NA
10959,1669,1670,Oterfield,Yorkshire,Yorkshire,NA,NA,NA
11153,1664,1670,London,London,Middlesex,NA,NA,NA
11332,1669,1670,Bovingdon,Hertfordshire,Hertfordshire,Bovingdon,NA,4940
11370,1669,1671,London,London,Middlesex,NA,NA,NA
11459,1666,1670,Hallaton,Leicestershire,Leicestershire,Hallaton,NA,19757
11537,1663,1670,Kensington,Middlesex,Middlesex,St Anne Kensington,ID_127870,NA
11632,1667,1671,Kinver,Staffordshire,Staffordshire,Kinver,NA,24732
11680,1668,NA,London,London,Middlesex,NA,NA,NA
11705,1667,1671,London,London,Middlesex,NA,NA,NA
11806,1668,1671,Stepney,Middlesex,Middlesex,St Dunstan Stepney,ID_30169,NA
11813,1669,1671,Cirencester,Gloucestershire,Gloucestershire,Cirencester,NA,9528
11879,1668,1671,London,London,Middlesex,NA,NA,NA
12073,1667,1670,Saxelby,Leicestershire,Leicestershire,NA,NA,NA
12422,1668,1671,St Olave Southwark,Surrey,Surrey,St Olave Southwark,ID_30002,NA
12530,1666,1670,York,Yorkshire,Yorkshire,York,NA,51511
12704,1666,1671,London,London,Middlesex,NA,NA,NA
12889,1670,1671,Clerkenwell,Middlesex,Middlesex,St James Clerkenwell,ID_127865,NA
12911,1666,1671,Peterchurch,Herefordshire,Herefordshire,Peterchurch,NA,35714
12934,1668,1670,London,London,Middlesex,NA,NA,NA
13162,1668,1670,Stone,Yorkshire,Yorkshire,Stone,NA,42623
13250,1667,1671,Devizes,Wiltshire,Wiltshire,Devizes,NA,13020
13403,1669,1670,London,London,Middlesex,NA,NA,NA
13439,1669,1671,Corfe,Dorset,Dorset,NA,NA,NA
13534,1669,1670,London,London,Middlesex,NA,NA,NA
13938,1666,1671,Ploefield,Herefordshire,Herefordshire,NA,NA,NA
2,1665,1671,Compton,Dorset,Dorset,NA,NA,NA
62,1665,1671,Tamworth,Staffordshire,Staffordshire,Tamworth,NA,43773
116,1666,1671,Nuneaton,Warwickshire,Warwickshire,Nuneaton,NA,33500
152,1667,1671,Pelton,Northamptonshire,Northamptonshire,NA,NA,NA
348,1670,1671,London,London,Middlesex,NA,NA,NA
420,1666,1671,Hook,Hampshire,Hampshire,NA,NA,NA
421,1667,1671,Hook,Hampshire,Hampshire,NA,NA,NA
460,1669,1671,Whitchurch,Oxfordshire,Oxfordshire,NA,NA,NA
666,1666,1671,Huntingdon,Huntingdonshire,Huntingdonshire,Huntingdon,NA,23215
812,1667,1671,Chatteris,Cambridgeshire,Cambridgeshire,Chatteris,NA,8881
865,1668,1671,London,London,Middlesex,NA,NA,NA
930,1666,1671,St Mary at Hill,London,Middlesex,St Mary at Hill,ID_30141,NA
998,1667,1671,Wheatley,Oxfordshire,Oxfordshire,Wheatley,NA,49287
1140,1668,1671,Rotherhithee,Surrey,Surrey,St Mary Rotherhithe,ID_30008,NA
1183,1664,1670,Cadeby,Leicestershire,Leicestershire,Cadeby,NA,7388
1463,1665,1671,Tower Hill,London,Middlesex,The Tower,ID_127864,NA
1560,1669,1670,Gosport,Hampshire,Hampshire,Gosport,NA,NA
1627,1664,1671,Ashford,Kent,Kent,Ashford,NA,1368
2052,1664,1671,Wapping,Middlesex,Middlesex,St John Wapping,ID_30182,NA
2183,1669,1671,Stretham,Cambridgeshire,Cambridgeshire,Stretham,NA,43035
2483,1668,1670,St Andrew Holborn,Middlesex,Middlesex,St Andrew Holborn,ID_127848,NA
2693,1670,1671,St Mary Mouthaw,London,Middlesex,St Mary Mounthaw,ID_30065,NA
2753,1671,1671,Eton,Buckinghamshire,Buckinghamshire,Eton,NA,15489
2967,1667,1671,London,London,Middlesex,NA,NA,NA
3059,1670,1671,London,London,Middlesex,NA,NA,NA
3195,1669,1670,St Giles in the Fields,Middlesex,Middlesex,St Giles in the Fields,ID_30018,NA
3280,1663,1671,London,London,Middlesex,NA,NA,NA
3581,1669,1671,Longhope,Gloucestershire,Gloucestershire,Longhope,NA,28040
3921,1669,1671,Berwick,Northumberland,Northumberland,Berwick upon Tweed,NA,3424
3985,1671,1671,London,London,Middlesex,NA,NA,NA
4774,1667,1671,Royston,Hertfordshire,Hertfordshire,Royston,NA,38756
4781,1669,1671,Newton,Hampshire,Hampshire,NA,NA,NA
4802,1671,NA,Hogesdon,Buckinghamshire,Buckinghamshire,NA,NA,NA
4861,1669,1670,St Dunstan,London,Middlesex,NA,NA,NA
5069,1667,1671,London,London,Middlesex,NA,NA,NA
5125,1669,1671,St Saviour Southwark,Surrey,Surrey,St Saviour Southwark,ID_30001,NA
5473,1668,1671,Wantage,Berkshire,Berkshire,Wantage,NA,47728
5843,1670,1671,Gravesend,Kent,Kent,Gravesend,NA,18502
5992,1669,1671,Derby,Derbyshire,Derbyshire,Derby,NA,12974
6253,1663,1670,Braybrooke,Northamptonshire,Northamptonshire,Braybrooke,NA,5433
6336,1669,1671,Ascott,Buckinghamshire,Buckinghamshire,Ascott,NA,287971
6420,1664,1671,Rudgwick,Sussex,Sussex,Rudgwick,NA,38789
6612,1668,1670,Clerkenwell,Middlesex,Middlesex,St James Clerkenwell,ID_127865,NA
6714,1668,1670,Aston,Hertfordshire,Hertfordshire,Aston,NA,1548
6839,1667,1670,Wales,Yorkshire,Yorkshire,Wales,NA,47495
6874,1664,1671,Foxhearth,Essex,Essex,NA,NA,NA
6923,1666,1671,London,London,Middlesex,NA,NA,NA
7268,1668,1671,Coleston,Wiltshire,Wiltshire,NA,NA,NA
7336,1668,1671,Teversall,Nottinghamshire,Nottinghamshire,NA,NA,NA
7493,1666,1670,Hounslow,Middlesex,Middlesex,Hounslow,NA,22970
7498,1666,1671,Solihull,Warwickshire,Warwickshire,Solihull,NA,40965
7860,1665,1670,Taunton,Somerset,Somerset,Taunton,NA,43927
8290,1670,1671,Woodhall,Hertfordshire,Hertfordshire,Woodhall,NA,50596
8557,1669,1671,Hearte,Derbyshire,Derbyshire,NA,NA,NA
8696,1671,1671,St Olave Southwark,Surrey,Surrey,St Olave Southwark,ID_30002,NA
8732,1669,1670,London,London,Middlesex,NA,NA,NA
9563,1671,1672,Ely,Cambridgeshire,Cambridgeshire,Ely,NA,15168
9871,1666,1670,Fowke Norton,Oxfordshire,Oxfordshire,NA,NA,NA
9970,1669,1671,Melbury,Dorset,Dorset,NA,NA,NA
10049,1670,1672,Clun,Shropshire,Shropshire,Clun,NA,9972
10116,1667,1671,Hampton,Warwickshire,Warwickshire,NA,NA,NA
10313,1667,1671,Mamble,Worcestershire,Worcestershire,Mamble,NA,29241
10385,1668,1670,Newbury,Berkshire,Berkshire,Newbury,NA,32415
10412,1667,1671,St Clement Danes,Middlesex,Middlesex,St Clement Danes,ID_30015,NA
10552,1668,1670,London,London,Middlesex,NA,NA,NA
10928,1668,1670,Radwell,Hertfordshire,Hertfordshire,Radwell,NA,37290
11119,1669,1670,Flaxley,Gloucestershire,Gloucestershire,Flaxley,NA,16417
12196,1666,1671,London,London,Middlesex,NA,NA,NA
12305,1668,1671,Devizes,Wiltshire,Wiltshire,Devizes,NA,13020
12384,1669,1671,Gloucester,Gloucestershire,Gloucestershire,Gloucester,NA,17982
12400,1667,1670,St Leonard Shoreditch,Middlesex,Middlesex,St Leonard Shoreditch,ID_30170,NA
12417,1667,1670,Compton,Surrey,Surrey,NA,NA,NA
12938,1667,1671,Welford,Northamptonshire,Northamptonshire,Welford,NA,48229
13005,1665,1671,London,London,Middlesex,NA,NA,NA
13507,1669,1671,Long Acre,Middlesex,Middlesex,NA,NA,NA
13953,1667,1671,Castle Hedingham,Essex,Essex,Castle Hedingham,NA,8222
99,1664,1671,Ferres,Northamptonshire,Northamptonshire,NA,NA,NA
218,1667,1672,London,London,Middlesex,NA,NA,NA
326,1669,1672,Ware,Hertfordshire,Hertfordshire,Ware,NA,47782
383,1670,1672,Monmouth,Monmouthshire,Monmouthshire,Monmouth,NA,30940
870,1667,1672,Carlton le Moorland,Lincolnshire,Lincolnshire,Carlton le Moorland,NA,7980
1511,1669,1671,Leytonstone,Essex,Essex,Leytonstone,NA,26183
2112,1666,1671,London,London,Middlesex,NA,NA,NA
2229,1667,1672,Walton,Gloucestershire,Gloucestershire,NA,NA,NA
2558,1667,1671,Hornby,Lancashire,Lancashire,Hornby,NA,22755
2564,1670,1672,Islington,Middlesex,Middlesex,St Mary Islington,ID_30043,NA
2729,1667,1671,Ware,Hertfordshire,Hertfordshire,Ware,NA,47782
2776,1667,1672,Fulham,Middlesex,Middlesex,Fulham,NA,17119
3401,1667,1671,Stewkley,Buckinghamshire,Buckinghamshire,Stewkley,NA,42370
3451,1668,1671,Banstead,Surrey,Surrey,Banstead,NA,2301
3474,1668,1671,Lullington,Derbyshire,Derbyshire,Lullington,NA,28804
3664,1670,1671,Hinckley,Leicestershire,Leicestershire,Hinckley,NA,22061
3814,1667,1672,Henley upon Thames,Oxfordshire,Oxfordshire,Henley on Thames,NA,21225
3851,1670,1671,Shrewsbury,Shropshire,Shropshire,Shrewsbury,NA,40345
3885,1667,1672,Weddington,Warwickshire,Warwickshire,Weddington,NA,48169
4066,1668,1672,Shrewsbury,Shropshire,Shropshire,Shrewsbury,NA,40345
4081,1670,1672,Lantrician,Glamorgan,Glamorgan,NA,NA,NA
4289,1667,1671,Worthwitch,Cheshire,Cheshire,NA,NA,NA
4313,1668,1671,Whaddon,Buckinghamshire,Buckinghamshire,Whaddon,NA,49222
4321,1669,1672,London,London,Middlesex,NA,NA,NA
4402,1667,1672,London,London,Middlesex,NA,NA,NA
4405,1667,1671,Chigwell,Essex,Essex,Chigwell,NA,9118
4474,1665,1672,Nuneaton,Warwickshire,Warwickshire,Nuneaton,NA,33500
4852,1670,1672,Ludlow,Shropshire,Shropshire,Ludlow,NA,28779
5166,1669,1672,Oxford,Oxfordshire,Oxfordshire,Oxford,NA,34379
6069,1671,1672,Rochester,Kent,Kent,Rochester,NA,38282
6435,1668,1672,Brimblee,Wiltshire,Wiltshire,NA,NA,NA
7048,1669,1671,Littleton,Worcestershire,Worcestershire,NA,NA,NA
7426,1667,1671,Reading,Berkshire,Berkshire,Reading,NA,37532
7550,1668,1672,Burford,Shropshire,Shropshire,Burford,NA,6866
7770,1667,1672,London,London,Middlesex,NA,NA,NA
7800,1670,1671,Peterchurch,Herefordshire,Herefordshire,Peterchurch,NA,35714
7874,1665,1672,Shere,Surrey,Surrey,Shere,NA,40085
8255,1669,1672,Dover,Kent,Kent,Dover,NA,13407
8422,1670,1672,Marcas,Herefordshire,Herefordshire,NA,NA,NA
8971,1665,1671,Cranham,Gloucestershire,Gloucestershire,Cranham,NA,11405
8997,1668,1671,Raisbery,Buckinghamshire,Buckinghamshire,NA,NA,NA
9153,1669,1672,Deddington,Oxfordshire,Oxfordshire,Deddington,NA,12809
9176,1669,1672,Millington,Middlesex,Middlesex,NA,NA,NA
9743,1671,1672,London,London,Middlesex,NA,NA,NA
9750,1670,1672,Cambridge,Cambridgeshire,Cambridgeshire,Cambridge,NA,7642
10721,1664,1671,Spalding,Lincolnshire,Lincolnshire,Spalding,NA,41458
10783,1668,1672,London,London,Middlesex,NA,NA,NA
10867,1667,1671,Crick,Northamptonshire,Northamptonshire,Crick,NA,11556
10940,1668,1672,Halleck,Leicestershire,Leicestershire,NA,NA,NA
11099,1670,1672,Hoddsdon,Hertfordshire,Hertfordshire,NA,NA,NA
11340,1665,1671,Shenstone,Staffordshire,Staffordshire,Shenstone,NA,40046
11413,1669,1672,Foulner,Cambridgeshire,Cambridgeshire,NA,NA,NA
11434,1669,1672,Oxford,Oxfordshire,Oxfordshire,Oxford,NA,34379
11480,1667,1671,London,London,Middlesex,NA,NA,NA
11511,1667,1672,Burend,Oxfordshire,Oxfordshire,NA,NA,NA
11662,1669,1671,London,London,Middlesex,NA,NA,NA
11663,1670,1671,St Saviour Southwark,Surrey,Surrey,St Saviour Southwark,ID_30001,NA
11699,1668,1671,Chigwell,Essex,Essex,Chigwell,NA,9118
11973,1668,1671,Newport,Isle of Wight,Hampshire,Newport,NA,32577
12711,1670,1672,Rame,Cornwall,Cornwall,NA,NA,NA
12791,1671,1672,Whitechurch,Middlesex,Middlesex,NA,NA,NA
12937,1671,1671,St Giles Cripplegate,London,Middlesex,St Giles Cripplegate,ID_30100,NA
13252,1668,1671,Southwark,Surrey,Surrey,NA,NA,NA
13411,1671,1672,Newington Butts,Surrey,Surrey,Newington,ID_30005,NA
13412,1671,1672,Newington Butts,Surrey,Surrey,Newington,ID_30005,NA
13424,1668,1671,Aston Clinton,Buckinghamshire,Buckinghamshire,Aston Clinton,NA,1554
13557,1669,1671,Sheldon,Derbyshire,Derbyshire,Sheldon,NA,39990
13650,1667,1671,St Giles in the Fields,Middlesex,Middlesex,St Giles in the Fields,ID_30018,NA
13720,1669,1672,London,London,Middlesex,NA,NA,NA
289,1669,1672,Sampford,Devon,Devon,NA,NA,NA
305,1671,1672,Great Mitton,Yorkshire,Yorkshire,Great Mitton,NA,18680
511,1667,1672,Frimley,Surrey,Surrey,Frimley,NA,16992
820,1670,1671,Darlaston,Staffordshire,Staffordshire,Darlaston,NA,12637
1090,1667,1672,Little Munden,Hertfordshire,Hertfordshire,Little Munden,NA,60701
1476,1668,1672,Edmonton,Middlesex,Middlesex,Edmonton,NA,14841
1496,1667,1671,London,London,Middlesex,NA,NA,NA
2025,1666,1672,Whitehartly,Essex,Essex,NA,NA,NA
2540,1669,1672,Boddington,Bedfordshire,Bedfordshire,NA,NA,NA
2837,1670,1671,London,London,Middlesex,NA,NA,NA
2902,1669,1672,London,London,Middlesex,NA,NA,NA
3058,1670,1671,St Olave Southwark,Surrey,Surrey,St Olave Southwark,ID_30002,NA
3755,1668,1671,Ashford,Shropshire,Shropshire,NA,NA,NA
3979,1671,1671,Shobrooke,Devon,Devon,Shobrooke,NA,40234
4962,1666,1671,Allhallows London Wall,London,Middlesex,All Hallows London Wall,ID_127847,NA
5130,1669,1672,London,London,Middlesex,NA,NA,NA
6106,1669,NA,Kingston,Berkshire,Berkshire,NA,NA,NA
6356,1667,1672,Hornchurch,Middlesex,Middlesex,NA,NA,NA
6925,1670,1670,Market Bosworth,Leicestershire,Leicestershire,Market Bosworth,NA,29444
7658,1669,1672,Isle of Thanet,Kent,Kent,NA,NA,NA
7704,1667,1672,Wallington,Berkshire,Berkshire,NA,NA,NA
7901,1665,1672,Sampford Peverell,Devon,Devon,Sampford Peverell,NA,39145
8000,1664,1671,London,London,Middlesex,NA,NA,NA
8491,1667,1672,Colnbrook,Buckinghamshire,Buckinghamshire,Colnbrook,NA,10425
8556,1668,1671,St Giles Cripplegate,London,Middlesex,St Giles Cripplegate,ID_30100,NA
8759,NA,1671,London,London,Middlesex,NA,NA,NA
9421,1669,1672,Southampton,Hampshire,Hampshire,Southampton,NA,41322
9599,1671,NA,West Smithfield,Middlesex,Middlesex,St Bartholomew the Great,ID_30059,NA
9763,1667,1671,Doter,Wiltshire,Wiltshire,NA,NA,NA
10363,1671,1672,Stanstead,Essex,Essex,NA,NA,NA
11194,1667,1672,Guildford,Surrey,Surrey,Guildford,NA,19326
11878,1666,1672,Waltham,Essex,Essex,NA,NA,NA
12113,1667,1672,Drayton,Middlesex,Middlesex,NA,NA,NA
12371,1671,1672,Southwark,Surrey,Surrey,NA,NA,NA
12666,1671,1672,St Andrew Holborn,Middlesex,Middlesex,St Andrew Holborn,ID_127848,NA
13529,1669,1672,Rotherhithee,Surrey,Surrey,St Mary Rotherhithe,ID_30008,NA
13583,NA,1672,London,London,Middlesex,NA,NA,NA
13962,1669,1672,Hollingbourne,Kent,Kent,Hollingbourne,NA,22321
65,1667,1672,St Olave Tooley Street,Surrey,Surrey,St Olave Southwark,ID_30002,NA
491,1668,1672,Edmonton,Middlesex,Middlesex,Edmonton,NA,14841
564,1667,1672,Brant Broughton,Lincolnshire,Lincolnshire,Brant Broughton,NA,5391
632,1671,1672,Longdon,Staffordshire,Staffordshire,Longdon,NA,28006
839,1668,1672,London,London,Middlesex,NA,NA,NA
913,1670,1672,Ratcliff,Middlesex,Middlesex,Ratcliffe,ID_30177,NA
1037,1668,1672,London,London,Middlesex,NA,NA,NA
1069,1668,1672,Hinckley,Leicestershire,Leicestershire,Hinckley,NA,22061
1080,1671,1672,West Chiltington,Sussex,Sussex,West Chiltington,NA,48487
1081,1671,1672,NA,Sussex,Sussex,NA,NA,NA
1365,1669,1672,Basing,Hampshire,Hampshire,Basing,NA,NA
1452,1671,1672,Plaitford,Wiltshire,Wiltshire,Plaitford,NA,36056
1834,1670,1672,Stepney,Middlesex,Middlesex,St Dunstan Stepney,ID_30169,NA
2081,1670,1672,"Fetter Lane, St Andrew Holborn",London,Middlesex,St Andrew Holborn,ID_127848,NA
2624,1671,1672,London,London,Middlesex,NA,NA,NA
2625,1671,1672,London,London,Middlesex,NA,NA,NA
2772,1670,1672,London,London,Middlesex,NA,NA,NA
3210,1665,1672,Romsey,Hampshire,Hampshire,Romsey,NA,38423
3961,1669,1672,Southwark,Surrey,Surrey,NA,NA,NA
4280,1667,1672,West Witton,Yorkshire,Yorkshire,West Witton,NA,48860
4294,1668,1672,East Farndon,Northamptonshire,Northamptonshire,East Farndon,NA,14288
4635,1667,1672,Canterbury,Kent,Kent,Canterbury,NA,7771
4763,1670,1672,Westminster,Middlesex,Middlesex,NA,NA,NA
5177,1667,1672,London,London,Middlesex,NA,NA,NA
5218,1670,1672,High Thorne,Yorkshire,Yorkshire,NA,NA,NA
5251,1666,1672,Northfield,Worcestershire,Worcestershire,Northfield,NA,33323
5589,1668,1672,Leicester,Leicestershire,Leicestershire,Leicester,NA,25957
5783,1668,1672,Plymouth,Devon,Devon,Plymouth,NA,36158
5948,1668,1672,St Katherine Tower,London,Middlesex,Precinct of St Katherine,ID_30181,NA
5966,1671,1672,Simpson,Buckinghamshire,Buckinghamshire,Simpson,NA,40517
6045,1669,1672,London,London,Middlesex,NA,NA,NA
6144,1668,1672,Lee,Kent,Kent,Lee,NA,25900
6241,1671,1672,London,London,Middlesex,NA,NA,NA
6661,1667,1672,Beesby,Lincolnshire,Lincolnshire,NA,NA,NA
6926,1669,1672,Barley,Hertfordshire,Hertfordshire,Barley,NA,2418
7309,1667,1672,Thame,Oxfordshire,Oxfordshire,Thame,NA,44078
7816,1669,1672,NA,Somerset,Somerset,NA,NA,NA
7895,1668,1672,Deptford,Kent,Kent,Deptford,NA,12973
7896,1668,1672,Deptford,Kent,Kent,Deptford,NA,12973
8211,1669,1672,West Ham,Essex,Essex,West Ham,NA,48614
8257,1671,1672,Westchester,Cheshire,Cheshire,Chester,NA,9035
8499,1667,1672,"Weston, Weedon",Northamptonshire,Northamptonshire,NA,NA,NA
8775,1669,1672,Chappingthorpe,Yorkshire,Yorkshire,NA,NA,NA
9003,NA,1672,Hinksford,Hertfordshire,Hertfordshire,NA,NA,NA
9231,1669,1672,Edmondsbury,Middlesex,Middlesex,NA,NA,NA
9698,1669,1672,Longlaford,Warwickshire,Warwickshire,NA,NA,NA
9858,1666,1672,Ashwell,Rutland,Rutland,Ashwell,NA,1467
9867,1668,1672,Muggerange,Bedfordshire,Bedfordshire,NA,NA,NA
10206,1668,1672,Hampstead,Hertfordshire,Hertfordshire,Hampstead,NA,NA
10499,1670,1672,Lowconicliffe,County Durham,County Durham,NA,NA,NA
10623,1665,1672,Thame,Oxfordshire,Oxfordshire,Thame,NA,44078
10790,1671,1672,Kerby,Nottinghamshire,Nottinghamshire,NA,NA,NA
11128,1665,1666,Martin,Oxfordshire,Oxfordshire,NA,NA,NA
11863,1670,1672,St Botolph Aldgate,London,Middlesex,St Botolph Aldgate,ID_30153,NA
12257,1667,1672,London,London,Middlesex,NA,NA,NA
12592,1667,1672,Binser,Yorkshire,Yorkshire,NA,NA,NA
12596,1666,1672,Winterboure,Wiltshire,Wiltshire,NA,NA,NA
13127,1669,1672,London,London,Middlesex,NA,NA,NA
13159,1670,1672,Nuneaton,Warwickshire,Warwickshire,Nuneaton,NA,33500
13234,1668,1672,Chepston,Monmouthshire,Monmouthshire,NA,NA,NA
13397,1667,1672,NA,Gloucestershire,Gloucestershire,NA,NA,NA
13499,1670,1672,Standish,Lancashire,Lancashire,Standish,NA,42049
13786,1669,1672,London,London,Middlesex,NA,NA,NA
14162,1667,1672,St Andrew Wardrobe,London,Middlesex,St Andrew by the Wardrobe,ID_30056,NA
14222,1670,1672,Ely,Cambridgeshire,Cambridgeshire,Ely,NA,15168
834,1670,1673,Branson,Northamptonshire,Northamptonshire,NA,NA,NA
1052,1668,1673,Towcester,Northamptonshire,Northamptonshire,Towcester,NA,45363
1180,1669,1673,Newport,Isle of Wight,Hampshire,Newport,NA,32577
2942,1667,1673,London,London,Middlesex,NA,NA,NA
3220,NA,1673,St Giles in the Fields,Middlesex,Middlesex,St Giles in the Fields,ID_30018,NA
8567,1671,1673,Middleton,Westmorland,Westmorland,Middleton,NA,30300
9707,1668,1673,St Botolph Aldgate,Middlesex,Middlesex,St Botolph Aldgate,ID_30153,NA
10592,1670,1673,Kandrooft,Denbighshire,Denbighshire,NA,NA,NA
12098,1671,1673,London,London,Middlesex,NA,NA,NA
79,1669,1672,Hatfield,Hertfordshire,Hertfordshire,Hatfield,NA,20494
332,1670,1673,Breedon,Leicestershire,Leicestershire,NA,NA,NA
353,1666,1673,London,London,Middlesex,NA,NA,NA
372,1671,1672,London,London,Middlesex,NA,NA,NA
838,1670,1672,Poplar,Middlesex,Middlesex,Poplar,ID_30173,NA
1129,1670,1672,Rosse,Herefordshire,Herefordshire,NA,NA,NA
1187,1668,1673,Beverley,Yorkshire,Yorkshire,Beverley,NA,3497
1233,1668,1673,St Andrew Holborn,Middlesex,Middlesex,St Andrew Holborn,ID_127848,NA
1321,1667,1672,Fardingoe,Northamptonshire,Northamptonshire,NA,NA,NA
1577,1667,1673,London,London,Middlesex,NA,NA,NA
1776,1668,1672,Burfield,Derbyshire,Derbyshire,NA,NA,NA
1982,1667,1672,London,London,Middlesex,NA,NA,NA
2075,1668,1672,Bishopshorne,Kent,Kent,NA,NA,NA
2306,1669,1673,St Giles in the Fields,Middlesex,Middlesex,St Giles in the Fields,ID_30018,NA
2322,1669,1673,Blunham,Bedfordshire,Bedfordshire,Blunham,NA,4379
3111,1667,1673,South Shields,County Durham,County Durham,South Shields,NA,41261
3152,1671,1672,Bard,Lancashire,Lancashire,NA,NA,NA
3475,1670,1673,Shawford,Hampshire,Hampshire,Shawford,NA,39931
3616,1671,1673,Stepney,Middlesex,Middlesex,St Dunstan Stepney,ID_30169,NA
3983,1666,1673,Fifield,Wiltshire,Wiltshire,Fifield,NA,16221
4155,1670,1673,London,London,Middlesex,NA,NA,NA
4616,1669,1673,NA,Dorset,Dorset,NA,NA,NA
4634,1668,1673,Wootton,Bedfordshire,Bedfordshire,Wootton,NA,50923
4673,1667,1672,Islip,Oxfordshire,Oxfordshire,Islip,NA,23756
5333,1670,1672,Tinswick,Buckinghamshire,Buckinghamshire,NA,NA,NA
5393,1669,1672,Broughton,Flintshire,Flintshire,Broughton,NA,51619
5519,1670,1672,London,London,Middlesex,NA,NA,NA
5605,1668,1673,Dunton Bassett,Leicestershire,Leicestershire,Dunton Bassett,NA,13961
5607,1670,1673,Loughborough,Leicestershire,Leicestershire,Loughborough,NA,28159
5775,1668,1672,Leeds,Yorkshire,Yorkshire,Leeds,NA,25924
6521,1668,1673,St Albans,Hertfordshire,Hertfordshire,St Albans,NA,41656
6776,1669,1672,Bishopshatfield,Herefordshire,Herefordshire,NA,NA,NA
6861,1671,1672,London,London,Middlesex,NA,NA,NA
6970,1671,1673,Kings Sutton,Northamptonshire,Northamptonshire,Kings Sutton,NA,24511
6972,1669,1672,Kingsutton,Northamptonshire,Northamptonshire,NA,NA,NA
7175,1666,1672,Marchinton,Staffordshire,Staffordshire,NA,NA,NA
7304,1670,1672,Lathbury,Buckinghamshire,Buckinghamshire,Lathbury,NA,25661
7358,1670,1673,Bushey,Herefordshire,Herefordshire,NA,NA,NA
7863,1666,1673,Agermoth,Cumberland,Cumberland,NA,NA,NA
7980,1668,1672,London,London,Middlesex,NA,NA,NA
8004,1671,1672,Frampton upon xxx,Gloucestershire,Gloucestershire,NA,NA,NA
8415,1671,1672,Dover,Kent,Kent,Dover,NA,13407
8694,1672,1673,Campton,Bedfordshire,Bedfordshire,Campton,NA,7707
8978,1668,1673,Twyford,Berkshire,Berkshire,Twyford,NA,46483
9502,1668,1673,Chiswick,Middlesex,Middlesex,Chiswick,NA,9241
9702,1670,1673,Marston Jabbett,Warwickshire,Warwickshire,Marston Jabbett,NA,29595
9865,1668,1672,Bennington,Hertfordshire,Hertfordshire,NA,NA,NA
10020,1670,1673,Oxford,Oxfordshire,Oxfordshire,Oxford,NA,34379
10067,1668,1673,Llanhilleth,Monmouthshire,Monmouthshire,Llanhilleth,NA,27433
11083,1669,1673,Bristol,Gloucestershire,Gloucestershire,Bristol,NA,288655
11255,1670,1673,Diss,Norfolk,Norfolk,Diss,NA,13160
11458,1668,1673,London,London,Middlesex,NA,NA,NA
11790,1670,1673,Stourbridge,Worcestershire,Worcestershire,Stourbridge,NA,42791
12773,1671,1673,Nottingham,Nottinghamshire,Nottinghamshire,Nottingham,NA,33480
12974,1666,1672,London,London,Middlesex,NA,NA,NA
13306,1670,1672,Cheston,Buckinghamshire,Buckinghamshire,NA,NA,NA
13348,1670,1672,London,London,Middlesex,NA,NA,NA
13526,1669,1673,Elstead,Surrey,Surrey,Elstead,NA,15123
13902,1666,1672,Hookeverton,Oxfordshire,Oxfordshire,NA,NA,NA
586,1670,1673,Ospringe,Kent,Kent,Ospringe,NA,34151
831,1669,1673,St Saviour Southwark,Surrey,Surrey,St Saviour Southwark,ID_30001,NA
1034,1672,1673,Dronfeild,Derbyshire,Derbyshire,NA,NA,NA
1278,1671,1673,St Paul Shadwell,Middlesex,Middlesex,St Paul Shadwell,ID_30184,NA
1402,1672,1673,King's Lynn,Norfolk,Norfolk,King's Lynn,NA,24492
1537,1668,1673,Limehouse,Middlesex,Middlesex,St Anne Limehouse,ID_30176,NA
2518,1670,1673,Trahellig,Montgomeryshire,Montgomeryshire,NA,NA,NA
2747,1670,1673,London,London,Middlesex,NA,NA,NA
3356,1670,1672,Lydd,Kent,Kent,Lydd,NA,28892
4043,1672,1673,London,London,Middlesex,NA,NA,NA
4199,1668,1673,London,London,Middlesex,NA,NA,NA
4287,1667,1673,London,London,Middlesex,NA,NA,NA
4677,1672,1673,London,London,Middlesex,NA,NA,NA
5153,1671,1673,Houndsditch,London,Middlesex,NA,NA,NA
5169,1668,1673,Stepney,Middlesex,Middlesex,St Dunstan Stepney,ID_30169,NA
5718,1670,1673,London,London,Middlesex,NA,NA,NA
5996,1671,1673,White Walltham,Berkshire,Berkshire,NA,NA,NA
6181,1667,1673,Mitcham,Surrey,Surrey,Mitcham,NA,30776
6436,1672,1673,Bramble,Wiltshire,Wiltshire,NA,NA,NA
6515,1670,1672,Devises,Gloucestershire,Gloucestershire,NA,NA,NA
6595,1669,1673,Shoreditch,Middlesex,Middlesex,St Leonard Shoreditch,ID_30170,NA
7085,1669,1673,Westminster,Middlesex,Middlesex,NA,NA,NA
8862,1667,1672,London,London,Middlesex,NA,NA,NA
9451,1667,1672,Lambeth,Surrey,Surrey,St Mary Lambeth,ID_127857,NA
9760,1668,1673,Lambeth,Surrey,Surrey,St Mary Lambeth,ID_127857,NA
9908,1669,1673,London,London,Middlesex,NA,NA,NA
10324,1665,1673,Wootton,Oxfordshire,Oxfordshire,Wootton,NA,50917
10387,1670,1673,Wirnod,Essex,Essex,NA,NA,NA
10898,1669,1672,Hackney,Middlesex,Middlesex,Hackney,NA,19524
10998,1667,1673,Eton,Buckinghamshire,Buckinghamshire,Eton,NA,15489
11067,1671,1673,Arlington,Sussex,Sussex,Arlington,NA,1205
11539,1669,1673,Dorchester,Oxfordshire,Oxfordshire,Dorchester,NA,13339
11791,1671,1673,Hernehill,Kent,Kent,NA,NA,NA
12571,1667,1673,Ewell,Surrey,Surrey,Ewell,NA,15555
12753,1671,1673,Farnham,Suffolk,Suffolk,Farnham,NA,15847
13402,1671,1673,London,London,Middlesex,NA,NA,NA
2157,1669,1672,Hull,Derbyshire,Derbyshire,NA,NA,NA
12237,1669,1675,London,London,Middlesex,NA,NA,NA
12669,1668,1672,St Leonard Shoreditch,Middlesex,Middlesex,St Leonard Shoreditch,ID_30170,NA
12744,1668,1673,London,London,Middlesex,NA,NA,NA
75,1668,1674,St John,London,Middlesex,NA,NA,NA
179,1669,1673,London,London,Middlesex,NA,NA,NA
241,1668,1673,Stony Stratford,Buckinghamshire,Buckinghamshire,Stony Stratford,NA,42745
322,1667,1673,Brentwood,Essex,Essex,Brentwood,NA,5532
660,1670,1674,Hendon,Middlesex,Middlesex,Hendon,NA,21158
686,1671,1673,Smarden,Kent,Kent,Smarden,NA,40809
860,1669,1674,St Mary Magdalen,Surrey,Surrey,St Mary Magdalen Bermondsey,ID_30004,NA
980,1669,1674,Lambeth,Surrey,Surrey,St Mary Lambeth,ID_127857,NA
1124,1669,1673,Loughton,Essex,Essex,Loughton,NA,28164
1200,1671,1673,Compton,Berkshire,Berkshire,Compton,NA,10603
1378,1672,1674,London,London,Middlesex,NA,NA,NA
1672,1669,1674,Towcester,Northamptonshire,Northamptonshire,Towcester,NA,45363
1704,1669,1673,Wanborough,Wiltshire,Wiltshire,Wanborough,NA,47708
1795,1669,1674,St Giles Cripplegate,Middlesex,Middlesex,St Giles Cripplegate,ID_30100,NA
1938,1671,1673,Braughton,Northamptonshire,Northamptonshire,NA,NA,NA
2096,1670,1674,Backwell,Somerset,Somerset,Backwell,NA,1852
2108,1668,1673,Brotherton,Yorkshire,Yorkshire,Brotherton,NA,6286
2238,1672,1673,St James Clerkenwell,Middlesex,Middlesex,St James Clerkenwell,ID_127865,NA
2287,1669,1674,Abingdon,Berkshire,Berkshire,Abingdon,NA,287768
2288,1670,1674,London,London,Middlesex,NA,NA,NA
2353,1668,1674,London,London,Middlesex,NA,NA,NA
2391,1672,1674,London,London,Middlesex,NA,NA,NA
2401,1670,1674,Chillington,Sussex,Sussex,NA,NA,NA
2675,1672,1674,Tattenhall,Cheshire,Cheshire,Tattenhall,NA,43914
2893,1668,1674,Gravesend,Kent,Kent,Gravesend,NA,18502
3133,1670,1673,Croydon,Surrey,Surrey,Croydon,NA,11989
3285,1667,1674,Edmonton,Middlesex,Middlesex,Edmonton,NA,14841
3549,1669,1673,Brusses,Warwickshire,Warwickshire,NA,NA,NA
3666,1669,1674,Wargrave,Berkshire,Berkshire,Wargrave,NA,47796
3690,1667,1673,Branton,Northamptonshire,Northamptonshire,NA,NA,NA
3709,1670,1673,Swanbourne,Buckinghamshire,Buckinghamshire,Swanbourne,NA,43465
3943,1667,1673,Greenham,Berkshire,Berkshire,Greenham,NA,19001
4398,1669,1674,Dinton,Buckinghamshire,Buckinghamshire,Dinton,NA,13131
4623,1669,1673,Newcastle,Northumberland,Northumberland,NA,NA,NA
4734,1670,1674,Long Crendon,Oxfordshire,Oxfordshire,NA,NA,NA
4923,1670,1674,Rainham,Essex,Essex,Rainham,NA,37317
5530,1671,1674,Horsley,Surrey,Surrey,NA,NA,NA
5750,1668,1674,London,London,Middlesex,NA,NA,NA
5893,1671,1673,Aylesbury,Buckinghamshire,Buckinghamshire,Aylesbury,NA,1773
5929,1670,1674,London,London,Middlesex,NA,NA,NA
6213,1668,1674,Little Wigston,Leicestershire,Leicestershire,NA,NA,NA
6275,1669,1673,Walden,Hertfordshire,Hertfordshire,NA,NA,NA
6568,1670,1674,Cholsey,Berkshire,Berkshire,Cholsey,NA,9265
6712,1673,1674,St Sepulchre,London,Middlesex,St Sepulchre,ID_30058,NA
6739,1671,1673,London,London,Middlesex,NA,NA,NA
6797,1669,1673,London,London,Middlesex,NA,NA,NA
6964,1669,1673,North Shields,Northumberland,Northumberland,North Shields,NA,33216
7108,1672,1673,Wrexham,Denbighshire,Denbighshire,Wrexham,NA,51099
7195,1671,1673,Shrewsbury,Shropshire,Shropshire,Shrewsbury,NA,40345
7196,1671,1674,Bream,Gloucestershire,Gloucestershire,Bream,NA,5463
7351,1670,1673,Burton,Northamptonshire,Northamptonshire,NA,NA,NA
7371,1671,1674,Stanford,Essex,Essex,NA,NA,NA
7467,1670,1674,Great Glen,Leicestershire,Leicestershire,Great Glen,NA,18618
7479,1671,1674,Newington,Surrey,Surrey,Newington,NA,32498
7511,1669,1673,Reading,Berkshire,Berkshire,Reading,NA,37532
7568,1671,1674,London,London,Middlesex,NA,NA,NA
7810,1672,1674,London,London,Middlesex,NA,NA,NA
7854,1668,1674,St Leonard Eastcheap,London,Middlesex,St Leonard Eastcheap,ID_30134,NA
7879,1669,1674,Longins,Monmouthshire,Monmouthshire,NA,NA,NA
7910,1670,1673,East Parley,Hampshire,Hampshire,East Parley,NA,14430
8172,1668,1672,Dadington,Oxfordshire,Oxfordshire,NA,NA,NA
8174,1673,1674,Dalton,Yorkshire,Yorkshire,NA,NA,NA
8435,1667,1673,London,London,Middlesex,NA,NA,NA
8701,1672,1674,St Paul Covent Garden,Middlesex,Middlesex,St Paul Covent Garden,ID_30031,NA
9032,1669,1674,Baverstock,Wiltshire,Wiltshire,Baverstock,NA,2800
9268,1669,1674,Burfield,Essex,Essex,NA,NA,NA
9333,1671,1674,Bagworth,Leicestershire,Leicestershire,Bagworth,NA,1954
9381,1673,1674,Hammersmith,Middlesex,Middlesex,Hammersmith,NA,19917
9518,1669,1674,West Chinnock,Somerset,Somerset,West Chinnock,NA,48489
9537,1672,1674,Whitechapel,Middlesex,Middlesex,St Mary Whitechapel,ID_127867,NA
9718,1670,1674,St Giles Cripplegate,Middlesex,Middlesex,St Giles Cripplegate,ID_30100,NA
9825,1671,1674,Camberwell,Surrey,Surrey,Camberwell,NA,7634
9878,1668,1674,Cullompton,Devon,Devon,Cullompton,NA,12104
9981,1671,1673,Andover,Hampshire,Hampshire,Andover,NA,914
10042,1671,1674,Castle Madoc,Breconshire,Breconshire,NA,NA,NA
10095,1671,1674,St Clement Danes,Middlesex,Middlesex,St Clement Danes,ID_30015,NA
10585,1671,1674,London,London,Middlesex,NA,NA,NA
10682,1673,1674,Dartford,Kent,Kent,Dartford,NA,12673
10734,1671,1673,Pinner of Wakefield,Middlesex,Middlesex,NA,NA,NA
10820,1670,1674,Broseley,Shropshire,Shropshire,Broseley,NA,6279
11198,1670,1674,Brentford,Middlesex,Middlesex,Brentford,NA,5526
11225,1669,1673,Milnhay,Derbyshire,Derbyshire,NA,NA,NA
11341,1668,1674,Whitchurch,Shropshire,Shropshire,Whitchurch,NA,49391
11393,1669,1674,Winchester,Hampshire,Hampshire,Winchester,NA,50050
11571,1670,1673,London,London,Middlesex,NA,NA,NA
11605,1670,1674,Basingstoke,Hampshire,Hampshire,Basingstoke,NA,2707
11754,1672,1674,St Mary,Warwickshire,Warwickshire,NA,NA,NA
12121,1673,1674,Westlongham,Leicestershire,Leicestershire,NA,NA,NA
12797,1668,1673,Mortlake,Surrey,Surrey,Mortlake,NA,31205
12810,1671,1674,Pygate,Essex,Essex,NA,NA,NA
13282,1669,1673,Sunderland,County Durham,County Durham,Sunderland,NA,43270
13419,1670,1674,Maple Durham,Oxfordshire,Oxfordshire,NA,NA,NA
13475,1671,1674,Walborow,Wiltshire,Wiltshire,NA,NA,NA
13541,1672,1673,Wallingford,Berkshire,Berkshire,Wallingford,NA,47569
13604,1668,1674,Berwick Bassett,Wiltshire,Wiltshire,Berwick Bassett,NA,3416
13730,1671,1674,Bulkinton,Wiltshire,Wiltshire,NA,NA,NA
13781,1669,1674,Keelby,Huntingdonshire,Huntingdonshire,NA,NA,NA
14014,1669,1673,Newcastle Under Lyme,Staffordshire,Staffordshire,Newcastle Under Lyme,NA,32438
14180,1673,1675,Alne,Yorkshire,Yorkshire,Alne,NA,740
14192,1667,1673,Harlow,Essex,Essex,Harlow,NA,20234
14195,1669,1673,St Botolph Bishopsgate,Middlesex,Middlesex,St Botolph Bishopsgate,ID_127859,NA
319,1666,1673,St Sepulchre,Middlesex,Middlesex,St Sepulchre,ID_30058,NA
431,1669,1673,London,London,Middlesex,NA,NA,NA
744,1671,1673,Bromsgrove,Worcestershire,Worcestershire,Bromsgrove,NA,6092
1152,1670,1673,East Smithfield,Middlesex,Middlesex,St Botolph Aldgate,ID_30153,NA
1635,1670,1673,London,London,Middlesex,NA,NA,NA
1829,1670,1674,Blisworth,Northamptonshire,Northamptonshire,Blisworth,NA,4336
1972,1667,1674,Kingsclere,Hampshire,Hampshire,Kingsclere,NA,24531
2022,1670,1673,Newland,Cornwall,Cornwall,NA,NA,NA
2468,1669,1674,Hackney,Middlesex,Middlesex,Hackney,NA,19524
2549,1671,1673,Mells,Somerset,Somerset,Mells,NA,29971
3128,1671,1673,Olney,Buckinghamshire,Buckinghamshire,Olney,NA,33999
4202,1668,1673,Bedford St Peter,Bedfordshire,Bedfordshire,NA,NA,NA
4231,1670,1674,Bury St Edmunds,Suffolk,Suffolk,Bury St Edmunds,NA,7176
4281,1671,1673,Dufton,Westmorland,Westmorland,Dufton,NA,13753
4895,1668,1674,Castle Donington,Leicestershire,Leicestershire,Castle Donington,NA,8208
5378,1670,1673,Upper Burton,Berkshire,Berkshire,NA,NA,NA
5670,1667,1673,Dorchester,Dorset,Dorset,Dorchester,NA,13340
6107,1673,1674,Bristol,Gloucestershire,Gloucestershire,Bristol,NA,288655
6255,1671,1673,Stepney,Middlesex,Middlesex,St Dunstan Stepney,ID_30169,NA
6332,1670,1673,Stamford,Lincolnshire,Lincolnshire,Stamford,NA,42021
6366,1668,1673,London,London,Middlesex,NA,NA,NA
7055,1674,NA,Thame,Devon,Devon,NA,NA,NA
7261,1667,1673,Snelston,Derbyshire,Derbyshire,Snelston,NA,40899
7981,1670,1673,Stony Stratford,Buckinghamshire,Buckinghamshire,Stony Stratford,NA,42745
8169,1670,1673,Peasenhall,Suffolk,Suffolk,Peasenhall,NA,34914
8328,1667,1673,Wye,Kent,Kent,Wye,NA,51167
8366,1672,1673,Hoddesdon,Hertfordshire,Hertfordshire,Hoddesdon,NA,22185
8401,1672,1674,London,London,Middlesex,NA,NA,NA
8699,1669,1674,Chatham,Kent,Kent,Chatham,NA,8875
10429,1671,1674,Norfolk,Oxfordshire,Oxfordshire,NA,NA,NA
10994,1671,1673,Leicester,Leicestershire,Leicestershire,Leicester,NA,25957
11054,1668,1673,Chippenham,Wiltshire,Wiltshire,Chippenham,NA,9202
11678,1673,1674,London,London,Middlesex,NA,NA,NA
11831,1671,1674,London,London,Middlesex,NA,NA,NA
12265,1670,1673,London,London,Middlesex,NA,NA,NA
12983,1666,1673,Bewdley,Worcestershire,Worcestershire,Bewdley,NA,3507
13573,1670,1673,Wotton under Edge,Gloucestershire,Gloucestershire,Wotton under Edge,NA,51055
13574,1672,1673,Quorndon,Leicestershire,Leicestershire,Quorndon,NA,37217
14049,1670,1673,London,London,Middlesex,NA,NA,NA
1,1670,1674,Beaminster,Dorset,Dorset,Beaminster,NA,2894
40,1668,1673,Southwark,Surrey,Surrey,NA,NA,NA
144,1668,1674,London,London,Middlesex,NA,NA,NA
170,1670,1674,Highgate,Middlesex,Middlesex,Highgate,NA,21782
340,1668,1674,Slaughter,Gloucestershire,Gloucestershire,NA,NA,NA
346,1670,1674,St Leonard Shoreditch,Middlesex,Middlesex,St Leonard Shoreditch,ID_30170,NA
365,1668,1674,London,London,Middlesex,NA,NA,NA
449,1671,1674,Parham,Sussex,Sussex,Parham,NA,62059
709,1669,1674,Lanton,Oxfordshire,Oxfordshire,NA,NA,NA
737,1670,1673,Hackney,Middlesex,Middlesex,Hackney,NA,19524
760,1669,1674,Skreton,Nottinghamshire,Nottinghamshire,NA,NA,NA
1179,1672,1673,Newport,Isle of Wight,Hampshire,Newport,NA,32577
1429,1668,1673,Mayfield,Sussex,Sussex,Mayfield,NA,29784
1544,1669,1674,Abingdon,Berkshire,Berkshire,Abingdon,NA,287768
1660,1672,1673,Milton,Hampshire,Hampshire,Milton,NA,30652
1955,1669,1674,Stepney,Middlesex,Middlesex,St Dunstan Stepney,ID_30169,NA
2386,1671,1674,Middleton,Northamptonshire,Northamptonshire,Middleton,NA,30312
2466,1667,1674,"St Ethelburga, Bishopsgate",London,Middlesex,St Ethelburga,ID_30149,NA
2910,1670,1673,Newton,Somerset,Somerset,Newton,NA,32646
2983,1671,1673,Ridgmont,Bedfordshire,Bedfordshire,Ridgmont,NA,38089
3115,1668,1673,Sulhampstead,Berkshire,Berkshire,Sulhampstead,NA,295267
3185,1671,1674,Amelton,Northamptonshire,Northamptonshire,NA,NA,NA
3209,1673,1675,Southwark,Surrey,Surrey,NA,NA,NA
3501,1671,1674,Tilly,Caernarvonshire,Caernarvonshire,NA,NA,NA
3504,1672,1674,Meyver,Montgomeryshire,Montgomeryshire,NA,NA,NA
3538,1669,1673,Cansham,Wiltshire,Wiltshire,NA,NA,NA
3679,1668,1674,Kempston,Bedfordshire,Bedfordshire,Kempston,NA,24026
3759,1668,1674,Brampton,Northamptonshire,Northamptonshire,NA,NA,NA
3824,1669,1674,London,London,Middlesex,NA,NA,NA
3859,1671,1673,Handleby,Lincolnshire,Lincolnshire,NA,NA,NA
3865,1671,1673,Artelborough,Northamptonshire,Northamptonshire,NA,NA,NA
3933,1669,1674,Hastings,Sussex,Sussex,Hastings,NA,20463
4045,1672,1673,Ridgeford,Northumberland,Northumberland,NA,NA,NA
4468,1669,1674,London,London,Middlesex,NA,NA,NA
4853,1671,1673,London,London,Middlesex,NA,NA,NA
4989,1672,1673,London,London,Middlesex,NA,NA,NA
5106,1669,1674,Headington,Oxfordshire,Oxfordshire,Headington,NA,20808
5175,1670,1673,Burntwoodwall,Essex,Essex,NA,NA,NA
5433,1669,1674,Mells,Somerset,Somerset,Mells,NA,29971
5463,1670,1675,Chipping Norton,Oxfordshire,Oxfordshire,Chipping Norton,NA,9210
5479,1671,1673,London,London,Middlesex,NA,NA,NA
6052,1668,1674,Loofperran,Leicestershire,Leicestershire,NA,NA,NA
6297,1671,1674,Ilchester,Somerset,Somerset,Ilchester,NA,23477
6804,1672,1674,Braintree,Essex,Essex,Braintree,NA,5267
6909,1669,1673,Mildenton,Suffolk,Suffolk,NA,NA,NA
7449,1669,1674,London,London,Middlesex,NA,NA,NA
7527,1673,1674,Chatham,Kent,Kent,Chatham,NA,8875
7586,1669,1674,Winchelsea,Sussex,Sussex,Winchelsea,NA,50045
8753,1671,1673,St Andrew Holborn,Middlesex,Middlesex,St Andrew Holborn,ID_127848,NA
8847,1672,1673,London,London,Middlesex,NA,NA,NA
8936,1668,1674,London,London,Middlesex,NA,NA,NA
8942,1669,1673,Leatherhead,Surrey,Surrey,Leatherhead,NA,25851
9192,1672,1674,Shoreham,Kent,Kent,Shoreham,NA,40270
9216,1671,1674,Worcester,Worcestershire,Worcestershire,Worcester,NA,50943
9294,1667,1674,London,London,Middlesex,NA,NA,NA
9923,1671,1674,Westminster,Middlesex,Middlesex,NA,NA,NA
10009,1672,1674,Norton,Staffordshire,Staffordshire,NA,NA,NA
10629,1672,1674,London,London,Middlesex,NA,NA,NA
10799,1672,1673,Great Warley Place,Essex,Essex,NA,NA,NA
11113,1669,1674,London,London,Middlesex,NA,NA,NA
11471,1669,1673,London,London,Middlesex,NA,NA,NA
11708,1669,1674,St Saviour,Surrey,Surrey,St Saviour Southwark,ID_30001,NA
11794,1670,1673,St Mary Magdalen Bermondsey,Surrey,Surrey,St Mary Magdalen Bermondsey,ID_30004,NA
12388,1673,1674,Bristol,Gloucestershire,Gloucestershire,Bristol,NA,288655
12429,1669,1674,Staverton,Northamptonshire,Northamptonshire,Staverton,NA,42266
12580,1669,1673,Edgware,Middlesex,Middlesex,Edgware,NA,14810
12725,1672,1674,Preston,Lincolnshire,Lincolnshire,NA,NA,NA
13269,1671,1673,Old Malton,Yorkshire,Yorkshire,Old Malton,NA,33855
13355,1673,1674,Gloucester,Gloucestershire,Gloucestershire,Gloucester,NA,17982
13496,1670,1674,Nantwich,Cheshire,Cheshire,Nantwich,NA,31740
13663,1669,1674,Hungerton,Leicestershire,Leicestershire,NA,NA,NA
13791,1669,1673,Colchester,Essex,Essex,Colchester,NA,10252
14128,1667,1673,London,London,Middlesex,NA,NA,NA
103,1670,1674,Farndon,Northamptonshire,Northamptonshire,NA,NA,NA
165,1672,1673,St Alphage,London,Middlesex,St Alphage,ID_30099,NA
667,1668,1673,London,London,Middlesex,NA,NA,NA
862,1672,1674,Bristol,Gloucestershire,Gloucestershire,Bristol,NA,288655
1250,1668,1673,Milton,Cambridgeshire,Cambridgeshire,Milton,NA,30653
1487,1667,1673,Hanwell,Oxfordshire,Oxfordshire,Hanwell,NA,20068
1542,1671,1674,St Katherine by the Tower,Middlesex,Middlesex,Precinct of St Katherine,ID_30181,NA
1745,1670,1673,Broughton,Lincolnshire,Lincolnshire,Broughton,NA,6310
1784,1673,1674,Mansfield,Nottinghamshire,Nottinghamshire,Mansfield,NA,29320
1952,1668,1673,Limehouse,Middlesex,Middlesex,St Anne Limehouse,ID_30176,NA
2741,1672,1674,Croydon,Surrey,Surrey,Croydon,NA,11989
2961,1668,1674,Danby Wiske,Yorkshire,Yorkshire,Danby Wiske,NA,12583
3040,1672,1674,London,London,Middlesex,NA,NA,NA
3408,1672,1673,London,London,Middlesex,NA,NA,NA
3896,1668,1674,Greenwich,Kent,Kent,Greenwich,NA,19085
4124,1669,1673,Wanborough,Wiltshire,Wiltshire,Wanborough,NA,47708
4259,1668,1673,Oswestry,Shropshire,Shropshire,Oswestry,NA,34164
4544,1671,1674,Pensford,Somerset,Somerset,Pensford,NA,35329
4595,1668,1674,Knighton,Leicestershire,Leicestershire,Knighton,NA,25021
4674,1672,1674,Long Acre,Middlesex,Middlesex,NA,NA,NA
5304,1671,1674,London,London,Middlesex,NA,NA,NA
5384,1667,1673,Loughton,Essex,Essex,Loughton,NA,28164
5417,1669,1674,Chaseley,Worcestershire,Worcestershire,NA,NA,NA
5780,1671,1674,York,Yorkshire,Yorkshire,York,NA,51511
5983,1670,1674,Kegworth,Leicestershire,Leicestershire,Kegworth,NA,23929
5990,1671,1674,Ipswich,Suffolk,Suffolk,Ipswich,NA,23691
6089,1670,1674,Battersea,Surrey,Surrey,Battersea,ID_30014,NA
6095,1671,1674,London,London,Middlesex,NA,NA,NA
6360,1667,1674,St Giles Cripplegate,Middlesex,Middlesex,St Giles Cripplegate,ID_30100,NA
6513,1672,1673,Sisdham,Hampshire,Hampshire,NA,NA,NA
6835,1668,1673,Bury St Edmunds,Suffolk,Suffolk,Bury St Edmunds,NA,7176
7036,1667,1673,West Hornik,Essex,Essex,NA,NA,NA
7606,1671,1674,Oxford,Oxfordshire,Oxfordshire,Oxford,NA,34379
7906,1669,1673,London,London,Middlesex,NA,NA,NA
8235,1672,1674,Peterborough,Northamptonshire,Northamptonshire,Peterborough,NA,35713
8615,1668,1673,London,London,Middlesex,NA,NA,NA
8904,1672,1674,Milborne Port,Somerset,Somerset,Milborne Port,NA,30386
9095,1670,1674,Teddington,Middlesex,Middlesex,Teddington,NA,43958
9131,1673,1674,Wilton,Wiltshire,Wiltshire,Wilton,NA,NA
9251,1670,1674,Cosford,Oxfordshire,Oxfordshire,NA,NA,NA
9769,1672,1673,Shadwell,Essex,Essex,NA,NA,NA
9795,1671,1674,Wendover,Buckinghamshire,Buckinghamshire,Wendover,NA,48352
10420,1672,1673,St Mary Whitechapel,Middlesex,Middlesex,St Mary Whitechapel,ID_127867,NA
10511,1670,1674,Penzance,Cornwall,Cornwall,Penzance,NA,35640
10807,1671,1673,Stanstead,Hertfordshire,Hertfordshire,NA,NA,NA
11060,1670,1674,Edgbolt,Shropshire,Shropshire,NA,NA,NA
11151,1668,1674,Dossington,Gloucestershire,Gloucestershire,NA,NA,NA
11440,1668,1673,London,London,Middlesex,NA,NA,NA
11664,1668,1674,Staverton,Northamptonshire,Northamptonshire,Staverton,NA,42266
12424,1673,1674,Hollingbourne,Kent,Kent,Hollingbourne,NA,22321
12770,1668,1673,Windsor,Berkshire,Berkshire,Windsor,NA,50086
12800,1671,1673,Oakingham,Berkshire,Berkshire,Oakingham,NA,NA
13111,1669,1674,St Giles in the Fields,Middlesex,Middlesex,St Giles in the Fields,ID_30018,NA
14037,1669,1674,Bosbury,Herefordshire,Herefordshire,Bosbury,NA,4766
14111,1669,1673,St Andrew Holborn,Middlesex,Middlesex,St Andrew Holborn,ID_127848,NA
320,1673,1674,London,London,Middlesex,NA,NA,NA
323,1673,1675,South Mimms,Middlesex,Middlesex,South Mimms,NA,41215
338,1668,1675,Bishops Castle,Shropshire,Shropshire,NA,NA,NA
344,1670,1675,Frome,Somerset,Somerset,Frome,NA,17063
454,1670,1675,Chipping Warden,Northamptonshire,Northamptonshire,Chipping Warden,NA,9213
479,1670,1675,Marcham,Berkshire,Berkshire,Marcham,NA,29368
628,1674,1675,Cheltenham,Gloucestershire,Gloucestershire,Cheltenham,NA,8971
637,1671,1675,Chawley,Berkshire,Berkshire,Chawley,NA,8896
876,1672,1674,Lewes,Sussex,Sussex,Lewes,NA,26145
881,1668,1675,London,London,Middlesex,NA,NA,NA
1201,1669,1674,Newtown,Berkshire,Berkshire,NA,NA,NA
1561,1673,1675,Underbarrow,Westmorland,Westmorland,Underbarrow,NA,46725
1594,1669,1675,Norton Curly,Warwickshire,Warwickshire,NA,NA,NA
1958,1673,1675,Wallingford,Berkshire,Berkshire,Wallingford,NA,47569
2270,1668,1674,London,London,Middlesex,NA,NA,NA
2308,1669,1675,St Giles in the Fields,Middlesex,Middlesex,St Giles in the Fields,ID_30018,NA
2387,1669,1675,London,London,Middlesex,NA,NA,NA
3073,1673,1674,Elton,Herefordshire,Herefordshire,Elton,NA,15148
3332,1672,1675,Bely,Derbyshire,Derbyshire,NA,NA,NA
3407,1670,1674,Trewern,Montgomeryshire,Montgomeryshire,Trewern,NA,46114
3465,1673,1675,Ruislip,Middlesex,Middlesex,Ruislip,NA,38815
3519,1672,1675,St Martin in the Fields,Middlesex,Middlesex,St Martin in the Fields,ID_30034,NA
3692,1670,1675,Kirkby,Westmorland,Westmorland,NA,NA,NA
3852,1670,1675,Shrewsbury,Shropshire,Shropshire,Shrewsbury,NA,40345
3880,1672,1675,St Paul Covent Garden,Middlesex,Middlesex,St Paul Covent Garden,ID_30031,NA
4038,1671,1674,London,Buckinghamshire,Buckinghamshire,NA,NA,NA
4050,1674,1675,Staines,Middlesex,Middlesex,Staines,NA,41965
4345,1669,1675,St Giles,Middlesex,Middlesex,St Giles in the Fields,ID_30018,NA
5013,1669,1674,Rye,Sussex,Sussex,Rye,NA,38953
5015,1671,1675,Nazeing,Essex,Essex,Nazeing,NA,31824
5019,1668,1675,Barnet,Hertfordshire,Hertfordshire,Barnet,NA,2473
5194,1667,1675,Clatworthy,Somerset,Somerset,Clatworthy,NA,9655
5341,1671,1675,London,London,Middlesex,NA,NA,NA
5424,1671,1675,Shrewsbury,Shropshire,Shropshire,Shrewsbury,NA,40345
5471,1673,1675,Plynt,Cornwall,Cornwall,NA,NA,NA
5544,1671,1675,Aylesbury,Buckinghamshire,Buckinghamshire,Aylesbury,NA,1773
5548,1672,1675,Berry Hill Hall,Staffordshire,Staffordshire,NA,NA,NA
5687,1671,1675,St Giles without Cripplegate,Middlesex,Middlesex,St Giles Cripplegate,ID_30100,NA
5796,1668,1674,Redborne,Wiltshire,Wiltshire,NA,NA,NA
5840,1671,1675,Keeble,Wiltshire,Wiltshire,NA,NA,NA
6126,1671,1674,London,London,Middlesex,NA,NA,NA
6251,1672,1675,Quendon,Essex,Essex,Quendon,NA,37186
6564,1672,1675,Bradsey,Worcestershire,Worcestershire,NA,NA,NA
6682,1669,1675,Benington,Hertfordshire,Hertfordshire,Benington,NA,3273
7035,1672,1675,Welshpool,Montgomeryshire,Montgomeryshire,Welshpool,NA,48315
7201,1671,1675,Shrewsbury,Shropshire,Shropshire,Shrewsbury,NA,40345
7435,1673,1675,Dunstable,Bedfordshire,Bedfordshire,Dunstable,NA,13925
7575,1669,1674,Kelby,Warwickshire,Warwickshire,NA,NA,NA
7715,1672,1675,Buscot,Berkshire,Berkshire,Buscot,NA,7186
7735,1672,1674,NA,Wiltshire,Wiltshire,NA,NA,NA
7743,1670,1675,London,London,Middlesex,NA,NA,NA
8012,1670,1674,Hungerford,Berkshire,Berkshire,Hungerford,NA,NA
8040,1669,1675,Warnford,Hampshire,Hampshire,Warnford,NA,47840
8313,1671,1674,Bringhurst,Leicestershire,Leicestershire,Bringhurst,NA,5771
8348,1673,1675,St Olave Southwark,Surrey,Surrey,St Olave Southwark,ID_30002,NA
8589,1670,1675,Sherborne,Hampshire,Hampshire,NA,NA,NA
8736,1673,1675,Tower of London,London,Middlesex,The Tower,ID_127864,NA
8810,1674,1675,Castle Eaton,Wiltshire,Wiltshire,Castle Eaton,NA,8210
8814,1670,1674,Mitchelldean,Gloucestershire,Gloucestershire,NA,NA,NA
9013,1672,1675,Hemel Hempstead,Hertfordshire,Hertfordshire,Hemel Hempstead,NA,21108
9099,1670,1674,Blabby,Buckinghamshire,Buckinghamshire,NA,NA,NA
9106,1671,1675,St Mary Overie Southwark,Surrey,Surrey,St Saviour Southwark,ID_30001,NA
9370,1672,1674,Bibury,Gloucestershire,Gloucestershire,Bibury,NA,3531
9539,1674,1675,Southgrave,Northamptonshire,Northamptonshire,NA,NA,NA
9583,1669,1675,Windsor,Berkshire,Berkshire,Windsor,NA,50086
9614,1669,1674,St Martin in the Fields,Middlesex,Middlesex,St Martin in the Fields,ID_30034,NA
9777,1668,1674,Coventry,Warwickshire,Warwickshire,Coventry,NA,11138
10111,1675,1676,Preston in Anderness,Lancashire,Lancashire,NA,NA,NA
10427,1671,1674,Longcot,Berkshire,Berkshire,Longcot,NA,27995
10502,1673,1675,Flitholme,Westmorland,Westmorland,Flitholme,NA,16472
10723,1668,1675,Thame,Oxfordshire,Oxfordshire,Thame,NA,44078
10843,1673,1675,Great Garston,Herefordshire,Herefordshire,NA,NA,NA
10943,1671,1674,Lancaster,Lancashire,Lancashire,Lancaster,NA,25352
11082,1668,1674,Marlborough,Wiltshire,Wiltshire,Marlborough,NA,29474
11090,1672,1674,St Bride,London,Middlesex,St Bride,ID_30049,NA
11226,1670,1675,Charlbury,Oxfordshire,Oxfordshire,Charlbury,NA,8765
11312,1669,1674,Speen,Berkshire,Berkshire,Speen,NA,41489
11540,1674,1675,Daventry,Northamptonshire,Northamptonshire,Daventry,NA,12699
11615,1671,1675,NA,Northamptonshire,Northamptonshire,NA,NA,NA
11616,1672,1675,Ashby de la Zouch,Leicestershire,Leicestershire,Ashby de la Zouch,NA,1335
11752,1672,1674,Bradfield,Yorkshire,Yorkshire,Bradfield,NA,56249
11783,1671,1674,Edmonton,Middlesex,Middlesex,Edmonton,NA,14841
11858,1671,1674,Wattelton,Oxfordshire,Oxfordshire,NA,NA,NA
12158,1670,1675,London,London,Middlesex,NA,NA,NA
12248,1675,1676,Stevenage,Hertfordshire,Hertfordshire,Stevenage,NA,42354
12316,1674,1675,St Olave Southwark,Surrey,Surrey,St Olave Southwark,ID_30002,NA
12374,1674,1675,Uxbridge,Middlesex,Middlesex,Uxbridge,NA,47245
12971,1672,1675,St Sepulchre,Middlesex,Middlesex,St Sepulchre,ID_30058,NA
13019,1669,1674,Glastonbury,Somerset,Somerset,Glastonbury,NA,17875
13324,1670,1674,Malmesbury,Wiltshire,Wiltshire,Malmesbury,NA,29219
13327,1673,1675,Malmesbury,Wiltshire,Wiltshire,Malmesbury,NA,29219
13514,1671,1675,Leeds,Yorkshire,Yorkshire,Leeds,NA,25924
13738,1672,1674,Rotherhithe,Surrey,Surrey,St Mary Rotherhithe,ID_30008,NA
13966,1672,1675,Shoreditch,Middlesex,Middlesex,St Leonard Shoreditch,ID_30170,NA
14102,1670,1675,Wickhambrooke,Suffolk,Suffolk,NA,NA,NA
14260,1671,1674,Woocutts,Dorset,Dorset,NA,NA,NA
425,1670,1674,Milnthorpe,Westmorland,Westmorland,Milnthorpe,NA,30614
438,1672,1674,Hitchin,Hertfordshire,Hertfordshire,Hitchin,NA,22136
844,1668,1674,Bourton,Gloucestershire,Gloucestershire,NA,NA,NA
929,1673,1675,London,London,Middlesex,NA,NA,NA
966,1671,1675,St Magdalen Bermondsey,Middlesex,Middlesex,St Mary Magdalen Bermondsey,ID_30004,NA
1343,1670,1675,Shenfield,Essex,Essex,Shenfield,NA,40035
2060,1670,1675,Opida,Northamptonshire,Northamptonshire,NA,NA,NA
2294,1672,1675,London,London,Middlesex,NA,NA,NA
2551,1671,1674,London,London,Middlesex,NA,NA,NA
2681,1672,1675,St Mary Whitechapel,Middlesex,Middlesex,St Mary Whitechapel,ID_127867,NA
2946,1671,1675,London,London,Middlesex,NA,NA,NA
3329,1670,1675,Chigwell,Essex,Essex,Chigwell,NA,9118
3610,1670,1675,London,London,Middlesex,NA,NA,NA
3734,1671,1674,Barking,Essex,Essex,Barking,NA,2398
3822,1672,1674,Stafford,Staffordshire,Staffordshire,Stafford,NA,41948
3877,1673,1675,Hitchin,Hertfordshire,Hertfordshire,Hitchin,NA,22136
3968,1668,1675,Stepney,Middlesex,Middlesex,St Dunstan Stepney,ID_30169,NA
4663,1673,1674,London,London,Middlesex,NA,NA,NA
4997,1670,1675,Westminster,Middlesex,Middlesex,NA,NA,NA
5329,1669,1675,Hendon,Middlesex,Middlesex,Hendon,NA,21158
5841,1672,1675,St Botolph Aldgate,London,Middlesex,St Botolph Aldgate,ID_30153,NA
5887,NA,1674,Tunstall,County Durham,County Durham,Tunstall,NA,46349
5949,1669,1674,Winchcombe,Gloucestershire,Gloucestershire,Winchcombe,NA,50044
6613,NA,1674,London,London,Middlesex,NA,NA,NA
7695,1673,1674,London,London,Middlesex,NA,NA,NA
7776,1671,1675,London,London,Middlesex,NA,NA,NA
8333,1670,1675,Boughton Aluph,Kent,Kent,Boughton Aluph,NA,4865
8358,1670,1675,St Clement Danes,Middlesex,Middlesex,St Clement Danes,ID_30015,NA
9006,1670,1674,Long Coome,Oxfordshire,Oxfordshire,NA,NA,NA
9465,1669,1675,Hereford,Herefordshire,Herefordshire,Hereford,NA,21293
9721,1671,1675,Newport Pagnell,Buckinghamshire,Buckinghamshire,Newport Pagnell,NA,32580
10251,1670,1674,St Martin in the Fields,Middlesex,Middlesex,St Martin in the Fields,ID_30034,NA
10404,1671,1675,Ashford,Kent,Kent,Ashford,NA,1368
10519,1674,1675,Westminster,Middlesex,Middlesex,NA,NA,NA
10982,1673,1674,NA,Derbyshire,Derbyshire,NA,NA,NA
11101,1673,1675,Peckham,Surrey,Surrey,Peckham,NA,34933
11220,1673,1675,Hinckley,Leicestershire,Leicestershire,Hinckley,NA,22061
11429,1668,1675,Witney,Oxfordshire,Oxfordshire,Witney,NA,50334
11568,1669,1674,Tarkester,Lincolnshire,Lincolnshire,NA,NA,NA
11582,1672,1674,London,London,Middlesex,NA,NA,NA
11881,1669,1674,Thame,Oxfordshire,Oxfordshire,Thame,NA,44078
12522,1668,1674,Newhall,Hertfordshire,Hertfordshire,NA,NA,NA
12884,1672,1675,Burion,Cornwall,Cornwall,NA,NA,NA
12887,1673,1674,Warminster,Wiltshire,Wiltshire,Warminster,NA,47825
12929,1672,1674,Foxsheire,Essex,Essex,NA,NA,NA
13043,1674,1675,Bromley,Kent,Kent,Bromley,NA,6067
13092,NA,1674,Biggleswade,Bedfordshire,Bedfordshire,Biggleswade,NA,3616
13497,1673,1675,Cheshunt,Hertfordshire,Hertfordshire,Cheshunt,NA,9027
13782,1671,1675,St Mary Magdalen Bermondsey,Surrey,Surrey,St Mary Magdalen Bermondsey,ID_30004,NA
13816,1668,1674,Clutton,Cheshire,Cheshire,Clutton,NA,9984
14068,1671,1674,St Sepulchre,Middlesex,Middlesex,St Sepulchre,ID_30058,NA
527,1668,1674,Walter Eton,Buckinghamshire,Buckinghamshire,NA,NA,NA
618,1669,1675,Bishop's Stortford,Hertfordshire,Hertfordshire,Bishop's Stortford,NA,3883
1294,1673,1674,Newbury,Berkshire,Berkshire,Newbury,NA,32415
1526,1671,1674,London,London,Middlesex,NA,NA,NA
1639,1672,1674,London,London,Middlesex,NA,NA,NA
1712,1673,1674,Marshfield,Gloucestershire,Gloucestershire,Marshfield,NA,29568
2303,1672,1675,London,London,Middlesex,NA,NA,NA
2397,1672,1674,Limehouse,Middlesex,Middlesex,St Anne Limehouse,ID_30176,NA
3134,1668,1673,Oxford,Oxfordshire,Oxfordshire,Oxford,NA,34379
3170,1670,1674,Witley,Worcestershire,Worcestershire,NA,NA,NA
3387,NA,1675,Salisbury,Wiltshire,Wiltshire,Salisbury,NA,39066
3668,1669,1674,Ratcliff,Middlesex,Middlesex,Ratcliffe,ID_30177,NA
3863,1669,1674,Shawell,Leicestershire,Leicestershire,Shawell,NA,39925
4341,1671,1675,Quorndon,Leicestershire,Leicestershire,Quorndon,NA,37217
4815,1671,1675,Sherborne,Dorset,Dorset,Sherborne,NA,40076
5067,1669,1674,Buckminster,Leicestershire,Leicestershire,Buckminster,NA,6696
5896,1672,1675,NA,Sussex,Sussex,NA,NA,NA
6347,1670,1675,Longhope,Gloucestershire,Gloucestershire,Longhope,NA,28040
6349,1669,1675,Hunnington,Warwickshire,Warwickshire,NA,NA,NA
6526,1673,1674,Twickenham,Middlesex,Middlesex,Twickenham,NA,46439
6580,1673,1674,Shrewsbury,Shropshire,Shropshire,Shrewsbury,NA,40345
6943,1671,1675,Trippleton,Herefordshire,Herefordshire,NA,NA,NA
7210,1670,1675,Miverton,Warwickshire,Warwickshire,NA,NA,NA
7374,1670,1674,St Dunstan in the East,London,Middlesex,St Dunstan in the East,ID_30159,NA
7969,1669,1675,Brackley,Northamptonshire,Northamptonshire,Brackley,NA,5112
8026,1669,1674,St Martin in the Fields,Middlesex,Middlesex,St Martin in the Fields,ID_30034,NA
8130,1670,1675,London,London,Middlesex,NA,NA,NA
8510,1669,1675,NA,Somerset,Somerset,NA,NA,NA
8550,1670,1675,London,London,Middlesex,NA,NA,NA
8766,1671,1674,Hay,Breconshire,Breconshire,NA,NA,NA
9491,1669,1675,St Giles in the Fields,Middlesex,Middlesex,St Giles in the Fields,ID_30018,NA
9703,1669,1674,Waterstock,Oxfordshire,Oxfordshire,Waterstock,NA,48038
9930,1670,1675,Ashburnham,Sussex,Sussex,Ashburnham,NA,55382
10221,1670,1675,Shadwell,Middlesex,Middlesex,St Paul Shadwell,ID_30184,NA
10333,1669,1675,NA,Staffordshire,Staffordshire,NA,NA,NA
10350,1674,1674,Long Compton,Warwickshire,Warwickshire,Long Compton,NA,27937
10606,1669,1674,Maidstone,Kent,Kent,Maidstone,NA,29156
11344,1672,1675,Dunstable,Bedfordshire,Bedfordshire,Dunstable,NA,13925
11821,1672,1675,Newent,Gloucestershire,Gloucestershire,Newent,NA,32458
12030,1672,1675,St Margeret Westminster,Middlesex,Middlesex,St Margaret Westminster,ID_127869,NA
12304,1674,1675,Sandford,Oxfordshire,Oxfordshire,NA,NA,NA
12539,1668,1674,Ratcliff,Middlesex,Middlesex,Ratcliffe,ID_30177,NA
12599,1672,1675,London,London,Middlesex,NA,NA,NA
12821,1669,1674,Burrough,Leicestershire,Leicestershire,NA,NA,NA
14141,1671,1674,Lidlington,Bedfordshire,Bedfordshire,Lidlington,NA,26213
833,1674,1676,London,London,Middlesex,NA,NA,NA
1630,1674,1676,London,London,Middlesex,NA,NA,NA
1680,1670,1675,Devizes,Wiltshire,Wiltshire,Devizes,NA,13020
2089,1671,1676,London,London,Middlesex,NA,NA,NA
2856,1669,1675,London,London,Middlesex,NA,NA,NA
3102,1674,1676,York,Yorkshire,Yorkshire,York,NA,51511
3323,1672,1675,Crimplesham,Norfolk,Norfolk,Crimplesham,NA,11587
3420,1671,1676,Ratcliff,Middlesex,Middlesex,Ratcliffe,ID_30177,NA
3428,1672,1676,Kingston,Surrey,Surrey,Kingston upon Thames,NA,24629
3609,1673,1676,London,London,Middlesex,NA,NA,NA
3871,1674,1676,NA,Northamptonshire,Northamptonshire,NA,NA,NA
3974,1674,1676,Chatham,Kent,Kent,Chatham,NA,8875
4195,1674,1676,Durham,County Durham,County Durham,Durham,NA,13975
4640,1669,1676,Plaistow,Essex,Essex,Plaistow,NA,36054
4800,1671,1676,Olney,Buckinghamshire,Buckinghamshire,Olney,NA,33999
5315,1674,1675,Shipton,Oxfordshire,Oxfordshire,NA,NA,NA
5537,1670,1675,Sutton Maddock,Shropshire,Shropshire,Sutton Maddock,NA,43383
5555,1673,1676,London,London,Middlesex,NA,NA,NA
5989,1669,1676,London,London,Middlesex,NA,NA,NA
5991,1671,1676,Enfield,Middlesex,Middlesex,Enfield,NA,15358
6147,1669,1676,Hessington,Gloucestershire,Gloucestershire,NA,NA,NA
6330,1672,1676,Chichester,Leicestershire,Leicestershire,NA,NA,NA
6502,1668,1676,Mere,Wiltshire,Wiltshire,Mere,NA,30045
6573,1671,1675,Safford,Warwickshire,Warwickshire,NA,NA,NA
6878,1673,1676,London,London,Middlesex,NA,NA,NA
6988,1673,1676,Sherborne,Dorset,Dorset,Sherborne,NA,40076
7081,1672,1676,Walthamstow,Essex,Essex,Walthamstow,NA,47645
7160,1670,1675,St Thomas Southwark,Surrey,Surrey,St Thomas,ID_30007,NA
8007,1675,1676,Wrexham,Denbighshire,Denbighshire,Wrexham,NA,51099
8168,1675,1676,Sedbury,Herefordshire,Herefordshire,NA,NA,NA
8265,1675,1676,Bromley,Kent,Kent,Bromley,NA,6067
8433,1673,1675,Oundle,Northamptonshire,Northamptonshire,Oundle,NA,34212
8729,1672,1676,London,London,Middlesex,NA,NA,NA
8848,1675,1676,London,London,Middlesex,NA,NA,NA
8909,1675,1676,St Botolph Aldgate,Middlesex,Middlesex,St Botolph Aldgate,ID_30153,NA
9286,1673,1676,Hatfield,Hertfordshire,Hertfordshire,Hatfield,NA,20494
9496,1671,1676,Lackington,Gloucestershire,Gloucestershire,NA,NA,NA
9713,1674,1676,Boswell,Warwickshire,Warwickshire,NA,NA,NA
9782,1674,1675,Wellesbourne,Warwickshire,Warwickshire,Wellesbourne,NA,48261
10117,1673,1675,Aldgate,London,Middlesex,St Botolph Aldgate,ID_30153,NA
10472,1669,1675,Dakely,Essex,Essex,NA,NA,NA
10817,1674,1676,Wroot,Lincolnshire,Lincolnshire,Wroot,NA,51128
11088,1669,1675,Bruntingthorp,Leicestershire,Leicestershire,NA,NA,NA
12349,1670,1675,Selby,Yorkshire,Yorkshire,Selby,NA,39717
13052,1674,1675,Stanton,Shropshire,Shropshire,NA,NA,NA
13981,1669,1676,Bromley,Kent,Kent,Bromley,NA,6067
13995,1670,1676,Leicester,Leicestershire,Leicestershire,Leicester,NA,25957
14118,1671,1676,Hitchin,Hertfordshire,Hertfordshire,Hitchin,NA,22136
19,1671,1676,Artelborough,Northamptonshire,Northamptonshire,NA,NA,NA
429,1673,1676,Kirkby Lonsdale,Westmorland,Westmorland,Kirkby Lonsdale,NA,24802
741,1672,1676,Tortworth,Gloucestershire,Gloucestershire,Tortworth,NA,45293
843,1672,1676,Hanwood,Yorkshire,Yorkshire,NA,NA,NA
1098,1674,1676,Moor End,Bedfordshire,Bedfordshire,Moor End,NA,30985
1589,1671,1676,Aldermaston,Berkshire,Berkshire,Aldermaston,NA,550
1708,1672,1676,Kettering,Northamptonshire,Northamptonshire,Kettering,NA,24183
2106,1670,1676,Isle of Ely,Cambridgeshire,Cambridgeshire,Ely,NA,15168
2384,1671,1676,Alconbury,Huntingdonshire,Huntingdonshire,Alconbury,NA,524
2682,1673,1675,Tiverton,Devon,Devon,Tiverton,NA,45049
3908,1670,1676,Sileby,Leicestershire,Leicestershire,Sileby,NA,40451
4929,1671,1675,Green Street,Essex,Essex,NA,NA,NA
5172,1675,1676,Beachampton,Buckinghamshire,Buckinghamshire,Beachampton,NA,2851
5430,1674,1676,Bury St Edmonds,Suffolk,Suffolk,Bury St Edmunds,NA,7176
5888,1670,1676,Tunstall,County Durham,County Durham,Tunstall,NA,46349
6050,1669,1675,Coggs,Oxfordshire,Oxfordshire,NA,NA,NA
6190,1673,1676,Southmore,Buckinghamshire,Buckinghamshire,NA,NA,NA
6751,1670,1676,Walthamstow,Essex,Essex,Walthamstow,NA,47645
6975,1673,1676,London,London,Middlesex,NA,NA,NA
8193,1670,1675,Abenhall,Gloucestershire,Gloucestershire,Abenhall,NA,287755
8857,1671,1676,Westminster,Middlesex,Middlesex,NA,NA,NA
9352,1670,1676,London,London,Middlesex,NA,NA,NA
9997,1673,1676,Claywes,Worcestershire,Worcestershire,NA,NA,NA
11397,1673,1676,Egremond,Cumberland,Cumberland,NA,NA,NA
13002,1674,1675,Rumsey,Hampshire,Hampshire,NA,NA,NA
13164,1673,1676,London,London,Middlesex,NA,NA,NA
430,1674,1677,NA,County Durham,County Durham,NA,NA,NA
707,1675,1677,London,London,Middlesex,NA,NA,NA
906,1670,1677,Thackstead,Essex,Essex,NA,NA,NA
937,1676,1677,Coventry,Warwickshire,Warwickshire,Coventry,NA,11138
1241,1673,1676,London,London,Middlesex,NA,NA,NA
1425,1676,1677,Wybunbury,Cheshire,Cheshire,Wybunbury,NA,51147
1502,NA,1677,Longhope,Gloucestershire,Gloucestershire,Longhope,NA,28040
1503,NA,1677,Longhope,Gloucestershire,Gloucestershire,Longhope,NA,28040
1658,1675,1677,Thames Street,London,Middlesex,NA,NA,NA
2005,1674,1676,London,London,Middlesex,NA,NA,NA
2120,NA,1677,London,London,Middlesex,NA,NA,NA
2309,1674,1676,Selby,Yorkshire,Yorkshire,Selby,NA,39717
2979,1676,1677,Wotton under Edge,Gloucestershire,Gloucestershire,Wotton under Edge,NA,51055
3255,1673,1676,Ratcliff,Middlesex,Middlesex,Ratcliffe,ID_30177,NA
3341,1672,1676,St Martin in the Fields,Middlesex,Middlesex,St Martin in the Fields,ID_30034,NA
3633,1672,1677,Northleigh,Oxfordshire,Oxfordshire,NA,NA,NA
4396,1672,1677,Weybridge,Surrey,Surrey,Weybridge,NA,49215
4889,1673,1676,Sutton Bonnington,Nottinghamshire,Nottinghamshire,NA,NA,NA
5121,1676,1677,Bristol,Gloucestershire,Gloucestershire,Bristol,NA,288655
5301,1675,1677,Bukingham,Buckinghamshire,Buckinghamshire,NA,NA,NA
5423,1675,1677,Shrewsbury,Shropshire,Shropshire,Shrewsbury,NA,40345
5673,1672,1677,Rochdale,Lancashire,Lancashire,Rochdale,NA,38278
6235,1674,1677,Bodenam,Herefordshire,Herefordshire,NA,NA,NA
7178,1672,1677,Monmouth,Monmouthshire,Monmouthshire,Monmouth,NA,30940
7635,1673,1676,NA,Staffordshire,Staffordshire,NA,NA,NA
8331,1670,1677,Braintree,Essex,Essex,Braintree,NA,5267
9156,1676,1677,Harrington,Lincolnshire,Lincolnshire,Harrington,NA,20297
9279,1669,1677,Upperton,Herefordshire,Herefordshire,Upperton,NA,296172
9636,1672,1676,Islington,Middlesex,Middlesex,St Mary Islington,ID_30043,NA
10008,1672,1677,Newton,Lancashire,Lancashire,NA,NA,NA
10275,NA,1677,Westcote,Warwickshire,Warwickshire,NA,NA,NA
10593,1674,1677,Llandrillo,Merionethshire,Merionethshire,Llandrillo,NA,27143
12057,1670,1677,Iver,Buckinghamshire,Buckinghamshire,Iver,NA,23776
12412,1675,1676,Faversham,Kent,Kent,Faversham,NA,15905
12549,1673,1676,London,London,Middlesex,NA,NA,NA
12948,1670,1676,Egham,Surrey,Surrey,Egham,NA,14901
13070,1656,1661,London,London,Middlesex,NA,NA,NA
13200,1674,1677,London,London,Middlesex,NA,NA,NA
13334,1669,1673,Southern,Nottinghamshire,Nottinghamshire,NA,NA,NA
13492,1675,1677,Aylesbury,Buckinghamshire,Buckinghamshire,Aylesbury,NA,1773
13525,1676,1677,Havill,Middlesex,Middlesex,NA,NA,NA
35,1672,1677,Hallaton,Leicestershire,Leicestershire,Hallaton,NA,19757
36,1674,1676,Aldenham,Shropshire,Shropshire,NA,NA,NA
203,1674,1677,Hawkesbury Upton,Gloucestershire,Gloucestershire,Hawkesbury Upton,NA,20634
336,1669,1676,Badby,Northamptonshire,Northamptonshire,Badby,NA,1870
350,1671,1677,Heyford,Northamptonshire,Northamptonshire,NA,NA,NA
469,1672,1677,Ealing,Middlesex,Middlesex,Ealing,NA,14083
594,1675,1677,Spratton,Northamptonshire,Northamptonshire,Spratton,NA,41564
936,1674,1677,Wapping,Middlesex,Middlesex,St John Wapping,ID_30182,NA
938,1673,1676,London,London,Middlesex,NA,NA,NA
1252,1674,1677,London,London,Middlesex,NA,NA,NA
1854,1670,1677,Swallowfield,Berkshire,Berkshire,Swallowfield,NA,43446
2503,1673,1676,Yeovil,Somerset,Somerset,Yeovil,NA,51430
2766,1673,1677,London,London,Middlesex,NA,NA,NA
3304,1674,1677,Kirby,Yorkshire,Yorkshire,Kirby,NA,NA
3369,1669,1676,Middleton,Westmorland,Westmorland,Middleton,NA,30300
3393,1673,1677,London,London,Middlesex,NA,NA,NA
4275,1671,1677,Little Marlow,Buckinghamshire,Buckinghamshire,Little Marlow,NA,26702
4330,1670,1676,Edmonton,Middlesex,Middlesex,Edmonton,NA,14841
4411,1671,1677,Cirencester,Gloucestershire,Gloucestershire,Cirencester,NA,9528
4413,1673,1677,Bladon,Oxfordshire,Oxfordshire,Bladon,NA,4141
4563,1670,1676,Westminster,Middlesex,Middlesex,NA,NA,NA
4871,1676,1677,West Haddow,Northamptonshire,Northamptonshire,NA,NA,NA
4954,1673,1676,Hastings,Sussex,Sussex,Hastings,NA,20463
5226,1674,1677,Abingdon,Berkshire,Berkshire,Abingdon,NA,287768
5808,1670,1676,Rame,Cornwall,Cornwall,NA,NA,NA
5830,1671,1677,Charterhouse Heydon,Somerset,Somerset,NA,NA,NA
5945,1673,1676,Maidstone,Kent,Kent,Maidstone,NA,29156
6320,1670,1676,London,London,Middlesex,NA,NA,NA
6377,1672,1677,Wendover,Buckinghamshire,Buckinghamshire,Wendover,NA,48352
6493,1674,1677,Ratcliffe,Nottinghamshire,Nottinghamshire,NA,NA,NA
6681,1675,1677,Maidstone,Kent,Kent,Maidstone,NA,29156
6752,1674,1677,London,London,Middlesex,NA,NA,NA
7109,1673,1677,Ffestiniog,Merionethshire,Merionethshire,Ffestiniog,NA,16145
7140,1673,1677,Lyde,Herefordshire,Herefordshire,NA,NA,NA
7203,1675,1676,Kingsly,Warwickshire,Warwickshire,NA,NA,NA
7325,1673,1677,Henton,Herefordshire,Herefordshire,NA,NA,NA
7475,1670,1677,Brigstock,Northamptonshire,Northamptonshire,Brigstock,NA,5741
7705,1675,1676,Wootton,Berkshire,Berkshire,Wootton,NA,50918
8371,1672,1676,Irelson,Gloucestershire,Gloucestershire,NA,NA,NA
8730,1675,1677,Kentish Town,Middlesex,Middlesex,Kentish Town,NA,24102
9061,1676,1677,London,London,Middlesex,NA,NA,NA
9398,1675,1677,Buckingham,Buckinghamshire,Buckinghamshire,Buckingham,NA,6650
10384,1676,1677,Bristol,Gloucestershire,Gloucestershire,Bristol,NA,288655
10546,1674,1677,Oxford,Oxfordshire,Oxfordshire,Oxford,NA,34379
10639,1675,1677,London,London,Middlesex,NA,NA,NA
10831,1674,1676,Langham,Rutland,Rutland,Langham,NA,25482
11140,1674,1676,Fyfield,Berkshire,Berkshire,Fyfield,NA,17191
11179,1671,1677,Chelmsford,Essex,Essex,Chelmsford,NA,8959
12094,1671,1677,St Katherine by the Tower,London,Middlesex,Precinct of St Katherine,ID_30181,NA
12494,1673,1677,Wootton,Lincolnshire,Lincolnshire,Wootton,NA,50922
12849,1672,1677,Chobham,Surrey,Surrey,Chobham,NA,9257
13146,1671,1676,Tilshead,Wiltshire,Wiltshire,Tilshead,NA,44934
13807,1673,1677,Cundever,Shropshire,Shropshire,NA,NA,NA
13838,1673,1677,London,London,Middlesex,NA,NA,NA
13868,1673,1677,Bow,Middlesex,Middlesex,Bow,ID_30175,NA
13908,1672,1677,Bray,Berkshire,Berkshire,Bray,NA,5428
14172,1671,1677,Cadeby,Leicestershire,Leicestershire,Cadeby,NA,7388
1669,1677,1680,Cripplegate,Middlesex,Middlesex,St Giles Cripplegate,ID_30100,NA
8222,1673,1679,Normanton,Nottinghamshire,Nottinghamshire,Normanton,NA,32953
12915,1675,1680,Cockermouth,Cumberland,Cumberland,Cockermouth,NA,10125
201,1674,1681,Ibstone,Buckinghamshire,Buckinghamshire,Ibstone,NA,23419
1022,1679,1680,Fulham,Middlesex,Middlesex,Fulham,NA,17119
1263,1679,1681,Clarelyhome,Shropshire,Shropshire,NA,NA,NA
1512,1676,1680,London,London,Middlesex,NA,NA,NA
1578,1673,1679,London,London,Middlesex,NA,NA,NA
1864,1676,1680,Chinnor,Oxfordshire,Oxfordshire,Chinnor,NA,9196
1977,1677,1679,Melton Mowbray,Leicestershire,Leicestershire,Melton Mowbray,NA,29987
2456,1679,1679,London,London,Middlesex,NA,NA,NA
3018,1674,1681,Stratford upon Avon,Warwickshire,Warwickshire,Stratford upon Avon,NA,295196
3712,1676,1679,Copston,Warwickshire,Warwickshire,NA,NA,NA
3952,1678,1680,London,London,Middlesex,NA,NA,NA
4119,1675,1680,Southwark,Surrey,Surrey,NA,NA,NA
4637,1674,1680,Gloucester,Gloucestershire,Gloucestershire,Gloucester,NA,17982
4819,1677,1681,London,London,Middlesex,NA,NA,NA
4868,1676,1680,Whitechapel,Middlesex,Middlesex,St Mary Whitechapel,ID_127867,NA
4903,1678,1680,Sturminster Newton,Dorset,Dorset,Sturminster Newton,NA,43168
5554,1676,1680,Foston,Lincolnshire,Lincolnshire,Foston,NA,16747
5797,1679,1680,London,London,Middlesex,NA,NA,NA
5922,1678,1681,NA,Essex,Essex,NA,NA,NA
6197,1674,1679,Kennet,Wiltshire,Wiltshire,NA,NA,NA
6996,1679,1680,Dover,Kent,Kent,Dover,NA,13407
7519,1676,1680,Catherton,Surrey,Surrey,NA,NA,NA
7971,1677,1681,Harringworth,Northamptonshire,Northamptonshire,Harringworth,NA,20299
8299,1675,1679,Spitalfields,Middlesex,Middlesex,Christchurch Spitalfields,ID_30168,NA
8342,1676,1678,Southwark,Surrey,Surrey,NA,NA,NA
8453,1679,1680,Southwark,Surrey,Surrey,NA,NA,NA
8513,1676,1680,Portsmouth,Hampshire,Hampshire,Portsmouth,NA,36626
9049,1675,1679,Euston,Suffolk,Suffolk,Euston,NA,15510
10211,1677,1680,Ranchangel,Merionethshire,Merionethshire,NA,NA,NA
10343,1674,1680,St Botolph Bishopsgate,London,Middlesex,St Botolph Bishopsgate,ID_127859,NA
10844,1676,1680,Quainton,Buckinghamshire,Buckinghamshire,Quainton,NA,37109
10951,1679,1679,London,London,Middlesex,NA,NA,NA
11000,1679,1680,London,London,Middlesex,NA,NA,NA
11282,1676,1680,Whitchurch,Shropshire,Shropshire,Whitchurch,NA,49391
11407,1675,1680,Lungtown,Herefordshire,Herefordshire,NA,NA,NA
11479,1674,1679,Winchester,Hampshire,Hampshire,Winchester,NA,50050
11784,1679,1681,St Giles Cripplegate,Middlesex,Middlesex,St Giles Cripplegate,ID_30100,NA
11908,1676,1680,Alderminster,Worcestershire,Worcestershire,NA,NA,NA
12648,1674,1679,Henley,Oxfordshire,Oxfordshire,Henley on Thames,NA,21225
13011,1675,1679,Reading,Berkshire,Berkshire,Reading,NA,37532
13263,1675,1680,London,London,Middlesex,NA,NA,NA
13618,1674,1680,Allhallows London Wall,London,Middlesex,All Hallows London Wall,ID_127847,NA
13633,1677,1679,NA,Berkshire,Berkshire,NA,NA,NA
14025,1677,1680,Tamworth,Warwickshire,Warwickshire,Tamworth,NA,43773
101,1673,1679,Ailworth,Gloucestershire,Gloucestershire,NA,NA,NA
674,1675,1677,Durham,County Durham,County Durham,Durham,NA,13975
738,NA,1678,Carshalton,Surrey,Surrey,Carshalton,NA,8106
2115,1676,1678,Highworth,Wiltshire,Wiltshire,Highworth,NA,21841
3348,1676,1678,Cinnerstone,Warwickshire,Warwickshire,NA,NA,NA
4323,1675,1678,Avenbury,Herefordshire,Herefordshire,Avenbury,NA,55525
4638,1674,1678,Gloucester,Gloucestershire,Gloucestershire,Gloucester,NA,17982
5203,1677,1678,Westminster,Middlesex,Middlesex,NA,NA,NA
5486,1678,1678,Eltham,Kent,Kent,Eltham,NA,15140
5871,1678,1679,London,London,Middlesex,NA,NA,NA
6745,1675,1679,Poplar,Middlesex,Middlesex,Poplar,ID_30173,NA
6777,1678,1678,London,London,Middlesex,NA,NA,NA
7280,1673,1679,Cirencester,Gloucestershire,Gloucestershire,Cirencester,NA,9528
8087,1677,1679,Winborne,Dorset,Dorset,NA,NA,NA
8954,1673,1678,London,London,Middlesex,NA,NA,NA
9293,1673,1678,London,London,Middlesex,NA,NA,NA
10624,1673,1679,London,London,Middlesex,NA,NA,NA
11218,1678,1678,London,London,Middlesex,NA,NA,NA
11849,1673,1677,Ladbrooke,Warwickshire,Warwickshire,NA,NA,NA
12138,1676,1677,London,London,Middlesex,NA,NA,NA
12430,1673,1679,Berkhamstead,Hertfordshire,Hertfordshire,Berkhamstead,NA,NA
12508,1675,1679,Chichester,Sussex,Sussex,Chichester,NA,9094
13199,1674,1678,Burford,Oxfordshire,Oxfordshire,Burford,NA,6867
13336,1678,1679,Lincoln's Inn,Middlesex,Middlesex,Lincoln's Inn,ID_127849,NA
13494,1675,1678,Westminster,Middlesex,Middlesex,NA,NA,NA
13576,1675,1679,Newport Pagnell,Buckinghamshire,Buckinghamshire,Newport Pagnell,NA,32580
14269,1674,1679,Gillingham,Dorset,Dorset,Gillingham,NA,17704
18,1676,1677,Earls Colne,Essex,Essex,Earls Colne,NA,14108
108,1674,1678,Poole,Dorset,Dorset,Poole,NA,36438
290,1674,1678,Enfield,Middlesex,Middlesex,Enfield,NA,15358
459,1675,1678,St Mary Magdalen,Surrey,Surrey,St Mary Magdalen Bermondsey,ID_30004,NA
630,1675,1678,Cheltenham,Gloucestershire,Gloucestershire,Cheltenham,NA,8971
784,1673,1678,Collingsbourne,Wiltshire,Wiltshire,NA,NA,NA
852,1674,1678,Barton,Gloucestershire,Gloucestershire,NA,NA,NA
863,1675,1678,Twerton,Worcestershire,Worcestershire,NA,NA,NA
946,1673,1678,Kirkby Overblow,Yorkshire,Yorkshire,Kirkby Overblow,NA,24808
988,1673,1677,Stratford upon Avon,Warwickshire,Warwickshire,Stratford upon Avon,NA,295196
1021,1674,1677,St Olave Southwark,Surrey,Surrey,St Olave Southwark,ID_30002,NA
1045,1671,1677,Carey,Somerset,Somerset,NA,NA,NA
1050,1675,1677,Hartshorne,Derbyshire,Derbyshire,Hartshorne,NA,20402
1267,1673,1677,Watford,Hertfordshire,Hertfordshire,Watford,NA,48046
1748,1675,1678,Maiden Newton,Dorset,Dorset,Maiden Newton,NA,29140
1919,1672,1678,Hornby,Lancashire,Lancashire,Hornby,NA,22755
2350,1673,1678,St Martin in the Fields,Middlesex,Middlesex,St Martin in the Fields,ID_30034,NA
2470,1676,1677,London,London,Middlesex,NA,NA,NA
2496,1674,1678,Steyning,Sussex,Sussex,Steyning,NA,42375
2548,1674,1678,Holborn,Middlesex,Middlesex,St Andrew Holborn,ID_127848,NA
3179,1676,1677,Winchester,Hampshire,Hampshire,Winchester,NA,50050
3518,1676,1677,London,London,Middlesex,NA,NA,NA
3639,1672,1676,Northleigh,Oxfordshire,Oxfordshire,NA,NA,NA
3869,1673,1677,Deptford,Kent,Kent,Deptford,NA,12973
4097,1674,1678,Lewes,Sussex,Sussex,Lewes,NA,26145
4395,1673,1677,Guildford,Surrey,Surrey,Guildford,NA,19326
4438,1676,1678,London,London,Middlesex,NA,NA,NA
4598,1673,1678,Hanslope,Buckinghamshire,Buckinghamshire,Hanslope,NA,20066
4688,1675,1678,St Leonard Shoreditch,Middlesex,Middlesex,St Leonard Shoreditch,ID_30170,NA
5027,1669,1677,Middleton on Row,County Durham,County Durham,NA,NA,NA
5063,1674,1677,Darlington,County Durham,County Durham,Darlington,NA,12652
5204,1674,1677,London,London,Middlesex,NA,NA,NA
5223,1676,1678,Lambeth,Surrey,Surrey,St Mary Lambeth,ID_127857,NA
5744,1671,1678,North Mimms,Hertfordshire,Hertfordshire,North Mimms,NA,NA
5937,1676,1678,Chippenham,Cambridgeshire,Cambridgeshire,Chippenham,NA,9203
6290,1677,1678,Cholstrey,Herefordshire,Herefordshire,Cholstrey,NA,9266
6331,1674,1677,Little Risendon,Gloucestershire,Gloucestershire,NA,NA,NA
6426,1676,1678,Islington,Middlesex,Middlesex,St Mary Islington,ID_30043,NA
6833,1674,1678,Blewbery,Berkshire,Berkshire,NA,NA,NA
6946,1675,1678,Hoxton,Middlesex,Middlesex,St Leonard Shoreditch,ID_30170,NA
6966,1676,1678,Old Street,Middlesex,Middlesex,NA,NA,NA
7117,1674,1678,Kanidler,Montgomeryshire,Montgomeryshire,NA,NA,NA
7375,1675,1678,London,London,Middlesex,NA,NA,NA
7431,NA,1678,Derby,Derbyshire,Derbyshire,Derby,NA,12974
7835,1673,1678,Wood Street Compter,London,Middlesex,St Michael Wood Street,ID_30085,NA
8626,1675,1678,Harberbury,Warwickshire,Warwickshire,NA,NA,NA
8969,1673,1678,St Albans,Hertfordshire,Hertfordshire,St Albans,NA,41656
9078,1675,1677,Walsall,Staffordshire,Staffordshire,Walsall,NA,47612
9093,1675,1678,St Chute,Wiltshire,Wiltshire,NA,NA,NA
9172,1674,1678,Wardsmill,Hertfordshire,Hertfordshire,NA,NA,NA
9456,1671,1676,Limehouse,Middlesex,Middlesex,St Anne Limehouse,ID_30176,NA
9565,1672,1678,Finchley,Middlesex,Middlesex,Finchley,NA,16251
9590,1675,1678,Shrewsbury,Shropshire,Shropshire,Shrewsbury,NA,40345
9986,1673,1677,Barnet,Middlesex,Middlesex,Barnet,NA,NA
10204,1672,1677,Greenwich,Kent,Kent,Greenwich,NA,19085
10518,1675,1677,Lincoln,Lincolnshire,Lincolnshire,Lincoln,NA,26300
10660,1677,1678,St Bride,London,Middlesex,St Bride,ID_30049,NA
11324,1676,1678,Totham,Essex,Essex,NA,NA,NA
11365,1674,1678,Nottingham,Nottinghamshire,Nottinghamshire,Nottingham,NA,33480
11430,1676,1677,Oxford,Oxfordshire,Oxfordshire,Oxford,NA,34379
11719,1671,1677,Newbury,Berkshire,Berkshire,Newbury,NA,32415
11724,1674,1677,Little Thurlow,Suffolk,Suffolk,Little Thurlow,NA,26821
11832,1674,1677,Kingston upon Thames,Surrey,Surrey,Kingston upon Thames,NA,24629
11891,1677,1678,London,London,Middlesex,NA,NA,NA
11923,1676,1678,Stroudwater,Gloucestershire,Gloucestershire,Stroudwater,NA,NA
12016,1673,1678,Stepney,Middlesex,Middlesex,St Dunstan Stepney,ID_30169,NA
12173,1677,1678,Breton,Worcestershire,Worcestershire,NA,NA,NA
12313,1676,1678,Sunbury,Middlesex,Middlesex,Sunbury,NA,43266
12385,1675,1678,Walton upon Trent,Derbyshire,Derbyshire,Walton upon Trent,NA,64566
12454,1674,1678,Midhurst,Sussex,Sussex,Midhurst,NA,30370
12484,1673,1678,St Olave Southwark,Surrey,Surrey,St Olave Southwark,ID_30002,NA
12717,1674,1678,Melton Mowbray,Leicestershire,Leicestershire,Melton Mowbray,NA,29987
12745,1676,1678,Ashford,Devon,Devon,NA,NA,NA
12857,1672,1677,Alderminster,Warwickshire,Warwickshire,Alderminster,NA,553
12869,1672,1678,Whitechapel,Middlesex,Middlesex,St Mary Whitechapel,ID_127867,NA
13154,NA,1677,London,London,Middlesex,NA,NA,NA
13283,1674,1677,Ashby St Ledgers,Northamptonshire,Northamptonshire,Ashby St Ledgers,NA,1332
13308,1674,1678,Mudford,Somerset,Somerset,Mudford,NA,31488
13540,1671,1678,London,London,Middlesex,NA,NA,NA
13688,1671,1677,Wigwall,Derbyshire,Derbyshire,NA,NA,NA
13711,1677,1678,Doncaster,Yorkshire,Yorkshire,Doncaster,NA,13310
13772,1670,1678,Long Acre,Middlesex,Middlesex,NA,NA,NA
13783,1672,1677,Spetick,Denbighshire,Denbighshire,NA,NA,NA
13923,1674,1678,Holborn,Middlesex,Middlesex,St Andrew Holborn,ID_127848,NA
13945,1677,1677,Southwark,Surrey,Surrey,NA,NA,NA
14019,NA,1677,New Shoreham,Sussex,Sussex,NA,NA,NA
14038,1676,1678,Eskein,Surrey,Surrey,NA,NA,NA
33,1675,1677,London,London,Middlesex,NA,NA,NA
153,1675,1678,North Newton,Oxfordshire,Oxfordshire,NA,NA,NA
154,1675,1677,Senock,Kent,Kent,NA,NA,NA
474,1674,1677,Salisbury,Wiltshire,Wiltshire,Salisbury,NA,39066
656,1673,1678,London,London,Middlesex,NA,NA,NA
822,1675,1678,St Athan,Glamorgan,Glamorgan,St Athan,NA,39024
861,1675,1678,Milton als Middleton,Kent,Kent,NA,NA,NA
868,1677,1678,Sherben,Somerset,Somerset,NA,NA,NA
895,1672,1678,London,London,Middlesex,NA,NA,NA
1154,1673,1678,Bushley,Worcestershire,Worcestershire,Bushley,NA,7212
1692,1676,1678,Ratlinghope,Shropshire,Shropshire,Ratlinghope,NA,37446
1698,1675,1678,Southwark,Surrey,Surrey,NA,NA,NA
1855,1677,1678,Prestbury,Gloucestershire,Gloucestershire,Prestbury,NA,36801
1899,1676,1677,Birmingham,Warwickshire,Warwickshire,Birmingham,NA,3826
1902,1676,1677,Oxford,Oxfordshire,Oxfordshire,Oxford,NA,34379
2124,1673,1678,Ryton,Warwickshire,Warwickshire,Ryton,NA,38984
2210,1672,1677,London,London,Middlesex,NA,NA,NA
2230,1677,1678,Tewkesbury,Gloucestershire,Gloucestershire,Tewkesbury,NA,44069
2396,1676,1677,Rochdale,Lancashire,Lancashire,Rochdale,NA,38278
2764,1677,1678,Eastington,Gloucestershire,Gloucestershire,NA,NA,NA
2854,1677,1678,Salisbury,Wiltshire,Wiltshire,Salisbury,NA,39066
2932,1676,1677,London,London,Middlesex,NA,NA,NA
2962,1676,1677,London,London,Middlesex,NA,NA,NA
3038,1674,1678,Sulgrave,Northamptonshire,Northamptonshire,Sulgrave,NA,43213
3039,1675,1678,London,London,Middlesex,NA,NA,NA
3675,1677,1678,Ashtead,Surrey,Surrey,Ashtead,NA,1433
3936,1675,1678,St Botolph Aldgate,London,Middlesex,St Botolph Aldgate,ID_30153,NA
4129,1673,1677,Leighton Buzzard,Bedfordshire,Bedfordshire,Leighton Buzzard,NA,26002
4247,1676,1678,St Giles in the Fields,Middlesex,Middlesex,St Giles in the Fields,ID_30018,NA
4417,1676,1678,London,London,Middlesex,NA,NA,NA
4496,1673,1678,Winsley,Cheshire,Cheshire,NA,NA,NA
4716,1676,1678,London,London,Middlesex,NA,NA,NA
4730,1673,1677,East Greenwich,Kent,Kent,East Greenwich,NA,NA
4753,1677,1677,Farnham,Surrey,Surrey,Farnham,NA,15845
4950,1673,1677,Wickham,Buckinghamshire,Buckinghamshire,NA,NA,NA
5149,1677,1678,London,London,Middlesex,NA,NA,NA
5305,1677,1678,St Andrew Holborn,Middlesex,Middlesex,St Andrew Holborn,ID_127848,NA
5529,1675,1677,Alcriston,Sussex,Sussex,NA,NA,NA
5531,1676,1678,Aberhavis,Montgomeryshire,Montgomeryshire,NA,NA,NA
5565,1672,1677,London,London,Middlesex,NA,NA,NA
6136,1676,1678,Goostrey,Cheshire,Cheshire,Goostrey,NA,18218
6202,1676,1677,Ickham,Kent,Kent,Ickham,NA,23428
6228,1676,1678,Bray,Berkshire,Berkshire,Bray,NA,5428
6317,1670,1678,Weston,Rutland,Rutland,NA,NA,NA
6481,1674,1678,Great Glen,Leicestershire,Leicestershire,Great Glen,NA,18618
6518,1674,1677,Charlton,Dorset,Dorset,NA,NA,NA
6531,1672,1678,Silsoe,Bedfordshire,Bedfordshire,Silsoe,NA,40468
6821,1675,1678,Uxbridge,Middlesex,Middlesex,Uxbridge,NA,47245
6898,1672,1677,Blackburn,Lancashire,Lancashire,Blackburn,NA,3996
7013,1675,1677,Norton Folgate,London,Middlesex,Liberty of Norton Folgate,ID_127860,NA
7129,1672,1678,Pool,Montgomeryshire,Montgomeryshire,NA,NA,NA
7353,1674,1678,Daventry,Northamptonshire,Northamptonshire,Daventry,NA,12699
7391,1673,1677,Green Street,Sussex,Sussex,NA,NA,NA
7741,1675,1678,Badby,Northamptonshire,Northamptonshire,Badby,NA,1870
8099,1675,1678,Downton,Wiltshire,Wiltshire,Downton,NA,13488
8100,1675,1678,Downton,Wiltshire,Wiltshire,Downton,NA,13488
8391,1675,1678,Aston,Hertfordshire,Hertfordshire,Aston,NA,1548
8479,1677,1678,London,London,Middlesex,NA,NA,NA
8509,1673,1677,Warminster,Wiltshire,Wiltshire,Warminster,NA,47825
9033,1676,1678,London,London,Middlesex,NA,NA,NA
9092,1674,1677,NA,Hertfordshire,Hertfordshire,NA,NA,NA
9211,1676,1678,Gloucester,Gloucestershire,Gloucestershire,Gloucester,NA,17982
9272,1673,1678,Woodhouse,Shropshire,Shropshire,NA,NA,NA
9342,1671,1678,London,London,Middlesex,NA,NA,NA
9385,1675,1678,St Giles in the Fields,Middlesex,Middlesex,St Giles in the Fields,ID_30018,NA
9693,1674,1678,Werge,Wiltshire,Wiltshire,NA,NA,NA
9925,1673,1677,Llanversey,Montgomeryshire,Montgomeryshire,NA,NA,NA
10142,1671,1678,Coventry,Warwickshire,Warwickshire,Coventry,NA,11138
10599,1672,1677,St Clement Danes,Middlesex,Middlesex,St Clement Danes,ID_30015,NA
10640,1675,1678,Bagshot,Surrey,Surrey,Bagshot,NA,1947
10946,1674,1678,Hawkshead,Lancashire,Lancashire,Hawkshead,NA,20651
11203,1674,1678,Kilworth,Leicestershire,Leicestershire,NA,NA,NA
11378,1673,1677,York Minster,Yorkshire,Yorkshire,NA,NA,NA
12003,1676,1678,London,London,Middlesex,NA,NA,NA
12675,1673,1677,South Cerney,Gloucestershire,Gloucestershire,South Cerney,NA,41096
13057,1672,1677,Cookham,Berkshire,Berkshire,Cookham,NA,10707
13100,1672,1678,Hangenbeston,Northamptonshire,Northamptonshire,NA,NA,NA
13328,1671,1677,Custdean,Worcestershire,Worcestershire,NA,NA,NA
13349,1674,1676,Devizes,Wiltshire,Wiltshire,Devizes,NA,13020
13632,1672,1678,Shawborne,Berkshire,Berkshire,NA,NA,NA
13721,1672,1678,London,London,Middlesex,NA,NA,NA
13744,1677,1677,Rapinton,Derbyshire,Derbyshire,NA,NA,NA
13905,1671,1677,"Shad Thames, St Olave Southwark",Surrey,Surrey,St Olave Southwark,ID_30002,NA
14107,1674,1677,Buringbury,Warwickshire,Warwickshire,NA,NA,NA
14196,NA,1678,London,London,Middlesex,NA,NA,NA
41,1675,1679,Medmenham,Buckinghamshire,Buckinghamshire,Medmenham,NA,29874
82,1675,1679,Bredgar,Kent,Kent,Bredgar,NA,5488
242,1675,1678,Islington,Middlesex,Middlesex,St Mary Islington,ID_30043,NA
244,1672,1678,London,London,Middlesex,NA,NA,NA
276,NA,1679,London,London,Middlesex,NA,NA,NA
404,1675,1679,St Martin in the Fields,Middlesex,Middlesex,St Martin in the Fields,ID_30034,NA
419,1676,1679,East Greenwich,Kent,Kent,East Greenwich,NA,NA
572,1675,1679,Wapping,Middlesex,Middlesex,St John Wapping,ID_30182,NA
607,1675,1679,Aldersgate,London,Middlesex,St Botolph Aldersgate,ID_30061,NA
634,1677,1679,Fenny Stratford,Buckinghamshire,Buckinghamshire,Fenny Stratford,NA,16052
828,1678,1680,Romford,Essex,Essex,Romford,NA,38417
857,1675,1679,London,London,Middlesex,NA,NA,NA
1007,1676,1679,London,London,Middlesex,NA,NA,NA
1077,1675,1678,Harrow on the Hill,Middlesex,Middlesex,Harrow on the Hill,NA,20312
1197,1673,1679,NA,Gloucestershire,Gloucestershire,NA,NA,NA
1276,1677,1679,Pinnell,Wiltshire,Wiltshire,NA,NA,NA
1364,1674,1679,Wyke Regis,Dorset,Dorset,Wyke Regis,NA,51180
1372,1675,1679,Brixham,Devon,Devon,Brixham,NA,5825
1676,1676,1679,Humerton,Shropshire,Shropshire,NA,NA,NA
1687,1677,1679,Grantham,Lincolnshire,Lincolnshire,Grantham,NA,18462
1714,1671,1678,Eversfield,Hampshire,Hampshire,NA,NA,NA
1744,1675,1680,Edmonton,Middlesex,Middlesex,Edmonton,NA,14841
1901,1676,1679,Deptford,Kent,Kent,Deptford,NA,12973
2127,1677,1679,Leominster,Herefordshire,Herefordshire,Leominster,NA,26048
2395,1674,1680,Manchester,Lancashire,Lancashire,Manchester,NA,29251
2620,1675,1679,Wallingford,Berkshire,Berkshire,Wallingford,NA,47569
2859,1675,1680,London,London,Middlesex,NA,NA,NA
3143,1675,1680,London,London,Middlesex,NA,NA,NA
3182,1674,1679,Shuttelonger,Northamptonshire,Northamptonshire,NA,NA,NA
3295,1677,1679,Britwell Salome,Oxfordshire,Oxfordshire,Britwell Salome,NA,5823
3388,1678,1679,London,London,Middlesex,NA,NA,NA
3390,1674,1679,Fordingbridge,Hampshire,Hampshire,Fordingbridge,NA,16629
3827,1678,1680,St Giles Cripplegate,Middlesex,Middlesex,St Giles Cripplegate,ID_30100,NA
3867,1675,1679,Cirencester,Gloucestershire,Gloucestershire,Cirencester,NA,9528
4007,1675,1679,Winter,Berkshire,Berkshire,NA,NA,NA
4172,1675,1680,Southwark,Surrey,Surrey,NA,NA,NA
4584,1678,1679,Denton,Northamptonshire,Northamptonshire,Denton,NA,12949
4684,NA,1678,Chelsea,Middlesex,Middlesex,St Luke Chelsea,ID_30030,NA
4925,1673,1680,Gloucester,Gloucestershire,Gloucestershire,Gloucester,NA,17982
5118,1677,1679,St Botolph Bishopsgate,London,Middlesex,St Botolph Bishopsgate,ID_127859,NA
5371,1674,1679,London,London,Middlesex,NA,NA,NA
5441,1676,1678,Bilford,Warwickshire,Warwickshire,NA,NA,NA
5615,1676,1679,Oakingham,Berkshire,Berkshire,Oakingham,NA,NA
5729,1675,1680,London,London,Middlesex,NA,NA,NA
5914,1673,1679,Eye,Northamptonshire,Northamptonshire,Eye,NA,15607
6015,NA,1680,Abingdon,Berkshire,Berkshire,Abingdon,NA,287768
6090,1677,1678,Darrington,Yorkshire,Yorkshire,Darrington,NA,12669
6257,1675,1680,St Mary at Hill,London,Middlesex,St Mary at Hill,ID_30141,NA
6395,1675,1679,Chiswick,Middlesex,Middlesex,Chiswick,NA,9241
6448,1674,1679,Beaumaris,Anglesey,Anglesey,Beaumaris,NA,2934
6468,1676,1679,London,London,Middlesex,NA,NA,NA
6676,1675,1680,St Botolph Aldgate,Middlesex,Middlesex,St Botolph Aldgate,ID_30153,NA
6856,1675,1679,Hendon,Middlesex,Middlesex,Hendon,NA,21158
6864,1676,1679,London,London,Middlesex,NA,NA,NA
6939,1678,1679,Weston sub Edge,Gloucestershire,Gloucestershire,Weston sub Edge,NA,49134
7152,1678,1678,St Saviour Southwark,Surrey,Surrey,St Saviour Southwark,ID_30001,NA
7400,NA,1680,Upton on Severn,Worcestershire,Worcestershire,NA,NA,NA
7582,1677,1680,London,London,Middlesex,NA,NA,NA
8002,1674,1679,Great Preston,Yorkshire,Yorkshire,Great Preston,NA,18704
8338,1677,1679,Westminster,Middlesex,Middlesex,NA,NA,NA
8458,1677,1680,New Inn,Herefordshire,Herefordshire,NA,NA,NA
8869,NA,1679,Wooday,Hampshire,Hampshire,NA,NA,NA
9155,1675,1679,London,London,Middlesex,NA,NA,NA
9373,NA,1679,London,London,Middlesex,NA,NA,NA
9457,1675,1679,London,London,Middlesex,NA,NA,NA
9828,1676,1679,London,London,Middlesex,NA,NA,NA
9896,1675,1680,London,London,Middlesex,NA,NA,NA
9955,1676,1680,Laneham,Nottinghamshire,Nottinghamshire,Laneham,NA,25438
9980,1677,1679,Coker,Somerset,Somerset,NA,NA,NA
10006,1674,1680,Whitechapel,Middlesex,Middlesex,St Mary Whitechapel,ID_127867,NA
10033,1678,1679,Kensington,Middlesex,Middlesex,St Anne Kensington,ID_127870,NA
10039,1676,1678,London,London,Middlesex,NA,NA,NA
10295,1676,1679,Waltham Abbey,Essex,Essex,Waltham Abbey,NA,47635
10539,1678,1680,London,London,Middlesex,NA,NA,NA
10780,1677,1679,Epsom,Surrey,Surrey,Epsom,NA,15413
10874,1675,1678,Wirksworth,Derbyshire,Derbyshire,Wirksworth,NA,50242
10916,1677,1679,Hankerton,Wiltshire,Wiltshire,Hankerton,NA,20039
10933,1677,1679,Hughenden,Buckinghamshire,Buckinghamshire,Hughenden,NA,59866
11093,1674,1679,Hatfield,Hertfordshire,Hertfordshire,Hatfield,NA,20494
11200,1678,1680,London,London,Middlesex,NA,NA,NA
11221,1674,1677,St Mary Magdalen Bermondsey,Surrey,Surrey,St Mary Magdalen Bermondsey,ID_30004,NA
11289,1678,1679,Fulham,Middlesex,Middlesex,Fulham,NA,17119
11319,1676,1679,Thindon,Northamptonshire,Northamptonshire,NA,NA,NA
11426,1677,1679,Baxterley,Warwickshire,Warwickshire,Baxterley,NA,2810
11622,1678,1679,Bedford,Bedfordshire,Bedfordshire,Bedford,NA,3009
11893,1675,1679,London,London,Middlesex,NA,NA,NA
11960,1677,1679,Middlezoy,Somerset,Somerset,Middlezoy,NA,30355
11969,1675,1678,Gloucester,Gloucestershire,Gloucestershire,Gloucester,NA,17982
12437,1676,1679,Kidderminster,Worcestershire,Worcestershire,Kidderminster,NA,24239
12749,1678,1679,Rotherhithe,Surrey,Surrey,St Mary Rotherhithe,ID_30008,NA
12825,1675,1678,Denbigh,Denbighshire,Denbighshire,Denbigh,NA,12882
13443,1675,1679,Aunsbury,Huntingdonshire,Huntingdonshire,NA,NA,NA
13506,1674,1680,Gainsborough,Lincolnshire,Lincolnshire,Gainsborough,NA,17231
13549,1677,1678,NA,Somerset,Somerset,NA,NA,NA
13577,1673,1679,St Mary Whitechapel,Middlesex,Middlesex,St Mary Whitechapel,ID_127867,NA
13600,1679,1680,London,London,Middlesex,NA,NA,NA
13846,1678,1679,Lavington,Wiltshire,Wiltshire,NA,NA,NA
13855,1676,1680,Devizes,Wiltshire,Wiltshire,Devizes,NA,13020
13862,1678,1680,Oundle,Northamptonshire,Northamptonshire,Oundle,NA,34212
13955,1676,1679,Dymock,Gloucestershire,Gloucestershire,Dymock,NA,14056
14254,1676,1679,Allhallows Barking,London,Middlesex,All Hallows Barking,ID_30161,NA
91,1674,1679,Milwich,Staffordshire,Staffordshire,Milwich,NA,30704
197,1678,1679,London,London,Middlesex,NA,NA,NA
314,1675,1679,St Paul Shadwell,Middlesex,Middlesex,St Paul Shadwell,ID_30184,NA
366,1675,1678,London,London,Middlesex,NA,NA,NA
780,1677,1679,London,London,Middlesex,NA,NA,NA
969,1675,1675,London,London,Middlesex,NA,NA,NA
970,1671,1679,Hough on the Hill,Lincolnshire,Lincolnshire,Hough on the Hill,NA,22929
1220,1675,1679,London,London,Middlesex,NA,NA,NA
2442,1678,1679,London,London,Middlesex,NA,NA,NA
2504,1674,1678,Evelling,Somerset,Somerset,NA,NA,NA
2640,1676,1679,Barnet,Hertfordshire,Hertfordshire,Barnet,NA,2473
3112,1674,1678,Thame,Oxfordshire,Oxfordshire,Thame,NA,44078
3344,1672,1678,London,London,Middlesex,NA,NA,NA
3411,1677,1679,London,London,Middlesex,NA,NA,NA
3422,1675,1679,Clerkenwell,Middlesex,Middlesex,St James Clerkenwell,ID_127865,NA
3571,1674,1679,London,London,Middlesex,NA,NA,NA
3645,1672,1679,London,London,Middlesex,NA,NA,NA
3941,1673,1679,Ninfield,Sussex,Sussex,Ninfield,NA,32845
4648,1673,1679,Yarmouth,Norfolk,Norfolk,Great Yarmouth,NA,18774
5275,1676,1678,Southwark Borough,Surrey,Surrey,NA,NA,NA
5697,1676,1679,Derby,Derbyshire,Derbyshire,Derby,NA,12974
5815,1674,1679,Westminster,Middlesex,Middlesex,NA,NA,NA
5941,1675,1679,Hatford,Berkshire,Berkshire,Hatford,NA,20506
6000,1674,1678,London,London,Middlesex,NA,NA,NA
6574,1674,1679,Bridge,London,Middlesex,NA,NA,NA
6805,1676,1678,Monmouth,Monmouthshire,Monmouthshire,Monmouth,NA,30940
7170,1677,1679,St Olave Southwark,Surrey,Surrey,St Olave Southwark,ID_30002,NA
7271,1676,1679,Lechlade,Gloucestershire,Gloucestershire,Lechlade,NA,291730
7347,1678,1679,Aldersgate Street,London,Middlesex,NA,NA,NA
7423,1671,1678,London,London,Middlesex,NA,NA,NA
7516,1676,1679,Deptford,Kent,Kent,Deptford,NA,12973
7556,1675,1679,NA,Middlesex,Middlesex,NA,NA,NA
7631,1675,1679,Durham,County Durham,County Durham,Durham,NA,13975
8157,1678,1679,Lache,Cheshire,Cheshire,Lache,NA,25207
8907,1676,1679,Hoddesdon,Hertfordshire,Hertfordshire,Hoddesdon,NA,22185
8917,1673,1679,Offord Darcy,Huntingdonshire,Huntingdonshire,NA,NA,NA
9790,1676,1679,Whitechurch,Cheshire,Cheshire,NA,NA,NA
9799,1676,1679,London,London,Middlesex,NA,NA,NA
10477,1675,1679,London,London,Middlesex,NA,NA,NA
10880,1677,1678,Denbigh,Denbighshire,Denbighshire,Denbigh,NA,12882
10904,1677,1678,London,London,Middlesex,NA,NA,NA
11173,1674,1679,Paulerspury,Northamptonshire,Northamptonshire,Paulerspury,NA,34867
11998,1674,1679,Wing,Buckinghamshire,Buckinghamshire,Wing,NA,50114
12043,1675,1678,Bothen,Cumberland,Cumberland,NA,NA,NA
12227,1675,1678,St Paul Covent Garden,Middlesex,Middlesex,St Paul Covent Garden,ID_30031,NA
12306,1677,1678,Broxbourne,Hertfordshire,Hertfordshire,Broxbourne,NA,6391
12474,1678,1679,Little Horsley,Essex,Essex,NA,NA,NA
12816,1674,1679,Huntingdon,Huntingdonshire,Huntingdonshire,Huntingdon,NA,23215
12819,1677,1678,Wolverhampton,Staffordshire,Staffordshire,Wolverhampton,NA,50404
12986,1676,1679,London,London,Middlesex,NA,NA,NA
13575,1674,1678,Honeycross,Carmarthenshire,Carmarthenshire,NA,NA,NA
13947,1673,1679,Lasingham,Lincolnshire,Lincolnshire,NA,NA,NA
14077,1677,1679,London,London,Middlesex,NA,NA,NA
14095,1676,1678,Coventry,Worcestershire,Worcestershire,NA,NA,NA
390,1678,1680,London,London,Middlesex,NA,NA,NA
1100,1675,1679,Stepney,Middlesex,Middlesex,St Dunstan Stepney,ID_30169,NA
1205,1679,1680,Southwark,Surrey,Surrey,NA,NA,NA
1260,1678,1679,Ansupen,Oxfordshire,Oxfordshire,NA,NA,NA
1279,1679,1680,Iver,Buckinghamshire,Buckinghamshire,Iver,NA,23776
1360,1677,1679,Castle Ashby,Northamptonshire,Northamptonshire,Castle Ashby,NA,8196
1431,1677,1680,Lechlade,Gloucestershire,Gloucestershire,Lechlade,NA,291730
1911,1679,1679,London,London,Middlesex,NA,NA,NA
2218,1677,1680,Wapping,Middlesex,Middlesex,St John Wapping,ID_30182,NA
3278,1677,1680,London,London,Middlesex,NA,NA,NA
3351,1673,1680,Rumsey,Hampshire,Hampshire,NA,NA,NA
4031,1678,1680,Whitechapel,Middlesex,Middlesex,St Mary Whitechapel,ID_127867,NA
4264,1675,1679,London,London,Middlesex,NA,NA,NA
4717,1676,1680,London,London,Middlesex,NA,NA,NA
5699,1675,1680,London,London,Middlesex,NA,NA,NA
5705,1677,1679,Deptford,Kent,Kent,Deptford,NA,12973
5748,1676,1679,Burghclere,Hampshire,Hampshire,Burghclere,NA,6893
6912,1676,1680,London,London,Middlesex,NA,NA,NA
7012,1678,1680,London,London,Middlesex,NA,NA,NA
7141,1678,1680,St Saviour Southwark,Surrey,Surrey,St Saviour Southwark,ID_30001,NA
7605,1676,1680,Limpsfield,Surrey,Surrey,Limpsfield,NA,26290
7667,1675,1679,Belchamps St Pauls,Essex,Essex,NA,NA,NA
8008,1677,1680,Frampton on Severn,Gloucestershire,Gloucestershire,Frampton on Severn,NA,16885
8117,1673,1677,Leighton Buzzard,Bedfordshire,Bedfordshire,Leighton Buzzard,NA,26002
8359,1678,1680,Southwark,Surrey,Surrey,NA,NA,NA
8419,1678,1679,"Sudbrook, Petersham",Surrey,Surrey,NA,NA,NA
8609,1678,1680,London,London,Middlesex,NA,NA,NA
8780,1678,1680,London,London,Middlesex,NA,NA,NA
8911,1676,1680,Keblewick,Wiltshire,Wiltshire,NA,NA,NA
8988,1677,1680,Wing,Buckinghamshire,Buckinghamshire,Wing,NA,50114
9088,1674,1679,Stevenage,Hertfordshire,Hertfordshire,Stevenage,NA,42354
9423,1677,1679,Bradkirk,Lancashire,Lancashire,NA,NA,NA
9490,1678,1680,London,London,Middlesex,NA,NA,NA
9600,1679,1680,London,London,Middlesex,NA,NA,NA
9619,1676,1680,Greenwich,Kent,Kent,Greenwich,NA,19085
9689,1677,1680,Cawood,Yorkshire,Yorkshire,Cawood,NA,8433
10373,1676,1680,Berden,Essex,Essex,Berden,NA,3345
10419,1674,1680,Stepney,Middlesex,Middlesex,St Dunstan Stepney,ID_30169,NA
10702,1677,1679,Hackney,Middlesex,Middlesex,Hackney,NA,19524
12858,1673,1679,London,London,Middlesex,NA,NA,NA
13147,1676,1679,Mungill,Devon,Devon,NA,NA,NA
13755,1675,1680,Cirencester,Gloucestershire,Gloucestershire,Cirencester,NA,9528
14029,1676,1679,Dartford,Kent,Kent,Dartford,NA,12673
1044,1675,1681,Ashton Keynes,Wiltshire,Wiltshire,Ashton Keynes,NA,1447
2017,1674,1680,"East Cowes, Whippingham",Isle of Wight,Hampshire,NA,NA,NA
3266,1675,1680,Fillongley,Warwickshire,Warwickshire,Fillongley,NA,16238
4116,1679,1680,Stannerlow,Lancashire,Lancashire,NA,NA,NA
6234,1675,1681,Eakring,Nottinghamshire,Nottinghamshire,Eakring,NA,14080
6327,1678,1680,Aston Abbotts,Buckinghamshire,Buckinghamshire,Aston Abbotts,NA,1549
6565,1677,1680,Stepney,Middlesex,Middlesex,St Dunstan Stepney,ID_30169,NA
7597,1678,1681,London,London,Middlesex,NA,NA,NA
7880,1675,1680,Churchbury,Shropshire,Shropshire,NA,NA,NA
10139,1675,1680,St George,Surrey,Surrey,NA,NA,NA
10224,1676,1680,Barnstaple,Devon,Devon,Barnstaple,NA,2516
10417,1676,1681,Plymouth,Devon,Devon,Plymouth,NA,36158
10498,1679,1680,London,London,Middlesex,NA,NA,NA
12105,1679,1680,Westminster,Middlesex,Middlesex,NA,NA,NA
12515,1677,1680,West Willoughby,Lincolnshire,Lincolnshire,West Willoughby,NA,48855
502,1678,1681,Blaxethill,Huntingdonshire,Huntingdonshire,NA,NA,NA
621,1678,1681,Pebworth,Gloucestershire,Gloucestershire,Pebworth,NA,34930
2076,1680,1681,St Andrew Holborn,Middlesex,Middlesex,St Andrew Holborn,ID_127848,NA
2097,1679,1680,Sapswood,Hertfordshire,Hertfordshire,NA,NA,NA
2341,1674,1680,Linthorpe,Yorkshire,Yorkshire,Linthorpe,NA,26380
2864,1679,1680,Froomzelwood,Somerset,Somerset,NA,NA,NA
3013,1678,1680,Bredwardine,Herefordshire,Herefordshire,Bredwardine,NA,5493
3317,1679,1681,London,London,Middlesex,NA,NA,NA
3626,1676,1681,London,London,Middlesex,NA,NA,NA
3649,1674,1680,Reading,Berkshire,Berkshire,Reading,NA,37532
3890,1676,1681,Baggeron,Cumberland,Cumberland,NA,NA,NA
3996,1675,1681,London,London,Middlesex,NA,NA,NA
4298,1674,1681,Ellesmere,Shropshire,Shropshire,Ellesmere,NA,15034
4329,1674,1680,London,London,Middlesex,NA,NA,NA
4604,1679,1681,Southwark,Surrey,Surrey,NA,NA,NA
4752,1676,1680,Lalam,Middlesex,Middlesex,NA,NA,NA
5150,1679,1681,London,London,Middlesex,NA,NA,NA
5158,1675,1680,Wing,Buckinghamshire,Buckinghamshire,Wing,NA,50114
5410,1677,1680,Cirencester,Gloucestershire,Gloucestershire,Cirencester,NA,9528
5598,1677,1680,Asserby,Leicestershire,Leicestershire,NA,NA,NA
5653,1677,1681,London,London,Middlesex,NA,NA,NA
5713,1677,1681,Welford,Northamptonshire,Northamptonshire,Welford,NA,48229
5878,1678,1681,Saffron Walden,Essex,Essex,Saffron Walden,NA,39008
6059,1678,1680,London,London,Middlesex,NA,NA,NA
6679,1678,1681,Chaldon,Surrey,Surrey,Chaldon,NA,8607
6705,1675,1680,Appleton,Yorkshire,Yorkshire,NA,NA,NA
6789,1680,1681,Maidstone,Kent,Kent,Maidstone,NA,29156
6842,1675,1680,Stainton,Yorkshire,Yorkshire,NA,NA,NA
6880,1681,1681,Stepney,Middlesex,Middlesex,St Dunstan Stepney,ID_30169,NA
7529,1675,1680,Stepney,Middlesex,Middlesex,St Dunstan Stepney,ID_30169,NA
7764,1677,1680,Ratcliff,Middlesex,Middlesex,Ratcliffe,ID_30177,NA
7836,1677,1681,Bedworth,Warwickshire,Warwickshire,Bedworth,NA,3041
7858,1680,1681,Clapton,Middlesex,Middlesex,NA,NA,NA
8034,1680,1681,Gloucester,Gloucestershire,Gloucestershire,Gloucester,NA,17982
8485,1679,1680,Saxmundham,Suffolk,Suffolk,Saxmundham,NA,39403
8536,1676,1681,Newbury,Berkshire,Berkshire,Newbury,NA,32415
8603,1676,1680,Dover,Kent,Kent,Dover,NA,13407
8990,1677,1681,Chreechurch als Christ Church,London,Middlesex,NA,NA,NA
9029,1675,1681,Hayes,Middlesex,Middlesex,Hayes,NA,20713
9081,1680,1681,"Holbech, Cold Newton",Leicestershire,Leicestershire,NA,NA,NA
9485,1679,1681,London,London,Middlesex,NA,NA,NA
9577,1677,1681,Alvery,Hertfordshire,Hertfordshire,NA,NA,NA
9820,1675,1680,Bray,Berkshire,Berkshire,Bray,NA,5428
9956,1675,1680,Laneham,Nottinghamshire,Nottinghamshire,Laneham,NA,25438
9957,1678,1681,Bray,Berkshire,Berkshire,Bray,NA,5428
10192,1676,1681,London,London,Middlesex,NA,NA,NA
10231,1677,1681,Dorchester,Dorset,Dorset,Dorchester,NA,13340
10348,1675,1680,Walworth,County Durham,County Durham,Walworth,NA,47701
10934,1678,1680,Staines,Middlesex,Middlesex,Staines,NA,41965
10945,1679,1681,Newington,Surrey,Surrey,Newington,NA,32498
10997,1675,1680,Cokefield,Sussex,Sussex,NA,NA,NA
11385,1680,1681,St Mary Whitechapel,Middlesex,Middlesex,St Mary Whitechapel,ID_127867,NA
11714,1676,1680,Ratcliff,Middlesex,Middlesex,Ratcliffe,ID_30177,NA
11877,1677,1681,Westoncuny,Staffordshire,Staffordshire,NA,NA,NA
11927,1674,1680,Quorndon,Leicestershire,Leicestershire,Quorndon,NA,37217
12124,1680,1681,St Albans,Hertfordshire,Hertfordshire,St Albans,NA,41656
13090,1677,1681,Stockton,Worcestershire,Worcestershire,NA,NA,NA
13739,1674,1680,London,London,Middlesex,NA,NA,NA
13867,1674,1680,St Leonard Bromley,Middlesex,Middlesex,Bromley St Leonard,ID_30174,NA
14142,1680,1681,St Andrew Holborn,Middlesex,Middlesex,St Andrew Holborn,ID_127848,NA
14257,1678,1681,Chichester,Sussex,Sussex,Chichester,NA,9094
398,1675,1681,Bray,Northamptonshire,Northamptonshire,NA,NA,NA
747,1678,1680,Elmington,Warwickshire,Warwickshire,NA,NA,NA
900,1676,1681,Radwinter,Essex,Essex,Radwinter,NA,37291
904,1678,1681,"Little Tower Hill, Aldgate",Middlesex,Middlesex,The Tower,ID_127864,NA
1196,1677,1680,Cripplegate,London,Middlesex,St Giles Cripplegate,ID_30100,NA
1811,1676,1681,Ludlow,Shropshire,Shropshire,Ludlow,NA,28779
1990,1676,1680,Dover,Kent,Kent,Dover,NA,13407
2099,1677,1681,Enfield,Middlesex,Middlesex,Enfield,NA,15358
2236,1679,1680,London,London,Middlesex,NA,NA,NA
2299,1675,1680,London,London,Middlesex,NA,NA,NA
2660,1674,1680,Stevenage,Hertfordshire,Hertfordshire,Stevenage,NA,42354
2707,1678,1680,Henley Upon Thames,Oxfordshire,Oxfordshire,Henley on Thames,NA,21225
3221,1679,1681,London,London,Middlesex,NA,NA,NA
3856,1677,1681,Stepney,Middlesex,Middlesex,St Dunstan Stepney,ID_30169,NA
3857,1679,1681,Coventry,Warwickshire,Warwickshire,Coventry,NA,11138
4325,1674,1680,Dinton,Buckinghamshire,Buckinghamshire,Dinton,NA,13131
4556,1679,1681,London,London,Middlesex,NA,NA,NA
4849,1678,1680,Amersham,Buckinghamshire,Buckinghamshire,Amersham,NA,855
5334,1677,1680,London,London,Middlesex,NA,NA,NA
5379,1677,1681,St Andrew Holborn,London,Middlesex,St Andrew Holborn,ID_127848,NA
5499,1678,1681,Coventry,Warwickshire,Warwickshire,Coventry,NA,11138
5503,1679,1681,Wellwing,Hertfordshire,Hertfordshire,NA,NA,NA
5508,1677,1681,Clapham,Surrey,Surrey,Clapham,NA,9592
5603,1679,1681,Radnor,Radnorshire,Radnorshire,Radnor,NA,NA
6062,1679,1681,West Coker,Somerset,Somerset,West Coker,NA,48497
6555,1680,1680,Ipswich,Suffolk,Suffolk,Ipswich,NA,23691
7632,1677,1681,NA,Bedfordshire,Bedfordshire,NA,NA,NA
8108,1680,1681,Ottcombe,Dorset,Dorset,NA,NA,NA
8343,1676,1681,Denbigh,Denbighshire,Denbighshire,Denbigh,NA,12882
8410,1678,1680,"Sudbrook, Petersham",Surrey,Surrey,NA,NA,NA
8754,1676,1680,Newland,Gloucestershire,Gloucestershire,Newland,NA,32508
9209,NA,1680,Tongum,Surrey,Surrey,NA,NA,NA
9620,1674,1681,St Andrew Holborn,Middlesex,Middlesex,St Andrew Holborn,ID_127848,NA
10212,1677,1680,Forden,Montgomeryshire,Montgomeryshire,Forden,NA,16154
10579,1680,1681,Fallecum,Caernarvonshire,Caernarvonshire,NA,NA,NA
10771,1677,1681,Newbury,Berkshire,Berkshire,Newbury,NA,32415
11180,1675,1680,Tenterden,Kent,Kent,Tenterden,NA,44027
11211,1676,1680,Daventry,Northamptonshire,Northamptonshire,Daventry,NA,12699
11419,1679,1680,St Martin in the Fields,Middlesex,Middlesex,St Martin in the Fields,ID_30034,NA
11875,1677,1680,Stebbing,Essex,Essex,Stebbing,NA,42285
11961,1678,1680,Brentford,Middlesex,Middlesex,Brentford,NA,5526
12020,1676,1680,St Martin in the Fields,Middlesex,Middlesex,St Martin in the Fields,ID_30034,NA
12155,1675,1680,Sutton,Hampshire,Hampshire,NA,NA,NA
12202,1677,1680,Horsham,Sussex,Sussex,Horsham,NA,22839
12546,1680,1681,Westminster,Middlesex,Middlesex,NA,NA,NA
13115,1676,1680,London,London,Middlesex,NA,NA,NA
13319,1677,1681,London,London,Middlesex,NA,NA,NA
13686,1680,1681,Wormingham,Cheshire,Cheshire,NA,NA,NA
14147,1675,1680,Newington,Middlesex,Middlesex,Newington,ID_30005,NA
452,1680,1684,Atherbury,Oxfordshire,Oxfordshire,NA,NA,NA
1312,1677,1681,Ratcliff,Middlesex,Middlesex,Ratcliffe,ID_30177,NA
1420,1675,1681,Great Sampford,Essex,Essex,Great Sampford,NA,18714
1533,1678,1681,Orton,Westmorland,Westmorland,Orton,NA,34104
1557,1674,1681,Bradley Green,Cheshire,Cheshire,NA,NA,NA
1608,1680,1681,"Eastchurch, Isle of Sheppy",Kent,Kent,NA,NA,NA
2148,1677,1681,London,London,Middlesex,NA,NA,NA
2263,1679,1681,Uxbridge,Middlesex,Middlesex,Uxbridge,NA,47245
2363,1677,1681,Maidstone,Kent,Kent,Maidstone,NA,29156
2438,1676,1681,Canterbury,Kent,Kent,Canterbury,NA,7771
2821,1678,1681,London,London,Middlesex,NA,NA,NA
3158,1676,1681,Bromsgrove,Worcestershire,Worcestershire,Bromsgrove,NA,6092
3595,1679,1681,Moreton,Northamptonshire,Northamptonshire,NA,NA,NA
3726,1675,1681,Barking,Essex,Essex,Barking,NA,2398
3875,1678,1681,London,London,Middlesex,NA,NA,NA
4485,1676,1681,Richmond,Yorkshire,Yorkshire,Richmond,NA,NA
4528,1679,1681,Beach,Cheshire,Cheshire,NA,NA,NA
5053,1677,1681,London,London,Middlesex,NA,NA,NA
5279,NA,1681,Limehouse,Middlesex,Middlesex,St Anne Limehouse,ID_30176,NA
5318,1678,1681,Fulmodeston,Norfolk,Norfolk,Fulmodeston,NA,17135
5326,1683,1689,West Hanney,Berkshire,Berkshire,West Hanney,NA,48617
5917,1677,1681,Braintree,Essex,Essex,Braintree,NA,5267
5987,1675,1681,Henley,Oxfordshire,Oxfordshire,Henley on Thames,NA,21225
6065,1683,1686,Deal,Kent,Kent,Deal,NA,12748
6291,1678,1681,St Andrew Holborn,Middlesex,Middlesex,St Andrew Holborn,ID_127848,NA
6750,1677,1681,London,London,Middlesex,NA,NA,NA
6941,1676,1681,Bryngwyn,Monmouthshire,Monmouthshire,Bryngwyn,NA,6547
7168,1675,1681,Allhallows Bread Street,London,Middlesex,All Hallows Bread Street,ID_30089,NA
7240,1679,1681,London,London,Middlesex,NA,NA,NA
7659,1678,1681,Coggeshall,Essex,Essex,Coggeshall,NA,10228
8292,1678,1681,Rousham,Oxfordshire,Oxfordshire,Rousham,NA,38651
8561,1679,1681,Atherley,Shropshire,Shropshire,NA,NA,NA
8941,1677,1681,Messingham,Essex,Essex,NA,NA,NA
9144,1683,NA,London,London,Middlesex,NA,NA,NA
9358,1675,1681,Highgate,Middlesex,Middlesex,Highgate,NA,21782
9413,1675,1681,Atherston,Warwickshire,Warwickshire,NA,NA,NA
9475,1677,1681,Oakely,Hampshire,Hampshire,NA,NA,NA
9826,1674,1681,Lambeth,Surrey,Surrey,St Mary Lambeth,ID_127857,NA
9904,1675,1681,Yarmouth,Norfolk,Norfolk,Great Yarmouth,NA,18774
9991,1679,1681,London,London,Middlesex,NA,NA,NA
10072,1675,1681,London,London,Middlesex,NA,NA,NA
10140,1675,1681,Evesham,Worcestershire,Worcestershire,Evesham,NA,15549
10425,1677,1681,London,London,Middlesex,NA,NA,NA
10452,1680,1681,Calne,Wiltshire,Wiltshire,Calne,NA,7593
10632,1677,1681,London,London,Middlesex,NA,NA,NA
10713,1674,1681,Willersey,Gloucestershire,Gloucestershire,Willersey,NA,49902
10814,1682,NA,London,London,Middlesex,NA,NA,NA
10939,1678,1681,Bamburgh,Northumberland,Northumberland,Bamburgh,NA,2209
10981,1682,NA,Slough,Buckinghamshire,Buckinghamshire,Slough,NA,40767
11091,1678,1681,Slapton,Buckinghamshire,Buckinghamshire,Slapton,NA,40711
11781,1674,1681,Shoreditch,Middlesex,Middlesex,St Leonard Shoreditch,ID_30170,NA
11928,1677,1681,Holloway,Middlesex,Middlesex,Holloway,NA,22368
12033,1683,1687,Deddington,Oxfordshire,Oxfordshire,Deddington,NA,12809
12147,1676,1681,Holdenby,Northamptonshire,Northamptonshire,Holdenby,NA,22265
12294,NA,1681,Shalton,Dorset,Dorset,NA,NA,NA
12319,1676,1681,Camden,Gloucestershire,Gloucestershire,NA,NA,NA
12841,1680,1681,Newland,Gloucestershire,Gloucestershire,Newland,NA,32508
12907,1678,1681,Abenhall,Gloucestershire,Gloucestershire,Abenhall,NA,287755
13040,1680,1681,London,London,Middlesex,NA,NA,NA
13304,1678,1681,London,London,Middlesex,NA,NA,NA
13375,1679,1681,NA,Norfolk,Norfolk,NA,NA,NA
13487,1677,1681,London,London,Middlesex,NA,NA,NA
13997,1678,1681,London,London,Middlesex,NA,NA,NA
14249,1677,1681,Cirencester,Gloucestershire,Gloucestershire,Cirencester,NA,9528
205,1678,1682,Beverley,Yorkshire,Yorkshire,Beverley,NA,3497
493,1678,1682,Sherborne,Dorset,Dorset,Sherborne,NA,40076
506,1679,1682,Wateringbury,Kent,Kent,Wateringbury,NA,47993
1003,1677,1682,London,London,Middlesex,NA,NA,NA
1020,1676,1682,London,London,Middlesex,NA,NA,NA
1245,1681,1682,London,London,Middlesex,NA,NA,NA
1361,1680,1682,Wickson,Leicestershire,Leicestershire,NA,NA,NA
1595,1674,1682,London,London,Middlesex,NA,NA,NA
1786,1675,1682,Westminster,Middlesex,Middlesex,NA,NA,NA
2140,1681,1682,Little Brook,Lancashire,Lancashire,NA,NA,NA
2217,1676,1682,Badby,Northamptonshire,Northamptonshire,Badby,NA,1870
2342,1679,1682,Otcum,Somerset,Somerset,NA,NA,NA
2520,1678,1682,Dansey,Wiltshire,Wiltshire,NA,NA,NA
3437,1680,1682,Stoneham,Suffolk,Suffolk,NA,NA,NA
3506,1674,1680,London,London,Middlesex,NA,NA,NA
3661,1680,1682,Ratcliff,Middlesex,Middlesex,Ratcliffe,ID_30177,NA
3771,1674,1682,St Margaret Westminster,Middlesex,Middlesex,St Margaret Westminster,ID_127869,NA
3773,1680,1681,St Giles Cripplegate,London,Middlesex,St Giles Cripplegate,ID_30100,NA
3790,1676,1682,Chester,Cheshire,Cheshire,Chester,NA,9035
4261,1679,1682,St Andrew Holborn,Middlesex,Middlesex,St Andrew Holborn,ID_127848,NA
4585,1679,1682,Dainton,Northamptonshire,Northamptonshire,NA,NA,NA
4864,1681,1682,London,London,Middlesex,NA,NA,NA
4918,1678,1682,Barnet,Hertfordshire,Hertfordshire,Barnet,NA,2473
4931,1675,1681,Monternt,Somerset,Somerset,NA,NA,NA
5189,1676,1682,South Mimms,Hertfordshire,Hertfordshire,NA,NA,NA
5197,1680,1682,Colebrook,Middlesex,Middlesex,NA,NA,NA
5254,1675,1682,Furness,Lancashire,Lancashire,NA,NA,NA
5390,1679,1682,London,London,Middlesex,NA,NA,NA
5785,1681,1682,Kinsham,Herefordshire,Herefordshire,Kinsham,NA,60254
6110,1681,1682,Henham,Essex,Essex,Henham,NA,21207
6134,1680,1681,St Saviour Southwark,Surrey,Surrey,St Saviour Southwark,ID_30001,NA
6379,1678,1682,London,London,Middlesex,NA,NA,NA
6470,1676,1681,Frimley,Surrey,Surrey,Frimley,NA,16992
6605,1680,1682,Minories,London,Middlesex,NA,NA,NA
6614,1678,1682,St Giles in the Fields,Middlesex,Middlesex,St Giles in the Fields,ID_30018,NA
6666,1676,1682,London,London,Middlesex,NA,NA,NA
6853,1682,1682,St Olave Southwark,Surrey,Surrey,St Olave Southwark,ID_30002,NA
6854,1678,1682,Berwick upon Tweed,Northumberland,Northumberland,Berwick upon Tweed,NA,3424
7107,1679,1681,Taplow,Buckinghamshire,Buckinghamshire,Taplow,NA,43852
7197,1680,1682,St Clement Danes,Middlesex,Middlesex,St Clement Danes,ID_30015,NA
7434,1677,1681,Woodford,Warwickshire,Warwickshire,NA,NA,NA
7585,1677,1682,Egham,Surrey,Surrey,Egham,NA,14901
8103,1680,1682,Bristol,Gloucestershire,Gloucestershire,Bristol,NA,288655
8159,1680,1682,NA,Derbyshire,Derbyshire,NA,NA,NA
8568,1676,1681,St Thomas Southwark,Surrey,Surrey,St Thomas,ID_30007,NA
8838,1678,1681,St Botolph Aldersgate,Middlesex,Middlesex,St Botolph Aldersgate,ID_30061,NA
8867,1677,1682,Putney,Surrey,Surrey,Putney,NA,37033
9127,1679,1682,Hardham,Sussex,Sussex,Hardham,NA,20117
9157,1679,1682,Harrington,Lincolnshire,Lincolnshire,Harrington,NA,20297
9817,1675,1682,Oundle,Northamptonshire,Northamptonshire,Oundle,NA,34212
9999,1679,1682,London,London,Middlesex,NA,NA,NA
10007,1680,1682,London,London,Middlesex,NA,NA,NA
10731,1680,1682,NA,Surrey,Surrey,NA,NA,NA
11089,1677,1681,Martock,Somerset,Somerset,Martock,NA,29639
11143,1681,1682,Ratcliff,Middlesex,Middlesex,Ratcliffe,ID_30177,NA
11469,1681,NA,Hempstead,Hertfordshire,Hertfordshire,Hemel Hempstead,NA,21108
11793,1681,1682,St Saviour Southwark,Surrey,Surrey,St Saviour Southwark,ID_30001,NA
12375,1675,1682,Arefield,Yorkshire,Yorkshire,NA,NA,NA
12656,1679,1682,London,London,Middlesex,NA,NA,NA
12718,1679,1682,St Olave Southwark,Surrey,Surrey,St Olave Southwark,ID_30002,NA
12987,1679,1681,London,London,Middlesex,NA,NA,NA
12990,1675,1682,Chertsey,Surrey,Surrey,Chertsey,NA,9021
13578,1675,1682,Barnes,Surrey,Surrey,Barnes,NA,2467
13996,1678,1681,Newcaste,Staffordshire,Staffordshire,NA,NA,NA
70,1682,1684,London,London,Middlesex,NA,NA,NA
117,1681,1685,King Barton,Herefordshire,Herefordshire,NA,NA,NA
145,1679,1684,Hanley Castle,Worcestershire,Worcestershire,Hanley Castle,NA,20042
263,1678,1682,St Giles in the Fields,Middlesex,Middlesex,St Giles in the Fields,ID_30018,NA
481,1682,1684,London,London,Middlesex,NA,NA,NA
485,1681,1685,Blackburn,Lancashire,Lancashire,Blackburn,NA,3996
507,1684,1685,Lambeth,Surrey,Surrey,St Mary Lambeth,ID_127857,NA
571,1681,1684,Warwick,Warwickshire,Warwickshire,Warwick,NA,47885
602,1680,1684,West Drayton,Middlesex,Middlesex,West Drayton,NA,48522
710,1680,1685,London,London,Middlesex,NA,NA,NA
735,1682,1684,Datchet,Buckinghamshire,Buckinghamshire,Datchet,NA,12685
796,1676,1682,Chipping Norton,Oxfordshire,Oxfordshire,Chipping Norton,NA,9210
1019,1683,1685,London,London,Middlesex,NA,NA,NA
1083,1677,1684,Crewkerne,Somerset,Somerset,Crewkerne,NA,11542
1158,1679,1684,London,London,Middlesex,NA,NA,NA
1264,1681,1685,Clarelyhome,Shropshire,Shropshire,NA,NA,NA
1331,1679,1684,St Giles Cripplegate,London,Middlesex,St Giles Cripplegate,ID_30100,NA
1379,1677,1684,Oxford,Oxfordshire,Oxfordshire,Oxford,NA,34379
1389,1679,1685,Twyford,Buckinghamshire,Buckinghamshire,Twyford,NA,46480
1792,1679,1683,Madeley,Staffordshire,Staffordshire,Madeley,NA,29042
1865,1678,1682,Lilbourne,Northamptonshire,Northamptonshire,Lilbourne,NA,26243
1950,1676,1681,Amesbury,Huntingdonshire,Huntingdonshire,NA,NA,NA
1963,1683,1684,Longhope,Gloucestershire,Gloucestershire,Longhope,NA,28040
1988,1679,1682,St James Clerkenwell,Middlesex,Middlesex,St James Clerkenwell,ID_127865,NA
2061,1679,1684,Bebington,Cheshire,Cheshire,Bebington,NA,2950
2133,1684,1684,St Botolph Aldgate,London,Middlesex,St Botolph Aldgate,ID_30153,NA
2180,1681,1684,Loughton,Essex,Essex,Loughton,NA,28164
2196,1682,1684,Royston,Hertfordshire,Hertfordshire,Royston,NA,38756
2198,1682,1684,St George Southwark,Surrey,Surrey,St George Southwark,ID_30012,NA
2224,1680,1682,St Olave Hart Street,London,Middlesex,St Olave Hart Street,ID_30160,NA
2239,1679,1682,Lynn,Norfolk,Norfolk,King's Lynn,NA,24492
2326,1676,1681,Breedon,Leicestershire,Leicestershire,NA,NA,NA
2328,1676,1681,Stepney,Middlesex,Middlesex,St Dunstan Stepney,ID_30169,NA
2357,1678,1683,London,London,Middlesex,NA,NA,NA
2398,1681,1684,Hitchin,Hertfordshire,Hertfordshire,Hitchin,NA,22136
2431,1680,1684,London,London,Middlesex,NA,NA,NA
2448,1679,1682,Leicester,Leicestershire,Leicestershire,Leicester,NA,25957
2457,1679,1684,London,London,Middlesex,NA,NA,NA
2507,1676,1681,Deptford,Kent,Kent,Deptford,NA,12973
2509,1677,1681,Wareham,Dorset,Dorset,Wareham,NA,47785
2572,1683,1684,NA,Surrey,Surrey,NA,NA,NA
2574,1682,1684,London,London,Middlesex,NA,NA,NA
2580,1677,1682,London,London,Middlesex,NA,NA,NA
2634,1678,1682,London,London,Middlesex,NA,NA,NA
2650,1680,1684,London,London,Middlesex,NA,NA,NA
2771,1680,1684,St Sepulchre,London,Middlesex,St Sepulchre,ID_30058,NA
2790,1678,1684,London,London,Middlesex,NA,NA,NA
2794,1680,1684,Chadstone,Derbyshire,Derbyshire,NA,NA,NA
2809,1682,1684,Newark on Trent,Nottinghamshire,Nottinghamshire,Newark on Trent,NA,32336
2889,1681,1684,St Paul Shadwell,Middlesex,Middlesex,St Paul Shadwell,ID_30184,NA
2895,1680,1684,St Andrew Holborn,Middlesex,Middlesex,St Andrew Holborn,ID_127848,NA
2997,1679,1681,London,London,Middlesex,NA,NA,NA
2999,1681,1682,Boxley,Kent,Kent,Boxley,NA,5051
3043,1682,1685,St Botolph Aldgate,London,Middlesex,St Botolph Aldgate,ID_30153,NA
3151,1683,1684,London,London,Middlesex,NA,NA,NA
3174,1681,1684,Withybrooke,Warwickshire,Warwickshire,NA,NA,NA
3205,1680,1685,St Olave's Southwark,Surrey,Surrey,St Olave Southwark,ID_30002,NA
3212,1678,1682,Oxford,Oxfordshire,Oxfordshire,Oxford,NA,34379
3265,1680,1684,Maidstone,Kent,Kent,Maidstone,NA,29156
3377,1678,1684,St Margaret Westminster,Middlesex,Middlesex,St Margaret Westminster,ID_127869,NA
3459,1680,1684,London,London,Middlesex,NA,NA,NA
3496,1681,1682,London,London,Middlesex,NA,NA,NA
3620,1679,1684,London,London,Middlesex,NA,NA,NA
3640,1680,1684,Nantwich,Cheshire,Cheshire,Nantwich,NA,31740
3737,1682,1685,Oldworke,Yorkshire,Yorkshire,NA,NA,NA
3853,1681,1684,London,London,Middlesex,NA,NA,NA
3909,1682,1684,Westminster,Middlesex,Middlesex,NA,NA,NA
4042,1681,1684,Whitchurch,Shropshire,Shropshire,Whitchurch,NA,49391
4060,1681,1684,Bath,Somerset,Somerset,Bath,NA,2744
4077,1683,1685,St Mary Whitechapel,Middlesex,Middlesex,St Mary Whitechapel,ID_127867,NA
4087,1680,1682,London,London,Middlesex,NA,NA,NA
4171,1679,1684,Coldmorham,Buckinghamshire,Buckinghamshire,NA,NA,NA
4194,1682,1684,Whilton,Northamptonshire,Northamptonshire,Whilton,NA,49333
4225,1681,1684,Cambridge,Cambridgeshire,Cambridgeshire,Cambridge,NA,7642
4518,1679,1682,Probey,Lancashire,Lancashire,NA,NA,NA
4535,1683,1684,Reading,Berkshire,Berkshire,Reading,NA,37532
4540,1682,1684,Maidstone,Kent,Kent,Maidstone,NA,29156
4629,1679,1684,Witton,County Durham,County Durham,NA,NA,NA
4769,1679,1684,Dagenham,Essex,Essex,Dagenham,NA,12434
4841,1679,1684,London,London,Middlesex,NA,NA,NA
4845,1680,1682,St Peter le Poor,London,Middlesex,St Peter le Poor,ID_30148,NA
4873,1681,1685,Enfield,Middlesex,Middlesex,Enfield,NA,15358
4905,1682,1684,Bath,Somerset,Somerset,Bath,NA,2744
4936,1678,1683,Branston,Leicestershire,Leicestershire,Branston,NA,5386
4986,1678,1681,Stansted Montfichet,Essex,Essex,NA,NA,NA
4998,1682,1685,Abbotsley,Huntingdonshire,Huntingdonshire,Abbotsley,NA,49
5107,1683,1684,Southwark,Surrey,Surrey,NA,NA,NA
5145,1681,1684,London,London,Middlesex,NA,NA,NA
5255,1683,1684,Newcastle upon Tyne,Northumberland,Northumberland,Newcastle upon Tyne,NA,32435
5273,1679,1684,Beaconsfield,Buckinghamshire,Buckinghamshire,Beaconsfield,NA,2873
5317,1677,1681,Hortend,Leicestershire,Leicestershire,NA,NA,NA
5322,1681,1684,Ruthin,Denbighshire,Denbighshire,Ruthin,NA,37911
5377,1680,1685,Titsey,Surrey,Surrey,Titsey,NA,45039
5477,1683,1685,Wandsor,Surrey,Surrey,NA,NA,NA
5616,1681,1685,St Mary Newington,Surrey,Surrey,Newington,ID_30005,NA
5751,1681,1682,London,London,Middlesex,NA,NA,NA
5816,1676,1681,Canford Magna,Dorset,Dorset,Canford Magna,NA,7738
5873,1683,1685,London,London,Middlesex,NA,NA,NA
5897,1682,1685,Lynn,Norfolk,Norfolk,King's Lynn,NA,24492
5908,1678,1683,Little Dalby,Leicestershire,Leicestershire,Little Dalby,NA,26552
5932,NA,1681,Limehouse,Middlesex,Middlesex,St Anne Limehouse,ID_30176,NA
5952,1682,1684,Hordwell,Hampshire,Hampshire,NA,NA,NA
5988,1680,1684,Henley Upon Thames,Oxfordshire,Oxfordshire,Henley on Thames,NA,21225
6004,1681,1685,Isleworth,Middlesex,Middlesex,Isleworth,NA,23751
6006,1683,1684,London,London,Middlesex,NA,NA,NA
6011,1683,1685,St Olave Hart Street,London,Middlesex,St Olave Hart Street,ID_30160,NA
6102,1682,1684,Ogbourne St George,Wiltshire,Wiltshire,Ogbourne St George,NA,33743
6334,1678,1684,Cuddington,Buckinghamshire,Buckinghamshire,Cuddington,NA,12062
6345,1681,1684,St James Clerkenwell,Middlesex,Middlesex,St James Clerkenwell,ID_127865,NA
6475,1679,1685,NA,Kent,Kent,NA,NA,NA
6478,1683,1685,St Dunstan in the West,London,Middlesex,St Dunstan in the West,ID_127855,NA
6483,1680,1682,London,London,Middlesex,NA,NA,NA
6646,1682,1685,St Clement Danes,Middlesex,Middlesex,St Clement Danes,ID_30015,NA
6657,1678,1684,Habey,Leicestershire,Leicestershire,NA,NA,NA
6760,1682,1684,Hoddesdon,Hertfordshire,Hertfordshire,Hoddesdon,NA,22185
6774,1675,1681,Shawverd,Surrey,Surrey,NA,NA,NA
6803,1681,1684,London,London,Middlesex,NA,NA,NA
6809,1678,1685,Totnes,Devon,Devon,Totnes,NA,45329
6843,1681,1684,London,London,Middlesex,NA,NA,NA
6876,1682,1683,West Tilbury,Essex,Essex,West Tilbury,NA,48823
6983,1677,1681,Staines,Middlesex,Middlesex,Staines,NA,41965
7003,1679,1684,London,London,Middlesex,NA,NA,NA
7010,1681,1684,Wotton under Edge,Gloucestershire,Gloucestershire,Wotton under Edge,NA,51055
7070,1678,1682,London,London,Middlesex,NA,NA,NA
7142,1684,1685,Wrexham,Denbighshire,Denbighshire,Wrexham,NA,51099
7179,1679,1684,St Albans,Hertfordshire,Hertfordshire,St Albans,NA,41656
7190,1682,1684,Hope,Flintshire,Flintshire,Hope,NA,22670
7204,1678,1684,Southam,Warwickshire,Warwickshire,Southam,NA,41321
7224,1677,1682,Ross,Herefordshire,Herefordshire,NA,NA,NA
7427,1678,1684,Barking,Essex,Essex,Barking,NA,2398
7441,1684,1684,St Giles Cripplegate,Middlesex,Middlesex,St Giles Cripplegate,ID_30100,NA
7551,1682,1684,Croton,Kent,Kent,NA,NA,NA
7572,1677,1684,Reading,Berkshire,Berkshire,Reading,NA,37532
7639,1680,1684,Cadwell,Bedfordshire,Bedfordshire,Cadwell,NA,7410
7680,1678,1682,Wisbech,Cambridgeshire,Cambridgeshire,Wisbech,NA,50246
7716,1678,1681,London,London,Middlesex,NA,NA,NA
7718,1681,1684,Exeter,Devon,Devon,Exeter,NA,15586
7778,1683,1684,Brackley,Northamptonshire,Northamptonshire,Brackley,NA,5112
7818,1676,1681,Hardwick,Oxfordshire,Oxfordshire,NA,NA,NA
7882,1681,1684,London,London,Middlesex,NA,NA,NA
8116,1684,1685,Ratby,Leicestershire,Leicestershire,Ratby,NA,37428
8319,1679,1684,London,London,Middlesex,NA,NA,NA
8332,1682,1685,Putney,Surrey,Surrey,Putney,NA,37033
8397,1681,1685,Marlborough,Wiltshire,Wiltshire,Marlborough,NA,29474
8441,1683,1685,Dockingfield,Hampshire,Hampshire,NA,NA,NA
8445,1683,1684,Enfield,Hertfordshire,Hertfordshire,NA,NA,NA
8455,1680,1684,Dorchester,Dorset,Dorset,Dorchester,NA,13340
8490,1679,1684,Colebrook,Middlesex,Middlesex,NA,NA,NA
8579,1680,1685,Weston Turville,Buckinghamshire,Buckinghamshire,Weston Turville,NA,49112
8629,1678,1684,Stepney,Middlesex,Middlesex,St Dunstan Stepney,ID_30169,NA
8634,1679,1683,Hertford,Hertfordshire,Hertfordshire,Hertford,NA,21349
8651,1684,1685,St Giles Cripplegate,London,Middlesex,St Giles Cripplegate,ID_30100,NA
8661,1681,1684,St Martin in the Fields,Middlesex,Middlesex,St Martin in the Fields,ID_30034,NA
8667,1683,1685,Southwark,Surrey,Surrey,NA,NA,NA
8817,1678,1684,Abingdon,Berkshire,Berkshire,Abingdon,NA,287768
8837,1682,1684,Bampton in the Bush,Oxfordshire,Oxfordshire,NA,NA,NA
8915,1682,1684,London,London,Middlesex,NA,NA,NA
8947,1680,1685,London,London,Middlesex,NA,NA,NA
8979,1682,1685,Coventry,Warwickshire,Warwickshire,Coventry,NA,11138
9004,1682,1685,London,London,Middlesex,NA,NA,NA
9008,1681,1684,St Paul Shadwell,Middlesex,Middlesex,St Paul Shadwell,ID_30184,NA
9070,1678,1684,Stepney,Middlesex,Middlesex,St Dunstan Stepney,ID_30169,NA
9145,1680,1682,Preston,Lancashire,Lancashire,Preston,NA,36810
9334,1679,1685,New Woodstock,Oxfordshire,Oxfordshire,NA,NA,NA
9354,1681,1685,St Andrew Holborn,Middlesex,Middlesex,St Andrew Holborn,ID_127848,NA
9367,1684,1684,Gilsland,Cumberland,Cumberland,NA,NA,NA
9443,1679,1684,Ecclesfield,Yorkshire,Yorkshire,Ecclesfield,NA,14725
9752,1677,1684,Rochester,Kent,Kent,Rochester,NA,38282
9753,1677,1684,Shaftesbury,Dorset,Dorset,Shaftesbury,NA,39827
9788,1683,1685,London,London,Middlesex,NA,NA,NA
9822,1681,1685,Wallingford,Berkshire,Berkshire,Wallingford,NA,47569
9939,1682,1684,Evercreech,Somerset,Somerset,Evercreech,NA,15527
9947,1677,1682,London,London,Middlesex,NA,NA,NA
9974,1677,1682,Tewkesbury,Gloucestershire,Gloucestershire,Tewkesbury,NA,44069
10188,1681,1685,Thirsk,Yorkshire,Yorkshire,Thirsk,NA,44463
10243,1678,1682,Greenwich,Kent,Kent,Greenwich,NA,19085
10307,1680,1684,Wadenhoe,Northamptonshire,Northamptonshire,Wadenhoe,NA,47413
10308,1681,1682,Cheshunt,Hertfordshire,Hertfordshire,Cheshunt,NA,9027
10357,1679,1684,Christ Church,Surrey,Surrey,Christchurch Southwark,ID_30000,NA
10382,1679,1685,Milton,Kent,Kent,Milton,NA,30654
10449,1681,1684,East Barford,Suffolk,Suffolk,NA,NA,NA
10468,1681,1684,London,London,Middlesex,NA,NA,NA
10565,1682,1685,Tring,Hertfordshire,Hertfordshire,Tring,NA,46174
10727,1681,1684,London,London,Middlesex,NA,NA,NA
10759,1682,1684,Limehouse,Middlesex,Middlesex,St Anne Limehouse,ID_30176,NA
10784,1683,1684,Taunton Dean,Somerset,Somerset,NA,NA,NA
10797,1683,1684,St Giles in the Fields,Middlesex,Middlesex,St Giles in the Fields,ID_30018,NA
10816,1681,1684,St Sepulchre Newgate,London,Middlesex,St Sepulchre,ID_30058,NA
10973,1679,1684,Exeter,Devon,Devon,Exeter,NA,15586
11154,1677,1681,Linley,Surrey,Surrey,NA,NA,NA
11155,1681,1685,London,London,Middlesex,NA,NA,NA
11278,1678,1682,Chelmsford,Essex,Essex,Chelmsford,NA,8959
11345,1683,1684,Bethnal Green,Middlesex,Middlesex,St Matthew Bethnal Green,ID_30171,NA
11368,1682,1684,St George Southwark,Surrey,Surrey,St George Southwark,ID_30012,NA
11375,1680,1685,Stockton,Warwickshire,Warwickshire,Stockton,NA,42483
11451,1683,1684,London,London,Middlesex,NA,NA,NA
11462,1682,1684,Renhold,Bedfordshire,Bedfordshire,Renhold,NA,37704
11606,1684,1684,Chichester,Sussex,Sussex,Chichester,NA,9094
11607,1680,1684,Willoughby,Warwickshire,Warwickshire,Willoughby,NA,49953
11617,1680,1683,Yarmouth,Norfolk,Norfolk,Great Yarmouth,NA,18774
11635,1680,1684,Stepney,Middlesex,Middlesex,St Dunstan Stepney,ID_30169,NA
11820,1680,1684,Whitecross Street,Middlesex,Middlesex,NA,NA,NA
11882,1681,1684,NA,Buckinghamshire,Buckinghamshire,NA,NA,NA
11890,1681,1682,Newhall,Yorkshire,Yorkshire,NA,NA,NA
12021,1681,1684,Wotton under Edge,Gloucestershire,Gloucestershire,Wotton under Edge,NA,51055
12116,1678,1684,Whitchurch,Shropshire,Shropshire,Whitchurch,NA,49391
12179,1682,1684,Daresbury,Cheshire,Cheshire,Daresbury,NA,12627
12184,1676,1681,Newbottle,Northamptonshire,Northamptonshire,Newbottle,NA,32383
12212,1680,1684,St Mary Whitechapel,Middlesex,Middlesex,St Mary Whitechapel,ID_127867,NA
12326,1683,1684,Westleton,Suffolk,Suffolk,Westleton,NA,49042
12328,1682,1685,London,London,Middlesex,NA,NA,NA
12376,NA,1684,Hambleden,Buckinghamshire,Buckinghamshire,Hambleden,NA,19892
12414,1678,1684,Abingdon,Berkshire,Berkshire,Abingdon,NA,287768
12425,1681,1684,Stepney,Middlesex,Middlesex,St Dunstan Stepney,ID_30169,NA
12489,1682,1683,Whitechapel,Middlesex,Middlesex,St Mary Whitechapel,ID_127867,NA
12562,1678,1681,Pakenham,Suffolk,Suffolk,Pakenham,NA,34473
12630,1681,1683,Leeds,Yorkshire,Yorkshire,Leeds,NA,25924
12772,1684,1684,Reading,Berkshire,Berkshire,Reading,NA,37532
12777,1683,1684,Shenfield,Essex,Essex,Shenfield,NA,40035
12844,1684,1684,Abingdon,Berkshire,Berkshire,Abingdon,NA,287768
12901,1678,1682,Ruxton,Herefordshire,Herefordshire,Ruxton,NA,38936
12999,1681,1684,St Clement Danes,Middlesex,Middlesex,St Clement Danes,ID_30015,NA
13046,1682,1685,London,London,Middlesex,NA,NA,NA
13084,1681,1685,London,London,Middlesex,NA,NA,NA
13139,1676,1681,Stepney,Middlesex,Middlesex,St Dunstan Stepney,ID_30169,NA
13165,1676,1682,Reading,Berkshire,Berkshire,Reading,NA,37532
13320,1681,1685,St Bride,London,Middlesex,St Bride,ID_30049,NA
13362,1678,1684,Bromham,Wiltshire,Wiltshire,Bromham,NA,6059
13624,1681,1684,St Vedast Foster Lane,London,Middlesex,St Vedast Foster,ID_30082,NA
13642,1679,1684,Lee,Kent,Kent,Lee,NA,25900
13696,1683,1684,Hampton Wick,Middlesex,Middlesex,Hampton Wick,NA,19974
13736,1677,1684,St Dunstan in the West,London,Middlesex,St Dunstan in the West,ID_127855,NA
13766,1678,1681,Shadwell,Middlesex,Middlesex,St Paul Shadwell,ID_30184,NA
14015,1682,1684,Aston upon Trent,Derbyshire,Derbyshire,Aston upon Trent,NA,55492
14027,1683,1685,Burton upon Trent,Staffordshire,Staffordshire,Burton upon Trent,NA,7145
14143,1681,1685,London,London,Middlesex,NA,NA,NA
14185,1680,1684,Tednane,Gloucestershire,Gloucestershire,NA,NA,NA
14237,1677,1682,Amersham,Buckinghamshire,Buckinghamshire,Amersham,NA,855
14242,1678,1685,"Whitemare House, Sneaton",Yorkshire,Yorkshire,NA,NA,NA
940,1682,1682,St Mary Magdalen Bermondsey,Surrey,Surrey,St Mary Magdalen Bermondsey,ID_30004,NA
993,1679,1682,Stratford Langthorne,Essex,Essex,NA,NA,NA
1350,1676,1681,Warnham,Sussex,Sussex,Warnham,NA,47841
1383,1678,1682,Enstone,Oxfordshire,Oxfordshire,Enstone,NA,15393
1767,1681,1682,London,London,Middlesex,NA,NA,NA
1778,1675,1682,London,London,Middlesex,NA,NA,NA
2169,1677,1681,London,London,Middlesex,NA,NA,NA
2684,1678,1682,Church Brampton,Northamptonshire,Northamptonshire,Church Brampton,NA,9308
2833,1680,1681,St Mary Whitechapel,Middlesex,Middlesex,St Mary Whitechapel,ID_127867,NA
3594,1681,1681,London,London,Middlesex,NA,NA,NA
3910,1678,1681,St Giles in the Fields,Middlesex,Middlesex,St Giles in the Fields,ID_30018,NA
4020,1680,1681,NA,Gloucestershire,Gloucestershire,NA,NA,NA
4391,1678,1682,London,London,Middlesex,NA,NA,NA
4732,1680,1681,Kentish Town,Middlesex,Middlesex,Kentish Town,NA,24102
5032,1680,1681,Hockliffe,Bedfordshire,Bedfordshire,Hockliffe,NA,22181
5068,1680,1682,"St John, Isle of Thanet",Kent,Kent,NA,NA,NA
6099,1680,1681,London,London,Middlesex,NA,NA,NA
6514,1679,1682,St Margaret Westminster,Middlesex,Middlesex,St Margaret Westminster,ID_127869,NA
6593,1680,1682,London,London,Middlesex,NA,NA,NA
7272,1680,1681,"Dorset Garden, St Bride",London,Middlesex,St Bride,ID_30049,NA
7313,1676,1682,Hemel Hempstead,Hertfordshire,Hertfordshire,Hemel Hempstead,NA,21108
8228,1679,1681,Atherbury,Oxfordshire,Oxfordshire,NA,NA,NA
8272,1679,1682,London,London,Middlesex,NA,NA,NA
8737,1679,1681,Kentish Town,Middlesex,Middlesex,Kentish Town,NA,24102
8813,1679,1682,London,London,Middlesex,NA,NA,NA
9189,1677,1682,Kingston upon Thames,Surrey,Surrey,Kingston upon Thames,NA,24629
9301,1679,1682,St Clement Danes,Middlesex,Middlesex,St Clement Danes,ID_30015,NA
9466,1679,1682,Kingston,Herefordshire,Herefordshire,NA,NA,NA
9570,1676,1681,Falmouth,Cornwall,Cornwall,Falmouth,NA,15737
9926,1677,1682,Limehouse,Middlesex,Middlesex,St Anne Limehouse,ID_30176,NA
9998,1680,1681,London,London,Middlesex,NA,NA,NA
11253,1675,1681,London,London,Middlesex,NA,NA,NA
11633,1680,1681,Colerne,Wiltshire,Wiltshire,Colerne,NA,10346
11841,1678,1681,Palterton,Derbyshire,Derbyshire,Palterton,NA,34501
11909,1678,1682,Surly,Berkshire,Berkshire,NA,NA,NA
12101,1680,1681,London,London,Middlesex,NA,NA,NA
12635,1677,1681,Luton,Bedfordshire,Bedfordshire,Luton,NA,28865
12723,1676,1682,Gloucester,Gloucestershire,Gloucestershire,Gloucester,NA,17982
12842,1680,1682,London,London,Middlesex,NA,NA,NA
12936,1679,1682,Staines,Middlesex,Middlesex,Staines,NA,41965
13228,1676,1682,Otford,Kent,Kent,Otford,NA,34167
13257,1678,1682,Calow,Derbyshire,Derbyshire,Calow,NA,7595
14233,1678,1682,Besford,Shropshire,Shropshire,Besford,NA,3428
155,1677,1682,Devizes,Wiltshire,Wiltshire,Devizes,NA,13020
361,1680,1682,St Mary Whitechapel,Middlesex,Middlesex,St Mary Whitechapel,ID_127867,NA
441,1680,1682,Stepney,Middlesex,Middlesex,St Dunstan Stepney,ID_30169,NA
486,1680,1682,Long Whatton,Leicestershire,Leicestershire,Long Whatton,NA,27979
992,1676,1681,Sittingbourne,Kent,Kent,Sittingbourne,NA,40556
1086,1680,1681,Guerson,Norfolk,Norfolk,NA,NA,NA
1234,1680,1682,Wells,Somerset,Somerset,Wells,NA,48288
1547,1679,1681,London,London,Middlesex,NA,NA,NA
2065,1680,1681,Hob Linch,Worcestershire,Worcestershire,NA,NA,NA
2295,1679,1681,St Saviour Southwark,Surrey,Surrey,St Saviour Southwark,ID_30001,NA
2340,1678,1681,Saffron Walden,Essex,Essex,Saffron Walden,NA,39008
2649,1674,1682,Binsted,Hampshire,Hampshire,Binsted,NA,288329
2683,1680,1681,London,London,Middlesex,NA,NA,NA
2745,1679,1682,St George Southwark,Surrey,Surrey,St George Southwark,ID_30012,NA
2784,1675,1681,Rochester,Kent,Kent,Rochester,NA,38282
2802,1675,1682,Milton,Northamptonshire,Northamptonshire,NA,NA,NA
3049,1676,1681,St Olave Southwark,Surrey,Surrey,St Olave Southwark,ID_30002,NA
3119,1677,1682,London,London,Middlesex,NA,NA,NA
3192,1677,1682,Norton,Somerset,Somerset,Norton,NA,33406
3272,1676,1681,Ramsden Belhouse,Essex,Essex,NA,NA,NA
3893,1680,1681,NA,Nottinghamshire,Nottinghamshire,NA,NA,NA
4015,1676,1681,Sunning,Berkshire,Berkshire,NA,NA,NA
4068,1680,1682,London,London,Middlesex,NA,NA,NA
4216,1678,1682,London,London,Middlesex,NA,NA,NA
4385,1679,1681,"Longford, Harmondsworth",Middlesex,Middlesex,NA,NA,NA
4425,1676,1682,Newbury,Berkshire,Berkshire,Newbury,NA,32415
4531,1678,1681,Whitechapel,Middlesex,Middlesex,St Mary Whitechapel,ID_127867,NA
4587,1680,1682,Loughborough,Leicestershire,Leicestershire,Loughborough,NA,28159
5122,1675,1682,Chipping Warden,Northamptonshire,Northamptonshire,Chipping Warden,NA,9213
5353,1676,1682,NA,Gloucestershire,Gloucestershire,NA,NA,NA
5877,1679,1681,Saffron Walden,Essex,Essex,Saffron Walden,NA,39008
6079,1679,1682,Potterspury,Northamptonshire,Northamptonshire,Potterspury,NA,36691
6172,1675,1682,Tynemouth,Northumberland,Northumberland,Tynemouth,NA,46577
6385,1677,1682,St Andrew Holborn,Middlesex,Middlesex,St Andrew Holborn,ID_127848,NA
6447,1678,1682,Alfreton,Derbyshire,Derbyshire,Alfreton,NA,614
7514,1675,1682,Leeds,Yorkshire,Yorkshire,Leeds,NA,25924
7703,1679,1682,London,London,Middlesex,NA,NA,NA
8141,1680,1682,London,London,Middlesex,NA,NA,NA
8676,1679,1681,London,London,Middlesex,NA,NA,NA
10099,1680,1682,Deptford,Kent,Kent,Deptford,NA,12973
10821,1679,1682,St Andrew Holborn,London,Middlesex,St Andrew Holborn,ID_127848,NA
11303,1679,1682,London,London,Middlesex,NA,NA,NA
11577,1673,1680,Sudbury,Essex,Essex,NA,NA,NA
12207,1678,1682,London,London,Middlesex,NA,NA,NA
12312,1679,1682,London,London,Middlesex,NA,NA,NA
12332,1681,1682,Mountow,Herefordshire,Herefordshire,NA,NA,NA
12348,1680,1681,St Andrew Holborn,Middlesex,Middlesex,St Andrew Holborn,ID_127848,NA
12355,1679,1681,London,London,Middlesex,NA,NA,NA
12610,1677,1682,Bridekirk,Cumberland,Cumberland,Bridekirk,NA,5582
12647,1677,1681,Evedton,Northamptonshire,Northamptonshire,NA,NA,NA
12788,1678,1682,Tunstall,Yorkshire,Yorkshire,NA,NA,NA
13006,1677,1682,London,London,Middlesex,NA,NA,NA
13135,1680,1681,Shadwell,Middlesex,Middlesex,St Paul Shadwell,ID_30184,NA
14113,1679,1681,Leatherhead,Surrey,Surrey,Leatherhead,NA,25851
14234,1681,1682,St Leonard Shoreditch,Middlesex,Middlesex,St Leonard Shoreditch,ID_30170,NA
102,1680,1682,Handsworth,Staffordshire,Staffordshire,Handsworth,NA,20013
1002,1678,1682,London,London,Middlesex,NA,NA,NA
1103,1679,1682,Fairford,Gloucestershire,Gloucestershire,Fairford,NA,15685
1423,1675,1682,Westminster,Middlesex,Middlesex,NA,NA,NA
1584,1676,1682,Trigney,Cornwall,Cornwall,NA,NA,NA
2105,1680,1682,Yarnton,Oxfordshire,Oxfordshire,Yarnton,NA,51368
2440,1681,1683,London,London,Middlesex,NA,NA,NA
2584,1680,1683,Hackney,Middlesex,Middlesex,Hackney,NA,19524
2628,NA,1682,Hoby,Leicestershire,Leicestershire,Hoby,NA,22165
2823,1681,1682,Chichester,Sussex,Sussex,Chichester,NA,9094
2858,1681,1682,Spelsbury,Oxfordshire,Oxfordshire,Spelsbury,NA,41495
2894,1680,1682,Lidwelly,Carmarthenshire,Carmarthenshire,NA,NA,NA
2898,1682,1683,London,London,Middlesex,NA,NA,NA
3127,1674,1681,London,London,Middlesex,NA,NA,NA
3394,1678,1683,London,London,Middlesex,NA,NA,NA
3937,1676,1682,Milford,Surrey,Surrey,Milford,NA,30435
4089,1679,1682,London,London,Middlesex,NA,NA,NA
4613,1678,1682,Braintree,Essex,Essex,Braintree,NA,5267
5003,1682,1683,Uxbridge,Middlesex,Middlesex,Uxbridge,NA,47245
5100,1679,1682,Watlington,Oxfordshire,Oxfordshire,Watlington,NA,48062
5411,1682,1682,Knockin,Shropshire,Shropshire,Knockin,NA,25079
5476,1681,1682,Westminster,Middlesex,Middlesex,NA,NA,NA
5664,1676,1682,London,London,Middlesex,NA,NA,NA
5709,1677,1682,London,London,Middlesex,NA,NA,NA
5905,1682,1683,London,London,Middlesex,NA,NA,NA
6100,1679,1682,London,London,Middlesex,NA,NA,NA
6437,1679,1682,Reading,Berkshire,Berkshire,Reading,NA,37532
7056,1679,1682,Sherborne St John,Hampshire,Hampshire,Sherborne St John,NA,40077
7073,1679,1682,London,London,Middlesex,NA,NA,NA
7244,1679,1682,Westminster,Middlesex,Middlesex,NA,NA,NA
7372,1678,1682,Bridgwater,Somerset,Somerset,Bridgwater,NA,5688
7403,1676,1682,Overton,Wiltshire,Wiltshire,NA,NA,NA
7440,1678,1682,London,London,Middlesex,NA,NA,NA
7596,1678,1682,London,London,Middlesex,NA,NA,NA
7696,1680,1681,Stutchworth,Suffolk,Suffolk,NA,NA,NA
7782,1676,1684,Rugby,Warwickshire,Warwickshire,Rugby,NA,38805
7921,1680,1682,Wandsworth,Surrey,Surrey,Wandsworth,NA,47714
8060,1682,1683,St Paul Covent Garden,Middlesex,Middlesex,St Paul Covent Garden,ID_30031,NA
8335,1678,1683,Reading,Berkshire,Berkshire,Reading,NA,37532
8459,1677,1680,New Inn,Herefordshire,Herefordshire,NA,NA,NA
8785,1679,1681,East Greenwich,Kent,Kent,East Greenwich,NA,NA
9097,1679,1682,Doulting,Somerset,Somerset,Doulting,NA,13383
9415,1677,1682,London,London,Middlesex,NA,NA,NA
9431,1680,1682,London,London,Middlesex,NA,NA,NA
9630,1678,1683,Munckton,Dorset,Dorset,NA,NA,NA
10059,1678,1683,Ellesmere,Shropshire,Shropshire,Ellesmere,NA,15034
10122,1678,1683,Westbury,Buckinghamshire,Buckinghamshire,Westbury,NA,48894
10374,1677,1682,Mancester,Warwickshire,Warwickshire,NA,NA,NA
10576,1678,1682,Titchmarsh,Northamptonshire,Northamptonshire,Titchmarsh,NA,45030
10641,1680,1682,St Leonard Shoreditch,Middlesex,Middlesex,St Leonard Shoreditch,ID_30170,NA
10747,1679,1682,Pontefract,Yorkshire,Yorkshire,Pontefract,NA,36314
11349,1679,1682,Westminster,Middlesex,Middlesex,NA,NA,NA
11415,1681,1682,London,London,Middlesex,NA,NA,NA
11634,1679,1683,"Hatton Garden, St Andrew Holborn",Middlesex,Middlesex,St Andrew Holborn,ID_127848,NA
12761,1681,1682,London,London,Middlesex,NA,NA,NA
12833,1681,1683,London,London,Middlesex,NA,NA,NA
13161,1677,1683,NA,Middlesex,Middlesex,NA,NA,NA
13341,1679,1682,Poole,Cheshire,Cheshire,Poole,NA,62240
13350,1679,1682,Chippenham,Wiltshire,Wiltshire,Chippenham,NA,9202
13452,1677,1682,Northampton,Northamptonshire,Northamptonshire,Northampton,NA,33285
13647,1680,1682,NA,Lancashire,Lancashire,NA,NA,NA
13665,1678,1681,London,London,Middlesex,NA,NA,NA
13828,1676,1682,Cullompton,Devon,Devon,Cullompton,NA,12104
13961,1678,1682,Sparsholt Court,Berkshire,Berkshire,NA,NA,NA
14226,1681,1682,London,London,Middlesex,NA,NA,NA
771,1679,1684,London,London,Middlesex,NA,NA,NA
10115,1678,1684,London,London,Middlesex,NA,NA,NA
98,1678,1682,St Giles in the Fields,Middlesex,Middlesex,St Giles in the Fields,ID_30018,NA
210,1679,1682,NA,Leicestershire,Leicestershire,NA,NA,NA
462,1682,1683,London,London,Middlesex,NA,NA,NA
548,1678,1683,Cranfield,Bedfordshire,Bedfordshire,Cranfield,NA,11400
565,1676,1683,Brently,Kent,Kent,NA,NA,NA
578,1680,1683,Duffield,Derbyshire,Derbyshire,Duffield,NA,13743
590,1678,1682,Sandwich,Kent,Kent,Sandwich,NA,39258
745,1680,1683,London,London,Middlesex,NA,NA,NA
766,1681,1683,St Giles without Cripplegate,Middlesex,Middlesex,St Giles Cripplegate,ID_30100,NA
1328,1679,1682,Eversley,Hampshire,Hampshire,Eversley,NA,15538
1354,1680,1683,London,London,Middlesex,NA,NA,NA
1462,1681,1683,Beoley,Worcestershire,Worcestershire,Beoley,NA,3342
1759,1678,1683,Droitwich,Worcestershire,Worcestershire,Droitwich,NA,NA
1772,1678,1683,Breedon,Leicestershire,Leicestershire,NA,NA,NA
1773,1678,1683,Breedon,Leicestershire,Leicestershire,NA,NA,NA
1969,1679,1682,Stonesfeild,Oxfordshire,Oxfordshire,NA,NA,NA
1970,1681,1683,London,London,Middlesex,NA,NA,NA
1994,1675,1682,London,London,Middlesex,NA,NA,NA
2339,1677,1682,Saffron Walden,Essex,Essex,Saffron Walden,NA,39008
2925,1677,1682,Ashford,Kent,Kent,Ashford,NA,1368
3137,1681,1683,Sevenoaks,Kent,Kent,Sevenoaks,NA,39780
3245,1676,1683,Newark on Trent,Nottinghamshire,Nottinghamshire,Newark on Trent,NA,32336
3253,1676,1683,St Andrew Holborn,Middlesex,Middlesex,St Andrew Holborn,ID_127848,NA
3270,1678,1682,London,London,Middlesex,NA,NA,NA
3531,1676,1683,Lincoln,Lincolnshire,Lincolnshire,Lincoln,NA,26300
3818,1677,1682,St Bartholomew,London,Middlesex,NA,NA,NA
4108,1681,1683,Lambeth,Surrey,Surrey,St Mary Lambeth,ID_127857,NA
4113,1681,1683,London,London,Middlesex,NA,NA,NA
4213,1680,1682,Mitton,Worcestershire,Worcestershire,Mitton,NA,30789
4880,1678,1683,Willoughby,Warwickshire,Warwickshire,Willoughby,NA,49953
5045,1682,1682,Tupton,Derbyshire,Derbyshire,Tupton,NA,46363
5509,1681,1683,Hitcham,Norfolk,Norfolk,NA,NA,NA
6074,1678,1683,London,London,Middlesex,NA,NA,NA
6596,1679,1682,Harnham,Wiltshire,Wiltshire,Harnham,NA,20258
6769,1675,1682,Battersea,Surrey,Surrey,Battersea,ID_30014,NA
7245,1679,1683,Westminster,Middlesex,Middlesex,NA,NA,NA
7248,1682,1683,Chiswick,Middlesex,Middlesex,Chiswick,NA,9241
7359,1678,1683,London,London,Middlesex,NA,NA,NA
7384,1681,1683,Oxford,Oxfordshire,Oxfordshire,Oxford,NA,34379
7458,1680,1683,London,London,Middlesex,NA,NA,NA
7564,1676,1682,Cammell,Somerset,Somerset,NA,NA,NA
7721,1681,1683,St Andrew Holborn,Middlesex,Middlesex,St Andrew Holborn,ID_127848,NA
7727,1678,1683,Nottingham,Nottinghamshire,Nottinghamshire,Nottingham,NA,33480
7737,1677,1682,Manchester,Lancashire,Lancashire,Manchester,NA,29251
7837,1682,1683,St Giles Cripplegate,Middlesex,Middlesex,St Giles Cripplegate,ID_30100,NA
7990,1678,1683,Harwell,Berkshire,Berkshire,Harwell,NA,20419
8075,1681,1683,London,London,Middlesex,NA,NA,NA
8476,1680,1682,Ware,Hertfordshire,Hertfordshire,Ware,NA,47782
8657,1682,1683,Emsbury,Wiltshire,Wiltshire,NA,NA,NA
8685,1679,1682,Stowmarket,Suffolk,Suffolk,Stowmarket,NA,42843
9366,1679,1683,St Giles in the Fields,Middlesex,Middlesex,St Giles in the Fields,ID_30018,NA
9433,1677,1682,NA,Staffordshire,Staffordshire,NA,NA,NA
9564,1679,1683,Potto,Yorkshire,Yorkshire,Potto,NA,36697
9725,1680,1682,Nottingham,Nottinghamshire,Nottinghamshire,Nottingham,NA,33480
9800,1680,1683,London,London,Middlesex,NA,NA,NA
9966,1681,1683,St Botolph Aldersgate,London,Middlesex,St Botolph Aldersgate,ID_30061,NA
10239,1680,1683,Pendenis,Cornwall,Cornwall,NA,NA,NA
10323,1680,1683,Dunstable,Bedfordshire,Bedfordshire,Dunstable,NA,13925
10328,1678,1683,St Martin in the Fields,Middlesex,Middlesex,St Martin in the Fields,ID_30034,NA
10779,1677,1683,Longborough,Gloucestershire,Gloucestershire,Longborough,NA,27984
11105,1678,1683,Leighton Buzzard,Bedfordshire,Bedfordshire,Leighton Buzzard,NA,26002
11342,1679,1683,Coventry,Warwickshire,Warwickshire,Coventry,NA,11138
11592,1678,1683,Hampton,Gloucestershire,Gloucestershire,NA,NA,NA
11593,1681,1683,Maston,Oxfordshire,Oxfordshire,NA,NA,NA
11789,1681,1683,Lambeth,Surrey,Surrey,St Mary Lambeth,ID_127857,NA
11962,1678,1683,Monmouth,Monmouthshire,Monmouthshire,Monmouth,NA,30940
11967,1680,1682,Shefford,Berkshire,Berkshire,NA,NA,NA
12025,1681,1682,Benton,Northamptonshire,Northamptonshire,NA,NA,NA
12572,1680,1683,Ratcliff,Middlesex,Middlesex,Ratcliffe,ID_30177,NA
12686,1679,1683,Slapton,Buckinghamshire,Buckinghamshire,Slapton,NA,40711
12748,1680,1683,Clerkenwell,Middlesex,Middlesex,St James Clerkenwell,ID_127865,NA
12824,1678,1682,King's Lynn,Norfolk,Norfolk,King's Lynn,NA,24492
12945,1677,1683,Crimplesham,Norfolk,Norfolk,Crimplesham,NA,11587
13124,1681,1683,Desborough,Northamptonshire,Northamptonshire,Desborough,NA,13008
13134,1680,1683,St Botolph Aldersgate,London,Middlesex,St Botolph Aldersgate,ID_30061,NA
13586,1681,1683,NA,Hampshire,Hampshire,NA,NA,NA
13949,1678,1683,St Martin in the Fields,Middlesex,Middlesex,St Martin in the Fields,ID_30034,NA
14032,1678,1683,Maidstone,Kent,Kent,Maidstone,NA,29156
14258,1680,1683,Taynton,Oxfordshire,Oxfordshire,Taynton,NA,43940
4,1677,1683,Woodford,Northamptonshire,Northamptonshire,Woodford,NA,50564
599,1679,1682,St Dunstan in the West,London,Middlesex,St Dunstan in the West,ID_127855,NA
624,1675,1682,Rumsey,Hampshire,Hampshire,NA,NA,NA
821,1678,1683,Deptford,Kent,Kent,Deptford,NA,12973
903,1681,1682,Westminster,Middlesex,Middlesex,NA,NA,NA
923,1681,1683,St Paul Covent Garden,Middlesex,Middlesex,St Paul Covent Garden,ID_30031,NA
1107,1678,1683,Dorchester,Dorset,Dorset,Dorchester,NA,13340
1214,1679,1683,Wapping,Middlesex,Middlesex,St John Wapping,ID_30182,NA
1339,1677,1683,Greenwich,Kent,Kent,Greenwich,NA,19085
1358,1677,1682,Stepney,Surrey,Surrey,St Dunstan Stepney,ID_30169,NA
1896,1680,1682,Cobham,Kent,Kent,Cobham,NA,10093
1912,1682,1683,Limehouse,Middlesex,Middlesex,St Anne Limehouse,ID_30176,NA
2111,1681,1683,Stamford,Lincolnshire,Lincolnshire,Stamford,NA,42021
2134,1680,1683,Blakesley,Northamptonshire,Northamptonshire,Blakesley,NA,4248
2327,1681,1683,St Olave Southwark,Surrey,Surrey,St Olave Southwark,ID_30002,NA
2369,1680,1682,St Olave Southwark,Surrey,Surrey,St Olave Southwark,ID_30002,NA
2566,1677,1683,London,London,Middlesex,NA,NA,NA
2733,1682,1683,"Murckott, Minsterworth",Gloucestershire,Gloucestershire,NA,NA,NA
2791,1677,1682,St Lawrence Pountney,London,Middlesex,St Laurence Pountney,ID_30120,NA
2827,1681,1682,Windsor,Berkshire,Berkshire,Windsor,NA,50086
3015,1677,1683,St Bartholomew,London,Middlesex,NA,NA,NA
3247,1679,1683,Walton,Somerset,Somerset,Walton,NA,47661
3452,1682,1683,Melton Mowbray,Leicestershire,Leicestershire,Melton Mowbray,NA,29987
3560,1682,1683,Kerry,Montgomeryshire,Montgomeryshire,Kerry,NA,24143
3662,1680,1683,Ratcliff,Middlesex,Middlesex,Ratcliffe,ID_30177,NA
3911,1682,1682,Lambeth,Surrey,Surrey,St Mary Lambeth,ID_127857,NA
4099,1681,1683,Weston Turville,Buckinghamshire,Buckinghamshire,Weston Turville,NA,49112
4164,1680,1683,Southampton,Hampshire,Hampshire,Southampton,NA,41322
4444,1678,1682,Mitcham,Surrey,Surrey,Mitcham,NA,30776
4445,1682,1683,London,London,Middlesex,NA,NA,NA
4812,1679,1683,Bramley,Yorkshire,Yorkshire,NA,NA,NA
5010,1676,1683,London,London,Middlesex,NA,NA,NA
5056,1679,1682,Prestbury,Cheshire,Cheshire,Prestbury,NA,36800
5359,1676,1683,London,London,Middlesex,NA,NA,NA
5512,1679,1683,St Leonard Shoreditch,Middlesex,Middlesex,St Leonard Shoreditch,ID_30170,NA
5688,1678,1683,North Petherwin,Devon,Devon,North Petherwin,NA,33191
5717,1678,1683,London,London,Middlesex,NA,NA,NA
5919,1681,1682,Stevenage,Hertfordshire,Hertfordshire,Stevenage,NA,42354
6025,1680,1682,Ocle Pitchard,Herefordshire,Herefordshire,NA,NA,NA
6140,1679,1682,London,London,Middlesex,NA,NA,NA
6456,1681,1682,Holborn,Middlesex,Middlesex,St Andrew Holborn,ID_127848,NA
6567,1679,1682,Banbury,Oxfordshire,Oxfordshire,Banbury,NA,2220
6954,1676,1683,London,London,Middlesex,NA,NA,NA
6965,1676,1682,Mountsorrel,Leicestershire,Leicestershire,Mountsorrel,NA,31433
7053,1681,1683,Wapping,Middlesex,Middlesex,St John Wapping,ID_30182,NA
7221,1681,1682,London,London,Middlesex,NA,NA,NA
7334,1671,1683,London,London,Middlesex,NA,NA,NA
7377,1679,1683,Banbury,Oxfordshire,Oxfordshire,Banbury,NA,2220
7717,1681,1683,St Leonard Shoreditch,Middlesex,Middlesex,St Leonard Shoreditch,ID_30170,NA
8038,1680,1682,Swanwick,Hampshire,Hampshire,Swanwick,NA,43490
8312,1676,1683,North Littleton,Worcestershire,Worcestershire,North Littleton,NA,33156
8372,1679,1683,Cirencester,Gloucestershire,Gloucestershire,Cirencester,NA,9528
8400,1678,1683,Hamsley,Herefordshire,Herefordshire,NA,NA,NA
8465,1681,1683,Northampton,Northamptonshire,Northamptonshire,Northampton,NA,33285
8480,1676,1682,Elham,Kent,Kent,Elham,NA,14986
8726,1682,1683,Dover,Kent,Kent,Dover,NA,13407
8815,1680,1683,Avington,Berkshire,Berkshire,Avington,NA,1741
8866,1679,1683,St Giles without Cripplegate,Middlesex,Middlesex,St Giles Cripplegate,ID_30100,NA
8896,1679,1683,Salisbury,Wiltshire,Wiltshire,Salisbury,NA,39066
9034,1677,1683,Lutton,Lincolnshire,Lincolnshire,Lutton,NA,28871
9047,1680,1682,Cheltenham,Gloucestershire,Gloucestershire,Cheltenham,NA,8971
9236,1679,1683,Cornwell,Oxfordshire,Oxfordshire,Cornwell,NA,10902
9353,1677,1683,St Martin in the Fields,Middlesex,Middlesex,St Martin in the Fields,ID_30034,NA
9435,1681,1683,Wolverhampton,Staffordshire,Staffordshire,Wolverhampton,NA,50404
9678,1681,1683,Toller,Dorset,Dorset,NA,NA,NA
10082,1679,1683,Teddington,Warwickshire,Warwickshire,NA,NA,NA
10110,1682,1683,Newport Pagnell,Buckinghamshire,Buckinghamshire,Newport Pagnell,NA,32580
10330,1677,1682,Lichfield,Staffordshire,Staffordshire,Lichfield,NA,26195
10508,1681,1683,Horncliffe Lane End,County Durham,County Durham,NA,NA,NA
10877,1676,1682,Sunbury,Middlesex,Middlesex,Sunbury,NA,43266
11036,1681,1683,Tetsworth,Oxfordshire,Oxfordshire,Tetsworth,NA,44056
11216,1678,1683,East Smithfield,Middlesex,Middlesex,St Botolph Aldgate,ID_30153,NA
11706,1678,1683,Croydon,Surrey,Surrey,Croydon,NA,11989
11751,1681,1683,Cheshunt,Hertfordshire,Hertfordshire,Cheshunt,NA,9027
11812,1677,1683,NA,Warwickshire,Warwickshire,NA,NA,NA
11982,1682,1683,St Giles in the Fields,Middlesex,Middlesex,St Giles in the Fields,ID_30018,NA
12080,1678,1683,Dalton,Lancashire,Lancashire,Dalton,NA,12546
12086,1681,1683,Shadwell,Middlesex,Middlesex,St Paul Shadwell,ID_30184,NA
12229,1676,1682,London,London,Middlesex,NA,NA,NA
12301,1682,1683,London,London,Middlesex,NA,NA,NA
12551,1676,1682,Cheddar,Somerset,Somerset,Cheddar,NA,8920
12722,1682,1683,Denham,Buckinghamshire,Buckinghamshire,Denham,NA,NA
12895,1681,1683,Norton Folgate,Middlesex,Middlesex,Liberty of Norton Folgate,ID_127860,NA
12991,1680,1683,Wandon,Essex,Essex,NA,NA,NA
13405,1678,1683,London,London,Middlesex,NA,NA,NA
13701,1675,1683,Bristol,Gloucestershire,Gloucestershire,Bristol,NA,288655
13898,1680,1682,Reddington,Berkshire,Berkshire,NA,NA,NA
13918,1679,1682,London,London,Middlesex,NA,NA,NA
13944,1680,1683,London,London,Middlesex,NA,NA,NA
13952,1679,1682,Grove,Berkshire,Berkshire,Grove,NA,19272
14227,1681,1682,Finmere,Oxfordshire,Oxfordshire,Finmere,NA,16275
44,1678,1682,St Giles Cripplegate,Middlesex,Middlesex,St Giles Cripplegate,ID_30100,NA
194,1680,1683,Barrowden,Rutland,Rutland,Barrowden,NA,2591
411,1681,1683,Burton upon Trent,Staffordshire,Staffordshire,Burton upon Trent,NA,7145
471,1679,1683,Seavington,Somerset,Somerset,NA,NA,NA
633,1681,1682,Claybrooke,Leicestershire,Leicestershire,NA,NA,NA
1070,1682,1683,Northwich,Cheshire,Cheshire,Northwich,NA,33374
1145,1679,1682,London,London,Middlesex,NA,NA,NA
1315,1680,1682,St James Clerkenwell,Middlesex,Middlesex,St James Clerkenwell,ID_127865,NA
1394,1679,1683,Leyland,Lancashire,Lancashire,Leyland,NA,26169
1659,1680,1683,London,London,Middlesex,NA,NA,NA
1823,1683,1683,London,London,Middlesex,NA,NA,NA
2227,1682,1683,Gloucester,Gloucestershire,Gloucestershire,Gloucester,NA,17982
2310,1682,1683,Willey,Warwickshire,Warwickshire,Willey,NA,49913
2318,1677,1683,Skenfretn,Monmouthshire,Monmouthshire,NA,NA,NA
2406,1680,1682,London,London,Middlesex,NA,NA,NA
2488,1679,1683,Westoning,Bedfordshire,Bedfordshire,Westoning,NA,49129
2602,1681,1682,St Paul Covent Garden,Middlesex,Middlesex,St Paul Covent Garden,ID_30031,NA
3010,1678,1683,Weeley,Essex,Essex,Weeley,NA,48196
3425,1682,1683,Leinthall Starkes,Herefordshire,Herefordshire,Leinthall Starkes,NA,26006
3515,1679,1683,Addington,Kent,Kent,Addington,NA,366
3535,1680,1683,Marchote,Montgomeryshire,Montgomeryshire,NA,NA,NA
3539,1683,1683,Putney,Surrey,Surrey,Putney,NA,37033
3542,1682,1683,London,London,Middlesex,NA,NA,NA
3684,1682,1683,St Olave Southwark,Surrey,Surrey,St Olave Southwark,ID_30002,NA
3785,1682,1683,Scarborough,Yorkshire,Yorkshire,Scarborough,NA,39447
3861,1681,1683,Tidworth,Wiltshire,Wiltshire,Tidworth,NA,295651
4260,1682,1683,London,London,Middlesex,NA,NA,NA
4320,1681,1683,St Sepulchre,London,Middlesex,St Sepulchre,ID_30058,NA
4358,1680,1682,Whitechapel,Middlesex,Middlesex,St Mary Whitechapel,ID_127867,NA
4366,1680,1683,Forstor,Northamptonshire,Northamptonshire,NA,NA,NA
4904,1679,1683,Cow Lane,London,Middlesex,NA,NA,NA
5052,1683,1683,Stepney,Middlesex,Middlesex,St Dunstan Stepney,ID_30169,NA
5599,1679,1683,London,London,Middlesex,NA,NA,NA
5777,1679,1683,Foxhall,Surrey,Surrey,NA,NA,NA
5902,1678,1683,Abingdon,Berkshire,Berkshire,Abingdon,NA,287768
6585,1679,1683,London,London,Middlesex,NA,NA,NA
6685,1681,1683,Breedon on the Hill,Leicestershire,Leicestershire,Breedon on the Hill,NA,5495
6963,1682,1683,Deptford,Kent,Kent,Deptford,NA,12973
7354,1681,1683,Llandevand,Monmouthshire,Monmouthshire,NA,NA,NA
7366,1682,1683,Kingston upon Thames,Surrey,Surrey,Kingston upon Thames,NA,24629
7401,1681,1682,St Mary Magdalen Southwark,Surrey,Surrey,St Mary Magdalen Bermondsey,ID_30004,NA
7958,1675,1683,Melton Mowbray,Leicestershire,Leicestershire,Melton Mowbray,NA,29987
8317,1677,1683,Exeter,Devon,Devon,Exeter,NA,15586
8363,1678,1683,Burley,Rutland,Rutland,Burley,NA,6914
9368,1678,1683,Ratcliff,Middlesex,Middlesex,Ratcliffe,ID_30177,NA
9519,1680,1683,London,London,Middlesex,NA,NA,NA
9585,1680,1682,NA,Devon,Devon,NA,NA,NA
9613,1680,1683,Caldewgate,Cumberland,Cumberland,Caldewgate,NA,288907
9626,1677,1682,Thames Street,Middlesex,Middlesex,NA,NA,NA
10968,1678,1683,Mayles,Berkshire,Berkshire,NA,NA,NA
11104,1681,1683,Boston,Lincolnshire,Lincolnshire,Boston,NA,4794
11197,1677,1683,St Margaret Westminster,Middlesex,Middlesex,St Margaret Westminster,ID_127869,NA
11350,1682,1683,Oxford,Oxfordshire,Oxfordshire,Oxford,NA,34379
11720,1680,1683,Houghton Regis,Bedfordshire,Bedfordshire,Houghton Regis,NA,22941
11899,1678,1683,Reading,Berkshire,Berkshire,Reading,NA,37532
11946,1678,1683,London,London,Middlesex,NA,NA,NA
12512,1680,1683,North Rode,Cheshire,Cheshire,North Rode,NA,33205
13089,1679,1683,Houghton,Norfolk,Norfolk,Houghton,NA,291270
13121,1679,1682,Salisbury,Wiltshire,Wiltshire,Salisbury,NA,39066
13587,1680,1683,London,London,Middlesex,NA,NA,NA
14225,1680,1683,Pirton,Oxfordshire,Oxfordshire,NA,NA,NA
162,1677,1683,Southwark,Surrey,Surrey,NA,NA,NA
221,1682,1684,St Leonard Shoreditch,Middlesex,Middlesex,St Leonard Shoreditch,ID_30170,NA
317,1682,1683,Bibury,Gloucestershire,Gloucestershire,Bibury,NA,3531
343,1678,1683,Bilson,Leicestershire,Leicestershire,NA,NA,NA
382,1681,1684,Hilton,Lancashire,Lancashire,NA,NA,NA
465,1682,1684,London,London,Middlesex,NA,NA,NA
879,1681,1683,NA,Leicestershire,Leicestershire,NA,NA,NA
995,1683,1684,London,London,Middlesex,NA,NA,NA
1061,1681,1683,Westcombe,Wiltshire,Wiltshire,NA,NA,NA
1342,1682,1684,NA,Middlesex,Middlesex,NA,NA,NA
1812,1680,1684,Stoven,Suffolk,Suffolk,Stoven,NA,42805
1947,1676,1683,Wandsworth,Surrey,Surrey,Wandsworth,NA,47714
2011,1679,1684,Ratcliff,Middlesex,Middlesex,Ratcliffe,ID_30177,NA
2016,1681,1684,Litterworth,Leicestershire,Leicestershire,NA,NA,NA
2031,1678,1684,Goring,Oxfordshire,Oxfordshire,Goring,NA,18245
2195,1680,1684,London,London,Middlesex,NA,NA,NA
2220,1681,1684,Inskip,Lancashire,Lancashire,Inskip,NA,23607
2311,1680,1684,Eglismore,County Durham,County Durham,NA,NA,NA
2346,1680,1684,Brentford,Middlesex,Middlesex,Brentford,NA,5526
2354,1680,1682,NA,Surrey,Surrey,NA,NA,NA
2560,1682,1684,Warmington,Warwickshire,Warwickshire,Warmington,NA,47823
2712,1682,1683,Fulham,Middlesex,Middlesex,Fulham,NA,17119
2760,1682,1684,St Leonard Shoreditch,Middlesex,Middlesex,St Leonard Shoreditch,ID_30170,NA
2792,1681,1684,Windover,Buckinghamshire,Buckinghamshire,NA,NA,NA
2977,1681,1684,Hornbury,Gloucestershire,Gloucestershire,NA,NA,NA
3026,1680,1684,Dunstable,Bedfordshire,Bedfordshire,Dunstable,NA,13925
3363,1678,1683,Erith,Kent,Kent,Erith,NA,15426
3561,1680,1683,Chester,Hertfordshire,Hertfordshire,NA,NA,NA
3658,1680,1683,Windsor,Berkshire,Berkshire,Windsor,NA,50086
3892,1680,1683,Enstone,Oxfordshire,Oxfordshire,Enstone,NA,15393
4053,1681,1684,St Martin in the Fields,Middlesex,Middlesex,St Martin in the Fields,ID_30034,NA
4084,1681,1684,Dunchurch,Warwickshire,Warwickshire,Dunchurch,NA,13815
4356,NA,1683,Farum,Wiltshire,Wiltshire,NA,NA,NA
4389,1682,1684,London,London,Middlesex,NA,NA,NA
4407,1678,1684,London,London,Middlesex,NA,NA,NA
4516,1680,1684,Strutt,Cheshire,Cheshire,NA,NA,NA
4749,1683,1684,Limehouse,Middlesex,Middlesex,St Anne Limehouse,ID_30176,NA
4976,1679,1684,Hawnes,Bedfordshire,Bedfordshire,NA,NA,NA
5435,1680,1684,Eltham,Kent,Kent,Eltham,NA,15140
5515,1681,1684,Laundon,Buckinghamshire,Buckinghamshire,NA,NA,NA
5811,NA,1683,St Martin in the Fields,Middlesex,Middlesex,St Martin in the Fields,ID_30034,NA
5854,1681,1684,Reading,Berkshire,Berkshire,Reading,NA,37532
5872,1682,1683,Coventry,Warwickshire,Warwickshire,Coventry,NA,11138
5967,1681,1683,Careby,Lincolnshire,Lincolnshire,Careby,NA,7889
6243,1679,1684,London,London,Middlesex,NA,NA,NA
6432,1680,1683,London,London,Middlesex,NA,NA,NA
6668,1680,1684,Coventry,Warwickshire,Warwickshire,Coventry,NA,11138
6849,1679,1683,Amstrey,Herefordshire,Herefordshire,NA,NA,NA
7020,1682,1684,Wapping,Middlesex,Middlesex,St John Wapping,ID_30182,NA
7038,1679,1683,London,London,Middlesex,NA,NA,NA
7335,1677,1683,xx,Lancashire,Lancashire,NA,NA,NA
7362,1682,1684,Oxford,Oxfordshire,Oxfordshire,Oxford,NA,34379
7528,1682,1683,St Mary Magdalen Bermondsey,Surrey,Surrey,St Mary Magdalen Bermondsey,ID_30004,NA
7711,1680,1683,Coventry,Warwickshire,Warwickshire,Coventry,NA,11138
7736,1678,1684,Bracknell,Berkshire,Berkshire,Bracknell,NA,5113
7738,1683,1684,London,London,Middlesex,NA,NA,NA
8438,1683,1684,St Sepulchre,Middlesex,Middlesex,St Sepulchre,ID_30058,NA
8473,1679,1684,Abingdon,Berkshire,Berkshire,Abingdon,NA,287768
8525,1681,1683,Hampstead,Middlesex,Middlesex,Hampstead,NA,19944
8607,1677,1684,Bermondsey,Surrey,Surrey,St Mary Magdalen Bermondsey,ID_30004,NA
8630,1682,1684,Stratfield Mortimer,Hampshire,Hampshire,NA,NA,NA
8734,1679,1684,Oakley,Bedfordshire,Bedfordshire,Oakley,NA,33635
8864,1680,1684,St Martin in the Fields,Middlesex,Middlesex,St Martin in the Fields,ID_30034,NA
8923,1678,1684,London,London,Middlesex,NA,NA,NA
8981,1682,1683,St Leonard Shoreditch,Middlesex,Middlesex,St Leonard Shoreditch,ID_30170,NA
8998,1682,1684,Datchet,Berkshire,Berkshire,NA,NA,NA
9062,1680,1684,London,London,Middlesex,NA,NA,NA
9396,1681,1684,London,London,Middlesex,NA,NA,NA
9594,1679,1683,St Giles in the Fields,Middlesex,Middlesex,St Giles in the Fields,ID_30018,NA
9852,1682,1683,Stamford,Lincolnshire,Lincolnshire,Stamford,NA,42021
9914,1681,1683,Hampstead Marshal,Berkshire,Berkshire,NA,NA,NA
10242,1683,1686,St Olave Hart Street,London,Middlesex,St Olave Hart Street,ID_30160,NA
10474,1681,1683,London,London,Middlesex,NA,NA,NA
10566,1677,1683,Guildford,Surrey,Surrey,Guildford,NA,19326
10627,1679,1684,London,London,Middlesex,NA,NA,NA
10646,1682,1683,Southwark,Surrey,Surrey,NA,NA,NA
10658,1683,1684,London,London,Middlesex,NA,NA,NA
10853,1681,1684,London,London,Middlesex,NA,NA,NA
10870,1679,1684,Bidbury,Gloucestershire,Gloucestershire,NA,NA,NA
11213,1681,1683,St Olave Southwark,Surrey,Surrey,St Olave Southwark,ID_30002,NA
11310,1680,1683,Lincoln,Lincolnshire,Lincolnshire,Lincoln,NA,26300
11692,1680,1684,St Andrew Wardrobe,London,Middlesex,St Andrew by the Wardrobe,ID_30056,NA
11865,1683,1684,Blackwall,Middlesex,Middlesex,Blackwall,NA,4114
11963,1680,1684,Petworth,Sussex,Sussex,Petworth,NA,35755
12307,1683,1684,Stepney,Middlesex,Middlesex,St Dunstan Stepney,ID_30169,NA
12609,1682,1683,Wath upon Dearne,Yorkshire,Yorkshire,Wath upon Dearne,NA,48057
12835,1681,1684,Bartherston,Lancashire,Lancashire,NA,NA,NA
12839,1680,1684,Clapham,Surrey,Surrey,Clapham,NA,9592
12861,1680,1684,Quinton,Gloucestershire,Gloucestershire,Quinton,NA,62363
13097,1683,1684,London,London,Middlesex,NA,NA,NA
13215,1676,1683,Bocking,Essex,Essex,Bocking,NA,4430
13377,1677,1684,Strand,Middlesex,Middlesex,NA,NA,NA
13435,1681,1684,Shadwell,Middlesex,Middlesex,St Paul Shadwell,ID_30184,NA
13594,1682,1683,NA,Surrey,Surrey,NA,NA,NA
13659,1679,1683,Sandbach,Cheshire,Cheshire,Sandbach,NA,39172
13709,1678,1684,Rochdale,Lancashire,Lancashire,Rochdale,NA,38278
13941,1680,1684,Washbourne,Worcestershire,Worcestershire,NA,NA,NA
14215,1682,1684,Malpas,Cheshire,Cheshire,Malpas,NA,29221
95,1683,1684,Salisbury,Wiltshire,Wiltshire,Salisbury,NA,39066
354,1677,1684,Wotton under Edge,Gloucestershire,Gloucestershire,Wotton under Edge,NA,51055
850,1679,1684,Yarmouth,Norfolk,Norfolk,Great Yarmouth,NA,18774
1415,1681,1684,London,London,Middlesex,NA,NA,NA
1441,1679,1683,Lillingstone Dayrell,Buckinghamshire,Buckinghamshire,Lillingstone Dayrell,NA,26252
1688,1679,1683,London,London,Middlesex,NA,NA,NA
1849,1680,1684,London,London,Middlesex,NA,NA,NA
1885,1682,1684,Tewkesbury,Gloucestershire,Gloucestershire,Tewkesbury,NA,44069
2000,1678,1683,Marnhull,Dorset,Dorset,Marnhull,NA,29502
2037,1682,1684,Cuddington,Buckinghamshire,Buckinghamshire,Cuddington,NA,12062
2125,1679,1684,Reading,Berkshire,Berkshire,Reading,NA,37532
2261,1679,1684,Ashut,Northumberland,Northumberland,NA,NA,NA
2279,1679,1683,Biggleswade,Bedfordshire,Bedfordshire,Biggleswade,NA,3616
2349,1680,1683,Colchester,Essex,Essex,Colchester,NA,10252
2380,1678,1683,Bicester,Oxfordshire,Oxfordshire,Bicester,NA,3532
2383,1680,1683,St Martin in the Fields,Middlesex,Middlesex,St Martin in the Fields,ID_30034,NA
2424,1682,1684,Balking,Berkshire,Berkshire,NA,NA,NA
2555,1680,1684,St Martin in the Fields,Middlesex,Middlesex,St Martin in the Fields,ID_30034,NA
2603,1680,1684,St Botolph Aldersgate,London,Middlesex,St Botolph Aldersgate,ID_30061,NA
2849,1680,1684,Southwark,Surrey,Surrey,NA,NA,NA
3373,1681,1684,Arettam,Surrey,Surrey,NA,NA,NA
3418,1682,1683,London,London,Middlesex,NA,NA,NA
3575,1681,1684,Campton,Bedfordshire,Bedfordshire,Campton,NA,7707
3724,1680,1684,Pooksley Green,Northamptonshire,Northamptonshire,NA,NA,NA
4277,1682,1683,London,London,Middlesex,NA,NA,NA
4478,1682,1684,Highworth,Wiltshire,Wiltshire,Highworth,NA,21841
4739,1680,1684,Mendham,Norfolk,Norfolk,NA,NA,NA
5011,1681,1684,St Martin in the Fields,Middlesex,Middlesex,St Martin in the Fields,ID_30034,NA
5059,1682,1684,St Paul Shadwell,Middlesex,Middlesex,St Paul Shadwell,ID_30184,NA
5156,1682,1684,London,London,Middlesex,NA,NA,NA
5260,1679,1684,St Ives,Huntingdonshire,Huntingdonshire,St Ives,NA,41785
5264,1681,1684,Watford,Hertfordshire,Hertfordshire,Watford,NA,48046
5475,1681,1684,Waltham St Laurence,Berkshire,Berkshire,NA,NA,NA
5559,1679,1684,St Mary Newington,Surrey,Surrey,Newington,ID_30005,NA
5781,1682,1684,London,London,Middlesex,NA,NA,NA
6117,1679,1683,Worcester,Worcestershire,Worcestershire,Worcester,NA,50943
6460,1682,1683,Cheshunt,Hertfordshire,Hertfordshire,Cheshunt,NA,9027
6901,1682,1684,St Paul Covent Garden,Middlesex,Middlesex,St Paul Covent Garden,ID_30031,NA
7211,1677,1684,Clerkenwell,Middlesex,Middlesex,St James Clerkenwell,ID_127865,NA
7219,1683,1683,London,London,Middlesex,NA,NA,NA
7465,1679,1684,Hoddesdon,Hertfordshire,Hertfordshire,Hoddesdon,NA,22185
7534,1681,1684,Exeter,Lancashire,Lancashire,NA,NA,NA
7691,1682,1684,Heyworth,Wiltshire,Wiltshire,NA,NA,NA
8267,1681,1683,Isle of Ely,Cambridgeshire,Cambridgeshire,Ely,NA,15168
8686,1682,1684,Worcester,Worcestershire,Worcestershire,Worcester,NA,50943
8762,1679,1684,Fulham,Middlesex,Middlesex,Fulham,NA,17119
8924,1682,1684,Tenbury,Worcestershire,Worcestershire,Tenbury,NA,63997
9137,1680,1684,Tewkesbury,Gloucestershire,Gloucestershire,Tewkesbury,NA,44069
9965,1681,1684,Leyton,Bedfordshire,Bedfordshire,NA,NA,NA
10600,1681,1684,Ennerby,Lincolnshire,Lincolnshire,NA,NA,NA
10676,1682,1683,Bradley,Wiltshire,Wiltshire,NA,NA,NA
10709,1684,1684,London,London,Middlesex,NA,NA,NA
11133,1681,1683,Daventry,Northamptonshire,Northamptonshire,Daventry,NA,12699
11357,1680,1683,Brentford,Middlesex,Middlesex,Brentford,NA,5526
11382,1679,1684,Littleton,Middlesex,Middlesex,Littleton,NA,26914
11402,1678,1683,St Giles in the Fields,Middlesex,Middlesex,St Giles in the Fields,ID_30018,NA
11625,1677,1684,London,London,Middlesex,NA,NA,NA
11652,1681,1683,Colerne,Wiltshire,Wiltshire,Colerne,NA,10346
11876,1679,1683,St Martin,Middlesex,Middlesex,St Martin in the Fields,ID_30034,NA
12004,1683,1684,Oundle,Northamptonshire,Northamptonshire,Oundle,NA,34212
12282,1681,1683,Weyhill,Hampshire,Hampshire,Weyhill,NA,49217
12416,1681,1684,St Clement Danes,Middlesex,Middlesex,St Clement Danes,ID_30015,NA
12919,1681,1683,London,London,Middlesex,NA,NA,NA
13310,1677,1684,Brentwood,Essex,Essex,Brentwood,NA,5532
13472,1680,1684,London,London,Middlesex,NA,NA,NA
13543,1677,1684,St Botolph Aldgate,Middlesex,Middlesex,St Botolph Aldgate,ID_30153,NA
13823,1678,1683,Frizington Hall in Arlecdon,Cumberland,Cumberland,NA,NA,NA
13840,1681,1683,Cirencester,Gloucestershire,Gloucestershire,Cirencester,NA,9528
13921,1677,1683,Thetford,Norfolk,Norfolk,Thetford,NA,44440
13939,1682,1683,St Giles Cripplegate,London,Middlesex,St Giles Cripplegate,ID_30100,NA
13976,1683,1684,Tetbury,Gloucestershire,Gloucestershire,Tetbury,NA,44047
14179,1679,1683,Stepney,Middlesex,Middlesex,St Dunstan Stepney,ID_30169,NA
14200,1680,1684,London,London,Middlesex,NA,NA,NA
14266,1682,1683,St Mary Whitechapel,Middlesex,Middlesex,St Mary Whitechapel,ID_127867,NA
2121,1685,1687,London,London,Middlesex,NA,NA,NA
3374,1686,1687,Poyke,Worcestershire,Worcestershire,NA,NA,NA
3540,1683,1689,Putney,Surrey,Surrey,Putney,NA,37033
4240,1684,1687,Gravesend,Kent,Kent,Gravesend,NA,18502
8198,1685,1686,Crewkerne,Somerset,Somerset,Crewkerne,NA,11542
8635,1682,1689,Barborne,Worcestershire,Worcestershire,NA,NA,NA
12296,1681,NA,St Margaret Westminster,Middlesex,Middlesex,St Margaret Westminster,ID_127869,NA
672,1680,1684,St Bees,Cumberland,Cumberland,St Bees,NA,41679
1677,1681,1685,Ashley,Cambridgeshire,Cambridgeshire,Ashley,NA,1401
1807,1682,1685,Redermaster,Worcestershire,Worcestershire,NA,NA,NA
2477,1683,1685,Hagbourne,Berkshire,Berkshire,NA,NA,NA
2651,1684,1685,Nottingham,Nottinghamshire,Nottinghamshire,Nottingham,NA,33480
3819,1683,1685,London,London,Middlesex,NA,NA,NA
3965,1682,1685,Weston Subedge,Gloucestershire,Gloucestershire,Weston Subedge,NA,64909
4364,1680,1684,London,London,Middlesex,NA,NA,NA
4953,1682,1684,St Giles in the Fields,Middlesex,Middlesex,St Giles in the Fields,ID_30018,NA
5763,1681,1684,London,London,Middlesex,NA,NA,NA
5803,1682,1684,Twyford,Derbyshire,Derbyshire,Twyford,NA,46476
6433,1680,1685,Bristol,Somerset,Somerset,Bristol,NA,288655
6569,1681,1685,Newcastle upon Tyne,Northumberland,Northumberland,Newcastle upon Tyne,NA,32435
6649,1679,1685,Buckhamen,Surrey,Surrey,NA,NA,NA
6783,1681,1685,Ambry,Yorkshire,Yorkshire,NA,NA,NA
7460,1682,1685,Deptford,Kent,Kent,Deptford,NA,12973
7773,1681,1685,London,London,Middlesex,NA,NA,NA
8601,1681,1685,London,London,Middlesex,NA,NA,NA
9028,1682,1686,St Dunstan in the West,Middlesex,Middlesex,St Dunstan in the West,ID_127855,NA
9059,1680,1684,Linstock Castle,Cumberland,Cumberland,NA,NA,NA
9154,1682,1684,Colchester,Essex,Essex,Colchester,NA,10252
9257,1679,1685,Bramstone,Northamptonshire,Northamptonshire,NA,NA,NA
9503,1681,1684,London,London,Middlesex,NA,NA,NA
9520,1682,1684,"Ratcliff, Stepney",Middlesex,Middlesex,Ratcliffe,ID_30177,NA
10862,1682,1685,St Martin Vintry,London,Middlesex,St Martin Vintry,ID_30077,NA
11134,1683,1685,Seascale,Cumberland,Cumberland,Seascale,NA,39634
11275,1683,1685,Downham,Lancashire,Lancashire,Downham,NA,13458
11425,1680,1685,Southampton,Hampshire,Hampshire,Southampton,NA,41322
12017,1681,1685,London,London,Middlesex,NA,NA,NA
13237,1679,1684,London,London,Middlesex,NA,NA,NA
13501,1679,1684,London,London,Middlesex,NA,NA,NA
13874,1681,1685,Sawbridgeworth,Hertfordshire,Hertfordshire,Sawbridgeworth,NA,39380
14211,1683,1685,Hursley,Hampshire,Hampshire,Hursley,NA,23279
254,1683,1685,Daventry,Northamptonshire,Northamptonshire,Daventry,NA,12699
284,1678,1685,Moversbury,Gloucestershire,Gloucestershire,NA,NA,NA
388,1681,1685,Upper Tabley,Cheshire,Cheshire,NA,NA,NA
439,1684,1685,Egham,Surrey,Surrey,Egham,NA,14901
440,1684,1685,Egham,Surrey,Surrey,Egham,NA,14901
443,1680,1685,Bath,Somerset,Somerset,Bath,NA,2744
615,1682,1685,London,London,Middlesex,NA,NA,NA
722,1678,1684,London,London,Middlesex,NA,NA,NA
841,1683,1684,London,London,Middlesex,NA,NA,NA
981,1678,1685,Staines,Middlesex,Middlesex,Staines,NA,41965
1119,1682,1685,Cirencester,Gloucestershire,Gloucestershire,Cirencester,NA,9528
1156,1682,1685,Exeter,Devon,Devon,Exeter,NA,15586
1291,1678,1684,Pitminster,Somerset,Somerset,Pitminster,NA,36000
1713,1683,1685,Weston,Somerset,Somerset,Weston,NA,49076
1763,1680,1685,Lewisham,Kent,Kent,Lewisham,NA,26147
2271,1682,1685,Stepney,Middlesex,Middlesex,St Dunstan Stepney,ID_30169,NA
2427,1679,1685,London,London,Middlesex,NA,NA,NA
2428,1680,1685,St Leonard Shoreditch,Middlesex,Middlesex,St Leonard Shoreditch,ID_30170,NA
2519,1681,1685,London,London,Middlesex,NA,NA,NA
2541,1683,1684,London,London,Middlesex,NA,NA,NA
2746,1680,1685,Westminster,Middlesex,Middlesex,NA,NA,NA
2822,1682,1685,Clapham,Surrey,Surrey,Clapham,NA,9592
2913,1681,1685,Hackney,Middlesex,Middlesex,Hackney,NA,19524
3190,1679,1684,Shrewsbury,Shropshire,Shropshire,Shrewsbury,NA,40345
3502,1677,1684,Wells,Somerset,Somerset,Wells,NA,48288
3627,1682,1685,Belton,Leicestershire,Leicestershire,Belton,NA,3233
4001,1683,1685,Kilby,Leicestershire,Leicestershire,Kilby,NA,24274
4109,1677,1685,Shenley,Hertfordshire,Hertfordshire,Shenley,NA,40037
4248,1682,1684,Southwark,Surrey,Surrey,NA,NA,NA
4274,1679,1684,Gillingham,Kent,Kent,Gillingham,NA,17706
4368,1681,1685,Coventry,Warwickshire,Warwickshire,Coventry,NA,11138
4388,1682,1685,London,London,Middlesex,NA,NA,NA
4393,1681,1685,Chesterfield,Derbyshire,Derbyshire,Chesterfield,NA,9041
4955,1680,1685,Epping,Essex,Essex,Epping,NA,15406
5078,1677,1684,Petworth,Sussex,Sussex,Petworth,NA,35755
5195,1680,1685,London,London,Middlesex,NA,NA,NA
5242,1683,1685,Bishops Waltham,Hampshire,Hampshire,Bishops Waltham,NA,56031
5335,1681,1685,St Giles Cripplegate,London,Middlesex,St Giles Cripplegate,ID_30100,NA
5348,1681,1685,London,London,Middlesex,NA,NA,NA
5438,1682,1685,St Martin in the Fields,Middlesex,Middlesex,St Martin in the Fields,ID_30034,NA
5494,1682,1685,Norton Folagte,Middlesex,Middlesex,Liberty of Norton Folgate,ID_127860,NA
5666,1680,1685,St Giles in the Fields,Middlesex,Middlesex,St Giles in the Fields,ID_30018,NA
5825,1680,1685,Preston,Herefordshire,Herefordshire,NA,NA,NA
5831,1681,1684,St Saviour,Surrey,Surrey,St Saviour Southwark,ID_30001,NA
5920,1683,1684,Stevenage,Hertfordshire,Hertfordshire,Stevenage,NA,42354
5942,1682,1685,Stepney,Middlesex,Middlesex,St Dunstan Stepney,ID_30169,NA
6246,1682,1684,Tetbury,Gloucestershire,Gloucestershire,Tetbury,NA,44047
6442,1682,1685,St Mary Whitechapel,Middlesex,Middlesex,St Mary Whitechapel,ID_127867,NA
6487,1683,1684,NA,Cornwall,Cornwall,NA,NA,NA
6584,1681,1684,London,London,Middlesex,NA,NA,NA
6697,1683,1685,Dartford,Kent,Kent,Dartford,NA,12673
6761,1678,1684,Deddington,Oxfordshire,Oxfordshire,Deddington,NA,12809
6940,1681,1685,Kingston,Herefordshire,Herefordshire,NA,NA,NA
7112,1684,1685,St Martin in the Fields,Middlesex,Middlesex,St Martin in the Fields,ID_30034,NA
7174,1683,1685,Langdonhaver,Denbighshire,Denbighshire,NA,NA,NA
7297,1680,1684,Kings Sutton,Northamptonshire,Northamptonshire,Kings Sutton,NA,24511
7318,1683,1684,London,London,Middlesex,NA,NA,NA
7518,1679,1684,Newcastle upon Tyne,Northumberland,Northumberland,Newcastle upon Tyne,NA,32435
7539,1683,1685,St Leonard Shoreditch,Middlesex,Middlesex,St Leonard Shoreditch,ID_30170,NA
7641,1680,1684,Feversham,Kent,Kent,Faversham,NA,15905
7666,1680,1684,Woolley,Yorkshire,Yorkshire,Woolley,NA,50850
7784,1682,1684,Manton,Essex,Essex,NA,NA,NA
7824,1682,1684,NA,Surrey,Surrey,NA,NA,NA
8134,1680,1684,Much Waltham,Essex,Essex,NA,NA,NA
8203,1683,1685,London,London,Middlesex,NA,NA,NA
8246,1681,1684,Camot,Northamptonshire,Northamptonshire,NA,NA,NA
8341,1680,1685,London,London,Middlesex,NA,NA,NA
8355,1680,1684,London,London,Middlesex,NA,NA,NA
8482,1683,1685,St Andrew Holborn,Middlesex,Middlesex,St Andrew Holborn,ID_127848,NA
8508,1680,1685,Gloucester,Gloucestershire,Gloucestershire,Gloucester,NA,17982
8656,1682,1684,St Botolph Aldgate,London,Middlesex,St Botolph Aldgate,ID_30153,NA
8680,1682,1685,London,London,Middlesex,NA,NA,NA
9069,1681,1684,Shrewsbury,Shropshire,Shropshire,Shrewsbury,NA,40345
9194,1683,1685,Islip,Northamptonshire,Northamptonshire,Islip,NA,23757
9244,1683,1685,Writtle,Essex,Essex,Writtle,NA,51125
9283,1679,1685,St Lawrence,Caernarvonshire,Caernarvonshire,NA,NA,NA
9407,1677,1684,St Olave Southwark,Surrey,Surrey,St Olave Southwark,ID_30002,NA
9414,1683,1684,Stafford,Staffordshire,Staffordshire,Stafford,NA,41948
9416,1677,1684,London,London,Middlesex,NA,NA,NA
9649,1683,1685,Tattenshall,Lincolnshire,Lincolnshire,NA,NA,NA
9741,1683,1685,Harting,Sussex,Sussex,Harting,NA,59294
9784,1680,1685,London,London,Middlesex,NA,NA,NA
10353,1684,1685,St Saviour Southwark,Surrey,Surrey,St Saviour Southwark,ID_30001,NA
10414,1681,1684,Midsam,Yorkshire,Yorkshire,NA,NA,NA
10782,1679,1684,St Martin in the Fields,Middlesex,Middlesex,St Martin in the Fields,ID_30034,NA
10806,1680,1684,Kingsclere,Hampshire,Hampshire,Kingsclere,NA,24531
11019,1681,1684,London,London,Middlesex,NA,NA,NA
11020,1681,1685,London,London,Middlesex,NA,NA,NA
11219,1682,1684,Bucknell,Oxfordshire,Oxfordshire,Bucknell,NA,6701
11328,1680,1685,St Mary Overy Southwark,Surrey,Surrey,St Saviour Southwark,ID_30001,NA
11399,1682,1685,London,London,Middlesex,NA,NA,NA
11445,1681,1684,London,London,Middlesex,NA,NA,NA
11991,1683,1685,London,London,Middlesex,NA,NA,NA
12118,1684,1685,Westminster,Middlesex,Middlesex,NA,NA,NA
12308,1679,1684,Northolt,Middlesex,Middlesex,Northolt,NA,33351
12340,1683,1684,Hook Norton,Oxfordshire,Oxfordshire,Hook Norton,NA,22633
12404,1680,1684,London,London,Middlesex,NA,NA,NA
12433,1682,1684,Remsey,Wiltshire,Wiltshire,NA,NA,NA
12548,1680,1684,Doncaster,Yorkshire,Yorkshire,Doncaster,NA,13310
12589,1681,1685,London,London,Middlesex,NA,NA,NA
12843,1681,1685,Guildford,Surrey,Surrey,Guildford,NA,19326
12885,1680,1684,Deptford,Kent,Kent,Deptford,NA,12973
13026,1681,1685,London,London,Middlesex,NA,NA,NA
13049,1683,1685,Uxbridge,Middlesex,Middlesex,Uxbridge,NA,47245
13148,1681,1684,Bunny,Nottinghamshire,Nottinghamshire,Bunny,NA,6832
13305,1678,1684,London,London,Middlesex,NA,NA,NA
13741,1683,1684,Stepney,Middlesex,Middlesex,St Dunstan Stepney,ID_30169,NA
13789,1679,1684,Hendon,Middlesex,Middlesex,Hendon,NA,21158
13832,NA,1684,Dorchester,Dorset,Dorset,Dorchester,NA,13340
13857,1680,1685,Towcester,Northamptonshire,Northamptonshire,Towcester,NA,45363
13969,1682,1685,Hay,Breconshire,Breconshire,NA,NA,NA
13974,1682,1684,Slade Borne,Yorkshire,Yorkshire,NA,NA,NA
13993,1683,1685,Woodchester,Gloucestershire,Gloucestershire,Woodchester,NA,50515
14110,1680,1685,Simonburn,Northumberland,Northumberland,Simonburn,NA,40511
758,NA,1686,London,London,Middlesex,NA,NA,NA
1769,1680,1685,Weston,Buckinghamshire,Buckinghamshire,NA,NA,NA
2761,1682,1686,Wellingborough,Northamptonshire,Northamptonshire,Wellingborough,NA,48267
3008,1681,1685,Southwark,Surrey,Surrey,NA,NA,NA
3071,1680,1686,Romford,Essex,Essex,Romford,NA,38417
3362,1683,1686,Gunville,Dorset,Dorset,NA,NA,NA
3706,1684,1686,Southwark,Surrey,Surrey,NA,NA,NA
4136,1682,1686,Clanwollay,Caernarvonshire,Caernarvonshire,NA,NA,NA
4273,1681,1686,Hever,Kent,Kent,Hever,NA,21393
4491,1682,1686,Edmonton,Middlesex,Middlesex,Edmonton,NA,14841
4689,1683,1686,Northampton,Northamptonshire,Northamptonshire,Northampton,NA,33285
4993,1683,1686,Newton Harcourt,Leicestershire,Leicestershire,Newton Harcourt,NA,32674
5023,1684,1686,London,London,Middlesex,NA,NA,NA
5747,1685,1686,Wotton under Edge,Gloucestershire,Gloucestershire,Wotton under Edge,NA,51055
6434,1681,1686,Reading,Berkshire,Berkshire,Reading,NA,37532
6575,1682,1686,East Greenwich,Kent,Kent,East Greenwich,NA,NA
6766,1683,1686,Featherstone,Staffordshire,Staffordshire,Featherstone,NA,15934
6772,1682,NA,Ravenstonedale,Westmorland,Westmorland,Ravenstonedale,NA,37489
7091,1679,1685,St Botolph Bishopsgate,London,Middlesex,St Botolph Bishopsgate,ID_127859,NA
7216,1681,1686,London,London,Middlesex,NA,NA,NA
7255,1685,1686,Oxford,Oxfordshire,Oxfordshire,Oxford,NA,34379
7899,1683,1685,Hounslow,Middlesex,Middlesex,Hounslow,NA,22970
8505,1685,1686,Pontesbury,Shropshire,Shropshire,Pontesbury,NA,36318
8558,1682,1686,Twickenham,Middlesex,Middlesex,Twickenham,NA,46439
9311,1682,1686,Folkingham,Lincolnshire,Lincolnshire,Folkingham,NA,16542
9315,1684,1685,St Mary Staining,London,Middlesex,St Mary Staining,ID_30079,NA
9525,1683,1686,St Clement Danes,Middlesex,Middlesex,St Clement Danes,ID_30015,NA
9762,1679,1683,"Woodland, Horton",Somerset,Somerset,NA,NA,NA
10005,1685,1686,London,London,Middlesex,NA,NA,NA
10578,1685,1686,St Martin in the Fields,Middlesex,Middlesex,St Martin in the Fields,ID_30034,NA
10833,1682,1686,London,London,Middlesex,NA,NA,NA
11318,1684,1686,Bigginen,Hertfordshire,Hertfordshire,NA,NA,NA
11353,1685,1686,London,London,Middlesex,NA,NA,NA
11767,1682,1686,London,London,Middlesex,NA,NA,NA
12682,1683,1686,London,London,Middlesex,NA,NA,NA
13296,1685,1686,London,London,Middlesex,NA,NA,NA
13561,1685,1686,Alderbury,Wiltshire,Wiltshire,Alderbury,NA,542
14063,1684,1686,Stanton,Staffordshire,Staffordshire,Stanton,NA,42140
14173,1678,1685,St Giles,Middlesex,Middlesex,St Giles in the Fields,ID_30018,NA
189,1683,1685,St Giles in the Fields,Middlesex,Middlesex,St Giles in the Fields,ID_30018,NA
368,1683,1686,St Martin in the Fields,Middlesex,Middlesex,St Martin in the Fields,ID_30034,NA
872,1685,1686,New Street,London,Middlesex,NA,NA,NA
967,1685,1686,London,London,Middlesex,NA,NA,NA
976,1682,1685,Reading,Berkshire,Berkshire,Reading,NA,37532
1013,1682,1686,Pelton,Warwickshire,Warwickshire,NA,NA,NA
1265,1682,1685,London,London,Middlesex,NA,NA,NA
1348,1681,1686,Melton Mowbray,Leicestershire,Leicestershire,Melton Mowbray,NA,29987
1442,1683,1686,Malpas,Cheshire,Cheshire,Malpas,NA,29221
1558,1679,1685,London,London,Middlesex,NA,NA,NA
1605,1682,1685,Colchester,Essex,Essex,Colchester,NA,10252
1638,1684,1686,Broughton,Nottinghamshire,Nottinghamshire,NA,NA,NA
1640,1680,1685,Broughton,Nottinghamshire,Nottinghamshire,NA,NA,NA
1783,1684,1685,St Giles without Cripplegate,Middlesex,Middlesex,St Giles Cripplegate,ID_30100,NA
1869,1683,1685,Norwich,Norfolk,Norfolk,Norwich,NA,33455
1917,1681,1685,St Katherine by the Tower,London,Middlesex,Precinct of St Katherine,ID_30181,NA
1991,1682,1685,Marlborough,Wiltshire,Wiltshire,Marlborough,NA,29474
2020,1680,1685,Chelsfield,Kent,Kent,Chelsfield,NA,8963
2131,1685,1685,London,London,Middlesex,NA,NA,NA
2474,1680,1685,Malmesbury,Wiltshire,Wiltshire,Malmesbury,NA,29219
2652,1684,1686,London,London,Middlesex,NA,NA,NA
2672,1683,1685,Market Weighton,Yorkshire,Yorkshire,Market Weighton,NA,29453
2702,1681,1686,Halam,Nottinghamshire,Nottinghamshire,Halam,NA,19641
2899,1684,1686,London,London,Middlesex,NA,NA,NA
3093,1683,1685,Fitzhead,Somerset,Somerset,Fitzhead,NA,16363
3175,1684,1686,London,London,Middlesex,NA,NA,NA
3375,1682,1686,Hungerford,Berkshire,Berkshire,Hungerford,NA,NA
3395,1685,1686,London,London,Middlesex,NA,NA,NA
3491,1685,1686,St Andrew Holborn,Middlesex,Middlesex,St Andrew Holborn,ID_127848,NA
3562,1679,1686,London,London,Middlesex,NA,NA,NA
3588,1681,1686,London,London,Middlesex,NA,NA,NA
3601,1683,1685,Scraton,Yorkshire,Yorkshire,NA,NA,NA
3613,1680,1685,West Hallam,Derbyshire,Derbyshire,West Hallam,NA,48611
3715,1681,1686,Scotsgrove,Buckinghamshire,Buckinghamshire,NA,NA,NA
4126,1680,1685,Lambeth,Surrey,Surrey,St Mary Lambeth,ID_127857,NA
4353,1680,1685,St Andrew Holborn,Middlesex,Middlesex,St Andrew Holborn,ID_127848,NA
4420,1683,1685,St Martin in the Fields,Middlesex,Middlesex,St Martin in the Fields,ID_30034,NA
4963,1682,1686,Trinity Minories,Middlesex,Middlesex,Holy Trinity Minories,ID_30163,NA
5074,1684,1685,London,London,Middlesex,NA,NA,NA
5113,1685,1685,St Leonard Shoreditch,Middlesex,Middlesex,St Leonard Shoreditch,ID_30170,NA
5309,1684,1685,Newton,Cambridgeshire,Cambridgeshire,NA,NA,NA
5504,1684,1686,London,London,Middlesex,NA,NA,NA
5646,1680,1686,Corsham,Wiltshire,Wiltshire,Corsham,NA,10931
5761,1681,1686,Dorchester,Dorset,Dorset,Dorchester,NA,13340
5964,1681,1686,Portsmouth,Hampshire,Hampshire,Portsmouth,NA,36626
6020,1682,1685,Innham,Hampshire,Hampshire,NA,NA,NA
6145,1681,1686,Shadwell,Middlesex,Middlesex,St Paul Shadwell,ID_30184,NA
6175,1684,1685,London,London,Middlesex,NA,NA,NA
6193,1683,1686,Deal,Kent,Kent,Deal,NA,12748
6325,1684,1685,St Giles in the Fields,Middlesex,Middlesex,St Giles in the Fields,ID_30018,NA
6358,1682,1685,Breage,Cornwall,Cornwall,Breage,NA,5458
6453,1683,1685,Maidenhead,Berkshire,Berkshire,Maidenhead,NA,29145
6785,1681,1685,Denton,Northamptonshire,Northamptonshire,Denton,NA,12949
6993,1682,1686,Northampton,Northamptonshire,Northamptonshire,Northampton,NA,33285
7100,1681,1686,London,London,Middlesex,NA,NA,NA
7167,1682,1685,London,London,Middlesex,NA,NA,NA
7199,1681,1686,Poplar,Middlesex,Middlesex,Poplar,ID_30173,NA
7363,1682,1685,St Andrew Holborn,Middlesex,Middlesex,St Andrew Holborn,ID_127848,NA
7417,1682,1685,Wendover,Buckinghamshire,Buckinghamshire,Wendover,NA,48352
7473,1685,1686,London,London,Middlesex,NA,NA,NA
7536,1685,1685,Shoreditch,Middlesex,Middlesex,St Leonard Shoreditch,ID_30170,NA
7840,1684,1686,London,London,Middlesex,NA,NA,NA
7885,1681,1685,London,London,Middlesex,NA,NA,NA
8051,1681,1686,London,London,Middlesex,NA,NA,NA
8215,1684,1685,Astye,Wiltshire,Wiltshire,NA,NA,NA
8351,1681,1686,Lowick,Northamptonshire,Northamptonshire,Lowick,NA,28713
8420,1681,1685,Southwark,Surrey,Surrey,NA,NA,NA
8472,1679,1686,London,London,Middlesex,NA,NA,NA
8516,1682,1686,Yarmouth,Norfolk,Norfolk,Great Yarmouth,NA,18774
8698,1681,1686,Thistleworth,Middlesex,Middlesex,NA,NA,NA
8708,1681,1686,Uxerton,Staffordshire,Staffordshire,NA,NA,NA
9219,1679,1686,London,London,Middlesex,NA,NA,NA
9536,1678,1685,Black Bourton,Oxfordshire,Oxfordshire,Black Bourton,NA,3950
9644,1681,1686,London,London,Middlesex,NA,NA,NA
9793,1681,1686,London,London,Middlesex,NA,NA,NA
10043,1681,1686,Thatcham,Berkshire,Berkshire,Thatcham,NA,44087
10044,1682,1686,London,London,Middlesex,NA,NA,NA
10254,1679,1685,Canterbury,Kent,Kent,Canterbury,NA,7771
10464,1684,1685,Earby,Lincolnshire,Lincolnshire,NA,NA,NA
10512,1683,1686,London,London,Middlesex,NA,NA,NA
10866,1680,1685,Rouston,Lincolnshire,Lincolnshire,NA,NA,NA
10936,1680,1686,London,London,Middlesex,NA,NA,NA
10963,1684,1685,London,London,Middlesex,NA,NA,NA
11186,1680,1685,West Lavington,Wiltshire,Wiltshire,West Lavington,NA,48693
11320,1683,1686,Hoddesdon,Hertfordshire,Hertfordshire,Hoddesdon,NA,22185
11325,1680,1685,St Andrew Holborn,Middlesex,Middlesex,St Andrew Holborn,ID_127848,NA
11463,1684,1685,Shefford,Bedfordshire,Bedfordshire,Shefford,NA,39983
11541,1684,1686,St Albans,Hertfordshire,Hertfordshire,St Albans,NA,41656
11766,1680,1685,Woodford,Essex,Essex,Woodford,NA,50572
11855,1683,1686,Pontefract,Yorkshire,Yorkshire,Pontefract,NA,36314
11974,1684,1686,London,London,Middlesex,NA,NA,NA
12085,1684,1686,St Olave Southwark,Surrey,Surrey,St Olave Southwark,ID_30002,NA
12163,1683,1685,Woolford,Warwickshire,Warwickshire,NA,NA,NA
12185,1683,1686,London,London,Middlesex,NA,NA,NA
12238,1684,1685,St Andrew Holborn,Middlesex,Middlesex,St Andrew Holborn,ID_127848,NA
12495,1680,1686,Guildford,Surrey,Surrey,Guildford,NA,19326
12590,1680,1686,Burton,Leicestershire,Leicestershire,NA,NA,NA
12672,1683,1686,London,London,Middlesex,NA,NA,NA
12697,1682,1686,London,London,Middlesex,NA,NA,NA
12779,1680,1686,London,London,Middlesex,NA,NA,NA
12806,1684,1685,Ledbury,Herefordshire,Herefordshire,Ledbury,NA,25882
13074,1681,1686,Burford,Oxfordshire,Oxfordshire,Burford,NA,6867
13122,1683,1686,East Hanney,Berkshire,Berkshire,East Hanney,NA,14316
13140,1680,1686,Moreton,Surrey,Surrey,NA,NA,NA
13183,1681,1685,Heston,Middlesex,Middlesex,Heston,NA,21373
13430,1681,1686,Wethersteed,Cheshire,Cheshire,NA,NA,NA
13629,1681,1686,Kingston upon Thames,Surrey,Surrey,Kingston upon Thames,NA,24629
13646,1682,1686,Upholland,Lancashire,Lancashire,Upholland,NA,NA
13695,1684,1686,Bedworth,Warwickshire,Warwickshire,Bedworth,NA,3041
14097,1681,1685,Coleford,Gloucestershire,Gloucestershire,Coleford,NA,10332
14197,1681,1685,Poplar,Middlesex,Middlesex,Poplar,ID_30173,NA
14231,1681,1686,Egham,Surrey,Surrey,Egham,NA,14901
66,1687,1691,London,London,Middlesex,NA,NA,NA
371,1686,1690,London,London,Middlesex,NA,NA,NA
488,1683,1689,Killingworth,Warwickshire,Warwickshire,NA,NA,NA
587,1688,1690,St Martin in the Fields,Middlesex,Middlesex,St Martin in the Fields,ID_30034,NA
767,1685,1689,NA,Buckinghamshire,Buckinghamshire,NA,NA,NA
805,1689,1691,London,London,Middlesex,NA,NA,NA
1012,1687,1689,St Paul Covent Garden,Middlesex,Middlesex,St Paul Covent Garden,ID_30031,NA
1491,1687,1691,Stepney,Middlesex,Middlesex,St Dunstan Stepney,ID_30169,NA
3076,1686,1690,Stamford,Lincolnshire,Lincolnshire,Stamford,NA,42021
3177,1683,1689,Beddington,Surrey,Surrey,Beddington,NA,3000
3223,1687,1689,St Benet Fink,London,Middlesex,St Benet Fink,ID_30130,NA
3281,1683,1688,London,London,Middlesex,NA,NA,NA
3435,1689,1691,Fulbourn,Cambridgeshire,Cambridgeshire,Fulbourn,NA,17112
3651,1687,NA,Deptford,Kent,Kent,Deptford,NA,12973
3836,1685,1691,Gravesend,Kent,Kent,Gravesend,NA,18502
3845,1689,1691,London,London,Middlesex,NA,NA,NA
4371,1688,1691,Walthamstow,Essex,Essex,Walthamstow,NA,47645
4454,1689,1691,East Smithfield,London,Middlesex,St Botolph Aldgate,ID_30153,NA
4597,1688,1691,Whitechapel,Middlesex,Middlesex,St Mary Whitechapel,ID_127867,NA
4837,1683,1688,London,London,Middlesex,NA,NA,NA
5001,1688,1691,St Botolph Bishopsgate,London,Middlesex,St Botolph Bishopsgate,ID_127859,NA
5009,1685,1689,London,London,Middlesex,NA,NA,NA
5137,1690,1691,New Windsor,Berkshire,Berkshire,NA,NA,NA
5814,1686,1690,Brigstock,Northamptonshire,Northamptonshire,Brigstock,NA,5741
5842,1687,1689,Southwark,Surrey,Surrey,NA,NA,NA
6302,1685,1689,Rotherhithe,Surrey,Surrey,St Mary Rotherhithe,ID_30008,NA
6651,1687,1689,Dover,Kent,Kent,Dover,NA,13407
6746,1689,1690,London,London,Middlesex,NA,NA,NA
7103,NA,1690,Cirencester,Gloucestershire,Gloucestershire,Cirencester,NA,9528
7407,1687,1689,Pattisham,Northamptonshire,Northamptonshire,NA,NA,NA
7767,NA,1689,St Mary Magdalen Bermondsey,Surrey,Surrey,St Mary Magdalen Bermondsey,ID_30004,NA
8214,1686,1688,Old Palace Westminster,Middlesex,Middlesex,St Margaret Westminster,ID_127869,NA
8224,1688,1691,Stepney,Middlesex,Middlesex,St Dunstan Stepney,ID_30169,NA
8820,1689,1690,Mitcheldever,Hampshire,Hampshire,NA,NA,NA
9098,1689,1691,London,London,Middlesex,NA,NA,NA
9343,1687,1688,St Martin in the Fields,Middlesex,Middlesex,St Martin in the Fields,ID_30034,NA
9425,1684,1688,St Anne,London,Middlesex,NA,NA,NA
9532,1689,1691,St James Westminster,Middlesex,Middlesex,St James Westminster,ID_30024,NA
9765,1690,1691,Lad Lane,London,Middlesex,NA,NA,NA
9913,1686,1689,Highgate,Middlesex,Middlesex,Highgate,NA,21782
9938,1687,1690,London,London,Middlesex,NA,NA,NA
10445,1686,1688,Newport Pagnell,Buckinghamshire,Buckinghamshire,Newport Pagnell,NA,32580
11262,1689,1691,Stepney,Middlesex,Middlesex,St Dunstan Stepney,ID_30169,NA
11473,1687,1690,NA,Herefordshire,Herefordshire,NA,NA,NA
11798,1685,1691,Whitechapel,Middlesex,Middlesex,St Mary Whitechapel,ID_127867,NA
12303,1685,1689,London,London,Middlesex,NA,NA,NA
13286,1689,1691,NA,Northamptonshire,Northamptonshire,NA,NA,NA
13478,1688,1690,Wind,Wiltshire,Wiltshire,NA,NA,NA
13784,1686,1691,Tenbury,Worcestershire,Worcestershire,Tenbury,NA,63997
604,1682,1686,Egham,Surrey,Surrey,Egham,NA,14901
653,1681,1686,St Martin in the Fields,Middlesex,Middlesex,St Martin in the Fields,ID_30034,NA
661,1685,1686,London,London,Middlesex,NA,NA,NA
827,1682,1686,Willesden,Middlesex,Middlesex,Willesden,NA,49907
886,1682,1687,London,London,Middlesex,NA,NA,NA
1636,1682,1687,Chesterfield,Derbyshire,Derbyshire,Chesterfield,NA,9041
1716,1682,1687,London,London,Middlesex,NA,NA,NA
1768,1682,1686,London,London,Middlesex,NA,NA,NA
1781,1682,1686,London,London,Middlesex,NA,NA,NA
1785,NA,1687,St Paul Shadwell,Middlesex,Middlesex,St Paul Shadwell,ID_30184,NA
1871,1684,1686,London,London,Middlesex,NA,NA,NA
2047,1683,1686,Lindfeild,Sussex,Sussex,NA,NA,NA
2344,1680,1687,Islington,Middlesex,Middlesex,St Mary Islington,ID_30043,NA
2585,1682,1688,Fyfield,Essex,Essex,Fyfield,NA,17192
2661,1683,1687,Basford,Nottinghamshire,Nottinghamshire,NA,NA,NA
2695,1682,1687,London,London,Middlesex,NA,NA,NA
3232,1681,1686,London,London,Middlesex,NA,NA,NA
3366,1683,1687,Boreton,Westmorland,Westmorland,NA,NA,NA
3497,1684,1686,Kibworth,Leicestershire,Leicestershire,NA,NA,NA
3514,NA,1686,London,London,Middlesex,NA,NA,NA
3553,1683,1687,Salisbury,Wiltshire,Wiltshire,Salisbury,NA,39066
3667,1686,1688,St Mary Magdalen Bermondsey,Surrey,Surrey,St Mary Magdalen Bermondsey,ID_30004,NA
3751,1683,1686,Maxstoke Castle,Warwickshire,Warwickshire,NA,NA,NA
4006,1682,1688,London,London,Middlesex,NA,NA,NA
4075,1683,1686,Kegworth,Leicestershire,Leicestershire,Kegworth,NA,23929
4327,1685,1688,London,London,Middlesex,NA,NA,NA
4713,1685,1687,London,London,Middlesex,NA,NA,NA
4721,1682,1686,Higham Ferrers,Northamptonshire,Northamptonshire,Higham Ferrers,NA,21640
5299,1681,1685,London,London,Middlesex,NA,NA,NA
5357,1683,1687,London,London,Middlesex,NA,NA,NA
5459,1683,1687,Epsom,Surrey,Surrey,Epsom,NA,15413
5574,1682,1686,Huntingdon,Huntingdonshire,Huntingdonshire,Huntingdon,NA,23215
6236,1684,1687,London,London,Middlesex,NA,NA,NA
6387,1684,1687,St Andrew Holborn,Middlesex,Middlesex,St Andrew Holborn,ID_127848,NA
6572,1683,1686,Haddenham,Buckinghamshire,Buckinghamshire,Haddenham,NA,19536
6902,1680,1685,Burton,Staffordshire,Staffordshire,Burton,NA,56681
6928,1682,1688,St Mary Magdalen Bermondsey,Surrey,Surrey,St Mary Magdalen Bermondsey,ID_30004,NA
7014,1682,1687,Harrow on the Hill,Middlesex,Middlesex,Harrow on the Hill,NA,20312
7092,1681,1687,Brentford,Middlesex,Middlesex,Brentford,NA,5526
7143,1682,1687,Goring,Oxfordshire,Oxfordshire,Goring,NA,18245
7171,1685,1686,London,London,Middlesex,NA,NA,NA
7483,1686,1688,Newington Butts,Surrey,Surrey,Newington,ID_30005,NA
7687,1684,1687,Illogan,Cornwall,Cornwall,Illogan,NA,291342
7740,1684,1687,Osberton,Nottinghamshire,Nottinghamshire,Osberton,NA,293313
7831,1682,1687,Kingsey,Buckinghamshire,Buckinghamshire,Kingsey,NA,24549
7861,1684,1686,Westby,Yorkshire,Yorkshire,NA,NA,NA
7892,1683,1688,Llanllawthoggen,Carmarthenshire,Carmarthenshire,NA,NA,NA
8266,1681,1686,"Wisbech, Isle of Ely",Cambridgeshire,Cambridgeshire,NA,NA,NA
8377,1682,NA,London,London,Middlesex,NA,NA,NA
8500,1683,1687,St Bride,London,Middlesex,St Bride,ID_30049,NA
8916,1684,1685,Huyton,Lancashire,Lancashire,Huyton,NA,23354
9355,1681,1687,Burrough upon the Hill,Leicestershire,Leicestershire,NA,NA,NA
9501,1685,1686,Hatfield,Herefordshire,Herefordshire,Hatfield,NA,20492
10079,1685,1687,Fladbury,Worcestershire,Worcestershire,Fladbury,NA,16390
10164,1683,1686,St Albans,Hertfordshire,Hertfordshire,St Albans,NA,41656
10302,1683,1686,Dunsanger,Northamptonshire,Northamptonshire,NA,NA,NA
10376,1681,1687,London,London,Middlesex,NA,NA,NA
10690,1685,1687,London,London,Middlesex,NA,NA,NA
10769,1682,1686,London,London,Middlesex,NA,NA,NA
10871,1679,1685,London,London,Middlesex,NA,NA,NA
11377,1686,1687,Deptford,Kent,Kent,Deptford,NA,12973
11394,1683,1687,Thriber,Yorkshire,Yorkshire,NA,NA,NA
11741,1682,1686,London,London,Middlesex,NA,NA,NA
11765,1682,1686,London,London,Middlesex,NA,NA,NA
12007,1684,1687,Drayton,Shropshire,Shropshire,NA,NA,NA
12029,1682,1687,Sevenoaks,Kent,Kent,Sevenoaks,NA,39780
12234,1682,1689,Wigan,Lancashire,Lancashire,Wigan,NA,49798
12394,1680,1685,Balsham,Cambridgeshire,Cambridgeshire,Balsham,NA,288113
12490,1685,1687,Beachampton,Buckinghamshire,Buckinghamshire,Beachampton,NA,2851
12784,1682,1687,Bugbrooke,Northamptonshire,Northamptonshire,Bugbrooke,NA,6737
12910,1685,1686,Chichester,Sussex,Sussex,Chichester,NA,9094
13086,1681,1687,Edderston,Warwickshire,Warwickshire,NA,NA,NA
13248,1685,1687,Titchfield,Hampshire,Hampshire,Titchfield,NA,45027
13365,1684,1686,London,London,Middlesex,NA,NA,NA
13380,1685,1687,Stepney,Middlesex,Middlesex,St Dunstan Stepney,ID_30169,NA
13579,1681,1686,London,London,Middlesex,NA,NA,NA
13801,1684,1687,Sevenoaks,Kent,Kent,Sevenoaks,NA,39780
13893,1683,1688,London,London,Middlesex,NA,NA,NA
14190,1683,1687,London,London,Middlesex,NA,NA,NA
12,1685,1687,St Sepulchre,London,Middlesex,St Sepulchre,ID_30058,NA
107,1684,1686,St Dunstan Stepney,Middlesex,Middlesex,St Dunstan Stepney,ID_30169,NA
195,1683,1688,London,London,Middlesex,NA,NA,NA
264,1685,1685,St Martin in the Fields,Middlesex,Middlesex,St Martin in the Fields,ID_30034,NA
324,1684,1688,Bristol,Gloucestershire,Gloucestershire,Bristol,NA,288655
458,1682,1687,London,London,Middlesex,NA,NA,NA
619,1682,1687,Little Paston in Kipps,Yorkshire,Yorkshire,NA,NA,NA
892,1684,1687,Welsh Newton,Herefordshire,Herefordshire,Welsh Newton,NA,48311
935,1682,1687,London,London,Middlesex,NA,NA,NA
947,1684,1687,Stepney,Middlesex,Middlesex,St Dunstan Stepney,ID_30169,NA
962,1683,1687,Stepney,Middlesex,Middlesex,St Dunstan Stepney,ID_30169,NA
1078,1685,1687,Westley,Cambridgeshire,Cambridgeshire,NA,NA,NA
1082,1684,1687,London,London,Middlesex,NA,NA,NA
1170,1685,1687,Brewood,Staffordshire,Staffordshire,Brewood,NA,5561
1181,1680,1686,St Margaret Westminster,Middlesex,Middlesex,St Margaret Westminster,ID_127869,NA
1324,1680,1687,Marlborough,Wiltshire,Wiltshire,Marlborough,NA,29474
1325,1683,1687,Marlborough,Wiltshire,Wiltshire,Marlborough,NA,29474
1332,1681,1686,Oswestry,Shropshire,Shropshire,Oswestry,NA,34164
1453,1684,1687,Norton Folgate,London,Middlesex,Liberty of Norton Folgate,ID_127860,NA
1500,1684,1687,Curkosand,Cumberland,Cumberland,NA,NA,NA
1664,1681,1687,Stepney,Middlesex,Middlesex,St Dunstan Stepney,ID_30169,NA
1893,1682,1687,Tarlington,Leicestershire,Leicestershire,NA,NA,NA
1933,1684,1685,St Giles Cripplegate,London,Middlesex,St Giles Cripplegate,ID_30100,NA
2126,1680,1686,Greenwich,Kent,Kent,Greenwich,NA,19085
2144,1682,1687,Grindon,Staffordshire,Staffordshire,Grindon,NA,19208
2160,1680,1687,Staines,Middlesex,Middlesex,Staines,NA,41965
2255,1682,1687,Edmonton,Middlesex,Middlesex,Edmonton,NA,14841
2351,1681,1685,St Andrew Holborn,Middlesex,Middlesex,St Andrew Holborn,ID_127848,NA
2512,1680,1685,Wandsworth,Surrey,Surrey,Wandsworth,NA,47714
2522,1685,1689,London,London,Middlesex,NA,NA,NA
2575,1682,1685,London,London,Middlesex,NA,NA,NA
2588,1684,1687,Hackney,Middlesex,Middlesex,Hackney,NA,19524
2722,1687,1687,Bromley,Kent,Kent,Bromley,NA,6067
2762,1682,1686,Wellingborough,Northamptonshire,Northamptonshire,Wellingborough,NA,48267
2789,1683,1685,Hammersmith,Middlesex,Middlesex,Hammersmith,NA,19917
2845,1685,1686,Ipswich,Suffolk,Suffolk,Ipswich,NA,23691
2880,1681,1687,Hayley,Oxfordshire,Oxfordshire,NA,NA,NA
2964,1685,1687,London,London,Middlesex,NA,NA,NA
3012,1682,1687,Warwick,Warwickshire,Warwickshire,Warwick,NA,47885
3057,1683,1686,Tower Liberty,London,Middlesex,The Tower,ID_127864,NA
3090,1684,1685,London,London,Middlesex,NA,NA,NA
3224,1680,1686,Market Harborough,Leicestershire,Leicestershire,Market Harborough,NA,29447
3261,1685,1687,Bradfield,Essex,Essex,Bradfield,NA,5135
3400,1683,1688,London,London,Middlesex,NA,NA,NA
3429,1685,1687,Oxford,Oxfordshire,Oxfordshire,Oxford,NA,34379
3567,1682,1686,Kerry,Montgomeryshire,Montgomeryshire,Kerry,NA,24143
3628,1686,1687,Martin,Surrey,Surrey,NA,NA,NA
3657,1681,1685,Canterbury,Kent,Kent,Canterbury,NA,7771
3701,1682,1687,Guildford,Surrey,Surrey,Guildford,NA,19326
3795,NA,NA,Rutsindell,Westmorland,Westmorland,NA,NA,NA
3846,1681,1686,St James Clerkenwell,Middlesex,Middlesex,St James Clerkenwell,ID_127865,NA
3988,1684,1687,Deptford,Kent,Kent,Deptford,NA,12973
4000,1682,1686,Salle,Norfolk,Norfolk,Salle,NA,39072
4139,1683,1687,Oswestry,Shropshire,Shropshire,Oswestry,NA,34164
4251,1683,1686,Pontesbury,Shropshire,Shropshire,Pontesbury,NA,36318
4488,1679,1685,Kingston upon Thames,Surrey,Surrey,Kingston upon Thames,NA,24629
4538,1685,1687,Canterbury,Kent,Kent,Canterbury,NA,7771
4589,1684,1685,Preston,Lancashire,Lancashire,Preston,NA,36810
4627,1684,1687,Stanton Lacy,Shropshire,Shropshire,Stanton Lacy,NA,42153
4651,1681,1687,Morton,Shropshire,Shropshire,Morton,NA,31209
4705,1682,1688,Stepney,Middlesex,Middlesex,St Dunstan Stepney,ID_30169,NA
4778,1683,1686,St Giles Cripplegate,Middlesex,Middlesex,St Giles Cripplegate,ID_30100,NA
4798,1685,1687,London,London,Middlesex,NA,NA,NA
4870,1682,1687,St Sepulchre,London,Middlesex,St Sepulchre,ID_30058,NA
4969,1679,1686,Whitechapel,Middlesex,Middlesex,St Mary Whitechapel,ID_127867,NA
5090,1685,1687,St Martin in the Fields,Middlesex,Middlesex,St Martin in the Fields,ID_30034,NA
5224,1685,1687,Lambeth,Surrey,Surrey,St Mary Lambeth,ID_127857,NA
5227,1686,1687,Romford,Essex,Essex,Romford,NA,38417
5259,1685,1686,Normanton on Trent,Nottinghamshire,Nottinghamshire,Normanton on Trent,NA,32961
5270,1685,1687,London,London,Middlesex,NA,NA,NA
5324,1681,1685,St Martin in the Fields,Middlesex,Middlesex,St Martin in the Fields,ID_30034,NA
5403,1680,1685,NA,Buckinghamshire,Buckinghamshire,NA,NA,NA
5490,1684,1687,Glooston,Leicestershire,Leicestershire,Glooston,NA,17978
5501,1684,1687,Ware,Hertfordshire,Hertfordshire,Ware,NA,47782
5626,1687,1689,Stepney,Middlesex,Middlesex,St Dunstan Stepney,ID_30169,NA
5736,1685,1687,St Botolph Bishopsgate,London,Middlesex,St Botolph Bishopsgate,ID_127859,NA
5765,1681,1685,Wilford,Nottinghamshire,Nottinghamshire,Wilford,NA,49881
5892,1683,1686,St Sepulchre,London,Middlesex,St Sepulchre,ID_30058,NA
6091,1683,1685,Reigate,Surrey,Surrey,Reigate,NA,37688
6182,1679,1687,Waltham St Laurence,Berkshire,Berkshire,NA,NA,NA
6263,1685,1687,Shoreditch,Middlesex,Middlesex,St Leonard Shoreditch,ID_30170,NA
6293,1687,1688,Mayfield,Staffordshire,Staffordshire,Mayfield,NA,29783
6348,1685,1685,London,London,Middlesex,NA,NA,NA
6386,1681,1686,Rochester,Kent,Kent,Rochester,NA,38282
6457,1685,1686,Beaconsfield,Buckinghamshire,Buckinghamshire,Beaconsfield,NA,2873
6474,1686,1687,St Andrew Holborn,Middlesex,Middlesex,St Andrew Holborn,ID_127848,NA
6484,1682,1685,Crudwell,Wiltshire,Wiltshire,Crudwell,NA,11998
6563,1683,1685,Derby,Derbyshire,Derbyshire,Derby,NA,12974
6633,1683,1687,St Martin in the Fields,Middlesex,Middlesex,St Martin in the Fields,ID_30034,NA
6635,1683,1687,Llungmills,Cardiganshire,Cardiganshire,NA,NA,NA
6638,1685,1685,Northampton,Northamptonshire,Northamptonshire,Northampton,NA,33285
6686,1682,1686,Salisbury,Wiltshire,Wiltshire,Salisbury,NA,39066
6688,1682,1687,St Dunstan Stepney,Middlesex,Middlesex,St Dunstan Stepney,ID_30169,NA
6730,1685,1687,Bourton on the Hill,Gloucestershire,Gloucestershire,Bourton on the Hill,NA,4925
6879,1681,1686,London,London,Middlesex,NA,NA,NA
6910,1684,1687,Beedle,Yorkshire,Yorkshire,NA,NA,NA
6932,1683,1686,Southampton,Hampshire,Hampshire,Southampton,NA,41322
6985,1685,1688,Askrigg,Yorkshire,Yorkshire,Askrigg,NA,1488
7021,1681,1687,Hampton Gay,Oxfordshire,Oxfordshire,Hampton Gay,NA,19961
7131,1681,1685,St Giles in the Fields,Middlesex,Middlesex,St Giles in the Fields,ID_30018,NA
7187,1682,1685,London,London,Middlesex,NA,NA,NA
7198,1679,1685,Reading,Berkshire,Berkshire,Reading,NA,37532
7294,1682,1686,Frome,Somerset,Somerset,Frome,NA,17063
7324,1684,1685,London,London,Middlesex,NA,NA,NA
7379,1686,1687,Westminster,Middlesex,Middlesex,NA,NA,NA
7392,1682,1687,Tindery,Somerset,Somerset,NA,NA,NA
7488,1680,1685,Whittington,Shropshire,Shropshire,Whittington,NA,49648
7621,1685,1687,Southwark,Surrey,Surrey,NA,NA,NA
7634,1687,1688,St Botolph Aldgate,Middlesex,Middlesex,St Botolph Aldgate,ID_30153,NA
7759,1683,1686,London,London,Middlesex,NA,NA,NA
7763,1680,1686,Deptford,Kent,Kent,Deptford,NA,12973
7786,1685,1687,Witney,Oxfordshire,Oxfordshire,Witney,NA,50334
8019,1684,1686,Ipswich,Suffolk,Suffolk,Ipswich,NA,23691
8170,1684,1687,King's Lynn,Norfolk,Norfolk,King's Lynn,NA,24492
8336,1681,1687,Cotton,Bedfordshire,Bedfordshire,NA,NA,NA
8364,1684,1687,Newcastle upon Tyne,Northumberland,Northumberland,Newcastle upon Tyne,NA,32435
8460,1681,1685,Stepney,Middlesex,Middlesex,St Dunstan Stepney,ID_30169,NA
8569,1681,1687,Finmere,Oxfordshire,Oxfordshire,Finmere,NA,16275
8580,1681,1686,Stratton,Hampshire,Hampshire,NA,NA,NA
8614,1682,1687,London,London,Middlesex,NA,NA,NA
8620,1681,1687,St Giles Cripplegate,Middlesex,Middlesex,St Giles Cripplegate,ID_30100,NA
8745,1685,1688,St Paul Shadwell,Middlesex,Middlesex,St Paul Shadwell,ID_30184,NA
8804,1683,1687,St Martin in the Fields,Middlesex,Middlesex,St Martin in the Fields,ID_30034,NA
8858,1682,1687,London,London,Middlesex,NA,NA,NA
8871,1684,1687,London,London,Middlesex,NA,NA,NA
8894,1682,1686,Milford,Wiltshire,Wiltshire,Milford,NA,30434
9043,1686,1687,NA,Somerset,Somerset,NA,NA,NA
9162,1682,1687,Norwich,Norfolk,Norfolk,Norwich,NA,33455
9261,1686,1687,Witton-le-Weer,County Durham,County Durham,NA,NA,NA
9332,1684,1685,London,London,Middlesex,NA,NA,NA
9522,1685,1687,Llanvihangel,Monmouthshire,Monmouthshire,NA,NA,NA
9523,1682,1687,St Clement Danes,Middlesex,Middlesex,St Clement Danes,ID_30015,NA
9586,1681,1685,Lauceston,Cornwall,Cornwall,NA,NA,NA
9751,1684,1687,London,London,Middlesex,NA,NA,NA
9987,1686,1687,St Mary Newington,Surrey,Surrey,Newington,ID_30005,NA
10210,1681,1687,Forden,Montgomeryshire,Montgomeryshire,Forden,NA,16154
10215,1684,NA,Havadaverne,Denbighshire,Denbighshire,NA,NA,NA
10255,1679,1685,Canterbury,Kent,Kent,Canterbury,NA,7771
10509,1679,1687,Southwark,Surrey,Surrey,NA,NA,NA
10515,1681,1685,St Margaret Westminster,Middlesex,Middlesex,St Margaret Westminster,ID_127869,NA
10560,1681,1687,Rouston,Lincolnshire,Lincolnshire,NA,NA,NA
10570,1680,1685,Cleator,Cumberland,Cumberland,Cleator,NA,9747
10596,1684,1687,London,London,Middlesex,NA,NA,NA
10650,1684,1687,London,London,Middlesex,NA,NA,NA
10849,1682,1688,Alesmore,Shropshire,Shropshire,NA,NA,NA
10907,1684,1686,St Leonard Shoreditch,Middlesex,Middlesex,St Leonard Shoreditch,ID_30170,NA
11003,1684,1686,London,London,Middlesex,NA,NA,NA
11145,1685,1687,Stroud,Gloucestershire,Gloucestershire,Stroud,NA,43087
11230,1683,1687,St Martin in the Fields,Middlesex,Middlesex,St Martin in the Fields,ID_30034,NA
11237,1685,1687,Somerford,Wiltshire,Wiltshire,NA,NA,NA
11263,1681,1687,Bushby,Leicestershire,Leicestershire,Bushby,NA,7204
11314,1683,1687,Relmarsden,Somerset,Somerset,NA,NA,NA
11354,1685,1687,London,London,Middlesex,NA,NA,NA
11411,1682,1687,Trowbridge,Wiltshire,Wiltshire,Trowbridge,NA,46236
11483,1684,1688,Marlborough,Wiltshire,Wiltshire,Marlborough,NA,29474
11665,1681,1685,Bourne,Lincolnshire,Lincolnshire,Bourne,NA,4895
11760,1685,1687,Hoghton,Lancashire,Lancashire,Hoghton,NA,22221
11807,1687,1688,Austrey,Warwickshire,Warwickshire,Austrey,NA,1727
11871,1685,1688,Guilsborough,Northamptonshire,Northamptonshire,Guilsborough,NA,19332
11892,1684,1687,Wapping,Middlesex,Middlesex,St John Wapping,ID_30182,NA
11920,1683,1686,NA,Middlesex,Middlesex,NA,NA,NA
12058,1679,1685,Coggs,Oxfordshire,Oxfordshire,NA,NA,NA
12081,1682,1687,Lambeth,Surrey,Surrey,St Mary Lambeth,ID_127857,NA
12104,1684,1686,Heaton,Cumberland,Cumberland,NA,NA,NA
12161,1680,1687,St Katherine by the Tower,Middlesex,Middlesex,Precinct of St Katherine,ID_30181,NA
12203,1684,1687,London,London,Middlesex,NA,NA,NA
12217,1685,1687,London,London,Middlesex,NA,NA,NA
12276,1684,1687,Hornsby,Lincolnshire,Lincolnshire,NA,NA,NA
12435,1684,1687,Lewes,Sussex,Sussex,Lewes,NA,26145
12606,1681,1686,London,London,Middlesex,NA,NA,NA
12726,1684,1687,Limehouse,Middlesex,Middlesex,St Anne Limehouse,ID_30176,NA
12759,1678,1685,London,London,Middlesex,NA,NA,NA
13156,1680,1687,Woodford,Essex,Essex,Woodford,NA,50572
13169,1683,1685,St Giles Cripplegate,London,Middlesex,St Giles Cripplegate,ID_30100,NA
13346,1683,1685,London,London,Middlesex,NA,NA,NA
13353,1681,1686,Stepney,Middlesex,Middlesex,St Dunstan Stepney,ID_30169,NA
13359,1685,1687,London,London,Middlesex,NA,NA,NA
13431,1681,1687,Hampton Court,Middlesex,Middlesex,Hampton Court,NA,19959
13432,1681,1685,Hampton Court,Middlesex,Middlesex,Hampton Court,NA,19959
13520,1680,1686,St Olave Southwark,Surrey,Surrey,St Olave Southwark,ID_30002,NA
13610,1684,1687,St Botolph Aldgate,London,Middlesex,St Botolph Aldgate,ID_30153,NA
13682,1682,1687,London,London,Middlesex,NA,NA,NA
13761,1686,1687,London,London,Middlesex,NA,NA,NA
13765,1685,1687,St Paul Shadwell,Middlesex,Middlesex,St Paul Shadwell,ID_30184,NA
13793,1685,1687,London,London,Middlesex,NA,NA,NA
13800,1683,1686,Hawarden,Flintshire,Flintshire,Hawarden,NA,35019
13866,1683,1687,South Petherton,Somerset,Somerset,South Petherton,NA,41241
13871,1682,1687,Crosby Garrett,Westmorland,Westmorland,Crosby Garrett,NA,11732
13959,1681,1685,London,London,Middlesex,NA,NA,NA
13964,1680,1686,London,London,Middlesex,NA,NA,NA
13998,1685,1686,Oxford,Oxfordshire,Oxfordshire,Oxford,NA,34379
14028,1683,1687,Burton upon Trent,Staffordshire,Staffordshire,Burton upon Trent,NA,7145
14144,1684,1688,Stretton,Staffordshire,Staffordshire,NA,NA,NA
14241,1682,1686,St Giles Cripplegate,London,Middlesex,St Giles Cripplegate,ID_30100,NA
27,1684,1688,NA,Buckinghamshire,Buckinghamshire,NA,NA,NA
115,1686,1688,London,London,Middlesex,NA,NA,NA
132,1689,1689,London,London,Middlesex,NA,NA,NA
287,1686,1689,West Ham,Essex,Essex,West Ham,NA,48614
339,1685,1688,Golding Lane,London,Middlesex,NA,NA,NA
351,1684,1689,Burton,Lincolnshire,Lincolnshire,Burton,NA,7111
393,1686,1689,London,London,Middlesex,NA,NA,NA
401,1685,1688,Uxbridge,Middlesex,Middlesex,Uxbridge,NA,47245
464,1687,1688,St Paul Shadwell,Middlesex,Middlesex,St Paul Shadwell,ID_30184,NA
612,1684,1688,St Giles without Cripplegate,Middlesex,Middlesex,St Giles Cripplegate,ID_30100,NA
622,1684,1688,Bisley,Gloucestershire,Gloucestershire,Bisley,NA,3918
696,1684,1688,Abingdon,Berkshire,Berkshire,Abingdon,NA,287768
733,1685,1688,London,London,Middlesex,NA,NA,NA
742,1683,1688,St James Clerkenwell,Middlesex,Middlesex,St James Clerkenwell,ID_127865,NA
756,1686,1689,St Botolph Aldgate,London,Middlesex,St Botolph Aldgate,ID_30153,NA
837,1681,1688,Stepney,Middlesex,Middlesex,St Dunstan Stepney,ID_30169,NA
864,1686,1689,Beaconsfield,Buckinghamshire,Buckinghamshire,Beaconsfield,NA,2873
874,1683,1688,Cheshunt,Hertfordshire,Hertfordshire,Cheshunt,NA,9027
893,1688,1689,Wapping,Middlesex,Middlesex,St John Wapping,ID_30182,NA
955,1681,1688,St Leonard Shoreditch,Middlesex,Middlesex,St Leonard Shoreditch,ID_30170,NA
985,1683,1689,St Mary Islington,Middlesex,Middlesex,St Mary Islington,ID_30043,NA
1141,1686,1689,Tyttenhanger,Hertfordshire,Hertfordshire,Tyttenhanger,NA,46640
1148,1686,1689,Hollarton,Warwickshire,Warwickshire,NA,NA,NA
1162,1686,1688,London,London,Middlesex,NA,NA,NA
1273,1684,1688,London,London,Middlesex,NA,NA,NA
1297,1685,1689,Acton,Middlesex,Middlesex,Acton,NA,330
1307,1685,1688,Bristol,Gloucestershire,Gloucestershire,Bristol,NA,288655
1316,1683,1688,St James Clerkenwell,Middlesex,Middlesex,St James Clerkenwell,ID_127865,NA
1344,1686,1688,Rochester,Kent,Kent,Rochester,NA,38282
1385,1682,1688,Blackburn,Lancashire,Lancashire,Blackburn,NA,3996
1391,1687,1689,Brough,Westmorland,Westmorland,Brough,NA,6298
1454,1684,1688,Norton Folgate,London,Middlesex,Liberty of Norton Folgate,ID_127860,NA
1506,1687,1688,Newington,Surrey,Surrey,Newington,NA,32498
1582,1687,1688,Marlborough,Wiltshire,Wiltshire,Marlborough,NA,29474
1606,1686,1688,Colchester,Essex,Essex,Colchester,NA,10252
1609,NA,1688,Hampton,Middlesex,Middlesex,Hampton,NA,19954
1611,1685,1687,Westminster,Middlesex,Middlesex,NA,NA,NA
1723,1685,1689,St Giles Cripplegate,London,Middlesex,St Giles Cripplegate,ID_30100,NA
1727,1683,1689,Walgherton,Cheshire,Cheshire,Walgherton,NA,47509
1821,1683,1688,London,London,Middlesex,NA,NA,NA
1906,1686,1689,St Saviour Southwark,Surrey,Surrey,St Saviour Southwark,ID_30001,NA
1922,1684,1689,London,London,Middlesex,NA,NA,NA
2029,1686,1688,Shoreditch,Middlesex,Middlesex,St Leonard Shoreditch,ID_30170,NA
2056,1686,1688,Shrewsbury,Shropshire,Shropshire,Shrewsbury,NA,40345
2069,1689,1689,Westminster,Middlesex,Middlesex,NA,NA,NA
2071,1685,1688,London,London,Middlesex,NA,NA,NA
2078,1688,1689,Colchester,Essex,Essex,Colchester,NA,10252
2085,1682,1688,St Martin in the Fields,Middlesex,Middlesex,St Martin in the Fields,ID_30034,NA
2181,1685,1688,St Mary Magdalen Bermondsey,Surrey,Surrey,St Mary Magdalen Bermondsey,ID_30004,NA
2208,1685,1687,St Margaret Westminster,Middlesex,Middlesex,St Margaret Westminster,ID_127869,NA
2352,1684,1689,Ipswich,Suffolk,Suffolk,Ipswich,NA,23691
2501,1683,1688,London,London,Middlesex,NA,NA,NA
2599,1686,1688,St Sepulchre,Middlesex,Middlesex,St Sepulchre,ID_30058,NA
2604,1684,1688,Barrington,Gloucestershire,Gloucestershire,Barrington,NA,55684
2635,1686,1688,Meare,Somerset,Somerset,Meare,NA,29850
2685,1686,1688,St Katherine,Middlesex,Middlesex,Precinct of St Katherine,ID_30181,NA
2688,1685,1688,St Andrew Holborn,Middlesex,Middlesex,St Andrew Holborn,ID_127848,NA
2834,1683,1689,Ipswich,Suffolk,Suffolk,Ipswich,NA,23691
2840,1683,1688,London,London,Middlesex,NA,NA,NA
2874,1682,1688,Ivingoe,Buckinghamshire,Buckinghamshire,NA,NA,NA
2926,1686,1689,London,London,Middlesex,NA,NA,NA
2996,1682,1688,Bredon,Worcestershire,Worcestershire,Bredon,NA,5490
3011,1683,1689,Pebmarsh,Essex,Essex,Pebmarsh,NA,34928
3063,1687,1688,Gressingham,Lancashire,Lancashire,Gressingham,NA,19119
3130,1685,1688,London,London,Middlesex,NA,NA,NA
3147,1682,1688,Weston Turville,Buckinghamshire,Buckinghamshire,Weston Turville,NA,49112
3155,1688,1689,Tilehurst,Berkshire,Berkshire,Tilehurst,NA,44902
3160,1686,1688,London,London,Middlesex,NA,NA,NA
3163,1685,1689,Northampton,Northamptonshire,Northamptonshire,Northampton,NA,33285
3172,1687,1689,St Anne Westminster,Middlesex,Middlesex,St Anne Soho,ID_30023,NA
3186,1687,1689,St Giles in the Fields,Middlesex,Middlesex,St Giles in the Fields,ID_30018,NA
3243,1684,1688,London,London,Middlesex,NA,NA,NA
3469,1687,1688,St Dunstan in the West,London,Middlesex,St Dunstan in the West,ID_127855,NA
3470,1686,1689,London,London,Middlesex,NA,NA,NA
3525,1687,1689,St Bride,Middlesex,Middlesex,St Bride,ID_30049,NA
3532,1685,1688,Southwark,Surrey,Surrey,NA,NA,NA
3606,1683,1689,Wapping,Middlesex,Middlesex,St John Wapping,ID_30182,NA
3648,1686,1687,Hampton Wick,Middlesex,Middlesex,Hampton Wick,NA,19974
3682,1686,1688,London,London,Middlesex,NA,NA,NA
3713,1685,1689,Wandsworth,Surrey,Surrey,Wandsworth,NA,47714
3763,1684,1688,Kenham,Essex,Essex,NA,NA,NA
3816,1685,1688,London,London,Middlesex,NA,NA,NA
3876,1687,1688,St Giles Cripplegate,London,Middlesex,St Giles Cripplegate,ID_30100,NA
3922,1685,1689,London,London,Middlesex,NA,NA,NA
3977,1684,1689,St Mary Magdalen Bermondsey,Surrey,Surrey,St Mary Magdalen Bermondsey,ID_30004,NA
3986,1687,1689,London,London,Middlesex,NA,NA,NA
4018,1685,1688,St Olave Southwark,Surrey,Surrey,St Olave Southwark,ID_30002,NA
4051,1684,1689,London,London,Middlesex,NA,NA,NA
4078,1686,1688,London,London,Middlesex,NA,NA,NA
4123,1687,1689,London,London,Middlesex,NA,NA,NA
4138,1686,1688,Romford,Essex,Essex,Romford,NA,38417
4183,1684,1689,Grantham,Lincolnshire,Lincolnshire,Grantham,NA,18462
4192,1687,1689,St Saviour Southwark,Surrey,Surrey,St Saviour Southwark,ID_30001,NA
4208,1689,1689,Stepney,Middlesex,Middlesex,St Dunstan Stepney,ID_30169,NA
4242,1686,1688,St Mary Whitechapel,Middlesex,Middlesex,St Mary Whitechapel,ID_127867,NA
4326,1686,1688,Dinton,Buckinghamshire,Buckinghamshire,Dinton,NA,13131
4360,1684,1688,Ravenstonedale,Westmorland,Westmorland,Ravenstonedale,NA,37489
4376,1683,1688,St Margaret Westminster,Middlesex,Middlesex,St Margaret Westminster,ID_127869,NA
4394,1685,1689,Walsingham,Norfolk,Norfolk,Walsingham,NA,64551
4401,1685,1688,Coventry,Warwickshire,Warwickshire,Coventry,NA,11138
4462,1685,1688,Lambeth,Surrey,Surrey,St Mary Lambeth,ID_127857,NA
4479,1682,1689,NA,Wiltshire,Wiltshire,NA,NA,NA
4489,1687,1689,Bramstow,Worcestershire,Worcestershire,NA,NA,NA
4506,1686,1688,London,London,Middlesex,NA,NA,NA
4573,1684,1689,Kerricoat,Hertfordshire,Hertfordshire,NA,NA,NA
4642,1685,1689,London,London,Middlesex,NA,NA,NA
4668,1684,1688,St George Southwark,Surrey,Surrey,St George Southwark,ID_30012,NA
4679,1684,1688,St Mary Whitechapel,Middlesex,Middlesex,St Mary Whitechapel,ID_127867,NA
4686,1685,1689,St Mary Magdalen Bermondsey,Surrey,Surrey,St Mary Magdalen Bermondsey,ID_30004,NA
4777,1682,1688,Whitchurch,Oxfordshire,Oxfordshire,NA,NA,NA
4806,1686,1689,St Dunstan in the West,London,Middlesex,St Dunstan in the West,ID_127855,NA
4817,1684,1689,Petersfield,Hampshire,Hampshire,Petersfield,NA,35722
4879,1683,1689,South Mimms,Middlesex,Middlesex,South Mimms,NA,41215
4919,1680,1688,Woolwich,Kent,Kent,Woolwich,NA,50897
4932,1684,1688,London,London,Middlesex,NA,NA,NA
4999,1685,1687,Shrewsbury,Shropshire,Shropshire,Shrewsbury,NA,40345
5018,1688,1689,St Olave Southwark,Surrey,Surrey,St Olave Southwark,ID_30002,NA
5039,1682,1689,St Paul Shadwell,Middlesex,Middlesex,St Paul Shadwell,ID_30184,NA
5049,1685,1688,Oxford,Oxfordshire,Oxfordshire,Oxford,NA,34379
5065,1687,1688,Woolwich,Kent,Kent,Woolwich,NA,50897
5095,1685,1688,St Martin in the Fields,Middlesex,Middlesex,St Martin in the Fields,ID_30034,NA
5114,1685,1688,Chichester,Sussex,Sussex,Chichester,NA,9094
5117,1687,1688,Newbury,Berkshire,Berkshire,Newbury,NA,32415
5141,1684,1689,London,London,Middlesex,NA,NA,NA
5144,1684,1689,Buckenham,Norfolk,Norfolk,Buckenham,NA,6632
5157,1683,1689,St Martin in the Fields,Middlesex,Middlesex,St Martin in the Fields,ID_30034,NA
5236,1685,1689,Stepney,Middlesex,Middlesex,St Dunstan Stepney,ID_30169,NA
5256,1686,1689,London,London,Middlesex,NA,NA,NA
5271,1685,1688,Blackthorne,Oxfordshire,Oxfordshire,NA,NA,NA
5291,1685,1688,Uphall in Barking,Essex,Essex,NA,NA,NA
5363,1684,1688,Battersea,Surrey,Surrey,Battersea,ID_30014,NA
5419,1684,1688,Carnarvon,Caernarvonshire,Caernarvonshire,Caernarfon,NA,7458
5428,NA,1689,St Magnus,London,Middlesex,St Magnus the Martyr,ID_30132,NA
5431,1685,1688,St Katherine by the Tower,London,Middlesex,Precinct of St Katherine,ID_30181,NA
5470,1682,1689,Waltham,Berkshire,Berkshire,NA,NA,NA
5480,1682,1688,Highgate,Middlesex,Middlesex,Highgate,NA,21782
5662,1683,1688,Kingston,Surrey,Surrey,Kingston upon Thames,NA,24629
5708,1685,1688,Deptford,Kent,Kent,Deptford,NA,12973
5715,1688,1689,Wolstanton,Staffordshire,Staffordshire,Wolstanton,NA,50396
5753,1687,1688,St Giles Cripplegate,London,Middlesex,St Giles Cripplegate,ID_30100,NA
5758,1684,1689,Warsop,Nottinghamshire,Nottinghamshire,Warsop,NA,64623
5804,1686,1689,Fair Oak,Staffordshire,Staffordshire,NA,NA,NA
5812,1682,1689,Canterbury,Kent,Kent,Canterbury,NA,7771
5923,1683,1688,Aston Clinton,Buckinghamshire,Buckinghamshire,Aston Clinton,NA,1554
5951,1683,1688,Shaftesbury,Dorset,Dorset,Shaftesbury,NA,39827
5974,1686,1688,St Giles Cripplegate,London,Middlesex,St Giles Cripplegate,ID_30100,NA
6054,1685,1688,Southwark,Surrey,Surrey,NA,NA,NA
6056,1685,1688,London,London,Middlesex,NA,NA,NA
6082,1685,1688,London,London,Middlesex,NA,NA,NA
6203,1683,1689,London,London,Middlesex,NA,NA,NA
6300,1688,1689,St Olave Southwark,Surrey,Surrey,St Olave Southwark,ID_30002,NA
6304,1681,1688,St Katherine,Middlesex,Middlesex,Precinct of St Katherine,ID_30181,NA
6310,1684,1689,London,London,Middlesex,NA,NA,NA
6321,1684,1689,London,London,Middlesex,NA,NA,NA
6329,1684,1688,Wapping,Middlesex,Middlesex,St John Wapping,ID_30182,NA
6368,1684,1689,St Martin in the Fields,Middlesex,Middlesex,St Martin in the Fields,ID_30034,NA
6412,1684,1689,London,London,Middlesex,NA,NA,NA
6455,1686,1688,Derby,Derbyshire,Derbyshire,Derby,NA,12974
6529,1684,1688,London,London,Middlesex,NA,NA,NA
6546,1684,1688,Whitechapel,Middlesex,Middlesex,St Mary Whitechapel,ID_127867,NA
6551,1686,1689,St Giles in the Fields,Middlesex,Middlesex,St Giles in the Fields,ID_30018,NA
6577,NA,1688,Great Chart,Kent,Kent,Great Chart,NA,18571
6698,1683,1689,Dartford,Kent,Kent,Dartford,NA,12673
6851,1686,1689,Allhallows le Grand,London,Middlesex,All Hallows The Great,ID_30103,NA
6979,1685,1688,Catcott in Moorlinch,Somerset,Somerset,NA,NA,NA
7031,1687,1688,Stilton,Huntingdonshire,Huntingdonshire,Stilton,NA,42405
7098,1686,1688,London,London,Middlesex,NA,NA,NA
7235,1687,1689,Hefford,Northamptonshire,Northamptonshire,NA,NA,NA
7287,1687,1689,Swavesey,Cambridgeshire,Cambridgeshire,Swavesey,NA,43505
7330,1683,1688,London,London,Middlesex,NA,NA,NA
7378,1683,1688,Middle Barton,Oxfordshire,Oxfordshire,Middle Barton,NA,30210
7385,1686,1688,Ratcliff,Middlesex,Middlesex,Ratcliffe,ID_30177,NA
7419,1685,1688,Prestwold,Leicestershire,Leicestershire,Prestwold,NA,36864
7453,1683,1689,London,London,Middlesex,NA,NA,NA
7456,1685,1689,London,London,Middlesex,NA,NA,NA
7499,1684,1688,Broxted,Essex,Essex,Broxted,NA,6396
7584,1684,1688,Bugden,Huntingdonshire,Huntingdonshire,NA,NA,NA
7643,1684,1688,Brentfeild,Hertfordshire,Hertfordshire,NA,NA,NA
7673,1685,1688,London,London,Middlesex,NA,NA,NA
7678,1683,1688,Keynton,Herefordshire,Herefordshire,NA,NA,NA
7794,1687,1689,Leicester,Leicestershire,Leicestershire,Leicester,NA,25957
7889,1684,1688,NA,Anglesey,Anglesey,NA,NA,NA
7891,1687,1688,London,London,Middlesex,NA,NA,NA
7935,1684,1689,London,London,Middlesex,NA,NA,NA
7949,1686,1689,London,London,Middlesex,NA,NA,NA
7984,1683,1689,Guildford,Surrey,Surrey,Guildford,NA,19326
7989,1685,1688,St Mary Overie Southwark,Surrey,Surrey,St Saviour Southwark,ID_30001,NA
8059,1686,1689,St Clement Danes,Middlesex,Middlesex,St Clement Danes,ID_30015,NA
8136,1686,1688,Westminster,Middlesex,Middlesex,NA,NA,NA
8149,1686,1688,St Giles in the Fields,Middlesex,Middlesex,St Giles in the Fields,ID_30018,NA
8250,1687,1688,Egham,Surrey,Surrey,Egham,NA,14901
8323,1684,1688,Rousham,Oxfordshire,Oxfordshire,Rousham,NA,38651
8378,1682,1688,London,London,Middlesex,NA,NA,NA
8395,1686,1689,St Giles Cripplegate,Middlesex,Middlesex,St Giles Cripplegate,ID_30100,NA
8406,1685,1689,London,London,Middlesex,NA,NA,NA
8462,1685,1689,Reading,Berkshire,Berkshire,Reading,NA,37532
8477,1687,1689,St Olave Southwark,Surrey,Surrey,St Olave Southwark,ID_30002,NA
8549,1684,1688,Askrigg,Yorkshire,Yorkshire,Askrigg,NA,1488
8551,1685,1688,St Mary Overie Southwark,Surrey,Surrey,St Saviour Southwark,ID_30001,NA
8563,1686,1689,Stepney,Middlesex,Middlesex,St Dunstan Stepney,ID_30169,NA
8585,1683,1688,Edgware,Middlesex,Middlesex,Edgware,NA,14810
8664,1687,1689,Limehouse,Middlesex,Middlesex,St Anne Limehouse,ID_30176,NA
8668,1684,1688,London,London,Middlesex,NA,NA,NA
8702,1683,1689,Gateshead,County Durham,County Durham,Gateshead,NA,17498
8714,1683,1688,Harding,Flintshire,Flintshire,NA,NA,NA
8787,1686,1688,Llanyblodwell,Shropshire,Shropshire,NA,NA,NA
8821,1684,1688,London,London,Middlesex,NA,NA,NA
8870,1685,1688,St Paul Shadwell,Middlesex,Middlesex,St Paul Shadwell,ID_30184,NA
8920,1688,1689,Cooknall,Northamptonshire,Northamptonshire,NA,NA,NA
8930,1686,1689,Rosemary Lane,Middlesex,Middlesex,St Botolph Aldgate,ID_30153,NA
8962,1687,1689,London,London,Middlesex,NA,NA,NA
8999,1686,1688,London,London,Middlesex,NA,NA,NA
9076,1684,1688,Broughton,Huntingdonshire,Huntingdonshire,Broughton,NA,6319
9158,1688,1690,Holloway,Middlesex,Middlesex,Holloway,NA,22368
9167,1685,1688,Whitechapel,Middlesex,Middlesex,St Mary Whitechapel,ID_127867,NA
9195,1687,1689,Brentwood,Essex,Essex,Brentwood,NA,5532
9259,1686,1689,Absberry,Dorset,Dorset,NA,NA,NA
9384,1683,1688,Gloucester,Gloucestershire,Gloucestershire,Gloucester,NA,17982
9494,1684,1688,Clapham,Surrey,Surrey,Clapham,NA,9592
9524,1682,1687,St Clement Danes,Middlesex,Middlesex,St Clement Danes,ID_30015,NA
9591,1683,1688,Morton in Anderby,Yorkshire,Yorkshire,NA,NA,NA
9596,1685,1689,Whitecross Street,Middlesex,Middlesex,NA,NA,NA
9608,1684,1689,Northampton,Northamptonshire,Northamptonshire,Northampton,NA,33285
9687,1686,1689,Cheshunt,Hertfordshire,Hertfordshire,Cheshunt,NA,9027
9729,1687,1688,Minchinhampton,Gloucestershire,Gloucestershire,Minchinhampton,NA,30711
9756,1687,1688,London,London,Middlesex,NA,NA,NA
9757,1684,1689,London,London,Middlesex,NA,NA,NA
9804,1685,1689,St Giles in the Fields,Middlesex,Middlesex,St Giles in the Fields,ID_30018,NA
9810,1684,1688,Poulshot,Wiltshire,Wiltshire,Poulshot,NA,36704
9862,1682,1688,NA,Middlesex,Middlesex,NA,NA,NA
9888,1687,1689,London,London,Middlesex,NA,NA,NA
9891,1685,1688,London,London,Middlesex,NA,NA,NA
9929,1686,1689,Reading,Berkshire,Berkshire,Reading,NA,37532
10014,1686,1688,Studley,Warwickshire,Warwickshire,Studley,NA,43146
10023,1683,1688,London,London,Middlesex,NA,NA,NA
10083,1685,1688,Newport,Shropshire,Shropshire,Newport,NA,32569
10159,1682,1688,Highgate,Middlesex,Middlesex,Highgate,NA,21782
10186,1683,1688,Charlton Kings,Gloucestershire,Gloucestershire,Charlton Kings,NA,8819
10266,1682,1688,London,London,Middlesex,NA,NA,NA
10327,1682,1688,London,London,Middlesex,NA,NA,NA
10344,1685,1689,Landrake,Cornwall,Cornwall,Landrake,NA,25375
10358,1688,1689,Shadwell,Middlesex,Middlesex,St Paul Shadwell,ID_30184,NA
10418,1684,1688,Alton Barnes,Wiltshire,Wiltshire,Alton Barnes,NA,795
10434,1686,1689,London,London,Middlesex,NA,NA,NA
10555,1686,1689,London,London,Middlesex,NA,NA,NA
10571,1687,1689,Kingsland,Middlesex,Middlesex,Kingsland,NA,24575
10630,1682,1688,Whitechapel,Middlesex,Middlesex,St Mary Whitechapel,ID_127867,NA
10733,1687,1688,Meeteford,Wiltshire,Wiltshire,NA,NA,NA
10757,1682,1688,London,London,Middlesex,NA,NA,NA
10766,1687,1688,Hoddesdon,Hertfordshire,Hertfordshire,Hoddesdon,NA,22185
10794,1686,1688,Allhallows London Wall,London,Middlesex,All Hallows London Wall,ID_127847,NA
10872,1687,1688,Oxford,Oxfordshire,Oxfordshire,Oxford,NA,34379
10887,1682,1689,London,London,Middlesex,NA,NA,NA
11080,1687,1688,London,London,Middlesex,NA,NA,NA
11084,1684,1688,Thistleworth,Middlesex,Middlesex,NA,NA,NA
11118,1683,1688,Amersham,Buckinghamshire,Buckinghamshire,Amersham,NA,855
11210,1687,1688,St Sepulchre,Middlesex,Middlesex,St Sepulchre,ID_30058,NA
11315,1685,1688,London,London,Middlesex,NA,NA,NA
11395,1685,1688,St Mary Magdalen Bermondsey,Surrey,Surrey,St Mary Magdalen Bermondsey,ID_30004,NA
11398,1685,1689,Malvern,Worcestershire,Worcestershire,Malvern,NA,61003
11420,1684,1689,Chippenham,Wiltshire,Wiltshire,Chippenham,NA,9202
11450,1687,1689,Twerton,Somerset,Somerset,Twerton,NA,46437
11545,1682,1688,Easby,Yorkshire,Yorkshire,NA,NA,NA
11608,1687,1689,Kensington,Middlesex,Middlesex,St Anne Kensington,ID_127870,NA
11636,1689,1689,Horsleydown,Surrey,Surrey,St John Horselydown,ID_30003,NA
11667,1686,1688,St Olave Southwark,Surrey,Surrey,St Olave Southwark,ID_30002,NA
11843,1682,1688,Westminster,Middlesex,Middlesex,NA,NA,NA
11915,1685,1689,Henley,Oxfordshire,Oxfordshire,Henley on Thames,NA,21225
11987,1685,1688,Enfield,Middlesex,Middlesex,Enfield,NA,15358
12028,1684,1689,London,London,Middlesex,NA,NA,NA
12061,1687,1689,Chipping Norton,Oxfordshire,Oxfordshire,Chipping Norton,NA,9210
12129,1686,1688,London,London,Middlesex,NA,NA,NA
12175,1688,1688,St Olave Southwark,Surrey,Surrey,St Olave Southwark,ID_30002,NA
12200,1687,1688,Deptford,Kent,Kent,Deptford,NA,12973
12210,1685,1688,North Wootton,Somerset,Somerset,North Wootton,NA,33273
12310,1685,1688,London,London,Middlesex,NA,NA,NA
12329,1686,1688,Port of London,London,Middlesex,NA,NA,NA
12356,1687,1688,St Martin Ludgate,London,Middlesex,St Martin Ludgate,ID_30057,NA
12364,1685,1688,London,London,Middlesex,NA,NA,NA
12389,1684,1688,St Giles Cripplegate,London,Middlesex,St Giles Cripplegate,ID_30100,NA
12395,1684,1688,Calton,Northamptonshire,Northamptonshire,NA,NA,NA
12408,1685,1688,St James Clerkenwell,Middlesex,Middlesex,St James Clerkenwell,ID_127865,NA
12409,1686,1688,Wapping,Middlesex,Middlesex,St John Wapping,ID_30182,NA
12423,1686,1688,Sarum,Wiltshire,Wiltshire,NA,NA,NA
12566,1683,1689,Feversham,Kent,Kent,Faversham,NA,15905
12665,1686,1688,St Clement Danes,Middlesex,Middlesex,St Clement Danes,ID_30015,NA
12778,1684,1688,Ealing,Middlesex,Middlesex,Ealing,NA,14083
12942,1686,1689,St Martin in the Fields,Middlesex,Middlesex,St Martin in the Fields,ID_30034,NA
12950,1684,1688,London,London,Middlesex,NA,NA,NA
13013,1687,1689,Cleveland,Yorkshire,Yorkshire,NA,NA,NA
13083,1685,1688,London,London,Middlesex,NA,NA,NA
13125,1683,1688,Desborough,Northamptonshire,Northamptonshire,Desborough,NA,13008
13166,1685,1689,Blandford,Dorset,Dorset,NA,NA,NA
13318,1684,1688,Lyme,Dorset,Dorset,NA,NA,NA
13413,1687,1688,Newington Butts,Surrey,Surrey,Newington,ID_30005,NA
13519,1685,1688,Deptford,Kent,Kent,Deptford,NA,12973
13522,1688,1689,NA,Buckinghamshire,Buckinghamshire,NA,NA,NA
13553,1684,1688,Brynfash,Sussex,Sussex,NA,NA,NA
13555,1684,1689,Bristol,Gloucestershire,Gloucestershire,Bristol,NA,288655
13605,1687,1688,St Margaret Westminster,Middlesex,Middlesex,St Margaret Westminster,ID_127869,NA
13657,1687,1689,St Katherine Creechurch,London,Middlesex,St Katherine Creechurch,ID_30156,NA
13722,1685,1689,St Mary Magdalen Bermondsey,Surrey,Surrey,St Mary Magdalen Bermondsey,ID_30004,NA
13798,1682,1689,Bunhill Fields,Middlesex,Middlesex,NA,NA,NA
13837,1685,1689,Limehouse,Middlesex,Middlesex,St Anne Limehouse,ID_30176,NA
13869,1684,1689,St Olave Southwark,Surrey,Surrey,St Olave Southwark,ID_30002,NA
13970,1685,1689,Nottingham,Nottinghamshire,Nottinghamshire,Nottingham,NA,33480
13977,1684,1688,Cleoarah,Lancashire,Lancashire,NA,NA,NA
14004,1687,1689,St Andrew Holborn,Middlesex,Middlesex,St Andrew Holborn,ID_127848,NA
14045,1685,1688,Guildford,Surrey,Surrey,Guildford,NA,19326
14126,1685,1688,Burton upon Trent,Staffordshire,Staffordshire,Burton upon Trent,NA,7145
14160,1685,1688,Vale,Norfolk,Norfolk,NA,NA,NA
14191,1683,1688,Winslow,Buckinghamshire,Buckinghamshire,Winslow,NA,50173
14194,1684,1689,St James Clerkenwell,Middlesex,Middlesex,St James Clerkenwell,ID_127865,NA
37,1684,1687,St Mary Magdalen Bermondsey,Surrey,Surrey,St Mary Magdalen Bermondsey,ID_30004,NA
206,1683,1686,St Botolph Aldgate,London,Middlesex,St Botolph Aldgate,ID_30153,NA
249,1681,1687,Fimley,Essex,Essex,NA,NA,NA
335,1684,1686,Leicester,Leicestershire,Leicestershire,Leicester,NA,25957
376,1686,1687,Warwick,Warwickshire,Warwickshire,Warwick,NA,47885
971,1681,1687,Wendlebury,Oxfordshire,Oxfordshire,Wendlebury,NA,48350
1665,1680,1686,St Giles Cripplegate,London,Middlesex,St Giles Cripplegate,ID_30100,NA
1697,1682,1687,Twickenham,Middlesex,Middlesex,Twickenham,NA,46439
1989,1686,1687,Newport Pagnell,Buckinghamshire,Buckinghamshire,Newport Pagnell,NA,32580
2536,1683,1686,Kingston upon Thames,Surrey,Surrey,Kingston upon Thames,NA,24629
2556,1682,1686,London,London,Middlesex,NA,NA,NA
2653,1684,1686,London,London,Middlesex,NA,NA,NA
2876,1682,1687,NA,Shropshire,Shropshire,NA,NA,NA
2900,1684,1687,London,London,Middlesex,NA,NA,NA
3047,1681,1686,London,London,Middlesex,NA,NA,NA
3222,1682,1687,London,London,Middlesex,NA,NA,NA
3228,1683,1686,NA,Essex,Essex,NA,NA,NA
3229,1681,1686,Sible Hedingham,Essex,Essex,Sible Hedingham,NA,40393
3331,1684,1686,London,London,Middlesex,NA,NA,NA
3716,1685,1687,Stepney,Middlesex,Middlesex,St Dunstan Stepney,ID_30169,NA
3948,1686,1687,Fenwick,Northumberland,Northumberland,Fenwick,NA,NA
4156,1686,1687,Much Waltham,Essex,Essex,NA,NA,NA
4617,1682,1687,London,London,Middlesex,NA,NA,NA
4750,1683,1686,London,London,Middlesex,NA,NA,NA
4799,1684,1686,Pomfret,Nottinghamshire,Nottinghamshire,NA,NA,NA
4885,1685,1686,Mitchelldean,Gloucestershire,Gloucestershire,NA,NA,NA
4907,1684,1687,Abingdon,Berkshire,Berkshire,Abingdon,NA,287768
4992,1686,1687,Horsleydown,Surrey,Surrey,St John Horselydown,ID_30003,NA
5080,1684,1687,Castle Eaton,Wiltshire,Wiltshire,Castle Eaton,NA,8210
5089,1686,1687,London,London,Middlesex,NA,NA,NA
5132,1683,1687,Harrow on the Hill,Middlesex,Middlesex,Harrow on the Hill,NA,20312
5261,1684,1687,Brimmering,Hampshire,Hampshire,NA,NA,NA
5368,1681,1686,Ormson,Lancashire,Lancashire,NA,NA,NA
5373,1683,1687,St Mary Overie Southwark,Surrey,Surrey,St Saviour Southwark,ID_30001,NA
5418,1682,1687,Carnarvon,Caernarvonshire,Caernarvonshire,Caernarfon,NA,7458
5514,1681,1686,St Martin in the Fields,Middlesex,Middlesex,St Martin in the Fields,ID_30034,NA
5674,1682,1687,Wellingborough,Northamptonshire,Northamptonshire,Wellingborough,NA,48267
5832,1686,1686,Yardley,Northamptonshire,Northamptonshire,NA,NA,NA
5836,1681,1686,Llanfihangel,Caernarvonshire,Caernarvonshire,NA,NA,NA
5958,1684,1687,Dalby Dale,Yorkshire,Yorkshire,NA,NA,NA
6382,1685,1687,Witton-le-Weer,County Durham,County Durham,NA,NA,NA
6415,1685,1686,Petworth,Sussex,Sussex,Petworth,NA,35755
6441,1683,1687,Warminster,Wiltshire,Wiltshire,Warminster,NA,47825
6458,1682,1687,St Giles in the Fields,Middlesex,Middlesex,St Giles in the Fields,ID_30018,NA
6782,1681,1687,London,London,Middlesex,NA,NA,NA
6959,1685,1686,Northampton,Northamptonshire,Northamptonshire,Northampton,NA,33285
7033,1685,1686,St Martin in the Fields,Middlesex,Middlesex,St Martin in the Fields,ID_30034,NA
7386,1685,1686,Oxford,Oxfordshire,Oxfordshire,Oxford,NA,34379
7541,1686,1687,St Botolph Aldgate,London,Middlesex,St Botolph Aldgate,ID_30153,NA
7601,1686,1687,Great Warley,Essex,Essex,Great Warley,NA,18755
7745,1684,1687,Chesterfield,Derbyshire,Derbyshire,Chesterfield,NA,9041
7870,1684,1686,Halstead,Essex,Essex,Halstead,NA,19815
8421,1683,1686,St Olave Southwark,Surrey,Surrey,St Olave Southwark,ID_30002,NA
8448,1682,1687,Twickenham,Middlesex,Middlesex,Twickenham,NA,46439
8487,1682,1687,London,London,Middlesex,NA,NA,NA
8627,1683,1686,St Andrew Holborn,London,Middlesex,St Andrew Holborn,ID_127848,NA
8636,1683,1687,London,London,Middlesex,NA,NA,NA
9054,1680,1686,Linstock Castle,Cumberland,Cumberland,NA,NA,NA
9424,1684,1687,Stafford,Staffordshire,Staffordshire,Stafford,NA,41948
9717,1683,1687,Rodborough,Gloucestershire,Gloucestershire,Rodborough,NA,38332
9945,1686,1686,St Mary Magdalen Bermondsey,Surrey,Surrey,St Mary Magdalen Bermondsey,ID_30004,NA
10034,1682,1686,London,London,Middlesex,NA,NA,NA
10158,1682,1686,London,London,Middlesex,NA,NA,NA
10198,1682,1686,London,London,Middlesex,NA,NA,NA
10421,1682,1686,St Margaret Westminster,Middlesex,Middlesex,St Margaret Westminster,ID_127869,NA
10548,1684,1687,St Botolph Bishopsgate,London,Middlesex,St Botolph Bishopsgate,ID_127859,NA
10710,1684,1687,Finchley,Middlesex,Middlesex,Finchley,NA,16251
10812,1684,1688,Newchurch,Cumberland,Cumberland,NA,NA,NA
11427,1682,1687,London,London,Middlesex,NA,NA,NA
11512,1683,1687,Clanvill,Oxfordshire,Oxfordshire,NA,NA,NA
11543,1684,1687,Limehouse,Middlesex,Middlesex,St Anne Limehouse,ID_30176,NA
11666,1685,1687,Braintree,Essex,Essex,Braintree,NA,5267
11836,1683,1686,Brentwood,Essex,Essex,Brentwood,NA,5532
12107,1684,1687,Collingham,Nottinghamshire,Nottinghamshire,Collingham,NA,10405
12500,1682,1687,Stepney,Middlesex,Middlesex,St Dunstan Stepney,ID_30169,NA
12585,1681,1687,Stinchcombe,Gloucestershire,Gloucestershire,Stinchcombe,NA,42407
12608,1684,1686,Fifehead,Dorset,Dorset,NA,NA,NA
12629,1686,1687,Richmond,Surrey,Surrey,Richmond,NA,38028
12794,1683,1686,St Giles Cripplegate,Middlesex,Middlesex,St Giles Cripplegate,ID_30100,NA
12822,1682,1687,Worthall,Cheshire,Cheshire,NA,NA,NA
13091,1685,1686,Brentwood,Middlesex,Middlesex,NA,NA,NA
13311,1682,1687,Windsor,Berkshire,Berkshire,Windsor,NA,50086
13433,1685,1686,London,London,Middlesex,NA,NA,NA
13456,1685,1687,Reading,Berkshire,Berkshire,Reading,NA,37532
13554,1684,1687,Ashbury,Berkshire,Berkshire,Ashbury,NA,1321
14166,1680,1687,Cocking,Sussex,Sussex,Cocking,NA,10134
14167,1683,1687,London,London,Middlesex,NA,NA,NA
723,1683,1688,Reading,Berkshire,Berkshire,Reading,NA,37532
3458,1685,1688,London,London,Middlesex,NA,NA,NA
3799,1684,1688,London,London,Middlesex,NA,NA,NA
4501,1682,1688,St Katherine by the Tower,Middlesex,Middlesex,Precinct of St Katherine,ID_30181,NA
6647,1682,NA,St Margaret Westminster,Middlesex,Middlesex,St Margaret Westminster,ID_127869,NA
7801,1684,1688,New Brentford,Middlesex,Middlesex,New Brentford,NA,NA
9044,1685,1688,Chelmsford,Essex,Essex,Chelmsford,NA,8959
10882,1680,1687,Norton,Somerset,Somerset,Norton,NA,33406
12100,1687,1688,Borough,Surrey,Surrey,Borough,NA,4732
1954,1687,1689,London,London,Middlesex,NA,NA,NA
2324,1685,1689,Leek,Staffordshire,Staffordshire,Leek,NA,25931
2557,1684,1689,Husbands Bosworth,Leicestershire,Leicestershire,Husbands Bosworth,NA,23311
4211,1684,1689,Harpole,Northamptonshire,Northamptonshire,Harpole,NA,20277
5232,1685,1689,London,London,Middlesex,NA,NA,NA
5354,1686,1689,Stepney,Middlesex,Middlesex,St Dunstan Stepney,ID_30169,NA
7322,1686,1689,Southwark,Surrey,Surrey,NA,NA,NA
8155,1685,1689,Hillesley,Gloucestershire,Gloucestershire,Hillesley,NA,21974
9546,1688,1689,London,London,Middlesex,NA,NA,NA
9766,1685,1689,Dartmouth,Devon,Devon,Dartmouth,NA,12676
10359,1688,1689,Laxton,Nottinghamshire,Nottinghamshire,Laxton,NA,25754
10671,1686,1689,Hereford,Herefordshire,Herefordshire,Hereford,NA,21293
11423,1686,1689,Hagbourne,Berkshire,Berkshire,NA,NA,NA
11847,1685,1689,Skipton in Craven,Yorkshire,Yorkshire,NA,NA,NA
12005,1687,1689,St All Commons,Wiltshire,Wiltshire,NA,NA,NA
13999,1684,1689,London,London,Middlesex,NA,NA,NA
14174,1683,1689,Swinstead,Lincolnshire,Lincolnshire,Swinstead,NA,43578
121,1686,1689,Winchester,Hampshire,Hampshire,Winchester,NA,50050
950,1682,1689,London,London,Middlesex,NA,NA,NA
1455,1684,1689,Norton Folgate,London,Middlesex,Liberty of Norton Folgate,ID_127860,NA
2546,1688,1689,Westminster,Middlesex,Middlesex,NA,NA,NA
3372,1687,1689,Erith,Kent,Kent,Erith,NA,15426
3403,1685,1689,London,London,Middlesex,NA,NA,NA
3421,1683,1689,Clerkenwell,Middlesex,Middlesex,St James Clerkenwell,ID_127865,NA
4354,1686,1689,Brigham,Cumberland,Cumberland,NA,NA,NA
4574,1684,1689,Kerricoat,Hertfordshire,Hertfordshire,NA,NA,NA
4687,1685,1690,St Paul Shadwell,Middlesex,Middlesex,St Paul Shadwell,ID_30184,NA
4927,1683,1689,London,London,Middlesex,NA,NA,NA
5604,1688,1689,Asterby,Leicestershire,Leicestershire,NA,NA,NA
5611,1683,1689,London,London,Middlesex,NA,NA,NA
5633,1688,1689,St Andrew Holborn,Middlesex,Middlesex,St Andrew Holborn,ID_127848,NA
5769,1683,1689,London,London,Middlesex,NA,NA,NA
6237,1689,1689,St Dunstan Stepney,Middlesex,Middlesex,St Dunstan Stepney,ID_30169,NA
6732,1685,1689,London,London,Middlesex,NA,NA,NA
6873,1686,1689,Little Berverd,Oxfordshire,Oxfordshire,NA,NA,NA
7361,1686,1689,Shawson,Leicestershire,Leicestershire,NA,NA,NA
7433,1685,1689,London,London,Middlesex,NA,NA,NA
8659,1683,1689,London,London,Middlesex,NA,NA,NA
8965,1684,1689,London,London,Middlesex,NA,NA,NA
8972,1685,1689,St Martin in the Fields,Middlesex,Middlesex,St Martin in the Fields,ID_30034,NA
9284,1685,1689,Bromley,Kent,Kent,Bromley,NA,6067
9827,1684,1689,Malbury,Wiltshire,Wiltshire,NA,NA,NA
10299,1685,1689,London,London,Middlesex,NA,NA,NA
10504,1687,1689,St Mary Whitechapel,Middlesex,Middlesex,St Mary Whitechapel,ID_127867,NA
10520,1683,1689,Precinct of St Katherine,London,Middlesex,Precinct of St Katherine,ID_30181,NA
10529,1686,1689,London,London,Middlesex,NA,NA,NA
10958,1683,1689,Gard,Berkshire,Berkshire,NA,NA,NA
11108,1688,1689,Aldgate,Middlesex,Middlesex,St Botolph Aldgate,ID_30153,NA
11546,1687,1689,London,London,Middlesex,NA,NA,NA
11668,1686,1689,Hanmash in Kimbolton,Herefordshire,Herefordshire,NA,NA,NA
11917,1686,1689,Westwell,Kent,Kent,Westwell,NA,49165
12219,1688,1689,St Botolph Aldersgate,London,Middlesex,St Botolph Aldersgate,ID_30061,NA
12421,1682,1689,London,London,Middlesex,NA,NA,NA
13692,1687,1689,Whitechapel,Middlesex,Middlesex,St Mary Whitechapel,ID_127867,NA
13911,1683,1689,Northleach,Gloucestershire,Gloucestershire,Northleach,NA,33339
227,1689,1694,London,London,Middlesex,NA,NA,NA
495,1691,1695,London,London,Middlesex,NA,NA,NA
566,1688,1693,Shadwell,Middlesex,Middlesex,St Paul Shadwell,ID_30184,NA
601,1690,1695,Chichester,Sussex,Sussex,Chichester,NA,9094
680,1691,1696,Poplar,Middlesex,Middlesex,Poplar,ID_30173,NA
719,1693,1693,Shoreditch,Middlesex,Middlesex,St Leonard Shoreditch,ID_30170,NA
801,1694,1694,St Giles Cripplegate,Middlesex,Middlesex,St Giles Cripplegate,ID_30100,NA
915,1692,1693,London,London,Middlesex,NA,NA,NA
1448,1694,1695,St Andrew Holborn,Middlesex,Middlesex,St Andrew Holborn,ID_127848,NA
1536,1690,1693,London,London,Middlesex,NA,NA,NA
1546,1690,1692,St Giles in the Fields,Middlesex,Middlesex,St Giles in the Fields,ID_30018,NA
2356,1695,1696,London,London,Middlesex,NA,NA,NA
2415,1688,NA,Graveley by Chestfield,Hertfordshire,Hertfordshire,NA,NA,NA
2826,1694,1695,St Paul Shadwell,Middlesex,Middlesex,St Paul Shadwell,ID_30184,NA
2835,1688,1693,St Mary Magdalen Bermondsey,Surrey,Surrey,St Mary Magdalen Bermondsey,ID_30004,NA
3526,1689,1694,Whickham,County Durham,County Durham,Whickham,NA,49327
4210,1690,1695,NA,Gloucestershire,Gloucestershire,NA,NA,NA
4223,1691,1692,Highgate,Middlesex,Middlesex,Highgate,NA,21782
4306,1685,1693,Whitechapel,Middlesex,Middlesex,St Mary Whitechapel,ID_127867,NA
4314,1690,1692,Uppingham,Rutland,Rutland,Uppingham,NA,47142
4620,1688,1692,Old Windsor,Berkshire,Berkshire,Old Windsor,NA,33925
4657,1692,1696,Godmanchester,Huntingdonshire,Huntingdonshire,Godmanchester,NA,18057
5092,1691,1693,Cheltenham,Gloucestershire,Gloucestershire,Cheltenham,NA,8971
5182,1693,1695,London,London,Middlesex,NA,NA,NA
5219,1692,1695,London,London,Middlesex,NA,NA,NA
5234,1686,1692,London,London,Middlesex,NA,NA,NA
5265,1694,1696,Burnham,Buckinghamshire,Buckinghamshire,Burnham,NA,6963
5482,1693,1698,St James Clerkenwell,Middlesex,Middlesex,St James Clerkenwell,ID_127865,NA
5621,1692,1695,Rainston,Nottinghamshire,Nottinghamshire,NA,NA,NA
5792,1691,1694,Winchcombe,Gloucestershire,Gloucestershire,Winchcombe,NA,50044
5844,1688,1692,Weston Favell,Northamptonshire,Northamptonshire,Weston Favell,NA,49094
5849,1694,1695,Shrewsbury,Shropshire,Shropshire,Shrewsbury,NA,40345
5866,1693,1696,NA,Northamptonshire,Northamptonshire,NA,NA,NA
6198,1694,1696,Dinder,Somerset,Somerset,Dinder,NA,13110
6306,NA,1695,Chatham,Kent,Kent,Chatham,NA,8875
6417,1692,1694,Norton Folgate,Middlesex,Middlesex,Liberty of Norton Folgate,ID_127860,NA
6908,1696,1697,Bradford,Yorkshire,Yorkshire,Bradford,NA,5143
6917,1688,1693,Stockport,Cheshire,Cheshire,Stockport,NA,42469
7200,1692,1696,London,London,Middlesex,NA,NA,NA
7412,1691,1695,London,London,Middlesex,NA,NA,NA
7432,1694,1695,Kingston upon Hull,Yorkshire,Yorkshire,Kingston upon Hull,NA,24628
7507,1693,1695,Brentford,Middlesex,Middlesex,Brentford,NA,5526
7756,1688,1692,Shoreditch,Middlesex,Middlesex,St Leonard Shoreditch,ID_30170,NA
7876,1690,1694,Chipping Wickham,Buckinghamshire,Buckinghamshire,NA,NA,NA
8112,1690,NA,London,London,Middlesex,NA,NA,NA
8145,1695,1695,Bethnal Green,Middlesex,Middlesex,St Matthew Bethnal Green,ID_30171,NA
8575,1690,1692,Hornchurch,Essex,Essex,Hornchurch,NA,22759
8793,1693,1697,Yardley,Northamptonshire,Northamptonshire,NA,NA,NA
8877,1695,1696,Norton Folgate,London,Middlesex,Liberty of Norton Folgate,ID_127860,NA
9132,1687,1692,London,London,Middlesex,NA,NA,NA
9177,1691,1695,Sarum,Wiltshire,Wiltshire,NA,NA,NA
9248,1691,1695,London,London,Middlesex,NA,NA,NA
9299,1695,1696,Somerton,Somerset,Somerset,Somerton,NA,40999
9617,1689,1692,St Paul Shadwell,Middlesex,Middlesex,St Paul Shadwell,ID_30184,NA
9732,NA,1695,St Saviour Southwark,Surrey,Surrey,St Saviour Southwark,ID_30001,NA
9740,1690,1696,Leatherhead,Surrey,Surrey,Leatherhead,NA,25851
10019,1692,1694,St Giles Cripplegate,London,Middlesex,St Giles Cripplegate,ID_30100,NA
10040,1689,1695,Chichester,Sussex,Sussex,Chichester,NA,9094
10074,1692,1696,London,London,Middlesex,NA,NA,NA
10743,1691,1693,Minories,London,Middlesex,NA,NA,NA
10819,1686,1692,London,London,Middlesex,NA,NA,NA
11184,1690,1692,Great Horwood,Buckinghamshire,Buckinghamshire,Great Horwood,NA,18650
11222,1689,1692,Littlecott,Wiltshire,Wiltshire,NA,NA,NA
11389,1687,1694,Ratcliff,Middlesex,Middlesex,Ratcliffe,ID_30177,NA
11572,1694,1696,London,London,Middlesex,NA,NA,NA
12214,1693,1696,London,London,Middlesex,NA,NA,NA
12215,1693,1695,London,London,Middlesex,NA,NA,NA
12221,1691,1696,St Dunstan in the West,London,Middlesex,St Dunstan in the West,ID_127855,NA
12239,1692,1695,Westminster,Middlesex,Middlesex,NA,NA,NA
12461,1689,1692,Eaton Bishop,Herefordshire,Herefordshire,Eaton Bishop,NA,14684
12602,1694,1695,Great Marlow,Buckinghamshire,Buckinghamshire,Great Marlow,NA,58984
12625,1691,1695,St Margaret Westminster,Middlesex,Middlesex,St Margaret Westminster,ID_127869,NA
12662,1689,1694,Twickenham,Middlesex,Middlesex,Twickenham,NA,46439
12716,1687,1692,Hambledon,Hampshire,Hampshire,Hambledon,NA,19893
12731,1690,1696,London,London,Middlesex,NA,NA,NA
12924,1689,1696,Dean,Gloucestershire,Gloucestershire,NA,NA,NA
13731,1691,1693,Stow,Gloucestershire,Gloucestershire,NA,NA,NA
13888,1691,1695,Cripplegate,London,Middlesex,St Giles Cripplegate,ID_30100,NA
13951,1694,1695,London,London,Middlesex,NA,NA,NA
14059,1693,1695,Sherborne,Dorset,Dorset,Sherborne,NA,40076
58,1690,1692,Christ's Hospital,London,Middlesex,Christ Church,ID_30069,NA
113,1690,1693,London,London,Middlesex,NA,NA,NA
180,1689,1693,Aldgate,London,Middlesex,St Botolph Aldgate,ID_30153,NA
233,1686,1689,Kings Sombourn,Hampshire,Hampshire,NA,NA,NA
258,1688,1689,Stepney,Middlesex,Middlesex,St Dunstan Stepney,ID_30169,NA
327,1684,1689,Cheshunt,Hertfordshire,Hertfordshire,Cheshunt,NA,9027
342,1686,1690,Hampton Wick,Middlesex,Middlesex,Hampton Wick,NA,19974
394,1683,1690,Shoreditch,Middlesex,Middlesex,St Leonard Shoreditch,ID_30170,NA
437,1687,1691,Steeple Ashton,Wiltshire,Wiltshire,Steeple Ashton,NA,42308
483,1687,1691,London,London,Middlesex,NA,NA,NA
497,1689,1691,Normanby,Yorkshire,Yorkshire,NA,NA,NA
616,1687,1693,London,London,Middlesex,NA,NA,NA
655,1688,1693,London,London,Middlesex,NA,NA,NA
657,1690,1693,Castleton,Derbyshire,Derbyshire,Castleton,NA,8270
678,1687,1690,London,London,Middlesex,NA,NA,NA
748,NA,1693,Clapham,Surrey,Surrey,Clapham,NA,9592
782,1688,1690,Ipswich,Suffolk,Suffolk,Ipswich,NA,23691
916,1684,1686,St George Southwark,Surrey,Surrey,St George Southwark,ID_30012,NA
979,1684,1690,Hope,Derbyshire,Derbyshire,Hope,NA,22673
989,1685,1691,Etal,Northumberland,Northumberland,Etal,NA,15478
1014,1685,1690,London,London,Middlesex,NA,NA,NA
1033,1687,1690,St Giles Cripplegate,London,Middlesex,St Giles Cripplegate,ID_30100,NA
1084,1688,1690,Cambridge,Cambridgeshire,Cambridgeshire,Cambridge,NA,7642
1168,1687,1689,St Martin,Middlesex,Middlesex,St Martin in the Fields,ID_30034,NA
1242,1686,1693,St Margaret Westminster,Middlesex,Middlesex,St Margaret Westminster,ID_127869,NA
1244,1686,1690,Coversham,Oxfordshire,Oxfordshire,NA,NA,NA
1405,1686,1691,Aylesford,Kent,Kent,Aylesford,NA,1775
1417,1685,1690,Maidstone,Kent,Kent,Maidstone,NA,29156
1418,1689,1690,Woodbridge,Suffolk,Suffolk,Woodbridge,NA,50506
1422,1687,1691,London,London,Middlesex,NA,NA,NA
1426,1691,1693,Stanton,Gloucestershire,Gloucestershire,Stanton,NA,42142
1474,1687,1693,Derby,Derbyshire,Derbyshire,Derby,NA,12974
1616,1687,1693,Husband Crawley,Bedfordshire,Bedfordshire,NA,NA,NA
1674,1685,1689,North Wraxall,Wiltshire,Wiltshire,North Wraxall,NA,33276
1722,1682,1689,Norton St Philip,Somerset,Somerset,Norton St Philip,NA,33438
1724,1687,1693,St Thomas Southwark,Surrey,Surrey,St Thomas,ID_30007,NA
1743,1687,1689,St Leonard Bristol,Gloucestershire,Gloucestershire,NA,NA,NA
1775,1687,1692,Croft,Leicestershire,Leicestershire,Croft,NA,11650
1802,NA,1693,London,London,Middlesex,NA,NA,NA
1845,1690,1690,Armsuch,Lancashire,Lancashire,NA,NA,NA
1914,1689,1693,London,London,Middlesex,NA,NA,NA
2014,1689,1693,London,London,Middlesex,NA,NA,NA
2036,1685,1690,Cuddington,Buckinghamshire,Buckinghamshire,Cuddington,NA,12062
2103,1687,1689,London,London,Middlesex,NA,NA,NA
2122,1692,1693,Ockley,Surrey,Surrey,Ockley,NA,33704
2130,1689,1693,Clarond,Surrey,Surrey,NA,NA,NA
2138,1688,1690,London,London,Middlesex,NA,NA,NA
2304,1689,1692,Chadlington,Oxfordshire,Oxfordshire,Chadlington,NA,8584
2312,1688,1690,Portsmouth,Hampshire,Hampshire,Portsmouth,NA,36626
2313,1690,1693,Chadlington,Oxfordshire,Oxfordshire,Chadlington,NA,8584
2319,1686,1689,St Giles in the Fields,Middlesex,Middlesex,St Giles in the Fields,ID_30018,NA
2402,1689,1692,Leigh,Somerset,Somerset,NA,NA,NA
2419,1687,1693,South Shields,County Durham,County Durham,South Shields,NA,41261
2433,1690,1692,Chigwell,Essex,Essex,Chigwell,NA,9118
2505,1689,1693,Exeter,Devon,Devon,Exeter,NA,15586
2516,1686,1690,Castleton,Oxfordshire,Oxfordshire,NA,NA,NA
2565,1690,1692,Credenhill,Herefordshire,Herefordshire,Credenhill,NA,11488
2697,1688,1690,Mere,Wiltshire,Wiltshire,Mere,NA,30045
2738,1691,1693,Weddington,Lincolnshire,Lincolnshire,NA,NA,NA
3004,1691,1693,London,London,Middlesex,NA,NA,NA
3023,1686,1692,East Tower,Dorset,Dorset,NA,NA,NA
3086,1688,1693,St Paul Shadwell,Middlesex,Middlesex,St Paul Shadwell,ID_30184,NA
3150,1689,1693,London,London,Middlesex,NA,NA,NA
3164,1687,1693,London,London,Middlesex,NA,NA,NA
3251,1687,1690,London,London,Middlesex,NA,NA,NA
3273,1686,1693,Stepney,Middlesex,Middlesex,St Dunstan Stepney,ID_30169,NA
3326,1687,1693,St Giles Cripplegate,Middlesex,Middlesex,St Giles Cripplegate,ID_30100,NA
3354,1691,1692,Norwich,Norfolk,Norfolk,Norwich,NA,33455
3442,1685,1690,Frampton on Severn,Gloucestershire,Gloucestershire,Frampton on Severn,NA,16885
3544,1689,1693,Mountsorrel,Leicestershire,Leicestershire,Mountsorrel,NA,31433
3550,1690,1693,London,London,Middlesex,NA,NA,NA
3621,1683,1689,London,London,Middlesex,NA,NA,NA
3642,1687,1691,Mitcham,Surrey,Surrey,Mitcham,NA,30776
3660,1690,1693,Beddington,Surrey,Surrey,Beddington,NA,3000
3742,1690,1692,Hampton Wick,Middlesex,Middlesex,Hampton Wick,NA,19974
3756,1683,1689,St Botolph Aldgate,Middlesex,Middlesex,St Botolph Aldgate,ID_30153,NA
3809,1686,1687,London,London,Middlesex,NA,NA,NA
3835,1691,1693,St Martin in the Fields,Middlesex,Middlesex,St Martin in the Fields,ID_30034,NA
3907,1687,1690,Bernett,Herefordshire,Herefordshire,NA,NA,NA
3951,1691,1693,Gatleigh Park,Herefordshire,Herefordshire,NA,NA,NA
3953,1687,1693,Derby,Derbyshire,Derbyshire,Derby,NA,12974
3954,1684,1689,London,London,Middlesex,NA,NA,NA
3976,1689,1693,St Margaret Westminster,Middlesex,Middlesex,St Margaret Westminster,ID_127869,NA
4032,1687,1689,Waltham Abbey,Essex,Essex,Waltham Abbey,NA,47635
4105,1687,1693,London,London,Middlesex,NA,NA,NA
4121,1687,1693,London,London,Middlesex,NA,NA,NA
4131,1690,1693,Gosfeild,Essex,Essex,NA,NA,NA
4221,1686,1690,London,London,Middlesex,NA,NA,NA
4283,1691,1692,London,London,Middlesex,NA,NA,NA
4355,1691,1693,London,London,Middlesex,NA,NA,NA
4380,1687,1690,Reading,Berkshire,Berkshire,Reading,NA,37532
4412,1684,1689,Coventry,Warwickshire,Warwickshire,Coventry,NA,11138
4558,1688,1689,Waltham,Essex,Essex,NA,NA,NA
4592,1688,1692,Berwick upon Tweed,Northumberland,Northumberland,Berwick upon Tweed,NA,3424
4647,1693,1693,Stoke Prior,Worcestershire,Worcestershire,Stoke Prior,NA,42569
4658,1690,1693,Stepney,Middlesex,Middlesex,St Dunstan Stepney,ID_30169,NA
4833,1684,1690,London,London,Middlesex,NA,NA,NA
4887,1690,1693,Deptford,Kent,Kent,Deptford,NA,12973
4917,1689,1689,St Olave Silver Street,London,Middlesex,St Olave Silver Street,ID_30096,NA
4948,1691,1693,Stepney,Middlesex,Middlesex,St Dunstan Stepney,ID_30169,NA
4965,1686,1693,London,London,Middlesex,NA,NA,NA
4980,1688,1693,St Olave Southwark,Surrey,Surrey,St Olave Southwark,ID_30002,NA
4991,1685,1690,St Andrew Holborn,Middlesex,Middlesex,St Andrew Holborn,ID_127848,NA
5116,1687,1691,Stepney,Middlesex,Middlesex,St Dunstan Stepney,ID_30169,NA
5124,1685,1689,Thame,Oxfordshire,Oxfordshire,Thame,NA,44078
5178,1671,1693,London,London,Middlesex,NA,NA,NA
5241,1688,1691,London,London,Middlesex,NA,NA,NA
5308,1687,1692,London,London,Middlesex,NA,NA,NA
5440,NA,1689,Eltham,Kent,Kent,Eltham,NA,15140
5450,1689,1693,London,London,Middlesex,NA,NA,NA
5541,1686,1690,Chatham,Kent,Kent,Chatham,NA,8875
5571,1687,1691,St Mary Axe,London,Middlesex,St Andrew Undershaft,ID_30152,NA
5572,1687,1691,St Mary Axe,London,Middlesex,St Andrew Undershaft,ID_30152,NA
5654,1688,1690,Stamford,Lincolnshire,Lincolnshire,Stamford,NA,42021
5685,1686,1693,St Mary Overie Southwark,Surrey,Surrey,St Saviour Southwark,ID_30001,NA
5779,1692,1693,Ratcliff,Middlesex,Middlesex,Ratcliffe,ID_30177,NA
5818,1686,1690,Stepney,Middlesex,Middlesex,St Dunstan Stepney,ID_30169,NA
5900,1685,1690,London,London,Middlesex,NA,NA,NA
5954,1687,1690,Isle of Wight,Isle of Wight,Hampshire,NA,NA,NA
6063,1688,1693,London,London,Middlesex,NA,NA,NA
6113,1689,1693,Whitechapel,Middlesex,Middlesex,St Mary Whitechapel,ID_127867,NA
6206,1692,1693,London,London,Middlesex,NA,NA,NA
6212,1684,1690,Abingdon,Berkshire,Berkshire,Abingdon,NA,287768
6264,1687,1689,Chigwell,Essex,Essex,Chigwell,NA,9118
6281,1686,1691,St Olave,Surrey,Surrey,St Olave Southwark,ID_30002,NA
6299,1691,1693,Devizes,Wiltshire,Wiltshire,Devizes,NA,13020
6350,1690,1693,Hide,Kent,Kent,NA,NA,NA
6372,1687,1689,Chester,Cheshire,Cheshire,Chester,NA,9035
6373,1689,1690,London,London,Middlesex,NA,NA,NA
6408,1688,1690,Stepney,Middlesex,Middlesex,St Dunstan Stepney,ID_30169,NA
6465,1689,1691,St Giles Cripplegate,London,Middlesex,St Giles Cripplegate,ID_30100,NA
6495,1686,1690,Allhallows London Wall,London,Middlesex,All Hallows London Wall,ID_127847,NA
6516,1688,1690,St James,Middlesex,Middlesex,St James Westminster,ID_30024,NA
6528,1691,1693,London,London,Middlesex,NA,NA,NA
6553,1688,1692,NA,Middlesex,Middlesex,NA,NA,NA
6652,1690,1693,London,London,Middlesex,NA,NA,NA
6742,1685,1690,Newchurch,Radnorshire,Radnorshire,Newchurch,NA,32447
6775,1687,1692,NA,County Durham,County Durham,NA,NA,NA
6791,1687,1690,St Martin in the Fields,Middlesex,Middlesex,St Martin in the Fields,ID_30034,NA
6792,1689,1693,London,London,Middlesex,NA,NA,NA
6827,1687,1693,Beaconsfield,Buckinghamshire,Buckinghamshire,Beaconsfield,NA,2873
6891,1691,1693,St Martin in the Fields,Middlesex,Middlesex,St Martin in the Fields,ID_30034,NA
6934,1686,1691,Chilton,Wiltshire,Wiltshire,NA,NA,NA
6937,1689,1693,Little Glenn,Leicestershire,Leicestershire,NA,NA,NA
6992,1688,1693,Old Artillery Ground belonging to the Tower of London,London,Middlesex,Old Artillery Ground,ID_127861,NA
7163,1687,1693,Toticer,Northamptonshire,Northamptonshire,NA,NA,NA
7364,1691,1693,St Sepulchre,Middlesex,Middlesex,St Sepulchre,ID_30058,NA
7380,1686,1689,London,London,Middlesex,NA,NA,NA
7406,1688,1692,Wapping Whitechapel,Middlesex,Middlesex,NA,NA,NA
7418,1690,1693,London,London,Middlesex,NA,NA,NA
7508,1686,1689,London,London,Middlesex,NA,NA,NA
7533,1686,1689,Banbury,Oxfordshire,Oxfordshire,Banbury,NA,2220
7540,1687,1690,Southwark,Surrey,Surrey,NA,NA,NA
7602,1688,1690,London,London,Middlesex,NA,NA,NA
7656,1686,1693,Feversham,Kent,Kent,Faversham,NA,15905
7812,1689,1693,St Giles Cripplegate,Middlesex,Middlesex,St Giles Cripplegate,ID_30100,NA
7826,1690,1693,Langford,Bedfordshire,Bedfordshire,Langford,NA,25474
7850,1689,1693,St James in the Fields,Middlesex,Middlesex,St James Westminster,ID_30024,NA
7869,1689,1693,Easington,County Durham,County Durham,Easington,NA,14148
7931,1687,1690,Ardingly,Sussex,Sussex,Ardingly,NA,1105
7987,1689,1691,London,London,Middlesex,NA,NA,NA
8139,1684,1689,Hooton,Huntingdonshire,Huntingdonshire,NA,NA,NA
8390,1686,1693,NA,Glamorgan,Glamorgan,NA,NA,NA
8398,1687,1689,London,London,Middlesex,NA,NA,NA
8414,1690,1692,Stepney,Middlesex,Middlesex,St Dunstan Stepney,ID_30169,NA
8496,1692,1693,St James,Middlesex,Middlesex,St James Westminster,ID_30024,NA
8511,1688,1692,Rotherhithe,Surrey,Surrey,St Mary Rotherhithe,ID_30008,NA
8576,1691,1693,NA,Norfolk,Norfolk,NA,NA,NA
8582,1691,1693,Dore,Herefordshire,Herefordshire,NA,NA,NA
8597,1689,1693,Winslow,Buckinghamshire,Buckinghamshire,Winslow,NA,50173
8611,1688,1691,Poplar,Middlesex,Middlesex,Poplar,ID_30173,NA
8666,1692,1693,Bromfield,Cumberland,Cumberland,Bromfield,NA,6056
8718,1688,1689,NA,Shropshire,Shropshire,NA,NA,NA
8722,1692,1693,Grays,Essex,Essex,Grays,NA,18506
8743,1692,1692,Portsmouth,Hampshire,Hampshire,Portsmouth,NA,36626
8752,1684,1689,Whitchurch,Glamorgan,Glamorgan,Whitchurch,NA,14917
8841,1687,1693,Askham,Westmorland,Westmorland,Askham,NA,1482
8853,1687,1693,Llangedwyn,Denbighshire,Denbighshire,Llangedwyn,NA,27348
9000,1687,1692,St Botolph Aldersgate,Middlesex,Middlesex,St Botolph Aldersgate,ID_30061,NA
9100,1688,1689,Evesham,Worcestershire,Worcestershire,Evesham,NA,15549
9115,1692,1693,London,London,Middlesex,NA,NA,NA
9125,1688,1692,Warminster,Wiltshire,Wiltshire,Warminster,NA,47825
9226,1687,1692,Stepney,Middlesex,Middlesex,St Dunstan Stepney,ID_30169,NA
9289,1689,1693,London,London,Middlesex,NA,NA,NA
9296,1692,1693,London,London,Middlesex,NA,NA,NA
9320,1684,1689,Higham on the Hill,Leicestershire,Leicestershire,Higham on the Hill,NA,21643
9335,1689,1693,St Olave Southwark,Surrey,Surrey,St Olave Southwark,ID_30002,NA
9446,1686,1690,London,London,Middlesex,NA,NA,NA
9478,1688,1692,Cirencester,Gloucestershire,Gloucestershire,Cirencester,NA,9528
9486,1691,1693,London,London,Middlesex,NA,NA,NA
9493,1689,1692,Shrivenham,Berkshire,Berkshire,Shrivenham,NA,40348
9498,1685,1690,Dean,Gloucestershire,Gloucestershire,NA,NA,NA
9555,1687,1690,Barnwood,Gloucestershire,Gloucestershire,Barnwood,NA,2524
9597,1689,1690,Corinsh,Denbighshire,Denbighshire,NA,NA,NA
9615,1691,1693,Wapping Stepney,Middlesex,Middlesex,St John Wapping,ID_30182,NA
9639,1689,1691,Embleton near Cockermouth,Cumberland,Cumberland,NA,NA,NA
9691,1687,1692,Northchurch,Hertfordshire,Hertfordshire,Northchurch,NA,33300
9714,1688,1693,London,London,Middlesex,NA,NA,NA
9754,1690,1692,Holborn,Middlesex,Middlesex,St Andrew Holborn,ID_127848,NA
9774,1685,1689,Gloucester,Gloucestershire,Gloucestershire,Gloucester,NA,17982
9814,1685,1692,London,London,Middlesex,NA,NA,NA
9902,1690,1693,South Shields,County Durham,County Durham,South Shields,NA,41261
10270,1688,1692,Swindon,Wiltshire,Wiltshire,Swindon,NA,43547
10301,NA,1690,London,London,Middlesex,NA,NA,NA
10303,1688,1690,Maidstone,Kent,Kent,Maidstone,NA,29156
10383,1691,1693,Stepney,Middlesex,Middlesex,St Dunstan Stepney,ID_30169,NA
10386,1692,1693,St Botolph Aldgate,Middlesex,Middlesex,St Botolph Aldgate,ID_30153,NA
10443,1691,1693,Carnfield,Derbyshire,Derbyshire,NA,NA,NA
10457,1690,1692,London,London,Middlesex,NA,NA,NA
10491,1692,1693,Clayton,Lancashire,Lancashire,Clayton,NA,9726
10527,1686,1693,Cheltenham,Gloucestershire,Gloucestershire,Cheltenham,NA,8971
10649,1687,1693,Poplar,Middlesex,Middlesex,Poplar,ID_30173,NA
10663,1688,1691,Putney,Surrey,Surrey,Putney,NA,37033
10724,1688,1693,Beckford,Gloucestershire,Gloucestershire,Beckford,NA,2975
10760,1691,1693,Allhallows Barking,London,Middlesex,All Hallows Barking,ID_30161,NA
10774,1689,1693,Great Rowlright,Oxfordshire,Oxfordshire,NA,NA,NA
10787,1687,1690,London,London,Middlesex,NA,NA,NA
10800,1687,1690,St Margaret Westminster,Middlesex,Middlesex,St Margaret Westminster,ID_127869,NA
10803,1687,1693,Bray,Berkshire,Berkshire,Bray,NA,5428
10808,1689,1690,St Paul Shadwell,Middlesex,Middlesex,St Paul Shadwell,ID_30184,NA
10811,1686,1690,Chatham,Kent,Kent,Chatham,NA,8875
10847,1689,1693,Stratford,Essex,Essex,Stratford,NA,42883
10897,1689,1693,Wapping Whitechapel,Middlesex,Middlesex,NA,NA,NA
10988,1687,1693,London,London,Middlesex,NA,NA,NA
10989,1688,1693,London,London,Middlesex,NA,NA,NA
11049,1687,1690,Westminster,Middlesex,Middlesex,NA,NA,NA
11086,1686,1690,St Dunstan Stepney,Middlesex,Middlesex,St Dunstan Stepney,ID_30169,NA
11161,1688,1689,London,London,Middlesex,NA,NA,NA
11183,1691,1692,Great Horwood,Buckinghamshire,Buckinghamshire,Great Horwood,NA,18650
11246,1680,1683,Stepney,Middlesex,Middlesex,St Dunstan Stepney,ID_30169,NA
11260,1686,1689,Old,Northamptonshire,Northamptonshire,Old,NA,33761
11326,1692,1693,St Olave Southwark,Surrey,Surrey,St Olave Southwark,ID_30002,NA
11360,1689,1693,St Paul Shadwell,Middlesex,Middlesex,St Paul Shadwell,ID_30184,NA
11388,1687,1690,Stepney,Middlesex,Middlesex,St Dunstan Stepney,ID_30169,NA
11391,1684,1690,Belton,Lincolnshire,Lincolnshire,NA,NA,NA
11403,1686,1689,Kings Nympton,Devon,Devon,Kings Nympton,NA,291504
11436,1690,1692,London,London,Middlesex,NA,NA,NA
11485,1688,1692,Stanton,Wiltshire,Wiltshire,NA,NA,NA
11503,1691,1693,London,London,Middlesex,NA,NA,NA
11525,1691,1693,Wandsworth,Surrey,Surrey,Wandsworth,NA,47714
11547,1691,1693,St Paul Shadwell,Middlesex,Middlesex,St Paul Shadwell,ID_30184,NA
11669,1688,1693,Loughborough,Leicestershire,Leicestershire,Loughborough,NA,28159
11697,1687,1691,St Martin in the Fields,Middlesex,Middlesex,St Martin in the Fields,ID_30034,NA
11715,1689,1690,Marlborough,Wiltshire,Wiltshire,Marlborough,NA,29474
11717,1685,1689,Eston,Yorkshire,Yorkshire,Eston,NA,15475
11811,1684,1688,Shrewsbury,Shropshire,Shropshire,Shrewsbury,NA,40345
11830,1688,1690,Stepney,Middlesex,Middlesex,St Dunstan Stepney,ID_30169,NA
11932,1688,1691,Chatham,Kent,Kent,Chatham,NA,8875
12087,1689,1693,Adlingham,Northumberland,Northumberland,NA,NA,NA
12159,1686,1690,Cheshunt,Hertfordshire,Hertfordshire,Cheshunt,NA,9027
12360,1693,1693,Southwark Borough,Surrey,Surrey,NA,NA,NA
12499,1686,1690,London,London,Middlesex,NA,NA,NA
12525,1688,1693,Southwark Borough,Surrey,Surrey,NA,NA,NA
12528,1690,1692,Stepney,Middlesex,Middlesex,St Dunstan Stepney,ID_30169,NA
12690,1683,1689,London,London,Middlesex,NA,NA,NA
12695,1691,1693,London,London,Middlesex,NA,NA,NA
12696,1693,1693,St Sepulchre,London,Middlesex,St Sepulchre,ID_30058,NA
12700,1690,1693,Ratcliff,Middlesex,Middlesex,Ratcliffe,ID_30177,NA
12766,1687,1689,Stepney,Middlesex,Middlesex,St Dunstan Stepney,ID_30169,NA
12775,1689,1693,Midgham,Berkshire,Berkshire,Midgham,NA,30364
12836,1686,1689,Backington,Somerset,Somerset,NA,NA,NA
12893,1691,1693,London,London,Middlesex,NA,NA,NA
12932,1692,1693,London,London,Middlesex,NA,NA,NA
12954,1688,1690,Manchester,Lancashire,Lancashire,Manchester,NA,29251
12981,1689,1693,London,London,Middlesex,NA,NA,NA
13112,1687,1692,London,London,Middlesex,NA,NA,NA
13113,1689,1693,Whitechapel,Middlesex,Middlesex,St Mary Whitechapel,ID_127867,NA
13163,1690,1693,Whitechapel,Middlesex,Middlesex,St Mary Whitechapel,ID_127867,NA
13273,1689,1693,Upton,Worcestershire,Worcestershire,NA,NA,NA
13314,1690,1693,Wapping,Middlesex,Middlesex,St John Wapping,ID_30182,NA
13315,1687,1691,St Botolph Bishopsgate,London,Middlesex,St Botolph Bishopsgate,ID_127859,NA
13338,NA,1690,Ledbury,Herefordshire,Herefordshire,Ledbury,NA,25882
13366,1687,1690,London,London,Middlesex,NA,NA,NA
13438,1686,1693,Reading,Berkshire,Berkshire,Reading,NA,37532
13484,1686,1690,Wapping,Middlesex,Middlesex,St John Wapping,ID_30182,NA
13488,1686,1690,Reading,Berkshire,Berkshire,Reading,NA,37532
13591,1687,1693,Odstone,Leicestershire,Leicestershire,Odstone,NA,33721
13635,1689,1693,Sheffield,Cheshire,Cheshire,NA,NA,NA
13667,NA,1690,London,London,Middlesex,NA,NA,NA
13820,1686,1690,St Leonard Shoreditch,Middlesex,Middlesex,St Leonard Shoreditch,ID_30170,NA
13887,1690,1692,St Katherine by the Tower,London,Middlesex,Precinct of St Katherine,ID_30181,NA
13919,1683,1690,St Olave Southwark,Surrey,Surrey,St Olave Southwark,ID_30002,NA
13932,1687,1693,Dymock,Gloucestershire,Gloucestershire,Dymock,NA,14056
14043,1691,1693,St Olave Southwark,Surrey,Surrey,St Olave Southwark,ID_30002,NA
14067,1688,1693,Hatfield,Hertfordshire,Hertfordshire,Hatfield,NA,20494
14161,1688,1692,Ashford,Derbyshire,Derbyshire,NA,NA,NA
14164,1687,1690,Reading,Berkshire,Berkshire,Reading,NA,37532
14245,1683,1689,London,London,Middlesex,NA,NA,NA
14253,1689,1690,St Giles in the Fields,Middlesex,Middlesex,St Giles in the Fields,ID_30018,NA
94,1688,1690,Canterbury,Kent,Kent,Canterbury,NA,7771
128,1688,1690,Wantage,Berkshire,Berkshire,Wantage,NA,47728
260,1690,1691,St Katherine Coleman,London,Middlesex,St Katherine Coleman Street,ID_30158,NA
1535,1685,1691,London,London,Middlesex,NA,NA,NA
1934,1688,1690,Berwick upon Tweed,Northumberland,Northumberland,Berwick upon Tweed,NA,3424
1986,1688,1691,Stepney,Middlesex,Middlesex,St Dunstan Stepney,ID_30169,NA
2009,1682,1690,Exeter,Devon,Devon,Exeter,NA,15586
2382,1685,1691,Wolverhampton,Staffordshire,Staffordshire,Wolverhampton,NA,50404
2482,1690,1691,St Sepulchre,Middlesex,Middlesex,St Sepulchre,ID_30058,NA
2841,1687,1691,Midhurst,Sussex,Sussex,Midhurst,NA,30370
2873,1689,1691,Barking,Essex,Essex,Barking,NA,2398
2971,1688,1691,London,London,Middlesex,NA,NA,NA
4070,1686,1691,St Sepulchre in the West,Middlesex,Middlesex,St Sepulchre,ID_30058,NA
4446,1686,1690,London,London,Middlesex,NA,NA,NA
4526,1685,1690,Hartford Bridge in Elvetham,Hampshire,Hampshire,NA,NA,NA
4527,1687,1690,Hutton in the forest of Inglewood,Cumberland,Cumberland,NA,NA,NA
4596,1689,1691,London,London,Middlesex,NA,NA,NA
5002,1690,1691,Leeds,Yorkshire,Yorkshire,Leeds,NA,25924
5004,1690,1691,Leeds,Yorkshire,Yorkshire,Leeds,NA,25924
5245,1688,1691,NA,Derbyshire,Derbyshire,NA,NA,NA
5297,1685,1690,Lincoln,Lincolnshire,Lincolnshire,Lincoln,NA,26300
5730,1686,1690,London,London,Middlesex,NA,NA,NA
6049,1686,1690,Highgate,Middlesex,Middlesex,Highgate,NA,21782
6337,1687,1690,Shadwell,Middlesex,Middlesex,St Paul Shadwell,ID_30184,NA
6488,1689,1690,Charing Cross,Kent,Kent,NA,NA,NA
6489,1689,1690,Charing Cross,Kent,Kent,NA,NA,NA
6512,1688,1690,Islington,Middlesex,Middlesex,St Mary Islington,ID_30043,NA
6548,1687,1691,Uphold,Gloucestershire,Gloucestershire,NA,NA,NA
6626,1690,1691,London,London,Middlesex,NA,NA,NA
6801,1687,1690,Poplar,Middlesex,Middlesex,Poplar,ID_30173,NA
7079,1690,1691,London,London,Middlesex,NA,NA,NA
7083,1690,1691,London,London,Middlesex,NA,NA,NA
7233,1688,1690,St Leonard Shoreditch,Middlesex,Middlesex,St Leonard Shoreditch,ID_30170,NA
7237,1689,1690,Westbram,Staffordshire,Staffordshire,NA,NA,NA
7376,1687,1691,London,London,Middlesex,NA,NA,NA
7461,1686,1690,London,London,Middlesex,NA,NA,NA
7856,1688,1691,Hackney,Middlesex,Middlesex,Hackney,NA,19524
7988,1688,1690,St Martin in the Fields,Middlesex,Middlesex,St Martin in the Fields,ID_30034,NA
8135,1688,1691,St Margaret Westminster,Middlesex,Middlesex,St Margaret Westminster,ID_127869,NA
8379,1687,1690,Limehouse,Middlesex,Middlesex,St Anne Limehouse,ID_30176,NA
8647,1686,1691,Kensworth,Hertfordshire,Hertfordshire,Kensworth,NA,24092
8723,1689,1691,Stepney,Middlesex,Middlesex,St Dunstan Stepney,ID_30169,NA
9014,1685,1690,Godstone,Surrey,Surrey,Godstone,NA,18069
9064,1689,1690,Scotton,Lincolnshire,Lincolnshire,Scotton,NA,39548
9405,1689,1691,Broughton,Lancashire,Lancashire,Broughton,NA,6307
9472,1688,1691,London,London,Middlesex,NA,NA,NA
9515,1688,1691,Llanvihangel Crucorney,Monmouthshire,Monmouthshire,Llanvihangel Crucorney,NA,27268
9531,1688,1691,Stepney,Middlesex,Middlesex,St Dunstan Stepney,ID_30169,NA
9812,1686,1691,Hardmead,Buckinghamshire,Buckinghamshire,Hardmead,NA,20130
9860,1687,1691,Misson,Nottinghamshire,Nottinghamshire,Misson,NA,30768
9928,1686,1690,Henley Upon Thames,Oxfordshire,Oxfordshire,Henley on Thames,NA,21225
10128,1684,1690,Westbury,Buckinghamshire,Buckinghamshire,Westbury,NA,48894
10135,1689,1691,Old Marton,Shropshire,Shropshire,Old Marton,NA,33856
10388,1689,1691,London,London,Middlesex,NA,NA,NA
10431,1688,1691,Clerkenwell,Middlesex,Middlesex,St James Clerkenwell,ID_127865,NA
10554,1687,1690,St Giles in the Fields,Middlesex,Middlesex,St Giles in the Fields,ID_30018,NA
10884,1690,1691,London,London,Middlesex,NA,NA,NA
11188,1689,1691,Wakefield,Yorkshire,Yorkshire,Wakefield,NA,47455
11569,1689,1691,Mile End,Middlesex,Middlesex,Mile End New Town,ID_30172,NA
11747,1688,1690,Shadwell,Middlesex,Middlesex,St Paul Shadwell,ID_30184,NA
11750,1687,1690,St Helen,London,Middlesex,St Helen,ID_30151,NA
11797,1690,1691,"Bevis Marks, St Katherine Creechurch",London,Middlesex,St Katherine Creechurch,ID_30156,NA
12056,1689,1690,London,London,Middlesex,NA,NA,NA
12318,1688,1691,St Giles Cripplegate,London,Middlesex,St Giles Cripplegate,ID_30100,NA
12418,1688,1691,Oxford,Oxfordshire,Oxfordshire,Oxford,NA,34379
12622,1685,1691,Ashbourne in the Peak,Derbyshire,Derbyshire,NA,NA,NA
12947,1688,1691,Crimplesham,Norfolk,Norfolk,Crimplesham,NA,11587
13088,1690,1691,Atherston,Warwickshire,Warwickshire,NA,NA,NA
13208,1688,1690,Stepney,Middlesex,Middlesex,St Dunstan Stepney,ID_30169,NA
13253,1686,1691,London,London,Middlesex,NA,NA,NA
13285,1689,1691,Grasely,Derbyshire,Derbyshire,NA,NA,NA
13417,1689,1690,Burrough,Leicestershire,Leicestershire,NA,NA,NA
14168,1687,1690,St Mary Whitechapel,Middlesex,Middlesex,St Mary Whitechapel,ID_127867,NA
172,1688,1691,Milton,Kent,Kent,Milton,NA,30654
192,1690,1692,Rye,Sussex,Sussex,Rye,NA,38953
217,1683,1691,London,London,Middlesex,NA,NA,NA
237,1688,1691,Kingston upon Hull,Yorkshire,Yorkshire,Kingston upon Hull,NA,24628
472,1689,1691,Armun,Hertfordshire,Hertfordshire,NA,NA,NA
859,1689,1691,St Alphage,London,Middlesex,St Alphage,ID_30099,NA
1126,1688,1691,Kinlet,Shropshire,Shropshire,Kinlet,NA,24675
1395,1687,1692,Basinghall Street,London,Middlesex,St Michael Bassishaw,ID_30101,NA
1436,1686,1691,Whitechapel,Middlesex,Middlesex,St Mary Whitechapel,ID_127867,NA
1445,1687,1692,Lambeth,Surrey,Surrey,St Mary Lambeth,ID_127857,NA
1563,1686,1690,Austrey,Warwickshire,Warwickshire,Austrey,NA,1727
1568,1690,1691,Ashtead,Surrey,Surrey,Ashtead,NA,1433
1624,1687,1691,Askham,Nottinghamshire,Nottinghamshire,Askham,NA,1483
1762,1689,1691,Evell,Somerset,Somerset,NA,NA,NA
1881,1688,NA,London,London,Middlesex,NA,NA,NA
1980,1685,1691,Leicester,Leicestershire,Leicestershire,Leicester,NA,25957
1992,1689,1690,London,London,Middlesex,NA,NA,NA
2018,1685,1691,St Katherine,Middlesex,Middlesex,Precinct of St Katherine,ID_30181,NA
2242,1688,1692,Dorchester,Dorset,Dorset,Dorchester,NA,13340
2365,1689,1692,St Katherine by the Tower,Middlesex,Middlesex,Precinct of St Katherine,ID_30181,NA
2486,1687,1691,Salisbury,Wiltshire,Wiltshire,Salisbury,NA,39066
2528,1689,1691,London,London,Middlesex,NA,NA,NA
2787,1690,1691,Birmingham,Warwickshire,Warwickshire,Birmingham,NA,3826
3050,1690,1691,Middleton,Warwickshire,Warwickshire,Middleton,NA,30311
3455,1686,1692,St Botolph without Aldgate,Middlesex,Middlesex,St Botolph Aldgate,ID_30153,NA
3820,1689,1691,Cefn Llys,Radnorshire,Radnorshire,NA,NA,NA
3874,1690,1692,Burstall,Yorkshire,Yorkshire,NA,NA,NA
3887,1688,1691,NA,Kent,Kent,NA,NA,NA
4643,1687,1691,St Saviour Southwark,Surrey,Surrey,St Saviour Southwark,ID_30001,NA
5215,1684,1691,Blackwell,County Durham,County Durham,Blackwell,NA,4124
5272,1686,1691,Andover,Hampshire,Hampshire,Andover,NA,914
5416,1688,1690,Minories,London,Middlesex,NA,NA,NA
5461,1688,1691,Barkway,Hertfordshire,Hertfordshire,Barkway,NA,2405
5493,1688,1691,Marsh,Shropshire,Shropshire,NA,NA,NA
5612,1689,1691,Monks Kirby,Warwickshire,Warwickshire,Monks Kirby,NA,30903
5821,1686,1692,St Margaret Westminster,Middlesex,Middlesex,St Margaret Westminster,ID_127869,NA
6177,1689,1690,"Long Lane, East Smithfield",Middlesex,Middlesex,NA,NA,NA
6242,1689,1690,Rotherhithe,Surrey,Surrey,St Mary Rotherhithe,ID_30008,NA
6323,1690,1691,Great Tew,Oxfordshire,Oxfordshire,Great Tew,NA,18738
6394,1688,1691,St Martin in the Fields,Middlesex,Middlesex,St Martin in the Fields,ID_30034,NA
6781,1687,1691,Lambeth,Surrey,Surrey,St Mary Lambeth,ID_127857,NA
7049,1688,1690,Halesworth,Suffolk,Suffolk,Halesworth,NA,19687
7123,1689,1691,Westminster,Middlesex,Middlesex,NA,NA,NA
7180,1688,1691,Horley,Oxfordshire,Oxfordshire,Horley,NA,22742
7241,1684,1692,London,London,Middlesex,NA,NA,NA
7258,1690,1691,NA,Middlesex,Middlesex,NA,NA,NA
7316,1687,1691,Lanchester,County Durham,County Durham,Lanchester,NA,25353
7352,1686,1692,St Paul Shadwell,Middlesex,Middlesex,St Paul Shadwell,ID_30184,NA
7468,1689,1691,NA,Leicestershire,Leicestershire,NA,NA,NA
7628,1686,1691,London,London,Middlesex,NA,NA,NA
8307,1687,1692,St Giles in the Fields,Middlesex,Middlesex,St Giles in the Fields,ID_30018,NA
8506,1686,1691,Southwark,Surrey,Surrey,NA,NA,NA
8529,1687,1691,Teddington,Somerset,Somerset,NA,NA,NA
8637,1688,1691,London,London,Middlesex,NA,NA,NA
8747,1689,1691,Leigh,Essex,Essex,NA,NA,NA
9009,1691,1691,London,London,Middlesex,NA,NA,NA
9173,1687,1691,Newport Pagnell,Buckinghamshire,Buckinghamshire,Newport Pagnell,NA,32580
9798,1690,1692,London,London,Middlesex,NA,NA,NA
9880,1689,1692,St Martin in the Fields,Middlesex,Middlesex,St Martin in the Fields,ID_30034,NA
9952,1690,1690,Walden,Essex,Essex,NA,NA,NA
10073,1689,1691,London,London,Middlesex,NA,NA,NA
10169,1687,1691,St Saviour Southwark,Surrey,Surrey,St Saviour Southwark,ID_30001,NA
10216,1687,1692,Uxbridge,Middlesex,Middlesex,Uxbridge,NA,47245
10355,1688,1691,Westminster,Middlesex,Middlesex,NA,NA,NA
10370,1687,1691,St Botolph Bishopsgate,London,Middlesex,St Botolph Bishopsgate,ID_127859,NA
10526,1689,1691,Wing,Buckinghamshire,Buckinghamshire,Wing,NA,50114
10549,1686,1691,Riverhead,Kent,Kent,Riverhead,NA,38214
10615,1686,1691,Cripplegate,London,Middlesex,St Giles Cripplegate,ID_30100,NA
11017,1685,1691,Kinver,Staffordshire,Staffordshire,Kinver,NA,24732
11408,1686,1691,Brentford,Middlesex,Middlesex,Brentford,NA,5526
11494,1687,1691,London,London,Middlesex,NA,NA,NA
11722,1689,1691,London,London,Middlesex,NA,NA,NA
11748,1687,1691,Winterslow,Wiltshire,Wiltshire,Winterslow,NA,65214
11769,1685,1691,Staplehurst,Kent,Kent,Staplehurst,NA,42205
11823,1683,1690,Truckersill,Somerset,Somerset,NA,NA,NA
11957,1689,1691,Northstall,Yorkshire,Yorkshire,NA,NA,NA
12249,1685,1691,London,London,Middlesex,NA,NA,NA
12333,1687,1691,Burford,Oxfordshire,Oxfordshire,Burford,NA,6867
13105,1688,1692,Oaking,Surrey,Surrey,NA,NA,NA
13279,1689,1691,Mansfield,Nottinghamshire,Nottinghamshire,Mansfield,NA,29320
13284,1687,1691,Newcastle upon Tyne,Northumberland,Northumberland,Newcastle upon Tyne,NA,32435
13458,1688,1691,NA,Middlesex,Middlesex,NA,NA,NA
13581,1687,1690,Ingatestone,Essex,Essex,Ingatestone,NA,23538
13734,1691,1692,Stow,Gloucestershire,Gloucestershire,NA,NA,NA
13907,1690,1691,St Saviour Southwark,Surrey,Surrey,St Saviour Southwark,ID_30001,NA
9,1693,1695,Steeple Claydon,Buckinghamshire,Buckinghamshire,Steeple Claydon,NA,42312
28,1692,1695,St Olave Southwark,Surrey,Surrey,St Olave Southwark,ID_30002,NA
59,1688,1692,March,Cambridgeshire,Cambridgeshire,March,NA,29365
151,1687,1693,Salisbury,Wiltshire,Wiltshire,Salisbury,NA,39066
261,1689,1695,London,London,Middlesex,NA,NA,NA
384,1689,1693,St Giles in the Fields,Middlesex,Middlesex,St Giles in the Fields,ID_30018,NA
386,1686,1690,St Giles Cripplegate,London,Middlesex,St Giles Cripplegate,ID_30100,NA
480,1687,1692,Brentford,Middlesex,Middlesex,Brentford,NA,5526
574,1692,1693,London,London,Middlesex,NA,NA,NA
717,1689,1693,St Olave Southwark,Surrey,Surrey,St Olave Southwark,ID_30002,NA
769,1687,1692,Bumpstead,Essex,Essex,NA,NA,NA
798,1689,1693,Brigstock,Northamptonshire,Northamptonshire,Brigstock,NA,5741
888,1689,1695,Deptford,Kent,Kent,Deptford,NA,12973
907,1694,1696,London,London,Middlesex,NA,NA,NA
1075,1691,1695,London,London,Middlesex,NA,NA,NA
1076,1691,1696,London,London,Middlesex,NA,NA,NA
1147,1685,1690,Dulverton,Somerset,Somerset,Dulverton,NA,13774
1189,1692,1696,London,London,Middlesex,NA,NA,NA
1206,1689,1693,Bray,Berkshire,Berkshire,Bray,NA,5428
1275,1688,1693,St Brage,Cornwall,Cornwall,NA,NA,NA
1326,1687,1693,St Sepulchre,London,Middlesex,St Sepulchre,ID_30058,NA
1376,1693,1696,Beoley Hall,Worcestershire,Worcestershire,NA,NA,NA
1456,1685,1690,Grendon Underwood,Buckinghamshire,Buckinghamshire,Grendon Underwood,NA,19110
1466,1688,1692,Southwark,Surrey,Surrey,NA,NA,NA
1520,NA,1692,NA,Warwickshire,Warwickshire,NA,NA,NA
1541,1694,1696,Milton Clevedon,Somerset,Somerset,Milton Clevedon,NA,30659
1564,1685,1690,"Mile End, Stepney",Middlesex,Middlesex,Mile End New Town,ID_30172,NA
1591,1690,1693,Colchester,Essex,Essex,Colchester,NA,10252
1733,1689,1692,St Sepulchre,London,Middlesex,St Sepulchre,ID_30058,NA
1755,1693,1695,St Olave Southwark,Surrey,Surrey,St Olave Southwark,ID_30002,NA
1771,1696,1699,Henley Upon Thames,Oxfordshire,Oxfordshire,Henley on Thames,NA,21225
1839,1688,1692,St Mary Magdalen Bermondsey,Surrey,Surrey,St Mary Magdalen Bermondsey,ID_30004,NA
1866,1689,1693,St James Clerkenwell,Middlesex,Middlesex,St James Clerkenwell,ID_127865,NA
1891,1691,1696,Malmesbury,Wiltshire,Wiltshire,Malmesbury,NA,29219
1905,1691,1695,St Saviour Southwark,Surrey,Surrey,St Saviour Southwark,ID_30001,NA
1926,1689,1693,Horsley,Surrey,Surrey,NA,NA,NA
1964,1684,1690,London,London,Middlesex,NA,NA,NA
2006,1689,1695,Hertford,Hertfordshire,Hertfordshire,Hertford,NA,21349
2059,1692,1695,Dunstew,Oxfordshire,Oxfordshire,NA,NA,NA
2118,1688,1693,St James Westminster,Middlesex,Middlesex,St James Westminster,ID_30024,NA
2135,1687,1690,Bishopsgate without,London,Middlesex,NA,NA,NA
2267,1686,1690,Hayfield,Derbyshire,Derbyshire,Hayfield,NA,20721
2372,1690,1696,St Martin Westminster,Middlesex,Middlesex,St Martin in the Fields,ID_30034,NA
2405,1696,1699,Ravenstonedale,Westmorland,Westmorland,Ravenstonedale,NA,37489
2485,1690,1692,Arundel,Sussex,Sussex,Arundel,NA,1268
2506,1687,1692,Cattistock,Dorset,Dorset,Cattistock,NA,8368
2535,1688,1690,St Martin in the Fields,Middlesex,Middlesex,St Martin in the Fields,ID_30034,NA
2554,1688,1692,Poplar,Middlesex,Middlesex,Poplar,ID_30173,NA
2611,1685,1692,Shrewsbury,Shropshire,Shropshire,Shrewsbury,NA,40345
2631,1692,1695,Ermin,Herefordshire,Herefordshire,NA,NA,NA
2763,1692,1692,London,London,Middlesex,NA,NA,NA
2768,1692,1693,Stepney,Middlesex,Middlesex,St Dunstan Stepney,ID_30169,NA
2777,1692,1693,London,London,Middlesex,NA,NA,NA
2783,1686,1690,St Olave Southwark,Surrey,Surrey,St Olave Southwark,ID_30002,NA
2825,1689,1690,London,London,Middlesex,NA,NA,NA
2844,1693,1695,London,London,Middlesex,NA,NA,NA
2897,1690,1693,London,London,Middlesex,NA,NA,NA
2917,1689,1693,Deptford,Kent,Kent,Deptford,NA,12973
3062,1693,1696,Deptford,Kent,Kent,Deptford,NA,12973
3094,1689,1693,NA,Somerset,Somerset,NA,NA,NA
3216,1690,1694,London,London,Middlesex,NA,NA,NA
3240,1687,1693,London,London,Middlesex,NA,NA,NA
3318,1689,1690,St Leonard Shoreditch,Middlesex,Middlesex,St Leonard Shoreditch,ID_30170,NA
3334,1688,1690,London,London,Middlesex,NA,NA,NA
3396,1690,1693,Cleveland,Yorkshire,Yorkshire,NA,NA,NA
3405,1686,1690,Devizes,Wiltshire,Wiltshire,Devizes,NA,13020
3439,1691,1695,London,London,Middlesex,NA,NA,NA
3454,1695,1699,London,London,Middlesex,NA,NA,NA
3503,NA,1693,London,London,Middlesex,NA,NA,NA
3516,1692,1695,Ludlow,Shropshire,Shropshire,Ludlow,NA,28779
3520,1690,1693,London,London,Middlesex,NA,NA,NA
3578,1689,1693,Goldington,Bedfordshire,Bedfordshire,Goldington,NA,18121
3584,1694,1699,London,London,Middlesex,NA,NA,NA
3589,1688,1690,London,London,Middlesex,NA,NA,NA
3634,1693,1695,London,London,Middlesex,NA,NA,NA
3635,1693,1695,London,London,Middlesex,NA,NA,NA
3674,1689,1693,Woolwich,Kent,Kent,Woolwich,NA,50897
3680,1687,1690,St Martin in the Fields,Middlesex,Middlesex,St Martin in the Fields,ID_30034,NA
3777,1691,1693,St Botolph Billingsgate,London,Middlesex,St Botolph Billingsgate,ID_30140,NA
3792,1689,1693,Enfield,Middlesex,Middlesex,Enfield,NA,15358
3812,1688,1692,Limehouse,Middlesex,Middlesex,St Anne Limehouse,ID_30176,NA
3956,1688,1692,Southwark,Surrey,Surrey,NA,NA,NA
4046,1692,1696,Deptford,Kent,Kent,Deptford,NA,12973
4110,1690,1693,London,London,Middlesex,NA,NA,NA
4144,1689,1692,London,London,Middlesex,NA,NA,NA
4300,1686,1690,West Haddon,Northamptonshire,Northamptonshire,West Haddon,NA,48608
4367,1688,1692,Sulhampstead,Berkshire,Berkshire,Sulhampstead,NA,295267
4373,1695,1699,Hartley Row,Hampshire,Hampshire,NA,NA,NA
4374,1695,1699,Hartley Row,Hampshire,Hampshire,NA,NA,NA
4383,1698,1699,Colnbrook,Buckinghamshire,Buckinghamshire,Colnbrook,NA,10425
4435,1692,1695,Borough,Hampshire,Hampshire,NA,NA,NA
4601,1690,1695,Southampton,Hampshire,Hampshire,Southampton,NA,41322
4697,1689,1693,Pontefract,Yorkshire,Yorkshire,Pontefract,NA,36314
4715,1688,1692,Stepney,Middlesex,Middlesex,St Dunstan Stepney,ID_30169,NA
4736,1695,1699,Theydon Bois,Essex,Essex,Theydon Bois,NA,44443
4762,1690,1695,Deptford,Kent,Kent,Deptford,NA,12973
4768,1689,1693,Glooes,Hampshire,Hampshire,NA,NA,NA
4805,1694,1695,Southwark,Surrey,Surrey,NA,NA,NA
4960,1686,1690,Dunnington,Gloucestershire,Gloucestershire,NA,NA,NA
4985,1694,1695,St Albans,Hertfordshire,Hertfordshire,St Albans,NA,41656
5135,1689,1695,Hitchin,Hertfordshire,Hertfordshire,Hitchin,NA,22136
5139,1688,1690,Eton,Buckinghamshire,Buckinghamshire,Eton,NA,15489
5163,1687,1693,Market Street,Hertfordshire,Hertfordshire,NA,NA,NA
5170,1692,1693,Hampton Court,Middlesex,Middlesex,Hampton Court,NA,19959
5420,1684,1690,London,London,Middlesex,NA,NA,NA
5462,1689,1693,Epsom,Surrey,Surrey,Epsom,NA,15413
5549,1690,1693,Enfield,Middlesex,Middlesex,Enfield,NA,15358
5640,1689,1696,Winchester Street,London,Middlesex,NA,NA,NA
5741,1693,1695,Rochester,Kent,Kent,Rochester,NA,38282
5782,1693,1695,Rumonby,Yorkshire,Yorkshire,NA,NA,NA
5861,1691,1693,Chilcote,Derbyshire,Derbyshire,NA,NA,NA
5909,1688,1693,London,London,Middlesex,NA,NA,NA
5978,1687,1690,London,London,Middlesex,NA,NA,NA
6010,1687,1690,St Margaret Westminster,Middlesex,Middlesex,St Margaret Westminster,ID_127869,NA
6051,1688,1692,NA,Herefordshire,Herefordshire,NA,NA,NA
6086,1690,1693,London,London,Middlesex,NA,NA,NA
6101,1698,1699,St Botolph Aldgate,Middlesex,Middlesex,St Botolph Aldgate,ID_30153,NA
6151,1692,1693,Broad Street,London,Middlesex,NA,NA,NA
6179,1690,1693,Waresly,Huntingdonshire,Huntingdonshire,NA,NA,NA
6217,1687,1693,Hampstead,Berkshire,Berkshire,NA,NA,NA
6260,1686,1692,Paulton,Somerset,Somerset,Paulton,NA,34871
6272,1694,1695,St Giles Cripplegate,London,Middlesex,St Giles Cripplegate,ID_30100,NA
6273,1692,1693,St Giles Cripplegate,Middlesex,Middlesex,St Giles Cripplegate,ID_30100,NA
6374,1690,1696,London,London,Middlesex,NA,NA,NA
6507,1687,1693,Poplar,Middlesex,Middlesex,Poplar,ID_30173,NA
6511,1692,1696,London,London,Middlesex,NA,NA,NA
6610,1687,1693,Uxbridge,Middlesex,Middlesex,Uxbridge,NA,47245
6636,1689,1692,London,London,Middlesex,NA,NA,NA
6640,1692,1695,NA,Middlesex,Middlesex,NA,NA,NA
6795,1690,1692,St Thomas Southwark,Surrey,Surrey,St Thomas,ID_30007,NA
6818,1696,1699,Marden,Wiltshire,Wiltshire,Marden,NA,29384
6820,1692,1693,Waltham Abbey,Essex,Essex,Waltham Abbey,NA,47635
6847,1690,1692,St Olave Southwark,Surrey,Surrey,St Olave Southwark,ID_30002,NA
7006,1686,1690,Ogmore,Glamorgan,Glamorgan,Ogmore,NA,33748
7062,1690,1692,London,London,Middlesex,NA,NA,NA
7231,1687,1690,Shuckburgh,Warwickshire,Warwickshire,NA,NA,NA
7367,1691,1692,Southwark,Surrey,Surrey,NA,NA,NA
7505,1693,1696,Stepney,Middlesex,Middlesex,St Dunstan Stepney,ID_30169,NA
7543,1691,1693,Deddington,Oxfordshire,Oxfordshire,Deddington,NA,12809
7571,1693,1695,London,London,Middlesex,NA,NA,NA
7574,1689,1693,Northampton,Northamptonshire,Northamptonshire,Northampton,NA,33285
7580,1697,1699,Warminster,Wiltshire,Wiltshire,Warminster,NA,47825
7592,1691,1692,St Martin in the Fields,Middlesex,Middlesex,St Martin in the Fields,ID_30034,NA
7617,1684,1690,Stifford,Essex,Essex,NA,NA,NA
7654,1689,1690,London,London,Middlesex,NA,NA,NA
7670,1694,1695,Newnham,Gloucestershire,Gloucestershire,Newnham,NA,32555
7833,1696,1696,St Paul Shadwell,Middlesex,Middlesex,St Paul Shadwell,ID_30184,NA
7868,1691,1692,Rotherhithe,Surrey,Surrey,St Mary Rotherhithe,ID_30008,NA
7909,1691,1693,Marshwood,Dorset,Dorset,Marshwood,NA,29576
7939,1689,1695,Ludlow,Shropshire,Shropshire,Ludlow,NA,28779
8001,1695,1696,East Barnet,Hertfordshire,Hertfordshire,East Barnet,NA,14178
8031,1686,1690,London,London,Middlesex,NA,NA,NA
8046,1689,1693,Blackwall,Middlesex,Middlesex,Blackwall,NA,4114
8047,1692,1695,Sittingbourne,Kent,Kent,Sittingbourne,NA,40556
8050,1685,1690,Durham,County Durham,County Durham,Durham,NA,13975
8119,1692,1693,"Ramsgate, Isle of Thanet",Kent,Kent,NA,NA,NA
8129,1694,1696,Deeping,Lincolnshire,Lincolnshire,NA,NA,NA
8144,1689,1693,Stepney,Middlesex,Middlesex,St Dunstan Stepney,ID_30169,NA
8227,1689,1696,London,London,Middlesex,NA,NA,NA
8253,1698,1699,Thornford,Dorset,Dorset,Thornford,NA,44552
8301,1688,1692,Brixworth,Northamptonshire,Northamptonshire,Brixworth,NA,5829
8304,1689,1696,Hadleigh,Suffolk,Suffolk,Hadleigh,NA,19557
8424,1689,1692,Bloomsbury,Middlesex,Middlesex,St George Bloomsbury,ID_30186,NA
8446,1690,1696,London,London,Middlesex,NA,NA,NA
8461,1697,1699,London,London,Middlesex,NA,NA,NA
8463,1689,1690,London,London,Middlesex,NA,NA,NA
8604,1694,1695,St Martin in the Fields,Middlesex,Middlesex,St Martin in the Fields,ID_30034,NA
8650,1697,1700,St Saviour Southwark,Surrey,Surrey,St Saviour Southwark,ID_30001,NA
8720,1686,1690,St Clement Danes,Middlesex,Middlesex,St Clement Danes,ID_30015,NA
8721,1690,1692,Grays,Essex,Essex,Grays,NA,18506
8772,1689,1693,Liverpool,Lancashire,Lancashire,Liverpool,NA,26958
8880,1689,1692,St Giles in the Fields,Middlesex,Middlesex,St Giles in the Fields,ID_30018,NA
8950,1687,1690,Haywood,Staffordshire,Staffordshire,NA,NA,NA
8957,1695,1696,St Botolph Aldgate,Middlesex,Middlesex,St Botolph Aldgate,ID_30153,NA
8968,1686,1690,London,London,Middlesex,NA,NA,NA
8976,1690,1693,London,London,Middlesex,NA,NA,NA
9010,1690,1692,Wimbley,Hertfordshire,Hertfordshire,NA,NA,NA
9090,1691,1696,Middle Temple,Middlesex,Middlesex,NA,NA,NA
9103,1688,1693,Woolwich,Kent,Kent,Woolwich,NA,50897
9108,1693,1696,Canterbury,Kent,Kent,Canterbury,NA,7771
9117,1689,1692,London,London,Middlesex,NA,NA,NA
9165,1697,1699,Ratcliff,Middlesex,Middlesex,Ratcliffe,ID_30177,NA
9313,1695,1699,Chelsea College,Middlesex,Middlesex,St Luke Chelsea,ID_30030,NA
9349,1689,1692,London,London,Middlesex,NA,NA,NA
9378,1691,1696,"Fowl Lane, Southwark",Surrey,Surrey,St Saviour Southwark,ID_30001,NA
9406,1689,1693,Broughton,Lancashire,Lancashire,Broughton,NA,6307
9470,1686,1693,London,London,Middlesex,NA,NA,NA
9551,1687,1692,Bath,Somerset,Somerset,Bath,NA,2744
9646,1686,1693,Cockermouth,Cumberland,Cumberland,Cockermouth,NA,10125
9648,1690,1693,Boston,Lincolnshire,Lincolnshire,Boston,NA,4794
9879,1689,1692,Beckington,Somerset,Somerset,Beckington,NA,2982
9895,1691,1692,Nottingham,Nottinghamshire,Nottinghamshire,Nottingham,NA,33480
9936,1687,1690,Rotherhithe,Surrey,Surrey,St Mary Rotherhithe,ID_30008,NA
9942,1693,1696,St Saviour Southwark,Surrey,Surrey,St Saviour Southwark,ID_30001,NA
9962,1685,1690,Reading,Berkshire,Berkshire,Reading,NA,37532
10108,1694,1699,Crandon,Buckinghamshire,Buckinghamshire,NA,NA,NA
10152,1693,1695,London,London,Middlesex,NA,NA,NA
10265,1687,1690,Limehouse,Middlesex,Middlesex,St Anne Limehouse,ID_30176,NA
10271,1691,1696,Bramfield,Suffolk,Suffolk,Bramfield,NA,5290
10281,1692,1692,London,London,Middlesex,NA,NA,NA
10644,1689,1693,London,London,Middlesex,NA,NA,NA
10664,1691,1696,London,London,Middlesex,NA,NA,NA
10691,1689,1696,St Martin in the Fields,Middlesex,Middlesex,St Martin in the Fields,ID_30034,NA
10703,1697,1699,Normanton Turvile,Leicestershire,Leicestershire,NA,NA,NA
10711,1685,1692,St Leonard Shoreditch,Middlesex,Middlesex,St Leonard Shoreditch,ID_30170,NA
10793,1688,1693,St Mary Magdalen,Surrey,Surrey,St Mary Magdalen Bermondsey,ID_30004,NA
10868,1692,1693,Marlborough,Wiltshire,Wiltshire,Marlborough,NA,29474
10873,1685,1692,St Clement Danes,Middlesex,Middlesex,St Clement Danes,ID_30015,NA
10885,1691,1692,London,London,Middlesex,NA,NA,NA
10930,1690,1692,London,London,Middlesex,NA,NA,NA
10974,1690,1696,Southwark,Surrey,Surrey,NA,NA,NA
11072,1692,1695,Royston,Hertfordshire,Hertfordshire,Royston,NA,38756
11142,1687,1690,Ratcliff,Middlesex,Middlesex,Ratcliffe,ID_30177,NA
11146,1689,1692,Wesbury,Shropshire,Shropshire,NA,NA,NA
11293,1686,1690,London,London,Middlesex,NA,NA,NA
11336,1687,1692,London,London,Middlesex,NA,NA,NA
11482,1690,1693,Southampton,Hampshire,Hampshire,Southampton,NA,41322
11578,1692,1696,St Giles Cripplegate,London,Middlesex,St Giles Cripplegate,ID_30100,NA
11637,1686,1690,Coventry,Warwickshire,Warwickshire,Coventry,NA,11138
11639,1690,1692,Chichester,Sussex,Sussex,Chichester,NA,9094
11640,1690,1692,Gloucester,Gloucestershire,Gloucestershire,Gloucester,NA,17982
11696,1693,1696,St Andrew Holborn,Middlesex,Middlesex,St Andrew Holborn,ID_127848,NA
11776,1694,1696,Welburn,Yorkshire,Yorkshire,NA,NA,NA
11827,1688,1692,London,London,Middlesex,NA,NA,NA
11868,1689,1690,Colton,Northamptonshire,Northamptonshire,NA,NA,NA
11918,1694,1696,Aldermanbury,London,Middlesex,St Mary Aldermanbury,ID_30098,NA
12010,1684,1690,East Smithfield,Middlesex,Middlesex,St Botolph Aldgate,ID_30153,NA
12141,1687,1693,Thetford,Norfolk,Norfolk,Thetford,NA,44440
12154,1690,1696,St Mary Islington,Middlesex,Middlesex,St Mary Islington,ID_30043,NA
12406,1689,1693,St Leonard Shoreditch,Middlesex,Middlesex,St Leonard Shoreditch,ID_30170,NA
12443,1690,1692,St James Clerkenwell,Middlesex,Middlesex,St James Clerkenwell,ID_127865,NA
12448,1690,1693,St Giles in the Fields,Middlesex,Middlesex,St Giles in the Fields,ID_30018,NA
12453,1690,1693,London,London,Middlesex,NA,NA,NA
12460,1688,1692,Rockfield,Monmouthshire,Monmouthshire,Rockfield,NA,38306
12466,1686,1690,Burrow,Lancashire,Lancashire,NA,NA,NA
12523,1694,1695,Clerkenwell,Middlesex,Middlesex,St James Clerkenwell,ID_127865,NA
12524,1695,1696,Nottingham,Nottinghamshire,Nottinghamshire,Nottingham,NA,33480
12579,1698,1699,St Clement Danes,Middlesex,Middlesex,St Clement Danes,ID_30015,NA
12598,1690,1690,Stepney,Middlesex,Middlesex,St Dunstan Stepney,ID_30169,NA
12654,1688,1693,St Leonard Shoreditch,Middlesex,Middlesex,St Leonard Shoreditch,ID_30170,NA
12660,1690,1695,Ochune,Lancashire,Lancashire,NA,NA,NA
12664,1687,1693,Chobham,Surrey,Surrey,Chobham,NA,9257
12692,1689,1693,Windlebury,Oxfordshire,Oxfordshire,NA,NA,NA
12721,1688,1690,St Paul Shadwell,Middlesex,Middlesex,St Paul Shadwell,ID_30184,NA
12851,1687,1690,St Paul Covent Garden,Middlesex,Middlesex,St Paul Covent Garden,ID_30031,NA
12881,1687,1690,Chadwell,Middlesex,Middlesex,NA,NA,NA
12917,1690,1696,Astley,Warwickshire,Warwickshire,Astley,NA,1525
13055,1693,1695,Wapping,Middlesex,Middlesex,St John Wapping,ID_30182,NA
13149,1691,1692,Clifford,Warwickshire,Warwickshire,NA,NA,NA
13186,1690,1695,St Anne Westminster,Middlesex,Middlesex,St Anne Soho,ID_30023,NA
13223,1692,1695,London,London,Middlesex,NA,NA,NA
13249,1689,1693,London,London,Middlesex,NA,NA,NA
13297,1697,1699,Sarsden,Oxfordshire,Oxfordshire,Sarsden,NA,39349
13361,1686,1690,Guildford,Surrey,Surrey,Guildford,NA,19326
13448,1690,1693,Halse,Somerset,Somerset,Halse,NA,19808
13474,1688,1693,London,London,Middlesex,NA,NA,NA
13516,1690,1692,London,London,Middlesex,NA,NA,NA
13530,1688,1692,St George Southwark,Surrey,Surrey,St George Southwark,ID_30012,NA
13531,1688,1693,St George Southwark,Surrey,Surrey,St George Southwark,ID_30012,NA
13556,1691,1695,Goosnargh,Lancashire,Lancashire,Goosnargh,NA,18217
13580,1688,1690,Haseley,Warwickshire,Warwickshire,Haseley,NA,20433
13620,1695,1699,Barnsley,Gloucestershire,Gloucestershire,Barnsley,NA,2514
13641,1687,1692,St Giles Cripplegate,Middlesex,Middlesex,St Giles Cripplegate,ID_30100,NA
13719,1694,1695,Enfield,Middlesex,Middlesex,Enfield,NA,15358
13879,1691,1692,Bremhill,Wiltshire,Wiltshire,Bremhill,NA,5509
13916,1690,1693,Poplar,Middlesex,Middlesex,Poplar,ID_30173,NA
14064,1689,1692,Wapping,Middlesex,Middlesex,St John Wapping,ID_30182,NA
14080,1690,1692,London,London,Middlesex,NA,NA,NA
14085,1687,1690,London,London,Middlesex,NA,NA,NA
14090,1692,1695,Deptford,Kent,Kent,Deptford,NA,12973
14121,1688,1693,Derby,Derbyshire,Derbyshire,Derby,NA,12974
83,1688,1691,Tebworth,Bedfordshire,Bedfordshire,Tebworth,NA,43955
299,1688,1692,Deddington,Oxfordshire,Oxfordshire,Deddington,NA,12809
409,1689,1691,London,London,Middlesex,NA,NA,NA
524,1687,1691,London,London,Middlesex,NA,NA,NA
711,1688,1692,London,London,Middlesex,NA,NA,NA
749,1687,1692,Clapham,Surrey,Surrey,Clapham,NA,9592
806,1686,1691,Bridlington,Yorkshire,Yorkshire,Bridlington,NA,5689
823,1687,1691,London,London,Middlesex,NA,NA,NA
1023,1689,1691,Southover,Sussex,Sussex,NA,NA,NA
1641,1685,1691,Great Parndon,Essex,Essex,Great Parndon,NA,18698
1799,1689,1692,London,London,Middlesex,NA,NA,NA
1924,1689,1691,Ware,Hertfordshire,Hertfordshire,Ware,NA,47782
2177,1686,1692,Wickham,Hampshire,Hampshire,Wickham,NA,49742
2404,1689,1692,Hendon,Middlesex,Middlesex,Hendon,NA,21158
2407,1688,1691,NA,Middlesex,Middlesex,NA,NA,NA
2601,1686,1692,London,London,Middlesex,NA,NA,NA
2915,1689,1691,Sydmonton,Hampshire,Hampshire,Sydmonton,NA,43611
2998,1688,1692,Newgate Street,London,Middlesex,NA,NA,NA
3114,1689,1691,Norton Folgate,Middlesex,Middlesex,Liberty of Norton Folgate,ID_127860,NA
3226,1690,1692,London,London,Middlesex,NA,NA,NA
3825,1689,1692,Islington,Middlesex,Middlesex,St Mary Islington,ID_30043,NA
4150,1689,1691,Southwark,Surrey,Surrey,NA,NA,NA
4254,1687,1692,Borough of Southwark,Surrey,Surrey,NA,NA,NA
4414,1690,1692,Blacktoft,Yorkshire,Yorkshire,Blacktoft,NA,4110
4766,1687,1692,Midhurst,Sussex,Sussex,Midhurst,NA,30370
4793,1689,1692,Wells,Somerset,Somerset,Wells,NA,48288
4843,1688,1692,London,London,Middlesex,NA,NA,NA
5481,1691,1692,Bermondsey,Surrey,Surrey,St Mary Magdalen Bermondsey,ID_30004,NA
5639,1685,1691,Smeaton,Yorkshire,Yorkshire,NA,NA,NA
6009,1689,1692,Wapping,Middlesex,Middlesex,St John Wapping,ID_30182,NA
6012,1686,1691,Marlborough,Wiltshire,Wiltshire,Marlborough,NA,29474
7099,1688,1692,London,London,Middlesex,NA,NA,NA
7331,1691,1692,London,London,Middlesex,NA,NA,NA
7381,1688,1691,St Margaret Westminster,Middlesex,Middlesex,St Margaret Westminster,ID_127869,NA
7494,1686,1692,London,London,Middlesex,NA,NA,NA
7702,1689,1692,Bolton,Lancashire,Lancashire,Bolton,NA,4570
7937,1690,1692,St Giles in the Fields,Middlesex,Middlesex,St Giles in the Fields,ID_30018,NA
7998,1689,1692,Wapping,Middlesex,Middlesex,St John Wapping,ID_30182,NA
8187,1684,1691,Thorpe,Rutland,Rutland,NA,NA,NA
8191,1686,1691,Dinton,Buckinghamshire,Buckinghamshire,Dinton,NA,13131
8202,1689,1691,Tong,Shropshire,Shropshire,Tong,NA,45170
8295,1690,1692,London,London,Middlesex,NA,NA,NA
9101,1688,1692,Evesham,Worcestershire,Worcestershire,Evesham,NA,15549
9116,1688,1691,London,London,Middlesex,NA,NA,NA
9247,1689,1692,Romford,Essex,Essex,Romford,NA,38417
9331,1686,1691,Brighton,Sussex,Sussex,Brighton,NA,5719
9627,1690,1691,London,London,Middlesex,NA,NA,NA
9708,1689,1692,London,London,Middlesex,NA,NA,NA
9811,1686,1692,Hardmead,Buckinghamshire,Buckinghamshire,Hardmead,NA,20130
10028,1689,1691,London,London,Middlesex,NA,NA,NA
10232,1685,1691,London,London,Middlesex,NA,NA,NA
10441,1688,1692,Basingstoke,Hampshire,Hampshire,Basingstoke,NA,2707
10490,1688,1692,St Botolph Aldgate,London,Middlesex,St Botolph Aldgate,ID_30153,NA
10510,1688,1692,London,London,Middlesex,NA,NA,NA
10645,1689,1692,Ardingly,Sussex,Sussex,Ardingly,NA,1105
10883,1691,1692,London,London,Middlesex,NA,NA,NA
11141,1686,1691,Leeds,Yorkshire,Yorkshire,Leeds,NA,25924
11229,1687,1691,Aberton,Sussex,Sussex,NA,NA,NA
11290,1686,1691,London,London,Middlesex,NA,NA,NA
11448,1689,1692,Farnham,Surrey,Surrey,Farnham,NA,15845
11455,1687,1691,London,London,Middlesex,NA,NA,NA
11618,1684,1692,St Andrew Eastcheap,London,Middlesex,St Andrew Hubbard,ID_30143,NA
11638,NA,1692,Kintbury,Berkshire,Berkshire,Kintbury,NA,24723
11698,1686,1692,Westleton,Suffolk,Suffolk,Westleton,NA,49042
12036,1688,1692,London,London,Middlesex,NA,NA,NA
12037,1688,1692,London,London,Middlesex,NA,NA,NA
12472,1690,1692,Loughborough,Leicestershire,Leicestershire,Loughborough,NA,28159
12687,1690,1691,London,London,Middlesex,NA,NA,NA
12720,1690,1692,St Sepulchre,Middlesex,Middlesex,St Sepulchre,ID_30058,NA
12733,1690,1692,London,London,Middlesex,NA,NA,NA
12786,1688,1691,London,London,Middlesex,NA,NA,NA
13360,1687,1692,London,London,Middlesex,NA,NA,NA
13437,1686,1692,Westminster,Middlesex,Middlesex,NA,NA,NA
13551,1688,1691,Old,Gloucestershire,Gloucestershire,NA,NA,NA
14133,1686,1692,Winchester,Hampshire,Hampshire,Winchester,NA,50050
120,1693,1693,Sparsholt,Berkshire,Berkshire,Sparsholt,NA,41478
181,1687,1693,St Andrew Holborn,Middlesex,Middlesex,St Andrew Holborn,ID_127848,NA
281,1691,1694,NA,Surrey,Surrey,NA,NA,NA
301,1692,1694,Chelsea,Middlesex,Middlesex,St Luke Chelsea,ID_30030,NA
814,1690,1693,Parwitch,Devon,Devon,NA,NA,NA
878,1693,1693,London,London,Middlesex,NA,NA,NA
933,1693,1694,St Alphage,London,Middlesex,St Alphage,ID_30099,NA
1073,1689,1693,St Saviour Southwark,Surrey,Surrey,St Saviour Southwark,ID_30001,NA
1444,1689,1693,London,London,Middlesex,NA,NA,NA
1592,1691,1694,London,London,Middlesex,NA,NA,NA
1643,1689,1693,NA,Nottinghamshire,Nottinghamshire,NA,NA,NA
1657,1691,1693,Peckham,Surrey,Surrey,Peckham,NA,34933
1679,1688,1693,London,London,Middlesex,NA,NA,NA
1943,1688,1694,London,London,Middlesex,NA,NA,NA
2035,1692,1693,London,London,Middlesex,NA,NA,NA
2053,1690,1694,Dunstable,Bedfordshire,Bedfordshire,Dunstable,NA,13925
2815,1691,1694,London,London,Middlesex,NA,NA,NA
2975,1693,1694,London,London,Middlesex,NA,NA,NA
3277,1693,1694,St Paul Shadwell,Middlesex,Middlesex,St Paul Shadwell,ID_30184,NA
3441,1692,1694,London,London,Middlesex,NA,NA,NA
3512,1691,1694,London,London,Middlesex,NA,NA,NA
3591,1691,1694,Loughborough,Leicestershire,Leicestershire,Loughborough,NA,28159
3764,1692,1694,Tottenham High Cross,Middlesex,Middlesex,Tottenham,NA,45333
3800,1690,1693,London,London,Middlesex,NA,NA,NA
3962,1690,1693,Aston Clinton,Buckinghamshire,Buckinghamshire,Aston Clinton,NA,1554
4117,1691,1693,London,London,Middlesex,NA,NA,NA
4426,1691,1694,St Paul Covent Garden,Middlesex,Middlesex,St Paul Covent Garden,ID_30031,NA
4656,1692,1694,St Neots,Huntingdonshire,Huntingdonshire,St Neots,NA,41886
4775,1689,1693,Hawkarst,Cambridgeshire,Cambridgeshire,NA,NA,NA
4909,1691,1693,Olney,Buckinghamshire,Buckinghamshire,Olney,NA,33999
5043,1694,1694,Colchester,Essex,Essex,Colchester,NA,10252
5214,1690,1693,Shellingford,Berkshire,Berkshire,Shellingford,NA,40014
5252,1690,1694,Horncastle,Lincolnshire,Lincolnshire,Horncastle,NA,22758
5650,1691,1694,St Ives,Huntingdonshire,Huntingdonshire,St Ives,NA,41785
5890,1690,1693,Barnshaw,Cheshire,Cheshire,NA,NA,NA
5933,1686,1693,London,London,Middlesex,NA,NA,NA
6562,1688,1694,London,London,Middlesex,NA,NA,NA
6913,1692,1694,Wapping,Middlesex,Middlesex,St John Wapping,ID_30182,NA
7084,1691,1693,London,London,Middlesex,NA,NA,NA
7144,1687,1693,London,London,Middlesex,NA,NA,NA
7145,1689,1693,Richmond,Surrey,Surrey,Richmond,NA,38028
7291,1692,1694,St Andrew Holborn,Middlesex,Middlesex,St Andrew Holborn,ID_127848,NA
7344,1692,1694,St Clement Danes,Middlesex,Middlesex,St Clement Danes,ID_30015,NA
7576,1690,1694,St Botolph Aldgate,London,Middlesex,St Botolph Aldgate,ID_30153,NA
8186,1692,1694,East Bridgford,Nottinghamshire,Nottinghamshire,East Bridgford,NA,14196
8217,1690,1693,London,London,Middlesex,NA,NA,NA
8489,1691,1693,Nantwich,Cheshire,Cheshire,Nantwich,NA,31740
8532,1687,1693,London,London,Middlesex,NA,NA,NA
8573,1689,1694,Molelack,Surrey,Surrey,NA,NA,NA
8599,1691,1694,Oakingham,Berkshire,Berkshire,Oakingham,NA,NA
8746,1694,1694,Alton,Hampshire,Hampshire,Alton,NA,794
8887,1691,1693,Winchester,Hampshire,Hampshire,Winchester,NA,50050
9023,1691,1693,St Clement Danes,Middlesex,Middlesex,St Clement Danes,ID_30015,NA
9110,1689,1694,Ratcliff,Middlesex,Middlesex,Ratcliffe,ID_30177,NA
9327,1693,1693,London,London,Middlesex,NA,NA,NA
9650,1693,1694,London,London,Middlesex,NA,NA,NA
9651,1693,1694,London,London,Middlesex,NA,NA,NA
9846,1689,1693,Cambridge,Cambridgeshire,Cambridgeshire,Cambridge,NA,7642
9948,1691,1694,London,London,Middlesex,NA,NA,NA
10129,1692,1693,St Martin in the Fields,Middlesex,Middlesex,St Martin in the Fields,ID_30034,NA
10331,1690,1693,Lichfield,Staffordshire,Staffordshire,Lichfield,NA,26195
10446,1688,1694,London,London,Middlesex,NA,NA,NA
10454,1687,1693,St Botolph Bishopsgate,London,Middlesex,St Botolph Bishopsgate,ID_127859,NA
10478,1689,1694,Reading,Berkshire,Berkshire,Reading,NA,37532
10652,1689,1693,Great Marlow,Buckinghamshire,Buckinghamshire,Great Marlow,NA,58984
10730,1688,1693,Bedford,Bedfordshire,Bedfordshire,Bedford,NA,3009
11329,1689,1693,Minories,London,Middlesex,NA,NA,NA
11641,1691,1693,London,London,Middlesex,NA,NA,NA
11670,1693,1694,London,London,Middlesex,NA,NA,NA
11727,1691,1694,St Martin in the Fields,Middlesex,Middlesex,St Martin in the Fields,ID_30034,NA
11745,1688,1694,London,London,Middlesex,NA,NA,NA
11885,1689,1693,Harrow on the Hill,Middlesex,Middlesex,Harrow on the Hill,NA,20312
11985,1691,1693,Sibson,Leicestershire,Leicestershire,Sibson,NA,40397
12529,1688,1694,Southwark,Surrey,Surrey,NA,NA,NA
12795,1693,1694,Shrewsbury,Shropshire,Shropshire,Shrewsbury,NA,40345
12935,1691,1693,Abourne,Wiltshire,Wiltshire,NA,NA,NA
12953,1690,1694,Mitchelldean,Gloucestershire,Gloucestershire,NA,NA,NA
13196,1691,1693,High Wycombe,Buckinghamshire,Buckinghamshire,High Wycombe,NA,21631
13386,1692,1694,Greenwich,Kent,Kent,Greenwich,NA,19085
13758,1690,1694,Peckham,Surrey,Surrey,Peckham,NA,34933
13856,1692,1693,Mugwell Street,London,Middlesex,NA,NA,NA
13876,1688,1694,Thornbury,Herefordshire,Herefordshire,Thornbury,NA,44516
14108,1691,1693,Weedon Bec,Northamptonshire,Northamptonshire,Weedon Bec,NA,48178
78,1693,1694,Brampton Abbots,Herefordshire,Herefordshire,NA,NA,NA
280,1693,1695,London,London,Middlesex,NA,NA,NA
575,1693,1695,London,London,Middlesex,NA,NA,NA
641,1693,1695,London,London,Middlesex,NA,NA,NA
720,1690,1694,Derby,Derbyshire,Derbyshire,Derby,NA,12974
901,1691,1694,Queenhill,Worcestershire,Worcestershire,Queenhill,NA,37160
1097,1692,1694,Painswick,Gloucestershire,Gloucestershire,Painswick,NA,34464
1150,1693,1694,Hallowton,Warwickshire,Warwickshire,NA,NA,NA
1295,1692,1694,St George Southwark,Surrey,Surrey,St George Southwark,ID_30012,NA
1363,1690,1695,NA,Suffolk,Suffolk,NA,NA,NA
1371,1690,1694,Low Leyton,Essex,Essex,Low Leyton,NA,NA
1534,1692,1695,London,London,Middlesex,NA,NA,NA
2027,1690,1695,Goring,Oxfordshire,Oxfordshire,Goring,NA,18245
2526,NA,1694,Oakley,Staffordshire,Staffordshire,Oakley,NA,293183
2539,1691,1694,Hagbourne,Berkshire,Berkshire,NA,NA,NA
2938,1689,1695,Whitechapel,Middlesex,Middlesex,St Mary Whitechapel,ID_127867,NA
3077,1692,1695,Westminster,Middlesex,Middlesex,NA,NA,NA
3124,1692,1694,Aldgate,London,Middlesex,St Botolph Aldgate,ID_30153,NA
3769,1690,1695,St Mary Whitechapel,Middlesex,Middlesex,St Mary Whitechapel,ID_127867,NA
3774,1690,1694,Hampton Wick,Middlesex,Middlesex,Hampton Wick,NA,19974
3802,1691,1694,Tower Hill,London,Middlesex,The Tower,ID_127864,NA
3888,1692,1695,Richmond,Surrey,Surrey,Richmond,NA,38028
4159,1693,1694,St Giles in the Fields,Middlesex,Middlesex,St Giles in the Fields,ID_30018,NA
4249,1690,1695,St Paul Shadwell,Middlesex,Middlesex,St Paul Shadwell,ID_30184,NA
4626,1691,1695,St Leonard Shoreditch,Middlesex,Middlesex,St Leonard Shoreditch,ID_30170,NA
4990,1689,1694,London,London,Middlesex,NA,NA,NA
5558,1689,1695,Fenchurch Street,London,Middlesex,NA,NA,NA
5620,1691,1695,London,London,Middlesex,NA,NA,NA
5655,1693,1695,London,London,Middlesex,NA,NA,NA
6150,1692,1694,Hoxton,Middlesex,Middlesex,St Leonard Shoreditch,ID_30170,NA
6335,1691,1694,London,London,Middlesex,NA,NA,NA
6388,1692,1694,Bow,Middlesex,Middlesex,Bow,ID_30175,NA
6477,1692,1695,Woolwich,Kent,Kent,Woolwich,NA,50897
6498,1694,1694,Hereford,Herefordshire,Herefordshire,Hereford,NA,21293
6699,1686,1694,St Andrew Holborn,Middlesex,Middlesex,St Andrew Holborn,ID_127848,NA
6903,1690,1695,Anderton,Cheshire,Cheshire,Anderton,NA,911
7066,1691,1695,Newport Pagnell,Buckinghamshire,Buckinghamshire,Newport Pagnell,NA,32580
7207,1693,1694,Ifield,Sussex,Sussex,Ifield,NA,23461
7249,1690,1695,Beaminster,Dorset,Dorset,Beaminster,NA,2894
8003,1692,1695,Walthamstow,Middlesex,Middlesex,NA,NA,NA
8088,1692,1695,St Paul Covent Garden,Middlesex,Middlesex,St Paul Covent Garden,ID_30031,NA
8570,1694,1694,Hampstead,Middlesex,Middlesex,Hampstead,NA,19944
8638,1693,1695,Wymeswold,Leicestershire,Leicestershire,Wymeswold,NA,51202
8790,1688,1694,London,London,Middlesex,NA,NA,NA
8926,NA,1694,Weston Underwood,Buckinghamshire,Buckinghamshire,Weston Underwood,NA,49117
9473,1691,1695,London,London,Middlesex,NA,NA,NA
9666,1693,1695,Filley,Cornwall,Cornwall,NA,NA,NA
9988,1690,1694,London,London,Middlesex,NA,NA,NA
10259,1691,1694,Taunton Dean,Somerset,Somerset,NA,NA,NA
10619,1694,1695,Westminster,Middlesex,Middlesex,NA,NA,NA
10712,1692,1695,Tunbridge,Kent,Kent,NA,NA,NA
11167,1691,1695,London,London,Middlesex,NA,NA,NA
11176,1689,1694,Smarden,Westmorland,Westmorland,NA,NA,NA
11177,1689,1694,Smarden,Westmorland,Westmorland,NA,NA,NA
11311,1690,1694,Isleworth,Middlesex,Middlesex,Isleworth,NA,23751
11333,1692,1694,Coventry,Warwickshire,Warwickshire,Coventry,NA,11138
11818,1692,1694,London,London,Middlesex,NA,NA,NA
12153,1694,1695,Waltham Cross,Hertfordshire,Hertfordshire,Waltham Cross,NA,47637
12287,1691,1695,London,London,Middlesex,NA,NA,NA
13131,1693,1694,Hatch End,Middlesex,Middlesex,Hatch End,NA,20478
13483,1690,1695,Empingham,Rutland,Rutland,Empingham,NA,15190
13611,1692,1694,Easton,Wiltshire,Wiltshire,Easton,NA,14625
13775,1693,1694,Great Marlow,Buckinghamshire,Buckinghamshire,Great Marlow,NA,58984
13808,1694,1695,Northampton,Northamptonshire,Northamptonshire,Northampton,NA,33285
13950,1691,1695,Tower Hill,Middlesex,Middlesex,The Tower,ID_127864,NA
14016,1690,1695,Stanstead,Hertfordshire,Hertfordshire,NA,NA,NA
14065,1690,1695,London,London,Middlesex,NA,NA,NA
14145,1688,1694,London,London,Middlesex,NA,NA,NA
14175,1689,1694,Pattishall,Northamptonshire,Northamptonshire,Pattishall,NA,34862
29,1696,1696,Clare Market,Middlesex,Middlesex,St Clement Danes,ID_30015,NA
303,1693,1696,London,London,Middlesex,NA,NA,NA
413,1694,1697,London,London,Middlesex,NA,NA,NA
593,1696,1697,York,Yorkshire,Yorkshire,York,NA,51511
752,1692,1696,Minsterworth,Gloucestershire,Gloucestershire,Minsterworth,NA,30742
845,1694,1696,London,London,Middlesex,NA,NA,NA
880,1692,1696,Highworth,Wiltshire,Wiltshire,Highworth,NA,21841
1163,1695,1696,London,London,Middlesex,NA,NA,NA
1292,1692,1697,Anstey,Hertfordshire,Hertfordshire,Anstey,NA,968
1380,1692,1696,Tottenham High Cross,Middlesex,Middlesex,Tottenham,NA,45333
1465,1693,1697,London,London,Middlesex,NA,NA,NA
1888,1694,1696,Limington,Somerset,Somerset,Limington,NA,26285
2032,1694,1697,Whitfield,Oxfordshire,Oxfordshire,NA,NA,NA
2245,1695,1697,London,London,Middlesex,NA,NA,NA
2260,1692,1697,Jevington,Sussex,Sussex,Jevington,NA,23838
2429,1692,1696,Atherington,Devon,Devon,Atherington,NA,1605
2673,1691,1696,St Olave Southwark,Surrey,Surrey,St Olave Southwark,ID_30002,NA
2719,1691,1696,Compton,Warwickshire,Warwickshire,NA,NA,NA
2780,1694,1696,Adderbury,Oxfordshire,Oxfordshire,Adderbury,NA,354
2800,1695,1697,Brize Norton,Oxfordshire,Oxfordshire,Brize Norton,NA,5830
3117,1695,1697,London,London,Middlesex,NA,NA,NA
3154,1692,1696,London,London,Middlesex,NA,NA,NA
3485,1696,1697,Paternoster Row,London,Middlesex,Christchurch Spitalfields,ID_30168,NA
3854,1693,1697,Canterbury,Kent,Kent,Canterbury,NA,7771
4473,1693,1696,Lawton,Cumberland,Cumberland,NA,NA,NA
4575,1693,1696,Woolwich,Kent,Kent,Woolwich,NA,50897
4580,1692,1696,Bath,Somerset,Somerset,Bath,NA,2744
4804,1689,1697,Cleave,Wiltshire,Wiltshire,NA,NA,NA
4891,1693,1696,St Botolph Aldgate,Middlesex,Middlesex,St Botolph Aldgate,ID_30153,NA
5173,1693,1696,Derby,Derbyshire,Derbyshire,Derby,NA,12974
5184,1693,1696,London,London,Middlesex,NA,NA,NA
5228,1696,1696,Westminster,Middlesex,Middlesex,NA,NA,NA
5246,1694,1697,Ham,Sussex,Sussex,NA,NA,NA
5707,1692,1696,Leighton Buzzard,Bedfordshire,Bedfordshire,Leighton Buzzard,NA,26002
6096,1694,1696,St Mary Overie Southwark,Surrey,Surrey,St Saviour Southwark,ID_30001,NA
6615,1695,1697,St Mary Whitechapel,Middlesex,Middlesex,St Mary Whitechapel,ID_127867,NA
6695,1695,1697,Bangor,Caernarvonshire,Caernarvonshire,Bangor,NA,2237
6837,1692,1697,Rowley,Northamptonshire,Northamptonshire,NA,NA,NA
7102,1693,1696,Nuneaton,Warwickshire,Warwickshire,Nuneaton,NA,33500
7897,1694,1697,Kintbury,Berkshire,Berkshire,Kintbury,NA,24723
8032,1691,1696,East Pennard,Somerset,Somerset,East Pennard,NA,14433
8123,1693,1697,Sowe,Warwickshire,Warwickshire,NA,NA,NA
8171,1691,1696,Shallgrove,Yorkshire,Yorkshire,NA,NA,NA
8621,1694,1697,London,London,Middlesex,NA,NA,NA
9806,1694,1696,St Martin in the Fields,Middlesex,Middlesex,St Martin in the Fields,ID_30034,NA
10202,1693,1696,Stepney,Middlesex,Middlesex,St Dunstan Stepney,ID_30169,NA
10547,1692,1696,Over Wyresdale,Lancashire,Lancashire,Over Wyresdale,NA,61999
10736,1695,1697,London,London,Middlesex,NA,NA,NA
11061,1692,1696,St Giles Cripplegate,London,Middlesex,St Giles Cripplegate,ID_30100,NA
11594,1693,1696,St Mary Magdalen Bermondsey,Surrey,Surrey,St Mary Magdalen Bermondsey,ID_30004,NA
11671,1693,1696,London,London,Middlesex,NA,NA,NA
11723,1692,1697,London,London,Middlesex,NA,NA,NA
12475,1691,1696,Luton,Bedfordshire,Bedfordshire,Luton,NA,28865
12734,1694,1697,Wapping,Middlesex,Middlesex,St John Wapping,ID_30182,NA
13020,1695,1697,London,London,Middlesex,NA,NA,NA
13080,1695,1697,Stepney,Middlesex,Middlesex,St Dunstan Stepney,ID_30169,NA
13132,1695,1697,Harrow,Middlesex,Middlesex,Harrow,NA,20309
13374,1694,1696,Buckingham,Buckinghamshire,Buckinghamshire,Buckingham,NA,6650
13732,1692,1696,St Clement Danes,Middlesex,Middlesex,St Clement Danes,ID_30015,NA
13752,1694,1696,Weston super Mare,Somerset,Somerset,Weston super Mare,NA,49135
13814,1694,1696,St Clement Danes,Middlesex,Middlesex,St Clement Danes,ID_30015,NA
13928,1692,1696,Biggleswade,Bedfordshire,Bedfordshire,Biggleswade,NA,3616
13954,1691,1696,Worcester,Worcestershire,Worcestershire,Worcester,NA,50943
14005,1696,1696,Cheltenham,Gloucestershire,Gloucestershire,Cheltenham,NA,8971
14240,1696,1697,Shoreditch,Middlesex,Middlesex,St Leonard Shoreditch,ID_30170,NA
30,1693,1698,Woodbridge,Surrey,Surrey,NA,NA,NA
60,1694,1698,East Hardwick,Yorkshire,Yorkshire,East Hardwick,NA,14318
173,1697,1698,Chediston als Cheston,Suffolk,Suffolk,NA,NA,NA
716,1696,1698,St Martin in the Fields,Middlesex,Middlesex,St Martin in the Fields,ID_30034,NA
991,1695,1698,Barking,Essex,Essex,Barking,NA,2398
1421,1693,1698,St James Westminster,Middlesex,Middlesex,St James Westminster,ID_30024,NA
1548,1695,1698,Croydon,Surrey,Surrey,Croydon,NA,11989
1570,1692,1698,NA,Lancashire,Lancashire,NA,NA,NA
1621,1693,1697,London,London,Middlesex,NA,NA,NA
1999,1693,1697,St Botolph Aldgate,Middlesex,Middlesex,St Botolph Aldgate,ID_30153,NA
2086,NA,1698,NA,Herefordshire,Herefordshire,NA,NA,NA
2314,1697,1697,Lusam,Kent,Kent,NA,NA,NA
2373,1695,1698,Newington,Oxfordshire,Oxfordshire,Newington,NA,32497
2767,1694,1698,East Molesey,Surrey,Surrey,East Molesey,NA,14412
2871,1696,1698,Dronfeild,Derbyshire,Derbyshire,NA,NA,NA
3389,1695,1698,Pepper,Oxfordshire,Oxfordshire,NA,NA,NA
3557,1693,1698,Calne,Wiltshire,Wiltshire,Calne,NA,7593
3718,1696,1698,London,London,Middlesex,NA,NA,NA
3990,1696,1697,Portsmouth,Hampshire,Hampshire,Portsmouth,NA,36626
4071,1697,1698,Ruabon,Denbighshire,Denbighshire,Ruabon,NA,37790
4133,1692,1698,London,London,Middlesex,NA,NA,NA
4379,1693,1697,Baleliff,Lancashire,Lancashire,NA,NA,NA
4469,1693,1697,Clerkenwell,Middlesex,Middlesex,St James Clerkenwell,ID_127865,NA
4522,1693,1697,Dorne,Worcestershire,Worcestershire,NA,NA,NA
5006,1691,1697,Covent Garden,Middlesex,Middlesex,St Paul Covent Garden,ID_30031,NA
5105,1691,1697,St Mary Whitechapel,Middlesex,Middlesex,St Mary Whitechapel,ID_127867,NA
5237,1694,1697,Lamerton,Devon,Devon,Lamerton,NA,25327
5442,1698,1698,Paulerspury,Northamptonshire,Northamptonshire,Paulerspury,NA,34867
5997,1692,1698,Twyford,Berkshire,Berkshire,Twyford,NA,46483
6019,1694,1697,Trusington,Leicestershire,Leicestershire,NA,NA,NA
6133,1696,1698,Hoynton Hall,Lincolnshire,Lincolnshire,NA,NA,NA
6486,1692,NA,Reading,Berkshire,Berkshire,Reading,NA,37532
6888,1693,1698,St Giles in the Fields,Middlesex,Middlesex,St Giles in the Fields,ID_30018,NA
6899,1695,1698,Blackwell,Derbyshire,Derbyshire,NA,NA,NA
6914,1694,1698,London,London,Middlesex,NA,NA,NA
7146,1697,1698,Felton,Shropshire,Shropshire,NA,NA,NA
7159,1692,1698,"Kent Street, Southwark",Surrey,Surrey,St George Southwark,ID_30012,NA
7502,1697,1698,St Anne Westminster,Middlesex,Middlesex,St Anne Soho,ID_30023,NA
7796,1697,1697,Rodborough,Gloucestershire,Gloucestershire,Rodborough,NA,38332
7959,1697,1698,London,London,Middlesex,NA,NA,NA
8039,1693,1697,London,London,Middlesex,NA,NA,NA
8274,1697,1698,Merlock,Derbyshire,Derbyshire,NA,NA,NA
9393,1694,1698,London,London,Middlesex,NA,NA,NA
9545,1695,1697,Wallingford,Berkshire,Berkshire,Wallingford,NA,47569
9723,1697,1698,St Saviour Southwark,Surrey,Surrey,St Saviour Southwark,ID_30001,NA
10000,1693,1697,Wifford,Staffordshire,Staffordshire,NA,NA,NA
10121,1692,1698,Separd,Essex,Essex,NA,NA,NA
10309,1696,1697,London,London,Middlesex,NA,NA,NA
11307,1692,1698,Stepney,Middlesex,Middlesex,St Dunstan Stepney,ID_30169,NA
11507,1697,1698,St James Westminster,Middlesex,Middlesex,St James Westminster,ID_30024,NA
11642,1696,1697,London,London,Middlesex,NA,NA,NA
12067,1696,1698,Sarum,Wiltshire,Wiltshire,NA,NA,NA
12109,1693,1698,London,London,Middlesex,NA,NA,NA
12949,1695,1697,St Giles Cripplegate,Middlesex,Middlesex,St Giles Cripplegate,ID_30100,NA
13410,1691,1697,Wrexham,Denbighshire,Denbighshire,Wrexham,NA,51099
13769,NA,1698,London,London,Middlesex,NA,NA,NA
13884,1693,1698,London,London,Middlesex,NA,NA,NA
13937,1690,1698,St Sepulchre,Middlesex,Middlesex,St Sepulchre,ID_30058,NA
13979,1694,1698,Stratford,Essex,Essex,Stratford,NA,42883
14031,1692,1698,St Leonard Shoreditch,Middlesex,Middlesex,St Leonard Shoreditch,ID_30170,NA
504,NA,1698,London,London,Middlesex,NA,NA,NA
724,1692,1698,St Olave Southwark,Surrey,Surrey,St Olave Southwark,ID_30002,NA
1895,1693,1699,Bampton,Oxfordshire,Oxfordshire,Bampton,NA,2215
2264,1695,1698,Brewham,Somerset,Somerset,Brewham,NA,56385
2403,1695,1699,NA,Herefordshire,Herefordshire,NA,NA,NA
2441,1691,1698,Congleton,Cheshire,Cheshire,Congleton,NA,10658
3384,1693,1698,Lewes,Sussex,Sussex,Lewes,NA,26145
3521,1693,1698,Campton,Bedfordshire,Bedfordshire,Campton,NA,7707
4011,1697,1698,St Paul Shadwell,Middlesex,Middlesex,St Paul Shadwell,ID_30184,NA
4593,1692,1698,Windsor,Berkshire,Berkshire,Windsor,NA,50086
4701,1697,1699,London,London,Middlesex,NA,NA,NA
4820,1698,1698,Stepney,Middlesex,Middlesex,St Dunstan Stepney,ID_30169,NA
5668,1697,1698,Winslow,Buckinghamshire,Buckinghamshire,Winslow,NA,50173
5863,1695,1698,Braintree,Essex,Essex,Braintree,NA,5267
6634,1692,1698,Tewkesbury,Gloucestershire,Gloucestershire,Tewkesbury,NA,44069
6711,1697,1698,Spitalfields,Middlesex,Middlesex,Christchurch Spitalfields,ID_30168,NA
6811,1693,1698,London,London,Middlesex,NA,NA,NA
6859,1692,1698,St Mary Whitechapel,Middlesex,Middlesex,St Mary Whitechapel,ID_127867,NA
6904,1695,1698,Blackwell,Derbyshire,Derbyshire,NA,NA,NA
7074,1696,1699,Maidenhead,Berkshire,Berkshire,Maidenhead,NA,29145
7246,1696,1698,St Clement Danes,Middlesex,Middlesex,St Clement Danes,ID_30015,NA
7251,1693,1698,Mearhay,Dorset,Dorset,NA,NA,NA
7263,1696,1698,Strand,Middlesex,Middlesex,NA,NA,NA
7553,1698,1698,London,London,Middlesex,NA,NA,NA
9136,1696,1698,Roxfield,Essex,Essex,NA,NA,NA
9733,1695,1698,Wolverhampton,Staffordshire,Staffordshire,Wolverhampton,NA,50404
10294,1692,1698,Bryan,Yorkshire,Yorkshire,NA,NA,NA
10609,1696,1698,Yarmouth,Norfolk,Norfolk,Great Yarmouth,NA,18774
10740,1697,1699,Garlick Hill,London,Middlesex,St James Garlickhithe,ID_30076,NA
10773,1696,1699,NA,Monmouthshire,Monmouthshire,NA,NA,NA
10879,1693,1699,St Martin in the Fields,Middlesex,Middlesex,St Martin in the Fields,ID_30034,NA
11346,1695,1698,Dunstable,Bedfordshire,Bedfordshire,Dunstable,NA,13925
11643,1699,1699,London,London,Middlesex,NA,NA,NA
12471,1695,1698,Ratcliff,Middlesex,Middlesex,Ratcliffe,ID_30177,NA
12513,1696,1699,London,London,Middlesex,NA,NA,NA
13001,1694,1698,Little Ashby,Leicestershire,Leicestershire,NA,NA,NA
13459,1696,1698,St Olave Southwark,Surrey,Surrey,St Olave Southwark,ID_30002,NA
13616,1693,1698,Dawley,Shropshire,Shropshire,Dawley,NA,289683
13733,1695,1698,Winfield,Berkshire,Berkshire,NA,NA,NA
14244,1695,1699,Marsh Benham,Berkshire,Berkshire,Marsh Benham,NA,29526
1182,1694,1700,London,London,Middlesex,NA,NA,NA
2156,1696,1700,Monkland,Herefordshire,Herefordshire,Monkland,NA,30891
3342,1696,1700,Barton,Gloucestershire,Gloucestershire,NA,NA,NA
3343,1696,1700,Barton,Gloucestershire,Gloucestershire,NA,NA,NA
4561,1697,1700,London,London,Middlesex,NA,NA,NA
4834,1698,1700,Worcester St Michael Bedwardine,Worcestershire,Worcestershire,NA,NA,NA
5669,1697,1700,Laban,Yorkshire,Yorkshire,NA,NA,NA
7147,1696,1699,London,London,Middlesex,NA,NA,NA
8606,1699,1699,London,London,Middlesex,NA,NA,NA
8645,1696,1700,Spernall,Warwickshire,Warwickshire,Spernall,NA,41507
8905,1697,1700,London,London,Middlesex,NA,NA,NA
11947,1697,1700,St Catherine's Hill,Surrey,Surrey,NA,NA,NA
52,1697,1700,Bushey,Hertfordshire,Hertfordshire,Bushey,NA,7206
77,1699,1701,Hams Hall,Warwickshire,Warwickshire,NA,NA,NA
148,1698,1701,Limehouse,Middlesex,Middlesex,St Anne Limehouse,ID_30176,NA
220,1699,1701,London,London,Middlesex,NA,NA,NA
567,1700,1701,Whitechapel,Middlesex,Middlesex,St Mary Whitechapel,ID_127867,NA
1016,1700,1701,Cheltenham,Gloucestershire,Gloucestershire,Cheltenham,NA,8971
1929,1699,1701,Shadwell,Middlesex,Middlesex,St Paul Shadwell,ID_30184,NA
2576,1698,1701,St Botolph Bishopsgate,London,Middlesex,St Botolph Bishopsgate,ID_127859,NA
2629,1698,1701,London,London,Middlesex,NA,NA,NA
2945,1699,1700,London,London,Middlesex,NA,NA,NA
2989,1699,1700,London,London,Middlesex,NA,NA,NA
3066,1698,1701,Stepney,Middlesex,Middlesex,St Dunstan Stepney,ID_30169,NA
3203,1698,1701,St Mary Newington Butts,Surrey,Surrey,Newington,ID_30005,NA
3346,1696,1700,St Leonard Shoreditch,Middlesex,Middlesex,St Leonard Shoreditch,ID_30170,NA
3444,1699,1700,London,London,Middlesex,NA,NA,NA
3566,1700,1701,Shaftesbury,Dorset,Dorset,Shaftesbury,NA,39827
3646,1694,1700,Grendon Underwood,Buckinghamshire,Buckinghamshire,Grendon Underwood,NA,19110
3681,1692,1698,Maidstone,Kent,Kent,Maidstone,NA,29156
4107,1697,1701,Hounslow,Middlesex,Middlesex,Hounslow,NA,22970
4297,1698,1701,Kington,Herefordshire,Herefordshire,Kington,NA,24662
4714,1698,1700,London,London,Middlesex,NA,NA,NA
4977,1698,1701,St Clement Danes,Middlesex,Middlesex,St Clement Danes,ID_30015,NA
5016,1692,1699,St James Clerkenwell,Middlesex,Middlesex,St James Clerkenwell,ID_127865,NA
5054,1694,1701,Croydon,Surrey,Surrey,Croydon,NA,11989
5364,1699,1700,Evercreech,Somerset,Somerset,Evercreech,NA,15527
5525,1699,1701,London,London,Middlesex,NA,NA,NA
5634,1699,1700,St Stephen Coleman Street,London,Middlesex,St Stephen Coleman Street,ID_30102,NA
5683,1698,1701,St Botolph Aldgate,London,Middlesex,St Botolph Aldgate,ID_30153,NA
5700,1697,1701,Garsington,Oxfordshire,Oxfordshire,Garsington,NA,17409
5704,1699,1701,Pettry David,Shropshire,Shropshire,NA,NA,NA
6240,1694,1699,London,London,Middlesex,NA,NA,NA
6413,1698,1701,St Margaret Westminster,Middlesex,Middlesex,St Margaret Westminster,ID_127869,NA
6490,1700,1701,London,London,Middlesex,NA,NA,NA
6590,1697,1700,London,London,Middlesex,NA,NA,NA
6616,1700,1700,Oddington,Gloucestershire,Gloucestershire,Oddington,NA,61863
6631,1693,1699,St Margaret Westminster,Middlesex,Middlesex,St Margaret Westminster,ID_127869,NA
6935,1699,1701,St Olave Southwark,Surrey,Surrey,St Olave Southwark,ID_30002,NA
7422,1698,1701,St Martin in the Fields,Middlesex,Middlesex,St Martin in the Fields,ID_30034,NA
7496,1694,1701,Boarhunt,Hampshire,Hampshire,Boarhunt,NA,4408
7781,1699,1701,Epsom,Surrey,Surrey,Epsom,NA,15413
8291,1698,1701,London,London,Middlesex,NA,NA,NA
8507,1696,1701,Lady Holt,Sussex,Sussex,NA,NA,NA
8811,1695,1700,Cirencester,Gloucestershire,Gloucestershire,Cirencester,NA,9528
8844,1697,1701,London,London,Middlesex,NA,NA,NA
9323,1696,1700,Piccadilly,Middlesex,Middlesex,NA,NA,NA
9606,1697,1701,London,London,Middlesex,NA,NA,NA
9683,1699,1700,Hutton,Yorkshire,Yorkshire,Hutton,NA,23326
10455,1697,1701,London,London,Middlesex,NA,NA,NA
10458,1694,1701,Stow,Gloucestershire,Gloucestershire,NA,NA,NA
10479,1697,1700,Hatton Garden,Middlesex,Middlesex,St Andrew Holborn,ID_127848,NA
10893,1698,1701,London,London,Middlesex,NA,NA,NA
11033,1691,1701,Bereton,Hampshire,Hampshire,NA,NA,NA
11068,1697,1701,London,London,Middlesex,NA,NA,NA
11132,1698,1701,Rotherhithe,Surrey,Surrey,St Mary Rotherhithe,ID_30008,NA
11372,1700,1701,Grantham,Lincolnshire,Lincolnshire,Grantham,NA,18462
11409,1696,1701,London,London,Middlesex,NA,NA,NA
11548,1697,1701,Wandsworth,Surrey,Surrey,Wandsworth,NA,47714
11925,1699,1699,Havant,Hampshire,Hampshire,Havant,NA,20583
12637,1697,1700,London,London,Middlesex,NA,NA,NA
12941,1696,1701,Bristol,Gloucestershire,Gloucestershire,Bristol,NA,288655
13082,1697,1701,Rickmansworth,Hertfordshire,Hertfordshire,Rickmansworth,NA,38045
13649,1698,1701,London,London,Middlesex,NA,NA,NA
13835,1698,1700,Histon,Cambridgeshire,Cambridgeshire,Histon,NA,22133
13973,1696,1700,Graudier,Cumberland,Cumberland,NA,NA,NA
20,1696,1700,Buckland,Berkshire,Berkshire,Buckland,NA,6653
63,1695,1700,Charleton,Northamptonshire,Northamptonshire,NA,NA,NA
698,1699,1700,St Mary Whitechapel,Middlesex,Middlesex,St Mary Whitechapel,ID_127867,NA
775,1698,1700,Kingston upon Hull,Yorkshire,Yorkshire,Kingston upon Hull,NA,24628
1495,1698,1700,St Mary Whitechapel,Middlesex,Middlesex,St Mary Whitechapel,ID_127867,NA
1580,1695,1700,Stoke Sub Hamdon,Somerset,Somerset,Stoke Sub Hamdon,NA,42577
1732,1695,1700,London,London,Middlesex,NA,NA,NA
1897,1699,1700,Sherborne,Dorset,Dorset,Sherborne,NA,40076
1975,1694,1700,Chesham,Buckinghamshire,Buckinghamshire,Chesham,NA,9025
2257,1697,1700,St Olave's,Surrey,Surrey,NA,NA,NA
2275,1698,1700,London,London,Middlesex,NA,NA,NA
2393,1694,1700,St Olave Southwark,Surrey,Surrey,St Olave Southwark,ID_30002,NA
2622,1696,1700,Caldecote,Hertfordshire,Hertfordshire,Caldecote,NA,7516
2805,1699,1700,NA,Devon,Devon,NA,NA,NA
2820,1699,1700,St Paul Shadwell,Middlesex,Middlesex,St Paul Shadwell,ID_30184,NA
2976,1698,1700,London,London,Middlesex,NA,NA,NA
3069,1698,1700,London,London,Middlesex,NA,NA,NA
3794,1699,1700,Loughborough,Leicestershire,Leicestershire,Loughborough,NA,28159
4347,1699,1700,Enfield,Middlesex,Middlesex,Enfield,NA,15358
4381,1698,1700,Navestock,Essex,Essex,Navestock,NA,61488
4399,1695,1700,Margaret,Kent,Kent,NA,NA,NA
4614,1699,1700,St Saviour Southwark,Surrey,Surrey,St Saviour Southwark,ID_30001,NA
4665,1698,1700,Stepney,Middlesex,Middlesex,St Dunstan Stepney,ID_30169,NA
5091,1696,1700,St Giles Cripplegate,Middlesex,Middlesex,St Giles Cripplegate,ID_30100,NA
5443,1697,1700,London,London,Middlesex,NA,NA,NA
5566,1698,1700,Armeschurch,Lancashire,Lancashire,NA,NA,NA
5925,1695,1700,Turington,Bedfordshire,Bedfordshire,NA,NA,NA
6067,1696,1700,Allhallows,London,Middlesex,NA,NA,NA
6088,1698,1700,Reigate,Surrey,Surrey,Reigate,NA,37688
6471,1696,1700,London,London,Middlesex,NA,NA,NA
6539,1696,1700,Brentwood,Essex,Essex,Brentwood,NA,5532
7310,1697,1700,St Mary Whitechapel,Middlesex,Middlesex,St Mary Whitechapel,ID_127867,NA
7898,1699,1700,Tadcaster,Yorkshire,Yorkshire,Tadcaster,NA,43654
7941,1698,1700,Ruislip,Middlesex,Middlesex,Ruislip,NA,38815
8132,1699,1700,St Bride,London,Middlesex,St Bride,ID_30049,NA
8425,1699,1700,St Mary Magdalen Bermondsey,Surrey,Surrey,St Mary Magdalen Bermondsey,ID_30004,NA
8530,1698,1700,Woking,Surrey,Surrey,Woking,NA,50367
8748,1695,1700,Ratcliff,Middlesex,Middlesex,Ratcliffe,ID_30177,NA
9238,1696,1700,Burrows,Derbyshire,Derbyshire,NA,NA,NA
9262,1698,1700,Quatt,Shropshire,Shropshire,Quatt,NA,37148
9540,1697,1700,Grindon,Staffordshire,Staffordshire,Grindon,NA,19208
10234,1694,1700,Loughton,Buckinghamshire,Buckinghamshire,Loughton,NA,28163
10235,1697,1700,London,London,Middlesex,NA,NA,NA
10356,1696,1700,Brooke,Rutland,Rutland,Brooke,NA,6157
10364,1699,1700,Woolwich,Kent,Kent,Woolwich,NA,50897
10810,1699,1700,St Sepulchre,London,Middlesex,St Sepulchre,ID_30058,NA
11001,1695,1700,Clavell,Essex,Essex,NA,NA,NA
11039,1697,1700,London,London,Middlesex,NA,NA,NA
12069,1695,1700,Oxford,Oxfordshire,Oxfordshire,Oxford,NA,34379
12277,1696,1700,Brailes,Warwickshire,Warwickshire,Brailes,NA,56282
12286,1698,1700,Creaton,Northamptonshire,Northamptonshire,Creaton,NA,11485
12447,1695,1700,Meifod,Montgomeryshire,Montgomeryshire,Meifod,NA,29894
12581,1698,1700,St Martin Outwich,London,Middlesex,St Martin Outwich,ID_30147,NA
12728,1697,1700,Wethersfield,Essex,Essex,Wethersfield,NA,49199
13142,1696,1700,Goxhill,Lincolnshire,Lincolnshire,Goxhill,NA,18354
13460,1696,1700,St Saviour Southwark,Surrey,Surrey,St Saviour Southwark,ID_30001,NA
2934,1696,1701,Waltham Abbey,Essex,Essex,Waltham Abbey,NA,47635
24,1697,1702,London,London,Middlesex,NA,NA,NA
76,1701,1702,London,London,Middlesex,NA,NA,NA
133,1700,1703,Maldon,Essex,Essex,Maldon,NA,29199
140,1698,1702,Clapham,Surrey,Surrey,Clapham,NA,9592
166,1700,1703,St John Wapping,Middlesex,Middlesex,St John Wapping,ID_30182,NA
245,1698,1701,St Thomas Southwark,Surrey,Surrey,St Thomas,ID_30007,NA
246,1698,1702,St Thomas Southwark,Surrey,Surrey,St Thomas,ID_30007,NA
274,1701,1703,Dedham,Essex,Essex,Dedham,NA,12810
282,1699,1702,Middleton,Northamptonshire,Northamptonshire,Middleton,NA,30312
500,1699,1703,London,London,Middlesex,NA,NA,NA
544,1704,1708,St Paul Shadwell,Middlesex,Middlesex,St Paul Shadwell,ID_30184,NA
779,1696,1702,London,London,Middlesex,NA,NA,NA
1397,1702,1708,St Katherine by the Tower,London,Middlesex,Precinct of St Katherine,ID_30181,NA
1488,1698,1702,St James Westminster,Middlesex,Middlesex,St James Westminster,ID_30024,NA
1539,1704,1708,Haywood,Staffordshire,Staffordshire,NA,NA,NA
1779,1697,1702,Dorchester,Dorset,Dorset,Dorchester,NA,13340
1791,1696,1702,London,London,Middlesex,NA,NA,NA
1932,1699,1702,Stepney,Middlesex,Middlesex,St Dunstan Stepney,ID_30169,NA
1973,1704,1708,NA,Northamptonshire,Northamptonshire,NA,NA,NA
2021,1700,1702,Assowrby,Lincolnshire,Lincolnshire,NA,NA,NA
2050,1700,1703,Hampstead,Middlesex,Middlesex,Hampstead,NA,19944
2119,1697,1702,Sarum,Carmarthenshire,Carmarthenshire,NA,NA,NA
2273,1699,1703,Yarmouth,Norfolk,Norfolk,Great Yarmouth,NA,18774
2362,1699,1700,London,London,Middlesex,NA,NA,NA
2411,1699,1702,Springfield,Essex,Essex,Springfield,NA,41607
2421,1702,1703,Hampstead,Middlesex,Middlesex,Hampstead,NA,19944
2838,1706,1707,East Ham,Essex,Essex,East Ham,NA,14314
2933,1699,1702,London,London,Middlesex,NA,NA,NA
2951,1698,1702,London,London,Middlesex,NA,NA,NA
2952,1698,1702,London,London,Middlesex,NA,NA,NA
3136,1697,1702,Bedeleshore,Kent,Kent,NA,NA,NA
3187,1707,1708,Eltham,Kent,Kent,Eltham,NA,15140
3193,1698,1699,Compton Dando,Somerset,Somerset,Compton Dando,NA,10616
3263,1702,1708,Chieveley,Berkshire,Berkshire,Chieveley,NA,9115
3283,1701,1703,London,London,Middlesex,NA,NA,NA
3324,1700,1702,London,London,Middlesex,NA,NA,NA
3380,1700,1702,St Paul Shadwell,Middlesex,Middlesex,St Paul Shadwell,ID_30184,NA
3440,1700,1703,Lostock,Lancashire,Lancashire,NA,NA,NA
3453,1696,1700,London,London,Middlesex,NA,NA,NA
3508,1707,1708,Goldington,Bedfordshire,Bedfordshire,Goldington,NA,18121
3534,1705,1708,London,London,Middlesex,NA,NA,NA
3624,1699,1703,Great Birch,Essex,Essex,NA,NA,NA
3683,1697,1701,Isle of Ely,Cambridgeshire,Cambridgeshire,Ely,NA,15168
3705,1708,1708,Whitechapel,Middlesex,Middlesex,St Mary Whitechapel,ID_127867,NA
3928,1697,1702,Whitby,Yorkshire,Yorkshire,Whitby,NA,49388
3980,1706,1708,London,London,Middlesex,NA,NA,NA
4037,1698,1702,Shadwell,Middlesex,Middlesex,St Paul Shadwell,ID_30184,NA
4132,1697,1703,Whitford,Hertfordshire,Hertfordshire,NA,NA,NA
4214,1700,1702,Oakingham,Berkshire,Berkshire,Oakingham,NA,NA
4336,1699,1700,Gray's Inn,Middlesex,Middlesex,Gray's Inn,ID_127851,NA
4434,1698,1702,St Giles without Cripplegate,Middlesex,Middlesex,St Giles Cripplegate,ID_30100,NA
4465,1695,1700,Croyden,Surrey,Surrey,Croydon,NA,11989
4492,1698,1702,London,London,Middlesex,NA,NA,NA
4510,1699,1702,Shadwell,Shropshire,Shropshire,NA,NA,NA
4586,1696,1702,London,London,Middlesex,NA,NA,NA
4600,1698,1703,Southwark,Surrey,Surrey,NA,NA,NA
4669,1705,1708,London,London,Middlesex,NA,NA,NA
4797,1699,1703,London,London,Middlesex,NA,NA,NA
4858,1696,1702,Northampton,Northamptonshire,Northamptonshire,Northampton,NA,33285
5022,1695,1700,Countesthorp,Leicestershire,Leicestershire,NA,NA,NA
5061,1697,1701,Twickenham,Middlesex,Middlesex,Twickenham,NA,46439
5075,1704,1708,Marylebone,Middlesex,Middlesex,St Marylebone,ID_30020,NA
5111,1696,1701,St Margaret Westminster,Middlesex,Middlesex,St Margaret Westminster,ID_127869,NA
5207,1695,1702,St Briavels,Gloucestershire,Gloucestershire,St Briavels,NA,41685
5233,1702,1703,London,London,Middlesex,NA,NA,NA
5235,1696,1701,Witney,Oxfordshire,Oxfordshire,Witney,NA,50334
5372,1699,1703,London,London,Middlesex,NA,NA,NA
5396,1700,1701,London,London,Middlesex,NA,NA,NA
5488,1700,1702,Cuddington,Buckinghamshire,Buckinghamshire,Cuddington,NA,12062
5553,1699,1702,Tewkesbury,Gloucestershire,Gloucestershire,Tewkesbury,NA,44069
5591,1701,1708,St Katherine,Middlesex,Middlesex,Precinct of St Katherine,ID_30181,NA
5600,1700,1701,East Smithfield,Middlesex,Middlesex,St Botolph Aldgate,ID_30153,NA
5845,1701,1703,St Botolph Aldgate,London,Middlesex,St Botolph Aldgate,ID_30153,NA
6026,1698,1700,Stepney,Middlesex,Middlesex,St Dunstan Stepney,ID_30169,NA
6314,1699,1703,London,London,Middlesex,NA,NA,NA
6346,1700,1702,St Margaret Westminster,Middlesex,Middlesex,St Margaret Westminster,ID_127869,NA
6449,1701,1702,Oxford,Oxfordshire,Oxfordshire,Oxford,NA,34379
6485,1700,1702,London,London,Middlesex,NA,NA,NA
6617,1699,1700,London,London,Middlesex,NA,NA,NA
6671,1700,1703,St Giles in the Fields,Middlesex,Middlesex,St Giles in the Fields,ID_30018,NA
6755,1701,1701,St Botolph Bishopsgate,London,Middlesex,St Botolph Bishopsgate,ID_127859,NA
6834,1701,1702,London,London,Middlesex,NA,NA,NA
6865,1699,1701,Crafton Hall,Yorkshire,Yorkshire,NA,NA,NA
7000,1701,1702,Stepney,Middlesex,Middlesex,St Dunstan Stepney,ID_30169,NA
7058,1698,1701,Whitby Court,Herefordshire,Herefordshire,NA,NA,NA
7067,1699,1702,St James Clerkenwell,Middlesex,Middlesex,St James Clerkenwell,ID_127865,NA
7113,1699,1703,London,London,Middlesex,NA,NA,NA
7161,1700,1703,Sarum,Wiltshire,Wiltshire,NA,NA,NA
7172,1695,1700,London,London,Middlesex,NA,NA,NA
7252,1696,1700,St Martin in the Fields,Middlesex,Middlesex,St Martin in the Fields,ID_30034,NA
7321,1704,1708,Brightwell,Berkshire,Berkshire,NA,NA,NA
7368,1695,1700,High Laver,Essex,Essex,High Laver,NA,21563
7734,1699,1702,Stepney,Middlesex,Middlesex,St Dunstan Stepney,ID_30169,NA
7844,1701,1702,Colchester,Essex,Essex,Colchester,NA,10252
7976,1699,1700,Dameselwood,Somerset,Somerset,NA,NA,NA
8305,1700,1702,Newcastle,Northumberland,Northumberland,NA,NA,NA
8531,1698,1701,St Mary Overie,Surrey,Surrey,St Saviour Southwark,ID_30001,NA
8555,1700,1701,London,London,Middlesex,NA,NA,NA
8675,1701,1702,Newcastle upon Tyne,Northumberland,Northumberland,Newcastle upon Tyne,NA,32435
8758,1697,1702,NA,Radnorshire,Radnorshire,NA,NA,NA
8812,1698,1701,London,London,Middlesex,NA,NA,NA
8939,1707,1708,St Andrew Holborn,Middlesex,Middlesex,St Andrew Holborn,ID_127848,NA
9024,1700,1703,South Shields,County Durham,County Durham,South Shields,NA,41261
9087,1696,1700,Southill,Bedfordshire,Bedfordshire,Southill,NA,41384
9168,1700,1703,Grub Street,London,Middlesex,NA,NA,NA
9212,1701,1702,Wapping,Middlesex,Middlesex,St John Wapping,ID_30182,NA
9401,1698,1701,Aldgate,Middlesex,Middlesex,St Botolph Aldgate,ID_30153,NA
9504,1705,1708,St James Westminster,Middlesex,Middlesex,St James Westminster,ID_30024,NA
9602,1698,1702,Canterbury,Kent,Kent,Canterbury,NA,7771
9607,1695,1703,St Giles Cripplegate,Middlesex,Middlesex,St Giles Cripplegate,ID_30100,NA
9964,1700,1702,Chayneast,Merionethshire,Merionethshire,NA,NA,NA
10066,1698,1702,London,London,Middlesex,NA,NA,NA
10171,1703,1708,Oxford,Oxfordshire,Oxfordshire,Oxford,NA,34379
10197,1700,1702,London,London,Middlesex,NA,NA,NA
10492,1698,1702,Harwich,Essex,Essex,Harwich,NA,20420
10493,1700,1702,Stepney,Middlesex,Middlesex,St Dunstan Stepney,ID_30169,NA
10719,1700,1702,St James Clerkenwell,Middlesex,Middlesex,St James Clerkenwell,ID_127865,NA
10889,1704,1708,St Mary Whitechapel,Middlesex,Middlesex,St Mary Whitechapel,ID_127867,NA
11162,1696,1702,Wem,Shropshire,Shropshire,Wem,NA,48335
11196,1697,1702,Bilston,Staffordshire,Staffordshire,Bilston,NA,3677
11205,1707,1708,NA,Middlesex,Middlesex,NA,NA,NA
11251,1696,1700,Pembridge,Herefordshire,Herefordshire,Pembridge,NA,34994
11359,1699,1700,London,London,Middlesex,NA,NA,NA
11456,1694,1702,London,London,Middlesex,NA,NA,NA
11464,1698,1703,Lancaster,Lancashire,Lancashire,Lancaster,NA,25352
11526,1697,1700,London,London,Middlesex,NA,NA,NA
11596,1703,1707,St Martin in the Fields,Middlesex,Middlesex,St Martin in the Fields,ID_30034,NA
11619,1701,1703,Henham,Essex,Essex,Henham,NA,21207
11644,1700,1702,Merevale,Warwickshire,Warwickshire,Merevale,NA,292374
11647,1705,1708,London,London,Middlesex,NA,NA,NA
11782,1698,1703,Spitalfields,Middlesex,Middlesex,Christchurch Spitalfields,ID_30168,NA
12008,1699,1702,Camberwell,Surrey,Surrey,Camberwell,NA,7634
12344,1700,1701,St Olave Southwark,Surrey,Surrey,St Olave Southwark,ID_30002,NA
12357,1699,1703,Wolstanton,Staffordshire,Staffordshire,Wolstanton,NA,50396
12634,1699,1702,London,London,Middlesex,NA,NA,NA
12638,1700,1702,Stepney,Middlesex,Middlesex,St Dunstan Stepney,ID_30169,NA
12699,1699,1702,"Rosemary Lane, St Botolph Aldgate",Middlesex,Middlesex,St Botolph Aldgate,ID_30153,NA
12783,NA,1701,Moulton,Northamptonshire,Northamptonshire,Moulton,NA,31335
12792,1700,1702,St Botolph Aldgate,Middlesex,Middlesex,St Botolph Aldgate,ID_30153,NA
12798,1697,1701,Ebley,Gloucestershire,Gloucestershire,Ebley,NA,14709
13041,1702,1703,St Andrew Holborn,Middlesex,Middlesex,St Andrew Holborn,ID_127848,NA
13155,1704,1708,London,London,Middlesex,NA,NA,NA
13220,1698,1702,London,London,Middlesex,NA,NA,NA
13309,1700,1702,Lambeth,Surrey,Surrey,St Mary Lambeth,ID_127857,NA
13392,NA,1699,Odstock,Wiltshire,Wiltshire,Odstock,NA,33720
13400,1699,1702,St John Wapping,Middlesex,Middlesex,St John Wapping,ID_30182,NA
13422,1704,1708,West Bromwich,Staffordshire,Staffordshire,West Bromwich,NA,48463
13457,1697,1702,Guildford,Surrey,Surrey,Guildford,NA,19326
13536,1698,1702,Stratford,Essex,Essex,Stratford,NA,42883
13582,1706,1708,London,London,Middlesex,NA,NA,NA
13729,1698,1702,Chatham,Kent,Kent,Chatham,NA,8875
13812,1696,1703,St Clement Danes,Middlesex,Middlesex,St Clement Danes,ID_30015,NA
14003,1697,1702,Chaldon,Surrey,Surrey,Chaldon,NA,8607
14184,1696,1700,London,London,Middlesex,NA,NA,NA
14198,1698,1700,London,London,Middlesex,NA,NA,NA
14221,1702,1703,Leeds,Yorkshire,Yorkshire,Leeds,NA,25924
14264,1699,1701,Windsor,Buckinghamshire,Buckinghamshire,NA,NA,NA
175,1697,1701,Droitwich,Worcestershire,Worcestershire,Droitwich,NA,NA
1407,1700,1701,London,London,Middlesex,NA,NA,NA
1543,1697,1702,Wapping,Middlesex,Middlesex,St John Wapping,ID_30182,NA
1856,1698,1700,London,London,Middlesex,NA,NA,NA
2136,1696,1701,Winchcombe,Gloucestershire,Gloucestershire,Winchcombe,NA,50044
2292,1696,1701,London,London,Middlesex,NA,NA,NA
3178,1696,1701,St Dunstan in the West,London,Middlesex,St Dunstan in the West,ID_127855,NA
3201,1699,1702,London,London,Middlesex,NA,NA,NA
3257,1698,1700,St Dunstan Stepney,Middlesex,Middlesex,St Dunstan Stepney,ID_30169,NA
3379,1695,1700,London,London,Middlesex,NA,NA,NA
3484,1696,1700,Heckfield,Hampshire,Hampshire,Heckfield,NA,20998
4197,1696,1700,Diddington,Huntingdonshire,Huntingdonshire,Diddington,NA,13055
4301,1701,1702,St Martin in the Fields,Middlesex,Middlesex,St Martin in the Fields,ID_30034,NA
4386,1700,1702,London,London,Middlesex,NA,NA,NA
4416,1696,1701,St Olave Southwark,Surrey,Surrey,St Olave Southwark,ID_30002,NA
4704,1699,1700,St Dunstan in the East,London,Middlesex,St Dunstan in the East,ID_30159,NA
4971,NA,1701,Holbrooke,Yorkshire,Yorkshire,NA,NA,NA
5123,1699,1702,London,London,Middlesex,NA,NA,NA
5180,1699,1702,Temple,London,Middlesex,The Temple,ID_30045,NA
5280,1697,1701,Great Hormead,Hertfordshire,Hertfordshire,Great Hormead,NA,18648
6027,1698,1702,Stepney,Middlesex,Middlesex,St Dunstan Stepney,ID_30169,NA
6459,1697,1701,Holden,Yorkshire,Yorkshire,Holden,NA,22263
6619,1697,1702,Newington Butts,Surrey,Surrey,Newington,ID_30005,NA
6643,1695,1701,East Barnet,Hertfordshire,Hertfordshire,East Barnet,NA,14178
7005,1699,1701,Nettleton,Wiltshire,Wiltshire,Nettleton,NA,32056
7399,1699,1701,Mitcham,Surrey,Surrey,Mitcham,NA,30776
8247,1701,1701,London,London,Middlesex,NA,NA,NA
8369,1696,1701,Westminster,Middlesex,Middlesex,NA,NA,NA
8794,1701,1702,St Clement Danes,Middlesex,Middlesex,St Clement Danes,ID_30015,NA
8914,1698,1702,Berksley,Kent,Kent,NA,NA,NA
9085,1697,1702,St Martin in the Fields,Middlesex,Middlesex,St Martin in the Fields,ID_30034,NA
9356,1697,1701,St Clement,Middlesex,Middlesex,St Clement Danes,ID_30015,NA
9359,1698,1702,London,London,Middlesex,NA,NA,NA
9516,1695,1701,Hartford Bridge,Hampshire,Hampshire,NA,NA,NA
9906,1697,1702,Winchester,Hampshire,Hampshire,Winchester,NA,50050
10240,1696,1701,Marcham,Berkshire,Berkshire,Marcham,NA,29368
10372,1697,1702,London,London,Middlesex,NA,NA,NA
10401,1696,1700,London,London,Middlesex,NA,NA,NA
10567,1696,1700,Kingston upon Thames,Surrey,Surrey,Kingston upon Thames,NA,24629
10642,1695,1701,Edgware,Middlesex,Middlesex,Edgware,NA,14810
11021,1698,1701,St Giles in the Fields,Middlesex,Middlesex,St Giles in the Fields,ID_30018,NA
11035,1697,1701,Wivenhoe,Essex,Essex,Wivenhoe,NA,50357
11159,1699,1701,Hampstead,Middlesex,Middlesex,Hampstead,NA,19944
11476,1696,1701,Southwark,Surrey,Surrey,NA,NA,NA
11549,NA,1702,Burford,Oxfordshire,Oxfordshire,Burford,NA,6867
11672,1699,1702,St Paul Shadwell,Middlesex,Middlesex,St Paul Shadwell,ID_30184,NA
11907,1697,1701,Painswick,Gloucestershire,Gloucestershire,Painswick,NA,34464
12012,1696,1700,Stepney,Middlesex,Middlesex,St Dunstan Stepney,ID_30169,NA
12041,1699,1701,London,London,Middlesex,NA,NA,NA
12114,1698,1702,Newington Butts,Surrey,Surrey,Newington,ID_30005,NA
12146,1700,1702,Redbourn,Hertfordshire,Hertfordshire,Redbourn,NA,37581
12369,1700,1701,St Dunstan Stepney,Middlesex,Middlesex,St Dunstan Stepney,ID_30169,NA
12727,1698,1701,Clavering,Essex,Essex,Clavering,NA,9664
12960,1699,1702,St Andrew Holborn,Middlesex,Middlesex,St Andrew Holborn,ID_127848,NA
12988,1698,1700,St Giles Cripplegate,London,Middlesex,St Giles Cripplegate,ID_30100,NA
13036,1695,1701,London,London,Middlesex,NA,NA,NA
13298,1698,1701,St Martin in the Fields,Middlesex,Middlesex,St Martin in the Fields,ID_30034,NA
13299,1699,1702,Newbottle,Northamptonshire,Northamptonshire,Newbottle,NA,32383
13394,1700,1701,Northera,Kent,Kent,NA,NA,NA
13471,1698,1702,London,London,Middlesex,NA,NA,NA
13773,1698,1701,London,London,Middlesex,NA,NA,NA
13859,1698,1701,Roadley,Leicestershire,Leicestershire,NA,NA,NA
48,1702,1704,North Shields,Northumberland,Northumberland,North Shields,NA,33216
69,1703,1704,Kirkby Mallory,Leicestershire,Leicestershire,Kirkby Mallory,NA,24804
112,1701,1704,Spitalfields,Middlesex,Middlesex,Christchurch Spitalfields,ID_30168,NA
200,NA,1703,Groby,Leicestershire,Leicestershire,Groby,NA,19231
334,1698,1704,Westminster,Middlesex,Middlesex,NA,NA,NA
427,1699,1703,NA,Westmorland,Westmorland,NA,NA,NA
610,1698,1704,Southwark,Surrey,Surrey,NA,NA,NA
625,1701,1703,London,London,Middlesex,NA,NA,NA
684,1700,1704,Battersea,Surrey,Surrey,Battersea,ID_30014,NA
689,1703,1704,Abingdon,Berkshire,Berkshire,Abingdon,NA,287768
956,1703,1704,Exeter,Devon,Devon,Exeter,NA,15586
960,1700,1703,London,London,Middlesex,NA,NA,NA
999,1698,1703,London,London,Middlesex,NA,NA,NA
1146,NA,1702,London,London,Middlesex,NA,NA,NA
1293,1700,1704,Holeby,Westmorland,Westmorland,NA,NA,NA
1337,1697,1703,Sudbury,Suffolk,Suffolk,Sudbury,NA,43197
1390,1702,1704,Southwark,Surrey,Surrey,NA,NA,NA
1519,1703,1704,London,London,Middlesex,NA,NA,NA
1619,1702,1704,Falmouth,Cornwall,Cornwall,Falmouth,NA,15737
1654,1697,1703,London,London,Middlesex,NA,NA,NA
1696,1701,1703,London,London,Middlesex,NA,NA,NA
1699,1700,1704,London,London,Middlesex,NA,NA,NA
1801,1699,1704,St Thomas,Surrey,Surrey,St Thomas,ID_30007,NA
1882,1698,1703,London,London,Middlesex,NA,NA,NA
2030,1698,1703,St Mary Whitechapel,Middlesex,Middlesex,St Mary Whitechapel,ID_127867,NA
2070,1702,1704,London,London,Middlesex,NA,NA,NA
2219,1698,1703,Shadwell,Middlesex,Middlesex,St Paul Shadwell,ID_30184,NA
2280,1699,1703,London,London,Middlesex,NA,NA,NA
2320,1699,1703,St Mary Magdalen Bermondsey,Surrey,Surrey,St Mary Magdalen Bermondsey,ID_30004,NA
2361,1698,1703,Ratcliff,Middlesex,Middlesex,Ratcliffe,ID_30177,NA
2381,1699,1704,St Michael Bassishaw,London,Middlesex,St Michael Bassishaw,ID_30101,NA
2410,1702,1703,Springfield,Essex,Essex,Springfield,NA,41607
2414,1700,1703,Clyro,Radnorshire,Radnorshire,Clyro,NA,10012
2432,1702,1704,London,London,Middlesex,NA,NA,NA
2582,1702,1703,Limehouse,Middlesex,Middlesex,St Anne Limehouse,ID_30176,NA
2597,1697,1703,Houndley,Northamptonshire,Northamptonshire,NA,NA,NA
2689,1698,1704,Fordhouse,Staffordshire,Staffordshire,NA,NA,NA
2829,1700,1702,Tynemouth,Northumberland,Northumberland,Tynemouth,NA,46577
2869,1698,1703,Stepney,Middlesex,Middlesex,St Dunstan Stepney,ID_30169,NA
2918,1696,1703,Shad Thames,Surrey,Surrey,NA,NA,NA
2972,1697,1703,Kingston upon Thames,Surrey,Surrey,Kingston upon Thames,NA,24629
2974,NA,1703,London,London,Middlesex,NA,NA,NA
3306,NA,1703,St Giles Cripplegate,London,Middlesex,St Giles Cripplegate,ID_30100,NA
3337,1701,1704,Cranbrook,Kent,Kent,Cranbrook,NA,11396
3426,NA,1704,London,London,Middlesex,NA,NA,NA
3587,1698,1703,Hertford,Hertfordshire,Hertfordshire,Hertford,NA,21349
3632,1701,1704,Foston,Leicestershire,Leicestershire,Foston,NA,16748
3696,1702,1703,Carlisle,Cumberland,Cumberland,Carlisle,NA,7942
3704,1703,1703,London,London,Middlesex,NA,NA,NA
3801,1698,1704,Crosby Ravensworth,Westmorland,Westmorland,Crosby Ravensworth,NA,11733
3958,1700,1703,London,London,Middlesex,NA,NA,NA
4196,1703,1704,NA,Huntingdonshire,Huntingdonshire,NA,NA,NA
4382,1699,1704,London,London,Middlesex,NA,NA,NA
4418,1700,1703,London,London,Middlesex,NA,NA,NA
4456,1701,1703,Barling,Essex,Essex,Barling,NA,2425
4554,1701,1703,London,London,Middlesex,NA,NA,NA
4737,NA,1703,Sevenoaks,Kent,Kent,Sevenoaks,NA,39780
4839,1697,1704,London,London,Middlesex,NA,NA,NA
5076,1702,1703,London,London,Middlesex,NA,NA,NA
5102,1700,1703,London,London,Middlesex,NA,NA,NA
5126,1700,1704,London,London,Middlesex,NA,NA,NA
5129,1701,1703,Hampton,Middlesex,Middlesex,Hampton,NA,19954
5250,1699,1703,Mickleton,Gloucestershire,Gloucestershire,Mickleton,NA,30182
5281,1699,1704,Faringdon,Berkshire,Berkshire,Faringdon,NA,15781
5298,1704,1705,London,London,Middlesex,NA,NA,NA
5306,1701,1704,Dorchester,Oxfordshire,Oxfordshire,Dorchester,NA,13339
5370,1698,1703,St Martin in the Fields,Middlesex,Middlesex,St Martin in the Fields,ID_30034,NA
5474,1702,1703,Sarratt,Hertfordshire,Hertfordshire,Sarratt,NA,39347
5587,1700,1703,Whitechapel,Middlesex,Middlesex,St Mary Whitechapel,ID_127867,NA
5635,1700,1704,Stepney,Middlesex,Middlesex,St Dunstan Stepney,ID_30169,NA
5714,1699,1704,Bishops Stortford,Hertfordshire,Hertfordshire,NA,NA,NA
5752,NA,1704,xx,Wiltshire,Wiltshire,NA,NA,NA
5833,1703,1703,London,London,Middlesex,NA,NA,NA
5865,1700,1703,St Bartholomew the Great,London,Middlesex,St Bartholomew the Great,ID_30059,NA
5969,NA,1703,London,London,Middlesex,NA,NA,NA
6013,1699,1703,Carshalton,Surrey,Surrey,Carshalton,NA,8106
6043,1700,1703,London,London,Middlesex,NA,NA,NA
6070,NA,1704,St Botolph Aldgate,London,Middlesex,St Botolph Aldgate,ID_30153,NA
6188,1702,1704,Halesowen,Worcestershire,Worcestershire,Halesowen,NA,19686
6214,1701,1704,St James Clerkenwell,Middlesex,Middlesex,St James Clerkenwell,ID_127865,NA
6223,1702,1703,Dunton Bassett,Leicestershire,Leicestershire,Dunton Bassett,NA,13961
6226,1700,1704,London,London,Middlesex,NA,NA,NA
6376,1698,1704,Chichester,Sussex,Sussex,Chichester,NA,9094
6398,1699,1704,London,London,Middlesex,NA,NA,NA
6480,1700,1704,Brentford,Middlesex,Middlesex,Brentford,NA,5526
6496,1698,1704,St Paul Shadwell,Middlesex,Middlesex,St Paul Shadwell,ID_30184,NA
6534,1699,1704,Southampton,Hampshire,Hampshire,Southampton,NA,41322
6632,1703,1704,Rotherhithe,Surrey,Surrey,St Mary Rotherhithe,ID_30008,NA
6641,1701,1704,Rayleigh,Essex,Essex,Rayleigh,NA,37517
6692,NA,1703,NA,Anglesey,Anglesey,NA,NA,NA
6696,1698,1703,St Giles in the Fields,Middlesex,Middlesex,St Giles in the Fields,ID_30018,NA
6702,1700,1704,St Anne Westminster,Middlesex,Middlesex,St Anne Soho,ID_30023,NA
6981,1702,1705,London,London,Middlesex,NA,NA,NA
7054,1701,1702,Coleman Street,London,Middlesex,NA,NA,NA
7060,1701,1704,St Giles,Middlesex,Middlesex,St Giles in the Fields,ID_30018,NA
7078,1698,1704,London,London,Middlesex,NA,NA,NA
7089,1700,1704,Drury Lane,Middlesex,Middlesex,NA,NA,NA
7208,1697,1703,London,London,Middlesex,NA,NA,NA
7228,1702,1703,Christ Church,London,Middlesex,Christ Church,ID_30069,NA
7355,1700,1703,Foston Heath,Derbyshire,Derbyshire,NA,NA,NA
7382,1698,1703,Elstead,Surrey,Surrey,Elstead,NA,15123
7526,NA,1703,Melton Mowbray,Leicestershire,Leicestershire,Melton Mowbray,NA,29987
7579,1700,1704,London,London,Middlesex,NA,NA,NA
7663,NA,1704,Ledbury,Herefordshire,Herefordshire,Ledbury,NA,25882
7683,1701,1703,Westminster,Middlesex,Middlesex,NA,NA,NA
7689,1700,1704,Abingdon,Berkshire,Berkshire,Abingdon,NA,287768
7701,1702,1704,London,London,Middlesex,NA,NA,NA
7726,1699,1703,London,London,Middlesex,NA,NA,NA
7817,1701,1703,London,London,Middlesex,NA,NA,NA
7871,1701,1703,London,London,Middlesex,NA,NA,NA
7911,1702,1704,St Botolph Bishopsgate,London,Middlesex,St Botolph Bishopsgate,ID_127859,NA
7912,1702,1704,London,London,Middlesex,NA,NA,NA
7955,1700,1704,St James Westminster,Middlesex,Middlesex,St James Westminster,ID_30024,NA
8097,1699,1703,Birmingham,Warwickshire,Warwickshire,Birmingham,NA,3826
8233,1701,1704,St Margaret Westminster,Middlesex,Middlesex,St Margaret Westminster,ID_127869,NA
8239,1699,1704,Ipswich,Suffolk,Suffolk,Ipswich,NA,23691
8263,1702,1703,Cambridge,Cambridgeshire,Cambridgeshire,Cambridge,NA,7642
8337,1697,1703,Souldrope,Bedfordshire,Bedfordshire,NA,NA,NA
8344,NA,1703,Noke,Herefordshire,Herefordshire,NA,NA,NA
8412,1699,1703,Gloucester,Gloucestershire,Gloucestershire,Gloucester,NA,17982
8417,1703,1703,St Botolph Aldgate,Middlesex,Middlesex,St Botolph Aldgate,ID_30153,NA
8447,1701,1703,London,London,Middlesex,NA,NA,NA
8470,1700,1703,Aldgate,London,Middlesex,St Botolph Aldgate,ID_30153,NA
8474,1701,1703,Longworth,Berkshire,Berkshire,Longworth,NA,28110
8492,1700,1703,London,London,Middlesex,NA,NA,NA
8539,1698,1703,Waterstock,Oxfordshire,Oxfordshire,Waterstock,NA,48038
8553,1700,1704,London,London,Middlesex,NA,NA,NA
8554,1700,1704,London,London,Middlesex,NA,NA,NA
8616,1700,1704,London,London,Middlesex,NA,NA,NA
8662,1701,1704,Wednesday,Sussex,Sussex,NA,NA,NA
8682,1699,1703,London,London,Middlesex,NA,NA,NA
8710,1700,1703,St Bride,Middlesex,Middlesex,St Bride,ID_30049,NA
8802,NA,1703,Stepney,Middlesex,Middlesex,St Dunstan Stepney,ID_30169,NA
8850,1701,1703,Stepney,Middlesex,Middlesex,St Dunstan Stepney,ID_30169,NA
8883,1699,1703,St Paul Shadwell,Middlesex,Middlesex,St Paul Shadwell,ID_30184,NA
9027,1698,1703,South Cerney,Gloucestershire,Gloucestershire,South Cerney,NA,41096
9038,1700,1703,St Katherine,Middlesex,Middlesex,Precinct of St Katherine,ID_30181,NA
9091,1699,1703,Northall,Herefordshire,Herefordshire,NA,NA,NA
9126,1697,1703,St Andrew Holborn,Middlesex,Middlesex,St Andrew Holborn,ID_127848,NA
9169,1700,1703,Grub Street,London,Middlesex,NA,NA,NA
9463,1699,1703,Clerkenwell,Middlesex,Middlesex,St James Clerkenwell,ID_127865,NA
9489,1699,1703,Sindlesham,Berkshire,Berkshire,Sindlesham,NA,40527
9680,1701,1703,Great Budworth,Cheshire,Cheshire,Great Budworth,NA,18562
9697,1699,1704,London,London,Middlesex,NA,NA,NA
9759,1701,1704,Clerkenwell,Middlesex,Middlesex,St James Clerkenwell,ID_127865,NA
9764,1701,1704,London,London,Middlesex,NA,NA,NA
9872,1699,1703,London,London,Middlesex,NA,NA,NA
10428,1700,1704,Cheston,Hertfordshire,Hertfordshire,NA,NA,NA
10451,1702,1704,Donnington,Lincolnshire,Lincolnshire,NA,NA,NA
10481,1699,1703,Chichester,Sussex,Sussex,Chichester,NA,9094
10568,NA,1704,London,London,Middlesex,NA,NA,NA
10762,1699,1704,London,London,Middlesex,NA,NA,NA
10924,1700,1704,St Paul Shadwell,Middlesex,Middlesex,St Paul Shadwell,ID_30184,NA
10985,1703,1704,Abingdon,Berkshire,Berkshire,Abingdon,NA,287768
10995,1700,1704,London,London,Middlesex,NA,NA,NA
11029,1699,1703,London,London,Middlesex,NA,NA,NA
11094,1699,1704,Shoreditch,Middlesex,Middlesex,St Leonard Shoreditch,ID_30170,NA
11129,1701,1704,London,London,Middlesex,NA,NA,NA
11168,1697,1703,St Martin in the Fields,Middlesex,Middlesex,St Martin in the Fields,ID_30034,NA
11174,1700,1703,London,London,Middlesex,NA,NA,NA
11238,1699,1703,NA,Herefordshire,Herefordshire,NA,NA,NA
11461,1699,1703,St Martin le Grand,Middlesex,Middlesex,NA,NA,NA
11550,1700,1704,London,London,Middlesex,NA,NA,NA
11580,NA,1703,Stepney,Middlesex,Middlesex,St Dunstan Stepney,ID_30169,NA
11646,1700,1704,London,London,Middlesex,NA,NA,NA
11712,1703,1703,Martin Abbey,Surrey,Surrey,NA,NA,NA
11716,1700,1704,London,London,Middlesex,NA,NA,NA
11889,1700,1703,Cheddon Fitzpaine,Somerset,Somerset,Cheddon Fitzpaine,NA,8924
11904,1699,1703,Bromwich,Staffordshire,Staffordshire,NA,NA,NA
11983,1700,1704,NA,Surrey,Surrey,NA,NA,NA
12014,1700,1703,London,London,Middlesex,NA,NA,NA
12059,1702,1703,London,London,Middlesex,NA,NA,NA
12125,1702,1704,NA,Middlesex,Middlesex,NA,NA,NA
12132,1697,1704,NA,Buckinghamshire,Buckinghamshire,NA,NA,NA
12156,NA,1703,Islington,Middlesex,Middlesex,St Mary Islington,ID_30043,NA
12189,1701,1703,St Botolph Bishopsgate,London,Middlesex,St Botolph Bishopsgate,ID_127859,NA
12240,1698,1703,Marlborough,Wiltshire,Wiltshire,Marlborough,NA,29474
12334,1702,1703,London,London,Middlesex,NA,NA,NA
12459,NA,1703,Holborn,Middlesex,Middlesex,St Andrew Holborn,ID_127848,NA
12558,NA,1703,London,London,Middlesex,NA,NA,NA
12576,1701,1703,Spalding,Lincolnshire,Lincolnshire,Spalding,NA,41458
12650,1699,1704,Leicester,Leicestershire,Leicestershire,Leicester,NA,25957
12651,1701,1704,Leicester,Leicestershire,Leicestershire,Leicester,NA,25957
12876,1699,1703,Shaftesbury,Dorset,Dorset,Shaftesbury,NA,39827
12894,1701,1704,London,London,Middlesex,NA,NA,NA
12933,1700,1701,London,London,Middlesex,NA,NA,NA
12992,1702,1704,Peatling Magna,Leicestershire,Leicestershire,Peatling Magna,NA,34924
13141,1702,1703,London,London,Middlesex,NA,NA,NA
13171,1699,1704,Stepney,Middlesex,Middlesex,St Dunstan Stepney,ID_30169,NA
13329,1699,1703,NA,London,Middlesex,NA,NA,NA
13351,1701,1703,London,London,Middlesex,NA,NA,NA
13373,1703,1704,London,London,Middlesex,NA,NA,NA
13388,NA,1703,NA,Northamptonshire,Northamptonshire,NA,NA,NA
13440,1699,1703,NA,London,Middlesex,NA,NA,NA
13442,1698,1703,Ratcliff,Middlesex,Middlesex,Ratcliffe,ID_30177,NA
13455,1701,1703,London,London,Middlesex,NA,NA,NA
13462,1700,1703,Basingstoke,Hampshire,Hampshire,Basingstoke,NA,2707
13476,NA,1704,Chelsea,Middlesex,Middlesex,St Luke Chelsea,ID_30030,NA
13670,1702,1703,Southwark,Surrey,Surrey,NA,NA,NA
13679,NA,1704,London,London,Middlesex,NA,NA,NA
13759,NA,1702,Wapping,Middlesex,Middlesex,St John Wapping,ID_30182,NA
13794,1699,1704,Hexham,Northumberland,Northumberland,Hexham,NA,21410
13872,1699,1704,St Martin in the Fields,Middlesex,Middlesex,St Martin in the Fields,ID_30034,NA
13880,1698,1703,Burmingham,Warwickshire,Warwickshire,NA,NA,NA
13927,1702,1704,Finchley,Middlesex,Middlesex,Finchley,NA,16251
13942,1702,1704,St Giles in the Fields,Middlesex,Middlesex,St Giles in the Fields,ID_30018,NA
13978,1701,1704,Old Hurst,Huntingdonshire,Huntingdonshire,Old Hurst,NA,33841
13990,1702,1704,London,London,Middlesex,NA,NA,NA
14034,1701,1703,Waverton,Cheshire,Cheshire,Waverton,NA,48110
14202,1701,1703,London,London,Middlesex,NA,NA,NA
14250,1698,1703,London,London,Middlesex,NA,NA,NA
14261,1702,1704,Coxlodge,Northumberland,Northumberland,Coxlodge,NA,11238
510,1696,1702,Royston,Hertfordshire,Hertfordshire,Royston,NA,38756
534,1700,1703,London,London,Middlesex,NA,NA,NA
1172,1698,1703,Scattletroop,Yorkshire,Yorkshire,NA,NA,NA
1596,1701,1703,London,London,Middlesex,NA,NA,NA
1857,1700,1702,North Warnborough,Hampshire,Hampshire,North Warnborough,NA,33256
2174,1697,1703,Stamford,Lincolnshire,Lincolnshire,Stamford,NA,42021
2615,1698,1703,Edmonton,Middlesex,Middlesex,Edmonton,NA,14841
3282,1696,1702,Stratford le Bow,Middlesex,Middlesex,NA,NA,NA
3563,1701,1702,Gillingham,Dorset,Dorset,Gillingham,NA,17704
3864,1698,1702,Kirby Bellars,Leicestershire,Leicestershire,Kirby Bellars,NA,24748
4947,1700,1703,Chester,Cheshire,Cheshire,Chester,NA,9035
4994,1698,1703,Ashby Flamville,Leicestershire,Leicestershire,NA,NA,NA
5140,1696,1702,St Mary Magdalen Southwark,Surrey,Surrey,St Mary Magdalen Bermondsey,ID_30004,NA
5310,1701,1703,NA,Surrey,Surrey,NA,NA,NA
6044,1698,1702,London,London,Middlesex,NA,NA,NA
6469,1701,1702,St Dunstan Stepney,Middlesex,Middlesex,St Dunstan Stepney,ID_30169,NA
6517,1697,1702,London,London,Middlesex,NA,NA,NA
7040,1701,1702,London,London,Middlesex,NA,NA,NA
7132,1698,1702,Chatham,Kent,Kent,Chatham,NA,8875
7164,1699,1701,London,London,Middlesex,NA,NA,NA
7285,1700,1703,London,London,Middlesex,NA,NA,NA
7356,1698,1702,Chaddesly,Worcestershire,Worcestershire,NA,NA,NA
7644,1698,1703,St John Wapping,Middlesex,Middlesex,St John Wapping,ID_30182,NA
7842,1702,1703,Sevenoaks,Kent,Kent,Sevenoaks,NA,39780
7857,1698,1702,Covent Garden,Middlesex,Middlesex,St Paul Covent Garden,ID_30031,NA
8052,1698,1702,Tredington,Gloucestershire,Gloucestershire,Tredington,NA,45698
8512,1699,1703,St Margaret Westminster,Middlesex,Middlesex,St Margaret Westminster,ID_127869,NA
8523,1699,1702,Bourton,Gloucestershire,Gloucestershire,NA,NA,NA
9245,1699,1703,Bishop's Stortford,Hertfordshire,Hertfordshire,Bishop's Stortford,NA,3883
9312,1696,1702,Winkfield,Berkshire,Berkshire,Winkfield,NA,50134
10118,1701,1702,St Olave Southwark,Surrey,Surrey,St Olave Southwark,ID_30002,NA
10260,1699,1702,London,London,Middlesex,NA,NA,NA
10656,1701,1702,St Dunstan,London,Middlesex,NA,NA,NA
10785,1697,1703,St Martin in the Fields,Middlesex,Middlesex,St Martin in the Fields,ID_30034,NA
10854,1700,1703,London,London,Middlesex,NA,NA,NA
11240,1701,1703,Enfield,Middlesex,Middlesex,Enfield,NA,15358
11965,1696,1703,London,London,Middlesex,NA,NA,NA
12133,1699,1703,Kingston upon Thames,Surrey,Surrey,Kingston upon Thames,NA,24629
12427,1701,1702,London,London,Middlesex,NA,NA,NA
12859,1701,1703,London,London,Middlesex,NA,NA,NA
13221,1697,1702,Bainton,Oxfordshire,Oxfordshire,Bainton,NA,1987
13404,1699,1703,Sturbridge,Gloucestershire,Gloucestershire,NA,NA,NA
13818,NA,1702,Bloomsbury,Middlesex,Middlesex,St George Bloomsbury,ID_30186,NA
13930,1701,1702,London,London,Middlesex,NA,NA,NA
13968,1701,1703,Little Milton,Oxfordshire,Oxfordshire,Little Milton,NA,26715
14060,1700,1702,St Giles in the Fields,Middlesex,Middlesex,St Giles in the Fields,ID_30018,NA
13,1710,1713,St James Clerkenwell,Middlesex,Middlesex,St James Clerkenwell,ID_127865,NA
15,1700,1704,London,London,Middlesex,NA,NA,NA
67,1701,1705,Bury St Edmonds,Suffolk,Suffolk,Bury St Edmunds,NA,7176
124,1703,1705,Cookfeild,Middlesex,Middlesex,NA,NA,NA
167,1700,1705,London,London,Middlesex,NA,NA,NA
202,1700,1705,Wallingford,Berkshire,Berkshire,Wallingford,NA,47569
273,1703,1704,St Anne Westminster,Middlesex,Middlesex,St Anne Soho,ID_30023,NA
375,1711,1713,Bishop's Stortford,Hertfordshire,Hertfordshire,Bishop's Stortford,NA,3883
410,1702,1704,Worcester,Worcestershire,Worcestershire,Worcester,NA,50943
541,1699,1703,Hampton near Highworth,Wiltshire,Wiltshire,NA,NA,NA
547,1709,1713,Pewstead,Suffolk,Suffolk,NA,NA,NA
568,1701,1705,Ditton,Cambridgeshire,Cambridgeshire,NA,NA,NA
569,1710,1713,Stourbridge,Worcestershire,Worcestershire,Stourbridge,NA,42791
582,1698,1703,Bath,Somerset,Somerset,Bath,NA,2744
639,1695,1704,Malpas,Cheshire,Cheshire,Malpas,NA,29221
869,1703,1705,NA,Surrey,Surrey,NA,NA,NA
917,1699,1704,London,London,Middlesex,NA,NA,NA
1006,1700,1705,Studham,Hertfordshire,Hertfordshire,Studham,NA,63771
1048,1710,1713,St Olave Southwark,Surrey,Surrey,St Olave Southwark,ID_30002,NA
1134,1701,1705,St Olave Southwark,Surrey,Surrey,St Olave Southwark,ID_30002,NA
1174,1711,1712,Stepney,Middlesex,Middlesex,St Dunstan Stepney,ID_30169,NA
1188,1702,1705,Peterborough,Northamptonshire,Northamptonshire,Peterborough,NA,35713
1203,1708,1712,London,London,Middlesex,NA,NA,NA
1282,1699,1703,Overton,Hampshire,Hampshire,Overton,NA,34314
1475,1710,1712,Adley,Suffolk,Suffolk,NA,NA,NA
1555,1707,1712,Oxford,Oxfordshire,Oxfordshire,Oxford,NA,34379
1587,1708,1713,London,London,Middlesex,NA,NA,NA
1614,1711,1712,London,London,Middlesex,NA,NA,NA
1690,1700,1705,Dunstable,Bedfordshire,Bedfordshire,Dunstable,NA,13925
1735,1716,NA,Cheshunt,Hertfordshire,Hertfordshire,Cheshunt,NA,9027
1766,1712,1713,St Clement,Middlesex,Middlesex,St Clement Danes,ID_30015,NA
1803,1701,1705,Ormskirk,Lancashire,Lancashire,Ormskirk,NA,34088
1916,1711,1713,Langton,Cheshire,Cheshire,NA,NA,NA
1927,1710,1712,Oxford,Oxfordshire,Oxfordshire,Oxford,NA,34379
1979,1710,1712,London,London,Middlesex,NA,NA,NA
1984,1700,1704,Placissa,Denbighshire,Denbighshire,NA,NA,NA
2008,1709,1713,Devizes,Wiltshire,Wiltshire,Devizes,NA,13020
2101,1712,1712,St Giles in the Fields,Middlesex,Middlesex,St Giles in the Fields,ID_30018,NA
2315,1699,1703,Maldon,Essex,Essex,Maldon,NA,29199
2389,1712,1713,Arseley,Lancashire,Lancashire,NA,NA,NA
2462,1707,1713,St Margaret Westminster,Middlesex,Middlesex,St Margaret Westminster,ID_127869,NA
2716,1702,1705,Prestwich,Lancashire,Lancashire,Prestwich,NA,36861
2734,1705,1705,St Botolph,London,Middlesex,NA,NA,NA
2748,1700,1705,Aylesbury,Buckinghamshire,Buckinghamshire,Aylesbury,NA,1773
2749,1700,1703,St Mary Magdalen Bermondsey,Surrey,Surrey,St Mary Magdalen Bermondsey,ID_30004,NA
2831,1703,1704,St Mary Overie,Surrey,Surrey,St Saviour Southwark,ID_30001,NA
2872,1707,1713,London,London,Middlesex,NA,NA,NA
3078,1703,1704,Fulham,Middlesex,Middlesex,Fulham,NA,17119
3135,1703,1705,Staverton,Devon,Devon,Staverton,NA,42268
3176,1702,1705,Newport,Isle of Wight,Hampshire,Newport,NA,32577
3208,1702,1705,Stepney,Middlesex,Middlesex,St Dunstan Stepney,ID_30169,NA
3275,1708,1713,London,London,Middlesex,NA,NA,NA
3592,1703,1705,London,London,Middlesex,NA,NA,NA
3603,1700,1704,London,London,Middlesex,NA,NA,NA
3686,1704,1705,Richmond,Surrey,Surrey,Richmond,NA,38028
3691,1703,1705,St Paul Shadwell,Middlesex,Middlesex,St Paul Shadwell,ID_30184,NA
3926,1699,1704,Beeding,Sussex,Sussex,NA,NA,NA
3993,1706,1706,Guildford,Surrey,Surrey,Guildford,NA,19326
4008,1701,1705,Clapham,Surrey,Surrey,Clapham,NA,9592
4141,1711,1712,St Martin in the Fields,Middlesex,Middlesex,St Martin in the Fields,ID_30034,NA
4258,1702,1705,Mortlake,Surrey,Surrey,Mortlake,NA,31205
4296,1700,1705,Croyden,Surrey,Surrey,Croydon,NA,11989
4303,1709,1713,London,London,Middlesex,NA,NA,NA
4309,1708,1713,London,London,Middlesex,NA,NA,NA
4363,1709,1712,St Mary Magdalen Bermondsey,Surrey,Surrey,St Mary Magdalen Bermondsey,ID_30004,NA
4404,1708,1713,Wapping,Middlesex,Middlesex,St John Wapping,ID_30182,NA
4523,1700,1704,St Giles in the Fields,Middlesex,Middlesex,St Giles in the Fields,ID_30018,NA
4583,1707,1712,St John Wapping,Middlesex,Middlesex,St John Wapping,ID_30182,NA
4785,1711,1713,St Botolph without Bishopsgate,London,Middlesex,St Botolph Bishopsgate,ID_127859,NA
4844,1698,1703,Great Leake,Nottinghamshire,Nottinghamshire,NA,NA,NA
4876,1701,1704,St Mary Overie,Surrey,Surrey,St Saviour Southwark,ID_30001,NA
4957,1702,1703,London,London,Middlesex,NA,NA,NA
4967,NA,1703,London,London,Middlesex,NA,NA,NA
4982,1701,1704,St Olave Southwark,Surrey,Surrey,St Olave Southwark,ID_30002,NA
5026,1701,1705,St Paul Shadwell,Middlesex,Middlesex,St Paul Shadwell,ID_30184,NA
5093,1700,1705,St Giles Cripplegate,London,Middlesex,St Giles Cripplegate,ID_30100,NA
5151,1703,1705,London,London,Middlesex,NA,NA,NA
5167,NA,1703,St Botolph Aldersgate,Middlesex,Middlesex,St Botolph Aldersgate,ID_30061,NA
5287,1704,1705,Oxford,Oxfordshire,Oxfordshire,Oxford,NA,34379
5295,1699,1704,Stepney,Middlesex,Middlesex,St Dunstan Stepney,ID_30169,NA
5343,1710,1713,St Mary Magdalen,Surrey,Surrey,St Mary Magdalen Bermondsey,ID_30004,NA
5344,1699,1704,London,London,Middlesex,NA,NA,NA
5381,1702,1705,Gloucester,Gloucestershire,Gloucestershire,Gloucester,NA,17982
5383,1709,1712,Berwick upon Tweed,Northumberland,Northumberland,Berwick upon Tweed,NA,3424
5400,1705,1705,Wheatley,Oxfordshire,Oxfordshire,Wheatley,NA,49287
5404,1709,1712,Bicester,Oxfordshire,Oxfordshire,Bicester,NA,3532
5407,1703,1705,St Clement Danes,Middlesex,Middlesex,St Clement Danes,ID_30015,NA
5487,1709,1713,St Martin in the Fields,Middlesex,Middlesex,St Martin in the Fields,ID_30034,NA
5498,1711,1712,Banbury,Oxfordshire,Oxfordshire,Banbury,NA,2220
5510,1700,1704,Cosgrove,Northamptonshire,Northamptonshire,Cosgrove,NA,10955
5532,1698,1705,North Petherton,Somerset,Somerset,North Petherton,NA,33190
5547,1703,1705,Horsham,Sussex,Sussex,Horsham,NA,22839
5601,1710,1713,St Giles in the Fields,Middlesex,Middlesex,St Giles in the Fields,ID_30018,NA
5682,1700,1704,Norton,Worcestershire,Worcestershire,Norton,NA,NA
5737,1703,1704,St Giles,Middlesex,Middlesex,St Giles in the Fields,ID_30018,NA
5788,1699,1704,London,London,Middlesex,NA,NA,NA
5806,1699,1704,Westminster,Middlesex,Middlesex,NA,NA,NA
5916,1701,1704,NA,Middlesex,Middlesex,NA,NA,NA
6002,1703,1705,Newington,Surrey,Surrey,Newington,NA,32498
6016,1701,1705,St Mary Rotherhithe,Surrey,Surrey,St Mary Rotherhithe,ID_30008,NA
6055,1709,1713,Ashchurch,Gloucestershire,Gloucestershire,Ashchurch,NA,1336
6109,1711,1713,London,London,Middlesex,NA,NA,NA
6131,1701,1705,London,London,Middlesex,NA,NA,NA
6185,1701,1703,St Botolph Aldgate,London,Middlesex,St Botolph Aldgate,ID_30153,NA
6200,1711,1712,London,London,Middlesex,NA,NA,NA
6215,1709,1712,London,London,Middlesex,NA,NA,NA
6265,1701,1705,London,London,Middlesex,NA,NA,NA
6296,1708,1713,Beddington,Surrey,Surrey,Beddington,NA,3000
6392,1699,1705,Measham,Derbyshire,Derbyshire,NA,NA,NA
6422,1702,1705,"Jewin Street, Cripplegate",London,Middlesex,St Giles Cripplegate,ID_30100,NA
6425,1702,1705,Cripplegate,London,Middlesex,St Giles Cripplegate,ID_30100,NA
6533,1702,1705,Rotherhithe,Surrey,Surrey,St Mary Rotherhithe,ID_30008,NA
6536,1707,1713,Beddington,Surrey,Surrey,Beddington,NA,3000
6560,1703,1704,Whitechapel,Middlesex,Middlesex,St Mary Whitechapel,ID_127867,NA
6561,1703,1704,Whitechapel,Middlesex,Middlesex,St Mary Whitechapel,ID_127867,NA
6608,1701,1705,London,London,Middlesex,NA,NA,NA
6672,1706,1713,Whitechapel,Middlesex,Middlesex,St Mary Whitechapel,ID_127867,NA
6693,1709,1713,Quainton,Buckinghamshire,Buckinghamshire,Quainton,NA,37109
6703,1699,1705,London,London,Middlesex,NA,NA,NA
6824,1708,1713,St Botolph Aldersgate,London,Middlesex,St Botolph Aldersgate,ID_30061,NA
6885,1700,1703,Hacklestone,Wiltshire,Wiltshire,NA,NA,NA
6976,1707,1712,Hertford,Hertfordshire,Hertfordshire,Hertford,NA,21349
6982,1702,1705,London,London,Middlesex,NA,NA,NA
7001,1697,1704,Canterbury,Kent,Kent,Canterbury,NA,7771
7072,1708,1713,London,London,Middlesex,NA,NA,NA
7173,1707,1712,Abergavenny,Monmouthshire,Monmouthshire,Abergavenny,NA,146
7181,1699,1704,Hampstead,Middlesex,Middlesex,Hampstead,NA,19944
7236,NA,1703,London,London,Middlesex,NA,NA,NA
7257,1700,1705,London,London,Middlesex,NA,NA,NA
7266,1701,1704,London,London,Middlesex,NA,NA,NA
7311,1707,1713,Hitchin,Hertfordshire,Hertfordshire,Hitchin,NA,22136
7312,1708,1713,St Albans,Hertfordshire,Hertfordshire,St Albans,NA,41656
7319,1707,1713,Deptford,Kent,Kent,Deptford,NA,12973
7390,1704,1705,London,London,Middlesex,NA,NA,NA
7442,1701,1703,St Sepulchre,Middlesex,Middlesex,St Sepulchre,ID_30058,NA
7542,1699,1703,London,London,Middlesex,NA,NA,NA
7599,1701,1705,Stepney,Middlesex,Middlesex,St Dunstan Stepney,ID_30169,NA
7647,1703,1704,Stepney,Middlesex,Middlesex,St Dunstan Stepney,ID_30169,NA
7655,1703,1705,Whitechapel,Middlesex,Middlesex,St Mary Whitechapel,ID_127867,NA
7665,1709,1713,St Andrew Holborn,Middlesex,Middlesex,St Andrew Holborn,ID_127848,NA
7685,1698,1703,Chertsey on Thames,Surrey,Surrey,NA,NA,NA
7707,1711,1712,Peterborough,Northamptonshire,Northamptonshire,Peterborough,NA,35713
7754,1700,1705,Westminster,Middlesex,Middlesex,NA,NA,NA
7762,1700,1705,St Dunstan Stepney,Middlesex,Middlesex,St Dunstan Stepney,ID_30169,NA
7841,1708,1712,St Margaret Westminster,Middlesex,Middlesex,St Margaret Westminster,ID_127869,NA
7873,1701,1705,St Botolph Aldersgate,London,Middlesex,St Botolph Aldersgate,ID_30061,NA
7878,1703,1705,Shrewsbury,Shropshire,Shropshire,Shrewsbury,NA,40345
7920,1711,1713,Tottenham High Cross,Middlesex,Middlesex,Tottenham,NA,45333
7996,1700,1704,Westminster,Middlesex,Middlesex,NA,NA,NA
8077,1700,1705,Ramsbury,Hampshire,Hampshire,NA,NA,NA
8079,1702,1705,Stepney,Middlesex,Middlesex,St Dunstan Stepney,ID_30169,NA
8095,1700,1704,London,London,Middlesex,NA,NA,NA
8175,1708,1713,St Mary Whitechapel,Middlesex,Middlesex,St Mary Whitechapel,ID_127867,NA
8192,1704,1705,Rotherhithe,Surrey,Surrey,St Mary Rotherhithe,ID_30008,NA
8199,1709,1713,Walthamstow,Essex,Essex,Walthamstow,NA,47645
8256,1700,1705,Egham,Surrey,Surrey,Egham,NA,14901
8259,1702,1705,Wood Street,London,Middlesex,NA,NA,NA
8340,1710,1712,London,London,Middlesex,NA,NA,NA
8522,1709,1712,Haseley,Oxfordshire,Oxfordshire,NA,NA,NA
8541,1708,1712,Southwark,Surrey,Surrey,NA,NA,NA
8545,1697,1703,Waterlock,Oxfordshire,Oxfordshire,NA,NA,NA
8546,1702,1703,Old Street,Middlesex,Middlesex,NA,NA,NA
8588,1703,1705,London,London,Middlesex,NA,NA,NA
8612,1699,1704,NA,Surrey,Surrey,NA,NA,NA
8690,1711,1713,Oakingham,Berkshire,Berkshire,Oakingham,NA,NA
8739,1700,1703,Chatham,Kent,Kent,Chatham,NA,8875
8786,1707,1713,Abergavenny,Monmouthshire,Monmouthshire,Abergavenny,NA,146
8823,NA,1704,London,London,Middlesex,NA,NA,NA
8906,1707,1713,Swindon,Wiltshire,Wiltshire,Swindon,NA,43547
8925,1701,1705,Poplar,Middlesex,Middlesex,Poplar,ID_30173,NA
8960,1699,1704,London,London,Middlesex,NA,NA,NA
8966,1699,1705,Piccadilly,Middlesex,Middlesex,NA,NA,NA
9018,1701,1703,St Leonard Shoreditch,Middlesex,Middlesex,St Leonard Shoreditch,ID_30170,NA
9057,1703,1705,Chelmsford,Essex,Essex,Chelmsford,NA,8959
9221,1699,1705,London,London,Middlesex,NA,NA,NA
9246,1702,1705,London,London,Middlesex,NA,NA,NA
9560,1703,1705,London,London,Middlesex,NA,NA,NA
9579,1708,1712,London,London,Middlesex,NA,NA,NA
9609,1700,1705,Stepney,Middlesex,Middlesex,St Dunstan Stepney,ID_30169,NA
9611,1700,1704,Topsham,Devon,Devon,Topsham,NA,45231
9668,1705,1705,Stepney,Middlesex,Middlesex,St Dunstan Stepney,ID_30169,NA
10015,1711,1713,Alderkirk,Lincolnshire,Lincolnshire,NA,NA,NA
10163,1707,1712,London,London,Middlesex,NA,NA,NA
10175,1702,1705,Sandy,Bedfordshire,Bedfordshire,Sandy,NA,39268
10282,1700,1704,St Giles,Middlesex,Middlesex,St Giles in the Fields,ID_30018,NA
10334,1710,1712,Daventry,Northamptonshire,Northamptonshire,Daventry,NA,12699
10397,1707,1712,St Andrew Holborn,Middlesex,Middlesex,St Andrew Holborn,ID_127848,NA
10461,1711,1712,London,London,Middlesex,NA,NA,NA
10494,1703,1705,NA,Middlesex,Middlesex,NA,NA,NA
10514,1705,1705,London,London,Middlesex,NA,NA,NA
10587,1703,1705,London,London,Middlesex,NA,NA,NA
10588,1705,1705,London,London,Middlesex,NA,NA,NA
10589,NA,1705,London,London,Middlesex,NA,NA,NA
10674,1704,1704,Hampton,Middlesex,Middlesex,Hampton,NA,19954
10693,1702,1703,London,London,Middlesex,NA,NA,NA
10729,1699,1705,St Saviour Southwark,Surrey,Surrey,St Saviour Southwark,ID_30001,NA
10735,1700,1705,St Martin in the Fields,Middlesex,Middlesex,St Martin in the Fields,ID_30034,NA
10745,1701,1705,St James Westminster,Middlesex,Middlesex,St James Westminster,ID_30024,NA
10837,1702,1705,Wotton under Edge,Gloucestershire,Gloucestershire,Wotton under Edge,NA,51055
10842,1701,1703,London,London,Middlesex,NA,NA,NA
10858,1707,1713,St Andrew Holborn,Middlesex,Middlesex,St Andrew Holborn,ID_127848,NA
10908,1699,1704,Reading,Berkshire,Berkshire,Reading,NA,37532
10932,1699,1703,London,London,Middlesex,NA,NA,NA
11005,1703,1705,Shadwell,Middlesex,Middlesex,St Paul Shadwell,ID_30184,NA
11011,1701,1705,London,London,Middlesex,NA,NA,NA
11026,1708,1713,St Olave Southwark,Surrey,Surrey,St Olave Southwark,ID_30002,NA
11034,1701,1704,St Andrew Holborn,Middlesex,Middlesex,St Andrew Holborn,ID_127848,NA
11114,1699,1703,St Mark,Yorkshire,Yorkshire,NA,NA,NA
11166,1705,1705,St James Clerkenwell,Middlesex,Middlesex,St James Clerkenwell,ID_127865,NA
11233,1701,1705,Bedford,Bedfordshire,Bedfordshire,Bedford,NA,3009
11245,1711,1713,Bampton,Oxfordshire,Oxfordshire,Bampton,NA,2215
11294,1700,1704,Widford,Essex,Essex,Widford,NA,49782
11302,1708,1712,St Andrew Holborn,Middlesex,Middlesex,St Andrew Holborn,ID_127848,NA
11304,1710,1713,Bensworth,Worcestershire,Worcestershire,NA,NA,NA
11308,1701,1704,Backworth,Northumberland,Northumberland,Backworth,NA,1855
11495,1700,1704,Edmonton,Middlesex,Middlesex,Edmonton,NA,14841
11504,1703,1705,Lambeth,Surrey,Surrey,St Mary Lambeth,ID_127857,NA
11551,1704,1705,London,London,Middlesex,NA,NA,NA
11560,1702,1705,Hamerton,Huntingdonshire,Huntingdonshire,Hamerton,NA,19905
11595,1704,1705,NA,Shropshire,Shropshire,NA,NA,NA
11610,1705,1705,London,London,Middlesex,NA,NA,NA
11673,1705,1705,London,London,Middlesex,NA,NA,NA
11725,1703,1705,Hitchin,Hertfordshire,Hertfordshire,Hitchin,NA,22136
11817,1711,1712,Hampton,Middlesex,Middlesex,Hampton,NA,19954
11822,1709,1712,Leckhampstead,Berkshire,Berkshire,Leckhampstead,NA,25871
11859,1702,1704,London,London,Middlesex,NA,NA,NA
11883,1703,1705,Cookfield,Sussex,Sussex,NA,NA,NA
11887,1707,1712,Southwark,Surrey,Surrey,NA,NA,NA
11944,1712,1712,Oxford,Oxfordshire,Oxfordshire,Oxford,NA,34379
11988,1700,1704,London,London,Middlesex,NA,NA,NA
12092,1702,1705,London,London,Middlesex,NA,NA,NA
12143,1702,1705,Mile End,Middlesex,Middlesex,Mile End New Town,ID_30172,NA
12162,1707,1713,Towcester,Northamptonshire,Northamptonshire,Towcester,NA,45363
12187,1710,1713,St Mary Magdalen Bermondsey,Surrey,Surrey,St Mary Magdalen Bermondsey,ID_30004,NA
12216,1709,1713,Gravesend,Kent,Kent,Gravesend,NA,18502
12270,1708,1712,Newport,Isle of Wight,Hampshire,Newport,NA,32577
12272,1701,1704,NA,Buckinghamshire,Buckinghamshire,NA,NA,NA
12289,1702,1705,London,London,Middlesex,NA,NA,NA
12295,1709,1712,Leigh,Dorset,Dorset,NA,NA,NA
12341,1699,1702,Norland Town,Yorkshire,Yorkshire,Norland Town,NA,32930
12379,1711,1713,Gainsborough,Rutland,Rutland,NA,NA,NA
12399,1709,1713,St Martin in the Fields,Middlesex,Middlesex,St Martin in the Fields,ID_30034,NA
12405,1704,1705,St James Clerkenwell,Middlesex,Middlesex,St James Clerkenwell,ID_127865,NA
12419,1710,1712,London,London,Middlesex,NA,NA,NA
12452,1704,1705,Greenwich,Kent,Kent,Greenwich,NA,19085
12465,1700,1704,London,London,Middlesex,NA,NA,NA
12486,1704,1705,Braswell,Warwickshire,Warwickshire,NA,NA,NA
12501,1711,1712,Cirencester,Gloucestershire,Gloucestershire,Cirencester,NA,9528
12543,1708,1713,London,London,Middlesex,NA,NA,NA
12560,1700,1705,London,London,Middlesex,NA,NA,NA
12575,1701,1704,Worcester,Worcestershire,Worcestershire,Worcester,NA,50943
12619,1704,1705,NA,Gloucestershire,Gloucestershire,NA,NA,NA
12684,1701,1705,NA,Surrey,Surrey,NA,NA,NA
12738,1701,1704,Doctors' Commons,London,Middlesex,St Benet Paul's Wharf,ID_30062,NA
12762,1701,1705,White,Wiltshire,Wiltshire,NA,NA,NA
12769,1708,1712,Abingdon,Berkshire,Berkshire,Abingdon,NA,287768
12820,1699,1705,London,London,Middlesex,NA,NA,NA
12867,1709,1713,London,London,Middlesex,NA,NA,NA
12877,1699,1703,Wapping,Middlesex,Middlesex,St John Wapping,ID_30182,NA
12879,1707,1713,Cirencester,Gloucestershire,Gloucestershire,Cirencester,NA,9528
12920,1711,1713,St Dunstan Stepney,Middlesex,Middlesex,St Dunstan Stepney,ID_30169,NA
12951,1698,1705,London,London,Middlesex,NA,NA,NA
12985,1711,1713,Burton Lazars,Leicestershire,Leicestershire,Burton Lazars,NA,7135
13058,1699,1705,Stanwell,Middlesex,Middlesex,Stanwell,NA,42176
13071,1701,1705,Abingdon,Berkshire,Berkshire,Abingdon,NA,287768
13110,1700,1704,Isleworth,Middlesex,Middlesex,Isleworth,NA,23751
13151,1709,1712,St Giles in the Fields,Middlesex,Middlesex,St Giles in the Fields,ID_30018,NA
13212,1702,1705,Twyning,Gloucestershire,Gloucestershire,Twyning,NA,46495
13265,1710,1712,Old Malton,Yorkshire,Yorkshire,Old Malton,NA,33855
13383,NA,1705,Dorchester,Northamptonshire,Northamptonshire,NA,NA,NA
13466,1698,1704,St Giles in the Fields,Middlesex,Middlesex,St Giles in the Fields,ID_30018,NA
13623,1702,1705,St Margaret Westminster,Middlesex,Middlesex,St Margaret Westminster,ID_127869,NA
13639,1702,1705,Coopersale,Essex,Essex,Coopersale,NA,289399
13651,1700,1705,London,London,Middlesex,NA,NA,NA
13762,1711,1713,London,London,Middlesex,NA,NA,NA
13917,1709,1713,Bray,Berkshire,Berkshire,Bray,NA,5428
13936,1709,1713,Cirencester,Gloucestershire,Gloucestershire,Cirencester,NA,9528
13943,1701,1703,London,London,Middlesex,NA,NA,NA
13946,1704,1705,Oxford,Oxfordshire,Oxfordshire,Oxford,NA,34379
14053,1712,1713,Reading,Berkshire,Berkshire,Reading,NA,37532
14135,1705,1705,London,London,Middlesex,NA,NA,NA
14270,1700,1705,St Martin in the Fields,Middlesex,Middlesex,St Martin in the Fields,ID_30034,NA
275,1703,1704,NA,Essex,Essex,NA,NA,NA
473,1701,1704,St Margaret Westminster,Middlesex,Middlesex,St Margaret Westminster,ID_127869,NA
1036,1702,1704,Chalford,Gloucestershire,Gloucestershire,Chalford,NA,8619
1461,1699,1704,Lavenham,Suffolk,Suffolk,Lavenham,NA,25696
1481,1703,1704,St Giles in the Fields,Middlesex,Middlesex,St Giles in the Fields,ID_30018,NA
1754,1702,1704,Evesham,Worcestershire,Worcestershire,Evesham,NA,15549
1831,1699,1704,Fole,Staffordshire,Staffordshire,Fole,NA,16537
1987,1700,1704,London,London,Middlesex,NA,NA,NA
1995,1702,1704,London,London,Middlesex,NA,NA,NA
2244,1702,1704,Newcastle upon Tyne,Northumberland,Northumberland,Newcastle upon Tyne,NA,32435
2458,1699,1704,London,London,Middlesex,NA,NA,NA
2618,1702,1704,London,London,Middlesex,NA,NA,NA
2710,1700,1704,Shoreditch,Middlesex,Middlesex,St Leonard Shoreditch,ID_30170,NA
3118,1702,1704,Hare Street,London,Middlesex,St Matthew Bethnal Green,ID_30171,NA
3183,1699,1704,Wellingborough,Northamptonshire,Northamptonshire,Wellingborough,NA,48267
3689,1702,1704,London,London,Middlesex,NA,NA,NA
3919,1702,1704,St John Wapping,Middlesex,Middlesex,St John Wapping,ID_30182,NA
4188,1703,1704,Sherborne,Dorset,Dorset,Sherborne,NA,40076
4204,1700,1704,Edmonton,Middlesex,Middlesex,Edmonton,NA,14841
4886,1699,1704,London,London,Middlesex,NA,NA,NA
4973,1700,1704,Rosemary Lane,Middlesex,Middlesex,St Botolph Aldgate,ID_30153,NA
5033,1703,1704,Stepney,Middlesex,Middlesex,St Dunstan Stepney,ID_30169,NA
5212,1699,1704,St Andrew Wardrobe,London,Middlesex,St Andrew by the Wardrobe,ID_30056,NA
5513,1702,1704,London,London,Middlesex,NA,NA,NA
5567,1697,1704,Ewelme,Oxfordshire,Oxfordshire,Ewelme,NA,15559
5636,1699,1704,Queniborough,Leicestershire,Leicestershire,Queniborough,NA,37187
5850,1701,1704,London,London,Middlesex,NA,NA,NA
6282,1702,1704,St Giles in the Fields,Middlesex,Middlesex,St Giles in the Fields,ID_30018,NA
6858,1698,1704,Sevenoaks,Kent,Kent,Sevenoaks,NA,39780
7126,1701,1704,Ratcliff,Middlesex,Middlesex,Ratcliffe,ID_30177,NA
7156,1700,1704,London,London,Middlesex,NA,NA,NA
7205,1700,1704,Charlwood,Surrey,Surrey,Charlwood,NA,8832
7430,1702,1704,St Mary Magdalen Bermondsey,Surrey,Surrey,St Mary Magdalen Bermondsey,ID_30004,NA
7627,1701,1704,St Giles in the Fields,Middlesex,Middlesex,St Giles in the Fields,ID_30018,NA
8279,1701,1704,London,London,Middlesex,NA,NA,NA
8564,1701,1704,Stretton,Herefordshire,Herefordshire,NA,NA,NA
8789,1701,1704,London,London,Middlesex,NA,NA,NA
8899,1701,1704,Ffestiniog,Merionethshire,Merionethshire,Ffestiniog,NA,16145
9266,1703,1704,London,London,Middlesex,NA,NA,NA
9348,1703,1704,London,London,Middlesex,NA,NA,NA
9437,1702,1704,Lambeth,Surrey,Surrey,St Mary Lambeth,ID_127857,NA
9618,1702,1704,St Saviour Southwark,Surrey,Surrey,St Saviour Southwark,ID_30001,NA
9665,1701,1704,St Martin in the Fields,Middlesex,Middlesex,St Martin in the Fields,ID_30034,NA
10407,1699,1704,Twickenham,Middlesex,Middlesex,Twickenham,NA,46439
10447,1701,1704,Clerkenwell,Middlesex,Middlesex,St James Clerkenwell,ID_127865,NA
10516,1698,1704,Uxbridge,Middlesex,Middlesex,Uxbridge,NA,47245
10534,1699,1704,Shadwell,Middlesex,Middlesex,St Paul Shadwell,ID_30184,NA
10802,1701,1704,Gravesend,Kent,Kent,Gravesend,NA,18502
10992,1699,1704,Henley,Oxfordshire,Oxfordshire,Henley on Thames,NA,21225
11396,1699,1704,Betchworth,Surrey,Surrey,Betchworth,NA,3446
11431,1702,1704,Rochester,Kent,Kent,Rochester,NA,38282
11453,1702,1704,Guildford,Surrey,Surrey,Guildford,NA,19326
11656,1698,1704,Stebbing,Essex,Essex,Stebbing,NA,42285
11756,1702,1704,St Dunstan in the West,London,Middlesex,St Dunstan in the West,ID_127855,NA
11777,1703,1704,NA,Suffolk,Suffolk,NA,NA,NA
11975,1702,1704,St Katherine,Middlesex,Middlesex,Precinct of St Katherine,ID_30181,NA
12035,1698,1704,Christ Church,Surrey,Surrey,Christchurch Southwark,ID_30000,NA
12324,1701,1704,St Botolph Bishopsgate,Middlesex,Middlesex,St Botolph Bishopsgate,ID_127859,NA
12428,1701,1704,London,London,Middlesex,NA,NA,NA
12456,1701,1704,St Margaret Westminster,Middlesex,Middlesex,St Margaret Westminster,ID_127869,NA
12491,1702,1704,London,London,Middlesex,NA,NA,NA
12639,1703,1704,St Andrew Undershaft,London,Middlesex,St Andrew Undershaft,ID_30152,NA
13129,1698,1704,Mansfield,Nottinghamshire,Nottinghamshire,Mansfield,NA,29320
697,1702,1703,London,London,Middlesex,NA,NA,NA
896,1698,1703,Berkeley,Gloucestershire,Gloucestershire,Berkeley,NA,3359
1552,1703,1704,East Smithfield,Middlesex,Middlesex,St Botolph Aldgate,ID_30153,NA
1700,1702,1704,Reading,Berkshire,Berkshire,Reading,NA,37532
1978,1699,1703,Clapham,Surrey,Surrey,Clapham,NA,9592
2007,1702,1704,Bury,Suffolk,Suffolk,NA,NA,NA
2107,1703,1703,Upper Molesey,Surrey,Surrey,NA,NA,NA
2117,1701,1704,Atcham,Shropshire,Shropshire,Atcham,NA,1598
2307,1703,1704,Tower Hill,Middlesex,Middlesex,The Tower,ID_127864,NA
2375,1700,1704,Holbeach,Lincolnshire,Lincolnshire,Holbeach,NA,22228
2408,1701,1704,London,London,Middlesex,NA,NA,NA
2811,1698,1704,Chester,Cheshire,Cheshire,Chester,NA,9035
2969,1699,1703,Great Staughton,Huntingdonshire,Huntingdonshire,Great Staughton,NA,18727
3381,1701,1704,St Paul Shadwell,Middlesex,Middlesex,St Paul Shadwell,ID_30184,NA
3446,1702,1703,Farnham,Surrey,Surrey,Farnham,NA,15845
4130,1701,1703,London,London,Middlesex,NA,NA,NA
5017,1699,1703,Alton,Hampshire,Hampshire,Alton,NA,794
5041,1701,1703,Stradhook,Suffolk,Suffolk,NA,NA,NA
5478,1699,1703,Portsmouth,Hampshire,Hampshire,Portsmouth,NA,36626
5667,1702,1704,"Foxhall, Lambeth",Surrey,Surrey,St Mary Lambeth,ID_127857,NA
5972,1699,1704,London,London,Middlesex,NA,NA,NA
6581,1701,1704,St Olave Southwark,Surrey,Surrey,St Olave Southwark,ID_30002,NA
6589,1697,1704,York,Yorkshire,Yorkshire,York,NA,51511
6678,1702,1704,London,London,Middlesex,NA,NA,NA
6771,1700,1703,Whitechapel,Middlesex,Middlesex,St Mary Whitechapel,ID_127867,NA
6773,1703,1704,Baldock,Hertfordshire,Hertfordshire,Baldock,NA,2034
7088,1702,1704,London,London,Middlesex,NA,NA,NA
7250,1701,1703,Wantage,Berkshire,Berkshire,Wantage,NA,47728
7446,1699,1704,London,London,Middlesex,NA,NA,NA
7565,1699,1704,Deptford,Kent,Kent,Deptford,NA,12973
7962,1703,1704,Stanton,Herefordshire,Herefordshire,NA,NA,NA
8183,1701,1703,London,London,Middlesex,NA,NA,NA
8443,1702,1703,Reigate,Surrey,Surrey,Reigate,NA,37688
8572,1703,1704,Burford,Oxfordshire,Oxfordshire,Burford,NA,6867
8819,1701,1703,Tamworth,Warwickshire,Warwickshire,Tamworth,NA,43773
8879,1702,1704,London,London,Middlesex,NA,NA,NA
8943,1698,1703,Newcastle upon Tyne,Northumberland,Northumberland,Newcastle upon Tyne,NA,32435
9178,1700,1703,London,London,Middlesex,NA,NA,NA
9612,1698,1704,London,London,Middlesex,NA,NA,NA
9654,1703,NA,Norwich,Norfolk,Norfolk,Norwich,NA,33455
10026,1701,1704,Newcastle upon Tyne,Northumberland,Northumberland,Newcastle upon Tyne,NA,32435
10285,1704,1704,Southwark,Surrey,Surrey,NA,NA,NA
10742,1703,1704,London,London,Middlesex,NA,NA,NA
10987,1702,1703,NA,Berkshire,Berkshire,NA,NA,NA
11452,1701,1704,Burford,Oxfordshire,Oxfordshire,Burford,NA,6867
11645,1701,1703,St James Westminster,Middlesex,Middlesex,St James Westminster,ID_30024,NA
11677,1702,1703,London,London,Middlesex,NA,NA,NA
11731,1700,1703,Flitwick,Bedfordshire,Bedfordshire,Flitwick,NA,16474
11770,1696,1704,St Thomas Southwark,Surrey,Surrey,St Thomas,ID_30007,NA
11803,1702,1704,Enfield,Middlesex,Middlesex,Enfield,NA,15358
11906,1702,1704,London,London,Middlesex,NA,NA,NA
12119,1696,1704,London,London,Middlesex,NA,NA,NA
12537,1701,1703,Arundel,Sussex,Sussex,Arundel,NA,1268
12565,1698,1703,Sapsworth,Hertfordshire,Hertfordshire,NA,NA,NA
12713,1701,1704,London,London,Middlesex,NA,NA,NA
12807,1702,1703,London,London,Middlesex,NA,NA,NA
12977,1697,1703,London,London,Middlesex,NA,NA,NA
13493,1703,1704,Enfield,Middlesex,Middlesex,Enfield,NA,15358
13851,1700,1703,Falmouth,Cornwall,Cornwall,Falmouth,NA,15737
13863,1702,1703,St Botolph Aldgate,London,Middlesex,St Botolph Aldgate,ID_30153,NA
14251,1702,1703,St James Westminster,Middlesex,Middlesex,St James Westminster,ID_30024,NA
555,1701,1705,London,London,Middlesex,NA,NA,NA
1017,1702,1705,St Botolph Bishopsgate,London,Middlesex,St Botolph Bishopsgate,ID_127859,NA
1063,1698,1705,London,London,Middlesex,NA,NA,NA
2143,1701,1705,Northampton,Northamptonshire,Northamptonshire,Northampton,NA,33285
2231,1698,1703,Ludlow,Shropshire,Shropshire,Ludlow,NA,28779
2355,1697,1703,Shadwell,Middlesex,Middlesex,St Paul Shadwell,ID_30184,NA
2358,1701,1705,London,London,Middlesex,NA,NA,NA
2875,1702,1705,Chiseldon,Wiltshire,Wiltshire,Chiseldon,NA,9229
3087,1703,1705,Stansted Montfichet,Essex,Essex,NA,NA,NA
3189,1703,1705,Corsham,Wiltshire,Wiltshire,Corsham,NA,10931
3297,1700,1703,Windsor,Berkshire,Berkshire,Windsor,NA,50086
3404,1701,1705,Shadwell,Middlesex,Middlesex,St Paul Shadwell,ID_30184,NA
3898,1703,1703,Norton Folgate,Middlesex,Middlesex,Liberty of Norton Folgate,ID_127860,NA
3902,1702,1705,Cambridge,Cambridgeshire,Cambridgeshire,Cambridge,NA,7642
4311,1702,1703,Isle of Ely,Cambridgeshire,Cambridgeshire,Ely,NA,15168
4333,1700,1703,London,London,Middlesex,NA,NA,NA
4784,1701,1705,Waldron,Sussex,Sussex,Waldron,NA,47493
4996,1703,1705,Deptford,Kent,Kent,Deptford,NA,12973
5437,1701,1703,London,London,Middlesex,NA,NA,NA
5651,1700,1705,London,London,Middlesex,NA,NA,NA
5680,1701,1703,Newport Pagnell,Essex,Essex,NA,NA,NA
5710,1700,1705,London,London,Middlesex,NA,NA,NA
6500,1701,1705,St Giles,Middlesex,Middlesex,St Giles in the Fields,ID_30018,NA
6918,1700,1703,London,London,Middlesex,NA,NA,NA
7026,1697,1703,London,London,Middlesex,NA,NA,NA
7630,1700,1705,Newton Longville,Buckinghamshire,Buckinghamshire,Newton Longville,NA,32680
7986,1700,1703,London,London,Middlesex,NA,NA,NA
8273,1701,1705,London,London,Middlesex,NA,NA,NA
8286,1701,1703,Bermondsey,Surrey,Surrey,St Mary Magdalen Bermondsey,ID_30004,NA
8993,1697,1703,Harston,Cambridgeshire,Cambridgeshire,Harston,NA,20326
9053,1702,1703,London,London,Middlesex,NA,NA,NA
10233,1701,1703,St Sepulchre,Middlesex,Middlesex,St Sepulchre,ID_30058,NA
10280,1698,1703,St Clement Danes,Middlesex,Middlesex,St Clement Danes,ID_30015,NA
10411,1700,NA,St Olave Southwark,Surrey,Surrey,St Olave Southwark,ID_30002,NA
10586,1699,1703,Peckham,Surrey,Surrey,Peckham,NA,34933
10662,1699,1703,St Andrew Holborn,Middlesex,Middlesex,St Andrew Holborn,ID_127848,NA
10937,1701,1703,St Leonard Shoreditch,Middlesex,Middlesex,St Leonard Shoreditch,ID_30170,NA
11209,1701,1703,London,London,Middlesex,NA,NA,NA
11416,1699,1703,Bath,Somerset,Somerset,Bath,NA,2744
11609,1699,1703,St Pancras,Middlesex,Middlesex,St Pancras Middlesex,ID_127871,NA
11929,1699,1705,St Gregory,London,Middlesex,St Gregory by St Paul's,ID_30067,NA
12053,1702,1703,London,London,Middlesex,NA,NA,NA
12250,1700,1703,Poultry,London,Middlesex,NA,NA,NA
12278,1699,1703,London,London,Middlesex,NA,NA,NA
12593,1701,1703,St Albans,Hertfordshire,Hertfordshire,St Albans,NA,41656
12796,1700,1703,Stepney,Middlesex,Middlesex,St Dunstan Stepney,ID_30169,NA
12874,1702,1705,London,London,Middlesex,NA,NA,NA
12958,1703,1705,Standon,Staffordshire,Staffordshire,Standon,NA,42053
13177,1699,1703,Liddington,Wiltshire,Wiltshire,Liddington,NA,26203
13209,1703,1705,London,London,Middlesex,NA,NA,NA
13216,1700,1703,St Paul Shadwell,Middlesex,Middlesex,St Paul Shadwell,ID_30184,NA
13658,1702,1703,Stepney,Middlesex,Middlesex,St Dunstan Stepney,ID_30169,NA
13728,1702,1703,Thame,Oxfordshire,Oxfordshire,Thame,NA,44078
14050,1701,1703,Drayton,Middlesex,Middlesex,NA,NA,NA
14086,1703,1703,St Mary Rotherhithe,Kent,Kent,NA,NA,NA
14093,1697,1703,Newington Butts,Surrey,Surrey,Newington,ID_30005,NA
130,1702,1704,St Saviour Southwark,Surrey,Surrey,St Saviour Southwark,ID_30001,NA
520,1699,1705,Leominster,Herefordshire,Herefordshire,Leominster,NA,26048
635,1702,1704,Blackfriars,London,Middlesex,St Anne Blackfriars,ID_30055,NA
810,1699,1704,Torpenhow,Cumberland,Cumberland,Torpenhow,NA,45257
1038,1702,1705,St Giles in the Fields,Middlesex,Middlesex,St Giles in the Fields,ID_30018,NA
1118,1700,1704,St Giles without Cripplegate,London,Middlesex,St Giles Cripplegate,ID_30100,NA
1178,1701,1704,York,Yorkshire,Yorkshire,York,NA,51511
1243,1702,1705,Tinmouth,Northamptonshire,Northamptonshire,NA,NA,NA
1280,1702,1705,Burlingham,Worcestershire,Worcestershire,NA,NA,NA
1440,1704,1704,Whitechapel,Middlesex,Middlesex,St Mary Whitechapel,ID_127867,NA
1447,1703,1704,Orchester,Bedfordshire,Bedfordshire,NA,NA,NA
1565,1701,1705,London,London,Middlesex,NA,NA,NA
1788,1701,1705,London,London,Middlesex,NA,NA,NA
1983,1702,1705,London,London,Middlesex,NA,NA,NA
2268,1703,1705,London,London,Middlesex,NA,NA,NA
2289,1701,1705,London,London,Middlesex,NA,NA,NA
2436,1697,1704,St Martin Westminster,Middlesex,Middlesex,St Martin in the Fields,ID_30034,NA
2579,1700,1704,Gainsborough,Lincolnshire,Lincolnshire,Gainsborough,NA,17231
2598,1702,1705,Bury St Edmonds,Suffolk,Suffolk,Bury St Edmunds,NA,7176
2698,1702,1705,London,London,Middlesex,NA,NA,NA
2751,1702,1705,St Bride,London,Middlesex,St Bride,ID_30049,NA
2882,1702,1705,St Andrew Holborn,Middlesex,Middlesex,St Andrew Holborn,ID_127848,NA
3129,1702,1704,St Albans,Hertfordshire,Hertfordshire,St Albans,NA,41656
3131,1700,1704,Newcastle upon Tyne,Northumberland,Northumberland,Newcastle upon Tyne,NA,32435
3290,1700,1705,Deptford,Kent,Kent,Deptford,NA,12973
3528,1701,1704,London,London,Middlesex,NA,NA,NA
3554,1701,1705,St Thomas Southwark,Surrey,Surrey,St Thomas,ID_30007,NA
3747,1698,1704,Purton,Wiltshire,Wiltshire,Purton,NA,37020
3913,1702,1705,Kingston upon Thames,Surrey,Surrey,Kingston upon Thames,NA,24629
3964,1700,1705,Stepney,Middlesex,Middlesex,St Dunstan Stepney,ID_30169,NA
4112,1701,1704,London,London,Middlesex,NA,NA,NA
4153,1698,1705,St Giles,Middlesex,Middlesex,St Giles in the Fields,ID_30018,NA
4269,1701,1704,London,London,Middlesex,NA,NA,NA
4439,1699,1705,London,London,Middlesex,NA,NA,NA
4505,1703,1705,St Olave Southwark,Surrey,Surrey,St Olave Southwark,ID_30002,NA
4591,1701,1705,Wood Eaton,Oxfordshire,Oxfordshire,NA,NA,NA
4645,1702,1704,Wakefield,Yorkshire,Yorkshire,Wakefield,NA,47455
4708,1703,1706,London,London,Middlesex,NA,NA,NA
5262,1701,1704,London,London,Middlesex,NA,NA,NA
5451,1700,1705,Stoke,Suffolk,Suffolk,Stoke,NA,42519
5583,1702,1704,St Sepulchre,London,Middlesex,St Sepulchre,ID_30058,NA
5977,1702,1705,London,London,Middlesex,NA,NA,NA
6121,1704,1705,Clerkenwell,Middlesex,Middlesex,St James Clerkenwell,ID_127865,NA
6164,1700,1704,Maidstone,Kent,Kent,Maidstone,NA,29156
6311,1701,1705,St Paul Covent Garden,Middlesex,Middlesex,St Paul Covent Garden,ID_30031,NA
6363,1701,1704,Leeds,Yorkshire,Yorkshire,Leeds,NA,25924
6401,1700,1705,Woolwich,Kent,Kent,Woolwich,NA,50897
7226,1704,1705,St George Southwark,Surrey,Surrey,St George Southwark,ID_30012,NA
7454,1700,1705,Marylebone,Middlesex,Middlesex,St Marylebone,ID_30020,NA
7492,1700,1705,London,London,Middlesex,NA,NA,NA
7611,1700,1705,Kensington,Middlesex,Middlesex,St Anne Kensington,ID_127870,NA
7622,1699,1704,Rotherhithe,Surrey,Surrey,St Mary Rotherhithe,ID_30008,NA
7623,1702,1705,St Andrew Holborn,Middlesex,Middlesex,St Andrew Holborn,ID_127848,NA
7713,1703,1705,London,London,Middlesex,NA,NA,NA
8025,NA,1704,Impington,Cambridgeshire,Cambridgeshire,Impington,NA,23516
8063,1704,1705,Austin Friars,London,Middlesex,NA,NA,NA
8133,1701,1705,St Botolph Aldgate,London,Middlesex,St Botolph Aldgate,ID_30153,NA
8160,1701,1705,Ratcliff,Middlesex,Middlesex,Ratcliffe,ID_30177,NA
8252,1702,1705,Feversham,Kent,Kent,Faversham,NA,15905
8370,1700,1704,St Giles without Cripplegate,Middlesex,Middlesex,St Giles Cripplegate,ID_30100,NA
8524,1699,1704,London,London,Middlesex,NA,NA,NA
8583,1701,1704,Hempstead,Hertfordshire,Hertfordshire,Hemel Hempstead,NA,21108
8724,1700,1704,Clerkenwell,Middlesex,Middlesex,St James Clerkenwell,ID_127865,NA
8809,1703,1705,Coxwell,Berkshire,Berkshire,NA,NA,NA
9322,1699,1705,Higham on the Hill,Leicestershire,Leicestershire,Higham on the Hill,NA,21643
9640,1702,1705,London,London,Middlesex,NA,NA,NA
9700,1701,1704,Barford,Oxfordshire,Oxfordshire,NA,NA,NA
9722,1699,1704,Little Hadham,Hertfordshire,Hertfordshire,Little Hadham,NA,26598
10160,1701,1705,Penkridge,Staffordshire,Staffordshire,Penkridge,NA,35146
10269,1703,1705,Aldgate,London,Middlesex,St Botolph Aldgate,ID_30153,NA
10728,1699,1704,Southwark,Surrey,Surrey,NA,NA,NA
10824,1701,1705,St Martin in the Fields,Middlesex,Middlesex,St Martin in the Fields,ID_30034,NA
11077,1703,1705,Staines,Berkshire,Berkshire,NA,NA,NA
11674,1700,1705,Lufton,Somerset,Somerset,Lufton,NA,28792
11721,1698,1704,London,London,Middlesex,NA,NA,NA
12128,1700,1704,Precinct of St Katherine,Middlesex,Middlesex,Precinct of St Katherine,ID_30181,NA
12274,1702,1705,Margaretting,Essex,Essex,Margaretting,NA,29409
12442,1703,1705,Langenwell,Cardiganshire,Cardiganshire,NA,NA,NA
12603,1702,1705,London,London,Middlesex,NA,NA,NA
12808,1702,1705,NA,Surrey,Surrey,NA,NA,NA
13333,1700,1704,London,London,Middlesex,NA,NA,NA
13382,1702,1705,St Andrew Holborn,Middlesex,Middlesex,St Andrew Holborn,ID_127848,NA
13644,1701,1705,London,London,Middlesex,NA,NA,NA
13723,1699,1705,Evington,Herefordshire,Herefordshire,NA,NA,NA
13785,1700,1704,St Olave Southwark,Surrey,Surrey,St Olave Southwark,ID_30002,NA
13881,1703,1704,Newcastle upon Tyne,Northumberland,Northumberland,Newcastle upon Tyne,NA,32435
14096,1700,1705,Newland,Gloucestershire,Gloucestershire,Newland,NA,32508
1858,1700,1705,St George Southwark,Surrey,Surrey,St George Southwark,ID_30012,NA
3333,1703,1705,Ellesmere,Shropshire,Shropshire,Ellesmere,NA,15034
6667,1703,1705,Great Brickhill,Buckinghamshire,Buckinghamshire,Great Brickhill,NA,18554
7307,1701,1705,Rotherhithe,Surrey,Surrey,St Mary Rotherhithe,ID_30008,NA
8374,1700,1705,Bath,Somerset,Somerset,Bath,NA,2744
9369,1700,1705,London,London,Middlesex,NA,NA,NA
269,1714,1715,St Giles in the Fields,Middlesex,Middlesex,St Giles in the Fields,ID_30018,NA
352,1714,1716,Newcastle upon Tyne,Northumberland,Northumberland,Newcastle upon Tyne,NA,32435
494,1711,1716,Reading,Berkshire,Berkshire,Reading,NA,37532
540,1713,1716,Langley,Wiltshire,Wiltshire,NA,NA,NA
681,1713,1716,Holy Trinity Minories,London,Middlesex,Holy Trinity Minories,ID_30163,NA
740,1713,1716,Stepney,Middlesex,Middlesex,St Dunstan Stepney,ID_30169,NA
772,1713,1716,London,London,Middlesex,NA,NA,NA
884,1711,1715,London,London,Middlesex,NA,NA,NA
986,1713,1716,St Olave Southwark,Surrey,Surrey,St Olave Southwark,ID_30002,NA
1105,1713,1716,St Anne Aldersgate,London,Middlesex,St Anne and St Agnes,ID_30078,NA
1410,1714,1716,NA,Middlesex,Middlesex,NA,NA,NA
1661,1714,1715,London,London,Middlesex,NA,NA,NA
1867,1711,1715,Cirencester,Gloucestershire,Gloucestershire,Cirencester,NA,9528
2003,1712,1715,Portsmouth,Hampshire,Hampshire,Portsmouth,NA,36626
2137,1715,1716,Enstone,Oxfordshire,Oxfordshire,Enstone,NA,15393
2425,1715,1715,St Stephen Coleman Street,London,Middlesex,St Stephen Coleman Street,ID_30102,NA
2916,1714,1715,Dagenham,Essex,Essex,Dagenham,NA,12434
3041,1712,1716,St Dunstan Stepney,Middlesex,Middlesex,St Dunstan Stepney,ID_30169,NA
3085,1711,1715,Carline,Monmouthshire,Monmouthshire,NA,NA,NA
3319,1711,1715,Isle of Wight,Isle of Wight,Hampshire,NA,NA,NA
4016,1710,1715,Gravesend,Kent,Kent,Gravesend,NA,18502
4120,1711,1715,London,London,Middlesex,NA,NA,NA
4423,1712,1715,London,London,Middlesex,NA,NA,NA
4493,1710,1715,Reigate,Surrey,Surrey,Reigate,NA,37688
4603,1712,1715,London,London,Middlesex,NA,NA,NA
4625,1711,1716,London,London,Middlesex,NA,NA,NA
4877,1714,1716,Frindsbury,Kent,Kent,Frindsbury,NA,16995
5171,1716,1715,Shepperton,Middlesex,Middlesex,Shepperton,NA,40063
5302,1710,NA,Long Hanborough,Oxfordshire,Oxfordshire,Long Hanborough,NA,27951
5793,1711,1716,London,London,Middlesex,NA,NA,NA
5798,1711,1715,St Katherine by the Tower,Middlesex,Middlesex,Precinct of St Katherine,ID_30181,NA
5875,1710,1715,St Saviour Southwark,Surrey,Surrey,St Saviour Southwark,ID_30001,NA
5995,1711,1716,Cirencester,Gloucestershire,Gloucestershire,Cirencester,NA,9528
6127,1710,1715,London,London,Middlesex,NA,NA,NA
6292,1714,1716,Andover,Hampshire,Hampshire,Andover,NA,914
6492,1710,1716,London,London,Middlesex,NA,NA,NA
6662,1711,1716,Ipswich,Suffolk,Suffolk,Ipswich,NA,23691
6999,1710,1715,St Clement Danes,Middlesex,Middlesex,St Clement Danes,ID_30015,NA
7094,1712,1715,Whitechapel,Middlesex,Middlesex,St Mary Whitechapel,ID_127867,NA
7387,NA,1716,Swineshead,Huntingdonshire,Huntingdonshire,NA,NA,NA
7447,1713,1716,London,London,Middlesex,NA,NA,NA
7693,1714,1715,London,London,Middlesex,NA,NA,NA
8020,NA,1716,Guilsborough,Northamptonshire,Northamptonshire,Guilsborough,NA,19332
8408,1712,1717,London,London,Middlesex,NA,NA,NA
8409,1714,1716,Hurst,Berkshire,Berkshire,Hurst,NA,23283
8503,1715,1715,London,London,Middlesex,NA,NA,NA
8669,1710,1715,London,London,Middlesex,NA,NA,NA
9253,1715,1716,Chesterfield,Derbyshire,Derbyshire,Chesterfield,NA,9041
9297,1710,1716,St James Westminster,Middlesex,Middlesex,St James Westminster,ID_30024,NA
9447,1715,1716,Northaw,Hertfordshire,Hertfordshire,Northaw,NA,33286
9481,1712,1716,Bromley,Middlesex,Middlesex,Bromley St Leonard,ID_30174,NA
9592,NA,1715,London,London,Middlesex,NA,NA,NA
9682,1708,1715,Kensington,Middlesex,Middlesex,St Anne Kensington,ID_127870,NA
9831,1713,1715,NA,Herefordshire,Herefordshire,NA,NA,NA
10321,1711,1716,London,London,Middlesex,NA,NA,NA
11130,1713,1715,London,London,Middlesex,NA,NA,NA
11363,1714,1715,St Martin in the Fields,Middlesex,Middlesex,St Martin in the Fields,ID_30034,NA
11573,1711,1716,Manchester,Lancashire,Lancashire,Manchester,NA,29251
11924,1715,1717,East Grinstead,Sussex,Sussex,East Grinstead,NA,14309
11995,1714,1715,Stepney,Middlesex,Middlesex,St Dunstan Stepney,ID_30169,NA
12070,1713,1716,Worcester,Worcestershire,Worcestershire,Worcester,NA,50943
12072,1711,1715,London,London,Middlesex,NA,NA,NA
12115,1710,1715,Chatham,Kent,Kent,Chatham,NA,8875
12191,1712,1715,Hartley Wintney,Hampshire,Hampshire,Hartley Wintney,NA,20372
12535,1712,1716,London,London,Middlesex,NA,NA,NA
12741,1711,1715,Stepney,Middlesex,Middlesex,St Dunstan Stepney,ID_30169,NA
12922,1714,1715,Stenham,Suffolk,Suffolk,NA,NA,NA
12996,1711,1716,Charterhouse Yard,London,Middlesex,Charter House,ID_30042,NA
13145,1712,1716,London,London,Middlesex,NA,NA,NA
13189,1716,1716,London,London,Middlesex,NA,NA,NA
13387,1713,1716,St Martin in the Fields,Middlesex,Middlesex,St Martin in the Fields,ID_30034,NA
13737,1711,1715,Northampton,Northamptonshire,Northamptonshire,Northampton,NA,33285
13788,1713,NA,Carmarthen,Carmarthenshire,Carmarthenshire,Carmarthen,NA,7443
13896,1711,1716,London,London,Middlesex,NA,NA,NA
14117,1711,1715,NA,Lancashire,Lancashire,NA,NA,NA
14127,1710,1715,Fulham,Middlesex,Middlesex,Fulham,NA,17119
14154,1713,1716,Walthamstow,Essex,Essex,Walthamstow,NA,47645
729,1706,1706,London,London,Middlesex,NA,NA,NA
1290,1702,1706,London,London,Middlesex,NA,NA,NA
1334,1703,1706,Derby,Derbyshire,Derbyshire,Derby,NA,12974
2630,1700,1706,Hendon,Middlesex,Middlesex,Hendon,NA,21158
2735,1702,1706,Hungerford Park,Berkshire,Berkshire,NA,NA,NA
2905,1706,NA,St John Wapping,Middlesex,Middlesex,St John Wapping,ID_30182,NA
3126,1699,1706,St Andrew Holborn,Middlesex,Middlesex,St Andrew Holborn,ID_127848,NA
3145,1704,1706,St Albans,Hertfordshire,Hertfordshire,St Albans,NA,41656
4033,1704,1706,St Bride,London,Middlesex,St Bride,ID_30049,NA
4065,1702,1706,Allhallows Barking,London,Middlesex,All Hallows Barking,ID_30161,NA
4447,1703,1706,Sunning Hill,Berkshire,Berkshire,NA,NA,NA
4459,1702,1706,Wasbury,Wiltshire,Wiltshire,NA,NA,NA
5460,1704,1706,Warewell,Berkshire,Berkshire,NA,NA,NA
6338,1702,1706,Croyden,Surrey,Surrey,Croydon,NA,11989
6601,1701,1706,St Mary Magdalen Bermondsey,Surrey,Surrey,St Mary Magdalen Bermondsey,ID_30004,NA
6800,1706,1706,Oxford,Oxfordshire,Oxfordshire,Oxford,NA,34379
6890,1702,1706,London,London,Middlesex,NA,NA,NA
7604,1705,1706,London,London,Middlesex,NA,NA,NA
7671,1706,1714,Romford,Essex,Essex,Romford,NA,38417
7785,1704,1706,London,London,Middlesex,NA,NA,NA
7943,1703,1706,Holwell,Oxfordshire,Oxfordshire,Holwell,NA,22521
8074,1702,1706,London,London,Middlesex,NA,NA,NA
8360,1705,1706,London,London,Middlesex,NA,NA,NA
8361,1699,1706,London,London,Middlesex,NA,NA,NA
8444,1703,1706,"Clink Street, Southwark",Surrey,Surrey,St Saviour Southwark,ID_30001,NA
8840,1704,1706,London,London,Middlesex,NA,NA,NA
10217,1705,1706,St Bride,London,Middlesex,St Bride,ID_30049,NA
10329,1704,1706,Stratford,Essex,Essex,Stratford,NA,42883
10439,1705,1706,St Andrew Holborn,Middlesex,Middlesex,St Andrew Holborn,ID_127848,NA
12377,1701,1706,Sheerness,Kent,Kent,Sheerness,NA,39970
12469,1703,1706,Auboine,Wiltshire,Wiltshire,NA,NA,NA
12470,1703,1706,Clutton,Cheshire,Cheshire,Clutton,NA,9984
12476,1704,1706,Ratcliff,Middlesex,Middlesex,Ratcliffe,ID_30177,NA
12888,1700,1706,Deptford,Kent,Kent,Deptford,NA,12973
12892,1703,1706,New Windsor,Berkshire,Berkshire,NA,NA,NA
13103,1700,1706,Wells,Somerset,Somerset,Wells,NA,48288
13754,1701,1706,St Mary Rotherhithe,Surrey,Surrey,St Mary Rotherhithe,ID_30008,NA
13833,1706,1706,Wotton under Edge,Gloucestershire,Gloucestershire,Wotton under Edge,NA,51055
14078,1704,1706,St Martin le Grand,London,Middlesex,NA,NA,NA
92,1704,NA,Guildford,Surrey,Surrey,Guildford,NA,19326
223,1703,1708,London,London,Middlesex,NA,NA,NA
573,1708,1708,St Saviour Southwark,Surrey,Surrey,St Saviour Southwark,ID_30001,NA
629,1704,1708,London,London,Middlesex,NA,NA,NA
670,1705,1708,Bishops Waltham,Hampshire,Hampshire,Bishops Waltham,NA,56031
712,1703,1708,London,London,Middlesex,NA,NA,NA
715,1703,1708,Abbey Holme,Cumberland,Cumberland,NA,NA,NA
750,1703,1708,NA,Middlesex,Middlesex,NA,NA,NA
934,1699,1706,Derby,Derbyshire,Derbyshire,Derby,NA,12974
983,1701,1708,London,London,Middlesex,NA,NA,NA
1040,1703,1708,St Stephen Coleman,London,Middlesex,St Stephen Coleman Street,ID_30102,NA
1125,1707,1708,St Giles Cirpplegate,Middlesex,Middlesex,St Giles Cripplegate,ID_30100,NA
1268,1703,1708,Shoreditch,Middlesex,Middlesex,St Leonard Shoreditch,ID_30170,NA
1303,1703,1708,Grafton,Northamptonshire,Northamptonshire,NA,NA,NA
1430,1706,1708,London,London,Middlesex,NA,NA,NA
1706,1705,1708,Cheddleton,Staffordshire,Staffordshire,Cheddleton,NA,8922
1765,1705,1708,St Sepulchre,Middlesex,Middlesex,St Sepulchre,ID_30058,NA
1822,1705,1708,Hoddesdon,Hertfordshire,Hertfordshire,Hoddesdon,NA,22185
1879,1707,1708,London,London,Middlesex,NA,NA,NA
1962,1703,1708,Morpeth,Northumberland,Northumberland,Morpeth,NA,31191
2058,1705,1708,Southwark,Surrey,Surrey,NA,NA,NA
2087,1707,1708,NA,Leicestershire,Leicestershire,NA,NA,NA
2110,NA,1708,NA,Wiltshire,Wiltshire,NA,NA,NA
2175,1707,1708,St Bride,London,Middlesex,St Bride,ID_30049,NA
2191,1706,1708,"Duke's Place, Aldgate",London,Middlesex,St James Duke Street,ID_30155,NA
2201,1707,1708,London,London,Middlesex,NA,NA,NA
2234,1706,1708,London,London,Middlesex,NA,NA,NA
2416,1703,1708,St Sepulchre,Middlesex,Middlesex,St Sepulchre,ID_30058,NA
2497,1704,1708,St Dunstan Stepney,Middlesex,Middlesex,St Dunstan Stepney,ID_30169,NA
2596,1705,1708,NA,Hertfordshire,Hertfordshire,NA,NA,NA
2770,1708,1708,Old Brentford,Middlesex,Middlesex,Old Brentford,NA,NA
2944,1707,1708,London,London,Middlesex,NA,NA,NA
2947,1705,1708,Covent Garden,Middlesex,Middlesex,St Paul Covent Garden,ID_30031,NA
2963,1703,1708,St Mary Whitechapel,Middlesex,Middlesex,St Mary Whitechapel,ID_127867,NA
3017,1706,1707,London,London,Middlesex,NA,NA,NA
3075,1705,1708,Spitalfields,Middlesex,Middlesex,Christchurch Spitalfields,ID_30168,NA
3104,1702,1708,Rochester,Kent,Kent,Rochester,NA,38282
3105,1707,1708,Hempstead,Hertfordshire,Hertfordshire,Hemel Hempstead,NA,21108
3153,1704,1708,St Andrew Holborn,Middlesex,Middlesex,St Andrew Holborn,ID_127848,NA
3267,1704,1708,St Giles in the Fields,Middlesex,Middlesex,St Giles in the Fields,ID_30018,NA
3353,1702,1708,St Bride,London,Middlesex,St Bride,ID_30049,NA
3479,1702,1708,Stoughton,Leicestershire,Leicestershire,Stoughton,NA,42778
3546,1704,1708,Hosted,Sussex,Sussex,NA,NA,NA
3564,1704,1708,St Giles in the Fields,Middlesex,Middlesex,St Giles in the Fields,ID_30018,NA
3673,1702,1707,Greenwich,Kent,Kent,Greenwich,NA,19085
3677,1704,1708,Coventry,Warwickshire,Warwickshire,Coventry,NA,11138
3700,1707,1708,St Giles in the Fields,Middlesex,Middlesex,St Giles in the Fields,ID_30018,NA
3761,1704,1708,Hillford,Surrey,Surrey,NA,NA,NA
3855,1703,1708,St Anne Westminster,Middlesex,Middlesex,St Anne Soho,ID_30023,NA
3903,1702,1708,Kenilworth,Warwickshire,Warwickshire,Kenilworth,NA,24047
3916,1704,1708,St Mary Whitechapel,Middlesex,Middlesex,St Mary Whitechapel,ID_127867,NA
3930,1707,1708,St Dunstan,Middlesex,Middlesex,St Dunstan Stepney,ID_30169,NA
3949,1704,1708,NA,Kent,Kent,NA,NA,NA
3992,1705,1708,Guildford,Surrey,Surrey,Guildford,NA,19326
4302,1707,1708,St Dunstan Stepney,Middlesex,Middlesex,St Dunstan Stepney,ID_30169,NA
4453,1704,1708,London,London,Middlesex,NA,NA,NA
4514,1706,1708,St Olave Southwark,Surrey,Surrey,St Olave Southwark,ID_30002,NA
4590,1704,1708,NA,Middlesex,Middlesex,NA,NA,NA
5087,1703,1708,London,London,Middlesex,NA,NA,NA
5094,1707,1708,Goswell Street,Middlesex,Middlesex,NA,NA,NA
5098,1708,1708,St Giles in the Fields,Middlesex,Middlesex,St Giles in the Fields,ID_30018,NA
5239,1705,1708,Whistern,Pembrokeshire,Pembrokeshire,NA,NA,NA
5240,1705,1707,Whistern,Pembrokeshire,Pembrokeshire,NA,NA,NA
5276,1703,1708,Islington,Middlesex,Middlesex,St Mary Islington,ID_30043,NA
5282,1706,1708,London,London,Middlesex,NA,NA,NA
5286,1705,1708,St Mary Magdalen Bermondsey,Surrey,Surrey,St Mary Magdalen Bermondsey,ID_30004,NA
5288,1704,1708,St Sepulchre,Middlesex,Middlesex,St Sepulchre,ID_30058,NA
5402,1706,1707,London,London,Middlesex,NA,NA,NA
5657,1701,1707,Whitechapel,Middlesex,Middlesex,St Mary Whitechapel,ID_127867,NA
5731,1704,1707,London,London,Middlesex,NA,NA,NA
5826,1706,1708,St Bride,London,Middlesex,St Bride,ID_30049,NA
5855,1704,1708,St Olave Southwark,Surrey,Surrey,St Olave Southwark,ID_30002,NA
5891,1701,1707,London,London,Middlesex,NA,NA,NA
5968,1705,1707,Woolwich,Kent,Kent,Woolwich,NA,50897
5979,1703,1708,London,London,Middlesex,NA,NA,NA
6220,1704,1708,London,London,Middlesex,NA,NA,NA
6254,1705,1708,London,London,Middlesex,NA,NA,NA
6301,1703,1708,London,London,Middlesex,NA,NA,NA
6367,1701,1707,NA,Kent,Kent,NA,NA,NA
6414,1701,1707,Fulham,Middlesex,Middlesex,Fulham,NA,17119
6445,1705,1707,London,London,Middlesex,NA,NA,NA
6452,1707,1708,Effield,Sussex,Sussex,NA,NA,NA
6509,1702,1707,London,London,Middlesex,NA,NA,NA
6611,1705,1708,London,London,Middlesex,NA,NA,NA
6669,1704,1708,Hesket,Cumberland,Cumberland,Hesket,NA,59526
6868,1706,1708,Milton by Gravesend,Kent,Kent,NA,NA,NA
6906,1702,1707,London,London,Middlesex,NA,NA,NA
6955,1705,1708,St Giles in the Fields,Middlesex,Middlesex,St Giles in the Fields,ID_30018,NA
6960,1704,1708,Southwark,Surrey,Surrey,NA,NA,NA
7024,1706,1708,Christ Church,London,Middlesex,Christ Church,ID_30069,NA
7039,1707,1708,London,London,Middlesex,NA,NA,NA
7061,1706,1708,Westminster,Middlesex,Middlesex,NA,NA,NA
7104,1701,1708,Hurley,Berkshire,Berkshire,Hurley,NA,23266
7149,1707,1708,London,London,Middlesex,NA,NA,NA
7421,1705,1708,London,London,Middlesex,NA,NA,NA
7452,1702,1707,Moorfields,London,Middlesex,St Stephen Coleman Street,ID_30102,NA
7648,1707,1708,St Paul Shadwell,Middlesex,Middlesex,St Paul Shadwell,ID_30184,NA
7682,1706,1708,Lambeth,Surrey,Surrey,St Mary Lambeth,ID_127857,NA
7758,1702,1707,Shadwell,Middlesex,Middlesex,St Paul Shadwell,ID_30184,NA
7797,1703,1708,Buckingham,Buckinghamshire,Buckinghamshire,Buckingham,NA,6650
7887,1708,1708,Reigate,Surrey,Surrey,Reigate,NA,37688
7946,1705,1707,Beverley,Yorkshire,Yorkshire,Beverley,NA,3497
7982,1707,1708,Wells,Somerset,Somerset,Wells,NA,48288
8068,1704,1708,Kettering,Northamptonshire,Northamptonshire,Kettering,NA,24183
8089,1705,1707,NA,Middlesex,Middlesex,NA,NA,NA
8298,1707,1708,Bromley,Kent,Kent,Bromley,NA,6067
8418,1704,1707,NA,Middlesex,Middlesex,NA,NA,NA
8544,1703,1708,Melton Mowbray,Leicestershire,Leicestershire,Melton Mowbray,NA,29987
8731,1705,1708,Scalford,Leicestershire,Leicestershire,Scalford,NA,39434
8795,NA,1708,St Giles Cripplegate,London,Middlesex,St Giles Cripplegate,ID_30100,NA
8822,1706,1708,St Giles Cripplegate,Middlesex,Middlesex,St Giles Cripplegate,ID_30100,NA
8843,1706,1707,Wapping,Middlesex,Middlesex,St John Wapping,ID_30182,NA
8893,1706,1708,NA,Cumberland,Cumberland,NA,NA,NA
8910,1703,1707,Shrivenham,Berkshire,Berkshire,Shrivenham,NA,40348
8931,1703,1708,Helston,Monmouthshire,Monmouthshire,NA,NA,NA
8940,1702,1708,London,London,Middlesex,NA,NA,NA
9019,1703,1708,St Michael,Worcestershire,Worcestershire,NA,NA,NA
9031,1706,1708,Devizes,Wiltshire,Wiltshire,Devizes,NA,13020
9063,1707,1708,St Mary Whitechapel,Middlesex,Middlesex,St Mary Whitechapel,ID_127867,NA
9161,1705,1708,Westminster,Middlesex,Middlesex,NA,NA,NA
9371,1705,1708,Sulgrave,Northamptonshire,Northamptonshire,Sulgrave,NA,43213
9449,1704,1705,Kings Ripton,Huntingdonshire,Huntingdonshire,Kings Ripton,NA,24507
9497,1705,1708,Dunstable,Bedfordshire,Bedfordshire,Dunstable,NA,13925
9499,1706,1708,London,London,Middlesex,NA,NA,NA
9699,1704,1707,Deptford,Kent,Kent,Deptford,NA,12973
9897,1705,1709,London,London,Middlesex,NA,NA,NA
9973,1707,1708,Blockley,Worcestershire,Worcestershire,NA,NA,NA
10293,1703,1708,NA,Lancashire,Lancashire,NA,NA,NA
10423,1702,1708,Dursley,Gloucestershire,Gloucestershire,Dursley,NA,14002
10665,1704,1708,London,London,Middlesex,NA,NA,NA
10754,1704,1708,Reading,Berkshire,Berkshire,Reading,NA,37532
11013,1705,1707,St Botolph without Aldgate,Middlesex,Middlesex,St Botolph Aldgate,ID_30153,NA
11042,1703,1707,London,London,Middlesex,NA,NA,NA
11335,1704,1708,St Clement Danes,Middlesex,Middlesex,St Clement Danes,ID_30015,NA
11352,1707,1708,St Martin in the Fields,Middlesex,Middlesex,St Martin in the Fields,ID_30034,NA
11460,1706,1708,St Albans,Hertfordshire,Hertfordshire,St Albans,NA,41656
11505,1706,1708,Old Ford,Middlesex,Middlesex,Old Ford,NA,33821
11527,1703,1708,London,London,Middlesex,NA,NA,NA
11597,1705,1708,Oundle,Northamptonshire,Northamptonshire,Oundle,NA,34212
11653,1704,1708,Stepney,Middlesex,Middlesex,St Dunstan Stepney,ID_30169,NA
11726,1703,1708,Hitchin,Hertfordshire,Hertfordshire,Hitchin,NA,22136
11829,1702,1708,Morpeth,Northumberland,Northumberland,Morpeth,NA,31191
12065,1701,1708,Brighton,Sussex,Sussex,Brighton,NA,5719
12180,1704,1708,Wargrave,Berkshire,Berkshire,Wargrave,NA,47796
12186,1702,1708,London,London,Middlesex,NA,NA,NA
12199,1703,1708,Devizes,Wiltshire,Wiltshire,Devizes,NA,13020
12255,1705,1707,Putney,Surrey,Surrey,Putney,NA,37033
12511,1704,1708,Holborn,Middlesex,Middlesex,St Andrew Holborn,ID_127848,NA
12544,1703,1708,Kingsland,Middlesex,Middlesex,Kingsland,NA,24575
12640,1703,1708,St John Wapping,Middlesex,Middlesex,St John Wapping,ID_30182,NA
12763,1705,1708,Wells,Somerset,Somerset,Wells,NA,48288
13047,1703,1708,London,London,Middlesex,NA,NA,NA
13098,1701,1707,London,London,Middlesex,NA,NA,NA
13116,1706,1708,St Sepulchre,Middlesex,Middlesex,St Sepulchre,ID_30058,NA
13126,1703,1708,Oakham,Rutland,Rutland,Oakham,NA,33616
13434,1703,1708,London,London,Middlesex,NA,NA,NA
13503,1706,1708,St Andrew Holborn,Middlesex,Middlesex,St Andrew Holborn,ID_127848,NA
13566,1704,1708,Stony Stratford,Buckinghamshire,Buckinghamshire,Stony Stratford,NA,42745
13666,1704,1708,Netrope,Oxfordshire,Oxfordshire,NA,NA,NA
13707,1700,1708,Limehouse,Middlesex,Middlesex,St Anne Limehouse,ID_30176,NA
13834,1702,1708,London,London,Middlesex,NA,NA,NA
13931,1706,1708,East Smithfield,Middlesex,Middlesex,St Botolph Aldgate,ID_30153,NA
13933,1706,1708,St Paul Shadwell,Middlesex,Middlesex,St Paul Shadwell,ID_30184,NA
13956,1706,1708,St Bride,London,Middlesex,St Bride,ID_30049,NA
13992,1704,1708,Borough of Southwark,Surrey,Surrey,NA,NA,NA
14210,1707,1708,St Mary le Strand,Middlesex,Middlesex,St Mary le Strand,ID_30035,NA
14271,1706,1707,St Paul Shadwell,Middlesex,Middlesex,St Paul Shadwell,ID_30184,NA
43,1705,1707,Plumstead,Kent,Kent,Plumstead,NA,36144
808,1705,1707,St James Clerkenwell,Middlesex,Middlesex,St James Clerkenwell,ID_127865,NA
1099,1701,1707,Wellington,Somerset,Somerset,Wellington,NA,48275
1169,1704,1707,Great Barford,Oxfordshire,Oxfordshire,NA,NA,NA
1202,1703,1707,London,London,Middlesex,NA,NA,NA
1408,1704,1707,St Andrew Holborn,Middlesex,Middlesex,St Andrew Holborn,ID_127848,NA
1464,1702,1707,London,London,Middlesex,NA,NA,NA
2282,1706,1707,London,London,Middlesex,NA,NA,NA
2325,1702,1707,Barton upon Hull,Lincolnshire,Lincolnshire,NA,NA,NA
3399,1704,1707,Eton,Buckinghamshire,Buckinghamshire,Eton,NA,15489
3614,1705,1707,London,London,Middlesex,NA,NA,NA
4243,1704,1707,Christ Church,Surrey,Surrey,Christchurch Southwark,ID_30000,NA
4350,1700,1707,Shoreditch,Middlesex,Middlesex,St Leonard Shoreditch,ID_30170,NA
4461,1703,1707,Great Marlow,Buckinghamshire,Buckinghamshire,Great Marlow,NA,58984
4666,1702,1707,St Martin in the Fields,Middlesex,Middlesex,St Martin in the Fields,ID_30034,NA
5205,1703,1707,Westminster,Middlesex,Middlesex,NA,NA,NA
5425,1703,1707,Newington Butts,Surrey,Surrey,Newington,ID_30005,NA
5622,1702,1707,Stoke,Herefordshire,Herefordshire,NA,NA,NA
5652,1702,1707,Newington,Middlesex,Middlesex,Newington,ID_30005,NA
5834,1704,1707,Lambeth,Surrey,Surrey,St Mary Lambeth,ID_127857,NA
6083,1703,1707,Littleworth,Leicestershire,Leicestershire,NA,NA,NA
6207,1705,1707,Stowe,Buckinghamshire,Buckinghamshire,Stowe,NA,63711
6369,1703,1707,St Giles in the Fields,Middlesex,Middlesex,St Giles in the Fields,ID_30018,NA
6390,1706,1707,St Mary Whitechapel,Middlesex,Middlesex,St Mary Whitechapel,ID_127867,NA
6450,1702,1707,London,London,Middlesex,NA,NA,NA
6826,1702,1707,Beaconsfield,Buckinghamshire,Buckinghamshire,Beaconsfield,NA,2873
6971,1706,1707,Loughton,Buckinghamshire,Buckinghamshire,Loughton,NA,28163
7082,1704,1707,Audley,Staffordshire,Staffordshire,Audley,NA,1691
7148,1701,1707,Mitcham,Surrey,Surrey,Mitcham,NA,30776
7416,1703,1707,St Giles in the Fields,Middlesex,Middlesex,St Giles in the Fields,ID_30018,NA
7845,1706,1707,Northenden,Cheshire,Cheshire,Northenden,NA,33316
7938,1705,1707,Sudbury Green,Middlesex,Middlesex,NA,NA,NA
7994,1702,1707,St Olave,Surrey,Surrey,St Olave Southwark,ID_30002,NA
8037,1703,1707,St Giles in the Fields,Middlesex,Middlesex,St Giles in the Fields,ID_30018,NA
8055,1700,1707,Manningford Bruce,Wiltshire,Wiltshire,Manningford Bruce,NA,29281
8114,1703,1707,London,London,Middlesex,NA,NA,NA
8691,1705,1707,London,London,Middlesex,NA,NA,NA
8973,1704,1707,Abingdon,Berkshire,Berkshire,Abingdon,NA,287768
8977,1707,1707,London,London,Middlesex,NA,NA,NA
9634,1705,1707,Hammersmith,Middlesex,Middlesex,Hammersmith,NA,19917
9889,1705,1707,Upavon,Wiltshire,Wiltshire,Upavon,NA,46765
9899,1704,1707,St Mary Magdalen Bermondsey,Surrey,Surrey,St Mary Magdalen Bermondsey,ID_30004,NA
9961,1703,1707,Minchinhampton,Gloucestershire,Gloucestershire,Minchinhampton,NA,30711
10075,1705,1707,London,London,Middlesex,NA,NA,NA
10540,1704,1707,Finsbury in Cripplegate,Middlesex,Middlesex,St Giles Cripplegate,ID_30100,NA
10612,1704,1707,Tamworth,Staffordshire,Staffordshire,Tamworth,NA,43773
10756,1702,1707,London,London,Middlesex,NA,NA,NA
10952,1705,1707,Crewkerne,Somerset,Somerset,Crewkerne,NA,11542
11112,1703,1707,Walkington,Yorkshire,Yorkshire,Walkington,NA,47533
11675,1705,1707,London,London,Middlesex,NA,NA,NA
11870,1704,1707,Christ Church,Surrey,Surrey,Christchurch Southwark,ID_30000,NA
12206,1702,1707,London,London,Middlesex,NA,NA,NA
12685,1702,1707,Calne,Wiltshire,Wiltshire,Calne,NA,7593
12882,1705,1707,Madron,Cornwall,Cornwall,Madron,NA,29053
13050,1701,1707,Arguson,Wiltshire,Wiltshire,NA,NA,NA
13104,1704,1707,Goodman's Fields,Middlesex,Middlesex,St Mary Whitechapel,ID_127867,NA
13245,1702,1707,St Andrew Holborn,Middlesex,Middlesex,St Andrew Holborn,ID_127848,NA
13601,1707,1707,St Martin in the Fields,Middlesex,Middlesex,St Martin in the Fields,ID_30034,NA
13768,1706,1707,London,London,Middlesex,NA,NA,NA
13847,1705,1707,St Katherine by the Tower,London,Middlesex,Precinct of St Katherine,ID_30181,NA
13852,1705,1707,Long Buckby,Northamptonshire,Northamptonshire,Long Buckby,NA,27932
14061,1702,1707,London,London,Middlesex,NA,NA,NA
349,1706,1708,Wapping,Middlesex,Middlesex,St John Wapping,ID_30182,NA
357,1703,1708,Sheffield,Yorkshire,Yorkshire,Sheffield,NA,39975
1039,1703,1708,Deptford,Kent,Kent,Deptford,NA,12973
1598,1703,1708,Thames Ditton,Surrey,Surrey,Thames Ditton,NA,44079
1739,1701,1708,London,London,Middlesex,NA,NA,NA
1976,1704,1708,Winkburn,Nottinghamshire,Nottinghamshire,Winkburn,NA,50133
2334,1705,1708,London,London,Middlesex,NA,NA,NA
2870,1704,1708,Westminster,Middlesex,Middlesex,NA,NA,NA
2957,1705,1708,Rotherhithe,Surrey,Surrey,St Mary Rotherhithe,ID_30008,NA
3067,1704,1708,Shoreditch,Middlesex,Middlesex,St Leonard Shoreditch,ID_30170,NA
4125,1702,1708,London,London,Middlesex,NA,NA,NA
4738,1706,1708,London,London,Middlesex,NA,NA,NA
6951,1708,1708,Wallington,Hertfordshire,Hertfordshire,Wallington,NA,47572
6953,1704,1708,Borough,Surrey,Surrey,Borough,NA,4732
7093,1701,1708,Woodenworth,Yorkshire,Yorkshire,NA,NA,NA
7373,1703,1708,Bicester,Oxfordshire,Oxfordshire,Bicester,NA,3532
7652,1704,1708,London,London,Middlesex,NA,NA,NA
8150,1706,1708,Abingdon,Berkshire,Berkshire,Abingdon,NA,287768
8908,1706,1708,Bishops Cannings,Wiltshire,Wiltshire,Bishops Cannings,NA,3868
9235,1707,1708,Leicester,Leicestershire,Leicestershire,Leicester,NA,25957
9581,1706,1708,St Anne Westminster,Middlesex,Middlesex,St Anne Soho,ID_30023,NA
9819,1704,1708,Tottenham,Middlesex,Middlesex,Tottenham,NA,45333
10749,1706,1708,St Andrew Holborn,Middlesex,Middlesex,St Andrew Holborn,ID_127848,NA
10859,1707,1708,London,London,Middlesex,NA,NA,NA
11076,1703,1708,London,London,Middlesex,NA,NA,NA
11281,1706,1708,Belton,Berkshire,Berkshire,NA,NA,NA
11414,1706,1708,London,London,Middlesex,NA,NA,NA
11552,1707,1708,St Leonard Shoreditch,Middlesex,Middlesex,St Leonard Shoreditch,ID_30170,NA
11894,1706,1708,London,London,Middlesex,NA,NA,NA
12084,1706,1708,St Saviour,Surrey,Surrey,St Saviour Southwark,ID_30001,NA
12241,1705,1708,Quainton,Buckinghamshire,Buckinghamshire,Quainton,NA,37109
12246,1706,1708,St Clement Danes,Middlesex,Middlesex,St Clement Danes,ID_30015,NA
13742,1706,1708,London,London,Middlesex,NA,NA,NA
13864,1701,1708,Sunderland,County Durham,County Durham,Sunderland,NA,43270
49,1708,1710,Hampstead Marshal,Berkshire,Berkshire,NA,NA,NA
1138,1708,1710,Colnbrook,Buckinghamshire,Buckinghamshire,Colnbrook,NA,10425
1571,1705,1709,Chapel en le Frith,Derbyshire,Derbyshire,Chapel en le Frith,NA,8724
1750,1704,1710,St Thomas Southwark,Surrey,Surrey,St Thomas,ID_30007,NA
1846,1707,1710,Croyden,Surrey,Surrey,Croydon,NA,11989
1944,1707,1709,London,London,Middlesex,NA,NA,NA
2088,1703,1709,Thame,Oxfordshire,Oxfordshire,Thame,NA,44078
2094,1706,1710,Leicester,Leicestershire,Leicestershire,Leicester,NA,25957
2207,1708,1709,London,London,Middlesex,NA,NA,NA
2948,1707,1709,London,London,Middlesex,NA,NA,NA
3051,1708,1710,London,London,Middlesex,NA,NA,NA
3433,1704,1710,Seene,Wiltshire,Wiltshire,NA,NA,NA
3738,1705,1710,London,London,Middlesex,NA,NA,NA
4090,1705,1710,Bedford,Bedfordshire,Bedfordshire,Bedford,NA,3009
4235,1704,1710,Wotton under Edge,Gloucestershire,Gloucestershire,Wotton under Edge,NA,51055
4387,1705,1709,Wendover,Buckinghamshire,Buckinghamshire,Wendover,NA,48352
4513,1704,1709,Great Parndon,Essex,Essex,Great Parndon,NA,18698
4824,1710,1710,Woolwich,Kent,Kent,Woolwich,NA,50897
4883,1703,1709,Reading,Berkshire,Berkshire,Reading,NA,37532
5099,1705,1710,Headington,Oxfordshire,Oxfordshire,Headington,NA,20808
6266,1707,1709,London,London,Middlesex,NA,NA,NA
6677,1704,1709,Sutton,Herefordshire,Herefordshire,Sutton,NA,63820
6729,1704,1710,St Giles in the Fields,Middlesex,Middlesex,St Giles in the Fields,ID_30018,NA
7750,1707,1710,Stretton,Warwickshire,Warwickshire,NA,NA,NA
7771,1705,1710,Hoxton,Middlesex,Middlesex,St Leonard Shoreditch,ID_30170,NA
7789,1707,1710,St Sepulchre,London,Middlesex,St Sepulchre,ID_30058,NA
8244,1704,1709,Radwell,Bedfordshire,Bedfordshire,Radwell,NA,37289
8449,1705,1710,London,London,Middlesex,NA,NA,NA
8671,1708,1710,Carlisle,Cumberland,Cumberland,Carlisle,NA,7942
8798,1705,1709,Emerstone,Shropshire,Shropshire,NA,NA,NA
8842,1707,1709,Kew Green,Surrey,Surrey,NA,NA,NA
9526,1707,1710,London,London,Middlesex,NA,NA,NA
9679,1706,1709,NA,Wiltshire,Wiltshire,NA,NA,NA
9802,1707,1710,Clun,Shropshire,Shropshire,Clun,NA,9972
10047,1706,1710,St Andrew Holborn,Middlesex,Middlesex,St Andrew Holborn,ID_127848,NA
10349,1705,1709,Blakesley,Northamptonshire,Northamptonshire,Blakesley,NA,4248
10791,1709,1710,St John Wapping,Middlesex,Middlesex,St John Wapping,ID_30182,NA
11922,1707,1710,Stepney,Middlesex,Middlesex,St Dunstan Stepney,ID_30169,NA
12000,1704,1709,London,London,Middlesex,NA,NA,NA
12123,1705,1709,London,London,Middlesex,NA,NA,NA
12317,1704,1709,London,London,Middlesex,NA,NA,NA
12444,1708,1710,St Martin,Middlesex,Middlesex,St Martin in the Fields,ID_30034,NA
13607,1706,1709,Stitchbrook,Staffordshire,Staffordshire,NA,NA,NA
14182,1708,1710,Codford St Peter,Wiltshire,Wiltshire,Codford St Peter,NA,10164
84,1709,1710,St John's Street,Middlesex,Middlesex,NA,NA,NA
105,1706,1710,St Mary Whitechapel,Middlesex,Middlesex,St Mary Whitechapel,ID_127867,NA
240,1706,1710,Richmond,Yorkshire,Yorkshire,Richmond,NA,NA
265,1708,1710,St Martin in the Fields,Middlesex,Middlesex,St Martin in the Fields,ID_30034,NA
278,1708,1709,St Olave Southwark,Surrey,Surrey,St Olave Southwark,ID_30002,NA
315,1703,1709,London,London,Middlesex,NA,NA,NA
316,1708,1710,Enfield,Middlesex,Middlesex,Enfield,NA,15358
359,1709,1710,St Clement Danes,Middlesex,Middlesex,St Clement Danes,ID_30015,NA
400,1707,1710,Newland,Gloucestershire,Gloucestershire,Newland,NA,32508
407,1705,1709,Clift,Northamptonshire,Northamptonshire,NA,NA,NA
477,1705,1709,St Giles in the Fields,Middlesex,Middlesex,St Giles in the Fields,ID_30018,NA
627,NA,1709,Hatfield Broad Oak,Essex,Essex,Hatfield Broad Oak,NA,20495
642,1704,1709,NA,Hertfordshire,Hertfordshire,NA,NA,NA
762,1708,1709,NA,Shropshire,Shropshire,NA,NA,NA
799,1709,1709,St Mary Magdalen Bermondsey,Surrey,Surrey,St Mary Magdalen Bermondsey,ID_30004,NA
807,1707,1710,Portsmouth,Hampshire,Hampshire,Portsmouth,NA,36626
961,1707,1710,Hammersmith,Middlesex,Middlesex,Hammersmith,NA,19917
973,1706,1709,Amthill,Bedfordshire,Bedfordshire,NA,NA,NA
1157,1705,1710,Kimpton,Hertfordshire,Hertfordshire,Kimpton,NA,24429
1171,1707,1709,St Paul Shadwell,Middlesex,Middlesex,St Paul Shadwell,ID_30184,NA
1281,1706,1710,Andover,Hampshire,Hampshire,Andover,NA,914
1313,1706,1710,London,London,Middlesex,NA,NA,NA
1314,1705,1710,Pulloxhill,Bedfordshire,Bedfordshire,Pulloxhill,NA,36991
1318,1706,1710,London,London,Middlesex,NA,NA,NA
1432,1706,1710,Stradbroke,Suffolk,Suffolk,Stradbroke,NA,42852
1435,1707,1710,St John,Norfolk,Norfolk,NA,NA,NA
1551,1708,1709,London,London,Middlesex,NA,NA,NA
1600,1706,1710,St John Wapping,Middlesex,Middlesex,St John Wapping,ID_30182,NA
1650,1707,1709,NA,Essex,Essex,NA,NA,NA
1670,1705,1710,Stepney,Middlesex,Middlesex,St Dunstan Stepney,ID_30169,NA
1813,1704,1710,Yawell,Kent,Kent,NA,NA,NA
1832,1708,1709,St James Clerkenwell,Middlesex,Middlesex,St James Clerkenwell,ID_127865,NA
1833,1705,1710,Oxford,Oxfordshire,Oxfordshire,Oxford,NA,34379
1953,1707,1710,Stepney,Middlesex,Middlesex,St Dunstan Stepney,ID_30169,NA
2057,1707,1709,Shorne,Kent,Kent,Shorne,NA,40279
2146,1705,1710,Whitefriars,London,Middlesex,Precinct of Whitefriars,ID_30048,NA
2150,1705,1709,St Martin in the Fields,Middlesex,Middlesex,St Martin in the Fields,ID_30034,NA
2158,1708,1710,Oathill,Warwickshire,Warwickshire,NA,NA,NA
2193,1707,1710,Stepney,Middlesex,Middlesex,St Dunstan Stepney,ID_30169,NA
2200,NA,1709,St Andrew Holborn,Middlesex,Middlesex,St Andrew Holborn,ID_127848,NA
2253,1705,1709,Bosbury,Herefordshire,Herefordshire,Bosbury,NA,4766
2283,1708,1710,St Martin in the Fields,Middlesex,Middlesex,St Martin in the Fields,ID_30034,NA
2439,1707,1710,London,London,Middlesex,NA,NA,NA
2542,1707,1709,North Mimms,Hertfordshire,Hertfordshire,North Mimms,NA,NA
2623,1704,1709,Cow Cross,Middlesex,Middlesex,NA,NA,NA
2657,1706,1710,Hitchin,Hertfordshire,Hertfordshire,Hitchin,NA,22136
2759,1706,1710,Chester-le-Street,County Durham,County Durham,Chester le Street,NA,9047
2842,1705,1710,Woolwich,Kent,Kent,Woolwich,NA,50897
2881,1707,1709,London,London,Middlesex,NA,NA,NA
2890,1708,1709,St Dunstan Stepney,Middlesex,Middlesex,St Dunstan Stepney,ID_30169,NA
2949,1709,1710,Rotherhithe,Surrey,Surrey,St Mary Rotherhithe,ID_30008,NA
3022,1707,1710,London,London,Middlesex,NA,NA,NA
3061,1705,1709,Whitechapel,Middlesex,Middlesex,St Mary Whitechapel,ID_127867,NA
3227,NA,1710,Leeds,Yorkshire,Yorkshire,Leeds,NA,25924
3461,1702,1709,London,London,Middlesex,NA,NA,NA
3596,1703,1710,Grantham,Lincolnshire,Lincolnshire,Grantham,NA,18462
3617,1703,1709,Sweford,Oxfordshire,Oxfordshire,NA,NA,NA
3821,1703,1709,London,London,Middlesex,NA,NA,NA
3879,1704,1710,Worcester,Worcestershire,Worcestershire,Worcester,NA,50943
4079,1708,1710,Channoll,Denbighshire,Denbighshire,NA,NA,NA
4085,1707,1710,Alkmere,Shropshire,Shropshire,NA,NA,NA
4096,1706,1709,Whitechapel,Middlesex,Middlesex,St Mary Whitechapel,ID_127867,NA
4328,1707,1710,London,London,Middlesex,NA,NA,NA
4624,1708,1710,NA,Hampshire,Hampshire,NA,NA,NA
4667,1704,1709,St John Hackney,Middlesex,Middlesex,Hackney,NA,19524
4710,1704,1709,London,London,Middlesex,NA,NA,NA
4779,1708,1710,Fenchurch Street,London,Middlesex,NA,NA,NA
4780,1707,1710,St George Southwark,Surrey,Surrey,St George Southwark,ID_30012,NA
4801,1708,1710,Bishop's Stortford,Hertfordshire,Hertfordshire,Bishop's Stortford,NA,3883
4803,1704,1710,Selworthy,Somerset,Somerset,Selworthy,NA,39747
4826,1705,1710,Southwark,Surrey,Surrey,NA,NA,NA
4830,1707,1710,Wantage,Buckinghamshire,Buckinghamshire,NA,NA,NA
4832,1707,1710,Whitbourne,Herefordshire,Herefordshire,Whitbourne,NA,49382
4850,1705,1709,St George Southwark,Surrey,Surrey,St George Southwark,ID_30012,NA
4859,1708,1710,London,London,Middlesex,NA,NA,NA
4888,1704,1709,Hoggeston,Buckinghamshire,Buckinghamshire,Hoggeston,NA,22217
4910,1708,1710,St Dunstan Stepney,Middlesex,Middlesex,St Dunstan Stepney,ID_30169,NA
5083,1704,1709,London,London,Middlesex,NA,NA,NA
5084,1706,1710,London,London,Middlesex,NA,NA,NA
5103,1709,1709,Ware,Hertfordshire,Hertfordshire,Ware,NA,47782
5162,1708,1710,London,London,Middlesex,NA,NA,NA
5183,1708,1709,Stepney,Middlesex,Middlesex,St Dunstan Stepney,ID_30169,NA
5283,1708,1710,London,London,Middlesex,NA,NA,NA
5319,1708,1709,St Mary Overie,Surrey,Surrey,St Saviour Southwark,ID_30001,NA
5365,1708,1710,Chatham,Kent,Kent,Chatham,NA,8875
5415,1706,1710,St Mary Islington,Middlesex,Middlesex,St Mary Islington,ID_30043,NA
5421,1705,1710,London,London,Middlesex,NA,NA,NA
5484,NA,1709,Bolton,Lancashire,Lancashire,Bolton,NA,4570
5590,1708,1709,St Anne Westminster,Middlesex,Middlesex,St Anne Soho,ID_30023,NA
5623,1705,1710,Nantwich,Cheshire,Cheshire,Nantwich,NA,31740
5624,1707,1710,London,London,Middlesex,NA,NA,NA
5712,1708,1709,Clapham,Surrey,Surrey,Clapham,NA,9592
5903,1704,1709,St Giles in the Fields,Middlesex,Middlesex,St Giles in the Fields,ID_30018,NA
6036,1704,1709,London,London,Middlesex,NA,NA,NA
6118,1708,1709,Worcester,Worcestershire,Worcestershire,Worcester,NA,50943
6205,1706,1710,Brownham,Warwickshire,Warwickshire,NA,NA,NA
6259,1707,1710,London,London,Middlesex,NA,NA,NA
6270,1708,1710,London,London,Middlesex,NA,NA,NA
6309,1707,1710,Wells,Norfolk,Norfolk,NA,NA,NA
6319,1707,1710,London,London,Middlesex,NA,NA,NA
6370,1707,1709,St James Westminster,Middlesex,Middlesex,St James Westminster,ID_30024,NA
6454,1703,1710,Rotherhithe,Surrey,Surrey,St Mary Rotherhithe,ID_30008,NA
6542,1708,1710,London,London,Middlesex,NA,NA,NA
6725,1704,1709,Deptford,Kent,Kent,Deptford,NA,12973
6727,1707,1709,St Giles in the Fields,Middlesex,Middlesex,St Giles in the Fields,ID_30018,NA
6790,1704,1710,Brampton,Yorkshire,Yorkshire,Brampton,NA,5312
6905,1709,1710,St Botolph Aldgate,London,Middlesex,St Botolph Aldgate,ID_30153,NA
6919,1706,1710,St Paul Shadwell,Middlesex,Middlesex,St Paul Shadwell,ID_30184,NA
7050,1708,1710,Whittlewood Forest,Northamptonshire,Northamptonshire,NA,NA,NA
7068,1704,1709,St Botolph Aldersgate,London,Middlesex,St Botolph Aldersgate,ID_30061,NA
7069,1706,1710,St Martin in the Fields,Middlesex,Middlesex,St Martin in the Fields,ID_30034,NA
7116,1708,1709,Walthamstow,Essex,Essex,Walthamstow,NA,47645
7118,1704,1709,St James Westminster,Middlesex,Middlesex,St James Westminster,ID_30024,NA
7239,1706,1710,London,London,Middlesex,NA,NA,NA
7256,1708,1710,Denchworth,Berkshire,Berkshire,Denchworth,NA,12891
7259,1707,1709,Nayland,Surrey,Surrey,NA,NA,NA
7404,1707,1709,Marlborough,Wiltshire,Wiltshire,Marlborough,NA,29474
7484,1705,1710,St Botolph Aldgate,Middlesex,Middlesex,St Botolph Aldgate,ID_30153,NA
7517,1704,1710,St Saviour Southwark,Surrey,Surrey,St Saviour Southwark,ID_30001,NA
7544,1705,1709,London,London,Middlesex,NA,NA,NA
7888,1707,1709,Hackney,Middlesex,Middlesex,Hackney,NA,19524
7900,1703,1709,Mitcham,Surrey,Surrey,Mitcham,NA,30776
7928,1707,1709,Norwich,Norfolk,Norfolk,Norwich,NA,33455
7940,1707,1710,Chelmsford,Essex,Essex,Chelmsford,NA,8959
7967,1706,1709,Coventry,Warwickshire,Warwickshire,Coventry,NA,11138
7974,1702,1709,London,London,Middlesex,NA,NA,NA
8006,1710,1711,Halam,Nottinghamshire,Nottinghamshire,Halam,NA,19641
8013,1704,1710,Northampton,Northamptonshire,Northamptonshire,Northampton,NA,33285
8053,1708,1710,London,London,Middlesex,NA,NA,NA
8086,1707,1709,Ludgershall,Wiltshire,Wiltshire,Ludgershall,NA,28776
8122,1705,1710,Spalding,Lincolnshire,Lincolnshire,Spalding,NA,41458
8154,1709,1710,St Andrew Holborn,Middlesex,Middlesex,St Andrew Holborn,ID_127848,NA
8268,1707,1710,Brailes,Warwickshire,Warwickshire,Brailes,NA,56282
8416,1705,1709,St Olave Southwark,Surrey,Surrey,St Olave Southwark,ID_30002,NA
8610,1703,1709,St Pancras,Middlesex,Middlesex,St Pancras Middlesex,ID_127871,NA
8639,1706,1710,Covent Garden,Middlesex,Middlesex,St Paul Covent Garden,ID_30031,NA
8697,1705,1710,Upavon,Wiltshire,Wiltshire,Upavon,NA,46765
8715,1704,1709,St Clement Danes,Middlesex,Middlesex,St Clement Danes,ID_30015,NA
8767,1706,1710,Hitchin,Hertfordshire,Hertfordshire,Hitchin,NA,22136
8768,1705,1710,Wrexham,Denbighshire,Denbighshire,Wrexham,NA,51099
8884,1706,1710,St Alban Wood Street,London,Middlesex,St Alban Wood Street,ID_30097,NA
8885,1705,1710,Oxford,Oxfordshire,Oxfordshire,Oxford,NA,34379
8928,1705,1709,St Katherine by the Tower,London,Middlesex,Precinct of St Katherine,ID_30181,NA
8951,1705,1709,Barton,Lincolnshire,Lincolnshire,NA,NA,NA
8956,1707,1710,London,London,Middlesex,NA,NA,NA
9030,1706,1709,London,London,Middlesex,NA,NA,NA
9039,1707,1710,NA,Hertfordshire,Hertfordshire,NA,NA,NA
9160,1705,1710,London,London,Middlesex,NA,NA,NA
9171,1707,1710,London,London,Middlesex,NA,NA,NA
9227,1706,1710,Stanton,Shropshire,Shropshire,NA,NA,NA
9243,1709,1710,Dover,Kent,Kent,Dover,NA,13407
9285,1704,1709,Great Marlow,Buckinghamshire,Buckinghamshire,Great Marlow,NA,58984
9290,1703,1709,St Giles Cripplegate,Middlesex,Middlesex,St Giles Cripplegate,ID_30100,NA
9291,1705,1710,St Giles Cripplegate,London,Middlesex,St Giles Cripplegate,ID_30100,NA
9316,1707,1709,St Botolph without Bishopsgate,London,Middlesex,St Botolph Bishopsgate,ID_127859,NA
9318,1707,1710,St Leonard Shoreditch,Middlesex,Middlesex,St Leonard Shoreditch,ID_30170,NA
9376,1706,1709,St Margaret Westminster,Middlesex,Middlesex,St Margaret Westminster,ID_127869,NA
9487,1707,1709,London,London,Middlesex,NA,NA,NA
9568,1703,1710,Oxford,Oxfordshire,Oxfordshire,Oxford,NA,34379
9569,1703,1710,Oxford,Oxfordshire,Oxfordshire,Oxford,NA,34379
9686,1706,1710,Marlborough,Wiltshire,Wiltshire,Marlborough,NA,29474
9737,1706,1709,London,London,Middlesex,NA,NA,NA
9797,1706,1709,Kendal,Westmorland,Westmorland,Kendal,NA,24037
9815,1703,1709,Woodend in Blakesley,Northamptonshire,Northamptonshire,NA,NA,NA
9887,1709,1710,St Andrew Holborn,Middlesex,Middlesex,St Andrew Holborn,ID_127848,NA
10124,1702,1709,Henley Upon Thames,Oxfordshire,Oxfordshire,Henley on Thames,NA,21225
10145,1705,1709,Fulham,Middlesex,Middlesex,Fulham,NA,17119
10174,1704,1709,Eversley,Hampshire,Hampshire,Eversley,NA,15538
10185,1704,1710,Clyro,Radnorshire,Radnorshire,Clyro,NA,10012
10253,1708,1710,London,London,Middlesex,NA,NA,NA
10273,1706,1710,London,London,Middlesex,NA,NA,NA
10351,1708,1709,London,London,Middlesex,NA,NA,NA
10368,1706,1710,Pocklington,Yorkshire,Yorkshire,Pocklington,NA,36169
10610,1703,1710,St Mary Staining,London,Middlesex,St Mary Staining,ID_30079,NA
10661,1709,1710,St Giles in the Fields,Middlesex,Middlesex,St Giles in the Fields,ID_30018,NA
10746,1707,1710,Great Salkeld,Cumberland,Cumberland,Great Salkeld,NA,18713
10776,1709,1710,St Ives,Huntingdonshire,Huntingdonshire,St Ives,NA,41785
11016,1707,1710,Stowe,Buckinghamshire,Buckinghamshire,Stowe,NA,63711
11037,1707,1710,Cromer,Norfolk,Norfolk,Cromer,NA,11683
11212,1705,1709,Cheshunt,Hertfordshire,Hertfordshire,Cheshunt,NA,9027
11234,1707,1710,Mallandine,Essex,Essex,NA,NA,NA
11432,1708,1710,Godstone,Surrey,Surrey,Godstone,NA,18069
11757,1705,NA,St John Zachary,London,Middlesex,St John Zachary,ID_30080,NA
11763,1706,1710,London,London,Middlesex,NA,NA,NA
11852,1708,1710,London,London,Middlesex,NA,NA,NA
11856,1706,1709,Epping,Essex,Essex,Epping,NA,15406
12040,1709,1710,Ratcliff,Middlesex,Middlesex,Ratcliffe,ID_30177,NA
12137,1709,1709,London,London,Middlesex,NA,NA,NA
12220,1705,1710,Gloucester,Gloucestershire,Gloucestershire,Gloucester,NA,17982
12335,1704,1709,St Mary Overie,Surrey,Surrey,St Saviour Southwark,ID_30001,NA
12336,1706,1710,Windsor,Berkshire,Berkshire,Windsor,NA,50086
12378,1706,1709,London,London,Middlesex,NA,NA,NA
12381,1707,1709,London,London,Middlesex,NA,NA,NA
12462,1709,1710,Bangor,Caernarvonshire,Caernarvonshire,Bangor,NA,2237
12477,1708,1709,Limehouse,Middlesex,Middlesex,St Anne Limehouse,ID_30176,NA
12520,1704,1710,London,London,Middlesex,NA,NA,NA
12678,1704,1709,Stepney,Middlesex,Middlesex,St Dunstan Stepney,ID_30169,NA
12707,1706,1710,St Margaret Westminster,Middlesex,Middlesex,St Margaret Westminster,ID_127869,NA
12799,1706,1710,Sutton Coldfield,Warwickshire,Warwickshire,Sutton Coldfield,NA,43362
12828,1706,1709,Worcester,Worcestershire,Worcestershire,Worcester,NA,50943
12875,1708,1709,London,London,Middlesex,NA,NA,NA
12967,1708,1709,Handsworth Woodhouse,Yorkshire,Yorkshire,NA,NA,NA
13150,1702,1709,Stafford,Staffordshire,Staffordshire,Stafford,NA,41948
13277,1706,1710,London,London,Middlesex,NA,NA,NA
13339,1705,1709,Stepney,Middlesex,Middlesex,St Dunstan Stepney,ID_30169,NA
13482,1708,1710,St Sepulchre,Middlesex,Middlesex,St Sepulchre,ID_30058,NA
13544,1709,1710,St Mary Whitechapel,Middlesex,Middlesex,St Mary Whitechapel,ID_127867,NA
13700,1705,1709,London,London,Middlesex,NA,NA,NA
13882,1705,1709,Doncaster,Yorkshire,Yorkshire,Doncaster,NA,13310
13984,1702,1709,Stepney,Middlesex,Middlesex,St Dunstan Stepney,ID_30169,NA
14201,1707,1710,Iver,Buckinghamshire,Buckinghamshire,Iver,NA,23776
14238,1708,1710,Signett,Oxfordshire,Oxfordshire,NA,NA,NA
14259,1704,1709,St Pancras,Middlesex,Middlesex,St Pancras Middlesex,ID_127871,NA
7408,1711,1715,London,London,Middlesex,NA,NA,NA
7612,1713,1715,Kensington,Middlesex,Middlesex,St Anne Kensington,ID_127870,NA
9363,1713,1715,Wickham,Hampshire,Hampshire,Wickham,NA,49742
10616,1710,1715,Normansland,Hertfordshire,Hertfordshire,NA,NA,NA
11286,1714,1715,St Giles in the Fields,Middlesex,Middlesex,St Giles in the Fields,ID_30018,NA
13815,1709,1715,Crocklard,Wiltshire,Wiltshire,NA,NA,NA
17,1709,1714,Baddow,Essex,Essex,NA,NA,NA
55,1716,1721,St Martin Outwich,London,Middlesex,St Martin Outwich,ID_30147,NA
114,1714,1715,Whitechapel,Middlesex,Middlesex,St Mary Whitechapel,ID_127867,NA
146,1718,1721,St Botolph Aldgate,Middlesex,Middlesex,St Botolph Aldgate,ID_30153,NA
159,1716,1722,Drakenedge,Warwickshire,Warwickshire,NA,NA,NA
182,1720,NA,Frome,Somerset,Somerset,Frome,NA,17063
208,1710,1711,London,London,Middlesex,NA,NA,NA
228,1708,1711,Norwich,Norfolk,Norfolk,Norwich,NA,33455
356,1711,1716,St Giles in the Fields,Middlesex,Middlesex,St Giles in the Fields,ID_30018,NA
380,1712,1716,Burnham,Essex,Essex,NA,NA,NA
487,1709,1712,London,London,Middlesex,NA,NA,NA
550,1711,1715,Rotherhithe,Surrey,Surrey,St Mary Rotherhithe,ID_30008,NA
596,1711,1717,London,London,Middlesex,NA,NA,NA
664,1710,1712,London,London,Middlesex,NA,NA,NA
885,1712,1715,Chester,Cheshire,Cheshire,Chester,NA,9035
894,1721,1722,Little Minories in the Tower,London,Middlesex,The Tower,ID_127864,NA
1025,1711,1714,London,London,Middlesex,NA,NA,NA
1085,1716,1717,Kirby Bedon,Norfolk,Norfolk,Kirby Bedon,NA,24747
1128,1713,1715,St Anne Westminster,Middlesex,Middlesex,St Anne Soho,ID_30023,NA
1139,1718,1722,London,London,Middlesex,NA,NA,NA
1151,1710,1716,Compton,Gloucestershire,Gloucestershire,NA,NA,NA
1164,1719,1721,London,London,Middlesex,NA,NA,NA
1218,1713,1716,Blackfriars,London,Middlesex,St Anne Blackfriars,ID_30055,NA
1286,1709,1712,London,London,Middlesex,NA,NA,NA
1304,1713,1716,St Giles Cripplegate,Middlesex,Middlesex,St Giles Cripplegate,ID_30100,NA
1341,1711,1717,Northampton,Northamptonshire,Northamptonshire,Northampton,NA,33285
1489,1710,1716,Islington,Middlesex,Middlesex,St Mary Islington,ID_30043,NA
1540,1705,1711,Horton,Buckinghamshire,Buckinghamshire,NA,NA,NA
1583,1711,1715,Thatcham,Berkshire,Berkshire,Thatcham,NA,44087
1666,1711,1716,Blackmore Street,Surrey,Surrey,NA,NA,NA
1686,1712,1716,St Margaret Westminster,Middlesex,Middlesex,St Margaret Westminster,ID_127869,NA
1736,1710,1711,St Giles in the Fields,Middlesex,Middlesex,St Giles in the Fields,ID_30018,NA
1764,1719,1721,London,London,Middlesex,NA,NA,NA
1809,1706,1712,Ipswich,Suffolk,Suffolk,Ipswich,NA,23691
1819,1714,1715,Christ Church,Surrey,Surrey,Christchurch Southwark,ID_30000,NA
1898,1708,1712,St Margaret,Middlesex,Middlesex,St Margaret Westminster,ID_127869,NA
1946,1710,1714,Martin,Oxfordshire,Oxfordshire,NA,NA,NA
2041,1711,1717,NA,Hertfordshire,Hertfordshire,NA,NA,NA
2073,1709,1711,London,London,Middlesex,NA,NA,NA
2206,1708,1712,Allhallows London Wall,London,Middlesex,All Hallows London Wall,ID_127847,NA
2247,1714,1717,Warwick,Warwickshire,Warwickshire,Warwick,NA,47885
2531,1706,1712,London,London,Middlesex,NA,NA,NA
2578,1705,1712,London,London,Middlesex,NA,NA,NA
2606,1710,1711,London,London,Middlesex,NA,NA,NA
2636,1712,1715,Deptford,Kent,Kent,Deptford,NA,12973
2808,1710,1714,London,London,Middlesex,NA,NA,NA
2836,1708,1711,London,London,Middlesex,NA,NA,NA
2920,NA,1717,Holborn,Middlesex,Middlesex,St Andrew Holborn,ID_127848,NA
3079,1709,1712,NA,Essex,Essex,NA,NA,NA
3095,1712,1714,Chick Lane,London,Middlesex,NA,NA,NA
3101,1712,1717,Islington,Middlesex,Middlesex,St Mary Islington,ID_30043,NA
3162,1713,1717,Wolverhampton,Staffordshire,Staffordshire,Wolverhampton,NA,50404
3191,1716,1722,Eaton,Berkshire,Berkshire,Eaton,NA,14682
3303,1714,1717,Tower Hill,London,Middlesex,The Tower,ID_127864,NA
3378,1713,1716,Carshalton,Surrey,Surrey,Carshalton,NA,8106
3391,1714,1716,Stow on the Wold,Gloucestershire,Gloucestershire,Stow on the Wold,NA,42844
3492,1713,1715,Coventry,Warwickshire,Warwickshire,Coventry,NA,11138
3495,1715,1716,Prince's Street,London,Middlesex,NA,NA,NA
3670,1711,1712,South Mimms,Hertfordshire,Hertfordshire,NA,NA,NA
3697,1709,1712,Ashurst,Suffolk,Suffolk,NA,NA,NA
3698,1710,1715,Callidg,Cambridgeshire,Cambridgeshire,NA,NA,NA
3721,1711,1712,London,London,Middlesex,NA,NA,NA
3722,1711,1716,London,London,Middlesex,NA,NA,NA
3730,1714,1715,Ely,Cambridgeshire,Cambridgeshire,Ely,NA,15168
3731,1715,1717,NA,Cambridgeshire,Cambridgeshire,NA,NA,NA
3897,1707,1712,Mirkson,Wiltshire,Wiltshire,NA,NA,NA
3947,1714,1717,NA,Oxfordshire,Oxfordshire,NA,NA,NA
4034,1716,1717,NA,Essex,Essex,NA,NA,NA
4160,1713,1714,Boston,Lincolnshire,Lincolnshire,Boston,NA,4794
4279,1718,1721,NA,Shropshire,Shropshire,NA,NA,NA
4357,1710,1715,St Paul Covent Garden,Middlesex,Middlesex,St Paul Covent Garden,ID_30031,NA
4562,1713,1717,London,London,Middlesex,NA,NA,NA
4578,1712,1716,London,London,Middlesex,NA,NA,NA
4579,1710,1714,London,London,Middlesex,NA,NA,NA
4599,1711,1711,London,London,Middlesex,NA,NA,NA
4633,1705,1711,London,London,Middlesex,NA,NA,NA
4670,1711,1716,Shadwell,Middlesex,Middlesex,St Paul Shadwell,ID_30184,NA
4711,1715,1717,St Andrew Holborn,Middlesex,Middlesex,St Andrew Holborn,ID_127848,NA
4808,1709,1715,Beedle,Yorkshire,Yorkshire,NA,NA,NA
4961,1718,1717,Ware,Hertfordshire,Hertfordshire,Ware,NA,47782
4984,1709,1712,Southwark,Surrey,Surrey,NA,NA,NA
5047,1712,1716,Bythorpe,Derbyshire,Derbyshire,NA,NA,NA
5110,1713,1714,Barkway,Hertfordshire,Hertfordshire,Barkway,NA,2405
5210,1711,1715,Hackney,Middlesex,Middlesex,Hackney,NA,19524
5412,1711,1715,Clapham,Surrey,Surrey,Clapham,NA,9592
5523,1710,1714,St Mary Aldermanbury,London,Middlesex,St Mary Aldermanbury,ID_30098,NA
5534,1710,1714,St Saviour Southwark,Surrey,Surrey,St Saviour Southwark,ID_30001,NA
5585,1715,1717,London,London,Middlesex,NA,NA,NA
5625,1711,1715,Audley,Staffordshire,Staffordshire,Audley,NA,1691
5684,1712,1714,London,London,Middlesex,NA,NA,NA
5766,1720,1722,Dunstable,Bedfordshire,Bedfordshire,Dunstable,NA,13925
5784,1708,1712,St Botolph Aldersgate,London,Middlesex,St Botolph Aldersgate,ID_30061,NA
5827,1718,1722,Fetter Lane,London,Middlesex,NA,NA,NA
5939,1720,1722,Putney,Surrey,Surrey,Putney,NA,37033
5944,1714,1717,St James,Middlesex,Middlesex,St James Westminster,ID_30024,NA
5980,1715,1717,West Smithfield,London,Middlesex,St Bartholomew the Great,ID_30059,NA
6196,1714,1721,Sutton,Cheshire,Cheshire,Sutton,NA,63815
6216,1713,1717,London,London,Middlesex,NA,NA,NA
6248,1713,1715,London,London,Middlesex,NA,NA,NA
6578,1715,1717,London,London,Middlesex,NA,NA,NA
6579,1716,1717,Stepney,Middlesex,Middlesex,St Dunstan Stepney,ID_30169,NA
6583,1710,1715,St Botolph without Bishopsgate,London,Middlesex,St Botolph Bishopsgate,ID_127859,NA
6655,1719,1721,Millmorton,Wiltshire,Wiltshire,NA,NA,NA
6812,1712,1714,Southwark,Surrey,Surrey,NA,NA,NA
6830,1711,1716,Harlow,Essex,Essex,Harlow,NA,20234
6915,1713,1717,NA,London,Middlesex,NA,NA,NA
6949,1708,1712,NA,Essex,Essex,NA,NA,NA
7046,1710,1712,Christ Church,London,Middlesex,Christ Church,ID_30069,NA
7133,1713,1717,Enfield,Middlesex,Middlesex,Enfield,NA,15358
7284,1714,1715,St Dunstan Stepney,Middlesex,Middlesex,St Dunstan Stepney,ID_30169,NA
7420,1715,1717,London,London,Middlesex,NA,NA,NA
7451,1714,1717,NA,Norfolk,Norfolk,NA,NA,NA
7522,1710,1715,Sherborne,Dorset,Dorset,Sherborne,NA,40076
7645,1711,1712,London,London,Middlesex,NA,NA,NA
7692,1711,1712,Lowestoft,Suffolk,Suffolk,Lowestoft,NA,28702
7700,1720,1722,St Andrew Holborn,Middlesex,Middlesex,St Andrew Holborn,ID_127848,NA
7730,1715,1716,Whitechapel,Middlesex,Middlesex,St Mary Whitechapel,ID_127867,NA
7932,1709,1712,St Martin in the Fields,Middlesex,Middlesex,St Martin in the Fields,ID_30034,NA
7953,1711,1715,West Heighburne,County Durham,County Durham,NA,NA,NA
8083,1714,1714,Oakingham,Berkshire,Berkshire,Oakingham,NA,NA
8120,1710,1714,London,London,Middlesex,NA,NA,NA
8205,1710,1714,NA,Cambridgeshire,Cambridgeshire,NA,NA,NA
8288,1719,1722,London,London,Middlesex,NA,NA,NA
8314,1709,1711,London,London,Middlesex,NA,NA,NA
8315,1709,1712,London,London,Middlesex,NA,NA,NA
8324,NA,1715,London,London,Middlesex,NA,NA,NA
8349,1711,1715,London,London,Middlesex,NA,NA,NA
8375,1713,1714,London,London,Middlesex,NA,NA,NA
8483,1719,1721,Dorchester,Dorset,Dorset,Dorchester,NA,13340
8542,1713,1717,NA,Middlesex,Middlesex,NA,NA,NA
8631,1717,1721,St Clement Danes,Middlesex,Middlesex,St Clement Danes,ID_30015,NA
8633,1709,1714,St Mary Islington,Middlesex,Middlesex,St Mary Islington,ID_30043,NA
8665,1713,1715,Hurst,Sussex,Sussex,NA,NA,NA
8670,1711,1716,Serswell Burton,Oxfordshire,Oxfordshire,NA,NA,NA
8727,1711,1715,St Anne Blackfriars,London,Middlesex,St Anne Blackfriars,ID_30055,NA
8774,1718,1722,London,London,Middlesex,NA,NA,NA
8948,1717,1717,Fetter Lane,London,Middlesex,NA,NA,NA
8952,1712,1715,London,London,Middlesex,NA,NA,NA
8984,1715,1722,St Clement Danes,Middlesex,Middlesex,St Clement Danes,ID_30015,NA
9080,1706,1712,St Mary Magdalen Bermondsey,Surrey,Surrey,St Mary Magdalen Bermondsey,ID_30004,NA
9164,1713,1718,Yately,Surrey,Surrey,NA,NA,NA
9188,1715,1717,Cheshunt,Hertfordshire,Hertfordshire,Cheshunt,NA,9027
9240,1713,1717,NA,Middlesex,Middlesex,NA,NA,NA
9241,1710,1717,Cranfield,Bedfordshire,Bedfordshire,Cranfield,NA,11400
9306,1711,1717,NA,Middlesex,Middlesex,NA,NA,NA
9329,1716,1717,NA,Surrey,Surrey,NA,NA,NA
9391,1714,1717,NA,Middlesex,Middlesex,NA,NA,NA
9505,1713,1717,London,London,Middlesex,NA,NA,NA
9690,1718,1721,Wilmington,Kent,Kent,Wilmington,NA,49979
9706,1713,1718,Loughborough,Leicestershire,Leicestershire,Loughborough,NA,28159
9728,1715,1717,St Dunstan in the West,London,Middlesex,St Dunstan in the West,ID_127855,NA
9742,1710,1712,St Katherine by the Tower,London,Middlesex,Precinct of St Katherine,ID_30181,NA
9789,1709,1711,London,London,Middlesex,NA,NA,NA
9796,1714,1717,NA,Middlesex,Middlesex,NA,NA,NA
9835,1711,1715,London,London,Middlesex,NA,NA,NA
9838,1710,1712,St Giles without Cripplegate,Middlesex,Middlesex,St Giles Cripplegate,ID_30100,NA
9881,1720,1721,Norwich,Norfolk,Norfolk,Norwich,NA,33455
9884,1720,1721,Norwich,Norfolk,Norfolk,Norwich,NA,33455
9915,1718,1721,Wincanton,Somerset,Somerset,Wincanton,NA,50038
9985,1713,1716,London,London,Middlesex,NA,NA,NA
10045,1708,1712,Lambeth,Surrey,Surrey,St Mary Lambeth,ID_127857,NA
10089,1713,1717,Manley,Cheshire,Cheshire,Manley,NA,29269
10094,1708,1712,Tillington,Sussex,Sussex,Tillington,NA,44919
10165,1712,1715,Low Leyton,Essex,Essex,Low Leyton,NA,NA
10495,1708,1712,London,London,Middlesex,NA,NA,NA
10542,1714,1717,London,London,Middlesex,NA,NA,NA
10573,1706,1711,London,London,Middlesex,NA,NA,NA
10617,1713,1717,NA,Middlesex,Middlesex,NA,NA,NA
10659,1708,1712,St Margarets,Herefordshire,Herefordshire,St Margarets,NA,41841
10698,1711,1714,Bletsoe,Bedfordshire,Bedfordshire,Bletsoe,NA,4320
10765,1714,1717,Bishopsgate,London,Middlesex,St Botolph Bishopsgate,ID_127859,NA
10767,NA,1716,London,London,Middlesex,NA,NA,NA
10778,1705,1712,Silsoe,Bedfordshire,Bedfordshire,Silsoe,NA,40468
10925,1713,1714,St Botolph Aldgate,Middlesex,Middlesex,St Botolph Aldgate,ID_30153,NA
10960,1712,1715,Newcastle upon Tyne,Northumberland,Northumberland,Newcastle upon Tyne,NA,32435
11169,1707,1711,Wharton,Westmorland,Westmorland,Wharton,NA,297614
11257,1716,1722,St James,Middlesex,Middlesex,St James Westminster,ID_30024,NA
11258,1718,1722,St James,Middlesex,Middlesex,St James Westminster,ID_30024,NA
11268,1713,1715,St Giles Cirpplegate,Middlesex,Middlesex,St Giles Cripplegate,ID_30100,NA
11358,1713,1715,London,London,Middlesex,NA,NA,NA
11439,1716,1716,Olney,Buckinghamshire,Buckinghamshire,Olney,NA,33999
11444,1719,1721,London,London,Middlesex,NA,NA,NA
11513,1704,1711,Waldey,Surrey,Surrey,NA,NA,NA
11650,1709,1712,Southwark,Surrey,Surrey,NA,NA,NA
11772,1714,1715,St Mary Islington,Middlesex,Middlesex,St Mary Islington,ID_30043,NA
11809,1713,1715,London,London,Middlesex,NA,NA,NA
11834,1711,1715,Hawkhurst,Kent,Kent,Hawkhurst,NA,20638
11886,1712,1715,Limehouse,Middlesex,Middlesex,St Anne Limehouse,ID_30176,NA
12026,1709,1712,NA,Middlesex,Middlesex,NA,NA,NA
12055,1711,1715,Uxbridge,Middlesex,Middlesex,Uxbridge,NA,47245
12076,1711,1711,Sandbridge,Cheshire,Cheshire,NA,NA,NA
12181,1713,1715,London,London,Middlesex,NA,NA,NA
12266,1711,1714,Chaldon Herring,Dorset,Dorset,Chaldon Herring,NA,8608
12284,1707,1712,Wapping,Middlesex,Middlesex,St John Wapping,ID_30182,NA
12372,1706,1711,NA,Oxfordshire,Oxfordshire,NA,NA,NA
12450,1713,1715,Northampton,Northamptonshire,Northamptonshire,Northampton,NA,33285
12473,1717,1721,Lambeth,Surrey,Surrey,St Mary Lambeth,ID_127857,NA
12483,1713,1717,St Andrew Holborn,Middlesex,Middlesex,St Andrew Holborn,ID_127848,NA
12497,1716,NA,London,London,Middlesex,NA,NA,NA
12536,1712,1715,Tinn,Surrey,Surrey,NA,NA,NA
12553,NA,1714,Chertsey,Surrey,Surrey,Chertsey,NA,9021
12557,1709,1714,St James Westminster,Middlesex,Middlesex,St James Westminster,ID_30024,NA
12564,1709,1712,Sabridgeworth,Essex,Essex,NA,NA,NA
12578,1713,1717,London,London,Middlesex,NA,NA,NA
12583,1713,1717,Amwell,Hertfordshire,Hertfordshire,Amwell,NA,882
12604,NA,1721,London,London,Middlesex,NA,NA,NA
12614,1709,1716,Eaton Bishop,Herefordshire,Herefordshire,Eaton Bishop,NA,14684
12701,1716,1721,London,London,Middlesex,NA,NA,NA
12742,1704,1711,Cripplegate,London,Middlesex,St Giles Cripplegate,ID_30100,NA
12774,1714,1714,Hertford,Hertfordshire,Hertfordshire,Hertford,NA,21349
12804,1706,1712,Hempstead,Hertfordshire,Hertfordshire,Hemel Hempstead,NA,21108
12811,1713,1716,Battersea,Surrey,Surrey,Battersea,ID_30014,NA
12812,1716,1722,Shoreditch,Middlesex,Middlesex,St Leonard Shoreditch,ID_30170,NA
12855,1712,1715,Hivorn,Wiltshire,Wiltshire,NA,NA,NA
12896,1710,1714,NA,Middlesex,Middlesex,NA,NA,NA
13136,1713,1715,London,London,Middlesex,NA,NA,NA
13170,1711,1714,Lawton,Cheshire,Cheshire,NA,NA,NA
13255,1719,1721,West Haddon,Northamptonshire,Northamptonshire,West Haddon,NA,48608
13378,1719,1721,Fleet Street,London,Middlesex,NA,NA,NA
13427,1718,1722,St Giles without Cripplegate,Middlesex,Middlesex,St Giles Cripplegate,ID_30100,NA
13481,1706,1712,London,London,Middlesex,NA,NA,NA
13672,1714,1717,Caster,Lincolnshire,Lincolnshire,NA,NA,NA
13750,1709,1712,Cripplegate,London,Middlesex,St Giles Cripplegate,ID_30100,NA
13883,1716,1722,London,London,Middlesex,NA,NA,NA
13904,1715,1716,NA,Surrey,Surrey,NA,NA,NA
13909,1713,1715,Bray,Berkshire,Berkshire,Bray,NA,5428
14021,1706,1712,Keston,Kent,Kent,Keston,NA,24172
14039,1713,1715,Whitechapel,Middlesex,Middlesex,St Mary Whitechapel,ID_127867,NA
14058,1709,1711,Poplar,Middlesex,Middlesex,Poplar,ID_30173,NA
14066,1711,1715,Shenley,Hertfordshire,Hertfordshire,Shenley,NA,40037
14091,1710,1715,London,London,Middlesex,NA,NA,NA
14187,1711,1716,NA,Middlesex,Middlesex,NA,NA,NA
14212,1719,1721,London,London,Middlesex,NA,NA,NA
14228,1713,1716,London,London,Middlesex,NA,NA,NA
9949,1708,1712,St John Hackney,Middlesex,Middlesex,Hackney,NA,19524
10237,1712,1714,Wallington,Hertfordshire,Hertfordshire,Wallington,NA,47572
3,1708,1711,Aldham,Suffolk,Suffolk,Aldham,NA,577
86,1707,1711,Houghton Regis,Bedfordshire,Bedfordshire,Houghton Regis,NA,22941
93,1709,1711,Guildford,Surrey,Surrey,Guildford,NA,19326
136,1707,1711,St Peter,Wiltshire,Wiltshire,NA,NA,NA
149,1706,1711,Twickenham,Middlesex,Middlesex,Twickenham,NA,46439
156,1708,1711,Kingham,Berkshire,Berkshire,NA,NA,NA
207,1709,1711,Wapping,Middlesex,Middlesex,St John Wapping,ID_30182,NA
509,1708,1711,Playward,Northumberland,Northumberland,NA,NA,NA
539,1707,1711,Banstead,Surrey,Surrey,Banstead,NA,2301
545,1708,1711,Hinton,Northamptonshire,Northamptonshire,Hinton,NA,22089
646,1709,1711,London,London,Middlesex,NA,NA,NA
759,1707,1711,London,London,Middlesex,NA,NA,NA
910,1706,1711,London,London,Middlesex,NA,NA,NA
1068,1708,1711,Lilley,Hertfordshire,Hertfordshire,Lilley,NA,26249
1173,1709,1711,London,London,Middlesex,NA,NA,NA
1311,1706,1711,Stepney,Middlesex,Middlesex,St Dunstan Stepney,ID_30169,NA
1406,1710,1711,Hatfield,Essex,Essex,NA,NA,NA
1450,1706,1711,Sudbury,Derbyshire,Derbyshire,Sudbury,NA,43196
1451,1710,1711,St Margaret Lothbury,London,Middlesex,St Margaret Lothbury,ID_30114,NA
1573,1706,1711,Leigh,Lancashire,Lancashire,Leigh,NA,25960
1800,1704,1711,Clapham,Surrey,Surrey,Clapham,NA,9592
1936,1707,1711,Lymington,Hampshire,Hampshire,Lymington,NA,28945
2213,1709,1711,Friern Barnet,Middlesex,Middlesex,Friern Barnet,NA,16982
2473,1709,1711,Water Stratford,Buckinghamshire,Buckinghamshire,Water Stratford,NA,47959
2500,1705,1711,Earsham,Norfolk,Norfolk,Earsham,NA,14135
2668,1706,1711,Galing,Gloucestershire,Gloucestershire,NA,NA,NA
2699,1707,1711,St Sepulchre,Middlesex,Middlesex,St Sepulchre,ID_30058,NA
2879,1707,1711,London,London,Middlesex,NA,NA,NA
3219,1709,1711,London,London,Middlesex,NA,NA,NA
3256,1708,1711,St Olave Southwark,Surrey,Surrey,St Olave Southwark,ID_30002,NA
3359,1709,1711,London,London,Middlesex,NA,NA,NA
3431,1706,1711,Chichester,Sussex,Sussex,Chichester,NA,9094
3483,1708,1711,Aldgate,London,Middlesex,St Botolph Aldgate,ID_30153,NA
3490,1710,1711,London,London,Middlesex,NA,NA,NA
3570,1709,1711,London,London,Middlesex,NA,NA,NA
3652,1709,1711,St Mary Whitechapel,Middlesex,Middlesex,St Mary Whitechapel,ID_127867,NA
3654,1707,1711,St Botolph Bishopsgate,Middlesex,Middlesex,St Botolph Bishopsgate,ID_127859,NA
3688,1710,1711,St James,Middlesex,Middlesex,St James Westminster,ID_30024,NA
3703,1707,1711,St James Westminster,Middlesex,Middlesex,St James Westminster,ID_30024,NA
3813,1706,1711,Princethorpe,Warwickshire,Warwickshire,Princethorpe,NA,36913
3826,1705,1711,East Smithfield,Middlesex,Middlesex,St Botolph Aldgate,ID_30153,NA
3925,1707,1711,NA,Hertfordshire,Hertfordshire,NA,NA,NA
4048,1705,1711,St Martin in the Fields,Middlesex,Middlesex,St Martin in the Fields,ID_30034,NA
4091,1704,1711,Windsor,Berkshire,Berkshire,Windsor,NA,50086
4265,1708,1711,"Rosemary Lane, Whitechapel",Middlesex,Middlesex,St Botolph Aldgate,ID_30153,NA
4288,1708,1711,Whitechapel,Middlesex,Middlesex,St Mary Whitechapel,ID_127867,NA
4475,1708,1711,Readly,Leicestershire,Leicestershire,NA,NA,NA
4483,1706,1711,St Giles without Cripplegate,London,Middlesex,St Giles Cripplegate,ID_30100,NA
4582,1706,1711,Canterbury,Kent,Kent,Canterbury,NA,7771
4860,1706,1711,London,London,Middlesex,NA,NA,NA
4966,1706,1711,Cripplegate,London,Middlesex,St Giles Cripplegate,ID_30100,NA
4988,1709,1711,London,London,Middlesex,NA,NA,NA
5133,1706,1711,London,London,Middlesex,NA,NA,NA
5206,1706,1711,Burstale,Norfolk,Norfolk,NA,NA,NA
5263,1704,1711,York,Yorkshire,Yorkshire,York,NA,51511
5374,1706,1711,Christ Church,Surrey,Surrey,Christchurch Southwark,ID_30000,NA
5380,1710,1711,London,London,Middlesex,NA,NA,NA
5483,1709,1711,London,London,Middlesex,NA,NA,NA
5580,1709,1711,Bow,Essex,Essex,NA,NA,NA
5716,1710,1711,Caldecote,Hertfordshire,Hertfordshire,Caldecote,NA,7516
5889,1707,1711,Southwark,Surrey,Surrey,NA,NA,NA
6064,1707,1711,Yetminster,Dorset,Dorset,Yetminster,NA,51436
6073,1704,1711,Manchester,Lancashire,Lancashire,Manchester,NA,29251
6154,1710,1711,London,London,Middlesex,NA,NA,NA
6473,1709,1711,St James Westminster,Middlesex,Middlesex,St James Westminster,ID_30024,NA
6482,1707,1711,Bridewell Precinct,London,Middlesex,Precinct of Bridewell,ID_30050,NA
6491,1707,1711,Great Brailes,Warwickshire,Warwickshire,NA,NA,NA
6689,1709,1711,Southwark,Surrey,Surrey,NA,NA,NA
6718,1709,1711,London,London,Middlesex,NA,NA,NA
7045,1707,1711,Bishop's Stortford,Hertfordshire,Hertfordshire,Bishop's Stortford,NA,3883
7243,1707,1711,St Mary Whitechapel,Middlesex,Middlesex,St Mary Whitechapel,ID_127867,NA
7254,1707,1711,Hackney,Middlesex,Middlesex,Hackney,NA,19524
7341,1706,1711,Walthamstow,Essex,Essex,Walthamstow,NA,47645
7346,1709,1711,St James Westminster,Middlesex,Middlesex,St James Westminster,ID_30024,NA
7523,1705,1711,Highworth,Wiltshire,Wiltshire,Highworth,NA,21841
7615,1706,1710,Goddingham,Gloucestershire,Gloucestershire,NA,NA,NA
7706,1706,1711,London,London,Middlesex,NA,NA,NA
7719,1707,1711,St James Clerkenwell,Middlesex,Middlesex,St James Clerkenwell,ID_127865,NA
7829,1708,1711,Sherington,Buckinghamshire,Buckinghamshire,Sherington,NA,40098
7872,1708,1711,London,London,Middlesex,NA,NA,NA
7951,1709,1711,St Giles Cripplegate,Middlesex,Middlesex,St Giles Cripplegate,ID_30100,NA
8033,1706,1711,London,London,Middlesex,NA,NA,NA
8036,1708,1711,Dover,Kent,Kent,Dover,NA,13407
8269,1706,1711,St Margaret Westminster,Middlesex,Middlesex,St Margaret Westminster,ID_127869,NA
8280,1708,1711,Stepney,Middlesex,Middlesex,St Dunstan Stepney,ID_30169,NA
8770,1709,1711,London,London,Middlesex,NA,NA,NA
8806,1709,1711,London,London,Middlesex,NA,NA,NA
8991,1708,1711,Upavon,Wiltshire,Wiltshire,Upavon,NA,46765
8994,1707,1711,Rottingdean,Sussex,Sussex,Rottingdean,NA,38597
9001,1707,1711,Alconbury Weston,Huntingdonshire,Huntingdonshire,Alconbury Weston,NA,525
9015,1708,1711,St Mary Magdalen Bermondsey,Surrey,Surrey,St Mary Magdalen Bermondsey,ID_30004,NA
9094,1706,1711,St John Wapping,Middlesex,Middlesex,St John Wapping,ID_30182,NA
9111,1709,1711,Uttoxeter,Staffordshire,Staffordshire,Uttoxeter,NA,47241
9270,1705,1711,London,London,Middlesex,NA,NA,NA
9278,1710,1711,St Olave Silver Street,London,Middlesex,St Olave Silver Street,ID_30096,NA
9336,1710,1711,Brister,Oxfordshire,Oxfordshire,NA,NA,NA
9412,1706,1711,Derby,Derbyshire,Derbyshire,Derby,NA,12974
9655,1707,1711,Godmanchester,Huntingdonshire,Huntingdonshire,Godmanchester,NA,18057
9761,1708,1711,St Botolph Bishopsgate,London,Middlesex,St Botolph Bishopsgate,ID_127859,NA
9861,1709,1711,Wendover,Buckinghamshire,Buckinghamshire,Wendover,NA,48352
9875,1706,1711,Old Bailey,London,Middlesex,St Sepulchre,ID_30058,NA
9990,1707,1711,St Bartholomew the Great,London,Middlesex,St Bartholomew the Great,ID_30059,NA
10060,1708,1711,St Sepulchre,London,Middlesex,St Sepulchre,ID_30058,NA
10100,1705,1711,Rainham,Essex,Essex,Rainham,NA,37317
10104,1706,1711,Borough of Southwark,Surrey,Surrey,NA,NA,NA
10136,1705,1711,Rodeley,Leicestershire,Leicestershire,NA,NA,NA
10298,1708,1711,Southwark,Surrey,Surrey,NA,NA,NA
10312,1706,1711,Bodger,Gloucestershire,Gloucestershire,NA,NA,NA
10367,1710,1711,London,London,Middlesex,NA,NA,NA
10389,1707,1711,Harrow on the Hill,Middlesex,Middlesex,Harrow on the Hill,NA,20312
10574,1709,1711,Ruabon,Denbighshire,Denbighshire,Ruabon,NA,37790
10653,1707,1711,London,London,Middlesex,NA,NA,NA
10683,1708,1711,London,London,Middlesex,NA,NA,NA
10809,1705,1711,Stert,Wiltshire,Wiltshire,Stert,NA,42351
10834,1710,1711,Broadway,Worcestershire,Worcestershire,Broadway,NA,5964
10941,1707,1711,Southminster,Essex,Essex,Southminster,NA,41390
10962,1708,1711,Newington Butts,Surrey,Surrey,Newington,ID_30005,NA
11123,1710,1711,London,London,Middlesex,NA,NA,NA
11131,NA,1711,London,London,Middlesex,NA,NA,NA
11156,1707,1711,St Katherine,Middlesex,Middlesex,Precinct of St Katherine,ID_30181,NA
11285,1706,1711,St Giles in the Fields,Middlesex,Middlesex,St Giles in the Fields,ID_30018,NA
11351,1706,1711,Husband Crawley,Bedfordshire,Bedfordshire,NA,NA,NA
11355,1707,1710,Chertsey,Surrey,Surrey,Chertsey,NA,9021
11441,1706,1711,St Andrew Holborn,Middlesex,Middlesex,St Andrew Holborn,ID_127848,NA
11506,1707,1711,St Giles in the Fields,Middlesex,Middlesex,St Giles in the Fields,ID_30018,NA
11553,1707,1711,St Botolph Aldgate,Middlesex,Middlesex,St Botolph Aldgate,ID_30153,NA
11648,1708,1711,St John Wapping,Middlesex,Middlesex,St John Wapping,ID_30182,NA
11649,1708,1711,St Martin in the Fields,Middlesex,Middlesex,St Martin in the Fields,ID_30034,NA
11753,1708,1711,Kingston upon Thames,Surrey,Surrey,Kingston upon Thames,NA,24629
11860,1706,1711,London,London,Middlesex,NA,NA,NA
11936,1706,1711,Bristow Causey,Surrey,Surrey,NA,NA,NA
11953,1710,1711,St Andrew Holborn,Middlesex,Middlesex,St Andrew Holborn,ID_127848,NA
12145,1707,1711,London,London,Middlesex,NA,NA,NA
12370,1706,1711,Stepney,Middlesex,Middlesex,St Dunstan Stepney,ID_30169,NA
12516,1709,1711,London,London,Middlesex,NA,NA,NA
12623,1704,1711,Oxford,Oxfordshire,Oxfordshire,Oxford,NA,34379
13021,1706,1711,Gatton,Surrey,Surrey,Gatton,NA,17512
13278,1709,1711,Stepney,Middlesex,Middlesex,St Dunstan Stepney,ID_30169,NA
13500,1709,1711,London,London,Middlesex,NA,NA,NA
13637,1708,1711,Ruscombe,Berkshire,Berkshire,Ruscombe,NA,38854
13664,1707,1711,St Giles in the Fields,Middlesex,Middlesex,St Giles in the Fields,ID_30018,NA
13845,1707,1711,London,London,Middlesex,NA,NA,NA
13940,1705,1711,London,London,Middlesex,NA,NA,NA
13948,1707,1711,Exton,Hampshire,Hampshire,Exton,NA,15601
13988,1708,1711,Rotherhithe,Surrey,Surrey,St Mary Rotherhithe,ID_30008,NA
14054,1710,1711,"St Peter le Poor, Broad Street",London,Middlesex,St Peter le Poor,ID_30148,NA
14075,1707,1711,London,London,Middlesex,NA,NA,NA
14088,1710,1711,Winchcombe,Gloucestershire,Gloucestershire,Winchcombe,NA,50044
14169,1709,1711,York,Yorkshire,Yorkshire,York,NA,51511
14252,1706,1711,Woolwich,Kent,Kent,Woolwich,NA,50897
14176,1707,1713,High Ongar,Essex,Essex,High Ongar,NA,21583
26,1708,1712,Limehouse,Middlesex,Middlesex,St Anne Limehouse,ID_30176,NA
127,1707,1712,Enfield,Middlesex,Middlesex,Enfield,NA,15358
137,1713,1713,Bromsgrove,Worcestershire,Worcestershire,Bromsgrove,NA,6092
229,1705,1712,London,London,Middlesex,NA,NA,NA
385,1707,1712,St Olave Southwark,Surrey,Surrey,St Olave Southwark,ID_30002,NA
453,1711,1712,Wapping,Middlesex,Middlesex,St John Wapping,ID_30182,NA
592,1708,1712,Camberwell,Surrey,Surrey,Camberwell,NA,7634
611,1712,1713,Stoke Edith,Herefordshire,Herefordshire,Stoke Edith,NA,42539
706,1709,1712,Bury St Edmonds,Suffolk,Suffolk,Bury St Edmunds,NA,7176
902,1707,1712,London,London,Middlesex,NA,NA,NA
905,1709,1712,London,London,Middlesex,NA,NA,NA
1161,1710,1713,Walthamstow,Essex,Essex,Walthamstow,NA,47645
1428,1709,1712,Woodhouse,Leicestershire,Leicestershire,Woodhouse,NA,50634
1439,1710,1712,Asher,Derbyshire,Derbyshire,NA,NA,NA
1634,1707,1712,Harmondsworth,Middlesex,Middlesex,Harmondsworth,NA,20254
1948,1710,1712,Martin,Suffolk,Suffolk,NA,NA,NA
2026,1709,1713,Oxford,Oxfordshire,Oxfordshire,Oxford,NA,34379
2055,1711,1712,Woolwich,Kent,Kent,Woolwich,NA,50897
2062,1709,1712,Kingston,Surrey,Surrey,Kingston upon Thames,NA,24629
2243,1711,1712,Norwich,Norfolk,Norfolk,Norwich,NA,33455
2251,1712,1712,London,London,Middlesex,NA,NA,NA
2609,1709,1713,Hanwell,Oxfordshire,Oxfordshire,Hanwell,NA,20068
2619,1705,1712,Bingley,Yorkshire,Yorkshire,Bingley,NA,3702
2687,1709,1712,London,London,Middlesex,NA,NA,NA
2704,1707,1712,London,London,Middlesex,NA,NA,NA
2824,1706,1712,Salisbury,Wiltshire,Wiltshire,Salisbury,NA,39066
2866,1709,1712,London,London,Middlesex,NA,NA,NA
3230,1709,1712,Somersham,Huntingdonshire,Huntingdonshire,Somersham,NA,40995
3244,1710,1713,Islington,Middlesex,Middlesex,St Mary Islington,ID_30043,NA
3301,1707,1713,Eaton,Bedfordshire,Bedfordshire,NA,NA,NA
3364,1705,1712,St Botolph Bishopsgate,London,Middlesex,St Botolph Bishopsgate,ID_127859,NA
3456,1709,1712,East Smithfield,Middlesex,Middlesex,St Botolph Aldgate,ID_30153,NA
3599,1709,1713,Maidstone,Kent,Kent,Maidstone,NA,29156
3650,1709,1712,Ashbury,Buckinghamshire,Buckinghamshire,NA,NA,NA
3699,1710,1713,London,London,Middlesex,NA,NA,NA
3753,1710,1713,London,London,Middlesex,NA,NA,NA
3850,1709,1712,Stepney,Middlesex,Middlesex,St Dunstan Stepney,ID_30169,NA
3884,1706,1713,London,London,Middlesex,NA,NA,NA
3987,1709,1712,St Giles in the Fields,Middlesex,Middlesex,St Giles in the Fields,ID_30018,NA
4233,1707,1712,Kirkby Stavey,Westmorland,Westmorland,NA,NA,NA
4334,1711,1712,London,London,Middlesex,NA,NA,NA
4403,1708,1712,Wapping,Middlesex,Middlesex,St John Wapping,ID_30182,NA
4419,1710,1712,St Claines,Worcestershire,Worcestershire,NA,NA,NA
4457,1709,1712,Gainsborough,Lincolnshire,Lincolnshire,Gainsborough,NA,17231
4498,1707,1712,Rotherhithe,Surrey,Surrey,St Mary Rotherhithe,ID_30008,NA
5028,1710,1712,London,London,Middlesex,NA,NA,NA
5160,1706,1711,NA,Northamptonshire,Northamptonshire,NA,NA,NA
5457,1710,1713,Newcastle,Northumberland,Northumberland,NA,NA,NA
5801,1708,1712,London,London,Middlesex,NA,NA,NA
5810,1709,1713,St Giles in the Fields,Middlesex,Middlesex,St Giles in the Fields,ID_30018,NA
5884,1704,1709,Lee,Kent,Kent,Lee,NA,25900
5926,1707,1713,Scoulton,Norfolk,Norfolk,Scoulton,NA,39554
6125,1707,1713,Hardham,Sussex,Sussex,Hardham,NA,20117
6143,1707,1712,Burton upon Trent,Staffordshire,Staffordshire,Burton upon Trent,NA,7145
6192,1708,1712,London,London,Middlesex,NA,NA,NA
6524,1709,1713,St Margaret Westminster,Middlesex,Middlesex,St Margaret Westminster,ID_127869,NA
6527,1707,1712,Hampstead,Middlesex,Middlesex,Hampstead,NA,19944
6557,1706,1712,St Olave Southwark,Surrey,Surrey,St Olave Southwark,ID_30002,NA
6582,1706,1712,Langley Burrell,Wiltshire,Wiltshire,Langley Burrell,NA,25515
6618,1708,1712,London,London,Middlesex,NA,NA,NA
6648,1706,1712,Norton,Derbyshire,Derbyshire,Norton,NA,293141
6680,1712,1713,Putnam,Surrey,Surrey,NA,NA,NA
6724,1710,1712,St Katherine Creechurch,London,Middlesex,St Katherine Creechurch,ID_30156,NA
6907,1709,1713,St Martin in the Fields,Middlesex,Middlesex,St Martin in the Fields,ID_30034,NA
6931,1711,1712,St Botolph Bishopsgate,London,Middlesex,St Botolph Bishopsgate,ID_127859,NA
7042,1706,1712,London,London,Middlesex,NA,NA,NA
7301,1708,1712,London,London,Middlesex,NA,NA,NA
7968,1709,1713,Marlborough,Wiltshire,Wiltshire,Marlborough,NA,29474
8082,1709,1713,St Dunstan in the West,London,Middlesex,St Dunstan in the West,ID_127855,NA
8151,1709,1712,Thame,Oxfordshire,Oxfordshire,Thame,NA,44078
8223,1708,1712,London,London,Middlesex,NA,NA,NA
8258,1707,1712,Winchester,Hampshire,Hampshire,Winchester,NA,50050
8281,1706,1712,London,London,Middlesex,NA,NA,NA
8352,1711,1713,London,London,Middlesex,NA,NA,NA
8440,1710,1713,St Giles Cripplegate,Middlesex,Middlesex,St Giles Cripplegate,ID_30100,NA
8538,1710,1713,Daventry,Northamptonshire,Northamptonshire,Daventry,NA,12699
8571,1708,1712,London,London,Middlesex,NA,NA,NA
8644,1708,1712,King's Walden,Hertfordshire,Hertfordshire,King's Walden,NA,24514
8716,1707,1711,Hanley Castle,Worcestershire,Worcestershire,Hanley Castle,NA,20042
8757,1708,1712,London,London,Middlesex,NA,NA,NA
8779,1710,1712,London,London,Middlesex,NA,NA,NA
8805,1709,1712,North Petherton,Somerset,Somerset,North Petherton,NA,33190
8983,1711,1712,Chatham,Kent,Kent,Chatham,NA,8875
9017,1706,1709,Coleman Street,London,Middlesex,NA,NA,NA
9068,1708,1712,Newent,Gloucestershire,Gloucestershire,Newent,NA,32458
9258,1704,1710,Fillongley,Warwickshire,Warwickshire,Fillongley,NA,16238
9260,1711,1712,Honiton,Devon,Devon,Honiton,NA,22593
9390,1707,1712,Liverpool,Lancashire,Lancashire,Liverpool,NA,26958
9495,1711,1713,Deptford,Kent,Kent,Deptford,NA,12973
9535,1707,1712,St George Southwark,Surrey,Surrey,St George Southwark,ID_30012,NA
9543,1710,1712,London,London,Middlesex,NA,NA,NA
9549,1707,1713,Nestrange,Shropshire,Shropshire,NA,NA,NA
9552,1707,1712,Catspool,Warwickshire,Warwickshire,NA,NA,NA
9653,1708,1712,Huntingdon,Huntingdonshire,Huntingdonshire,Huntingdon,NA,23215
9685,1707,1712,Stepney,Middlesex,Middlesex,St Dunstan Stepney,ID_30169,NA
9758,1710,1712,London,London,Middlesex,NA,NA,NA
9834,1711,1713,Trowbridge,Wiltshire,Wiltshire,Trowbridge,NA,46236
9890,1709,1712,St Andrew Holborn,Middlesex,Middlesex,St Andrew Holborn,ID_127848,NA
9921,1709,1712,Ludlow,Shropshire,Shropshire,Ludlow,NA,28779
10268,1708,1712,St Sepulchre,London,Middlesex,St Sepulchre,ID_30058,NA
10316,1708,1712,St Albans,Hertfordshire,Hertfordshire,St Albans,NA,41656
10369,1708,1712,Mickleton,Yorkshire,Yorkshire,Mickleton,NA,30181
10497,1709,1712,St Martin in the Fields,Middlesex,Middlesex,St Martin in the Fields,ID_30034,NA
10532,1712,1712,Middleton,Northamptonshire,Northamptonshire,Middleton,NA,30312
10558,1708,1712,Putney,Surrey,Surrey,Putney,NA,37033
10643,1709,1712,Comer,Bedfordshire,Bedfordshire,NA,NA,NA
10666,1707,1713,Wapping,Middlesex,Middlesex,St John Wapping,ID_30182,NA
10899,1705,1712,London,London,Middlesex,NA,NA,NA
10967,1711,1712,London,London,Middlesex,NA,NA,NA
11041,1711,1712,London,London,Middlesex,NA,NA,NA
11062,1712,1713,St James Clerkenwell,Middlesex,Middlesex,St James Clerkenwell,ID_127865,NA
11095,1706,1713,Beaconsfield,Buckinghamshire,Buckinghamshire,Beaconsfield,NA,2873
11121,1709,1712,London,London,Middlesex,NA,NA,NA
11182,1711,1713,Cubbington,Warwickshire,Warwickshire,Cubbington,NA,12037
11386,1707,1712,Bath,Somerset,Somerset,Bath,NA,2744
11437,1708,1712,Worcester,Worcestershire,Worcestershire,Worcester,NA,50943
11554,1711,1713,London,London,Middlesex,NA,NA,NA
11828,1707,1713,St Paul Covent Garden,Middlesex,Middlesex,St Paul Covent Garden,ID_30031,NA
11872,1708,1712,London,London,Middlesex,NA,NA,NA
12049,1711,1712,London,London,Middlesex,NA,NA,NA
12093,1710,1713,Norton Folgate,Middlesex,Middlesex,Liberty of Norton Folgate,ID_127860,NA
12108,NA,1712,St George Southwark,Surrey,Surrey,St George Southwark,ID_30012,NA
12190,1706,1712,Preston,Hertfordshire,Hertfordshire,Preston,NA,36821
12243,1709,1712,Highgate,Middlesex,Middlesex,Highgate,NA,21782
12288,1710,1713,Stowmarket,Suffolk,Suffolk,Stowmarket,NA,42843
12290,1706,1712,St Martin in the Fields,Middlesex,Middlesex,St Martin in the Fields,ID_30034,NA
12519,1708,1713,London,London,Middlesex,NA,NA,NA
12568,1711,1712,Wednesbury,Staffordshire,Staffordshire,Wednesbury,NA,48173
12856,1710,1713,St Giles Cripplegate,London,Middlesex,St Giles Cripplegate,ID_30100,NA
12984,1711,1712,Odiham,Hampshire,Hampshire,Odiham,NA,33717
13187,1708,1712,Leominster,Herefordshire,Herefordshire,Leominster,NA,26048
13206,1708,1712,Plymouth,Devon,Devon,Plymouth,NA,36158
13313,1707,1712,London,London,Middlesex,NA,NA,NA
13344,1706,1713,Hampton Court,Surrey,Surrey,NA,NA,NA
13436,1709,1712,Bow,Middlesex,Middlesex,Bow,ID_30175,NA
13517,1710,1712,Peckham,Surrey,Surrey,Peckham,NA,34933
13602,1706,1712,Swallowfield,Berkshire,Berkshire,Swallowfield,NA,43446
13648,1710,1712,St James Clerkenwell,Middlesex,Middlesex,St James Clerkenwell,ID_127865,NA
14026,1709,1713,St Martin le Grand,London,Middlesex,NA,NA,NA
34,1708,1713,St Olave Southwark,Surrey,Surrey,St Olave Southwark,ID_30002,NA
188,1711,1713,St John Wapping,Middlesex,Middlesex,St John Wapping,ID_30182,NA
216,1711,1713,Shoreditch,Middlesex,Middlesex,St Leonard Shoreditch,ID_30170,NA
230,1712,1714,Clutton,Cheshire,Cheshire,Clutton,NA,9984
232,1713,1715,St Saviour Southwark,Surrey,Surrey,St Saviour Southwark,ID_30001,NA
815,1708,1713,Wapping,Middlesex,Middlesex,St John Wapping,ID_30182,NA
1067,1711,1714,Cambridge,Cambridgeshire,Cambridgeshire,Cambridge,NA,7642
1227,1709,1713,London,London,Middlesex,NA,NA,NA
1228,1710,1714,Gravesend,Kent,Kent,Gravesend,NA,18502
1347,1711,1713,St Giles Cripplegate,Middlesex,Middlesex,St Giles Cripplegate,ID_30100,NA
1349,1711,1715,St Giles Cripplegate,Middlesex,Middlesex,St Giles Cripplegate,ID_30100,NA
1522,1707,1713,Westminster,Middlesex,Middlesex,NA,NA,NA
1588,1709,1714,London,London,Middlesex,NA,NA,NA
1637,1710,1714,Low Leyton,Essex,Essex,Low Leyton,NA,NA
1804,1710,1714,London,London,Middlesex,NA,NA,NA
2434,1711,1714,Hammersmith,Middlesex,Middlesex,Hammersmith,NA,19917
2547,1712,1713,London,London,Middlesex,NA,NA,NA
2608,1710,1713,London,London,Middlesex,NA,NA,NA
2713,1709,1713,Quainton,Buckinghamshire,Buckinghamshire,Quainton,NA,37109
2908,1708,1713,London,London,Middlesex,NA,NA,NA
3091,1711,1713,Limehouse,Middlesex,Middlesex,St Anne Limehouse,ID_30176,NA
3293,1712,1713,London,London,Middlesex,NA,NA,NA
3357,1708,1713,Oxford,Oxfordshire,Oxfordshire,Oxford,NA,34379
3382,1712,1714,Wigan,Lancashire,Lancashire,Wigan,NA,49798
3523,1714,1715,St Martin in the Fields,Middlesex,Middlesex,St Martin in the Fields,ID_30034,NA
3671,1710,1713,London,London,Middlesex,NA,NA,NA
3862,1710,1713,St Martin in the Fields,Middlesex,Middlesex,St Martin in the Fields,ID_30034,NA
4220,1707,1713,Findern,Derbyshire,Derbyshire,Findern,NA,16255
4232,1709,1713,York,Yorkshire,Yorkshire,York,NA,51511
4529,1708,1714,NA,Berkshire,Berkshire,NA,NA,NA
4937,1711,1714,London,London,Middlesex,NA,NA,NA
4956,1710,1713,London,London,Middlesex,NA,NA,NA
5208,1710,1714,London,London,Middlesex,NA,NA,NA
5575,1712,1714,London,London,Middlesex,NA,NA,NA
6362,1707,1713,St Leonard Shoreditch,Middlesex,Middlesex,St Leonard Shoreditch,ID_30170,NA
6736,1708,1714,St Clement Danes,Middlesex,Middlesex,St Clement Danes,ID_30015,NA
6738,1711,1714,St Giles in the Fields,Middlesex,Middlesex,St Giles in the Fields,ID_30018,NA
6747,1709,1713,London,London,Middlesex,NA,NA,NA
6956,1708,1713,London,London,Middlesex,NA,NA,NA
7075,1709,1714,Poulton,Lancashire,Lancashire,NA,NA,NA
7182,1708,1713,London,London,Middlesex,NA,NA,NA
7188,1709,1713,St Giles Cripplegate,Middlesex,Middlesex,St Giles Cripplegate,ID_30100,NA
7189,1710,1713,St Andrew Holborn,Middlesex,Middlesex,St Andrew Holborn,ID_127848,NA
8065,1710,1713,St Giles Cripplegate,London,Middlesex,St Giles Cripplegate,ID_30100,NA
8437,1705,1708,Notting,Bedfordshire,Bedfordshire,NA,NA,NA
8501,1712,1714,Salisbury,Wiltshire,Wiltshire,Salisbury,NA,39066
8719,1712,1713,Devizes,Wiltshire,Wiltshire,Devizes,NA,13020
8874,1711,1714,St Giles cripplegate,Middlesex,Middlesex,St Giles Cripplegate,ID_30100,NA
9382,1711,1713,Rodborough,Gloucestershire,Gloucestershire,Rodborough,NA,38332
9392,1707,1713,St Giles Cripplegate,Middlesex,Middlesex,St Giles Cripplegate,ID_30100,NA
9883,1711,1713,London,London,Middlesex,NA,NA,NA
10041,1706,1713,London,London,Middlesex,NA,NA,NA
10220,1711,1713,Peaton,Shropshire,Shropshire,Peaton,NA,34926
10590,1712,1714,"Bull & Mouth Street, Christ Church",London,Middlesex,Christ Church,ID_30069,NA
10608,1708,1714,Southwark,Surrey,Surrey,NA,NA,NA
10704,1708,1713,Westminster,Middlesex,Middlesex,NA,NA,NA
10715,1712,1713,Halifax,Yorkshire,Yorkshire,Halifax,NA,19710
10923,1706,1714,Loughton,Buckinghamshire,Buckinghamshire,Loughton,NA,28163
11178,1708,1713,Loughborough,Leicestershire,Leicestershire,Loughborough,NA,28159
11291,1713,1714,London,London,Middlesex,NA,NA,NA
11364,1711,1713,Coggeshall,Essex,Essex,Coggeshall,NA,10228
11374,1710,1713,Husband Crawley,Bedfordshire,Bedfordshire,NA,NA,NA
11570,1709,1714,"Oare, Wilcot",Wiltshire,Wiltshire,NA,NA,NA
11676,1712,1714,London,London,Middlesex,NA,NA,NA
11795,1712,1715,London,London,Middlesex,NA,NA,NA
12436,1709,1714,St Pancras,Middlesex,Middlesex,St Pancras Middlesex,ID_127871,NA
12541,1710,1713,Cherringten,Shropshire,Shropshire,NA,NA,NA
12556,1712,1713,London,London,Middlesex,NA,NA,NA
12573,1710,1713,Shepton Mallet,Somerset,Somerset,Shepton Mallet,NA,40068
12681,1712,1713,St John Hackney,Middlesex,Middlesex,Hackney,NA,19524
12693,1710,1715,Adderbury,Oxfordshire,Oxfordshire,Adderbury,NA,354
12818,1713,1714,St Martin in the Fields,Middlesex,Middlesex,St Martin in the Fields,ID_30034,NA
12853,1712,1714,St Leonard Shoreditch,Middlesex,Middlesex,St Leonard Shoreditch,ID_30170,NA
12959,1707,1713,Daventry,Northamptonshire,Northamptonshire,Daventry,NA,12699
13022,1709,1714,St Dunstan Stepney,Middlesex,Middlesex,St Dunstan Stepney,ID_30169,NA
13184,1712,1714,London,London,Middlesex,NA,NA,NA
2958,1714,NA,London,London,Middlesex,NA,NA,NA
141,1711,1717,St Giles in the Fields,Middlesex,Middlesex,St Giles in the Fields,ID_30018,NA
267,1716,1717,St Giles,Middlesex,Middlesex,St Giles in the Fields,ID_30018,NA
321,1714,1716,Ducklington,Oxfordshire,Oxfordshire,Ducklington,NA,13711
513,1713,1716,London,London,Middlesex,NA,NA,NA
570,1711,1716,Ratcliff,Middlesex,Middlesex,Ratcliffe,ID_30177,NA
835,1713,1716,Feversham,Kent,Kent,Faversham,NA,15905
871,1712,1716,St Mary Whitechapel,Middlesex,Middlesex,St Mary Whitechapel,ID_127867,NA
941,1714,1716,Sutton,Northamptonshire,Northamptonshire,Sutton,NA,43346
945,1714,1717,London,London,Middlesex,NA,NA,NA
1284,1716,1717,Sedbury,Gloucestershire,Gloucestershire,Sedbury,NA,39679
1289,1714,1716,Southwark,Surrey,Surrey,NA,NA,NA
1301,1712,1716,London,London,Middlesex,NA,NA,NA
1322,1713,1716,London,London,Middlesex,NA,NA,NA
1416,1715,1717,St Olave Silver Street,London,Middlesex,St Olave Silver Street,ID_30096,NA
1459,1712,1716,St Anne Blackfriars,London,Middlesex,St Anne Blackfriars,ID_30055,NA
1566,1713,1716,Broseley,Shropshire,Shropshire,Broseley,NA,6279
1746,1713,1717,St Gregory by St Paul,London,Middlesex,St Gregory by St Paul's,ID_30067,NA
1868,1713,1717,London,London,Middlesex,NA,NA,NA
1931,1710,1716,St Gregory,London,Middlesex,St Gregory by St Paul's,ID_30067,NA
1940,1712,1717,London,London,Middlesex,NA,NA,NA
2090,1713,1716,Barstable Hundred,Essex,Essex,NA,NA,NA
2151,1714,1716,London,London,Middlesex,NA,NA,NA
2185,1713,1716,Deptford,Kent,Kent,Deptford,NA,12973
2190,1715,1717,St Giles,Middlesex,Middlesex,St Giles in the Fields,ID_30018,NA
2394,1715,1716,St Giles in the Fields,Middlesex,Middlesex,St Giles in the Fields,ID_30018,NA
2450,1712,1716,London,London,Middlesex,NA,NA,NA
2467,1710,1716,Aldersgate Street,London,Middlesex,NA,NA,NA
2658,1713,1716,London,London,Middlesex,NA,NA,NA
2669,1717,1717,Norton Canes,Staffordshire,Staffordshire,Norton Canes,NA,33418
2674,1715,1717,St James Garlickhithe,London,Middlesex,St James Garlickhithe,ID_30076,NA
2701,1712,1716,London,London,Middlesex,NA,NA,NA
2725,1714,1717,St Clement Eastcheap,London,Middlesex,St Clement Eastcheap,ID_30129,NA
2803,1716,1716,Ware,Hertfordshire,Hertfordshire,Ware,NA,47782
2896,1715,1717,Newbury,Berkshire,Berkshire,Newbury,NA,32415
3234,1715,1717,London,London,Middlesex,NA,NA,NA
3305,1714,1717,St Giles in the Fields,Middlesex,Middlesex,St Giles in the Fields,ID_30018,NA
3445,1714,1716,Hinton,Northamptonshire,Northamptonshire,Hinton,NA,22089
3468,1713,1716,St Margaret Westminster,Middlesex,Middlesex,St Margaret Westminster,ID_127869,NA
3556,1712,1716,St Margaret Westminster,Middlesex,Middlesex,St Margaret Westminster,ID_127869,NA
3615,1714,1717,Chipping Norton,Oxfordshire,Oxfordshire,Chipping Norton,NA,9210
3641,1711,1716,Maidstone,Kent,Kent,Maidstone,NA,29156
3656,1704,1712,London,London,Middlesex,NA,NA,NA
3960,1714,1717,Stepney,Middlesex,Middlesex,St Dunstan Stepney,ID_30169,NA
4080,1710,1716,St Dunstan in the West,London,Middlesex,St Dunstan in the West,ID_127855,NA
4179,1709,1716,Ranskin,Nottinghamshire,Nottinghamshire,NA,NA,NA
4234,1715,1716,Bishops Waltham,Hampshire,Hampshire,Bishops Waltham,NA,56031
4246,1711,1717,Kensington,Middlesex,Middlesex,St Anne Kensington,ID_127870,NA
4253,1713,1716,Kendal,Westmorland,Westmorland,Kendal,NA,24037
4290,1717,1717,London,London,Middlesex,NA,NA,NA
4641,1709,1716,Hambleton,Rutland,Rutland,Hambleton,NA,59189
4652,1716,1717,Charterhouse,Middlesex,Middlesex,Charter House,ID_30042,NA
4653,1713,1716,London,London,Middlesex,NA,NA,NA
4807,1712,1716,Olney,Buckinghamshire,Buckinghamshire,Olney,NA,33999
4898,1714,1717,London,London,Middlesex,NA,NA,NA
5112,1711,1717,London,London,Middlesex,NA,NA,NA
5128,1712,1716,Romford,Essex,Essex,Romford,NA,38417
5134,1713,1716,Dartford,Kent,Kent,Dartford,NA,12673
5269,1714,1716,Shadwell Market,Middlesex,Middlesex,St Paul Shadwell,ID_30184,NA
5292,1716,1717,St Martin in the Fields,Middlesex,Middlesex,St Martin in the Fields,ID_30034,NA
5366,1714,1716,St Botolph Aldgate,Middlesex,Middlesex,St Botolph Aldgate,ID_30153,NA
5524,1709,1716,Longhope,Gloucestershire,Gloucestershire,Longhope,NA,28040
5588,1715,1716,London,London,Middlesex,NA,NA,NA
5809,1715,1717,Norton Cannon,Herefordshire,Herefordshire,NA,NA,NA
5835,1712,1717,London,London,Middlesex,NA,NA,NA
5851,1714,1717,Hackney,Middlesex,Middlesex,Hackney,NA,19524
6017,1715,1717,London,London,Middlesex,NA,NA,NA
6128,1710,1717,London,London,Middlesex,NA,NA,NA
6258,1710,1716,Manchester,Lancashire,Lancashire,Manchester,NA,29251
6499,1713,1716,Woolwich,Kent,Kent,Woolwich,NA,50897
6823,1715,1717,Great Yarmouth,Norfolk,Norfolk,Great Yarmouth,NA,18774
7015,1713,1716,St Martin in the Fields,Middlesex,Middlesex,St Martin in the Fields,ID_30034,NA
7157,1713,1716,Mortlake,Surrey,Surrey,Mortlake,NA,31205
7191,1711,1716,Merioneth,Merionethshire,Merionethshire,NA,NA,NA
7202,1715,1717,Hevin,Caernarvonshire,Caernarvonshire,NA,NA,NA
7589,1711,1716,London,London,Middlesex,NA,NA,NA
7653,1714,1716,Bransford,Worcestershire,Worcestershire,Bransford,NA,5381
7752,1715,1717,Auburne,Wiltshire,Wiltshire,NA,NA,NA
7777,1711,1717,Ipswich,Suffolk,Suffolk,Ipswich,NA,23691
7914,1713,1717,Darlington,County Durham,County Durham,Darlington,NA,12652
7924,1714,1716,St Giles in the Fields,Middlesex,Middlesex,St Giles in the Fields,ID_30018,NA
8015,1714,1716,Stepney,Middlesex,Middlesex,St Dunstan Stepney,ID_30169,NA
8030,1709,1716,St Clement Danes,Middlesex,Middlesex,St Clement Danes,ID_30015,NA
8096,1713,1717,London,London,Middlesex,NA,NA,NA
8127,1714,1717,Winchmore Hill,Middlesex,Middlesex,Winchmore Hill,NA,50055
8131,1712,1716,Threlcot,Northumberland,Northumberland,NA,NA,NA
8143,1715,1717,St Anne Blackfriars,London,Middlesex,St Anne Blackfriars,ID_30055,NA
8152,1714,1716,Compton,Wiltshire,Wiltshire,Compton,NA,10600
8176,1716,1717,St Mary Cray,Kent,Kent,St Mary Cray,NA,41856
8182,1715,1717,Southwark,Surrey,Surrey,NA,NA,NA
8190,1714,1717,Stepney,Middlesex,Middlesex,St Dunstan Stepney,ID_30169,NA
8216,1711,1716,Salisbury,Wiltshire,Wiltshire,Salisbury,NA,39066
8251,1711,1717,Hampstead,Middlesex,Middlesex,Hampstead,NA,19944
8293,1715,1717,Wotton under Edge,Gloucestershire,Gloucestershire,Wotton under Edge,NA,51055
8302,1712,1717,London,London,Middlesex,NA,NA,NA
8411,1715,1716,London,London,Middlesex,NA,NA,NA
8543,1710,1716,London,London,Middlesex,NA,NA,NA
8622,1713,1717,Hertford,Hertfordshire,Hertfordshire,Hertford,NA,21349
8623,1713,1717,St Mary Magdalen Bermondsey,Surrey,Surrey,St Mary Magdalen Bermondsey,ID_30004,NA
8683,1715,1716,Epping,Essex,Essex,Epping,NA,15406
8749,1715,1716,London,London,Middlesex,NA,NA,NA
8824,1716,1717,London,London,Middlesex,NA,NA,NA
8831,1714,1716,London,London,Middlesex,NA,NA,NA
8859,1710,1716,Newington,Middlesex,Middlesex,Newington,ID_30005,NA
8964,1713,1717,Stafford,Staffordshire,Staffordshire,Stafford,NA,41948
9120,1715,1716,Cripplegate,Middlesex,Middlesex,St Giles Cripplegate,ID_30100,NA
9200,1715,1716,London,London,Middlesex,NA,NA,NA
9215,1711,1716,Whitechapel,Middlesex,Middlesex,St Mary Whitechapel,ID_127867,NA
9372,1713,1717,Sedgeford,Norfolk,Norfolk,Sedgeford,NA,39685
9383,1714,1716,Dunstable,Bedfordshire,Bedfordshire,Dunstable,NA,13925
9439,1713,1716,London,London,Middlesex,NA,NA,NA
9440,1716,1717,Whitechapel,Middlesex,Middlesex,St Mary Whitechapel,ID_127867,NA
9510,1710,1716,Hitchin,Hertfordshire,Hertfordshire,Hitchin,NA,22136
9528,1711,1717,Stepney,Middlesex,Middlesex,St Dunstan Stepney,ID_30169,NA
9575,1712,1716,St Botolph without Aldgate,Middlesex,Middlesex,St Botolph Aldgate,ID_30153,NA
9727,1711,1716,London,London,Middlesex,NA,NA,NA
9832,1712,1717,Shrewsbury,Shropshire,Shropshire,Shrewsbury,NA,40345
9849,1710,1716,Putney,Surrey,Surrey,Putney,NA,37033
9873,1712,1717,St Mary Whitechapel,Middlesex,Middlesex,St Mary Whitechapel,ID_127867,NA
10062,1710,1716,Bowchurch,Herefordshire,Herefordshire,NA,NA,NA
10306,1715,1716,Chalford,Gloucestershire,Gloucestershire,Chalford,NA,8619
10409,1712,1717,Woodford Bridge,Suffolk,Suffolk,NA,NA,NA
10437,1713,1717,Hampstead,Middlesex,Middlesex,Hampstead,NA,19944
10438,1711,1717,St Paul Shadwell,Middlesex,Middlesex,St Paul Shadwell,ID_30184,NA
10463,1713,1716,Allhallows,London,Middlesex,NA,NA,NA
10718,1713,1716,Garsden,Hertfordshire,Hertfordshire,NA,NA,NA
10792,1713,1716,London,London,Middlesex,NA,NA,NA
10913,1712,1716,Paghill als Paull,Yorkshire,Yorkshire,NA,NA,NA
10986,NA,1717,Allhallows London Wall,London,Middlesex,All Hallows London Wall,ID_127847,NA
11038,1711,1716,Westerham,Kent,Kent,Westerham,NA,48960
11486,1714,1717,Westminster,Middlesex,Middlesex,NA,NA,NA
11561,1710,1717,Woodford,Essex,Essex,Woodford,NA,50572
11598,1715,1716,Devonshire Street,London,Middlesex,NA,NA,NA
11599,1712,1717,St Saviour Southwark,Surrey,Surrey,St Saviour Southwark,ID_30001,NA
11709,1713,1716,Croyden,Surrey,Surrey,Croydon,NA,11989
11737,1716,1717,Southwark,Surrey,Surrey,NA,NA,NA
11742,1714,1716,London,London,Middlesex,NA,NA,NA
11796,1716,1717,St Giles Cripplegate,London,Middlesex,St Giles Cripplegate,ID_30100,NA
11800,1713,1716,Cripplegate,Middlesex,Middlesex,St Giles Cripplegate,ID_30100,NA
11931,1711,1716,Watford,Hertfordshire,Hertfordshire,Watford,NA,48046
11948,1715,1717,London,London,Middlesex,NA,NA,NA
11984,1710,1716,Stepney,Middlesex,Middlesex,St Dunstan Stepney,ID_30169,NA
12032,1713,1716,London,London,Middlesex,NA,NA,NA
12034,1713,1716,St Botolph Aldgate,Middlesex,Middlesex,St Botolph Aldgate,ID_30153,NA
12111,1711,1716,London,London,Middlesex,NA,NA,NA
12151,1710,1716,Abingdon,Berkshire,Berkshire,Abingdon,NA,287768
12197,1714,1716,St Mary Newington Butts,Surrey,Surrey,Newington,ID_30005,NA
12300,1713,1717,Hamblings,Lincolnshire,Lincolnshire,NA,NA,NA
12358,1713,1717,St Giles without Cripplegate,Middlesex,Middlesex,St Giles Cripplegate,ID_30100,NA
12492,1712,1717,Settle,Yorkshire,Yorkshire,Settle,NA,39771
12496,1712,1717,Hitchin,Hertfordshire,Hertfordshire,Hitchin,NA,22136
12570,1716,1716,St Andrew Holborn,Middlesex,Middlesex,St Andrew Holborn,ID_127848,NA
12612,1715,1716,Wiltney,Cheshire,Cheshire,NA,NA,NA
12740,1713,1717,London,London,Middlesex,NA,NA,NA
12765,1715,1717,St Thomas Southwark,Surrey,Surrey,St Thomas,ID_30007,NA
12975,1713,1716,London,London,Middlesex,NA,NA,NA
13024,1716,1717,Bishop Auckland,County Durham,County Durham,Bishop Auckland,NA,3854
13158,1714,1716,Kingston upon Hull,Yorkshire,Yorkshire,Kingston upon Hull,NA,24628
13178,1713,1716,Newent,Gloucestershire,Gloucestershire,Newent,NA,32458
13210,1712,1716,Northampton,Northamptonshire,Northamptonshire,Northampton,NA,33285
13224,1711,1716,Petworth,Sussex,Sussex,Petworth,NA,35755
13235,1717,1717,St James Westminster,Middlesex,Middlesex,St James Westminster,ID_30024,NA
13408,1715,1716,London,London,Middlesex,NA,NA,NA
13421,1712,1717,Hippolets,Hertfordshire,Hertfordshire,NA,NA,NA
13558,1715,1716,St James Westminster,Middlesex,Middlesex,St James Westminster,ID_30024,NA
13636,1714,1717,London,London,Middlesex,NA,NA,NA
13654,NA,1717,Hackney,Middlesex,Middlesex,Hackney,NA,19524
13724,1712,1716,Ratcliff,Middlesex,Middlesex,Ratcliffe,ID_30177,NA
13809,1711,1716,NA,Breconshire,Breconshire,NA,NA,NA
13854,1713,1717,Faxton,Northamptonshire,Northamptonshire,NA,NA,NA
14146,1713,1717,Baldock,Hertfordshire,Hertfordshire,Baldock,NA,2034
14216,1715,1716,Ely,Cambridgeshire,Cambridgeshire,Ely,NA,15168
9738,1712,1717,Epping,Essex,Essex,Epping,NA,15406
225,1715,1720,St Clement Danes,Middlesex,Middlesex,St Clement Danes,ID_30015,NA
231,1719,1720,St Albans,Hertfordshire,Hertfordshire,St Albans,NA,41656
370,1714,1720,Warvill,Berkshire,Berkshire,NA,NA,NA
381,1719,1720,Bury St Edmonds,Suffolk,Suffolk,Bury St Edmunds,NA,7176
603,1717,1720,Richmond,Surrey,Surrey,Richmond,NA,38028
669,1717,1720,Poplar,Middlesex,Middlesex,Poplar,ID_30173,NA
785,1717,1720,Little Peckham,Kent,Kent,NA,NA,NA
867,1716,1720,Plymouth,Devon,Devon,Plymouth,NA,36158
873,1718,1720,London,London,Middlesex,NA,NA,NA
1207,1718,1720,Kirkland,Cumberland,Cumberland,NA,NA,NA
1329,1716,1718,London,London,Middlesex,NA,NA,NA
1485,1719,1720,London,London,Middlesex,NA,NA,NA
1514,1718,1720,Stepney,Middlesex,Middlesex,St Dunstan Stepney,ID_30169,NA
1838,1720,1720,St Giles Cripplegate,Middlesex,Middlesex,St Giles Cripplegate,ID_30100,NA
2082,1719,1720,Limehouse,Middlesex,Middlesex,St Anne Limehouse,ID_30176,NA
2179,1719,1720,Great Gidding,Huntingdonshire,Huntingdonshire,Great Gidding,NA,18616
2184,1715,1720,Cirencester,Gloucestershire,Gloucestershire,Cirencester,NA,9528
2205,1716,1720,Lambeth,Surrey,Surrey,St Mary Lambeth,ID_127857,NA
2400,1718,1720,Cheshunt,Hertfordshire,Hertfordshire,Cheshunt,NA,9027
2476,1718,1721,St Botolph Bishopsgate,London,Middlesex,St Botolph Bishopsgate,ID_127859,NA
2714,1715,1720,London,London,Middlesex,NA,NA,NA
2830,1713,1720,London,London,Middlesex,NA,NA,NA
3097,1718,1720,London,London,Middlesex,NA,NA,NA
3260,1718,1720,St Botolph Aldgate,London,Middlesex,St Botolph Aldgate,ID_30153,NA
3529,1718,1722,Hackney,Middlesex,Middlesex,Hackney,NA,19524
3533,1717,1720,St James Westminster,Middlesex,Middlesex,St James Westminster,ID_30024,NA
3719,1715,1721,Tottenham,Middlesex,Middlesex,Tottenham,NA,45333
4226,1718,1720,St Dunstan in the West,London,Middlesex,St Dunstan in the West,ID_127855,NA
4422,1720,1720,Highgate,Middlesex,Middlesex,Highgate,NA,21782
4429,1719,1720,London,London,Middlesex,NA,NA,NA
4443,1721,1723,Sunninghill,Berkshire,Berkshire,Sunninghill,NA,43286
4449,1717,1720,London,London,Middlesex,NA,NA,NA
4450,1717,1720,London,London,Middlesex,NA,NA,NA
4607,1721,NA,London,London,Middlesex,NA,NA,NA
4767,1719,1720,Malmesbury,Wiltshire,Wiltshire,Malmesbury,NA,29219
5198,1717,1720,St Martin in the Fields,Middlesex,Middlesex,St Martin in the Fields,ID_30034,NA
5244,1719,1721,Allhallows Barking,London,Middlesex,All Hallows Barking,ID_30161,NA
5293,1717,1720,St Clement Danes,Middlesex,Middlesex,St Clement Danes,ID_30015,NA
5336,1716,1717,London,London,Middlesex,NA,NA,NA
5337,1714,1717,London,London,Middlesex,NA,NA,NA
5356,1716,1720,Clare Market,Middlesex,Middlesex,St Clement Danes,ID_30015,NA
6156,1719,1721,St Clement Danes,Middlesex,Middlesex,St Clement Danes,ID_30015,NA
6169,1717,1720,Eastgood,Essex,Essex,NA,NA,NA
6170,1718,1720,London,London,Middlesex,NA,NA,NA
6180,1717,1720,St Neots,Huntingdonshire,Huntingdonshire,St Neots,NA,41886
6187,1718,1720,St James Westminster,Middlesex,Middlesex,St James Westminster,ID_30024,NA
6225,1717,1720,St Andrew Holborn,Middlesex,Middlesex,St Andrew Holborn,ID_127848,NA
6384,1715,1720,London,London,Middlesex,NA,NA,NA
6438,1719,1720,Peckham,Surrey,Surrey,Peckham,NA,34933
6543,1716,1721,Witney,Oxfordshire,Oxfordshire,Witney,NA,50334
6566,1716,1720,Gisburn,Yorkshire,Yorkshire,Gisburn,NA,17756
6819,1718,1720,St Mary Magdalen Bermondsey,Surrey,Surrey,St Mary Magdalen Bermondsey,ID_30004,NA
6958,1718,1720,Tunbridge,Kent,Kent,NA,NA,NA
6986,1713,1720,Maidstone,Kent,Kent,Maidstone,NA,29156
7101,1717,1720,St Paul Shadwell,Middlesex,Middlesex,St Paul Shadwell,ID_30184,NA
7277,1715,1720,Romford,Essex,Essex,Romford,NA,38417
7457,1719,1720,Southwark,Surrey,Surrey,NA,NA,NA
7501,1717,1720,St Giles in the Fields,Middlesex,Middlesex,St Giles in the Fields,ID_30018,NA
7552,1716,1720,London,London,Middlesex,NA,NA,NA
7651,1720,NA,Norton,Suffolk,Suffolk,Norton,NA,33413
7913,1717,1720,St Giles Cripplegate,London,Middlesex,St Giles Cripplegate,ID_30100,NA
7970,1715,1720,Coolidge,Suffolk,Suffolk,NA,NA,NA
7985,1717,1720,London,London,Middlesex,NA,NA,NA
8284,1716,1720,Peckham,Surrey,Surrey,Peckham,NA,34933
8413,1718,1720,St Sepulchre,London,Middlesex,St Sepulchre,ID_30058,NA
8566,1717,1720,St Margaret Westminster,Middlesex,Middlesex,St Margaret Westminster,ID_127869,NA
8663,1719,1720,St Margaret Westminster,Middlesex,Middlesex,St Margaret Westminster,ID_127869,NA
8769,1716,1720,St Sepulchre,London,Middlesex,St Sepulchre,ID_30058,NA
8777,NA,1720,St Giles Cripplegate,London,Middlesex,St Giles Cripplegate,ID_30100,NA
8895,1717,1719,London,London,Middlesex,NA,NA,NA
9026,1715,1717,London,London,Middlesex,NA,NA,NA
9048,1717,1720,Haddon,Hertfordshire,Hertfordshire,NA,NA,NA
9233,1715,1720,London,London,Middlesex,NA,NA,NA
9394,1716,1720,Coilminton,Kent,Kent,NA,NA,NA
9441,NA,1720,Stepney,Middlesex,Middlesex,St Dunstan Stepney,ID_30169,NA
9506,1717,1720,Congleton,Cheshire,Cheshire,Congleton,NA,10658
9709,1717,1720,Windsor,Berkshire,Berkshire,Windsor,NA,50086
10194,1718,1720,St John Wapping,Middlesex,Middlesex,St John Wapping,ID_30182,NA
10213,1715,1720,St Clement Danes,Middlesex,Middlesex,St Clement Danes,ID_30015,NA
10278,1717,1720,St Martin in the Fields,Middlesex,Middlesex,St Martin in the Fields,ID_30034,NA
10496,1718,1720,Turvey,Bedfordshire,Bedfordshire,Turvey,NA,46410
10564,1716,1720,St Anne Aldersgate,London,Middlesex,St Anne and St Agnes,ID_30078,NA
10607,1717,1720,Reading,Berkshire,Berkshire,Reading,NA,37532
10625,1717,1720,St Bride,London,Middlesex,St Bride,ID_30049,NA
10860,1720,1722,London,London,Middlesex,NA,NA,NA
11078,1718,1720,Barking,Essex,Essex,Barking,NA,2398
11217,1717,1720,Reigate,Surrey,Surrey,Reigate,NA,37688
11373,1717,1720,London,London,Middlesex,NA,NA,NA
11381,1715,1720,London,London,Middlesex,NA,NA,NA
11601,1715,1720,Redenhall with Harleston,Norfolk,Norfolk,Redenhall with Harleston,NA,62443
11621,1718,1720,Trinity Minories,Middlesex,Middlesex,Holy Trinity Minories,ID_30163,NA
11657,1715,1720,Deningham,Lincolnshire,Lincolnshire,NA,NA,NA
11679,1717,1720,London,London,Middlesex,NA,NA,NA
11954,1719,1720,York Street near Shoreditch,Middlesex,Middlesex,St Leonard Shoreditch,ID_30170,NA
12013,1716,1720,London,London,Middlesex,NA,NA,NA
12170,1715,1720,London,London,Middlesex,NA,NA,NA
12182,1716,1720,London,London,Middlesex,NA,NA,NA
12338,1715,1720,Oxford,Oxfordshire,Oxfordshire,Oxford,NA,34379
12351,1718,1720,London,London,Middlesex,NA,NA,NA
12382,1712,1720,NA,Norfolk,Norfolk,NA,NA,NA
12616,1713,1720,Marsden,Staffordshire,Staffordshire,NA,NA,NA
12689,1715,1720,London,London,Middlesex,NA,NA,NA
13291,1718,1720,Brackley,Northamptonshire,Northamptonshire,Brackley,NA,5112
13420,1716,1720,Sturminster,Dorset,Dorset,NA,NA,NA
13810,1716,1720,St Giles in the Fields,Middlesex,Middlesex,St Giles in the Fields,ID_30018,NA
13830,1719,1720,St Bride,London,Middlesex,St Bride,ID_30049,NA
14204,1717,1720,London,London,Middlesex,NA,NA,NA
2616,1720,1723,London,London,Middlesex,NA,NA,NA
7439,1718,NA,London,London,Middlesex,NA,NA,NA
8584,1717,1723,Uttoxeter,Staffordshire,Staffordshire,Uttoxeter,NA,47241
13562,1718,1719,Twickenham,Surrey,Surrey,NA,NA,NA
1559,1718,1722,Chipping Norton,Oxfordshire,Oxfordshire,Chipping Norton,NA,9210
1889,1717,1718,St Sepulchre,Middlesex,Middlesex,St Sepulchre,ID_30058,NA
2301,1714,NA,Woodford,Essex,Essex,Woodford,NA,50572
2460,1719,1722,London,London,Middlesex,NA,NA,NA
2779,1722,1723,Stepney,Middlesex,Middlesex,St Dunstan Stepney,ID_30169,NA
3239,1713,NA,London,London,Middlesex,NA,NA,NA
3748,1720,1722,St Dunstan in the West,Middlesex,Middlesex,St Dunstan in the West,ID_127855,NA
3772,1720,1722,Chesterfield,Derbyshire,Derbyshire,Chesterfield,NA,9041
4566,1713,1718,London,London,Middlesex,NA,NA,NA
4581,1718,1723,London,London,Middlesex,NA,NA,NA
5181,1717,NA,London,London,Middlesex,NA,NA,NA
5822,1721,1723,St Paul Covent Garden,Middlesex,Middlesex,St Paul Covent Garden,ID_30031,NA
6231,1719,NA,Hackney,Middlesex,Middlesex,Hackney,NA,19524
6758,1718,1723,London,London,Middlesex,NA,NA,NA
6817,1722,1722,Spitalfields,Middlesex,Middlesex,Christchurch Spitalfields,ID_30168,NA
7490,1722,1722,Westminster,Middlesex,Middlesex,NA,NA,NA
7562,1719,1723,Hereford,Herefordshire,Herefordshire,Hereford,NA,21293
7875,1718,1723,London,London,Middlesex,NA,NA,NA
8158,NA,1723,St Andrew Holborn,Middlesex,Middlesex,St Andrew Holborn,ID_127848,NA
8608,1715,1722,London,London,Middlesex,NA,NA,NA
8797,1718,1721,Kidderminster,Worcestershire,Worcestershire,Kidderminster,NA,24239
9805,1720,1723,Shocklach,Cheshire,Cheshire,Shocklach,NA,40236
10096,1721,1723,St Andrew Holborn,Middlesex,Middlesex,St Andrew Holborn,ID_127848,NA
10580,1721,1723,London,London,Middlesex,NA,NA,NA
10722,1719,1723,Southwark,Surrey,Surrey,NA,NA,NA
10861,1713,1717,London,London,Middlesex,NA,NA,NA
10895,1718,1723,London,London,Middlesex,NA,NA,NA
11477,1715,1718,Huntingdon,Huntingdonshire,Huntingdonshire,Huntingdon,NA,23215
11861,1718,1723,Wellingborough,Northamptonshire,Northamptonshire,Wellingborough,NA,48267
12044,1722,1723,Grantham,Lincolnshire,Lincolnshire,Grantham,NA,18462
12339,1717,1723,Kensington,Middlesex,Middlesex,St Anne Kensington,ID_127870,NA
12823,1718,1722,St Anne Blackfriars,London,Middlesex,St Anne Blackfriars,ID_30055,NA
13796,1722,1723,St Clement Danes,Middlesex,Middlesex,St Clement Danes,ID_30015,NA
14129,NA,1718,St Michael Wood Street,London,Middlesex,St Michael Wood Street,ID_30085,NA
147,1714,1717,St Clement Danes,Middlesex,Middlesex,St Clement Danes,ID_30015,NA
236,1713,1718,St Martin in the Fields,Middlesex,Middlesex,St Martin in the Fields,ID_30034,NA
308,1716,1717,London,London,Middlesex,NA,NA,NA
364,1712,1717,St Clement Danes,Middlesex,Middlesex,St Clement Danes,ID_30015,NA
508,1716,1718,Hopton,Derbyshire,Derbyshire,Hopton,NA,22703
673,1715,1718,London,London,Middlesex,NA,NA,NA
688,1717,1718,London,London,Middlesex,NA,NA,NA
849,1714,1718,Letmoore,Worcestershire,Worcestershire,NA,NA,NA
882,1712,1718,London,London,Middlesex,NA,NA,NA
932,1710,1717,Fulham,Middlesex,Middlesex,Fulham,NA,17119
964,1714,1717,Croyden,Surrey,Surrey,Croydon,NA,11989
1088,1715,1717,St Martin's Lane,Middlesex,Middlesex,NA,NA,NA
1101,1716,1718,Fieldhead,Lancashire,Lancashire,NA,NA,NA
1123,1717,1722,Gloucester Street,Middlesex,Middlesex,St George the Martyr,ID_30187,NA
1186,1716,1718,London,London,Middlesex,NA,NA,NA
1255,1717,NA,London,London,Middlesex,NA,NA,NA
1516,1716,1718,St Olave Southwark,Surrey,Surrey,St Olave Southwark,ID_30002,NA
1644,1713,1717,St Clement Danes,Middlesex,Middlesex,St Clement Danes,ID_30015,NA
1957,1716,1722,Brentwood,Essex,Essex,Brentwood,NA,5532
2189,1714,1718,London,London,Middlesex,NA,NA,NA
2330,1713,1717,Stepney,Middlesex,Middlesex,St Dunstan Stepney,ID_30169,NA
2577,1712,1717,St Botolph Aldgate,London,Middlesex,St Botolph Aldgate,ID_30153,NA
2605,1717,1717,Stepney,Middlesex,Middlesex,St Dunstan Stepney,ID_30169,NA
2806,1714,1718,Maldon,Essex,Essex,Maldon,NA,29199
2978,1716,1717,Oxford,Oxfordshire,Oxfordshire,Oxford,NA,34379
3096,1714,1718,Cardiff,Glamorgan,Glamorgan,Cardiff,NA,7437
3168,1712,1717,Pontefract,Yorkshire,Yorkshire,Pontefract,NA,36314
3447,1715,1717,St Olave Southwark,Surrey,Surrey,St Olave Southwark,ID_30002,NA
3572,1717,1718,London,London,Middlesex,NA,NA,NA
3580,1712,1717,Newington,Surrey,Surrey,Newington,NA,32498
3608,1719,1721,London,London,Middlesex,NA,NA,NA
3659,1712,1717,St Olave Southwark,Surrey,Surrey,St Olave Southwark,ID_30002,NA
3732,1716,1722,St Clement Danes,Middlesex,Middlesex,St Clement Danes,ID_30015,NA
4010,1714,1718,St Paul Shadwell,Middlesex,Middlesex,St Paul Shadwell,ID_30184,NA
4305,1715,1718,St George Southwark,Surrey,Surrey,St George Southwark,ID_30012,NA
4455,1718,1721,St Olave Southwark,Surrey,Surrey,St Olave Southwark,ID_30002,NA
4515,1714,1717,London,London,Middlesex,NA,NA,NA
4618,1717,1717,London,London,Middlesex,NA,NA,NA
4630,1715,1718,London,London,Middlesex,NA,NA,NA
4719,1712,1718,London,London,Middlesex,NA,NA,NA
4725,1716,1717,London,London,Middlesex,NA,NA,NA
4751,1717,1721,St Olave Southwark,Surrey,Surrey,St Olave Southwark,ID_30002,NA
4761,1714,1717,London,London,Middlesex,NA,NA,NA
4890,1714,1717,Marlborough,Wiltshire,Wiltshire,Marlborough,NA,29474
4972,1716,1718,Greenwich,Kent,Kent,Greenwich,NA,19085
5174,1717,1722,Wanborough,Wiltshire,Wiltshire,Wanborough,NA,47708
5296,1716,1718,Southwark,Surrey,Surrey,NA,NA,NA
5375,1722,NA,Bishopsgate within,London,Middlesex,NA,NA,NA
5458,1717,1717,Cambridge,Cambridgeshire,Cambridgeshire,Cambridge,NA,7642
5676,1714,1718,St Clement Danes,Middlesex,Middlesex,St Clement Danes,ID_30015,NA
5901,1716,1717,Wolverhampton,Staffordshire,Staffordshire,Wolverhampton,NA,50404
6094,1713,1717,Denbigh,Denbighshire,Denbighshire,Denbigh,NA,12882
6152,1718,1721,Clerkenwell,Middlesex,Middlesex,St James Clerkenwell,ID_127865,NA
6171,1714,1717,East Woodbury,Essex,Essex,NA,NA,NA
6315,1714,1717,Chancery Lane,London,Middlesex,NA,NA,NA
6342,1715,1718,Dorking,Surrey,Surrey,Dorking,NA,13345
6418,1717,NA,Bradford,Wiltshire,Wiltshire,Bradford,NA,NA
6756,1716,NA,Egham,Surrey,Surrey,Egham,NA,14901
7057,1714,1717,Olney,Buckinghamshire,Buckinghamshire,Olney,NA,33999
7150,1717,1718,Lower Ballingham,Herefordshire,Herefordshire,NA,NA,NA
7293,1713,1718,Ockendon,Essex,Essex,NA,NA,NA
7521,1712,1718,Rumsey,Hampshire,Hampshire,NA,NA,NA
7629,1711,1717,Waltham Cross,Hertfordshire,Hertfordshire,Waltham Cross,NA,47637
7720,1718,1721,Fareham,Hampshire,Hampshire,Fareham,NA,15777
7772,1715,1717,London,London,Middlesex,NA,NA,NA
7849,1715,NA,London,London,Middlesex,NA,NA,NA
7972,1714,1717,Bradenham,Buckinghamshire,Buckinghamshire,Bradenham,NA,5128
8021,1712,1717,St James Westminster,Middlesex,Middlesex,St James Westminster,ID_30024,NA
8188,1715,1718,London,London,Middlesex,NA,NA,NA
8264,1716,1717,St Anne Westminster,Middlesex,Middlesex,St Anne Soho,ID_30023,NA
8300,1717,1722,Renbury,Cheshire,Cheshire,NA,NA,NA
8407,1713,1717,Oxford,Oxfordshire,Oxfordshire,Oxford,NA,34379
8488,1717,1718,Isle of Ely,Cambridgeshire,Cambridgeshire,Ely,NA,15168
8624,1716,1718,St Dunstan Stepney,Middlesex,Middlesex,St Dunstan Stepney,ID_30169,NA
8632,1717,1722,St Clement Danes,Middlesex,Middlesex,St Clement Danes,ID_30015,NA
8808,1718,NA,Kidderminster,Worcestershire,Worcestershire,Kidderminster,NA,24239
8929,1713,1718,St James,Middlesex,Middlesex,St James Westminster,ID_30024,NA
9020,1713,1718,Lewes,Sussex,Sussex,Lewes,NA,26145
9055,1716,1718,Christ Church,Surrey,Surrey,Christchurch Southwark,ID_30000,NA
9179,1718,NA,London,London,Middlesex,NA,NA,NA
9402,1715,1718,Cambridge,Cambridgeshire,Cambridgeshire,Cambridge,NA,7642
9584,1712,1718,St Mary Magdalen Old Fish Street,London,Middlesex,St Mary Magdalen Old Fish Street,ID_30190,NA
9857,1721,1722,Salisbury,Wiltshire,Wiltshire,Salisbury,NA,39066
10017,1716,1717,Mitcham,Surrey,Surrey,Mitcham,NA,30776
10037,1715,NA,Portsmouth,Hampshire,Hampshire,Portsmouth,NA,36626
10061,1711,1718,Old Radnor,Radnorshire,Radnorshire,Old Radnor,NA,33878
10162,1716,1718,London,London,Middlesex,NA,NA,NA
10311,1715,1717,Gravesend,Kent,Kent,Gravesend,NA,18502
10636,1712,1717,Goodman's Fields,Middlesex,Middlesex,St Mary Whitechapel,ID_127867,NA
10680,1713,1716,Leominster,Herefordshire,Herefordshire,Leominster,NA,26048
10732,1716,1717,Highworth,Wiltshire,Wiltshire,Highworth,NA,21841
10926,1717,1721,Abingdon,Berkshire,Berkshire,Abingdon,NA,287768
11276,1715,1717,London,London,Middlesex,NA,NA,NA
11292,1714,1718,Clerkenwell,Middlesex,Middlesex,St James Clerkenwell,ID_127865,NA
11296,1716,1718,London,London,Middlesex,NA,NA,NA
11443,1717,1721,London,London,Middlesex,NA,NA,NA
11734,1713,1718,Great Haddon,Hertfordshire,Hertfordshire,NA,NA,NA
11939,1712,1718,London,London,Middlesex,NA,NA,NA
11956,1713,1718,Lamlett,Staffordshire,Staffordshire,NA,NA,NA
11994,1713,1714,St Olave Southwark,Surrey,Surrey,St Olave Southwark,ID_30002,NA
12135,1716,1717,Fulham,Middlesex,Middlesex,Fulham,NA,17119
12160,1718,1722,Barnet,Hertfordshire,Hertfordshire,Barnet,NA,2473
12169,1713,1717,London,London,Middlesex,NA,NA,NA
12225,1716,1721,London,London,Middlesex,NA,NA,NA
12337,1714,1717,London,London,Middlesex,NA,NA,NA
12559,NA,1721,St Giles in the Fields,Middlesex,Middlesex,St Giles in the Fields,ID_30018,NA
12768,1714,1717,Spindon,Wiltshire,Wiltshire,NA,NA,NA
13072,1712,1717,St Giles in the Fields,Middlesex,Middlesex,St Giles in the Fields,ID_30018,NA
13114,1715,1718,St Saviour Southwark,Surrey,Surrey,St Saviour Southwark,ID_30001,NA
13181,1714,1718,London,London,Middlesex,NA,NA,NA
13546,1714,1717,Battersea,Middlesex,Middlesex,Battersea,ID_30014,NA
13631,1718,1721,NA,Leicestershire,Leicestershire,NA,NA,NA
13690,1712,1718,London,London,Middlesex,NA,NA,NA
13843,1714,1717,London,London,Middlesex,NA,NA,NA
13860,1716,1718,St Saviour Southwark,Surrey,Surrey,St Saviour Southwark,ID_30001,NA
14051,1719,1722,Huntingdon,Huntingdonshire,Huntingdonshire,Huntingdon,NA,23215
14079,1717,1717,London,London,Middlesex,NA,NA,NA
14165,1718,1722,London,London,Middlesex,NA,NA,NA
14223,1716,1717,Brackley,Northamptonshire,Northamptonshire,Brackley,NA,5112
174,1716,NA,Tetsworth,Oxfordshire,Oxfordshire,Tetsworth,NA,44056
658,1718,1720,London,London,Middlesex,NA,NA,NA
728,1718,1720,London,London,Middlesex,NA,NA,NA
761,1717,1720,London,London,Middlesex,NA,NA,NA
1010,1718,1720,London,London,Middlesex,NA,NA,NA
1066,1717,1720,London,London,Middlesex,NA,NA,NA
1102,1714,1718,Saffron Hill,London,Middlesex,Liberty of Saffron Hill,ID_30041,NA
1153,1719,1721,St Andrew Holborn,Middlesex,Middlesex,St Andrew Holborn,ID_127848,NA
1191,1717,1720,Bridlington,Yorkshire,Yorkshire,Bridlington,NA,5689
1211,1717,1718,Hounslow,Middlesex,Middlesex,Hounslow,NA,22970
1356,1715,1718,London,London,Middlesex,NA,NA,NA
1366,1716,1720,St Saviour Southwark,Surrey,Surrey,St Saviour Southwark,ID_30001,NA
1413,1715,NA,St Martin in the Fields,Middlesex,Middlesex,St Martin in the Fields,ID_30034,NA
1477,1718,NA,London,London,Middlesex,NA,NA,NA
1618,1717,1718,Pilton,Northamptonshire,Northamptonshire,Pilton,NA,35899
1837,1717,1720,St James Clerkenwell,Middlesex,Middlesex,St James Clerkenwell,ID_127865,NA
2019,1714,1720,St Giles in the Fields,Middlesex,Middlesex,St Giles in the Fields,ID_30018,NA
2048,1718,1718,St Margaret Westminster,Middlesex,Middlesex,St Margaret Westminster,ID_127869,NA
2104,1715,NA,St Andrew Holborn,Middlesex,Middlesex,St Andrew Holborn,ID_127848,NA
2453,1720,1721,London,London,Middlesex,NA,NA,NA
2515,1718,1720,Rostherne,Cheshire,Cheshire,Rostherne,NA,38560
2911,1716,NA,London,London,Middlesex,NA,NA,NA
2941,1718,1720,Wareham,Dorset,Dorset,Wareham,NA,47785
2980,1715,1718,St Clement Danes,Middlesex,Middlesex,St Clement Danes,ID_30015,NA
3161,1714,1718,St Leonard Shoreditch,Middlesex,Middlesex,St Leonard Shoreditch,ID_30170,NA
3237,1712,1718,London,London,Middlesex,NA,NA,NA
3252,1715,1719,Houghton Regis,Bedfordshire,Bedfordshire,Houghton Regis,NA,22941
3432,1718,1721,St Martin in the Fields,Middlesex,Middlesex,St Martin in the Fields,ID_30034,NA
3767,1714,1718,Hitchin,Hertfordshire,Hertfordshire,Hitchin,NA,22136
3932,1716,NA,St Martin in the Fields,Middlesex,Middlesex,St Martin in the Fields,ID_30034,NA
4145,1720,1720,London,London,Middlesex,NA,NA,NA
4186,1718,1719,Hyworth,Wiltshire,Wiltshire,NA,NA,NA
4335,1714,1720,Faringdon,Berkshire,Berkshire,Faringdon,NA,15781
4415,1715,1718,Malmesbury,Wiltshire,Wiltshire,Malmesbury,NA,29219
4503,1720,1721,St Giles without Cripplegate,Middlesex,Middlesex,St Giles Cripplegate,ID_30100,NA
4532,1715,1719,St Giles in the Fields,Middlesex,Middlesex,St Giles in the Fields,ID_30018,NA
4884,1716,1719,London,London,Middlesex,NA,NA,NA
5079,1716,1719,London,London,Middlesex,NA,NA,NA
5300,1716,1718,Gray's Inn Lane,Middlesex,Middlesex,Gray's Inn,ID_127851,NA
5376,1717,1718,Garlick Hill,London,Middlesex,St James Garlickhithe,ID_30076,NA
5414,1715,1718,Ware,Hertfordshire,Hertfordshire,Ware,NA,47782
5538,1714,NA,St Botolph without Aldgate,Middlesex,Middlesex,St Botolph Aldgate,ID_30153,NA
5613,1710,1718,Whitechapel,Middlesex,Middlesex,St Mary Whitechapel,ID_127867,NA
5694,1714,1718,St Leonard Shoreditch,Middlesex,Middlesex,St Leonard Shoreditch,ID_30170,NA
5745,1713,1718,Battersea,Surrey,Surrey,Battersea,ID_30014,NA
5768,1719,1720,Romford,Essex,Essex,Romford,NA,38417
5776,1716,1719,London,London,Middlesex,NA,NA,NA
5894,1714,1718,St Giles in the Fields,Middlesex,Middlesex,St Giles in the Fields,ID_30018,NA
5953,1716,1720,Appleby,Leicestershire,Leicestershire,NA,NA,NA
6046,1715,NA,"Guildford, middle parish",Surrey,Surrey,NA,NA,NA
6328,1715,1720,St Sepulchre,London,Middlesex,St Sepulchre,ID_30058,NA
6508,1717,1719,London,London,Middlesex,NA,NA,NA
6607,1718,1719,St Mary Magdalen,Surrey,Surrey,St Mary Magdalen Bermondsey,ID_30004,NA
6629,1719,1720,London,London,Middlesex,NA,NA,NA
6659,1717,1719,London,London,Middlesex,NA,NA,NA
6715,1717,1719,St Andrew Holborn,Middlesex,Middlesex,St Andrew Holborn,ID_127848,NA
7011,1713,1718,London,London,Middlesex,NA,NA,NA
7059,1715,1720,St Giles Cripplegate,Middlesex,Middlesex,St Giles Cripplegate,ID_30100,NA
7153,1717,1718,Chesham,Buckinghamshire,Buckinghamshire,Chesham,NA,9025
7154,1716,NA,St Botolph Aldgate,Middlesex,Middlesex,St Botolph Aldgate,ID_30153,NA
7429,1716,1718,Stepney,Middlesex,Middlesex,St Dunstan Stepney,ID_30169,NA
7607,1717,1720,London,London,Middlesex,NA,NA,NA
7650,1718,1720,St Olave Southwark,Surrey,Surrey,St Olave Southwark,ID_30002,NA
7714,1714,1719,St Giles Cripplegate,London,Middlesex,St Giles Cripplegate,ID_30100,NA
7742,1712,1718,Spitalfields,Middlesex,Middlesex,Christchurch Spitalfields,ID_30168,NA
7790,1715,1720,London,London,Middlesex,NA,NA,NA
7806,1714,1720,Chester,Cheshire,Cheshire,Chester,NA,9035
7825,1718,NA,Enfield,Middlesex,Middlesex,Enfield,NA,15358
7843,1713,1719,Wardington,Oxfordshire,Oxfordshire,Wardington,NA,47763
7881,1714,1718,St Mary Whitechapel,Middlesex,Middlesex,St Mary Whitechapel,ID_127867,NA
8080,1717,NA,London,London,Middlesex,NA,NA,NA
8091,1716,1719,Mackworth,Derbyshire,Derbyshire,Mackworth,NA,29033
8220,1716,1718,Greenwich,Kent,Kent,Greenwich,NA,19085
8376,1717,1718,Bath,Somerset,Somerset,Bath,NA,2744
8687,1715,1718,St Giles,Middlesex,Middlesex,St Giles in the Fields,ID_30018,NA
8796,1714,1720,St Olave Southwark,Surrey,Surrey,St Olave Southwark,ID_30002,NA
8829,1713,1718,London,London,Middlesex,NA,NA,NA
9151,1714,NA,London,London,Middlesex,NA,NA,NA
9190,1713,1719,St Mary Magdalen Bermondsey,Surrey,Surrey,St Mary Magdalen Bermondsey,ID_30004,NA
9222,1719,1720,Cirencester,Gloucestershire,Gloucestershire,Cirencester,NA,9528
9280,1716,1718,St James Clerkenwell,Middlesex,Middlesex,St James Clerkenwell,ID_127865,NA
9287,1716,1719,London,London,Middlesex,NA,NA,NA
9829,1714,NA,Exeter,Devon,Devon,Exeter,NA,15586
9911,1716,1721,London,London,Middlesex,NA,NA,NA
9992,1714,1720,St Sepulchre without Newgate,Middlesex,Middlesex,St Sepulchre,ID_30058,NA
10048,NA,NA,London,London,Middlesex,NA,NA,NA
10080,1717,NA,Kirkby Stephen,Westmorland,Westmorland,Kirkby Stephen,NA,24809
10088,1714,1718,London,London,Middlesex,NA,NA,NA
10091,1717,1719,London,London,Middlesex,NA,NA,NA
10184,1714,1720,Faringdon,Berkshire,Berkshire,Faringdon,NA,15781
10345,1717,NA,London,London,Middlesex,NA,NA,NA
10543,1717,1719,Bangor,Flintshire,Flintshire,NA,NA,NA
10595,1717,NA,Bangor,Flintshire,Flintshire,NA,NA,NA
10777,1714,1718,Cheam,Surrey,Surrey,Cheam,NA,8908
10878,1716,1718,Oxford,Oxfordshire,Oxfordshire,Oxford,NA,34379
10927,1714,1719,High Wycombe,Buckinghamshire,Buckinghamshire,High Wycombe,NA,21631
10996,1715,1719,London,London,Middlesex,NA,NA,NA
11002,1715,1718,London,London,Middlesex,NA,NA,NA
11047,1719,1721,Caseter,Lincolnshire,Lincolnshire,NA,NA,NA
11079,1718,1720,St James Clerkenwell,Middlesex,Middlesex,St James Clerkenwell,ID_127865,NA
11139,1717,1718,Chaddlehanger,Devon,Devon,Chaddlehanger,NA,8580
11187,1716,NA,London,London,Middlesex,NA,NA,NA
11235,1715,1718,St Andrew Holborn,Middlesex,Middlesex,St Andrew Holborn,ID_127848,NA
11254,1718,1718,Bottlebed,Oxfordshire,Oxfordshire,NA,NA,NA
11470,1715,1718,London,London,Middlesex,NA,NA,NA
11500,1719,1720,Henley,Oxfordshire,Oxfordshire,Henley on Thames,NA,21225
11565,1714,1720,Walthamstow,Essex,Essex,Walthamstow,NA,47645
11654,1718,1719,St Giles Cripplegate,Middlesex,Middlesex,St Giles Cripplegate,ID_30100,NA
11846,1713,1719,Inner Temple,London,Middlesex,NA,NA,NA
11857,1717,1720,Dullington,Berkshire,Berkshire,NA,NA,NA
11955,1714,1719,Romford,Essex,Essex,Romford,NA,38417
12006,1716,1718,St Andrew Holborn,Middlesex,Middlesex,St Andrew Holborn,ID_127848,NA
12252,1716,1718,Thame,Oxfordshire,Oxfordshire,Thame,NA,44078
12283,1714,1720,Portsmouth,Hampshire,Hampshire,Portsmouth,NA,36626
12291,1717,1720,London,London,Middlesex,NA,NA,NA
12346,1717,1718,Newington Butts,Surrey,Surrey,Newington,ID_30005,NA
12362,1714,1718,Kingston upon Thames,Surrey,Surrey,Kingston upon Thames,NA,24629
12478,1714,1718,West Ham,Essex,Essex,West Ham,NA,48614
12479,1713,1719,London,London,Middlesex,NA,NA,NA
12521,1718,1719,Low Leyton,Essex,Essex,Low Leyton,NA,NA
12891,1713,1718,London,London,Middlesex,NA,NA,NA
12976,1715,1718,St Giles Cripplegate,London,Middlesex,St Giles Cripplegate,ID_30100,NA
13128,1713,1718,Smithfield,London,Middlesex,NA,NA,NA
13174,1718,1718,Southwark,Surrey,Surrey,NA,NA,NA
13213,1718,1718,St Clement Danes,Middlesex,Middlesex,St Clement Danes,ID_30015,NA
13275,1719,1721,Hague Hall,Yorkshire,Yorkshire,NA,NA,NA
13486,1713,NA,London,London,Middlesex,NA,NA,NA
13708,1714,1719,Hereford,Herefordshire,Herefordshire,Hereford,NA,21293
13717,1713,1718,St Margaret Westminster,Middlesex,Middlesex,St Margaret Westminster,ID_127869,NA
13813,1716,1719,Cripplegate,Middlesex,Middlesex,St Giles Cripplegate,ID_30100,NA
13836,1718,1719,St Olave Southwark,Surrey,Surrey,St Olave Southwark,ID_30002,NA
13848,1714,1719,London,London,Middlesex,NA,NA,NA
14219,1713,1718,St Botolph without Aldgate,Middlesex,Middlesex,St Botolph Aldgate,ID_30153,NA
53,1714,1719,Clapham,Surrey,Surrey,Clapham,NA,9592
226,1714,1719,London,London,Middlesex,NA,NA,NA
330,1719,1722,London,London,Middlesex,NA,NA,NA
781,1718,1719,London,London,Middlesex,NA,NA,NA
854,1715,1718,London,London,Middlesex,NA,NA,NA
924,1715,1719,Heaton,Yorkshire,Yorkshire,Heaton,NA,20965
1108,1713,1719,St Paul Shadwell,Middlesex,Middlesex,St Paul Shadwell,ID_30184,NA
1167,1711,1719,London,London,Middlesex,NA,NA,NA
1192,1716,1719,Chigwell,Essex,Essex,Chigwell,NA,9118
1194,1714,1719,Penn,Buckinghamshire,Buckinghamshire,Penn,NA,35193
1497,1717,1719,London,London,Middlesex,NA,NA,NA
1620,1715,1719,Biggleswade,Bedfordshire,Bedfordshire,Biggleswade,NA,3616
1709,1716,1719,Stepney,Middlesex,Middlesex,St Dunstan Stepney,ID_30169,NA
1720,1714,1719,Yardley,Northamptonshire,Northamptonshire,NA,NA,NA
1884,1715,1719,St James Westminster,Middlesex,Middlesex,St James Westminster,ID_30024,NA
2296,1715,1720,Oxford,Oxfordshire,Oxfordshire,Oxford,NA,34379
2613,1713,1719,St James Westminster,Middlesex,Middlesex,St James Westminster,ID_30024,NA
2614,1719,NA,London,London,Middlesex,NA,NA,NA
2617,1719,1722,NA,Berkshire,Berkshire,NA,NA,NA
2708,1716,1719,St Giles,Middlesex,Middlesex,St Giles in the Fields,ID_30018,NA
2912,1717,1718,London,London,Middlesex,NA,NA,NA
3056,1719,1719,Godford,Wiltshire,Wiltshire,NA,NA,NA
3213,1714,1719,London,London,Middlesex,NA,NA,NA
3803,1717,1719,Reading,Berkshire,Berkshire,Reading,NA,37532
3918,1717,1718,Lydney,Gloucestershire,Gloucestershire,Lydney,NA,28924
4291,1716,1719,St Giles in the Fields,Middlesex,Middlesex,St Giles in the Fields,ID_30018,NA
4712,1715,1719,London,London,Middlesex,NA,NA,NA
4867,1716,1719,Ringwood,Berkshire,Berkshire,NA,NA,NA
5193,1717,1719,London,London,Middlesex,NA,NA,NA
5253,1715,1719,Lambeth,Surrey,Surrey,St Mary Lambeth,ID_127857,NA
5345,1713,1719,St James Clerkenwell,Middlesex,Middlesex,St James Clerkenwell,ID_127865,NA
5444,1717,1719,London,London,Middlesex,NA,NA,NA
5581,1713,1719,London,London,Middlesex,NA,NA,NA
5627,1716,1719,London,London,Middlesex,NA,NA,NA
5706,1720,1722,London,London,Middlesex,NA,NA,NA
5732,1717,1718,Cambridge,Cambridgeshire,Cambridgeshire,Cambridge,NA,7642
5746,1713,1719,Battersea,Surrey,Surrey,Battersea,ID_30014,NA
5824,1714,1719,London,London,Middlesex,NA,NA,NA
5858,1714,1719,St Olave Southwark,Surrey,Surrey,St Olave Southwark,ID_30002,NA
6268,1718,1719,Hemel Hempstead,Hertfordshire,Hertfordshire,Hemel Hempstead,NA,21108
6294,1715,1719,London,London,Middlesex,NA,NA,NA
6497,1716,1720,Mortlake,Middlesex,Middlesex,NA,NA,NA
6600,1716,1719,London,London,Middlesex,NA,NA,NA
6887,1717,1719,London,London,Middlesex,NA,NA,NA
6962,1717,1719,St Clement Danes,Middlesex,Middlesex,St Clement Danes,ID_30015,NA
7274,1713,1719,London,London,Middlesex,NA,NA,NA
7450,1718,1719,Newport Pagnell,Buckinghamshire,Buckinghamshire,Newport Pagnell,NA,32580
7466,1718,1719,Newport Pagnell,Buckinghamshire,Buckinghamshire,Newport Pagnell,NA,32580
8140,1717,1719,London,London,Middlesex,NA,NA,NA
8185,1716,1719,Lewisham,Kent,Kent,Lewisham,NA,26147
8200,1713,1719,St Giles Cripplegate,Middlesex,Middlesex,St Giles Cripplegate,ID_30100,NA
8641,1714,1719,St Clement Danes,Middlesex,Middlesex,St Clement Danes,ID_30015,NA
8689,NA,1719,London,London,Middlesex,NA,NA,NA
9263,1717,1719,London,London,Middlesex,NA,NA,NA
9321,1717,1719,Chipping Barnet,Hertfordshire,Hertfordshire,Chipping Barnet,NA,9207
9448,1713,1719,Northaw,Hertfordshire,Hertfordshire,Northaw,NA,33286
9483,1718,1719,St Clement Danes,Middlesex,Middlesex,St Clement Danes,ID_30015,NA
9492,1715,1719,London,London,Middlesex,NA,NA,NA
9705,1718,1719,London,London,Middlesex,NA,NA,NA
9808,1716,1718,Alcester,Warwickshire,Warwickshire,Alcester,NA,518
9842,1713,1719,Reading,Berkshire,Berkshire,Reading,NA,37532
9850,1713,1719,Sheerness,Kent,Kent,Sheerness,NA,39970
9869,1716,1719,Greenwich,Kent,Kent,Greenwich,NA,19085
10758,1717,1719,London,London,Middlesex,NA,NA,NA
11009,NA,1719,Romford,Essex,Essex,Romford,NA,38417
11053,1715,1719,Barnet,Hertfordshire,Hertfordshire,Barnet,NA,2473
11125,1717,1719,London,London,Middlesex,NA,NA,NA
11164,1713,1718,Stepney,Middlesex,Middlesex,St Dunstan Stepney,ID_30169,NA
11165,1714,1718,Henley,Oxfordshire,Oxfordshire,Henley on Thames,NA,21225
11261,1721,1722,Bicester,Oxfordshire,Oxfordshire,Bicester,NA,3532
11417,1715,1719,Whitechapel,Middlesex,Middlesex,St Mary Whitechapel,ID_127867,NA
11438,1714,1719,NA,Middlesex,Middlesex,NA,NA,NA
11611,1714,1719,St Leonard Shoreditch,Middlesex,Middlesex,St Leonard Shoreditch,ID_30170,NA
11612,1715,1719,Christ Church,Surrey,Surrey,Christchurch Southwark,ID_30000,NA
11620,1718,1720,London,London,Middlesex,NA,NA,NA
12046,1715,1719,Wanstead,Essex,Essex,Wanstead,NA,47724
12445,1718,1719,Wells,Somerset,Somerset,Wells,NA,48288
12503,1718,1719,London,London,Middlesex,NA,NA,NA
13059,1714,1719,London,London,Middlesex,NA,NA,NA
13075,1713,1719,London,London,Middlesex,NA,NA,NA
13219,1714,1719,London,London,Middlesex,NA,NA,NA
13226,1717,1719,Lincoln's Inn,Middlesex,Middlesex,Lincoln's Inn,ID_127849,NA
13376,1716,1719,Burgay,Suffolk,Suffolk,NA,NA,NA
13508,1712,1719,Durham,County Durham,County Durham,Durham,NA,13975
13545,1713,1719,London,London,Middlesex,NA,NA,NA
13687,1715,1719,London,London,Middlesex,NA,NA,NA
13797,1717,1719,Lambeth,Surrey,Surrey,St Mary Lambeth,ID_127857,NA
13861,1715,1719,Woostlake,Nottinghamshire,Nottinghamshire,NA,NA,NA
13676,1720,NA,Nantwich,Cheshire,Cheshire,Nantwich,NA,31740
