id,code,label
C9244422,C10055,Litigation
C18602555,C10056,Manors
C18602558,C10056,Manors
C18602560,C10077,Pay and pensions
C18602563,C10059,Marriage and divorce
C18602565,C10056,Manors
C18602567,C10056,Manors
C18602568,C10036,Farming
C18602569,C10058,Maps and plans
C18602572,C10023,Crime
C18602572,C10111,Treason and rebellion
C18602573,C10036,Farming
C18602588,C10077,Pay and pensions
C18602600,C10059,Marriage and divorce
C18602601,C10056,Manors
C18602602,C10025,Debt
C18602607,C10036,Farming
C18602608,C10025,Debt
C18602611,C10056,Manors
C18602613,C10056,Manors
C18602618,C10056,Manors
C18602626,C10107,Tithes
C18602628,C10116,Wills and probate
C18602632,C10056,Manors
C18602641,C10077,Pay and pensions
C18602643,C10025,Debt
C18602651,C10056,Manors
C18602662,C10056,Manors
C18602669,C10056,Manors
C18602675,C10056,Manors
C18602679,C10056,Manors
C18602689,C10025,Debt
C18602690,C10056,Manors
C18602691,C10056,Manors
C18602693,C10056,Manors
C18602696,C10056,Manors
C18602697,C10036,Farming
C18602700,C10056,Manors
C18602712,C10056,Manors
C18602720,C10036,Farming
C18602722,C10056,Manors
C18602730,C10056,Manors
C18602731,C10056,Manors
C18602736,C10025,Debt
C18602739,C10056,Manors
C18602740,C10025,Debt
C18602741,C10116,Wills and probate
C18602742,C10056,Manors
C18602749,C10012,Children
C18602755,C10025,Debt
C18602759,C10056,Manors
C18602760,C10056,Manors
C18602761,C10056,Manors
C18602763,C10056,Manors
C18602774,C10056,Manors
C18602776,C10036,Farming
C18602781,C10056,Manors
C18602783,C10056,Manors
C18602786,C10056,Manors
C18602787,C10093,Religions
C18602791,C10056,Manors
C18602793,C10056,Manors
C18602798,C10056,Manors
C18602806,C10056,Manors
C18602817,C10059,Marriage and divorce
C18602817,C10056,Manors
C18602826,C10022,Conveyancing
C18602830,C10014,Coal
C18602833,C10101,Sewerage
C18602850,C10056,Manors
C18602858,C10056,Manors
C18602864,C10116,Wills and probate
C18602868,C10025,Debt
C18602869,C10025,Debt
C18602878,C10056,Manors
C18602890,C10056,Manors
C18602893,C10025,Debt
C18602894,C10056,Manors
C18602917,C10056,Manors
C18602918,C10056,Manors
C18602919,C10108,Trade and commerce
C18602923,C10059,Marriage and divorce
C18602927,C10023,Crime
C18602927,C10039,Food and drink
C18602930,C10056,Manors
C18602946,C10056,Manors
C18602951,C10056,Manors
C18602954,C10056,Manors
C18602955,C10056,Manors
C18602972,C10116,Wills and probate
C18602975,C10056,Manors
C18602981,C10056,Manors
C18602981,C10077,Pay and pensions
C18602985,C10056,Manors
C18602990,C10116,Wills and probate
C18602995,C10056,Manors
C18602996,C10036,Farming
C18603000,C10039,Food and drink
C18603000,C10077,Pay and pensions
C18603010,C10056,Manors
C18603012,C10085,Prisons
C18603013,C10025,Debt
C18603017,C10056,Manors
C18603021,C10036,Farming
C18603022,C10056,Manors
C18603024,C10116,Wills and probate
C18603039,C10025,Debt
C18603042,C10056,Manors
C18603048,C10036,Farming
C18603061,C10056,Manors
C18607406,C10056,Manors
C18607408,C10025,Debt
C18607412,C10036,Farming
C18607419,C10116,Wills and probate
C18607420,C10056,Manors
C18607431,C10116,Wills and probate
C18607433,C10056,Manors
C18607437,C10056,Manors
C18607439,C10056,Manors
C18607440,C10056,Manors
C18607441,C10056,Manors
C18607444,C10056,Manors
C18607450,C10131,Europe and Russia
C18607457,C10056,Manors
C18607459,C10056,Manors
C18607462,C10056,Manors
C18607468,C10056,Manors
C18607474,C10108,Trade and commerce
C18607477,C10056,Manors
C18607484,C10056,Manors
C18607489,C10040,Forestry
C18607496,C10056,Manors
C18607499,C10025,Debt
C18607500,C10077,Pay and pensions
C18607510,C10056,Manors
C18607510,C10077,Pay and pensions
C18607517,C10056,Manors
C18607520,C10056,Manors
C18607521,C10056,Manors
C18607524,C10025,Debt
C18607534,C10040,Forestry
C18607534,C10056,Manors
C18607534,C10036,Farming
C18607539,C10056,Manors
C18607541,C10025,Debt
C18607544,C10056,Manors
C18607546,C10039,Food and drink
C18607550,C10056,Manors
C18607552,C10056,Manors
C18607557,C10025,Debt
C18607558,C10007,Banking
C18607558,C10022,Conveyancing
C18607559,C10056,Manors
C18607567,C10077,Pay and pensions
C18607570,C10096,Research
C18607574,C10077,Pay and pensions
C18607576,C10116,Wills and probate
C18607579,C10025,Debt
C18607588,C10116,Wills and probate
C18607599,C10056,Manors
C18607607,C10025,Debt
C18607608,C10056,Manors
C18607609,C10056,Manors
C18607619,C10056,Manors
C18607620,C10025,Debt
C18607621,C10056,Manors
C18607626,C10056,Manors
C18607630,C10056,Manors
C18607631,C10036,Farming
C18607642,C10025,Debt
C18607645,C10107,Tithes
C18607658,C10025,Debt
C18607660,C10059,Marriage and divorce
C18607661,C10059,Marriage and divorce
C18607661,C10056,Manors
C18607665,C10107,Tithes
C18607667,C10059,Marriage and divorce
C18607672,C10010,Charities
C18607685,C10025,Debt
C18607689,C10025,Debt
C18607693,C10056,Manors
C18607695,C10056,Manors
C18607695,C10010,Charities
C18607697,C10025,Debt
C18607716,C10025,Debt
C18607723,C10025,Debt
C18607724,C10056,Manors
C18607725,C10025,Debt
C18607730,C10056,Manors
C18607734,C10056,Manors
C18607737,C10025,Debt
C18607746,C10093,Religions
C18607752,C10056,Manors
C18607764,C10013,Clothing
C18607766,C10025,Debt
C18607768,C10025,Debt
C18607773,C10107,Tithes
C18607782,C10013,Clothing
C18607789,C10107,Tithes
C18607793,C10025,Debt
C18607794,C10025,Debt
C18607794,C10085,Prisons
C18607803,C10056,Manors
C18607805,C10056,Manors
C18618348,C10055,Litigation
C18618349,C10055,Litigation
C18618350,C10055,Litigation
C18618350,C10025,Debt
C18618351,C10055,Litigation
C18618352,C10055,Litigation
C18618353,C10055,Litigation
C18618353,C10056,Manors
C18618354,C10055,Litigation
C18618354,C10056,Manors
C18618355,C10055,Litigation
C18618355,C10056,Manors
C18618356,C10055,Litigation
C18618358,C10055,Litigation
C18618359,C10055,Litigation
C18618359,C10056,Manors
C18618360,C10055,Litigation
C18618361,C10055,Litigation
C18618362,C10055,Litigation
C18618363,C10055,Litigation
C18618363,C10025,Debt
C18618364,C10055,Litigation
C18618365,C10055,Litigation
C18618366,C10055,Litigation
C18618367,C10055,Litigation
C18618368,C10055,Litigation
C18618368,C10056,Manors
C18618369,C10055,Litigation
C18618370,C10055,Litigation
C18618371,C10055,Litigation
C18618372,C10055,Litigation
C18618373,C10055,Litigation
C18618374,C10055,Litigation
C18618375,C10055,Litigation
C18618376,C10055,Litigation
C18618377,C10055,Litigation
C18618378,C10055,Litigation
C18618379,C10055,Litigation
C18618380,C10055,Litigation
C18618381,C10055,Litigation
C18618382,C10055,Litigation
C18618382,C10025,Debt
C18618383,C10055,Litigation
C18618384,C10055,Litigation
C18618385,C10055,Litigation
C18618386,C10055,Litigation
C18618387,C10055,Litigation
C18618388,C10055,Litigation
C18618389,C10039,Food and drink
C18618389,C10055,Litigation
C18618390,C10055,Litigation
C18618391,C10055,Litigation
C18618392,C10055,Litigation
C18618393,C10055,Litigation
C18618394,C10055,Litigation
C18618395,C10055,Litigation
C18618396,C10055,Litigation
C18618397,C10055,Litigation
C18618398,C10055,Litigation
C18618399,C10055,Litigation
C18618400,C10055,Litigation
C18618401,C10055,Litigation
C18618401,C10056,Manors
C18618402,C10055,Litigation
C18618403,C10055,Litigation
C18618404,C10055,Litigation
C18618405,C10055,Litigation
C18618405,C10056,Manors
C18618406,C10055,Litigation
C18618407,C10055,Litigation
C18618408,C10055,Litigation
C18618409,C10055,Litigation
C18618409,C10056,Manors
C18618410,C10055,Litigation
C18618411,C10055,Litigation
C18618412,C10055,Litigation
C18618412,C10107,Tithes
C18618413,C10055,Litigation
C18618414,C10055,Litigation
C18618414,C10056,Manors
C18618415,C10055,Litigation
C18618416,C10055,Litigation
C18618417,C10055,Litigation
C18618417,C10025,Debt
C18618418,C10055,Litigation
C18618419,C10055,Litigation
C18618420,C10055,Litigation
C18618421,C10055,Litigation
C18618421,C10025,Debt
C18618422,C10055,Litigation
C18618423,C10055,Litigation
C18618424,C10055,Litigation
C18618425,C10055,Litigation
C18618426,C10055,Litigation
C18618427,C10055,Litigation
C18618428,C10055,Litigation
C18618429,C10055,Litigation
C18618430,C10055,Litigation
C18618431,C10055,Litigation
C18618432,C10055,Litigation
C18618433,C10055,Litigation
C18618434,C10055,Litigation
C18618435,C10055,Litigation
C18618436,C10055,Litigation
C18618437,C10055,Litigation
C18618438,C10055,Litigation
C18618439,C10055,Litigation
C18618440,C10055,Litigation
C18618441,C10055,Litigation
C18618442,C10055,Litigation
C18618443,C10055,Litigation
C18618444,C10055,Litigation
C18618445,C10055,Litigation
C18618445,C10025,Debt
C18618446,C10055,Litigation
C18618447,C10055,Litigation
C18618448,C10055,Litigation
C18618449,C10055,Litigation
C18618450,C10055,Litigation
C18618450,C10025,Debt
C18618451,C10055,Litigation
C18618452,C10055,Litigation
C18618453,C10093,Religions
C18618453,C10055,Litigation
C18618454,C10055,Litigation
C18618455,C10055,Litigation
C18618455,C10036,Farming
C18618456,C10055,Litigation
C18618457,C10055,Litigation
C18618457,C10025,Debt
C18618458,C10055,Litigation
C18618458,C10056,Manors
C18618459,C10055,Litigation
C18618459,C10108,Trade and commerce
C18618460,C10055,Litigation
C18618461,C10055,Litigation
C18618462,C10055,Litigation
C18618463,C10055,Litigation
C18618464,C10055,Litigation
C18618465,C10055,Litigation
C18618466,C10055,Litigation
C18618467,C10055,Litigation
C18618468,C10055,Litigation
C18618469,C10055,Litigation
C18618470,C10055,Litigation
C18618471,C10055,Litigation
C18618472,C10055,Litigation
C18618472,C10036,Farming
C18618473,C10055,Litigation
C18618474,C10055,Litigation
C18618475,C10055,Litigation
C18618475,C10036,Farming
C18618476,C10055,Litigation
C18618477,C10055,Litigation
C18618478,C10055,Litigation
C18618479,C10055,Litigation
C18618480,C10055,Litigation
C18618481,C10055,Litigation
C18618482,C10055,Litigation
C18618483,C10055,Litigation
C18618483,C10056,Manors
C18618484,C10055,Litigation
C18618484,C10052,Labour
C18618485,C10055,Litigation
C18618486,C10055,Litigation
C18618487,C10055,Litigation
C18618488,C10055,Litigation
C18618489,C10055,Litigation
C18618490,C10055,Litigation
C18618491,C10055,Litigation
C18618491,C10036,Farming
C18618492,C10055,Litigation
C18618492,C10025,Debt
C18618493,C10055,Litigation
C18618494,C10055,Litigation
C18618495,C10055,Litigation
C18618496,C10055,Litigation
C18618496,C10099,Royal Parks
C18618497,C10055,Litigation
C18618498,C10055,Litigation
C18618499,C10055,Litigation
C18618500,C10055,Litigation
C18618501,C10055,Litigation
C18618502,C10055,Litigation
C18618503,C10055,Litigation
C18618504,C10055,Litigation
C18618505,C10055,Litigation
C18618506,C10055,Litigation
C18618507,C10055,Litigation
C18618508,C10055,Litigation
C18618508,C10036,Farming
C18618509,C10055,Litigation
C18618510,C10055,Litigation
C18618511,C10055,Litigation
C18618512,C10055,Litigation
C18618513,C10055,Litigation
C18618514,C10055,Litigation
C18618515,C10055,Litigation
C18618516,C10131,Europe and Russia
C18618516,C10055,Litigation
C18618517,C10055,Litigation
C18618518,C10055,Litigation
C18618519,C10055,Litigation
C18618520,C10055,Litigation
C18618521,C10055,Litigation
C18618522,C10055,Litigation
C18618523,C10055,Litigation
C18618524,C10055,Litigation
C18618525,C10055,Litigation
C18618526,C10055,Litigation
C18618527,C10055,Litigation
C18618528,C10055,Litigation
C18618529,C10055,Litigation
C18618529,C10025,Debt
C18618530,C10055,Litigation
C18618531,C10055,Litigation
C18618532,C10055,Litigation
C18618533,C10055,Litigation
C18618534,C10055,Litigation
C18618535,C10055,Litigation
C18618536,C10055,Litigation
C18618537,C10055,Litigation
C18618538,C10055,Litigation
C18618539,C10055,Litigation
C18618539,C10025,Debt
C18618540,C10055,Litigation
C18618541,C10055,Litigation
C18618541,C10056,Manors
C18618542,C10055,Litigation
C18618542,C10036,Farming
C18618543,C10055,Litigation
C18618544,C10055,Litigation
C18618544,C10013,Clothing
C18618545,C10055,Litigation
C18618545,C10012,Children
C18618546,C10055,Litigation
C18618547,C10055,Litigation
C18618548,C10055,Litigation
C18618548,C10007,Banking
C18618548,C10022,Conveyancing
C18618549,C10055,Litigation
C18618550,C10055,Litigation
C18618551,C10055,Litigation
C18618551,C10056,Manors
C18618552,C10055,Litigation
C18618553,C10055,Litigation
C18618553,C10056,Manors
C18618554,C10055,Litigation
C18618555,C10055,Litigation
C18618555,C10056,Manors
C18618556,C10055,Litigation
C18618556,C10025,Debt
C18618557,C10055,Litigation
C18618557,C10025,Debt
C18618558,C10055,Litigation
C18618558,C10065,Armed Forces (General Administration)
C18618558,C10072,Navy
C18618559,C10055,Litigation
C18618560,C10055,Litigation
C18618561,C10055,Litigation
C18618562,C10055,Litigation
C18618563,C10055,Litigation
C18618564,C10131,Europe and Russia
C18618564,C10055,Litigation
C18618565,C10055,Litigation
C18618566,C10055,Litigation
C18618567,C10055,Litigation
C18618568,C10055,Litigation
C18618569,C10055,Litigation
C18618570,C10055,Litigation
C18618570,C10036,Farming
C18618571,C10055,Litigation
C18618571,C10025,Debt
C18618572,C10055,Litigation
C18618573,C10055,Litigation
C18618573,C10107,Tithes
C18618574,C10055,Litigation
C18618574,C10025,Debt
C18618575,C10055,Litigation
C18618576,C10055,Litigation
C18618577,C10055,Litigation
C18618578,C10055,Litigation
C18618579,C10055,Litigation
C18618580,C10055,Litigation
C18618581,C10055,Litigation
C18618582,C10055,Litigation
C18618583,C10055,Litigation
C18618584,C10055,Litigation
C18618584,C10108,Trade and commerce
C18618585,C10055,Litigation
C18618586,C10055,Litigation
C18618587,C10055,Litigation
C18618587,C10056,Manors
C18618588,C10055,Litigation
C18618589,C10055,Litigation
C18618589,C10025,Debt
C18618589,C10116,Wills and probate
C18618590,C10055,Litigation
C18618591,C10055,Litigation
C18618592,C10055,Litigation
C18618593,C10055,Litigation
C18618594,C10055,Litigation
C18618595,C10055,Litigation
C18618595,C10056,Manors
C18618596,C10039,Food and drink
C18618596,C10055,Litigation
C18618597,C10055,Litigation
C18618598,C10055,Litigation
C18618598,C10065,Armed Forces (General Administration)
C18618598,C10072,Navy
C18618599,C10055,Litigation
C18618600,C10055,Litigation
C18618601,C10055,Litigation
C18618602,C10055,Litigation
C18618602,C10025,Debt
C18618603,C10055,Litigation
C18618603,C10025,Debt
C18618604,C10055,Litigation
C18618605,C10055,Litigation
C18618606,C10055,Litigation
C18618606,C10056,Manors
C18618607,C10055,Litigation
C18618608,C10055,Litigation
C18618609,C10055,Litigation
C18618610,C10055,Litigation
C18618611,C10055,Litigation
C18618612,C10055,Litigation
C18618613,C10055,Litigation
C18618614,C10055,Litigation
C18618615,C10131,Europe and Russia
C18618615,C10055,Litigation
C18618616,C10055,Litigation
C18618616,C10077,Pay and pensions
C18618617,C10055,Litigation
C18618617,C10036,Farming
C18618618,C10055,Litigation
C18618618,C10025,Debt
C18618619,C10055,Litigation
C18618620,C10055,Litigation
C18618621,C10055,Litigation
C18618622,C10055,Litigation
C18618623,C10055,Litigation
C18618624,C10055,Litigation
C18618625,C10055,Litigation
C18618626,C10055,Litigation
C18618627,C10055,Litigation
C18618628,C10055,Litigation
C18618629,C10055,Litigation
C18618630,C10055,Litigation
C18618631,C10055,Litigation
C18618632,C10055,Litigation
C18618633,C10055,Litigation
C18618634,C10055,Litigation
C18618635,C10055,Litigation
C18618636,C10055,Litigation
C18618637,C10055,Litigation
C18618638,C10055,Litigation
C18618639,C10055,Litigation
C18618640,C10055,Litigation
C18618641,C10055,Litigation
C18618642,C10055,Litigation
C18618643,C10055,Litigation
C18618644,C10055,Litigation
C18618644,C10024,Crown lands and estates
C18618645,C10055,Litigation
C18618646,C10055,Litigation
C18618647,C10055,Litigation
C18618647,C10056,Manors
C18618648,C10055,Litigation
C18618648,C10116,Wills and probate
C18618649,C10055,Litigation
C18618650,C10055,Litigation
C18618650,C10056,Manors
C18618651,C10055,Litigation
C18618652,C10055,Litigation
C18618652,C10116,Wills and probate
C18618653,C10055,Litigation
C18618654,C10055,Litigation
C18618655,C10055,Litigation
C18618656,C10055,Litigation
C18618657,C10055,Litigation
C18618658,C10055,Litigation
C18618659,C10055,Litigation
C18618660,C10055,Litigation
C18618661,C10055,Litigation
C18618662,C10055,Litigation
C18618663,C10055,Litigation
C18618664,C10055,Litigation
C18618665,C10055,Litigation
C18618666,C10055,Litigation
C18618667,C10055,Litigation
C18618668,C10055,Litigation
C18618669,C10055,Litigation
C18618670,C10055,Litigation
C18618671,C10055,Litigation
C18618672,C10055,Litigation
C18618673,C10055,Litigation
C18618674,C10055,Litigation
C18618674,C10116,Wills and probate
C18618675,C10055,Litigation
C18618676,C10055,Litigation
C18618677,C10055,Litigation
C18618678,C10055,Litigation
C18618679,C10055,Litigation
C18618680,C10055,Litigation
C18618681,C10055,Litigation
C18618682,C10055,Litigation
C18618683,C10055,Litigation
C18618684,C10055,Litigation
C18618685,C10055,Litigation
C18618686,C10055,Litigation
C18618687,C10055,Litigation
C18618688,C10055,Litigation
C18618689,C10055,Litigation
C18618690,C10055,Litigation
C18618691,C10055,Litigation
C18618692,C10055,Litigation
C18618693,C10055,Litigation
C18618694,C10039,Food and drink
C18618694,C10055,Litigation
C18618694,C10025,Debt
C18618695,C10055,Litigation
C18618696,C10055,Litigation
C18618697,C10055,Litigation
C18618697,C10013,Clothing
C18618698,C10055,Litigation
C18618699,C10055,Litigation
C18618700,C10055,Litigation
C18622246,C10055,Litigation
C18622247,C10055,Litigation
C18622248,C10055,Litigation
C18621701,C10055,Litigation
C18621702,C10055,Litigation
C18621703,C10055,Litigation
C18621703,C10116,Wills and probate
C18621704,C10055,Litigation
C18621705,C10055,Litigation
C18621706,C10055,Litigation
C18621707,C10055,Litigation
C18621708,C10055,Litigation
C18621709,C10055,Litigation
C18621710,C10055,Litigation
C18621711,C10055,Litigation
C18621711,C10036,Farming
C18621712,C10055,Litigation
C18621713,C10055,Litigation
C18621714,C10055,Litigation
C18621715,C10131,Europe and Russia
C18621715,C10055,Litigation
C18621716,C10055,Litigation
C18621717,C10055,Litigation
C18621718,C10055,Litigation
C18621719,C10055,Litigation
C18621720,C10055,Litigation
C18621720,C10025,Debt
C18621721,C10055,Litigation
C18621722,C10055,Litigation
C18621723,C10055,Litigation
C18621724,C10039,Food and drink
C18621724,C10055,Litigation
C18621725,C10055,Litigation
C18621726,C10055,Litigation
C18621727,C10055,Litigation
C18621727,C10107,Tithes
C18621728,C10055,Litigation
C18621729,C10055,Litigation
C18621729,C10025,Debt
C18621730,C10055,Litigation
C18621731,C10055,Litigation
C18621732,C10055,Litigation
C18621733,C10055,Litigation
C18621734,C10055,Litigation
C18621735,C10039,Food and drink
C18621735,C10055,Litigation
C18621736,C10055,Litigation
C18621737,C10055,Litigation
C18621738,C10055,Litigation
C18621739,C10055,Litigation
C18621740,C10055,Litigation
C18621741,C10055,Litigation
C18621742,C10055,Litigation
C18621743,C10055,Litigation
C18621744,C10055,Litigation
C18621745,C10055,Litigation
C18621746,C10055,Litigation
C18621747,C10055,Litigation
C18621748,C10055,Litigation
C18621749,C10055,Litigation
C18621750,C10055,Litigation
C18621751,C10055,Litigation
C18621752,C10055,Litigation
C18621753,C10055,Litigation
C18621753,C10014,Coal
C18621753,C10066,Mining and quarrying
C18621754,C10055,Litigation
C18621755,C10055,Litigation
C18621756,C10055,Litigation
C18621757,C10055,Litigation
C18621758,C10055,Litigation
C18621759,C10055,Litigation
C18621760,C10055,Litigation
C18621761,C10055,Litigation
C18621762,C10055,Litigation
C18621763,C10055,Litigation
C18621763,C10077,Pay and pensions
C18621764,C10055,Litigation
C18621765,C10055,Litigation
C18621766,C10055,Litigation
C18621766,C10025,Debt
C18621767,C10055,Litigation
C18621767,C10025,Debt
C18621768,C10055,Litigation
C18621769,C10055,Litigation
C18621769,C10116,Wills and probate
C18621770,C10055,Litigation
C18621771,C10055,Litigation
C18621772,C10059,Marriage and divorce
C18621772,C10055,Litigation
C18621773,C10055,Litigation
C18621773,C10056,Manors
C18621774,C10055,Litigation
C18621775,C10055,Litigation
C18621776,C10055,Litigation
C18621777,C10055,Litigation
C18621778,C10055,Litigation
C18621779,C10055,Litigation
C18621780,C10055,Litigation
C18621781,C10055,Litigation
C18621782,C10055,Litigation
C18621783,C10055,Litigation
C18621784,C10055,Litigation
C18621785,C10055,Litigation
C18621785,C10056,Manors
C18621786,C10055,Litigation
C18621787,C10055,Litigation
C18621788,C10055,Litigation
C18621788,C10043,Government finances
C18621789,C10055,Litigation
C18621790,C10055,Litigation
C18621791,C10055,Litigation
C18621792,C10055,Litigation
C18621793,C10055,Litigation
C18621794,C10055,Litigation
C18621795,C10055,Litigation
C18621796,C10055,Litigation
C18621796,C10025,Debt
C18621797,C10055,Litigation
C18621798,C10055,Litigation
C18621799,C10055,Litigation
C18621800,C10055,Litigation
C18621801,C10055,Litigation
C18621802,C10055,Litigation
C18621802,C10056,Manors
C18621803,C10055,Litigation
C18621803,C10025,Debt
C18621804,C10055,Litigation
C18621805,C10055,Litigation
C18621806,C10055,Litigation
C18621806,C10056,Manors
C18621807,C10055,Litigation
C18621808,C10055,Litigation
C18621809,C10055,Litigation
C18621810,C10055,Litigation
C18621811,C10055,Litigation
C18621812,C10055,Litigation
C18621812,C10107,Tithes
C18621813,C10055,Litigation
C18621814,C10055,Litigation
C18621815,C10055,Litigation
C18621816,C10055,Litigation
C18621817,C10055,Litigation
C18621818,C10055,Litigation
C18621819,C10055,Litigation
C18621819,C10025,Debt
C18621820,C10055,Litigation
C18621821,C10055,Litigation
C18621822,C10055,Litigation
C18621823,C10055,Litigation
C18621824,C10055,Litigation
C18621825,C10055,Litigation
C18621825,C10056,Manors
C18621826,C10055,Litigation
C18621827,C10055,Litigation
C18621828,C10055,Litigation
C18621829,C10055,Litigation
C18621830,C10055,Litigation
C18621831,C10055,Litigation
C18621832,C10055,Litigation
C18621833,C10055,Litigation
C18621833,C10025,Debt
C18621834,C10055,Litigation
C18621834,C10025,Debt
C18621835,C10055,Litigation
C18621835,C10056,Manors
C18621836,C10055,Litigation
C18621837,C10055,Litigation
C18621838,C10055,Litigation
C18621839,C10055,Litigation
C18621840,C10055,Litigation
C18621840,C10025,Debt
C18621841,C10055,Litigation
C18621842,C10055,Litigation
C18621843,C10055,Litigation
C18621844,C10055,Litigation
C18621845,C10055,Litigation
C18621846,C10055,Litigation
C18621847,C10055,Litigation
C18621848,C10055,Litigation
C18621849,C10055,Litigation
C18621850,C10055,Litigation
C18621851,C10055,Litigation
C18621852,C10055,Litigation
C18621852,C10036,Farming
C18621853,C10055,Litigation
C18621854,C10055,Litigation
C18621855,C10055,Litigation
C18621856,C10055,Litigation
C18621857,C10055,Litigation
C18621858,C10055,Litigation
C18621859,C10055,Litigation
C18621860,C10055,Litigation
C18621860,C10025,Debt
C18621861,C10055,Litigation
C18621862,C10055,Litigation
C18621863,C10055,Litigation
C18621864,C10055,Litigation
C18621865,C10055,Litigation
C18621865,C10025,Debt
C18621866,C10055,Litigation
C18621867,C10055,Litigation
C18621868,C10055,Litigation
C18621869,C10055,Litigation
C18621870,C10055,Litigation
C18621871,C10055,Litigation
C18621871,C10056,Manors
C18621872,C10055,Litigation
C18621873,C10055,Litigation
C18621874,C10055,Litigation
C18621875,C10055,Litigation
C18621876,C10055,Litigation
C18621877,C10055,Litigation
C18621878,C10055,Litigation
C18621879,C10055,Litigation
C18621880,C10055,Litigation
C18621880,C10036,Farming
C18621881,C10055,Litigation
C18621882,C10055,Litigation
C18621883,C10055,Litigation
C18621884,C10055,Litigation
C18621885,C10055,Litigation
C18621885,C10040,Forestry
C18621885,C10116,Wills and probate
C18621886,C10055,Litigation
C18621887,C10055,Litigation
C18621888,C10055,Litigation
C18621889,C10055,Litigation
C18621890,C10055,Litigation
C18621891,C10055,Litigation
C18621892,C10055,Litigation
C18621893,C10055,Litigation
C18621894,C10055,Litigation
C18621895,C10055,Litigation
C18621896,C10055,Litigation
C18621897,C10055,Litigation
C18621898,C10055,Litigation
C18621899,C10055,Litigation
C18621899,C10056,Manors
C18621900,C10055,Litigation
C18621901,C10055,Litigation
C18621902,C10131,Europe and Russia
C18621902,C10055,Litigation
C18621903,C10055,Litigation
C18621904,C10055,Litigation
C18621905,C10055,Litigation
C18621906,C10055,Litigation
C18621907,C10055,Litigation
C18621908,C10055,Litigation
C18621909,C10055,Litigation
C18621909,C10077,Pay and pensions
C18621910,C10055,Litigation
C18621911,C10055,Litigation
C18621912,C10055,Litigation
C18621913,C10055,Litigation
C18621914,C10055,Litigation
C18621915,C10055,Litigation
C18621916,C10055,Litigation
C18621917,C10055,Litigation
C18621917,C10056,Manors
C18621918,C10055,Litigation
C18621919,C10055,Litigation
C18621920,C10055,Litigation
C18621921,C10055,Litigation
C18621922,C10055,Litigation
C18621923,C10055,Litigation
C18621924,C10055,Litigation
C18621925,C10055,Litigation
C18626222,C10055,Litigation
C18626223,C10055,Litigation
C18626224,C10055,Litigation
C18626224,C10108,Trade and commerce
C18626225,C10055,Litigation
C18626226,C10055,Litigation
C18626227,C10055,Litigation
C18626228,C10055,Litigation
C18626229,C10055,Litigation
C18626230,C10055,Litigation
C18626231,C10055,Litigation
C18626232,C10055,Litigation
C18626233,C10055,Litigation
C18626234,C10055,Litigation
C18626235,C10055,Litigation
C18626236,C10055,Litigation
C18626237,C10055,Litigation
C18626238,C10055,Litigation
C18626239,C10055,Litigation
C18626240,C10055,Litigation
C18626241,C10055,Litigation
C18626242,C10055,Litigation
C18626243,C10023,Crime
C18626243,C10055,Litigation
C18626244,C10055,Litigation
C18626245,C10055,Litigation
C18626246,C10055,Litigation
C18626247,C10055,Litigation
C18626248,C10055,Litigation
C18626249,C10055,Litigation
C18626250,C10055,Litigation
C18626251,C10055,Litigation
C18626252,C10055,Litigation
C18626253,C10055,Litigation
C18626254,C10055,Litigation
C18626255,C10055,Litigation
C18626256,C10055,Litigation
C18626256,C10025,Debt
C18626257,C10055,Litigation
C18626258,C10055,Litigation
C18626259,C10055,Litigation
C18626260,C10055,Litigation
C18626260,C10025,Debt
C18626261,C10055,Litigation
C18626262,C10055,Litigation
C18626263,C10055,Litigation
C18626264,C10059,Marriage and divorce
C18626264,C10055,Litigation
C18626265,C10055,Litigation
C18626265,C10056,Manors
C18626266,C10055,Litigation
C18626267,C10055,Litigation
C18626268,C10055,Litigation
C18626269,C10055,Litigation
C18626270,C10055,Litigation
C18626271,C10055,Litigation
C18626271,C10116,Wills and probate
C18626272,C10055,Litigation
C18626273,C10055,Litigation
C18626274,C10055,Litigation
C18626274,C10056,Manors
C18626275,C10055,Litigation
C18626276,C10055,Litigation
C18626277,C10055,Litigation
C18626278,C10055,Litigation
C18626279,C10055,Litigation
C18626280,C10055,Litigation
C18626281,C10055,Litigation
C18626282,C10055,Litigation
C18626283,C10055,Litigation
C18626283,C10025,Debt
C18626284,C10055,Litigation
C18626285,C10055,Litigation
C18626286,C10055,Litigation
C18626287,C10055,Litigation
C18626288,C10055,Litigation
C18626289,C10055,Litigation
C18626290,C10055,Litigation
C18626291,C10055,Litigation
C18626292,C10055,Litigation
C18626293,C10055,Litigation
C18626294,C10055,Litigation
C18626294,C10056,Manors
C18626295,C10055,Litigation
C18626295,C10056,Manors
C18626296,C10055,Litigation
C18626297,C10055,Litigation
C18626298,C10055,Litigation
C18626299,C10055,Litigation
C18626300,C10055,Litigation
C18626301,C10055,Litigation
C18626301,C10116,Wills and probate
C18626302,C10055,Litigation
C18626303,C10055,Litigation
C18626304,C10055,Litigation
C18626305,C10055,Litigation
C18626306,C10055,Litigation
C18626307,C10055,Litigation
C18626308,C10055,Litigation
C18626309,C10055,Litigation
C18626310,C10055,Litigation
C18626311,C10055,Litigation
C18626312,C10055,Litigation
C18626313,C10055,Litigation
C18626314,C10055,Litigation
C18626315,C10055,Litigation
C18626316,C10055,Litigation
C18626316,C10036,Farming
C18626317,C10055,Litigation
C18626318,C10055,Litigation
C18626318,C10036,Farming
C18626319,C10055,Litigation
C18626320,C10055,Litigation
C18626321,C10055,Litigation
C18626322,C10055,Litigation
C18626323,C10055,Litigation
C18626324,C10055,Litigation
C18626325,C10055,Litigation
C18626326,C10055,Litigation
C18626327,C10055,Litigation
C18626328,C10055,Litigation
C18626329,C10055,Litigation
C18626330,C10055,Litigation
C18626331,C10055,Litigation
C18626332,C10055,Litigation
C18626333,C10039,Food and drink
C18626333,C10055,Litigation
C18626334,C10055,Litigation
C18626335,C10055,Litigation
C18626336,C10055,Litigation
C18626337,C10055,Litigation
C18626337,C10056,Manors
C18626338,C10059,Marriage and divorce
C18626338,C10055,Litigation
C18626339,C10055,Litigation
C18626340,C10055,Litigation
C18626341,C10055,Litigation
C18626342,C10055,Litigation
C18626342,C10056,Manors
C18626343,C10055,Litigation
C18626344,C10055,Litigation
C18626344,C10056,Manors
C18626345,C10055,Litigation
C18626346,C10055,Litigation
C18626347,C10055,Litigation
C18626348,C10055,Litigation
C18626349,C10055,Litigation
C18626350,C10055,Litigation
C18626351,C10023,Crime
C18626351,C10055,Litigation
C18626352,C10055,Litigation
C18626353,C10055,Litigation
C18626354,C10055,Litigation
C18626355,C10055,Litigation
C18626356,C10055,Litigation
C18626357,C10055,Litigation
C18626358,C10055,Litigation
C18626359,C10055,Litigation
C18626360,C10055,Litigation
C18626361,C10055,Litigation
C18626361,C10025,Debt
C18626362,C10055,Litigation
C18626363,C10055,Litigation
C18626364,C10055,Litigation
C18626365,C10055,Litigation
C18626366,C10055,Litigation
C18626367,C10055,Litigation
C18626368,C10055,Litigation
C18626369,C10055,Litigation
C18626370,C10055,Litigation
C18626371,C10055,Litigation
C18626372,C10059,Marriage and divorce
C18626372,C10055,Litigation
C18626373,C10055,Litigation
C18626374,C10055,Litigation
C18626375,C10055,Litigation
C18626376,C10055,Litigation
C18626376,C10056,Manors
C18626376,C10116,Wills and probate
C18626377,C10055,Litigation
C18626377,C10108,Trade and commerce
C18626378,C10055,Litigation
C18626379,C10055,Litigation
C18626380,C10055,Litigation
C18626381,C10055,Litigation
C18626382,C10055,Litigation
C18626383,C10055,Litigation
C18626384,C10055,Litigation
C18626385,C10055,Litigation
C18626385,C10056,Manors
C18626386,C10055,Litigation
C18626387,C10055,Litigation
C18626388,C10055,Litigation
C18626389,C10055,Litigation
C18626389,C10025,Debt
C18626390,C10055,Litigation
C18626391,C10055,Litigation
C18626392,C10055,Litigation
C18626394,C10055,Litigation
C18626395,C10055,Litigation
C18626396,C10055,Litigation
C18626397,C10055,Litigation
C18626398,C10055,Litigation
C18626399,C10055,Litigation
C18626399,C10108,Trade and commerce
C18626400,C10039,Food and drink
C18626400,C10055,Litigation
C18626400,C10108,Trade and commerce
C18626401,C10055,Litigation
C18626402,C10055,Litigation
C18626403,C10055,Litigation
C18626403,C10025,Debt
C18626404,C10055,Litigation
C18626405,C10055,Litigation
C18626406,C10055,Litigation
C18626406,C10056,Manors
C18626407,C10055,Litigation
C18626408,C10059,Marriage and divorce
C18626408,C10055,Litigation
C18626409,C10055,Litigation
C18626409,C10116,Wills and probate
C18626410,C10055,Litigation
C18626411,C10055,Litigation
C18626411,C10056,Manors
C18626412,C10055,Litigation
C18626412,C10116,Wills and probate
C18626413,C10055,Litigation
C18626414,C10055,Litigation
C18626415,C10055,Litigation
C18626416,C10055,Litigation
C18626417,C10055,Litigation
C18626417,C10014,Coal
C18626418,C10055,Litigation
C18626419,C10055,Litigation
C18626420,C10055,Litigation
C18626421,C10055,Litigation
C18626422,C10055,Litigation
C18626423,C10055,Litigation
C18627144,C10055,Litigation
C18627145,C10055,Litigation
C18627146,C10055,Litigation
C18627147,C10055,Litigation
C18627147,C10056,Manors
C18627148,C10055,Litigation
C18627149,C10055,Litigation
C18627150,C10055,Litigation
C18627151,C10055,Litigation
C18627152,C10055,Litigation
C18627153,C10055,Litigation
C18627154,C10055,Litigation
C18627155,C10055,Litigation
C18627156,C10055,Litigation
C18627157,C10055,Litigation
C18627158,C10055,Litigation
C18627158,C10025,Debt
C18627159,C10055,Litigation
C18627159,C10071,Nationality
C18627160,C10055,Litigation
C18627161,C10055,Litigation
C18627162,C10055,Litigation
C18627163,C10055,Litigation
C18627164,C10055,Litigation
C18627165,C10093,Religions
C18627165,C10055,Litigation
C18627166,C10055,Litigation
C18627166,C10056,Manors
C18627167,C10055,Litigation
C18627168,C10055,Litigation
C18627169,C10055,Litigation
C18627170,C10055,Litigation
C18627171,C10055,Litigation
C18627172,C10055,Litigation
C18627173,C10055,Litigation
C18627174,C10055,Litigation
C18627175,C10055,Litigation
C18627176,C10055,Litigation
C18627177,C10055,Litigation
C18627178,C10055,Litigation
C18627179,C10055,Litigation
C18627180,C10055,Litigation
C18627181,C10055,Litigation
C18627181,C10056,Manors
C18627182,C10055,Litigation
C18627183,C10055,Litigation
C18627184,C10055,Litigation
C18627184,C10056,Manors
C18627185,C10131,Europe and Russia
C18627185,C10055,Litigation
C18627186,C10055,Litigation
C18627186,C10116,Wills and probate
C18627187,C10055,Litigation
C18627187,C10107,Tithes
C18627188,C10055,Litigation
C18627189,C10055,Litigation
C18627190,C10055,Litigation
C18627190,C10056,Manors
C18627191,C10055,Litigation
C18627192,C10055,Litigation
C18627193,C10055,Litigation
C18627194,C10055,Litigation
C18627195,C10055,Litigation
C18627196,C10055,Litigation
C18627197,C10055,Litigation
C18627198,C10055,Litigation
C18627198,C10056,Manors
C18627199,C10055,Litigation
C18627199,C10077,Pay and pensions
C18627200,C10055,Litigation
C18627201,C10055,Litigation
C18627202,C10055,Litigation
C18627203,C10055,Litigation
C18627203,C10025,Debt
C18627204,C10055,Litigation
C18627205,C10055,Litigation
C18627206,C10055,Litigation
C18627207,C10055,Litigation
C18627208,C10055,Litigation
C18627209,C10055,Litigation
C18627209,C10036,Farming
C18627210,C10055,Litigation
C18627211,C10055,Litigation
C18627212,C10055,Litigation
C18627213,C10055,Litigation
C18627214,C10055,Litigation
C18627214,C10056,Manors
C18627215,C10055,Litigation
C18627216,C10055,Litigation
C18627216,C10107,Tithes
C18627216,C10036,Farming
C18627217,C10055,Litigation
C18627219,C10055,Litigation
C18627220,C10055,Litigation
C18627220,C10107,Tithes
C18627220,C10077,Pay and pensions
C18627221,C10055,Litigation
C18627221,C10056,Manors
C18627222,C10055,Litigation
C18627223,C10055,Litigation
C18627224,C10055,Litigation
C18627224,C10056,Manors
C18627225,C10055,Litigation
C18627226,C10055,Litigation
C18627226,C10036,Farming
C18627227,C10055,Litigation
C18627227,C10107,Tithes
C18627228,C10055,Litigation
C18627228,C10108,Trade and commerce
C18627229,C10055,Litigation
C18627230,C10055,Litigation
C18627231,C10055,Litigation
C18627232,C10131,Europe and Russia
C18627232,C10055,Litigation
C18627233,C10055,Litigation
C18627234,C10055,Litigation
C18627235,C10055,Litigation
C18627235,C10025,Debt
C18627236,C10055,Litigation
C18627237,C10055,Litigation
C18627237,C10025,Debt
C18627238,C10055,Litigation
C18627238,C10056,Manors
C18627239,C10055,Litigation
C18627240,C10055,Litigation
C18627241,C10055,Litigation
C18627241,C10132,Ireland
C18627242,C10055,Litigation
C18627243,C10055,Litigation
C18627243,C10101,Sewerage
C18627244,C10055,Litigation
C18627245,C10055,Litigation
C18627246,C10055,Litigation
C18627247,C10093,Religions
C18627247,C10055,Litigation
C18627248,C10055,Litigation
C18627249,C10055,Litigation
C18627250,C10055,Litigation
C18627251,C10055,Litigation
C18627252,C10055,Litigation
C18627253,C10055,Litigation
C18627254,C10055,Litigation
C18627255,C10055,Litigation
C18627256,C10055,Litigation
C18627257,C10055,Litigation
C18627258,C10055,Litigation
C18627259,C10055,Litigation
C18627260,C10055,Litigation
C18627261,C10055,Litigation
C18627261,C10056,Manors
C18627262,C10055,Litigation
C18627262,C10056,Manors
C18627263,C10055,Litigation
C18627264,C10055,Litigation
C18627264,C10036,Farming
C18627265,C10055,Litigation
C18627266,C10055,Litigation
C18627267,C10055,Litigation
C18627268,C10055,Litigation
C18627269,C10055,Litigation
C18627270,C10055,Litigation
C18627271,C10055,Litigation
C18627272,C10055,Litigation
C18627273,C10055,Litigation
C18627274,C10055,Litigation
C18627275,C10055,Litigation
C18627276,C10055,Litigation
C18627277,C10055,Litigation
C18627278,C10055,Litigation
C18627279,C10055,Litigation
C18627280,C10055,Litigation
C18627281,C10055,Litigation
C18627282,C10055,Litigation
C18627283,C10055,Litigation
C18627284,C10055,Litigation
C18627285,C10055,Litigation
C18627286,C10055,Litigation
C18627287,C10055,Litigation
C18627288,C10055,Litigation
C18627289,C10055,Litigation
C18627289,C10025,Debt
C18627290,C10055,Litigation
C18627290,C10056,Manors
C18627291,C10055,Litigation
C18627292,C10055,Litigation
C18627293,C10055,Litigation
C18627294,C10055,Litigation
C18627295,C10055,Litigation
C18627296,C10055,Litigation
C18627296,C10056,Manors
C18627297,C10055,Litigation
C18627298,C10055,Litigation
C18627298,C10056,Manors
C18627299,C10055,Litigation
C18627300,C10055,Litigation
C18627301,C10055,Litigation
C18627302,C10055,Litigation
C18627303,C10055,Litigation
C18627304,C10055,Litigation
C18627305,C10055,Litigation
C18627305,C10025,Debt
C18627306,C10055,Litigation
C18627307,C10055,Litigation
C18627308,C10055,Litigation
C18627309,C10055,Litigation
C18627309,C10107,Tithes
C18627310,C10055,Litigation
C18627311,C10055,Litigation
C18627311,C10025,Debt
C18627311,C10007,Banking
C18627311,C10022,Conveyancing
C18627312,C10055,Litigation
C18627313,C10055,Litigation
C18627314,C10055,Litigation
C18627314,C10025,Debt
C18627315,C10055,Litigation
C18627316,C10055,Litigation
C18627317,C10055,Litigation
C18627318,C10055,Litigation
C18627319,C10055,Litigation
C18627320,C10055,Litigation
C18627321,C10055,Litigation
C18627322,C10055,Litigation
C18627323,C10055,Litigation
C18627324,C10055,Litigation
C18627325,C10055,Litigation
C18627326,C10055,Litigation
C18627327,C10055,Litigation
C18627328,C10055,Litigation
C18627329,C10055,Litigation
C18627330,C10055,Litigation
C18627331,C10055,Litigation
C18627332,C10055,Litigation
C18627333,C10055,Litigation
C18627334,C10055,Litigation
C18627335,C10055,Litigation
C18627336,C10055,Litigation
C18627337,C10055,Litigation
C18627338,C10055,Litigation
C18627339,C10055,Litigation
C18627340,C10055,Litigation
C18627341,C10055,Litigation
C18627341,C10107,Tithes
C18627342,C10055,Litigation
C18627342,C10056,Manors
C18627343,C10055,Litigation
C18627344,C10055,Litigation
C18627345,C10055,Litigation
C18627346,C10055,Litigation
C18627347,C10055,Litigation
C18627347,C10108,Trade and commerce
C18627348,C10055,Litigation
C18627349,C10055,Litigation
C18627350,C10055,Litigation
C18627351,C10055,Litigation
C18627352,C10055,Litigation
C18627353,C10055,Litigation
C18627354,C10055,Litigation
C18627355,C10055,Litigation
C18627355,C10025,Debt
C18627356,C10055,Litigation
C18627356,C10033,Education
C18627357,C10055,Litigation
C18627358,C10055,Litigation
C18627359,C10055,Litigation
C18627360,C10055,Litigation
C18627361,C10055,Litigation
C18627362,C10055,Litigation
C18627363,C10055,Litigation
C18627363,C10056,Manors
C18627364,C10055,Litigation
C18627365,C10055,Litigation
C18627366,C10055,Litigation
C18627367,C10055,Litigation
C18627368,C10055,Litigation
C18627369,C10055,Litigation
C18627370,C10055,Litigation
C18627371,C10055,Litigation
C18627372,C10055,Litigation
C18627373,C10055,Litigation
C18627374,C10055,Litigation
C18627375,C10055,Litigation
C18627376,C10055,Litigation
C18627377,C10055,Litigation
C18627377,C10108,Trade and commerce
C18627378,C10055,Litigation
C18627378,C10107,Tithes
C18627379,C10055,Litigation
C18627379,C10085,Prisons
C18627380,C10055,Litigation
C18627381,C10055,Litigation
C18627382,C10055,Litigation
C18627383,C10055,Litigation
C18627384,C10055,Litigation
C18627384,C10077,Pay and pensions
C18627385,C10055,Litigation
C18627386,C10055,Litigation
C18627387,C10055,Litigation
C18627388,C10055,Litigation
C18627389,C10055,Litigation
C18627390,C10055,Litigation
C18627391,C10055,Litigation
C18627392,C10055,Litigation
C18627393,C10055,Litigation
C18627394,C10055,Litigation
C18627395,C10055,Litigation
C18627396,C10055,Litigation
C18627397,C10055,Litigation
C18627398,C10055,Litigation
C18627399,C10055,Litigation
C18627400,C10055,Litigation
C18627401,C10055,Litigation
C18627402,C10055,Litigation
C18635055,C10055,Litigation
C18635056,C10055,Litigation
C18635056,C10025,Debt
C18635057,C10055,Litigation
C18635058,C10055,Litigation
C18635059,C10055,Litigation
C18635060,C10055,Litigation
C18635061,C10055,Litigation
C18635062,C10055,Litigation
C18635062,C10040,Forestry
C18635063,C10055,Litigation
C18635064,C10055,Litigation
C18635065,C10055,Litigation
C18635066,C10055,Litigation
C18635066,C10056,Manors
C18635067,C10055,Litigation
C18635067,C10025,Debt
C18635068,C10055,Litigation
C18635068,C10025,Debt
C18635069,C10055,Litigation
C18635070,C10055,Litigation
C18635071,C10055,Litigation
C18635072,C10055,Litigation
C18635072,C10056,Manors
C18635073,C10055,Litigation
C18635073,C10108,Trade and commerce
C18635074,C10055,Litigation
C18635075,C10055,Litigation
C18635076,C10055,Litigation
C18635077,C10055,Litigation
C18635078,C10055,Litigation
C18635079,C10055,Litigation
C18635079,C10056,Manors
C18635080,C10055,Litigation
C18635081,C10055,Litigation
C18635082,C10055,Litigation
C18635082,C10025,Debt
C18635083,C10055,Litigation
C18635084,C10055,Litigation
C18635084,C10107,Tithes
C18635085,C10055,Litigation
C18635085,C10056,Manors
C18635086,C10055,Litigation
C18635087,C10055,Litigation
C18635087,C10013,Clothing
C18635088,C10055,Litigation
C18635089,C10055,Litigation
C18635090,C10055,Litigation
C18635091,C10055,Litigation
C18635091,C10056,Manors
C18635092,C10055,Litigation
C18635093,C10055,Litigation
C18635094,C10055,Litigation
C18635095,C10055,Litigation
C18635096,C10055,Litigation
C18635097,C10055,Litigation
C18635098,C10055,Litigation
C18635098,C10025,Debt
C18635099,C10039,Food and drink
C18635099,C10055,Litigation
C18635100,C10055,Litigation
C18635100,C10025,Debt
C18635101,C10055,Litigation
C18635102,C10055,Litigation
C18635103,C10055,Litigation
C18635104,C10055,Litigation
C18635104,C10036,Farming
C18635105,C10055,Litigation
C18635106,C10055,Litigation
C18635107,C10055,Litigation
C18635108,C10055,Litigation
C18635109,C10055,Litigation
C18635110,C10055,Litigation
C18635111,C10055,Litigation
C18635112,C10055,Litigation
C18635112,C10036,Farming
C18635113,C10038,Fishing
C18635113,C10055,Litigation
C18635114,C10055,Litigation
C18635114,C10056,Manors
C18635115,C10055,Litigation
C18635116,C10055,Litigation
C18635117,C10055,Litigation
C18635118,C10055,Litigation
C18635118,C10036,Farming
C18635119,C10055,Litigation
C18635120,C10055,Litigation
C18635121,C10055,Litigation
C18635122,C10055,Litigation
C18635123,C10055,Litigation
C18635124,C10055,Litigation
C18635125,C10055,Litigation
C18635126,C10055,Litigation
C18635127,C10055,Litigation
C18635128,C10055,Litigation
C18635128,C10025,Debt
C18635129,C10055,Litigation
C18635130,C10055,Litigation
C18635130,C10025,Debt
C18635131,C10055,Litigation
C18635132,C10055,Litigation
C18635133,C10055,Litigation
C18635134,C10055,Litigation
C18635135,C10055,Litigation
C18635136,C10055,Litigation
C18635137,C10055,Litigation
C18635138,C10039,Food and drink
C18635138,C10055,Litigation
C18635138,C10025,Debt
C18635139,C10055,Litigation
C18635140,C10055,Litigation
C18635141,C10055,Litigation
C18635142,C10055,Litigation
C18635143,C10055,Litigation
C18635144,C10055,Litigation
C18635145,C10055,Litigation
C18635146,C10055,Litigation
C18635147,C10055,Litigation
C18635148,C10055,Litigation
C18635148,C10056,Manors
C18635149,C10055,Litigation
C18635150,C10055,Litigation
C18635150,C10056,Manors
C18635151,C10055,Litigation
C18635152,C10055,Litigation
C18635153,C10055,Litigation
C18635153,C10056,Manors
C18635154,C10055,Litigation
C18635155,C10055,Litigation
C18635156,C10055,Litigation
C18635157,C10055,Litigation
C18635157,C10025,Debt
C18635158,C10055,Litigation
C18635159,C10023,Crime
C18635159,C10055,Litigation
C18635160,C10055,Litigation
C18635161,C10055,Litigation
C18635162,C10055,Litigation
C18635163,C10059,Marriage and divorce
C18635163,C10055,Litigation
C18635164,C10055,Litigation
C18635165,C10055,Litigation
C18635166,C10055,Litigation
C18635167,C10055,Litigation
C18635167,C10025,Debt
C18635168,C10055,Litigation
C18635169,C10055,Litigation
C18635170,C10055,Litigation
C18635171,C10055,Litigation
C18635172,C10055,Litigation
C18635173,C10055,Litigation
C18635174,C10055,Litigation
C18635175,C10055,Litigation
C18635176,C10055,Litigation
C18635177,C10055,Litigation
C18635178,C10055,Litigation
C18635178,C10025,Debt
C18635179,C10055,Litigation
C18635179,C10056,Manors
C18635180,C10055,Litigation
C18635181,C10055,Litigation
C18635181,C10107,Tithes
C18635182,C10093,Religions
C18635182,C10055,Litigation
C18635183,C10055,Litigation
C18635184,C10055,Litigation
C18635185,C10055,Litigation
C18635186,C10055,Litigation
C18635187,C10055,Litigation
C18635188,C10055,Litigation
C18635189,C10055,Litigation
C18635190,C10055,Litigation
C18635191,C10055,Litigation
C18635192,C10055,Litigation
C18635193,C10055,Litigation
C18635194,C10055,Litigation
C18635195,C10055,Litigation
C18635196,C10055,Litigation
C18635197,C10055,Litigation
C18635198,C10055,Litigation
C18635199,C10055,Litigation
C18635200,C10055,Litigation
C18635201,C10055,Litigation
C18635201,C10077,Pay and pensions
C18635202,C10055,Litigation
C18635203,C10055,Litigation
C18635204,C10055,Litigation
C18635205,C10055,Litigation
C18635205,C10107,Tithes
C18635206,C10055,Litigation
C18635207,C10055,Litigation
C18635208,C10055,Litigation
C18635209,C10055,Litigation
C18635210,C10055,Litigation
C18635211,C10055,Litigation
C18635212,C10055,Litigation
C18635213,C10055,Litigation
C18635214,C10055,Litigation
C18635215,C10055,Litigation
C18635216,C10055,Litigation
C18635217,C10055,Litigation
C18635218,C10055,Litigation
C18635219,C10055,Litigation
C18635220,C10055,Litigation
C18635221,C10055,Litigation
C18635221,C10052,Labour
C18635222,C10055,Litigation
C18635223,C10055,Litigation
C18635224,C10055,Litigation
C18635225,C10055,Litigation
C18635226,C10055,Litigation
C18635227,C10055,Litigation
C18635227,C10108,Trade and commerce
C18635228,C10039,Food and drink
C18635228,C10055,Litigation
C18635229,C10055,Litigation
C18635230,C10055,Litigation
C18635230,C10025,Debt
C18635231,C10055,Litigation
C18635232,C10055,Litigation
C18635233,C10055,Litigation
C18635234,C10055,Litigation
C18635235,C10055,Litigation
C18635236,C10055,Litigation
C18635237,C10055,Litigation
C18635238,C10055,Litigation
C18635239,C10055,Litigation
C18635239,C10116,Wills and probate
C18635240,C10055,Litigation
C18635240,C10108,Trade and commerce
C18635241,C10055,Litigation
C18635242,C10055,Litigation
C18635243,C10055,Litigation
C18635244,C10055,Litigation
C18635245,C10055,Litigation
C18635246,C10055,Litigation
C18635247,C10055,Litigation
C18635247,C10025,Debt
C18635248,C10055,Litigation
C18635249,C10055,Litigation
C18635250,C10023,Crime
C18635250,C10055,Litigation
C18635251,C10055,Litigation
C18635252,C10055,Litigation
C18635252,C10108,Trade and commerce
C18635253,C10055,Litigation
C18635254,C10055,Litigation
C18635255,C10055,Litigation
C18635256,C10055,Litigation
C18635257,C10055,Litigation
C18635258,C10055,Litigation
C18635259,C10055,Litigation
C18635260,C10055,Litigation
C18635260,C10116,Wills and probate
C18635261,C10055,Litigation
C18635262,C10055,Litigation
C18635263,C10055,Litigation
C18635264,C10055,Litigation
C18635265,C10055,Litigation
C18635266,C10055,Litigation
C18635267,C10055,Litigation
C18635268,C10055,Litigation
C18635269,C10055,Litigation
C18635270,C10055,Litigation
C18635271,C10055,Litigation
C18635272,C10055,Litigation
C18635273,C10055,Litigation
C18635274,C10055,Litigation
C18635274,C10056,Manors
C18635275,C10055,Litigation
C18635276,C10055,Litigation
C18635277,C10055,Litigation
C18635278,C10055,Litigation
C18635279,C10055,Litigation
C18635280,C10055,Litigation
C18635281,C10055,Litigation
C18635281,C10056,Manors
C18635282,C10055,Litigation
C18635283,C10055,Litigation
C18635284,C10055,Litigation
C18635285,C10055,Litigation
C18635286,C10055,Litigation
C18635286,C10056,Manors
C18635287,C10055,Litigation
C18635287,C10108,Trade and commerce
C18635288,C10055,Litigation
C18635289,C10055,Litigation
C18635289,C10056,Manors
C18635290,C10055,Litigation
C18635291,C10055,Litigation
C18635292,C10055,Litigation
C18635293,C10055,Litigation
C18635294,C10055,Litigation
C18635295,C10055,Litigation
C18635296,C10055,Litigation
C18635296,C10025,Debt
C18635297,C10055,Litigation
C18635298,C10055,Litigation
C18635299,C10055,Litigation
C18635300,C10055,Litigation
C18635301,C10055,Litigation
C18635302,C10055,Litigation
C18635303,C10055,Litigation
C18635304,C10055,Litigation
C18635305,C10055,Litigation
C18635306,C10055,Litigation
C18635306,C10025,Debt
C18635307,C10055,Litigation
C18635308,C10055,Litigation
C18635309,C10055,Litigation
C18635310,C10055,Litigation
C18635311,C10055,Litigation
C18635312,C10055,Litigation
C18635313,C10055,Litigation
C18635314,C10055,Litigation
C18635314,C10107,Tithes
C18635315,C10055,Litigation
C18635316,C10055,Litigation
C18635316,C10107,Tithes
C18635317,C10055,Litigation
C18635317,C10132,Ireland
C18635318,C10055,Litigation
C18635318,C10025,Debt
C18635319,C10055,Litigation
C18635320,C10055,Litigation
C18635321,C10055,Litigation
C18635322,C10131,Europe and Russia
C18635322,C10055,Litigation
C18635323,C10055,Litigation
C18635324,C10055,Litigation
C18635325,C10055,Litigation
C18635325,C10056,Manors
C18635326,C10055,Litigation
C18635326,C10025,Debt
C18635327,C10055,Litigation
C18635328,C10055,Litigation
C18635329,C10055,Litigation
C18635330,C10055,Litigation
C18635331,C10055,Litigation
C18635332,C10055,Litigation
C18635333,C10055,Litigation
C18635334,C10055,Litigation
C18635334,C10056,Manors
C18635335,C10055,Litigation
C18635336,C10055,Litigation
C18635337,C10055,Litigation
C18635338,C10055,Litigation
C18635339,C10055,Litigation
C18635340,C10055,Litigation
C18635341,C10055,Litigation
C18635342,C10055,Litigation
C18635343,C10055,Litigation
C18635344,C10055,Litigation
C18635344,C10056,Manors
C18635345,C10055,Litigation
C18635345,C10056,Manors
C18635346,C10055,Litigation
C18635347,C10055,Litigation
C18635348,C10055,Litigation
C18635349,C10055,Litigation
C18635350,C10055,Litigation
C18635351,C10055,Litigation
C18635352,C10055,Litigation
C18635353,C10055,Litigation
C18635354,C10055,Litigation
C18635354,C10077,Pay and pensions
C18635355,C10055,Litigation
C18635356,C10055,Litigation
C18635357,C10055,Litigation
C18635358,C10055,Litigation
C18635359,C10055,Litigation
C18635360,C10055,Litigation
C18635361,C10055,Litigation
C18635362,C10055,Litigation
C18635363,C10055,Litigation
C18635363,C10036,Farming
C18635364,C10055,Litigation
C18635365,C10055,Litigation
C18635366,C10055,Litigation
C18635366,C10025,Debt
C18635367,C10055,Litigation
C18635368,C10055,Litigation
C18635369,C10055,Litigation
C18635369,C10025,Debt
C18635370,C10055,Litigation
C18635370,C10077,Pay and pensions
C18635371,C10055,Litigation
C18635372,C10055,Litigation
C18635372,C10025,Debt
C18635373,C10055,Litigation
C18635374,C10055,Litigation
C18635375,C10055,Litigation
C18635376,C10055,Litigation
C18635377,C10055,Litigation
C18635378,C10055,Litigation
C18635378,C10071,Nationality
C18635380,C10055,Litigation
C18635381,C10055,Litigation
C18635382,C10055,Litigation
C18635383,C10055,Litigation
C18635383,C10116,Wills and probate
C18635384,C10055,Litigation
C18635384,C10107,Tithes
C18635385,C10055,Litigation
C18635385,C10107,Tithes
C18635386,C10055,Litigation
C18635387,C10055,Litigation
C18635388,C10055,Litigation
C18635389,C10055,Litigation
C18635390,C10055,Litigation
C18635390,C10056,Manors
C18635391,C10055,Litigation
C18635392,C10055,Litigation
C18635393,C10055,Litigation
C18635394,C10055,Litigation
C18635394,C10040,Forestry
C18635394,C10056,Manors
C18635395,C10055,Litigation
C18635395,C10056,Manors
C18635396,C10055,Litigation
C18635397,C10055,Litigation
C18635398,C10055,Litigation
C18635399,C10055,Litigation
C18635400,C10059,Marriage and divorce
C18635400,C10055,Litigation
C18635400,C10056,Manors
C18635401,C10055,Litigation
C18635402,C10039,Food and drink
C18635402,C10055,Litigation
C18635403,C10055,Litigation
C18635404,C10055,Litigation
C18635404,C10056,Manors
C18635405,C10055,Litigation
C18635406,C10055,Litigation
C18635406,C10056,Manors
C18635407,C10055,Litigation
C18635407,C10025,Debt
C18635408,C10023,Crime
C18635408,C10055,Litigation
C18635409,C10055,Litigation
C18635409,C10077,Pay and pensions
C18635410,C10055,Litigation
C18635411,C10023,Crime
C18635411,C10055,Litigation
C18635412,C10055,Litigation
C18635413,C10055,Litigation
C18635413,C10025,Debt
C18635414,C10055,Litigation
C18635414,C10077,Pay and pensions
C18635415,C10055,Litigation
C18635416,C10055,Litigation
C18635417,C10055,Litigation
C18638642,C10055,Litigation
C18638643,C10055,Litigation
C18638644,C10055,Litigation
C18638645,C10055,Litigation
C18638645,C10108,Trade and commerce
C18638646,C10055,Litigation
C18638647,C10055,Litigation
C18638648,C10055,Litigation
C18638649,C10055,Litigation
C18638650,C10055,Litigation
C18638651,C10055,Litigation
C18638652,C10055,Litigation
C18638653,C10055,Litigation
C18638654,C10055,Litigation
C18638655,C10055,Litigation
C18638655,C10116,Wills and probate
C18638656,C10055,Litigation
C18638657,C10055,Litigation
C18638658,C10055,Litigation
C18638659,C10055,Litigation
C18638660,C10055,Litigation
C18638661,C10055,Litigation
C18638661,C10056,Manors
C18638662,C10055,Litigation
C18638663,C10055,Litigation
C18638664,C10055,Litigation
C18638665,C10055,Litigation
C18638666,C10055,Litigation
C18638666,C10025,Debt
C18638667,C10055,Litigation
C18638668,C10055,Litigation
C18638669,C10055,Litigation
C18638670,C10055,Litigation
C18638671,C10055,Litigation
C18638672,C10055,Litigation
C18638673,C10055,Litigation
C18638674,C10055,Litigation
C18638674,C10116,Wills and probate
C18638675,C10055,Litigation
C18638676,C10055,Litigation
C18638677,C10055,Litigation
C18638678,C10055,Litigation
C18638679,C10055,Litigation
C18638680,C10055,Litigation
C18638681,C10055,Litigation
C18638682,C10055,Litigation
C18638683,C10055,Litigation
C18638683,C10025,Debt
C18638684,C10055,Litigation
C18638685,C10055,Litigation
C18638686,C10055,Litigation
C18638687,C10055,Litigation
C18638688,C10055,Litigation
C18638689,C10055,Litigation
C18638690,C10055,Litigation
C18638691,C10055,Litigation
C18638692,C10055,Litigation
C18638693,C10055,Litigation
C18638694,C10055,Litigation
C18638695,C10055,Litigation
C18638696,C10055,Litigation
C18638696,C10025,Debt
C18638697,C10055,Litigation
C18638698,C10055,Litigation
C18638699,C10055,Litigation
C18638700,C10055,Litigation
C18638701,C10055,Litigation
C18638701,C10025,Debt
C18638702,C10055,Litigation
C18638702,C10025,Debt
C18638703,C10055,Litigation
C18638704,C10055,Litigation
C18638705,C10055,Litigation
C18638706,C10055,Litigation
C18638707,C10055,Litigation
C18638708,C10055,Litigation
C18638709,C10055,Litigation
C18638710,C10055,Litigation
C18638710,C10025,Debt
C18638711,C10055,Litigation
C18638712,C10055,Litigation
C18638713,C10055,Litigation
C18638714,C10055,Litigation
C18638714,C10056,Manors
C18638715,C10055,Litigation
C18638716,C10055,Litigation
C18638717,C10055,Litigation
C18638718,C10055,Litigation
C18638719,C10055,Litigation
C18638719,C10025,Debt
C18638720,C10055,Litigation
C18638721,C10055,Litigation
C18638722,C10055,Litigation
C18638723,C10055,Litigation
C18638724,C10055,Litigation
C18638724,C10036,Farming
C18638725,C10055,Litigation
C18638726,C10055,Litigation
C18638727,C10055,Litigation
C18638727,C10128,Middle East
C18638728,C10055,Litigation
C18638729,C10055,Litigation
C18638729,C10132,Ireland
C18638730,C10055,Litigation
C18638731,C10055,Litigation
C18638732,C10055,Litigation
C18638732,C10025,Debt
C18638733,C10055,Litigation
C18638734,C10055,Litigation
C18638735,C10055,Litigation
C18638736,C10055,Litigation
C18638737,C10055,Litigation
C18638738,C10055,Litigation
C18638739,C10055,Litigation
C18638740,C10055,Litigation
C18638741,C10055,Litigation
C18638741,C10056,Manors
C18638742,C10055,Litigation
C18638743,C10055,Litigation
C18638744,C10055,Litigation
C18638745,C10055,Litigation
C18638745,C10025,Debt
C18638746,C10055,Litigation
C18638747,C10055,Litigation
C18638748,C10055,Litigation
C18638749,C10055,Litigation
C18638749,C10025,Debt
C18638750,C10055,Litigation
C18638750,C10056,Manors
C18638751,C10055,Litigation
C18638752,C10055,Litigation
C18638753,C10055,Litigation
C18638754,C10055,Litigation
C18638754,C10036,Farming
C18638755,C10055,Litigation
C18638756,C10055,Litigation
C18638757,C10055,Litigation
C18638758,C10055,Litigation
C18638759,C10055,Litigation
C18638760,C10055,Litigation
C18638761,C10055,Litigation
C18638762,C10055,Litigation
C18638763,C10055,Litigation
C18638764,C10055,Litigation
C18638764,C10056,Manors
C18638765,C10055,Litigation
C18638766,C10055,Litigation
C18638767,C10055,Litigation
C18638768,C10055,Litigation
C18638769,C10055,Litigation
C18638769,C10056,Manors
C18638769,C10077,Pay and pensions
C18638770,C10055,Litigation
C18638771,C10055,Litigation
C18638772,C10055,Litigation
C18638772,C10036,Farming
C18638773,C10055,Litigation
C18638773,C10056,Manors
C18638774,C10055,Litigation
C18638774,C10036,Farming
C18638775,C10055,Litigation
C18638775,C10007,Banking
C18638775,C10022,Conveyancing
C18638776,C10055,Litigation
C18638777,C10055,Litigation
C18638778,C10055,Litigation
C18638779,C10055,Litigation
C18638780,C10055,Litigation
C18638780,C10025,Debt
C18638781,C10055,Litigation
C18638782,C10055,Litigation
C18638783,C10055,Litigation
C18638783,C10056,Manors
C18638784,C10055,Litigation
C18638785,C10055,Litigation
C18638786,C10055,Litigation
C18638787,C10055,Litigation
C18638788,C10055,Litigation
C18638789,C10055,Litigation
C18638790,C10055,Litigation
C18638791,C10055,Litigation
C18638791,C10025,Debt
C18638792,C10055,Litigation
C18638793,C10055,Litigation
C18638794,C10055,Litigation
C18638794,C10025,Debt
C18638795,C10055,Litigation
C18638796,C10055,Litigation
C18638796,C10107,Tithes
C18638797,C10055,Litigation
C18638798,C10055,Litigation
C18638799,C10055,Litigation
C18638800,C10055,Litigation
C18638801,C10055,Litigation
C18638802,C10055,Litigation
C18638802,C10025,Debt
C18638803,C10055,Litigation
C18638804,C10055,Litigation
C18638804,C10036,Farming
C18638805,C10055,Litigation
C18638806,C10055,Litigation
C18638807,C10055,Litigation
C18638807,C10080,Piracy and privateering
C18638808,C10055,Litigation
C18638809,C10055,Litigation
C18638809,C10036,Farming
C18638810,C10055,Litigation
C18638811,C10055,Litigation
C18638811,C10036,Farming
C18638812,C10055,Litigation
C18638813,C10055,Litigation
C18638814,C10055,Litigation
C18638815,C10055,Litigation
C18638816,C10055,Litigation
C18638817,C10055,Litigation
C18638818,C10055,Litigation
C18638818,C10036,Farming
C18638819,C10055,Litigation
C18638820,C10055,Litigation
C18638821,C10055,Litigation
C18638822,C10055,Litigation
C18638823,C10055,Litigation
C18638824,C10055,Litigation
C18638825,C10055,Litigation
C18638826,C10055,Litigation
C18638827,C10055,Litigation
C18638828,C10055,Litigation
C18638829,C10055,Litigation
C18638829,C10025,Debt
C18638830,C10055,Litigation
C18638831,C10055,Litigation
C18638832,C10055,Litigation
C18638833,C10055,Litigation
C18638834,C10055,Litigation
C18638835,C10055,Litigation
C18638835,C10052,Labour
C18638836,C10055,Litigation
C18638837,C10055,Litigation
C18638837,C10025,Debt
C18638838,C10055,Litigation
C18638839,C10055,Litigation
C18638840,C10055,Litigation
C18638841,C10055,Litigation
C18638842,C10055,Litigation
C18638843,C10055,Litigation
C18638844,C10055,Litigation
C18638845,C10055,Litigation
C18638846,C10055,Litigation
C18638847,C10055,Litigation
C18638847,C10025,Debt
C18638848,C10055,Litigation
C18638849,C10055,Litigation
C18638850,C10055,Litigation
C18638850,C10108,Trade and commerce
C18638851,C10055,Litigation
C18638851,C10056,Manors
C18638852,C10055,Litigation
C18638853,C10055,Litigation
C18638854,C10055,Litigation
C18638855,C10055,Litigation
C18638856,C10055,Litigation
C18638857,C10055,Litigation
C18638858,C10055,Litigation
C18638859,C10055,Litigation
C18638860,C10055,Litigation
C18638861,C10055,Litigation
C18638861,C10036,Farming
C18638862,C10055,Litigation
C18638863,C10055,Litigation
C18638864,C10055,Litigation
C18638865,C10055,Litigation
C18638866,C10055,Litigation
C18638867,C10055,Litigation
C18638867,C10056,Manors
C18638868,C10055,Litigation
C18638869,C10055,Litigation
C18638870,C10055,Litigation
C18638871,C10055,Litigation
C18638872,C10055,Litigation
C18638873,C10055,Litigation
C18638874,C10055,Litigation
C18638875,C10055,Litigation
C18638875,C10036,Farming
C18638876,C10055,Litigation
C18638877,C10055,Litigation
C18638878,C10055,Litigation
C18638879,C10055,Litigation
C18638880,C10055,Litigation
C18638881,C10055,Litigation
C18638882,C10055,Litigation
C18638882,C10077,Pay and pensions
C18638883,C10055,Litigation
C18638884,C10055,Litigation
C18638884,C10025,Debt
C18638885,C10055,Litigation
C18638886,C10055,Litigation
C18638887,C10055,Litigation
C18638888,C10055,Litigation
C18638889,C10055,Litigation
C18638890,C10055,Litigation
C18638891,C10055,Litigation
C18638892,C10055,Litigation
C18638893,C10055,Litigation
C18638893,C10056,Manors
C18638894,C10055,Litigation
C18638895,C10055,Litigation
C18638896,C10055,Litigation
C18638897,C10055,Litigation
C18638898,C10055,Litigation
C18638898,C10056,Manors
C18638899,C10055,Litigation
C18638900,C10055,Litigation
C18638901,C10055,Litigation
C18638902,C10039,Food and drink
C18638902,C10055,Litigation
C18638902,C10025,Debt
C18638903,C10055,Litigation
C18638904,C10055,Litigation
C18638905,C10055,Litigation
C18638905,C10056,Manors
C18638906,C10055,Litigation
C18638907,C10055,Litigation
C18638908,C10055,Litigation
C18638909,C10055,Litigation
C18638909,C10036,Farming
C18638910,C10055,Litigation
C18638911,C10055,Litigation
C18638912,C10055,Litigation
C18638912,C10116,Wills and probate
C18638913,C10055,Litigation
C18638914,C10055,Litigation
C18638914,C10025,Debt
C18638915,C10055,Litigation
C18638916,C10055,Litigation
C18638916,C10040,Forestry
C18638917,C10055,Litigation
C18638918,C10055,Litigation
C18638919,C10055,Litigation
C18638920,C10055,Litigation
C18638921,C10055,Litigation
C18638921,C10025,Debt
C18638922,C10055,Litigation
C18638923,C10039,Food and drink
C18638923,C10055,Litigation
C18638924,C10055,Litigation
C18638925,C10055,Litigation
C18638926,C10055,Litigation
C18638927,C10055,Litigation
C18638928,C10055,Litigation
C18638929,C10055,Litigation
C18638930,C10055,Litigation
C18638931,C10055,Litigation
C18638931,C10101,Sewerage
C18638932,C10055,Litigation
C18638933,C10055,Litigation
C18638934,C10055,Litigation
C18638934,C10025,Debt
C18638935,C10055,Litigation
C18638936,C10055,Litigation
C18638937,C10055,Litigation
C18638938,C10055,Litigation
C18638939,C10055,Litigation
C18638940,C10055,Litigation
C18638941,C10055,Litigation
C18638942,C10055,Litigation
C18638943,C10055,Litigation
C18638944,C10055,Litigation
C18638945,C10055,Litigation
C18638946,C10055,Litigation
C18638947,C10055,Litigation
C18638948,C10055,Litigation
C18638949,C10055,Litigation
C18638950,C10055,Litigation
C18638950,C10077,Pay and pensions
C18638951,C10055,Litigation
C18638952,C10055,Litigation
C18638953,C10055,Litigation
C18638954,C10055,Litigation
C18638955,C10055,Litigation
C18638956,C10055,Litigation
C18638957,C10055,Litigation
C18638958,C10055,Litigation
C18638959,C10055,Litigation
C18638960,C10055,Litigation
C18638961,C10055,Litigation
C18638961,C10056,Manors
C18638962,C10055,Litigation
C18638962,C10025,Debt
C18638963,C10055,Litigation
C18638964,C10055,Litigation
C18638965,C10055,Litigation
C18638966,C10055,Litigation
C18638967,C10055,Litigation
C18638968,C10055,Litigation
C18638969,C10055,Litigation
C18638970,C10055,Litigation
C18638971,C10055,Litigation
C18638972,C10055,Litigation
C18642836,C10055,Litigation
C18642837,C10055,Litigation
C18642838,C10055,Litigation
C18642839,C10055,Litigation
C18642840,C10055,Litigation
C18642840,C10025,Debt
C18642841,C10055,Litigation
C18642842,C10055,Litigation
C18642843,C10055,Litigation
C18642843,C10056,Manors
C18642844,C10055,Litigation
C18642845,C10055,Litigation
C18642846,C10055,Litigation
C18642846,C10056,Manors
C18642847,C10055,Litigation
C18642847,C10056,Manors
C18642848,C10055,Litigation
C18642849,C10055,Litigation
C18642850,C10055,Litigation
C18642851,C10055,Litigation
C18642851,C10025,Debt
C18642852,C10055,Litigation
C18642853,C10055,Litigation
C18642854,C10055,Litigation
C18642855,C10055,Litigation
C18642856,C10055,Litigation
C18642857,C10055,Litigation
C18642858,C10055,Litigation
C18642858,C10036,Farming
C18642859,C10055,Litigation
C18642860,C10055,Litigation
C18642861,C10055,Litigation
C18642862,C10055,Litigation
C18642862,C10056,Manors
C18642863,C10055,Litigation
C18642864,C10055,Litigation
C18642865,C10055,Litigation
C18642866,C10055,Litigation
C18642867,C10055,Litigation
C18642868,C10055,Litigation
C18642869,C10055,Litigation
C18642869,C10056,Manors
C18642870,C10055,Litigation
C18642870,C10036,Farming
C18642871,C10055,Litigation
C18642872,C10055,Litigation
C18642873,C10055,Litigation
C18642874,C10055,Litigation
C18642875,C10055,Litigation
C18642876,C10055,Litigation
C18642877,C10055,Litigation
C18642877,C10025,Debt
C18642878,C10055,Litigation
C18642879,C10055,Litigation
C18642880,C10055,Litigation
C18642881,C10055,Litigation
C18642882,C10055,Litigation
C18642883,C10055,Litigation
C18642884,C10055,Litigation
C18642885,C10055,Litigation
C18642886,C10055,Litigation
C18642887,C10055,Litigation
C18642887,C10108,Trade and commerce
C18642888,C10055,Litigation
C18642889,C10055,Litigation
C18642890,C10055,Litigation
C18642891,C10055,Litigation
C18642892,C10055,Litigation
C18642893,C10055,Litigation
C18642894,C10055,Litigation
C18642895,C10055,Litigation
C18642896,C10055,Litigation
C18642896,C10056,Manors
C18642897,C10055,Litigation
C18642898,C10055,Litigation
C18642899,C10055,Litigation
C18642900,C10055,Litigation
C18642901,C10055,Litigation
C18642902,C10055,Litigation
C18642903,C10055,Litigation
C18642904,C10055,Litigation
C18642905,C10055,Litigation
C18642906,C10055,Litigation
C18642907,C10055,Litigation
C18642908,C10055,Litigation
C18642909,C10055,Litigation
C18642910,C10055,Litigation
C18642911,C10055,Litigation
C18642911,C10056,Manors
C18642912,C10055,Litigation
C18642912,C10025,Debt
C18642913,C10055,Litigation
C18642914,C10055,Litigation
C18642915,C10055,Litigation
C18642916,C10055,Litigation
C18642917,C10055,Litigation
C18642918,C10055,Litigation
C18642919,C10055,Litigation
C18642920,C10055,Litigation
C18642921,C10131,Europe and Russia
C18642921,C10055,Litigation
C18642921,C10056,Manors
C18642922,C10055,Litigation
C18642923,C10055,Litigation
C18642924,C10055,Litigation
C18642925,C10055,Litigation
C18642926,C10055,Litigation
C18642927,C10055,Litigation
C18642928,C10055,Litigation
C18642929,C10055,Litigation
C18642930,C10055,Litigation
C18642931,C10055,Litigation
C18642932,C10055,Litigation
C18642933,C10055,Litigation
C18642934,C10055,Litigation
C18642935,C10055,Litigation
C18642935,C10040,Forestry
C18642936,C10055,Litigation
C18642937,C10055,Litigation
C18642938,C10055,Litigation
C18642939,C10055,Litigation
C18642940,C10055,Litigation
C18642941,C10055,Litigation
C18642941,C10014,Coal
C18642941,C10066,Mining and quarrying
C18642942,C10055,Litigation
C18642943,C10055,Litigation
C18642944,C10055,Litigation
C18642945,C10055,Litigation
C18642946,C10055,Litigation
C18642947,C10055,Litigation
C18642948,C10055,Litigation
C18642948,C10108,Trade and commerce
C18642949,C10055,Litigation
C18642950,C10055,Litigation
C18642951,C10055,Litigation
C18642952,C10055,Litigation
C18642953,C10055,Litigation
C18642953,C10056,Manors
C18642954,C10055,Litigation
C18642955,C10059,Marriage and divorce
C18642955,C10055,Litigation
C18642956,C10055,Litigation
C18642957,C10055,Litigation
C18642958,C10055,Litigation
C18642959,C10055,Litigation
C18642960,C10055,Litigation
C18642961,C10055,Litigation
C18642962,C10055,Litigation
C18642963,C10055,Litigation
C18642963,C10056,Manors
C18642964,C10055,Litigation
C18642965,C10055,Litigation
C18642965,C10056,Manors
C18642966,C10055,Litigation
C18642967,C10055,Litigation
C18642968,C10055,Litigation
C18642969,C10055,Litigation
C18642970,C10055,Litigation
C18642971,C10055,Litigation
C18642972,C10055,Litigation
C18642972,C10025,Debt
C18642973,C10055,Litigation
C18642974,C10055,Litigation
C18642975,C10055,Litigation
C18642975,C10036,Farming
C18642976,C10055,Litigation
C18642977,C10055,Litigation
C18642978,C10055,Litigation
C18642979,C10055,Litigation
C18642980,C10055,Litigation
C18642981,C10055,Litigation
C18642982,C10055,Litigation
C18642983,C10055,Litigation
C18642984,C10055,Litigation
C18642984,C10107,Tithes
C18642985,C10055,Litigation
C18642986,C10055,Litigation
C18642987,C10055,Litigation
C18642988,C10055,Litigation
C18642989,C10055,Litigation
C18642990,C10055,Litigation
C18642991,C10055,Litigation
C18642992,C10055,Litigation
C18642993,C10055,Litigation
C18642993,C10056,Manors
C18642994,C10055,Litigation
C18642995,C10055,Litigation
C18642995,C10107,Tithes
C18642996,C10055,Litigation
C18642997,C10055,Litigation
C18642998,C10055,Litigation
C18642999,C10055,Litigation
C18643000,C10055,Litigation
C18643001,C10055,Litigation
C18643002,C10055,Litigation
C18643003,C10055,Litigation
C18643004,C10055,Litigation
C18643005,C10055,Litigation
C18643006,C10055,Litigation
C18643007,C10055,Litigation
C18643007,C10056,Manors
C18643008,C10055,Litigation
C18643009,C10055,Litigation
C18643010,C10055,Litigation
C18643010,C10007,Banking
C18643010,C10022,Conveyancing
C18643011,C10055,Litigation
C18643012,C10055,Litigation
C18643013,C10055,Litigation
C18643014,C10055,Litigation
C18643015,C10055,Litigation
C18643016,C10055,Litigation
C18643017,C10055,Litigation
C18643017,C10056,Manors
C18643018,C10055,Litigation
C18643019,C10055,Litigation
C18643020,C10055,Litigation
C18643020,C10056,Manors
C18643021,C10055,Litigation
C18643022,C10055,Litigation
C18643023,C10055,Litigation
C18643024,C10055,Litigation
C18643025,C10055,Litigation
C18643026,C10055,Litigation
C18643027,C10055,Litigation
C18643028,C10055,Litigation
C18643029,C10055,Litigation
C18643030,C10055,Litigation
C18643031,C10055,Litigation
C18643032,C10055,Litigation
C18643033,C10055,Litigation
C18643034,C10055,Litigation
C18643035,C10055,Litigation
C18643036,C10055,Litigation
C18643037,C10055,Litigation
C18643038,C10055,Litigation
C18643038,C10056,Manors
C18643039,C10055,Litigation
C18643040,C10055,Litigation
C18643041,C10055,Litigation
C18643042,C10055,Litigation
C18643043,C10055,Litigation
C18643044,C10055,Litigation
C18643045,C10055,Litigation
C18643045,C10108,Trade and commerce
C18643045,C10025,Debt
C18643046,C10055,Litigation
C18643047,C10055,Litigation
C18643047,C10036,Farming
C18643048,C10055,Litigation
C18643048,C10056,Manors
C18643049,C10055,Litigation
C18643050,C10055,Litigation
C18643051,C10055,Litigation
C18643052,C10055,Litigation
C18643052,C10056,Manors
C18643053,C10055,Litigation
C18643053,C10036,Farming
C18643054,C10055,Litigation
C18643055,C10055,Litigation
C18643056,C10055,Litigation
C18643057,C10055,Litigation
C18643058,C10055,Litigation
C18643059,C10055,Litigation
C18643059,C10056,Manors
C18643060,C10055,Litigation
C18643061,C10055,Litigation
C18643062,C10055,Litigation
C18643063,C10055,Litigation
C18643064,C10055,Litigation
C18643065,C10055,Litigation
C18643066,C10055,Litigation
C18643067,C10055,Litigation
C18643068,C10055,Litigation
C18643069,C10055,Litigation
C18643070,C10055,Litigation
C18643071,C10055,Litigation
C18643071,C10077,Pay and pensions
C18643072,C10093,Religions
C18643072,C10055,Litigation
C18643073,C10055,Litigation
C18643074,C10055,Litigation
C18643075,C10055,Litigation
C18643076,C10055,Litigation
C18643077,C10055,Litigation
C18643078,C10055,Litigation
C18643079,C10055,Litigation
C18643080,C10055,Litigation
C18643081,C10055,Litigation
C18643082,C10055,Litigation
C18643083,C10055,Litigation
C18643084,C10055,Litigation
C18643084,C10056,Manors
C18643085,C10055,Litigation
C18643086,C10055,Litigation
C18643087,C10055,Litigation
C18643088,C10055,Litigation
C18643089,C10055,Litigation
C18643090,C10055,Litigation
C18643091,C10055,Litigation
C18643092,C10055,Litigation
C18643093,C10055,Litigation
C18643094,C10055,Litigation
C18643095,C10055,Litigation
C18643096,C10055,Litigation
C18643097,C10055,Litigation
C18643098,C10055,Litigation
C18643099,C10055,Litigation
C18643100,C10055,Litigation
C18643101,C10055,Litigation
C18643102,C10055,Litigation
C18643103,C10055,Litigation
C18643104,C10055,Litigation
C18643105,C10055,Litigation
C18643106,C10055,Litigation
C18643107,C10055,Litigation
C18643108,C10055,Litigation
C18643109,C10055,Litigation
C18643109,C10056,Manors
C18643110,C10055,Litigation
C18643111,C10055,Litigation
C18643111,C10022,Conveyancing
C18643112,C10055,Litigation
C18643113,C10055,Litigation
C18643114,C10055,Litigation
C18643115,C10055,Litigation
C18643116,C10055,Litigation
C18643116,C10025,Debt
C18643117,C10055,Litigation
C18643118,C10055,Litigation
C18643119,C10055,Litigation
C18643119,C10077,Pay and pensions
C18643120,C10055,Litigation
C18643121,C10055,Litigation
C18643122,C10055,Litigation
C18643122,C10056,Manors
C18643123,C10055,Litigation
C18643124,C10055,Litigation
C18643125,C10055,Litigation
C18643126,C10055,Litigation
C18643127,C10055,Litigation
C18643128,C10055,Litigation
C18643129,C10055,Litigation
C18643130,C10055,Litigation
C18643131,C10055,Litigation
C18643132,C10055,Litigation
C18643133,C10055,Litigation
C18643134,C10055,Litigation
C18643134,C10036,Farming
C18643135,C10055,Litigation
C18643136,C10055,Litigation
C18643137,C10055,Litigation
C18643138,C10055,Litigation
C18643138,C10056,Manors
C18643139,C10055,Litigation
C18643140,C10055,Litigation
C18643141,C10055,Litigation
C18643142,C10055,Litigation
C18643143,C10055,Litigation
C18643143,C10107,Tithes
C18643144,C10055,Litigation
C18643144,C10056,Manors
C18643145,C10055,Litigation
C18643146,C10055,Litigation
C18643147,C10055,Litigation
C18643148,C10055,Litigation
C18643149,C10055,Litigation
C18643150,C10055,Litigation
C18643150,C10056,Manors
C18643151,C10055,Litigation
C18643152,C10055,Litigation
C18643153,C10055,Litigation
C18643153,C10056,Manors
C18643154,C10055,Litigation
C18643155,C10055,Litigation
C18643156,C10055,Litigation
C18643157,C10055,Litigation
C18643158,C10055,Litigation
C18643159,C10055,Litigation
C18643160,C10055,Litigation
C18643161,C10055,Litigation
C18643162,C10055,Litigation
C18643163,C10055,Litigation
C18643163,C10056,Manors
C18643164,C10055,Litigation
C18643165,C10055,Litigation
C18643166,C10055,Litigation
C18643167,C10055,Litigation
C18643168,C10055,Litigation
C18643169,C10055,Litigation
C18643169,C10056,Manors
C18643170,C10055,Litigation
C18643171,C10055,Litigation
C18643172,C10055,Litigation
C18643172,C10080,Piracy and privateering
C18643173,C10055,Litigation
C18643174,C10055,Litigation
C18643175,C10055,Litigation
C18643176,C10055,Litigation
C18643177,C10055,Litigation
C18643177,C10025,Debt
C18643178,C10055,Litigation
C18643179,C10055,Litigation
C18643180,C10055,Litigation
C18643181,C10055,Litigation
C18643182,C10055,Litigation
C18643183,C10055,Litigation
C18643183,C10014,Coal
C18643184,C10055,Litigation
C18643185,C10055,Litigation
C18643186,C10055,Litigation
C18643187,C10055,Litigation
C18643188,C10055,Litigation
C18643189,C10055,Litigation
C18643190,C10055,Litigation
C18643191,C10055,Litigation
C18643192,C10055,Litigation
C18643193,C10055,Litigation
C18643194,C10055,Litigation
C18643194,C10077,Pay and pensions
C18643195,C10055,Litigation
C18643196,C10055,Litigation
C18643197,C10055,Litigation
C18643198,C10055,Litigation
C18643198,C10015,Common land
C18643199,C10055,Litigation
C18643200,C10055,Litigation
C18643201,C10055,Litigation
C18643202,C10055,Litigation
C18643203,C10055,Litigation
C18643204,C10055,Litigation
C18643204,C10056,Manors
C18643205,C10055,Litigation
C18643206,C10055,Litigation
C18643207,C10055,Litigation
C18643208,C10055,Litigation
C18643209,C10055,Litigation
C18643210,C10055,Litigation
C18643211,C10055,Litigation
C18643212,C10055,Litigation
C18643213,C10055,Litigation
C18643214,C10055,Litigation
C18643214,C10056,Manors
C18643215,C10055,Litigation
C18643216,C10055,Litigation
C18643217,C10055,Litigation
C18643218,C10055,Litigation
C18643219,C10055,Litigation
C18643219,C10056,Manors
C18643220,C10055,Litigation
C18643220,C10108,Trade and commerce
C18643221,C10055,Litigation
C18643222,C10055,Litigation
C18643223,C10055,Litigation
C18643224,C10055,Litigation
C18643225,C10055,Litigation
C18643226,C10055,Litigation
C18643227,C10055,Litigation
C18643228,C10055,Litigation
C18643229,C10055,Litigation
C18643230,C10055,Litigation
C18643231,C10055,Litigation
C18643231,C10074,Oil and gas
C18643231,C10057,Manufacturing
C18643232,C10055,Litigation
C18643232,C10056,Manors
C18643233,C10055,Litigation
C18643234,C10055,Litigation
C18643235,C10055,Litigation
C18643235,C10056,Manors
C18643236,C10055,Litigation
C18643237,C10055,Litigation
C18643238,C10055,Litigation
C18643238,C10056,Manors
C18643239,C10055,Litigation
C18643240,C10055,Litigation
C18643241,C10055,Litigation
C18643242,C10055,Litigation
C18643243,C10055,Litigation
C18643244,C10055,Litigation
C18643245,C10055,Litigation
C18643245,C10025,Debt
C18643246,C10055,Litigation
C18643247,C10055,Litigation
C18643248,C10055,Litigation
C18643249,C10055,Litigation
C18643250,C10055,Litigation
C18643250,C10024,Crown lands and estates
C18643251,C10055,Litigation
C18643252,C10055,Litigation
C18643253,C10055,Litigation
C18643254,C10055,Litigation
C18643255,C10055,Litigation
C18643255,C10036,Farming
C18643256,C10055,Litigation
C18643257,C10055,Litigation
C18643258,C10055,Litigation
C18643258,C10056,Manors
C18643259,C10055,Litigation
C18643260,C10055,Litigation
C18643260,C10056,Manors
C18643261,C10055,Litigation
C18643262,C10055,Litigation
C18643262,C10056,Manors
C18643263,C10055,Litigation
C18643263,C10056,Manors
C18643264,C10055,Litigation
C18643265,C10055,Litigation
C18643265,C10056,Manors
C18643266,C10055,Litigation
C18643267,C10055,Litigation
C18643268,C10055,Litigation
C18645526,C10055,Litigation
C18645526,C10056,Manors
C18645527,C10055,Litigation
C18645528,C10055,Litigation
C18645529,C10055,Litigation
C18645530,C10055,Litigation
C18645531,C10055,Litigation
C18645532,C10055,Litigation
C18645532,C10056,Manors
C18645533,C10055,Litigation
C18645534,C10055,Litigation
C18645535,C10055,Litigation
C18645536,C10055,Litigation
C18645536,C10056,Manors
C18645537,C10055,Litigation
C18645537,C10107,Tithes
C18645538,C10055,Litigation
C18645539,C10055,Litigation
C18645540,C10055,Litigation
C18645541,C10055,Litigation
C18645542,C10055,Litigation
C18645543,C10055,Litigation
C18645544,C10055,Litigation
C18645545,C10055,Litigation
C18645546,C10055,Litigation
C18645547,C10055,Litigation
C18645547,C10056,Manors
C18645548,C10055,Litigation
C18645549,C10055,Litigation
C18645550,C10055,Litigation
C18645551,C10055,Litigation
C18645552,C10055,Litigation
C18645553,C10093,Religions
C18645553,C10055,Litigation
C18645554,C10055,Litigation
C18645555,C10055,Litigation
C18645555,C10056,Manors
C18645556,C10055,Litigation
C18645557,C10055,Litigation
C18645558,C10055,Litigation
C18645558,C10033,Education
C18645559,C10055,Litigation
C18645560,C10055,Litigation
C18645560,C10056,Manors
C18645561,C10055,Litigation
C18645562,C10055,Litigation
C18645562,C10107,Tithes
C18645563,C10055,Litigation
C18645564,C10055,Litigation
C18645565,C10055,Litigation
C18645566,C10055,Litigation
C18645567,C10055,Litigation
C18645568,C10055,Litigation
C18645569,C10055,Litigation
C18645570,C10055,Litigation
C18645571,C10055,Litigation
C18645572,C10055,Litigation
C18645573,C10055,Litigation
C18645574,C10055,Litigation
C18645575,C10055,Litigation
C18645576,C10055,Litigation
C18645577,C10055,Litigation
C18645577,C10056,Manors
C18645578,C10055,Litigation
C18645579,C10055,Litigation
C18645580,C10055,Litigation
C18645581,C10055,Litigation
C18645582,C10055,Litigation
C18645583,C10055,Litigation
C18645584,C10055,Litigation
C18645585,C10055,Litigation
C18645586,C10055,Litigation
C18645587,C10055,Litigation
C18645588,C10055,Litigation
C18645589,C10055,Litigation
C18645590,C10055,Litigation
C18645591,C10055,Litigation
C18645592,C10038,Fishing
C18645592,C10055,Litigation
C18645592,C10056,Manors
C18645593,C10055,Litigation
C18645594,C10055,Litigation
C18645594,C10056,Manors
C18645595,C10055,Litigation
C18645596,C10055,Litigation
C18645597,C10055,Litigation
C18645598,C10055,Litigation
C18645599,C10055,Litigation
C18645600,C10055,Litigation
C18645601,C10055,Litigation
C18645602,C10055,Litigation
C18645603,C10055,Litigation
C18645603,C10056,Manors
C18645604,C10055,Litigation
C18645605,C10055,Litigation
C18645605,C10036,Farming
C18645606,C10055,Litigation
C18645607,C10055,Litigation
C18645608,C10055,Litigation
C18645608,C10056,Manors
C18645609,C10055,Litigation
C18645610,C10055,Litigation
C18645611,C10055,Litigation
C18645612,C10055,Litigation
C18645613,C10055,Litigation
C18645614,C10055,Litigation
C18645615,C10055,Litigation
C18645616,C10055,Litigation
C18645617,C10055,Litigation
C18645618,C10055,Litigation
C18645618,C10056,Manors
C18645619,C10055,Litigation
C18645619,C10056,Manors
C18645620,C10055,Litigation
C18645621,C10055,Litigation
C18645622,C10055,Litigation
C18645623,C10055,Litigation
C18645624,C10055,Litigation
C18645625,C10055,Litigation
C18645626,C10055,Litigation
C18645627,C10055,Litigation
C18645628,C10055,Litigation
C18645629,C10055,Litigation
C18645629,C10056,Manors
C18645630,C10055,Litigation
C18645631,C10055,Litigation
C18645632,C10055,Litigation
C18645632,C10056,Manors
C18645633,C10055,Litigation
C18645634,C10131,Europe and Russia
C18645634,C10055,Litigation
C18645635,C10055,Litigation
C18645636,C10055,Litigation
C18645637,C10055,Litigation
C18645638,C10055,Litigation
C18645639,C10055,Litigation
C18645640,C10055,Litigation
C18645641,C10055,Litigation
C18645642,C10055,Litigation
C18645643,C10055,Litigation
C18645644,C10055,Litigation
C18645645,C10055,Litigation
C18645646,C10055,Litigation
C18645647,C10055,Litigation
C18645648,C10055,Litigation
C18645649,C10055,Litigation
C18645649,C10056,Manors
C18645650,C10055,Litigation
C18645650,C10056,Manors
C18645651,C10055,Litigation
C18645652,C10055,Litigation
C18645653,C10055,Litigation
C18645654,C10055,Litigation
C18645655,C10055,Litigation
C18645656,C10055,Litigation
C18645657,C10055,Litigation
C18645658,C10055,Litigation
C18645659,C10055,Litigation
C18645660,C10055,Litigation
C18645661,C10055,Litigation
C18645662,C10055,Litigation
C18645663,C10055,Litigation
C18645664,C10055,Litigation
C18645664,C10056,Manors
C18645665,C10055,Litigation
C18645666,C10055,Litigation
C18645667,C10055,Litigation
C18645668,C10055,Litigation
C18645669,C10055,Litigation
C18645670,C10055,Litigation
C18645671,C10055,Litigation
C18645672,C10055,Litigation
C18645673,C10055,Litigation
C18645674,C10055,Litigation
C18645675,C10055,Litigation
C18645676,C10055,Litigation
C18645677,C10055,Litigation
C18645678,C10055,Litigation
C18645679,C10055,Litigation
C18645680,C10055,Litigation
C18645681,C10055,Litigation
C18645681,C10056,Manors
C18645682,C10055,Litigation
C18645683,C10055,Litigation
C18645684,C10055,Litigation
C18645685,C10055,Litigation
C18645686,C10055,Litigation
C18645687,C10055,Litigation
C18645688,C10055,Litigation
C18645689,C10055,Litigation
C18645690,C10055,Litigation
C18645691,C10055,Litigation
C18645692,C10055,Litigation
C18645693,C10055,Litigation
C18645694,C10055,Litigation
C18645694,C10056,Manors
C18645695,C10055,Litigation
C18645696,C10055,Litigation
C18645696,C10036,Farming
C18645697,C10055,Litigation
C18645697,C10056,Manors
C18645698,C10055,Litigation
C18645699,C10055,Litigation
C18645700,C10055,Litigation
C18645701,C10055,Litigation
C18645702,C10055,Litigation
C18645703,C10055,Litigation
C18645703,C10025,Debt
C18645704,C10055,Litigation
C18645705,C10055,Litigation
C18645706,C10055,Litigation
C18645707,C10055,Litigation
C18645707,C10025,Debt
C18645708,C10055,Litigation
C18645709,C10055,Litigation
C18645710,C10055,Litigation
C18645711,C10055,Litigation
C18645712,C10055,Litigation
C18645713,C10055,Litigation
C18645714,C10055,Litigation
C18645714,C10108,Trade and commerce
C18645715,C10055,Litigation
C18645716,C10055,Litigation
C18645717,C10055,Litigation
C18645718,C10039,Food and drink
C18645718,C10055,Litigation
C18645719,C10055,Litigation
C18645720,C10055,Litigation
C18645721,C10055,Litigation
C18645722,C10055,Litigation
C18645722,C10025,Debt
C18645723,C10055,Litigation
C18645723,C10025,Debt
C18645724,C10055,Litigation
C18645725,C10055,Litigation
C18645726,C10055,Litigation
C18645727,C10055,Litigation
C18645727,C10080,Piracy and privateering
C18645728,C10055,Litigation
C18645729,C10055,Litigation
C18645730,C10055,Litigation
C18645731,C10039,Food and drink
C18645731,C10055,Litigation
C18645732,C10055,Litigation
C18645733,C10055,Litigation
C18645734,C10055,Litigation
C18645735,C10055,Litigation
C18645736,C10055,Litigation
C18645736,C10107,Tithes
C18645737,C10055,Litigation
C18645738,C10055,Litigation
C18645739,C10055,Litigation
C18645740,C10055,Litigation
C18645741,C10055,Litigation
C18645741,C10036,Farming
C18645742,C10055,Litigation
C18645743,C10055,Litigation
C18645743,C10025,Debt
C18645744,C10055,Litigation
C18645745,C10055,Litigation
C18645745,C10025,Debt
C18645746,C10059,Marriage and divorce
C18645746,C10055,Litigation
C18645747,C10059,Marriage and divorce
C18645747,C10055,Litigation
C18645748,C10055,Litigation
C18645749,C10055,Litigation
C18645750,C10055,Litigation
C18645751,C10055,Litigation
C18645752,C10055,Litigation
C18645752,C10056,Manors
C18645753,C10055,Litigation
C18645754,C10055,Litigation
C18645755,C10055,Litigation
C18645756,C10055,Litigation
C18645757,C10055,Litigation
C18645758,C10055,Litigation
C18645759,C10055,Litigation
C18645759,C10025,Debt
C18645760,C10055,Litigation
C18645761,C10055,Litigation
C18645762,C10055,Litigation
C18645762,C10025,Debt
C18645763,C10055,Litigation
C18645764,C10055,Litigation
C18645764,C10025,Debt
C18645765,C10055,Litigation
C18645765,C10036,Farming
C18645766,C10055,Litigation
C18645766,C10025,Debt
C18645767,C10055,Litigation
C18645768,C10055,Litigation
C18645768,C10052,Labour
C18645769,C10055,Litigation
C18645770,C10055,Litigation
C18645771,C10055,Litigation
C18645772,C10055,Litigation
C18645773,C10055,Litigation
C18645774,C10039,Food and drink
C18645774,C10055,Litigation
C18645775,C10055,Litigation
C18645776,C10055,Litigation
C18645776,C10025,Debt
C18645777,C10055,Litigation
C18645778,C10055,Litigation
C18645778,C10025,Debt
C18645779,C10055,Litigation
C18645780,C10055,Litigation
C18645781,C10055,Litigation
C18645782,C10055,Litigation
C18645783,C10055,Litigation
C18645783,C10007,Banking
C18645783,C10022,Conveyancing
C18645784,C10055,Litigation
C18645785,C10055,Litigation
C18645786,C10055,Litigation
C18645786,C10025,Debt
C18645787,C10055,Litigation
C18645787,C10025,Debt
C18645788,C10055,Litigation
C18645789,C10055,Litigation
C18645790,C10055,Litigation
C18645791,C10055,Litigation
C18645792,C10055,Litigation
C18645793,C10055,Litigation
C18645794,C10055,Litigation
C18645795,C10055,Litigation
C18645795,C10007,Banking
C18645795,C10022,Conveyancing
C18645796,C10131,Europe and Russia
C18645796,C10055,Litigation
C18645797,C10055,Litigation
C18645797,C10025,Debt
C18645798,C10055,Litigation
C18645799,C10055,Litigation
C18645800,C10055,Litigation
C18645800,C10012,Children
C18645801,C10055,Litigation
C18645802,C10055,Litigation
C18645803,C10055,Litigation
C18645804,C10055,Litigation
C18645805,C10055,Litigation
C18645806,C10055,Litigation
C18645806,C10025,Debt
C18645807,C10055,Litigation
C18645807,C10056,Manors
C18645808,C10055,Litigation
C18645809,C10055,Litigation
C18645810,C10055,Litigation
C18645810,C10025,Debt
C18645811,C10055,Litigation
C18645812,C10055,Litigation
C18645813,C10055,Litigation
C18645814,C10055,Litigation
C18645815,C10055,Litigation
C18645816,C10055,Litigation
C18645817,C10055,Litigation
C18645818,C10055,Litigation
C18645819,C10055,Litigation
C18645820,C10055,Litigation
C18645821,C10055,Litigation
C18652246,C10055,Litigation
C18652247,C10055,Litigation
C18652247,C10025,Debt
C18652248,C10055,Litigation
C18652248,C10025,Debt
C18652249,C10055,Litigation
C18652249,C10040,Forestry
C18652249,C10056,Manors
C18652250,C10055,Litigation
C18652251,C10055,Litigation
C18652252,C10055,Litigation
C18652252,C10040,Forestry
C18652253,C10055,Litigation
C18652254,C10055,Litigation
C18652255,C10055,Litigation
C18652256,C10055,Litigation
C18652257,C10055,Litigation
C18652257,C10025,Debt
C18652258,C10055,Litigation
C18652258,C10025,Debt
C18652259,C10055,Litigation
C18652260,C10055,Litigation
C18652261,C10055,Litigation
C18652262,C10055,Litigation
C18652263,C10055,Litigation
C18652264,C10055,Litigation
C18652265,C10055,Litigation
C18652266,C10055,Litigation
C18652267,C10055,Litigation
C18652267,C10071,Nationality
C18652268,C10055,Litigation
C18652268,C10056,Manors
C18652269,C10055,Litigation
C18652270,C10055,Litigation
C18652271,C10055,Litigation
C18652272,C10055,Litigation
C18652273,C10055,Litigation
C18652273,C10056,Manors
C18652274,C10055,Litigation
C18652275,C10055,Litigation
C18652276,C10055,Litigation
C18652277,C10055,Litigation
C18652277,C10056,Manors
C18652278,C10055,Litigation
C18652279,C10055,Litigation
C18652280,C10055,Litigation
C18652281,C10055,Litigation
C18652282,C10055,Litigation
C18652283,C10055,Litigation
C18652284,C10055,Litigation
C18652284,C10056,Manors
C18652285,C10055,Litigation
C18652286,C10055,Litigation
C18652286,C10025,Debt
C18652287,C10055,Litigation
C18652288,C10055,Litigation
C18652288,C10056,Manors
C18652289,C10055,Litigation
C18652290,C10055,Litigation
C18652291,C10055,Litigation
C18652292,C10055,Litigation
C18652293,C10055,Litigation
C18652294,C10055,Litigation
C18652295,C10055,Litigation
C18652296,C10055,Litigation
C18652297,C10059,Marriage and divorce
C18652297,C10055,Litigation
C18652298,C10055,Litigation
C18652299,C10093,Religions
C18652299,C10055,Litigation
C18652300,C10055,Litigation
C18652300,C10025,Debt
C18652301,C10055,Litigation
C18652301,C10025,Debt
C18652302,C10055,Litigation
C18652303,C10055,Litigation
C18652304,C10055,Litigation
C18652305,C10055,Litigation
C18652306,C10055,Litigation
C18652307,C10055,Litigation
C18652308,C10055,Litigation
C18652309,C10055,Litigation
C18652310,C10055,Litigation
C18652311,C10055,Litigation
C18652312,C10039,Food and drink
C18652312,C10055,Litigation
C18652313,C10055,Litigation
C18652314,C10059,Marriage and divorce
C18652314,C10055,Litigation
C18652315,C10055,Litigation
C18652315,C10116,Wills and probate
C18652316,C10055,Litigation
C18652317,C10055,Litigation
C18652318,C10055,Litigation
C18652319,C10055,Litigation
C18652320,C10055,Litigation
C18652321,C10055,Litigation
C18652322,C10055,Litigation
C18652323,C10055,Litigation
C18652323,C10025,Debt
C18652324,C10055,Litigation
C18652325,C10055,Litigation
C18652326,C10055,Litigation
C18652327,C10055,Litigation
C18652328,C10055,Litigation
C18652329,C10055,Litigation
C18652330,C10055,Litigation
C18652331,C10055,Litigation
C18652331,C10025,Debt
C18652332,C10055,Litigation
C18652333,C10055,Litigation
C18652334,C10055,Litigation
C18652335,C10055,Litigation
C18652336,C10055,Litigation
C18652337,C10055,Litigation
C18652338,C10055,Litigation
C18652338,C10025,Debt
C18652339,C10055,Litigation
C18652339,C10025,Debt
C18652340,C10055,Litigation
C18652341,C10055,Litigation
C18652341,C10036,Farming
C18652342,C10055,Litigation
C18652343,C10055,Litigation
C18652344,C10055,Litigation
C18652345,C10055,Litigation
C18652345,C10036,Farming
C18652396,C10055,Litigation
C18652397,C10055,Litigation
C18652398,C10055,Litigation
C18652399,C10055,Litigation
C18652400,C10055,Litigation
C18652401,C10055,Litigation
C18652402,C10055,Litigation
C18652402,C10036,Farming
C18652403,C10055,Litigation
C18652404,C10055,Litigation
C18652405,C10055,Litigation
C18652406,C10055,Litigation
C18652407,C10055,Litigation
C18652408,C10055,Litigation
C18652409,C10055,Litigation
C18652410,C10055,Litigation
C18652411,C10055,Litigation
C18652412,C10055,Litigation
C18652413,C10055,Litigation
C18652414,C10055,Litigation
C18652415,C10055,Litigation
C18652416,C10055,Litigation
C18652417,C10055,Litigation
C18652418,C10055,Litigation
C18652419,C10055,Litigation
C18652419,C10107,Tithes
C18652420,C10055,Litigation
C18652420,C10025,Debt
C18652421,C10055,Litigation
C18652421,C10025,Debt
C18652422,C10055,Litigation
C18652423,C10055,Litigation
C18652424,C10055,Litigation
C18652425,C10055,Litigation
C18652426,C10055,Litigation
C18652427,C10055,Litigation
C18652428,C10055,Litigation
C18652429,C10055,Litigation
C18652430,C10055,Litigation
C18652431,C10055,Litigation
C18652432,C10055,Litigation
C18652433,C10055,Litigation
C18652434,C10059,Marriage and divorce
C18652434,C10055,Litigation
C18652435,C10055,Litigation
C18652435,C10025,Debt
C18652436,C10055,Litigation
C18652437,C10055,Litigation
C18652438,C10055,Litigation
C18652439,C10055,Litigation
C18652439,C10102,Sex and gender
C18652440,C10055,Litigation
C18652441,C10055,Litigation
C18652442,C10055,Litigation
C18652443,C10055,Litigation
C18652443,C10114,Weapons
C18652444,C10055,Litigation
C18652445,C10055,Litigation
C18652346,C10055,Litigation
C18652347,C10055,Litigation
C18652348,C10055,Litigation
C18652349,C10055,Litigation
C18652350,C10055,Litigation
C18652350,C10056,Manors
C18652351,C10059,Marriage and divorce
C18652351,C10055,Litigation
C18652352,C10055,Litigation
C18652352,C10007,Banking
C18652352,C10022,Conveyancing
C18652353,C10055,Litigation
C18652353,C10056,Manors
C18652354,C10055,Litigation
C18652355,C10055,Litigation
C18652356,C10055,Litigation
C18652356,C10025,Debt
C18652357,C10055,Litigation
C18652358,C10055,Litigation
C18652359,C10055,Litigation
C18652359,C10036,Farming
C18652360,C10055,Litigation
C18652361,C10055,Litigation
C18652361,C10025,Debt
C18652362,C10055,Litigation
C18652363,C10055,Litigation
C18652364,C10055,Litigation
C18652365,C10055,Litigation
C18652366,C10055,Litigation
C18652367,C10055,Litigation
C18652367,C10036,Farming
C18652368,C10055,Litigation
C18652369,C10055,Litigation
C18652370,C10055,Litigation
C18652371,C10055,Litigation
C18652372,C10055,Litigation
C18652373,C10055,Litigation
C18652374,C10055,Litigation
C18652374,C10025,Debt
C18652375,C10059,Marriage and divorce
C18652375,C10055,Litigation
C18652376,C10055,Litigation
C18652377,C10055,Litigation
C18652378,C10055,Litigation
C18652379,C10055,Litigation
C18652380,C10055,Litigation
C18652381,C10055,Litigation
C18652382,C10055,Litigation
C18652383,C10055,Litigation
C18652384,C10055,Litigation
C18652385,C10055,Litigation
C18652386,C10055,Litigation
C18652387,C10055,Litigation
C18652388,C10055,Litigation
C18652388,C10025,Debt
C18652389,C10055,Litigation
C18652390,C10055,Litigation
C18652391,C10055,Litigation
C18652392,C10055,Litigation
C18652393,C10055,Litigation
C18652393,C10025,Debt
C18652394,C10055,Litigation
C18652395,C10055,Litigation
C18652395,C10108,Trade and commerce
C18655876,C10055,Litigation
C18655877,C10055,Litigation
C18655878,C10055,Litigation
C18655879,C10055,Litigation
C18655880,C10055,Litigation
C18655881,C10131,Europe and Russia
C18655881,C10055,Litigation
C18655882,C10055,Litigation
C18655883,C10055,Litigation
C18655883,C10025,Debt
C18655884,C10055,Litigation
C18655885,C10039,Food and drink
C18655885,C10055,Litigation
C18655886,C10055,Litigation
C18655887,C10055,Litigation
C18655888,C10059,Marriage and divorce
C18655888,C10055,Litigation
C18655889,C10055,Litigation
C18655890,C10055,Litigation
C18655891,C10055,Litigation
C18655892,C10055,Litigation
C18655893,C10055,Litigation
C18655893,C10107,Tithes
C18655894,C10055,Litigation
C18655895,C10055,Litigation
C18655896,C10055,Litigation
C18655897,C10055,Litigation
C18655898,C10023,Crime
C18655898,C10055,Litigation
C18655898,C10046,Hunting
C18655898,C10086,Public disorder
C18655899,C10055,Litigation
C18655900,C10055,Litigation
C18655901,C10055,Litigation
C18655902,C10055,Litigation
C18655903,C10055,Litigation
C18655904,C10055,Litigation
C18655905,C10055,Litigation
C18655906,C10055,Litigation
C18655906,C10025,Debt
C18655907,C10055,Litigation
C18655907,C10025,Debt
C18655908,C10055,Litigation
C18655909,C10055,Litigation
C18655910,C10055,Litigation
C18655911,C10055,Litigation
C18655912,C10055,Litigation
C18655913,C10055,Litigation
C18655914,C10055,Litigation
C18655915,C10131,Europe and Russia
C18655915,C10055,Litigation
C18655916,C10055,Litigation
C18655917,C10055,Litigation
C18655918,C10055,Litigation
C18655919,C10055,Litigation
C18655920,C10055,Litigation
C18655921,C10055,Litigation
C18655922,C10055,Litigation
C18655923,C10055,Litigation
C18655923,C10036,Farming
C18655924,C10055,Litigation
C18655925,C10055,Litigation
C18655926,C10055,Litigation
C18655927,C10055,Litigation
C18655928,C10055,Litigation
C18655929,C10055,Litigation
C18655930,C10055,Litigation
C18655931,C10055,Litigation
C18655932,C10055,Litigation
C18655933,C10055,Litigation
C18655934,C10055,Litigation
C18655935,C10055,Litigation
C18655936,C10055,Litigation
C18655937,C10055,Litigation
C18655938,C10055,Litigation
C18655939,C10055,Litigation
C18655940,C10055,Litigation
C18655941,C10055,Litigation
C18655941,C10025,Debt
C18655941,C10056,Manors
C18655942,C10055,Litigation
C18655943,C10055,Litigation
C18655944,C10055,Litigation
C18655944,C10036,Farming
C18655945,C10055,Litigation
C18655945,C10025,Debt
C18655945,C10056,Manors
C18655946,C10055,Litigation
C18655946,C10056,Manors
C18655947,C10055,Litigation
C18655948,C10055,Litigation
C18655949,C10055,Litigation
C18655949,C10025,Debt
C18655950,C10055,Litigation
C18655950,C10056,Manors
C18655951,C10055,Litigation
C18655952,C10055,Litigation
C18655953,C10055,Litigation
C18655953,C10025,Debt
C18655953,C10056,Manors
C18655954,C10055,Litigation
C18655955,C10055,Litigation
C18655956,C10055,Litigation
C18655957,C10055,Litigation
C18655957,C10056,Manors
C18655958,C10055,Litigation
C18655958,C10025,Debt
C18655960,C10055,Litigation
C18655960,C10056,Manors
C18655961,C10055,Litigation
C18655961,C10025,Debt
C18655962,C10055,Litigation
C18655962,C10025,Debt
C18655963,C10055,Litigation
C18655964,C10055,Litigation
C18655964,C10025,Debt
C18655965,C10055,Litigation
C18655966,C10055,Litigation
C18655966,C10025,Debt
C18655967,C10055,Litigation
C18655968,C10059,Marriage and divorce
C18655968,C10055,Litigation
C18655969,C10023,Crime
C18655969,C10055,Litigation
C18655970,C10055,Litigation
C18655970,C10025,Debt
C18655971,C10055,Litigation
C18655971,C10025,Debt
C18655972,C10055,Litigation
C18655973,C10055,Litigation
C18655974,C10055,Litigation
C18655974,C10108,Trade and commerce
C18655975,C10055,Litigation
C18655975,C10036,Farming
C18655976,C10055,Litigation
C18655977,C10055,Litigation
C18655978,C10055,Litigation
C18655978,C10036,Farming
C18655979,C10055,Litigation
C18655980,C10055,Litigation
C18655981,C10055,Litigation
C18655982,C10055,Litigation
C18655982,C10025,Debt
C18655984,C10055,Litigation
C18655984,C10052,Labour
C18655985,C10055,Litigation
C18655985,C10056,Manors
C18655986,C10055,Litigation
C18655987,C10055,Litigation
C18655987,C10052,Labour
C18655988,C10055,Litigation
C18655988,C10056,Manors
C18655989,C10055,Litigation
C18655990,C10055,Litigation
C18655990,C10025,Debt
C18655991,C10055,Litigation
C18655992,C10055,Litigation
C18655992,C10025,Debt
C18655993,C10055,Litigation
C18655994,C10055,Litigation
C18655995,C10055,Litigation
C18655996,C10055,Litigation
C18655996,C10107,Tithes
C18655996,C10025,Debt
C18655997,C10055,Litigation
C18655997,C10025,Debt
C18655998,C10055,Litigation
C18655999,C10055,Litigation
C18655999,C10025,Debt
C18656000,C10055,Litigation
C18656001,C10055,Litigation
C18656001,C10056,Manors
C18656002,C10055,Litigation
C18656002,C10107,Tithes
C18656003,C10055,Litigation
C18656004,C10055,Litigation
C18656005,C10055,Litigation
C18656006,C10055,Litigation
C18656006,C10056,Manors
C18656007,C10055,Litigation
C18656007,C10056,Manors
C18656008,C10055,Litigation
C18656009,C10055,Litigation
C18656011,C10055,Litigation
C18656012,C10055,Litigation
C18656013,C10055,Litigation
C18656013,C10025,Debt
C18656014,C10055,Litigation
C18656014,C10056,Manors
C18656015,C10055,Litigation
C18656015,C10025,Debt
C18656016,C10059,Marriage and divorce
C18656016,C10055,Litigation
C18656017,C10055,Litigation
C18656017,C10077,Pay and pensions
C18656018,C10055,Litigation
C18656019,C10055,Litigation
C18656019,C10025,Debt
C18656020,C10055,Litigation
C18656021,C10055,Litigation
C18656021,C10025,Debt
C18656023,C10055,Litigation
C18656024,C10055,Litigation
C18656026,C10059,Marriage and divorce
C18656026,C10055,Litigation
C18656027,C10055,Litigation
C18656028,C10055,Litigation
C18656028,C10056,Manors
C18656029,C10055,Litigation
C18656030,C10055,Litigation
C18656031,C10055,Litigation
C18656031,C10025,Debt
C18656032,C10055,Litigation
C18656033,C10055,Litigation
C18656034,C10055,Litigation
C18656035,C10055,Litigation
C18656035,C10056,Manors
C18656036,C10055,Litigation
C18656037,C10055,Litigation
C18656038,C10055,Litigation
C18656038,C10025,Debt
C18656039,C10055,Litigation
C18656041,C10055,Litigation
C18656042,C10055,Litigation
C18656042,C10025,Debt
C18656043,C10055,Litigation
C18656044,C10059,Marriage and divorce
C18656044,C10055,Litigation
C18656045,C10055,Litigation
C18656046,C10055,Litigation
C18656046,C10025,Debt
C18656047,C10055,Litigation
C18656048,C10055,Litigation
C18656049,C10055,Litigation
C18656050,C10055,Litigation
C18656051,C10055,Litigation
C18656052,C10055,Litigation
C18656053,C10055,Litigation
C18656054,C10055,Litigation
C18656055,C10055,Litigation
C18656056,C10055,Litigation
C18656056,C10025,Debt
C18656058,C10059,Marriage and divorce
C18656058,C10055,Litigation
C18656059,C10055,Litigation
C18656060,C10055,Litigation
C18656061,C10055,Litigation
C18656061,C10056,Manors
C18656062,C10055,Litigation
C18656063,C10055,Litigation
C18656065,C10055,Litigation
C18656066,C10055,Litigation
C18656067,C10055,Litigation
C18656068,C10055,Litigation
C18656068,C10036,Farming
C18656069,C10055,Litigation
C18656069,C10056,Manors
C18656069,C10007,Banking
C18656069,C10022,Conveyancing
C18656070,C10055,Litigation
C18656070,C10056,Manors
C18656071,C10055,Litigation
C18656072,C10055,Litigation
C18656073,C10059,Marriage and divorce
C18656073,C10055,Litigation
C18656074,C10055,Litigation
C18656075,C10055,Litigation
C18656076,C10055,Litigation
C18656077,C10055,Litigation
C18656078,C10055,Litigation
C18656079,C10055,Litigation
C18656080,C10055,Litigation
C18656080,C10108,Trade and commerce
C18656081,C10055,Litigation
C18656081,C10025,Debt
C18656083,C10055,Litigation
C18656084,C10055,Litigation
C18656084,C10080,Piracy and privateering
C18656085,C10055,Litigation
C18656086,C10055,Litigation
C18656087,C10055,Litigation
C18656088,C10055,Litigation
C18656089,C10055,Litigation
C18656090,C10055,Litigation
C18656091,C10055,Litigation
C18656092,C10055,Litigation
C18656093,C10055,Litigation
C18656093,C10025,Debt
C18656094,C10055,Litigation
C18656095,C10055,Litigation
C18656095,C10025,Debt
C18656096,C10055,Litigation
C18656097,C10055,Litigation
C18656098,C10055,Litigation
C18656099,C10055,Litigation
C18656100,C10055,Litigation
C18656101,C10059,Marriage and divorce
C18656101,C10055,Litigation
C18656102,C10055,Litigation
C18656103,C10055,Litigation
C18656104,C10055,Litigation
C18656105,C10055,Litigation
C18656106,C10055,Litigation
C18656107,C10055,Litigation
C18656108,C10055,Litigation
C18656109,C10055,Litigation
C18656109,C10025,Debt
C18656110,C10055,Litigation
C18656110,C10056,Manors
C18656111,C10055,Litigation
C18656111,C10025,Debt
C18656112,C10055,Litigation
C18656112,C10025,Debt
C18656113,C10055,Litigation
C18656114,C10055,Litigation
C18656115,C10055,Litigation
C18656116,C10055,Litigation
C18656117,C10055,Litigation
C18656118,C10055,Litigation
C18656119,C10055,Litigation
C18656119,C10056,Manors
C18656120,C10055,Litigation
C18656121,C10055,Litigation
C18656121,C10025,Debt
C18656122,C10055,Litigation
C18656123,C10055,Litigation
C18656124,C10055,Litigation
C18656125,C10055,Litigation
C18656126,C10055,Litigation
C18656126,C10036,Farming
C18656127,C10055,Litigation
C18656128,C10055,Litigation
C18656129,C10055,Litigation
C18656129,C10025,Debt
C18656130,C10055,Litigation
C18656130,C10102,Sex and gender
C18656131,C10055,Litigation
C18656132,C10055,Litigation
C18656132,C10025,Debt
C18656133,C10055,Litigation
C18656134,C10055,Litigation
C18656134,C10025,Debt
C18656135,C10055,Litigation
C18656136,C10055,Litigation
C18656137,C10055,Litigation
C18656138,C10055,Litigation
C18656139,C10055,Litigation
C18656139,C10025,Debt
C18656140,C10055,Litigation
C18656140,C10025,Debt
C18656141,C10055,Litigation
C18656141,C10007,Banking
C18656141,C10022,Conveyancing
C18656142,C10055,Litigation
C18656143,C10055,Litigation
C18656144,C10055,Litigation
C18656145,C10055,Litigation
C18656146,C10055,Litigation
C18656147,C10055,Litigation
C18656147,C10076,Pardons
C18656148,C10055,Litigation
C18656149,C10055,Litigation
C18656150,C10055,Litigation
C18656150,C10036,Farming
C18656151,C10055,Litigation
C18656152,C10055,Litigation
C18656153,C10055,Litigation
C18656154,C10055,Litigation
C18656154,C10025,Debt
C18656155,C10055,Litigation
C18656156,C10055,Litigation
C18656157,C10055,Litigation
C18656158,C10055,Litigation
C18656159,C10055,Litigation
C18656159,C10033,Education
C18656160,C10055,Litigation
C18656160,C10025,Debt
C18656161,C10055,Litigation
C18656162,C10055,Litigation
C18656163,C10055,Litigation
C18656163,C10025,Debt
C18656164,C10055,Litigation
C18656164,C10025,Debt
C18656165,C10055,Litigation
C18656165,C10056,Manors
C18656166,C10055,Litigation
C18656166,C10025,Debt
C18656167,C10055,Litigation
C18656167,C10025,Debt
C18656168,C10055,Litigation
C18660806,C10055,Litigation
C18660806,C10056,Manors
C18660807,C10055,Litigation
C18660808,C10055,Litigation
C18660809,C10055,Litigation
C18660809,C10025,Debt
C18660810,C10055,Litigation
C18660810,C10025,Debt
C18660811,C10055,Litigation
C18660811,C10025,Debt
C18660812,C10055,Litigation
C18660813,C10055,Litigation
C18660813,C10056,Manors
C18660814,C10055,Litigation
C18660814,C10025,Debt
C18660815,C10055,Litigation
C18660816,C10055,Litigation
C18660817,C10055,Litigation
C18660818,C10055,Litigation
C18660819,C10055,Litigation
C18660820,C10055,Litigation
C18660820,C10056,Manors
C18660821,C10055,Litigation
C18660822,C10055,Litigation
C18660823,C10055,Litigation
C18660823,C10056,Manors
C18660824,C10055,Litigation
C18660824,C10025,Debt
C18660825,C10055,Litigation
C18660825,C10025,Debt
C18660826,C10055,Litigation
C18660826,C10056,Manors
C18660827,C10055,Litigation
C18660828,C10055,Litigation
C18660829,C10055,Litigation
C18660830,C10055,Litigation
C18660831,C10055,Litigation
C18660832,C10055,Litigation
C18660833,C10055,Litigation
C18660834,C10055,Litigation
C18660834,C10107,Tithes
C18660835,C10055,Litigation
C18660835,C10025,Debt
C18660836,C10055,Litigation
C18660837,C10055,Litigation
C18660838,C10055,Litigation
C18660839,C10055,Litigation
C18660840,C10055,Litigation
C18660841,C10055,Litigation
C18660841,C10025,Debt
C18660841,C10052,Labour
C18660842,C10055,Litigation
C18660843,C10055,Litigation
C18660844,C10055,Litigation
C18660845,C10055,Litigation
C18660846,C10055,Litigation
C18660847,C10055,Litigation
C18660848,C10055,Litigation
C18660849,C10055,Litigation
C18660850,C10055,Litigation
C18660850,C10025,Debt
C18660851,C10055,Litigation
C18660852,C10055,Litigation
C18660852,C10107,Tithes
C18660853,C10055,Litigation
C18660854,C10055,Litigation
C18660854,C10025,Debt
C18660855,C10055,Litigation
C18660856,C10055,Litigation
C18660857,C10055,Litigation
C18660858,C10055,Litigation
C18660859,C10055,Litigation
C18660860,C10055,Litigation
C18660861,C10055,Litigation
C18660862,C10055,Litigation
C18660863,C10055,Litigation
C18660864,C10055,Litigation
C18660864,C10025,Debt
C18660865,C10055,Litigation
C18660866,C10055,Litigation
C18660867,C10055,Litigation
C18660868,C10055,Litigation
C18660869,C10055,Litigation
C18660869,C10025,Debt
C18660870,C10055,Litigation
C18660871,C10055,Litigation
C18660872,C10055,Litigation
C18660873,C10055,Litigation
C18660874,C10055,Litigation
C18660874,C10056,Manors
C18660875,C10055,Litigation
C18660875,C10025,Debt
C18660876,C10055,Litigation
C18660876,C10025,Debt
C18660877,C10055,Litigation
C18660877,C10025,Debt
C18660878,C10055,Litigation
C18660879,C10055,Litigation
C18660879,C10025,Debt
C18660880,C10055,Litigation
C18660881,C10093,Religions
C18660881,C10055,Litigation
C18660882,C10055,Litigation
C18660882,C10056,Manors
C18660883,C10055,Litigation
C18660883,C10036,Farming
C18660884,C10055,Litigation
C18660885,C10055,Litigation
C18660886,C10055,Litigation
C18660887,C10055,Litigation
C18660888,C10055,Litigation
C18660889,C10055,Litigation
C18660890,C10055,Litigation
C18660890,C10025,Debt
C18660891,C10055,Litigation
C18660891,C10025,Debt
C18660892,C10055,Litigation
C18660893,C10055,Litigation
C18660893,C10025,Debt
C18660894,C10055,Litigation
C18660894,C10007,Banking
C18660894,C10022,Conveyancing
C18660895,C10055,Litigation
C18660896,C10055,Litigation
C18660897,C10055,Litigation
C18660898,C10055,Litigation
C18660899,C10055,Litigation
C18660900,C10055,Litigation
C18660901,C10055,Litigation
C18660902,C10055,Litigation
C18660903,C10055,Litigation
C18660904,C10055,Litigation
C18660905,C10055,Litigation
C18660906,C10055,Litigation
C18660907,C10055,Litigation
C18660908,C10055,Litigation
C18660909,C10055,Litigation
C18660910,C10055,Litigation
C18660911,C10055,Litigation
C18660912,C10055,Litigation
C18660913,C10055,Litigation
C18660914,C10055,Litigation
C18660915,C10055,Litigation
C18660916,C10055,Litigation
C18660917,C10055,Litigation
C18660918,C10055,Litigation
C18660919,C10055,Litigation
C18660920,C10055,Litigation
C18660921,C10055,Litigation
C18660922,C10055,Litigation
C18660923,C10055,Litigation
C18660924,C10055,Litigation
C18660925,C10055,Litigation
C18660926,C10055,Litigation
C18660927,C10055,Litigation
C18660928,C10055,Litigation
C18660929,C10055,Litigation
C18660930,C10055,Litigation
C18660930,C10056,Manors
C18660931,C10055,Litigation
C18660932,C10055,Litigation
C18660933,C10055,Litigation
C18660934,C10055,Litigation
C18660935,C10055,Litigation
C18660936,C10023,Crime
C18660936,C10055,Litigation
C18660937,C10055,Litigation
C18660938,C10055,Litigation
C18660939,C10055,Litigation
C18660940,C10055,Litigation
C18660941,C10055,Litigation
C18660941,C10056,Manors
C18660942,C10055,Litigation
C18660943,C10055,Litigation
C18660944,C10055,Litigation
C18660944,C10056,Manors
C18660945,C10055,Litigation
C18660946,C10055,Litigation
C18660947,C10055,Litigation
C18660947,C10025,Debt
C18660948,C10055,Litigation
C18660948,C10025,Debt
C18660949,C10055,Litigation
C18660949,C10025,Debt
C18660950,C10055,Litigation
C18660950,C10072,Navy
C18660950,C10056,Manors
C18660951,C10055,Litigation
C18660951,C10056,Manors
C18660952,C10055,Litigation
C18660953,C10055,Litigation
C18660954,C10055,Litigation
C18660955,C10055,Litigation
C18660956,C10055,Litigation
C18660957,C10055,Litigation
C18660958,C10055,Litigation
C18660958,C10025,Debt
C18660959,C10055,Litigation
C18660960,C10055,Litigation
C18660960,C10056,Manors
C18660961,C10055,Litigation
C18660961,C10025,Debt
C18660962,C10055,Litigation
C18660962,C10025,Debt
C18660963,C10055,Litigation
C18660964,C10055,Litigation
C18660965,C10055,Litigation
C18660966,C10055,Litigation
C18660966,C10025,Debt
C18660967,C10055,Litigation
C18660967,C10025,Debt
C18660967,C10036,Farming
C18660968,C10055,Litigation
C18660968,C10025,Debt
C18660969,C10055,Litigation
C18660969,C10025,Debt
C18660970,C10055,Litigation
C18660971,C10055,Litigation
C18660971,C10036,Farming
C18660972,C10055,Litigation
C18660973,C10055,Litigation
C18660974,C10055,Litigation
C18660975,C10055,Litigation
C18660975,C10025,Debt
C18660976,C10055,Litigation
C18660976,C10025,Debt
C18660977,C10055,Litigation
C18660977,C10025,Debt
C18660978,C10055,Litigation
C18660979,C10055,Litigation
C18660979,C10025,Debt
C18660980,C10055,Litigation
C18660981,C10055,Litigation
C18660982,C10055,Litigation
C18660983,C10055,Litigation
C18660984,C10055,Litigation
C18660985,C10055,Litigation
C18660986,C10055,Litigation
C18660987,C10055,Litigation
C18660988,C10055,Litigation
C18660989,C10055,Litigation
C18660990,C10055,Litigation
C18660991,C10055,Litigation
C18660991,C10056,Manors
C18660992,C10055,Litigation
C18660993,C10055,Litigation
C18660993,C10025,Debt
C18660994,C10055,Litigation
C18660995,C10055,Litigation
C18660996,C10055,Litigation
C18660997,C10055,Litigation
C18660998,C10055,Litigation
C18660999,C10055,Litigation
C18660999,C10025,Debt
C18661000,C10055,Litigation
C18661001,C10055,Litigation
C18661001,C10107,Tithes
C18661002,C10055,Litigation
C18661003,C10055,Litigation
C18661003,C10036,Farming
C18661004,C10055,Litigation
C18661005,C10055,Litigation
C18661006,C10055,Litigation
C18661007,C10055,Litigation
C18661008,C10055,Litigation
C18661009,C10055,Litigation
C18661010,C10055,Litigation
C18661011,C10055,Litigation
C18661012,C10055,Litigation
C18661012,C10025,Debt
C18661013,C10055,Litigation
C18661014,C10055,Litigation
C18661014,C10025,Debt
C18661015,C10055,Litigation
C18661016,C10055,Litigation
C18661017,C10055,Litigation
C18661018,C10055,Litigation
C18661018,C10025,Debt
C18661019,C10055,Litigation
C18661020,C10055,Litigation
C18661021,C10055,Litigation
C18661022,C10039,Food and drink
C18661022,C10055,Litigation
C18661023,C10055,Litigation
C18661024,C10055,Litigation
C18661025,C10055,Litigation
C18661025,C10025,Debt
C18661026,C10055,Litigation
C18661027,C10055,Litigation
C18661027,C10107,Tithes
C18661028,C10055,Litigation
C18661028,C10025,Debt
C18661029,C10055,Litigation
C18661030,C10055,Litigation
C18661031,C10055,Litigation
C18661032,C10055,Litigation
C18661032,C10025,Debt
C18661033,C10055,Litigation
C18661034,C10055,Litigation
C18661035,C10055,Litigation
C18661036,C10055,Litigation
C18661037,C10055,Litigation
C18661037,C10025,Debt
C18661038,C10055,Litigation
C18661039,C10055,Litigation
C18661040,C10055,Litigation
C18661041,C10055,Litigation
C18661041,C10025,Debt
C18661042,C10039,Food and drink
C18661042,C10055,Litigation
C18661043,C10055,Litigation
C18661044,C10055,Litigation
C18661044,C10056,Manors
C18661045,C10055,Litigation
C18661046,C10055,Litigation
C18661047,C10055,Litigation
C18661047,C10025,Debt
C18661048,C10055,Litigation
C18661049,C10055,Litigation
C18661050,C10055,Litigation
C18661051,C10055,Litigation
C18661052,C10055,Litigation
C18661053,C10055,Litigation
C18661054,C10055,Litigation
C18661055,C10055,Litigation
C18661056,C10055,Litigation
C18661057,C10055,Litigation
C18661058,C10055,Litigation
C18661059,C10055,Litigation
C18661059,C10025,Debt
C18661060,C10055,Litigation
C18661061,C10055,Litigation
C18661062,C10055,Litigation
C18661063,C10055,Litigation
C18661064,C10055,Litigation
C18661064,C10056,Manors
C18661065,C10055,Litigation
C18661066,C10055,Litigation
C18661066,C10007,Banking
C18661066,C10022,Conveyancing
C18661067,C10055,Litigation
C18661068,C10055,Litigation
C18661069,C10055,Litigation
C18661070,C10055,Litigation
C18661070,C10056,Manors
C18661071,C10055,Litigation
C18661072,C10055,Litigation
C18661073,C10055,Litigation
C18661074,C10055,Litigation
C18661074,C10025,Debt
C18661075,C10055,Litigation
C18661076,C10055,Litigation
C18661077,C10055,Litigation
C18661078,C10055,Litigation
C18661079,C10055,Litigation
C18661080,C10055,Litigation
C18661081,C10055,Litigation
C18663245,C10055,Litigation
C18663246,C10055,Litigation
C18663247,C10055,Litigation
C18663248,C10055,Litigation
C18663249,C10055,Litigation
C18663250,C10055,Litigation
C18663251,C10055,Litigation
C18663252,C10055,Litigation
C18663253,C10055,Litigation
C18663254,C10055,Litigation
C18663255,C10055,Litigation
C18663256,C10055,Litigation
C18663257,C10055,Litigation
C18663258,C10055,Litigation
C18663259,C10055,Litigation
C18663259,C10056,Manors
C18663260,C10055,Litigation
C18663261,C10055,Litigation
C18663262,C10055,Litigation
C18663264,C10055,Litigation
C18663265,C10055,Litigation
C18663266,C10055,Litigation
C18663267,C10055,Litigation
C18663268,C10055,Litigation
C18663269,C10039,Food and drink
C18663269,C10055,Litigation
C18663270,C10055,Litigation
C18663271,C10055,Litigation
C18663272,C10055,Litigation
C18663273,C10055,Litigation
C18663274,C10055,Litigation
C18663275,C10055,Litigation
C18663276,C10055,Litigation
C18663277,C10055,Litigation
C18663278,C10055,Litigation
C18663279,C10055,Litigation
C18663280,C10055,Litigation
C18663281,C10055,Litigation
C18663282,C10055,Litigation
C18663282,C10025,Debt
C18663283,C10055,Litigation
C18663284,C10055,Litigation
C18663284,C10025,Debt
C18663285,C10055,Litigation
C18663285,C10025,Debt
C18663286,C10055,Litigation
C18663287,C10055,Litigation
C18663288,C10055,Litigation
C18663289,C10055,Litigation
C18663290,C10055,Litigation
C18663291,C10055,Litigation
C18663291,C10056,Manors
C18663292,C10055,Litigation
C18663293,C10055,Litigation
C18663294,C10055,Litigation
C18663295,C10055,Litigation
C18663295,C10056,Manors
C18663295,C10077,Pay and pensions
C18663296,C10055,Litigation
C18663297,C10055,Litigation
C18663298,C10055,Litigation
C18663298,C10056,Manors
C18663299,C10055,Litigation
C18663300,C10055,Litigation
C18663301,C10055,Litigation
C18663301,C10056,Manors
C18663302,C10055,Litigation
C18663303,C10055,Litigation
C18663304,C10055,Litigation
C18663305,C10055,Litigation
C18663305,C10025,Debt
C18663305,C10013,Clothing
C18663306,C10093,Religions
C18663306,C10055,Litigation
C18663306,C10025,Debt
C18663307,C10055,Litigation
C18663307,C10025,Debt
C18663308,C10055,Litigation
C18663309,C10055,Litigation
C18663310,C10055,Litigation
C18663311,C10055,Litigation
C18663311,C10056,Manors
C18663312,C10055,Litigation
C18663313,C10055,Litigation
C18663314,C10055,Litigation
C18663315,C10055,Litigation
C18663316,C10055,Litigation
C18663317,C10055,Litigation
C18663318,C10055,Litigation
C18663319,C10055,Litigation
C18663319,C10025,Debt
C18663320,C10055,Litigation
C18663321,C10055,Litigation
C18663322,C10055,Litigation
C18663323,C10055,Litigation
C18663324,C10055,Litigation
C18663324,C10056,Manors
C18663325,C10055,Litigation
C18663326,C10055,Litigation
C18663327,C10055,Litigation
C18663327,C10025,Debt
C18663328,C10055,Litigation
C18663329,C10055,Litigation
C18663330,C10055,Litigation
C18663331,C10055,Litigation
C18663331,C10007,Banking
C18663331,C10022,Conveyancing
C18663332,C10055,Litigation
C18663333,C10055,Litigation
C18663334,C10055,Litigation
C18663334,C10025,Debt
C18663335,C10055,Litigation
C18663336,C10055,Litigation
C18663336,C10025,Debt
C18663337,C10055,Litigation
C18663338,C10055,Litigation
C18663339,C10055,Litigation
C18663340,C10055,Litigation
C18663341,C10055,Litigation
C18663341,C10025,Debt
C18663342,C10055,Litigation
C18663343,C10055,Litigation
C18663343,C10056,Manors
C18663344,C10055,Litigation
C18663345,C10055,Litigation
C18663346,C10055,Litigation
C18663347,C10055,Litigation
C18663347,C10025,Debt
C18663348,C10055,Litigation
C18663349,C10039,Food and drink
C18663349,C10055,Litigation
C18663350,C10055,Litigation
C18663350,C10025,Debt
C18663351,C10055,Litigation
C18663352,C10055,Litigation
C18663352,C10025,Debt
C18663353,C10055,Litigation
C18663354,C10055,Litigation
C18663354,C10025,Debt
C18663355,C10055,Litigation
C18663356,C10055,Litigation
C18663357,C10055,Litigation
C18663359,C10055,Litigation
C18663360,C10055,Litigation
C18663361,C10055,Litigation
C18663362,C10055,Litigation
C18663363,C10055,Litigation
C18663364,C10055,Litigation
C18663365,C10055,Litigation
C18663367,C10055,Litigation
C18663368,C10055,Litigation
C18663369,C10055,Litigation
C18663370,C10055,Litigation
C18663371,C10055,Litigation
C18663372,C10055,Litigation
C18663372,C10056,Manors
C18663373,C10055,Litigation
C18663374,C10055,Litigation
C18663375,C10055,Litigation
C18663376,C10055,Litigation
C18663377,C10055,Litigation
C18663378,C10055,Litigation
C18663379,C10055,Litigation
C18663380,C10055,Litigation
C18663381,C10055,Litigation
C18663381,C10036,Farming
C18663382,C10055,Litigation
C18663383,C10055,Litigation
C18663383,C10036,Farming
C18663384,C10055,Litigation
C18663384,C10025,Debt
C18663385,C10055,Litigation
C18663385,C10025,Debt
C18663386,C10055,Litigation
C18663387,C10055,Litigation
C18663387,C10056,Manors
C18663388,C10055,Litigation
C18663389,C10055,Litigation
C18663390,C10055,Litigation
C18663391,C10055,Litigation
C18663391,C10056,Manors
C18663392,C10055,Litigation
C18663393,C10055,Litigation
C18663394,C10055,Litigation
C18663395,C10055,Litigation
C18663396,C10131,Europe and Russia
C18663396,C10055,Litigation
C18663396,C10025,Debt
C18663397,C10055,Litigation
C18663398,C10055,Litigation
C18663399,C10055,Litigation
C18663400,C10055,Litigation
C18663400,C10056,Manors
C18663401,C10055,Litigation
C18663401,C10056,Manors
C18663402,C10055,Litigation
C18663403,C10055,Litigation
C18663403,C10025,Debt
C18663404,C10055,Litigation
C18663404,C10125,Americas
C18663405,C10055,Litigation
C18663406,C10055,Litigation
C18663407,C10055,Litigation
C18663408,C10055,Litigation
C18663409,C10055,Litigation
C18663409,C10056,Manors
C18663410,C10055,Litigation
C18663411,C10055,Litigation
C18663412,C10055,Litigation
C18663412,C10025,Debt
C18663412,C10085,Prisons
C18663413,C10055,Litigation
C18663414,C10055,Litigation
C18663414,C10085,Prisons
C18663415,C10055,Litigation
C18663415,C10077,Pay and pensions
C18663416,C10055,Litigation
C18663416,C10056,Manors
C18663417,C10055,Litigation
C18663418,C10055,Litigation
C18663418,C10056,Manors
C18663419,C10055,Litigation
C18663419,C10056,Manors
C18663419,C10077,Pay and pensions
C18663420,C10055,Litigation
C18663421,C10055,Litigation
C18663421,C10056,Manors
C18663422,C10055,Litigation
C18663423,C10055,Litigation
C18663424,C10055,Litigation
C18663425,C10055,Litigation
C18663426,C10055,Litigation
C18663427,C10055,Litigation
C18663428,C10055,Litigation
C18663429,C10055,Litigation
C18663429,C10056,Manors
C18663430,C10055,Litigation
C18663431,C10055,Litigation
C18663432,C10055,Litigation
C18663432,C10025,Debt
C18663433,C10055,Litigation
C18663434,C10055,Litigation
C18663435,C10055,Litigation
C18663436,C10055,Litigation
C18663437,C10055,Litigation
C18663438,C10055,Litigation
C18663438,C10040,Forestry
C18663439,C10055,Litigation
C18663439,C10025,Debt
C18663440,C10055,Litigation
C18663440,C10025,Debt
C18663441,C10055,Litigation
C18663442,C10055,Litigation
C18663442,C10056,Manors
C18663443,C10055,Litigation
C18663444,C10055,Litigation
C18666542,C10055,Litigation
C18666543,C10055,Litigation
C18666544,C10055,Litigation
C18666545,C10055,Litigation
C18666546,C10055,Litigation
C18666547,C10055,Litigation
C18666548,C10055,Litigation
C18666549,C10055,Litigation
C18666550,C10055,Litigation
C18666551,C10055,Litigation
C18666551,C10107,Tithes
C18666552,C10055,Litigation
C18666553,C10055,Litigation
C18666553,C10025,Debt
C18666554,C10055,Litigation
C18666555,C10055,Litigation
C18666556,C10055,Litigation
C18666557,C10055,Litigation
C18666558,C10055,Litigation
C18666559,C10055,Litigation
C18666560,C10055,Litigation
C18666561,C10055,Litigation
C18666562,C10055,Litigation
C18666562,C10056,Manors
C18666563,C10055,Litigation
C18666563,C10025,Debt
C18666564,C10055,Litigation
C18666565,C10055,Litigation
C18666566,C10055,Litigation
C18666567,C10055,Litigation
C18666568,C10055,Litigation
C18666569,C10055,Litigation
C18666569,C10025,Debt
C18666569,C10007,Banking
C18666569,C10022,Conveyancing
C18666570,C10055,Litigation
C18666571,C10055,Litigation
C18666572,C10055,Litigation
C18666573,C10055,Litigation
C18666574,C10055,Litigation
C18666575,C10055,Litigation
C18666576,C10055,Litigation
C18666578,C10055,Litigation
C18666579,C10055,Litigation
C18666579,C10056,Manors
C18666580,C10055,Litigation
C18666581,C10055,Litigation
C18666582,C10055,Litigation
C18666583,C10055,Litigation
C18666584,C10055,Litigation
C18666584,C10056,Manors
C18666585,C10055,Litigation
C18666586,C10055,Litigation
C18666586,C10025,Debt
C18666587,C10055,Litigation
C18666587,C10025,Debt
C18666588,C10055,Litigation
C18666589,C10055,Litigation
C18666590,C10055,Litigation
C18666591,C10059,Marriage and divorce
C18666591,C10055,Litigation
C18666592,C10055,Litigation
C18666593,C10055,Litigation
C18666593,C10025,Debt
C18666594,C10055,Litigation
C18666594,C10036,Farming
C18666595,C10055,Litigation
C18666596,C10055,Litigation
C18666596,C10025,Debt
C18666597,C10055,Litigation
C18666598,C10055,Litigation
C18666599,C10055,Litigation
C18666600,C10055,Litigation
C18666601,C10055,Litigation
C18666602,C10055,Litigation
C18666603,C10055,Litigation
C18666604,C10055,Litigation
C18666604,C10025,Debt
C18666605,C10055,Litigation
C18666606,C10055,Litigation
C18666607,C10055,Litigation
C18666608,C10055,Litigation
C18666608,C10025,Debt
C18666609,C10055,Litigation
C18666610,C10055,Litigation
C18666611,C10055,Litigation
C18666612,C10055,Litigation
C18666613,C10055,Litigation
C18666613,C10056,Manors
C18666614,C10055,Litigation
C18666615,C10055,Litigation
C18666616,C10055,Litigation
C18666616,C10107,Tithes
C18666617,C10055,Litigation
C18666618,C10055,Litigation
C18666619,C10055,Litigation
C18666620,C10055,Litigation
C18666621,C10055,Litigation
C18666622,C10055,Litigation
C18666623,C10055,Litigation
C18666624,C10055,Litigation
C18666624,C10025,Debt
C18666625,C10055,Litigation
C18666626,C10055,Litigation
C18666627,C10055,Litigation
C18666627,C10056,Manors
C18666628,C10055,Litigation
C18666629,C10055,Litigation
C18666629,C10025,Debt
C18666630,C10055,Litigation
C18666631,C10055,Litigation
C18666631,C10056,Manors
C18666632,C10055,Litigation
C18666633,C10055,Litigation
C18666634,C10055,Litigation
C18666635,C10055,Litigation
C18666635,C10036,Farming
C18666636,C10055,Litigation
C18666637,C10055,Litigation
C18666637,C10056,Manors
C18666638,C10055,Litigation
C18666639,C10055,Litigation
C18666640,C10055,Litigation
C18666641,C10055,Litigation
C18666642,C10055,Litigation
C18666643,C10055,Litigation
C18666644,C10055,Litigation
C18666644,C10056,Manors
C18666645,C10055,Litigation
C18666646,C10055,Litigation
C18666647,C10055,Litigation
C18666648,C10055,Litigation
C18666649,C10055,Litigation
C18666650,C10055,Litigation
C18666651,C10059,Marriage and divorce
C18666651,C10055,Litigation
C18666652,C10055,Litigation
C18666653,C10055,Litigation
C18666654,C10055,Litigation
C18666655,C10055,Litigation
C18666656,C10055,Litigation
C18666656,C10056,Manors
C18666657,C10055,Litigation
C18666658,C10055,Litigation
C18666658,C10025,Debt
C18666659,C10055,Litigation
C18666659,C10056,Manors
C18666660,C10055,Litigation
C18666661,C10055,Litigation
C18666661,C10056,Manors
C18666662,C10055,Litigation
C18666663,C10055,Litigation
C18666664,C10055,Litigation
C18666665,C10055,Litigation
C18666666,C10055,Litigation
C18666667,C10055,Litigation
C18666668,C10055,Litigation
C18666669,C10055,Litigation
C18666670,C10055,Litigation
C18666671,C10055,Litigation
C18666672,C10055,Litigation
C18666673,C10055,Litigation
C18666674,C10055,Litigation
C18666675,C10055,Litigation
C18666676,C10055,Litigation
C18666676,C10036,Farming
C18666677,C10055,Litigation
C18666677,C10056,Manors
C18666678,C10055,Litigation
C18666679,C10055,Litigation
C18666680,C10055,Litigation
C18666681,C10055,Litigation
C18666682,C10055,Litigation
C18666683,C10055,Litigation
C18666684,C10055,Litigation
C18666685,C10055,Litigation
C18666686,C10055,Litigation
C18666686,C10056,Manors
C18666687,C10055,Litigation
C18666688,C10055,Litigation
C18666689,C10055,Litigation
C18666690,C10055,Litigation
C18666691,C10055,Litigation
C18666692,C10055,Litigation
C18666692,C10025,Debt
C18666693,C10055,Litigation
C18666694,C10055,Litigation
C18666694,C10056,Manors
C18666695,C10055,Litigation
C18666695,C10056,Manors
C18666696,C10055,Litigation
C18666696,C10007,Banking
C18666696,C10022,Conveyancing
C18666697,C10055,Litigation
C18666698,C10055,Litigation
C18666699,C10055,Litigation
C18666700,C10055,Litigation
C18666701,C10059,Marriage and divorce
C18666701,C10055,Litigation
C18666701,C10077,Pay and pensions
C18666702,C10055,Litigation
C18666703,C10055,Litigation
C18666704,C10055,Litigation
C18666705,C10055,Litigation
C18666706,C10055,Litigation
C18666707,C10055,Litigation
C18666708,C10055,Litigation
C18666708,C10056,Manors
C18666709,C10055,Litigation
C18666710,C10055,Litigation
C18666711,C10055,Litigation
C18666712,C10059,Marriage and divorce
C18666712,C10055,Litigation
C18666713,C10055,Litigation
C18666714,C10055,Litigation
C18666714,C10056,Manors
C18666715,C10055,Litigation
C18666715,C10025,Debt
C18666716,C10055,Litigation
C18666717,C10055,Litigation
C18666717,C10025,Debt
C18666718,C10055,Litigation
C18666719,C10055,Litigation
C18666720,C10055,Litigation
C18666721,C10055,Litigation
C18666722,C10055,Litigation
C18666723,C10055,Litigation
C18666724,C10055,Litigation
C18666725,C10055,Litigation
C18666725,C10107,Tithes
C18666727,C10055,Litigation
C18666728,C10055,Litigation
C18666729,C10055,Litigation
C18666730,C10055,Litigation
C18666730,C10107,Tithes
C18666731,C10055,Litigation
C18666732,C10055,Litigation
C18666732,C10036,Farming
C18666733,C10059,Marriage and divorce
C18666733,C10055,Litigation
C18666734,C10055,Litigation
C18666735,C10055,Litigation
C18666736,C10055,Litigation
C18666737,C10055,Litigation
C18666738,C10055,Litigation
C18666739,C10055,Litigation
C18666739,C10036,Farming
C18666740,C10055,Litigation
C18666741,C10055,Litigation
C18666741,C10013,Clothing
C18669758,C10055,Litigation
C18669759,C10055,Litigation
C18669760,C10055,Litigation
C18669760,C10056,Manors
C18669761,C10055,Litigation
C18669762,C10055,Litigation
C18669763,C10055,Litigation
C18669764,C10055,Litigation
C18669765,C10055,Litigation
C18669766,C10055,Litigation
C18669767,C10055,Litigation
C18669768,C10055,Litigation
C18669769,C10055,Litigation
C18669770,C10055,Litigation
C18669771,C10055,Litigation
C18669772,C10055,Litigation
C18669772,C10036,Farming
C18669773,C10055,Litigation
C18669774,C10093,Religions
C18669774,C10055,Litigation
C18669775,C10055,Litigation
C18669775,C10025,Debt
C18669776,C10055,Litigation
C18669776,C10025,Debt
C18669777,C10055,Litigation
C18669778,C10055,Litigation
C18669779,C10055,Litigation
C18669780,C10055,Litigation
C18669780,C10025,Debt
C18669781,C10055,Litigation
C18669782,C10055,Litigation
C18669783,C10055,Litigation
C18669784,C10055,Litigation
C18669785,C10055,Litigation
C18669786,C10055,Litigation
C18669786,C10025,Debt
C18669787,C10055,Litigation
C18669788,C10055,Litigation
C18669788,C10036,Farming
C18669789,C10055,Litigation
C18669790,C10055,Litigation
C18669790,C10025,Debt
C18669791,C10055,Litigation
C18669792,C10055,Litigation
C18669793,C10055,Litigation
C18669794,C10055,Litigation
C18669795,C10055,Litigation
C18669796,C10055,Litigation
C18669796,C10025,Debt
C18669797,C10055,Litigation
C18669797,C10108,Trade and commerce
C18669798,C10055,Litigation
C18669799,C10055,Litigation
C18669800,C10055,Litigation
C18669800,C10025,Debt
C18669802,C10055,Litigation
C18669802,C10056,Manors
C18669803,C10055,Litigation
C18669804,C10055,Litigation
C18669805,C10055,Litigation
C18669806,C10055,Litigation
C18669807,C10055,Litigation
C18669808,C10055,Litigation
C18669808,C10025,Debt
C18669809,C10055,Litigation
C18669810,C10055,Litigation
C18669811,C10055,Litigation
C18669812,C10055,Litigation
C18669813,C10055,Litigation
C18669814,C10055,Litigation
C18669815,C10055,Litigation
C18669815,C10025,Debt
C18669816,C10055,Litigation
C18669816,C10056,Manors
C18669817,C10055,Litigation
C18669818,C10055,Litigation
C18669819,C10055,Litigation
C18669820,C10055,Litigation
C18669820,C10025,Debt
C18669821,C10055,Litigation
C18669822,C10055,Litigation
C18669822,C10056,Manors
C18669823,C10055,Litigation
C18669823,C10007,Banking
C18669823,C10022,Conveyancing
C18669823,C10036,Farming
C18669824,C10055,Litigation
C18669825,C10055,Litigation
C18669825,C10025,Debt
C18669826,C10055,Litigation
C18669827,C10055,Litigation
C18669827,C10056,Manors
C18669828,C10055,Litigation
C18669829,C10055,Litigation
C18669830,C10055,Litigation
C18669831,C10055,Litigation
C18669832,C10055,Litigation
C18669833,C10055,Litigation
C18669833,C10025,Debt
C18669833,C10056,Manors
C18669834,C10055,Litigation
C18669835,C10055,Litigation
C18669836,C10055,Litigation
C18669837,C10131,Europe and Russia
C18669837,C10055,Litigation
C18669838,C10055,Litigation
C18669839,C10055,Litigation
C18669839,C10056,Manors
C18669840,C10055,Litigation
C18669841,C10055,Litigation
C18669841,C10025,Debt
C18669842,C10055,Litigation
C18669842,C10025,Debt
C18669843,C10055,Litigation
C18669843,C10036,Farming
C18669844,C10055,Litigation
C18669845,C10055,Litigation
C18669845,C10025,Debt
C18669846,C10055,Litigation
C18669847,C10055,Litigation
C18669848,C10055,Litigation
C18669849,C10055,Litigation
C18669850,C10055,Litigation
C18669851,C10055,Litigation
C18669852,C10055,Litigation
C18669852,C10025,Debt
C18669853,C10055,Litigation
C18669853,C10056,Manors
C18669854,C10059,Marriage and divorce
C18669854,C10055,Litigation
C18669855,C10055,Litigation
C18669856,C10055,Litigation
C18669857,C10055,Litigation
C18669858,C10055,Litigation
C18669858,C10025,Debt
C18669859,C10055,Litigation
C18669860,C10055,Litigation
C18669861,C10055,Litigation
C18669862,C10055,Litigation
C18669863,C10055,Litigation
C18669864,C10055,Litigation
C18669864,C10025,Debt
C18669865,C10055,Litigation
C18669865,C10056,Manors
C18669866,C10055,Litigation
C18669867,C10055,Litigation
C18669868,C10055,Litigation
C18669869,C10055,Litigation
C18669870,C10055,Litigation
C18669870,C10056,Manors
C18669871,C10055,Litigation
C18669872,C10055,Litigation
C18669873,C10055,Litigation
C18669874,C10055,Litigation
C18672938,C10055,Litigation
C18672939,C10055,Litigation
C18672940,C10055,Litigation
C18672941,C10055,Litigation
C18672942,C10055,Litigation
C18672943,C10055,Litigation
C18672944,C10055,Litigation
C18672945,C10055,Litigation
C18672945,C10025,Debt
C18672946,C10055,Litigation
C18672947,C10055,Litigation
C18672947,C10025,Debt
C18672948,C10055,Litigation
C18672948,C10025,Debt
C18672949,C10055,Litigation
C18672950,C10055,Litigation
C18672951,C10055,Litigation
C18672952,C10055,Litigation
C18672954,C10055,Litigation
C18672955,C10055,Litigation
C18672956,C10055,Litigation
C18672956,C10056,Manors
C18672957,C10055,Litigation
C18672958,C10055,Litigation
C18672959,C10055,Litigation
C18672959,C10056,Manors
C18672960,C10055,Litigation
C18672961,C10055,Litigation
C18672961,C10056,Manors
C18672962,C10055,Litigation
C18672962,C10056,Manors
C18672963,C10055,Litigation
C18672963,C10025,Debt
C18672964,C10055,Litigation
C18672965,C10055,Litigation
C18672966,C10055,Litigation
C18672967,C10055,Litigation
C18672968,C10055,Litigation
C18672969,C10055,Litigation
C18672970,C10131,Europe and Russia
C18672970,C10055,Litigation
C18672971,C10055,Litigation
C18672971,C10056,Manors
C18672972,C10055,Litigation
C18672973,C10055,Litigation
C18672974,C10055,Litigation
C18672975,C10055,Litigation
C18672976,C10055,Litigation
C18672977,C10055,Litigation
C18672978,C10055,Litigation
C18672979,C10055,Litigation
C18672980,C10055,Litigation
C18672981,C10055,Litigation
C18672982,C10055,Litigation
C18672982,C10056,Manors
C18672983,C10131,Europe and Russia
C18672983,C10055,Litigation
C18672983,C10025,Debt
C18672984,C10055,Litigation
C18672985,C10055,Litigation
C18672986,C10055,Litigation
C18672986,C10056,Manors
C18672987,C10055,Litigation
C18672988,C10055,Litigation
C18672989,C10055,Litigation
C18672989,C10056,Manors
C18672990,C10055,Litigation
C18672991,C10055,Litigation
C18672992,C10059,Marriage and divorce
C18672992,C10055,Litigation
C18672992,C10013,Clothing
C18672993,C10055,Litigation
C18672993,C10025,Debt
C18672994,C10055,Litigation
C18672994,C10013,Clothing
C18672995,C10055,Litigation
C18672996,C10055,Litigation
C18672997,C10055,Litigation
C18672998,C10055,Litigation
C18672999,C10055,Litigation
C18673000,C10055,Litigation
C18673001,C10055,Litigation
C18673002,C10055,Litigation
C18673003,C10055,Litigation
C18673004,C10055,Litigation
C18673005,C10055,Litigation
C18673006,C10055,Litigation
C18673007,C10055,Litigation
C18673008,C10055,Litigation
C18673009,C10055,Litigation
C18673010,C10055,Litigation
C18673011,C10055,Litigation
C18673012,C10055,Litigation
C18673012,C10056,Manors
C18673013,C10055,Litigation
C18673013,C10056,Manors
C18673014,C10055,Litigation
C18673015,C10055,Litigation
C18673016,C10055,Litigation
C18673017,C10055,Litigation
C18673017,C10025,Debt
C18673018,C10055,Litigation
C18673019,C10055,Litigation
C18673020,C10055,Litigation
C18673021,C10055,Litigation
C18673022,C10055,Litigation
C18673022,C10036,Farming
C18673023,C10055,Litigation
C18673024,C10055,Litigation
C18673025,C10055,Litigation
C18673026,C10055,Litigation
C18673027,C10055,Litigation
C18673028,C10055,Litigation
C18673029,C10055,Litigation
C18673030,C10055,Litigation
C18673030,C10025,Debt
C18673031,C10055,Litigation
C18673032,C10055,Litigation
C18673033,C10055,Litigation
C18673034,C10055,Litigation
C18673035,C10055,Litigation
C18673036,C10055,Litigation
C18673037,C10055,Litigation
C18673038,C10055,Litigation
C18673039,C10055,Litigation
C18673040,C10055,Litigation
C18673040,C10025,Debt
C18673041,C10055,Litigation
C18673042,C10055,Litigation
C18673043,C10055,Litigation
C18673044,C10055,Litigation
C18673044,C10025,Debt
C18673045,C10055,Litigation
C18673045,C10025,Debt
C18673046,C10055,Litigation
C18673046,C10025,Debt
C18673047,C10055,Litigation
C18673048,C10055,Litigation
C18673049,C10055,Litigation
C18673050,C10055,Litigation
C18673051,C10055,Litigation
C18673051,C10056,Manors
C18673052,C10055,Litigation
C18673053,C10055,Litigation
C18673054,C10055,Litigation
C18673055,C10055,Litigation
C18673055,C10056,Manors
C18673056,C10055,Litigation
C18673057,C10055,Litigation
C18673058,C10055,Litigation
C18673059,C10055,Litigation
C18673060,C10055,Litigation
C18673061,C10055,Litigation
C18673062,C10055,Litigation
C18673063,C10055,Litigation
C18673063,C10025,Debt
C18673064,C10055,Litigation
C18673065,C10055,Litigation
C18673066,C10055,Litigation
C18673067,C10055,Litigation
C18673068,C10055,Litigation
C18673068,C10025,Debt
C18673069,C10055,Litigation
C18673069,C10025,Debt
C18673070,C10055,Litigation
C18673071,C10055,Litigation
C18673072,C10055,Litigation
C18673073,C10055,Litigation
C18673074,C10055,Litigation
C18673075,C10055,Litigation
C18673075,C10025,Debt
C18673076,C10055,Litigation
C18673077,C10055,Litigation
C18673078,C10055,Litigation
C18673079,C10055,Litigation
C18673080,C10055,Litigation
C18673081,C10055,Litigation
C18673082,C10059,Marriage and divorce
C18673082,C10055,Litigation
C18673082,C10056,Manors
C18673083,C10055,Litigation
C18673084,C10055,Litigation
C18673084,C10025,Debt
C18673085,C10055,Litigation
C18673086,C10055,Litigation
C18673087,C10055,Litigation
C18673088,C10055,Litigation
C18673089,C10055,Litigation
C18673090,C10055,Litigation
C18673090,C10056,Manors
C18673091,C10055,Litigation
C18673091,C10056,Manors
C18673092,C10055,Litigation
C18673092,C10056,Manors
C18673093,C10055,Litigation
C18673094,C10055,Litigation
C18673094,C10077,Pay and pensions
C18673095,C10055,Litigation
C18673096,C10055,Litigation
C18673097,C10005,"Art, architecture and design"
C18673097,C10055,Litigation
C18673098,C10055,Litigation
C18673099,C10055,Litigation
C18673100,C10055,Litigation
C18673101,C10055,Litigation
C18673102,C10055,Litigation
C18673103,C10055,Litigation
C18673103,C10025,Debt
C18673104,C10055,Litigation
C18673105,C10055,Litigation
C18673106,C10055,Litigation
C18673106,C10056,Manors
C18673107,C10055,Litigation
C18673108,C10055,Litigation
C18673109,C10055,Litigation
C18673110,C10055,Litigation
C18673111,C10055,Litigation
C18673112,C10055,Litigation
C18673113,C10055,Litigation
C18673114,C10055,Litigation
C18673115,C10055,Litigation
C18673116,C10055,Litigation
C18673117,C10055,Litigation
C18673118,C10055,Litigation
C18673119,C10055,Litigation
C18673120,C10055,Litigation
C18673121,C10055,Litigation
C18673122,C10055,Litigation
C18673123,C10055,Litigation
C18673124,C10055,Litigation
C18673124,C10056,Manors
C18673125,C10055,Litigation
C18673125,C10107,Tithes
C18673126,C10055,Litigation
C18673127,C10055,Litigation
C18673127,C10056,Manors
C18673128,C10055,Litigation
C18673128,C10025,Debt
C18673129,C10055,Litigation
C18673130,C10055,Litigation
C18673130,C10107,Tithes
C18673130,C10036,Farming
C18673131,C10055,Litigation
C18673131,C10025,Debt
C18673132,C10055,Litigation
C18673132,C10025,Debt
C18673133,C10055,Litigation
C18673134,C10055,Litigation
C18673134,C10056,Manors
C18673135,C10055,Litigation
C18673136,C10055,Litigation
C18673137,C10055,Litigation
C18673137,C10056,Manors
C18673138,C10055,Litigation
C18673139,C10055,Litigation
C18673139,C10056,Manors
C18673140,C10055,Litigation
C18673140,C10025,Debt
C18673141,C10055,Litigation
C18673142,C10055,Litigation
C18673143,C10055,Litigation
C18673144,C10055,Litigation
C18673144,C10108,Trade and commerce
C18673144,C10025,Debt
C18673145,C10055,Litigation
C18673145,C10025,Debt
C18673146,C10055,Litigation
C18673147,C10055,Litigation
C18673147,C10056,Manors
C18673148,C10055,Litigation
C18673149,C10055,Litigation
C18673150,C10055,Litigation
C18673150,C10007,Banking
C18673150,C10022,Conveyancing
C18673151,C10055,Litigation
C18673152,C10055,Litigation
C18673152,C10025,Debt
C18673153,C10055,Litigation
C18673153,C10025,Debt
C18673154,C10055,Litigation
C18673155,C10055,Litigation
C18673156,C10055,Litigation
C18673157,C10055,Litigation
C18673158,C10055,Litigation
C18673159,C10055,Litigation
C18673159,C10056,Manors
C18673160,C10055,Litigation
C18673161,C10055,Litigation
C18673162,C10055,Litigation
C18673163,C10055,Litigation
C18673164,C10055,Litigation
C18673164,C10056,Manors
C18673165,C10055,Litigation
C18673166,C10055,Litigation
C18673166,C10056,Manors
C18673167,C10055,Litigation
C18673167,C10025,Debt
C18673168,C10059,Marriage and divorce
C18673168,C10055,Litigation
C18673169,C10055,Litigation
C18673169,C10025,Debt
C18673170,C10055,Litigation
C18673171,C10055,Litigation
C18673172,C10055,Litigation
C18673172,C10056,Manors
C18673173,C10055,Litigation
C18673174,C10055,Litigation
C18673175,C10055,Litigation
C18673176,C10055,Litigation
C18673177,C10055,Litigation
C18673178,C10055,Litigation
C18673179,C10055,Litigation
C18673179,C10056,Manors
C18673180,C10055,Litigation
C18673180,C10056,Manors
C18673181,C10055,Litigation
C18673182,C10055,Litigation
C18673183,C10055,Litigation
C18673184,C10055,Litigation
C18673185,C10055,Litigation
C18673186,C10055,Litigation
C18673187,C10055,Litigation
C18673187,C10025,Debt
C18673188,C10055,Litigation
C18673189,C10055,Litigation
C18673190,C10055,Litigation
C18673191,C10055,Litigation
C18673191,C10052,Labour
C18673192,C10055,Litigation
C18673193,C10055,Litigation
C18673193,C10056,Manors
C18673194,C10055,Litigation
C18673195,C10055,Litigation
C18673196,C10055,Litigation
C18673197,C10055,Litigation
C18673198,C10055,Litigation
C18673199,C10055,Litigation
C18673200,C10055,Litigation
C18673201,C10055,Litigation
C18673202,C10055,Litigation
C18673203,C10055,Litigation
C18673203,C10025,Debt
C18673204,C10055,Litigation
C18673205,C10055,Litigation
C18673206,C10055,Litigation
C18673207,C10055,Litigation
C18673208,C10055,Litigation
C18673209,C10055,Litigation
C18673209,C10107,Tithes
C18673210,C10055,Litigation
C18673211,C10055,Litigation
C18673212,C10055,Litigation
C18673213,C10055,Litigation
C18673213,C10107,Tithes
C18673214,C10055,Litigation
C18673214,C10056,Manors
C18673215,C10055,Litigation
C18673216,C10055,Litigation
C18673217,C10055,Litigation
C18673218,C10055,Litigation
C18673219,C10055,Litigation
C18673220,C10055,Litigation
C18673220,C10036,Farming
C18673221,C10055,Litigation
C18673221,C10040,Forestry
C18673222,C10055,Litigation
C18673223,C10055,Litigation
C18673224,C10055,Litigation
C18673224,C10056,Manors
C18673225,C10055,Litigation
C18673226,C10055,Litigation
C18673226,C10056,Manors
C18673227,C10055,Litigation
C18673228,C10055,Litigation
C18673228,C10056,Manors
C18673229,C10055,Litigation
C18673230,C10055,Litigation
C18673231,C10055,Litigation
C18673231,C10025,Debt
C18673232,C10055,Litigation
C18673232,C10107,Tithes
C18673233,C10055,Litigation
C18673233,C10056,Manors
C18673234,C10055,Litigation
C18673235,C10055,Litigation
C18673236,C10055,Litigation
C18673237,C10055,Litigation
C18673238,C10055,Litigation
C18673239,C10055,Litigation
C18673240,C10055,Litigation
C18673241,C10055,Litigation
C18673241,C10041,Freemasons
C18673242,C10055,Litigation
C18673242,C10056,Manors
C18673243,C10055,Litigation
C18673243,C10025,Debt
C18673244,C10055,Litigation
C18673245,C10055,Litigation
C18673246,C10055,Litigation
C18673247,C10055,Litigation
C18673248,C10055,Litigation
C18673249,C10055,Litigation
C18673249,C10025,Debt
C18673250,C10055,Litigation
C18673250,C10056,Manors
C18673251,C10055,Litigation
C18673251,C10025,Debt
C18673252,C10055,Litigation
C18673253,C10055,Litigation
C18673253,C10056,Manors
C18673254,C10055,Litigation
C18673255,C10055,Litigation
C18673256,C10055,Litigation
C18673257,C10055,Litigation
C18673257,C10025,Debt
C18673258,C10055,Litigation
C18673258,C10108,Trade and commerce
C18673259,C10055,Litigation
C18673260,C10055,Litigation
C18673261,C10055,Litigation
C18673262,C10055,Litigation
C18673262,C10056,Manors
C18673263,C10055,Litigation
C18673263,C10107,Tithes
C18673264,C10055,Litigation
C18673264,C10056,Manors
C18673265,C10055,Litigation
C18673266,C10055,Litigation
C18673266,C10056,Manors
C18673267,C10055,Litigation
C18673268,C10055,Litigation
C18673269,C10055,Litigation
C18673269,C10056,Manors
C18673270,C10055,Litigation
C18673270,C10025,Debt
C18673271,C10055,Litigation
C18673271,C10108,Trade and commerce
C18673272,C10055,Litigation
C18673273,C10055,Litigation
C18673274,C10055,Litigation
C18673275,C10055,Litigation
C18673276,C10055,Litigation
C18673277,C10055,Litigation
C18673278,C10055,Litigation
C18673279,C10055,Litigation
C18673280,C10055,Litigation
C18673281,C10055,Litigation
C18673282,C10055,Litigation
C18673283,C10059,Marriage and divorce
C18673283,C10055,Litigation
C18673284,C10055,Litigation
C18673285,C10055,Litigation
C18673285,C10036,Farming
C18673286,C10055,Litigation
C18673287,C10055,Litigation
C18673288,C10055,Litigation
C18673289,C10055,Litigation
C18673289,C10056,Manors
C18673290,C10055,Litigation
C18673290,C10025,Debt
C18673291,C10055,Litigation
C18673292,C10055,Litigation
C18673293,C10055,Litigation
C18673294,C10055,Litigation
C18673295,C10055,Litigation
C18673296,C10055,Litigation
C18673296,C10025,Debt
C18673297,C10055,Litigation
C18673298,C10055,Litigation
C18673299,C10055,Litigation
C18673300,C10055,Litigation
C18673301,C10055,Litigation
C18673302,C10055,Litigation
C18673303,C10055,Litigation
C18673303,C10025,Debt
C18673304,C10055,Litigation
C18673305,C10055,Litigation
C18673306,C10059,Marriage and divorce
C18673306,C10055,Litigation
C18673307,C10055,Litigation
C18673308,C10055,Litigation
C18673309,C10055,Litigation
C18673310,C10055,Litigation
C18673311,C10055,Litigation
C18673311,C10036,Farming
C18673312,C10055,Litigation
C18673312,C10025,Debt
C18673313,C10055,Litigation
C18673314,C10055,Litigation
C18673315,C10055,Litigation
C18673315,C10033,Education
C18673316,C10055,Litigation
C18673317,C10055,Litigation
C18673318,C10055,Litigation
C18673319,C10055,Litigation
C18673319,C10025,Debt
C18673320,C10055,Litigation
C18673320,C10056,Manors
C18673321,C10055,Litigation
C18673321,C10056,Manors
C18673322,C10055,Litigation
C18673323,C10055,Litigation
C18673324,C10055,Litigation
C18673324,C10056,Manors
C18673325,C10055,Litigation
C18673326,C10055,Litigation
C18673326,C10025,Debt
C18673327,C10055,Litigation
C18673328,C10055,Litigation
C18673329,C10055,Litigation
C18673329,C10056,Manors
C18673330,C10055,Litigation
C18673331,C10055,Litigation
C18673331,C10025,Debt
C18673332,C10055,Litigation
C18673333,C10055,Litigation
C18673334,C10055,Litigation
C18673334,C10025,Debt
C18673335,C10055,Litigation
C18673335,C10056,Manors
C18673336,C10055,Litigation
C18673336,C10025,Debt
C18673337,C10055,Litigation
C18673338,C10055,Litigation
C18673339,C10055,Litigation
C18673339,C10056,Manors
C18673340,C10055,Litigation
C18673341,C10055,Litigation
C18673342,C10055,Litigation
C18673343,C10055,Litigation
C18673344,C10055,Litigation
C18673345,C10055,Litigation
C18673346,C10055,Litigation
C18673347,C10055,Litigation
C18673348,C10055,Litigation
C18673349,C10055,Litigation
C18673350,C10055,Litigation
C18673351,C10055,Litigation
C18673352,C10055,Litigation
C18673352,C10056,Manors
C18673353,C10055,Litigation
C18673354,C10055,Litigation
C18673355,C10055,Litigation
C18673356,C10055,Litigation
C18673357,C10055,Litigation
C18673358,C10055,Litigation
C18673359,C10055,Litigation
C18673360,C10055,Litigation
C18673361,C10055,Litigation
C18673362,C10055,Litigation
C18673363,C10055,Litigation
C18673364,C10055,Litigation
C18673364,C10056,Manors
C18673365,C10055,Litigation
C18673366,C10055,Litigation
C18673366,C10025,Debt
C18673367,C10055,Litigation
C18673368,C10055,Litigation
C18673368,C10107,Tithes
C18673369,C10055,Litigation
C18673370,C10055,Litigation
C18673371,C10055,Litigation
C18673372,C10055,Litigation
C18673373,C10055,Litigation
C18673374,C10055,Litigation
C18673375,C10055,Litigation
C18673376,C10055,Litigation
C18673377,C10055,Litigation
C18673378,C10055,Litigation
C18673378,C10025,Debt
C18673379,C10055,Litigation
C18673380,C10055,Litigation
C18673381,C10055,Litigation
C18673382,C10055,Litigation
C18673382,C10025,Debt
C18673383,C10055,Litigation
C18673383,C10056,Manors
C18673384,C10055,Litigation
C18673385,C10055,Litigation
C18673386,C10055,Litigation
C18673387,C10055,Litigation
C18730131,C10055,Litigation
C18730132,C10055,Litigation
C18730132,C10056,Manors
C18730133,C10055,Litigation
C18730134,C10055,Litigation
C18730135,C10055,Litigation
C18730135,C10025,Debt
C18730136,C10055,Litigation
C18730137,C10055,Litigation
C18730138,C10055,Litigation
C18730139,C10055,Litigation
C18730140,C10055,Litigation
C18730141,C10055,Litigation
C18730142,C10055,Litigation
C18730142,C10025,Debt
C18730143,C10055,Litigation
C18730144,C10055,Litigation
C18730145,C10055,Litigation
C18730146,C10055,Litigation
C18730147,C10055,Litigation
C18730147,C10025,Debt
C18730148,C10055,Litigation
C18730149,C10055,Litigation
C18730150,C10055,Litigation
C18730151,C10055,Litigation
C18730152,C10055,Litigation
C18730152,C10056,Manors
C18730153,C10055,Litigation
C18730154,C10055,Litigation
C18730155,C10055,Litigation
C18730156,C10055,Litigation
C18730156,C10056,Manors
C18730157,C10055,Litigation
C18730158,C10055,Litigation
C18730158,C10107,Tithes
C18730159,C10055,Litigation
C18730160,C10055,Litigation
C18730161,C10131,Europe and Russia
C18730161,C10055,Litigation
C18730162,C10055,Litigation
C18730162,C10056,Manors
C18730163,C10055,Litigation
C18730164,C10055,Litigation
C18730164,C10022,Conveyancing
C18730165,C10055,Litigation
C18730166,C10055,Litigation
C18730166,C10056,Manors
C18730167,C10055,Litigation
C18730168,C10055,Litigation
C18730169,C10055,Litigation
C18730169,C10107,Tithes
C18730170,C10055,Litigation
C18730171,C10055,Litigation
C18730172,C10055,Litigation
C18730173,C10055,Litigation
C18730174,C10055,Litigation
C18730174,C10056,Manors
C18730175,C10055,Litigation
C18730176,C10055,Litigation
C18730177,C10055,Litigation
C18730178,C10055,Litigation
C18730178,C10056,Manors
C18730179,C10055,Litigation
C18730180,C10055,Litigation
C18730181,C10055,Litigation
C18730182,C10055,Litigation
C18730183,C10055,Litigation
C18730184,C10055,Litigation
C18730185,C10055,Litigation
C18730185,C10040,Forestry
C18730185,C10025,Debt
C18730186,C10055,Litigation
C18730187,C10055,Litigation
C18730188,C10055,Litigation
C18730189,C10055,Litigation
C18730190,C10055,Litigation
C18730190,C10025,Debt
C18730191,C10055,Litigation
C18730191,C10025,Debt
C18730192,C10055,Litigation
C18730192,C10025,Debt
C18730193,C10055,Litigation
C18730194,C10055,Litigation
C18730195,C10039,Food and drink
C18730195,C10055,Litigation
C18730196,C10055,Litigation
C18730197,C10055,Litigation
C18730197,C10056,Manors
C18730198,C10055,Litigation
C18730199,C10055,Litigation
C18730200,C10055,Litigation
C18730201,C10055,Litigation
C18730202,C10055,Litigation
C18730203,C10055,Litigation
C18730204,C10055,Litigation
C18730205,C10055,Litigation
C18730206,C10055,Litigation
C18730207,C10055,Litigation
C18730208,C10055,Litigation
C18730209,C10055,Litigation
C18730210,C10055,Litigation
C18730211,C10055,Litigation
C18730212,C10055,Litigation
C18730212,C10058,Maps and plans
C18730031,C10055,Litigation
C18730032,C10055,Litigation
C18730033,C10055,Litigation
C18730033,C10025,Debt
C18730034,C10055,Litigation
C18730035,C10055,Litigation
C18730036,C10055,Litigation
C18730036,C10025,Debt
C18730037,C10055,Litigation
C18730037,C10025,Debt
C18730038,C10055,Litigation
C18730039,C10055,Litigation
C18730040,C10055,Litigation
C18730041,C10055,Litigation
C18730041,C10056,Manors
C18730042,C10055,Litigation
C18730042,C10107,Tithes
C18730043,C10055,Litigation
C18730044,C10055,Litigation
C18730045,C10055,Litigation
C18730046,C10055,Litigation
C18730047,C10055,Litigation
C18730047,C10025,Debt
C18730048,C10055,Litigation
C18730049,C10055,Litigation
C18730050,C10055,Litigation
C18730051,C10055,Litigation
C18730052,C10055,Litigation
C18730053,C10055,Litigation
C18730054,C10055,Litigation
C18730054,C10056,Manors
C18730055,C10055,Litigation
C18730055,C10025,Debt
C18730056,C10055,Litigation
C18730057,C10055,Litigation
C18730058,C10055,Litigation
C18730059,C10055,Litigation
C18730060,C10055,Litigation
C18730061,C10055,Litigation
C18730062,C10055,Litigation
C18730062,C10056,Manors
C18730063,C10055,Litigation
C18730064,C10055,Litigation
C18730065,C10055,Litigation
C18730065,C10025,Debt
C18730066,C10055,Litigation
C18730066,C10056,Manors
C18730067,C10055,Litigation
C18730068,C10055,Litigation
C18730069,C10055,Litigation
C18730070,C10055,Litigation
C18730070,C10056,Manors
C18730071,C10055,Litigation
C18730072,C10055,Litigation
C18730072,C10025,Debt
C18730073,C10055,Litigation
C18730073,C10025,Debt
C18730074,C10055,Litigation
C18730075,C10055,Litigation
C18730075,C10025,Debt
C18730076,C10055,Litigation
C18730076,C10056,Manors
C18730077,C10055,Litigation
C18730078,C10055,Litigation
C18730078,C10056,Manors
C18730079,C10055,Litigation
C18730080,C10055,Litigation
C18730080,C10056,Manors
C18730081,C10055,Litigation
C18730082,C10055,Litigation
C18730082,C10107,Tithes
C18730083,C10055,Litigation
C18730084,C10055,Litigation
C18730084,C10056,Manors
C18730085,C10055,Litigation
C18730086,C10055,Litigation
C18730086,C10056,Manors
C18730087,C10055,Litigation
C18730087,C10056,Manors
C18730088,C10055,Litigation
C18730089,C10055,Litigation
C18730090,C10055,Litigation
C18730091,C10093,Religions
C18730091,C10055,Litigation
C18730092,C10055,Litigation
C18730092,C10025,Debt
C18730093,C10055,Litigation
C18730094,C10055,Litigation
C18730095,C10055,Litigation
C18730096,C10055,Litigation
C18730097,C10055,Litigation
C18730098,C10055,Litigation
C18730098,C10056,Manors
C18730099,C10055,Litigation
C18730100,C10055,Litigation
C18730101,C10055,Litigation
C18730101,C10056,Manors
C18730102,C10055,Litigation
C18730102,C10107,Tithes
C18730103,C10131,Europe and Russia
C18730103,C10055,Litigation
C18730103,C10108,Trade and commerce
C18730104,C10055,Litigation
C18730105,C10055,Litigation
C18730106,C10055,Litigation
C18730106,C10025,Debt
C18730107,C10055,Litigation
C18730108,C10055,Litigation
C18730109,C10055,Litigation
C18730110,C10055,Litigation
C18730111,C10055,Litigation
C18730112,C10055,Litigation
C18730113,C10055,Litigation
C18730114,C10055,Litigation
C18730114,C10025,Debt
C18730115,C10055,Litigation
C18730116,C10055,Litigation
C18730117,C10055,Litigation
C18730118,C10055,Litigation
C18730119,C10055,Litigation
C18730119,C10025,Debt
C18730120,C10055,Litigation
C18730121,C10055,Litigation
C18730121,C10025,Debt
C18730122,C10055,Litigation
C18730122,C10056,Manors
C18730123,C10131,Europe and Russia
C18730123,C10055,Litigation
C18730123,C10108,Trade and commerce
C18730124,C10055,Litigation
C18730124,C10007,Banking
C18730124,C10022,Conveyancing
C18730125,C10055,Litigation
C18730126,C10055,Litigation
C18730126,C10025,Debt
C18730127,C10055,Litigation
C18730128,C10055,Litigation
C18730128,C10025,Debt
C18730129,C10055,Litigation
C18730130,C10055,Litigation
C18729931,C10055,Litigation
C18729932,C10055,Litigation
C18729932,C10007,Banking
C18729932,C10022,Conveyancing
C18729933,C10055,Litigation
C18729934,C10055,Litigation
C18729935,C10055,Litigation
C18729935,C10033,Education
C18729936,C10055,Litigation
C18729936,C10056,Manors
C18729937,C10055,Litigation
C18729938,C10055,Litigation
C18729939,C10055,Litigation
C18729939,C10056,Manors
C18729940,C10055,Litigation
C18729940,C10056,Manors
C18729941,C10055,Litigation
C18729942,C10055,Litigation
C18729943,C10055,Litigation
C18729944,C10055,Litigation
C18729945,C10055,Litigation
C18729946,C10055,Litigation
C18729947,C10055,Litigation
C18729948,C10055,Litigation
C18729949,C10055,Litigation
C18729949,C10025,Debt
C18729950,C10055,Litigation
C18729950,C10056,Manors
C18729951,C10055,Litigation
C18729952,C10055,Litigation
C18729952,C10077,Pay and pensions
C18729952,C10036,Farming
C18729953,C10055,Litigation
C18729954,C10055,Litigation
C18729955,C10093,Religions
C18729955,C10055,Litigation
C18729956,C10055,Litigation
C18729957,C10055,Litigation
C18729957,C10025,Debt
C18729958,C10055,Litigation
C18729959,C10055,Litigation
C18729959,C10056,Manors
C18729960,C10055,Litigation
C18729961,C10055,Litigation
C18729961,C10056,Manors
C18729962,C10055,Litigation
C18729963,C10055,Litigation
C18729963,C10025,Debt
C18729964,C10055,Litigation
C18729965,C10055,Litigation
C18729965,C10025,Debt
C18729966,C10055,Litigation
C18729967,C10055,Litigation
C18729968,C10055,Litigation
C18729969,C10055,Litigation
C18729970,C10055,Litigation
C18729971,C10055,Litigation
C18729972,C10055,Litigation
C18729973,C10055,Litigation
C18729974,C10055,Litigation
C18729975,C10055,Litigation
C18729976,C10055,Litigation
C18729977,C10055,Litigation
C18729978,C10131,Europe and Russia
C18729978,C10055,Litigation
C18729978,C10108,Trade and commerce
C18729979,C10055,Litigation
C18729980,C10055,Litigation
C18729980,C10025,Debt
C18729981,C10055,Litigation
C18729982,C10055,Litigation
C18729983,C10055,Litigation
C18729984,C10055,Litigation
C18729985,C10055,Litigation
C18729985,C10025,Debt
C18729986,C10023,Crime
C18729986,C10055,Litigation
C18729987,C10055,Litigation
C18729987,C10107,Tithes
C18729988,C10055,Litigation
C18729989,C10055,Litigation
C18729989,C10025,Debt
C18729990,C10055,Litigation
C18729991,C10055,Litigation
C18729992,C10055,Litigation
C18729993,C10055,Litigation
C18729994,C10023,Crime
C18729994,C10055,Litigation
C18729995,C10055,Litigation
C18729996,C10055,Litigation
C18729997,C10055,Litigation
C18729998,C10055,Litigation
C18729999,C10055,Litigation
C18730000,C10055,Litigation
C18730000,C10056,Manors
C18730001,C10055,Litigation
C18730001,C10025,Debt
C18730002,C10059,Marriage and divorce
C18730002,C10055,Litigation
C18730003,C10055,Litigation
C18730004,C10055,Litigation
C18730005,C10055,Litigation
C18730006,C10055,Litigation
C18730007,C10055,Litigation
C18730008,C10055,Litigation
C18730008,C10025,Debt
C18730009,C10055,Litigation
C18730010,C10055,Litigation
C18730011,C10055,Litigation
C18730012,C10055,Litigation
C18730013,C10055,Litigation
C18730014,C10055,Litigation
C18730015,C10055,Litigation
C18730015,C10080,Piracy and privateering
C18730016,C10055,Litigation
C18730017,C10055,Litigation
C18730017,C10056,Manors
C18730018,C10039,Food and drink
C18730018,C10055,Litigation
C18730019,C10055,Litigation
C18730020,C10055,Litigation
C18730021,C10055,Litigation
C18730022,C10055,Litigation
C18730023,C10055,Litigation
C18730024,C10055,Litigation
C18730025,C10055,Litigation
C18730026,C10055,Litigation
C18730026,C10025,Debt
C18730027,C10055,Litigation
C18730028,C10055,Litigation
C18730029,C10055,Litigation
C18730030,C10055,Litigation
C18735348,C10055,Litigation
C18735349,C10055,Litigation
C18735350,C10055,Litigation
C18735350,C10056,Manors
C18735351,C10055,Litigation
C18735351,C10036,Farming
C18735352,C10055,Litigation
C18735353,C10055,Litigation
C18735354,C10055,Litigation
C18735355,C10055,Litigation
C18735356,C10055,Litigation
C18735357,C10055,Litigation
C18735358,C10055,Litigation
C18735359,C10055,Litigation
C18735359,C10025,Debt
C18735360,C10055,Litigation
C18735361,C10055,Litigation
C18735361,C10025,Debt
C18735362,C10055,Litigation
C18735363,C10055,Litigation
C18735364,C10055,Litigation
C18735364,C10056,Manors
C18735365,C10055,Litigation
C18735366,C10055,Litigation
C18735367,C10055,Litigation
C18735368,C10055,Litigation
C18735369,C10055,Litigation
C18735370,C10055,Litigation
C18735371,C10055,Litigation
C18735372,C10055,Litigation
C18735373,C10055,Litigation
C18735374,C10055,Litigation
C18735375,C10055,Litigation
C18735376,C10055,Litigation
C18735377,C10055,Litigation
C18735378,C10055,Litigation
C18735379,C10055,Litigation
C18735380,C10055,Litigation
C18735380,C10056,Manors
C18735381,C10131,Europe and Russia
C18735381,C10055,Litigation
C18735381,C10025,Debt
C18735382,C10055,Litigation
C18735383,C10055,Litigation
C18735383,C10040,Forestry
C18735383,C10036,Farming
C18735384,C10055,Litigation
C18735385,C10055,Litigation
C18735386,C10055,Litigation
C18735386,C10025,Debt
C18735387,C10055,Litigation
C18735388,C10055,Litigation
C18735389,C10055,Litigation
C18735390,C10055,Litigation
C18735391,C10055,Litigation
C18735391,C10025,Debt
C18735392,C10055,Litigation
C18735393,C10055,Litigation
C18735393,C10025,Debt
C18735394,C10055,Litigation
C18735395,C10055,Litigation
C18735396,C10055,Litigation
C18735397,C10055,Litigation
C18735398,C10055,Litigation
C18735398,C10025,Debt
C18735399,C10055,Litigation
C18735400,C10055,Litigation
C18735400,C10025,Debt
C18735401,C10055,Litigation
C18735401,C10056,Manors
C18735402,C10055,Litigation
C18735402,C10056,Manors
C18735402,C10077,Pay and pensions
C18735403,C10055,Litigation
C18735404,C10055,Litigation
C18735404,C10056,Manors
C18735405,C10055,Litigation
C18735406,C10055,Litigation
C18735406,C10056,Manors
C18735407,C10055,Litigation
C18735408,C10055,Litigation
C18735409,C10055,Litigation
C18735410,C10055,Litigation
C18735411,C10055,Litigation
C18735411,C10056,Manors
C18735412,C10055,Litigation
C18735413,C10055,Litigation
C18735414,C10055,Litigation
C18735415,C10055,Litigation
C18735416,C10055,Litigation
C18735417,C10055,Litigation
C18735418,C10055,Litigation
C18735418,C10025,Debt
C18735419,C10055,Litigation
C18735420,C10055,Litigation
C18735420,C10056,Manors
C18735421,C10055,Litigation
C18735422,C10055,Litigation
C18735423,C10055,Litigation
C18735424,C10055,Litigation
C18735424,C10025,Debt
C18735425,C10055,Litigation
C18735425,C10108,Trade and commerce
C18735426,C10055,Litigation
C18735427,C10055,Litigation
C18735428,C10055,Litigation
C18735429,C10055,Litigation
C18735430,C10059,Marriage and divorce
C18735430,C10055,Litigation
C18735431,C10055,Litigation
C18735432,C10055,Litigation
C18735432,C10056,Manors
C18735433,C10055,Litigation
C18735434,C10055,Litigation
C18735435,C10055,Litigation
C18735436,C10055,Litigation
C18735437,C10055,Litigation
C18735438,C10055,Litigation
C18735439,C10055,Litigation
C18735439,C10056,Manors
C18735440,C10055,Litigation
C18735441,C10055,Litigation
C18735441,C10056,Manors
C18735442,C10055,Litigation
C18735443,C10055,Litigation
C18735444,C10055,Litigation
C18735445,C10055,Litigation
C18735446,C10055,Litigation
C18735446,C10025,Debt
C18735447,C10055,Litigation
C18735448,C10055,Litigation
C18735449,C10055,Litigation
C18735449,C10056,Manors
C18735450,C10055,Litigation
C18735451,C10055,Litigation
C18735452,C10059,Marriage and divorce
C18735452,C10055,Litigation
C18735453,C10055,Litigation
C18735454,C10055,Litigation
C18735455,C10055,Litigation
C18735455,C10056,Manors
C18735456,C10055,Litigation
C18735457,C10059,Marriage and divorce
C18735457,C10055,Litigation
C18735458,C10055,Litigation
C18735459,C10055,Litigation
C18735460,C10059,Marriage and divorce
C18735460,C10055,Litigation
C18735461,C10055,Litigation
C18735462,C10055,Litigation
C18735463,C10055,Litigation
C18735463,C10056,Manors
C18735464,C10055,Litigation
C18735465,C10055,Litigation
C18735465,C10056,Manors
C18735466,C10055,Litigation
C18735467,C10055,Litigation
C18735468,C10055,Litigation
C18735468,C10025,Debt
C18735469,C10055,Litigation
C18735470,C10055,Litigation
C18735471,C10059,Marriage and divorce
C18735471,C10055,Litigation
C18735472,C10055,Litigation
C18735473,C10055,Litigation
C18735473,C10025,Debt
C18735474,C10055,Litigation
C18735475,C10055,Litigation
C18735475,C10056,Manors
C18735476,C10055,Litigation
C18735477,C10055,Litigation
C18735477,C10108,Trade and commerce
C18735478,C10055,Litigation
C18735479,C10055,Litigation
C18735480,C10055,Litigation
C18735481,C10055,Litigation
C18735482,C10055,Litigation
C18735483,C10055,Litigation
C18735484,C10055,Litigation
C18735485,C10055,Litigation
C18735485,C10056,Manors
C18735486,C10055,Litigation
C18735487,C10055,Litigation
C18735488,C10055,Litigation
C18735489,C10055,Litigation
C18735490,C10055,Litigation
C18735491,C10055,Litigation
C18735491,C10056,Manors
C18735492,C10055,Litigation
C18735493,C10055,Litigation
C18735493,C10056,Manors
C18735494,C10055,Litigation
C18735495,C10055,Litigation
C18735496,C10059,Marriage and divorce
C18735496,C10055,Litigation
C18735497,C10055,Litigation
C18735498,C10055,Litigation
C18735498,C10025,Debt
C18735499,C10055,Litigation
C18735499,C10056,Manors
C18735500,C10055,Litigation
C18735501,C10059,Marriage and divorce
C18735501,C10055,Litigation
C18735502,C10055,Litigation
C18735502,C10056,Manors
C18735503,C10055,Litigation
C18735504,C10055,Litigation
C18735504,C10056,Manors
C18735505,C10055,Litigation
C18735506,C10055,Litigation
C18735506,C10025,Debt
C18735507,C10055,Litigation
C18735508,C10055,Litigation
C18735509,C10055,Litigation
C18735509,C10056,Manors
C18735510,C10055,Litigation
C18735510,C10025,Debt
C18735511,C10055,Litigation
C18735512,C10055,Litigation
C18735513,C10055,Litigation
C18735513,C10025,Debt
C18735514,C10055,Litigation
C18735514,C10025,Debt
C18735515,C10055,Litigation
C18735516,C10055,Litigation
C18735516,C10025,Debt
C18735517,C10055,Litigation
C18735518,C10055,Litigation
C18735519,C10055,Litigation
C18735519,C10056,Manors
C18735520,C10055,Litigation
C18735521,C10055,Litigation
C18735522,C10055,Litigation
C18735522,C10025,Debt
C18735523,C10055,Litigation
C18735523,C10056,Manors
C18735524,C10055,Litigation
C18735525,C10055,Litigation
C18735526,C10055,Litigation
C18735527,C10055,Litigation
C18735528,C10055,Litigation
C18735528,C10025,Debt
C18735529,C10055,Litigation
C18735529,C10025,Debt
C18735530,C10055,Litigation
C18735530,C10107,Tithes
C18735531,C10055,Litigation
C18735532,C10055,Litigation
C18735533,C10055,Litigation
C18735533,C10056,Manors
C18735534,C10055,Litigation
C18735534,C10056,Manors
C18735535,C10055,Litigation
C18735536,C10055,Litigation
C18735537,C10055,Litigation
C18735537,C10056,Manors
C18735538,C10055,Litigation
C18735539,C10055,Litigation
C18735540,C10055,Litigation
C18735541,C10055,Litigation
C18735541,C10036,Farming
C18735542,C10055,Litigation
C18735543,C10055,Litigation
C18735544,C10055,Litigation
C18735545,C10055,Litigation
C18735546,C10055,Litigation
C18735546,C10007,Banking
C18735546,C10022,Conveyancing
C18735547,C10055,Litigation
C18747309,C10055,Litigation
C18747310,C10055,Litigation
C18747310,C10056,Manors
C18747311,C10055,Litigation
C18747312,C10055,Litigation
C18747313,C10055,Litigation
C18747314,C10055,Litigation
C18747314,C10056,Manors
C18747315,C10055,Litigation
C18747315,C10025,Debt
C18747316,C10055,Litigation
C18747317,C10055,Litigation
C18747318,C10055,Litigation
C18747319,C10055,Litigation
C18747319,C10025,Debt
C18747320,C10055,Litigation
C18747320,C10056,Manors
C18747321,C10055,Litigation
C18747321,C10056,Manors
C18747322,C10059,Marriage and divorce
C18747322,C10055,Litigation
C18747323,C10055,Litigation
C18747323,C10025,Debt
C18747324,C10055,Litigation
C18747325,C10055,Litigation
C18747326,C10055,Litigation
C18747327,C10055,Litigation
C18747328,C10055,Litigation
C18747329,C10055,Litigation
C18747329,C10025,Debt
C18747330,C10055,Litigation
C18747330,C10056,Manors
C18747331,C10055,Litigation
C18747331,C10107,Tithes
C18747332,C10055,Litigation
C18747333,C10059,Marriage and divorce
C18747333,C10055,Litigation
C18747333,C10056,Manors
C18747334,C10055,Litigation
C18747334,C10025,Debt
C18747335,C10055,Litigation
C18747335,C10056,Manors
C18747336,C10055,Litigation
C18747337,C10055,Litigation
C18747337,C10056,Manors
C18747338,C10055,Litigation
C18747339,C10055,Litigation
C18747339,C10056,Manors
C18747340,C10055,Litigation
C18747341,C10055,Litigation
C18747342,C10055,Litigation
C18747342,C10056,Manors
C18747343,C10055,Litigation
C18747344,C10055,Litigation
C18747345,C10055,Litigation
C18747346,C10055,Litigation
C18747346,C10025,Debt
C18747347,C10055,Litigation
C18747347,C10056,Manors
C18747348,C10055,Litigation
C18747349,C10055,Litigation
C18747350,C10055,Litigation
C18747350,C10107,Tithes
C18747351,C10055,Litigation
C18747352,C10055,Litigation
C18747353,C10055,Litigation
C18747353,C10056,Manors
C18747354,C10055,Litigation
C18747355,C10055,Litigation
C18747356,C10055,Litigation
C18747357,C10055,Litigation
C18747357,C10036,Farming
C18747358,C10055,Litigation
C18747359,C10055,Litigation
C18747360,C10055,Litigation
C18747360,C10056,Manors
C18747361,C10055,Litigation
C18747361,C10056,Manors
C18747362,C10055,Litigation
C18747363,C10055,Litigation
C18747364,C10055,Litigation
C18747365,C10055,Litigation
C18747366,C10055,Litigation
C18747366,C10056,Manors
C18747367,C10055,Litigation
C18747367,C10056,Manors
C18747368,C10059,Marriage and divorce
C18747368,C10055,Litigation
C18747368,C10056,Manors
C18747369,C10055,Litigation
C18747370,C10055,Litigation
C18747371,C10055,Litigation
C18747371,C10025,Debt
C18747372,C10055,Litigation
C18747372,C10056,Manors
C18747373,C10055,Litigation
C18747373,C10107,Tithes
C18747373,C10033,Education
C18747374,C10055,Litigation
C18747374,C10056,Manors
C18747375,C10055,Litigation
C18747376,C10055,Litigation
C18747377,C10055,Litigation
C18747378,C10055,Litigation
C18747379,C10055,Litigation
C18747379,C10033,Education
C18747380,C10055,Litigation
C18747381,C10055,Litigation
C18747382,C10055,Litigation
C18747383,C10055,Litigation
C18747384,C10055,Litigation
C18747384,C10056,Manors
C18747385,C10055,Litigation
C18747385,C10108,Trade and commerce
C18747386,C10055,Litigation
C18747387,C10055,Litigation
C18747388,C10055,Litigation
C18747389,C10055,Litigation
C18747390,C10055,Litigation
C18747391,C10055,Litigation
C18747392,C10055,Litigation
C18747393,C10055,Litigation
C18747394,C10055,Litigation
C18747395,C10055,Litigation
C18747396,C10055,Litigation
C18747396,C10025,Debt
C18747397,C10055,Litigation
C18747398,C10055,Litigation
C18747398,C10025,Debt
C18747399,C10055,Litigation
C18747400,C10055,Litigation
C18747401,C10055,Litigation
C18747402,C10055,Litigation
C18747402,C10128,Middle East
C18747403,C10055,Litigation
C18747404,C10055,Litigation
C18747405,C10055,Litigation
C18747406,C10055,Litigation
C18747407,C10055,Litigation
C18747408,C10055,Litigation
C18747408,C10056,Manors
C18747409,C10055,Litigation
C18747410,C10055,Litigation
C18747410,C10025,Debt
C18747411,C10055,Litigation
C18747412,C10055,Litigation
C18747413,C10055,Litigation
C18747413,C10025,Debt
C18747414,C10055,Litigation
C18747414,C10056,Manors
C18747415,C10055,Litigation
C18747416,C10055,Litigation
C18747417,C10055,Litigation
C18747417,C10022,Conveyancing
C18747417,C10036,Farming
C18747418,C10055,Litigation
C18747419,C10055,Litigation
C18747420,C10055,Litigation
C18747420,C10025,Debt
C18747421,C10055,Litigation
C18747421,C10025,Debt
C18747422,C10055,Litigation
C18747422,C10056,Manors
C18747423,C10055,Litigation
C18747423,C10056,Manors
C18747424,C10055,Litigation
C18747424,C10025,Debt
C18747425,C10055,Litigation
C18747426,C10055,Litigation
C18747427,C10055,Litigation
C18747428,C10055,Litigation
C18747428,C10025,Debt
C18747429,C10055,Litigation
C18747429,C10077,Pay and pensions
C18747430,C10055,Litigation
C18747431,C10055,Litigation
C18747431,C10025,Debt
C18747432,C10055,Litigation
C18747433,C10055,Litigation
C18747434,C10055,Litigation
C18747435,C10055,Litigation
C18747436,C10055,Litigation
C18747436,C10025,Debt
C18747437,C10055,Litigation
C18747438,C10055,Litigation
C18747438,C10025,Debt
C18747439,C10055,Litigation
C18747439,C10025,Debt
C18747440,C10055,Litigation
C18747440,C10025,Debt
C18747441,C10055,Litigation
C18747442,C10055,Litigation
C18747442,C10056,Manors
C18747443,C10059,Marriage and divorce
C18747443,C10055,Litigation
C18747444,C10055,Litigation
C18747445,C10055,Litigation
C18747446,C10055,Litigation
C18747446,C10056,Manors
C18747447,C10055,Litigation
C18747447,C10025,Debt
C18747447,C10007,Banking
C18747447,C10022,Conveyancing
C18747448,C10055,Litigation
C18747448,C10025,Debt
C18747449,C10055,Litigation
C18747450,C10055,Litigation
C18747450,C10114,Weapons
C18747451,C10055,Litigation
C18747452,C10055,Litigation
C18747452,C10025,Debt
C18747453,C10055,Litigation
C18747454,C10055,Litigation
C18747455,C10055,Litigation
C18747455,C10107,Tithes
C18747456,C10055,Litigation
C18747456,C10025,Debt
C18747457,C10055,Litigation
C18747458,C10055,Litigation
C18747459,C10055,Litigation
C18747460,C10055,Litigation
C18747460,C10025,Debt
C18747461,C10055,Litigation
C18747461,C10036,Farming
C18747462,C10093,Religions
C18747462,C10055,Litigation
C18747463,C10055,Litigation
C18747463,C10025,Debt
C18747464,C10055,Litigation
C18747465,C10055,Litigation
C18747466,C10055,Litigation
C18747466,C10025,Debt
C18747467,C10055,Litigation
C18747468,C10055,Litigation
C18747469,C10055,Litigation
C18747469,C10036,Farming
C18747470,C10055,Litigation
C18747471,C10055,Litigation
C18747472,C10055,Litigation
C18747472,C10025,Debt
C18747473,C10055,Litigation
C18747474,C10055,Litigation
C18747475,C10055,Litigation
C18747476,C10055,Litigation
C18747477,C10023,Crime
C18747477,C10055,Litigation
C18747478,C10055,Litigation
C18747478,C10022,Conveyancing
C18747479,C10055,Litigation
C18747480,C10055,Litigation
C18747481,C10055,Litigation
C18747481,C10056,Manors
C18747482,C10055,Litigation
C18747483,C10055,Litigation
C18747484,C10093,Religions
C18747484,C10055,Litigation
C18747485,C10055,Litigation
C18747486,C10055,Litigation
C18747487,C10055,Litigation
C18747488,C10055,Litigation
C18747489,C10055,Litigation
C18747489,C10056,Manors
C18747490,C10055,Litigation
C18747490,C10056,Manors
C18747491,C10055,Litigation
C18747492,C10055,Litigation
C18747493,C10055,Litigation
C18747493,C10025,Debt
C18747494,C10055,Litigation
C18747495,C10055,Litigation
C18747496,C10055,Litigation
C18747497,C10055,Litigation
C18747498,C10055,Litigation
C18747498,C10025,Debt
C18747499,C10055,Litigation
C18747500,C10055,Litigation
C18747500,C10022,Conveyancing
C18747501,C10055,Litigation
C18747502,C10055,Litigation
C18747502,C10025,Debt
C18747503,C10131,Europe and Russia
C18747503,C10055,Litigation
C18747504,C10055,Litigation
C18747505,C10055,Litigation
C18747505,C10056,Manors
C18747506,C10055,Litigation
C18747507,C10055,Litigation
C18747508,C10055,Litigation
C18747508,C10025,Debt
C18747509,C10055,Litigation
C18747509,C10025,Debt
C18747510,C10055,Litigation
C18747511,C10055,Litigation
C18747512,C10059,Marriage and divorce
C18747512,C10055,Litigation
C18747513,C10055,Litigation
C18747514,C10055,Litigation
C18747515,C10055,Litigation
C18747516,C10055,Litigation
C18747516,C10025,Debt
C18747517,C10055,Litigation
C18747517,C10056,Manors
C18747518,C10055,Litigation
C18747519,C10055,Litigation
C18747519,C10036,Farming
C18747520,C10055,Litigation
C18747520,C10025,Debt
C18747521,C10055,Litigation
C18747522,C10055,Litigation
C18747522,C10025,Debt
C18747523,C10055,Litigation
C18747523,C10025,Debt
C18747524,C10055,Litigation
C18747525,C10055,Litigation
C18747526,C10055,Litigation
C18747527,C10055,Litigation
C18747528,C10055,Litigation
C18747529,C10055,Litigation
C18747529,C10056,Manors
C18747530,C10055,Litigation
C18747530,C10025,Debt
C18747531,C10055,Litigation
C18747531,C10056,Manors
C18747532,C10055,Litigation
C18747532,C10025,Debt
C18747533,C10055,Litigation
C18747534,C10055,Litigation
C18747535,C10055,Litigation
C18747535,C10056,Manors
C18747536,C10055,Litigation
C18747537,C10055,Litigation
C18747537,C10025,Debt
C18747538,C10055,Litigation
C18747539,C10055,Litigation
C18747539,C10056,Manors
C18747539,C10036,Farming
C18747540,C10131,Europe and Russia
C18747540,C10055,Litigation
C18747540,C10128,Middle East
C18747541,C10055,Litigation
C18747541,C10025,Debt
C18747542,C10055,Litigation
C18747543,C10055,Litigation
C18747544,C10055,Litigation
C18747545,C10055,Litigation
C18747546,C10055,Litigation
C18747547,C10055,Litigation
C18747548,C10055,Litigation
C18747549,C10059,Marriage and divorce
C18747549,C10055,Litigation
C18747550,C10055,Litigation
C18747551,C10055,Litigation
C18747551,C10025,Debt
C18747552,C10055,Litigation
C18747553,C10055,Litigation
C18747554,C10055,Litigation
C18747554,C10056,Manors
C18747555,C10055,Litigation
C18747556,C10055,Litigation
C18747556,C10007,Banking
C18747556,C10022,Conveyancing
C18747557,C10055,Litigation
C18747558,C10055,Litigation
C18747559,C10055,Litigation
C18747559,C10056,Manors
C18747560,C10055,Litigation
C18747560,C10025,Debt
C18747561,C10055,Litigation
C18747561,C10025,Debt
C18747562,C10055,Litigation
C18747562,C10056,Manors
C18747562,C10015,Common land
C18747563,C10055,Litigation
C18747563,C10036,Farming
C18747564,C10055,Litigation
C18747565,C10055,Litigation
C18747566,C10055,Litigation
C18747566,C10025,Debt
C18747567,C10055,Litigation
C18747568,C10055,Litigation
C18747568,C10025,Debt
C18747569,C10055,Litigation
C18747570,C10055,Litigation
C18747571,C10055,Litigation
C18747572,C10055,Litigation
C18747573,C10055,Litigation
C18747574,C10055,Litigation
C18747575,C10055,Litigation
C18747575,C10022,Conveyancing
C18747576,C10055,Litigation
C18747577,C10023,Crime
C18747577,C10055,Litigation
C18747578,C10055,Litigation
C18747578,C10025,Debt
C18747579,C10055,Litigation
C18747579,C10025,Debt
C18747580,C10055,Litigation
C18747581,C10055,Litigation
C18747582,C10023,Crime
C18747582,C10131,Europe and Russia
C18747582,C10039,Food and drink
C18747582,C10055,Litigation
C18747583,C10055,Litigation
C18747584,C10055,Litigation
C18747585,C10055,Litigation
C18747585,C10022,Conveyancing
C18747586,C10055,Litigation
C18747586,C10056,Manors
C18747587,C10055,Litigation
C18747588,C10055,Litigation
C18747589,C10055,Litigation
C18747590,C10055,Litigation
C18747591,C10055,Litigation
C18747591,C10077,Pay and pensions
C18747592,C10055,Litigation
C18747592,C10014,Coal
C18747593,C10055,Litigation
C18747594,C10055,Litigation
C18747595,C10038,Fishing
C18747595,C10131,Europe and Russia
C18747595,C10055,Litigation
C18747596,C10005,"Art, architecture and design"
C18747596,C10055,Litigation
C18747596,C10025,Debt
C18747597,C10055,Litigation
C18747597,C10025,Debt
C18747598,C10055,Litigation
C18747598,C10025,Debt
C18747599,C10055,Litigation
C18747600,C10059,Marriage and divorce
C18747600,C10055,Litigation
C18747601,C10055,Litigation
C18747601,C10056,Manors
C18747602,C10055,Litigation
C18747602,C10025,Debt
C18747603,C10038,Fishing
C18747603,C10055,Litigation
C18747603,C10024,Crown lands and estates
C18747604,C10055,Litigation
C18747605,C10055,Litigation
C18747605,C10024,Crown lands and estates
C18747606,C10055,Litigation
C18747607,C10055,Litigation
C18747608,C10055,Litigation
C18747608,C10077,Pay and pensions
C18747609,C10055,Litigation
C18747609,C10022,Conveyancing
C18747610,C10055,Litigation
C18747611,C10055,Litigation
C18747611,C10025,Debt
C18747612,C10055,Litigation
C18747613,C10055,Litigation
C18747614,C10055,Litigation
C18747615,C10055,Litigation
C18747616,C10055,Litigation
C18747616,C10025,Debt
C18747617,C10093,Religions
C18747617,C10055,Litigation
C18747618,C10055,Litigation
C18747618,C10056,Manors
C18747618,C10022,Conveyancing
C18747619,C10055,Litigation
C18747619,C10025,Debt
C18747620,C10055,Litigation
C18747621,C10055,Litigation
C18747621,C10056,Manors
C18747622,C10055,Litigation
C18747622,C10040,Forestry
C18747622,C10107,Tithes
C18747622,C10025,Debt
C18747623,C10055,Litigation
C18747623,C10056,Manors
C18747623,C10022,Conveyancing
C18747624,C10055,Litigation
C18747625,C10055,Litigation
C18747626,C10055,Litigation
C18747627,C10055,Litigation
C18747628,C10055,Litigation
C18747629,C10055,Litigation
C18747630,C10055,Litigation
C18747630,C10025,Debt
C18747630,C10036,Farming
C18747631,C10055,Litigation
C18747631,C10025,Debt
C18747632,C10038,Fishing
C18747632,C10055,Litigation
C18747632,C10107,Tithes
C18747632,C10056,Manors
C18747633,C10039,Food and drink
C18747633,C10055,Litigation
C18747633,C10013,Clothing
C18747634,C10055,Litigation
C18756131,C10055,Litigation
C18756132,C10055,Litigation
C18756133,C10055,Litigation
C18756134,C10055,Litigation
C18756134,C10056,Manors
C18756135,C10055,Litigation
C18756136,C10055,Litigation
C18756136,C10025,Debt
C18756137,C10055,Litigation
C18756137,C10025,Debt
C18756138,C10059,Marriage and divorce
C18756138,C10055,Litigation
C18756139,C10055,Litigation
C18756139,C10025,Debt
C18756140,C10055,Litigation
C18756141,C10059,Marriage and divorce
C18756141,C10055,Litigation
C18756142,C10055,Litigation
C18756142,C10025,Debt
C18756143,C10055,Litigation
C18756143,C10074,Oil and gas
C18756144,C10055,Litigation
C18756145,C10055,Litigation
C18756146,C10055,Litigation
C18756146,C10025,Debt
C18756147,C10055,Litigation
C18756148,C10055,Litigation
C18756149,C10055,Litigation
C18756149,C10025,Debt
C18756150,C10055,Litigation
C18756151,C10093,Religions
C18756151,C10055,Litigation
C18756152,C10055,Litigation
C18756152,C10056,Manors
C18756153,C10055,Litigation
C18756153,C10056,Manors
C18756154,C10055,Litigation
C18756155,C10055,Litigation
C18756155,C10107,Tithes
C18756155,C10025,Debt
C18756156,C10055,Litigation
C18756156,C10025,Debt
C18756157,C10055,Litigation
C18756157,C10007,Banking
C18756157,C10022,Conveyancing
C18756158,C10055,Litigation
C18756159,C10055,Litigation
C18756160,C10023,Crime
C18756160,C10055,Litigation
C18756161,C10055,Litigation
C18756162,C10055,Litigation
C18756163,C10055,Litigation
C18756163,C10036,Farming
C18756164,C10055,Litigation
C18756165,C10055,Litigation
C18756165,C10107,Tithes
C18756166,C10055,Litigation
C18756167,C10055,Litigation
C18756168,C10055,Litigation
C18756168,C10025,Debt
C18756169,C10055,Litigation
C18756170,C10055,Litigation
C18756170,C10025,Debt
C18756171,C10055,Litigation
C18756171,C10025,Debt
C18756172,C10055,Litigation
C18756173,C10131,Europe and Russia
C18756173,C10055,Litigation
C18756173,C10025,Debt
C18756174,C10055,Litigation
C18756175,C10055,Litigation
C18756175,C10056,Manors
C18756176,C10055,Litigation
C18756177,C10055,Litigation
C18756177,C10056,Manors
C18756178,C10055,Litigation
C18756179,C10055,Litigation
C18756179,C10025,Debt
C18756180,C10055,Litigation
C18756181,C10055,Litigation
C18756181,C10056,Manors
C18756182,C10055,Litigation
C18756182,C10107,Tithes
C18756183,C10055,Litigation
C18756183,C10025,Debt
C18756183,C10022,Conveyancing
C18756184,C10055,Litigation
C18756185,C10055,Litigation
C18756186,C10055,Litigation
C18756187,C10055,Litigation
C18756187,C10056,Manors
C18756188,C10055,Litigation
C18756188,C10025,Debt
C18756189,C10055,Litigation
C18756190,C10055,Litigation
C18756190,C10056,Manors
C18756191,C10055,Litigation
C18756191,C10052,Labour
C18756192,C10055,Litigation
C18756193,C10055,Litigation
C18756194,C10055,Litigation
C18756194,C10025,Debt
C18756195,C10055,Litigation
C18756196,C10055,Litigation
C18756196,C10025,Debt
C18756196,C10007,Banking
C18756196,C10022,Conveyancing
C18756197,C10055,Litigation
C18756198,C10055,Litigation
C18756198,C10025,Debt
C18756199,C10055,Litigation
C18756200,C10055,Litigation
C18756200,C10077,Pay and pensions
C18756201,C10055,Litigation
C18756202,C10055,Litigation
C18756202,C10025,Debt
C18756203,C10055,Litigation
C18756203,C10025,Debt
C18756204,C10055,Litigation
C18756205,C10055,Litigation
C18756206,C10055,Litigation
C18756206,C10056,Manors
C18756207,C10055,Litigation
C18756207,C10107,Tithes
C18756208,C10055,Litigation
C18756209,C10055,Litigation
C18756210,C10055,Litigation
C18756210,C10056,Manors
C18756211,C10055,Litigation
C18756212,C10055,Litigation
C18756212,C10106,Taxation
C18756213,C10055,Litigation
C18756213,C10025,Debt
C18756214,C10055,Litigation
C18756214,C10025,Debt
C18756215,C10055,Litigation
C18756216,C10055,Litigation
C18756217,C10055,Litigation
C18756218,C10055,Litigation
C18756218,C10056,Manors
C18756218,C10077,Pay and pensions
C18756219,C10023,Crime
C18756219,C10055,Litigation
C18756220,C10055,Litigation
C18756221,C10055,Litigation
C18756222,C10055,Litigation
C18756223,C10055,Litigation
C18756224,C10055,Litigation
C18756225,C10055,Litigation
C18756225,C10022,Conveyancing
C18756226,C10055,Litigation
C18756227,C10055,Litigation
C18756227,C10040,Forestry
C18756227,C10056,Manors
C18756228,C10055,Litigation
C18756229,C10055,Litigation
C18756230,C10055,Litigation
C18756230,C10036,Farming
C18756231,C10055,Litigation
C18756231,C10022,Conveyancing
C18756232,C10055,Litigation
C18756232,C10056,Manors
C18756233,C10055,Litigation
C18756234,C10055,Litigation
C18756234,C10025,Debt
C18756235,C10055,Litigation
C18756236,C10055,Litigation
C18756236,C10056,Manors
C18756237,C10055,Litigation
C18756238,C10055,Litigation
C18756238,C10007,Banking
C18756238,C10022,Conveyancing
C18756239,C10055,Litigation
C18756239,C10056,Manors
C18756240,C10055,Litigation
C18756241,C10055,Litigation
C18756241,C10056,Manors
C18756242,C10055,Litigation
C18756243,C10055,Litigation
C18756243,C10010,Charities
C18756244,C10055,Litigation
C18756245,C10055,Litigation
C18756245,C10107,Tithes
C18756246,C10055,Litigation
C18756246,C10056,Manors
C18756246,C10022,Conveyancing
C18756247,C10131,Europe and Russia
C18756247,C10055,Litigation
C18756247,C10025,Debt
C18756248,C10055,Litigation
C18756248,C10025,Debt
C18756249,C10055,Litigation
C18756250,C10055,Litigation
C18760599,C10055,Litigation
C18760599,C10025,Debt
C18760600,C10055,Litigation
C18760601,C10055,Litigation
C18760602,C10055,Litigation
C18760603,C10055,Litigation
C18760604,C10055,Litigation
C18760605,C10055,Litigation
C18760606,C10055,Litigation
C18760607,C10055,Litigation
C18760607,C10056,Manors
C18760608,C10055,Litigation
C18760609,C10055,Litigation
C18760610,C10055,Litigation
C18760610,C10056,Manors
C18760611,C10055,Litigation
C18760612,C10055,Litigation
C18760612,C10022,Conveyancing
C18760613,C10055,Litigation
C18760614,C10055,Litigation
C18760614,C10077,Pay and pensions
C18760615,C10055,Litigation
C18760615,C10025,Debt
C18760616,C10055,Litigation
C18760616,C10025,Debt
C18760617,C10055,Litigation
C18760617,C10007,Banking
C18760617,C10022,Conveyancing
C18760618,C10055,Litigation
C18760618,C10056,Manors
C18760619,C10055,Litigation
C18760620,C10055,Litigation
C18760620,C10007,Banking
C18760620,C10022,Conveyancing
C18760621,C10055,Litigation
C18760621,C10056,Manors
C18760622,C10055,Litigation
C18760623,C10055,Litigation
C18760623,C10119,Nursing
C18760624,C10055,Litigation
C18760624,C10022,Conveyancing
C18760625,C10055,Litigation
C18760626,C10055,Litigation
C18760626,C10107,Tithes
C18760626,C10007,Banking
C18760626,C10022,Conveyancing
C18760627,C10055,Litigation
C18760628,C10055,Litigation
C18760629,C10055,Litigation
C18760630,C10055,Litigation
C18760631,C10055,Litigation
C18760631,C10056,Manors
C18760632,C10055,Litigation
C18760633,C10055,Litigation
C18760634,C10055,Litigation
C18760635,C10055,Litigation
C18760635,C10056,Manors
C18760636,C10055,Litigation
C18760637,C10055,Litigation
C18760638,C10055,Litigation
C18760638,C10025,Debt
C18760639,C10055,Litigation
C18760640,C10055,Litigation
C18760640,C10025,Debt
C18760641,C10055,Litigation
C18760641,C10056,Manors
C18760642,C10055,Litigation
C18760643,C10055,Litigation
C18760643,C10025,Debt
C18760644,C10055,Litigation
C18760644,C10025,Debt
C18760645,C10055,Litigation
C18760646,C10038,Fishing
C18760646,C10055,Litigation
C18760647,C10055,Litigation
C18760647,C10025,Debt
C18760648,C10023,Crime
C18760648,C10055,Litigation
C18760649,C10055,Litigation
C18760649,C10056,Manors
C18760650,C10055,Litigation
C18760650,C10056,Manors
C18760650,C10077,Pay and pensions
C18760651,C10055,Litigation
C18760651,C10025,Debt
C18760652,C10055,Litigation
C18760653,C10055,Litigation
C18760653,C10025,Debt
C18760654,C10055,Litigation
C18760655,C10055,Litigation
C18760656,C10055,Litigation
C18760657,C10055,Litigation
C18760658,C10055,Litigation
C18760658,C10025,Debt
C18760659,C10055,Litigation
C18760660,C10023,Crime
C18760660,C10055,Litigation
C18760660,C10025,Debt
C18760661,C10055,Litigation
C18760661,C10056,Manors
C18760662,C10055,Litigation
C18760662,C10056,Manors
C18760663,C10023,Crime
C18760663,C10055,Litigation
C18760664,C10055,Litigation
C18760665,C10055,Litigation
C18760666,C10038,Fishing
C18760666,C10055,Litigation
C18760667,C10055,Litigation
C18760668,C10055,Litigation
C18760668,C10056,Manors
C18760669,C10055,Litigation
C18760670,C10055,Litigation
C18760671,C10055,Litigation
C18760671,C10022,Conveyancing
C18760672,C10055,Litigation
C18760672,C10025,Debt
C18760673,C10055,Litigation
C18760674,C10055,Litigation
C18760675,C10055,Litigation
C18760676,C10055,Litigation
C18760676,C10040,Forestry
C18760677,C10059,Marriage and divorce
C18760677,C10055,Litigation
C18760678,C10055,Litigation
C18760679,C10038,Fishing
C18760679,C10055,Litigation
C18760680,C10055,Litigation
C18760681,C10055,Litigation
C18760681,C10077,Pay and pensions
C18760681,C10022,Conveyancing
C18760682,C10055,Litigation
C18760683,C10055,Litigation
C18760684,C10055,Litigation
C18760684,C10036,Farming
C18760685,C10055,Litigation
C18760685,C10022,Conveyancing
C18760686,C10055,Litigation
C18760687,C10055,Litigation
C18760688,C10055,Litigation
C18760688,C10025,Debt
C18760689,C10055,Litigation
C18760690,C10055,Litigation
C18760691,C10055,Litigation
C18760692,C10055,Litigation
C18760692,C10056,Manors
C18760693,C10055,Litigation
C18760694,C10055,Litigation
C18760694,C10025,Debt
C18760695,C10055,Litigation
C18760696,C10055,Litigation
C18760697,C10055,Litigation
C18760698,C10055,Litigation
C18760699,C10055,Litigation
C18760700,C10055,Litigation
C18760700,C10025,Debt
C18760701,C10055,Litigation
C18760702,C10023,Crime
C18760702,C10055,Litigation
C18760703,C10055,Litigation
C18760703,C10025,Debt
C18760704,C10055,Litigation
C18760704,C10025,Debt
C18760705,C10055,Litigation
C18760705,C10022,Conveyancing
C18760706,C10023,Crime
C18760706,C10055,Litigation
C18760707,C10023,Crime
C18760707,C10055,Litigation
C18760707,C10056,Manors
C18760708,C10055,Litigation
C18760709,C10055,Litigation
C18760710,C10055,Litigation
C18760711,C10055,Litigation
C18760711,C10015,Common land
C18760712,C10055,Litigation
C18760712,C10056,Manors
C18760712,C10077,Pay and pensions
C18760713,C10055,Litigation
C18760714,C10055,Litigation
C18760714,C10056,Manors
C18760715,C10055,Litigation
C18760716,C10093,Religions
C18760716,C10055,Litigation
C18760716,C10077,Pay and pensions
C18760717,C10055,Litigation
C18760718,C10055,Litigation
C18760719,C10055,Litigation
C18760720,C10055,Litigation
C18760721,C10055,Litigation
C18760722,C10055,Litigation
C18760722,C10025,Debt
C18760723,C10055,Litigation
C18760723,C10025,Debt
C18760724,C10055,Litigation
C18760724,C10025,Debt
C18760725,C10055,Litigation
C18760725,C10056,Manors
C18760726,C10055,Litigation
C18760726,C10056,Manors
C18760727,C10055,Litigation
C18760728,C10055,Litigation
C18760729,C10055,Litigation
C18760730,C10055,Litigation
C18760730,C10025,Debt
C18760731,C10055,Litigation
C18760732,C10055,Litigation
C18760733,C10038,Fishing
C18760733,C10055,Litigation
C18760733,C10107,Tithes
C18760733,C10056,Manors
C18760734,C10055,Litigation
C18760735,C10055,Litigation
C18760736,C10055,Litigation
C18760736,C10036,Farming
C18760736,C10094,Religious discrimination and persecution
C18760737,C10055,Litigation
C18760737,C10056,Manors
C18760738,C10055,Litigation
C18760739,C10055,Litigation
C18760739,C10107,Tithes
C18760739,C10056,Manors
C18760740,C10055,Litigation
C18760741,C10055,Litigation
C18760742,C10055,Litigation
C18760742,C10056,Manors
C18760743,C10055,Litigation
C18760743,C10025,Debt
C18760744,C10038,Fishing
C18760744,C10055,Litigation
C18760745,C10055,Litigation
C18760745,C10025,Debt
C18760746,C10055,Litigation
C18760747,C10055,Litigation
C18760747,C10025,Debt
C18760748,C10055,Litigation
C18760748,C10025,Debt
C18760749,C10055,Litigation
C18760750,C10055,Litigation
C18760751,C10055,Litigation
C18760751,C10056,Manors
C18760752,C10055,Litigation
C18760753,C10055,Litigation
C18760753,C10072,Navy
C18760754,C10055,Litigation
C18760754,C10025,Debt
C18760755,C10055,Litigation
C18760755,C10025,Debt
C18760756,C10055,Litigation
C18760757,C10055,Litigation
C18760757,C10056,Manors
C18760758,C10055,Litigation
C18760758,C10056,Manors
C18760759,C10055,Litigation
C18760759,C10036,Farming
C18760760,C10055,Litigation
C18760761,C10055,Litigation
C18760762,C10055,Litigation
C18760763,C10055,Litigation
C18760764,C10055,Litigation
C18760764,C10007,Banking
C18760764,C10022,Conveyancing
C18760764,C10036,Farming
C18760765,C10055,Litigation
C18760765,C10056,Manors
C18760766,C10055,Litigation
C18760767,C10055,Litigation
C18760767,C10056,Manors
C18760768,C10055,Litigation
C18760769,C10055,Litigation
C18760769,C10056,Manors
C18760770,C10055,Litigation
C18760770,C10025,Debt
C18760771,C10055,Litigation
C18760772,C10055,Litigation
C18760773,C10055,Litigation
C18760773,C10056,Manors
C18760774,C10055,Litigation
C18760774,C10056,Manors
C18760775,C10055,Litigation
C18760775,C10056,Manors
C18760776,C10055,Litigation
C18760777,C10055,Litigation
C18760777,C10056,Manors
C18760778,C10055,Litigation
C18760779,C10055,Litigation
C18760779,C10056,Manors
C18760780,C10055,Litigation
C18760780,C10056,Manors
C18760781,C10055,Litigation
C18760781,C10025,Debt
C18760782,C10055,Litigation
C18760782,C10025,Debt
C18760783,C10055,Litigation
C18760784,C10055,Litigation
C18760784,C10022,Conveyancing
C18760785,C10055,Litigation
C18760785,C10056,Manors
C18760786,C10055,Litigation
C18760786,C10025,Debt
C18760787,C10055,Litigation
C18760788,C10055,Litigation
C18760789,C10055,Litigation
C18760790,C10055,Litigation
C18760791,C10055,Litigation
C18760792,C10055,Litigation
C18760793,C10055,Litigation
C18760794,C10055,Litigation
C18760794,C10056,Manors
C18760795,C10055,Litigation
C18760795,C10025,Debt
C18760796,C10023,Crime
C18760796,C10055,Litigation
C18760796,C10025,Debt
C18760797,C10055,Litigation
C18760797,C10012,Children
C18760798,C10055,Litigation
C18760798,C10025,Debt
C18760799,C10055,Litigation
C18760800,C10055,Litigation
C18760801,C10055,Litigation
C18760802,C10055,Litigation
C18760803,C10055,Litigation
C18760803,C10056,Manors
C18760804,C10055,Litigation
C18760804,C10056,Manors
C18760805,C10055,Litigation
C18760806,C10055,Litigation
C18760806,C10022,Conveyancing
C18760807,C10055,Litigation
C18760808,C10055,Litigation
C18760809,C10055,Litigation
C18760810,C10055,Litigation
C18760811,C10055,Litigation
C18760812,C10055,Litigation
C18760813,C10055,Litigation
C18760814,C10055,Litigation
C18760815,C10055,Litigation
C18760815,C10025,Debt
C18760816,C10055,Litigation
C18760816,C10056,Manors
C18760817,C10055,Litigation
C18760817,C10025,Debt
C18760817,C10080,Piracy and privateering
C18760818,C10055,Litigation
C18760819,C10055,Litigation
C18760820,C10055,Litigation
C18760820,C10107,Tithes
C18760821,C10055,Litigation
C18760822,C10055,Litigation
C18760823,C10055,Litigation
C18760824,C10055,Litigation
C18760824,C10056,Manors
C18760825,C10055,Litigation
C18760825,C10025,Debt
C18760826,C10055,Litigation
C18760827,C10055,Litigation
C18760828,C10055,Litigation
C18760829,C10055,Litigation
C18760830,C10055,Litigation
C18760831,C10055,Litigation
C18760832,C10055,Litigation
C18760833,C10055,Litigation
C18760834,C10055,Litigation
C18760834,C10025,Debt
C18760835,C10055,Litigation
C18760836,C10055,Litigation
C18760837,C10055,Litigation
C18760838,C10055,Litigation
C18760838,C10025,Debt
C18760838,C10052,Labour
C18760839,C10055,Litigation
C18760840,C10055,Litigation
C18760841,C10055,Litigation
C18760841,C10056,Manors
C18760842,C10055,Litigation
C18760842,C10007,Banking
C18760842,C10022,Conveyancing
C18760843,C10055,Litigation
C18760843,C10025,Debt
C18760844,C10055,Litigation
C18760845,C10059,Marriage and divorce
C18760845,C10055,Litigation
C18760845,C10025,Debt
C18760846,C10055,Litigation
C18760847,C10055,Litigation
C18760848,C10055,Litigation
C18765350,C10055,Litigation
C18765351,C10055,Litigation
C18765352,C10055,Litigation
C18765353,C10055,Litigation
C18765353,C10077,Pay and pensions
C18765354,C10055,Litigation
C18765355,C10055,Litigation
C18765355,C10077,Pay and pensions
C18765356,C10055,Litigation
C18765356,C10056,Manors
C18765357,C10055,Litigation
C18765358,C10055,Litigation
C18765358,C10025,Debt
C18765359,C10055,Litigation
C18765359,C10025,Debt
C18765360,C10055,Litigation
C18765360,C10025,Debt
C18765361,C10055,Litigation
C18765361,C10052,Labour
C18765362,C10055,Litigation
C18765363,C10055,Litigation
C18765364,C10055,Litigation
C18765364,C10056,Manors
C18765365,C10055,Litigation
C18765366,C10055,Litigation
C18765367,C10055,Litigation
C18765368,C10055,Litigation
C18765368,C10056,Manors
C18765369,C10023,Crime
C18765369,C10055,Litigation
C18765369,C10056,Manors
C18765370,C10055,Litigation
C18765371,C10055,Litigation
C18765372,C10055,Litigation
C18765373,C10055,Litigation
C18765373,C10025,Debt
C18765374,C10055,Litigation
C18765375,C10055,Litigation
C18765375,C10056,Manors
C18765376,C10055,Litigation
C18765377,C10055,Litigation
C18765378,C10055,Litigation
C18765379,C10055,Litigation
C18765380,C10055,Litigation
C18765381,C10055,Litigation
C18765382,C10055,Litigation
C18765382,C10056,Manors
C18765383,C10055,Litigation
C18765383,C10025,Debt
C18765384,C10055,Litigation
C18765385,C10055,Litigation
C18765385,C10025,Debt
C18765386,C10055,Litigation
C18765387,C10055,Litigation
C18765387,C10025,Debt
C18765388,C10055,Litigation
C18765389,C10055,Litigation
C18765390,C10055,Litigation
C18765391,C10055,Litigation
C18765392,C10055,Litigation
C18765393,C10055,Litigation
C18765394,C10055,Litigation
C18765395,C10055,Litigation
C18765396,C10055,Litigation
C18765396,C10056,Manors
C18765397,C10055,Litigation
C18765398,C10055,Litigation
C18765398,C10056,Manors
C18765399,C10055,Litigation
C18765400,C10055,Litigation
C18765401,C10055,Litigation
C18765402,C10055,Litigation
C18765403,C10055,Litigation
C18765403,C10056,Manors
C18765403,C10007,Banking
C18765403,C10022,Conveyancing
C18765404,C10055,Litigation
C18765405,C10055,Litigation
C18765406,C10055,Litigation
C18765407,C10055,Litigation
C18765408,C10055,Litigation
C18765409,C10055,Litigation
C18765410,C10055,Litigation
C18765411,C10055,Litigation
C18765411,C10025,Debt
C18765412,C10055,Litigation
C18765412,C10056,Manors
C18765413,C10055,Litigation
C18765413,C10025,Debt
C18765414,C10055,Litigation
C18765414,C10025,Debt
C18765415,C10055,Litigation
C18765416,C10055,Litigation
C18765416,C10107,Tithes
C18765416,C10056,Manors
C18765417,C10055,Litigation
C18765417,C10056,Manors
C18765418,C10055,Litigation
C18765418,C10056,Manors
C18765419,C10055,Litigation
C18765420,C10055,Litigation
C18765420,C10025,Debt
C18765421,C10055,Litigation
C18765422,C10055,Litigation
C18765422,C10056,Manors
C18765423,C10055,Litigation
C18765424,C10055,Litigation
C18765425,C10055,Litigation
C18765426,C10055,Litigation
C18765426,C10056,Manors
C18765427,C10055,Litigation
C18765428,C10055,Litigation
C18765429,C10055,Litigation
C18765429,C10056,Manors
C18765430,C10055,Litigation
C18765431,C10055,Litigation
C18765432,C10055,Litigation
C18765432,C10025,Debt
C18765433,C10055,Litigation
C18765433,C10116,Wills and probate
C18765434,C10055,Litigation
C18765434,C10025,Debt
C18765435,C10055,Litigation
C18765435,C10043,Government finances
C18765436,C10055,Litigation
C18765436,C10077,Pay and pensions
C18765437,C10055,Litigation
C18765438,C10059,Marriage and divorce
C18765438,C10055,Litigation
C18765439,C10055,Litigation
C18765440,C10055,Litigation
C18765441,C10055,Litigation
C18765442,C10023,Crime
C18765442,C10055,Litigation
C18765443,C10055,Litigation
C18765444,C10055,Litigation
C18765444,C10066,Mining and quarrying
C18765445,C10055,Litigation
C18765445,C10056,Manors
C18765446,C10059,Marriage and divorce
C18765446,C10055,Litigation
C18765446,C10025,Debt
C18765447,C10055,Litigation
C18765448,C10055,Litigation
C18765449,C10055,Litigation
C18765449,C10036,Farming
C18765450,C10055,Litigation
C18765450,C10056,Manors
C18765451,C10055,Litigation
C18765452,C10055,Litigation
C18765453,C10055,Litigation
C18765453,C10056,Manors
C18765454,C10055,Litigation
C18765454,C10056,Manors
C18765454,C10077,Pay and pensions
C18765455,C10055,Litigation
C18765456,C10055,Litigation
C18765457,C10039,Food and drink
C18765457,C10055,Litigation
C18765458,C10055,Litigation
C18765459,C10055,Litigation
C18765459,C10036,Farming
C18765460,C10055,Litigation
C18765460,C10025,Debt
C18765461,C10055,Litigation
C18765461,C10007,Banking
C18765461,C10022,Conveyancing
C18765462,C10055,Litigation
C18765463,C10055,Litigation
C18765463,C10025,Debt
C18765464,C10055,Litigation
C18765465,C10055,Litigation
C18765466,C10055,Litigation
C18765466,C10056,Manors
C18765467,C10055,Litigation
C18765467,C10025,Debt
C18765468,C10055,Litigation
C18765468,C10025,Debt
C18765469,C10055,Litigation
C18765470,C10055,Litigation
C18765470,C10056,Manors
C18765471,C10055,Litigation
C18765471,C10025,Debt
C18765472,C10055,Litigation
C18765473,C10055,Litigation
C18765474,C10055,Litigation
C18765475,C10055,Litigation
C18765476,C10055,Litigation
C18765476,C10022,Conveyancing
C18765477,C10039,Food and drink
C18765477,C10055,Litigation
C18765478,C10055,Litigation
C18765478,C10056,Manors
C18765479,C10055,Litigation
C18765479,C10025,Debt
C18765480,C10055,Litigation
C18765481,C10055,Litigation
C18765481,C10025,Debt
C18765482,C10055,Litigation
C18765483,C10055,Litigation
C18769616,C10055,Litigation
C18769616,C10056,Manors
C18769617,C10055,Litigation
C18769617,C10025,Debt
C18769617,C10007,Banking
C18769617,C10022,Conveyancing
C18769618,C10055,Litigation
C18769619,C10055,Litigation
C18769620,C10055,Litigation
C18769620,C10056,Manors
C18769621,C10055,Litigation
C18769621,C10056,Manors
C18769622,C10055,Litigation
C18769623,C10055,Litigation
C18769623,C10025,Debt
C18769624,C10055,Litigation
C18769625,C10055,Litigation
C18769626,C10055,Litigation
C18769626,C10056,Manors
C18769627,C10055,Litigation
C18769628,C10055,Litigation
C18769628,C10108,Trade and commerce
C18769629,C10055,Litigation
C18769630,C10039,Food and drink
C18769630,C10055,Litigation
C18769631,C10059,Marriage and divorce
C18769631,C10055,Litigation
C18769632,C10055,Litigation
C18769632,C10025,Debt
C18769633,C10055,Litigation
C18769634,C10055,Litigation
C18769635,C10055,Litigation
C18769636,C10055,Litigation
C18769637,C10055,Litigation
C18769637,C10025,Debt
C18769638,C10055,Litigation
C18769638,C10077,Pay and pensions
C18769639,C10055,Litigation
C18769639,C10025,Debt
C18769640,C10059,Marriage and divorce
C18769640,C10055,Litigation
C18769641,C10055,Litigation
C18769642,C10055,Litigation
C18769643,C10055,Litigation
C18769644,C10055,Litigation
C18769644,C10056,Manors
C18769645,C10055,Litigation
C18769646,C10055,Litigation
C18769647,C10055,Litigation
C18769647,C10025,Debt
C18769648,C10055,Litigation
C18769649,C10055,Litigation
C18769649,C10056,Manors
C18769650,C10055,Litigation
C18769650,C10056,Manors
C18769651,C10055,Litigation
C18769652,C10055,Litigation
C18769653,C10055,Litigation
C18769653,C10107,Tithes
C18769653,C10056,Manors
C18769654,C10055,Litigation
C18769655,C10055,Litigation
C18769655,C10056,Manors
C18769656,C10055,Litigation
C18769656,C10013,Clothing
C18769657,C10055,Litigation
C18769657,C10056,Manors
C18769658,C10055,Litigation
C18769659,C10055,Litigation
C18769659,C10007,Banking
C18769659,C10022,Conveyancing
C18769660,C10055,Litigation
C18769661,C10055,Litigation
C18769662,C10055,Litigation
C18769662,C10056,Manors
C18769663,C10055,Litigation
C18769664,C10055,Litigation
C18769664,C10056,Manors
C18769665,C10055,Litigation
C18769665,C10040,Forestry
C18769666,C10055,Litigation
C18769666,C10056,Manors
C18769667,C10055,Litigation
C18769667,C10107,Tithes
C18769668,C10055,Litigation
C18769669,C10055,Litigation
C18769669,C10025,Debt
C18769670,C10055,Litigation
C18769671,C10055,Litigation
C18769672,C10055,Litigation
C18769673,C10055,Litigation
C18769673,C10025,Debt
C18769674,C10055,Litigation
C18769675,C10055,Litigation
C18769675,C10025,Debt
C18769676,C10055,Litigation
C18769677,C10055,Litigation
C18769678,C10055,Litigation
C18769679,C10055,Litigation
C18769680,C10055,Litigation
C18769681,C10055,Litigation
C18769682,C10055,Litigation
C18769683,C10055,Litigation
C18769683,C10056,Manors
C18769684,C10055,Litigation
C18769684,C10056,Manors
C18769685,C10055,Litigation
C18769685,C10025,Debt
C18769686,C10055,Litigation
C18769687,C10055,Litigation
C18769688,C10055,Litigation
C18769689,C10055,Litigation
C18769689,C10025,Debt
C18769690,C10055,Litigation
C18769691,C10055,Litigation
C18769691,C10056,Manors
C18769692,C10055,Litigation
C18769693,C10055,Litigation
C18769694,C10055,Litigation
C18769694,C10056,Manors
C18769695,C10055,Litigation
C18769695,C10056,Manors
C18769695,C10007,Banking
C18769695,C10022,Conveyancing
C18769696,C10055,Litigation
C18769697,C10023,Crime
C18769697,C10055,Litigation
C18769698,C10055,Litigation
C18769699,C10055,Litigation
C18769699,C10007,Banking
C18769699,C10022,Conveyancing
C18769700,C10055,Litigation
C18769701,C10055,Litigation
C18769701,C10022,Conveyancing
C18769702,C10055,Litigation
C18769702,C10056,Manors
C18769703,C10055,Litigation
C18769704,C10055,Litigation
C18769704,C10056,Manors
C18769705,C10055,Litigation
C18769706,C10055,Litigation
C18769706,C10025,Debt
C18769707,C10055,Litigation
C18769707,C10025,Debt
C18769708,C10055,Litigation
C18769709,C10055,Litigation
C18769709,C10056,Manors
C18769710,C10059,Marriage and divorce
C18769710,C10055,Litigation
C18769711,C10055,Litigation
C18769711,C10056,Manors
C18769712,C10055,Litigation
C18769712,C10025,Debt
C18769713,C10055,Litigation
C18769714,C10055,Litigation
C18769715,C10055,Litigation
C18769715,C10036,Farming
C18769716,C10055,Litigation
C18769716,C10025,Debt
C18769717,C10055,Litigation
C18769717,C10025,Debt
C18769718,C10055,Litigation
C18769719,C10055,Litigation
C18769719,C10036,Farming
C18769720,C10055,Litigation
C18769720,C10056,Manors
C18769721,C10055,Litigation
C18769722,C10055,Litigation
C18769722,C10077,Pay and pensions
C18769723,C10055,Litigation
C18769723,C10025,Debt
C18769724,C10055,Litigation
C18769724,C10025,Debt
C18769725,C10055,Litigation
C18769725,C10056,Manors
C18769726,C10055,Litigation
C18769726,C10056,Manors
C18769727,C10055,Litigation
C18769728,C10055,Litigation
C18769729,C10055,Litigation
C18769729,C10025,Debt
C18769730,C10055,Litigation
C18769730,C10025,Debt
C18769731,C10055,Litigation
C18769732,C10055,Litigation
C18769733,C10055,Litigation
C18769734,C10055,Litigation
C18769735,C10059,Marriage and divorce
C18769735,C10055,Litigation
C18823935,C10055,Litigation
C18823936,C10055,Litigation
C18823936,C10025,Debt
C18823937,C10055,Litigation
C18823937,C10077,Pay and pensions
C18823938,C10055,Litigation
C18823939,C10055,Litigation
C18823940,C10055,Litigation
C18823941,C10055,Litigation
C18823942,C10055,Litigation
C18823943,C10055,Litigation
C18823943,C10056,Manors
C18823944,C10055,Litigation
C18823944,C10025,Debt
C18823945,C10055,Litigation
C18823945,C10025,Debt
C18823946,C10055,Litigation
C18823947,C10055,Litigation
C18823948,C10055,Litigation
C18823948,C10056,Manors
C18823949,C10055,Litigation
C18823950,C10055,Litigation
C18823950,C10025,Debt
C18823951,C10055,Litigation
C18823952,C10055,Litigation
C18823953,C10055,Litigation
C18823954,C10055,Litigation
C18823954,C10025,Debt
C18823955,C10055,Litigation
C18823956,C10055,Litigation
C18823957,C10055,Litigation
C18823958,C10055,Litigation
C18823959,C10055,Litigation
C18823960,C10055,Litigation
C18823961,C10055,Litigation
C18823961,C10056,Manors
C18823962,C10055,Litigation
C18823962,C10056,Manors
C18823963,C10055,Litigation
C18823963,C10056,Manors
C18823964,C10055,Litigation
C18823964,C10086,Public disorder
C18823965,C10055,Litigation
C18823965,C10025,Debt
C18823966,C10055,Litigation
C18823966,C10025,Debt
C18823967,C10055,Litigation
C18823967,C10014,Coal
C18823968,C10055,Litigation
C18823969,C10055,Litigation
C18823969,C10056,Manors
C18823970,C10055,Litigation
C18823971,C10055,Litigation
C18823972,C10055,Litigation
C18823972,C10056,Manors
C18823973,C10055,Litigation
C18823974,C10055,Litigation
C18823975,C10055,Litigation
C18823976,C10055,Litigation
C18823976,C10107,Tithes
C18823977,C10055,Litigation
C18823978,C10055,Litigation
C18823979,C10055,Litigation
C18823979,C10107,Tithes
C18823979,C10056,Manors
C18823980,C10055,Litigation
C18823981,C10055,Litigation
C18823981,C10077,Pay and pensions
C18823982,C10055,Litigation
C18823983,C10059,Marriage and divorce
C18823983,C10055,Litigation
C18823984,C10055,Litigation
C18823985,C10055,Litigation
C18823986,C10055,Litigation
C18823987,C10055,Litigation
C18823988,C10055,Litigation
C18823989,C10055,Litigation
C18823989,C10025,Debt
C18823990,C10055,Litigation
C18823991,C10055,Litigation
C18823992,C10055,Litigation
C18823993,C10055,Litigation
C18823994,C10059,Marriage and divorce
C18823994,C10055,Litigation
C18823995,C10055,Litigation
C18823995,C10077,Pay and pensions
C18823996,C10055,Litigation
C18823997,C10055,Litigation
C18823997,C10025,Debt
C18823998,C10055,Litigation
C18823999,C10055,Litigation
C18824000,C10055,Litigation
C18824000,C10107,Tithes
C18824000,C10056,Manors
C18824001,C10055,Litigation
C18824001,C10056,Manors
C18824002,C10055,Litigation
C18824002,C10025,Debt
C18824003,C10055,Litigation
C18824004,C10055,Litigation
C18824005,C10055,Litigation
C18824006,C10055,Litigation
C18824007,C10055,Litigation
C18824008,C10055,Litigation
C18824008,C10056,Manors
C18824009,C10055,Litigation
C18824009,C10025,Debt
C18824010,C10055,Litigation
C18824011,C10055,Litigation
C18824012,C10055,Litigation
C18824012,C10056,Manors
C18824013,C10055,Litigation
C18824013,C10025,Debt
C18824014,C10055,Litigation
C18824015,C10055,Litigation
C18824016,C10055,Litigation
C18824016,C10025,Debt
C18824017,C10055,Litigation
C18824018,C10055,Litigation
C18824018,C10056,Manors
C18824019,C10023,Crime
C18824019,C10055,Litigation
C18824020,C10055,Litigation
C18824020,C10025,Debt
C18824021,C10055,Litigation
C18824021,C10056,Manors
C18824022,C10055,Litigation
C18824023,C10093,Religions
C18824023,C10111,Treason and rebellion
C18824023,C10055,Litigation
C18824024,C10055,Litigation
C18824025,C10055,Litigation
C18824025,C10056,Manors
C18824026,C10055,Litigation
C18824027,C10055,Litigation
C18824028,C10059,Marriage and divorce
C18824028,C10055,Litigation
C18824029,C10055,Litigation
C18824030,C10055,Litigation
C18824030,C10056,Manors
C18824031,C10055,Litigation
C18824032,C10055,Litigation
C18824032,C10025,Debt
C18824033,C10055,Litigation
C18824034,C10055,Litigation
C18824034,C10025,Debt
C18824035,C10055,Litigation
C18824036,C10055,Litigation
C18824037,C10055,Litigation
C18824038,C10055,Litigation
C18824039,C10055,Litigation
C18824040,C10055,Litigation
C18824040,C10056,Manors
C18824041,C10039,Food and drink
C18824041,C10055,Litigation
C18824042,C10055,Litigation
C18824043,C10055,Litigation
C18824043,C10036,Farming
C18824044,C10055,Litigation
C18824044,C10056,Manors
C18824045,C10055,Litigation
C18824046,C10055,Litigation
C18824047,C10055,Litigation
C18824048,C10055,Litigation
C18824049,C10055,Litigation
C18824049,C10025,Debt
C18824050,C10055,Litigation
C18824051,C10055,Litigation
C18824052,C10055,Litigation
C18824053,C10055,Litigation
C18824054,C10055,Litigation
C18824055,C10055,Litigation
C18824056,C10055,Litigation
C18824057,C10055,Litigation
C18824058,C10055,Litigation
C18824058,C10025,Debt
C18824059,C10055,Litigation
C18824060,C10055,Litigation
C18824061,C10055,Litigation
C18824062,C10055,Litigation
C18824062,C10025,Debt
C18824063,C10055,Litigation
C18824063,C10025,Debt
C18824064,C10055,Litigation
C18824065,C10055,Litigation
C18824065,C10056,Manors
C18824066,C10055,Litigation
C18824066,C10025,Debt
C18824067,C10055,Litigation
C18824068,C10055,Litigation
C18824068,C10056,Manors
C18824069,C10055,Litigation
C18824069,C10025,Debt
C18824070,C10055,Litigation
C18824070,C10056,Manors
C18824071,C10131,Europe and Russia
C18824071,C10055,Litigation
C18824071,C10025,Debt
C18824072,C10055,Litigation
C18824073,C10055,Litigation
C18824074,C10055,Litigation
C18824075,C10055,Litigation
C18824075,C10025,Debt
C18824076,C10055,Litigation
C18824077,C10055,Litigation
C18824077,C10025,Debt
C18824078,C10055,Litigation
C18824079,C10055,Litigation
C18824079,C10056,Manors
C18824080,C10055,Litigation
C18824080,C10025,Debt
C18824081,C10055,Litigation
C18824082,C10055,Litigation
C18824083,C10055,Litigation
C18824084,C10055,Litigation
C18824084,C10025,Debt
C18824085,C10055,Litigation
C18824085,C10007,Banking
C18824085,C10022,Conveyancing
C18824086,C10055,Litigation
C18824087,C10055,Litigation
C18824088,C10055,Litigation
C18824088,C10056,Manors
C18824089,C10055,Litigation
C18824090,C10055,Litigation
C18824090,C10025,Debt
C18824091,C10055,Litigation
C18824091,C10036,Farming
C18824092,C10055,Litigation
C18824092,C10077,Pay and pensions
C18824093,C10055,Litigation
C18824094,C10055,Litigation
C18824095,C10055,Litigation
C18824096,C10059,Marriage and divorce
C18824096,C10055,Litigation
C18824097,C10055,Litigation
C18824098,C10055,Litigation
C18824098,C10036,Farming
C18824099,C10055,Litigation
C18824099,C10025,Debt
C18824100,C10055,Litigation
C18824101,C10055,Litigation
C18824102,C10055,Litigation
C18824103,C10055,Litigation
C18824104,C10055,Litigation
C18824105,C10055,Litigation
C18824105,C10040,Forestry
C18824106,C10055,Litigation
C18824106,C10056,Manors
C18824107,C10055,Litigation
C18824107,C10056,Manors
C18824108,C10055,Litigation
C18824109,C10055,Litigation
C18824109,C10056,Manors
C18824110,C10055,Litigation
C18824111,C10055,Litigation
C18824111,C10056,Manors
C18824112,C10055,Litigation
C18824112,C10056,Manors
C18824113,C10055,Litigation
C18824114,C10055,Litigation
C18824114,C10056,Manors
C18824115,C10055,Litigation
C18824115,C10056,Manors
C18824116,C10055,Litigation
C18824117,C10055,Litigation
C18824118,C10055,Litigation
C18824118,C10025,Debt
C18824119,C10055,Litigation
C18824119,C10077,Pay and pensions
C18824120,C10055,Litigation
C18824120,C10025,Debt
C18824121,C10059,Marriage and divorce
C18824121,C10055,Litigation
C18824122,C10055,Litigation
C18824122,C10007,Banking
C18824122,C10022,Conveyancing
C18824123,C10055,Litigation
C18824124,C10055,Litigation
C18824125,C10055,Litigation
C18824125,C10056,Manors
C18824126,C10055,Litigation
C18824126,C10056,Manors
C18824127,C10055,Litigation
C18824127,C10108,Trade and commerce
C18824128,C10055,Litigation
C18824129,C10055,Litigation
C18824129,C10056,Manors
C18824130,C10059,Marriage and divorce
C18824130,C10055,Litigation
C18824131,C10055,Litigation
C18824132,C10055,Litigation
C18824132,C10056,Manors
C18824133,C10055,Litigation
C18824134,C10055,Litigation
C18824135,C10055,Litigation
C18824135,C10056,Manors
C18824136,C10055,Litigation
C18824137,C10055,Litigation
C18824137,C10022,Conveyancing
C18824138,C10055,Litigation
C18824138,C10107,Tithes
C18824139,C10055,Litigation
C18824140,C10055,Litigation
C18824141,C10055,Litigation
C18824142,C10055,Litigation
C18824143,C10055,Litigation
C18824144,C10055,Litigation
C18824144,C10025,Debt
C18824145,C10055,Litigation
C18824146,C10055,Litigation
C18824147,C10059,Marriage and divorce
C18824147,C10055,Litigation
C18824148,C10039,Food and drink
C18824148,C10055,Litigation
C18824148,C10025,Debt
C18824149,C10059,Marriage and divorce
C18824149,C10055,Litigation
C18824149,C10022,Conveyancing
C18824150,C10055,Litigation
C18824151,C10055,Litigation
C18824152,C10055,Litigation
C18824153,C10055,Litigation
C18824153,C10056,Manors
C18824154,C10055,Litigation
C18824155,C10023,Crime
C18824155,C10055,Litigation
C18824156,C10055,Litigation
C18824156,C10056,Manors
C18824157,C10055,Litigation
C18824157,C10025,Debt
C18824158,C10055,Litigation
C18824158,C10025,Debt
C18824159,C10055,Litigation
C18824160,C10055,Litigation
C18824160,C10025,Debt
C18824161,C10055,Litigation
C18824162,C10055,Litigation
C18824162,C10025,Debt
C18824163,C10055,Litigation
C18824163,C10040,Forestry
C18824164,C10055,Litigation
C18824164,C10025,Debt
C18824165,C10055,Litigation
C18824166,C10055,Litigation
C18824166,C10007,Banking
C18824166,C10022,Conveyancing
C18824167,C10055,Litigation
C18824168,C10055,Litigation
C18824169,C10055,Litigation
C18824170,C10055,Litigation
C18824170,C10077,Pay and pensions
C18824171,C10055,Litigation
C18824171,C10056,Manors
C18824172,C10055,Litigation
C18824172,C10107,Tithes
C18824172,C10056,Manors
C18824173,C10055,Litigation
C18824174,C10055,Litigation
C18824175,C10055,Litigation
C18824175,C10056,Manors
C18824176,C10055,Litigation
C18824177,C10055,Litigation
C18824178,C10055,Litigation
C18824179,C10055,Litigation
C18824179,C10025,Debt
C18824180,C10055,Litigation
C18824180,C10056,Manors
C18824181,C10055,Litigation
C18824181,C10025,Debt
C18824182,C10055,Litigation
C18824183,C10055,Litigation
C18824184,C10055,Litigation
C18824185,C10055,Litigation
C18824186,C10055,Litigation
C18824187,C10055,Litigation
C18824188,C10055,Litigation
C18824188,C10056,Manors
C18824189,C10055,Litigation
C18824190,C10055,Litigation
C18824191,C10055,Litigation
C18824192,C10055,Litigation
C18824193,C10059,Marriage and divorce
C18824193,C10055,Litigation
C18824193,C10056,Manors
C18824194,C10055,Litigation
C18824195,C10055,Litigation
C18824196,C10055,Litigation
C18824197,C10055,Litigation
C18824197,C10025,Debt
C18824198,C10055,Litigation
C18824199,C10093,Religions
C18824199,C10055,Litigation
C18824200,C10055,Litigation
C18824201,C10055,Litigation
C18824202,C10055,Litigation
C18824203,C10055,Litigation
C18824204,C10055,Litigation
C18824205,C10055,Litigation
C18824205,C10056,Manors
C18824206,C10055,Litigation
C18824207,C10055,Litigation
C18824208,C10055,Litigation
C18824209,C10055,Litigation
C18824209,C10025,Debt
C18824209,C10013,Clothing
C18824210,C10055,Litigation
C18824211,C10059,Marriage and divorce
C18824211,C10055,Litigation
C18824212,C10055,Litigation
C18824213,C10055,Litigation
C18824214,C10055,Litigation
C18824215,C10055,Litigation
C18824215,C10056,Manors
C18824216,C10055,Litigation
C18824216,C10056,Manors
C18824217,C10055,Litigation
C18824217,C10056,Manors
C18824218,C10023,Crime
C18824218,C10055,Litigation
C18824219,C10055,Litigation
C18824220,C10055,Litigation
C18824220,C10056,Manors
C18824221,C10055,Litigation
C18824222,C10055,Litigation
C18824223,C10055,Litigation
C18824223,C10025,Debt
C18824224,C10055,Litigation
C18824225,C10055,Litigation
C18824226,C10055,Litigation
C18824227,C10055,Litigation
C18824227,C10025,Debt
C18824228,C10055,Litigation
C18824229,C10055,Litigation
C18824230,C10055,Litigation
C18824231,C10055,Litigation
C18824232,C10055,Litigation
C18824233,C10055,Litigation
C18824234,C10055,Litigation
C18824235,C10059,Marriage and divorce
C18824235,C10055,Litigation
C18824236,C10055,Litigation
C18824236,C10077,Pay and pensions
C18824237,C10055,Litigation
C18824237,C10056,Manors
C18824238,C10055,Litigation
C18824239,C10055,Litigation
C18824240,C10055,Litigation
C18824241,C10055,Litigation
C18824241,C10056,Manors
C18824242,C10055,Litigation
C18824243,C10055,Litigation
C18824243,C10056,Manors
C18824244,C10055,Litigation
C18824244,C10056,Manors
C18824245,C10055,Litigation
C18824246,C10055,Litigation
C18824246,C10025,Debt
C18824247,C10055,Litigation
C18824247,C10056,Manors
C18824247,C10077,Pay and pensions
C18824248,C10055,Litigation
C18824249,C10055,Litigation
C18824250,C10055,Litigation
C18824250,C10056,Manors
C18824251,C10055,Litigation
C18824252,C10055,Litigation
C18824252,C10025,Debt
C18824253,C10055,Litigation
C18824254,C10055,Litigation
C18824254,C10056,Manors
C18824255,C10055,Litigation
C18824256,C10055,Litigation
C18824256,C10025,Debt
C18824257,C10055,Litigation
C18824257,C10025,Debt
C18824258,C10055,Litigation
C18824259,C10055,Litigation
C18824259,C10033,Education
C18824260,C10055,Litigation
C18824260,C10025,Debt
C18824261,C10055,Litigation
C18824261,C10056,Manors
C18824262,C10055,Litigation
C18824263,C10055,Litigation
C18824263,C10056,Manors
C18824264,C10055,Litigation
C18824265,C10055,Litigation
C18824266,C10055,Litigation
C18824267,C10055,Litigation
C18824268,C10055,Litigation
C18824269,C10055,Litigation
C18824269,C10056,Manors
C18824270,C10055,Litigation
C18824271,C10055,Litigation
C18824271,C10025,Debt
C18824272,C10055,Litigation
C18824273,C10055,Litigation
C18824273,C10025,Debt
C18824274,C10055,Litigation
C18824275,C10055,Litigation
C18824276,C10055,Litigation
C18824276,C10025,Debt
C18824277,C10055,Litigation
C18824277,C10025,Debt
C18824278,C10055,Litigation
C18824278,C10107,Tithes
C18824279,C10055,Litigation
C18824279,C10025,Debt
C18824280,C10055,Litigation
C18824280,C10056,Manors
C18824281,C10055,Litigation
C18824282,C10055,Litigation
C18824282,C10056,Manors
C18824283,C10055,Litigation
C18824283,C10025,Debt
C18824284,C10055,Litigation
C18824285,C10055,Litigation
C18824285,C10056,Manors
C18824286,C10055,Litigation
C18824287,C10055,Litigation
C18824287,C10056,Manors
C18824288,C10055,Litigation
C18824289,C10055,Litigation
C18824289,C10036,Farming
C18824290,C10055,Litigation
C18824291,C10055,Litigation
C18824292,C10055,Litigation
C18824292,C10056,Manors
C18824293,C10055,Litigation
C18824294,C10055,Litigation
C18824295,C10055,Litigation
C18824296,C10055,Litigation
C18824297,C10055,Litigation
C18824298,C10055,Litigation
C18824299,C10055,Litigation
C18824299,C10025,Debt
C18824300,C10055,Litigation
C18824301,C10055,Litigation
C18824301,C10056,Manors
C18824302,C10055,Litigation
C18824303,C10055,Litigation
C18824303,C10056,Manors
C18824304,C10055,Litigation
C18824305,C10055,Litigation
C18824306,C10055,Litigation
C18824307,C10055,Litigation
C18824307,C10056,Manors
C18824308,C10055,Litigation
C18824308,C10056,Manors
C18824309,C10055,Litigation
C18824309,C10025,Debt
C18824310,C10055,Litigation
C18824310,C10077,Pay and pensions
C18824311,C10055,Litigation
C18824312,C10055,Litigation
C18824313,C10055,Litigation
C18824314,C10055,Litigation
C18824314,C10077,Pay and pensions
C18824315,C10055,Litigation
C18824315,C10056,Manors
C18824316,C10055,Litigation
C18824317,C10055,Litigation
C18824317,C10056,Manors
C18824318,C10055,Litigation
C18824319,C10055,Litigation
C18824320,C10055,Litigation
C18824321,C10055,Litigation
C18824322,C10055,Litigation
C18824322,C10056,Manors
C18824323,C10055,Litigation
C18824324,C10055,Litigation
C18824325,C10059,Marriage and divorce
C18824325,C10055,Litigation
C18824326,C10055,Litigation
C18824327,C10055,Litigation
C18824327,C10025,Debt
C18824328,C10055,Litigation
C18824328,C10056,Manors
C18824329,C10055,Litigation
C18824329,C10025,Debt
C18824330,C10055,Litigation
C18824330,C10056,Manors
C18824331,C10055,Litigation
C18824332,C10055,Litigation
C18824333,C10055,Litigation
C18824333,C10025,Debt
C18824334,C10055,Litigation
C18824334,C10007,Banking
C18824334,C10022,Conveyancing
C18824335,C10055,Litigation
C18824336,C10055,Litigation
C18824336,C10025,Debt
C18824337,C10055,Litigation
C18824338,C10055,Litigation
C18824338,C10077,Pay and pensions
C18824339,C10055,Litigation
C18824340,C10055,Litigation
C18824341,C10059,Marriage and divorce
C18824341,C10055,Litigation
C18824342,C10055,Litigation
C18824343,C10055,Litigation
C18824344,C10055,Litigation
C18824344,C10025,Debt
C18824345,C10055,Litigation
C18824345,C10056,Manors
C18824346,C10055,Litigation
C18824346,C10116,Wills and probate
C18824347,C10055,Litigation
C18824347,C10025,Debt
C18824348,C10055,Litigation
C18824349,C10055,Litigation
C18824350,C10055,Litigation
C18824351,C10055,Litigation
C18824352,C10055,Litigation
C18824353,C10055,Litigation
C18824354,C10055,Litigation
C18824355,C10055,Litigation
C18824356,C10055,Litigation
C18824356,C10056,Manors
C18824357,C10055,Litigation
C18824358,C10055,Litigation
C18824359,C10131,Europe and Russia
C18824359,C10055,Litigation
C18824359,C10056,Manors
C18824360,C10055,Litigation
C18824361,C10055,Litigation
C18824361,C10056,Manors
C18824362,C10055,Litigation
C18824363,C10055,Litigation
C18824364,C10055,Litigation
C18824364,C10056,Manors
C18824365,C10055,Litigation
C18824366,C10055,Litigation
C18824367,C10055,Litigation
C18824368,C10055,Litigation
C18824369,C10055,Litigation
C18824370,C10055,Litigation
C18824371,C10055,Litigation
C18824372,C10055,Litigation
C18824373,C10055,Litigation
C18824374,C10055,Litigation
C18824375,C10055,Litigation
C18824376,C10055,Litigation
C18824376,C10025,Debt
C18824377,C10055,Litigation
C18824377,C10056,Manors
C18824378,C10055,Litigation
C18824379,C10055,Litigation
C18824380,C10055,Litigation
C18828398,C10055,Litigation
C18828399,C10055,Litigation
C18828399,C10040,Forestry
C18828400,C10055,Litigation
C18828400,C10056,Manors
C18828401,C10055,Litigation
C18828402,C10055,Litigation
C18828402,C10056,Manors
C18828403,C10055,Litigation
C18828404,C10055,Litigation
C18828404,C10025,Debt
C18828405,C10055,Litigation
C18828406,C10055,Litigation
C18828407,C10055,Litigation
C18828407,C10056,Manors
C18828408,C10055,Litigation
C18828408,C10025,Debt
C18828409,C10055,Litigation
C18828409,C10036,Farming
C18828410,C10055,Litigation
C18828410,C10025,Debt
C18828411,C10055,Litigation
C18828412,C10055,Litigation
C18828413,C10055,Litigation
C18828414,C10059,Marriage and divorce
C18828414,C10055,Litigation
C18828415,C10055,Litigation
C18828416,C10055,Litigation
C18828416,C10056,Manors
C18828417,C10055,Litigation
C18828417,C10025,Debt
C18828418,C10055,Litigation
C18828418,C10025,Debt
C18828419,C10055,Litigation
C18828420,C10055,Litigation
C18828421,C10055,Litigation
C18828421,C10025,Debt
C18828422,C10055,Litigation
C18828423,C10055,Litigation
C18828424,C10055,Litigation
C18828425,C10055,Litigation
C18828425,C10025,Debt
C18828426,C10055,Litigation
C18828426,C10056,Manors
C18828427,C10055,Litigation
C18828428,C10055,Litigation
C18828429,C10055,Litigation
C18828429,C10025,Debt
C18828430,C10055,Litigation
C18828431,C10055,Litigation
C18828432,C10055,Litigation
C18828433,C10055,Litigation
C18828434,C10055,Litigation
C18828435,C10055,Litigation
C18828436,C10055,Litigation
C18828437,C10055,Litigation
C18828438,C10055,Litigation
C18828439,C10093,Religions
C18828439,C10055,Litigation
C18828440,C10055,Litigation
C18828440,C10056,Manors
C18828441,C10055,Litigation
C18828441,C10025,Debt
C18828442,C10055,Litigation
C18828443,C10055,Litigation
C18828444,C10055,Litigation
C18828445,C10055,Litigation
C18828445,C10056,Manors
C18828446,C10055,Litigation
C18828446,C10056,Manors
C18828447,C10055,Litigation
C18828447,C10056,Manors
C18828448,C10055,Litigation
C18828448,C10056,Manors
C18828449,C10055,Litigation
C18828450,C10055,Litigation
C18828451,C10055,Litigation
C18828451,C10056,Manors
C18828452,C10055,Litigation
C18828452,C10056,Manors
C18828453,C10055,Litigation
C18828453,C10056,Manors
C18828454,C10055,Litigation
C18828455,C10055,Litigation
C18828456,C10055,Litigation
C18828456,C10025,Debt
C18828457,C10055,Litigation
C18828458,C10055,Litigation
C18828459,C10055,Litigation
C18828460,C10055,Litigation
C18828461,C10055,Litigation
C18828462,C10055,Litigation
C18828463,C10055,Litigation
C18828464,C10055,Litigation
C18828465,C10055,Litigation
C18828465,C10025,Debt
C18828466,C10055,Litigation
C18828466,C10025,Debt
C18828467,C10055,Litigation
C18828467,C10056,Manors
C18828468,C10055,Litigation
C18828469,C10055,Litigation
C18828469,C10036,Farming
C18828470,C10055,Litigation
C18828470,C10025,Debt
C18828471,C10055,Litigation
C18828471,C10025,Debt
C18828472,C10055,Litigation
C18828473,C10055,Litigation
C18828474,C10055,Litigation
C18828475,C10055,Litigation
C18828476,C10055,Litigation
C18828476,C10025,Debt
C18828477,C10055,Litigation
C18828478,C10055,Litigation
C18828479,C10055,Litigation
C18828479,C10056,Manors
C18828480,C10055,Litigation
C18828481,C10055,Litigation
C18828482,C10055,Litigation
C18828482,C10025,Debt
C18828483,C10055,Litigation
C18828483,C10025,Debt
C18828484,C10059,Marriage and divorce
C18828484,C10055,Litigation
C18828485,C10055,Litigation
C18828486,C10055,Litigation
C18828486,C10056,Manors
C18828487,C10055,Litigation
C18828487,C10007,Banking
C18828487,C10022,Conveyancing
C18828488,C10055,Litigation
C18828489,C10055,Litigation
C18828490,C10055,Litigation
C18828491,C10055,Litigation
C18828492,C10055,Litigation
C18828492,C10056,Manors
C18828493,C10055,Litigation
C18828494,C10055,Litigation
C18828495,C10055,Litigation
C18828496,C10055,Litigation
C18828496,C10025,Debt
C18828497,C10055,Litigation
C18828498,C10055,Litigation
C18828499,C10055,Litigation
C18828500,C10055,Litigation
C18828500,C10025,Debt
C18828501,C10055,Litigation
C18828502,C10055,Litigation
C18828502,C10025,Debt
C18828503,C10055,Litigation
C18828504,C10055,Litigation
C18828504,C10025,Debt
C18828505,C10055,Litigation
C18828506,C10055,Litigation
C18828506,C10056,Manors
C18828506,C10036,Farming
C18828507,C10055,Litigation
C18828507,C10056,Manors
C18828508,C10023,Crime
C18828508,C10055,Litigation
C18828509,C10055,Litigation
C18828510,C10055,Litigation
C18828510,C10025,Debt
C18828511,C10055,Litigation
C18828511,C10056,Manors
C18828512,C10055,Litigation
C18828513,C10055,Litigation
C18828514,C10055,Litigation
C18828515,C10055,Litigation
C18828516,C10055,Litigation
C18828516,C10056,Manors
C18828517,C10055,Litigation
C18828517,C10056,Manors
C18828518,C10055,Litigation
C18828518,C10025,Debt
C18828519,C10055,Litigation
C18828519,C10132,Ireland
C18828519,C10025,Debt
C18828520,C10055,Litigation
C18828521,C10055,Litigation
C18828521,C10040,Forestry
C18828522,C10055,Litigation
C18828523,C10055,Litigation
C18828523,C10056,Manors
C18828524,C10055,Litigation
C18828524,C10025,Debt
C18828525,C10055,Litigation
C18828525,C10025,Debt
C18828526,C10055,Litigation
C18828526,C10056,Manors
C18828527,C10055,Litigation
C18828528,C10055,Litigation
C18828529,C10055,Litigation
C18828530,C10055,Litigation
C18828531,C10023,Crime
C18828531,C10059,Marriage and divorce
C18828531,C10055,Litigation
C18828532,C10055,Litigation
C18828533,C10055,Litigation
C18828533,C10025,Debt
C18828534,C10055,Litigation
C18828535,C10055,Litigation
C18828536,C10055,Litigation
C18828537,C10055,Litigation
C18828538,C10055,Litigation
C18828538,C10056,Manors
C18828539,C10055,Litigation
C18828540,C10055,Litigation
C18828541,C10055,Litigation
C18828541,C10025,Debt
C18828542,C10055,Litigation
C18828542,C10107,Tithes
C18828543,C10055,Litigation
C18828543,C10025,Debt
C18828544,C10131,Europe and Russia
C18828544,C10055,Litigation
C18828545,C10059,Marriage and divorce
C18828545,C10055,Litigation
C18828546,C10055,Litigation
C18828546,C10077,Pay and pensions
C18828547,C10055,Litigation
C18828548,C10055,Litigation
C18828548,C10025,Debt
C18828549,C10055,Litigation
C18828549,C10025,Debt
C18828550,C10055,Litigation
C18828551,C10055,Litigation
C18828552,C10055,Litigation
C18828553,C10055,Litigation
C18828554,C10055,Litigation
C18828554,C10056,Manors
C18828555,C10055,Litigation
C18828556,C10055,Litigation
C18828557,C10055,Litigation
C18828558,C10055,Litigation
C18828559,C10055,Litigation
C18828560,C10055,Litigation
C18828560,C10056,Manors
C18828561,C10055,Litigation
C18828561,C10056,Manors
C18828562,C10055,Litigation
C18828562,C10025,Debt
C18828563,C10055,Litigation
C18828564,C10055,Litigation
C18828564,C10056,Manors
C18828565,C10055,Litigation
C18828566,C10055,Litigation
C18828566,C10056,Manors
C18828567,C10055,Litigation
C18828567,C10013,Clothing
C18828568,C10055,Litigation
C18828569,C10055,Litigation
C18828570,C10055,Litigation
C18828571,C10055,Litigation
C18828572,C10055,Litigation
C18828573,C10055,Litigation
C18828573,C10056,Manors
C18828574,C10055,Litigation
C18828575,C10055,Litigation
C18828576,C10055,Litigation
C18828577,C10055,Litigation
C18828578,C10055,Litigation
C18828579,C10055,Litigation
C18828580,C10055,Litigation
C18828581,C10055,Litigation
C18828581,C10025,Debt
C18828582,C10055,Litigation
C18828582,C10056,Manors
C18828583,C10055,Litigation
C18828584,C10055,Litigation
C18828585,C10055,Litigation
C18828586,C10055,Litigation
C18828587,C10055,Litigation
C18828588,C10055,Litigation
C18828588,C10025,Debt
C18828589,C10059,Marriage and divorce
C18828589,C10055,Litigation
C18828590,C10055,Litigation
C18828590,C10076,Pardons
C18828591,C10055,Litigation
C18828592,C10055,Litigation
C18828593,C10055,Litigation
C18828594,C10055,Litigation
C18828595,C10055,Litigation
C18828596,C10055,Litigation
C18828596,C10056,Manors
C18828597,C10055,Litigation
C18828598,C10055,Litigation
C18828599,C10055,Litigation
C18828600,C10055,Litigation
C18828600,C10056,Manors
C18828601,C10055,Litigation
C18828602,C10055,Litigation
C18828602,C10022,Conveyancing
C18828603,C10059,Marriage and divorce
C18828603,C10055,Litigation
C18828604,C10055,Litigation
C18828604,C10025,Debt
C18828605,C10055,Litigation
C18828606,C10055,Litigation
C18828606,C10108,Trade and commerce
C18828607,C10055,Litigation
C18828608,C10055,Litigation
C18828609,C10055,Litigation
C18828610,C10055,Litigation
C18828610,C10056,Manors
C18828611,C10055,Litigation
C18828611,C10007,Banking
C18828611,C10022,Conveyancing
C18828612,C10055,Litigation
C18828613,C10055,Litigation
C18828614,C10055,Litigation
C18828615,C10055,Litigation
C18828616,C10055,Litigation
C18828616,C10056,Manors
C18828617,C10055,Litigation
C18828618,C10055,Litigation
C18828619,C10055,Litigation
C18828620,C10055,Litigation
C18828621,C10023,Crime
C18828621,C10055,Litigation
C18828622,C10055,Litigation
C18828622,C10056,Manors
C18828623,C10055,Litigation
C18828624,C10055,Litigation
C18828625,C10055,Litigation
C18828625,C10025,Debt
C18828626,C10055,Litigation
C18828627,C10055,Litigation
C18828628,C10055,Litigation
C18828629,C10055,Litigation
C18828630,C10055,Litigation
C18828630,C10077,Pay and pensions
C18828631,C10055,Litigation
C18828632,C10055,Litigation
C18828633,C10055,Litigation
C18828633,C10056,Manors
C18828634,C10055,Litigation
C18828635,C10131,Europe and Russia
C18828635,C10055,Litigation
C18828635,C10025,Debt
C18828636,C10055,Litigation
C18828636,C10056,Manors
C18828637,C10055,Litigation
C18828638,C10055,Litigation
C18829729,C10055,Litigation
C18829730,C10055,Litigation
C18829731,C10055,Litigation
C18829732,C10055,Litigation
C18829733,C10055,Litigation
C18829734,C10055,Litigation
C18829735,C10055,Litigation
C18829735,C10025,Debt
C18829736,C10055,Litigation
C18829737,C10055,Litigation
C18829738,C10055,Litigation
C18829738,C10040,Forestry
C18829739,C10055,Litigation
C18829740,C10055,Litigation
C18829741,C10055,Litigation
C18829742,C10055,Litigation
C18829742,C10025,Debt
C18829743,C10055,Litigation
C18829743,C10056,Manors
C18829744,C10055,Litigation
C18829745,C10055,Litigation
C18829745,C10056,Manors
C18829746,C10055,Litigation
C18829747,C10055,Litigation
C18829748,C10055,Litigation
C18829748,C10056,Manors
C18829749,C10055,Litigation
C18829750,C10055,Litigation
C18829751,C10055,Litigation
C18829751,C10056,Manors
C18829752,C10055,Litigation
C18829753,C10055,Litigation
C18829754,C10055,Litigation
C18829755,C10055,Litigation
C18829756,C10055,Litigation
C18829757,C10055,Litigation
C18829757,C10056,Manors
C18829758,C10055,Litigation
C18829759,C10055,Litigation
C18829760,C10055,Litigation
C18829761,C10055,Litigation
C18829762,C10055,Litigation
C18829762,C10056,Manors
C18829762,C10077,Pay and pensions
C18829763,C10059,Marriage and divorce
C18829763,C10055,Litigation
C18829764,C10055,Litigation
C18829764,C10052,Labour
C18829765,C10055,Litigation
C18829766,C10055,Litigation
C18829767,C10055,Litigation
C18829768,C10055,Litigation
C18829768,C10056,Manors
C18829769,C10055,Litigation
C18829769,C10056,Manors
C18829770,C10055,Litigation
C18829771,C10055,Litigation
C18829771,C10056,Manors
C18829772,C10055,Litigation
C18829772,C10077,Pay and pensions
C18829773,C10055,Litigation
C18829774,C10055,Litigation
C18829775,C10055,Litigation
C18829776,C10055,Litigation
C18829777,C10055,Litigation
C18829778,C10055,Litigation
C18829779,C10055,Litigation
C18829780,C10055,Litigation
C18829780,C10056,Manors
C18829781,C10055,Litigation
C18829781,C10056,Manors
C18829782,C10055,Litigation
C18829782,C10107,Tithes
C18829783,C10055,Litigation
C18829784,C10055,Litigation
C18829785,C10055,Litigation
C18829786,C10055,Litigation
C18829787,C10055,Litigation
C18829787,C10056,Manors
C18829788,C10055,Litigation
C18829788,C10056,Manors
C18829789,C10055,Litigation
C18829790,C10055,Litigation
C18829790,C10056,Manors
C18829790,C10077,Pay and pensions
C18829791,C10055,Litigation
C18829792,C10055,Litigation
C18829793,C10055,Litigation
C18829793,C10056,Manors
C18829794,C10055,Litigation
C18829795,C10055,Litigation
C18829796,C10055,Litigation
C18829796,C10025,Debt
C18829797,C10055,Litigation
C18829797,C10077,Pay and pensions
C18829798,C10055,Litigation
C18829799,C10055,Litigation
C18829800,C10055,Litigation
C18829800,C10056,Manors
C18829801,C10055,Litigation
C18829801,C10025,Debt
C18829802,C10055,Litigation
C18829802,C10056,Manors
C18829803,C10055,Litigation
C18829803,C10056,Manors
C18829804,C10055,Litigation
C18829805,C10055,Litigation
C18829805,C10025,Debt
C18829806,C10055,Litigation
C18829807,C10055,Litigation
C18829807,C10056,Manors
C18829808,C10055,Litigation
C18829808,C10056,Manors
C18829808,C10007,Banking
C18829808,C10022,Conveyancing
C18829809,C10055,Litigation
C18829809,C10056,Manors
C18829810,C10055,Litigation
C18829811,C10055,Litigation
C18829812,C10055,Litigation
C18829813,C10055,Litigation
C18829813,C10056,Manors
C18829814,C10055,Litigation
C18829814,C10056,Manors
C18829815,C10055,Litigation
C18829816,C10055,Litigation
C18829817,C10055,Litigation
C18829817,C10056,Manors
C18829818,C10055,Litigation
C18829819,C10055,Litigation
C18829819,C10056,Manors
C18829820,C10055,Litigation
C18829820,C10132,Ireland
C18829821,C10055,Litigation
C18829822,C10055,Litigation
C18829822,C10025,Debt
C18829823,C10055,Litigation
C18829823,C10025,Debt
C18829824,C10055,Litigation
C18829825,C10055,Litigation
C18829825,C10077,Pay and pensions
C18829826,C10055,Litigation
C18829826,C10025,Debt
C18829827,C10055,Litigation
C18829827,C10056,Manors
C18829828,C10059,Marriage and divorce
C18829828,C10055,Litigation
C18829829,C10055,Litigation
C18829830,C10055,Litigation
C18829830,C10056,Manors
C18829831,C10055,Litigation
C18829831,C10056,Manors
C18829831,C10036,Farming
C18829832,C10055,Litigation
C18829833,C10055,Litigation
C18829833,C10077,Pay and pensions
C18829834,C10055,Litigation
C18829835,C10055,Litigation
C18829836,C10055,Litigation
C18829836,C10107,Tithes
C18829837,C10055,Litigation
C18829838,C10055,Litigation
C18829838,C10025,Debt
C18829839,C10055,Litigation
C18829839,C10056,Manors
C18829840,C10055,Litigation
C18829841,C10055,Litigation
C18829842,C10055,Litigation
C18829843,C10055,Litigation
C18829843,C10056,Manors
C18829844,C10055,Litigation
C18829845,C10055,Litigation
C18829845,C10056,Manors
C18829846,C10055,Litigation
C18829847,C10055,Litigation
C18829847,C10107,Tithes
C18829848,C10055,Litigation
C18829849,C10055,Litigation
C18829849,C10025,Debt
C18829850,C10055,Litigation
C18829851,C10055,Litigation
C18829851,C10025,Debt
C18829852,C10055,Litigation
C18829853,C10055,Litigation
C18829853,C10025,Debt
C18829854,C10055,Litigation
C18829855,C10055,Litigation
C18829856,C10055,Litigation
C18829856,C10107,Tithes
C18829856,C10056,Manors
C18829857,C10055,Litigation
C18829857,C10025,Debt
C18829858,C10055,Litigation
C18829858,C10025,Debt
C18829859,C10055,Litigation
C18829859,C10040,Forestry
C18829860,C10055,Litigation
C18829861,C10055,Litigation
C18829862,C10055,Litigation
C18829863,C10055,Litigation
C18829864,C10055,Litigation
C18829865,C10055,Litigation
C18829866,C10055,Litigation
C18829866,C10056,Manors
C18829867,C10055,Litigation
C18829868,C10055,Litigation
C18829868,C10025,Debt
C18829869,C10055,Litigation
C18829870,C10055,Litigation
C18829870,C10056,Manors
C18829871,C10055,Litigation
C18829872,C10055,Litigation
C18829872,C10007,Banking
C18829872,C10022,Conveyancing
C18829873,C10055,Litigation
C18829874,C10055,Litigation
C18829875,C10055,Litigation
C18829875,C10025,Debt
C18836350,C10023,Crime
C18836350,C10055,Litigation
C18836351,C10055,Litigation
C18836352,C10055,Litigation
C18836353,C10055,Litigation
C18836353,C10056,Manors
C18836354,C10059,Marriage and divorce
C18836354,C10055,Litigation
C18836355,C10055,Litigation
C18836356,C10059,Marriage and divorce
C18836356,C10055,Litigation
C18836358,C10055,Litigation
C18836359,C10055,Litigation
C18836359,C10025,Debt
C18836360,C10055,Litigation
C18836361,C10055,Litigation
C18836361,C10025,Debt
C18836362,C10055,Litigation
C18836363,C10055,Litigation
C18836363,C10025,Debt
C18836364,C10055,Litigation
C18836364,C10013,Clothing
C18836365,C10055,Litigation
C18836365,C10025,Debt
C18836366,C10055,Litigation
C18836366,C10116,Wills and probate
C18836367,C10055,Litigation
C18836368,C10055,Litigation
C18836369,C10055,Litigation
C18836370,C10055,Litigation
C18836370,C10107,Tithes
C18836371,C10055,Litigation
C18836372,C10055,Litigation
C18836373,C10055,Litigation
C18836373,C10025,Debt
C18836374,C10055,Litigation
C18836374,C10056,Manors
C18836375,C10055,Litigation
C18836376,C10055,Litigation
C18836377,C10055,Litigation
C18836377,C10036,Farming
C18836378,C10055,Litigation
C18836379,C10055,Litigation
C18836380,C10055,Litigation
C18836381,C10055,Litigation
C18836382,C10055,Litigation
C18836383,C10055,Litigation
C18836384,C10055,Litigation
C18836385,C10055,Litigation
C18836385,C10056,Manors
C18836386,C10055,Litigation
C18836387,C10055,Litigation
C18836387,C10025,Debt
C18836388,C10055,Litigation
C18836389,C10055,Litigation
C18836390,C10055,Litigation
C18836391,C10055,Litigation
C18836392,C10055,Litigation
C18836393,C10055,Litigation
C18836394,C10055,Litigation
C18836395,C10131,Europe and Russia
C18836395,C10055,Litigation
C18836396,C10055,Litigation
C18836397,C10093,Religions
C18836397,C10055,Litigation
C18836398,C10055,Litigation
C18836399,C10055,Litigation
C18836400,C10055,Litigation
C18836401,C10055,Litigation
C18836402,C10055,Litigation
C18836403,C10055,Litigation
C18836404,C10055,Litigation
C18836404,C10056,Manors
C18836405,C10055,Litigation
C18836406,C10059,Marriage and divorce
C18836406,C10055,Litigation
C18836406,C10014,Coal
C18836407,C10055,Litigation
C18836407,C10025,Debt
C18836408,C10055,Litigation
C18836409,C10055,Litigation
C18836410,C10055,Litigation
C18836411,C10055,Litigation
C18836412,C10055,Litigation
C18836413,C10055,Litigation
C18836414,C10055,Litigation
C18836415,C10055,Litigation
C18836416,C10055,Litigation
C18836417,C10055,Litigation
C18836418,C10055,Litigation
C18836419,C10055,Litigation
C18836420,C10055,Litigation
C18836421,C10055,Litigation
C18836421,C10036,Farming
C18836422,C10055,Litigation
C18836423,C10055,Litigation
C18836424,C10055,Litigation
C18836425,C10055,Litigation
C18836425,C10056,Manors
C18836426,C10055,Litigation
C18836426,C10056,Manors
C18836427,C10055,Litigation
C18836488,C10055,Litigation
C18836488,C10056,Manors
C18836489,C10055,Litigation
C18836490,C10055,Litigation
C18836490,C10025,Debt
C18836491,C10055,Litigation
C18836491,C10036,Farming
C18836492,C10055,Litigation
C18836492,C10056,Manors
C18836493,C10055,Litigation
C18836493,C10077,Pay and pensions
C18836494,C10055,Litigation
C18836495,C10055,Litigation
C18836496,C10055,Litigation
C18836497,C10055,Litigation
C18836497,C10036,Farming
C18836498,C10055,Litigation
C18836499,C10055,Litigation
C18836500,C10055,Litigation
C18836500,C10056,Manors
C18836501,C10055,Litigation
C18836501,C10036,Farming
C18836502,C10055,Litigation
C18836503,C10055,Litigation
C18836504,C10055,Litigation
C18836505,C10055,Litigation
C18836505,C10056,Manors
C18836506,C10055,Litigation
C18836507,C10055,Litigation
C18836507,C10056,Manors
C18836508,C10055,Litigation
C18836509,C10055,Litigation
C18836509,C10025,Debt
C18836510,C10055,Litigation
C18836511,C10055,Litigation
C18836512,C10055,Litigation
C18836512,C10040,Forestry
C18836512,C10056,Manors
C18836513,C10055,Litigation
C18836514,C10055,Litigation
C18836514,C10056,Manors
C18836515,C10055,Litigation
C18836515,C10025,Debt
C18836516,C10055,Litigation
C18836516,C10056,Manors
C18836517,C10055,Litigation
C18836518,C10055,Litigation
C18836519,C10055,Litigation
C18836520,C10055,Litigation
C18836520,C10056,Manors
C18836521,C10055,Litigation
C18836522,C10055,Litigation
C18836522,C10056,Manors
C18836523,C10059,Marriage and divorce
C18836523,C10055,Litigation
C18836524,C10055,Litigation
C18836525,C10055,Litigation
C18836525,C10056,Manors
C18836526,C10055,Litigation
C18836527,C10055,Litigation
C18836527,C10056,Manors
C18836528,C10055,Litigation
C18836529,C10055,Litigation
C18836530,C10055,Litigation
C18836531,C10055,Litigation
C18836532,C10055,Litigation
C18836533,C10055,Litigation
C18836533,C10025,Debt
C18836534,C10055,Litigation
C18836535,C10055,Litigation
C18836536,C10055,Litigation
C18836537,C10055,Litigation
C18836537,C10025,Debt
C18836538,C10055,Litigation
C18836539,C10055,Litigation
C18836540,C10055,Litigation
C18836541,C10055,Litigation
C18836541,C10025,Debt
C18836542,C10055,Litigation
C18836543,C10055,Litigation
C18836543,C10025,Debt
C18836544,C10055,Litigation
C18836544,C10056,Manors
C18836545,C10055,Litigation
C18836545,C10107,Tithes
C18836546,C10055,Litigation
C18836547,C10055,Litigation
C18836547,C10056,Manors
C18836548,C10055,Litigation
C18836548,C10107,Tithes
C18836428,C10055,Litigation
C18836428,C10056,Manors
C18836429,C10055,Litigation
C18836429,C10025,Debt
C18836430,C10055,Litigation
C18836430,C10056,Manors
C18836431,C10055,Litigation
C18836431,C10107,Tithes
C18836432,C10055,Litigation
C18836432,C10007,Banking
C18836432,C10022,Conveyancing
C18836433,C10055,Litigation
C18836434,C10055,Litigation
C18836434,C10056,Manors
C18836435,C10055,Litigation
C18836436,C10055,Litigation
C18836437,C10055,Litigation
C18836437,C10077,Pay and pensions
C18836438,C10055,Litigation
C18836439,C10055,Litigation
C18836439,C10025,Debt
C18836440,C10055,Litigation
C18836440,C10077,Pay and pensions
C18836441,C10055,Litigation
C18836442,C10055,Litigation
C18836443,C10059,Marriage and divorce
C18836443,C10055,Litigation
C18836444,C10055,Litigation
C18836445,C10055,Litigation
C18836446,C10055,Litigation
C18836447,C10055,Litigation
C18836448,C10131,Europe and Russia
C18836448,C10055,Litigation
C18836448,C10107,Tithes
C18836449,C10055,Litigation
C18836450,C10055,Litigation
C18836451,C10055,Litigation
C18836451,C10040,Forestry
C18836452,C10055,Litigation
C18836453,C10055,Litigation
C18836454,C10055,Litigation
C18836454,C10025,Debt
C18836455,C10055,Litigation
C18836456,C10055,Litigation
C18836457,C10055,Litigation
C18836458,C10055,Litigation
C18836459,C10055,Litigation
C18836459,C10056,Manors
C18836460,C10055,Litigation
C18836460,C10025,Debt
C18836461,C10055,Litigation
C18836461,C10056,Manors
C18836462,C10055,Litigation
C18836462,C10056,Manors
C18836463,C10055,Litigation
C18836463,C10025,Debt
C18836464,C10055,Litigation
C18836465,C10055,Litigation
C18836466,C10055,Litigation
C18836466,C10022,Conveyancing
C18836467,C10055,Litigation
C18836467,C10025,Debt
C18836467,C10036,Farming
C18836468,C10055,Litigation
C18836469,C10055,Litigation
C18836470,C10055,Litigation
C18836471,C10055,Litigation
C18836471,C10025,Debt
C18836472,C10055,Litigation
C18836472,C10056,Manors
C18836473,C10055,Litigation
C18836474,C10055,Litigation
C18836475,C10055,Litigation
C18836476,C10055,Litigation
C18836477,C10055,Litigation
C18836477,C10056,Manors
C18836478,C10055,Litigation
C18836479,C10055,Litigation
C18836480,C10055,Litigation
C18836481,C10055,Litigation
C18836482,C10023,Crime
C18836482,C10055,Litigation
C18836482,C10046,Hunting
C18836483,C10055,Litigation
C18836483,C10056,Manors
C18836484,C10055,Litigation
C18836484,C10025,Debt
C18836484,C10013,Clothing
C18836485,C10055,Litigation
C18836486,C10055,Litigation
C18836486,C10127,Indian Subcontinent
C18836487,C10055,Litigation
C18836487,C10107,Tithes
C18836487,C10056,Manors
C18832901,C10055,Litigation
C18832902,C10055,Litigation
C18832902,C10056,Manors
C18832903,C10055,Litigation
C18832903,C10007,Banking
C18832903,C10022,Conveyancing
C18832904,C10055,Litigation
C18832905,C10055,Litigation
C18832906,C10055,Litigation
C18832907,C10055,Litigation
C18832908,C10023,Crime
C18832908,C10111,Treason and rebellion
C18832908,C10055,Litigation
C18832909,C10055,Litigation
C18832910,C10055,Litigation
C18832910,C10025,Debt
C18832911,C10055,Litigation
C18832912,C10055,Litigation
C18832913,C10055,Litigation
C18832914,C10055,Litigation
C18832914,C10056,Manors
C18832915,C10055,Litigation
C18832915,C10025,Debt
C18832916,C10059,Marriage and divorce
C18832916,C10055,Litigation
C18832917,C10055,Litigation
C18832918,C10055,Litigation
C18832918,C10056,Manors
C18832919,C10039,Food and drink
C18832919,C10055,Litigation
C18832920,C10055,Litigation
C18832920,C10056,Manors
C18832921,C10055,Litigation
C18832922,C10055,Litigation
C18832923,C10055,Litigation
C18832924,C10055,Litigation
C18832925,C10055,Litigation
C18832926,C10055,Litigation
C18832927,C10055,Litigation
C18832928,C10055,Litigation
C18832928,C10025,Debt
C18832929,C10055,Litigation
C18832930,C10055,Litigation
C18832931,C10055,Litigation
C18832932,C10055,Litigation
C18832933,C10055,Litigation
C18832934,C10055,Litigation
C18832935,C10055,Litigation
C18832935,C10012,Children
C18832936,C10055,Litigation
C18832936,C10025,Debt
C18832937,C10055,Litigation
C18832937,C10056,Manors
C18832938,C10055,Litigation
C18832938,C10056,Manors
C18832939,C10055,Litigation
C18832940,C10055,Litigation
C18832941,C10055,Litigation
C18832942,C10055,Litigation
C18832942,C10025,Debt
C18832943,C10055,Litigation
C18832944,C10055,Litigation
C18832945,C10055,Litigation
C18832945,C10056,Manors
C18832946,C10055,Litigation
C18832946,C10056,Manors
C18832947,C10055,Litigation
C18832947,C10056,Manors
C18832948,C10055,Litigation
C18832948,C10056,Manors
C18832949,C10055,Litigation
C18832950,C10055,Litigation
C18832950,C10107,Tithes
C18832951,C10055,Litigation
C18832951,C10056,Manors
C18832952,C10055,Litigation
C18832952,C10056,Manors
C18832953,C10055,Litigation
C18832953,C10025,Debt
C18832954,C10055,Litigation
C18832954,C10007,Banking
C18832954,C10022,Conveyancing
C18832955,C10055,Litigation
C18832955,C10025,Debt
C18832956,C10055,Litigation
C18832957,C10055,Litigation
C18832957,C10025,Debt
C18832958,C10055,Litigation
C18832959,C10055,Litigation
C18832960,C10055,Litigation
C18832960,C10025,Debt
C18832961,C10055,Litigation
C18832961,C10056,Manors
C18832962,C10055,Litigation
C18832963,C10055,Litigation
C18832964,C10055,Litigation
C18832964,C10025,Debt
C18832965,C10055,Litigation
C18832966,C10055,Litigation
C18832967,C10055,Litigation
C18832968,C10055,Litigation
C18832969,C10055,Litigation
C18832970,C10055,Litigation
C18832971,C10055,Litigation
C18832972,C10055,Litigation
C18832972,C10025,Debt
C18832973,C10055,Litigation
C18832974,C10055,Litigation
C18832974,C10025,Debt
C18832975,C10055,Litigation
C18832975,C10025,Debt
C18832975,C10077,Pay and pensions
C18832976,C10055,Litigation
C18832976,C10036,Farming
C18832977,C10055,Litigation
C18832978,C10055,Litigation
C18832979,C10055,Litigation
C18832980,C10055,Litigation
C18832980,C10056,Manors
C18832981,C10055,Litigation
C18832981,C10025,Debt
C18832982,C10055,Litigation
C18832983,C10055,Litigation
C18832983,C10056,Manors
C18832984,C10055,Litigation
C18832985,C10055,Litigation
C18832986,C10055,Litigation
C18832986,C10056,Manors
C18832987,C10055,Litigation
C18832987,C10056,Manors
C18832988,C10093,Religions
C18832988,C10055,Litigation
C18832989,C10055,Litigation
C18832990,C10055,Litigation
C18832991,C10055,Litigation
C18832991,C10056,Manors
C18832992,C10055,Litigation
C18832993,C10055,Litigation
C18832994,C10055,Litigation
C18832994,C10107,Tithes
C18832995,C10055,Litigation
C18832995,C10056,Manors
C18832996,C10055,Litigation
C18832997,C10055,Litigation
C18832997,C10056,Manors
C18832998,C10055,Litigation
C18832999,C10055,Litigation
C18832999,C10025,Debt
C18833000,C10055,Litigation
C18833001,C10055,Litigation
C18833001,C10007,Banking
C18833001,C10022,Conveyancing
C18833002,C10055,Litigation
C18833003,C10039,Food and drink
C18833003,C10055,Litigation
C18833004,C10055,Litigation
C18833005,C10055,Litigation
C18833005,C10056,Manors
C18833006,C10055,Litigation
C18833007,C10055,Litigation
C18833008,C10055,Litigation
C18833009,C10055,Litigation
C18833010,C10055,Litigation
C18833010,C10056,Manors
C18833011,C10055,Litigation
C18833011,C10025,Debt
C18833012,C10055,Litigation
C18833012,C10012,Children
C18833013,C10055,Litigation
C18833013,C10007,Banking
C18833013,C10022,Conveyancing
C18833014,C10055,Litigation
C18833014,C10056,Manors
C18833015,C10055,Litigation
C18833015,C10036,Farming
C18833016,C10055,Litigation
C18833016,C10056,Manors
C18833017,C10055,Litigation
C18833018,C10055,Litigation
C18833019,C10055,Litigation
C18833020,C10055,Litigation
C18833020,C10056,Manors
C18833021,C10055,Litigation
C18833022,C10055,Litigation
C18833023,C10055,Litigation
C18833023,C10056,Manors
C18833024,C10055,Litigation
C18833024,C10108,Trade and commerce
C18833025,C10055,Litigation
C18833025,C10007,Banking
C18833025,C10022,Conveyancing
C18833026,C10055,Litigation
C18833027,C10055,Litigation
C18833028,C10055,Litigation
C18833028,C10025,Debt
C18833029,C10055,Litigation
C18833030,C10055,Litigation
C18833031,C10055,Litigation
C18833032,C10055,Litigation
C18833032,C10056,Manors
C18833033,C10055,Litigation
C18833034,C10055,Litigation
C18833035,C10055,Litigation
C18833036,C10055,Litigation
C18833037,C10055,Litigation
C18833038,C10055,Litigation
C18833038,C10056,Manors
C18833039,C10055,Litigation
C18833040,C10055,Litigation
C18833040,C10012,Children
C18833041,C10059,Marriage and divorce
C18833041,C10055,Litigation
C18833042,C10055,Litigation
C18833043,C10055,Litigation
C18833044,C10055,Litigation
C18833045,C10055,Litigation
C18833046,C10055,Litigation
C18833047,C10055,Litigation
C18833047,C10056,Manors
C18833048,C10055,Litigation
C18833049,C10055,Litigation
C18833050,C10055,Litigation
C18833050,C10056,Manors
C18833051,C10055,Litigation
C18833052,C10055,Litigation
C18833052,C10056,Manors
C18833053,C10055,Litigation
C18833054,C10055,Litigation
C18833055,C10055,Litigation
C18833056,C10055,Litigation
C18833057,C10055,Litigation
C18833058,C10055,Litigation
C18833058,C10025,Debt
C18833059,C10055,Litigation
C18833060,C10055,Litigation
C18833061,C10055,Litigation
C18833061,C10025,Debt
C18833062,C10055,Litigation
C18833063,C10055,Litigation
C18833064,C10055,Litigation
C18833064,C10025,Debt
C18833065,C10055,Litigation
C18833065,C10025,Debt
C18833066,C10055,Litigation
C18833066,C10056,Manors
C18833067,C10055,Litigation
C18833068,C10055,Litigation
C18833069,C10055,Litigation
C18833069,C10025,Debt
C18833070,C10055,Litigation
C18833071,C10055,Litigation
C18833072,C10055,Litigation
C18833072,C10025,Debt
C18833073,C10055,Litigation
C18833074,C10055,Litigation
C18833075,C10055,Litigation
C18833076,C10055,Litigation
C18833077,C10055,Litigation
C18833078,C10055,Litigation
C18833079,C10055,Litigation
C18833079,C10056,Manors
C18833079,C10077,Pay and pensions
C18833080,C10055,Litigation
C18833080,C10025,Debt
C18833081,C10055,Litigation
C18833081,C10025,Debt
C18833082,C10055,Litigation
C18833083,C10055,Litigation
C18833084,C10055,Litigation
C18833085,C10093,Religions
C18833085,C10055,Litigation
C18833086,C10055,Litigation
C18833087,C10055,Litigation
C18833088,C10055,Litigation
C18833089,C10055,Litigation
C18833089,C10056,Manors
C18833090,C10055,Litigation
C18833091,C10055,Litigation
C18833092,C10055,Litigation
C18833093,C10055,Litigation
C18833093,C10056,Manors
C18833094,C10055,Litigation
C18833095,C10055,Litigation
C18833096,C10055,Litigation
C18833097,C10055,Litigation
C18833098,C10055,Litigation
C18833099,C10055,Litigation
C18833100,C10055,Litigation
C18833100,C10025,Debt
C18833101,C10055,Litigation
C18833102,C10055,Litigation
C18833102,C10025,Debt
C18833103,C10055,Litigation
C18833104,C10055,Litigation
C18833104,C10056,Manors
C18833105,C10055,Litigation
C18833106,C10055,Litigation
C18833107,C10055,Litigation
C18833108,C10055,Litigation
C18833109,C10055,Litigation
C18833110,C10055,Litigation
C18833110,C10056,Manors
C18833110,C10058,Maps and plans
C18833111,C10055,Litigation
C18833112,C10055,Litigation
C18833113,C10055,Litigation
C18833113,C10132,Ireland
C18833114,C10055,Litigation
C18833115,C10055,Litigation
C18833116,C10055,Litigation
C18833116,C10007,Banking
C18833116,C10022,Conveyancing
C18833117,C10055,Litigation
C18833118,C10055,Litigation
C18833119,C10055,Litigation
C18833119,C10025,Debt
C18833120,C10055,Litigation
C18833121,C10055,Litigation
C18833122,C10055,Litigation
C18833123,C10055,Litigation
C18833124,C10055,Litigation
C18833125,C10055,Litigation
C18833125,C10040,Forestry
C18833126,C10055,Litigation
C18833126,C10056,Manors
C18833127,C10055,Litigation
C18833127,C10036,Farming
C18833128,C10055,Litigation
C18833128,C10025,Debt
C18833129,C10055,Litigation
C18833130,C10055,Litigation
C18833131,C10055,Litigation
C18833132,C10055,Litigation
C18833132,C10025,Debt
C18833133,C10055,Litigation
C18833133,C10036,Farming
C18833134,C10055,Litigation
C18833134,C10025,Debt
C18833135,C10055,Litigation
C18833136,C10055,Litigation
C18833136,C10056,Manors
C18833137,C10055,Litigation
C18833138,C10055,Litigation
C18833139,C10055,Litigation
C18833139,C10025,Debt
C18833140,C10055,Litigation
C18833141,C10055,Litigation
C18833141,C10116,Wills and probate
C18850221,C10055,Litigation
C18850222,C10055,Litigation
C18850223,C10055,Litigation
C18850224,C10055,Litigation
C18850224,C10007,Banking
C18850224,C10022,Conveyancing
C18850224,C10116,Wills and probate
C18850225,C10055,Litigation
C18850226,C10055,Litigation
C18850227,C10055,Litigation
C18850228,C10038,Fishing
C18850228,C10093,Religions
C18850228,C10055,Litigation
C18850229,C10055,Litigation
C18850230,C10055,Litigation
C18850230,C10107,Tithes
C18850231,C10055,Litigation
C18850231,C10056,Manors
C18850232,C10055,Litigation
C18850233,C10055,Litigation
C18850234,C10055,Litigation
C18850235,C10055,Litigation
C18850236,C10055,Litigation
C18850237,C10055,Litigation
C18850238,C10055,Litigation
C18850239,C10055,Litigation
C18850240,C10055,Litigation
C18850241,C10055,Litigation
C18850242,C10055,Litigation
C18850243,C10055,Litigation
C18850244,C10055,Litigation
C18850245,C10055,Litigation
C18850246,C10055,Litigation
C18850246,C10025,Debt
C18850247,C10055,Litigation
C18850247,C10056,Manors
C18850248,C10055,Litigation
C18850249,C10055,Litigation
C18850249,C10056,Manors
C18850249,C10077,Pay and pensions
C18850250,C10055,Litigation
C18850251,C10055,Litigation
C18850251,C10025,Debt
C18850252,C10055,Litigation
C18850252,C10056,Manors
C18850253,C10055,Litigation
C18850254,C10055,Litigation
C18850254,C10056,Manors
C18850254,C10077,Pay and pensions
C18850255,C10055,Litigation
C18850256,C10055,Litigation
C18850257,C10055,Litigation
C18850257,C10040,Forestry
C18850258,C10055,Litigation
C18850259,C10055,Litigation
C18850259,C10056,Manors
C18850260,C10055,Litigation
C18850261,C10055,Litigation
C18850261,C10106,Taxation
C18850261,C10025,Debt
C18850262,C10055,Litigation
C18850262,C10036,Farming
C18850263,C10055,Litigation
C18850264,C10055,Litigation
C18850265,C10055,Litigation
C18850266,C10055,Litigation
C18850266,C10025,Debt
C18850267,C10055,Litigation
C18850268,C10055,Litigation
C18850269,C10055,Litigation
C18850269,C10025,Debt
C18850270,C10055,Litigation
C18850271,C10055,Litigation
C18850271,C10056,Manors
C18850272,C10055,Litigation
C18850272,C10025,Debt
C18850273,C10055,Litigation
C18850273,C10107,Tithes
C18850274,C10055,Litigation
C18850275,C10055,Litigation
C18850276,C10055,Litigation
C18850276,C10080,Piracy and privateering
C18850277,C10055,Litigation
C18850278,C10055,Litigation
C18850279,C10055,Litigation
C18850280,C10055,Litigation
C18850280,C10056,Manors
C18850281,C10055,Litigation
C18850282,C10055,Litigation
C18850283,C10055,Litigation
C18850283,C10025,Debt
C18850284,C10055,Litigation
C18850284,C10025,Debt
C18850285,C10055,Litigation
C18850286,C10055,Litigation
C18850287,C10055,Litigation
C18850288,C10055,Litigation
C18850288,C10056,Manors
C18850289,C10055,Litigation
C18850289,C10025,Debt
C18850290,C10055,Litigation
C18850290,C10025,Debt
C18850291,C10059,Marriage and divorce
C18850291,C10055,Litigation
C18850291,C10056,Manors
C18850292,C10055,Litigation
C18850293,C10055,Litigation
C18850294,C10055,Litigation
C18850295,C10055,Litigation
C18850295,C10040,Forestry
C18850295,C10056,Manors
C18850296,C10055,Litigation
C18850297,C10055,Litigation
C18850298,C10055,Litigation
C18850298,C10056,Manors
C18850299,C10055,Litigation
C18850300,C10055,Litigation
C18850301,C10055,Litigation
C18850302,C10055,Litigation
C18850303,C10055,Litigation
C18850304,C10055,Litigation
C18850305,C10055,Litigation
C18850306,C10055,Litigation
C18850307,C10055,Litigation
C18850307,C10107,Tithes
C18850308,C10023,Crime
C18850308,C10055,Litigation
C18850309,C10055,Litigation
C18850310,C10055,Litigation
C18850310,C10056,Manors
C18850311,C10055,Litigation
C18850312,C10055,Litigation
C18850313,C10055,Litigation
C18850313,C10056,Manors
C18850314,C10055,Litigation
C18850315,C10055,Litigation
C18850316,C10055,Litigation
C18850317,C10055,Litigation
C18850318,C10055,Litigation
C18850319,C10055,Litigation
C18850320,C10055,Litigation
C18850321,C10039,Food and drink
C18850321,C10055,Litigation
C18850322,C10055,Litigation
C18850322,C10056,Manors
C18850323,C10055,Litigation
C18850324,C10055,Litigation
C18850325,C10055,Litigation
C18850326,C10055,Litigation
C18850327,C10055,Litigation
C18850327,C10056,Manors
C18850328,C10055,Litigation
C18850329,C10055,Litigation
C18850329,C10025,Debt
C18850329,C10056,Manors
C18850330,C10055,Litigation
C18850331,C10055,Litigation
C18850331,C10056,Manors
C18850332,C10055,Litigation
C18850332,C10108,Trade and commerce
C18850333,C10055,Litigation
C18850334,C10055,Litigation
C18850334,C10025,Debt
C18850335,C10055,Litigation
C18850335,C10077,Pay and pensions
C18850336,C10055,Litigation
C18850337,C10055,Litigation
C18850338,C10055,Litigation
C18850339,C10055,Litigation
C18850340,C10055,Litigation
C18850341,C10055,Litigation
C18850342,C10055,Litigation
C18850342,C10107,Tithes
C18850343,C10055,Litigation
C18850344,C10055,Litigation
C18850344,C10033,Education
C18850344,C10077,Pay and pensions
C18850345,C10055,Litigation
C18850345,C10025,Debt
C18850346,C10023,Crime
C18850346,C10055,Litigation
C18850347,C10055,Litigation
C18850347,C10056,Manors
C18850348,C10055,Litigation
C18850349,C10055,Litigation
C18850350,C10055,Litigation
C18850350,C10107,Tithes
C18850351,C10055,Litigation
C18850352,C10055,Litigation
C18850353,C10055,Litigation
C18850354,C10055,Litigation
C18850355,C10055,Litigation
C18850355,C10025,Debt
C18850356,C10055,Litigation
C18850357,C10055,Litigation
C18850358,C10055,Litigation
C18850359,C10055,Litigation
C18850360,C10055,Litigation
C18850361,C10055,Litigation
C18850362,C10055,Litigation
C18850363,C10039,Food and drink
C18850363,C10055,Litigation
C18850364,C10093,Religions
C18850364,C10055,Litigation
C18850365,C10055,Litigation
C18850366,C10055,Litigation
C18850366,C10056,Manors
C18850367,C10055,Litigation
C18850368,C10055,Litigation
C18850369,C10055,Litigation
C18850370,C10055,Litigation
C18850371,C10055,Litigation
C18850372,C10055,Litigation
C18850373,C10055,Litigation
C18850374,C10055,Litigation
C18850375,C10055,Litigation
C18850375,C10108,Trade and commerce
C18850376,C10055,Litigation
C18850377,C10055,Litigation
C18850377,C10108,Trade and commerce
C18850378,C10055,Litigation
C18850378,C10056,Manors
C18850379,C10055,Litigation
C18850379,C10056,Manors
C18850380,C10055,Litigation
C18850381,C10055,Litigation
C18850381,C10007,Banking
C18850381,C10022,Conveyancing
C18850382,C10055,Litigation
C18850382,C10056,Manors
C18850383,C10055,Litigation
C18850384,C10055,Litigation
C18850385,C10059,Marriage and divorce
C18850385,C10055,Litigation
C18850386,C10055,Litigation
C18850387,C10055,Litigation
C18850388,C10055,Litigation
C18850389,C10055,Litigation
C18850390,C10055,Litigation
C18850391,C10059,Marriage and divorce
C18850391,C10055,Litigation
C18850392,C10055,Litigation
C18850392,C10025,Debt
C18850393,C10055,Litigation
C18850393,C10056,Manors
C18850394,C10055,Litigation
C18850394,C10056,Manors
C18850395,C10055,Litigation
C18850395,C10025,Debt
C18850396,C10055,Litigation
C18850397,C10055,Litigation
C18850397,C10056,Manors
C18850398,C10055,Litigation
C18850399,C10055,Litigation
C18850399,C10056,Manors
C18850400,C10055,Litigation
C18850401,C10055,Litigation
C18850401,C10056,Manors
C18850402,C10055,Litigation
C18850402,C10056,Manors
C18850403,C10055,Litigation
C18850404,C10055,Litigation
C18850405,C10055,Litigation
C18850406,C10055,Litigation
C18850407,C10055,Litigation
C18850408,C10055,Litigation
C18850408,C10077,Pay and pensions
C18850409,C10055,Litigation
C18850410,C10055,Litigation
C18850410,C10025,Debt
C18850411,C10055,Litigation
C18850411,C10056,Manors
C18850412,C10055,Litigation
C18850413,C10055,Litigation
C18850414,C10055,Litigation
C18850415,C10055,Litigation
C18850416,C10055,Litigation
C18850417,C10055,Litigation
C18850418,C10055,Litigation
C18850418,C10056,Manors
C18850419,C10055,Litigation
C18850420,C10055,Litigation
C18850421,C10055,Litigation
C18850422,C10055,Litigation
C18850423,C10055,Litigation
C18850423,C10025,Debt
C18850424,C10055,Litigation
C18850425,C10055,Litigation
C18850425,C10036,Farming
C18850426,C10055,Litigation
C18850427,C10055,Litigation
C18850428,C10055,Litigation
C18850428,C10036,Farming
C18850429,C10055,Litigation
C18850429,C10025,Debt
C18850430,C10055,Litigation
C18850430,C10056,Manors
C18850431,C10055,Litigation
C18850432,C10055,Litigation
C18850433,C10055,Litigation
C18850434,C10055,Litigation
C18850434,C10056,Manors
C18850434,C10077,Pay and pensions
C18850435,C10055,Litigation
C18850436,C10055,Litigation
C18850436,C10025,Debt
C18850437,C10055,Litigation
C18850437,C10007,Banking
C18850437,C10022,Conveyancing
C18850438,C10055,Litigation
C18850439,C10055,Litigation
C18850440,C10055,Litigation
C18850440,C10025,Debt
C18850441,C10055,Litigation
C18850441,C10025,Debt
C18850442,C10055,Litigation
C18850442,C10056,Manors
C18850443,C10055,Litigation
C18850443,C10056,Manors
C18850444,C10055,Litigation
C18850445,C10055,Litigation
C18850445,C10025,Debt
C18850446,C10055,Litigation
C18850446,C10036,Farming
C18850447,C10055,Litigation
C18850448,C10055,Litigation
C18850449,C10055,Litigation
C18850450,C10055,Litigation
C18850450,C10025,Debt
C18850451,C10055,Litigation
C18850451,C10056,Manors
C18850452,C10055,Litigation
C18850453,C10055,Litigation
C18850454,C10055,Litigation
C18850455,C10055,Litigation
C18850455,C10056,Manors
C18850456,C10055,Litigation
C18856950,C10055,Litigation
C18856950,C10056,Manors
C18856951,C10055,Litigation
C18856952,C10055,Litigation
C18856953,C10055,Litigation
C18856954,C10055,Litigation
C18856955,C10055,Litigation
C18856955,C10056,Manors
C18856956,C10055,Litigation
C18856957,C10055,Litigation
C18856957,C10025,Debt
C18856958,C10055,Litigation
C18856959,C10055,Litigation
C18856959,C10025,Debt
C18856960,C10055,Litigation
C18856960,C10056,Manors
C18856961,C10055,Litigation
C18856961,C10025,Debt
C18856962,C10055,Litigation
C18856963,C10055,Litigation
C18856964,C10055,Litigation
C18856965,C10055,Litigation
C18856965,C10077,Pay and pensions
C18856966,C10055,Litigation
C18856967,C10055,Litigation
C18856967,C10056,Manors
C18856968,C10055,Litigation
C18856968,C10056,Manors
C18856969,C10055,Litigation
C18856970,C10055,Litigation
C18856971,C10055,Litigation
C18856972,C10055,Litigation
C18856973,C10055,Litigation
C18856973,C10025,Debt
C18856974,C10055,Litigation
C18856975,C10055,Litigation
C18856976,C10055,Litigation
C18856977,C10055,Litigation
C18856977,C10013,Clothing
C18856978,C10055,Litigation
C18856978,C10025,Debt
C18856979,C10055,Litigation
C18856980,C10055,Litigation
C18856980,C10056,Manors
C18856981,C10055,Litigation
C18856982,C10055,Litigation
C18856982,C10025,Debt
C18856983,C10055,Litigation
C18856984,C10055,Litigation
C18856985,C10055,Litigation
C18856986,C10055,Litigation
C18856987,C10055,Litigation
C18856987,C10056,Manors
C18856987,C10007,Banking
C18856987,C10022,Conveyancing
C18856988,C10055,Litigation
C18856988,C10025,Debt
C18856989,C10055,Litigation
C18856989,C10056,Manors
C18856990,C10055,Litigation
C18856990,C10025,Debt
C18856991,C10055,Litigation
C18856992,C10055,Litigation
C18856992,C10036,Farming
C18856993,C10055,Litigation
C18856993,C10036,Farming
C18856994,C10055,Litigation
C18856994,C10025,Debt
C18856995,C10055,Litigation
C18856996,C10055,Litigation
C18856997,C10055,Litigation
C18856998,C10055,Litigation
C18856998,C10036,Farming
C18856999,C10055,Litigation
C18856999,C10025,Debt
C18857000,C10055,Litigation
C18857000,C10108,Trade and commerce
C18857001,C10055,Litigation
C18857001,C10025,Debt
C18857002,C10055,Litigation
C18857003,C10055,Litigation
C18857004,C10055,Litigation
C18857004,C10116,Wills and probate
C18857005,C10055,Litigation
C18857006,C10055,Litigation
C18857007,C10055,Litigation
C18857008,C10055,Litigation
C18857008,C10025,Debt
C18857009,C10023,Crime
C18857009,C10055,Litigation
C18857010,C10055,Litigation
C18857010,C10025,Debt
C18857011,C10055,Litigation
C18857012,C10055,Litigation
C18857013,C10055,Litigation
C18857014,C10055,Litigation
C18857015,C10055,Litigation
C18857016,C10055,Litigation
C18857017,C10059,Marriage and divorce
C18857017,C10055,Litigation
C18857018,C10055,Litigation
C18857019,C10055,Litigation
C18857020,C10055,Litigation
C18857021,C10055,Litigation
C18857022,C10055,Litigation
C18857023,C10055,Litigation
C18857023,C10025,Debt
C18857024,C10055,Litigation
C18857025,C10055,Litigation
C18857025,C10056,Manors
C18857026,C10055,Litigation
C18857027,C10059,Marriage and divorce
C18857027,C10055,Litigation
C18857028,C10055,Litigation
C18857029,C10055,Litigation
C18857030,C10055,Litigation
C18857031,C10055,Litigation
C18857031,C10056,Manors
C18857032,C10055,Litigation
C18857033,C10055,Litigation
C18857034,C10055,Litigation
C18857035,C10055,Litigation
C18857035,C10025,Debt
C18857036,C10055,Litigation
C18857037,C10055,Litigation
C18857038,C10055,Litigation
C18857039,C10055,Litigation
C18857040,C10055,Litigation
C18857041,C10055,Litigation
C18857042,C10055,Litigation
C18857042,C10056,Manors
C18857043,C10055,Litigation
C18857044,C10055,Litigation
C18857045,C10055,Litigation
C18857046,C10055,Litigation
C18857047,C10055,Litigation
C18857048,C10055,Litigation
C18857048,C10025,Debt
C18857048,C10013,Clothing
C18857049,C10055,Litigation
C18857050,C10023,Crime
C18857050,C10055,Litigation
C18857051,C10055,Litigation
C18857052,C10055,Litigation
C18857052,C10025,Debt
C18857053,C10055,Litigation
C18857054,C10055,Litigation
C18857055,C10055,Litigation
C18857055,C10007,Banking
C18857055,C10022,Conveyancing
C18857056,C10055,Litigation
C18857057,C10055,Litigation
C18857057,C10025,Debt
C18857058,C10055,Litigation
C18857059,C10055,Litigation
C18857060,C10055,Litigation
C18857061,C10055,Litigation
C18857062,C10055,Litigation
C18857063,C10059,Marriage and divorce
C18857063,C10055,Litigation
C18857064,C10055,Litigation
C18861144,C10055,Litigation
C18861145,C10055,Litigation
C18861146,C10055,Litigation
C18861146,C10056,Manors
C18861147,C10055,Litigation
C18861148,C10055,Litigation
C18861149,C10055,Litigation
C18861149,C10025,Debt
C18861150,C10055,Litigation
C18861151,C10055,Litigation
C18861151,C10106,Taxation
C18861152,C10055,Litigation
C18861153,C10055,Litigation
C18861154,C10055,Litigation
C18861155,C10055,Litigation
C18861156,C10055,Litigation
C18861157,C10055,Litigation
C18861157,C10056,Manors
C18861158,C10055,Litigation
C18861159,C10055,Litigation
C18861159,C10056,Manors
C18861160,C10059,Marriage and divorce
C18861160,C10055,Litigation
C18861161,C10055,Litigation
C18861162,C10055,Litigation
C18861163,C10055,Litigation
C18861164,C10055,Litigation
C18861164,C10025,Debt
C18861165,C10055,Litigation
C18861166,C10055,Litigation
C18861167,C10055,Litigation
C18861167,C10056,Manors
C18861168,C10059,Marriage and divorce
C18861168,C10055,Litigation
C18861169,C10055,Litigation
C18861170,C10055,Litigation
C18861170,C10056,Manors
C18861171,C10055,Litigation
C18861172,C10055,Litigation
C18861173,C10055,Litigation
C18861173,C10025,Debt
C18861173,C10077,Pay and pensions
C18861174,C10055,Litigation
C18861174,C10056,Manors
C18861175,C10055,Litigation
C18861176,C10055,Litigation
C18861176,C10025,Debt
C18861177,C10055,Litigation
C18861177,C10077,Pay and pensions
C18861178,C10055,Litigation
C18861179,C10055,Litigation
C18861179,C10056,Manors
C18861180,C10055,Litigation
C18861181,C10055,Litigation
C18861182,C10055,Litigation
C18861183,C10055,Litigation
C18861183,C10056,Manors
C18861183,C10012,Children
C18861184,C10055,Litigation
C18861184,C10056,Manors
C18861185,C10055,Litigation
C18861186,C10055,Litigation
C18861187,C10055,Litigation
C18861187,C10007,Banking
C18861187,C10022,Conveyancing
C18861188,C10055,Litigation
C18861189,C10055,Litigation
C18861190,C10055,Litigation
C18861190,C10025,Debt
C18861191,C10055,Litigation
C18861192,C10055,Litigation
C18861193,C10055,Litigation
C18861194,C10059,Marriage and divorce
C18861194,C10055,Litigation
C18861195,C10055,Litigation
C18861196,C10055,Litigation
C18861197,C10055,Litigation
C18861198,C10055,Litigation
C18861199,C10055,Litigation
C18861200,C10055,Litigation
C18861201,C10055,Litigation
C18861202,C10055,Litigation
C18861203,C10055,Litigation
C18861203,C10040,Forestry
C18861204,C10055,Litigation
C18861205,C10055,Litigation
C18861206,C10055,Litigation
C18861207,C10059,Marriage and divorce
C18861207,C10055,Litigation
C18861208,C10055,Litigation
C18861209,C10055,Litigation
C18861210,C10055,Litigation
C18861211,C10055,Litigation
C18861211,C10056,Manors
C18861212,C10055,Litigation
C18861212,C10107,Tithes
C18861213,C10055,Litigation
C18861213,C10025,Debt
C18861214,C10055,Litigation
C18861215,C10055,Litigation
C18861216,C10055,Litigation
C18861217,C10055,Litigation
C18861218,C10055,Litigation
C18861218,C10107,Tithes
C18861219,C10055,Litigation
C18861219,C10025,Debt
C18861220,C10055,Litigation
C18861221,C10055,Litigation
C18861221,C10025,Debt
C18861222,C10055,Litigation
C18861222,C10056,Manors
C18861223,C10055,Litigation
C18861223,C10056,Manors
C18861224,C10055,Litigation
C18861225,C10055,Litigation
C18861226,C10055,Litigation
C18861227,C10055,Litigation
C18861228,C10131,Europe and Russia
C18861228,C10055,Litigation
C18861229,C10055,Litigation
C18861230,C10055,Litigation
C18861231,C10055,Litigation
C18861232,C10055,Litigation
C18861233,C10055,Litigation
C18861234,C10055,Litigation
C18861234,C10036,Farming
C18861235,C10055,Litigation
C18861236,C10055,Litigation
C18861237,C10055,Litigation
C18861238,C10055,Litigation
C18861239,C10055,Litigation
C18861240,C10055,Litigation
C18861240,C10025,Debt
C18861241,C10055,Litigation
C18861242,C10131,Europe and Russia
C18861242,C10055,Litigation
C18861242,C10025,Debt
C18861243,C10055,Litigation
C18861244,C10055,Litigation
C18861245,C10055,Litigation
C18861246,C10055,Litigation
C18861246,C10056,Manors
C18861247,C10055,Litigation
C18861248,C10055,Litigation
C18861248,C10036,Farming
C18861249,C10055,Litigation
C18861250,C10055,Litigation
C18861251,C10023,Crime
C18861251,C10055,Litigation
C18861252,C10055,Litigation
C18861253,C10055,Litigation
C18861254,C10055,Litigation
C18861255,C10055,Litigation
C18861255,C10007,Banking
C18861255,C10022,Conveyancing
C18861256,C10059,Marriage and divorce
C18861256,C10055,Litigation
C18861256,C10036,Farming
C18861257,C10055,Litigation
C18861258,C10055,Litigation
C18861258,C10056,Manors
C18861259,C10055,Litigation
C18861259,C10056,Manors
C18861259,C10022,Conveyancing
C18861260,C10055,Litigation
C18861260,C10056,Manors
C18861261,C10093,Religions
C18861261,C10055,Litigation
C18861262,C10055,Litigation
C18861263,C10055,Litigation
C18861263,C10007,Banking
C18861263,C10022,Conveyancing
C18861264,C10055,Litigation
C18863581,C10055,Litigation
C18863581,C10056,Manors
C18863582,C10055,Litigation
C18863583,C10055,Litigation
C18863583,C10107,Tithes
C18863584,C10055,Litigation
C18863585,C10055,Litigation
C18863586,C10055,Litigation
C18863587,C10055,Litigation
C18863587,C10025,Debt
C18863588,C10055,Litigation
C18863589,C10055,Litigation
C18863590,C10055,Litigation
C18863591,C10055,Litigation
C18863591,C10056,Manors
C18863592,C10055,Litigation
C18863593,C10055,Litigation
C18863594,C10055,Litigation
C18863595,C10055,Litigation
C18863596,C10055,Litigation
C18863596,C10025,Debt
C18863597,C10055,Litigation
C18863598,C10055,Litigation
C18863599,C10055,Litigation
C18863599,C10056,Manors
C18863600,C10055,Litigation
C18863600,C10025,Debt
C18863600,C10116,Wills and probate
C18863601,C10055,Litigation
C18863602,C10055,Litigation
C18863603,C10055,Litigation
C18863603,C10025,Debt
C18863604,C10055,Litigation
C18863604,C10025,Debt
C18863605,C10055,Litigation
C18863606,C10055,Litigation
C18863607,C10055,Litigation
C18863608,C10055,Litigation
C18863609,C10055,Litigation
C18863610,C10055,Litigation
C18863611,C10055,Litigation
C18863612,C10055,Litigation
C18863613,C10055,Litigation
C18863614,C10055,Litigation
C18863615,C10055,Litigation
C18863616,C10055,Litigation
C18863616,C10056,Manors
C18863617,C10055,Litigation
C18863618,C10055,Litigation
C18863619,C10055,Litigation
C18863620,C10055,Litigation
C18863621,C10055,Litigation
C18863622,C10055,Litigation
C18863622,C10007,Banking
C18863622,C10022,Conveyancing
C18863623,C10055,Litigation
C18863623,C10025,Debt
C18863624,C10055,Litigation
C18863624,C10025,Debt
C18863625,C10055,Litigation
C18863626,C10055,Litigation
C18863627,C10055,Litigation
C18863627,C10025,Debt
C18863628,C10055,Litigation
C18863629,C10055,Litigation
C18863630,C10055,Litigation
C18863631,C10055,Litigation
C18863631,C10056,Manors
C18863632,C10055,Litigation
C18863632,C10056,Manors
C18863633,C10055,Litigation
C18863634,C10055,Litigation
C18863635,C10055,Litigation
C18863636,C10055,Litigation
C18863636,C10056,Manors
C18863637,C10055,Litigation
C18863637,C10013,Clothing
C18863638,C10055,Litigation
C18863639,C10055,Litigation
C18863640,C10055,Litigation
C18863641,C10055,Litigation
C18863642,C10055,Litigation
C18863643,C10055,Litigation
C18863644,C10055,Litigation
C18863645,C10093,Religions
C18863645,C10055,Litigation
C18863646,C10093,Religions
C18863646,C10055,Litigation
C18863647,C10055,Litigation
C18863648,C10055,Litigation
C18863649,C10055,Litigation
C18863649,C10077,Pay and pensions
C18863650,C10055,Litigation
C18863651,C10055,Litigation
C18863651,C10107,Tithes
C18863652,C10055,Litigation
C18863652,C10056,Manors
C18863653,C10055,Litigation
C18863653,C10056,Manors
C18863654,C10055,Litigation
C18863654,C10033,Education
C18863655,C10055,Litigation
C18863656,C10055,Litigation
C18863657,C10023,Crime
C18863657,C10055,Litigation
C18863658,C10055,Litigation
C18863659,C10055,Litigation
C18863660,C10055,Litigation
C18863661,C10055,Litigation
C18863662,C10055,Litigation
C18863663,C10055,Litigation
C18863663,C10116,Wills and probate
C18863664,C10055,Litigation
C18863665,C10055,Litigation
C18863666,C10055,Litigation
C18863667,C10055,Litigation
C18863668,C10055,Litigation
C18863669,C10055,Litigation
C18863669,C10015,Common land
C18863670,C10055,Litigation
C18863671,C10055,Litigation
C18863671,C10108,Trade and commerce
C18863672,C10055,Litigation
C18863673,C10055,Litigation
C18863674,C10055,Litigation
C18863675,C10055,Litigation
C18863676,C10055,Litigation
C18863676,C10056,Manors
C18863677,C10055,Litigation
C18863678,C10055,Litigation
C18863678,C10056,Manors
C18863679,C10055,Litigation
C18863680,C10055,Litigation
C18863681,C10055,Litigation
C18863681,C10056,Manors
C18863682,C10055,Litigation
C18863683,C10055,Litigation
C18863684,C10055,Litigation
C18863685,C10055,Litigation
C18863685,C10056,Manors
C18863686,C10055,Litigation
C18863687,C10055,Litigation
C18863688,C10055,Litigation
C18863688,C10025,Debt
C18863689,C10055,Litigation
C18863690,C10055,Litigation
C18863690,C10056,Manors
C18863691,C10055,Litigation
C18863692,C10055,Litigation
C18863693,C10055,Litigation
C18863694,C10055,Litigation
C18863694,C10007,Banking
C18863694,C10022,Conveyancing
C18863695,C10055,Litigation
C18863695,C10056,Manors
C18863696,C10055,Litigation
C18863697,C10055,Litigation
C18863698,C10059,Marriage and divorce
C18863698,C10055,Litigation
C18863699,C10055,Litigation
C18863699,C10056,Manors
C18863700,C10055,Litigation
C18863701,C10055,Litigation
C18863702,C10055,Litigation
C18863703,C10055,Litigation
C18863704,C10055,Litigation
C18863705,C10055,Litigation
C18863706,C10055,Litigation
C18863707,C10055,Litigation
C18863707,C10025,Debt
C18863708,C10055,Litigation
C18863709,C10055,Litigation
C18863709,C10025,Debt
C18863710,C10055,Litigation
C18863711,C10023,Crime
C18863711,C10055,Litigation
C18863711,C10056,Manors
C18863712,C10055,Litigation
C18863713,C10055,Litigation
C18863714,C10055,Litigation
C18863715,C10055,Litigation
C18863716,C10055,Litigation
C18863716,C10025,Debt
C18863717,C10055,Litigation
C18863718,C10055,Litigation
C18863719,C10055,Litigation
C18863720,C10055,Litigation
C18863721,C10055,Litigation
C18863721,C10025,Debt
C18863722,C10055,Litigation
C18863723,C10023,Crime
C18863723,C10055,Litigation
C18863724,C10055,Litigation
C18863724,C10056,Manors
C18863725,C10055,Litigation
C18863726,C10055,Litigation
C18863727,C10055,Litigation
C18863727,C10012,Children
C18863728,C10055,Litigation
C18863729,C10055,Litigation
C18863730,C10055,Litigation
C18863730,C10056,Manors
C18863731,C10055,Litigation
C18863731,C10056,Manors
C18863732,C10055,Litigation
C18863733,C10055,Litigation
C18863733,C10025,Debt
C18863734,C10055,Litigation
C18863735,C10055,Litigation
C18863735,C10056,Manors
C18863736,C10055,Litigation
C18863737,C10055,Litigation
C18863738,C10055,Litigation
C18863739,C10055,Litigation
C18863740,C10055,Litigation
C18863740,C10025,Debt
C18863741,C10055,Litigation
C18863742,C10055,Litigation
C18863742,C10025,Debt
C18863743,C10055,Litigation
C18863743,C10074,Oil and gas
C18863743,C10025,Debt
C18863744,C10055,Litigation
C18863745,C10055,Litigation
C18863746,C10055,Litigation
C18863746,C10056,Manors
C18863747,C10055,Litigation
C18863747,C10056,Manors
C18863748,C10055,Litigation
C18863748,C10040,Forestry
C18863749,C10055,Litigation
C18863750,C10055,Litigation
C18863751,C10039,Food and drink
C18863751,C10055,Litigation
C18863751,C10025,Debt
C18863752,C10055,Litigation
C18863753,C10055,Litigation
C18863754,C10055,Litigation
C18863754,C10036,Farming
C18863755,C10055,Litigation
C18863756,C10055,Litigation
C18863757,C10055,Litigation
C18863758,C10055,Litigation
C18863758,C10056,Manors
C18863759,C10055,Litigation
C18863760,C10055,Litigation
C18863761,C10055,Litigation
C18863762,C10055,Litigation
C18863763,C10055,Litigation
C18863764,C10055,Litigation
C18863765,C10055,Litigation
C18863765,C10056,Manors
C18863766,C10055,Litigation
C18863767,C10055,Litigation
C18863767,C10025,Debt
C18863768,C10055,Litigation
C18863769,C10055,Litigation
C18863770,C10055,Litigation
C18863771,C10055,Litigation
C18863772,C10055,Litigation
C18863773,C10055,Litigation
C18863773,C10025,Debt
C18863774,C10055,Litigation
C18863774,C10056,Manors
C18863774,C10085,Prisons
C18863775,C10055,Litigation
C18863775,C10056,Manors
C18863776,C10055,Litigation
C18863777,C10055,Litigation
C18863777,C10056,Manors
C18863778,C10055,Litigation
C18863778,C10107,Tithes
C18863779,C10055,Litigation
C18863780,C10055,Litigation
C18863780,C10107,Tithes
C18863781,C10055,Litigation
C18863782,C10055,Litigation
C18863783,C10055,Litigation
C18863784,C10055,Litigation
C18863785,C10055,Litigation
C18863786,C10055,Litigation
C18863786,C10056,Manors
C18863787,C10055,Litigation
C18863788,C10055,Litigation
C18863788,C10132,Ireland
C18863789,C10055,Litigation
C18863789,C10056,Manors
C18863790,C10055,Litigation
C18863791,C10055,Litigation
C18863792,C10055,Litigation
C18863793,C10055,Litigation
C18863793,C10040,Forestry
C18863793,C10056,Manors
C18863794,C10055,Litigation
C18863795,C10055,Litigation
C18863796,C10055,Litigation
C18863797,C10055,Litigation
C18863797,C10040,Forestry
C18863797,C10056,Manors
C18863798,C10055,Litigation
C18863799,C10055,Litigation
C18863800,C10055,Litigation
C18863800,C10007,Banking
C18863800,C10022,Conveyancing
C18863801,C10055,Litigation
C18863802,C10055,Litigation
C18863803,C10055,Litigation
C18863803,C10036,Farming
C18863804,C10055,Litigation
C18863805,C10055,Litigation
C18863805,C10040,Forestry
C18863806,C10055,Litigation
C18863807,C10055,Litigation
C18863807,C10056,Manors
C18863808,C10055,Litigation
C18863809,C10059,Marriage and divorce
C18863809,C10055,Litigation
C18863810,C10055,Litigation
C18863810,C10056,Manors
C18863811,C10055,Litigation
C18863812,C10055,Litigation
C18863813,C10055,Litigation
C18863814,C10055,Litigation
C18863815,C10055,Litigation
C18863816,C10055,Litigation
C18863817,C10055,Litigation
C18863818,C10055,Litigation
C18863819,C10055,Litigation
C18863820,C10055,Litigation
C18863821,C10055,Litigation
C18863822,C10055,Litigation
C18863822,C10007,Banking
C18863822,C10022,Conveyancing
C18863823,C10055,Litigation
C18863823,C10077,Pay and pensions
C18863824,C10055,Litigation
C18863825,C10055,Litigation
C18863825,C10056,Manors
C18863825,C10022,Conveyancing
C18863826,C10055,Litigation
C18863827,C10055,Litigation
C18863828,C10055,Litigation
C18863828,C10007,Banking
C18863828,C10022,Conveyancing
C18863829,C10055,Litigation
C18863830,C10055,Litigation
C18863831,C10055,Litigation
C18863831,C10056,Manors
C18863832,C10055,Litigation
C18863833,C10055,Litigation
C18863834,C10055,Litigation
C18863834,C10036,Farming
C18863835,C10055,Litigation
C18863836,C10055,Litigation
C18863837,C10055,Litigation
C18863837,C10056,Manors
C18863838,C10055,Litigation
C18863839,C10055,Litigation
C18863839,C10025,Debt
C18863840,C10055,Litigation
C18863841,C10055,Litigation
C18863841,C10056,Manors
C18863842,C10055,Litigation
C18863842,C10025,Debt
C18863843,C10055,Litigation
C18863844,C10055,Litigation
C18863845,C10055,Litigation
C18863846,C10055,Litigation
C18863847,C10055,Litigation
C18863847,C10056,Manors
C18863848,C10055,Litigation
C18863849,C10055,Litigation
C18863850,C10055,Litigation
C18863851,C10055,Litigation
C18863851,C10025,Debt
C18863852,C10055,Litigation
C18863852,C10022,Conveyancing
C18863852,C10036,Farming
C18863853,C10055,Litigation
C18863854,C10055,Litigation
C18863855,C10055,Litigation
C18863856,C10055,Litigation
C18863857,C10055,Litigation
C18863858,C10055,Litigation
C18863859,C10055,Litigation
C18863860,C10055,Litigation
C18863860,C10036,Farming
C18863861,C10055,Litigation
C18863862,C10055,Litigation
C18863863,C10055,Litigation
C18863864,C10055,Litigation
C18863864,C10025,Debt
C18863865,C10055,Litigation
C18863866,C10055,Litigation
C18863866,C10056,Manors
C18863867,C10055,Litigation
C18863867,C10056,Manors
C18863868,C10059,Marriage and divorce
C18863868,C10055,Litigation
C18863869,C10055,Litigation
C18863869,C10025,Debt
C18863870,C10055,Litigation
C18863871,C10093,Religions
C18863871,C10055,Litigation
C18863872,C10055,Litigation
C18863872,C10056,Manors
C18863872,C10077,Pay and pensions
C18863873,C10055,Litigation
C18863874,C10055,Litigation
C18863874,C10025,Debt
C18863875,C10055,Litigation
C18863876,C10055,Litigation
C18863876,C10007,Banking
C18863877,C10055,Litigation
C18863878,C10055,Litigation
C18863879,C10055,Litigation
C18863880,C10055,Litigation
C18863880,C10056,Manors
C18873482,C10055,Litigation
C18873482,C10056,Manors
C18873483,C10055,Litigation
C18873484,C10055,Litigation
C18873485,C10055,Litigation
C18873486,C10055,Litigation
C18873487,C10055,Litigation
C18873487,C10025,Debt
C18873488,C10055,Litigation
C18873488,C10056,Manors
C18873489,C10055,Litigation
C18873490,C10055,Litigation
C18873490,C10056,Manors
C18873491,C10055,Litigation
C18873491,C10056,Manors
C18873492,C10055,Litigation
C18873493,C10055,Litigation
C18873494,C10055,Litigation
C18873494,C10056,Manors
C18873495,C10055,Litigation
C18873496,C10055,Litigation
C18873497,C10055,Litigation
C18873497,C10036,Farming
C18873498,C10055,Litigation
C18873499,C10055,Litigation
C18873500,C10055,Litigation
C18873501,C10055,Litigation
C18873502,C10023,Crime
C18873502,C10055,Litigation
C18873503,C10055,Litigation
C18873504,C10055,Litigation
C18873504,C10025,Debt
C18873505,C10055,Litigation
C18873505,C10077,Pay and pensions
C18873506,C10055,Litigation
C18873507,C10055,Litigation
C18873508,C10055,Litigation
C18873508,C10056,Manors
C18873509,C10055,Litigation
C18873510,C10055,Litigation
C18873511,C10055,Litigation
C18873512,C10055,Litigation
C18873512,C10025,Debt
C18873513,C10059,Marriage and divorce
C18873513,C10055,Litigation
C18873514,C10055,Litigation
C18873515,C10055,Litigation
C18873516,C10055,Litigation
C18873517,C10055,Litigation
C18873518,C10055,Litigation
C18873519,C10055,Litigation
C18873520,C10055,Litigation
C18873521,C10055,Litigation
C18873522,C10055,Litigation
C18873523,C10055,Litigation
C18873524,C10055,Litigation
C18873525,C10055,Litigation
C18873526,C10055,Litigation
C18873527,C10055,Litigation
C18873528,C10055,Litigation
C18873529,C10059,Marriage and divorce
C18873529,C10055,Litigation
C18873530,C10055,Litigation
C18873531,C10055,Litigation
C18873532,C10055,Litigation
C18873532,C10025,Debt
C18873533,C10055,Litigation
C18873534,C10055,Litigation
C18873534,C10025,Debt
C18873535,C10055,Litigation
C18873535,C10056,Manors
C18873536,C10055,Litigation
C18873536,C10077,Pay and pensions
C18873537,C10055,Litigation
C18873538,C10055,Litigation
C18873538,C10077,Pay and pensions
C18873539,C10055,Litigation
C18873540,C10055,Litigation
C18873541,C10055,Litigation
C18893366,C10055,Litigation
C18893366,C10056,Manors
C18893367,C10055,Litigation
C18893368,C10055,Litigation
C18893368,C10056,Manors
C18893369,C10023,Crime
C18893369,C10055,Litigation
C18893370,C10055,Litigation
C18893370,C10056,Manors
C18893371,C10055,Litigation
C18893371,C10056,Manors
C18893372,C10055,Litigation
C18893373,C10055,Litigation
C18893373,C10025,Debt
C18893374,C10055,Litigation
C18893375,C10055,Litigation
C18893376,C10055,Litigation
C18893376,C10025,Debt
C18893377,C10055,Litigation
C18893378,C10055,Litigation
C18893379,C10055,Litigation
C18893380,C10055,Litigation
C18893381,C10055,Litigation
C18893381,C10056,Manors
C18893382,C10055,Litigation
C18893383,C10055,Litigation
C18893384,C10055,Litigation
C18893385,C10055,Litigation
C18893385,C10056,Manors
C18893386,C10055,Litigation
C18893387,C10055,Litigation
C18893388,C10055,Litigation
C18893389,C10055,Litigation
C18893389,C10040,Forestry
C18893390,C10055,Litigation
C18893390,C10107,Tithes
C18893391,C10055,Litigation
C18893391,C10056,Manors
C18893392,C10055,Litigation
C18893393,C10055,Litigation
C18893394,C10055,Litigation
C18893395,C10055,Litigation
C18893396,C10055,Litigation
C18893397,C10055,Litigation
C18893398,C10055,Litigation
C18893399,C10055,Litigation
C18893400,C10055,Litigation
C18893401,C10055,Litigation
C18893401,C10077,Pay and pensions
C18893402,C10055,Litigation
C18893402,C10025,Debt
C18893403,C10055,Litigation
C18893403,C10056,Manors
C18893404,C10055,Litigation
C18893405,C10055,Litigation
C18893406,C10055,Litigation
C18893407,C10055,Litigation
C18893408,C10023,Crime
C18893408,C10055,Litigation
C18893409,C10055,Litigation
C18893410,C10055,Litigation
C18893411,C10055,Litigation
C18893412,C10055,Litigation
C18893412,C10078,Performing arts
C18893413,C10055,Litigation
C18893413,C10056,Manors
C18893414,C10055,Litigation
C18893415,C10055,Litigation
C18893415,C10007,Banking
C18893415,C10022,Conveyancing
C18893416,C10055,Litigation
C18893416,C10025,Debt
C18893417,C10055,Litigation
C18893418,C10055,Litigation
C18893418,C10025,Debt
C18893419,C10055,Litigation
C18893420,C10055,Litigation
C18893421,C10055,Litigation
C18893422,C10055,Litigation
C18893423,C10055,Litigation
C18893423,C10025,Debt
C18893424,C10055,Litigation
C18893424,C10056,Manors
C18893425,C10055,Litigation
C18893426,C10055,Litigation
C18893427,C10055,Litigation
C18893428,C10055,Litigation
C18893429,C10055,Litigation
C18893430,C10055,Litigation
C18893431,C10055,Litigation
C18893432,C10055,Litigation
C18893432,C10025,Debt
C18893433,C10055,Litigation
C18893434,C10093,Religions
C18893434,C10055,Litigation
C18893435,C10055,Litigation
C18893435,C10056,Manors
C18893436,C10055,Litigation
C18893436,C10056,Manors
C18893437,C10055,Litigation
C18893438,C10055,Litigation
C18893439,C10055,Litigation
C18893440,C10055,Litigation
C18893441,C10055,Litigation
C18893441,C10056,Manors
C18893442,C10055,Litigation
C18893442,C10025,Debt
C18893443,C10055,Litigation
C18893444,C10055,Litigation
C18893445,C10055,Litigation
C18893446,C10055,Litigation
C18893446,C10056,Manors
C18893447,C10055,Litigation
C18893447,C10056,Manors
C18893448,C10055,Litigation
C18893449,C10055,Litigation
C18893449,C10025,Debt
C18893450,C10055,Litigation
C18893450,C10025,Debt
C18893451,C10055,Litigation
C18893452,C10055,Litigation
C18893453,C10055,Litigation
C18893454,C10055,Litigation
C18893454,C10025,Debt
C18893455,C10055,Litigation
C18893455,C10056,Manors
C18893456,C10055,Litigation
C18893456,C10056,Manors
C18893457,C10055,Litigation
C18893458,C10055,Litigation
C18893459,C10055,Litigation
C18893460,C10055,Litigation
C18893461,C10055,Litigation
C18893461,C10007,Banking
C18893461,C10022,Conveyancing
C18893462,C10055,Litigation
C18893463,C10055,Litigation
C18893464,C10055,Litigation
C18893464,C10025,Debt
C18893465,C10055,Litigation
C18893465,C10025,Debt
C18893466,C10055,Litigation
C18893466,C10025,Debt
C18893467,C10055,Litigation
C18893468,C10055,Litigation
C18893469,C10055,Litigation
C18893470,C10055,Litigation
C18893470,C10007,Banking
C18893470,C10022,Conveyancing
C18893471,C10055,Litigation
C18893471,C10036,Farming
C18893472,C10055,Litigation
C18893472,C10056,Manors
C18893473,C10055,Litigation
C18893473,C10025,Debt
C18893474,C10055,Litigation
C18893475,C10055,Litigation
C18893476,C10055,Litigation
C18893477,C10055,Litigation
C18893478,C10055,Litigation
C18893479,C10055,Litigation
C18893479,C10025,Debt
C18893480,C10059,Marriage and divorce
C18893480,C10055,Litigation
C18893481,C10055,Litigation
C18893481,C10056,Manors
C18893482,C10055,Litigation
C18893483,C10055,Litigation
C18893483,C10056,Manors
C18893484,C10055,Litigation
C18893484,C10056,Manors
C18893485,C10055,Litigation
C18893486,C10055,Litigation
C18893487,C10055,Litigation
C18893488,C10055,Litigation
C18893489,C10055,Litigation
C18893490,C10059,Marriage and divorce
C18893490,C10055,Litigation
C18893490,C10056,Manors
C18893491,C10055,Litigation
C18893491,C10025,Debt
C18893492,C10055,Litigation
C18893492,C10056,Manors
C18893492,C10015,Common land
C18893493,C10055,Litigation
C18893493,C10056,Manors
C18893494,C10055,Litigation
C18893494,C10056,Manors
C18893495,C10055,Litigation
C18893496,C10055,Litigation
C18893496,C10025,Debt
C18893497,C10055,Litigation
C18893498,C10055,Litigation
C18893498,C10056,Manors
C18893499,C10055,Litigation
C18893499,C10056,Manors
C18893500,C10055,Litigation
C18893500,C10025,Debt
C18893501,C10055,Litigation
C18893501,C10025,Debt
C18893502,C10055,Litigation
C18893502,C10025,Debt
C18893503,C10055,Litigation
C18893503,C10056,Manors
C18893504,C10055,Litigation
C18893504,C10036,Farming
C18893505,C10055,Litigation
C18893506,C10055,Litigation
C18893507,C10055,Litigation
C18893507,C10107,Tithes
C18893507,C10025,Debt
C18893508,C10055,Litigation
C18893508,C10025,Debt
C18893509,C10055,Litigation
C18893509,C10107,Tithes
C18893510,C10055,Litigation
C18893511,C10055,Litigation
C18893511,C10025,Debt
C18893512,C10055,Litigation
C18893513,C10055,Litigation
C18893514,C10055,Litigation
C18893514,C10025,Debt
C18893515,C10055,Litigation
C18893516,C10055,Litigation
C18893517,C10055,Litigation
C18893518,C10055,Litigation
C18893518,C10107,Tithes
C18893519,C10055,Litigation
C18893520,C10055,Litigation
C18893521,C10055,Litigation
C18893522,C10055,Litigation
C18893523,C10055,Litigation
C18893523,C10040,Forestry
C18893523,C10025,Debt
C18893524,C10055,Litigation
C18893525,C10055,Litigation
C18893525,C10025,Debt
C18893526,C10055,Litigation
C18893526,C10056,Manors
C18893527,C10055,Litigation
C18893528,C10059,Marriage and divorce
C18893528,C10055,Litigation
C18893529,C10055,Litigation
C18893530,C10055,Litigation
C18893530,C10056,Manors
C18893531,C10055,Litigation
C18893531,C10056,Manors
C18893532,C10055,Litigation
C18893532,C10056,Manors
C18893533,C10055,Litigation
C18893533,C10056,Manors
C18893534,C10055,Litigation
C18893534,C10025,Debt
C18893535,C10023,Crime
C18893535,C10055,Litigation
C18893536,C10055,Litigation
C18893537,C10055,Litigation
C18893537,C10025,Debt
C18893538,C10055,Litigation
C18893538,C10025,Debt
C18893539,C10055,Litigation
C18893540,C10055,Litigation
C18893540,C10056,Manors
C18893541,C10055,Litigation
C18893542,C10055,Litigation
C18893542,C10056,Manors
C18893543,C10055,Litigation
C18893544,C10055,Litigation
C18893544,C10025,Debt
C18897145,C10055,Litigation
C18897145,C10025,Debt
C18897146,C10055,Litigation
C18897146,C10036,Farming
C18897147,C10055,Litigation
C18897147,C10022,Conveyancing
C18897148,C10055,Litigation
C18897148,C10056,Manors
C18897149,C10055,Litigation
C18897150,C10055,Litigation
C18897151,C10055,Litigation
C18897151,C10056,Manors
C18897152,C10055,Litigation
C18897153,C10059,Marriage and divorce
C18897153,C10055,Litigation
C18897153,C10056,Manors
C18897154,C10055,Litigation
C18897155,C10055,Litigation
C18897156,C10055,Litigation
C18897156,C10107,Tithes
C18897157,C10055,Litigation
C18897158,C10055,Litigation
C18897158,C10025,Debt
C18897159,C10055,Litigation
C18897159,C10025,Debt
C18897160,C10055,Litigation
C18897160,C10025,Debt
C18897161,C10055,Litigation
C18897162,C10055,Litigation
C18897162,C10025,Debt
C18897163,C10059,Marriage and divorce
C18897163,C10055,Litigation
C18897164,C10055,Litigation
C18897164,C10025,Debt
C18897165,C10055,Litigation
C18897166,C10055,Litigation
C18897167,C10055,Litigation
C18897167,C10056,Manors
C18897168,C10059,Marriage and divorce
C18897168,C10055,Litigation
C18897169,C10055,Litigation
C18897170,C10055,Litigation
C18897171,C10055,Litigation
C18897172,C10055,Litigation
C18897173,C10055,Litigation
C18897173,C10077,Pay and pensions
C18897174,C10055,Litigation
C18897175,C10055,Litigation
C18897176,C10055,Litigation
C18897177,C10055,Litigation
C18897178,C10055,Litigation
C18897179,C10059,Marriage and divorce
C18897179,C10055,Litigation
C18897180,C10055,Litigation
C18897181,C10055,Litigation
C18897182,C10055,Litigation
C18897183,C10055,Litigation
C18897184,C10055,Litigation
C18897185,C10055,Litigation
C18897186,C10055,Litigation
C18897187,C10055,Litigation
C18897187,C10056,Manors
C18897188,C10055,Litigation
C18897188,C10056,Manors
C18897189,C10055,Litigation
C18897190,C10055,Litigation
C18897190,C10025,Debt
C18897191,C10055,Litigation
C18897192,C10055,Litigation
C18897193,C10055,Litigation
C18897194,C10055,Litigation
C18897195,C10055,Litigation
C18897196,C10055,Litigation
C18897197,C10055,Litigation
C18897198,C10055,Litigation
C18897199,C10055,Litigation
C18897200,C10055,Litigation
C18897200,C10025,Debt
C18897201,C10055,Litigation
C18897202,C10055,Litigation
C18897203,C10055,Litigation
C18897203,C10056,Manors
C18897204,C10055,Litigation
C18897204,C10056,Manors
C18897205,C10055,Litigation
C18897206,C10055,Litigation
C18897207,C10055,Litigation
C18897208,C10055,Litigation
C18897208,C10025,Debt
C18897209,C10055,Litigation
C18897210,C10055,Litigation
C18897210,C10056,Manors
C18897211,C10055,Litigation
C18897211,C10056,Manors
C18897212,C10055,Litigation
C18897212,C10056,Manors
C18897213,C10055,Litigation
C18897213,C10132,Ireland
C18897214,C10055,Litigation
C18897215,C10055,Litigation
C18897215,C10025,Debt
C18897216,C10055,Litigation
C18897217,C10055,Litigation
C18897218,C10055,Litigation
C18897218,C10056,Manors
C18897219,C10055,Litigation
C18897219,C10056,Manors
C18897220,C10055,Litigation
C18897221,C10055,Litigation
C18897222,C10055,Litigation
C18897222,C10056,Manors
C18897223,C10055,Litigation
C18897224,C10055,Litigation
C18897224,C10056,Manors
C18897225,C10055,Litigation
C18897226,C10055,Litigation
C18897226,C10040,Forestry
C18897227,C10055,Litigation
C18897227,C10025,Debt
C18897227,C10007,Banking
C18897227,C10022,Conveyancing
C18897228,C10055,Litigation
C18897229,C10055,Litigation
C18897229,C10036,Farming
C18897230,C10055,Litigation
C18897231,C10055,Litigation
C18897232,C10055,Litigation
C18897232,C10025,Debt
C18897232,C10056,Manors
C18897233,C10055,Litigation
C18897234,C10055,Litigation
C18897235,C10055,Litigation
C18897236,C10055,Litigation
C18897236,C10056,Manors
C18897237,C10055,Litigation
C18897238,C10055,Litigation
C18897239,C10055,Litigation
C18897240,C10055,Litigation
C18897241,C10055,Litigation
C18897241,C10056,Manors
C18897242,C10055,Litigation
C18897243,C10055,Litigation
C18897244,C10059,Marriage and divorce
C18897244,C10055,Litigation
C18897245,C10055,Litigation
C18897246,C10055,Litigation
C18897247,C10055,Litigation
C18897247,C10056,Manors
C18897248,C10055,Litigation
C18897249,C10055,Litigation
C18897250,C10055,Litigation
C18897250,C10036,Farming
C18897251,C10055,Litigation
C18897252,C10055,Litigation
C18897252,C10056,Manors
C18897253,C10055,Litigation
C18897253,C10013,Clothing
C18897254,C10055,Litigation
C18897254,C10040,Forestry
C18897254,C10056,Manors
C18897255,C10023,Crime
C18897255,C10055,Litigation
C18897256,C10055,Litigation
C18897256,C10007,Banking
C18897256,C10022,Conveyancing
C18897257,C10055,Litigation
C18897257,C10056,Manors
C18897258,C10055,Litigation
C18897259,C10055,Litigation
C18897260,C10055,Litigation
C18897261,C10055,Litigation
C18897261,C10025,Debt
C18897262,C10055,Litigation
C18897263,C10055,Litigation
C18897264,C10055,Litigation
C18897265,C10055,Litigation
C18897265,C10025,Debt
C18897266,C10055,Litigation
C18897266,C10056,Manors
C18897267,C10023,Crime
C18897267,C10055,Litigation
C18897268,C10039,Food and drink
C18897268,C10055,Litigation
C18897269,C10055,Litigation
C18897270,C10055,Litigation
C18897271,C10055,Litigation
C18897272,C10131,Europe and Russia
C18897272,C10055,Litigation
C18897273,C10055,Litigation
C18897273,C10056,Manors
C18897274,C10055,Litigation
C18897275,C10055,Litigation
C18897275,C10077,Pay and pensions
C18897276,C10055,Litigation
C18897277,C10055,Litigation
C18897278,C10055,Litigation
C18897279,C10055,Litigation
C18897279,C10025,Debt
C18897280,C10055,Litigation
C18897281,C10055,Litigation
C18897281,C10056,Manors
C18897282,C10055,Litigation
C18897282,C10056,Manors
C18897283,C10055,Litigation
C18897284,C10055,Litigation
C18897285,C10055,Litigation
C18897285,C10056,Manors
C18897286,C10055,Litigation
C18897286,C10025,Debt
C18897287,C10055,Litigation
C18897287,C10056,Manors
C18897288,C10055,Litigation
C18897289,C10055,Litigation
C18897290,C10055,Litigation
C18897291,C10055,Litigation
C18897291,C10056,Manors
C18897292,C10055,Litigation
C18897293,C10055,Litigation
C18897293,C10025,Debt
C18897294,C10055,Litigation
C18897295,C10055,Litigation
C18897296,C10055,Litigation
C18897297,C10055,Litigation
C18897298,C10055,Litigation
C18897299,C10055,Litigation
C18897300,C10055,Litigation
C18897300,C10025,Debt
C18897301,C10055,Litigation
C18897302,C10055,Litigation
C18897303,C10055,Litigation
C18897304,C10055,Litigation
C18897304,C10025,Debt
C18897305,C10055,Litigation
C18897306,C10055,Litigation
C18897306,C10056,Manors
C18897307,C10055,Litigation
C18897308,C10055,Litigation
C18897309,C10055,Litigation
C18897310,C10055,Litigation
C18897311,C10055,Litigation
C18897312,C10055,Litigation
C18897313,C10055,Litigation
C18897313,C10025,Debt
C18897313,C10036,Farming
C18897314,C10055,Litigation
C18897315,C10055,Litigation
C18897315,C10077,Pay and pensions
C18897316,C10055,Litigation
C18897316,C10107,Tithes
C18897317,C10055,Litigation
C18897318,C10055,Litigation
C18897319,C10055,Litigation
C18897319,C10056,Manors
C18897320,C10055,Litigation
C18897321,C10055,Litigation
C18897322,C10055,Litigation
C18897323,C10055,Litigation
C18897324,C10055,Litigation
C18897324,C10089,Railways
C18897325,C10055,Litigation
C18897326,C10131,Europe and Russia
C18897326,C10055,Litigation
C18897327,C10055,Litigation
C18897328,C10055,Litigation
C18897329,C10055,Litigation
C18897330,C10055,Litigation
C18897330,C10056,Manors
C18897331,C10055,Litigation
C18897332,C10055,Litigation
C18897333,C10055,Litigation
C18897334,C10055,Litigation
C18897335,C10055,Litigation
C18897336,C10039,Food and drink
C18897336,C10055,Litigation
C18897337,C10059,Marriage and divorce
C18897337,C10055,Litigation
C18897338,C10055,Litigation
C18897338,C10025,Debt
C18897339,C10055,Litigation
C18897339,C10025,Debt
C18897340,C10055,Litigation
C18897340,C10056,Manors
C18897341,C10055,Litigation
C18897341,C10056,Manors
C18897342,C10055,Litigation
C18897342,C10025,Debt
C18897343,C10055,Litigation
C18897344,C10055,Litigation
C18897345,C10055,Litigation
C18897346,C10055,Litigation
C18897346,C10025,Debt
C18897347,C10055,Litigation
C18897348,C10055,Litigation
C18897349,C10055,Litigation
C18897350,C10055,Litigation
C18897351,C10055,Litigation
C18897351,C10025,Debt
C18897352,C10055,Litigation
C18897353,C10055,Litigation
C18897354,C10055,Litigation
C18897354,C10077,Pay and pensions
C18897355,C10055,Litigation
C18897356,C10055,Litigation
C18897357,C10055,Litigation
C18897358,C10055,Litigation
C18897359,C10055,Litigation
C18897359,C10080,Piracy and privateering
C18897360,C10055,Litigation
C18897361,C10055,Litigation
C18897361,C10056,Manors
C18897361,C10036,Farming
C18897362,C10055,Litigation
C18897363,C10055,Litigation
C18897363,C10025,Debt
C18897364,C10055,Litigation
C18897365,C10055,Litigation
C18897365,C10025,Debt
C18897366,C10055,Litigation
C18897366,C10056,Manors
C18897367,C10055,Litigation
C18897367,C10056,Manors
C18897368,C10055,Litigation
C18897369,C10055,Litigation
C18897370,C10055,Litigation
C18897371,C10023,Crime
C18897371,C10055,Litigation
C18897372,C10055,Litigation
C18897373,C10055,Litigation
C18897374,C10055,Litigation
C18897374,C10056,Manors
C18897375,C10055,Litigation
C18897375,C10025,Debt
C18897376,C10055,Litigation
C18897377,C10055,Litigation
C18897377,C10056,Manors
C18897378,C10055,Litigation
C18897378,C10056,Manors
C18897379,C10055,Litigation
C18897380,C10055,Litigation
C18897380,C10056,Manors
C18897381,C10055,Litigation
C18897382,C10055,Litigation
C18897383,C10055,Litigation
C18897384,C10055,Litigation
C18897384,C10056,Manors
C18897385,C10059,Marriage and divorce
C18897385,C10055,Litigation
C18897386,C10055,Litigation
C18897387,C10055,Litigation
C18897388,C10055,Litigation
C18897389,C10055,Litigation
C18897389,C10025,Debt
C18897390,C10055,Litigation
C18897391,C10055,Litigation
C18897391,C10107,Tithes
C18897392,C10055,Litigation
C18897392,C10056,Manors
C18896878,C10055,Litigation
C18896879,C10055,Litigation
C18896879,C10077,Pay and pensions
C18896880,C10055,Litigation
C18896880,C10107,Tithes
C18896881,C10055,Litigation
C18896882,C10055,Litigation
C18896882,C10025,Debt
C18896883,C10055,Litigation
C18896883,C10025,Debt
C18896884,C10055,Litigation
C18896884,C10056,Manors
C18896885,C10055,Litigation
C18896886,C10055,Litigation
C18896886,C10007,Banking
C18896886,C10022,Conveyancing
C18896887,C10055,Litigation
C18896888,C10055,Litigation
C18896888,C10056,Manors
C18896889,C10055,Litigation
C18896889,C10056,Manors
C18896890,C10055,Litigation
C18896890,C10107,Tithes
C18896891,C10055,Litigation
C18896891,C10056,Manors
C18896892,C10055,Litigation
C18896892,C10056,Manors
C18896893,C10055,Litigation
C18896894,C10055,Litigation
C18896894,C10033,Education
C18896895,C10055,Litigation
C18896896,C10055,Litigation
C18896897,C10055,Litigation
C18896897,C10007,Banking
C18896897,C10022,Conveyancing
C18896898,C10055,Litigation
C18896899,C10055,Litigation
C18896900,C10055,Litigation
C18896900,C10056,Manors
C18896901,C10055,Litigation
C18896902,C10055,Litigation
C18896903,C10055,Litigation
C18896903,C10025,Debt
C18896904,C10055,Litigation
C18896905,C10055,Litigation
C18896906,C10059,Marriage and divorce
C18896906,C10055,Litigation
C18896907,C10055,Litigation
C18896907,C10056,Manors
C18896908,C10055,Litigation
C18896909,C10055,Litigation
C18896909,C10025,Debt
C18896910,C10055,Litigation
C18896911,C10055,Litigation
C18896911,C10056,Manors
C18896912,C10055,Litigation
C18896913,C10039,Food and drink
C18896913,C10055,Litigation
C18896914,C10055,Litigation
C18896914,C10056,Manors
C18896915,C10055,Litigation
C18896915,C10036,Farming
C18896916,C10055,Litigation
C18896916,C10107,Tithes
C18896917,C10055,Litigation
C18896918,C10055,Litigation
C18896919,C10055,Litigation
C18896920,C10055,Litigation
C18896921,C10055,Litigation
C18896921,C10056,Manors
C18896922,C10055,Litigation
C18896923,C10055,Litigation
C18896923,C10025,Debt
C18896924,C10055,Litigation
C18896924,C10007,Banking
C18896924,C10022,Conveyancing
C18896925,C10055,Litigation
C18896926,C10055,Litigation
C18896927,C10055,Litigation
C18896927,C10056,Manors
C18896928,C10059,Marriage and divorce
C18896928,C10055,Litigation
C18896929,C10055,Litigation
C18896929,C10056,Manors
C18896930,C10055,Litigation
C18896931,C10055,Litigation
C18896932,C10055,Litigation
C18896933,C10055,Litigation
C18896934,C10055,Litigation
C18896934,C10043,Government finances
C18896935,C10055,Litigation
C18896936,C10055,Litigation
C18896937,C10055,Litigation
C18896937,C10025,Debt
C18896938,C10055,Litigation
C18896939,C10055,Litigation
C18896939,C10056,Manors
C18896940,C10055,Litigation
C18896941,C10055,Litigation
C18896942,C10055,Litigation
C18896943,C10055,Litigation
C18896944,C10055,Litigation
C18896945,C10055,Litigation
C18896946,C10055,Litigation
C18896947,C10055,Litigation
C18896947,C10107,Tithes
C18896947,C10056,Manors
C18896948,C10055,Litigation
C18896949,C10055,Litigation
C18896950,C10055,Litigation
C18896950,C10056,Manors
C18896951,C10055,Litigation
C18896952,C10055,Litigation
C18896952,C10056,Manors
C18896952,C10007,Banking
C18896952,C10022,Conveyancing
C18896953,C10055,Litigation
C18896954,C10055,Litigation
C18896955,C10055,Litigation
C18896955,C10007,Banking
C18896955,C10022,Conveyancing
C18896956,C10055,Litigation
C18896957,C10059,Marriage and divorce
C18896957,C10055,Litigation
C18896958,C10055,Litigation
C18896959,C10055,Litigation
C18896960,C10055,Litigation
C18896961,C10055,Litigation
C18896961,C10056,Manors
C18896962,C10055,Litigation
C18896963,C10055,Litigation
C18896964,C10055,Litigation
C18896965,C10055,Litigation
C18896965,C10056,Manors
C18896966,C10055,Litigation
C18896967,C10055,Litigation
C18896968,C10055,Litigation
C18896969,C10055,Litigation
C18896969,C10056,Manors
C18896970,C10055,Litigation
C18896971,C10055,Litigation
C18896972,C10023,Crime
C18896972,C10039,Food and drink
C18896972,C10055,Litigation
C18896973,C10055,Litigation
C18896973,C10025,Debt
C18896974,C10055,Litigation
C18896975,C10055,Litigation
C18896975,C10056,Manors
C18896976,C10055,Litigation
C18896977,C10055,Litigation
C18896978,C10055,Litigation
C18896979,C10055,Litigation
C18896979,C10025,Debt
C18896980,C10055,Litigation
C18896981,C10055,Litigation
C18896982,C10055,Litigation
C18896982,C10056,Manors
C18896983,C10055,Litigation
C18896984,C10055,Litigation
C18896984,C10013,Clothing
C18896985,C10055,Litigation
C18896985,C10025,Debt
C18896986,C10055,Litigation
C18896987,C10055,Litigation
C18896987,C10056,Manors
C18863881,C10055,Litigation
C18863881,C10056,Manors
C18863882,C10055,Litigation
C18863882,C10056,Manors
C18863883,C10055,Litigation
C18863884,C10055,Litigation
C18863884,C10056,Manors
C18863885,C10055,Litigation
C18863885,C10025,Debt
C18863886,C10055,Litigation
C18863886,C10056,Manors
C18863887,C10039,Food and drink
C18863887,C10055,Litigation
C18863887,C10025,Debt
C18863888,C10055,Litigation
C18863889,C10055,Litigation
C18863890,C10055,Litigation
C18863891,C10055,Litigation
C18863892,C10055,Litigation
C18863892,C10036,Farming
C18863893,C10055,Litigation
C18863894,C10055,Litigation
C18863895,C10055,Litigation
C18863896,C10055,Litigation
C18863896,C10056,Manors
C18863897,C10055,Litigation
C18863898,C10055,Litigation
C18863898,C10025,Debt
C18863898,C10056,Manors
C18863899,C10055,Litigation
C18863900,C10093,Religions
C18863900,C10055,Litigation
C18863901,C10055,Litigation
C18863902,C10055,Litigation
C18863902,C10056,Manors
C18863903,C10055,Litigation
C18863903,C10025,Debt
C18863904,C10055,Litigation
C18863904,C10056,Manors
C18863905,C10055,Litigation
C18863906,C10055,Litigation
C18863907,C10055,Litigation
C18863907,C10022,Conveyancing
C18863908,C10055,Litigation
C18863909,C10055,Litigation
C18863910,C10055,Litigation
C18863911,C10055,Litigation
C18863911,C10056,Manors
C18863912,C10055,Litigation
C18863912,C10025,Debt
C18863913,C10055,Litigation
C18863914,C10055,Litigation
C18863915,C10055,Litigation
C18863915,C10007,Banking
C18863915,C10022,Conveyancing
C18863916,C10055,Litigation
C18863917,C10055,Litigation
C18863917,C10107,Tithes
C18863918,C10055,Litigation
C18863918,C10025,Debt
C18863919,C10055,Litigation
C18863920,C10055,Litigation
C18863920,C10025,Debt
C18863921,C10055,Litigation
C18863922,C10055,Litigation
C18863923,C10055,Litigation
C18863923,C10025,Debt
C18863924,C10059,Marriage and divorce
C18863924,C10055,Litigation
C18863925,C10055,Litigation
C18863926,C10055,Litigation
C18863927,C10055,Litigation
C18863928,C10055,Litigation
C18863929,C10055,Litigation
C18863930,C10055,Litigation
C18863931,C10055,Litigation
C18863932,C10055,Litigation
C18863933,C10055,Litigation
C18863934,C10055,Litigation
C18863934,C10007,Banking
C18863934,C10022,Conveyancing
C18863934,C10036,Farming
C18863935,C10055,Litigation
C18863935,C10056,Manors
C18863936,C10055,Litigation
C18863937,C10055,Litigation
C18863937,C10013,Clothing
C18863937,C10036,Farming
C18863938,C10039,Food and drink
C18863938,C10055,Litigation
C18863939,C10055,Litigation
C18863939,C10036,Farming
C18863940,C10055,Litigation
C18863941,C10055,Litigation
C18863941,C10107,Tithes
C18863941,C10056,Manors
C18863942,C10055,Litigation
C18863943,C10055,Litigation
C18863943,C10107,Tithes
C18863944,C10055,Litigation
C18863945,C10055,Litigation
C18863946,C10055,Litigation
C18863946,C10025,Debt
C18863947,C10055,Litigation
C18863947,C10025,Debt
C18863948,C10055,Litigation
C18863949,C10055,Litigation
C18863949,C10056,Manors
C18863950,C10055,Litigation
C18863950,C10025,Debt
C18863951,C10055,Litigation
C18863951,C10040,Forestry
C18863952,C10055,Litigation
C18863953,C10055,Litigation
C18863954,C10055,Litigation
C18863954,C10025,Debt
C18863955,C10055,Litigation
C18863956,C10055,Litigation
C18863957,C10055,Litigation
C18863958,C10055,Litigation
C18863958,C10025,Debt
C18863959,C10055,Litigation
C18863960,C10055,Litigation
C18863961,C10055,Litigation
C18863961,C10025,Debt
C18863962,C10055,Litigation
C18863963,C10055,Litigation
C18863964,C10055,Litigation
C18863965,C10055,Litigation
C18863966,C10055,Litigation
C18863967,C10055,Litigation
C18863968,C10055,Litigation
C18863968,C10107,Tithes
C18863969,C10055,Litigation
C18863970,C10055,Litigation
C18863971,C10055,Litigation
C18863972,C10055,Litigation
C18863973,C10055,Litigation
C18863974,C10059,Marriage and divorce
C18863974,C10055,Litigation
C18863975,C10055,Litigation
C18863975,C10107,Tithes
C18863975,C10056,Manors
C18863976,C10055,Litigation
C18863976,C10025,Debt
C18863977,C10055,Litigation
C18863978,C10055,Litigation
C18863979,C10055,Litigation
C18863980,C10055,Litigation
C18863981,C10055,Litigation
C18863982,C10055,Litigation
C18863983,C10055,Litigation
C18863984,C10055,Litigation
C18863985,C10055,Litigation
C18863986,C10055,Litigation
C18863987,C10055,Litigation
C18863987,C10056,Manors
C18863988,C10055,Litigation
C18863989,C10055,Litigation
C18863990,C10055,Litigation
C18863990,C10007,Banking
C18863990,C10022,Conveyancing
C18863991,C10055,Litigation
C18863991,C10056,Manors
C18863992,C10055,Litigation
C18863993,C10055,Litigation
C18863993,C10040,Forestry
C18863994,C10055,Litigation
C18863995,C10055,Litigation
C18863996,C10055,Litigation
C18863996,C10107,Tithes
C18863997,C10055,Litigation
C18863998,C10055,Litigation
C18863998,C10025,Debt
C18863999,C10055,Litigation
C18864000,C10055,Litigation
C18864000,C10056,Manors
C18864001,C10055,Litigation
C18864001,C10036,Farming
C18864002,C10055,Litigation
C18864003,C10055,Litigation
C18864003,C10025,Debt
C18864004,C10055,Litigation
C18864004,C10056,Manors
C18864005,C10055,Litigation
C18864006,C10055,Litigation
C18864007,C10055,Litigation
C18864007,C10025,Debt
C18864008,C10055,Litigation
C18864009,C10055,Litigation
C18864010,C10055,Litigation
C18864010,C10007,Banking
C18864010,C10022,Conveyancing
C18864011,C10055,Litigation
C18864011,C10056,Manors
C18864012,C10055,Litigation
C18864013,C10059,Marriage and divorce
C18864013,C10055,Litigation
C18864014,C10055,Litigation
C18864015,C10055,Litigation
C18864015,C10025,Debt
C18864016,C10055,Litigation
C18864016,C10077,Pay and pensions
C18864017,C10055,Litigation
C18864017,C10056,Manors
C18864018,C10055,Litigation
C18864018,C10040,Forestry
C18864019,C10055,Litigation
C18864020,C10055,Litigation
C18887294,C10055,Litigation
C18887295,C10055,Litigation
C18887295,C10056,Manors
C18887296,C10055,Litigation
C18887296,C10025,Debt
C18887297,C10055,Litigation
C18887298,C10055,Litigation
C18887299,C10055,Litigation
C18887300,C10055,Litigation
C18887301,C10055,Litigation
C18887302,C10055,Litigation
C18887303,C10055,Litigation
C18887303,C10007,Banking
C18887303,C10022,Conveyancing
C18887304,C10055,Litigation
C18887305,C10055,Litigation
C18887306,C10055,Litigation
C18887307,C10055,Litigation
C18887307,C10025,Debt
C18887308,C10055,Litigation
C18887309,C10055,Litigation
C18887309,C10056,Manors
C18887310,C10055,Litigation
C18887311,C10055,Litigation
C18887312,C10055,Litigation
C18887313,C10055,Litigation
C18887314,C10055,Litigation
C18887314,C10107,Tithes
C18887315,C10055,Litigation
C18887315,C10025,Debt
C18887316,C10055,Litigation
C18887317,C10055,Litigation
C18887317,C10056,Manors
C18887318,C10055,Litigation
C18887318,C10056,Manors
C18887319,C10055,Litigation
C18887320,C10055,Litigation
C18887321,C10055,Litigation
C18887321,C10007,Banking
C18887321,C10022,Conveyancing
C18887322,C10055,Litigation
C18887323,C10055,Litigation
C18887323,C10025,Debt
C18887323,C10007,Banking
C18887323,C10022,Conveyancing
C18887324,C10055,Litigation
C18887325,C10059,Marriage and divorce
C18887325,C10055,Litigation
C18887326,C10055,Litigation
C18887326,C10056,Manors
C18887327,C10055,Litigation
C18887327,C10056,Manors
C18887327,C10007,Banking
C18887327,C10022,Conveyancing
C18887328,C10055,Litigation
C18887329,C10055,Litigation
C18887329,C10116,Wills and probate
C18887330,C10055,Litigation
C18887330,C10056,Manors
C18887331,C10055,Litigation
C18887332,C10055,Litigation
C18887333,C10055,Litigation
C18887333,C10025,Debt
C18887334,C10055,Litigation
C18887335,C10055,Litigation
C18887335,C10056,Manors
C18887336,C10055,Litigation
C18887337,C10055,Litigation
C18887338,C10055,Litigation
C18887338,C10056,Manors
C18887339,C10055,Litigation
C18887339,C10056,Manors
C18887340,C10055,Litigation
C18887340,C10025,Debt
C18887341,C10055,Litigation
C18887342,C10055,Litigation
C18887343,C10055,Litigation
C18887343,C10056,Manors
C18887344,C10055,Litigation
C18887345,C10055,Litigation
C18887346,C10055,Litigation
C18887347,C10055,Litigation
C18887348,C10055,Litigation
C18887349,C10055,Litigation
C18887350,C10055,Litigation
C18887351,C10055,Litigation
C18887352,C10055,Litigation
C18887353,C10055,Litigation
C18887353,C10025,Debt
C18887354,C10055,Litigation
C18887355,C10055,Litigation
C18887356,C10055,Litigation
C18887357,C10055,Litigation
C18887357,C10056,Manors
C18887358,C10039,Food and drink
C18887358,C10055,Litigation
C18887358,C10025,Debt
C18887359,C10055,Litigation
C18887360,C10055,Litigation
C18887361,C10055,Litigation
C18887362,C10055,Litigation
C18887362,C10056,Manors
C18887363,C10055,Litigation
C18887363,C10025,Debt
C18887364,C10055,Litigation
C18887365,C10055,Litigation
C18887366,C10055,Litigation
C18887367,C10055,Litigation
C18887367,C10107,Tithes
C18887368,C10055,Litigation
C18887368,C10025,Debt
C18887368,C10052,Labour
C18887369,C10055,Litigation
C18887369,C10025,Debt
C18887370,C10055,Litigation
C18887371,C10055,Litigation
C18887371,C10025,Debt
C18887372,C10093,Religions
C18887372,C10055,Litigation
C18887373,C10055,Litigation
C18887374,C10055,Litigation
C18887375,C10055,Litigation
C18887376,C10055,Litigation
C18887377,C10055,Litigation
C18887377,C10025,Debt
C18887378,C10055,Litigation
C18887379,C10055,Litigation
C18887379,C10056,Manors
C18887380,C10055,Litigation
C18887381,C10055,Litigation
C18887382,C10055,Litigation
C18887383,C10059,Marriage and divorce
C18887383,C10055,Litigation
C18887384,C10055,Litigation
C18887385,C10055,Litigation
C18887385,C10119,Nursing
C18887386,C10055,Litigation
C18887387,C10055,Litigation
C18887388,C10023,Crime
C18887388,C10055,Litigation
C18887389,C10055,Litigation
C18887389,C10056,Manors
C18887390,C10055,Litigation
C18887391,C10055,Litigation
C18887391,C10025,Debt
C18887392,C10055,Litigation
C18887393,C10055,Litigation
C18887394,C10055,Litigation
C18887394,C10056,Manors
C18887395,C10055,Litigation
C18887396,C10055,Litigation
C18887397,C10055,Litigation
C18887398,C10055,Litigation
C18887398,C10036,Farming
C18887399,C10055,Litigation
C18887399,C10056,Manors
C18887400,C10055,Litigation
C18887401,C10055,Litigation
C18887402,C10055,Litigation
C18887403,C10055,Litigation
C18887403,C10056,Manors
C18887404,C10055,Litigation
C18887404,C10108,Trade and commerce
C18887405,C10055,Litigation
C18887406,C10055,Litigation
C18887407,C10055,Litigation
C18887407,C10085,Prisons
C18887408,C10055,Litigation
C18887408,C10107,Tithes
C18887409,C10055,Litigation
C18887410,C10055,Litigation
C18887411,C10055,Litigation
C18887412,C10055,Litigation
C18887413,C10055,Litigation
C18887414,C10055,Litigation
C18887415,C10055,Litigation
C18887416,C10055,Litigation
C18887417,C10055,Litigation
C18887418,C10055,Litigation
C18887419,C10023,Crime
C18887419,C10055,Litigation
C18887420,C10023,Crime
C18887420,C10055,Litigation
C18887420,C10107,Tithes
C18887421,C10023,Crime
C18887421,C10055,Litigation
C18887421,C10056,Manors
C18887422,C10055,Litigation
C18887423,C10055,Litigation
C18887423,C10040,Forestry
C18887424,C10023,Crime
C18887424,C10055,Litigation
C18887424,C10052,Labour
C18887425,C10055,Litigation
C18887426,C10055,Litigation
C18887427,C10055,Litigation
C18887428,C10055,Litigation
C18887428,C10056,Manors
C18887429,C10055,Litigation
C18887430,C10055,Litigation
C18887430,C10056,Manors
C18887431,C10055,Litigation
C18887432,C10055,Litigation
C18887433,C10131,Europe and Russia
C18887433,C10055,Litigation
C18887433,C10108,Trade and commerce
C18887434,C10055,Litigation
C18887434,C10036,Farming
C18887435,C10055,Litigation
C18887435,C10056,Manors
C18887436,C10055,Litigation
C18887437,C10093,Religions
C18887437,C10130,Caribbean
C18887437,C10055,Litigation
C18887438,C10023,Crime
C18887438,C10055,Litigation
C18887438,C10022,Conveyancing
C18887439,C10055,Litigation
C18887440,C10055,Litigation
C18887441,C10055,Litigation
C18887442,C10055,Litigation
C18887443,C10055,Litigation
C18887444,C10093,Religions
C18887444,C10055,Litigation
C18887445,C10055,Litigation
C18887446,C10055,Litigation
C18887447,C10055,Litigation
C18887448,C10055,Litigation
C18887448,C10056,Manors
C18893182,C10055,Litigation
C18893183,C10055,Litigation
C18893183,C10025,Debt
C18893184,C10055,Litigation
C18893185,C10055,Litigation
C18893186,C10055,Litigation
C18893187,C10055,Litigation
C18893188,C10055,Litigation
C18893189,C10055,Litigation
C18893190,C10055,Litigation
C18893191,C10055,Litigation
C18893192,C10055,Litigation
C18893193,C10055,Litigation
C18893194,C10055,Litigation
C18893195,C10055,Litigation
C18893196,C10055,Litigation
C18893197,C10055,Litigation
C18893198,C10055,Litigation
C18893199,C10055,Litigation
C18893200,C10055,Litigation
C18893201,C10055,Litigation
C18893202,C10023,Crime
C18893202,C10055,Litigation
C18893203,C10055,Litigation
C18893203,C10056,Manors
C18893204,C10055,Litigation
C18893205,C10055,Litigation
C18893206,C10055,Litigation
C18893207,C10093,Religions
C18893207,C10055,Litigation
C18893207,C10056,Manors
C18893208,C10055,Litigation
C18893209,C10055,Litigation
C18893210,C10059,Marriage and divorce
C18893210,C10055,Litigation
C18893211,C10055,Litigation
C18893211,C10116,Wills and probate
C18893212,C10055,Litigation
C18893212,C10056,Manors
C18893213,C10055,Litigation
C18893214,C10055,Litigation
C18893215,C10055,Litigation
C18893215,C10056,Manors
C18893216,C10055,Litigation
C18893217,C10055,Litigation
C18893218,C10055,Litigation
C18893219,C10055,Litigation
C18893219,C10052,Labour
C18893220,C10055,Litigation
C18893220,C10056,Manors
C18893221,C10093,Religions
C18893221,C10055,Litigation
C18893221,C10077,Pay and pensions
C18893221,C10036,Farming
C18893222,C10059,Marriage and divorce
C18893222,C10055,Litigation
C18893222,C10022,Conveyancing
C18893223,C10055,Litigation
C18893224,C10055,Litigation
C18893224,C10040,Forestry
C18893225,C10055,Litigation
C18893226,C10055,Litigation
C18893227,C10055,Litigation
C18893227,C10056,Manors
C18893228,C10055,Litigation
C18893228,C10056,Manors
C18893229,C10055,Litigation
C18893230,C10055,Litigation
C18893231,C10055,Litigation
C18893231,C10025,Debt
C18893232,C10055,Litigation
C18893232,C10056,Manors
C18893233,C10131,Europe and Russia
C18893233,C10055,Litigation
C18893233,C10025,Debt
C18893234,C10055,Litigation
C18893234,C10022,Conveyancing
C18893235,C10055,Litigation
C18893235,C10040,Forestry
C18893235,C10056,Manors
C18893236,C10059,Marriage and divorce
C18893236,C10055,Litigation
C18893237,C10055,Litigation
C18893238,C10055,Litigation
C18893239,C10055,Litigation
C18893239,C10013,Clothing
C18893240,C10055,Litigation
C18893240,C10056,Manors
C18893241,C10055,Litigation
C18893241,C10116,Wills and probate
C18893242,C10055,Litigation
C18893243,C10055,Litigation
C18893243,C10056,Manors
C18893244,C10055,Litigation
C18893245,C10055,Litigation
C18893246,C10055,Litigation
C18893246,C10022,Conveyancing
C18896988,C10055,Litigation
C18896989,C10055,Litigation
C18896990,C10055,Litigation
C18896990,C10056,Manors
C18896991,C10055,Litigation
C18896991,C10056,Manors
C18896992,C10055,Litigation
C18896993,C10055,Litigation
C18896994,C10055,Litigation
C18896995,C10055,Litigation
C18896995,C10056,Manors
C18896996,C10055,Litigation
C18896997,C10055,Litigation
C18896998,C10055,Litigation
C18896999,C10055,Litigation
C18896999,C10056,Manors
C18897000,C10055,Litigation
C18897001,C10055,Litigation
C18897002,C10055,Litigation
C18897003,C10023,Crime
C18897003,C10055,Litigation
C18897004,C10055,Litigation
C18897004,C10056,Manors
C18897005,C10055,Litigation
C18897006,C10055,Litigation
C18897006,C10007,Banking
C18897006,C10022,Conveyancing
C18897007,C10055,Litigation
C18897007,C10107,Tithes
C18897007,C10056,Manors
C18897008,C10055,Litigation
C18897009,C10055,Litigation
C18897010,C10023,Crime
C18897010,C10055,Litigation
C18897011,C10055,Litigation
C18897012,C10055,Litigation
C18897013,C10055,Litigation
C18897014,C10055,Litigation
C18897014,C10056,Manors
C18897015,C10055,Litigation
C18897016,C10055,Litigation
C18897017,C10055,Litigation
C18897018,C10055,Litigation
C18897018,C10056,Manors
C18897019,C10055,Litigation
C18897019,C10025,Debt
C18897020,C10055,Litigation
C18897021,C10055,Litigation
C18897021,C10036,Farming
C18897022,C10055,Litigation
C18897023,C10023,Crime
C18897023,C10055,Litigation
C18897024,C10055,Litigation
C18897024,C10056,Manors
C18897025,C10055,Litigation
C18897026,C10055,Litigation
C18897027,C10055,Litigation
C18897028,C10055,Litigation
C18897029,C10055,Litigation
C18897030,C10055,Litigation
C18897031,C10055,Litigation
C18897031,C10106,Taxation
C18897032,C10059,Marriage and divorce
C18897032,C10055,Litigation
C18897033,C10055,Litigation
C18897034,C10023,Crime
C18897034,C10055,Litigation
C18897035,C10055,Litigation
C18897035,C10056,Manors
C18897036,C10059,Marriage and divorce
C18897036,C10055,Litigation
C18897037,C10023,Crime
C18897037,C10055,Litigation
C18897038,C10055,Litigation
C18897038,C10056,Manors
C18897039,C10055,Litigation
C18897040,C10055,Litigation
C18897041,C10055,Litigation
C18897041,C10056,Manors
C18897042,C10023,Crime
C18897042,C10055,Litigation
C18897043,C10055,Litigation
C18897043,C10108,Trade and commerce
C18897044,C10055,Litigation
C18897044,C10040,Forestry
C18897045,C10055,Litigation
C18897045,C10007,Banking
C18897045,C10022,Conveyancing
C18897046,C10059,Marriage and divorce
C18897046,C10055,Litigation
C18897046,C10116,Wills and probate
C18897047,C10055,Litigation
C18897047,C10056,Manors
C18897048,C10039,Food and drink
C18897048,C10055,Litigation
C18897048,C10116,Wills and probate
C18897049,C10055,Litigation
C18897050,C10055,Litigation
C18897051,C10059,Marriage and divorce
C18897051,C10055,Litigation
C18897052,C10055,Litigation
C18897052,C10022,Conveyancing
C18897053,C10059,Marriage and divorce
C18897053,C10055,Litigation
C18897054,C10055,Litigation
C18897055,C10055,Litigation
C18897056,C10055,Litigation
C18897057,C10055,Litigation
C18897058,C10055,Litigation
C18897059,C10055,Litigation
C18897060,C10055,Litigation
C18897060,C10056,Manors
C18897061,C10055,Litigation
C18897061,C10108,Trade and commerce
C18897062,C10055,Litigation
C18897063,C10055,Litigation
C18897063,C10108,Trade and commerce
C18897064,C10055,Litigation
C18897065,C10055,Litigation
C18897065,C10056,Manors
C18897066,C10093,Religions
C18897066,C10055,Litigation
C18897067,C10055,Litigation
C18897068,C10055,Litigation
C18897069,C10055,Litigation
C18955763,C10055,Litigation
C18955763,C10056,Manors
C18955764,C10055,Litigation
C18955764,C10108,Trade and commerce
C18955765,C10055,Litigation
C18955765,C10025,Debt
C18955766,C10055,Litigation
C18955767,C10055,Litigation
C18955768,C10055,Litigation
C18955769,C10055,Litigation
C18955770,C10023,Crime
C18955770,C10055,Litigation
C18955771,C10131,Europe and Russia
C18955771,C10055,Litigation
C18955772,C10055,Litigation
C18955773,C10023,Crime
C18955773,C10055,Litigation
C18955774,C10039,Food and drink
C18955774,C10055,Litigation
C18955774,C10108,Trade and commerce
C18955775,C10023,Crime
C18955775,C10055,Litigation
C18955776,C10055,Litigation
C18955776,C10107,Tithes
C18955776,C10077,Pay and pensions
C18955777,C10055,Litigation
C18955777,C10071,Nationality
C18955777,C10012,Children
C18955778,C10055,Litigation
C18955778,C10056,Manors
C18955779,C10055,Litigation
C18955779,C10108,Trade and commerce
C18955780,C10055,Litigation
C18955780,C10077,Pay and pensions
C18955781,C10055,Litigation
C18955782,C10055,Litigation
C18955783,C10055,Litigation
C18955784,C10055,Litigation
C18955784,C10036,Farming
C18955785,C10055,Litigation
C18955786,C10055,Litigation
C18955786,C10116,Wills and probate
C18955787,C10055,Litigation
C18955788,C10055,Litigation
C18955788,C10116,Wills and probate
C18955789,C10055,Litigation
C18955790,C10055,Litigation
C18955791,C10055,Litigation
C18955791,C10056,Manors
C18955792,C10055,Litigation
C18955793,C10055,Litigation
C18955794,C10055,Litigation
C18955795,C10055,Litigation
C18955795,C10056,Manors
C18955796,C10055,Litigation
C18955797,C10055,Litigation
C18955798,C10055,Litigation
C18955798,C10040,Forestry
C18955799,C10055,Litigation
C18955799,C10056,Manors
C18955800,C10055,Litigation
C18955800,C10056,Manors
C18955801,C10055,Litigation
C18955802,C10059,Marriage and divorce
C18955802,C10055,Litigation
C18955803,C10055,Litigation
C18955804,C10055,Litigation
C18955805,C10055,Litigation
C18955805,C10108,Trade and commerce
C18955805,C10116,Wills and probate
C18955806,C10055,Litigation
C18955807,C10055,Litigation
C18955808,C10055,Litigation
C18955809,C10055,Litigation
C18955810,C10059,Marriage and divorce
C18955810,C10055,Litigation
C18955811,C10055,Litigation
C18955812,C10055,Litigation
C19022490,C10055,Litigation
C19022491,C10055,Litigation
C19022491,C10056,Manors
C19022492,C10059,Marriage and divorce
C19022492,C10055,Litigation
C19022493,C10055,Litigation
C19022494,C10055,Litigation
C19022494,C10056,Manors
C19022495,C10055,Litigation
C19022496,C10055,Litigation
C19022497,C10055,Litigation
C19022497,C10108,Trade and commerce
C19022498,C10055,Litigation
C19022499,C10093,Religions
C19022499,C10055,Litigation
C19022499,C10107,Tithes
C19022500,C10093,Religions
C19022500,C10055,Litigation
C19022501,C10055,Litigation
C19022501,C10056,Manors
C19022502,C10093,Religions
C19022502,C10055,Litigation
C19022503,C10055,Litigation
C19022504,C10055,Litigation
C19022505,C10055,Litigation
C19022506,C10055,Litigation
C19022506,C10056,Manors
C19022507,C10055,Litigation
C19022507,C10056,Manors
C19022508,C10055,Litigation
C19022508,C10025,Debt
C19022509,C10055,Litigation
C19022510,C10055,Litigation
C19022511,C10055,Litigation
C19022512,C10055,Litigation
C19022513,C10023,Crime
C19022513,C10055,Litigation
C19022514,C10055,Litigation
C19022515,C10055,Litigation
C19022516,C10055,Litigation
C19022517,C10055,Litigation
C19022518,C10055,Litigation
C19022519,C10023,Crime
C19022519,C10055,Litigation
C19022520,C10055,Litigation
C19022521,C10055,Litigation
C19022522,C10055,Litigation
C19022522,C10107,Tithes
C19022523,C10055,Litigation
C19022524,C10055,Litigation
C19022525,C10055,Litigation
C19022526,C10055,Litigation
C19022527,C10055,Litigation
C19022528,C10055,Litigation
C19022529,C10055,Litigation
C19022530,C10055,Litigation
C19022530,C10056,Manors
C19022531,C10055,Litigation
C19022532,C10055,Litigation
C19022532,C10056,Manors
C19022533,C10055,Litigation
C19022534,C10055,Litigation
C19022535,C10055,Litigation
C19022535,C10040,Forestry
C19022536,C10055,Litigation
C19022537,C10055,Litigation
C19022537,C10056,Manors
C19022538,C10059,Marriage and divorce
C19022538,C10055,Litigation
C19022539,C10055,Litigation
C19022539,C10116,Wills and probate
C19022540,C10055,Litigation
C19030646,C10059,Marriage and divorce
C19030646,C10055,Litigation
C19030646,C10012,Children
C19030647,C10055,Litigation
C19030647,C10056,Manors
C19030648,C10055,Litigation
C19030648,C10025,Debt
C19030648,C10012,Children
C19030649,C10055,Litigation
C19030649,C10036,Farming
C19030650,C10055,Litigation
C19030651,C10055,Litigation
C19030651,C10025,Debt
C19030652,C10055,Litigation
C19030653,C10055,Litigation
C19030654,C10055,Litigation
C19030655,C10055,Litigation
C19030656,C10055,Litigation
C19030657,C10055,Litigation
C19030658,C10055,Litigation
C19030659,C10055,Litigation
C19030660,C10023,Crime
C19030660,C10055,Litigation
C19030661,C10055,Litigation
C19030661,C10022,Conveyancing
C19030662,C10055,Litigation
C19030663,C10055,Litigation
C19030664,C10059,Marriage and divorce
C19030664,C10055,Litigation
C19030665,C10055,Litigation
C19030665,C10056,Manors
C19030666,C10055,Litigation
C19030667,C10055,Litigation
C19030668,C10055,Litigation
C19030669,C10055,Litigation
C19030670,C10055,Litigation
C19030671,C10055,Litigation
C19030671,C10056,Manors
C19030671,C10077,Pay and pensions
C19030672,C10055,Litigation
C19030673,C10055,Litigation
C19030674,C10055,Litigation
C19030675,C10055,Litigation
C19030675,C10025,Debt
C19030676,C10055,Litigation
C19030677,C10055,Litigation
C19030677,C10025,Debt
C19030677,C10012,Children
C19030678,C10055,Litigation
C19030678,C10036,Farming
C19030679,C10055,Litigation
C19030680,C10055,Litigation
C19030680,C10116,Wills and probate
C19030681,C10055,Litigation
C19030682,C10055,Litigation
C19030682,C10056,Manors
C19030683,C10055,Litigation
C19030683,C10107,Tithes
C19030684,C10055,Litigation
C19030685,C10055,Litigation
C19030685,C10056,Manors
C19030686,C10055,Litigation
C19030687,C10055,Litigation
C19030687,C10056,Manors
C19030688,C10055,Litigation
C19030688,C10107,Tithes
C19030689,C10023,Crime
C19030689,C10055,Litigation
C19030690,C10055,Litigation
C19030690,C10056,Manors
C19030691,C10055,Litigation
C19030691,C10056,Manors
C19030692,C10055,Litigation
C19030693,C10055,Litigation
C19030693,C10056,Manors
C19030694,C10055,Litigation
C19030695,C10055,Litigation
C19030695,C10025,Debt
C19030696,C10055,Litigation
C19030697,C10055,Litigation
C19030698,C10055,Litigation
C19030699,C10055,Litigation
C19030699,C10056,Manors
C19030700,C10055,Litigation
C19030701,C10059,Marriage and divorce
C19030701,C10055,Litigation
C19030702,C10055,Litigation
C19030702,C10056,Manors
C19030703,C10038,Fishing
C19030703,C10055,Litigation
C19030703,C10125,Americas
C19030704,C10055,Litigation
C19030705,C10055,Litigation
C19030705,C10077,Pay and pensions
C19030706,C10055,Litigation
C19030706,C10025,Debt
C19030707,C10055,Litigation
C19030708,C10055,Litigation
C19030709,C10039,Food and drink
C19030709,C10055,Litigation
C19030710,C10055,Litigation
C19030710,C10056,Manors
C19030711,C10055,Litigation
C19030712,C10055,Litigation
C19030713,C10055,Litigation
C19271518,C10055,Litigation
C19271519,C10055,Litigation
C19271520,C10055,Litigation
C19271521,C10055,Litigation
C19271522,C10055,Litigation
C19271523,C10055,Litigation
C19271524,C10055,Litigation
C19271524,C10056,Manors
C19271525,C10055,Litigation
C19271525,C10056,Manors
C19271526,C10023,Crime
C19271526,C10055,Litigation
C19271527,C10055,Litigation
C19271528,C10055,Litigation
C19271528,C10056,Manors
C19271529,C10039,Food and drink
C19271529,C10055,Litigation
C19271530,C10055,Litigation
C19271531,C10055,Litigation
C19271531,C10056,Manors
C19271532,C10055,Litigation
C19271533,C10055,Litigation
C19271534,C10055,Litigation
C19271535,C10055,Litigation
C19271536,C10055,Litigation
C19271537,C10055,Litigation
C19271538,C10055,Litigation
C19271539,C10055,Litigation
C19271540,C10055,Litigation
C19271541,C10055,Litigation
C19271542,C10055,Litigation
C19271543,C10055,Litigation
C19271543,C10036,Farming
C19271544,C10055,Litigation
C19271544,C10056,Manors
C19271545,C10055,Litigation
C19271545,C10025,Debt
C19271545,C10077,Pay and pensions
C19271546,C10055,Litigation
C19271547,C10055,Litigation
C19271547,C10056,Manors
C19271548,C10023,Crime
C19271548,C10055,Litigation
C19271549,C10055,Litigation
C19271550,C10055,Litigation
C19271551,C10055,Litigation
C19271552,C10055,Litigation
C19271553,C10055,Litigation
C19271554,C10055,Litigation
C19271555,C10055,Litigation
C19271555,C10056,Manors
C19271556,C10055,Litigation
C19271557,C10055,Litigation
C19271558,C10055,Litigation
C19271559,C10055,Litigation
C19271560,C10055,Litigation
C19271560,C10056,Manors
C19271561,C10055,Litigation
C19271561,C10056,Manors
C19271562,C10055,Litigation
C19271563,C10055,Litigation
C19271563,C10116,Wills and probate
C19271564,C10055,Litigation
C19271565,C10055,Litigation
C19271566,C10055,Litigation
C19271567,C10055,Litigation
C19271568,C10023,Crime
C19271568,C10055,Litigation
C19271568,C10012,Children
C19271569,C10055,Litigation
C19271570,C10055,Litigation
C19271571,C10023,Crime
C19271571,C10055,Litigation
C19271572,C10055,Litigation
C19271573,C10055,Litigation
C19271574,C10059,Marriage and divorce
C19271574,C10039,Food and drink
C19271574,C10055,Litigation
C19271575,C10059,Marriage and divorce
C19271575,C10055,Litigation
C19271576,C10055,Litigation
C19271577,C10055,Litigation
C19271578,C10055,Litigation
C19271579,C10055,Litigation
C19271579,C10036,Farming
C19271580,C10055,Litigation
C19271581,C10055,Litigation
C19271582,C10055,Litigation
C19271583,C10055,Litigation
C19271584,C10055,Litigation
C19271585,C10055,Litigation
C19271586,C10055,Litigation
C19271587,C10055,Litigation
C19271588,C10055,Litigation
C19271589,C10055,Litigation
C19271589,C10056,Manors
C19271590,C10055,Litigation
C19271591,C10055,Litigation
C19271592,C10055,Litigation
C19271592,C10056,Manors
C19271593,C10055,Litigation
C19271594,C10055,Litigation
C19271595,C10055,Litigation
C19271595,C10022,Conveyancing
C19271596,C10055,Litigation
C19271597,C10055,Litigation
C19271598,C10055,Litigation
C19271599,C10059,Marriage and divorce
C19271599,C10131,Europe and Russia
C19271599,C10055,Litigation
C19271600,C10055,Litigation
C19271601,C10055,Litigation
C19271602,C10055,Litigation
C19271602,C10036,Farming
C19271603,C10055,Litigation
C19271604,C10055,Litigation
C19271604,C10012,Children
C19271605,C10059,Marriage and divorce
C19271605,C10055,Litigation
C19271606,C10055,Litigation
C19271607,C10055,Litigation
C19271607,C10108,Trade and commerce
C19271607,C10040,Forestry
C19271608,C10055,Litigation
C19271609,C10055,Litigation
C19271610,C10055,Litigation
C19271611,C10055,Litigation
C19271611,C10036,Farming
C19271612,C10055,Litigation
C19271612,C10056,Manors
C19271613,C10055,Litigation
C19271614,C10055,Litigation
C19271615,C10055,Litigation
C19271616,C10055,Litigation
C19271617,C10055,Litigation
C19271618,C10055,Litigation
C19271618,C10025,Debt
C19271619,C10055,Litigation
C19271619,C10056,Manors
C19271620,C10055,Litigation
C19271621,C10055,Litigation
C19271621,C10036,Farming
C19271622,C10055,Litigation
C19271623,C10055,Litigation
C19271624,C10055,Litigation
C19271624,C10056,Manors
C19271625,C10055,Litigation
C19271626,C10023,Crime
C19271626,C10055,Litigation
C19271627,C10055,Litigation
C19271627,C10052,Labour
C19271628,C10055,Litigation
C19271629,C10055,Litigation
C19271629,C10056,Manors
C19271630,C10055,Litigation
C19271630,C10025,Debt
C19271631,C10055,Litigation
C19271632,C10055,Litigation
C19271633,C10055,Litigation
C19271634,C10055,Litigation
C19271634,C10007,Banking
C19271634,C10022,Conveyancing
C19271635,C10055,Litigation
C19271636,C10055,Litigation
C19271637,C10023,Crime
C19271637,C10055,Litigation
C19271638,C10055,Litigation
C19271639,C10055,Litigation
C19271640,C10055,Litigation
C19271641,C10055,Litigation
C19271641,C10056,Manors
C19271642,C10023,Crime
C19271642,C10055,Litigation
C19271642,C10116,Wills and probate
C19271643,C10055,Litigation
C19271644,C10055,Litigation
C19271645,C10055,Litigation
C19271646,C10055,Litigation
C19271647,C10055,Litigation
C19271648,C10023,Crime
C19271648,C10055,Litigation
C19271649,C10055,Litigation
C19271650,C10055,Litigation
C19271651,C10055,Litigation
C19271652,C10055,Litigation
C19271653,C10055,Litigation
C19271654,C10055,Litigation
C19271655,C10055,Litigation
C19271656,C10055,Litigation
C19271656,C10056,Manors
C19271657,C10055,Litigation
C19271657,C10056,Manors
C19271658,C10055,Litigation
C19271658,C10036,Farming
C19271659,C10055,Litigation
C19271660,C10055,Litigation
C19271661,C10055,Litigation
C19271662,C10055,Litigation
C19271662,C10108,Trade and commerce
C19271663,C10055,Litigation
C19271664,C10055,Litigation
C19271664,C10056,Manors
C19271665,C10055,Litigation
C19271666,C10055,Litigation
C19271667,C10055,Litigation
C19271668,C10055,Litigation
C19271668,C10056,Manors
C19271669,C10059,Marriage and divorce
C19271669,C10055,Litigation
C19271670,C10055,Litigation
C19297833,C10055,Litigation
C19297834,C10055,Litigation
C19297835,C10055,Litigation
C19297836,C10059,Marriage and divorce
C19297836,C10055,Litigation
C19297837,C10055,Litigation
C19297838,C10055,Litigation
C19297839,C10023,Crime
C19297839,C10055,Litigation
C19297840,C10055,Litigation
C19297841,C10055,Litigation
C19297841,C10056,Manors
C19297842,C10055,Litigation
C19297843,C10055,Litigation
C19297844,C10055,Litigation
C19297845,C10055,Litigation
C19297846,C10023,Crime
C19297846,C10055,Litigation
C19297847,C10055,Litigation
C19297847,C10108,Trade and commerce
C19297848,C10055,Litigation
C19297849,C10055,Litigation
C19297850,C10055,Litigation
C19297851,C10055,Litigation
C19297852,C10055,Litigation
C19297853,C10055,Litigation
C19297854,C10039,Food and drink
C19297854,C10055,Litigation
C19297855,C10023,Crime
C19297855,C10055,Litigation
C19297856,C10055,Litigation
C19297856,C10056,Manors
C19297857,C10055,Litigation
C19297858,C10055,Litigation
C19297858,C10056,Manors
C19297859,C10055,Litigation
C19297860,C10055,Litigation
C19297861,C10055,Litigation
C19297862,C10055,Litigation
C19297862,C10056,Manors
C19297863,C10055,Litigation
C19297864,C10055,Litigation
C19297864,C10116,Wills and probate
C19297865,C10023,Crime
C19297865,C10055,Litigation
C19297866,C10055,Litigation
C19297867,C10055,Litigation
C19297867,C10056,Manors
C19297868,C10055,Litigation
C19297868,C10056,Manors
C19297869,C10131,Europe and Russia
C19297869,C10055,Litigation
C19297870,C10023,Crime
C19297870,C10055,Litigation
C19297870,C10056,Manors
C19297871,C10055,Litigation
C19297871,C10056,Manors
C19297872,C10055,Litigation
C19297873,C10055,Litigation
C19297874,C10055,Litigation
C19297875,C10059,Marriage and divorce
C19297875,C10055,Litigation
C19297875,C10116,Wills and probate
C19297876,C10055,Litigation
C19297877,C10055,Litigation
C19297878,C10023,Crime
C19297878,C10055,Litigation
C19297879,C10055,Litigation
C19297880,C10055,Litigation
C19297881,C10055,Litigation
C19297882,C10055,Litigation
C19297883,C10055,Litigation
C19297884,C10055,Litigation
C19297885,C10055,Litigation
C19297886,C10055,Litigation
C19313295,C10055,Litigation
C19313295,C10056,Manors
C19313296,C10055,Litigation
C19313296,C10056,Manors
C19313297,C10055,Litigation
C19313297,C10025,Debt
C19313298,C10055,Litigation
C19313299,C10055,Litigation
C19313300,C10055,Litigation
C19313301,C10055,Litigation
C19313302,C10059,Marriage and divorce
C19313302,C10055,Litigation
C19313303,C10055,Litigation
C19313304,C10055,Litigation
C19313305,C10055,Litigation
C19313306,C10055,Litigation
C19313307,C10055,Litigation
C19313308,C10055,Litigation
C19313308,C10108,Trade and commerce
C19313309,C10055,Litigation
C19313310,C10055,Litigation
C19313310,C10108,Trade and commerce
C19313310,C10040,Forestry
C19313311,C10055,Litigation
C19313312,C10059,Marriage and divorce
C19313312,C10055,Litigation
C19313313,C10055,Litigation
C19313314,C10055,Litigation
C19313314,C10077,Pay and pensions
C19313315,C10055,Litigation
C19313316,C10023,Crime
C19313316,C10055,Litigation
C19313317,C10055,Litigation
C19313317,C10036,Farming
C19313318,C10055,Litigation
C19313319,C10055,Litigation
C19313320,C10055,Litigation
C19313320,C10025,Debt
C19313321,C10055,Litigation
C19313322,C10055,Litigation
C19313323,C10055,Litigation
C19313324,C10055,Litigation
C19313324,C10056,Manors
C19313325,C10055,Litigation
C19313326,C10055,Litigation
C19313326,C10108,Trade and commerce
C19313327,C10055,Litigation
C19313327,C10056,Manors
C19313328,C10055,Litigation
C19313329,C10055,Litigation
C19313329,C10056,Manors
C19313330,C10055,Litigation
C19313331,C10055,Litigation
C19313332,C10055,Litigation
C19313332,C10013,Clothing
C19313333,C10055,Litigation
C19313334,C10055,Litigation
C19313335,C10055,Litigation
C19313335,C10025,Debt
C19313336,C10055,Litigation
C19313337,C10055,Litigation
C19313338,C10055,Litigation
C19313339,C10055,Litigation
C19313340,C10055,Litigation
C19313340,C10012,Children
C19313341,C10055,Litigation
C19313342,C10055,Litigation
C19313342,C10025,Debt
C19313343,C10055,Litigation
C19313344,C10055,Litigation
C19313345,C10055,Litigation
C19313535,C10055,Litigation
C19313536,C10055,Litigation
C19313536,C10056,Manors
C19313536,C10007,Banking
C19313536,C10022,Conveyancing
C19313537,C10023,Crime
C19313537,C10055,Litigation
C19313538,C10055,Litigation
C19313538,C10116,Wills and probate
C19313539,C10055,Litigation
C19313540,C10055,Litigation
C19313541,C10055,Litigation
C19313541,C10036,Farming
C19313542,C10055,Litigation
C19313543,C10055,Litigation
C19313544,C10055,Litigation
C19313545,C10059,Marriage and divorce
C19313545,C10055,Litigation
C19313546,C10055,Litigation
C19313547,C10055,Litigation
C19313547,C10025,Debt
C19313547,C10080,Piracy and privateering
C19313548,C10055,Litigation
C19313548,C10036,Farming
C19313549,C10055,Litigation
C19313550,C10055,Litigation
C19313551,C10023,Crime
C19313551,C10055,Litigation
C19313552,C10055,Litigation
C19313553,C10055,Litigation
C19313553,C10056,Manors
C19313553,C10012,Children
C19313554,C10055,Litigation
C19313555,C10055,Litigation
C19313556,C10055,Litigation
C19313557,C10055,Litigation
C19313557,C10056,Manors
C19313558,C10055,Litigation
C19313559,C10055,Litigation
C19313560,C10055,Litigation
C19313561,C10055,Litigation
C19313562,C10055,Litigation
C19313563,C10055,Litigation
C19313564,C10055,Litigation
C19313564,C10116,Wills and probate
C19313565,C10055,Litigation
C19313566,C10055,Litigation
C19313567,C10055,Litigation
C19313568,C10055,Litigation
C19313569,C10093,Religions
C19313569,C10055,Litigation
C19313570,C10055,Litigation
C19313571,C10059,Marriage and divorce
C19313571,C10055,Litigation
C19313572,C10055,Litigation
C19313573,C10055,Litigation
C19313574,C10055,Litigation
C19313575,C10055,Litigation
C19313576,C10055,Litigation
C19313576,C10056,Manors
C19313577,C10055,Litigation
C19313578,C10055,Litigation
C19313579,C10055,Litigation
C19313580,C10055,Litigation
C19313581,C10055,Litigation
C19313581,C10056,Manors
C19313582,C10055,Litigation
C19313583,C10055,Litigation
C19313584,C10055,Litigation
C19313585,C10039,Food and drink
C19313585,C10055,Litigation
C19313586,C10055,Litigation
C19313587,C10055,Litigation
C19313587,C10056,Manors
C19313588,C10055,Litigation
C19313589,C10055,Litigation
C19313589,C10025,Debt
C19313590,C10055,Litigation
C19313590,C10007,Banking
C19313590,C10022,Conveyancing
C19313591,C10055,Litigation
C19313592,C10055,Litigation
C19313592,C10025,Debt
C19313593,C10055,Litigation
C19313594,C10055,Litigation
C19313595,C10055,Litigation
C19313596,C10055,Litigation
C19313596,C10107,Tithes
C19313596,C10015,Common land
C19313597,C10055,Litigation
C19313598,C10055,Litigation
C19313599,C10055,Litigation
C19313600,C10055,Litigation
C19313600,C10056,Manors
C19313601,C10059,Marriage and divorce
C19313601,C10055,Litigation
C19313602,C10055,Litigation
C19313603,C10055,Litigation
C19313604,C10055,Litigation
C19313605,C10059,Marriage and divorce
C19313605,C10055,Litigation
C19313606,C10055,Litigation
C19313607,C10055,Litigation
C19313608,C10055,Litigation
C19313609,C10055,Litigation
C19313609,C10056,Manors
C19313610,C10023,Crime
C19313610,C10055,Litigation
C19313611,C10055,Litigation
C19313612,C10055,Litigation
C19313613,C10055,Litigation
C19313613,C10007,Banking
C19313613,C10022,Conveyancing
C19313614,C10055,Litigation
C19313615,C10055,Litigation
C19313616,C10055,Litigation
C19313616,C10056,Manors
C19313617,C10055,Litigation
C19313618,C10055,Litigation
C19313619,C10023,Crime
C19313619,C10055,Litigation
C19313620,C10055,Litigation
C19313620,C10056,Manors
C19313621,C10059,Marriage and divorce
C19313621,C10055,Litigation
C19313621,C10056,Manors
C19313622,C10055,Litigation
C19313623,C10055,Litigation
C19313624,C10055,Litigation
C19313625,C10055,Litigation
C19313626,C10055,Litigation
C19313627,C10039,Food and drink
C19313627,C10055,Litigation
C19313628,C10055,Litigation
C19313629,C10055,Litigation
C19313629,C10056,Manors
C19313630,C10055,Litigation
C19313631,C10059,Marriage and divorce
C19313631,C10055,Litigation
C19313631,C10056,Manors
C19313632,C10055,Litigation
C19313633,C10055,Litigation
C19313634,C10055,Litigation
C19313634,C10056,Manors
C19313635,C10055,Litigation
C19313636,C10055,Litigation
C19313637,C10055,Litigation
C19313638,C10059,Marriage and divorce
C19313638,C10055,Litigation
C19313639,C10055,Litigation
C19313640,C10055,Litigation
C19313641,C10055,Litigation
C19313642,C10055,Litigation
C19313642,C10056,Manors
C19313643,C10055,Litigation
C19313643,C10056,Manors
C19313644,C10055,Litigation
C19313645,C10055,Litigation
C19313646,C10055,Litigation
C19313646,C10056,Manors
C19313647,C10055,Litigation
C19313647,C10033,Education
C19313648,C10055,Litigation
C19313649,C10055,Litigation
C19313649,C10116,Wills and probate
C19313650,C10023,Crime
C19313650,C10055,Litigation
C19313651,C10055,Litigation
C19313652,C10055,Litigation
C19313653,C10055,Litigation
C19313654,C10059,Marriage and divorce
C19313654,C10055,Litigation
C19313654,C10077,Pay and pensions
C19313655,C10055,Litigation
C19313449,C10055,Litigation
C19313449,C10036,Farming
C19313450,C10055,Litigation
C19313450,C10077,Pay and pensions
C19313451,C10055,Litigation
C19313452,C10055,Litigation
C19313453,C10055,Litigation
C19313454,C10023,Crime
C19313454,C10055,Litigation
C19313454,C10107,Tithes
C19313455,C10055,Litigation
C19313455,C10056,Manors
C19313456,C10055,Litigation
C19313456,C10056,Manors
C19313457,C10055,Litigation
C19313458,C10055,Litigation
C19313459,C10055,Litigation
C19313460,C10055,Litigation
C19313460,C10056,Manors
C19313461,C10055,Litigation
C19313462,C10055,Litigation
C19313463,C10055,Litigation
C19313464,C10055,Litigation
C19313465,C10059,Marriage and divorce
C19313465,C10055,Litigation
C19313466,C10055,Litigation
C19313467,C10055,Litigation
C19313468,C10055,Litigation
C19313468,C10077,Pay and pensions
C19313469,C10055,Litigation
C19313469,C10025,Debt
C19313470,C10055,Litigation
C19313471,C10055,Litigation
C19313472,C10055,Litigation
C19313472,C10025,Debt
C19313473,C10055,Litigation
C19313473,C10056,Manors
C19313474,C10055,Litigation
C19313475,C10055,Litigation
C19313476,C10055,Litigation
C19313476,C10025,Debt
C19313477,C10055,Litigation
C19313478,C10055,Litigation
C19313478,C10025,Debt
C19313479,C10055,Litigation
C19313479,C10056,Manors
C19313480,C10055,Litigation
C19313481,C10055,Litigation
C19313482,C10055,Litigation
C19313483,C10055,Litigation
C19313483,C10056,Manors
C19313484,C10055,Litigation
C19313485,C10055,Litigation
C19313486,C10055,Litigation
C19313486,C10013,Clothing
C19313486,C10036,Farming
C19313487,C10055,Litigation
C19313488,C10055,Litigation
C19313489,C10055,Litigation
C19313490,C10055,Litigation
C19313491,C10055,Litigation
C19313491,C10056,Manors
C19313492,C10055,Litigation
C19313492,C10056,Manors
C19313493,C10055,Litigation
C19313494,C10055,Litigation
C19313495,C10055,Litigation
C19313496,C10023,Crime
C19313496,C10055,Litigation
C19313497,C10039,Food and drink
C19313497,C10055,Litigation
C19313498,C10059,Marriage and divorce
C19313498,C10055,Litigation
C19313498,C10108,Trade and commerce
C19313499,C10055,Litigation
C19313500,C10055,Litigation
C19313500,C10056,Manors
C19313501,C10055,Litigation
C19313502,C10055,Litigation
C19313503,C10055,Litigation
C19313504,C10055,Litigation
C19313505,C10055,Litigation
C19313505,C10056,Manors
C19313506,C10055,Litigation
C19313507,C10023,Crime
C19313507,C10055,Litigation
C19313508,C10055,Litigation
C19313508,C10056,Manors
C19313509,C10055,Litigation
C19313509,C10036,Farming
C19313510,C10055,Litigation
C19313511,C10055,Litigation
C19313511,C10056,Manors
C19313512,C10055,Litigation
C19313512,C10056,Manors
C19313513,C10055,Litigation
C19313514,C10055,Litigation
C19313515,C10055,Litigation
C19313516,C10055,Litigation
C19313517,C10055,Litigation
C19313518,C10055,Litigation
C19313518,C10025,Debt
C19313519,C10055,Litigation
C19313519,C10056,Manors
C19313519,C10058,Maps and plans
C19313520,C10055,Litigation
C19313520,C10056,Manors
C19313521,C10055,Litigation
C19313522,C10059,Marriage and divorce
C19313522,C10055,Litigation
C19313522,C10025,Debt
C19313522,C10116,Wills and probate
C19313523,C10055,Litigation
C19313524,C10055,Litigation
C19313525,C10055,Litigation
C19313526,C10055,Litigation
C19313527,C10055,Litigation
C19313527,C10056,Manors
C19313528,C10023,Crime
C19313528,C10093,Religions
C19313528,C10055,Litigation
C19313529,C10055,Litigation
C19313529,C10056,Manors
C19313530,C10055,Litigation
C19313531,C10055,Litigation
C19313532,C10055,Litigation
C19313532,C10056,Manors
C19313533,C10055,Litigation
C19313534,C10055,Litigation
C19313346,C10055,Litigation
C19313347,C10055,Litigation
C19313347,C10056,Manors
C19313348,C10055,Litigation
C19313349,C10055,Litigation
C19313350,C10055,Litigation
C19313351,C10055,Litigation
C19313352,C10055,Litigation
C19313353,C10055,Litigation
C19313354,C10055,Litigation
C19313355,C10055,Litigation
C19313355,C10056,Manors
C19313356,C10055,Litigation
C19313356,C10056,Manors
C19313357,C10055,Litigation
C19313358,C10055,Litigation
C19313359,C10055,Litigation
C19313360,C10055,Litigation
C19313360,C10125,Americas
C19313361,C10023,Crime
C19313361,C10055,Litigation
C19313362,C10055,Litigation
C19313363,C10055,Litigation
C19313364,C10059,Marriage and divorce
C19313364,C10055,Litigation
C19313365,C10055,Litigation
C19313365,C10056,Manors
C19313366,C10055,Litigation
C19313367,C10055,Litigation
C19313368,C10055,Litigation
C19313369,C10055,Litigation
C19313369,C10025,Debt
C19313370,C10055,Litigation
C19313371,C10055,Litigation
C19313371,C10056,Manors
C19313372,C10055,Litigation
C19313372,C10056,Manors
C19313373,C10055,Litigation
C19313374,C10055,Litigation
C19313375,C10055,Litigation
C19313376,C10055,Litigation
C19313377,C10055,Litigation
C19313377,C10012,Children
C19313378,C10059,Marriage and divorce
C19313378,C10055,Litigation
C19313379,C10055,Litigation
C19313380,C10055,Litigation
C19313381,C10055,Litigation
C19313382,C10055,Litigation
C19313383,C10055,Litigation
C19313384,C10055,Litigation
C19313385,C10055,Litigation
C19313386,C10023,Crime
C19313386,C10055,Litigation
C19313387,C10055,Litigation
C19313387,C10056,Manors
C19313388,C10055,Litigation
C19313389,C10055,Litigation
C19313390,C10055,Litigation
C19313391,C10055,Litigation
C19313391,C10014,Coal
C19313392,C10055,Litigation
C19313392,C10077,Pay and pensions
C19313393,C10055,Litigation
C19313393,C10056,Manors
C19313394,C10055,Litigation
C19313394,C10056,Manors
C19313395,C10055,Litigation
C19313396,C10055,Litigation
C19313397,C10055,Litigation
C19313397,C10056,Manors
C19313398,C10055,Litigation
C19313398,C10012,Children
C19313399,C10055,Litigation
C19313400,C10055,Litigation
C19313401,C10039,Food and drink
C19313401,C10055,Litigation
C19313401,C10013,Clothing
C19313402,C10039,Food and drink
C19313402,C10055,Litigation
C19313403,C10055,Litigation
C19313403,C10116,Wills and probate
C19313404,C10023,Crime
C19313404,C10055,Litigation
C19313405,C10055,Litigation
C19313406,C10055,Litigation
C19313406,C10056,Manors
C19313406,C10036,Farming
C19313407,C10055,Litigation
C19313408,C10055,Litigation
C19313409,C10055,Litigation
C19313410,C10055,Litigation
C19313410,C10077,Pay and pensions
C19313411,C10055,Litigation
C19313412,C10055,Litigation
C19313413,C10055,Litigation
C19313414,C10055,Litigation
C19313415,C10055,Litigation
C19313415,C10056,Manors
C19313416,C10055,Litigation
C19313416,C10056,Manors
C19313417,C10055,Litigation
C19313418,C10055,Litigation
C19313419,C10055,Litigation
C19313420,C10055,Litigation
C19313421,C10055,Litigation
C19313422,C10023,Crime
C19313422,C10055,Litigation
C19313422,C10056,Manors
C19313423,C10055,Litigation
C19313424,C10055,Litigation
C19313425,C10055,Litigation
C19313426,C10055,Litigation
C19313427,C10055,Litigation
C19313428,C10055,Litigation
C19313429,C10038,Fishing
C19313429,C10055,Litigation
C19313430,C10055,Litigation
C19313430,C10108,Trade and commerce
C19313431,C10055,Litigation
C19313432,C10055,Litigation
C19313433,C10055,Litigation
C19313434,C10055,Litigation
C19313435,C10055,Litigation
C19313436,C10055,Litigation
C19313436,C10056,Manors
C19313437,C10055,Litigation
C19313438,C10055,Litigation
C19313439,C10055,Litigation
C19313440,C10055,Litigation
C19313440,C10056,Manors
C19313441,C10055,Litigation
C19313442,C10055,Litigation
C19313443,C10055,Litigation
C19313444,C10055,Litigation
C19313445,C10055,Litigation
C19313445,C10056,Manors
C19313446,C10055,Litigation
C19313447,C10055,Litigation
C19313448,C10055,Litigation
C19344093,C10023,Crime
C19344093,C10055,Litigation
C19344094,C10055,Litigation
C19344095,C10055,Litigation
C19344096,C10055,Litigation
C19344096,C10056,Manors
C19344097,C10055,Litigation
C19344098,C10055,Litigation
C19344099,C10055,Litigation
C19344099,C10052,Labour
C19344100,C10055,Litigation
C19344100,C10056,Manors
C19344101,C10055,Litigation
C19344101,C10056,Manors
C19344102,C10055,Litigation
C19344103,C10055,Litigation
C19344104,C10055,Litigation
C19344105,C10055,Litigation
C19344106,C10055,Litigation
C19344107,C10055,Litigation
C19344107,C10056,Manors
C19344108,C10055,Litigation
C19344109,C10055,Litigation
C19344109,C10128,Middle East
C19344110,C10055,Litigation
C19344110,C10012,Children
C19344111,C10055,Litigation
C19344111,C10107,Tithes
C19344111,C10007,Banking
C19344111,C10022,Conveyancing
C19344112,C10055,Litigation
C19344112,C10056,Manors
C19344113,C10055,Litigation
C19344114,C10055,Litigation
C19344114,C10056,Manors
C19344115,C10055,Litigation
C19344116,C10055,Litigation
C19344116,C10056,Manors
C19344117,C10055,Litigation
C19344118,C10055,Litigation
C19344119,C10055,Litigation
C19344120,C10055,Litigation
C19344121,C10055,Litigation
C19344121,C10056,Manors
C19344122,C10055,Litigation
C19344123,C10093,Religions
C19344123,C10055,Litigation
C19344124,C10055,Litigation
C19344125,C10055,Litigation
C19344125,C10056,Manors
C19344126,C10055,Litigation
C19344127,C10055,Litigation
C19344128,C10055,Litigation
C19344129,C10055,Litigation
C19344130,C10055,Litigation
C19344130,C10036,Farming
C19344131,C10055,Litigation
C19344132,C10055,Litigation
C19344133,C10055,Litigation
C19344134,C10055,Litigation
C19344135,C10055,Litigation
C19344135,C10036,Farming
C19344136,C10055,Litigation
C19344137,C10055,Litigation
C19344138,C10055,Litigation
C19344138,C10056,Manors
C19344139,C10059,Marriage and divorce
C19344139,C10055,Litigation
C19344140,C10055,Litigation
C19344140,C10025,Debt
C19352898,C10055,Litigation
C19352899,C10055,Litigation
C19352900,C10055,Litigation
C19352901,C10055,Litigation
C19352902,C10055,Litigation
C19352902,C10107,Tithes
C19352902,C10015,Common land
C19352903,C10055,Litigation
C19352904,C10023,Crime
C19352904,C10055,Litigation
C19352905,C10055,Litigation
C19352906,C10055,Litigation
C19352907,C10055,Litigation
C19352907,C10036,Farming
C19352908,C10055,Litigation
C19352909,C10055,Litigation
C19352910,C10055,Litigation
C19352911,C10055,Litigation
C19352912,C10055,Litigation
C19352913,C10055,Litigation
C19352914,C10055,Litigation
C19352915,C10055,Litigation
C19352916,C10055,Litigation
C19352917,C10055,Litigation
C19352918,C10055,Litigation
C19352919,C10055,Litigation
C19352919,C10056,Manors
C19352920,C10055,Litigation
C19352921,C10055,Litigation
C19352921,C10108,Trade and commerce
C19352921,C10040,Forestry
C19352922,C10055,Litigation
C19352923,C10055,Litigation
C19352924,C10055,Litigation
C19352925,C10055,Litigation
C19352926,C10055,Litigation
C19352926,C10108,Trade and commerce
C19352927,C10055,Litigation
C19352927,C10056,Manors
C19352928,C10055,Litigation
C19352928,C10056,Manors
C19352929,C10055,Litigation
C19352929,C10056,Manors
C19352930,C10055,Litigation
C19352931,C10055,Litigation
C19352932,C10055,Litigation
C19352933,C10055,Litigation
C19352933,C10056,Manors
C19352934,C10055,Litigation
C19352934,C10013,Clothing
C19352935,C10055,Litigation
C19352935,C10056,Manors
C19352936,C10055,Litigation
C19352937,C10023,Crime
C19352937,C10055,Litigation
C19352937,C10056,Manors
C19352937,C10036,Farming
C19352938,C10055,Litigation
C19352938,C10056,Manors
C19352939,C10055,Litigation
C19352940,C10055,Litigation
C19352940,C10056,Manors
C19352941,C10055,Litigation
C19352942,C10055,Litigation
C19352943,C10055,Litigation
C19352944,C10055,Litigation
C19352945,C10055,Litigation
C19352946,C10055,Litigation
C19352947,C10055,Litigation
C19352948,C10055,Litigation
C19352949,C10039,Food and drink
C19352949,C10055,Litigation
C19352950,C10055,Litigation
C19352951,C10055,Litigation
C19352951,C10056,Manors
C19352952,C10055,Litigation
C19352952,C10056,Manors
C19352953,C10055,Litigation
C19352954,C10055,Litigation
C19352954,C10025,Debt
C19352955,C10055,Litigation
C19352956,C10055,Litigation
C19352956,C10056,Manors
C19352957,C10055,Litigation
C19352957,C10065,Armed Forces (General Administration)
C19352957,C10072,Navy
C19352958,C10055,Litigation
C19352959,C10055,Litigation
C19352959,C10056,Manors
C19352960,C10059,Marriage and divorce
C19352960,C10055,Litigation
C19352961,C10055,Litigation
C19352961,C10056,Manors
C19352962,C10023,Crime
C19352962,C10055,Litigation
C19352963,C10055,Litigation
C19352963,C10056,Manors
C19352964,C10023,Crime
C19352964,C10055,Litigation
C19352965,C10055,Litigation
C19352965,C10056,Manors
C19352966,C10055,Litigation
C19352966,C10132,Ireland
C19352966,C10025,Debt
C19352967,C10093,Religions
C19352967,C10055,Litigation
C19352968,C10055,Litigation
C19352969,C10055,Litigation
C19352970,C10055,Litigation
C19352970,C10036,Farming
C19352971,C10055,Litigation
C19352971,C10108,Trade and commerce
C19352971,C10056,Manors
C19352972,C10055,Litigation
C19352973,C10055,Litigation
C19352974,C10055,Litigation
C19352975,C10023,Crime
C19352975,C10055,Litigation
C19352976,C10055,Litigation
C19352977,C10055,Litigation
C19352977,C10056,Manors
C19352978,C10055,Litigation
C19352978,C10015,Common land
C19352979,C10039,Food and drink
C19352979,C10055,Litigation
C19352980,C10055,Litigation
C19352981,C10055,Litigation
C19352981,C10056,Manors
C19352982,C10055,Litigation
C19352982,C10108,Trade and commerce
C19352983,C10059,Marriage and divorce
C19352983,C10055,Litigation
C19352983,C10116,Wills and probate
C19352984,C10093,Religions
C19352984,C10055,Litigation
C19352985,C10055,Litigation
C19352985,C10036,Farming
C19352986,C10055,Litigation
C19352986,C10107,Tithes
C19352986,C10056,Manors
C19352987,C10055,Litigation
C19352987,C10036,Farming
C19352988,C10055,Litigation
C19352988,C10056,Manors
C19352989,C10055,Litigation
C19352990,C10055,Litigation
C19352991,C10055,Litigation
C19352991,C10036,Farming
C19352992,C10055,Litigation
C19352993,C10055,Litigation
C19352994,C10055,Litigation
C19352994,C10056,Manors
C19352995,C10055,Litigation
C19352996,C10093,Religions
C19352996,C10055,Litigation
C19352997,C10055,Litigation
C19352997,C10056,Manors
C19352998,C10055,Litigation
C19352999,C10055,Litigation
C19353000,C10055,Litigation
C19353001,C10055,Litigation
C19353002,C10055,Litigation
C19353002,C10056,Manors
C19353002,C10077,Pay and pensions
C19353002,C10116,Wills and probate
C19353003,C10055,Litigation
C19353003,C10056,Manors
C19353004,C10055,Litigation
C19353005,C10055,Litigation
C19353006,C10055,Litigation
C19353007,C10055,Litigation
C19353008,C10055,Litigation
C19353009,C10055,Litigation
C19353009,C10056,Manors
C19353010,C10055,Litigation
C19353011,C10055,Litigation
C19353012,C10055,Litigation
C19353013,C10055,Litigation
C19353014,C10055,Litigation
C19353015,C10039,Food and drink
C19353015,C10055,Litigation
C19353016,C10055,Litigation
C19353016,C10116,Wills and probate
C19353017,C10055,Litigation
C19353017,C10056,Manors
C19359890,C10055,Litigation
C19359890,C10056,Manors
C19359891,C10055,Litigation
C19359891,C10056,Manors
C19359892,C10055,Litigation
C19359893,C10055,Litigation
C19359893,C10056,Manors
C19359894,C10055,Litigation
C19359895,C10055,Litigation
C19359896,C10055,Litigation
C19359896,C10036,Farming
C19359897,C10055,Litigation
C19359897,C10056,Manors
C19359898,C10059,Marriage and divorce
C19359898,C10055,Litigation
C19359899,C10023,Crime
C19359899,C10055,Litigation
C19359899,C10077,Pay and pensions
C19359900,C10131,Europe and Russia
C19359900,C10055,Litigation
C19359900,C10108,Trade and commerce
C19359901,C10055,Litigation
C19359902,C10055,Litigation
C19359903,C10059,Marriage and divorce
C19359903,C10055,Litigation
C19359904,C10055,Litigation
C19359905,C10055,Litigation
C19359905,C10056,Manors
C19359906,C10055,Litigation
C19359906,C10056,Manors
C19359907,C10055,Litigation
C19359908,C10055,Litigation
C19359909,C10055,Litigation
C19359909,C10116,Wills and probate
C19359910,C10055,Litigation
C19359911,C10055,Litigation
C19359912,C10055,Litigation
C19359913,C10055,Litigation
C19359914,C10055,Litigation
C19359915,C10055,Litigation
C19359916,C10055,Litigation
C19359916,C10012,Children
C19359917,C10055,Litigation
C19359917,C10056,Manors
C19359918,C10059,Marriage and divorce
C19359918,C10055,Litigation
C19359919,C10055,Litigation
C19359920,C10055,Litigation
C19359921,C10055,Litigation
C19359921,C10025,Debt
C19359921,C10116,Wills and probate
C19359922,C10059,Marriage and divorce
C19359922,C10055,Litigation
C19359922,C10108,Trade and commerce
C19359923,C10055,Litigation
C19359924,C10055,Litigation
C19359925,C10055,Litigation
C19359926,C10039,Food and drink
C19359926,C10055,Litigation
C19359927,C10055,Litigation
C19359927,C10108,Trade and commerce
C19359928,C10055,Litigation
C19359928,C10116,Wills and probate
C19359929,C10055,Litigation
C19359930,C10055,Litigation
C19359930,C10108,Trade and commerce
C19359931,C10055,Litigation
C19359932,C10055,Litigation
C19359933,C10055,Litigation
C19359933,C10085,Prisons
C19359934,C10055,Litigation
C19359935,C10055,Litigation
C19359936,C10055,Litigation
C19359937,C10055,Litigation
C19359937,C10056,Manors
C19359938,C10055,Litigation
C19359938,C10056,Manors
C19359939,C10023,Crime
C19359939,C10059,Marriage and divorce
C19359939,C10055,Litigation
C19359940,C10055,Litigation
C19359940,C10056,Manors
C19359941,C10055,Litigation
C19359942,C10055,Litigation
C19359943,C10059,Marriage and divorce
C19359943,C10055,Litigation
C19359944,C10055,Litigation
C19359944,C10056,Manors
C19359945,C10055,Litigation
C19359946,C10055,Litigation
C19359947,C10055,Litigation
C19359948,C10055,Litigation
C19359949,C10055,Litigation
C19359950,C10055,Litigation
C19359950,C10056,Manors
C19359951,C10055,Litigation
C19359952,C10055,Litigation
C19359953,C10055,Litigation
C19359954,C10055,Litigation
C19359955,C10055,Litigation
C19359956,C10055,Litigation
C19359957,C10055,Litigation
C19359958,C10055,Litigation
C19359959,C10055,Litigation
C19359960,C10055,Litigation
C19359961,C10055,Litigation
C19359962,C10055,Litigation
C19359963,C10055,Litigation
C19359963,C10056,Manors
C19359964,C10055,Litigation
C19359964,C10012,Children
C19359964,C10116,Wills and probate
C19359965,C10055,Litigation
C19359965,C10107,Tithes
C19359966,C10055,Litigation
C19359966,C10036,Farming
C19359967,C10023,Crime
C19359967,C10055,Litigation
C19359967,C10056,Manors
C19359968,C10055,Litigation
C19359969,C10055,Litigation
C19359970,C10055,Litigation
C19359970,C10056,Manors
C19359971,C10055,Litigation
C19359972,C10055,Litigation
C19359973,C10055,Litigation
C19359974,C10055,Litigation
C19359975,C10055,Litigation
C19359976,C10055,Litigation
C19359976,C10056,Manors
C19359977,C10055,Litigation
C19359978,C10055,Litigation
C19359978,C10056,Manors
C19359979,C10055,Litigation
C19359980,C10055,Litigation
C19359981,C10023,Crime
C19359981,C10055,Litigation
C19359982,C10055,Litigation
C19359983,C10055,Litigation
C19359984,C10023,Crime
C19359984,C10055,Litigation
C19359985,C10059,Marriage and divorce
C19359985,C10055,Litigation
C19359985,C10116,Wills and probate
C19359986,C10055,Litigation
C19359987,C10055,Litigation
C19359988,C10055,Litigation
C19359989,C10055,Litigation
C19359990,C10055,Litigation
C19359990,C10116,Wills and probate
C19359991,C10055,Litigation
C19359992,C10055,Litigation
C19359993,C10055,Litigation
C19359993,C10056,Manors
C19359994,C10055,Litigation
C19359994,C10056,Manors
C19359995,C10055,Litigation
C19359996,C10055,Litigation
C19359997,C10055,Litigation
C19359997,C10056,Manors
C19359997,C10036,Farming
C19359998,C10055,Litigation
C19359999,C10055,Litigation
C19359999,C10025,Debt
C19360000,C10055,Litigation
C19360001,C10055,Litigation
C19360002,C10055,Litigation
C19360003,C10055,Litigation
C19360004,C10055,Litigation
C19360005,C10055,Litigation
C19360006,C10055,Litigation
C19360006,C10040,Forestry
C19360007,C10055,Litigation
C19360008,C10055,Litigation
C19360009,C10055,Litigation
C19360010,C10093,Religions
C19360010,C10055,Litigation
C19360011,C10059,Marriage and divorce
C19360011,C10055,Litigation
C19360011,C10056,Manors
C19360011,C10077,Pay and pensions
C19360012,C10055,Litigation
C19360013,C10055,Litigation
C19360014,C10055,Litigation
C19360015,C10093,Religions
C19360015,C10055,Litigation
C19360015,C10056,Manors
C19360016,C10055,Litigation
C19360017,C10055,Litigation
C19360018,C10055,Litigation
C19360019,C10055,Litigation
C19360020,C10055,Litigation
C19360021,C10055,Litigation
C19360022,C10055,Litigation
C19360023,C10055,Litigation
C19360023,C10056,Manors
C19360024,C10055,Litigation
C19360025,C10055,Litigation
C19360026,C10023,Crime
C19360026,C10055,Litigation
C19360026,C10056,Manors
C19360027,C10023,Crime
C19360027,C10055,Litigation
C19360028,C10055,Litigation
C19360029,C10055,Litigation
C19360030,C10055,Litigation
C19360030,C10056,Manors
C19360031,C10055,Litigation
C19360032,C10055,Litigation
C19360033,C10055,Litigation
C19360034,C10055,Litigation
C19360035,C10055,Litigation
C19360036,C10055,Litigation
C19360036,C10056,Manors
C19360037,C10055,Litigation
C19360038,C10055,Litigation
C19360039,C10023,Crime
C19360039,C10055,Litigation
C19360040,C10055,Litigation
C19360040,C10056,Manors
C19360041,C10055,Litigation
C19360042,C10055,Litigation
C19360043,C10055,Litigation
C19360044,C10055,Litigation
C19360045,C10055,Litigation
C19360045,C10056,Manors
C19360046,C10055,Litigation
C19360046,C10056,Manors
C19360047,C10055,Litigation
C19360047,C10056,Manors
C19360047,C10022,Conveyancing
C19360048,C10055,Litigation
C19369685,C10055,Litigation
C19369686,C10055,Litigation
C19369686,C10025,Debt
C19369687,C10055,Litigation
C19369688,C10055,Litigation
C19369689,C10055,Litigation
C19369690,C10093,Religions
C19369690,C10055,Litigation
C19369691,C10055,Litigation
C19369691,C10108,Trade and commerce
C19369692,C10055,Litigation
C19369693,C10055,Litigation
C19369694,C10093,Religions
C19369694,C10055,Litigation
C19369695,C10055,Litigation
C19369696,C10055,Litigation
C19369697,C10055,Litigation
C19369698,C10055,Litigation
C19369698,C10025,Debt
C19369699,C10055,Litigation
C19369700,C10055,Litigation
C19369701,C10055,Litigation
C19369702,C10055,Litigation
C19369703,C10055,Litigation
C19369703,C10056,Manors
C19369704,C10055,Litigation
C19369705,C10055,Litigation
C19369706,C10055,Litigation
C19369706,C10036,Farming
C19369707,C10055,Litigation
C19369708,C10055,Litigation
C19369709,C10055,Litigation
C19369710,C10055,Litigation
C19369711,C10055,Litigation
C19369712,C10055,Litigation
C19369712,C10056,Manors
C19369713,C10055,Litigation
C19369713,C10040,Forestry
C19369714,C10055,Litigation
C19369715,C10055,Litigation
C19369715,C10056,Manors
C19369716,C10055,Litigation
C19369716,C10025,Debt
C19369717,C10055,Litigation
C19369717,C10056,Manors
C19369718,C10055,Litigation
C19369719,C10055,Litigation
C19369720,C10055,Litigation
C19369720,C10056,Manors
C19369721,C10055,Litigation
C19369722,C10055,Litigation
C19369723,C10055,Litigation
C19369723,C10025,Debt
C19369724,C10055,Litigation
C19369725,C10055,Litigation
C19369726,C10055,Litigation
C19369727,C10055,Litigation
C19369728,C10055,Litigation
C19369728,C10056,Manors
C19369729,C10055,Litigation
C19369730,C10055,Litigation
C19369730,C10056,Manors
C19369731,C10055,Litigation
C19369732,C10055,Litigation
C19369733,C10055,Litigation
C19369734,C10055,Litigation
C19369735,C10055,Litigation
C19369736,C10055,Litigation
C19369737,C10055,Litigation
C19369738,C10055,Litigation
C19369739,C10055,Litigation
C19369739,C10025,Debt
C19369740,C10055,Litigation
C19369740,C10025,Debt
C19369741,C10055,Litigation
C19369742,C10055,Litigation
C19369743,C10055,Litigation
C19369744,C10055,Litigation
C19369744,C10025,Debt
C19369745,C10055,Litigation
C19369746,C10055,Litigation
C19369747,C10055,Litigation
C19369748,C10055,Litigation
C19369748,C10025,Debt
C19369749,C10055,Litigation
C19369749,C10056,Manors
C19369750,C10055,Litigation
C19369751,C10055,Litigation
C19369751,C10025,Debt
C19369752,C10055,Litigation
C19369752,C10025,Debt
C19369753,C10055,Litigation
C19369753,C10056,Manors
C19369754,C10055,Litigation
C19369754,C10056,Manors
C19369754,C10077,Pay and pensions
C19369755,C10055,Litigation
C19369756,C10055,Litigation
C19369757,C10055,Litigation
C19369758,C10055,Litigation
C19369759,C10055,Litigation
C19369760,C10055,Litigation
C19369761,C10055,Litigation
C19369762,C10055,Litigation
C19369763,C10055,Litigation
C19369764,C10055,Litigation
C19369765,C10055,Litigation
C19369766,C10055,Litigation
C19369766,C10107,Tithes
C19369766,C10033,Education
C19369767,C10055,Litigation
C19369768,C10055,Litigation
C19369768,C10025,Debt
C19369769,C10055,Litigation
C19369770,C10055,Litigation
C19369771,C10055,Litigation
C19369772,C10055,Litigation
C19369773,C10055,Litigation
C19369774,C10055,Litigation
C19369775,C10055,Litigation
C19369776,C10059,Marriage and divorce
C19369776,C10055,Litigation
C19369777,C10055,Litigation
C19369778,C10055,Litigation
C19369779,C10055,Litigation
C19369780,C10055,Litigation
C19369781,C10055,Litigation
C19369782,C10055,Litigation
C19369783,C10055,Litigation
C19369784,C10055,Litigation
C19369784,C10056,Manors
C19369785,C10055,Litigation
C19369785,C10077,Pay and pensions
C19369786,C10055,Litigation
C19369786,C10025,Debt
C19369787,C10055,Litigation
C19369788,C10055,Litigation
C19369788,C10107,Tithes
C19369789,C10055,Litigation
C19369789,C10025,Debt
C19369790,C10055,Litigation
C19369791,C10055,Litigation
C19369791,C10056,Manors
C19369792,C10055,Litigation
C19369793,C10055,Litigation
C19369794,C10055,Litigation
C19369794,C10024,Crown lands and estates
C19369794,C10056,Manors
C19369795,C10055,Litigation
C19369796,C10055,Litigation
C19369797,C10059,Marriage and divorce
C19369797,C10055,Litigation
C19369798,C10055,Litigation
C19369799,C10055,Litigation
C19369800,C10055,Litigation
C19369800,C10056,Manors
C19369801,C10055,Litigation
C19369801,C10036,Farming
C19369802,C10055,Litigation
C19369802,C10056,Manors
C19369803,C10055,Litigation
C19369803,C10116,Wills and probate
C19369804,C10023,Crime
C19369804,C10055,Litigation
C19369804,C10108,Trade and commerce
C19369805,C10055,Litigation
C19369806,C10055,Litigation
C19369806,C10025,Debt
C19369807,C10055,Litigation
C19369808,C10093,Religions
C19369808,C10055,Litigation
C19369809,C10093,Religions
C19369809,C10055,Litigation
C19369809,C10107,Tithes
C19369810,C10055,Litigation
C19369811,C10055,Litigation
C19369812,C10055,Litigation
C19369813,C10055,Litigation
C19369814,C10055,Litigation
C19369815,C10055,Litigation
C19369816,C10055,Litigation
C19369817,C10055,Litigation
C19369818,C10055,Litigation
C19369818,C10057,Manufacturing
C19369819,C10055,Litigation
C19369819,C10025,Debt
C19369820,C10055,Litigation
C19369822,C10055,Litigation
C19369823,C10023,Crime
C19369823,C10055,Litigation
C19369824,C10055,Litigation
C19369824,C10056,Manors
C19369825,C10055,Litigation
C19369826,C10055,Litigation
C19369827,C10055,Litigation
C19369828,C10055,Litigation
C19369829,C10055,Litigation
C19369829,C10056,Manors
C19369830,C10055,Litigation
C19369831,C10055,Litigation
C19369832,C10055,Litigation
C19369833,C10055,Litigation
C19369834,C10055,Litigation
C19369835,C10055,Litigation
C19369835,C10056,Manors
C19369836,C10055,Litigation
C19369837,C10055,Litigation
C19369837,C10025,Debt
C19369838,C10055,Litigation
C19369838,C10085,Prisons
C19369839,C10055,Litigation
C19369839,C10085,Prisons
C19369840,C10055,Litigation
C19369841,C10055,Litigation
C19369842,C10055,Litigation
C19369843,C10055,Litigation
C19369844,C10055,Litigation
C19369845,C10055,Litigation
C19369846,C10055,Litigation
C19369847,C10055,Litigation
C19369848,C10055,Litigation
C19369848,C10025,Debt
C19369850,C10055,Litigation
C19369850,C10007,Banking
C19369850,C10022,Conveyancing
C19369851,C10055,Litigation
C19369851,C10025,Debt
C19369852,C10055,Litigation
C19369853,C10055,Litigation
C19369853,C10058,Maps and plans
C19369854,C10055,Litigation
C19369855,C10055,Litigation
C19369856,C10055,Litigation
C19369857,C10055,Litigation
C19369857,C10056,Manors
C19369858,C10039,Food and drink
C19369858,C10055,Litigation
C19369859,C10055,Litigation
C19369860,C10055,Litigation
C19369861,C10055,Litigation
C19369862,C10055,Litigation
C19369862,C10056,Manors
C19369863,C10055,Litigation
C19369864,C10055,Litigation
C19369864,C10025,Debt
C19369865,C10055,Litigation
C19369866,C10055,Litigation
C19369867,C10055,Litigation
C19369868,C10059,Marriage and divorce
C19369868,C10055,Litigation
C19369869,C10055,Litigation
C19369870,C10055,Litigation
C19369871,C10055,Litigation
C19369872,C10055,Litigation
C19369873,C10055,Litigation
C19369874,C10055,Litigation
C19369875,C10055,Litigation
C19369876,C10055,Litigation
C19369877,C10055,Litigation
C19369878,C10055,Litigation
C19369879,C10055,Litigation
C19369880,C10055,Litigation
C19369881,C10055,Litigation
C19369882,C10055,Litigation
C19369882,C10025,Debt
C19369883,C10055,Litigation
C19369884,C10055,Litigation
C19369885,C10055,Litigation
C19369886,C10055,Litigation
C19369887,C10055,Litigation
C19369887,C10025,Debt
C19369888,C10055,Litigation
C19369889,C10055,Litigation
C19369890,C10055,Litigation
C19369891,C10055,Litigation
C19369891,C10025,Debt
C19369892,C10055,Litigation
C19369892,C10056,Manors
C19369893,C10055,Litigation
C19369894,C10055,Litigation
C19369895,C10055,Litigation
C19369896,C10055,Litigation
C19369897,C10055,Litigation
C19369898,C10055,Litigation
C19369899,C10055,Litigation
C19369900,C10055,Litigation
C19369901,C10055,Litigation
C19369901,C10007,Banking
C19369902,C10055,Litigation
C19369903,C10055,Litigation
C19369904,C10055,Litigation
C19369905,C10055,Litigation
C19369906,C10055,Litigation
C19369906,C10085,Prisons
C19369907,C10023,Crime
C19369907,C10055,Litigation
C19369908,C10055,Litigation
C19369909,C10055,Litigation
C19369909,C10056,Manors
C19369910,C10055,Litigation
C19369910,C10025,Debt
C19369911,C10055,Litigation
C19369911,C10107,Tithes
C19369912,C10055,Litigation
C19369913,C10055,Litigation
C19369914,C10055,Litigation
C19369915,C10055,Litigation
C19369915,C10107,Tithes
C19369915,C10025,Debt
C19369916,C10055,Litigation
C19369917,C10055,Litigation
C19369918,C10055,Litigation
C19369919,C10055,Litigation
C19369920,C10055,Litigation
C19369920,C10056,Manors
C19369921,C10055,Litigation
C19369922,C10055,Litigation
C19369924,C10055,Litigation
C19369925,C10055,Litigation
C19369926,C10055,Litigation
C19369927,C10055,Litigation
C19369928,C10055,Litigation
C19369929,C10055,Litigation
C19369929,C10056,Manors
C19369930,C10055,Litigation
C19369931,C10055,Litigation
C19369932,C10055,Litigation
C19369933,C10055,Litigation
C19369934,C10055,Litigation
C19369935,C10055,Litigation
C19369936,C10055,Litigation
C19369937,C10055,Litigation
C19369938,C10055,Litigation
C19369939,C10055,Litigation
C19369939,C10025,Debt
C19369940,C10055,Litigation
C19369941,C10055,Litigation
C19369941,C10056,Manors
C19369942,C10055,Litigation
C19369943,C10055,Litigation
C19369943,C10007,Banking
C19369943,C10022,Conveyancing
C19369944,C10055,Litigation
C19369944,C10036,Farming
C19369945,C10055,Litigation
C19369946,C10055,Litigation
C19369947,C10055,Litigation
C19369948,C10055,Litigation
C19369949,C10055,Litigation
C19369950,C10055,Litigation
C19369951,C10055,Litigation
C19369951,C10085,Prisons
C19369952,C10055,Litigation
C19369953,C10055,Litigation
C19369954,C10055,Litigation
C19369955,C10055,Litigation
C19369956,C10059,Marriage and divorce
C19369956,C10055,Litigation
C19369957,C10055,Litigation
C19369957,C10025,Debt
C19369958,C10055,Litigation
C19369959,C10055,Litigation
C19369960,C10055,Litigation
C19369960,C10056,Manors
C19369960,C10007,Banking
C19369960,C10022,Conveyancing
C19369961,C10055,Litigation
C19369962,C10055,Litigation
C19369962,C10056,Manors
C19369963,C10055,Litigation
C19369964,C10055,Litigation
C19369965,C10055,Litigation
C19369966,C10055,Litigation
C19369967,C10039,Food and drink
C19369967,C10055,Litigation
C19369968,C10055,Litigation
C19369968,C10056,Manors
C19369969,C10055,Litigation
C19369969,C10085,Prisons
C19369970,C10055,Litigation
C19369971,C10055,Litigation
C19369971,C10108,Trade and commerce
C19369972,C10055,Litigation
C19369972,C10056,Manors
C19369973,C10055,Litigation
C19369974,C10055,Litigation
C19369974,C10108,Trade and commerce
C19369974,C10025,Debt
C19369975,C10055,Litigation
C19369976,C10055,Litigation
C19369977,C10055,Litigation
C19369978,C10055,Litigation
C19369979,C10023,Crime
C19369979,C10093,Religions
C19369979,C10055,Litigation
C19369980,C10055,Litigation
C19369981,C10055,Litigation
C19369982,C10055,Litigation
C19369982,C10056,Manors
C19369983,C10055,Litigation
C19369984,C10055,Litigation
C19369984,C10025,Debt
C19369985,C10055,Litigation
C19369986,C10059,Marriage and divorce
C19369986,C10055,Litigation
C19369987,C10055,Litigation
C19369988,C10055,Litigation
C19369988,C10108,Trade and commerce
C19369989,C10055,Litigation
C19369990,C10055,Litigation
C19369990,C10025,Debt
C19369991,C10055,Litigation
C19369992,C10055,Litigation
C19369993,C10055,Litigation
C19369994,C10055,Litigation
C19369995,C10055,Litigation
C19369996,C10055,Litigation
C19369997,C10055,Litigation
C19369997,C10056,Manors
C19369998,C10055,Litigation
C19369999,C10055,Litigation
C19370000,C10055,Litigation
C19370001,C10055,Litigation
C19370002,C10055,Litigation
C19370002,C10107,Tithes
C19370003,C10055,Litigation
C19370004,C10023,Crime
C19370004,C10055,Litigation
C19370005,C10055,Litigation
C19370006,C10055,Litigation
C19370006,C10071,Nationality
C19370007,C10055,Litigation
C19370008,C10055,Litigation
C19370009,C10055,Litigation
C19370010,C10055,Litigation
C19370010,C10106,Taxation
C19370011,C10055,Litigation
C19370012,C10055,Litigation
C19370012,C10056,Manors
C19370013,C10055,Litigation
C19370014,C10055,Litigation
C19370015,C10055,Litigation
C19370016,C10055,Litigation
C19370016,C10036,Farming
C19370017,C10055,Litigation
C19370018,C10039,Food and drink
C19370018,C10055,Litigation
C19370019,C10055,Litigation
C19370020,C10055,Litigation
C19370021,C10055,Litigation
C19370021,C10056,Manors
C19370022,C10055,Litigation
C19370023,C10055,Litigation
C19370024,C10055,Litigation
C19370025,C10055,Litigation
C19370026,C10055,Litigation
C19370027,C10055,Litigation
C19370028,C10055,Litigation
C19370028,C10108,Trade and commerce
C19370029,C10055,Litigation
C19370030,C10055,Litigation
C19370030,C10056,Manors
C19370031,C10055,Litigation
C19370032,C10023,Crime
C19370032,C10055,Litigation
C19370033,C10055,Litigation
C19370034,C10055,Litigation
C19370034,C10025,Debt
C19370035,C10055,Litigation
C19370036,C10055,Litigation
C19370037,C10055,Litigation
C19370038,C10055,Litigation
C19370039,C10055,Litigation
C19370040,C10055,Litigation
C19370040,C10056,Manors
C19370041,C10055,Litigation
C19370041,C10056,Manors
C19370042,C10055,Litigation
C19370043,C10055,Litigation
C19370044,C10055,Litigation
C19370044,C10022,Conveyancing
C19370045,C10055,Litigation
C19370046,C10055,Litigation
C19370046,C10056,Manors
C19370047,C10059,Marriage and divorce
C19370047,C10055,Litigation
C19370047,C10036,Farming
C19370048,C10055,Litigation
C19370049,C10055,Litigation
C19370050,C10055,Litigation
C19370050,C10036,Farming
C19370051,C10055,Litigation
C19370052,C10055,Litigation
C19370053,C10055,Litigation
C19370054,C10055,Litigation
C19370055,C10055,Litigation
C19370055,C10056,Manors
C19370056,C10055,Litigation
C19370057,C10055,Litigation
C19370058,C10055,Litigation
C19370059,C10055,Litigation
C19370060,C10055,Litigation
C19370061,C10055,Litigation
C19370062,C10055,Litigation
C19370062,C10136,Official publications
C19370063,C10055,Litigation
C19370063,C10056,Manors
C19370064,C10055,Litigation
C19370065,C10055,Litigation
C19370066,C10055,Litigation
C19370067,C10055,Litigation
C19370068,C10055,Litigation
C19370068,C10025,Debt
C19370069,C10055,Litigation
C19370069,C10036,Farming
C19370070,C10055,Litigation
C19370071,C10055,Litigation
C19370072,C10055,Litigation
C19370073,C10055,Litigation
C19370074,C10055,Litigation
C19370074,C10056,Manors
C19370075,C10055,Litigation
C19370076,C10055,Litigation
C19370076,C10056,Manors
C19370077,C10055,Litigation
C19370078,C10055,Litigation
C19370079,C10055,Litigation
C19370080,C10055,Litigation
C19370081,C10055,Litigation
C19370082,C10055,Litigation
C19370082,C10056,Manors
C19370083,C10055,Litigation
C19370084,C10055,Litigation
C19370085,C10055,Litigation
C19370086,C10055,Litigation
C19370087,C10055,Litigation
C19370088,C10055,Litigation
C19370089,C10055,Litigation
C19370090,C10055,Litigation
C19370091,C10055,Litigation
C19370092,C10055,Litigation
C19370092,C10036,Farming
C19370093,C10055,Litigation
C19370093,C10025,Debt
C19370094,C10055,Litigation
C19370095,C10055,Litigation
C19370096,C10055,Litigation
C19370097,C10055,Litigation
C19370097,C10056,Manors
C19370098,C10055,Litigation
C19370099,C10055,Litigation
C19370100,C10055,Litigation
C19370101,C10055,Litigation
C19370102,C10055,Litigation
C19370103,C10055,Litigation
C19370104,C10055,Litigation
C19370105,C10055,Litigation
C19370106,C10055,Litigation
C19370107,C10055,Litigation
C19370108,C10055,Litigation
C19370109,C10055,Litigation
C19370110,C10055,Litigation
C19370110,C10056,Manors
C19370111,C10023,Crime
C19370111,C10055,Litigation
C19370112,C10055,Litigation
C19370112,C10056,Manors
C19370113,C10055,Litigation
C19370114,C10055,Litigation
C19370115,C10055,Litigation
C19370116,C10055,Litigation
C19370116,C10108,Trade and commerce
C19370117,C10055,Litigation
C19370118,C10055,Litigation
C19370119,C10055,Litigation
C19370120,C10055,Litigation
C19370120,C10040,Forestry
C19370121,C10055,Litigation
C19370122,C10055,Litigation
C19370122,C10025,Debt
C19370123,C10055,Litigation
C19370124,C10055,Litigation
C19370125,C10055,Litigation
C19370126,C10055,Litigation
C19370127,C10055,Litigation
C19370128,C10055,Litigation
C19370129,C10055,Litigation
C19370130,C10055,Litigation
C19370131,C10055,Litigation
C19370132,C10055,Litigation
C19370132,C10056,Manors
C19370133,C10055,Litigation
C19370134,C10055,Litigation
C19370135,C10055,Litigation
C19370136,C10055,Litigation
C19370136,C10056,Manors
C19370137,C10055,Litigation
C19370137,C10056,Manors
C19370138,C10055,Litigation
C19370139,C10055,Litigation
C19370140,C10055,Litigation
C19370140,C10036,Farming
C19370141,C10055,Litigation
C19370142,C10055,Litigation
C19370144,C10055,Litigation
C19370145,C10055,Litigation
C19370146,C10055,Litigation
C19370147,C10055,Litigation
C19370148,C10055,Litigation
C19370149,C10055,Litigation
C19370150,C10055,Litigation
C19370151,C10055,Litigation
C19370152,C10055,Litigation
C19370153,C10055,Litigation
C19370153,C10056,Manors
C19370154,C10055,Litigation
C19370155,C10055,Litigation
C19370155,C10056,Manors
C19370156,C10055,Litigation
C19370157,C10055,Litigation
C19370157,C10056,Manors
C19370158,C10055,Litigation
C19370159,C10055,Litigation
C19370161,C10055,Litigation
C19370162,C10055,Litigation
C19370163,C10055,Litigation
C19370164,C10055,Litigation
C19370165,C10055,Litigation
C19370166,C10055,Litigation
C19370167,C10055,Litigation
C19370168,C10055,Litigation
C19370168,C10036,Farming
C19370169,C10055,Litigation
C19370170,C10055,Litigation
C19370170,C10025,Debt
C19370171,C10055,Litigation
C19370171,C10036,Farming
C19370172,C10055,Litigation
C19370173,C10055,Litigation
C19370174,C10131,Europe and Russia
C19370174,C10055,Litigation
C19370175,C10055,Litigation
C19370176,C10055,Litigation
C19370177,C10055,Litigation
C19370178,C10055,Litigation
C19370178,C10056,Manors
C19370179,C10055,Litigation
C19370180,C10055,Litigation
C19370180,C10056,Manors
C19370181,C10055,Litigation
C19370182,C10055,Litigation
C19370183,C10055,Litigation
C19370183,C10025,Debt
C19370184,C10055,Litigation
C19370185,C10055,Litigation
C19370186,C10055,Litigation
C19370187,C10055,Litigation
C19370187,C10056,Manors
C19370188,C10055,Litigation
C19370188,C10056,Manors
C19370189,C10055,Litigation
C19370190,C10055,Litigation
C19384817,C10055,Litigation
C19384818,C10055,Litigation
C19384818,C10025,Debt
C19384819,C10055,Litigation
C19384820,C10055,Litigation
C19384820,C10025,Debt
C19384821,C10055,Litigation
C19384822,C10055,Litigation
C19384823,C10055,Litigation
C19384824,C10055,Litigation
C19384825,C10055,Litigation
C19384825,C10056,Manors
C19384826,C10055,Litigation
C19384827,C10055,Litigation
C19384828,C10055,Litigation
C19384829,C10055,Litigation
C19384830,C10055,Litigation
C19384831,C10055,Litigation
C19384832,C10055,Litigation
C19384832,C10056,Manors
C19384833,C10055,Litigation
C19384834,C10055,Litigation
C19384835,C10055,Litigation
C19384835,C10056,Manors
C19384836,C10055,Litigation
C19384837,C10055,Litigation
C19384838,C10055,Litigation
C19384838,C10040,Forestry
C19384839,C10055,Litigation
C19384839,C10108,Trade and commerce
C19384840,C10055,Litigation
C19384841,C10055,Litigation
C19384841,C10056,Manors
C19384842,C10055,Litigation
C19384843,C10055,Litigation
C19384844,C10055,Litigation
C19384845,C10055,Litigation
C19384846,C10055,Litigation
C19384846,C10040,Forestry
C19384847,C10055,Litigation
C19384847,C10025,Debt
C19384848,C10055,Litigation
C19384849,C10055,Litigation
C19384850,C10055,Litigation
C19384851,C10055,Litigation
C19384852,C10055,Litigation
C19384853,C10055,Litigation
C19384854,C10055,Litigation
C19384855,C10055,Litigation
C19384856,C10055,Litigation
C19384856,C10013,Clothing
C19384857,C10055,Litigation
C19384858,C10055,Litigation
C19384859,C10055,Litigation
C19384860,C10055,Litigation
C19384861,C10055,Litigation
C19384861,C10040,Forestry
C19384861,C10056,Manors
C19384862,C10055,Litigation
C19384863,C10055,Litigation
C19384864,C10055,Litigation
C19384865,C10055,Litigation
C19384866,C10055,Litigation
C19384867,C10055,Litigation
C19384868,C10055,Litigation
C19384869,C10055,Litigation
C19384870,C10055,Litigation
C19384870,C10056,Manors
C19384871,C10055,Litigation
C19384872,C10055,Litigation
C19384873,C10055,Litigation
C19384874,C10055,Litigation
C19384874,C10076,Pardons
C19384875,C10055,Litigation
C19384875,C10056,Manors
C19384876,C10055,Litigation
C19384877,C10055,Litigation
C19384877,C10025,Debt
C19384878,C10055,Litigation
C19384879,C10055,Litigation
C19384879,C10025,Debt
C19384880,C10059,Marriage and divorce
C19384880,C10055,Litigation
C19384881,C10055,Litigation
C19384882,C10055,Litigation
C19384883,C10055,Litigation
C19384884,C10055,Litigation
C19384885,C10055,Litigation
C19384886,C10055,Litigation
C19384887,C10055,Litigation
C19384888,C10055,Litigation
C19384889,C10055,Litigation
C19384890,C10055,Litigation
C19384891,C10055,Litigation
C19384892,C10055,Litigation
C19384893,C10055,Litigation
C19384894,C10055,Litigation
C19384895,C10055,Litigation
C19384896,C10055,Litigation
C19384897,C10055,Litigation
C19384897,C10025,Debt
C19384898,C10055,Litigation
C19384899,C10055,Litigation
C19384900,C10055,Litigation
C19384900,C10056,Manors
C19384901,C10055,Litigation
C19384902,C10055,Litigation
C19384903,C10055,Litigation
C19384904,C10055,Litigation
C19384905,C10055,Litigation
C19384906,C10055,Litigation
C19384907,C10055,Litigation
C19384908,C10055,Litigation
C19384908,C10056,Manors
C19384909,C10055,Litigation
C19384910,C10055,Litigation
C19384910,C10056,Manors
C19384911,C10055,Litigation
C19384913,C10055,Litigation
C19384914,C10055,Litigation
C19384915,C10055,Litigation
C19384916,C10055,Litigation
C19384917,C10055,Litigation
C19384918,C10055,Litigation
C19384919,C10055,Litigation
C19384919,C10056,Manors
C19384920,C10055,Litigation
C19384921,C10055,Litigation
C19384922,C10055,Litigation
C19384923,C10055,Litigation
C19384923,C10056,Manors
C19384924,C10055,Litigation
C19384925,C10055,Litigation
C19384925,C10108,Trade and commerce
C19384926,C10055,Litigation
C19384926,C10056,Manors
C19384927,C10055,Litigation
C19384927,C10052,Labour
C19384928,C10055,Litigation
C19384929,C10055,Litigation
C19384930,C10055,Litigation
C19384931,C10055,Litigation
C19384932,C10055,Litigation
C19384933,C10055,Litigation
C19384934,C10055,Litigation
C19384935,C10055,Litigation
C19384936,C10055,Litigation
C19384936,C10025,Debt
C19384937,C10055,Litigation
C19384938,C10055,Litigation
C19384939,C10055,Litigation
C19384940,C10055,Litigation
C19384941,C10055,Litigation
C19384942,C10055,Litigation
C19384943,C10055,Litigation
C19384943,C10056,Manors
C19384944,C10055,Litigation
C19384945,C10055,Litigation
C19384945,C10025,Debt
C19384946,C10055,Litigation
C19384947,C10055,Litigation
C19384948,C10055,Litigation
C19384948,C10056,Manors
C19384949,C10055,Litigation
C19384949,C10056,Manors
C19384950,C10055,Litigation
C19384951,C10055,Litigation
C19384951,C10106,Taxation
C19384952,C10055,Litigation
C19384952,C10025,Debt
C19384953,C10055,Litigation
C19384953,C10056,Manors
C19384954,C10055,Litigation
C19384955,C10055,Litigation
C19384956,C10055,Litigation
C19384957,C10055,Litigation
C19384957,C10025,Debt
C19384958,C10055,Litigation
C19384959,C10055,Litigation
C19384960,C10055,Litigation
C19384960,C10056,Manors
C19384961,C10055,Litigation
C19384962,C10055,Litigation
C19384962,C10025,Debt
C19384963,C10055,Litigation
C19384963,C10056,Manors
C19384964,C10055,Litigation
C19384964,C10108,Trade and commerce
C19384965,C10055,Litigation
C19384966,C10055,Litigation
C19384967,C10055,Litigation
C19384968,C10055,Litigation
C19384968,C10007,Banking
C19384968,C10022,Conveyancing
C19384969,C10055,Litigation
C19384969,C10056,Manors
C19384970,C10055,Litigation
C19384970,C10071,Nationality
C19384971,C10055,Litigation
C19384971,C10025,Debt
C19384972,C10055,Litigation
C19384973,C10055,Litigation
C19384974,C10055,Litigation
C19384975,C10055,Litigation
C19384976,C10055,Litigation
C19384977,C10055,Litigation
C19384977,C10056,Manors
C19384978,C10055,Litigation
C19384979,C10055,Litigation
C19384980,C10055,Litigation
C19384981,C10055,Litigation
C19384981,C10036,Farming
C19384982,C10055,Litigation
C19384983,C10055,Litigation
C19384984,C10055,Litigation
C19384985,C10055,Litigation
C19384986,C10055,Litigation
C19384986,C10033,Education
C19384987,C10055,Litigation
C19384988,C10055,Litigation
C19384989,C10055,Litigation
C19384990,C10055,Litigation
C19384991,C10055,Litigation
C19384991,C10025,Debt
C19384992,C10055,Litigation
C19384993,C10055,Litigation
C19384994,C10055,Litigation
C19384995,C10055,Litigation
C19384996,C10055,Litigation
C19384996,C10056,Manors
C19384997,C10055,Litigation
C19384998,C10055,Litigation
C19384998,C10025,Debt
C19384999,C10055,Litigation
C19385000,C10055,Litigation
C19385001,C10055,Litigation
C19385002,C10055,Litigation
C19385003,C10055,Litigation
C19385004,C10055,Litigation
C19385005,C10055,Litigation
C19385006,C10055,Litigation
C19385007,C10055,Litigation
C19385008,C10055,Litigation
C19385009,C10055,Litigation
C19385010,C10055,Litigation
C19385010,C10036,Farming
C19385011,C10055,Litigation
C19385012,C10055,Litigation
C19385012,C10036,Farming
C19385013,C10055,Litigation
C19385014,C10055,Litigation
C19385015,C10055,Litigation
C19385016,C10055,Litigation
C19385017,C10055,Litigation
C19385017,C10056,Manors
C19385018,C10055,Litigation
C19385019,C10055,Litigation
C19385020,C10055,Litigation
C19385021,C10055,Litigation
C19385022,C10055,Litigation
C19385023,C10055,Litigation
C19385024,C10055,Litigation
C19385025,C10055,Litigation
C19385025,C10056,Manors
C19385026,C10055,Litigation
C19385027,C10055,Litigation
C19385027,C10056,Manors
C19385028,C10055,Litigation
C19385029,C10055,Litigation
C19385030,C10055,Litigation
C19385031,C10055,Litigation
C19385032,C10055,Litigation
C19385033,C10055,Litigation
C19385034,C10055,Litigation
C19385035,C10055,Litigation
C19385036,C10055,Litigation
C19385037,C10055,Litigation
C19385038,C10055,Litigation
C19385038,C10025,Debt
C19385039,C10055,Litigation
C19385040,C10055,Litigation
C19385040,C10025,Debt
C19385041,C10055,Litigation
C19385041,C10036,Farming
C19385042,C10055,Litigation
C19385043,C10055,Litigation
C19385044,C10055,Litigation
C19385045,C10055,Litigation
C19385046,C10055,Litigation
C19385047,C10055,Litigation
C19385047,C10036,Farming
C19385048,C10055,Litigation
C19385049,C10055,Litigation
C19385050,C10055,Litigation
C19385051,C10055,Litigation
C19385052,C10055,Litigation
C19385053,C10055,Litigation
C19385054,C10131,Europe and Russia
C19385054,C10055,Litigation
C19385054,C10056,Manors
C19385055,C10055,Litigation
C19385056,C10055,Litigation
C19385057,C10055,Litigation
C19385058,C10055,Litigation
C19385059,C10055,Litigation
C19385060,C10055,Litigation
C19385060,C10015,Common land
C19385061,C10055,Litigation
C19385061,C10056,Manors
C19385062,C10055,Litigation
C19385062,C10056,Manors
C19385063,C10055,Litigation
C19385063,C10056,Manors
C19385064,C10055,Litigation
C19385064,C10056,Manors
C19385065,C10055,Litigation
C19385065,C10056,Manors
C19385066,C10055,Litigation
C19385067,C10055,Litigation
C19385068,C10055,Litigation
C19385069,C10055,Litigation
C19385069,C10025,Debt
C19385070,C10055,Litigation
C19385071,C10055,Litigation
C19385072,C10055,Litigation
C19385072,C10025,Debt
C19385073,C10055,Litigation
C19385074,C10055,Litigation
C19385075,C10055,Litigation
C19385075,C10132,Ireland
C19385075,C10036,Farming
C19385076,C10055,Litigation
C19385076,C10056,Manors
C19385077,C10055,Litigation
C19385077,C10025,Debt
C19385078,C10055,Litigation
C19385079,C10055,Litigation
C19385080,C10055,Litigation
C19385081,C10055,Litigation
C19385082,C10055,Litigation
C19385083,C10055,Litigation
C19385084,C10055,Litigation
C19385085,C10055,Litigation
C19385086,C10055,Litigation
C19385086,C10108,Trade and commerce
C19385086,C10013,Clothing
C19385087,C10055,Litigation
C19385088,C10055,Litigation
C19385089,C10023,Crime
C19385089,C10055,Litigation
C19385090,C10055,Litigation
C19385090,C10056,Manors
C19385091,C10055,Litigation
C19385092,C10055,Litigation
C19385093,C10055,Litigation
C19385094,C10055,Litigation
C19385095,C10055,Litigation
C19385097,C10055,Litigation
C19385098,C10055,Litigation
C19385099,C10055,Litigation
C19385099,C10056,Manors
C19385100,C10055,Litigation
C19385100,C10056,Manors
C19385101,C10055,Litigation
C19385102,C10055,Litigation
C19385102,C10025,Debt
C19385103,C10055,Litigation
C19385104,C10055,Litigation
C19385105,C10055,Litigation
C19385106,C10055,Litigation
C19385107,C10055,Litigation
C19385107,C10056,Manors
C19385108,C10055,Litigation
C19385109,C10055,Litigation
C19385109,C10025,Debt
C19385110,C10055,Litigation
C19385110,C10025,Debt
C19385111,C10055,Litigation
C19385112,C10055,Litigation
C19385113,C10055,Litigation
C19385114,C10055,Litigation
C19385115,C10055,Litigation
C19385116,C10055,Litigation
C19385116,C10106,Taxation
C19385117,C10055,Litigation
C19385118,C10055,Litigation
C19385118,C10056,Manors
C19385119,C10055,Litigation
C19385120,C10055,Litigation
C19385120,C10108,Trade and commerce
C19385121,C10055,Litigation
C19385122,C10055,Litigation
C19385122,C10056,Manors
C19385123,C10055,Litigation
C19385123,C10056,Manors
C19385124,C10059,Marriage and divorce
C19385124,C10055,Litigation
C19385125,C10055,Litigation
C19385126,C10055,Litigation
C19385126,C10056,Manors
C19385127,C10055,Litigation
C19385127,C10056,Manors
C19385128,C10055,Litigation
C19385129,C10055,Litigation
C19385129,C10056,Manors
C19385130,C10055,Litigation
C19385131,C10055,Litigation
C19385131,C10056,Manors
C19385132,C10055,Litigation
C19385133,C10055,Litigation
C19385134,C10055,Litigation
C19385134,C10056,Manors
C19385134,C10085,Prisons
C19385135,C10055,Litigation
C19385135,C10056,Manors
C19385136,C10055,Litigation
C19385136,C10108,Trade and commerce
C19385137,C10038,Fishing
C19385137,C10055,Litigation
C19385138,C10055,Litigation
C19385139,C10055,Litigation
C19385140,C10055,Litigation
C19385140,C10014,Coal
C19385141,C10055,Litigation
C19385142,C10055,Litigation
C19385143,C10055,Litigation
C19385144,C10055,Litigation
C19385144,C10056,Manors
C19385145,C10055,Litigation
C19385146,C10055,Litigation
C19385146,C10108,Trade and commerce
C19385147,C10055,Litigation
C19385148,C10055,Litigation
C19385148,C10025,Debt
C19385149,C10055,Litigation
C19385150,C10055,Litigation
C19385151,C10055,Litigation
C19385152,C10055,Litigation
C19385153,C10055,Litigation
C19385154,C10055,Litigation
C19385154,C10056,Manors
C19385155,C10055,Litigation
C19385156,C10055,Litigation
C19385157,C10055,Litigation
C19385158,C10055,Litigation
C19385159,C10055,Litigation
C19385160,C10055,Litigation
C19385160,C10056,Manors
C19385161,C10055,Litigation
C19385161,C10025,Debt
C19385162,C10055,Litigation
C19385163,C10131,Europe and Russia
C19385163,C10055,Litigation
C19385164,C10055,Litigation
C19385165,C10055,Litigation
C19385166,C10055,Litigation
C19385167,C10055,Litigation
C19385167,C10029,Disability
C19385168,C10055,Litigation
C19385169,C10055,Litigation
C19385170,C10055,Litigation
C19385170,C10025,Debt
C19385170,C10116,Wills and probate
C19385171,C10055,Litigation
C19385172,C10055,Litigation
C19385172,C10025,Debt
C19385173,C10055,Litigation
C19385174,C10055,Litigation
C19385175,C10055,Litigation
C19385175,C10056,Manors
C19385176,C10055,Litigation
C19385177,C10055,Litigation
C19385178,C10055,Litigation
C19385179,C10055,Litigation
C19385180,C10055,Litigation
C19385180,C10036,Farming
C19385181,C10055,Litigation
C19385182,C10055,Litigation
C19385183,C10055,Litigation
C19385183,C10108,Trade and commerce
C19385184,C10055,Litigation
C19385185,C10055,Litigation
C19385186,C10055,Litigation
C19385187,C10055,Litigation
C19385188,C10055,Litigation
C19385189,C10055,Litigation
C19385190,C10055,Litigation
C19385191,C10055,Litigation
C19385191,C10056,Manors
C19385192,C10055,Litigation
C19385192,C10056,Manors
C19385193,C10055,Litigation
C19385193,C10056,Manors
C19385194,C10055,Litigation
C19385195,C10055,Litigation
C19385196,C10055,Litigation
C19385197,C10055,Litigation
C19385198,C10055,Litigation
C19385199,C10055,Litigation
C19385200,C10055,Litigation
C19385200,C10056,Manors
C19385201,C10055,Litigation
C19385202,C10055,Litigation
C19385203,C10055,Litigation
C19385204,C10055,Litigation
C19385205,C10055,Litigation
C19385206,C10055,Litigation
C19385207,C10055,Litigation
C19385208,C10055,Litigation
C19385209,C10055,Litigation
C19385209,C10056,Manors
C19385210,C10055,Litigation
C19385211,C10055,Litigation
C19385211,C10007,Banking
C19385211,C10022,Conveyancing
C19385212,C10131,Europe and Russia
C19385212,C10055,Litigation
C19385212,C10025,Debt
C19385213,C10055,Litigation
C19385214,C10055,Litigation
C19385215,C10055,Litigation
C19385215,C10056,Manors
C19385216,C10055,Litigation
C19385217,C10055,Litigation
C19385218,C10055,Litigation
C19385219,C10055,Litigation
C19385220,C10055,Litigation
C19385221,C10055,Litigation
C19385222,C10055,Litigation
C19385223,C10055,Litigation
C19385224,C10055,Litigation
C19385225,C10055,Litigation
C19385226,C10055,Litigation
C19385227,C10055,Litigation
C19385228,C10055,Litigation
C19385229,C10055,Litigation
C19385230,C10055,Litigation
C19385231,C10055,Litigation
C19385232,C10055,Litigation
C19385232,C10056,Manors
C19385233,C10055,Litigation
C19385234,C10055,Litigation
C19385235,C10055,Litigation
C19385236,C10055,Litigation
C19385236,C10056,Manors
C19385237,C10055,Litigation
C19385237,C10056,Manors
C19385238,C10055,Litigation
C19385239,C10055,Litigation
C19385240,C10055,Litigation
C19385240,C10056,Manors
C19385241,C10055,Litigation
C19385241,C10056,Manors
C19385242,C10055,Litigation
C19385243,C10055,Litigation
C19385243,C10056,Manors
C19385244,C10055,Litigation
C19385245,C10055,Litigation
C19385246,C10055,Litigation
C19385247,C10055,Litigation
C19385248,C10055,Litigation
C19385299,C10055,Litigation
C19385300,C10055,Litigation
C19385300,C10056,Manors
C19385301,C10055,Litigation
C19385301,C10056,Manors
C19385302,C10055,Litigation
C19385303,C10055,Litigation
C19385303,C10056,Manors
C19385304,C10055,Litigation
C19385305,C10055,Litigation
C19385306,C10055,Litigation
C19385306,C10056,Manors
C19385307,C10055,Litigation
C19385308,C10055,Litigation
C19385309,C10055,Litigation
C19385310,C10055,Litigation
C19385311,C10055,Litigation
C19385312,C10055,Litigation
C19385313,C10055,Litigation
C19385314,C10055,Litigation
C19385315,C10055,Litigation
C19385316,C10055,Litigation
C19385317,C10055,Litigation
C19385318,C10055,Litigation
C19385319,C10055,Litigation
C19385320,C10038,Fishing
C19385320,C10131,Europe and Russia
C19385320,C10055,Litigation
C19385320,C10108,Trade and commerce
C19385321,C10055,Litigation
C19385322,C10055,Litigation
C19385322,C10040,Forestry
C19385322,C10107,Tithes
C19385323,C10055,Litigation
C19385323,C10108,Trade and commerce
C19385324,C10055,Litigation
C19385325,C10059,Marriage and divorce
C19385325,C10055,Litigation
C19385326,C10055,Litigation
C19385326,C10056,Manors
C19385327,C10055,Litigation
C19385328,C10055,Litigation
C19385329,C10055,Litigation
C19385330,C10055,Litigation
C19385331,C10055,Litigation
C19385332,C10055,Litigation
C19385333,C10055,Litigation
C19385334,C10055,Litigation
C19385335,C10055,Litigation
C19385336,C10055,Litigation
C19385337,C10055,Litigation
C19385338,C10055,Litigation
C19385339,C10055,Litigation
C19385340,C10055,Litigation
C19385341,C10055,Litigation
C19385341,C10108,Trade and commerce
C19385341,C10128,Middle East
C19385342,C10055,Litigation
C19385342,C10025,Debt
C19385343,C10055,Litigation
C19385344,C10055,Litigation
C19385345,C10055,Litigation
C19385345,C10025,Debt
C19385346,C10055,Litigation
C19385347,C10055,Litigation
C19385348,C10055,Litigation
C19385349,C10059,Marriage and divorce
C19385349,C10055,Litigation
C19385350,C10055,Litigation
C19385351,C10055,Litigation
C19385351,C10025,Debt
C19385351,C10036,Farming
C19385352,C10055,Litigation
C19385353,C10055,Litigation
C19385354,C10055,Litigation
C19385355,C10055,Litigation
C19385356,C10055,Litigation
C19385357,C10055,Litigation
C19385358,C10055,Litigation
C19385359,C10055,Litigation
C19385360,C10055,Litigation
C19385360,C10107,Tithes
C19385360,C10116,Wills and probate
C19385361,C10055,Litigation
C19385362,C10055,Litigation
C19385363,C10055,Litigation
C19385364,C10055,Litigation
C19385365,C10131,Europe and Russia
C19385365,C10055,Litigation
C19385366,C10055,Litigation
C19385366,C10108,Trade and commerce
C19385367,C10055,Litigation
C19385368,C10055,Litigation
C19385369,C10055,Litigation
C19385369,C10022,Conveyancing
C19385370,C10055,Litigation
C19385370,C10056,Manors
C19385371,C10055,Litigation
C19385371,C10007,Banking
C19385371,C10022,Conveyancing
C19385372,C10055,Litigation
C19385373,C10055,Litigation
C19385374,C10055,Litigation
C19385375,C10055,Litigation
C19385376,C10055,Litigation
C19385376,C10056,Manors
C19385377,C10055,Litigation
C19385377,C10056,Manors
C19385378,C10055,Litigation
C19385379,C10055,Litigation
C19385379,C10108,Trade and commerce
C19385380,C10055,Litigation
C19385380,C10107,Tithes
C19385381,C10055,Litigation
C19385382,C10055,Litigation
C19385383,C10055,Litigation
C19386691,C10055,Litigation
C19386692,C10055,Litigation
C19386692,C10036,Farming
C19386693,C10055,Litigation
C19386694,C10055,Litigation
C19386695,C10055,Litigation
C19386696,C10055,Litigation
C19386697,C10055,Litigation
C19386697,C10056,Manors
C19386698,C10055,Litigation
C19386699,C10055,Litigation
C19386700,C10055,Litigation
C19386701,C10055,Litigation
C19386702,C10055,Litigation
C19386702,C10056,Manors
C19386703,C10055,Litigation
C19386704,C10131,Europe and Russia
C19386704,C10055,Litigation
C19386704,C10108,Trade and commerce
C19386704,C10126,Asia
C19386705,C10055,Litigation
C19386705,C10056,Manors
C19386706,C10055,Litigation
C19386707,C10059,Marriage and divorce
C19386707,C10055,Litigation
C19386708,C10055,Litigation
C19386708,C10108,Trade and commerce
C19386708,C10071,Nationality
C19386709,C10055,Litigation
C19386709,C10072,Navy
C19386710,C10055,Litigation
C19386711,C10055,Litigation
C19386712,C10055,Litigation
C19386712,C10025,Debt
C19386713,C10131,Europe and Russia
C19386713,C10055,Litigation
C19386713,C10108,Trade and commerce
C19386713,C10036,Farming
C19386714,C10055,Litigation
C19386715,C10055,Litigation
C19386715,C10056,Manors
C19386716,C10055,Litigation
C19386717,C10055,Litigation
C19386718,C10055,Litigation
C19386718,C10025,Debt
C19386719,C10055,Litigation
C19386719,C10025,Debt
C19386720,C10055,Litigation
C19386721,C10055,Litigation
C19386722,C10055,Litigation
C19386723,C10055,Litigation
C19386724,C10055,Litigation
C19386725,C10055,Litigation
C19386726,C10055,Litigation
C19386727,C10055,Litigation
C19386727,C10056,Manors
C19386728,C10055,Litigation
C19386729,C10055,Litigation
C19386730,C10055,Litigation
C19386730,C10025,Debt
C19386731,C10055,Litigation
C19386732,C10055,Litigation
C19386733,C10055,Litigation
C19386733,C10056,Manors
C19386733,C10012,Children
C19386734,C10055,Litigation
C19386735,C10055,Litigation
C19386735,C10056,Manors
C19386736,C10055,Litigation
C19386736,C10108,Trade and commerce
C19386737,C10055,Litigation
C19386737,C10108,Trade and commerce
C19386738,C10055,Litigation
C19386739,C10055,Litigation
C19386740,C10055,Litigation
C19386741,C10055,Litigation
C19386742,C10055,Litigation
C19386743,C10055,Litigation
C19386744,C10055,Litigation
C19386745,C10023,Crime
C19386745,C10055,Litigation
C19386746,C10055,Litigation
C19386747,C10055,Litigation
C19386748,C10055,Litigation
C19386749,C10055,Litigation
C19386749,C10056,Manors
C19386750,C10055,Litigation
C19386751,C10055,Litigation
C19386752,C10131,Europe and Russia
C19386752,C10055,Litigation
C19386752,C10108,Trade and commerce
C19386753,C10055,Litigation
C19386753,C10108,Trade and commerce
C19386754,C10055,Litigation
C19387925,C10055,Litigation
C19387926,C10055,Litigation
C19387927,C10055,Litigation
C19387928,C10055,Litigation
C19387929,C10055,Litigation
C19387930,C10055,Litigation
C19387930,C10056,Manors
C19387931,C10055,Litigation
C19387932,C10055,Litigation
C19387933,C10055,Litigation
C19387934,C10055,Litigation
C19387935,C10055,Litigation
C19387936,C10055,Litigation
C19387936,C10056,Manors
C19387937,C10055,Litigation
C19387938,C10055,Litigation
C19387939,C10055,Litigation
C19387940,C10055,Litigation
C19387941,C10055,Litigation
C19387942,C10055,Litigation
C19387943,C10055,Litigation
C19387944,C10055,Litigation
C19387945,C10055,Litigation
C19387946,C10055,Litigation
C19387947,C10059,Marriage and divorce
C19387947,C10055,Litigation
C19387948,C10055,Litigation
C19387949,C10055,Litigation
C19387950,C10055,Litigation
C19387951,C10055,Litigation
C19387952,C10055,Litigation
C19387953,C10055,Litigation
C19387954,C10055,Litigation
C19387954,C10056,Manors
C19387955,C10055,Litigation
C19387956,C10055,Litigation
C19387957,C10055,Litigation
C19387958,C10055,Litigation
C19387959,C10055,Litigation
C19387960,C10055,Litigation
C19387960,C10056,Manors
C19387961,C10023,Crime
C19387961,C10055,Litigation
C19387962,C10055,Litigation
C19387962,C10108,Trade and commerce
C19387963,C10055,Litigation
C19387963,C10056,Manors
C19387964,C10059,Marriage and divorce
C19387964,C10055,Litigation
C19387965,C10055,Litigation
C19387966,C10055,Litigation
C19387967,C10055,Litigation
C19387967,C10056,Manors
C19387968,C10055,Litigation
C19387969,C10055,Litigation
C19387969,C10024,Crown lands and estates
C19387969,C10056,Manors
C19387969,C10022,Conveyancing
C19387970,C10055,Litigation
C19387971,C10055,Litigation
C19387972,C10055,Litigation
C19387973,C10055,Litigation
C19387973,C10056,Manors
C19387974,C10055,Litigation
C19387975,C10055,Litigation
C19387976,C10055,Litigation
C19387977,C10055,Litigation
C19387978,C10055,Litigation
C19387978,C10056,Manors
C19387979,C10055,Litigation
C19387979,C10056,Manors
C19387980,C10055,Litigation
C19387980,C10056,Manors
C19387981,C10131,Europe and Russia
C19387981,C10055,Litigation
C19387981,C10007,Banking
C19387981,C10022,Conveyancing
C19387982,C10055,Litigation
C19387983,C10055,Litigation
C19387984,C10023,Crime
C19387984,C10055,Litigation
C19387985,C10039,Food and drink
C19387985,C10055,Litigation
C19387986,C10055,Litigation
C19387986,C10066,Mining and quarrying
C19387987,C10055,Litigation
C19387988,C10055,Litigation
C19387989,C10055,Litigation
C19387990,C10055,Litigation
C19387991,C10055,Litigation
C19387992,C10055,Litigation
C19387992,C10056,Manors
C19387993,C10055,Litigation
C19387994,C10055,Litigation
C19387995,C10055,Litigation
C19387995,C10056,Manors
C19387996,C10055,Litigation
C19387997,C10055,Litigation
C19387997,C10077,Pay and pensions
C19387998,C10023,Crime
C19387998,C10055,Litigation
C19387998,C10052,Labour
C19387998,C10085,Prisons
C19387999,C10055,Litigation
C19388000,C10055,Litigation
C19388000,C10107,Tithes
C19388001,C10055,Litigation
C19388002,C10093,Religions
C19388002,C10055,Litigation
C19388003,C10055,Litigation
C19388004,C10055,Litigation
C19388005,C10055,Litigation
C19388006,C10055,Litigation
C19388007,C10055,Litigation
C19388008,C10055,Litigation
C19388009,C10055,Litigation
C19388010,C10055,Litigation
C19388011,C10055,Litigation
C19388012,C10055,Litigation
C19388012,C10056,Manors
C19388013,C10055,Litigation
C19388014,C10055,Litigation
C19388015,C10055,Litigation
C19388016,C10055,Litigation
C19388017,C10055,Litigation
C19388017,C10056,Manors
C19388018,C10055,Litigation
C19388019,C10055,Litigation
C19388020,C10055,Litigation
C19388020,C10056,Manors
C19388021,C10055,Litigation
C19388022,C10055,Litigation
C19388023,C10055,Litigation
C19388023,C10056,Manors
C19388024,C10055,Litigation
C19388024,C10128,Middle East
C19388025,C10055,Litigation
C19388026,C10055,Litigation
C19388027,C10055,Litigation
C19388028,C10055,Litigation
C19388029,C10055,Litigation
C19388030,C10055,Litigation
C19388031,C10055,Litigation
C19388032,C10055,Litigation
C19388033,C10055,Litigation
C19388034,C10055,Litigation
C19388034,C10036,Farming
C19388035,C10059,Marriage and divorce
C19388035,C10055,Litigation
C19388036,C10055,Litigation
C19388036,C10025,Debt
C19388037,C10055,Litigation
C19388038,C10055,Litigation
C19388039,C10055,Litigation
C19388040,C10055,Litigation
C19388040,C10056,Manors
C19388041,C10055,Litigation
C19388042,C10055,Litigation
C19388043,C10055,Litigation
C19388043,C10056,Manors
C19388044,C10055,Litigation
C19388044,C10107,Tithes
C19388045,C10055,Litigation
C19388046,C10055,Litigation
C19388047,C10055,Litigation
C19388047,C10056,Manors
C19388048,C10023,Crime
C19388048,C10055,Litigation
C19388049,C10055,Litigation
C19388049,C10116,Wills and probate
C19388050,C10055,Litigation
C19388051,C10059,Marriage and divorce
C19388051,C10055,Litigation
C19388052,C10055,Litigation
C19388052,C10056,Manors
C19388053,C10055,Litigation
C19388054,C10055,Litigation
C19388055,C10055,Litigation
C19388056,C10055,Litigation
C19388057,C10055,Litigation
C19388058,C10055,Litigation
C19388059,C10055,Litigation
C19388059,C10014,Coal
C19399007,C10055,Litigation
C19399007,C10107,Tithes
C19399007,C10056,Manors
C19399008,C10131,Europe and Russia
C19399008,C10055,Litigation
C19399009,C10059,Marriage and divorce
C19399009,C10055,Litigation
C19399010,C10055,Litigation
C19399010,C10056,Manors
C19399011,C10055,Litigation
C19399012,C10055,Litigation
C19399013,C10055,Litigation
C19399014,C10055,Litigation
C19399015,C10055,Litigation
C19399016,C10055,Litigation
C19399017,C10055,Litigation
C19399018,C10055,Litigation
C19399019,C10055,Litigation
C19399019,C10036,Farming
C19399020,C10055,Litigation
C19399020,C10107,Tithes
C19399020,C10056,Manors
C19399021,C10055,Litigation
C19399022,C10055,Litigation
C19399023,C10055,Litigation
C19399024,C10055,Litigation
C19399024,C10056,Manors
C19399025,C10055,Litigation
C19399025,C10056,Manors
C19399026,C10023,Crime
C19399026,C10055,Litigation
C19399027,C10055,Litigation
C19399027,C10056,Manors
C19399028,C10055,Litigation
C19399029,C10055,Litigation
C19399030,C10055,Litigation
C19399031,C10055,Litigation
C19399032,C10131,Europe and Russia
C19399032,C10055,Litigation
C19399032,C10056,Manors
C19399033,C10055,Litigation
C19399034,C10055,Litigation
C19399035,C10055,Litigation
C19399036,C10055,Litigation
C19399036,C10056,Manors
C19399037,C10055,Litigation
C19399037,C10056,Manors
C19399038,C10055,Litigation
C19399039,C10055,Litigation
C19399040,C10055,Litigation
C19399041,C10055,Litigation
C19399042,C10055,Litigation
C19399043,C10055,Litigation
C19399044,C10055,Litigation
C19399045,C10055,Litigation
C19399045,C10132,Ireland
C19399046,C10055,Litigation
C19399046,C10056,Manors
C19399047,C10055,Litigation
C19399047,C10056,Manors
C19399048,C10055,Litigation
C19399049,C10055,Litigation
C19399050,C10055,Litigation
C19399050,C10025,Debt
C19399051,C10055,Litigation
C19399051,C10056,Manors
C19399051,C10022,Conveyancing
C19399052,C10055,Litigation
C19399053,C10055,Litigation
C19399053,C10056,Manors
C19399054,C10055,Litigation
C19399054,C10025,Debt
C19399055,C10055,Litigation
C19399056,C10055,Litigation
C19399057,C10055,Litigation
C19399058,C10055,Litigation
C19399059,C10055,Litigation
C19399059,C10056,Manors
C19399060,C10055,Litigation
C19399061,C10055,Litigation
C19399062,C10055,Litigation
C19399063,C10055,Litigation
C19399064,C10055,Litigation
C19399065,C10055,Litigation
C19399066,C10055,Litigation
C19399067,C10055,Litigation
C19399068,C10023,Crime
C19399068,C10055,Litigation
C19399068,C10114,Weapons
C19399069,C10055,Litigation
C19399070,C10055,Litigation
C19399071,C10055,Litigation
C19399072,C10055,Litigation
C19399073,C10055,Litigation
C19399073,C10025,Debt
C19399074,C10055,Litigation
C19399075,C10055,Litigation
C19399075,C10056,Manors
C19399076,C10055,Litigation
C19399076,C10007,Banking
C19399076,C10022,Conveyancing
C19399077,C10055,Litigation
C19399077,C10036,Farming
C19399078,C10055,Litigation
C19399079,C10055,Litigation
C19399080,C10059,Marriage and divorce
C19399080,C10055,Litigation
C19399080,C10012,Children
C19399081,C10055,Litigation
C19399082,C10055,Litigation
C19399082,C10025,Debt
C19399082,C10056,Manors
C19399083,C10055,Litigation
C19399084,C10055,Litigation
C19399084,C10056,Manors
C19399085,C10055,Litigation
C19399086,C10055,Litigation
C19399086,C10056,Manors
C19399087,C10055,Litigation
C19399087,C10056,Manors
C19399088,C10055,Litigation
C19399089,C10055,Litigation
C19399090,C10131,Europe and Russia
C19399090,C10055,Litigation
C19399091,C10055,Litigation
C19399092,C10055,Litigation
C19399093,C10055,Litigation
C19399094,C10055,Litigation
C19399095,C10055,Litigation
C19399096,C10093,Religions
C19399096,C10055,Litigation
C19399097,C10055,Litigation
C19399098,C10055,Litigation
C19399099,C10055,Litigation
C19399099,C10056,Manors
C19399100,C10055,Litigation
C19399100,C10056,Manors
C19399101,C10055,Litigation
C19399102,C10055,Litigation
C19399103,C10055,Litigation
C19399104,C10055,Litigation
C19399105,C10055,Litigation
C19399106,C10055,Litigation
C19399107,C10055,Litigation
C19399108,C10055,Litigation
C19399108,C10056,Manors
C19399109,C10055,Litigation
C19399109,C10056,Manors
C19399110,C10055,Litigation
C19399111,C10055,Litigation
C19399111,C10025,Debt
C19399112,C10055,Litigation
C19399112,C10056,Manors
C19399113,C10055,Litigation
C19399114,C10055,Litigation
C19399115,C10055,Litigation
C19399116,C10055,Litigation
C19399117,C10055,Litigation
C19399117,C10012,Children
C19399118,C10055,Litigation
C19399119,C10055,Litigation
C19399119,C10056,Manors
C19399120,C10131,Europe and Russia
C19399120,C10055,Litigation
C19399120,C10108,Trade and commerce
C19399121,C10055,Litigation
C19399122,C10055,Litigation
C19399123,C10055,Litigation
C19399124,C10055,Litigation
C19399125,C10055,Litigation
C19399125,C10056,Manors
C19399126,C10055,Litigation
C19399126,C10107,Tithes
C19399127,C10055,Litigation
C19399128,C10055,Litigation
C19399129,C10055,Litigation
C19399130,C10055,Litigation
C19399131,C10055,Litigation
C19399132,C10055,Litigation
C19399133,C10055,Litigation
C19399134,C10055,Litigation
C19399135,C10055,Litigation
C19399135,C10056,Manors
C19399136,C10093,Religions
C19399136,C10055,Litigation
C19399136,C10056,Manors
C19399137,C10059,Marriage and divorce
C19399137,C10055,Litigation
C19399138,C10055,Litigation
C19399139,C10039,Food and drink
C19399139,C10055,Litigation
C19399140,C10055,Litigation
C19399141,C10059,Marriage and divorce
C19399141,C10055,Litigation
C19399142,C10055,Litigation
C19399142,C10056,Manors
C19399142,C10022,Conveyancing
C19399143,C10023,Crime
C19399143,C10055,Litigation
C19399144,C10055,Litigation
C19399145,C10055,Litigation
C19399146,C10055,Litigation
C19399147,C10055,Litigation
C19399148,C10055,Litigation
C19399148,C10107,Tithes
C19399149,C10055,Litigation
C19399149,C10056,Manors
C19399150,C10055,Litigation
C19399151,C10055,Litigation
C19399151,C10056,Manors
C19399152,C10055,Litigation
C19399153,C10039,Food and drink
C19399153,C10055,Litigation
C19399154,C10055,Litigation
C19399154,C10056,Manors
C19399155,C10055,Litigation
C19399155,C10056,Manors
C19399156,C10055,Litigation
C19399156,C10007,Banking
C19399156,C10022,Conveyancing
C19399157,C10055,Litigation
C19399157,C10012,Children
C19399158,C10055,Litigation
C19399159,C10055,Litigation
C19399160,C10055,Litigation
C19399161,C10055,Litigation
C19399162,C10055,Litigation
C19399162,C10107,Tithes
C19399162,C10056,Manors
C19399163,C10055,Litigation
C19399164,C10055,Litigation
C19399164,C10025,Debt
C19399165,C10039,Food and drink
C19399165,C10055,Litigation
C19399165,C10025,Debt
C19399166,C10055,Litigation
C19399166,C10025,Debt
C19399167,C10055,Litigation
C19399168,C10055,Litigation
C19399168,C10025,Debt
C19399169,C10055,Litigation
C19399169,C10056,Manors
C19399170,C10055,Litigation
C19399171,C10055,Litigation
C19399172,C10055,Litigation
C19399173,C10055,Litigation
C19399174,C10055,Litigation
C19399174,C10022,Conveyancing
C19399175,C10055,Litigation
C19399175,C10056,Manors
C19399176,C10055,Litigation
C19399176,C10116,Wills and probate
C19399177,C10055,Litigation
C19399177,C10022,Conveyancing
C19399178,C10055,Litigation
C19399178,C10056,Manors
C19399179,C10055,Litigation
C19399180,C10055,Litigation
C19399181,C10055,Litigation
C19399181,C10056,Manors
C19399182,C10055,Litigation
C19399183,C10055,Litigation
C19399183,C10108,Trade and commerce
C19399184,C10055,Litigation
C19399185,C10055,Litigation
C19399185,C10056,Manors
C19399186,C10055,Litigation
C19399187,C10055,Litigation
C19399187,C10056,Manors
C19399188,C10055,Litigation
C19399188,C10056,Manors
C19399189,C10055,Litigation
C19399190,C10055,Litigation
C19399190,C10056,Manors
C19399191,C10055,Litigation
C19399192,C10055,Litigation
C19399193,C10055,Litigation
C19399194,C10055,Litigation
C19399195,C10131,Europe and Russia
C19399195,C10055,Litigation
C19399195,C10108,Trade and commerce
C19399196,C10055,Litigation
C19399197,C10055,Litigation
C19399197,C10056,Manors
C19399198,C10055,Litigation
C19399199,C10055,Litigation
C19399200,C10055,Litigation
C19399201,C10055,Litigation
C19399201,C10007,Banking
C19399201,C10022,Conveyancing
C19399202,C10055,Litigation
C19399203,C10055,Litigation
C19399204,C10055,Litigation
C19399205,C10055,Litigation
C19399206,C10055,Litigation
C19399206,C10022,Conveyancing
C19399207,C10055,Litigation
C19399208,C10055,Litigation
C19399208,C10056,Manors
C19399209,C10055,Litigation
C19399210,C10055,Litigation
C19399210,C10007,Banking
C19399210,C10022,Conveyancing
C19399211,C10055,Litigation
C19399211,C10012,Children
C19399211,C10022,Conveyancing
C19399212,C10055,Litigation
C19399213,C10055,Litigation
C19399213,C10025,Debt
C19399214,C10055,Litigation
C19399214,C10056,Manors
C19399215,C10055,Litigation
C19399216,C10055,Litigation
C19399216,C10022,Conveyancing
C19399217,C10055,Litigation
C19399218,C10055,Litigation
C19399219,C10055,Litigation
C19399219,C10022,Conveyancing
C19399220,C10055,Litigation
C19399221,C10055,Litigation
C19399222,C10055,Litigation
C19399223,C10055,Litigation
C19399224,C10055,Litigation
C19399225,C10055,Litigation
C19399226,C10055,Litigation
C19399227,C10055,Litigation
C19399228,C10055,Litigation
C19399229,C10055,Litigation
C19399230,C10055,Litigation
C19399231,C10055,Litigation
C19399231,C10085,Prisons
C19399232,C10055,Litigation
C19399233,C10055,Litigation
C19399234,C10055,Litigation
C19399234,C10056,Manors
C19399235,C10055,Litigation
C19399235,C10025,Debt
C19399236,C10055,Litigation
C19399237,C10055,Litigation
C19399238,C10055,Litigation
C19399239,C10055,Litigation
C19399239,C10056,Manors
C19399240,C10055,Litigation
C19399241,C10055,Litigation
C19399242,C10055,Litigation
C19399243,C10055,Litigation
C19399244,C10055,Litigation
C19399244,C10036,Farming
C19399245,C10055,Litigation
C19399245,C10022,Conveyancing
C19399246,C10059,Marriage and divorce
C19399246,C10055,Litigation
C19399247,C10055,Litigation
C19399248,C10055,Litigation
C19399249,C10055,Litigation
C19399250,C10055,Litigation
C19399250,C10056,Manors
C19399251,C10055,Litigation
C19399251,C10022,Conveyancing
C19399252,C10055,Litigation
C19399252,C10022,Conveyancing
C19399253,C10055,Litigation
C19399254,C10055,Litigation
C19399254,C10108,Trade and commerce
C19399255,C10055,Litigation
C19399256,C10055,Litigation
C19399257,C10055,Litigation
C19399258,C10055,Litigation
C19399259,C10055,Litigation
C19399259,C10022,Conveyancing
C19399260,C10055,Litigation
C19399261,C10055,Litigation
C19399262,C10055,Litigation
C19399263,C10131,Europe and Russia
C19399263,C10055,Litigation
C19399264,C10055,Litigation
C19399265,C10055,Litigation
C19399265,C10025,Debt
C19399266,C10055,Litigation
C19399267,C10039,Food and drink
C19399267,C10055,Litigation
C19399268,C10055,Litigation
C19399268,C10022,Conveyancing
C19399269,C10055,Litigation
C19399270,C10055,Litigation
C19399271,C10055,Litigation
C19399271,C10056,Manors
C19399272,C10055,Litigation
C19399273,C10055,Litigation
C19399274,C10055,Litigation
C19399275,C10055,Litigation
C19399276,C10055,Litigation
C19399277,C10055,Litigation
C19399277,C10056,Manors
C19399278,C10055,Litigation
C19399278,C10056,Manors
C19399279,C10055,Litigation
C19399280,C10055,Litigation
C19399280,C10056,Manors
C19399281,C10055,Litigation
C19399282,C10055,Litigation
C19399283,C10131,Europe and Russia
C19399283,C10055,Litigation
C19399284,C10055,Litigation
C19399285,C10059,Marriage and divorce
C19399285,C10055,Litigation
C19399286,C10055,Litigation
C19399287,C10055,Litigation
C19399288,C10055,Litigation
C19399289,C10055,Litigation
C19399289,C10025,Debt
C19399290,C10055,Litigation
C19399291,C10055,Litigation
C19399292,C10055,Litigation
C19399292,C10007,Banking
C19399292,C10022,Conveyancing
C19399293,C10055,Litigation
C19399293,C10056,Manors
C19399294,C10055,Litigation
C19399295,C10055,Litigation
C19399295,C10012,Children
C19399296,C10055,Litigation
C19399296,C10022,Conveyancing
C19399297,C10055,Litigation
C19399298,C10059,Marriage and divorce
C19399298,C10055,Litigation
C19399299,C10055,Litigation
C19399299,C10007,Banking
C19399299,C10022,Conveyancing
C19399300,C10055,Litigation
C19399301,C10055,Litigation
C19399302,C10055,Litigation
C19399303,C10055,Litigation
C19399303,C10036,Farming
C19399304,C10055,Litigation
C19399304,C10056,Manors
C19399305,C10055,Litigation
C19399306,C10055,Litigation
C19399307,C10055,Litigation
C19399307,C10056,Manors
C19399308,C10055,Litigation
C19399309,C10055,Litigation
C19399309,C10025,Debt
C19399310,C10055,Litigation
C19399311,C10055,Litigation
C19399312,C10055,Litigation
C19399313,C10055,Litigation
C19399313,C10056,Manors
C19399314,C10055,Litigation
C19399315,C10055,Litigation
C19399316,C10055,Litigation
C19399317,C10055,Litigation
C19399318,C10055,Litigation
C19399319,C10055,Litigation
C19399320,C10055,Litigation
C19399321,C10055,Litigation
C19399321,C10025,Debt
C19399322,C10055,Litigation
C19399322,C10108,Trade and commerce
C19399323,C10055,Litigation
C19399324,C10111,Treason and rebellion
C19399324,C10019,Conflict
C19399324,C10055,Litigation
C19399325,C10055,Litigation
C19399326,C10055,Litigation
C19399326,C10056,Manors
C19399327,C10055,Litigation
C19399328,C10055,Litigation
C19399329,C10055,Litigation
C19399329,C10036,Farming
C19399330,C10055,Litigation
C19399331,C10055,Litigation
C19399332,C10055,Litigation
C19399333,C10055,Litigation
C19399333,C10040,Forestry
C19399334,C10055,Litigation
C19399335,C10055,Litigation
C19399336,C10055,Litigation
C19399337,C10055,Litigation
C19399338,C10055,Litigation
C19399339,C10059,Marriage and divorce
C19399339,C10055,Litigation
C19399340,C10055,Litigation
C19399341,C10055,Litigation
C19399342,C10055,Litigation
C19399343,C10055,Litigation
C19399343,C10022,Conveyancing
C19399344,C10055,Litigation
C19399345,C10055,Litigation
C19399345,C10056,Manors
C19399346,C10055,Litigation
C19399347,C10055,Litigation
C19399347,C10056,Manors
C19399348,C10055,Litigation
C19399349,C10055,Litigation
C19399350,C10055,Litigation
C19399351,C10055,Litigation
C19399352,C10055,Litigation
C19399353,C10055,Litigation
C19399354,C10055,Litigation
C19399355,C10055,Litigation
C19399356,C10055,Litigation
C19399357,C10055,Litigation
C19399358,C10055,Litigation
C19399358,C10025,Debt
C19399359,C10055,Litigation
C19399360,C10055,Litigation
C19399361,C10055,Litigation
C19399362,C10055,Litigation
C19399363,C10023,Crime
C19399363,C10039,Food and drink
C19399363,C10055,Litigation
C19399363,C10025,Debt
C19399364,C10055,Litigation
C19399364,C10025,Debt
C19399365,C10055,Litigation
C19399366,C10055,Litigation
C19399367,C10055,Litigation
C19399367,C10025,Debt
C19399368,C10055,Litigation
C19399368,C10056,Manors
C19399369,C10055,Litigation
C19399370,C10055,Litigation
C19399371,C10055,Litigation
C19399372,C10055,Litigation
C19399373,C10055,Litigation
C19399373,C10025,Debt
C19399374,C10055,Litigation
C19399375,C10055,Litigation
C19399376,C10055,Litigation
C19399377,C10055,Litigation
C19399378,C10055,Litigation
C19399378,C10025,Debt
C19399378,C10056,Manors
C19399379,C10055,Litigation
C19399380,C10055,Litigation
C19399380,C10056,Manors
C19399381,C10055,Litigation
C19399382,C10055,Litigation
C19399382,C10056,Manors
C19399383,C10039,Food and drink
C19399383,C10055,Litigation
C19399384,C10059,Marriage and divorce
C19399384,C10055,Litigation
C19399385,C10055,Litigation
C19399386,C10055,Litigation
C19399387,C10055,Litigation
C19399388,C10055,Litigation
C19399388,C10056,Manors
C19399389,C10055,Litigation
C19399389,C10056,Manors
C19399390,C10055,Litigation
C19399391,C10055,Litigation
C19399392,C10055,Litigation
C19399392,C10077,Pay and pensions
C19399393,C10055,Litigation
C19399393,C10056,Manors
C19399394,C10055,Litigation
C19399394,C10056,Manors
C19399395,C10055,Litigation
C19399395,C10056,Manors
C19399396,C10055,Litigation
C19399397,C10055,Litigation
C19399398,C10055,Litigation
C19399398,C10033,Education
C19399399,C10055,Litigation
C19399400,C10055,Litigation
C19399400,C10056,Manors
C19399401,C10055,Litigation
C19399402,C10055,Litigation
C19399403,C10055,Litigation
C19399404,C10055,Litigation
C19399404,C10056,Manors
C19399405,C10055,Litigation
C19399406,C10055,Litigation
C19399407,C10055,Litigation
C19399408,C10055,Litigation
C19399408,C10025,Debt
C19399409,C10055,Litigation
C19399410,C10055,Litigation
C19399411,C10055,Litigation
C19399412,C10055,Litigation
C19399413,C10055,Litigation
C19399414,C10055,Litigation
C19399415,C10055,Litigation
C19399415,C10056,Manors
C19399416,C10055,Litigation
C19399417,C10055,Litigation
C19399418,C10055,Litigation
C19399419,C10055,Litigation
C19399419,C10077,Pay and pensions
C19399420,C10055,Litigation
C19399421,C10055,Litigation
C19399421,C10024,Crown lands and estates
C19399422,C10055,Litigation
C19399423,C10055,Litigation
C19399423,C10025,Debt
C19399424,C10055,Litigation
C19399424,C10025,Debt
C19399425,C10055,Litigation
C19399426,C10055,Litigation
C19399426,C10108,Trade and commerce
C19399426,C10025,Debt
C19399426,C10080,Piracy and privateering
C19399427,C10055,Litigation
C19399428,C10055,Litigation
C19399429,C10055,Litigation
C19399430,C10055,Litigation
C19399430,C10025,Debt
C19399431,C10055,Litigation
C19399431,C10025,Debt
C19399432,C10131,Europe and Russia
C19399432,C10055,Litigation
C19399433,C10055,Litigation
C19399434,C10055,Litigation
C19399435,C10055,Litigation
C19399436,C10055,Litigation
C19399436,C10056,Manors
C19399437,C10055,Litigation
C19399437,C10025,Debt
C19399438,C10055,Litigation
C19399438,C10007,Banking
C19399438,C10022,Conveyancing
C19399439,C10055,Litigation
C19399440,C10055,Litigation
C19399441,C10055,Litigation
C19399442,C10055,Litigation
C19399443,C10055,Litigation
C19399444,C10055,Litigation
C19399445,C10055,Litigation
C19399446,C10055,Litigation
C19399447,C10055,Litigation
C19399448,C10055,Litigation
C19399449,C10055,Litigation
C19399450,C10055,Litigation
C19399450,C10056,Manors
C19399451,C10055,Litigation
C19399452,C10055,Litigation
C19399452,C10056,Manors
C19399453,C10055,Litigation
C19399454,C10055,Litigation
C19399455,C10055,Litigation
C19399456,C10055,Litigation
C19399457,C10055,Litigation
C19399458,C10055,Litigation
C19399459,C10055,Litigation
C19399460,C10055,Litigation
C19399460,C10025,Debt
C19399461,C10039,Food and drink
C19399461,C10055,Litigation
C19399462,C10059,Marriage and divorce
C19399462,C10055,Litigation
C19399462,C10056,Manors
C19399463,C10055,Litigation
C19399463,C10107,Tithes
C19399464,C10055,Litigation
C19399465,C10055,Litigation
C19399466,C10055,Litigation
C19399467,C10055,Litigation
C19399467,C10056,Manors
C19399468,C10055,Litigation
C19399468,C10036,Farming
C19399469,C10055,Litigation
C19399470,C10039,Food and drink
C19399470,C10055,Litigation
C19399471,C10055,Litigation
C19399472,C10055,Litigation
C19399472,C10056,Manors
C19399473,C10055,Litigation
C19399474,C10055,Litigation
C19399475,C10055,Litigation
C19399476,C10055,Litigation
C19399477,C10055,Litigation
C19399478,C10055,Litigation
C19399479,C10055,Litigation
C19399479,C10025,Debt
C19399480,C10055,Litigation
C19399481,C10055,Litigation
C19399481,C10056,Manors
C19399482,C10055,Litigation
C19399482,C10025,Debt
C19399483,C10055,Litigation
C19399483,C10056,Manors
C19399483,C10022,Conveyancing
C19399484,C10055,Litigation
C19399485,C10055,Litigation
C19399486,C10055,Litigation
C19399486,C10025,Debt
C19399487,C10059,Marriage and divorce
C19399487,C10055,Litigation
C19399488,C10055,Litigation
C19399488,C10056,Manors
C19399489,C10055,Litigation
C19399489,C10056,Manors
C19399490,C10055,Litigation
C19399491,C10055,Litigation
C19399492,C10055,Litigation
C19399493,C10055,Litigation
C19399494,C10055,Litigation
C19399494,C10056,Manors
C19399495,C10055,Litigation
C19399496,C10055,Litigation
C19399496,C10025,Debt
C19399497,C10055,Litigation
C19399498,C10055,Litigation
C19399499,C10055,Litigation
C19399500,C10055,Litigation
C19399500,C10056,Manors
C19399501,C10055,Litigation
C19399501,C10056,Manors
C19399502,C10055,Litigation
C19399503,C10055,Litigation
C19399504,C10055,Litigation
C19399505,C10055,Litigation
C19399505,C10025,Debt
C19399506,C10055,Litigation
C19399507,C10055,Litigation
C19399507,C10065,Armed Forces (General Administration)
C19399507,C10072,Navy
C19399508,C10055,Litigation
C19399509,C10055,Litigation
C19399509,C10025,Debt
C19399510,C10055,Litigation
C19399511,C10055,Litigation
C19399511,C10025,Debt
C19399512,C10055,Litigation
C19399512,C10007,Banking
C19399512,C10022,Conveyancing
C19399513,C10055,Litigation
C19399514,C10055,Litigation
C19399514,C10025,Debt
C19399515,C10055,Litigation
C19399516,C10055,Litigation
C19399517,C10055,Litigation
C19399518,C10055,Litigation
C19399518,C10056,Manors
C19399519,C10055,Litigation
C19399520,C10055,Litigation
C19399521,C10055,Litigation
C19399522,C10055,Litigation
C19399523,C10055,Litigation
C19399524,C10055,Litigation
C19399524,C10025,Debt
C19399525,C10055,Litigation
C19399525,C10036,Farming
C19399526,C10055,Litigation
C19399527,C10055,Litigation
C19399528,C10055,Litigation
C19399529,C10055,Litigation
C19399530,C10055,Litigation
C19399530,C10012,Children
C19399530,C10116,Wills and probate
C19399531,C10055,Litigation
C19399532,C10055,Litigation
C19399533,C10055,Litigation
C19399534,C10055,Litigation
C19399534,C10056,Manors
C19399535,C10055,Litigation
C19399536,C10055,Litigation
C19399536,C10025,Debt
C19399537,C10055,Litigation
C19399538,C10055,Litigation
C19399539,C10055,Litigation
C19399540,C10055,Litigation
C19399541,C10055,Litigation
C19399541,C10056,Manors
C19399542,C10055,Litigation
C19399543,C10055,Litigation
C19399544,C10055,Litigation
C19399545,C10055,Litigation
C19399546,C10055,Litigation
C19399547,C10055,Litigation
C19399547,C10022,Conveyancing
C19399548,C10055,Litigation
C19399548,C10025,Debt
C19399549,C10055,Litigation
C19399550,C10055,Litigation
C19399550,C10108,Trade and commerce
C19399551,C10055,Litigation
C19399552,C10055,Litigation
C19399553,C10055,Litigation
C19399554,C10055,Litigation
C19399555,C10055,Litigation
C19399556,C10055,Litigation
C19399557,C10055,Litigation
C19399557,C10056,Manors
C19399558,C10039,Food and drink
C19399558,C10055,Litigation
C19399559,C10055,Litigation
C19399560,C10055,Litigation
C19399560,C10077,Pay and pensions
C19399561,C10055,Litigation
C19399562,C10055,Litigation
C19399563,C10055,Litigation
C19399564,C10055,Litigation
C19399565,C10055,Litigation
C19399566,C10055,Litigation
C19399567,C10055,Litigation
C19399567,C10107,Tithes
C19399567,C10056,Manors
C19399567,C10036,Farming
C19399568,C10055,Litigation
C19399569,C10055,Litigation
C19399570,C10055,Litigation
C19399570,C10108,Trade and commerce
C19399571,C10055,Litigation
C19399571,C10022,Conveyancing
C19399572,C10059,Marriage and divorce
C19399572,C10055,Litigation
C19399573,C10059,Marriage and divorce
C19399573,C10055,Litigation
C19399574,C10055,Litigation
C19399575,C10055,Litigation
C19399576,C10055,Litigation
C19399576,C10056,Manors
C19399577,C10059,Marriage and divorce
C19399577,C10055,Litigation
C19399578,C10055,Litigation
C19399578,C10036,Farming
C19399579,C10055,Litigation
C19399580,C10055,Litigation
C19399580,C10107,Tithes
C19399581,C10055,Litigation
C19399582,C10093,Religions
C19399582,C10055,Litigation
C19399583,C10055,Litigation
C19399584,C10055,Litigation
C19399585,C10055,Litigation
C19399585,C10056,Manors
C19399586,C10055,Litigation
C19399587,C10055,Litigation
C19399588,C10055,Litigation
C19399588,C10108,Trade and commerce
C19399589,C10093,Religions
C19399589,C10055,Litigation
C19399590,C10055,Litigation
C19399590,C10025,Debt
C19399591,C10055,Litigation
C19399591,C10025,Debt
C19399592,C10055,Litigation
C19399593,C10055,Litigation
C19399594,C10055,Litigation
C19399595,C10055,Litigation
C19399595,C10025,Debt
C19399596,C10055,Litigation
C19399596,C10056,Manors
C19399597,C10055,Litigation
C19399598,C10055,Litigation
C19399599,C10093,Religions
C19399599,C10055,Litigation
C19399600,C10055,Litigation
C19399600,C10022,Conveyancing
C19399601,C10055,Litigation
C19399602,C10055,Litigation
C19399603,C10055,Litigation
C19399603,C10056,Manors
C19399604,C10055,Litigation
C19399604,C10025,Debt
C19545524,C10055,Litigation
C19545525,C10055,Litigation
C19545525,C10025,Debt
C19545526,C10055,Litigation
C19545527,C10055,Litigation
C19545528,C10055,Litigation
C19545528,C10056,Manors
C19545529,C10055,Litigation
C19545529,C10056,Manors
C19545530,C10055,Litigation
C19545531,C10055,Litigation
C19545531,C10056,Manors
C19545532,C10055,Litigation
C19545533,C10055,Litigation
C19545533,C10056,Manors
C19545534,C10055,Litigation
C19545535,C10055,Litigation
C19545536,C10055,Litigation
C19545537,C10055,Litigation
C19545538,C10055,Litigation
C19545538,C10007,Banking
C19545538,C10022,Conveyancing
C19545539,C10055,Litigation
C19545540,C10059,Marriage and divorce
C19545540,C10055,Litigation
C19545541,C10038,Fishing
C19545541,C10055,Litigation
C19545542,C10055,Litigation
C19545543,C10055,Litigation
C19545543,C10056,Manors
C19545544,C10055,Litigation
C19545544,C10025,Debt
C19545544,C10056,Manors
C19545545,C10055,Litigation
C19545545,C10056,Manors
C19545546,C10059,Marriage and divorce
C19545546,C10055,Litigation
C19545546,C10025,Debt
C19545547,C10055,Litigation
C19545548,C10023,Crime
C19545548,C10055,Litigation
C19545549,C10055,Litigation
C19545549,C10025,Debt
C19545550,C10055,Litigation
C19545550,C10056,Manors
C19545551,C10055,Litigation
C19545551,C10056,Manors
C19545552,C10055,Litigation
C19545552,C10077,Pay and pensions
C19545553,C10039,Food and drink
C19545553,C10055,Litigation
C19545554,C10059,Marriage and divorce
C19545554,C10055,Litigation
C19545555,C10055,Litigation
C19545556,C10055,Litigation
C19545557,C10055,Litigation
C19545558,C10055,Litigation
C19545558,C10025,Debt
C19545559,C10055,Litigation
C19545560,C10055,Litigation
C19545560,C10056,Manors
C19545561,C10055,Litigation
C19545562,C10055,Litigation
C19545562,C10056,Manors
C19545563,C10055,Litigation
C19545563,C10022,Conveyancing
C19545564,C10055,Litigation
C19545565,C10059,Marriage and divorce
C19545565,C10055,Litigation
C19545566,C10055,Litigation
C19545567,C10055,Litigation
C19545568,C10055,Litigation
C19545569,C10055,Litigation
C19545569,C10108,Trade and commerce
C19545570,C10055,Litigation
C19545570,C10056,Manors
C19545571,C10055,Litigation
C19545572,C10055,Litigation
C19545573,C10059,Marriage and divorce
C19545573,C10055,Litigation
C19545574,C10055,Litigation
C19545575,C10055,Litigation
C19545575,C10025,Debt
C19545576,C10055,Litigation
C19545577,C10055,Litigation
C19545578,C10055,Litigation
C19545579,C10055,Litigation
C19545580,C10055,Litigation
C19545580,C10056,Manors
C19545581,C10055,Litigation
C19545582,C10055,Litigation
C19545582,C10056,Manors
C19545583,C10055,Litigation
C19545584,C10055,Litigation
C19545585,C10055,Litigation
C19545585,C10056,Manors
C19545586,C10055,Litigation
C19545587,C10059,Marriage and divorce
C19545587,C10055,Litigation
C19545588,C10055,Litigation
C19545589,C10055,Litigation
C19545589,C10077,Pay and pensions
C19545590,C10055,Litigation
C19545591,C10055,Litigation
C19545592,C10055,Litigation
C19545592,C10056,Manors
C19545593,C10055,Litigation
C19545593,C10056,Manors
C19545594,C10055,Litigation
C19545595,C10055,Litigation
C19545596,C10055,Litigation
C19545596,C10056,Manors
C19545597,C10055,Litigation
C19545598,C10055,Litigation
C19545598,C10056,Manors
C19545599,C10055,Litigation
C19545600,C10055,Litigation
C19545600,C10056,Manors
C19545601,C10055,Litigation
C19545602,C10055,Litigation
C19545602,C10056,Manors
C19545603,C10055,Litigation
C19545604,C10055,Litigation
C19545604,C10056,Manors
C19545605,C10055,Litigation
C19545605,C10007,Banking
C19545605,C10022,Conveyancing
C19545606,C10055,Litigation
C19545607,C10055,Litigation
C19545608,C10055,Litigation
C19545608,C10056,Manors
C19545609,C10055,Litigation
C19545609,C10056,Manors
C19545610,C10055,Litigation
C19545611,C10055,Litigation
C19545612,C10055,Litigation
C19545613,C10055,Litigation
C19545614,C10055,Litigation
C19545615,C10055,Litigation
C19545616,C10055,Litigation
C19545617,C10055,Litigation
C19545617,C10056,Manors
C19545618,C10055,Litigation
C19545618,C10015,Common land
C19545619,C10055,Litigation
C19545620,C10055,Litigation
C19545621,C10055,Litigation
C19545622,C10055,Litigation
C19545622,C10025,Debt
C19545623,C10055,Litigation
C19545624,C10055,Litigation
C19545625,C10055,Litigation
C19545626,C10055,Litigation
C19545627,C10055,Litigation
C19545628,C10093,Religions
C19545628,C10055,Litigation
C19545628,C10056,Manors
C19545629,C10055,Litigation
C19545630,C10055,Litigation
C19545631,C10055,Litigation
C19545631,C10056,Manors
C19545632,C10038,Fishing
C19545632,C10055,Litigation
C19545632,C10056,Manors
C19545633,C10055,Litigation
C19545634,C10055,Litigation
C19545635,C10055,Litigation
C19545635,C10056,Manors
C19545636,C10055,Litigation
C19545637,C10055,Litigation
C19545638,C10059,Marriage and divorce
C19545638,C10055,Litigation
C19545638,C10036,Farming
C19545639,C10055,Litigation
C19545639,C10036,Farming
C19545640,C10055,Litigation
C19545640,C10056,Manors
C19545641,C10055,Litigation
C19545641,C10056,Manors
C19545642,C10131,Europe and Russia
C19545642,C10055,Litigation
C19545642,C10065,Armed Forces (General Administration)
C19545642,C10072,Navy
C19545642,C10025,Debt
C19545643,C10055,Litigation
C19545644,C10055,Litigation
C19545644,C10022,Conveyancing
C19545645,C10059,Marriage and divorce
C19545645,C10055,Litigation
C19545646,C10055,Litigation
C19545647,C10055,Litigation
C19545648,C10055,Litigation
C19545649,C10055,Litigation
C19545650,C10055,Litigation
C19545650,C10025,Debt
C19545651,C10055,Litigation
C19545652,C10055,Litigation
C19545652,C10108,Trade and commerce
C19545652,C10036,Farming
C19545653,C10055,Litigation
C19545653,C10025,Debt
C19545654,C10055,Litigation
C19545655,C10055,Litigation
C19545656,C10055,Litigation
C19545657,C10055,Litigation
C19545658,C10055,Litigation
C19545659,C10055,Litigation
C19545660,C10055,Litigation
C19545661,C10055,Litigation
C19545661,C10025,Debt
C19545661,C10036,Farming
C19545662,C10055,Litigation
C19545663,C10055,Litigation
C19545664,C10055,Litigation
C19545665,C10055,Litigation
C19545666,C10055,Litigation
C19545666,C10025,Debt
C19545667,C10055,Litigation
C19545668,C10055,Litigation
C19545668,C10056,Manors
C19545669,C10055,Litigation
C19545669,C10025,Debt
C19545670,C10055,Litigation
C19545671,C10055,Litigation
C19545672,C10055,Litigation
C19545672,C10056,Manors
C19545673,C10055,Litigation
C19545674,C10055,Litigation
C19545674,C10056,Manors
C19545675,C10055,Litigation
C19545676,C10055,Litigation
C19545677,C10055,Litigation
C19545678,C10055,Litigation
C19545678,C10056,Manors
C19545679,C10055,Litigation
C19545680,C10055,Litigation
C19545681,C10055,Litigation
C19545681,C10014,Coal
C19545682,C10055,Litigation
C19545683,C10055,Litigation
C19545684,C10055,Litigation
C19545685,C10055,Litigation
C19545686,C10055,Litigation
C19545687,C10055,Litigation
C19545688,C10055,Litigation
C19545688,C10025,Debt
C19545689,C10055,Litigation
C19545690,C10059,Marriage and divorce
C19545690,C10055,Litigation
C19545691,C10055,Litigation
C19545691,C10056,Manors
C19545692,C10055,Litigation
C19545693,C10055,Litigation
C19545694,C10059,Marriage and divorce
C19545694,C10055,Litigation
C19545694,C10102,Sex and gender
C19545695,C10055,Litigation
C19545696,C10055,Litigation
C19545696,C10108,Trade and commerce
C19545697,C10055,Litigation
C19545698,C10055,Litigation
C19545699,C10055,Litigation
C19545700,C10055,Litigation
C19545701,C10055,Litigation
C19545702,C10055,Litigation
C19545703,C10055,Litigation
C19545704,C10055,Litigation
C19545704,C10056,Manors
C19545704,C10077,Pay and pensions
C19545705,C10055,Litigation
C19545705,C10014,Coal
C19545706,C10055,Litigation
C19545706,C10056,Manors
C19545707,C10055,Litigation
C19545707,C10056,Manors
C19545708,C10055,Litigation
C19545708,C10077,Pay and pensions
C19545709,C10055,Litigation
C19545709,C10056,Manors
C19545710,C10055,Litigation
C19545711,C10055,Litigation
C19545712,C10055,Litigation
C19545713,C10055,Litigation
C19545714,C10055,Litigation
C19545715,C10055,Litigation
C19545716,C10055,Litigation
C19545716,C10056,Manors
C19545717,C10055,Litigation
C19545718,C10055,Litigation
C19545719,C10055,Litigation
C19545719,C10056,Manors
C19545720,C10055,Litigation
C19545720,C10025,Debt
C19545721,C10055,Litigation
C19545721,C10025,Debt
C19545722,C10055,Litigation
C19545723,C10055,Litigation
C19545723,C10056,Manors
C19545724,C10059,Marriage and divorce
C19545724,C10055,Litigation
C19545725,C10055,Litigation
C19545726,C10055,Litigation
C19545727,C10055,Litigation
C19545727,C10128,Middle East
C19545727,C10056,Manors
C19545728,C10055,Litigation
C19545728,C10025,Debt
C19545729,C10055,Litigation
C19545730,C10055,Litigation
C19545730,C10025,Debt
C19545731,C10055,Litigation
C19545732,C10055,Litigation
C19545733,C10055,Litigation
C19545733,C10056,Manors
C19545734,C10055,Litigation
C19545735,C10055,Litigation
C19545736,C10055,Litigation
C19545737,C10055,Litigation
C19545737,C10056,Manors
C19545738,C10055,Litigation
C19631135,C10055,Litigation
C19631136,C10055,Litigation
C19631137,C10055,Litigation
C19631137,C10108,Trade and commerce
C19631138,C10055,Litigation
C19631139,C10055,Litigation
C19631139,C10025,Debt
C19631140,C10055,Litigation
C19631140,C10056,Manors
C19631141,C10055,Litigation
C19631142,C10055,Litigation
C19631142,C10056,Manors
C19631143,C10055,Litigation
C19631144,C10055,Litigation
C19631145,C10055,Litigation
C19631145,C10056,Manors
C19631145,C10007,Banking
C19631145,C10022,Conveyancing
C19631146,C10055,Litigation
C19631146,C10108,Trade and commerce
C19631147,C10055,Litigation
C19631148,C10055,Litigation
C19631149,C10055,Litigation
C19631150,C10055,Litigation
C19631151,C10055,Litigation
C19631152,C10055,Litigation
C19631152,C10056,Manors
C19631153,C10055,Litigation
C19631154,C10055,Litigation
C19631155,C10055,Litigation
C19631156,C10055,Litigation
C19631156,C10025,Debt
C19631157,C10055,Litigation
C19631158,C10055,Litigation
C19631158,C10025,Debt
C19631159,C10055,Litigation
C19631160,C10055,Litigation
C19631161,C10055,Litigation
C19631162,C10055,Litigation
C19631163,C10055,Litigation
C19631164,C10055,Litigation
C19631165,C10055,Litigation
C19631165,C10036,Farming
C19631166,C10055,Litigation
C19631167,C10055,Litigation
C19631168,C10055,Litigation
C19631168,C10108,Trade and commerce
C19631169,C10055,Litigation
C19631170,C10055,Litigation
C19631171,C10055,Litigation
C19631172,C10055,Litigation
C19631172,C10056,Manors
C19631173,C10055,Litigation
C19631173,C10056,Manors
C19631174,C10055,Litigation
C19631174,C10056,Manors
C19631175,C10055,Litigation
C19631176,C10055,Litigation
C19631176,C10108,Trade and commerce
C19631177,C10055,Litigation
C19631177,C10056,Manors
C19631178,C10055,Litigation
C19631179,C10055,Litigation
C19631179,C10108,Trade and commerce
C19631179,C10056,Manors
C19631180,C10055,Litigation
C19631181,C10055,Litigation
C19631182,C10055,Litigation
C19631183,C10059,Marriage and divorce
C19631183,C10055,Litigation
C19631183,C10077,Pay and pensions
C19631184,C10055,Litigation
C19631185,C10055,Litigation
C19631185,C10056,Manors
C19631186,C10055,Litigation
C19631187,C10055,Litigation
C19631188,C10055,Litigation
C19631189,C10055,Litigation
C19631190,C10055,Litigation
C19631191,C10055,Litigation
C19631191,C10012,Children
C19631192,C10055,Litigation
C19631192,C10056,Manors
C19631193,C10055,Litigation
C19631194,C10055,Litigation
C19631195,C10055,Litigation
C19631196,C10093,Religions
C19631196,C10055,Litigation
C19631197,C10055,Litigation
C19631198,C10055,Litigation
C19631199,C10055,Litigation
C19631200,C10055,Litigation
C19631201,C10055,Litigation
C19631201,C10056,Manors
C19631202,C10055,Litigation
C19631203,C10055,Litigation
C19631204,C10055,Litigation
C19631205,C10055,Litigation
C19631205,C10056,Manors
C19631206,C10055,Litigation
C19631206,C10056,Manors
C19631207,C10055,Litigation
C19631207,C10056,Manors
C19631208,C10055,Litigation
C19631208,C10108,Trade and commerce
C19631209,C10055,Litigation
C19631209,C10025,Debt
C19631210,C10055,Litigation
C19631210,C10025,Debt
C19631210,C10007,Banking
C19631211,C10055,Litigation
C19631211,C10065,Armed Forces (General Administration)
C19631211,C10072,Navy
C19631211,C10108,Trade and commerce
C19631211,C10025,Debt
C19631212,C10055,Litigation
C19631213,C10055,Litigation
C19631214,C10055,Litigation
C19631215,C10055,Litigation
C19631216,C10055,Litigation
C19631217,C10055,Litigation
C19631217,C10056,Manors
C19631218,C10055,Litigation
C19631218,C10056,Manors
C19631219,C10055,Litigation
C19631220,C10055,Litigation
C19631221,C10055,Litigation
C19631221,C10056,Manors
C19631222,C10055,Litigation
C19631223,C10055,Litigation
C19631224,C10055,Litigation
C19631225,C10059,Marriage and divorce
C19631225,C10055,Litigation
C19631226,C10055,Litigation
C19631227,C10055,Litigation
C19631228,C10055,Litigation
C19631228,C10056,Manors
C19631229,C10055,Litigation
C19631230,C10055,Litigation
C19631231,C10055,Litigation
C19631232,C10055,Litigation
C19631232,C10056,Manors
C19631233,C10055,Litigation
C19631234,C10055,Litigation
C19631234,C10056,Manors
C19631235,C10055,Litigation
C19631235,C10056,Manors
C19631236,C10055,Litigation
C19631236,C10056,Manors
C19631237,C10055,Litigation
C19631237,C10108,Trade and commerce
C19631237,C10025,Debt
C19631238,C10055,Litigation
C19631239,C10055,Litigation
C19631240,C10055,Litigation
C19631241,C10055,Litigation
C19631242,C10055,Litigation
C19631243,C10055,Litigation
C19631243,C10107,Tithes
C19631244,C10055,Litigation
C19631244,C10108,Trade and commerce
C19631245,C10055,Litigation
C19631246,C10055,Litigation
C19631247,C10055,Litigation
C19631248,C10055,Litigation
C19631248,C10056,Manors
C19631249,C10055,Litigation
C19631250,C10055,Litigation
C19631251,C10055,Litigation
C19631252,C10055,Litigation
C19631252,C10107,Tithes
C19631253,C10055,Litigation
C19631253,C10108,Trade and commerce
C19631254,C10055,Litigation
C19631255,C10055,Litigation
C19631256,C10055,Litigation
C19631256,C10077,Pay and pensions
C19631257,C10055,Litigation
C19631258,C10055,Litigation
C19631258,C10056,Manors
C19631259,C10055,Litigation
C19631260,C10055,Litigation
C19631260,C10036,Farming
C19631261,C10093,Religions
C19631261,C10055,Litigation
C19631262,C10055,Litigation
C19731956,C10055,Litigation
C19731956,C10056,Manors
C19731957,C10055,Litigation
C19731957,C10056,Manors
C19731958,C10055,Litigation
C19731958,C10056,Manors
C19731959,C10055,Litigation
C19731960,C10055,Litigation
C19731961,C10055,Litigation
C19731961,C10056,Manors
C19731961,C10012,Children
C19731962,C10055,Litigation
C19731963,C10055,Litigation
C19731963,C10025,Debt
C19731964,C10055,Litigation
C19731965,C10055,Litigation
C19731966,C10055,Litigation
C19731967,C10055,Litigation
C19731968,C10055,Litigation
C19731968,C10040,Forestry
C19731969,C10055,Litigation
C19731970,C10055,Litigation
C19731971,C10093,Religions
C19731971,C10055,Litigation
C19731972,C10055,Litigation
C19731972,C10056,Manors
C19731973,C10055,Litigation
C19731973,C10025,Debt
C19731973,C10056,Manors
C19731974,C10055,Litigation
C19731975,C10055,Litigation
C19731975,C10056,Manors
C19731976,C10055,Litigation
C19731977,C10055,Litigation
C19731978,C10055,Litigation
C19731978,C10025,Debt
C19731979,C10055,Litigation
C19731979,C10013,Clothing
C19731980,C10023,Crime
C19731980,C10055,Litigation
C19731981,C10055,Litigation
C19731981,C10056,Manors
C19731982,C10055,Litigation
C19731983,C10055,Litigation
C19731983,C10056,Manors
C19731984,C10055,Litigation
C19731985,C10055,Litigation
C19731986,C10055,Litigation
C19731987,C10055,Litigation
C19731987,C10025,Debt
C19731988,C10055,Litigation
C19731989,C10055,Litigation
C19731990,C10055,Litigation
C19731991,C10055,Litigation
C19731992,C10055,Litigation
C19731993,C10055,Litigation
C19731994,C10055,Litigation
C19731994,C10056,Manors
C19731995,C10055,Litigation
C19731996,C10055,Litigation
C19731997,C10055,Litigation
C19731997,C10056,Manors
C19731998,C10055,Litigation
C19731999,C10055,Litigation
C19731999,C10025,Debt
C19732000,C10055,Litigation
C19732000,C10056,Manors
C19732001,C10055,Litigation
C19732002,C10055,Litigation
C19732003,C10055,Litigation
C19732004,C10055,Litigation
C19732005,C10055,Litigation
C19732005,C10007,Banking
C19732005,C10022,Conveyancing
C19732006,C10055,Litigation
C19732006,C10108,Trade and commerce
C19732007,C10055,Litigation
C19732007,C10077,Pay and pensions
C19732008,C10055,Litigation
C19732009,C10055,Litigation
C19732010,C10055,Litigation
C19732011,C10055,Litigation
C19732011,C10056,Manors
C19732012,C10055,Litigation
C19732012,C10056,Manors
C19732013,C10055,Litigation
C19732014,C10055,Litigation
C19732015,C10055,Litigation
C19732015,C10056,Manors
C19732016,C10055,Litigation
C19732017,C10055,Litigation
C19732018,C10055,Litigation
C19732018,C10025,Debt
C19732019,C10055,Litigation
C19732019,C10036,Farming
C19732020,C10055,Litigation
C19732021,C10055,Litigation
C19732021,C10114,Weapons
C19790364,C10055,Litigation
C19790365,C10055,Litigation
C19790366,C10055,Litigation
C19790366,C10025,Debt
C19790367,C10055,Litigation
C19790368,C10055,Litigation
C19790369,C10055,Litigation
C19790369,C10056,Manors
C19790370,C10055,Litigation
C19790371,C10055,Litigation
C19790371,C10108,Trade and commerce
C19790372,C10055,Litigation
C19790373,C10055,Litigation
C19790374,C10055,Litigation
C19790375,C10055,Litigation
C19790376,C10055,Litigation
C19790377,C10055,Litigation
C19790378,C10055,Litigation
C19790379,C10055,Litigation
C19790380,C10055,Litigation
C19790381,C10055,Litigation
C19790382,C10055,Litigation
C19790382,C10056,Manors
C19790383,C10131,Europe and Russia
C19790383,C10055,Litigation
C19790383,C10065,Armed Forces (General Administration)
C19790383,C10072,Navy
C19790383,C10108,Trade and commerce
C19790384,C10055,Litigation
C19790384,C10025,Debt
C19790385,C10055,Litigation
C19790385,C10125,Americas
C19790386,C10055,Litigation
C19790387,C10059,Marriage and divorce
C19790387,C10055,Litigation
C19790387,C10108,Trade and commerce
C19790388,C10055,Litigation
C19790389,C10055,Litigation
C19790390,C10055,Litigation
C19790390,C10051,"Iron, steel and metals"
C19790391,C10055,Litigation
C19790391,C10025,Debt
C19790392,C10055,Litigation
C19790393,C10055,Litigation
C19790394,C10131,Europe and Russia
C19790394,C10055,Litigation
C19790394,C10014,Coal
C19790395,C10055,Litigation
C19790396,C10055,Litigation
C19790396,C10025,Debt
C19790397,C10055,Litigation
C19790398,C10055,Litigation
C19790399,C10055,Litigation
C19790400,C10055,Litigation
C19790401,C10055,Litigation
C19790401,C10025,Debt
C19790402,C10055,Litigation
C19790403,C10055,Litigation
C19790403,C10056,Manors
C19790404,C10055,Litigation
C19790405,C10055,Litigation
C19790405,C10056,Manors
C19790406,C10055,Litigation
C19790407,C10055,Litigation
C19790408,C10055,Litigation
C19790409,C10055,Litigation
C19790410,C10055,Litigation
C19790410,C10056,Manors
C19790411,C10055,Litigation
C19790411,C10025,Debt
C19790412,C10131,Europe and Russia
C19790412,C10039,Food and drink
C19790412,C10055,Litigation
C19790412,C10108,Trade and commerce
C19790413,C10055,Litigation
C19790414,C10055,Litigation
C19790414,C10056,Manors
C19790415,C10055,Litigation
C19790416,C10055,Litigation
C19790417,C10055,Litigation
C19790418,C10055,Litigation
C19790418,C10077,Pay and pensions
C19790419,C10055,Litigation
C19790419,C10077,Pay and pensions
C19790420,C10055,Litigation
C19790421,C10055,Litigation
C19790422,C10055,Litigation
C19790423,C10055,Litigation
C19790424,C10038,Fishing
C19790424,C10055,Litigation
C19790425,C10055,Litigation
C19790426,C10055,Litigation
C19790426,C10056,Manors
C19790427,C10055,Litigation
C19790428,C10055,Litigation
C19790428,C10108,Trade and commerce
C19790429,C10055,Litigation
C19790430,C10055,Litigation
C19790431,C10055,Litigation
C19790432,C10055,Litigation
C19790432,C10056,Manors
C19790433,C10055,Litigation
C19790433,C10056,Manors
C19790434,C10055,Litigation
C19790434,C10012,Children
C19823263,C10055,Litigation
C19823263,C10056,Manors
C19823264,C10055,Litigation
C19823264,C10056,Manors
C19823265,C10055,Litigation
C19823266,C10055,Litigation
C19823267,C10055,Litigation
C19823268,C10055,Litigation
C19823269,C10055,Litigation
C19823269,C10056,Manors
C19823270,C10055,Litigation
C19823271,C10055,Litigation
C19823272,C10055,Litigation
C19823273,C10055,Litigation
C19823273,C10036,Farming
C19823274,C10055,Litigation
C19823275,C10055,Litigation
C19823276,C10055,Litigation
C19823277,C10055,Litigation
C19823278,C10055,Litigation
C19823279,C10055,Litigation
C19823280,C10055,Litigation
C19823280,C10025,Debt
C19823281,C10055,Litigation
C19823282,C10055,Litigation
C19823283,C10055,Litigation
C19823284,C10055,Litigation
C19823285,C10055,Litigation
C19823286,C10055,Litigation
C19823287,C10055,Litigation
C19823288,C10055,Litigation
C19823288,C10056,Manors
C19823289,C10055,Litigation
C19823289,C10077,Pay and pensions
C19823290,C10059,Marriage and divorce
C19823290,C10055,Litigation
C19823291,C10093,Religions
C19823291,C10055,Litigation
C19823292,C10055,Litigation
C19823293,C10055,Litigation
C19823294,C10055,Litigation
C19823295,C10055,Litigation
C19823295,C10025,Debt
C19823296,C10055,Litigation
C19823296,C10056,Manors
C19823297,C10055,Litigation
C19823297,C10107,Tithes
C19823298,C10055,Litigation
C19823299,C10055,Litigation
C19823300,C10055,Litigation
C19823301,C10055,Litigation
C19823301,C10025,Debt
C19823302,C10055,Litigation
C19823303,C10055,Litigation
C19823304,C10055,Litigation
C19823305,C10055,Litigation
C19823306,C10055,Litigation
C19823307,C10055,Litigation
C19823308,C10055,Litigation
C19823309,C10131,Europe and Russia
C19823309,C10055,Litigation
C19823309,C10108,Trade and commerce
C19823310,C10131,Europe and Russia
C19823310,C10055,Litigation
C19823311,C10055,Litigation
C19823312,C10055,Litigation
C19823313,C10055,Litigation
C19823313,C10056,Manors
C19823314,C10055,Litigation
C19823314,C10056,Manors
C19823315,C10055,Litigation
C19823316,C10055,Litigation
C19823317,C10055,Litigation
C19823318,C10055,Litigation
C19823319,C10055,Litigation
C19823320,C10055,Litigation
C19823321,C10055,Litigation
C19823322,C10055,Litigation
C19823323,C10055,Litigation
C19823324,C10055,Litigation
C19823325,C10055,Litigation
C19823325,C10056,Manors
C19823326,C10055,Litigation
C19823326,C10056,Manors
C19823327,C10055,Litigation
C19823328,C10055,Litigation
C19823328,C10056,Manors
C19823329,C10055,Litigation
C19823330,C10055,Litigation
C19823331,C10055,Litigation
C19823332,C10055,Litigation
C19823333,C10055,Litigation
C19823334,C10055,Litigation
C19823334,C10056,Manors
C19823335,C10055,Litigation
C19823336,C10055,Litigation
C19823337,C10055,Litigation
C19823338,C10055,Litigation
C19823338,C10056,Manors
C19842779,C10055,Litigation
C19842779,C10056,Manors
C19842780,C10055,Litigation
C19842781,C10055,Litigation
C19842782,C10055,Litigation
C19842783,C10038,Fishing
C19842783,C10039,Food and drink
C19842783,C10055,Litigation
C19842784,C10055,Litigation
C19842784,C10056,Manors
C19842785,C10055,Litigation
C19842785,C10056,Manors
C19842786,C10055,Litigation
C19842787,C10055,Litigation
C19842788,C10055,Litigation
C19842789,C10055,Litigation
C19842790,C10055,Litigation
C19842791,C10055,Litigation
C19842792,C10055,Litigation
C19842793,C10055,Litigation
C19842794,C10055,Litigation
C19842795,C10055,Litigation
C19842795,C10056,Manors
C19842796,C10055,Litigation
C19842797,C10055,Litigation
C19842798,C10055,Litigation
C19842798,C10036,Farming
C19842799,C10055,Litigation
C19842799,C10036,Farming
C19842800,C10055,Litigation
C19842801,C10055,Litigation
C19842802,C10055,Litigation
C19842802,C10056,Manors
C19842803,C10055,Litigation
C19842804,C10055,Litigation
C19842804,C10108,Trade and commerce
C19842805,C10055,Litigation
C19842806,C10055,Litigation
C19842807,C10055,Litigation
C19842808,C10059,Marriage and divorce
C19842808,C10055,Litigation
C19842809,C10055,Litigation
C19842810,C10055,Litigation
C19842811,C10055,Litigation
C19842812,C10055,Litigation
C19842813,C10055,Litigation
C19842814,C10055,Litigation
C19842815,C10055,Litigation
C19842816,C10055,Litigation
C19842816,C10056,Manors
C19842817,C10055,Litigation
C19842817,C10056,Manors
C19842818,C10055,Litigation
C19842818,C10108,Trade and commerce
C19842819,C10055,Litigation
C19842820,C10055,Litigation
C19842820,C10025,Debt
C19842821,C10055,Litigation
C19842822,C10055,Litigation
C19842823,C10055,Litigation
C19842823,C10132,Ireland
C19842824,C10055,Litigation
C19842825,C10039,Food and drink
C19842825,C10055,Litigation
C19842826,C10055,Litigation
C19842826,C10056,Manors
C19842827,C10055,Litigation
C19842827,C10056,Manors
C19842827,C10036,Farming
C19842828,C10055,Litigation
C19842829,C10055,Litigation
C19842830,C10055,Litigation
C19842830,C10025,Debt
C19842831,C10055,Litigation
C19842831,C10056,Manors
C19842832,C10055,Litigation
C19842833,C10055,Litigation
C19842833,C10007,Banking
C19842833,C10022,Conveyancing
C19842834,C10055,Litigation
C19842835,C10055,Litigation
C19842836,C10055,Litigation
C19842836,C10012,Children
C19842837,C10055,Litigation
C19842837,C10056,Manors
C19842837,C10012,Children
C19842838,C10055,Litigation
C19842839,C10055,Litigation
C19842840,C10055,Litigation
C19842840,C10056,Manors
C19842841,C10055,Litigation
C19842842,C10055,Litigation
C19842842,C10108,Trade and commerce
C19842843,C10055,Litigation
C19842844,C10055,Litigation
C19842844,C10025,Debt
C19842844,C10056,Manors
C19842845,C10055,Litigation
C19842846,C10055,Litigation
C19842846,C10025,Debt
C19842847,C10055,Litigation
C19842847,C10107,Tithes
C19842848,C10055,Litigation
C19842848,C10007,Banking
C19842848,C10022,Conveyancing
C19842849,C10055,Litigation
C19842850,C10055,Litigation
C19842851,C10055,Litigation
C19842852,C10055,Litigation
C19842853,C10055,Litigation
C19842854,C10055,Litigation
C19842855,C10055,Litigation
C19842855,C10056,Manors
C19842856,C10055,Litigation
C19842856,C10025,Debt
C19842857,C10055,Litigation
C19842857,C10056,Manors
C19842858,C10055,Litigation
C19842858,C10056,Manors
C19842859,C10055,Litigation
C19842860,C10055,Litigation
C19842861,C10055,Litigation
C19842861,C10036,Farming
C19842862,C10093,Religions
C19842862,C10055,Litigation
C19842862,C10056,Manors
C19842863,C10055,Litigation
C19842864,C10055,Litigation
C19842864,C10056,Manors
C19842865,C10055,Litigation
C19842866,C10055,Litigation
C19842866,C10056,Manors
C19842867,C10055,Litigation
C19842867,C10025,Debt
C19842868,C10055,Litigation
C19842869,C10055,Litigation
C19842870,C10055,Litigation
C19842870,C10056,Manors
C19842871,C10055,Litigation
C19842872,C10055,Litigation
C19842872,C10132,Ireland
C19842873,C10055,Litigation
C19856875,C10055,Litigation
C19856876,C10055,Litigation
C19856877,C10055,Litigation
C19856878,C10055,Litigation
C19856878,C10056,Manors
C19856879,C10055,Litigation
C19856880,C10055,Litigation
C19856881,C10023,Crime
C19856881,C10055,Litigation
C19856882,C10055,Litigation
C19856883,C10055,Litigation
C19856884,C10055,Litigation
C19856885,C10055,Litigation
C19856886,C10055,Litigation
C19856887,C10055,Litigation
C19856888,C10055,Litigation
C19856889,C10055,Litigation
C19856889,C10056,Manors
C19856890,C10055,Litigation
C19856891,C10055,Litigation
C19856891,C10107,Tithes
C19856892,C10023,Crime
C19856892,C10055,Litigation
C19856892,C10108,Trade and commerce
C19856893,C10055,Litigation
C19856894,C10055,Litigation
C19856895,C10055,Litigation
C19856896,C10055,Litigation
C19856897,C10055,Litigation
C19856898,C10055,Litigation
C19856899,C10055,Litigation
C19856899,C10056,Manors
C19856900,C10055,Litigation
C19856901,C10055,Litigation
C19856902,C10055,Litigation
C19856902,C10108,Trade and commerce
C19856902,C10025,Debt
C19856903,C10055,Litigation
C19856904,C10055,Litigation
C19856904,C10108,Trade and commerce
C19856905,C10055,Litigation
C19856905,C10052,Labour
C19856906,C10055,Litigation
C19856907,C10055,Litigation
C19856908,C10055,Litigation
C19856909,C10055,Litigation
C19856909,C10025,Debt
C19856909,C10077,Pay and pensions
C19856910,C10055,Litigation
C19856911,C10055,Litigation
C19856912,C10055,Litigation
C19856913,C10055,Litigation
C19856914,C10055,Litigation
C19856915,C10055,Litigation
C19856916,C10023,Crime
C19856916,C10039,Food and drink
C19856916,C10055,Litigation
C19856916,C10108,Trade and commerce
C19856917,C10055,Litigation
C19856917,C10056,Manors
C19856918,C10055,Litigation
C19856918,C10036,Farming
C19856919,C10055,Litigation
C19856920,C10055,Litigation
C19856920,C10012,Children
C19856921,C10055,Litigation
C19856922,C10055,Litigation
C19856923,C10055,Litigation
C19856923,C10108,Trade and commerce
C19856923,C10025,Debt
C19856924,C10055,Litigation
C19856924,C10025,Debt
C19856925,C10055,Litigation
C19856926,C10055,Litigation
C19856927,C10055,Litigation
C19856927,C10077,Pay and pensions
C19856928,C10055,Litigation
C19856929,C10055,Litigation
C19856930,C10055,Litigation
C19856930,C10007,Banking
C19856930,C10022,Conveyancing
C19856931,C10023,Crime
C19856931,C10055,Litigation
C19856932,C10055,Litigation
C19856933,C10055,Litigation
C19856934,C10055,Litigation
C19856935,C10055,Litigation
C19856936,C10055,Litigation
C19856936,C10107,Tithes
C19856937,C10055,Litigation
C19856938,C10055,Litigation
C19856938,C10108,Trade and commerce
C19856939,C10055,Litigation
C19856940,C10055,Litigation
C19856941,C10055,Litigation
C19856941,C10056,Manors
C19856942,C10055,Litigation
C19856943,C10059,Marriage and divorce
C19856943,C10055,Litigation
C19856944,C10055,Litigation
C19856944,C10108,Trade and commerce
C19856945,C10055,Litigation
C19856946,C10055,Litigation
C19856947,C10055,Litigation
C19856948,C10055,Litigation
C19856948,C10056,Manors
C19856948,C10077,Pay and pensions
C19856949,C10055,Litigation
C19856950,C10055,Litigation
C19856951,C10055,Litigation
C19856951,C10056,Manors
C19856952,C10055,Litigation
C19856952,C10077,Pay and pensions
C19856953,C10055,Litigation
C19856953,C10007,Banking
C19856953,C10022,Conveyancing
C19856954,C10055,Litigation
C19856955,C10055,Litigation
C19856956,C10055,Litigation
C19856957,C10055,Litigation
C19856958,C10055,Litigation
C19856959,C10055,Litigation
C19856960,C10055,Litigation
C19856960,C10036,Farming
C19856961,C10055,Litigation
C19856962,C10055,Litigation
C19856962,C10108,Trade and commerce
C19856963,C10055,Litigation
C19856964,C10055,Litigation
C19856965,C10055,Litigation
C19856965,C10036,Farming
C19856966,C10023,Crime
C19856966,C10055,Litigation
C19856966,C10108,Trade and commerce
C19856967,C10055,Litigation
C19856968,C10055,Litigation
C19856968,C10132,Ireland
C19856969,C10055,Litigation
C19856969,C10025,Debt
C19856970,C10055,Litigation
C19856971,C10055,Litigation
C19856972,C10055,Litigation
C19856973,C10055,Litigation
C19856974,C10055,Litigation
C19856975,C10055,Litigation
C19856975,C10025,Debt
C19856976,C10055,Litigation
C19856977,C10055,Litigation
C19856978,C10059,Marriage and divorce
C19856978,C10055,Litigation
C19856979,C10055,Litigation
C19856980,C10055,Litigation
C19856981,C10055,Litigation
C19856982,C10055,Litigation
C19856983,C10055,Litigation
C19856983,C10025,Debt
C19856984,C10055,Litigation
C19856984,C10025,Debt
C19856985,C10055,Litigation
C19856985,C10025,Debt
C19856986,C10055,Litigation
C19856987,C10055,Litigation
C19856987,C10056,Manors
C19856988,C10055,Litigation
C19856988,C10025,Debt
C19856988,C10052,Labour
C19856989,C10055,Litigation
C19856990,C10055,Litigation
C19856990,C10056,Manors
C19856991,C10055,Litigation
C19856991,C10108,Trade and commerce
C19856991,C10025,Debt
C19856992,C10055,Litigation
C19856993,C10055,Litigation
C19856994,C10055,Litigation
C19856994,C10056,Manors
C19856994,C10007,Banking
C19856994,C10022,Conveyancing
C19856995,C10055,Litigation
C19856996,C10055,Litigation
C19856996,C10056,Manors
C19856997,C10055,Litigation
C19856998,C10055,Litigation
C19856999,C10055,Litigation
C19857000,C10055,Litigation
C19857001,C10059,Marriage and divorce
C19857001,C10055,Litigation
C19857002,C10055,Litigation
C19857003,C10055,Litigation
C19857003,C10056,Manors
C19857004,C10055,Litigation
C19857004,C10025,Debt
C19857005,C10055,Litigation
C19857006,C10055,Litigation
C19857007,C10055,Litigation
C19857007,C10056,Manors
C19857008,C10055,Litigation
C19857008,C10056,Manors
C19857009,C10055,Litigation
C19857009,C10056,Manors
C19857010,C10055,Litigation
C19857011,C10055,Litigation
C19857011,C10036,Farming
C19857012,C10055,Litigation
C19857013,C10055,Litigation
C19857013,C10025,Debt
C19857013,C10056,Manors
C19857014,C10055,Litigation
C19857015,C10055,Litigation
C19857016,C10055,Litigation
C19857017,C10055,Litigation
C19857017,C10056,Manors
C19857018,C10055,Litigation
C19857019,C10055,Litigation
C19857020,C10055,Litigation
C19857021,C10055,Litigation
C19857022,C10055,Litigation
C19857023,C10055,Litigation
C19857023,C10056,Manors
C19857024,C10055,Litigation
C19857024,C10025,Debt
C19857025,C10055,Litigation
C19857026,C10055,Litigation
C19857027,C10055,Litigation
C19857028,C10059,Marriage and divorce
C19857028,C10055,Litigation
C19857028,C10025,Debt
C19857029,C10055,Litigation
C19857029,C10077,Pay and pensions
C19857030,C10055,Litigation
C19857030,C10056,Manors
C19857031,C10055,Litigation
C19857031,C10025,Debt
C19857032,C10055,Litigation
C19857032,C10056,Manors
C19857033,C10055,Litigation
C19857033,C10025,Debt
C19857034,C10055,Litigation
C19857035,C10055,Litigation
C19857036,C10055,Litigation
C19857037,C10055,Litigation
C19857038,C10055,Litigation
C19857039,C10055,Litigation
C19857039,C10056,Manors
C20148011,C10055,Litigation
C20148011,C10108,Trade and commerce
C20148012,C10055,Litigation
C20148013,C10055,Litigation
C20148014,C10055,Litigation
C20148014,C10025,Debt
C20148015,C10055,Litigation
C20148016,C10055,Litigation
C20148017,C10055,Litigation
C20148017,C10077,Pay and pensions
C20148018,C10055,Litigation
C20148019,C10055,Litigation
C20148020,C10055,Litigation
C20148021,C10023,Crime
C20148021,C10055,Litigation
C20148022,C10055,Litigation
C20148023,C10055,Litigation
C20148023,C10056,Manors
C20148024,C10093,Religions
C20148024,C10055,Litigation
C20148024,C10056,Manors
C20148025,C10055,Litigation
C20148025,C10108,Trade and commerce
C20148026,C10055,Litigation
C20148026,C10056,Manors
C20148027,C10055,Litigation
C20148028,C10055,Litigation
C20148029,C10055,Litigation
C20148030,C10055,Litigation
C20148030,C10052,Labour
C20148031,C10055,Litigation
C20148031,C10108,Trade and commerce
C20148032,C10055,Litigation
C20148032,C10015,Common land
C20148033,C10055,Litigation
C20148033,C10056,Manors
C20148034,C10055,Litigation
C20148035,C10055,Litigation
C20148035,C10056,Manors
C20148036,C10055,Litigation
C20148037,C10055,Litigation
C20148038,C10059,Marriage and divorce
C20148038,C10055,Litigation
C20148038,C10012,Children
C20148039,C10055,Litigation
C20148040,C10055,Litigation
C20148040,C10056,Manors
C20148041,C10055,Litigation
C20148041,C10025,Debt
C20148042,C10055,Litigation
C20148043,C10055,Litigation
C20148044,C10055,Litigation
C20148044,C10025,Debt
C20148044,C10013,Clothing
C20148045,C10055,Litigation
C20148046,C10055,Litigation
C20148047,C10055,Litigation
C20148047,C10025,Debt
C20148048,C10055,Litigation
C20148048,C10056,Manors
C20148049,C10055,Litigation
C20148050,C10055,Litigation
C20148051,C10055,Litigation
C20148052,C10059,Marriage and divorce
C20148052,C10055,Litigation
C20148053,C10055,Litigation
C20148053,C10108,Trade and commerce
C20148054,C10055,Litigation
C20148055,C10055,Litigation
C20148056,C10055,Litigation
C20148057,C10055,Litigation
C20148058,C10055,Litigation
C20148058,C10056,Manors
C20148059,C10055,Litigation
C20148059,C10007,Banking
C20148059,C10022,Conveyancing
C20148060,C10055,Litigation
C20148061,C10059,Marriage and divorce
C20148061,C10055,Litigation
C20148062,C10055,Litigation
C20148063,C10055,Litigation
C20148063,C10025,Debt
C20148064,C10055,Litigation
C20148065,C10055,Litigation
C20148066,C10055,Litigation
C20148066,C10108,Trade and commerce
C20148066,C10036,Farming
C20148067,C10055,Litigation
C20148068,C10055,Litigation
C20148069,C10055,Litigation
C20148069,C10036,Farming
C20148070,C10055,Litigation
C20148071,C10055,Litigation
C20148072,C10055,Litigation
C20148073,C10055,Litigation
C20148073,C10036,Farming
C20148074,C10055,Litigation
C20148075,C10055,Litigation
C20148075,C10012,Children
C20148076,C10055,Litigation
C20148076,C10025,Debt
C20148076,C10029,Disability
C20148077,C10055,Litigation
C20148078,C10131,Europe and Russia
C20148078,C10055,Litigation
C20148078,C10056,Manors
C20148079,C10055,Litigation
C20148080,C10055,Litigation
C20148081,C10055,Litigation
C20148082,C10055,Litigation
C20148083,C10055,Litigation
C20148084,C10055,Litigation
C20148085,C10055,Litigation
C20148086,C10055,Litigation
C20148087,C10055,Litigation
C20148088,C10055,Litigation
C20148089,C10055,Litigation
C20148089,C10108,Trade and commerce
C20148089,C10025,Debt
C20148090,C10055,Litigation
C20148091,C10055,Litigation
C20148092,C10055,Litigation
C20148092,C10056,Manors
C20148093,C10055,Litigation
C20168367,C10055,Litigation
C20168368,C10055,Litigation
C20168369,C10059,Marriage and divorce
C20168369,C10055,Litigation
C20168369,C10056,Manors
C20168370,C10055,Litigation
C20168370,C10056,Manors
C20168371,C10055,Litigation
C20168372,C10055,Litigation
C20168373,C10055,Litigation
C20168373,C10108,Trade and commerce
C20168374,C10055,Litigation
C20168375,C10055,Litigation
C20168375,C10025,Debt
C20168376,C10059,Marriage and divorce
C20168376,C10055,Litigation
C20168377,C10055,Litigation
C20168378,C10055,Litigation
C20168379,C10055,Litigation
C20168380,C10055,Litigation
C20168380,C10107,Tithes
C20168381,C10055,Litigation
C20168381,C10007,Banking
C20168381,C10022,Conveyancing
C20168382,C10055,Litigation
C20168383,C10039,Food and drink
C20168383,C10055,Litigation
C20168384,C10055,Litigation
C20168384,C10107,Tithes
C20168384,C10025,Debt
C20168385,C10055,Litigation
C20168385,C10056,Manors
C20168386,C10055,Litigation
C20168386,C10025,Debt
C20168387,C10055,Litigation
C20168387,C10007,Banking
C20168387,C10022,Conveyancing
C20168388,C10055,Litigation
C20168389,C10055,Litigation
C20168390,C10055,Litigation
C20168390,C10056,Manors
C20168391,C10055,Litigation
C20168391,C10056,Manors
C20168392,C10055,Litigation
C20168393,C10055,Litigation
C20168393,C10056,Manors
C20168393,C10012,Children
C20168394,C10055,Litigation
C20168394,C10056,Manors
C20168395,C10055,Litigation
C20168395,C10056,Manors
C20168396,C10055,Litigation
C20168397,C10055,Litigation
C20168398,C10055,Litigation
C20168398,C10014,Coal
C20168399,C10055,Litigation
C20168400,C10055,Litigation
C20168401,C10055,Litigation
C20168401,C10007,Banking
C20168402,C10055,Litigation
C20168403,C10055,Litigation
C20168403,C10025,Debt
C20168404,C10093,Religions
C20168404,C10055,Litigation
C20168404,C10025,Debt
C20168405,C10055,Litigation
C20168406,C10055,Litigation
C20168407,C10055,Litigation
C20168407,C10025,Debt
C20168408,C10055,Litigation
C20168409,C10055,Litigation
C20168409,C10077,Pay and pensions
C20168410,C10055,Litigation
C20168410,C10007,Banking
C20168410,C10022,Conveyancing
C20168411,C10055,Litigation
C20168412,C10055,Litigation
C20168412,C10056,Manors
C20168413,C10055,Litigation
C20168414,C10055,Litigation
C20168414,C10132,Ireland
C20168415,C10055,Litigation
C20168416,C10055,Litigation
C20168416,C10056,Manors
C20168417,C10055,Litigation
C20168418,C10055,Litigation
C20168419,C10055,Litigation
C20168419,C10056,Manors
C20168420,C10055,Litigation
C20168420,C10056,Manors
C20168421,C10055,Litigation
C20168422,C10055,Litigation
C20168423,C10055,Litigation
C20168424,C10055,Litigation
C20168425,C10055,Litigation
C20168425,C10056,Manors
C20168426,C10055,Litigation
C20168426,C10025,Debt
C20168427,C10055,Litigation
C20168427,C10036,Farming
C20168428,C10055,Litigation
C20168429,C10055,Litigation
C20168430,C10055,Litigation
C20168430,C10056,Manors
C20168431,C10055,Litigation
C20168432,C10055,Litigation
C20168433,C10055,Litigation
C20168434,C10055,Litigation
C20168434,C10056,Manors
C20168435,C10055,Litigation
C20168436,C10055,Litigation
C20168437,C10055,Litigation
C20168438,C10055,Litigation
C20168439,C10055,Litigation
C20168440,C10055,Litigation
C20168440,C10056,Manors
C20168441,C10055,Litigation
C20168442,C10055,Litigation
C20168443,C10055,Litigation
C20168444,C10055,Litigation
C20168444,C10056,Manors
C20168445,C10055,Litigation
C20168446,C10055,Litigation
C20180015,C10055,Litigation
C20180016,C10055,Litigation
C20180017,C10055,Litigation
C20180018,C10055,Litigation
C20180019,C10055,Litigation
C20180020,C10055,Litigation
C20180020,C10025,Debt
C20180021,C10055,Litigation
C20180021,C10056,Manors
C20180022,C10055,Litigation
C20180023,C10055,Litigation
C20180023,C10108,Trade and commerce
C20180024,C10055,Litigation
C20180024,C10056,Manors
C20180025,C10055,Litigation
C20180026,C10055,Litigation
C20180026,C10056,Manors
C20180027,C10055,Litigation
C20180028,C10055,Litigation
C20180029,C10055,Litigation
C20180030,C10055,Litigation
C20180031,C10055,Litigation
C20180032,C10055,Litigation
C20180033,C10055,Litigation
C20180033,C10056,Manors
C20180034,C10055,Litigation
C20180035,C10055,Litigation
C20180036,C10055,Litigation
C20180037,C10059,Marriage and divorce
C20180037,C10055,Litigation
C20180037,C10056,Manors
C20180038,C10055,Litigation
C20180039,C10111,Treason and rebellion
C20180039,C10019,Conflict
C20180039,C10055,Litigation
C20180040,C10055,Litigation
C20180041,C10055,Litigation
C20180042,C10055,Litigation
C20180043,C10055,Litigation
C20180043,C10056,Manors
C20180044,C10055,Litigation
C20180044,C10056,Manors
C20180045,C10055,Litigation
C20180045,C10107,Tithes
C20180046,C10055,Litigation
C20180047,C10055,Litigation
C20180048,C10055,Litigation
C20180049,C10055,Litigation
C20180050,C10055,Litigation
C20180051,C10055,Litigation
C20180052,C10055,Litigation
C20180053,C10055,Litigation
C20180054,C10055,Litigation
C20180054,C10025,Debt
C20180055,C10055,Litigation
C20180056,C10055,Litigation
C20180057,C10055,Litigation
C20180057,C10025,Debt
C20180058,C10055,Litigation
C20180059,C10055,Litigation
C20180059,C10107,Tithes
C20180059,C10056,Manors
C20180059,C10036,Farming
C20180060,C10055,Litigation
C20180060,C10056,Manors
C20180061,C10055,Litigation
C20180062,C10055,Litigation
C20180063,C10055,Litigation
C20180063,C10056,Manors
C20180064,C10055,Litigation
C20180065,C10055,Litigation
C20180065,C10056,Manors
C20180066,C10055,Litigation
C20180067,C10055,Litigation
C20180068,C10023,Crime
C20180068,C10055,Litigation
C20180068,C10080,Piracy and privateering
C20180069,C10055,Litigation
C20180070,C10055,Litigation
C20180070,C10040,Forestry
C20180071,C10055,Litigation
C20180072,C10093,Religions
C20180072,C10055,Litigation
C20180072,C10077,Pay and pensions
C20180073,C10055,Litigation
C20180073,C10025,Debt
C20180074,C10055,Litigation
C20180074,C10108,Trade and commerce
C20180075,C10055,Litigation
C20180076,C10055,Litigation
C20180077,C10055,Litigation
C20180078,C10055,Litigation
C20180078,C10108,Trade and commerce
C20180079,C10055,Litigation
C20180079,C10056,Manors
C20180080,C10055,Litigation
C20180081,C10055,Litigation
C20180081,C10056,Manors
C20180082,C10055,Litigation
C20180082,C10012,Children
C20180083,C10055,Litigation
C20180083,C10056,Manors
C20180084,C10055,Litigation
C20180085,C10055,Litigation
C20180086,C10055,Litigation
C20180087,C10055,Litigation
C20180087,C10025,Debt
C20180088,C10055,Litigation
C20180088,C10056,Manors
C20180089,C10055,Litigation
C20180090,C10055,Litigation
C20180091,C10055,Litigation
C20180092,C10055,Litigation
C20180092,C10056,Manors
C20180093,C10055,Litigation
C20180093,C10056,Manors
C20180094,C10055,Litigation
C20180094,C10025,Debt
C20180095,C10055,Litigation
C20180096,C10055,Litigation
C20180096,C10056,Manors
C20180097,C10055,Litigation
C20180097,C10056,Manors
C20180098,C10055,Litigation
C20180098,C10056,Manors
C20180099,C10055,Litigation
C20180100,C10055,Litigation
C20180101,C10055,Litigation
C20180102,C10055,Litigation
C20180103,C10055,Litigation
C20180103,C10056,Manors
C20180104,C10131,Europe and Russia
C20180104,C10055,Litigation
C20180105,C10055,Litigation
C20180106,C10055,Litigation
C20180107,C10055,Litigation
C20180108,C10055,Litigation
C20180109,C10131,Europe and Russia
C20180109,C10055,Litigation
C20180110,C10055,Litigation
C20180110,C10085,Prisons
C20180111,C10055,Litigation
C20180112,C10055,Litigation
C20180112,C10052,Labour
C20180113,C10055,Litigation
C20180114,C10055,Litigation
C20180115,C10055,Litigation
C20180116,C10055,Litigation
C20180116,C10071,Nationality
C20180117,C10055,Litigation
C20180118,C10055,Litigation
C20180118,C10056,Manors
C20180119,C10055,Litigation
C20180120,C10055,Litigation
C20180121,C10055,Litigation
C20180121,C10107,Tithes
C20180122,C10055,Litigation
C20180123,C10055,Litigation
C20180124,C10055,Litigation
C20180124,C10108,Trade and commerce
C20180124,C10071,Nationality
C20180125,C10055,Litigation
C20180125,C10012,Children
C20180126,C10055,Litigation
C20180127,C10055,Litigation
C20180128,C10055,Litigation
C20180128,C10071,Nationality
C20180129,C10055,Litigation
C20180130,C10023,Crime
C20180130,C10055,Litigation
C20180130,C10025,Debt
C20180131,C10055,Litigation
C20180132,C10055,Litigation
C20180132,C10056,Manors
C20180133,C10055,Litigation
C20180134,C10055,Litigation
C20180135,C10055,Litigation
C20180135,C10056,Manors
C20180136,C10055,Litigation
C20180137,C10055,Litigation
C20180137,C10056,Manors
C20180138,C10055,Litigation
C20180138,C10116,Wills and probate
C20199765,C10055,Litigation
C20199766,C10055,Litigation
C20199767,C10055,Litigation
C20199768,C10055,Litigation
C20199769,C10055,Litigation
C20199769,C10025,Debt
C20199770,C10055,Litigation
C20199771,C10055,Litigation
C20199771,C10056,Manors
C20199772,C10055,Litigation
C20199773,C10055,Litigation
C20199774,C10055,Litigation
C20199775,C10055,Litigation
C20199776,C10055,Litigation
C20199776,C10025,Debt
C20199777,C10055,Litigation
C20199777,C10025,Debt
C20199778,C10055,Litigation
C20199778,C10040,Forestry
C20199778,C10071,Nationality
C20199779,C10055,Litigation
C20199779,C10040,Forestry
C20199780,C10055,Litigation
C20199781,C10055,Litigation
C20199781,C10108,Trade and commerce
C20199782,C10055,Litigation
C20199783,C10055,Litigation
C20199783,C10077,Pay and pensions
C20199784,C10055,Litigation
C20199784,C10056,Manors
C20199785,C10055,Litigation
C20199785,C10056,Manors
C20199786,C10055,Litigation
C20199787,C10055,Litigation
C20199787,C10108,Trade and commerce
C20199788,C10055,Litigation
C20199789,C10055,Litigation
C20199790,C10055,Litigation
C20199791,C10055,Litigation
C20199791,C10056,Manors
C20199791,C10077,Pay and pensions
C20199792,C10055,Litigation
C20199793,C10055,Litigation
C20199794,C10055,Litigation
C20199794,C10056,Manors
C20199795,C10055,Litigation
C20199796,C10055,Litigation
C20199797,C10055,Litigation
C20199798,C10023,Crime
C20199798,C10055,Litigation
C20199799,C10055,Litigation
C20199800,C10039,Food and drink
C20199800,C10055,Litigation
C20199800,C10108,Trade and commerce
C20199801,C10055,Litigation
C20199802,C10059,Marriage and divorce
C20199802,C10055,Litigation
C20199803,C10055,Litigation
C20199804,C10055,Litigation
C20199805,C10055,Litigation
C20199805,C10072,Navy
C20199806,C10055,Litigation
C20199807,C10055,Litigation
C20199807,C10025,Debt
C20199808,C10055,Litigation
C20199808,C10056,Manors
C20199809,C10055,Litigation
C20199810,C10055,Litigation
C20199811,C10055,Litigation
C20199811,C10056,Manors
C20199812,C10055,Litigation
C20199812,C10108,Trade and commerce
C20199812,C10025,Debt
C20199813,C10055,Litigation
C20199814,C10055,Litigation
C20199814,C10108,Trade and commerce
C20199815,C10055,Litigation
C20199815,C10056,Manors
C20199816,C10055,Litigation
C20199817,C10055,Litigation
C20199818,C10055,Litigation
C20199819,C10055,Litigation
C20199820,C10055,Litigation
C20199820,C10025,Debt
C20199821,C10023,Crime
C20199821,C10055,Litigation
C20199821,C10052,Labour
C20199822,C10059,Marriage and divorce
C20199822,C10055,Litigation
C20199822,C10012,Children
C20199823,C10055,Litigation
C20199823,C10036,Farming
C20199824,C10055,Litigation
C20199824,C10056,Manors
C20199825,C10055,Litigation
C20199826,C10055,Litigation
C20199826,C10025,Debt
C20199827,C10055,Litigation
C20199828,C10055,Litigation
C20199828,C10056,Manors
C20199828,C10007,Banking
C20199828,C10022,Conveyancing
C20199829,C10055,Litigation
C20199830,C10055,Litigation
C20199831,C10055,Litigation
C20199831,C10056,Manors
C20199832,C10055,Litigation
C20199832,C10025,Debt
C20199833,C10055,Litigation
C20199834,C10055,Litigation
C20199835,C10055,Litigation
C20199835,C10025,Debt
C20199836,C10055,Litigation
C20199836,C10036,Farming
C20199837,C10055,Litigation
C20199838,C10055,Litigation
C20199838,C10056,Manors
C20199839,C10055,Litigation
C20199840,C10055,Litigation
C20199841,C10055,Litigation
C20199841,C10056,Manors
C20199842,C10055,Litigation
C20199843,C10055,Litigation
C20199844,C10055,Litigation
C20199845,C10055,Litigation
C20199846,C10055,Litigation
C20199847,C10055,Litigation
C20199848,C10055,Litigation
C20199849,C10055,Litigation
C20199849,C10056,Manors
C20199850,C10055,Litigation
C20199851,C10055,Litigation
C20199852,C10055,Litigation
C20199852,C10108,Trade and commerce
C20199853,C10055,Litigation
C20199853,C10056,Manors
C20199854,C10055,Litigation
C20199855,C10055,Litigation
C20199855,C10025,Debt
C20199856,C10055,Litigation
C20199857,C10055,Litigation
C20199858,C10055,Litigation
C20199858,C10056,Manors
C20199859,C10055,Litigation
C20199859,C10056,Manors
C20199860,C10055,Litigation
C20199861,C10055,Litigation
C20199862,C10055,Litigation
C20199862,C10056,Manors
C20199863,C10055,Litigation
C20199863,C10108,Trade and commerce
C20199863,C10025,Debt
C20199864,C10055,Litigation
C20199865,C10055,Litigation
C20199865,C10025,Debt
C20199865,C10077,Pay and pensions
C20199866,C10055,Litigation
C20199867,C10055,Litigation
C20199868,C10059,Marriage and divorce
C20199868,C10055,Litigation
C20199868,C10022,Conveyancing
C20199869,C10055,Litigation
C20217051,C10055,Litigation
C20217052,C10055,Litigation
C20217053,C10055,Litigation
C20217054,C10055,Litigation
C20217054,C10056,Manors
C20217055,C10055,Litigation
C20217055,C10056,Manors
C20217056,C10055,Litigation
C20217057,C10055,Litigation
C20217057,C10108,Trade and commerce
C20217057,C10025,Debt
C20217058,C10055,Litigation
C20217058,C10107,Tithes
C20217059,C10093,Religions
C20217059,C10055,Litigation
C20217060,C10055,Litigation
C20217060,C10108,Trade and commerce
C20217061,C10055,Litigation
C20217062,C10055,Litigation
C20217062,C10033,Education
C20217063,C10055,Litigation
C20217064,C10055,Litigation
C20217065,C10055,Litigation
C20217065,C10056,Manors
C20217066,C10055,Litigation
C20217066,C10007,Banking
C20217066,C10022,Conveyancing
C20217067,C10055,Litigation
C20217067,C10056,Manors
C20217068,C10055,Litigation
C20217068,C10056,Manors
C20217069,C10055,Litigation
C20217070,C10055,Litigation
C20217071,C10055,Litigation
C20217072,C10023,Crime
C20217072,C10055,Litigation
C20217073,C10055,Litigation
C20217074,C10059,Marriage and divorce
C20217074,C10055,Litigation
C20217075,C10055,Litigation
C20217076,C10055,Litigation
C20217077,C10055,Litigation
C20217078,C10055,Litigation
C20217078,C10025,Debt
C20217079,C10055,Litigation
C20217080,C10055,Litigation
C20217081,C10055,Litigation
C20217082,C10055,Litigation
C20217082,C10056,Manors
C20217083,C10055,Litigation
C20217084,C10055,Litigation
C20217084,C10056,Manors
C20217085,C10055,Litigation
C20217086,C10055,Litigation
C20217086,C10056,Manors
C20217087,C10055,Litigation
C20217088,C10055,Litigation
C20217088,C10036,Farming
C20217089,C10055,Litigation
C20217089,C10025,Debt
C20217090,C10055,Litigation
C20217090,C10007,Banking
C20217090,C10022,Conveyancing
C20217091,C10055,Litigation
C20217092,C10055,Litigation
C20217093,C10055,Litigation
C20217093,C10056,Manors
C20217094,C10055,Litigation
C20217095,C10055,Litigation
C20236338,C10055,Litigation
C20236339,C10055,Litigation
C20236339,C10040,Forestry
C20236340,C10055,Litigation
C20236341,C10055,Litigation
C20236342,C10055,Litigation
C20236343,C10039,Food and drink
C20236343,C10055,Litigation
C20236343,C10056,Manors
C20236344,C10055,Litigation
C20236344,C10108,Trade and commerce
C20236345,C10055,Litigation
C20236345,C10108,Trade and commerce
C20236346,C10055,Litigation
C20236346,C10056,Manors
C20236347,C10055,Litigation
C20236347,C10056,Manors
C20236348,C10055,Litigation
C20236349,C10055,Litigation
C20236349,C10056,Manors
C20236350,C10055,Litigation
C20236350,C10056,Manors
C20236351,C10055,Litigation
C20236351,C10108,Trade and commerce
C20236352,C10055,Litigation
C20236352,C10056,Manors
C20236353,C10055,Litigation
C20236354,C10055,Litigation
C20236355,C10055,Litigation
C20236356,C10055,Litigation
C20236357,C10055,Litigation
C20236357,C10108,Trade and commerce
C20236357,C10012,Children
C20236358,C10055,Litigation
C20236359,C10055,Litigation
C20236359,C10056,Manors
C20236360,C10055,Litigation
C20236360,C10036,Farming
C20236361,C10059,Marriage and divorce
C20236361,C10055,Litigation
C20236362,C10055,Litigation
C20236363,C10055,Litigation
C20236364,C10055,Litigation
C20236364,C10056,Manors
C20236365,C10055,Litigation
C20236366,C10055,Litigation
C20236367,C10055,Litigation
C20236368,C10055,Litigation
C20236369,C10055,Litigation
C20236370,C10059,Marriage and divorce
C20236370,C10055,Litigation
C20236371,C10055,Litigation
C20236372,C10055,Litigation
C20236372,C10025,Debt
C20236373,C10055,Litigation
C20236373,C10056,Manors
C20236374,C10055,Litigation
C20236375,C10055,Litigation
C20236376,C10055,Litigation
C20236376,C10056,Manors
C20236377,C10059,Marriage and divorce
C20236377,C10055,Litigation
C20236377,C10056,Manors
C20236378,C10055,Litigation
C20236378,C10007,Banking
C20236378,C10022,Conveyancing
C20236379,C10055,Litigation
C20236379,C10108,Trade and commerce
C20236380,C10055,Litigation
C20236380,C10056,Manors
C20236380,C10022,Conveyancing
C20236381,C10055,Litigation
C20236382,C10055,Litigation
C20236382,C10025,Debt
C20236383,C10055,Litigation
C20236383,C10108,Trade and commerce
C20236384,C10039,Food and drink
C20236384,C10055,Litigation
C20236385,C10055,Litigation
C20236385,C10025,Debt
C20236386,C10055,Litigation
C20236387,C10055,Litigation
C20236387,C10025,Debt
C20236387,C10056,Manors
C20236388,C10055,Litigation
C20236389,C10055,Litigation
C20236390,C10055,Litigation
C20236390,C10025,Debt
C20236391,C10055,Litigation
C20236391,C10025,Debt
C20236392,C10055,Litigation
C20236392,C10056,Manors
C20236392,C10077,Pay and pensions
C20236393,C10055,Litigation
C20236393,C10025,Debt
C20236394,C10059,Marriage and divorce
C20236394,C10055,Litigation
C20236395,C10055,Litigation
C20236395,C10056,Manors
C20236396,C10055,Litigation
C20236396,C10056,Manors
C20236396,C10010,Charities
C20236397,C10055,Litigation
C20236397,C10056,Manors
C20236398,C10055,Litigation
C20236399,C10055,Litigation
C20236400,C10055,Litigation
C20236401,C10055,Litigation
C20236402,C10055,Litigation
C20236403,C10055,Litigation
C20236403,C10108,Trade and commerce
C20236404,C10055,Litigation
C20236404,C10056,Manors
C20236404,C10012,Children
C20236405,C10055,Litigation
C20236406,C10055,Litigation
C20236406,C10036,Farming
C20236407,C10059,Marriage and divorce
C20236407,C10055,Litigation
C20236408,C10055,Litigation
C20236408,C10056,Manors
C20236409,C10055,Litigation
C20236410,C10055,Litigation
C20236411,C10055,Litigation
C20236412,C10055,Litigation
C20236413,C10055,Litigation
C20236413,C10056,Manors
C20236413,C10012,Children
C20236414,C10055,Litigation
C20236415,C10055,Litigation
C20232368,C10055,Litigation
C20232368,C10056,Manors
C20232369,C10059,Marriage and divorce
C20232369,C10055,Litigation
C20232370,C10055,Litigation
C20232370,C10056,Manors
C20232371,C10055,Litigation
C20232372,C10055,Litigation
C20232372,C10056,Manors
C20232373,C10093,Religions
C20232373,C10055,Litigation
C20232374,C10055,Litigation
C20232375,C10055,Litigation
C20232375,C10056,Manors
C20232376,C10055,Litigation
C20232376,C10025,Debt
C20232377,C10055,Litigation
C20232378,C10055,Litigation
C20232378,C10077,Pay and pensions
C20232379,C10055,Litigation
C20232380,C10055,Litigation
C20232380,C10056,Manors
C20232381,C10055,Litigation
C20232381,C10056,Manors
C20232382,C10055,Litigation
C20232383,C10055,Litigation
C20232384,C10055,Litigation
C20232385,C10055,Litigation
C20232386,C10055,Litigation
C20232387,C10055,Litigation
C20232388,C10055,Litigation
C20232388,C10056,Manors
C20232389,C10055,Litigation
C20232390,C10055,Litigation
C20232390,C10056,Manors
C20232390,C10036,Farming
C20232391,C10055,Litigation
C20232392,C10055,Litigation
C20232393,C10055,Litigation
C20232394,C10055,Litigation
C20232395,C10055,Litigation
C20232396,C10131,Europe and Russia
C20232396,C10039,Food and drink
C20232396,C10055,Litigation
C20232396,C10108,Trade and commerce
C20232397,C10059,Marriage and divorce
C20232397,C10055,Litigation
C20232397,C10056,Manors
C20232398,C10055,Litigation
C20232399,C10055,Litigation
C20232400,C10055,Litigation
C20232401,C10055,Litigation
C20232401,C10108,Trade and commerce
C20232401,C10056,Manors
C20232402,C10055,Litigation
C20232402,C10056,Manors
C20232403,C10038,Fishing
C20232403,C10055,Litigation
C20232404,C10038,Fishing
C20232404,C10055,Litigation
C20232405,C10055,Litigation
C20232405,C10056,Manors
C20232406,C10055,Litigation
C20232406,C10056,Manors
C20232407,C10055,Litigation
C20232408,C10055,Litigation
C20232409,C10055,Litigation
C20232409,C10056,Manors
C20232410,C10055,Litigation
C20232410,C10056,Manors
C20232411,C10055,Litigation
C20232412,C10055,Litigation
C20232412,C10025,Debt
C20232413,C10055,Litigation
C20232414,C10055,Litigation
C20232415,C10055,Litigation
C20232416,C10055,Litigation
C20232417,C10055,Litigation
C20232418,C10055,Litigation
C20232419,C10055,Litigation
C20232419,C10025,Debt
C20232420,C10055,Litigation
C20232421,C10059,Marriage and divorce
C20232421,C10055,Litigation
C20232422,C10055,Litigation
C20232423,C10055,Litigation
C20232424,C10055,Litigation
C20232424,C10056,Manors
C20232425,C10055,Litigation
C20232425,C10007,Banking
C20232425,C10022,Conveyancing
C20232426,C10055,Litigation
C20232427,C10055,Litigation
C20232428,C10055,Litigation
C20232428,C10012,Children
C20232428,C10101,Sewerage
C20232429,C10055,Litigation
C20232429,C10025,Debt
C20232430,C10055,Litigation
C20232430,C10108,Trade and commerce
C20232430,C10056,Manors
C20232431,C10055,Litigation
C20232432,C10055,Litigation
C20232433,C10055,Litigation
C20232434,C10055,Litigation
C20232434,C10056,Manors
C20232435,C10055,Litigation
C20232436,C10055,Litigation
C20232436,C10108,Trade and commerce
C20232437,C10055,Litigation
C20232438,C10055,Litigation
C20232438,C10108,Trade and commerce
C20232438,C10025,Debt
C20232439,C10055,Litigation
C20232440,C10055,Litigation
C20232441,C10055,Litigation
C20232441,C10108,Trade and commerce
C20232442,C10055,Litigation
C20232442,C10013,Clothing
C20232443,C10055,Litigation
C20232443,C10025,Debt
C20232444,C10055,Litigation
C20232445,C10055,Litigation
C20232446,C10055,Litigation
C20232446,C10056,Manors
C20232447,C10055,Litigation
C20232448,C10055,Litigation
C20232448,C10012,Children
C20232449,C10055,Litigation
C20405524,C10055,Litigation
C20405525,C10055,Litigation
C20405526,C10055,Litigation
C20405527,C10055,Litigation
C20405528,C10055,Litigation
C20405529,C10055,Litigation
C20405530,C10055,Litigation
C20405530,C10040,Forestry
C20405531,C10055,Litigation
C20405532,C10055,Litigation
C20405533,C10055,Litigation
C20405533,C10056,Manors
C20405534,C10055,Litigation
C20405535,C10131,Europe and Russia
C20405535,C10055,Litigation
C20405536,C10055,Litigation
C20405536,C10108,Trade and commerce
C20405537,C10055,Litigation
C20405537,C10056,Manors
C20405538,C10055,Litigation
C20405539,C10055,Litigation
C20405540,C10055,Litigation
C20405540,C10056,Manors
C20405541,C10055,Litigation
C20405542,C10055,Litigation
C20405543,C10055,Litigation
C20405544,C10055,Litigation
C20405545,C10055,Litigation
C20405545,C10025,Debt
C20405546,C10055,Litigation
C20405546,C10012,Children
C20405547,C10055,Litigation
C20405547,C10056,Manors
C20405548,C10055,Litigation
C20405549,C10055,Litigation
C20405550,C10055,Litigation
C20405550,C10108,Trade and commerce
C20405551,C10055,Litigation
C20405552,C10055,Litigation
C20405553,C10055,Litigation
C20405553,C10056,Manors
C20405554,C10055,Litigation
C20405554,C10056,Manors
C20405555,C10055,Litigation
C20405556,C10055,Litigation
C20405556,C10056,Manors
C20405557,C10055,Litigation
C20405558,C10131,Europe and Russia
C20405558,C10055,Litigation
C20405558,C10108,Trade and commerce
C20405559,C10055,Litigation
C20405560,C10055,Litigation
C20405560,C10108,Trade and commerce
C20405560,C10127,Indian Subcontinent
C20405561,C10055,Litigation
C20405561,C10056,Manors
C20405562,C10055,Litigation
C20405563,C10055,Litigation
C20405563,C10040,Forestry
C20405564,C10055,Litigation
C20405564,C10025,Debt
C20405565,C10055,Litigation
C20405566,C10055,Litigation
C20405567,C10055,Litigation
C20405568,C10055,Litigation
C20405569,C10055,Litigation
C20405570,C10055,Litigation
C20405571,C10055,Litigation
C20405572,C10055,Litigation
C20405573,C10055,Litigation
C20405574,C10055,Litigation
C20405574,C10056,Manors
C20405575,C10055,Litigation
C20405576,C10055,Litigation
C20405576,C10056,Manors
C20405577,C10055,Litigation
C20405578,C10055,Litigation
C20405579,C10055,Litigation
C20405579,C10025,Debt
C20405580,C10055,Litigation
C20405581,C10059,Marriage and divorce
C20405581,C10055,Litigation
C20405582,C10055,Litigation
C20405583,C10055,Litigation
C20405583,C10013,Clothing
C20405584,C10055,Litigation
C20405584,C10056,Manors
C20405585,C10055,Litigation
C20405585,C10025,Debt
C20405586,C10055,Litigation
C20405587,C10055,Litigation
C20405588,C10055,Litigation
C20405589,C10055,Litigation
C20405590,C10055,Litigation
C20405591,C10055,Litigation
C20405591,C10012,Children
C20405592,C10055,Litigation
C20405592,C10108,Trade and commerce
C20405593,C10055,Litigation
C20405594,C10055,Litigation
C20405594,C10036,Farming
C20405595,C10055,Litigation
C20405595,C10025,Debt
C20405596,C10055,Litigation
C20405597,C10093,Religions
C20405597,C10055,Litigation
C20405598,C10055,Litigation
C20405599,C10055,Litigation
C20405599,C10056,Manors
C20405600,C10055,Litigation
C20405601,C10055,Litigation
C20405602,C10055,Litigation
C20405603,C10055,Litigation
C20405604,C10055,Litigation
C20405604,C10025,Debt
C20405605,C10055,Litigation
C20405605,C10025,Debt
C20405606,C10055,Litigation
C20405607,C10055,Litigation
C20405608,C10055,Litigation
C20405608,C10108,Trade and commerce
C20405609,C10055,Litigation
C20405609,C10056,Manors
C20405610,C10055,Litigation
C20405610,C10025,Debt
C20405611,C10055,Litigation
C20405612,C10055,Litigation
C20405613,C10055,Litigation
C20405614,C10055,Litigation
C20405614,C10056,Manors
C20405615,C10055,Litigation
C20405616,C10055,Litigation
C20405617,C10055,Litigation
C20405618,C10059,Marriage and divorce
C20405618,C10055,Litigation
C20405619,C10055,Litigation
C20405620,C10055,Litigation
C20405621,C10055,Litigation
C20405621,C10056,Manors
C20405622,C10055,Litigation
C20405622,C10056,Manors
C20405623,C10055,Litigation
C20405624,C10055,Litigation
C20405625,C10055,Litigation
C20405625,C10025,Debt
C20405625,C10101,Sewerage
C20405626,C10055,Litigation
C20405627,C10055,Litigation
C20405628,C10055,Litigation
C20405628,C10056,Manors
C20405629,C10055,Litigation
C20405630,C10055,Litigation
C20405631,C10055,Litigation
C20405632,C10055,Litigation
C20405633,C10055,Litigation
C20405634,C10055,Litigation
C20405635,C10055,Litigation
C20405635,C10025,Debt
C20405636,C10055,Litigation
C20405637,C10055,Litigation
C20405638,C10055,Litigation
C20405639,C10055,Litigation
C20405639,C10025,Debt
C20405640,C10055,Litigation
C20405641,C10055,Litigation
C20405642,C10055,Litigation
C20405643,C10055,Litigation
C20405643,C10108,Trade and commerce
C20405643,C10025,Debt
C20405644,C10055,Litigation
C20405645,C10093,Religions
C20405645,C10055,Litigation
C20405645,C10056,Manors
C20405646,C10055,Litigation
C20405647,C10055,Litigation
C20405648,C10055,Litigation
C20405648,C10056,Manors
C20405649,C10055,Litigation
C20405650,C10055,Litigation
C20405650,C10116,Wills and probate
C20405651,C10055,Litigation
C20405652,C10055,Litigation
C20405653,C10055,Litigation
C20405654,C10055,Litigation
C20405655,C10055,Litigation
C20405656,C10055,Litigation
C20405657,C10055,Litigation
C20405658,C10055,Litigation
C20405658,C10056,Manors
C20405659,C10055,Litigation
C20405660,C10055,Litigation
C20405661,C10055,Litigation
C20405662,C10059,Marriage and divorce
C20405662,C10055,Litigation
C20405662,C10102,Sex and gender
C20405663,C10055,Litigation
C20405663,C10040,Forestry
C20405664,C10055,Litigation
C20405664,C10056,Manors
C20405665,C10055,Litigation
C20405666,C10055,Litigation
C20405667,C10055,Litigation
C20405667,C10056,Manors
C20405668,C10055,Litigation
C20405668,C10056,Manors
C20405669,C10055,Litigation
C20405670,C10055,Litigation
C20405670,C10025,Debt
C20405671,C10055,Litigation
C20405672,C10055,Litigation
C20405673,C10055,Litigation
C20405674,C10055,Litigation
C20405675,C10055,Litigation
C20405675,C10056,Manors
C20405676,C10055,Litigation
C20405676,C10036,Farming
C20405677,C10055,Litigation
C20405678,C10055,Litigation
C20405679,C10055,Litigation
C20405680,C10055,Litigation
C20405681,C10055,Litigation
C20261058,C10055,Litigation
C20261059,C10055,Litigation
C20261060,C10055,Litigation
C20261060,C10052,Labour
C20261061,C10055,Litigation
C20261061,C10007,Banking
C20261061,C10022,Conveyancing
C20261062,C10055,Litigation
C20261062,C10056,Manors
C20261062,C10007,Banking
C20261062,C10022,Conveyancing
C20261063,C10055,Litigation
C20261064,C10055,Litigation
C20261065,C10055,Litigation
C20261066,C10055,Litigation
C20261066,C10108,Trade and commerce
C20261067,C10055,Litigation
C20261067,C10025,Debt
C20261068,C10059,Marriage and divorce
C20261068,C10055,Litigation
C20261069,C10055,Litigation
C20261070,C10055,Litigation
C20261070,C10108,Trade and commerce
C20261071,C10055,Litigation
C20261072,C10023,Crime
C20261072,C10055,Litigation
C20261072,C10025,Debt
C20261073,C10055,Litigation
C20261074,C10055,Litigation
C20261074,C10056,Manors
C20261075,C10055,Litigation
C20261076,C10055,Litigation
C20261077,C10055,Litigation
C20261078,C10039,Food and drink
C20261078,C10055,Litigation
C20261079,C10055,Litigation
C20261079,C10056,Manors
C20261080,C10055,Litigation
C20261081,C10055,Litigation
C20261081,C10056,Manors
C20261082,C10055,Litigation
C20261083,C10055,Litigation
C20261083,C10013,Clothing
C20261084,C10055,Litigation
C20261085,C10055,Litigation
C20261085,C10116,Wills and probate
C20261086,C10055,Litigation
C20261087,C10055,Litigation
C20261087,C10077,Pay and pensions
C20261088,C10055,Litigation
C20261089,C10055,Litigation
C20261090,C10055,Litigation
C20261090,C10025,Debt
C20261091,C10055,Litigation
C20261091,C10056,Manors
C20261092,C10055,Litigation
C20261092,C10051,"Iron, steel and metals"
C20261093,C10055,Litigation
C20261093,C10056,Manors
C20261094,C10023,Crime
C20261094,C10055,Litigation
C20261094,C10025,Debt
C20261094,C10076,Pardons
C20261095,C10055,Litigation
C20261096,C10055,Litigation
C20261097,C10055,Litigation
C20261098,C10055,Litigation
C20261099,C10055,Litigation
C20261099,C10056,Manors
C20261100,C10055,Litigation
C20261101,C10055,Litigation
C20261102,C10055,Litigation
C20261102,C10056,Manors
C20261103,C10055,Litigation
C20261104,C10055,Litigation
C20261104,C10025,Debt
C20261105,C10055,Litigation
C20261106,C10055,Litigation
C20261106,C10108,Trade and commerce
C20261106,C10080,Piracy and privateering
C20261107,C10055,Litigation
C20261108,C10055,Litigation
C20261109,C10055,Litigation
C20261109,C10015,Common land
C20261110,C10055,Litigation
C20261111,C10055,Litigation
C20261112,C10055,Litigation
C20261113,C10055,Litigation
C20261114,C10055,Litigation
C20261115,C10055,Litigation
C20261115,C10077,Pay and pensions
C20261116,C10055,Litigation
C20261117,C10055,Litigation
C20261117,C10025,Debt
C20261117,C10036,Farming
C20261118,C10055,Litigation
C20261118,C10056,Manors
C20261119,C10055,Litigation
C20261120,C10055,Litigation
C20261121,C10055,Litigation
C20261122,C10055,Litigation
C20261123,C10055,Litigation
C20261124,C10055,Litigation
C20261125,C10055,Litigation
C20261126,C10131,Europe and Russia
C20261126,C10055,Litigation
C20261126,C10108,Trade and commerce
C20261126,C10025,Debt
C20261127,C10055,Litigation
C20261127,C10040,Forestry
C20261127,C10025,Debt
C20261128,C10055,Litigation
C20261128,C10056,Manors
C20261128,C10077,Pay and pensions
C20261129,C10055,Litigation
C20261129,C10033,Education
C20261130,C10055,Litigation
C20261130,C10056,Manors
C20261131,C10055,Litigation
C20261132,C10055,Litigation
C20261132,C10012,Children
C20261133,C10055,Litigation
C20261134,C10055,Litigation
C20261134,C10056,Manors
C20261135,C10059,Marriage and divorce
C20261135,C10055,Litigation
C20261135,C10116,Wills and probate
C20261136,C10055,Litigation
C20261137,C10055,Litigation
C20261137,C10015,Common land
C20261138,C10055,Litigation
C20261138,C10107,Tithes
C20261139,C10055,Litigation
C20261139,C10015,Common land
C20261140,C10055,Litigation
C20261141,C10055,Litigation
C20261142,C10055,Litigation
C20261143,C10055,Litigation
C20261144,C10055,Litigation
C20261145,C10055,Litigation
C20261145,C10108,Trade and commerce
C20261146,C10055,Litigation
C20261146,C10108,Trade and commerce
C20261147,C10055,Litigation
C20261148,C10055,Litigation
C20261149,C10055,Litigation
C20261150,C10055,Litigation
C20261150,C10056,Manors
C20261151,C10055,Litigation
C20261152,C10055,Litigation
C20261153,C10055,Litigation
C20261154,C10055,Litigation
C20261154,C10108,Trade and commerce
C20261155,C10055,Litigation
C20261156,C10055,Litigation
C20261156,C10056,Manors
C20261157,C10055,Litigation
C20261158,C10055,Litigation
C20261159,C10055,Litigation
C20261159,C10056,Manors
C20261160,C10055,Litigation
C20261161,C10055,Litigation
C20261162,C10055,Litigation
C20261162,C10025,Debt
C20261163,C10023,Crime
C20261163,C10055,Litigation
C20261163,C10013,Clothing
C20261164,C10055,Litigation
C20261164,C10015,Common land
C20261165,C10055,Litigation
C20261165,C10056,Manors
C20261166,C10055,Litigation
C20261167,C10055,Litigation
C20261168,C10055,Litigation
C20261169,C10055,Litigation
C20261169,C10056,Manors
C20261170,C10055,Litigation
C20261171,C10059,Marriage and divorce
C20261171,C10055,Litigation
C20261172,C10055,Litigation
C20261172,C10025,Debt
C20261173,C10055,Litigation
C20261174,C10055,Litigation
C20261174,C10056,Manors
C20261175,C10055,Litigation
C20261175,C10025,Debt
C20261176,C10055,Litigation
C20261177,C10055,Litigation
C20261178,C10055,Litigation
C20261179,C10055,Litigation
C20261180,C10055,Litigation
C20261180,C10077,Pay and pensions
C20261181,C10055,Litigation
C20261182,C10055,Litigation
C20261182,C10025,Debt
C20261183,C10055,Litigation
C20261184,C10131,Europe and Russia
C20261184,C10055,Litigation
C20261185,C10055,Litigation
C20261186,C10055,Litigation
C20261187,C10055,Litigation
C20261188,C10055,Litigation
C20261189,C10055,Litigation
C20261190,C10055,Litigation
C20261191,C10055,Litigation
C20261191,C10056,Manors
C20261192,C10055,Litigation
C20261192,C10025,Debt
C20261193,C10055,Litigation
C20261193,C10116,Wills and probate
C20261194,C10055,Litigation
C20261195,C10055,Litigation
C20261195,C10036,Farming
C20261196,C10055,Litigation
C20261196,C10056,Manors
C20261197,C10055,Litigation
C20261198,C10059,Marriage and divorce
C20261198,C10055,Litigation
C20261199,C10055,Litigation
C20261200,C10055,Litigation
C20261200,C10022,Conveyancing
C20261201,C10055,Litigation
C20261202,C10055,Litigation
C20261203,C10055,Litigation
C20261204,C10055,Litigation
C20261205,C10055,Litigation
C20261206,C10055,Litigation
C20261207,C10055,Litigation
C20261207,C10108,Trade and commerce
C20261208,C10055,Litigation
C20261209,C10055,Litigation
C20261210,C10055,Litigation
C20261210,C10132,Ireland
C20261211,C10055,Litigation
C20261211,C10025,Debt
C20261212,C10055,Litigation
C20261212,C10025,Debt
C20261213,C10055,Litigation
C20261214,C10055,Litigation
C20261215,C10055,Litigation
C20261215,C10078,Performing arts
C20261216,C10055,Litigation
C20261216,C10025,Debt
C20261217,C10059,Marriage and divorce
C20261217,C10055,Litigation
C20261218,C10055,Litigation
C20405682,C10055,Litigation
C20405683,C10055,Litigation
C20405684,C10038,Fishing
C20405684,C10055,Litigation
C20405684,C10108,Trade and commerce
C20405685,C10055,Litigation
C20405685,C10025,Debt
C20405686,C10055,Litigation
C20405687,C10055,Litigation
C20405687,C10012,Children
C20405688,C10055,Litigation
C20405688,C10025,Debt
C20405689,C10055,Litigation
C20405690,C10055,Litigation
C20405690,C10012,Children
C20405691,C10055,Litigation
C20405691,C10025,Debt
C20405692,C10055,Litigation
C20405692,C10108,Trade and commerce
C20405692,C10036,Farming
C20405693,C10055,Litigation
C20405694,C10059,Marriage and divorce
C20405694,C10055,Litigation
C20405695,C10055,Litigation
C20405695,C10025,Debt
C20405696,C10059,Marriage and divorce
C20405696,C10055,Litigation
C20405696,C10108,Trade and commerce
C20405697,C10055,Litigation
C20405697,C10056,Manors
C20405698,C10055,Litigation
C20405699,C10055,Litigation
C20405699,C10056,Manors
C20405700,C10055,Litigation
C20405700,C10056,Manors
C20405701,C10055,Litigation
C20405701,C10056,Manors
C20405702,C10055,Litigation
C20405703,C10055,Litigation
C20405704,C10038,Fishing
C20405704,C10055,Litigation
C20405704,C10108,Trade and commerce
C20405705,C10055,Litigation
C20405706,C10055,Litigation
C20405706,C10056,Manors
C20405707,C10055,Litigation
C20405708,C10055,Litigation
C20405708,C10025,Debt
C20405709,C10093,Religions
C20405709,C10055,Litigation
C20405710,C10055,Litigation
C20405710,C10025,Debt
C20405711,C10055,Litigation
C20405712,C10055,Litigation
C20405712,C10025,Debt
C20405713,C10055,Litigation
C20405714,C10055,Litigation
C20405714,C10056,Manors
C20405715,C10055,Litigation
C20405716,C10059,Marriage and divorce
C20405716,C10055,Litigation
C20405717,C10055,Litigation
C20405717,C10108,Trade and commerce
C20405717,C10025,Debt
C20405718,C10055,Litigation
C20405719,C10055,Litigation
C20405720,C10055,Litigation
C20405721,C10055,Litigation
C20405721,C10025,Debt
C20405722,C10055,Litigation
C20405722,C10056,Manors
C20405723,C10055,Litigation
C20405723,C10108,Trade and commerce
C20405724,C10055,Litigation
C20405725,C10055,Litigation
C20405725,C10056,Manors
C20405726,C10055,Litigation
C20405726,C10025,Debt
C20405727,C10055,Litigation
C20405727,C10056,Manors
C20405728,C10055,Litigation
C20405728,C10116,Wills and probate
C20405729,C10055,Litigation
C20405730,C10055,Litigation
C20405730,C10056,Manors
C20405731,C10055,Litigation
C20405731,C10056,Manors
C20405732,C10059,Marriage and divorce
C20405732,C10055,Litigation
C20405733,C10055,Litigation
C20405734,C10055,Litigation
C20405735,C10055,Litigation
C20405736,C10023,Crime
C20405736,C10055,Litigation
C20405736,C10013,Clothing
C20405737,C10055,Litigation
C20405737,C10108,Trade and commerce
C20405738,C10055,Litigation
C20405738,C10036,Farming
C20405739,C10055,Litigation
C20405739,C10007,Banking
C20405739,C10022,Conveyancing
C20405740,C10055,Litigation
C20405741,C10055,Litigation
C20405741,C10007,Banking
C20405741,C10022,Conveyancing
C20405742,C10055,Litigation
C20405742,C10012,Children
C20405743,C10055,Litigation
C20405743,C10025,Debt
C20405744,C10059,Marriage and divorce
C20405744,C10055,Litigation
C20405744,C10025,Debt
C20405745,C10055,Litigation
C20405745,C10108,Trade and commerce
C20405746,C10055,Litigation
C20405747,C10055,Litigation
C20405748,C10055,Litigation
C20405748,C10007,Banking
C20405748,C10022,Conveyancing
C20285694,C10055,Litigation
C20285695,C10055,Litigation
C20285696,C10055,Litigation
C20285697,C10055,Litigation
C20285698,C10055,Litigation
C20285698,C10025,Debt
C20285699,C10055,Litigation
C20285700,C10055,Litigation
C20285700,C10108,Trade and commerce
C20285701,C10055,Litigation
C20285701,C10025,Debt
C20285702,C10055,Litigation
C20285703,C10055,Litigation
C20285704,C10055,Litigation
C20285705,C10055,Litigation
C20285705,C10056,Manors
C20285706,C10055,Litigation
C20285706,C10012,Children
C20285707,C10055,Litigation
C20285707,C10056,Manors
C20285708,C10055,Litigation
C20285709,C10055,Litigation
C20285710,C10055,Litigation
C20285710,C10025,Debt
C20285711,C10055,Litigation
C20285712,C10055,Litigation
C20285712,C10056,Manors
C20285713,C10055,Litigation
C20285714,C10039,Food and drink
C20285714,C10055,Litigation
C20285715,C10055,Litigation
C20285716,C10055,Litigation
C20285716,C10056,Manors
C20285717,C10055,Litigation
C20285717,C10056,Manors
C20285718,C10055,Litigation
C20285719,C10055,Litigation
C20285720,C10055,Litigation
C20285721,C10055,Litigation
C20285721,C10052,Labour
C20285722,C10055,Litigation
C20285723,C10055,Litigation
C20285723,C10056,Manors
C20285724,C10055,Litigation
C20285724,C10056,Manors
C20285724,C10077,Pay and pensions
C20285725,C10055,Litigation
C20285726,C10055,Litigation
C20285727,C10055,Litigation
C20285727,C10056,Manors
C20285728,C10055,Litigation
C20285729,C10055,Litigation
C20285730,C10093,Religions
C20285730,C10055,Litigation
C20285731,C10055,Litigation
C20285731,C10108,Trade and commerce
C20285732,C10055,Litigation
C20285732,C10108,Trade and commerce
C20285733,C10055,Litigation
C20285734,C10055,Litigation
C20285735,C10055,Litigation
C20285736,C10055,Litigation
C20285737,C10055,Litigation
C20285738,C10055,Litigation
C20285738,C10116,Wills and probate
C20285739,C10055,Litigation
C20285739,C10025,Debt
C20285740,C10023,Crime
C20285740,C10055,Litigation
C20285740,C10025,Debt
C20285740,C10085,Prisons
C20285741,C10055,Litigation
C20285741,C10056,Manors
C20285742,C10055,Litigation
C20285743,C10055,Litigation
C20285744,C10055,Litigation
C20285744,C10056,Manors
C20285745,C10055,Litigation
C20285746,C10055,Litigation
C20285747,C10055,Litigation
C20285747,C10108,Trade and commerce
C20285747,C10036,Farming
C20285748,C10055,Litigation
C20285749,C10055,Litigation
C20285750,C10055,Litigation
C20285751,C10055,Litigation
C20285752,C10055,Litigation
C20285753,C10055,Litigation
C20285753,C10108,Trade and commerce
C20285754,C10055,Litigation
C20285755,C10055,Litigation
C20285755,C10056,Manors
C20285756,C10055,Litigation
C20285756,C10052,Labour
C20285757,C10055,Litigation
C20285758,C10055,Litigation
C20285759,C10055,Litigation
C20285760,C10059,Marriage and divorce
C20285760,C10055,Litigation
C20285761,C10055,Litigation
C20285762,C10059,Marriage and divorce
C20285762,C10055,Litigation
C20285763,C10055,Litigation
C20285764,C10055,Litigation
C20285764,C10025,Debt
C20285765,C10055,Litigation
C20285766,C10055,Litigation
C20285767,C10055,Litigation
C20285768,C10055,Litigation
C20285768,C10108,Trade and commerce
C20301100,C10059,Marriage and divorce
C20301100,C10055,Litigation
C20301101,C10055,Litigation
C20301102,C10055,Litigation
C20301103,C10055,Litigation
C20301103,C10056,Manors
C20301104,C10055,Litigation
C20301104,C10056,Manors
C20301105,C10055,Litigation
C20301106,C10055,Litigation
C20301106,C10007,Banking
C20301106,C10022,Conveyancing
C20301107,C10055,Litigation
C20301107,C10025,Debt
C20301107,C10007,Banking
C20301107,C10022,Conveyancing
C20301108,C10055,Litigation
C20301108,C10056,Manors
C20301109,C10055,Litigation
C20301110,C10055,Litigation
C20301111,C10055,Litigation
C20301112,C10055,Litigation
C20301112,C10108,Trade and commerce
C20301112,C10025,Debt
C20301113,C10055,Litigation
C20301114,C10055,Litigation
C20301114,C10036,Farming
C20301115,C10055,Litigation
C20301116,C10055,Litigation
C20301116,C10108,Trade and commerce
C20301117,C10055,Litigation
C20301118,C10055,Litigation
C20301118,C10056,Manors
C20301119,C10055,Litigation
C20301120,C10055,Litigation
C20301120,C10025,Debt
C20301121,C10055,Litigation
C20301121,C10116,Wills and probate
C20301122,C10055,Litigation
C20301122,C10108,Trade and commerce
C20301123,C10059,Marriage and divorce
C20301123,C10055,Litigation
C20301124,C10055,Litigation
C20301124,C10056,Manors
C20301125,C10055,Litigation
C20301125,C10056,Manors
C20301126,C10055,Litigation
C20301127,C10055,Litigation
C20301128,C10055,Litigation
C20301128,C10108,Trade and commerce
C20301129,C10055,Litigation
C20301129,C10056,Manors
C20301130,C10055,Litigation
C20301130,C10108,Trade and commerce
C20301131,C10055,Litigation
C20301131,C10076,Pardons
C20301132,C10055,Litigation
C20301132,C10056,Manors
C20301133,C10055,Litigation
C20301133,C10025,Debt
C20301134,C10055,Litigation
C20301134,C10056,Manors
C20301135,C10055,Litigation
C20301136,C10023,Crime
C20301136,C10055,Litigation
C20301137,C10055,Litigation
C20301138,C10055,Litigation
C20301138,C10056,Manors
C20301139,C10055,Litigation
C20301140,C10055,Litigation
C20301141,C10055,Litigation
C20301141,C10108,Trade and commerce
C20301141,C10025,Debt
C20301142,C10131,Europe and Russia
C20301142,C10055,Litigation
C20301142,C10108,Trade and commerce
C20301143,C10055,Litigation
C20301144,C10055,Litigation
C20301144,C10012,Children
C20301145,C10055,Litigation
C20301146,C10055,Litigation
C20301146,C10025,Debt
C20301146,C10078,Performing arts
C20301147,C10059,Marriage and divorce
C20301147,C10055,Litigation
C20301148,C10055,Litigation
C20301149,C10055,Litigation
C20301149,C10025,Debt
C20301149,C10116,Wills and probate
C20301150,C10059,Marriage and divorce
C20301150,C10055,Litigation
C20301150,C10056,Manors
C20301151,C10055,Litigation
C20301152,C10055,Litigation
C20301152,C10007,Banking
C20301152,C10022,Conveyancing
C20301153,C10131,Europe and Russia
C20301153,C10055,Litigation
C20301153,C10025,Debt
C20301154,C10055,Litigation
C20301155,C10055,Litigation
C20301156,C10055,Litigation
C20301156,C10101,Sewerage
C20301157,C10055,Litigation
C20301158,C10055,Litigation
C20301159,C10055,Litigation
C20301160,C10059,Marriage and divorce
C20301160,C10055,Litigation
C20301160,C10108,Trade and commerce
C20301161,C10055,Litigation
C20301162,C10055,Litigation
C20301163,C10055,Litigation
C20301164,C10055,Litigation
C20301164,C10056,Manors
C20301165,C10055,Litigation
C20313846,C10055,Litigation
C20313847,C10055,Litigation
C20313848,C10055,Litigation
C20313848,C10056,Manors
C20313849,C10055,Litigation
C20313849,C10108,Trade and commerce
C20313850,C10055,Litigation
C20313851,C10055,Litigation
C20313852,C10055,Litigation
C20313852,C10056,Manors
C20313853,C10055,Litigation
C20313854,C10055,Litigation
C20313855,C10055,Litigation
C20313856,C10055,Litigation
C20313856,C10056,Manors
C20313857,C10055,Litigation
C20313858,C10059,Marriage and divorce
C20313858,C10055,Litigation
C20313859,C10055,Litigation
C20313859,C10007,Banking
C20313859,C10022,Conveyancing
C20313860,C10055,Litigation
C20313860,C10056,Manors
C20313861,C10055,Litigation
C20313862,C10055,Litigation
C20313862,C10108,Trade and commerce
C20313863,C10055,Litigation
C20313863,C10025,Debt
C20313863,C10013,Clothing
C20313864,C10055,Litigation
C20313865,C10055,Litigation
C20313866,C10055,Litigation
C20313866,C10025,Debt
C20313867,C10055,Litigation
C20313868,C10055,Litigation
C20313869,C10055,Litigation
C20313870,C10055,Litigation
C20313871,C10055,Litigation
C20313871,C10108,Trade and commerce
C20313871,C10013,Clothing
C20313872,C10055,Litigation
C20313872,C10056,Manors
C20313873,C10055,Litigation
C20313873,C10056,Manors
C20313874,C10055,Litigation
C20313875,C10055,Litigation
C20313876,C10055,Litigation
C20313876,C10056,Manors
C20313877,C10055,Litigation
C20313878,C10055,Litigation
C20313878,C10077,Pay and pensions
C20313879,C10055,Litigation
C20313880,C10055,Litigation
C20313881,C10055,Litigation
C20313882,C10055,Litigation
C20313883,C10055,Litigation
C20313884,C10055,Litigation
C20313885,C10055,Litigation
C20313886,C10055,Litigation
C20313886,C10025,Debt
C20313887,C10055,Litigation
C20313888,C10055,Litigation
C20313889,C10055,Litigation
C20313890,C10023,Crime
C20313890,C10055,Litigation
C20313891,C10055,Litigation
C20313891,C10056,Manors
C20313892,C10059,Marriage and divorce
C20313892,C10055,Litigation
C20313893,C10055,Litigation
C20313894,C10055,Litigation
C20313894,C10025,Debt
C20313895,C10055,Litigation
C20313896,C10055,Litigation
C20313897,C10055,Litigation
C20313898,C10055,Litigation
C20313898,C10108,Trade and commerce
C20313898,C10040,Forestry
C20313899,C10055,Litigation
C20313900,C10055,Litigation
C20313900,C10056,Manors
C20313901,C10055,Litigation
C20313902,C10055,Litigation
C20313903,C10055,Litigation
C20313904,C10055,Litigation
C20313905,C10055,Litigation
C20313906,C10055,Litigation
C20313906,C10132,Ireland
C20313907,C10055,Litigation
C20313907,C10007,Banking
C20313907,C10022,Conveyancing
C20313908,C10055,Litigation
C20313909,C10055,Litigation
C20313910,C10055,Litigation
C20313911,C10055,Litigation
C20313911,C10056,Manors
C20313912,C10055,Litigation
C20313912,C10056,Manors
C20313913,C10055,Litigation
C20313914,C10055,Litigation
C20313915,C10055,Litigation
C20313916,C10055,Litigation
C20313917,C10055,Litigation
C20313918,C10055,Litigation
C20313919,C10055,Litigation
C20313920,C10055,Litigation
C20313921,C10055,Litigation
C20313921,C10056,Manors
C20356499,C10055,Litigation
C20356500,C10055,Litigation
C20356501,C10055,Litigation
C20356501,C10056,Manors
C20356502,C10055,Litigation
C20356503,C10055,Litigation
C20356503,C10025,Debt
C20356504,C10055,Litigation
C20356504,C10108,Trade and commerce
C20356505,C10055,Litigation
C20356505,C10108,Trade and commerce
C20356506,C10055,Litigation
C20356507,C10055,Litigation
C20356507,C10056,Manors
C20356508,C10055,Litigation
C20356508,C10024,Crown lands and estates
C20356509,C10055,Litigation
C20356510,C10055,Litigation
C20356511,C10055,Litigation
C20356511,C10056,Manors
C20356512,C10055,Litigation
C20356513,C10055,Litigation
C20356513,C10057,Manufacturing
C20356514,C10055,Litigation
C20356515,C10055,Litigation
C20356516,C10055,Litigation
C20356517,C10055,Litigation
C20356518,C10059,Marriage and divorce
C20356518,C10055,Litigation
C20356519,C10055,Litigation
C20356520,C10055,Litigation
C20356521,C10059,Marriage and divorce
C20356521,C10055,Litigation
C20356522,C10055,Litigation
C20356522,C10007,Banking
C20356522,C10022,Conveyancing
C20356523,C10093,Religions
C20356523,C10055,Litigation
C20356524,C10055,Litigation
C20356524,C10052,Labour
C20356525,C10055,Litigation
C20356526,C10055,Litigation
C20356526,C10107,Tithes
C20356527,C10055,Litigation
C20356528,C10055,Litigation
C20356529,C10055,Litigation
C20356530,C10055,Litigation
C20356531,C10055,Litigation
C20356531,C10056,Manors
C20356532,C10055,Litigation
C20356533,C10055,Litigation
C20356534,C10055,Litigation
C20356535,C10023,Crime
C20356535,C10055,Litigation
C20356536,C10055,Litigation
C20356536,C10025,Debt
C20356537,C10055,Litigation
C20356537,C10108,Trade and commerce
C20356538,C10059,Marriage and divorce
C20356538,C10055,Litigation
C20356539,C10131,Europe and Russia
C20356539,C10055,Litigation
C20356540,C10055,Litigation
C20356541,C10055,Litigation
C20356542,C10055,Litigation
C20356542,C10056,Manors
C20356543,C10055,Litigation
C20356544,C10055,Litigation
C20356545,C10055,Litigation
C20356545,C10108,Trade and commerce
C20356546,C10055,Litigation
C20356547,C10055,Litigation
C20356547,C10108,Trade and commerce
C20356548,C10055,Litigation
C20356548,C10056,Manors
C20356549,C10055,Litigation
C20356550,C10055,Litigation
C20356551,C10055,Litigation
C20356551,C10056,Manors
C20356552,C10055,Litigation
C20356553,C10093,Religions
C20356553,C10055,Litigation
C20356553,C10025,Debt
C20356554,C10055,Litigation
C20356555,C10055,Litigation
C20356556,C10055,Litigation
C20356557,C10023,Crime
C20356557,C10055,Litigation
C20356557,C10056,Manors
C20356557,C10077,Pay and pensions
C20356558,C10055,Litigation
C20356559,C10055,Litigation
C20356559,C10056,Manors
C20356560,C10055,Litigation
C20356561,C10055,Litigation
C20356562,C10055,Litigation
C20356562,C10056,Manors
C20356563,C10055,Litigation
C20356564,C10055,Litigation
C20356564,C10025,Debt
C20356565,C10055,Litigation
C20356565,C10056,Manors
C20356566,C10055,Litigation
C20356566,C10025,Debt
C20356567,C10055,Litigation
C20356567,C10056,Manors
C20356568,C10055,Litigation
C20356568,C10056,Manors
C20356569,C10055,Litigation
C20356570,C10055,Litigation
C20356570,C10056,Manors
C20356571,C10055,Litigation
C20356571,C10025,Debt
C20356572,C10055,Litigation
C20356572,C10025,Debt
C20356573,C10055,Litigation
C20356574,C10055,Litigation
C20356574,C10107,Tithes
C20356575,C10055,Litigation
C20356576,C10055,Litigation
C20356577,C10055,Litigation
C20356578,C10055,Litigation
C20356579,C10055,Litigation
C20356580,C10055,Litigation
C20356581,C10055,Litigation
C20356582,C10055,Litigation
C20356583,C10055,Litigation
C20356584,C10055,Litigation
C20356585,C10055,Litigation
C20356586,C10055,Litigation
C20356587,C10059,Marriage and divorce
C20356587,C10055,Litigation
C20356588,C10055,Litigation
C20356589,C10055,Litigation
C20356589,C10025,Debt
C20356589,C10071,Nationality
C20356590,C10055,Litigation
C20356591,C10055,Litigation
C20356592,C10055,Litigation
C20356593,C10055,Litigation
C20356594,C10055,Litigation
C20356594,C10108,Trade and commerce
C20356595,C10059,Marriage and divorce
C20356595,C10055,Litigation
C20356596,C10055,Litigation
C20356597,C10055,Litigation
C20356598,C10055,Litigation
C20356599,C10055,Litigation
C20356600,C10055,Litigation
C20356601,C10059,Marriage and divorce
C20356601,C10055,Litigation
C20356602,C10055,Litigation
C20356603,C10055,Litigation
C20356604,C10055,Litigation
C20356604,C10025,Debt
C20356605,C10131,Europe and Russia
C20356605,C10055,Litigation
C20356605,C10108,Trade and commerce
C20356606,C10055,Litigation
C20356607,C10055,Litigation
C20356607,C10025,Debt
C20356608,C10055,Litigation
C20356609,C10055,Litigation
C20356610,C10055,Litigation
C20356610,C10036,Farming
C20356611,C10055,Litigation
C20356611,C10056,Manors
C20356612,C10055,Litigation
C20356612,C10107,Tithes
C20356613,C10059,Marriage and divorce
C20356613,C10055,Litigation
C20356614,C10055,Litigation
C20356615,C10055,Litigation
C20356616,C10055,Litigation
C20356617,C10055,Litigation
C20356617,C10108,Trade and commerce
C20356617,C10056,Manors
C20356618,C10055,Litigation
C20356618,C10056,Manors
C20356619,C10055,Litigation
C20356620,C10055,Litigation
C20356620,C10056,Manors
C20356621,C10055,Litigation
C20356622,C10055,Litigation
C20356622,C10056,Manors
C20356623,C10055,Litigation
C20356624,C10055,Litigation
C20356625,C10055,Litigation
C20356626,C10055,Litigation
C20356627,C10055,Litigation
C20356628,C10055,Litigation
C20356629,C10055,Litigation
C20356630,C10055,Litigation
C20356631,C10055,Litigation
C20356632,C10055,Litigation
C20356633,C10055,Litigation
C20356633,C10056,Manors
C20356634,C10055,Litigation
C20356635,C10055,Litigation
C20356635,C10116,Wills and probate
C20356636,C10055,Litigation
C20356636,C10107,Tithes
C20356637,C10055,Litigation
C20356638,C10055,Litigation
C20356639,C10055,Litigation
C20356640,C10055,Litigation
C20356640,C10056,Manors
C20356641,C10055,Litigation
C20356642,C10055,Litigation
C20356643,C10055,Litigation
C20356643,C10056,Manors
C20356644,C10055,Litigation
C20356644,C10077,Pay and pensions
C20356645,C10055,Litigation
C20356646,C10055,Litigation
C20356646,C10132,Ireland
C20356647,C10055,Litigation
C20356647,C10007,Banking
C20356647,C10022,Conveyancing
C20356648,C10055,Litigation
C20356649,C10055,Litigation
C20356649,C10108,Trade and commerce
C20356649,C10025,Debt
C20356650,C10055,Litigation
C20356650,C10025,Debt
C20356651,C10059,Marriage and divorce
C20356651,C10055,Litigation
C20356651,C10108,Trade and commerce
C20356652,C10055,Litigation
C20356653,C10055,Litigation
C20356654,C10055,Litigation
C20368139,C10055,Litigation
C20368140,C10055,Litigation
C20368141,C10055,Litigation
C20368142,C10055,Litigation
C20368143,C10055,Litigation
C20368143,C10108,Trade and commerce
C20368144,C10055,Litigation
C20368145,C10055,Litigation
C20368145,C10056,Manors
C20368146,C10055,Litigation
C20368147,C10055,Litigation
C20368148,C10131,Europe and Russia
C20368148,C10055,Litigation
C20368148,C10108,Trade and commerce
C20368149,C10055,Litigation
C20368149,C10056,Manors
C20368150,C10055,Litigation
C20368151,C10055,Litigation
C20368152,C10055,Litigation
C20368153,C10055,Litigation
C20368153,C10108,Trade and commerce
C20368154,C10059,Marriage and divorce
C20368154,C10055,Litigation
C20368155,C10055,Litigation
C20368156,C10055,Litigation
C20368157,C10055,Litigation
C20368158,C10055,Litigation
C20368158,C10108,Trade and commerce
C20368158,C10116,Wills and probate
C20368159,C10055,Litigation
C20368160,C10055,Litigation
C20368161,C10055,Litigation
C20368161,C10056,Manors
C20368162,C10055,Litigation
C20368163,C10055,Litigation
C20368163,C10025,Debt
C20368164,C10055,Litigation
C20368165,C10055,Litigation
C20368166,C10055,Litigation
C20368166,C10056,Manors
C20368166,C10116,Wills and probate
C20368167,C10055,Litigation
C20368168,C10055,Litigation
C20368168,C10056,Manors
C20368169,C10059,Marriage and divorce
C20368169,C10055,Litigation
C20368170,C10055,Litigation
C20368171,C10055,Litigation
C20368172,C10055,Litigation
C20368172,C10025,Debt
C20368173,C10055,Litigation
C20368174,C10055,Litigation
C20368174,C10077,Pay and pensions
C20368175,C10055,Litigation
C20368176,C10055,Litigation
C20368177,C10055,Litigation
C20368178,C10055,Litigation
C20368179,C10055,Litigation
C20368179,C10056,Manors
C20368180,C10055,Litigation
C20368181,C10055,Litigation
C20368182,C10055,Litigation
C20368182,C10056,Manors
C20368182,C10007,Banking
C20368182,C10022,Conveyancing
C20368183,C10055,Litigation
C20368183,C10056,Manors
C20368184,C10055,Litigation
C20368184,C10056,Manors
C20368185,C10055,Litigation
C20368185,C10052,Labour
C20368186,C10055,Litigation
C20368187,C10055,Litigation
C20368188,C10055,Litigation
C20368189,C10055,Litigation
C20368189,C10056,Manors
C20368190,C10055,Litigation
C20368190,C10025,Debt
C20368191,C10055,Litigation
C20368192,C10055,Litigation
C20368192,C10056,Manors
C20368193,C10055,Litigation
C20368194,C10055,Litigation
C20368195,C10055,Litigation
C20368196,C10055,Litigation
C20368197,C10055,Litigation
C20368198,C10055,Litigation
C20368198,C10056,Manors
C20368199,C10055,Litigation
C20368199,C10108,Trade and commerce
C20368199,C10025,Debt
C20368200,C10055,Litigation
C20368201,C10055,Litigation
C20368202,C10055,Litigation
C20368203,C10055,Litigation
C20368203,C10007,Banking
C20368203,C10022,Conveyancing
C20368204,C10055,Litigation
C20368205,C10055,Litigation
C20368206,C10055,Litigation
C20368206,C10025,Debt
C20368207,C10055,Litigation
C20368208,C10055,Litigation
C20368208,C10056,Manors
C20368209,C10055,Litigation
C20368210,C10055,Litigation
C20368211,C10055,Litigation
C20368212,C10055,Litigation
C20368213,C10055,Litigation
C20368213,C10052,Labour
C20368214,C10055,Litigation
C20368214,C10036,Farming
C20368215,C10055,Litigation
C20368216,C10055,Litigation
C20368216,C10056,Manors
C20368217,C10055,Litigation
C20368217,C10056,Manors
C20368218,C10055,Litigation
C20368219,C10055,Litigation
C20368220,C10055,Litigation
C20368221,C10023,Crime
C20368221,C10055,Litigation
C20368222,C10055,Litigation
C20368223,C10055,Litigation
C20368223,C10012,Children
C20368224,C10055,Litigation
C20368225,C10055,Litigation
C20368226,C10055,Litigation
C20368227,C10055,Litigation
C20368227,C10056,Manors
C20368228,C10055,Litigation
C20368229,C10055,Litigation
C20368229,C10025,Debt
C20368230,C10055,Litigation
C20368231,C10055,Litigation
C20368231,C10056,Manors
C20368232,C10055,Litigation
C20368233,C10055,Litigation
C20368233,C10056,Manors
C20368234,C10055,Litigation
C20368235,C10055,Litigation
C20368236,C10055,Litigation
C20368237,C10055,Litigation
C20368238,C10055,Litigation
C20368239,C10055,Litigation
C20368240,C10055,Litigation
C20368240,C10056,Manors
C20368241,C10055,Litigation
C20368242,C10055,Litigation
C20368243,C10055,Litigation
C20368244,C10055,Litigation
C20368245,C10055,Litigation
C20368246,C10055,Litigation
C20368247,C10055,Litigation
C20368248,C10055,Litigation
C20368249,C10055,Litigation
C20368249,C10056,Manors
C20368250,C10055,Litigation
C20368251,C10055,Litigation
C20368251,C10056,Manors
C20368252,C10055,Litigation
C20368253,C10055,Litigation
C20368253,C10056,Manors
C20368254,C10055,Litigation
C20368255,C10055,Litigation
C20368255,C10056,Manors
C20368256,C10055,Litigation
C20368257,C10055,Litigation
C20368257,C10056,Manors
C20368258,C10055,Litigation
C20368259,C10055,Litigation
C20368260,C10055,Litigation
C20368261,C10055,Litigation
C20368261,C10065,Armed Forces (General Administration)
C20368261,C10072,Navy
C20368262,C10055,Litigation
C20368263,C10055,Litigation
C20368264,C10055,Litigation
C20368265,C10055,Litigation
C20368266,C10055,Litigation
C20368267,C10055,Litigation
C20368267,C10025,Debt
C20368268,C10055,Litigation
C20368268,C10056,Manors
C20368269,C10055,Litigation
C20368269,C10056,Manors
C20368270,C10055,Litigation
C20368271,C10055,Litigation
C20368272,C10055,Litigation
C20368272,C10056,Manors
C20368273,C10055,Litigation
C20405764,C10055,Litigation
C20405764,C10056,Manors
C20405765,C10055,Litigation
C20405765,C10107,Tithes
C20405766,C10055,Litigation
C20405767,C10055,Litigation
C20405767,C10108,Trade and commerce
C20405768,C10055,Litigation
C20405769,C10055,Litigation
C20405770,C10055,Litigation
C20405770,C10056,Manors
C20405771,C10055,Litigation
C20405771,C10056,Manors
C20405772,C10055,Litigation
C20405773,C10055,Litigation
C20405773,C10025,Debt
C20405774,C10055,Litigation
C20405775,C10055,Litigation
C20405776,C10055,Litigation
C20405777,C10055,Litigation
C20405778,C10055,Litigation
C20405778,C10108,Trade and commerce
C20405779,C10131,Europe and Russia
C20405779,C10055,Litigation
C20405779,C10108,Trade and commerce
C20405780,C10055,Litigation
C20405780,C10056,Manors
C20405781,C10055,Litigation
C20405781,C10052,Labour
C20405782,C10055,Litigation
C20405782,C10074,Oil and gas
C20405783,C10055,Litigation
C20405784,C10055,Litigation
C20405784,C10036,Farming
C20405785,C10023,Crime
C20405785,C10055,Litigation
C20405786,C10055,Litigation
C20405787,C10055,Litigation
C20405788,C10055,Litigation
C20405789,C10055,Litigation
C20405790,C10055,Litigation
C20405791,C10055,Litigation
C20405792,C10055,Litigation
C20405793,C10055,Litigation
C20405794,C10059,Marriage and divorce
C20405794,C10055,Litigation
C20405795,C10055,Litigation
C20405795,C10056,Manors
C20405795,C10036,Farming
C20405796,C10055,Litigation
C20405796,C10108,Trade and commerce
C20405796,C10025,Debt
C20405797,C10055,Litigation
C20405798,C10055,Litigation
C20405799,C10055,Litigation
C20405800,C10055,Litigation
C20405801,C10055,Litigation
C20405801,C10056,Manors
C20405802,C10055,Litigation
C20405803,C10055,Litigation
C20405804,C10055,Litigation
C20405804,C10108,Trade and commerce
C20405805,C10055,Litigation
C20405805,C10025,Debt
C20405806,C10055,Litigation
C20405807,C10055,Litigation
C20405808,C10055,Litigation
C20405809,C10055,Litigation
C20405810,C10055,Litigation
C20405810,C10108,Trade and commerce
C20405811,C10055,Litigation
C20405812,C10055,Litigation
C20405813,C10055,Litigation
C20405814,C10055,Litigation
C20405815,C10055,Litigation
C20405816,C10055,Litigation
C20405817,C10055,Litigation
C20405818,C10055,Litigation
C20405819,C10055,Litigation
C20405820,C10055,Litigation
C20405820,C10056,Manors
C20405821,C10055,Litigation
C20405821,C10108,Trade and commerce
C20405822,C10055,Litigation
C20405823,C10055,Litigation
C20405824,C10055,Litigation
C20405825,C10059,Marriage and divorce
C20405825,C10055,Litigation
C20405825,C10056,Manors
C20405826,C10055,Litigation
C20405827,C10055,Litigation
C20405828,C10055,Litigation
C20405829,C10055,Litigation
C20405829,C10007,Banking
C20405829,C10022,Conveyancing
C20405830,C10055,Litigation
C20405830,C10056,Manors
C20405831,C10055,Litigation
C20405831,C10056,Manors
C20405832,C10055,Litigation
C20405833,C10055,Litigation
C20405834,C10039,Food and drink
C20405834,C10055,Litigation
C20405835,C10055,Litigation
C20405835,C10056,Manors
C20405836,C10055,Litigation
C20405836,C10056,Manors
C20405837,C10055,Litigation
C20405838,C10055,Litigation
C20405839,C10055,Litigation
C20405839,C10056,Manors
C20405840,C10055,Litigation
C20405841,C10055,Litigation
C20405842,C10055,Litigation
C20405843,C10055,Litigation
C20405844,C10055,Litigation
C20405845,C10055,Litigation
C20405846,C10059,Marriage and divorce
C20405846,C10055,Litigation
C20405847,C10055,Litigation
C20405848,C10055,Litigation
C20405848,C10056,Manors
C20405849,C10055,Litigation
C20405850,C10055,Litigation
C20405851,C10055,Litigation
C20405852,C10055,Litigation
C20405853,C10055,Litigation
C20405854,C10055,Litigation
C20405855,C10055,Litigation
C20405855,C10056,Manors
C20405856,C10093,Religions
C20405856,C10055,Litigation
C20405857,C10055,Litigation
C20405858,C10055,Litigation
C20405859,C10055,Litigation
C20405860,C10055,Litigation
C20405861,C10055,Litigation
C20405862,C10055,Litigation
C20405862,C10056,Manors
C20405863,C10055,Litigation
C20405863,C10056,Manors
C20405864,C10055,Litigation
C20405865,C10055,Litigation
C20405866,C10055,Litigation
C20405867,C10055,Litigation
C20405868,C10055,Litigation
C20405869,C10055,Litigation
C20405870,C10055,Litigation
C20405870,C10056,Manors
C20405871,C10055,Litigation
C20405871,C10077,Pay and pensions
C20405872,C10055,Litigation
C20405873,C10055,Litigation
C20405874,C10055,Litigation
C20405874,C10056,Manors
C20405875,C10055,Litigation
C20405875,C10056,Manors
C20405876,C10055,Litigation
C20405877,C10055,Litigation
C20405878,C10055,Litigation
C20405879,C10055,Litigation
C20405880,C10055,Litigation
C20405880,C10056,Manors
C20405881,C10055,Litigation
C20405882,C10055,Litigation
C20405882,C10013,Clothing
C20405883,C10055,Litigation
C20405884,C10055,Litigation
C20405885,C10055,Litigation
C20405885,C10036,Farming
C20405886,C10055,Litigation
C20405887,C10039,Food and drink
C20405887,C10055,Litigation
C20405887,C10108,Trade and commerce
C20405888,C10055,Litigation
C20405888,C10052,Labour
C20405889,C10055,Litigation
C20405890,C10055,Litigation
C20405891,C10055,Litigation
C20405892,C10055,Litigation
C20405893,C10055,Litigation
C20405894,C10055,Litigation
C20405895,C10055,Litigation
C20405896,C10055,Litigation
C20405897,C10055,Litigation
C20405898,C10039,Food and drink
C20405898,C10055,Litigation
C20405898,C10108,Trade and commerce
C20405898,C10025,Debt
C20405899,C10055,Litigation
C20405899,C10108,Trade and commerce
C20405900,C10055,Litigation
C20405900,C10108,Trade and commerce
C20405901,C10055,Litigation
C20405901,C10056,Manors
C20405901,C10077,Pay and pensions
C20405902,C10055,Litigation
C20405903,C10055,Litigation
C20405903,C10025,Debt
C20405904,C10131,Europe and Russia
C20405904,C10055,Litigation
C20405904,C10065,Armed Forces (General Administration)
C20405904,C10072,Navy
C20405904,C10108,Trade and commerce
C20405905,C10055,Litigation
C20405905,C10025,Debt
C20405906,C10055,Litigation
C20405907,C10055,Litigation
C20405908,C10055,Litigation
C20405908,C10056,Manors
C20405909,C10055,Litigation
C20405909,C10056,Manors
C20405910,C10055,Litigation
C20405911,C10055,Litigation
C20405912,C10055,Litigation
C20405913,C10055,Litigation
C20405914,C10055,Litigation
C20405914,C10108,Trade and commerce
C20405914,C10071,Nationality
C20405915,C10055,Litigation
C20405915,C10071,Nationality
C20405916,C10055,Litigation
C20405917,C10055,Litigation
C20405917,C10071,Nationality
C20405918,C10055,Litigation
C20405918,C10071,Nationality
C20405919,C10055,Litigation
C20405920,C10055,Litigation
C20405921,C10055,Litigation
C20405921,C10025,Debt
C20405922,C10055,Litigation
C20405923,C10055,Litigation
C20405924,C10055,Litigation
C20405925,C10055,Litigation
C20405926,C10055,Litigation
C20405927,C10055,Litigation
C20405928,C10055,Litigation
C20405928,C10056,Manors
C20405929,C10055,Litigation
C20405930,C10055,Litigation
C20405931,C10055,Litigation
C20405931,C10010,Charities
C20405932,C10055,Litigation
C20405933,C10055,Litigation
C20405933,C10052,Labour
C20405934,C10055,Litigation
C20405934,C10108,Trade and commerce
C20405935,C10055,Litigation
C20405936,C10059,Marriage and divorce
C20405936,C10055,Litigation
C20405936,C10056,Manors
C20405937,C10059,Marriage and divorce
C20405937,C10055,Litigation
C20405937,C10108,Trade and commerce
C20405938,C10055,Litigation
C20405938,C10036,Farming
C20405939,C10055,Litigation
C20405939,C10025,Debt
C20405940,C10055,Litigation
C20405941,C10055,Litigation
C20405942,C10055,Litigation
C20405943,C10055,Litigation
C20405944,C10055,Litigation
C20405944,C10025,Debt
C20405944,C10077,Pay and pensions
C20405945,C10055,Litigation
C20405946,C10055,Litigation
C20405947,C10055,Litigation
C20405947,C10056,Manors
C20405948,C10055,Litigation
C20405948,C10056,Manors
C20405949,C10055,Litigation
C20405949,C10056,Manors
C20405950,C10055,Litigation
C20405951,C10055,Litigation
C20405952,C10055,Litigation
C20405953,C10055,Litigation
C20405953,C10077,Pay and pensions
C20405954,C10055,Litigation
C20405955,C10055,Litigation
C20405955,C10108,Trade and commerce
C20405956,C10055,Litigation
C20405957,C10055,Litigation
C20405958,C10055,Litigation
C20405959,C10055,Litigation
C20405959,C10012,Children
C20405960,C10055,Litigation
C20405960,C10012,Children
C20405961,C10055,Litigation
C20405961,C10056,Manors
C20405962,C10055,Litigation
C20405963,C10055,Litigation
C20405964,C10055,Litigation
C20405965,C10055,Litigation
C20405966,C10055,Litigation
C20405966,C10036,Farming
C20405967,C10055,Litigation
C20405968,C10055,Litigation
C20405969,C10055,Litigation
C20405969,C10056,Manors
C20405970,C10055,Litigation
C20405971,C10055,Litigation
C20405972,C10055,Litigation
C20405973,C10055,Litigation
C20405973,C10108,Trade and commerce
C20405974,C10055,Litigation
C20405975,C10055,Litigation
C20405976,C10055,Litigation
C20405977,C10055,Litigation
C20405977,C10007,Banking
C20405978,C10055,Litigation
C20405979,C10055,Litigation
C20405980,C10055,Litigation
C20405981,C10055,Litigation
C20405981,C10056,Manors
C20405982,C10055,Litigation
C20405982,C10108,Trade and commerce
C20405983,C10055,Litigation
C20405984,C10055,Litigation
C20405985,C10055,Litigation
C20405985,C10025,Debt
C20405986,C10055,Litigation
C20405987,C10055,Litigation
C20405988,C10131,Europe and Russia
C20405988,C10055,Litigation
C20405988,C10108,Trade and commerce
C20405989,C10055,Litigation
C20405990,C10055,Litigation
C20405990,C10056,Manors
C20405991,C10055,Litigation
C20405992,C10093,Religions
C20405992,C10055,Litigation
C20405992,C10029,Disability
C20405993,C10055,Litigation
C20405993,C10036,Farming
C20405994,C10055,Litigation
C20405994,C10108,Trade and commerce
C20405994,C10025,Debt
C20405995,C10055,Litigation
C20405996,C10055,Litigation
C20405996,C10056,Manors
C20405997,C10055,Litigation
C20405998,C10055,Litigation
C20405999,C10023,Crime
C20405999,C10055,Litigation
C20406000,C10055,Litigation
C20406001,C10055,Litigation
C20406001,C10025,Debt
C20406002,C10059,Marriage and divorce
C20406002,C10055,Litigation
C20406003,C10055,Litigation
C20406004,C10055,Litigation
C20406005,C10055,Litigation
C20406006,C10055,Litigation
C20406006,C10056,Manors
C20406007,C10055,Litigation
C20406008,C10055,Litigation
C20406009,C10055,Litigation
C20406010,C10055,Litigation
C20406011,C10055,Litigation
C20406012,C10055,Litigation
C20406012,C10107,Tithes
C20406013,C10055,Litigation
C20406014,C10055,Litigation
C20406014,C10108,Trade and commerce
C20406015,C10055,Litigation
C20406015,C10108,Trade and commerce
C20406016,C10055,Litigation
C20406017,C10055,Litigation
C20406018,C10055,Litigation
C20406018,C10056,Manors
C20406019,C10055,Litigation
C20406020,C10055,Litigation
C20406021,C10055,Litigation
C20406021,C10056,Manors
C20406022,C10055,Litigation
C20406023,C10055,Litigation
C20406024,C10055,Litigation
C20406024,C10056,Manors
C20406025,C10055,Litigation
C20406025,C10025,Debt
C20406026,C10038,Fishing
C20406026,C10055,Litigation
C20406027,C10059,Marriage and divorce
C20406027,C10055,Litigation
C20406028,C10055,Litigation
C20406029,C10055,Litigation
C20406029,C10108,Trade and commerce
C20406030,C10055,Litigation
C20406031,C10059,Marriage and divorce
C20406031,C10055,Litigation
C20406032,C10055,Litigation
C20406032,C10036,Farming
C20406033,C10055,Litigation
C20406033,C10108,Trade and commerce
C20406034,C10055,Litigation
C20406035,C10055,Litigation
C20406036,C10055,Litigation
C20406036,C10056,Manors
C20406037,C10055,Litigation
C20406037,C10056,Manors
C20406038,C10055,Litigation
C20406038,C10108,Trade and commerce
C20406038,C10056,Manors
C20406039,C10055,Litigation
C20406040,C10055,Litigation
C20406041,C10055,Litigation
C20406042,C10055,Litigation
C20406043,C10055,Litigation
C20406044,C10055,Litigation
C20406044,C10056,Manors
C20406045,C10055,Litigation
C20406046,C10055,Litigation
C20406047,C10055,Litigation
C20406047,C10036,Farming
C20406048,C10055,Litigation
C20406049,C10055,Litigation
C20406050,C10055,Litigation
C20406051,C10055,Litigation
C20406051,C10108,Trade and commerce
C20406052,C10055,Litigation
C20406052,C10116,Wills and probate
C20406053,C10055,Litigation
C20406054,C10055,Litigation
C20406055,C10055,Litigation
C20406055,C10056,Manors
C20406055,C10077,Pay and pensions
C20406056,C10055,Litigation
C20406057,C10055,Litigation
C20406058,C10055,Litigation
C20406059,C10055,Litigation
C20406060,C10055,Litigation
C20406060,C10101,Sewerage
C20406061,C10055,Litigation
C20406061,C10108,Trade and commerce
C20406062,C10055,Litigation
C20406063,C10055,Litigation
C20406063,C10056,Manors
C20406064,C10055,Litigation
C20406065,C10055,Litigation
C20406066,C10055,Litigation
C20406067,C10055,Litigation
C20406068,C10055,Litigation
C20406068,C10036,Farming
C20406069,C10055,Litigation
C20406070,C10055,Litigation
C20406070,C10025,Debt
C20406071,C10055,Litigation
C20406071,C10056,Manors
C20406072,C10055,Litigation
C20406072,C10056,Manors
C20406073,C10039,Food and drink
C20406073,C10055,Litigation
C20406074,C10059,Marriage and divorce
C20406074,C10055,Litigation
C20406074,C10056,Manors
C20406075,C10055,Litigation
C20406076,C10055,Litigation
C20406076,C10108,Trade and commerce
C20406077,C10055,Litigation
C20406077,C10007,Banking
C20406077,C10022,Conveyancing
C20406078,C10055,Litigation
C20406079,C10055,Litigation
C20406080,C10055,Litigation
C20406081,C10055,Litigation
C20406081,C10108,Trade and commerce
C20406081,C10025,Debt
C20406082,C10055,Litigation
C20406082,C10056,Manors
C20406083,C10055,Litigation
C20406084,C10055,Litigation
C20406085,C10055,Litigation
C20406085,C10025,Debt
C20406086,C10055,Litigation
C20406086,C10108,Trade and commerce
C20406087,C10055,Litigation
C20406088,C10055,Litigation
C20406089,C10055,Litigation
C20406090,C10055,Litigation
C20406091,C10055,Litigation
C20406091,C10108,Trade and commerce
C20406092,C10055,Litigation
C20406093,C10055,Litigation
C20412520,C10055,Litigation
C20412521,C10055,Litigation
C20412521,C10056,Manors
C20412522,C10055,Litigation
C20412523,C10055,Litigation
C20412524,C10055,Litigation
C20412525,C10055,Litigation
C20412525,C10056,Manors
C20412526,C10055,Litigation
C20412527,C10055,Litigation
C20412527,C10025,Debt
C20412528,C10055,Litigation
C20412529,C10055,Litigation
C20412530,C10055,Litigation
C20412531,C10131,Europe and Russia
C20412531,C10055,Litigation
C20412531,C10108,Trade and commerce
C20412532,C10055,Litigation
C20412532,C10056,Manors
C20412533,C10055,Litigation
C20412534,C10055,Litigation
C20412534,C10056,Manors
C20412535,C10055,Litigation
C20412536,C10055,Litigation
C20412537,C10055,Litigation
C20412538,C10055,Litigation
C20412539,C10055,Litigation
C20412539,C10107,Tithes
C20412540,C10055,Litigation
C20412541,C10055,Litigation
C20412542,C10055,Litigation
C20412542,C10025,Debt
C20412543,C10055,Litigation
C20412543,C10056,Manors
C20412544,C10055,Litigation
C20412545,C10055,Litigation
C20412546,C10055,Litigation
C20412547,C10055,Litigation
C20412547,C10108,Trade and commerce
C20412548,C10055,Litigation
C20412549,C10055,Litigation
C20412550,C10055,Litigation
C20412551,C10055,Litigation
C20412551,C10116,Wills and probate
C20412552,C10055,Litigation
C20412552,C10108,Trade and commerce
C20412553,C10055,Litigation
C20412554,C10055,Litigation
C20412554,C10056,Manors
C20412555,C10055,Litigation
C20412556,C10059,Marriage and divorce
C20412556,C10055,Litigation
C20412556,C10056,Manors
C20412557,C10055,Litigation
C20412557,C10107,Tithes
C20412558,C10055,Litigation
C20412559,C10055,Litigation
C20412560,C10055,Litigation
C20412561,C10055,Litigation
C20412561,C10108,Trade and commerce
C20412562,C10055,Litigation
C20412563,C10055,Litigation
C20412563,C10056,Manors
C20412564,C10055,Litigation
C20412565,C10055,Litigation
C20412566,C10055,Litigation
C20412567,C10055,Litigation
C20412568,C10055,Litigation
C20412568,C10056,Manors
C20412569,C10055,Litigation
C20412570,C10055,Litigation
C20412571,C10055,Litigation
C20412571,C10056,Manors
C20412572,C10055,Litigation
C20412572,C10056,Manors
C20412573,C10055,Litigation
C20412574,C10055,Litigation
C20412574,C10056,Manors
C20412575,C10055,Litigation
C20412576,C10055,Litigation
C20412577,C10055,Litigation
C20412578,C10055,Litigation
C20412579,C10055,Litigation
C20412580,C10055,Litigation
C20412581,C10055,Litigation
C20412582,C10055,Litigation
C20412583,C10055,Litigation
C20412583,C10025,Debt
C20412584,C10055,Litigation
C20412585,C10055,Litigation
C20412586,C10055,Litigation
C20412586,C10056,Manors
C20412587,C10055,Litigation
C20412587,C10036,Farming
C20412588,C10055,Litigation
C20412589,C10055,Litigation
C20412590,C10055,Litigation
C20412591,C10055,Litigation
C20412592,C10055,Litigation
C20412592,C10132,Ireland
C20412593,C10055,Litigation
C20412594,C10055,Litigation
C20412594,C10025,Debt
C20412595,C10055,Litigation
C20412596,C10055,Litigation
C20412597,C10055,Litigation
C20412598,C10055,Litigation
C20412599,C10131,Europe and Russia
C20412599,C10055,Litigation
C20412599,C10056,Manors
C20412600,C10055,Litigation
C20412600,C10116,Wills and probate
C20412601,C10055,Litigation
C20412602,C10055,Litigation
C20412603,C10055,Litigation
C20412603,C10108,Trade and commerce
C20412604,C10055,Litigation
C20412604,C10108,Trade and commerce
C20412605,C10055,Litigation
C20412606,C10055,Litigation
C20412607,C10055,Litigation
C20412608,C10055,Litigation
C20412609,C10055,Litigation
C20412609,C10116,Wills and probate
C20412610,C10055,Litigation
C20412610,C10056,Manors
C20412611,C10055,Litigation
C20412612,C10055,Litigation
C20412613,C10055,Litigation
C20412613,C10107,Tithes
C20412614,C10055,Litigation
C20412614,C10025,Debt
C20412615,C10055,Litigation
C20412615,C10025,Debt
C20412616,C10055,Litigation
C20412617,C10055,Litigation
C20412617,C10025,Debt
C20412618,C10055,Litigation
C20412619,C10055,Litigation
C20412620,C10055,Litigation
C20412621,C10023,Crime
C20412621,C10055,Litigation
C20412621,C10036,Farming
C20412622,C10055,Litigation
C20412623,C10055,Litigation
C20412624,C10055,Litigation
C20412624,C10056,Manors
C20412625,C10055,Litigation
C20412626,C10055,Litigation
C20412626,C10056,Manors
C20412627,C10055,Litigation
C20412628,C10055,Litigation
C20412628,C10056,Manors
C20412629,C10055,Litigation
C20412629,C10085,Prisons
C20412630,C10055,Litigation
C20412630,C10108,Trade and commerce
C20412631,C10055,Litigation
C20412631,C10025,Debt
C20412632,C10055,Litigation
C20412632,C10108,Trade and commerce
C20412633,C10055,Litigation
C20412634,C10055,Litigation
C20412635,C10055,Litigation
C20412635,C10025,Debt
C20412636,C10055,Litigation
C20412637,C10055,Litigation
C20412638,C10055,Litigation
C20412638,C10012,Children
C20412639,C10055,Litigation
C20412640,C10055,Litigation
C20412641,C10055,Litigation
C20412641,C10077,Pay and pensions
C20412642,C10055,Litigation
C20412642,C10108,Trade and commerce
C20412643,C10131,Europe and Russia
C20412643,C10055,Litigation
C20412643,C10108,Trade and commerce
C20412643,C10125,Americas
C20412644,C10055,Litigation
C20412644,C10108,Trade and commerce
C20412645,C10055,Litigation
C20412645,C10025,Debt
C20412645,C10077,Pay and pensions
C20412646,C10055,Litigation
C20412646,C10025,Debt
C20412647,C10055,Litigation
C20412648,C10055,Litigation
C20412649,C10055,Litigation
C20412649,C10056,Manors
C20412650,C10055,Litigation
C20412650,C10025,Debt
C20412651,C10055,Litigation
C20412652,C10055,Litigation
C20412653,C10055,Litigation
C20412653,C10025,Debt
C20412654,C10055,Litigation
C20412402,C10055,Litigation
C20412403,C10055,Litigation
C20412403,C10108,Trade and commerce
C20412404,C10055,Litigation
C20412404,C10056,Manors
C20412405,C10055,Litigation
C20412406,C10055,Litigation
C20412407,C10055,Litigation
C20412408,C10059,Marriage and divorce
C20412408,C10055,Litigation
C20412409,C10055,Litigation
C20412410,C10055,Litigation
C20412411,C10055,Litigation
C20412411,C10025,Debt
C20412412,C10059,Marriage and divorce
C20412412,C10055,Litigation
C20412413,C10055,Litigation
C20412413,C10108,Trade and commerce
C20412414,C10055,Litigation
C20412415,C10055,Litigation
C20412416,C10055,Litigation
C20412417,C10059,Marriage and divorce
C20412417,C10055,Litigation
C20412418,C10055,Litigation
C20412419,C10055,Litigation
C20412420,C10055,Litigation
C20412421,C10055,Litigation
C20412422,C10055,Litigation
C20412422,C10056,Manors
C20412423,C10055,Litigation
C20412424,C10055,Litigation
C20412425,C10055,Litigation
C20412426,C10055,Litigation
C20412427,C10055,Litigation
C20412428,C10055,Litigation
C20412429,C10055,Litigation
C20412429,C10108,Trade and commerce
C20412430,C10055,Litigation
C20412431,C10055,Litigation
C20412431,C10007,Banking
C20412431,C10022,Conveyancing
C20412432,C10055,Litigation
C20412433,C10055,Litigation
C20412434,C10055,Litigation
C20412435,C10055,Litigation
C20412436,C10055,Litigation
C20412437,C10055,Litigation
C20412437,C10056,Manors
C20412438,C10055,Litigation
C20412438,C10056,Manors
C20412438,C10012,Children
C20412439,C10055,Litigation
C20412440,C10055,Litigation
C20412441,C10055,Litigation
C20412442,C10055,Litigation
C20412442,C10056,Manors
C20412443,C10055,Litigation
C20412444,C10055,Litigation
C20412445,C10055,Litigation
C20412446,C10055,Litigation
C20412447,C10055,Litigation
C20412447,C10056,Manors
C20412447,C10116,Wills and probate
C20412448,C10023,Crime
C20412448,C10055,Litigation
C20412449,C10055,Litigation
C20412450,C10055,Litigation
C20412450,C10056,Manors
C20412451,C10055,Litigation
C20412452,C10059,Marriage and divorce
C20412452,C10055,Litigation
C20412453,C10055,Litigation
C20412454,C10055,Litigation
C20412455,C10055,Litigation
C20412456,C10055,Litigation
C20412457,C10055,Litigation
C20412458,C10055,Litigation
C20412459,C10055,Litigation
C20412460,C10055,Litigation
C20412460,C10108,Trade and commerce
C20412461,C10055,Litigation
C20412461,C10108,Trade and commerce
C20412462,C10055,Litigation
C20412463,C10055,Litigation
C20412464,C10055,Litigation
C20412465,C10055,Litigation
C20412466,C10055,Litigation
C20412467,C10055,Litigation
C20412468,C10055,Litigation
C20412469,C10055,Litigation
C20412470,C10055,Litigation
C20412471,C10055,Litigation
C20412471,C10056,Manors
C20412472,C10055,Litigation
C20412473,C10055,Litigation
C20412474,C10055,Litigation
C20412475,C10055,Litigation
C20412476,C10055,Litigation
C20412477,C10055,Litigation
C20412477,C10025,Debt
C20412478,C10055,Litigation
C20412479,C10055,Litigation
C20412480,C10055,Litigation
C20412481,C10055,Litigation
C20412481,C10056,Manors
C20412482,C10055,Litigation
C20412483,C10055,Litigation
C20412483,C10107,Tithes
C20412484,C10055,Litigation
C20412485,C10055,Litigation
C20412486,C10055,Litigation
C20412487,C10055,Litigation
C20412488,C10055,Litigation
C20412488,C10108,Trade and commerce
C20412489,C10055,Litigation
C20412490,C10055,Litigation
C20412491,C10055,Litigation
C20412492,C10055,Litigation
C20412492,C10056,Manors
C20412493,C10055,Litigation
C20412494,C10055,Litigation
C20412495,C10055,Litigation
C20412495,C10132,Ireland
C20412495,C10056,Manors
C20412496,C10055,Litigation
C20412497,C10055,Litigation
C20412497,C10056,Manors
C20412498,C10055,Litigation
C20412499,C10055,Litigation
C20412500,C10055,Litigation
C20412501,C10055,Litigation
C20412502,C10055,Litigation
C20412503,C10055,Litigation
C20412504,C10055,Litigation
C20412505,C10055,Litigation
C20412506,C10055,Litigation
C20412507,C10055,Litigation
C20412508,C10055,Litigation
C20412508,C10107,Tithes
C20412509,C10055,Litigation
C20412509,C10062,Mental illness
C20412510,C10055,Litigation
C20412511,C10055,Litigation
C20412512,C10055,Litigation
C20412513,C10055,Litigation
C20412514,C10055,Litigation
C20412515,C10055,Litigation
C20412515,C10108,Trade and commerce
C20412516,C10055,Litigation
C20412517,C10055,Litigation
C20412518,C10055,Litigation
C20412519,C10055,Litigation
C20415745,C10055,Litigation
C20415746,C10055,Litigation
C20415746,C10012,Children
C20415747,C10055,Litigation
C20415748,C10055,Litigation
C20415749,C10055,Litigation
C20415750,C10055,Litigation
C20415751,C10055,Litigation
C20415752,C10055,Litigation
C20415752,C10056,Manors
C20415753,C10055,Litigation
C20415754,C10038,Fishing
C20415754,C10055,Litigation
C20415754,C10014,Coal
C20415754,C10066,Mining and quarrying
C20415754,C10116,Wills and probate
C20415755,C10055,Litigation
C20415756,C10055,Litigation
C20415757,C10055,Litigation
C20415758,C10055,Litigation
C20415758,C10056,Manors
C20415759,C10055,Litigation
C20415760,C10055,Litigation
C20415761,C10055,Litigation
C20415762,C10055,Litigation
C20415762,C10025,Debt
C20415763,C10055,Litigation
C20415763,C10025,Debt
C20415764,C10055,Litigation
C20415764,C10025,Debt
C20415765,C10055,Litigation
C20415766,C10055,Litigation
C20415766,C10056,Manors
C20415767,C10055,Litigation
C20415767,C10108,Trade and commerce
C20415767,C10052,Labour
C20415768,C10055,Litigation
C20415768,C10077,Pay and pensions
C20415768,C10036,Farming
C20415769,C10055,Litigation
C20415769,C10056,Manors
C20415770,C10055,Litigation
C20415771,C10055,Litigation
C20415772,C10055,Litigation
C20415773,C10055,Litigation
C20415774,C10055,Litigation
C20415774,C10056,Manors
C20415774,C10036,Farming
C20415775,C10059,Marriage and divorce
C20415775,C10055,Litigation
C20415775,C10108,Trade and commerce
C20415776,C10055,Litigation
C20415776,C10107,Tithes
C20415777,C10055,Litigation
C20415777,C10025,Debt
C20415778,C10055,Litigation
C20415778,C10108,Trade and commerce
C20415779,C10055,Litigation
C20415780,C10055,Litigation
C20415781,C10055,Litigation
C20415782,C10055,Litigation
C20415783,C10055,Litigation
C20415784,C10055,Litigation
C20415784,C10056,Manors
C20415785,C10055,Litigation
C20415785,C10056,Manors
C20415786,C10055,Litigation
C20415787,C10055,Litigation
C20415788,C10055,Litigation
C20415788,C10056,Manors
C20415789,C10055,Litigation
C20415789,C10108,Trade and commerce
C20415789,C10056,Manors
C20415790,C10055,Litigation
C20415791,C10055,Litigation
C20415792,C10055,Litigation
C20415793,C10055,Litigation
C20415794,C10055,Litigation
C20415794,C10056,Manors
C20415795,C10055,Litigation
C20415795,C10013,Clothing
C20415796,C10055,Litigation
C20415796,C10025,Debt
C20415797,C10055,Litigation
C20415797,C10108,Trade and commerce
C20415798,C10055,Litigation
C20415798,C10025,Debt
C20415799,C10055,Litigation
C20415800,C10055,Litigation
C20415800,C10025,Debt
C20415801,C10055,Litigation
C20415802,C10055,Litigation
C20415803,C10055,Litigation
C20415804,C10055,Litigation
C20415805,C10055,Litigation
C20415806,C10055,Litigation
C20415806,C10108,Trade and commerce
C20415807,C10055,Litigation
C20415808,C10055,Litigation
C20415809,C10055,Litigation
C20415810,C10055,Litigation
C20415811,C10055,Litigation
C20415812,C10055,Litigation
C20415813,C10055,Litigation
C20415813,C10056,Manors
C20415814,C10055,Litigation
C20415815,C10055,Litigation
C20415815,C10071,Nationality
C20415815,C10036,Farming
C20415816,C10055,Litigation
C20415816,C10007,Banking
C20415816,C10022,Conveyancing
C20415817,C10055,Litigation
C20415818,C10055,Litigation
C20415818,C10108,Trade and commerce
C20415819,C10055,Litigation
C20415820,C10055,Litigation
C20415821,C10055,Litigation
C20415822,C10055,Litigation
C20415823,C10055,Litigation
C20415823,C10056,Manors
C20415824,C10055,Litigation
C20415824,C10108,Trade and commerce
C20415825,C10055,Litigation
C20415826,C10055,Litigation
C20415827,C10055,Litigation
C20415827,C10025,Debt
C20415828,C10059,Marriage and divorce
C20415828,C10055,Litigation
C20415829,C10055,Litigation
C20415829,C10007,Banking
C20415829,C10022,Conveyancing
C20415830,C10055,Litigation
C20415830,C10056,Manors
C20415831,C10055,Litigation
C20415832,C10055,Litigation
C20415832,C10056,Manors
C20415833,C10055,Litigation
C20415834,C10055,Litigation
C20415835,C10055,Litigation
C20415835,C10108,Trade and commerce
C20415836,C10055,Litigation
C20415837,C10055,Litigation
C20415838,C10055,Litigation
C20415839,C10055,Litigation
C20415840,C10055,Litigation
C20415841,C10055,Litigation
C20415842,C10055,Litigation
C20415843,C10055,Litigation
C20415844,C10055,Litigation
C20415844,C10056,Manors
C20415845,C10055,Litigation
C20415846,C10055,Litigation
C20415846,C10108,Trade and commerce
C20415846,C10025,Debt
C20415847,C10055,Litigation
C20415848,C10055,Litigation
C20415848,C10077,Pay and pensions
C20415849,C10055,Litigation
C20415849,C10056,Manors
C20415850,C10055,Litigation
C20415850,C10056,Manors
C20415851,C10055,Litigation
C20415852,C10055,Litigation
C20415853,C10055,Litigation
C20419878,C10055,Litigation
C20419878,C10025,Debt
C20419879,C10055,Litigation
C20419879,C10025,Debt
C20419880,C10055,Litigation
C20419881,C10055,Litigation
C20419882,C10055,Litigation
C20419883,C10055,Litigation
C20419884,C10055,Litigation
C20419885,C10055,Litigation
C20419886,C10055,Litigation
C20419887,C10055,Litigation
C20419887,C10036,Farming
C20419888,C10055,Litigation
C20419888,C10056,Manors
C20419889,C10055,Litigation
C20419890,C10055,Litigation
C20419891,C10055,Litigation
C20419892,C10055,Litigation
C20419892,C10056,Manors
C20419893,C10055,Litigation
C20419894,C10055,Litigation
C20419895,C10055,Litigation
C20419896,C10059,Marriage and divorce
C20419896,C10055,Litigation
C20419897,C10055,Litigation
C20419897,C10056,Manors
C20419898,C10055,Litigation
C20419898,C10025,Debt
C20419899,C10055,Litigation
C20419900,C10055,Litigation
C20419901,C10055,Litigation
C20419902,C10055,Litigation
C20419903,C10055,Litigation
C20419903,C10056,Manors
C20419904,C10055,Litigation
C20419904,C10056,Manors
C20419905,C10055,Litigation
C20419905,C10025,Debt
C20419906,C10055,Litigation
C20419907,C10055,Litigation
C20419908,C10055,Litigation
C20419908,C10056,Manors
C20419908,C10077,Pay and pensions
C20419909,C10055,Litigation
C20419910,C10039,Food and drink
C20419910,C10055,Litigation
C20419911,C10055,Litigation
C20419912,C10055,Litigation
C20419913,C10055,Litigation
C20419914,C10055,Litigation
C20419914,C10025,Debt
C20419915,C10055,Litigation
C20419915,C10056,Manors
C20419916,C10055,Litigation
C20419917,C10055,Litigation
C20419917,C10025,Debt
C20419918,C10055,Litigation
C20419919,C10055,Litigation
C20419919,C10022,Conveyancing
C20419920,C10055,Litigation
C20419920,C10056,Manors
C20419921,C10055,Litigation
C20419922,C10055,Litigation
C20419922,C10056,Manors
C20419923,C10055,Litigation
C20419924,C10055,Litigation
C20419924,C10108,Trade and commerce
C20419925,C10055,Litigation
C20419925,C10056,Manors
C20419925,C10012,Children
C20419926,C10055,Litigation
C20419926,C10056,Manors
C20419927,C10055,Litigation
C20419927,C10108,Trade and commerce
C20419927,C10052,Labour
C20419928,C10055,Litigation
C20419929,C10055,Litigation
C20419930,C10055,Litigation
C20419931,C10055,Litigation
C20419932,C10055,Litigation
C20419933,C10055,Litigation
C20419934,C10055,Litigation
C20419934,C10077,Pay and pensions
C20419935,C10055,Litigation
C20419936,C10055,Litigation
C20419937,C10055,Litigation
C20419938,C10055,Litigation
C20419939,C10055,Litigation
C20419940,C10055,Litigation
C20419941,C10055,Litigation
C20419942,C10055,Litigation
C20419942,C10025,Debt
C20419943,C10055,Litigation
C20419944,C10055,Litigation
C20419944,C10056,Manors
C20419945,C10055,Litigation
C20419946,C10055,Litigation
C20419947,C10055,Litigation
C20419948,C10055,Litigation
C20419949,C10055,Litigation
C20419950,C10055,Litigation
C20419950,C10056,Manors
C20419951,C10055,Litigation
C20419952,C10055,Litigation
C20419953,C10055,Litigation
C20419954,C10055,Litigation
C20419954,C10056,Manors
C20419955,C10055,Litigation
C20419956,C10055,Litigation
C20419957,C10055,Litigation
C20419957,C10025,Debt
C20419958,C10055,Litigation
C20419959,C10055,Litigation
C20419960,C10055,Litigation
C20419960,C10025,Debt
C20419961,C10055,Litigation
C20419961,C10107,Tithes
C20419962,C10055,Litigation
C20419962,C10056,Manors
C20419963,C10055,Litigation
C20419964,C10055,Litigation
C20419965,C10055,Litigation
C20419965,C10108,Trade and commerce
C20419965,C10025,Debt
C20419966,C10055,Litigation
C20419967,C10055,Litigation
C20419968,C10055,Litigation
C20419969,C10055,Litigation
C20419970,C10055,Litigation
C20419970,C10025,Debt
C20419971,C10055,Litigation
C20419972,C10055,Litigation
C20419972,C10056,Manors
C20419973,C10055,Litigation
C20419974,C10055,Litigation
C20419975,C10055,Litigation
C20419976,C10055,Litigation
C20419977,C10059,Marriage and divorce
C20419977,C10055,Litigation
C20419978,C10055,Litigation
C20419978,C10036,Farming
C20419979,C10055,Litigation
C20419979,C10025,Debt
C20419980,C10055,Litigation
C20419980,C10108,Trade and commerce
C20419981,C10055,Litigation
C20419981,C10056,Manors
C20419982,C10055,Litigation
C20419983,C10055,Litigation
C20419984,C10055,Litigation
C20419985,C10055,Litigation
C20419985,C10056,Manors
C20419986,C10055,Litigation
C20419986,C10056,Manors
C20419987,C10055,Litigation
C20419988,C10055,Litigation
C20419989,C10055,Litigation
C20419990,C10055,Litigation
C20419990,C10036,Farming
C20419991,C10055,Litigation
C20419992,C10055,Litigation
C20419993,C10055,Litigation
C20419994,C10055,Litigation
C20419995,C10055,Litigation
C20419996,C10055,Litigation
C20419996,C10108,Trade and commerce
C20419997,C10055,Litigation
C20419998,C10055,Litigation
C20419998,C10108,Trade and commerce
C20419998,C10025,Debt
C20419999,C10055,Litigation
C20420000,C10055,Litigation
C20420001,C10055,Litigation
C20420002,C10055,Litigation
C20420003,C10055,Litigation
C20420003,C10056,Manors
C20420004,C10055,Litigation
C20420005,C10055,Litigation
C20420005,C10012,Children
C20420006,C10055,Litigation
C20420007,C10055,Litigation
C20420008,C10055,Litigation
C20420009,C10055,Litigation
C20420009,C10056,Manors
C20420010,C10055,Litigation
C20420010,C10056,Manors
C20420011,C10055,Litigation
C20420012,C10055,Litigation
C20420013,C10055,Litigation
C20420014,C10055,Litigation
C20420015,C10055,Litigation
C20420015,C10036,Farming
C20420016,C10055,Litigation
C20420016,C10056,Manors
C20420017,C10055,Litigation
C20420018,C10055,Litigation
C20420018,C10056,Manors
C20420019,C10055,Litigation
C20420020,C10055,Litigation
C20420021,C10055,Litigation
C20420022,C10055,Litigation
C20420022,C10056,Manors
C20420023,C10055,Litigation
C20420024,C10055,Litigation
C20420025,C10055,Litigation
C20420026,C10059,Marriage and divorce
C20420026,C10055,Litigation
C20420027,C10055,Litigation
C20420028,C10055,Litigation
C20420029,C10055,Litigation
C20420030,C10055,Litigation
C20420030,C10056,Manors
C20420031,C10055,Litigation
C20420031,C10108,Trade and commerce
C20420031,C10025,Debt
C20420032,C10055,Litigation
C20420033,C10055,Litigation
C20427926,C10055,Litigation
C20427926,C10056,Manors
C20427927,C10055,Litigation
C20427927,C10056,Manors
C20427928,C10055,Litigation
C20427929,C10055,Litigation
C20427930,C10059,Marriage and divorce
C20427930,C10055,Litigation
C20427931,C10055,Litigation
C20427932,C10055,Litigation
C20427933,C10055,Litigation
C20427934,C10055,Litigation
C20427935,C10055,Litigation
C20427935,C10025,Debt
C20427936,C10055,Litigation
C20427936,C10056,Manors
C20427937,C10055,Litigation
C20427938,C10055,Litigation
C20427939,C10055,Litigation
C20427939,C10056,Manors
C20427940,C10055,Litigation
C20427941,C10055,Litigation
C20427942,C10055,Litigation
C20427943,C10055,Litigation
C20427944,C10055,Litigation
C20427945,C10055,Litigation
C20427946,C10055,Litigation
C20427946,C10056,Manors
C20427946,C10077,Pay and pensions
C20427947,C10055,Litigation
C20427948,C10055,Litigation
C20427949,C10055,Litigation
C20427950,C10055,Litigation
C20427951,C10055,Litigation
C20427952,C10055,Litigation
C20427953,C10055,Litigation
C20427954,C10039,Food and drink
C20427954,C10055,Litigation
C20427955,C10055,Litigation
C20427956,C10055,Litigation
C20427956,C10056,Manors
C20427956,C10012,Children
C20427957,C10055,Litigation
C20427957,C10025,Debt
C20427958,C10055,Litigation
C20427959,C10055,Litigation
C20427959,C10025,Debt
C20427960,C10055,Litigation
C20427961,C10055,Litigation
C20427962,C10055,Litigation
C20427963,C10055,Litigation
C20427963,C10080,Piracy and privateering
C20427964,C10055,Litigation
C20427964,C10056,Manors
C20427965,C10055,Litigation
C20427966,C10055,Litigation
C20427966,C10056,Manors
C20427967,C10055,Litigation
C20427968,C10055,Litigation
C20427969,C10055,Litigation
C20427970,C10055,Litigation
C20427970,C10056,Manors
C20427971,C10055,Litigation
C20427971,C10025,Debt
C20427972,C10055,Litigation
C20427973,C10055,Litigation
C20427974,C10093,Religions
C20427974,C10055,Litigation
C20427974,C10056,Manors
C20427975,C10055,Litigation
C20427976,C10055,Litigation
C20431504,C10055,Litigation
C20431504,C10108,Trade and commerce
C20431505,C10055,Litigation
C20431505,C10056,Manors
C20431506,C10039,Food and drink
C20431506,C10055,Litigation
C20431507,C10055,Litigation
C20431507,C10056,Manors
C20431508,C10055,Litigation
C20431509,C10055,Litigation
C20431510,C10055,Litigation
C20431510,C10056,Manors
C20431511,C10055,Litigation
C20431512,C10055,Litigation
C20431512,C10056,Manors
C20431513,C10055,Litigation
C20431514,C10055,Litigation
C20431515,C10055,Litigation
C20431516,C10055,Litigation
C20431516,C10036,Farming
C20431517,C10055,Litigation
C20431518,C10055,Litigation
C20431519,C10055,Litigation
C20431519,C10056,Manors
C20431520,C10055,Litigation
C20431521,C10055,Litigation
C20431521,C10056,Manors
C20431522,C10055,Litigation
C20431523,C10055,Litigation
C20431524,C10055,Litigation
C20431524,C10056,Manors
C20431525,C10059,Marriage and divorce
C20431525,C10055,Litigation
C20431526,C10055,Litigation
C20431527,C10055,Litigation
C20431528,C10055,Litigation
C20431529,C10055,Litigation
C20431529,C10108,Trade and commerce
C20431529,C10025,Debt
C20431530,C10055,Litigation
C20431530,C10108,Trade and commerce
C20431530,C10132,Ireland
C20431531,C10055,Litigation
C20431532,C10055,Litigation
C20431533,C10055,Litigation
C20431534,C10055,Litigation
C20431535,C10055,Litigation
C20431535,C10056,Manors
C20431536,C10055,Litigation
C20431537,C10055,Litigation
C20431538,C10055,Litigation
C20431538,C10056,Manors
C20431539,C10055,Litigation
C20431539,C10056,Manors
C20431540,C10055,Litigation
C20431541,C10055,Litigation
C20431542,C10038,Fishing
C20431542,C10055,Litigation
C20431542,C10056,Manors
C20431542,C10007,Banking
C20431542,C10022,Conveyancing
C20431543,C10055,Litigation
C20431544,C10055,Litigation
C20431545,C10055,Litigation
C20431545,C10036,Farming
C20431546,C10055,Litigation
C20431547,C10055,Litigation
C20431548,C10055,Litigation
C20431548,C10056,Manors
C20431549,C10055,Litigation
C20431549,C10025,Debt
C20431550,C10055,Litigation
C20431550,C10025,Debt
C20431551,C10055,Litigation
C20431552,C10093,Religions
C20431552,C10055,Litigation
C20431552,C10025,Debt
C20431553,C10055,Litigation
C20431554,C10055,Litigation
C20431555,C10055,Litigation
C20431555,C10056,Manors
C20431556,C10055,Litigation
C20431556,C10052,Labour
C20431557,C10055,Litigation
C20431557,C10056,Manors
C20431558,C10055,Litigation
C20431559,C10055,Litigation
C20431560,C10055,Litigation
C20431561,C10055,Litigation
C20431562,C10055,Litigation
C20431562,C10056,Manors
C20431563,C10055,Litigation
C20431563,C10108,Trade and commerce
C20431564,C10055,Litigation
C20431564,C10056,Manors
C20431565,C10055,Litigation
C20431565,C10106,Taxation
C20431566,C10055,Litigation
C20431567,C10055,Litigation
C20431568,C10055,Litigation
C20431569,C10055,Litigation
C20431570,C10055,Litigation
C20431571,C10055,Litigation
C20431571,C10025,Debt
C20431572,C10055,Litigation
C20431573,C10055,Litigation
C20431574,C10055,Litigation
C20431575,C10055,Litigation
C20431576,C10055,Litigation
C20431577,C10055,Litigation
C20431577,C10114,Weapons
C20431578,C10055,Litigation
C20431579,C10055,Litigation
C20431580,C10059,Marriage and divorce
C20431580,C10055,Litigation
C20431581,C10055,Litigation
C20431582,C10055,Litigation
C20431583,C10055,Litigation
C20431584,C10055,Litigation
C20431584,C10056,Manors
C20431585,C10055,Litigation
C20431586,C10055,Litigation
C20431586,C10108,Trade and commerce
C20431587,C10055,Litigation
C20431588,C10055,Litigation
C20431588,C10025,Debt
C20431589,C10055,Litigation
C20431589,C10056,Manors
C20431590,C10055,Litigation
C20431591,C10055,Litigation
C20431591,C10056,Manors
C20431592,C10055,Litigation
C20431592,C10056,Manors
C20431593,C10055,Litigation
C20431593,C10056,Manors
C20431594,C10055,Litigation
C20431595,C10055,Litigation
C20431596,C10055,Litigation
C20431596,C10056,Manors
C20431597,C10055,Litigation
C20431598,C10055,Litigation
C20431599,C10055,Litigation
C20431600,C10055,Litigation
C20431601,C10055,Litigation
C20431602,C10055,Litigation
C20431603,C10055,Litigation
C20431604,C10055,Litigation
C20431604,C10040,Forestry
C20431604,C10056,Manors
C20431605,C10055,Litigation
C20431606,C10055,Litigation
C20431607,C10055,Litigation
C20431608,C10055,Litigation
C20431608,C10116,Wills and probate
C20431609,C10055,Litigation
C20431610,C10055,Litigation
C20431610,C10077,Pay and pensions
C20431611,C10055,Litigation
C20431612,C10055,Litigation
C20431612,C10116,Wills and probate
C20431613,C10055,Litigation
C20431613,C10007,Banking
C20431613,C10022,Conveyancing
C20431614,C10055,Litigation
C20431614,C10108,Trade and commerce
C20431615,C10055,Litigation
C20431616,C10055,Litigation
C20431617,C10055,Litigation
C20431617,C10116,Wills and probate
C20431618,C10055,Litigation
C20431619,C10055,Litigation
C20431619,C10056,Manors
C20431620,C10055,Litigation
C20431621,C10055,Litigation
C20431622,C10055,Litigation
C20431622,C10056,Manors
C20431623,C10055,Litigation
C20431623,C10056,Manors
C20431624,C10023,Crime
C20431624,C10055,Litigation
C20431624,C10052,Labour
C20431625,C10055,Litigation
C20431626,C10055,Litigation
C20431627,C10055,Litigation
C20431628,C10055,Litigation
C20431629,C10055,Litigation
C20431629,C10056,Manors
C20431629,C10007,Banking
C20431629,C10022,Conveyancing
C20431630,C10055,Litigation
C20431631,C10055,Litigation
C20431632,C10055,Litigation
C20431633,C10055,Litigation
C20431633,C10056,Manors
C20431634,C10055,Litigation
C20431635,C10059,Marriage and divorce
C20431635,C10055,Litigation
C20431635,C10056,Manors
C20431636,C10055,Litigation
C20431637,C10055,Litigation
C20431637,C10107,Tithes
C20431637,C10116,Wills and probate
C20431638,C10055,Litigation
C20431639,C10055,Litigation
C20431639,C10108,Trade and commerce
C20431640,C10055,Litigation
C20431640,C10007,Banking
C20431640,C10022,Conveyancing
C20431641,C10055,Litigation
C20431642,C10055,Litigation
C20431643,C10055,Litigation
C20431643,C10077,Pay and pensions
C20431644,C10055,Litigation
C20431645,C10055,Litigation
C20431646,C10055,Litigation
C20431647,C10055,Litigation
C20431647,C10077,Pay and pensions
C20431648,C10055,Litigation
C20431649,C10055,Litigation
C20431650,C10055,Litigation
C20431651,C10055,Litigation
C20431652,C10055,Litigation
C20431653,C10055,Litigation
C20431653,C10025,Debt
C20431654,C10055,Litigation
C20431654,C10025,Debt
C20431655,C10055,Litigation
C20431656,C10059,Marriage and divorce
C20431656,C10055,Litigation
C20431656,C10025,Debt
C20431657,C10055,Litigation
C20431658,C10055,Litigation
C20431658,C10116,Wills and probate
C20431659,C10055,Litigation
C20431659,C10056,Manors
C20431660,C10055,Litigation
C20431661,C10055,Litigation
C20431661,C10056,Manors
C20431662,C10055,Litigation
C20431663,C10055,Litigation
C20431664,C10055,Litigation
C20431664,C10036,Farming
C20431665,C10055,Litigation
C20431666,C10023,Crime
C20431666,C10055,Litigation
C20431667,C10055,Litigation
C20431668,C10059,Marriage and divorce
C20431668,C10055,Litigation
C20431669,C10055,Litigation
C20431670,C10055,Litigation
C20431670,C10108,Trade and commerce
C20431671,C10055,Litigation
C20431672,C10055,Litigation
C20431673,C10055,Litigation
C20431673,C10025,Debt
C20431674,C10055,Litigation
C20431675,C10055,Litigation
C20431676,C10055,Litigation
C20431677,C10055,Litigation
C20431677,C10056,Manors
C20431678,C10055,Litigation
C20431678,C10056,Manors
C20431679,C10055,Litigation
C20431679,C10025,Debt
C20431680,C10055,Litigation
C20431680,C10108,Trade and commerce
C20431681,C10055,Litigation
C20431681,C10025,Debt
C20431682,C10055,Litigation
C20431683,C10055,Litigation
C20431684,C10055,Litigation
C20431685,C10055,Litigation
C20431685,C10056,Manors
C20431686,C10055,Litigation
C20431687,C10055,Litigation
C20431688,C10055,Litigation
C20431689,C10055,Litigation
C20431689,C10056,Manors
C20431690,C10055,Litigation
C20431690,C10116,Wills and probate
C20431691,C10055,Litigation
C20431692,C10055,Litigation
C20431693,C10055,Litigation
C20431693,C10108,Trade and commerce
C20431693,C10056,Manors
C20431693,C10116,Wills and probate
C20431694,C10055,Litigation
C20431695,C10055,Litigation
C20431695,C10077,Pay and pensions
C20431696,C10055,Litigation
C20431696,C10108,Trade and commerce
C20431696,C10025,Debt
C20431697,C10055,Litigation
C20431698,C10055,Litigation
C20431699,C10055,Litigation
C20431699,C10108,Trade and commerce
C20431700,C10055,Litigation
C20431701,C10055,Litigation
C20431701,C10056,Manors
C20431702,C10055,Litigation
C20431703,C10059,Marriage and divorce
C20431703,C10055,Litigation
C20431704,C10055,Litigation
C20431705,C10055,Litigation
C20431706,C10055,Litigation
C20431707,C10055,Litigation
C20431708,C10059,Marriage and divorce
C20431708,C10039,Food and drink
C20431708,C10055,Litigation
C20431709,C10055,Litigation
C20431710,C10055,Litigation
C20431710,C10056,Manors
C20431711,C10055,Litigation
C20431712,C10055,Litigation
C20431713,C10055,Litigation
C20431714,C10055,Litigation
C20431714,C10056,Manors
C20431715,C10055,Litigation
C20431715,C10056,Manors
C20431716,C10055,Litigation
C20431717,C10055,Litigation
C20431717,C10056,Manors
C20431718,C10055,Litigation
C20431719,C10055,Litigation
C20431720,C10055,Litigation
C20431720,C10056,Manors
C20431721,C10055,Litigation
C20431721,C10014,Coal
C20431721,C10056,Manors
C20431722,C10055,Litigation
C20431723,C10055,Litigation
C20431723,C10056,Manors
C20431723,C10036,Farming
C20431724,C10055,Litigation
C20431725,C10055,Litigation
C20431726,C10055,Litigation
C20431727,C10055,Litigation
C20431728,C10055,Litigation
C20431728,C10108,Trade and commerce
C20431728,C10056,Manors
C20431729,C10055,Litigation
C20431730,C10055,Litigation
C20431730,C10056,Manors
C20431731,C10055,Litigation
C20431731,C10056,Manors
C20431732,C10055,Litigation
C20431733,C10055,Litigation
C20431733,C10056,Manors
C20431734,C10055,Litigation
C20431735,C10055,Litigation
C20431735,C10108,Trade and commerce
C20431736,C10055,Litigation
C20431737,C10055,Litigation
C20431737,C10056,Manors
C20431738,C10055,Litigation
C20431738,C10056,Manors
C20431739,C10055,Litigation
C20431739,C10036,Farming
C20431740,C10055,Litigation
C20431740,C10108,Trade and commerce
C20431741,C10055,Litigation
C20431742,C10131,Europe and Russia
C20431742,C10055,Litigation
C20431742,C10108,Trade and commerce
C20431743,C10055,Litigation
C20431744,C10055,Litigation
C20431745,C10055,Litigation
C20431746,C10055,Litigation
C20431747,C10059,Marriage and divorce
C20431747,C10055,Litigation
C20431748,C10055,Litigation
C20431749,C10055,Litigation
C20431750,C10055,Litigation
C20431751,C10055,Litigation
C20431751,C10025,Debt
C20431752,C10055,Litigation
C20431753,C10055,Litigation
C20431754,C10023,Crime
C20431754,C10055,Litigation
C20431754,C10025,Debt
C20431754,C10085,Prisons
C20431755,C10055,Litigation
C20431755,C10108,Trade and commerce
C20431756,C10055,Litigation
C20431757,C10055,Litigation
C20431758,C10055,Litigation
C20431758,C10056,Manors
C20431759,C10055,Litigation
C20431760,C10055,Litigation
C20431761,C10055,Litigation
C20431762,C10055,Litigation
C20431763,C10055,Litigation
C20431763,C10056,Manors
C20431764,C10055,Litigation
C20431765,C10055,Litigation
C20431766,C10055,Litigation
C20431767,C10055,Litigation
C20431767,C10036,Farming
C20431768,C10055,Litigation
C20431768,C10056,Manors
C20431769,C10055,Litigation
C20431769,C10025,Debt
C20431770,C10055,Litigation
C20431771,C10055,Litigation
C20431771,C10056,Manors
C20431772,C10055,Litigation
C20431772,C10036,Farming
C20431773,C10055,Litigation
C20431774,C10055,Litigation
C20431774,C10025,Debt
C20431775,C10055,Litigation
C20431776,C10055,Litigation
C20431777,C10055,Litigation
C20431778,C10055,Litigation
C20431779,C10055,Litigation
C20431779,C10025,Debt
C20431780,C10055,Litigation
C20431780,C10108,Trade and commerce
C20431780,C10025,Debt
C20431781,C10023,Crime
C20431781,C10055,Litigation
C20431781,C10040,Forestry
C20431781,C10056,Manors
C20431782,C10055,Litigation
C20431782,C10036,Farming
C20431783,C10055,Litigation
C20431784,C10055,Litigation
C20431785,C10055,Litigation
C20431785,C10056,Manors
C20431786,C10055,Litigation
C20431787,C10055,Litigation
C20431788,C10055,Litigation
C20431789,C10055,Litigation
C20431789,C10056,Manors
C20431790,C10055,Litigation
C20431791,C10023,Crime
C20431791,C10059,Marriage and divorce
C20431791,C10055,Litigation
C20431792,C10055,Litigation
C20431793,C10055,Litigation
C20431794,C10055,Litigation
C20431794,C10108,Trade and commerce
C20431795,C10055,Litigation
C20431796,C10055,Litigation
C20431796,C10056,Manors
C20431797,C10055,Litigation
C20431798,C10055,Litigation
C20431798,C10056,Manors
C20431799,C10055,Litigation
C20431800,C10055,Litigation
C20431801,C10055,Litigation
C20431802,C10055,Litigation
C20431803,C10055,Litigation
C20431804,C10093,Religions
C20431804,C10055,Litigation
C20431804,C10056,Manors
C20431805,C10055,Litigation
C20431805,C10056,Manors
C20431806,C10055,Litigation
C20431807,C10055,Litigation
C20431808,C10055,Litigation
C20431808,C10107,Tithes
C20431809,C10059,Marriage and divorce
C20431809,C10055,Litigation
C20431810,C10055,Litigation
C20431810,C10108,Trade and commerce
C20431811,C10055,Litigation
C20431811,C10108,Trade and commerce
C20431811,C10025,Debt
C20431812,C10055,Litigation
C20431813,C10055,Litigation
C20431814,C10055,Litigation
C20431815,C10093,Religions
C20431815,C10055,Litigation
C20431815,C10025,Debt
C20431816,C10055,Litigation
C20431817,C10055,Litigation
C20431818,C10055,Litigation
C20431819,C10055,Litigation
C20431819,C10056,Manors
C20431820,C10055,Litigation
C20431821,C10055,Litigation
C20431821,C10108,Trade and commerce
C20431822,C10055,Litigation
C20431822,C10108,Trade and commerce
C20431823,C10055,Litigation
C20431824,C10055,Litigation
C20431824,C10025,Debt
C20431825,C10055,Litigation
C20431826,C10055,Litigation
C20431826,C10108,Trade and commerce
C20431827,C10055,Litigation
C20431828,C10055,Litigation
C20431829,C10093,Religions
C20431829,C10055,Litigation
C20431830,C10055,Litigation
C20431831,C10055,Litigation
C20431831,C10108,Trade and commerce
C20431832,C10055,Litigation
C20431832,C10052,Labour
C20431833,C10055,Litigation
C20431833,C10108,Trade and commerce
C20431833,C10007,Banking
C20431833,C10022,Conveyancing
C20431834,C10055,Litigation
C20431835,C10055,Litigation
C20431836,C10055,Litigation
C20431836,C10056,Manors
C20431837,C10055,Litigation
C20431838,C10055,Litigation
C20431838,C10108,Trade and commerce
C20431839,C10055,Litigation
C20431840,C10055,Litigation
C20431841,C10055,Litigation
C20431842,C10055,Litigation
C20431842,C10025,Debt
C20431843,C10059,Marriage and divorce
C20431843,C10055,Litigation
C20431844,C10055,Litigation
C20431844,C10052,Labour
C20431845,C10055,Litigation
C20431846,C10055,Litigation
C20431847,C10055,Litigation
C20431848,C10055,Litigation
C20431849,C10055,Litigation
C20431849,C10056,Manors
C20431849,C10015,Common land
C20431850,C10055,Litigation
C20431850,C10025,Debt
C20431851,C10055,Litigation
C20431852,C10055,Litigation
C20431853,C10055,Litigation
C20431853,C10056,Manors
C20431854,C10055,Litigation
C20431854,C10025,Debt
C20431855,C10055,Litigation
C20431856,C10055,Litigation
C20431857,C10055,Litigation
C20431857,C10056,Manors
C20431858,C10055,Litigation
C20431859,C10055,Litigation
C20431860,C10055,Litigation
C20431860,C10056,Manors
C20431861,C10055,Litigation
C20431862,C10055,Litigation
C20431863,C10055,Litigation
C20431864,C10055,Litigation
C20431865,C10055,Litigation
C20431866,C10055,Litigation
C20431867,C10055,Litigation
C20431868,C10093,Religions
C20431868,C10055,Litigation
C20431869,C10055,Litigation
C20431870,C10055,Litigation
C20431871,C10055,Litigation
C20431871,C10054,Literature
C20431871,C10056,Manors
C20431872,C10055,Litigation
C20431873,C10055,Litigation
C20431874,C10055,Litigation
C20435056,C10055,Litigation
C20435057,C10055,Litigation
C20435057,C10108,Trade and commerce
C20435058,C10055,Litigation
C20435059,C10055,Litigation
C20435060,C10055,Litigation
C20435060,C10056,Manors
C20435061,C10055,Litigation
C20435062,C10055,Litigation
C20435063,C10055,Litigation
C20435064,C10055,Litigation
C20435065,C10055,Litigation
C20435066,C10055,Litigation
C20435067,C10055,Litigation
C20435067,C10108,Trade and commerce
C20435068,C10055,Litigation
C20435068,C10058,Maps and plans
C20435069,C10055,Litigation
C20435069,C10056,Manors
C20435070,C10055,Litigation
C20435071,C10055,Litigation
C20435072,C10055,Litigation
C20435072,C10056,Manors
C20435073,C10055,Litigation
C20435074,C10055,Litigation
C20435075,C10055,Litigation
C20435076,C10055,Litigation
C20435077,C10055,Litigation
C20435078,C10055,Litigation
C20435079,C10055,Litigation
C20435080,C10055,Litigation
C20435081,C10055,Litigation
C20435081,C10025,Debt
C20435082,C10055,Litigation
C20435082,C10056,Manors
C20435083,C10055,Litigation
C20435083,C10116,Wills and probate
C20435084,C10055,Litigation
C20435085,C10059,Marriage and divorce
C20435085,C10055,Litigation
C20435086,C10055,Litigation
C20435086,C10056,Manors
C20435087,C10055,Litigation
C20435087,C10056,Manors
C20435087,C10007,Banking
C20435087,C10022,Conveyancing
C20435088,C10055,Litigation
C20435089,C10055,Litigation
C20435090,C10055,Litigation
C20435091,C10023,Crime
C20435091,C10055,Litigation
C20435092,C10055,Litigation
C20435093,C10055,Litigation
C20435094,C10055,Litigation
C20435094,C10056,Manors
C20435095,C10055,Litigation
C20435095,C10036,Farming
C20435096,C10055,Litigation
C20435097,C10055,Litigation
C20435098,C10055,Litigation
C20435099,C10055,Litigation
C20435100,C10055,Litigation
C20435101,C10055,Litigation
C20435101,C10025,Debt
C20435102,C10055,Litigation
C20435103,C10055,Litigation
C20435104,C10055,Litigation
C20435104,C10056,Manors
C20435105,C10055,Litigation
C20435106,C10055,Litigation
C20435106,C10056,Manors
C20435107,C10059,Marriage and divorce
C20435107,C10055,Litigation
C20439675,C10055,Litigation
C20439675,C10056,Manors
C20439676,C10055,Litigation
C20439677,C10055,Litigation
C20439677,C10108,Trade and commerce
C20439678,C10055,Litigation
C20439678,C10056,Manors
C20439679,C10055,Litigation
C20439680,C10055,Litigation
C20439681,C10055,Litigation
C20439681,C10056,Manors
C20439682,C10059,Marriage and divorce
C20439682,C10055,Litigation
C20439683,C10055,Litigation
C20439684,C10055,Litigation
C20439684,C10025,Debt
C20439685,C10055,Litigation
C20439685,C10065,Armed Forces (General Administration)
C20439685,C10072,Navy
C20439685,C10108,Trade and commerce
C20439686,C10055,Litigation
C20439687,C10055,Litigation
C20439687,C10056,Manors
C20439688,C10055,Litigation
C20439689,C10055,Litigation
C20439689,C10012,Children
C20439690,C10055,Litigation
C20439690,C10084,Poverty
C20439691,C10055,Litigation
C20439692,C10055,Litigation
C20439692,C10056,Manors
C20439693,C10055,Litigation
C20439693,C10056,Manors
C20439694,C10055,Litigation
C20439695,C10055,Litigation
C20439696,C10055,Litigation
C20439696,C10056,Manors
C20439697,C10055,Litigation
C20439697,C10007,Banking
C20439697,C10022,Conveyancing
C20439698,C10055,Litigation
C20439699,C10055,Litigation
C20439700,C10055,Litigation
C20439700,C10108,Trade and commerce
C20439700,C10025,Debt
C20439701,C10059,Marriage and divorce
C20439701,C10055,Litigation
C20439701,C10077,Pay and pensions
C20439702,C10023,Crime
C20439702,C10059,Marriage and divorce
C20439702,C10055,Litigation
C20439702,C10108,Trade and commerce
C20439703,C10055,Litigation
C20439703,C10056,Manors
C20439704,C10055,Litigation
C20439704,C10108,Trade and commerce
C20439705,C10055,Litigation
C20439706,C10055,Litigation
C20439707,C10055,Litigation
C20439708,C10055,Litigation
C20439709,C10059,Marriage and divorce
C20439709,C10055,Litigation
C20439710,C10055,Litigation
C20439710,C10107,Tithes
C20439711,C10055,Litigation
C20439712,C10055,Litigation
C20439712,C10056,Manors
C20439712,C10077,Pay and pensions
C20439713,C10055,Litigation
C20439714,C10055,Litigation
C20439714,C10056,Manors
C20439715,C10055,Litigation
C20439716,C10055,Litigation
C20439716,C10025,Debt
C20439717,C10055,Litigation
C20439718,C10055,Litigation
C20439719,C10055,Litigation
C20439720,C10023,Crime
C20439720,C10055,Litigation
C20439720,C10025,Debt
C20439721,C10055,Litigation
C20439722,C10055,Litigation
C20439723,C10055,Litigation
C20439724,C10055,Litigation
C20439724,C10056,Manors
C20439725,C10055,Litigation
C20439725,C10108,Trade and commerce
C20439726,C10055,Litigation
C20439727,C10055,Litigation
C20439727,C10071,Nationality
C20439728,C10055,Litigation
C20439729,C10055,Litigation
C20439730,C10055,Litigation
C20439730,C10025,Debt
C20439731,C10055,Litigation
C20439732,C10055,Litigation
C20439732,C10056,Manors
C20439733,C10055,Litigation
C20439733,C10108,Trade and commerce
C20439733,C10025,Debt
C20439734,C10055,Litigation
C20439734,C10056,Manors
C20439735,C10055,Litigation
C20439735,C10024,Crown lands and estates
C20439735,C10056,Manors
C20439736,C10093,Religions
C20439736,C10055,Litigation
C20439737,C10055,Litigation
C20439738,C10055,Litigation
C20439739,C10055,Litigation
C20439739,C10036,Farming
C20439740,C10055,Litigation
C20439740,C10108,Trade and commerce
C20439740,C10025,Debt
C20439741,C10055,Litigation
C20439742,C10055,Litigation
C20439742,C10007,Banking
C20439742,C10022,Conveyancing
C20439743,C10055,Litigation
C20439744,C10055,Litigation
C20439745,C10055,Litigation
C20439745,C10108,Trade and commerce
C20439746,C10055,Litigation
C20439747,C10055,Litigation
C20439748,C10055,Litigation
C20439749,C10055,Litigation
C20439750,C10023,Crime
C20439750,C10055,Litigation
C20439750,C10056,Manors
C20439751,C10039,Food and drink
C20439751,C10055,Litigation
C20439752,C10055,Litigation
C20439752,C10056,Manors
C20439753,C10055,Litigation
C20439754,C10055,Litigation
C20439754,C10056,Manors
C20439755,C10055,Litigation
C20439756,C10055,Litigation
C20439757,C10055,Litigation
C20439757,C10056,Manors
C20439758,C10055,Litigation
C20439759,C10055,Litigation
C20439760,C10059,Marriage and divorce
C20439760,C10055,Litigation
C20439761,C10055,Litigation
C20439762,C10055,Litigation
C20439762,C10007,Banking
C20439762,C10022,Conveyancing
C20439763,C10055,Litigation
C20439764,C10055,Litigation
C20439765,C10055,Litigation
C20439766,C10055,Litigation
C20439766,C10108,Trade and commerce
C20439767,C10055,Litigation
C20439767,C10056,Manors
C20439768,C10055,Litigation
C20439769,C10055,Litigation
C20439770,C10055,Litigation
C20439771,C10055,Litigation
C20439772,C10055,Litigation
C20439773,C10055,Litigation
C20439774,C10055,Litigation
C20439775,C10055,Litigation
C20439775,C10077,Pay and pensions
C20439776,C10055,Litigation
C20439777,C10055,Litigation
C20439777,C10056,Manors
C20439778,C10055,Litigation
C20439778,C10056,Manors
C20439779,C10055,Litigation
C20439780,C10059,Marriage and divorce
C20439780,C10055,Litigation
C20439780,C10056,Manors
C20439781,C10131,Europe and Russia
C20439781,C10055,Litigation
C20439781,C10007,Banking
C20439781,C10022,Conveyancing
C20439782,C10055,Litigation
C20439783,C10055,Litigation
C20439783,C10108,Trade and commerce
C20439784,C10055,Litigation
C20439785,C10093,Religions
C20439785,C10055,Litigation
C20439786,C10055,Litigation
C20439787,C10055,Litigation
C20439787,C10056,Manors
C20439788,C10055,Litigation
C20439788,C10108,Trade and commerce
C20439789,C10055,Litigation
C20439790,C10055,Litigation
C20439791,C10055,Litigation
C20439792,C10055,Litigation
C20439793,C10055,Litigation
C20439793,C10056,Manors
C20439794,C10055,Litigation
C20439795,C10055,Litigation
C20439796,C10055,Litigation
C20439796,C10025,Debt
C20439797,C10055,Litigation
C20439798,C10055,Litigation
C20439799,C10055,Litigation
C20439800,C10055,Litigation
C20439800,C10056,Manors
C20439800,C10012,Children
C20439801,C10055,Litigation
C20439802,C10055,Litigation
C20439803,C10055,Litigation
C20439804,C10055,Litigation
C20439805,C10055,Litigation
C20439806,C10055,Litigation
C20439806,C10077,Pay and pensions
C20439807,C10055,Litigation
C20439808,C10055,Litigation
C20439808,C10056,Manors
C20439809,C10055,Litigation
C20439810,C10055,Litigation
C20439811,C10055,Litigation
C20439812,C10055,Litigation
C20439812,C10056,Manors
C20439813,C10055,Litigation
C20439814,C10055,Litigation
C20439814,C10108,Trade and commerce
C20439815,C10055,Litigation
C20439815,C10056,Manors
C20439816,C10055,Litigation
C20439816,C10056,Manors
C20439817,C10055,Litigation
C20439818,C10055,Litigation
C20439819,C10059,Marriage and divorce
C20439819,C10055,Litigation
C20439820,C10055,Litigation
C20439821,C10055,Litigation
C20439821,C10056,Manors
C20439822,C10055,Litigation
C20439822,C10056,Manors
C20439823,C10055,Litigation
C20439823,C10056,Manors
C20439824,C10055,Litigation
C20439824,C10056,Manors
C20439825,C10055,Litigation
C20439825,C10056,Manors
C20439826,C10055,Litigation
C20439826,C10007,Banking
C20439826,C10022,Conveyancing
C20439827,C10055,Litigation
C20439827,C10056,Manors
C20439828,C10055,Litigation
C20439829,C10055,Litigation
C20439830,C10055,Litigation
C20439831,C10055,Litigation
C20439832,C10055,Litigation
C20439832,C10108,Trade and commerce
C20439833,C10055,Litigation
C20439834,C10055,Litigation
C20439835,C10093,Religions
C20439835,C10055,Litigation
C20439835,C10033,Education
C20439836,C10055,Litigation
C20439837,C10055,Litigation
C20439838,C10055,Litigation
C20439839,C10055,Litigation
C20439840,C10055,Litigation
C20439840,C10025,Debt
C20439841,C10055,Litigation
C20439841,C10025,Debt
C20439842,C10055,Litigation
C20439843,C10055,Litigation
C20439843,C10025,Debt
C20439844,C10055,Litigation
C20439845,C10055,Litigation
C20439846,C10055,Litigation
C20439846,C10012,Children
C20439847,C10055,Litigation
C20439848,C10055,Litigation
C20439849,C10055,Litigation
C20439850,C10055,Litigation
C20439851,C10055,Litigation
C20439852,C10055,Litigation
C20439853,C10055,Litigation
C20439854,C10055,Litigation
C20439854,C10056,Manors
C20439855,C10055,Litigation
C20439856,C10055,Litigation
C20439857,C10055,Litigation
C20439857,C10056,Manors
C20439858,C10055,Litigation
C20439858,C10056,Manors
C20439859,C10055,Litigation
C20439859,C10056,Manors
C20439860,C10055,Litigation
C20439861,C10055,Litigation
C20439861,C10025,Debt
C20439862,C10055,Litigation
C20439863,C10055,Litigation
C20439863,C10116,Wills and probate
C20439864,C10055,Litigation
C20439864,C10056,Manors
C20439865,C10055,Litigation
C20439865,C10108,Trade and commerce
C20439865,C10022,Conveyancing
C20439866,C10055,Litigation
C20439867,C10055,Litigation
C20439868,C10055,Litigation
C20439869,C10055,Litigation
C20439869,C10108,Trade and commerce
C20439870,C10055,Litigation
C20439871,C10055,Litigation
C20439872,C10055,Litigation
C20439873,C10055,Litigation
C20439874,C10055,Litigation
C20439874,C10108,Trade and commerce
C20439874,C10025,Debt
C20439875,C10055,Litigation
C20439876,C10055,Litigation
C20439876,C10056,Manors
C20439877,C10055,Litigation
C20439878,C10055,Litigation
C20439879,C10055,Litigation
C20439879,C10012,Children
C20439880,C10055,Litigation
C20439881,C10055,Litigation
C20439881,C10025,Debt
C20439882,C10055,Litigation
C20439883,C10055,Litigation
C20439884,C10055,Litigation
C20439885,C10055,Litigation
C20439886,C10055,Litigation
C20439887,C10055,Litigation
C20439888,C10055,Litigation
C20439889,C10055,Litigation
C20439890,C10055,Litigation
C20439891,C10055,Litigation
C20439892,C10055,Litigation
C20439893,C10055,Litigation
C20439893,C10108,Trade and commerce
C20439893,C10071,Nationality
C20439894,C10055,Litigation
C20439895,C10055,Litigation
C20439896,C10055,Litigation
C20439897,C10055,Litigation
C20439898,C10055,Litigation
C20439899,C10055,Litigation
C20439899,C10056,Manors
C20439900,C10055,Litigation
C20439901,C10055,Litigation
C20439901,C10036,Farming
C20439902,C10055,Litigation
C20439902,C10071,Nationality
C20439903,C10055,Litigation
C20439904,C10055,Litigation
C20439904,C10056,Manors
C20463645,C10055,Litigation
C20463646,C10055,Litigation
C20463646,C10025,Debt
C20463647,C10055,Litigation
C20463648,C10055,Litigation
C20463648,C10056,Manors
C20463649,C10055,Litigation
C20463650,C10055,Litigation
C20463650,C10056,Manors
C20463651,C10055,Litigation
C20463651,C10056,Manors
C20463652,C10055,Litigation
C20463653,C10055,Litigation
C20463654,C10055,Litigation
C20463655,C10055,Litigation
C20463656,C10055,Litigation
C20463656,C10007,Banking
C20463656,C10022,Conveyancing
C20463657,C10055,Litigation
C20463658,C10055,Litigation
C20463659,C10055,Litigation
C20463660,C10055,Litigation
C20463661,C10055,Litigation
C20463662,C10055,Litigation
C20463663,C10055,Litigation
C20463663,C10012,Children
C20463664,C10055,Litigation
C20463664,C10056,Manors
C20463665,C10055,Litigation
C20463665,C10056,Manors
C20463666,C10055,Litigation
C20463667,C10039,Food and drink
C20463667,C10055,Litigation
C20463668,C10055,Litigation
C20463668,C10056,Manors
C20463669,C10055,Litigation
C20463669,C10025,Debt
C20463670,C10055,Litigation
C20463671,C10059,Marriage and divorce
C20463671,C10055,Litigation
C20463671,C10056,Manors
C20463672,C10055,Litigation
C20463673,C10055,Litigation
C20463674,C10055,Litigation
C20463674,C10056,Manors
C20463675,C10055,Litigation
C20463676,C10055,Litigation
C20463676,C10025,Debt
C20463677,C10055,Litigation
C20463678,C10055,Litigation
C20463679,C10055,Litigation
C20463679,C10025,Debt
C20463680,C10055,Litigation
C20463681,C10055,Litigation
C20463682,C10055,Litigation
C20463683,C10055,Litigation
C20463683,C10025,Debt
C20463683,C10056,Manors
C20463684,C10055,Litigation
C20463685,C10055,Litigation
C20463685,C10056,Manors
C20463686,C10055,Litigation
C20463686,C10056,Manors
C20463687,C10055,Litigation
C20463688,C10055,Litigation
C20463689,C10055,Litigation
C20463690,C10055,Litigation
C20463690,C10056,Manors
C20463691,C10055,Litigation
C20463691,C10056,Manors
C20463692,C10055,Litigation
C20463693,C10055,Litigation
C20463694,C10055,Litigation
C20463695,C10055,Litigation
C20463696,C10055,Litigation
C20463697,C10055,Litigation
C20463697,C10056,Manors
C20463698,C10055,Litigation
C20463698,C10056,Manors
C20463699,C10055,Litigation
C20463699,C10025,Debt
C20463700,C10055,Litigation
C20463701,C10055,Litigation
C20463701,C10056,Manors
C20463702,C10055,Litigation
C20463703,C10055,Litigation
C20463704,C10055,Litigation
C20463704,C10056,Manors
C20463705,C10055,Litigation
C20463706,C10055,Litigation
C20463707,C10055,Litigation
C20463708,C10131,Europe and Russia
C20463708,C10055,Litigation
C20463708,C10056,Manors
C20463709,C10055,Litigation
C20463709,C10108,Trade and commerce
C20463710,C10055,Litigation
C20463711,C10055,Litigation
C20463712,C10055,Litigation
C20463713,C10055,Litigation
C20463713,C10108,Trade and commerce
C20463714,C10055,Litigation
C20463715,C10055,Litigation
C20463716,C10055,Litigation
C20463717,C10055,Litigation
C20463718,C10055,Litigation
C20463719,C10055,Litigation
C20463720,C10055,Litigation
C20463721,C10055,Litigation
C20463721,C10107,Tithes
C20463722,C10055,Litigation
C20463723,C10055,Litigation
C20463724,C10055,Litigation
C20463724,C10108,Trade and commerce
C20463725,C10055,Litigation
C20463726,C10055,Litigation
C20463726,C10056,Manors
C20463727,C10055,Litigation
C20463727,C10056,Manors
C20463728,C10055,Litigation
C20463729,C10055,Litigation
C20463730,C10055,Litigation
C20463730,C10056,Manors
C20463731,C10055,Litigation
C20463731,C10056,Manors
C20463732,C10055,Litigation
C20463732,C10025,Debt
C20463733,C10055,Litigation
C20463733,C10056,Manors
C20463734,C10055,Litigation
C20463735,C10055,Litigation
C20463736,C10055,Litigation
C20463737,C10055,Litigation
C20463738,C10055,Litigation
C20463739,C10055,Litigation
C20463739,C10056,Manors
C20493315,C10055,Litigation
C20493315,C10056,Manors
C20493316,C10055,Litigation
C20493317,C10055,Litigation
C20493318,C10055,Litigation
C20493318,C10025,Debt
C20493319,C10055,Litigation
C20493320,C10055,Litigation
C20493321,C10055,Litigation
C20493322,C10055,Litigation
C20493323,C10055,Litigation
C20493324,C10055,Litigation
C20493324,C10108,Trade and commerce
C20493324,C10056,Manors
C20493325,C10055,Litigation
C20493325,C10056,Manors
C20493326,C10055,Litigation
C20493327,C10055,Litigation
C20493328,C10023,Crime
C20493328,C10055,Litigation
C20493329,C10055,Litigation
C20493329,C10108,Trade and commerce
C20493329,C10116,Wills and probate
C20493330,C10055,Litigation
C20493331,C10055,Litigation
C20493332,C10055,Litigation
C20493333,C10055,Litigation
C20493334,C10055,Litigation
C20493335,C10055,Litigation
C20493336,C10055,Litigation
C20493337,C10131,Europe and Russia
C20493337,C10055,Litigation
C20493337,C10108,Trade and commerce
C20493338,C10055,Litigation
C20493339,C10055,Litigation
C20493340,C10055,Litigation
C20493340,C10056,Manors
C20493341,C10055,Litigation
C20493342,C10055,Litigation
C20493343,C10059,Marriage and divorce
C20493343,C10055,Litigation
C20493344,C10055,Litigation
C20493345,C10055,Litigation
C20493345,C10108,Trade and commerce
C20493346,C10055,Litigation
C20493347,C10055,Litigation
C20493347,C10056,Manors
C20493348,C10055,Litigation
C20493349,C10055,Litigation
C20493349,C10108,Trade and commerce
C20493349,C10056,Manors
C20493350,C10055,Litigation
C20493350,C10056,Manors
C20493351,C10055,Litigation
C20493352,C10055,Litigation
C20493353,C10055,Litigation
C20493354,C10055,Litigation
C20493355,C10055,Litigation
C20493355,C10085,Prisons
C20493356,C10055,Litigation
C20493357,C10055,Litigation
C20493358,C10055,Litigation
C20493358,C10077,Pay and pensions
C20493359,C10055,Litigation
C20493360,C10055,Litigation
C20493361,C10055,Litigation
C20493361,C10107,Tithes
C20493362,C10055,Litigation
C20493363,C10055,Litigation
C20493363,C10108,Trade and commerce
C20493364,C10055,Litigation
C20493365,C10055,Litigation
C20493366,C10055,Litigation
C20493367,C10055,Litigation
C20493367,C10056,Manors
C20493367,C10012,Children
C20493368,C10055,Litigation
C20493369,C10055,Litigation
C20493370,C10023,Crime
C20493370,C10055,Litigation
C20493371,C10055,Litigation
C20493372,C10055,Litigation
C20493372,C10108,Trade and commerce
C20493373,C10055,Litigation
C20493374,C10055,Litigation
C20493374,C10056,Manors
C20493375,C10131,Europe and Russia
C20493375,C10055,Litigation
C20493376,C10055,Litigation
C20493376,C10108,Trade and commerce
C20493377,C10055,Litigation
C20493378,C10055,Litigation
C20493379,C10055,Litigation
C20493380,C10055,Litigation
C20493380,C10056,Manors
C20493381,C10055,Litigation
C20493381,C10056,Manors
C20493382,C10055,Litigation
C20493383,C10055,Litigation
C20493383,C10056,Manors
C20493383,C10012,Children
C20493384,C10055,Litigation
C20493384,C10056,Manors
C20493385,C10055,Litigation
C20493386,C10055,Litigation
C20493387,C10055,Litigation
C20493387,C10056,Manors
C20493388,C10055,Litigation
C20493388,C10108,Trade and commerce
C20493389,C10055,Litigation
C20493390,C10055,Litigation
C20493390,C10025,Debt
C20493391,C10055,Litigation
C20493392,C10055,Litigation
C20493392,C10025,Debt
C20493393,C10055,Litigation
C20493394,C10055,Litigation
C20493395,C10055,Litigation
C20493395,C10056,Manors
C20493396,C10055,Litigation
C20493397,C10055,Litigation
C20493397,C10056,Manors
C20493398,C10055,Litigation
C20493399,C10055,Litigation
C20493399,C10056,Manors
C20493400,C10055,Litigation
C20493401,C10055,Litigation
C20493402,C10055,Litigation
C20493402,C10077,Pay and pensions
C20493403,C10055,Litigation
C20493404,C10055,Litigation
C20493405,C10055,Litigation
C20493406,C10055,Litigation
C20493407,C10131,Europe and Russia
C20493407,C10055,Litigation
C20493408,C10055,Litigation
C20493409,C10055,Litigation
C20493410,C10055,Litigation
C20493410,C10056,Manors
C20493411,C10055,Litigation
C20493411,C10056,Manors
C20493412,C10055,Litigation
C20493412,C10056,Manors
C20493413,C10055,Litigation
C20493414,C10055,Litigation
C20493415,C10055,Litigation
C20493415,C10056,Manors
C20493416,C10055,Litigation
C20493417,C10055,Litigation
C20493417,C10056,Manors
C20493418,C10055,Litigation
C20493418,C10056,Manors
C20493418,C10077,Pay and pensions
C20493419,C10055,Litigation
C20493420,C10055,Litigation
C20493420,C10056,Manors
C20493421,C10055,Litigation
C20493421,C10056,Manors
C20493422,C10055,Litigation
C20493423,C10055,Litigation
C20493424,C10055,Litigation
C20493425,C10055,Litigation
C20493426,C10055,Litigation
C20493427,C10055,Litigation
C20493428,C10055,Litigation
C20493429,C10055,Litigation
C20493430,C10055,Litigation
C20493430,C10056,Manors
C20493431,C10055,Litigation
C20493431,C10056,Manors
C20493432,C10055,Litigation
C20493433,C10055,Litigation
C20493433,C10056,Manors
C20493434,C10055,Litigation
C20493435,C10055,Litigation
C20493436,C10055,Litigation
C20493437,C10055,Litigation
C20493437,C10056,Manors
C20493438,C10023,Crime
C20493438,C10055,Litigation
C20493438,C10108,Trade and commerce
C20493439,C10055,Litigation
C20493440,C10055,Litigation
C20493441,C10055,Litigation
C20493441,C10025,Debt
C20493441,C10092,Army
C20493442,C10055,Litigation
C20493442,C10105,Sports
C20493443,C10055,Litigation
C20493444,C10055,Litigation
C20493445,C10055,Litigation
C20493446,C10055,Litigation
C20493446,C10056,Manors
C20493447,C10055,Litigation
C20493447,C10108,Trade and commerce
C20493448,C10055,Litigation
C20493449,C10055,Litigation
C20493450,C10055,Litigation
C20493451,C10055,Litigation
C20493451,C10056,Manors
C20493452,C10055,Litigation
C20493453,C10055,Litigation
C20493453,C10056,Manors
C20493454,C10055,Litigation
C20493455,C10055,Litigation
C20493456,C10055,Litigation
C20493456,C10108,Trade and commerce
C20493457,C10055,Litigation
C20493458,C10055,Litigation
C20493459,C10055,Litigation
C20493460,C10055,Litigation
C20493461,C10055,Litigation
C20493461,C10056,Manors
C20493462,C10055,Litigation
C20493462,C10056,Manors
C20493463,C10055,Litigation
C20493464,C10055,Litigation
C20493464,C10056,Manors
C20493465,C10055,Litigation
C20493466,C10055,Litigation
C20493467,C10055,Litigation
C20493468,C10055,Litigation
C20493469,C10055,Litigation
C20493469,C10056,Manors
C20493470,C10055,Litigation
C20493470,C10056,Manors
C20493471,C10055,Litigation
C20493472,C10055,Litigation
C20493473,C10055,Litigation
C20493474,C10055,Litigation
C20493475,C10055,Litigation
C20493476,C10055,Litigation
C20493477,C10055,Litigation
C20493478,C10055,Litigation
C20493479,C10055,Litigation
C20493479,C10025,Debt
C20493480,C10055,Litigation
C20493481,C10055,Litigation
C20493481,C10107,Tithes
C20493481,C10056,Manors
C20493482,C10055,Litigation
C20493483,C10055,Litigation
C20493484,C10055,Litigation
C20493485,C10055,Litigation
C20493486,C10055,Litigation
C20493486,C10108,Trade and commerce
C20493487,C10055,Litigation
C20493488,C10055,Litigation
C20493488,C10056,Manors
C20493489,C10055,Litigation
C20493490,C10055,Litigation
C20493490,C10056,Manors
C20493491,C10055,Litigation
C20493492,C10055,Litigation
C20493492,C10052,Labour
C20493493,C10055,Litigation
C20493494,C10055,Litigation
C20493495,C10055,Litigation
C20493496,C10055,Litigation
C20493497,C10055,Litigation
C20493498,C10055,Litigation
C20493499,C10023,Crime
C20493499,C10131,Europe and Russia
C20493499,C10055,Litigation
C20493499,C10056,Manors
C20493500,C10055,Litigation
C20493501,C10055,Litigation
C20493501,C10056,Manors
C20493502,C10055,Litigation
C20493503,C10055,Litigation
C20493503,C10056,Manors
C20493504,C10055,Litigation
C20493504,C10056,Manors
C20493505,C10055,Litigation
C20493506,C10055,Litigation
C20493506,C10056,Manors
C20493507,C10055,Litigation
C20493507,C10040,Forestry
C20493507,C10056,Manors
C20493508,C10055,Litigation
C20493508,C10025,Debt
C20493509,C10055,Litigation
C20493510,C10055,Litigation
C20493510,C10025,Debt
C20493511,C10055,Litigation
C20493512,C10055,Litigation
C20493513,C10055,Litigation
C20493514,C10055,Litigation
C20493515,C10055,Litigation
C20493516,C10055,Litigation
C20493517,C10055,Litigation
C20493517,C10132,Ireland
C20493518,C10055,Litigation
C20493518,C10056,Manors
C20493519,C10055,Litigation
C20493520,C10055,Litigation
C20493521,C10055,Litigation
C20493522,C10055,Litigation
C20493523,C10055,Litigation
C20493523,C10056,Manors
C20493524,C10055,Litigation
C20493525,C10055,Litigation
C20493526,C10055,Litigation
C20493527,C10055,Litigation
C20493528,C10055,Litigation
C20493529,C10055,Litigation
C20493530,C10055,Litigation
C20493530,C10056,Manors
C20493531,C10055,Litigation
C20493531,C10040,Forestry
C20493532,C10055,Litigation
C20493533,C10055,Litigation
C20493533,C10056,Manors
C20493534,C10055,Litigation
C20493534,C10108,Trade and commerce
C20493535,C10055,Litigation
C20493536,C10055,Litigation
C20493537,C10055,Litigation
C20493538,C10055,Litigation
C20493538,C10056,Manors
C20493539,C10055,Litigation
C20493539,C10056,Manors
C20493540,C10055,Litigation
C20493540,C10012,Children
C20493541,C10055,Litigation
C20493542,C10055,Litigation
C20493543,C10055,Litigation
C20493544,C10055,Litigation
C20493544,C10108,Trade and commerce
C20493545,C10055,Litigation
C20493546,C10055,Litigation
C20493546,C10040,Forestry
C20493547,C10055,Litigation
C20493548,C10039,Food and drink
C20493548,C10055,Litigation
C20493549,C10055,Litigation
C20493550,C10055,Litigation
C20493550,C10013,Clothing
C20493551,C10055,Litigation
C20493551,C10057,Manufacturing
C20493552,C10055,Litigation
C20493553,C10055,Litigation
C20493553,C10056,Manors
C20493554,C10055,Litigation
C20493554,C10056,Manors
C20493555,C10055,Litigation
C20493556,C10055,Litigation
C20493556,C10007,Banking
C20493556,C10022,Conveyancing
C20493557,C10055,Litigation
C20493557,C10056,Manors
C20493558,C10055,Litigation
C20493559,C10055,Litigation
C20493560,C10055,Litigation
C20493561,C10055,Litigation
C20493562,C10055,Litigation
C20493562,C10056,Manors
C20493563,C10055,Litigation
C20493564,C10055,Litigation
C20493565,C10055,Litigation
C20493565,C10108,Trade and commerce
C20493566,C10055,Litigation
C20493567,C10055,Litigation
C20493568,C10055,Litigation
C20493568,C10056,Manors
C20493569,C10055,Litigation
C20493569,C10056,Manors
C20493570,C10055,Litigation
C20493570,C10056,Manors
C20493571,C10131,Europe and Russia
C20493571,C10055,Litigation
C20493571,C10108,Trade and commerce
C20493571,C10132,Ireland
C20493572,C10055,Litigation
C20493572,C10056,Manors
C20493573,C10055,Litigation
C20493574,C10055,Litigation
C20493575,C10055,Litigation
C20493575,C10056,Manors
C20493576,C10055,Litigation
C20493576,C10108,Trade and commerce
C20493577,C10055,Litigation
C20493578,C10055,Litigation
C20493578,C10056,Manors
C20493579,C10055,Litigation
C20493579,C10056,Manors
C20493580,C10055,Litigation
C20493581,C10055,Litigation
C20493581,C10056,Manors
C20493582,C10055,Litigation
C20493583,C10055,Litigation
C20493584,C10055,Litigation
C20493585,C10055,Litigation
C20493585,C10056,Manors
C20493586,C10055,Litigation
C20493587,C10055,Litigation
C20493588,C10055,Litigation
C20493589,C10055,Litigation
C20493590,C10055,Litigation
C20493591,C10055,Litigation
C20493591,C10056,Manors
C20493592,C10055,Litigation
C20493592,C10108,Trade and commerce
C20493593,C10055,Litigation
C20493594,C10055,Litigation
C20493595,C10055,Litigation
C20493596,C10055,Litigation
C20493596,C10056,Manors
C20493597,C10055,Litigation
C20493598,C10055,Litigation
C20493599,C10055,Litigation
C20493600,C10055,Litigation
C20493600,C10108,Trade and commerce
C20493601,C10055,Litigation
C20493602,C10055,Litigation
C20493602,C10056,Manors
C20493602,C10012,Children
C20493603,C10131,Europe and Russia
C20493603,C10055,Litigation
C20493604,C10055,Litigation
C20493604,C10108,Trade and commerce
C20493605,C10055,Litigation
C20493605,C10108,Trade and commerce
C20493606,C10055,Litigation
C20493606,C10056,Manors
C20493607,C10055,Litigation
C20493608,C10055,Litigation
C20493608,C10058,Maps and plans
C20493609,C10055,Litigation
C20493609,C10056,Manors
C20493610,C10055,Litigation
C20493611,C10055,Litigation
C20493612,C10055,Litigation
C20493613,C10055,Litigation
C20493613,C10108,Trade and commerce
C20493614,C10055,Litigation
C20493615,C10055,Litigation
C20493615,C10056,Manors
C20493616,C10055,Litigation
C20493616,C10108,Trade and commerce
C20493617,C10055,Litigation
C20493617,C10056,Manors
C20493618,C10055,Litigation
C20493619,C10055,Litigation
C20493619,C10056,Manors
C20493620,C10055,Litigation
C20493621,C10055,Litigation
C20493621,C10056,Manors
C20493622,C10055,Litigation
C20493623,C10055,Litigation
C20493623,C10056,Manors
C20493624,C10055,Litigation
C20493624,C10056,Manors
C20493625,C10055,Litigation
C20493626,C10055,Litigation
C20493627,C10055,Litigation
C20493627,C10056,Manors
C20493628,C10055,Litigation
C20493629,C10055,Litigation
C20493630,C10055,Litigation
C20493631,C10059,Marriage and divorce
C20493631,C10055,Litigation
C20493631,C10056,Manors
C20493632,C10055,Litigation
C20493633,C10055,Litigation
C20493634,C10055,Litigation
C20493635,C10055,Litigation
C20493636,C10055,Litigation
C20493636,C10056,Manors
C20493637,C10055,Litigation
C20493638,C10055,Litigation
C20493639,C10055,Litigation
C20493640,C10055,Litigation
C20493641,C10055,Litigation
C20493641,C10040,Forestry
C20493642,C10055,Litigation
C20493642,C10056,Manors
C20493643,C10055,Litigation
C20493643,C10107,Tithes
C20493644,C10055,Litigation
C20493645,C10055,Litigation
C20493647,C10055,Litigation
C20493647,C10056,Manors
C20493648,C10055,Litigation
C20493649,C10055,Litigation
C20493650,C10055,Litigation
C20493651,C10055,Litigation
C20493651,C10056,Manors
C20493652,C10055,Litigation
C20493652,C10025,Debt
C20493653,C10055,Litigation
C20493653,C10056,Manors
C20493654,C10055,Litigation
C20493655,C10055,Litigation
C20493656,C10055,Litigation
C20493657,C10055,Litigation
C20493658,C10055,Litigation
C20493659,C10055,Litigation
C20493660,C10055,Litigation
C20493661,C10055,Litigation
C20493662,C10055,Litigation
C20493663,C10055,Litigation
C20493663,C10040,Forestry
C20493664,C10055,Litigation
C20493664,C10056,Manors
C20493665,C10055,Litigation
C20493666,C10055,Litigation
C20493667,C10055,Litigation
C20493668,C10055,Litigation
C20493669,C10055,Litigation
C20493670,C10055,Litigation
C20493671,C10055,Litigation
C20493672,C10055,Litigation
C20493673,C10055,Litigation
C20493674,C10055,Litigation
C20493674,C10056,Manors
C20493675,C10055,Litigation
C20493676,C10055,Litigation
C20493677,C10055,Litigation
C20493678,C10055,Litigation
C20493679,C10055,Litigation
C20493679,C10108,Trade and commerce
C20493680,C10055,Litigation
C20493680,C10012,Children
C20493681,C10055,Litigation
C20493682,C10055,Litigation
C20493682,C10056,Manors
C20493683,C10093,Religions
C20493683,C10055,Litigation
C20493684,C10055,Litigation
C20493685,C10055,Litigation
C20493686,C10055,Litigation
C20493687,C10055,Litigation
C20493687,C10056,Manors
C20493688,C10055,Litigation
C20493689,C10055,Litigation
C20493689,C10056,Manors
C20493690,C10055,Litigation
C20493690,C10056,Manors
C20493691,C10055,Litigation
C20493692,C10055,Litigation
C20493693,C10055,Litigation
C20493694,C10055,Litigation
C20493695,C10055,Litigation
C20493696,C10055,Litigation
C20493697,C10055,Litigation
C20493697,C10132,Ireland
C20493698,C10055,Litigation
C20493699,C10055,Litigation
C20493700,C10055,Litigation
C20493700,C10056,Manors
C20493701,C10055,Litigation
C20493702,C10055,Litigation
C20493703,C10055,Litigation
C20493704,C10055,Litigation
C20493705,C10055,Litigation
C20493706,C10055,Litigation
C20493706,C10056,Manors
C20493707,C10055,Litigation
C20493707,C10056,Manors
C20493708,C10055,Litigation
C20493709,C10055,Litigation
C20493710,C10055,Litigation
C20493711,C10055,Litigation
C20493711,C10056,Manors
C20493712,C10055,Litigation
C20493713,C10055,Litigation
C20493713,C10056,Manors
C20493714,C10055,Litigation
C20493714,C10116,Wills and probate
C20493715,C10055,Litigation
C20493716,C10055,Litigation
C20493716,C10056,Manors
C20493717,C10055,Litigation
C20493718,C10055,Litigation
C20493718,C10056,Manors
C20493719,C10055,Litigation
C20493720,C10055,Litigation
C20493721,C10055,Litigation
C20493722,C10055,Litigation
C20493722,C10056,Manors
C20493723,C10055,Litigation
C20493724,C10055,Litigation
C20493724,C10040,Forestry
C20493725,C10055,Litigation
C20493725,C10108,Trade and commerce
C20493726,C10055,Litigation
C20493727,C10055,Litigation
C20493727,C10056,Manors
C20493728,C10055,Litigation
C20493729,C10055,Litigation
C20493729,C10036,Farming
C20493730,C10055,Litigation
C20493730,C10108,Trade and commerce
C20493730,C10012,Children
C20493731,C10055,Litigation
C20493732,C10023,Crime
C20493732,C10055,Litigation
C20493732,C10025,Debt
C20493733,C10055,Litigation
C20493734,C10055,Litigation
C20493735,C10055,Litigation
C20493735,C10056,Manors
C20493736,C10055,Litigation
C20493737,C10055,Litigation
C20493738,C10055,Litigation
C20493738,C10056,Manors
C20493739,C10055,Litigation
C20493740,C10055,Litigation
C20493741,C10055,Litigation
C20493741,C10056,Manors
C20493742,C10055,Litigation
C20493742,C10056,Manors
C20493743,C10055,Litigation
C20493743,C10007,Banking
C20493743,C10022,Conveyancing
C20493744,C10055,Litigation
C20493745,C10039,Food and drink
C20493745,C10055,Litigation
C20493746,C10023,Crime
C20493746,C10055,Litigation
C20493747,C10055,Litigation
C20493748,C10055,Litigation
C20493749,C10055,Litigation
C20493750,C10055,Litigation
C20493751,C10055,Litigation
C20493752,C10055,Litigation
C20493753,C10055,Litigation
C20493753,C10108,Trade and commerce
C20493753,C10010,Charities
C20493754,C10055,Litigation
C20493754,C10056,Manors
C20493755,C10055,Litigation
C20493756,C10055,Litigation
C20493756,C10012,Children
C20493757,C10055,Litigation
C20493757,C10071,Nationality
C20493758,C10055,Litigation
C20493758,C10025,Debt
C20493759,C10055,Litigation
C20493760,C10055,Litigation
C20493760,C10056,Manors
C20493761,C10055,Litigation
C20493761,C10036,Farming
C20493762,C10055,Litigation
C20493762,C10108,Trade and commerce
C20493762,C10036,Farming
C20493763,C10055,Litigation
C20493764,C10055,Litigation
C20493765,C10055,Litigation
C20493765,C10108,Trade and commerce
C20493765,C10025,Debt
C20493766,C10131,Europe and Russia
C20493766,C10055,Litigation
C20493766,C10108,Trade and commerce
C20493767,C10055,Litigation
C20493767,C10108,Trade and commerce
C20493768,C10055,Litigation
C20493769,C10055,Litigation
C20493769,C10036,Farming
C20493770,C10055,Litigation
C20493770,C10056,Manors
C20493771,C10055,Litigation
C20493772,C10055,Litigation
C20493772,C10108,Trade and commerce
C20493772,C10025,Debt
C20493773,C10055,Litigation
C20493773,C10056,Manors
C20493774,C10055,Litigation
C20493775,C10055,Litigation
C20493776,C10055,Litigation
C20493776,C10108,Trade and commerce
C20493777,C10055,Litigation
C20493778,C10055,Litigation
C20493779,C10055,Litigation
C20493779,C10056,Manors
C20493780,C10055,Litigation
C20493781,C10055,Litigation
C20493782,C10055,Litigation
C20493782,C10056,Manors
C20493783,C10055,Litigation
C20493784,C10055,Litigation
C20493785,C10055,Litigation
C20493786,C10055,Litigation
C20493787,C10055,Litigation
C20493787,C10056,Manors
C20493788,C10055,Litigation
C20493789,C10055,Litigation
C20493790,C10055,Litigation
C20493791,C10055,Litigation
C20493792,C10055,Litigation
C20493793,C10055,Litigation
C20493794,C10039,Food and drink
C20493794,C10055,Litigation
C20493795,C10055,Litigation
C20493796,C10055,Litigation
C20493796,C10056,Manors
C20493797,C10093,Religions
C20493797,C10055,Litigation
C20493798,C10055,Litigation
C20493799,C10055,Litigation
C20493800,C10055,Litigation
C20493801,C10055,Litigation
C20493802,C10055,Litigation
C20493802,C10108,Trade and commerce
C20493803,C10055,Litigation
C20493804,C10055,Litigation
C20493805,C10055,Litigation
C20493806,C10055,Litigation
C20493807,C10055,Litigation
C20493807,C10056,Manors
C20493807,C10077,Pay and pensions
C20493808,C10055,Litigation
C20493809,C10055,Litigation
C20493810,C10055,Litigation
C20493811,C10055,Litigation
C20493811,C10025,Debt
C20493812,C10055,Litigation
C20493813,C10055,Litigation
C20493813,C10108,Trade and commerce
C20493814,C10055,Litigation
C20493814,C10056,Manors
C20493815,C10055,Litigation
C20493816,C10055,Litigation
C20493817,C10055,Litigation
C20493818,C10055,Litigation
C20493819,C10055,Litigation
C20493819,C10010,Charities
C20493820,C10055,Litigation
C20493821,C10055,Litigation
C20493822,C10055,Litigation
C20493823,C10055,Litigation
C20493824,C10055,Litigation
C20493824,C10108,Trade and commerce
C20493825,C10055,Litigation
C20513122,C10055,Litigation
C20513122,C10077,Pay and pensions
C20513123,C10055,Litigation
C20513124,C10055,Litigation
C20513124,C10077,Pay and pensions
C20513125,C10055,Litigation
C20513126,C10055,Litigation
C20513126,C10056,Manors
C20513127,C10055,Litigation
C20513127,C10012,Children
C20513128,C10055,Litigation
C20513128,C10132,Ireland
C20513128,C10056,Manors
C20513129,C10055,Litigation
C20513130,C10055,Litigation
C20513131,C10055,Litigation
C20513131,C10085,Prisons
C20513132,C10055,Litigation
C20513132,C10085,Prisons
C20513133,C10055,Litigation
C20513133,C10077,Pay and pensions
C20513134,C10055,Litigation
C20513135,C10055,Litigation
C20513135,C10056,Manors
C20513136,C10055,Litigation
C20513137,C10055,Litigation
C20513138,C10055,Litigation
C20513138,C10056,Manors
C20513139,C10055,Litigation
C20513140,C10055,Litigation
C20513141,C10055,Litigation
C20513142,C10055,Litigation
C20513143,C10055,Litigation
C20513144,C10055,Litigation
C20513145,C10055,Litigation
C20513146,C10055,Litigation
C20513146,C10056,Manors
C20513147,C10093,Religions
C20513147,C10055,Litigation
C20513147,C10132,Ireland
C20513148,C10055,Litigation
C20513149,C10055,Litigation
C20513149,C10056,Manors
C20513150,C10055,Litigation
C20513151,C10055,Litigation
C20513152,C10055,Litigation
C20513153,C10055,Litigation
C20513154,C10055,Litigation
C20513155,C10059,Marriage and divorce
C20513155,C10055,Litigation
C20513156,C10055,Litigation
C20513157,C10055,Litigation
C20513157,C10036,Farming
C20513158,C10055,Litigation
C20513158,C10077,Pay and pensions
C20513159,C10055,Litigation
C20513160,C10055,Litigation
C20513161,C10055,Litigation
C20513162,C10055,Litigation
C20513163,C10055,Litigation
C20513164,C10039,Food and drink
C20513164,C10055,Litigation
C20513165,C10059,Marriage and divorce
C20513165,C10055,Litigation
C20513166,C10055,Litigation
C20513166,C10025,Debt
C20513167,C10055,Litigation
C20513167,C10056,Manors
C20513168,C10055,Litigation
C20513169,C10055,Litigation
C20513170,C10055,Litigation
C20513171,C10055,Litigation
C20513172,C10055,Litigation
C20513173,C10055,Litigation
C20513173,C10108,Trade and commerce
C20513174,C10055,Litigation
C20513175,C10055,Litigation
C20513176,C10055,Litigation
C20513177,C10055,Litigation
C20513178,C10055,Litigation
C20513178,C10132,Ireland
C20513179,C10055,Litigation
C20513179,C10056,Manors
C20513180,C10055,Litigation
C20513180,C10036,Farming
C20513181,C10055,Litigation
C20513182,C10055,Litigation
C20513183,C10055,Litigation
C20513184,C10055,Litigation
C20513185,C10059,Marriage and divorce
C20513185,C10055,Litigation
C20513185,C10128,Middle East
C20513186,C10055,Litigation
C20513186,C10128,Middle East
C20513187,C10055,Litigation
C20513187,C10128,Middle East
C20513188,C10055,Litigation
C20513189,C10055,Litigation
C20513190,C10055,Litigation
C20513191,C10055,Litigation
C20513192,C10055,Litigation
C20513193,C10055,Litigation
C20513193,C10056,Manors
C20513194,C10055,Litigation
C20513195,C10055,Litigation
C20513196,C10055,Litigation
C20513197,C10055,Litigation
C20513197,C10036,Farming
C20513198,C10055,Litigation
C20513199,C10055,Litigation
C20513200,C10055,Litigation
C20513200,C10056,Manors
C20513201,C10055,Litigation
C20513202,C10055,Litigation
C20513202,C10056,Manors
C20513203,C10039,Food and drink
C20513203,C10055,Litigation
C20513203,C10108,Trade and commerce
C20513204,C10055,Litigation
C20513205,C10055,Litigation
C20513206,C10055,Litigation
C20513207,C10055,Litigation
C20513208,C10055,Litigation
C20513209,C10055,Litigation
C20513209,C10114,Weapons
C20513210,C10055,Litigation
C20513210,C10108,Trade and commerce
C20513211,C10055,Litigation
C20513211,C10025,Debt
C20513212,C10055,Litigation
C20513212,C10107,Tithes
C20513213,C10055,Litigation
C20513213,C10025,Debt
C20513214,C10055,Litigation
C20513214,C10025,Debt
C20513215,C10055,Litigation
C20513215,C10056,Manors
C20513216,C10055,Litigation
C20513216,C10077,Pay and pensions
C20513217,C10055,Litigation
C20513218,C10055,Litigation
C20513219,C10055,Litigation
C20513220,C10055,Litigation
C20513221,C10055,Litigation
C20513221,C10107,Tithes
C20513222,C10055,Litigation
C20513223,C10055,Litigation
C20513224,C10055,Litigation
C20513225,C10059,Marriage and divorce
C20513225,C10055,Litigation
C20513225,C10132,Ireland
C20513226,C10055,Litigation
C20513227,C10055,Litigation
C20513228,C10055,Litigation
C20513228,C10014,Coal
C20513229,C10055,Litigation
C20513229,C10056,Manors
C20513230,C10055,Litigation
C20513230,C10036,Farming
C20513231,C10055,Litigation
C20513231,C10056,Manors
C20513232,C10055,Litigation
C20513232,C10025,Debt
C20513233,C10055,Litigation
C20513233,C10108,Trade and commerce
C20513234,C10055,Litigation
C20513235,C10055,Litigation
C20513236,C10055,Litigation
C20513237,C10055,Litigation
C20513237,C10056,Manors
C20513238,C10055,Litigation
C20513239,C10093,Religions
C20513239,C10055,Litigation
C20513240,C10055,Litigation
C20513241,C10055,Litigation
C20513242,C10055,Litigation
C20513242,C10056,Manors
C20513243,C10055,Litigation
C20513243,C10025,Debt
C20513244,C10055,Litigation
C20513244,C10025,Debt
C20513245,C10055,Litigation
C20513245,C10025,Debt
C20513245,C10012,Children
C20513246,C10055,Litigation
C20513247,C10055,Litigation
C20513248,C10055,Litigation
C20513248,C10056,Manors
C20513249,C10055,Litigation
C20513250,C10055,Litigation
C20513251,C10055,Litigation
C20513252,C10055,Litigation
C20513252,C10056,Manors
C20513253,C10055,Litigation
C20513254,C10055,Litigation
C20513254,C10025,Debt
C20513255,C10055,Litigation
C20513256,C10055,Litigation
C20513257,C10055,Litigation
C20513257,C10025,Debt
C20513257,C10056,Manors
C20513258,C10055,Litigation
C20513258,C10056,Manors
C20513259,C10055,Litigation
C20513260,C10055,Litigation
C20513261,C10055,Litigation
C20513262,C10055,Litigation
C20513263,C10055,Litigation
C20513264,C10055,Litigation
C20513265,C10055,Litigation
C20513266,C10055,Litigation
C20513267,C10055,Litigation
C20513268,C10055,Litigation
C20513269,C10055,Litigation
C20513270,C10055,Litigation
C20513270,C10056,Manors
C20513271,C10055,Litigation
C20513272,C10055,Litigation
C20513272,C10077,Pay and pensions
C20513273,C10055,Litigation
C20513273,C10041,Freemasons
C20513274,C10055,Litigation
C20513274,C10056,Manors
C20513275,C10055,Litigation
C20513276,C10055,Litigation
C20513276,C10056,Manors
C20513277,C10055,Litigation
C20513278,C10055,Litigation
C20513278,C10056,Manors
C20513279,C10055,Litigation
C20513280,C10055,Litigation
C20513281,C10055,Litigation
C20513281,C10108,Trade and commerce
C20513282,C10131,Europe and Russia
C20513282,C10055,Litigation
C20513282,C10025,Debt
C20513283,C10055,Litigation
C20513284,C10055,Litigation
C20513285,C10055,Litigation
C20513285,C10056,Manors
C20513286,C10055,Litigation
C20513286,C10108,Trade and commerce
C20513287,C10055,Litigation
C20513288,C10055,Litigation
C20513289,C10055,Litigation
C20513290,C10055,Litigation
C20513291,C10055,Litigation
C20513292,C10055,Litigation
C20513293,C10055,Litigation
C20513293,C10077,Pay and pensions
C20513293,C10036,Farming
C20513294,C10055,Litigation
C20513295,C10055,Litigation
C20513295,C10116,Wills and probate
C20513296,C10055,Litigation
C20513297,C10055,Litigation
C20513297,C10025,Debt
C20513298,C10055,Litigation
C20513299,C10055,Litigation
C20513300,C10055,Litigation
C20513301,C10055,Litigation
C20513302,C10055,Litigation
C20513303,C10055,Litigation
C20513303,C10107,Tithes
C20513304,C10055,Litigation
C20513305,C10093,Religions
C20513305,C10055,Litigation
C20513306,C10055,Litigation
C20513307,C10055,Litigation
C20513308,C10055,Litigation
C20513308,C10056,Manors
C20513308,C10007,Banking
C20513308,C10022,Conveyancing
C20513309,C10055,Litigation
C20513309,C10025,Debt
C20513310,C10055,Litigation
C20513310,C10108,Trade and commerce
C20513310,C10071,Nationality
C20513311,C10055,Litigation
C20513312,C10055,Litigation
C20513313,C10055,Litigation
C20513314,C10055,Litigation
C20513314,C10056,Manors
C20513315,C10055,Litigation
C20513315,C10108,Trade and commerce
C20513316,C10055,Litigation
C20513317,C10055,Litigation
C20513317,C10056,Manors
C20513318,C10055,Litigation
C20513319,C10055,Litigation
C20513320,C10055,Litigation
C20513321,C10055,Litigation
C20513322,C10055,Litigation
C20513322,C10056,Manors
C20513323,C10055,Litigation
C20513324,C10055,Litigation
C20513325,C10055,Litigation
C20513325,C10036,Farming
C20513326,C10055,Litigation
C20513327,C10055,Litigation
C20513328,C10055,Litigation
C20513329,C10055,Litigation
C20513330,C10055,Litigation
C20513331,C10055,Litigation
C20513331,C10056,Manors
C20513332,C10055,Litigation
C20513333,C10055,Litigation
C20513334,C10055,Litigation
C20513335,C10055,Litigation
C20513335,C10056,Manors
C20513336,C10055,Litigation
C20513337,C10055,Litigation
C20513337,C10056,Manors
C20513338,C10055,Litigation
C20513339,C10059,Marriage and divorce
C20513339,C10055,Litigation
C20513340,C10055,Litigation
C20513341,C10055,Litigation
C20513342,C10055,Litigation
C20513342,C10094,Religious discrimination and persecution
C20513343,C10055,Litigation
C20513344,C10055,Litigation
C20513345,C10055,Litigation
C20513346,C10055,Litigation
C20513347,C10059,Marriage and divorce
C20513347,C10055,Litigation
C20513347,C10108,Trade and commerce
C20513348,C10055,Litigation
C20513348,C10077,Pay and pensions
C20513349,C10055,Litigation
C20513349,C10012,Children
C20513350,C10055,Litigation
C20513350,C10056,Manors
C20513351,C10055,Litigation
C20513351,C10056,Manors
C20513352,C10055,Litigation
C20513352,C10036,Farming
C20513353,C10131,Europe and Russia
C20513353,C10055,Litigation
C20513354,C10055,Litigation
C20513355,C10055,Litigation
C20513356,C10059,Marriage and divorce
C20513356,C10055,Litigation
C20513357,C10055,Litigation
C20513358,C10055,Litigation
C20513358,C10056,Manors
C20513358,C10012,Children
C20513359,C10055,Litigation
C20513359,C10056,Manors
C20513360,C10055,Litigation
C20513361,C10055,Litigation
C20513362,C10055,Litigation
C20513362,C10056,Manors
C20513363,C10055,Litigation
C20513363,C10108,Trade and commerce
C20513364,C10055,Litigation
C20513365,C10055,Litigation
C20513365,C10128,Middle East
C20513366,C10055,Litigation
C20513366,C10056,Manors
C20513367,C10055,Litigation
C20513367,C10012,Children
C20513368,C10055,Litigation
C20513368,C10056,Manors
C20513369,C10055,Litigation
C20513369,C10056,Manors
C20513369,C10012,Children
C20513370,C10055,Litigation
C20513371,C10055,Litigation
C20513372,C10055,Litigation
C20513372,C10056,Manors
C20513373,C10055,Litigation
C20513373,C10056,Manors
C20513374,C10059,Marriage and divorce
C20513374,C10055,Litigation
C20513374,C10077,Pay and pensions
C20513375,C10055,Litigation
C20513375,C10056,Manors
C20513376,C10055,Litigation
C20513376,C10108,Trade and commerce
C20513377,C10055,Litigation
C20513378,C10055,Litigation
C20513379,C10055,Litigation
C20513379,C10007,Banking
C20513379,C10022,Conveyancing
C20513380,C10055,Litigation
C20513381,C10055,Litigation
C20513382,C10055,Litigation
C20513382,C10056,Manors
C20513383,C10055,Litigation
C20513384,C10055,Litigation
C20513385,C10055,Litigation
C20513386,C10055,Litigation
C20513387,C10055,Litigation
C20513388,C10055,Litigation
C20513388,C10105,Sports
C20513389,C10055,Litigation
C20513389,C10056,Manors
C20513390,C10055,Litigation
C20513390,C10108,Trade and commerce
C20513390,C10025,Debt
C20513391,C10055,Litigation
C20513392,C10055,Litigation
C20513392,C10040,Forestry
C20513393,C10023,Crime
C20513393,C10055,Litigation
C20513393,C10108,Trade and commerce
C20513394,C10055,Litigation
C20513394,C10056,Manors
C20513395,C10055,Litigation
C20513395,C10025,Debt
C20513396,C10055,Litigation
C20513397,C10055,Litigation
C20513397,C10056,Manors
C20513398,C10055,Litigation
C20513398,C10056,Manors
C20513399,C10055,Litigation
C20513400,C10055,Litigation
C20513401,C10055,Litigation
C20513402,C10055,Litigation
C20513402,C10056,Manors
C20513403,C10055,Litigation
C20513404,C10055,Litigation
C20513404,C10085,Prisons
C20513405,C10055,Litigation
C20513406,C10055,Litigation
C20513407,C10055,Litigation
C20513408,C10055,Litigation
C20513408,C10056,Manors
C20513409,C10055,Litigation
C20513409,C10025,Debt
C20513410,C10055,Litigation
C20513410,C10056,Manors
C20513411,C10055,Litigation
C20513411,C10108,Trade and commerce
C20513412,C10055,Litigation
C20513413,C10055,Litigation
C20513413,C10056,Manors
C20513414,C10055,Litigation
C20513415,C10055,Litigation
C20513416,C10055,Litigation
C20513417,C10055,Litigation
C20513418,C10055,Litigation
C20513418,C10056,Manors
C20513419,C10055,Litigation
C20513419,C10056,Manors
C20513420,C10038,Fishing
C20513420,C10055,Litigation
C20513421,C10055,Litigation
C20513421,C10025,Debt
C20513422,C10055,Litigation
C20513422,C10056,Manors
C20513423,C10055,Litigation
C20513424,C10055,Litigation
C20513425,C10055,Litigation
C20513426,C10055,Litigation
C20513427,C10055,Litigation
C20513428,C10055,Litigation
C20513428,C10056,Manors
C20513429,C10055,Litigation
C20513429,C10025,Debt
C20513430,C10055,Litigation
C20513430,C10025,Debt
C20516722,C10055,Litigation
C20516723,C10055,Litigation
C20516723,C10025,Debt
C20516724,C10055,Litigation
C20516725,C10055,Litigation
C20516726,C10055,Litigation
C20516727,C10055,Litigation
C20516728,C10055,Litigation
C20516729,C10055,Litigation
C20516729,C10025,Debt
C20516730,C10055,Litigation
C20516731,C10055,Litigation
C20516731,C10056,Manors
C20516732,C10055,Litigation
C20516733,C10055,Litigation
C20516734,C10055,Litigation
C20516735,C10055,Litigation
C20516735,C10056,Manors
C20516736,C10055,Litigation
C20516736,C10108,Trade and commerce
C20516737,C10055,Litigation
C20516738,C10055,Litigation
C20516739,C10055,Litigation
C20516740,C10055,Litigation
C20516741,C10055,Litigation
C20516741,C10056,Manors
C20516742,C10055,Litigation
C20516742,C10056,Manors
C20516743,C10055,Litigation
C20516743,C10108,Trade and commerce
C20516743,C10077,Pay and pensions
C20516744,C10055,Litigation
C20516745,C10055,Litigation
C20516746,C10055,Litigation
C20516746,C10056,Manors
C20516747,C10055,Litigation
C20516748,C10055,Litigation
C20516748,C10056,Manors
C20516749,C10055,Litigation
C20516749,C10040,Forestry
C20516750,C10055,Litigation
C20516750,C10107,Tithes
C20516751,C10055,Litigation
C20516751,C10108,Trade and commerce
C20516751,C10007,Banking
C20516752,C10055,Litigation
C20516753,C10055,Litigation
C20516754,C10055,Litigation
C20516754,C10108,Trade and commerce
C20516755,C10055,Litigation
C20516756,C10055,Litigation
C20516757,C10055,Litigation
C20516758,C10059,Marriage and divorce
C20516758,C10055,Litigation
C20516759,C10055,Litigation
C20516760,C10055,Litigation
C20516761,C10055,Litigation
C20516761,C10056,Manors
C20516762,C10055,Litigation
C20516764,C10055,Litigation
C20516765,C10055,Litigation
C20516766,C10055,Litigation
C20516767,C10055,Litigation
C20516767,C10056,Manors
C20516767,C10116,Wills and probate
C20516768,C10055,Litigation
C20516768,C10056,Manors
C20516768,C10012,Children
C20516769,C10055,Litigation
C20516770,C10055,Litigation
C20516771,C10055,Litigation
C20516771,C10025,Debt
C20516772,C10055,Litigation
C20516773,C10055,Litigation
C20516773,C10056,Manors
C20516774,C10055,Litigation
C20516775,C10055,Litigation
C20516776,C10055,Litigation
C20516776,C10056,Manors
C20516777,C10055,Litigation
C20516778,C10055,Litigation
C20516778,C10056,Manors
C20516779,C10055,Litigation
C20516780,C10055,Litigation
C20516781,C10055,Litigation
C20516782,C10055,Litigation
C20516783,C10055,Litigation
C20516784,C10055,Litigation
C20516785,C10055,Litigation
C20516786,C10055,Litigation
C20516786,C10056,Manors
C20516787,C10055,Litigation
C20516787,C10025,Debt
C20516788,C10055,Litigation
C20516789,C10055,Litigation
C20516790,C10055,Litigation
C20516791,C10055,Litigation
C20516792,C10055,Litigation
C20516792,C10056,Manors
C20516793,C10055,Litigation
C20516793,C10056,Manors
C20516794,C10055,Litigation
C20516795,C10055,Litigation
C20516796,C10055,Litigation
C20516797,C10055,Litigation
C20516798,C10055,Litigation
C20516799,C10055,Litigation
C20516799,C10108,Trade and commerce
C20516800,C10055,Litigation
C20516800,C10108,Trade and commerce
C20516801,C10055,Litigation
C20516801,C10056,Manors
C20516802,C10055,Litigation
C20516803,C10055,Litigation
C20516803,C10108,Trade and commerce
C20516804,C10055,Litigation
C20516804,C10108,Trade and commerce
C20516805,C10055,Litigation
C20516806,C10055,Litigation
C20516806,C10025,Debt
C20516807,C10055,Litigation
C20516807,C10108,Trade and commerce
C20516808,C10055,Litigation
C20516808,C10056,Manors
C20516809,C10055,Litigation
C20516809,C10025,Debt
C20516810,C10055,Litigation
C20516811,C10055,Litigation
C20516811,C10056,Manors
C20516812,C10055,Litigation
C20516813,C10055,Litigation
C20516814,C10055,Litigation
C20516814,C10056,Manors
C20516815,C10055,Litigation
C20516815,C10108,Trade and commerce
C20516816,C10055,Litigation
C20516817,C10055,Litigation
C20516817,C10025,Debt
C20516818,C10055,Litigation
C20516818,C10025,Debt
C20516819,C10055,Litigation
C20516820,C10055,Litigation
C20516821,C10055,Litigation
C20516822,C10055,Litigation
C20516823,C10055,Litigation
C20516823,C10022,Conveyancing
C20516824,C10055,Litigation
C20516825,C10055,Litigation
C20516825,C10056,Manors
C20516826,C10055,Litigation
C20516827,C10055,Litigation
C20516828,C10055,Litigation
C20516829,C10055,Litigation
C20516830,C10055,Litigation
C20516831,C10055,Litigation
C20516831,C10056,Manors
C20516831,C10007,Banking
C20516831,C10022,Conveyancing
C20516832,C10055,Litigation
C20516833,C10055,Litigation
C20516833,C10056,Manors
C20516834,C10055,Litigation
C20516834,C10056,Manors
C20516835,C10055,Litigation
C20516836,C10055,Litigation
C20516836,C10077,Pay and pensions
C20516837,C10055,Litigation
C20516837,C10056,Manors
C20516838,C10055,Litigation
C20516839,C10055,Litigation
C20516839,C10007,Banking
C20516839,C10022,Conveyancing
C20516840,C10055,Litigation
C20516841,C10055,Litigation
C20516842,C10055,Litigation
C20516842,C10108,Trade and commerce
C20516843,C10055,Litigation
C20516843,C10107,Tithes
C20516843,C10056,Manors
C20516844,C10055,Litigation
C20516844,C10108,Trade and commerce
C20516845,C10055,Litigation
C20516846,C10039,Food and drink
C20516846,C10055,Litigation
C20516846,C10108,Trade and commerce
C20516847,C10055,Litigation
C20516847,C10025,Debt
C20516847,C10007,Banking
C20516847,C10022,Conveyancing
C20516848,C10055,Litigation
C20516849,C10055,Litigation
C20516850,C10055,Litigation
C20516851,C10055,Litigation
C20516851,C10056,Manors
C20516852,C10055,Litigation
C20516853,C10055,Litigation
C20516854,C10059,Marriage and divorce
C20516854,C10055,Litigation
C20516855,C10055,Litigation
C20516856,C10055,Litigation
C20516857,C10055,Litigation
C20516858,C10055,Litigation
C20516859,C10055,Litigation
C20516860,C10055,Litigation
C20516860,C10007,Banking
C20516860,C10022,Conveyancing
C20516861,C10055,Litigation
C20516862,C10131,Europe and Russia
C20516862,C10055,Litigation
C20516863,C10055,Litigation
C20516863,C10056,Manors
C20516864,C10055,Litigation
C20516865,C10055,Litigation
C20516865,C10108,Trade and commerce
C20516866,C10055,Litigation
C20516867,C10055,Litigation
C20516868,C10055,Litigation
C20516869,C10055,Litigation
C20516870,C10055,Litigation
C20516871,C10059,Marriage and divorce
C20516871,C10055,Litigation
C20516872,C10055,Litigation
C20516873,C10023,Crime
C20516873,C10055,Litigation
C20516874,C10055,Litigation
C20516875,C10093,Religions
C20516875,C10055,Litigation
C20516876,C10023,Crime
C20516876,C10055,Litigation
C20516876,C10108,Trade and commerce
C20516876,C10052,Labour
C20516877,C10055,Litigation
C20516878,C10055,Litigation
C20516878,C10056,Manors
C20516878,C10058,Maps and plans
C20516879,C10055,Litigation
C20516880,C10055,Litigation
C20516881,C10055,Litigation
C20516881,C10056,Manors
C20516881,C10077,Pay and pensions
C20516882,C10055,Litigation
C20516883,C10055,Litigation
C20516883,C10056,Manors
C20516884,C10055,Litigation
C20516885,C10055,Litigation
C20516886,C10055,Litigation
C20516887,C10055,Litigation
C20516888,C10055,Litigation
C20516889,C10055,Litigation
C20516890,C10055,Litigation
C20516891,C10055,Litigation
C20516891,C10007,Banking
C20516891,C10022,Conveyancing
C20516916,C10055,Litigation
C20516916,C10056,Manors
C20516917,C10055,Litigation
C20516917,C10056,Manors
C20516918,C10055,Litigation
C20516918,C10056,Manors
C20516919,C10039,Food and drink
C20516919,C10055,Litigation
C20516920,C10055,Litigation
C20516921,C10055,Litigation
C20516922,C10055,Litigation
C20516922,C10056,Manors
C20516923,C10055,Litigation
C20516924,C10055,Litigation
C20516924,C10056,Manors
C20516925,C10055,Litigation
C20516926,C10055,Litigation
C20516927,C10055,Litigation
C20516927,C10107,Tithes
C20516928,C10055,Litigation
C20516929,C10055,Litigation
C20516929,C10056,Manors
C20516930,C10055,Litigation
C20516931,C10055,Litigation
C20516932,C10055,Litigation
C20516932,C10057,Manufacturing
C20516933,C10055,Litigation
C20516934,C10055,Litigation
C20516934,C10056,Manors
C20516935,C10055,Litigation
C20516935,C10056,Manors
C20516936,C10055,Litigation
C20516937,C10055,Litigation
C20516938,C10055,Litigation
C20516939,C10055,Litigation
C20516940,C10055,Litigation
C20516941,C10055,Litigation
C20516941,C10056,Manors
C20516942,C10055,Litigation
C20516943,C10055,Litigation
C20516943,C10056,Manors
C20516944,C10055,Litigation
C20516945,C10055,Litigation
C20516946,C10055,Litigation
C20516946,C10056,Manors
C20516947,C10005,"Art, architecture and design"
C20516947,C10055,Litigation
C20516947,C10056,Manors
C20516948,C10055,Litigation
C20516949,C10055,Litigation
C20516949,C10077,Pay and pensions
C20516950,C10055,Litigation
C20516951,C10055,Litigation
C20516952,C10055,Litigation
C20516953,C10055,Litigation
C20516954,C10055,Litigation
C20516955,C10055,Litigation
C20516956,C10055,Litigation
C20516957,C10055,Litigation
C20516958,C10055,Litigation
C20516959,C10055,Litigation
C20516959,C10056,Manors
C20516960,C10055,Litigation
C20516960,C10108,Trade and commerce
C20516961,C10055,Litigation
C20516962,C10055,Litigation
C20516962,C10107,Tithes
C20516963,C10055,Litigation
C20516964,C10055,Litigation
C20516965,C10055,Litigation
C20516966,C10055,Litigation
C20516967,C10055,Litigation
C20516968,C10055,Litigation
C20516968,C10108,Trade and commerce
C20516969,C10055,Litigation
C20516970,C10055,Litigation
C20516970,C10056,Manors
C20516971,C10055,Litigation
C20516971,C10056,Manors
C20516972,C10055,Litigation
C20516972,C10056,Manors
C20516973,C10055,Litigation
C20516973,C10025,Debt
C20516974,C10055,Litigation
C20516975,C10055,Litigation
C20516976,C10055,Litigation
C20516977,C10055,Litigation
C20516977,C10056,Manors
C20516978,C10055,Litigation
C20516978,C10056,Manors
C20516979,C10055,Litigation
C20516979,C10056,Manors
C20516980,C10055,Litigation
C20516980,C10056,Manors
C20516981,C10055,Litigation
C20516982,C10055,Litigation
C20516982,C10056,Manors
C20516983,C10055,Litigation
C20516984,C10055,Litigation
C20516984,C10056,Manors
C20516985,C10055,Litigation
C20516986,C10055,Litigation
C20516987,C10055,Litigation
C20516988,C10055,Litigation
C20516988,C10056,Manors
C20516989,C10055,Litigation
C20516990,C10055,Litigation
C20516991,C10055,Litigation
C20516991,C10056,Manors
C20516992,C10055,Litigation
C20516993,C10055,Litigation
C20516993,C10056,Manors
C20516994,C10055,Litigation
C20516994,C10056,Manors
C20516994,C10007,Banking
C20516994,C10022,Conveyancing
C20516995,C10055,Litigation
C20516996,C10055,Litigation
C20516997,C10055,Litigation
C20516998,C10055,Litigation
C20516999,C10055,Litigation
C20516999,C10056,Manors
C20517000,C10055,Litigation
C20517001,C10055,Litigation
C20517002,C10055,Litigation
C20517003,C10055,Litigation
C20517004,C10055,Litigation
C20517004,C10013,Clothing
C20517005,C10055,Litigation
C20517005,C10056,Manors
C20517006,C10055,Litigation
C20517007,C10055,Litigation
C20517008,C10055,Litigation
C20517009,C10055,Litigation
C20517010,C10055,Litigation
C20517010,C10056,Manors
C20517011,C10055,Litigation
C20517011,C10056,Manors
C20517012,C10055,Litigation
C20517012,C10107,Tithes
C20517013,C10055,Litigation
C20517013,C10056,Manors
C20517014,C10055,Litigation
C20517015,C10055,Litigation
C20517016,C10093,Religions
C20517016,C10055,Litigation
C20517017,C10055,Litigation
C20517018,C10055,Litigation
C20517019,C10055,Litigation
C20517019,C10056,Manors
C20517020,C10055,Litigation
C20517021,C10055,Litigation
C20517021,C10107,Tithes
C20517022,C10055,Litigation
C20517023,C10055,Litigation
C20517024,C10055,Litigation
C20517025,C10055,Litigation
C20517026,C10055,Litigation
C20517027,C10055,Litigation
C20517028,C10055,Litigation
C20517028,C10007,Banking
C20517028,C10022,Conveyancing
C20517029,C10055,Litigation
C20517030,C10055,Litigation
C20517031,C10055,Litigation
C20517032,C10055,Litigation
C20517033,C10055,Litigation
C20517034,C10055,Litigation
C20517035,C10055,Litigation
C20517035,C10107,Tithes
C20517035,C10056,Manors
C20517036,C10055,Litigation
C20517036,C10056,Manors
C20517037,C10055,Litigation
C20517037,C10025,Debt
C20517037,C10071,Nationality
C20517038,C10055,Litigation
C20517039,C10055,Litigation
C20517040,C10055,Litigation
C20517041,C10055,Litigation
C20517042,C10055,Litigation
C20517042,C10077,Pay and pensions
C20517043,C10059,Marriage and divorce
C20517043,C10055,Litigation
C20517043,C10056,Manors
C20517044,C10055,Litigation
C20517045,C10055,Litigation
C20517046,C10055,Litigation
C20517046,C10056,Manors
C20517047,C10055,Litigation
C20517048,C10055,Litigation
C20517049,C10055,Litigation
C20517050,C10055,Litigation
C20517050,C10056,Manors
C20517051,C10055,Litigation
C20517052,C10055,Litigation
C20517052,C10108,Trade and commerce
C20517053,C10055,Litigation
C20517054,C10055,Litigation
C20517055,C10055,Litigation
C20517056,C10055,Litigation
C20517057,C10055,Litigation
C20517058,C10055,Litigation
C20517059,C10055,Litigation
C20517060,C10055,Litigation
C20517060,C10056,Manors
C20517061,C10055,Litigation
C20517062,C10055,Litigation
C20517063,C10055,Litigation
C20517064,C10055,Litigation
C20517065,C10055,Litigation
C20517066,C10055,Litigation
C20517066,C10056,Manors
C20517067,C10055,Litigation
C20517068,C10055,Litigation
C20517069,C10055,Litigation
C20517070,C10055,Litigation
C20517070,C10056,Manors
C20517071,C10055,Litigation
C20517072,C10055,Litigation
C20517073,C10055,Litigation
C20517074,C10055,Litigation
C20517075,C10055,Litigation
C20517076,C10055,Litigation
C20517077,C10055,Litigation
C20517078,C10055,Litigation
C20517078,C10056,Manors
C20517079,C10055,Litigation
C20517079,C10056,Manors
C20517080,C10055,Litigation
C20517080,C10056,Manors
C20517081,C10055,Litigation
C20517082,C10055,Litigation
C20517083,C10055,Litigation
C20517084,C10055,Litigation
C20517084,C10056,Manors
C20517085,C10055,Litigation
C20517086,C10055,Litigation
C20517086,C10108,Trade and commerce
C20517087,C10055,Litigation
C20517087,C10007,Banking
C20517087,C10022,Conveyancing
C20517088,C10055,Litigation
C20517089,C10055,Litigation
C20517089,C10025,Debt
C20517090,C10055,Litigation
C20517090,C10056,Manors
C20517091,C10055,Litigation
C20517092,C10055,Litigation
C20517093,C10055,Litigation
C20517094,C10055,Litigation
C20517095,C10055,Litigation
C20517095,C10056,Manors
C20517096,C10055,Litigation
C20517097,C10055,Litigation
C20517097,C10056,Manors
C20517098,C10055,Litigation
C20517099,C10055,Litigation
C20517100,C10055,Litigation
C20517101,C10055,Litigation
C20517102,C10055,Litigation
C20517103,C10055,Litigation
C20517104,C10055,Litigation
C20517105,C10055,Litigation
C20517105,C10056,Manors
C20517106,C10055,Litigation
C20517107,C10055,Litigation
C20517108,C10055,Litigation
C20517108,C10056,Manors
C20517109,C10055,Litigation
C20517110,C10055,Litigation
C20517111,C10055,Litigation
C20517112,C10055,Litigation
C20517112,C10108,Trade and commerce
C20517113,C10055,Litigation
C20517114,C10055,Litigation
C20517115,C10055,Litigation
C20517116,C10055,Litigation
C20517116,C10056,Manors
C20517117,C10055,Litigation
C20517118,C10055,Litigation
C20517119,C10055,Litigation
C20517120,C10055,Litigation
C20517120,C10056,Manors
C20517121,C10055,Litigation
C20517122,C10055,Litigation
C20517123,C10055,Litigation
C20517123,C10056,Manors
C20517124,C10055,Litigation
C20517125,C10055,Litigation
C20517126,C10005,"Art, architecture and design"
C20517126,C10055,Litigation
C20517127,C10055,Litigation
C20517128,C10055,Litigation
C20517129,C10055,Litigation
C20517130,C10055,Litigation
C20517131,C10055,Litigation
C20517132,C10055,Litigation
C20517133,C10055,Litigation
C20517134,C10055,Litigation
C20517135,C10055,Litigation
C20517135,C10056,Manors
C20517136,C10055,Litigation
C20517137,C10055,Litigation
C20517137,C10056,Manors
C20517138,C10055,Litigation
C20517139,C10055,Litigation
C20517140,C10055,Litigation
C20517141,C10055,Litigation
C20517142,C10055,Litigation
C20517142,C10056,Manors
C20517143,C10055,Litigation
C20517144,C10055,Litigation
C20517145,C10055,Litigation
C20517146,C10055,Litigation
C20517146,C10025,Debt
C20517147,C10055,Litigation
C20517148,C10055,Litigation
C20517149,C10055,Litigation
C20517150,C10055,Litigation
C20517151,C10055,Litigation
C20517152,C10055,Litigation
C20517153,C10055,Litigation
C20517154,C10055,Litigation
C20517155,C10055,Litigation
C20517156,C10055,Litigation
C20517157,C10055,Litigation
C20517157,C10056,Manors
C20517158,C10055,Litigation
C20517158,C10077,Pay and pensions
C20517159,C10055,Litigation
C20517160,C10055,Litigation
C20517160,C10056,Manors
C20517161,C10055,Litigation
C20517162,C10055,Litigation
C20517163,C10055,Litigation
C20517163,C10107,Tithes
C20517163,C10036,Farming
C20517164,C10055,Litigation
C20517164,C10056,Manors
C20517165,C10055,Litigation
C20517166,C10055,Litigation
C20517167,C10055,Litigation
C20517168,C10055,Litigation
C20517169,C10055,Litigation
C20517170,C10055,Litigation
C20517170,C10056,Manors
C20517171,C10055,Litigation
C20517172,C10055,Litigation
C20517173,C10055,Litigation
C20517173,C10025,Debt
C20517174,C10055,Litigation
C20517175,C10055,Litigation
C20517176,C10055,Litigation
C20517176,C10108,Trade and commerce
C20517178,C10055,Litigation
C20517178,C10056,Manors
C20517179,C10055,Litigation
C20517180,C10055,Litigation
C20517181,C10055,Litigation
C20517182,C10055,Litigation
C20517182,C10056,Manors
C20517183,C10055,Litigation
C20517184,C10055,Litigation
C20517185,C10055,Litigation
C20517186,C10055,Litigation
C20517186,C10056,Manors
C20517187,C10055,Litigation
C20517187,C10056,Manors
C20517188,C10055,Litigation
C20517189,C10055,Litigation
C20517189,C10025,Debt
C20517190,C10055,Litigation
C20517190,C10056,Manors
C20517191,C10055,Litigation
C20517192,C10055,Litigation
C20517192,C10012,Children
C20517193,C10055,Litigation
C20517194,C10093,Religions
C20517194,C10055,Litigation
C20517195,C10055,Litigation
C20517196,C10055,Litigation
C20517196,C10056,Manors
C20517197,C10055,Litigation
C20517198,C10055,Litigation
C20517199,C10055,Litigation
C20517200,C10055,Litigation
C20517201,C10055,Litigation
C20517202,C10055,Litigation
C20517202,C10108,Trade and commerce
C20517202,C10007,Banking
C20517202,C10022,Conveyancing
C20517203,C10055,Litigation
C20517203,C10108,Trade and commerce
C20517204,C10055,Litigation
C20517205,C10055,Litigation
C20517206,C10055,Litigation
C20517206,C10071,Nationality
C20517207,C10059,Marriage and divorce
C20517207,C10055,Litigation
C20517208,C10055,Litigation
C20517208,C10056,Manors
C20517209,C10055,Litigation
C20517210,C10055,Litigation
C20517210,C10056,Manors
C20517211,C10055,Litigation
C20517212,C10055,Litigation
C20517213,C10055,Litigation
C20517213,C10056,Manors
C20517214,C10055,Litigation
C20517215,C10055,Litigation
C20517215,C10108,Trade and commerce
C20517216,C10055,Litigation
C20517217,C10055,Litigation
C20517217,C10056,Manors
C20517218,C10055,Litigation
C20517219,C10055,Litigation
C20517219,C10056,Manors
C20517220,C10055,Litigation
C20517221,C10055,Litigation
C20517221,C10108,Trade and commerce
C20517222,C10055,Litigation
C20517223,C10055,Litigation
C20517223,C10056,Manors
C20517224,C10055,Litigation
C20517225,C10055,Litigation
C20517226,C10055,Litigation
C20517226,C10056,Manors
C20517227,C10055,Litigation
C20517228,C10055,Litigation
C20517229,C10055,Litigation
C20517229,C10108,Trade and commerce
C20517230,C10055,Litigation
C20517230,C10056,Manors
C20517231,C10055,Litigation
C20517231,C10056,Manors
C20517232,C10055,Litigation
C20517233,C10055,Litigation
C20517233,C10056,Manors
C20517234,C10055,Litigation
C20517235,C10055,Litigation
C20517235,C10056,Manors
C20517236,C10055,Litigation
C20517236,C10056,Manors
C20517237,C10055,Litigation
C20517237,C10052,Labour
C20517238,C10055,Litigation
C20517239,C10055,Litigation
C20517240,C10055,Litigation
C20517241,C10055,Litigation
C20517242,C10023,Crime
C20517242,C10055,Litigation
C20517242,C10040,Forestry
C20517243,C10055,Litigation
C20517244,C10055,Litigation
C20517245,C10055,Litigation
C20517246,C10055,Litigation
C20517247,C10055,Litigation
C20517248,C10055,Litigation
C20517249,C10055,Litigation
C20517250,C10055,Litigation
C20517250,C10108,Trade and commerce
C20517251,C10055,Litigation
C20517252,C10055,Litigation
C20517252,C10025,Debt
C20517253,C10055,Litigation
C20517254,C10055,Litigation
C20517255,C10055,Litigation
C20517256,C10055,Litigation
C20517257,C10055,Litigation
C20517258,C10055,Litigation
C20517259,C10055,Litigation
C20517259,C10056,Manors
C20517259,C10052,Labour
C20517260,C10055,Litigation
C20517261,C10055,Litigation
C20517261,C10056,Manors
C20517262,C10055,Litigation
C20517263,C10055,Litigation
C20517263,C10056,Manors
C20517264,C10055,Litigation
C20517264,C10080,Piracy and privateering
C20517265,C10055,Litigation
C20517266,C10055,Litigation
C20517267,C10055,Litigation
C20517267,C10056,Manors
C20517268,C10055,Litigation
C20517269,C10055,Litigation
C20517270,C10055,Litigation
C20517271,C10055,Litigation
C20517272,C10055,Litigation
C20517272,C10025,Debt
C20517273,C10055,Litigation
C20517274,C10055,Litigation
C20517275,C10055,Litigation
C20517276,C10055,Litigation
C20517277,C10055,Litigation
C20517278,C10055,Litigation
C20517278,C10056,Manors
C20517279,C10055,Litigation
C20517280,C10055,Litigation
C20517280,C10056,Manors
C20517281,C10055,Litigation
C20517282,C10055,Litigation
C20517283,C10055,Litigation
C20517284,C10055,Litigation
C20517285,C10055,Litigation
C20530287,C10055,Litigation
C20530288,C10055,Litigation
C20530289,C10055,Litigation
C20530290,C10055,Litigation
C20530291,C10055,Litigation
C20530291,C10056,Manors
C20530292,C10055,Litigation
C20530293,C10055,Litigation
C20530293,C10025,Debt
C20530294,C10093,Religions
C20530294,C10055,Litigation
C20530295,C10055,Litigation
C20530295,C10056,Manors
C20530296,C10055,Litigation
C20530297,C10055,Litigation
C20530298,C10055,Litigation
C20530298,C10056,Manors
C20530299,C10055,Litigation
C20530300,C10055,Litigation
C20530301,C10055,Litigation
C20530301,C10056,Manors
C20530302,C10055,Litigation
C20530303,C10055,Litigation
C20530304,C10055,Litigation
C20530305,C10055,Litigation
C20530306,C10055,Litigation
C20530307,C10055,Litigation
C20530307,C10056,Manors
C20530308,C10055,Litigation
C20530308,C10108,Trade and commerce
C20530308,C10128,Middle East
C20530309,C10055,Litigation
C20530310,C10055,Litigation
C20530311,C10055,Litigation
C20530311,C10108,Trade and commerce
C20530312,C10055,Litigation
C20530312,C10056,Manors
C20530313,C10055,Litigation
C20530313,C10056,Manors
C20530314,C10055,Litigation
C20530315,C10055,Litigation
C20530316,C10055,Litigation
C20530317,C10055,Litigation
C20530317,C10025,Debt
C20530318,C10055,Litigation
C20530319,C10055,Litigation
C20530320,C10055,Litigation
C20530321,C10055,Litigation
C20530321,C10025,Debt
C20530322,C10055,Litigation
C20530322,C10108,Trade and commerce
C20530323,C10055,Litigation
C20530323,C10056,Manors
C20530324,C10055,Litigation
C20530325,C10055,Litigation
C20530326,C10055,Litigation
C20530327,C10055,Litigation
C20530327,C10025,Debt
C20530328,C10055,Litigation
C20530329,C10055,Litigation
C20530330,C10055,Litigation
C20530331,C10055,Litigation
C20530332,C10055,Litigation
C20530332,C10056,Manors
C20530333,C10055,Litigation
C20530333,C10056,Manors
C20530334,C10055,Litigation
C20530335,C10055,Litigation
C20530336,C10055,Litigation
C20530336,C10077,Pay and pensions
C20530337,C10055,Litigation
C20530337,C10025,Debt
C20530338,C10055,Litigation
C20530339,C10055,Litigation
C20530339,C10056,Manors
C20530340,C10055,Litigation
C20530340,C10056,Manors
C20530340,C10077,Pay and pensions
C20530341,C10023,Crime
C20530341,C10055,Litigation
C20530342,C10055,Litigation
C20530342,C10108,Trade and commerce
C20530343,C10055,Litigation
C20530344,C10055,Litigation
C20530345,C10055,Litigation
C20530346,C10055,Litigation
C20530347,C10055,Litigation
C20530347,C10108,Trade and commerce
C20530347,C10080,Piracy and privateering
C20530348,C10055,Litigation
C20530349,C10055,Litigation
C20530349,C10108,Trade and commerce
C20530349,C10071,Nationality
C20530350,C10055,Litigation
C20530350,C10056,Manors
C20530351,C10055,Litigation
C20530352,C10055,Litigation
C20530353,C10055,Litigation
C20530353,C10056,Manors
C20530354,C10055,Litigation
C20530355,C10055,Litigation
C20530356,C10055,Litigation
C20530356,C10012,Children
C20530357,C10055,Litigation
C20530357,C10056,Manors
C20530358,C10055,Litigation
C20530358,C10025,Debt
C20530359,C10055,Litigation
C20530359,C10056,Manors
C20530360,C10055,Litigation
C20530360,C10025,Debt
C20530361,C10055,Litigation
C20530362,C10055,Litigation
C20530362,C10025,Debt
C20530362,C10056,Manors
C20530363,C10055,Litigation
C20530363,C10036,Farming
C20530364,C10055,Litigation
C20530364,C10007,Banking
C20530364,C10022,Conveyancing
C20530365,C10055,Litigation
C20530366,C10055,Litigation
C20530366,C10085,Prisons
C20530367,C10055,Litigation
C20530368,C10055,Litigation
C20530369,C10055,Litigation
C20530370,C10055,Litigation
C20530370,C10065,Armed Forces (General Administration)
C20530370,C10072,Navy
C20530370,C10108,Trade and commerce
C20530371,C10055,Litigation
C20530371,C10108,Trade and commerce
C20530371,C10128,Middle East
C20530372,C10055,Litigation
C20530373,C10055,Litigation
C20530373,C10071,Nationality
C20530374,C10055,Litigation
C20530374,C10025,Debt
C20530374,C10056,Manors
C20530375,C10055,Litigation
C20530376,C10055,Litigation
C20530377,C10055,Litigation
C20530378,C10055,Litigation
C20530378,C10056,Manors
C20530379,C10055,Litigation
C20530379,C10007,Banking
C20530379,C10022,Conveyancing
C20530380,C10055,Litigation
C20530381,C10055,Litigation
C20530381,C10116,Wills and probate
C20530382,C10055,Litigation
C20530382,C10056,Manors
C20530383,C10055,Litigation
C20530383,C10056,Manors
C20530384,C10055,Litigation
C20530384,C10056,Manors
C20530385,C10055,Litigation
C20530385,C10107,Tithes
C20530386,C10055,Litigation
C20530387,C10055,Litigation
C20530388,C10055,Litigation
C20530389,C10055,Litigation
C20530390,C10055,Litigation
C20530390,C10056,Manors
C20530391,C10055,Litigation
C20530391,C10025,Debt
C20530392,C10055,Litigation
C20530392,C10025,Debt
C20530393,C10055,Litigation
C20530394,C10059,Marriage and divorce
C20530394,C10055,Litigation
C20530395,C10055,Litigation
C20530396,C10055,Litigation
C20530396,C10056,Manors
C20530397,C10055,Litigation
C20530398,C10055,Litigation
C20530398,C10108,Trade and commerce
C20530399,C10055,Litigation
C20530400,C10055,Litigation
C20530401,C10055,Litigation
C20530402,C10055,Litigation
C20530403,C10055,Litigation
C20530404,C10055,Litigation
C20530405,C10055,Litigation
C20530406,C10055,Litigation
C20530407,C10055,Litigation
C20530408,C10055,Litigation
C20530408,C10056,Manors
C20530409,C10055,Litigation
C20530410,C10055,Litigation
C20530410,C10056,Manors
C20530411,C10055,Litigation
C20530412,C10055,Litigation
C20530412,C10108,Trade and commerce
C20530413,C10055,Litigation
C20530414,C10055,Litigation
C20530415,C10055,Litigation
C20530416,C10023,Crime
C20530416,C10055,Litigation
C20530416,C10036,Farming
C20530417,C10055,Litigation
C20530418,C10055,Litigation
C20530419,C10055,Litigation
C20530420,C10055,Litigation
C20530420,C10056,Manors
C20530421,C10055,Litigation
C20530421,C10025,Debt
C20530422,C10055,Litigation
C20530422,C10108,Trade and commerce
C20530423,C10055,Litigation
C20530424,C10055,Litigation
C20530424,C10108,Trade and commerce
C20530425,C10055,Litigation
C20530426,C10055,Litigation
C20530427,C10055,Litigation
C20530427,C10108,Trade and commerce
C20530428,C10055,Litigation
C20530429,C10055,Litigation
C20530430,C10055,Litigation
C20530431,C10055,Litigation
C20530432,C10055,Litigation
C20530432,C10056,Manors
C20530433,C10055,Litigation
C20530434,C10055,Litigation
C20530434,C10056,Manors
C20530435,C10055,Litigation
C20530436,C10055,Litigation
C20530436,C10025,Debt
C20530437,C10055,Litigation
C20530438,C10055,Litigation
C20530439,C10131,Europe and Russia
C20530439,C10055,Litigation
C20530439,C10108,Trade and commerce
C20530439,C10126,Asia
C20530440,C10055,Litigation
C20530441,C10055,Litigation
C20530442,C10055,Litigation
C20530442,C10108,Trade and commerce
C20530443,C10059,Marriage and divorce
C20530443,C10055,Litigation
C20530444,C10055,Litigation
C20530445,C10055,Litigation
C20530446,C10023,Crime
C20530446,C10055,Litigation
C20530447,C10055,Litigation
C20530447,C10056,Manors
C20530448,C10055,Litigation
C20530448,C10025,Debt
C20530449,C10055,Litigation
C20530450,C10055,Litigation
C20530450,C10056,Manors
C20530451,C10055,Litigation
C20530451,C10056,Manors
C20530452,C10093,Religions
C20530452,C10055,Litigation
C20530452,C10012,Children
C20530453,C10055,Litigation
C20530454,C10055,Litigation
C20530454,C10132,Ireland
C20530454,C10056,Manors
C20530455,C10055,Litigation
C20530456,C10055,Litigation
C20530457,C10055,Litigation
C20530457,C10022,Conveyancing
C20530458,C10055,Litigation
C20530459,C10055,Litigation
C20530459,C10056,Manors
C20530460,C10059,Marriage and divorce
C20530460,C10055,Litigation
C20530460,C10056,Manors
C20530461,C10055,Litigation
C20561720,C10055,Litigation
C20561721,C10055,Litigation
C20561721,C10056,Manors
C20561722,C10055,Litigation
C20561723,C10055,Litigation
C20561724,C10055,Litigation
C20561724,C10056,Manors
C20561725,C10055,Litigation
C20561726,C10055,Litigation
C20561726,C10056,Manors
C20561727,C10055,Litigation
C20561728,C10055,Litigation
C20561729,C10055,Litigation
C20561729,C10056,Manors
C20561730,C10055,Litigation
C20561730,C10056,Manors
C20561731,C10055,Litigation
C20561731,C10056,Manors
C20561732,C10055,Litigation
C20561733,C10055,Litigation
C20561733,C10025,Debt
C20561734,C10055,Litigation
C20561735,C10055,Litigation
C20561735,C10132,Ireland
C20561735,C10056,Manors
C20561736,C10055,Litigation
C20561737,C10055,Litigation
C20561738,C10055,Litigation
C20561739,C10055,Litigation
C20561740,C10055,Litigation
C20561741,C10059,Marriage and divorce
C20561741,C10055,Litigation
C20561741,C10056,Manors
C20561742,C10039,Food and drink
C20561742,C10055,Litigation
C20561742,C10025,Debt
C20561743,C10055,Litigation
C20561744,C10055,Litigation
C20561745,C10055,Litigation
C20561746,C10055,Litigation
C20561746,C10108,Trade and commerce
C20561747,C10055,Litigation
C20561748,C10055,Litigation
C20561749,C10055,Litigation
C20561750,C10059,Marriage and divorce
C20561750,C10055,Litigation
C20561751,C10055,Litigation
C20561751,C10094,Religious discrimination and persecution
C20561752,C10055,Litigation
C20561753,C10055,Litigation
C20561754,C10055,Litigation
C20561754,C10071,Nationality
C20561755,C10055,Litigation
C20561756,C10055,Litigation
C20561757,C10055,Litigation
C20561757,C10108,Trade and commerce
C20561758,C10055,Litigation
C20561759,C10055,Litigation
C20561760,C10055,Litigation
C20561760,C10056,Manors
C20561761,C10055,Litigation
C20561762,C10055,Litigation
C20561763,C10055,Litigation
C20561763,C10056,Manors
C20561764,C10055,Litigation
C20561764,C10025,Debt
C20561765,C10055,Litigation
C20561765,C10056,Manors
C20561766,C10055,Litigation
C20561766,C10056,Manors
C20561767,C10055,Litigation
C20561768,C10055,Litigation
C20561769,C10055,Litigation
C20561770,C10055,Litigation
C20561770,C10025,Debt
C20561770,C10052,Labour
C20561771,C10055,Litigation
C20561771,C10065,Armed Forces (General Administration)
C20561771,C10072,Navy
C20561771,C10108,Trade and commerce
C20561771,C10052,Labour
C20561772,C10055,Litigation
C20561773,C10055,Litigation
C20561774,C10055,Litigation
C20561775,C10055,Litigation
C20561776,C10055,Litigation
C20561777,C10055,Litigation
C20561778,C10055,Litigation
C20561779,C10055,Litigation
C20561780,C10055,Litigation
C20561781,C10055,Litigation
C20561782,C10055,Litigation
C20561782,C10056,Manors
C20561783,C10055,Litigation
C20561784,C10055,Litigation
C20561785,C10055,Litigation
C20561786,C10055,Litigation
C20561787,C10055,Litigation
C20561788,C10055,Litigation
C20561789,C10055,Litigation
C20561789,C10108,Trade and commerce
C20561790,C10055,Litigation
C20561790,C10056,Manors
C20561791,C10055,Litigation
C20561792,C10055,Litigation
C20561793,C10055,Litigation
C20561794,C10055,Litigation
C20561795,C10055,Litigation
C20561796,C10055,Litigation
C20561797,C10055,Litigation
C20561797,C10108,Trade and commerce
C20561798,C10055,Litigation
C20561798,C10025,Debt
C20561799,C10055,Litigation
C20561799,C10056,Manors
C20561800,C10055,Litigation
C20561801,C10055,Litigation
C20561801,C10056,Manors
C20561802,C10055,Litigation
C20561803,C10055,Litigation
C20561803,C10071,Nationality
C20561804,C10055,Litigation
C20561805,C10055,Litigation
C20561806,C10055,Litigation
C20561807,C10055,Litigation
C20561808,C10055,Litigation
C20561809,C10055,Litigation
C20561809,C10036,Farming
C20561810,C10055,Litigation
C20561811,C10055,Litigation
C20561812,C10055,Litigation
C20561813,C10055,Litigation
C20561813,C10056,Manors
C20561814,C10055,Litigation
C20561815,C10055,Litigation
C20561816,C10055,Litigation
C20561817,C10055,Litigation
C20561817,C10077,Pay and pensions
C20561818,C10059,Marriage and divorce
C20561818,C10055,Litigation
C20561818,C10056,Manors
C20561819,C10055,Litigation
C20561819,C10056,Manors
C20561820,C10055,Litigation
C20561820,C10056,Manors
C20561821,C10055,Litigation
C20561822,C10055,Litigation
C20561823,C10055,Litigation
C20561824,C10055,Litigation
C20561825,C10055,Litigation
C20561826,C10055,Litigation
C20561826,C10056,Manors
C20561827,C10055,Litigation
C20561828,C10055,Litigation
C20561829,C10055,Litigation
C20561830,C10055,Litigation
C20561830,C10056,Manors
C20561831,C10055,Litigation
C20561831,C10036,Farming
C20561832,C10055,Litigation
C20561833,C10055,Litigation
C20561834,C10055,Litigation
C20561838,C10055,Litigation
C20561839,C10055,Litigation
C20561840,C10055,Litigation
C20561841,C10055,Litigation
C20561842,C10055,Litigation
C20561842,C10025,Debt
C20561843,C10055,Litigation
C20561843,C10056,Manors
C20561844,C10055,Litigation
C20561845,C10055,Litigation
C20561846,C10055,Litigation
C20561847,C10055,Litigation
C20561848,C10055,Litigation
C20561849,C10055,Litigation
C20561850,C10055,Litigation
C20561851,C10055,Litigation
C20561852,C10059,Marriage and divorce
C20561852,C10055,Litigation
C20561852,C10056,Manors
C20561853,C10055,Litigation
C20561854,C10055,Litigation
C20561854,C10056,Manors
C20561855,C10055,Litigation
C20561856,C10055,Litigation
C20561857,C10055,Litigation
C20561857,C10056,Manors
C20561858,C10055,Litigation
C20561858,C10056,Manors
C20561859,C10055,Litigation
C20561859,C10056,Manors
C20561860,C10055,Litigation
C20561861,C10055,Litigation
C20561862,C10055,Litigation
C20561863,C10055,Litigation
C20561863,C10056,Manors
C20561864,C10055,Litigation
C20561865,C10055,Litigation
C20561866,C10055,Litigation
C20561867,C10055,Litigation
C20561868,C10055,Litigation
C20561868,C10056,Manors
C20561869,C10055,Litigation
C20561870,C10055,Litigation
C20561871,C10055,Litigation
C20561871,C10056,Manors
C20561872,C10055,Litigation
C20561873,C10055,Litigation
C20561873,C10056,Manors
C20561874,C10055,Litigation
C20561874,C10025,Debt
C20561875,C10055,Litigation
C20561876,C10055,Litigation
C20561877,C10055,Litigation
C20561877,C10056,Manors
C20561878,C10055,Litigation
C20561878,C10056,Manors
C20561879,C10055,Litigation
C20561879,C10025,Debt
C20561880,C10055,Litigation
C20561881,C10055,Litigation
C20561881,C10056,Manors
C20561882,C10055,Litigation
C20561883,C10055,Litigation
C20561884,C10055,Litigation
C20561885,C10055,Litigation
C20561886,C10055,Litigation
C20561887,C10055,Litigation
C20561888,C10055,Litigation
C20561888,C10056,Manors
C20561889,C10055,Litigation
C20561890,C10055,Litigation
C20561891,C10055,Litigation
C20561892,C10055,Litigation
C20561892,C10056,Manors
C20561893,C10059,Marriage and divorce
C20561893,C10055,Litigation
C20561894,C10131,Europe and Russia
C20561894,C10055,Litigation
C20561894,C10025,Debt
C20561895,C10055,Litigation
C20561896,C10055,Litigation
C20561897,C10055,Litigation
C20561898,C10055,Litigation
C20561899,C10055,Litigation
C20561900,C10055,Litigation
C20561901,C10055,Litigation
C20561902,C10055,Litigation
C20561903,C10055,Litigation
C20561904,C10055,Litigation
C20561905,C10055,Litigation
C20561906,C10055,Litigation
C20561907,C10055,Litigation
C20561908,C10055,Litigation
C20561909,C10055,Litigation
C20561910,C10055,Litigation
C20561911,C10055,Litigation
C20561912,C10055,Litigation
C20561913,C10055,Litigation
C20561913,C10056,Manors
C20561914,C10055,Litigation
C20561914,C10056,Manors
C20561915,C10055,Litigation
C20561915,C10025,Debt
C20561916,C10055,Litigation
C20561917,C10055,Litigation
C20561917,C10056,Manors
C20561918,C10055,Litigation
C20561919,C10055,Litigation
C20561920,C10055,Litigation
C20561921,C10055,Litigation
C20561921,C10056,Manors
C20561922,C10055,Litigation
C20561923,C10055,Litigation
C20561924,C10055,Litigation
C20561925,C10055,Litigation
C20561925,C10056,Manors
C20561926,C10055,Litigation
C20561927,C10055,Litigation
C20561928,C10055,Litigation
C20561929,C10055,Litigation
C20561930,C10055,Litigation
C20561931,C10055,Litigation
C20561932,C10055,Litigation
C20561933,C10055,Litigation
C20561933,C10025,Debt
C20561934,C10055,Litigation
C20561935,C10055,Litigation
C20561935,C10007,Banking
C20561935,C10022,Conveyancing
C20561936,C10055,Litigation
C20561936,C10056,Manors
C20561937,C10055,Litigation
C20561937,C10012,Children
C20561938,C10055,Litigation
C20561939,C10055,Litigation
C20561940,C10055,Litigation
C20561941,C10055,Litigation
C20561942,C10055,Litigation
C20561943,C10055,Litigation
C20561944,C10055,Litigation
C20561945,C10055,Litigation
C20561946,C10055,Litigation
C20561947,C10055,Litigation
C20561947,C10056,Manors
C20561948,C10055,Litigation
C20561949,C10055,Litigation
C20561949,C10025,Debt
C20561950,C10055,Litigation
C20561950,C10013,Clothing
C20561951,C10055,Litigation
C20561951,C10007,Banking
C20561952,C10055,Litigation
C20561953,C10055,Litigation
C20561954,C10055,Litigation
C20561955,C10055,Litigation
C20561955,C10056,Manors
C20561956,C10055,Litigation
C20561957,C10055,Litigation
C20561958,C10055,Litigation
C20561958,C10108,Trade and commerce
C20561959,C10055,Litigation
C20561960,C10055,Litigation
C20561960,C10056,Manors
C20561961,C10055,Litigation
C20561961,C10056,Manors
C20561962,C10055,Litigation
C20561963,C10055,Litigation
C20561964,C10055,Litigation
C20561965,C10055,Litigation
C20561966,C10055,Litigation
C20561966,C10025,Debt
C20561967,C10055,Litigation
C20561967,C10025,Debt
C20561967,C10085,Prisons
C20561968,C10055,Litigation
C20561969,C10059,Marriage and divorce
C20561969,C10055,Litigation
C20561970,C10059,Marriage and divorce
C20561970,C10055,Litigation
C20561970,C10071,Nationality
C20561971,C10055,Litigation
C20561972,C10055,Litigation
C20561973,C10055,Litigation
C20561974,C10055,Litigation
C20561975,C10055,Litigation
C20561976,C10055,Litigation
C20561977,C10055,Litigation
C20561978,C10055,Litigation
C20561979,C10055,Litigation
C20561980,C10055,Litigation
C20561980,C10056,Manors
C20561981,C10055,Litigation
C20561982,C10055,Litigation
C20561983,C10055,Litigation
C20561984,C10055,Litigation
C20561985,C10055,Litigation
C20561986,C10055,Litigation
C20561987,C10055,Litigation
C20561988,C10055,Litigation
C20561988,C10025,Debt
C20561989,C10055,Litigation
C20561990,C10055,Litigation
C20561990,C10025,Debt
C20561991,C10055,Litigation
C20561991,C10108,Trade and commerce
C20561992,C10055,Litigation
C20561992,C10108,Trade and commerce
C20561993,C10055,Litigation
C20561994,C10055,Litigation
C20561994,C10056,Manors
C20561997,C10055,Litigation
C20561998,C10055,Litigation
C20561999,C10055,Litigation
C20561999,C10025,Debt
C20562000,C10055,Litigation
C20562001,C10055,Litigation
C20562001,C10025,Debt
C20562002,C10055,Litigation
C20562002,C10025,Debt
C20562003,C10055,Litigation
C20562004,C10055,Litigation
C20562004,C10056,Manors
C20562005,C10055,Litigation
C20562005,C10108,Trade and commerce
C20562005,C10025,Debt
C20562006,C10055,Litigation
C20562006,C10012,Children
C20562007,C10055,Litigation
C20562008,C10055,Litigation
C20562008,C10012,Children
C20562009,C10055,Litigation
C20562010,C10055,Litigation
C20562011,C10055,Litigation
C20562012,C10055,Litigation
C20562013,C10055,Litigation
C20562014,C10055,Litigation
C20562014,C10025,Debt
C20562015,C10055,Litigation
C20562016,C10055,Litigation
C20562016,C10025,Debt
C20562017,C10055,Litigation
C20562017,C10025,Debt
C20562018,C10055,Litigation
C20562019,C10055,Litigation
C20562020,C10055,Litigation
C20562021,C10055,Litigation
C20562021,C10025,Debt
C20562022,C10055,Litigation
C20562022,C10056,Manors
C20562023,C10055,Litigation
C20562024,C10055,Litigation
C20562024,C10025,Debt
C20562025,C10055,Litigation
C20562025,C10056,Manors
C20562026,C10055,Litigation
C20562027,C10055,Litigation
C20562028,C10055,Litigation
C20562028,C10025,Debt
C20562029,C10055,Litigation
C20562029,C10025,Debt
C20562030,C10055,Litigation
C20562030,C10025,Debt
C20562031,C10055,Litigation
C20562032,C10055,Litigation
C20562033,C10055,Litigation
C20562034,C10055,Litigation
C20562035,C10055,Litigation
C20562036,C10055,Litigation
C20562037,C10055,Litigation
C20562037,C10056,Manors
C20562038,C10055,Litigation
C20562039,C10055,Litigation
C20562039,C10108,Trade and commerce
C20562040,C10055,Litigation
C20562040,C10108,Trade and commerce
C20562040,C10025,Debt
C20562041,C10055,Litigation
C20562042,C10055,Litigation
C20562042,C10108,Trade and commerce
C20562042,C10025,Debt
C20562043,C10055,Litigation
C20562043,C10025,Debt
C20562044,C10055,Litigation
C20562045,C10055,Litigation
C20562046,C10055,Litigation
C20562047,C10055,Litigation
C20562047,C10056,Manors
C20562048,C10055,Litigation
C20562048,C10025,Debt
C20562049,C10055,Litigation
C20562050,C10055,Litigation
C20562051,C10055,Litigation
C20562052,C10059,Marriage and divorce
C20562052,C10055,Litigation
C20562052,C10025,Debt
C20562053,C10055,Litigation
C20562053,C10025,Debt
C20562054,C10055,Litigation
C20562055,C10055,Litigation
C20562056,C10055,Litigation
C20562056,C10025,Debt
C20562057,C10055,Litigation
C20562057,C10108,Trade and commerce
C20562057,C10025,Debt
C20562058,C10055,Litigation
C20562058,C10108,Trade and commerce
C20562059,C10055,Litigation
C20562060,C10055,Litigation
C20562060,C10007,Banking
C20562060,C10022,Conveyancing
C20562061,C10055,Litigation
C20562061,C10025,Debt
C20562062,C10055,Litigation
C20562063,C10055,Litigation
C20562063,C10056,Manors
C20562064,C10055,Litigation
C20562064,C10025,Debt
C20562065,C10055,Litigation
C20562065,C10025,Debt
C20562066,C10055,Litigation
C20562066,C10025,Debt
C20562067,C10055,Litigation
C20562068,C10055,Litigation
C20562069,C10055,Litigation
C20562070,C10055,Litigation
C20562071,C10055,Litigation
C20562072,C10055,Litigation
C20562072,C10108,Trade and commerce
C20562072,C10025,Debt
C20562073,C10055,Litigation
C20562073,C10012,Children
C20562074,C10055,Litigation
C20562074,C10025,Debt
C20562075,C10055,Litigation
C20562075,C10007,Banking
C20562075,C10022,Conveyancing
C20562076,C10055,Litigation
C20562077,C10055,Litigation
C20562077,C10056,Manors
C20562078,C10055,Litigation
C20562079,C10055,Litigation
C20562079,C10040,Forestry
C20562080,C10055,Litigation
C20562081,C10055,Litigation
C20562082,C10055,Litigation
C20562082,C10056,Manors
C20562083,C10055,Litigation
C20562083,C10025,Debt
C20562084,C10055,Litigation
C20562084,C10025,Debt
C20562085,C10055,Litigation
C20562085,C10062,Mental illness
C20562086,C10055,Litigation
C20562086,C10056,Manors
C20562087,C10055,Litigation
C20562088,C10059,Marriage and divorce
C20562088,C10055,Litigation
C20562089,C10055,Litigation
C20562089,C10025,Debt
C20562090,C10055,Litigation
C20562091,C10055,Litigation
C20562091,C10025,Debt
C20562092,C10055,Litigation
C20562093,C10055,Litigation
C20562094,C10055,Litigation
C20562094,C10040,Forestry
C20562095,C10055,Litigation
C20562096,C10055,Litigation
C20562096,C10036,Farming
C20562097,C10055,Litigation
C20562098,C10055,Litigation
C20562098,C10056,Manors
C20562099,C10055,Litigation
C20562099,C10056,Manors
C20562100,C10055,Litigation
C20562100,C10025,Debt
C20562101,C10055,Litigation
C20562102,C10055,Litigation
C20562103,C10055,Litigation
C20562104,C10055,Litigation
C20562105,C10055,Litigation
C20562106,C10055,Litigation
C20562107,C10059,Marriage and divorce
C20562107,C10055,Litigation
C20562108,C10055,Litigation
C20562109,C10055,Litigation
C20562109,C10025,Debt
C20562110,C10055,Litigation
C20562111,C10055,Litigation
C20562111,C10025,Debt
C20562112,C10055,Litigation
C20562113,C10055,Litigation
C20562114,C10055,Litigation
C20562115,C10055,Litigation
C20562115,C10056,Manors
C20562116,C10055,Litigation
C20562116,C10062,Mental illness
C20562117,C10055,Litigation
C20562117,C10012,Children
C20562118,C10055,Litigation
C20562131,C10055,Litigation
C20562131,C10036,Farming
C20562132,C10055,Litigation
C20562133,C10055,Litigation
C20562133,C10056,Manors
C20562134,C10055,Litigation
C20562135,C10055,Litigation
C20562136,C10055,Litigation
C20562137,C10055,Litigation
C20562138,C10055,Litigation
C20562139,C10055,Litigation
C20562139,C10025,Debt
C20562140,C10055,Litigation
C20562141,C10055,Litigation
C20562142,C10055,Litigation
C20562143,C10055,Litigation
C20562144,C10055,Litigation
C20562145,C10055,Litigation
C20562145,C10025,Debt
C20562146,C10055,Litigation
C20562146,C10108,Trade and commerce
C20562147,C10055,Litigation
C20562148,C10055,Litigation
C20562148,C10056,Manors
C20562149,C10055,Litigation
C20562150,C10055,Litigation
C20562151,C10055,Litigation
C20562152,C10055,Litigation
C20562152,C10056,Manors
C20562152,C10036,Farming
C20562153,C10055,Litigation
C20562154,C10055,Litigation
C20562155,C10055,Litigation
C20562156,C10055,Litigation
C20562156,C10116,Wills and probate
C20562157,C10055,Litigation
C20562158,C10055,Litigation
C20562158,C10056,Manors
C20562159,C10055,Litigation
C20562159,C10012,Children
C20562160,C10055,Litigation
C20562161,C10055,Litigation
C20562162,C10055,Litigation
C20562163,C10055,Litigation
C20562164,C10055,Litigation
C20562164,C10025,Debt
C20562165,C10055,Litigation
C20562166,C10055,Litigation
C20562167,C10055,Litigation
C20562168,C10055,Litigation
C20562169,C10055,Litigation
C20562170,C10055,Litigation
C20562170,C10056,Manors
C20562171,C10055,Litigation
C20562171,C10056,Manors
C20562172,C10055,Litigation
C20562173,C10055,Litigation
C20562173,C10025,Debt
C20562174,C10055,Litigation
C20562175,C10055,Litigation
C20562176,C10055,Litigation
C20562176,C10071,Nationality
C20562177,C10055,Litigation
C20562178,C10055,Litigation
C20562179,C10055,Litigation
C20562180,C10055,Litigation
C20562181,C10055,Litigation
C20562181,C10108,Trade and commerce
C20562182,C10055,Litigation
C20562183,C10055,Litigation
C20562183,C10025,Debt
C20562184,C10055,Litigation
C20562185,C10093,Religions
C20562185,C10055,Litigation
C20562186,C10055,Litigation
C20562187,C10093,Religions
C20562187,C10055,Litigation
C20562188,C10055,Litigation
C20562189,C10055,Litigation
C20562189,C10108,Trade and commerce
C20562190,C10055,Litigation
C20562191,C10055,Litigation
C20562191,C10056,Manors
C20562192,C10055,Litigation
C20562192,C10025,Debt
C20562193,C10055,Litigation
C20562194,C10055,Litigation
C20562195,C10055,Litigation
C20562196,C10055,Litigation
C20562197,C10055,Litigation
C20562197,C10107,Tithes
C20562198,C10055,Litigation
C20562199,C10055,Litigation
C20562200,C10055,Litigation
C20562200,C10056,Manors
C20562201,C10055,Litigation
C20562201,C10025,Debt
C20562202,C10055,Litigation
C20562203,C10055,Litigation
C20562204,C10055,Litigation
C20562205,C10055,Litigation
C20562206,C10055,Litigation
C20562207,C10055,Litigation
C20562208,C10055,Litigation
C20562209,C10055,Litigation
C20562210,C10055,Litigation
C20562211,C10055,Litigation
C20562212,C10055,Litigation
C20562213,C10055,Litigation
C20562214,C10055,Litigation
C20562214,C10025,Debt
C20562215,C10055,Litigation
C20562216,C10055,Litigation
C20562217,C10055,Litigation
C20562218,C10055,Litigation
C20562219,C10055,Litigation
C20562220,C10055,Litigation
C20562221,C10059,Marriage and divorce
C20562221,C10055,Litigation
C20562221,C10013,Clothing
C20562222,C10055,Litigation
C20562223,C10055,Litigation
C20562224,C10055,Litigation
C20562225,C10055,Litigation
C20562225,C10025,Debt
C20562226,C10055,Litigation
C20562227,C10055,Litigation
C20562227,C10025,Debt
C20562228,C10055,Litigation
C20562229,C10055,Litigation
C20562230,C10093,Religions
C20562230,C10055,Litigation
C20562231,C10055,Litigation
C20562232,C10111,Treason and rebellion
C20562232,C10019,Conflict
C20562232,C10055,Litigation
C20562232,C10132,Ireland
C20562233,C10059,Marriage and divorce
C20562233,C10055,Litigation
C20562234,C10055,Litigation
C20562234,C10025,Debt
C20562235,C10055,Litigation
C20562236,C10055,Litigation
C20562237,C10055,Litigation
C20562238,C10055,Litigation
C20562238,C10108,Trade and commerce
C20562239,C10055,Litigation
C20562240,C10055,Litigation
C20562241,C10055,Litigation
C20562242,C10055,Litigation
C20562242,C10025,Debt
C20562243,C10055,Litigation
C20562244,C10055,Litigation
C20562244,C10025,Debt
C20562245,C10055,Litigation
C20562245,C10025,Debt
C20562246,C10055,Litigation
C20562247,C10055,Litigation
C20562247,C10056,Manors
C20562248,C10055,Litigation
C20562248,C10056,Manors
C20562249,C10131,Europe and Russia
C20562249,C10055,Litigation
C20562249,C10056,Manors
C20562250,C10055,Litigation
C20562250,C10108,Trade and commerce
C20562251,C10055,Litigation
C20562251,C10025,Debt
C20562252,C10055,Litigation
C20562252,C10056,Manors
C20562253,C10055,Litigation
C20562253,C10056,Manors
C20575794,C10055,Litigation
C20575794,C10085,Prisons
C20575795,C10055,Litigation
C20575795,C10056,Manors
C20575796,C10055,Litigation
C20575797,C10055,Litigation
C20575797,C10025,Debt
C20575798,C10055,Litigation
C20575799,C10055,Litigation
C20575800,C10055,Litigation
C20575801,C10055,Litigation
C20575802,C10055,Litigation
C20575803,C10055,Litigation
C20575803,C10025,Debt
C20575804,C10055,Litigation
C20575805,C10055,Litigation
C20575805,C10056,Manors
C20575806,C10055,Litigation
C20575806,C10056,Manors
C20575807,C10055,Litigation
C20575808,C10055,Litigation
C20575808,C10025,Debt
C20575809,C10055,Litigation
C20575809,C10056,Manors
C20575810,C10055,Litigation
C20575811,C10055,Litigation
C20575811,C10108,Trade and commerce
C20575812,C10055,Litigation
C20575813,C10055,Litigation
C20575814,C10055,Litigation
C20575815,C10055,Litigation
C20575816,C10055,Litigation
C20575817,C10055,Litigation
C20575817,C10025,Debt
C20575817,C10057,Manufacturing
C20575818,C10055,Litigation
C20575819,C10055,Litigation
C20575820,C10055,Litigation
C20575820,C10116,Wills and probate
C20575821,C10039,Food and drink
C20575821,C10055,Litigation
C20575821,C10025,Debt
C20575822,C10055,Litigation
C20575823,C10055,Litigation
C20575824,C10055,Litigation
C20575825,C10055,Litigation
C20575826,C10055,Litigation
C20575827,C10055,Litigation
C20575828,C10055,Litigation
C20575828,C10056,Manors
C20575829,C10055,Litigation
C20575830,C10055,Litigation
C20575831,C10055,Litigation
C20575831,C10025,Debt
C20575832,C10055,Litigation
C20575833,C10055,Litigation
C20575834,C10055,Litigation
C20575835,C10055,Litigation
C20575836,C10055,Litigation
C20575837,C10055,Litigation
C20575838,C10055,Litigation
C20575838,C10025,Debt
C20575839,C10055,Litigation
C20575840,C10055,Litigation
C20575841,C10055,Litigation
C20575842,C10055,Litigation
C20575842,C10012,Children
C20575843,C10055,Litigation
C20575844,C10055,Litigation
C20575845,C10055,Litigation
C20575846,C10055,Litigation
C20575847,C10055,Litigation
C20575847,C10056,Manors
C20575848,C10055,Litigation
C20575849,C10055,Litigation
C20575849,C10025,Debt
C20575850,C10055,Litigation
C20575851,C10055,Litigation
C20575851,C10056,Manors
C20575852,C10055,Litigation
C20575853,C10055,Litigation
C20575854,C10055,Litigation
C20575855,C10055,Litigation
C20575855,C10025,Debt
C20575856,C10055,Litigation
C20575857,C10055,Litigation
C20575858,C10055,Litigation
C20575858,C10025,Debt
C20575859,C10055,Litigation
C20575859,C10077,Pay and pensions
C20575859,C10012,Children
C20575860,C10055,Litigation
C20575860,C10025,Debt
C20575861,C10055,Litigation
C20575862,C10055,Litigation
C20575863,C10055,Litigation
C20575864,C10055,Litigation
C20575865,C10055,Litigation
C20575865,C10108,Trade and commerce
C20575866,C10055,Litigation
C20575866,C10108,Trade and commerce
C20575867,C10055,Litigation
C20575867,C10036,Farming
C20575868,C10055,Litigation
C20575868,C10052,Labour
C20575869,C10055,Litigation
C20575870,C10023,Crime
C20575870,C10055,Litigation
C20575870,C10040,Forestry
C20575871,C10055,Litigation
C20575871,C10107,Tithes
C20575872,C10055,Litigation
C20575872,C10012,Children
C20575873,C10055,Litigation
C20575874,C10055,Litigation
C20575875,C10055,Litigation
C20575875,C10108,Trade and commerce
C20575876,C10055,Litigation
C20575876,C10106,Taxation
C20575877,C10055,Litigation
C20575877,C10007,Banking
C20575877,C10022,Conveyancing
C20575878,C10055,Litigation
C20575878,C10012,Children
C20575879,C10055,Litigation
C20575880,C10055,Litigation
C20575880,C10108,Trade and commerce
C20575880,C10025,Debt
C20575881,C10055,Litigation
C20575882,C10055,Litigation
C20575883,C10055,Litigation
C20575884,C10055,Litigation
C20575885,C10055,Litigation
C20575886,C10055,Litigation
C20575886,C10116,Wills and probate
C20575887,C10055,Litigation
C20575887,C10025,Debt
C20575888,C10055,Litigation
C20575888,C10007,Banking
C20575888,C10022,Conveyancing
C20575889,C10055,Litigation
C20575890,C10055,Litigation
C20575890,C10056,Manors
C20575891,C10055,Litigation
C20575892,C10055,Litigation
C20575892,C10108,Trade and commerce
C20575893,C10055,Litigation
C20575893,C10108,Trade and commerce
C20575894,C10055,Litigation
C20575895,C10005,"Art, architecture and design"
C20575895,C10055,Litigation
C20575896,C10055,Litigation
C20575896,C10107,Tithes
C20575897,C10055,Litigation
C20575897,C10108,Trade and commerce
C20575898,C10055,Litigation
C20575899,C10055,Litigation
C20575900,C10131,Europe and Russia
C20575900,C10055,Litigation
C20575900,C10056,Manors
C20575901,C10055,Litigation
C20575901,C10056,Manors
C20575902,C10023,Crime
C20575902,C10055,Litigation
C20575903,C10055,Litigation
C20575904,C10055,Litigation
C20575905,C10055,Litigation
C20575906,C10055,Litigation
C20575906,C10124,Africa
C20575907,C10055,Litigation
C20575907,C10025,Debt
C20575908,C10055,Litigation
C20575908,C10056,Manors
C20575909,C10055,Litigation
C20575910,C10055,Litigation
C20575911,C10055,Litigation
C20575912,C10055,Litigation
C20575913,C10055,Litigation
C20575913,C10056,Manors
C20575914,C10055,Litigation
C20575914,C10056,Manors
C20575915,C10055,Litigation
C20758202,C10055,Litigation
C20758203,C10055,Litigation
C20758203,C10132,Ireland
C20758204,C10055,Litigation
C20758205,C10055,Litigation
C20758206,C10055,Litigation
C20758207,C10055,Litigation
C20758208,C10055,Litigation
C20758208,C10056,Manors
C20758209,C10055,Litigation
C20758209,C10056,Manors
C20758210,C10055,Litigation
C20758211,C10055,Litigation
C20758211,C10025,Debt
C20758212,C10055,Litigation
C20758212,C10012,Children
C20758213,C10059,Marriage and divorce
C20758213,C10055,Litigation
C20758214,C10055,Litigation
C20758215,C10055,Litigation
C20758216,C10055,Litigation
C20758216,C10077,Pay and pensions
C20758217,C10055,Litigation
C20758218,C10055,Litigation
C20758219,C10055,Litigation
C20758220,C10055,Litigation
C20758220,C10025,Debt
C20758221,C10055,Litigation
C20758222,C10055,Litigation
C20758223,C10093,Religions
C20758223,C10055,Litigation
C20758224,C10055,Litigation
C20758225,C10055,Litigation
C20758225,C10025,Debt
C20758226,C10055,Litigation
C20758227,C10055,Litigation
C20758227,C10114,Weapons
C20758228,C10055,Litigation
C20758229,C10055,Litigation
C20758229,C10056,Manors
C20758230,C10023,Crime
C20758230,C10055,Litigation
C20758231,C10055,Litigation
C20758232,C10055,Litigation
C20758233,C10131,Europe and Russia
C20758233,C10055,Litigation
C20758233,C10108,Trade and commerce
C20758234,C10055,Litigation
C20758235,C10055,Litigation
C20758236,C10055,Litigation
C20758237,C10055,Litigation
C20758237,C10025,Debt
C20758238,C10055,Litigation
C20758239,C10055,Litigation
C20758240,C10055,Litigation
C20758240,C10108,Trade and commerce
C20758241,C10055,Litigation
C20758242,C10055,Litigation
C20758243,C10055,Litigation
C20758244,C10055,Litigation
C20758245,C10055,Litigation
C20758246,C10055,Litigation
C20758246,C10056,Manors
C20758247,C10055,Litigation
C20758247,C10010,Charities
C20758248,C10055,Litigation
C20758249,C10055,Litigation
C20758250,C10055,Litigation
C20758251,C10055,Litigation
C20758251,C10025,Debt
C20758252,C10055,Litigation
C20758253,C10055,Litigation
C20758254,C10055,Litigation
C20758254,C10025,Debt
C20758255,C10055,Litigation
C20758256,C10055,Litigation
C20758257,C10055,Litigation
C20758257,C10116,Wills and probate
C20758258,C10055,Litigation
C20758259,C10055,Litigation
C20758259,C10025,Debt
C20758260,C10055,Litigation
C20758261,C10055,Litigation
C20758262,C10055,Litigation
C20758262,C10025,Debt
C20758263,C10055,Litigation
C20758264,C10055,Litigation
C20758265,C10055,Litigation
C20758266,C10055,Litigation
C20758266,C10056,Manors
C20758267,C10055,Litigation
C20758267,C10056,Manors
C20758268,C10055,Litigation
C20758268,C10056,Manors
C20758269,C10055,Litigation
C20758269,C10108,Trade and commerce
C20758269,C10025,Debt
C20758270,C10055,Litigation
C20758270,C10056,Manors
C20758271,C10055,Litigation
C20758272,C10055,Litigation
C20758273,C10055,Litigation
C20758273,C10107,Tithes
C20758273,C10012,Children
C20758274,C10055,Litigation
C20758275,C10055,Litigation
C20758276,C10055,Litigation
C20758277,C10055,Litigation
C20758278,C10055,Litigation
C20758279,C10055,Litigation
C20758280,C10055,Litigation
C20758281,C10055,Litigation
C20758282,C10055,Litigation
C20758282,C10056,Manors
C20758283,C10055,Litigation
C20758284,C10055,Litigation
C20758285,C10055,Litigation
C20758285,C10036,Farming
C20758286,C10023,Crime
C20758286,C10055,Litigation
C20758286,C10116,Wills and probate
C20758287,C10055,Litigation
C20758288,C10055,Litigation
C20758288,C10033,Education
C20758289,C10055,Litigation
C20758290,C10055,Litigation
C20758291,C10059,Marriage and divorce
C20758291,C10055,Litigation
C20758292,C10055,Litigation
C20758293,C10055,Litigation
C20758294,C10055,Litigation
C20758295,C10055,Litigation
C20758296,C10055,Litigation
C20758297,C10055,Litigation
C20758298,C10059,Marriage and divorce
C20758298,C10055,Litigation
C20758298,C10022,Conveyancing
C20758299,C10055,Litigation
C20758300,C10055,Litigation
C20758301,C10055,Litigation
C20758302,C10055,Litigation
C20758303,C10055,Litigation
C20744679,C10055,Litigation
C20744680,C10055,Litigation
C20744681,C10055,Litigation
C20744682,C10055,Litigation
C20744683,C10055,Litigation
C20744684,C10055,Litigation
C20744685,C10055,Litigation
C20744686,C10055,Litigation
C20744687,C10055,Litigation
C20744688,C10055,Litigation
C20744689,C10055,Litigation
C20744690,C10055,Litigation
C20744691,C10055,Litigation
C20744691,C10025,Debt
C20744692,C10055,Litigation
C20744693,C10055,Litigation
C20744693,C10056,Manors
C20744694,C10055,Litigation
C20744694,C10065,Armed Forces (General Administration)
C20744694,C10072,Navy
C20744694,C10108,Trade and commerce
C20744695,C10055,Litigation
C20744695,C10056,Manors
C20744696,C10055,Litigation
C20744697,C10055,Litigation
C20744697,C10056,Manors
C20744698,C10055,Litigation
C20744699,C10055,Litigation
C20744699,C10025,Debt
C20744700,C10055,Litigation
C20744700,C10108,Trade and commerce
C20744701,C10055,Litigation
C20744702,C10055,Litigation
C20744703,C10055,Litigation
C20744703,C10056,Manors
C20744704,C10055,Litigation
C20744705,C10055,Litigation
C20744706,C10055,Litigation
C20744706,C10025,Debt
C20744707,C10055,Litigation
C20744707,C10025,Debt
C20744708,C10055,Litigation
C20744708,C10116,Wills and probate
C20744709,C10055,Litigation
C20744709,C10025,Debt
C20744710,C10055,Litigation
C20744710,C10056,Manors
C20744711,C10055,Litigation
C20744712,C10055,Litigation
C20744712,C10108,Trade and commerce
C20744713,C10055,Litigation
C20744714,C10055,Litigation
C20744715,C10055,Litigation
C20744716,C10055,Litigation
C20744716,C10012,Children
C20744717,C10055,Litigation
C20744718,C10055,Litigation
C20744719,C10055,Litigation
C20744720,C10055,Litigation
C20744721,C10055,Litigation
C20744722,C10131,Europe and Russia
C20744722,C10055,Litigation
C20744722,C10108,Trade and commerce
C20744722,C10124,Africa
C20744723,C10039,Food and drink
C20744723,C10055,Litigation
C20744723,C10025,Debt
C20744724,C10055,Litigation
C20744725,C10055,Litigation
C20744726,C10055,Litigation
C20744727,C10055,Litigation
C20744728,C10055,Litigation
C20744728,C10107,Tithes
C20744729,C10055,Litigation
C20744730,C10055,Litigation
C20744731,C10055,Litigation
C20744732,C10055,Litigation
C20744733,C10131,Europe and Russia
C20744733,C10055,Litigation
C20744733,C10025,Debt
C20744733,C10056,Manors
C20744734,C10055,Litigation
C20744734,C10025,Debt
C20744735,C10055,Litigation
C20744736,C10055,Litigation
C20744737,C10055,Litigation
C20744737,C10108,Trade and commerce
C20744738,C10055,Litigation
C20744739,C10055,Litigation
C20744740,C10055,Litigation
C20744741,C10055,Litigation
C20744742,C10055,Litigation
C20744742,C10056,Manors
C20744743,C10055,Litigation
C20744744,C10055,Litigation
C20744745,C10055,Litigation
C20744745,C10056,Manors
C20744746,C10055,Litigation
C20744747,C10055,Litigation
C20744747,C10056,Manors
C20744748,C10055,Litigation
C20744748,C10108,Trade and commerce
C20744748,C10056,Manors
C20744749,C10055,Litigation
C20744750,C10055,Litigation
C20744750,C10056,Manors
C20744751,C10055,Litigation
C20744752,C10055,Litigation
C20744753,C10055,Litigation
C20744754,C10055,Litigation
C20744755,C10055,Litigation
C20744756,C10055,Litigation
C20744756,C10056,Manors
C20744757,C10055,Litigation
C20744757,C10056,Manors
C20744758,C10055,Litigation
C20744759,C10055,Litigation
C20744760,C10055,Litigation
C20744760,C10056,Manors
C20744761,C10055,Litigation
C20744761,C10007,Banking
C20744761,C10022,Conveyancing
C20744762,C10055,Litigation
C20744763,C10055,Litigation
C20744763,C10116,Wills and probate
C20744764,C10055,Litigation
C20744764,C10025,Debt
C20744765,C10055,Litigation
C20744766,C10055,Litigation
C20744767,C10055,Litigation
C20744768,C10055,Litigation
C20744769,C10055,Litigation
C20744770,C10055,Litigation
C20744771,C10055,Litigation
C20744772,C10131,Europe and Russia
C20744772,C10055,Litigation
C20744773,C10055,Litigation
C20744774,C10055,Litigation
C20744775,C10055,Litigation
C20744776,C10055,Litigation
C20744776,C10107,Tithes
C20744777,C10055,Litigation
C20744777,C10056,Manors
C20744778,C10055,Litigation
C20744778,C10108,Trade and commerce
C20744779,C10055,Litigation
C20744780,C10055,Litigation
C20744781,C10055,Litigation
C20744781,C10056,Manors
C20744781,C10012,Children
C20744782,C10055,Litigation
C20744782,C10108,Trade and commerce
C20744783,C10055,Litigation
C20744783,C10056,Manors
C20744784,C10055,Litigation
C20744784,C10107,Tithes
C20744785,C10055,Litigation
C20744786,C10055,Litigation
C20744786,C10108,Trade and commerce
C20744786,C10080,Piracy and privateering
C20744787,C10055,Litigation
C20744788,C10055,Litigation
C20744788,C10056,Manors
C20744788,C10012,Children
C20744789,C10055,Litigation
C20744789,C10025,Debt
C20744790,C10055,Litigation
C20744791,C10055,Litigation
C20744792,C10055,Litigation
C20744792,C10056,Manors
C20744793,C10055,Litigation
C20744793,C10056,Manors
C20744794,C10055,Litigation
C20744795,C10055,Litigation
C20744795,C10025,Debt
C20744796,C10055,Litigation
C20744796,C10025,Debt
C20744797,C10055,Litigation
C20744798,C10055,Litigation
C20744799,C10055,Litigation
C20744799,C10056,Manors
C20744800,C10055,Litigation
C20744800,C10025,Debt
C20744801,C10055,Litigation
C20744801,C10052,Labour
C20744802,C10055,Litigation
C20744802,C10107,Tithes
C20744803,C10055,Litigation
C20744803,C10056,Manors
C20744804,C10055,Litigation
C20744804,C10012,Children
C20744805,C10055,Litigation
C20744805,C10056,Manors
C20744806,C10055,Litigation
C20744806,C10052,Labour
C20744807,C10055,Litigation
C20744808,C10055,Litigation
C20744808,C10056,Manors
C20744809,C10055,Litigation
C20744810,C10055,Litigation
C20744810,C10056,Manors
C20744811,C10055,Litigation
C20744811,C10108,Trade and commerce
C20744811,C10025,Debt
C20744812,C10055,Litigation
C20744812,C10056,Manors
C20744813,C10055,Litigation
C20744813,C10108,Trade and commerce
C20744814,C10055,Litigation
C20744814,C10077,Pay and pensions
C20744815,C10039,Food and drink
C20744815,C10055,Litigation
C20744816,C10055,Litigation
C20744817,C10055,Litigation
C20744817,C10056,Manors
C20744818,C10055,Litigation
C20744818,C10108,Trade and commerce
C20744818,C10025,Debt
C20744819,C10131,Europe and Russia
C20744819,C10055,Litigation
C20744820,C10055,Litigation
C20744820,C10040,Forestry
C20744821,C10055,Litigation
C20744821,C10056,Manors
C20744822,C10055,Litigation
C20744822,C10108,Trade and commerce
C20744823,C10055,Litigation
C20744824,C10055,Litigation
C20744825,C10055,Litigation
C20744826,C10055,Litigation
C20744826,C10056,Manors
C20744827,C10055,Litigation
C20744828,C10055,Litigation
C20744829,C10055,Litigation
C20744830,C10055,Litigation
C20744830,C10056,Manors
C20744831,C10055,Litigation
C20744831,C10108,Trade and commerce
C20744832,C10055,Litigation
C20744833,C10055,Litigation
C20744834,C10055,Litigation
C20744834,C10007,Banking
C20744834,C10022,Conveyancing
C20744835,C10055,Litigation
C20744835,C10056,Manors
C20744836,C10055,Litigation
C20744836,C10025,Debt
C20744837,C10055,Litigation
C20744838,C10055,Litigation
C20744839,C10055,Litigation
C20744840,C10055,Litigation
C20744840,C10056,Manors
C20744841,C10055,Litigation
C20744841,C10056,Manors
C20744842,C10055,Litigation
C20744842,C10056,Manors
C20744843,C10055,Litigation
C20744844,C10055,Litigation
C20744844,C10025,Debt
C20744845,C10055,Litigation
C20744846,C10055,Litigation
C20744847,C10055,Litigation
C20744847,C10056,Manors
C20744848,C10059,Marriage and divorce
C20744848,C10055,Litigation
C20744848,C10025,Debt
C20744848,C10056,Manors
C20744849,C10055,Litigation
C20744850,C10055,Litigation
C20744851,C10055,Litigation
C20744852,C10055,Litigation
C20744853,C10055,Litigation
C20744854,C10055,Litigation
C20744855,C10055,Litigation
C20744855,C10056,Manors
C20744856,C10055,Litigation
C20744856,C10025,Debt
C20744857,C10055,Litigation
C20744857,C10056,Manors
C20744858,C10055,Litigation
C20744859,C10055,Litigation
C20744859,C10025,Debt
C20744860,C10055,Litigation
C20744861,C10055,Litigation
C20744862,C10055,Litigation
C20744862,C10025,Debt
C20744863,C10055,Litigation
C20744864,C10039,Food and drink
C20744864,C10055,Litigation
C20744864,C10108,Trade and commerce
C20744864,C10025,Debt
C20744864,C10007,Banking
C20744864,C10022,Conveyancing
C20744865,C10055,Litigation
C20744866,C10023,Crime
C20744866,C10055,Litigation
C20744867,C10055,Litigation
C20744868,C10055,Litigation
C20744869,C10055,Litigation
C20744870,C10055,Litigation
C20744870,C10108,Trade and commerce
C20744871,C10055,Litigation
C20744872,C10055,Litigation
C20744873,C10055,Litigation
C20744873,C10107,Tithes
C20744874,C10055,Litigation
C20744875,C10055,Litigation
C20744876,C10055,Litigation
C20744876,C10025,Debt
C20744877,C10055,Litigation
C20744878,C10055,Litigation
C20744878,C10108,Trade and commerce
C20744878,C10025,Debt
C20744879,C10055,Litigation
C20744880,C10055,Litigation
C20744880,C10056,Manors
C20744881,C10059,Marriage and divorce
C20744881,C10055,Litigation
C20744882,C10055,Litigation
C20744883,C10055,Litigation
C20744884,C10055,Litigation
C20744884,C10025,Debt
C20744885,C10055,Litigation
C20744886,C10055,Litigation
C20744886,C10056,Manors
C20744887,C10055,Litigation
C20744888,C10055,Litigation
C20744888,C10056,Manors
C20744889,C10055,Litigation
C20744890,C10055,Litigation
C20744891,C10055,Litigation
C20744891,C10025,Debt
C20744892,C10055,Litigation
C20744893,C10055,Litigation
C20744894,C10059,Marriage and divorce
C20744894,C10055,Litigation
C20744894,C10107,Tithes
C20744895,C10055,Litigation
C20744896,C10055,Litigation
C20744896,C10025,Debt
C20744897,C10055,Litigation
C20744897,C10056,Manors
C20744898,C10055,Litigation
C20744899,C10055,Litigation
C20744899,C10056,Manors
C20744900,C10055,Litigation
C20744900,C10025,Debt
C20744901,C10055,Litigation
C20744902,C10055,Litigation
C20744903,C10055,Litigation
C20744903,C10025,Debt
C20744904,C10055,Litigation
C20744905,C10055,Litigation
C20744906,C10055,Litigation
C20744907,C10055,Litigation
C20744907,C10056,Manors
C20744908,C10055,Litigation
C20744908,C10056,Manors
C20744909,C10055,Litigation
C20744909,C10056,Manors
C20744909,C10012,Children
C20744910,C10055,Litigation
C20744911,C10055,Litigation
C20744911,C10056,Manors
C20744912,C10055,Litigation
C20744913,C10055,Litigation
C20744913,C10056,Manors
C20744914,C10055,Litigation
C20744915,C10055,Litigation
C20744916,C10055,Litigation
C20744916,C10056,Manors
C20744917,C10055,Litigation
C20744918,C10055,Litigation
C20744918,C10025,Debt
C20744919,C10055,Litigation
C20744919,C10056,Manors
C20744920,C10055,Litigation
C20744921,C10055,Litigation
C20744922,C10055,Litigation
C20744922,C10025,Debt
C20744923,C10055,Litigation
C20744923,C10025,Debt
C20744924,C10055,Litigation
C20744924,C10056,Manors
C20744925,C10055,Litigation
C20744926,C10055,Litigation
C20744927,C10055,Litigation
C20744928,C10055,Litigation
C20744929,C10055,Litigation
C20744929,C10025,Debt
C20744929,C10007,Banking
C20744929,C10022,Conveyancing
C20744929,C10036,Farming
C20744930,C10055,Litigation
C20744931,C10055,Litigation
C20744932,C10055,Litigation
C20744933,C10055,Litigation
C20744934,C10055,Litigation
C20744935,C10055,Litigation
C20744936,C10055,Litigation
C20744937,C10055,Litigation
C20744938,C10055,Litigation
C20744939,C10055,Litigation
C20744940,C10055,Litigation
C20744941,C10055,Litigation
C20744941,C10025,Debt
C20744942,C10055,Litigation
C20744943,C10055,Litigation
C20744944,C10055,Litigation
C20744945,C10023,Crime
C20744945,C10055,Litigation
C20744946,C10055,Litigation
C20744947,C10055,Litigation
C20744947,C10056,Manors
C20744948,C10055,Litigation
C20744948,C10056,Manors
C20744949,C10055,Litigation
C20744950,C10055,Litigation
C20744951,C10055,Litigation
C20744951,C10025,Debt
C20744952,C10055,Litigation
C20744953,C10055,Litigation
C20744953,C10077,Pay and pensions
C20744954,C10055,Litigation
C20744955,C10055,Litigation
C20744956,C10055,Litigation
C20744956,C10056,Manors
C20744957,C10055,Litigation
C20744958,C10055,Litigation
C20744958,C10025,Debt
C20744958,C10057,Manufacturing
C20744959,C10055,Litigation
C20744959,C10056,Manors
C20744960,C10055,Litigation
C20744960,C10056,Manors
C20744961,C10055,Litigation
C20744961,C10056,Manors
C20744962,C10055,Litigation
C20744962,C10056,Manors
C20744963,C10055,Litigation
C20744963,C10108,Trade and commerce
C20744964,C10055,Litigation
C20744965,C10055,Litigation
C20744965,C10052,Labour
C20744966,C10055,Litigation
C20744966,C10056,Manors
C20744967,C10055,Litigation
C20744968,C10055,Litigation
C20744969,C10055,Litigation
C20744970,C10055,Litigation
C20744971,C10055,Litigation
C20744972,C10055,Litigation
C20744973,C10055,Litigation
C20744973,C10040,Forestry
C20744974,C10055,Litigation
C20744974,C10056,Manors
C20744975,C10055,Litigation
C20744976,C10055,Litigation
C20744977,C10055,Litigation
C20744978,C10055,Litigation
C20744979,C10055,Litigation
C20744980,C10055,Litigation
C20744981,C10055,Litigation
C20744982,C10055,Litigation
C20744983,C10055,Litigation
C20744984,C10055,Litigation
C20744985,C10055,Litigation
C20744985,C10025,Debt
C20744986,C10093,Religions
C20744986,C10055,Litigation
C20744987,C10055,Litigation
C20744988,C10055,Litigation
C20744989,C10055,Litigation
C20744989,C10056,Manors
C20744990,C10131,Europe and Russia
C20744990,C10055,Litigation
C20744991,C10055,Litigation
C20744992,C10055,Litigation
C20744993,C10055,Litigation
C20744994,C10131,Europe and Russia
C20744994,C10055,Litigation
C20744994,C10108,Trade and commerce
C20744995,C10055,Litigation
C20744996,C10055,Litigation
C20744997,C10055,Litigation
C20744997,C10056,Manors
C20744998,C10055,Litigation
C20744999,C10055,Litigation
C20745000,C10055,Litigation
C20745000,C10056,Manors
C20745001,C10055,Litigation
C20745002,C10055,Litigation
C20745003,C10055,Litigation
C20745003,C10056,Manors
C20745004,C10055,Litigation
C20745004,C10056,Manors
C20745005,C10055,Litigation
C20745005,C10025,Debt
C20745006,C10055,Litigation
C20745006,C10056,Manors
C20745007,C10055,Litigation
C20745008,C10055,Litigation
C20745008,C10107,Tithes
C20745009,C10131,Europe and Russia
C20745009,C10055,Litigation
C20745010,C10055,Litigation
C20745010,C10056,Manors
C20745011,C10055,Litigation
C20745011,C10056,Manors
C20745012,C10055,Litigation
C20745012,C10012,Children
C20745013,C10055,Litigation
C20758306,C10055,Litigation
C20758306,C10107,Tithes
C20758307,C10131,Europe and Russia
C20758307,C10055,Litigation
C20758308,C10055,Litigation
C20758308,C10056,Manors
C20758308,C10077,Pay and pensions
C20758309,C10055,Litigation
C20758309,C10056,Manors
C20758309,C10012,Children
C20758310,C10055,Litigation
C20758310,C10056,Manors
C20758311,C10055,Litigation
C20758311,C10025,Debt
C20758311,C10007,Banking
C20758311,C10022,Conveyancing
C20758312,C10055,Litigation
C20758312,C10036,Farming
C20758313,C10055,Litigation
C20758313,C10036,Farming
C20758314,C10055,Litigation
C20758314,C10107,Tithes
C20758315,C10055,Litigation
C20758316,C10055,Litigation
C20758316,C10107,Tithes
C20758316,C10036,Farming
C20758317,C10055,Litigation
C20758317,C10025,Debt
C20758318,C10055,Litigation
C20758318,C10056,Manors
C20758319,C10055,Litigation
C20758320,C10055,Litigation
C20758321,C10055,Litigation
C20758321,C10056,Manors
C20758322,C10055,Litigation
C20758322,C10114,Weapons
C20758323,C10055,Litigation
C20758323,C10077,Pay and pensions
C20758324,C10055,Litigation
C20758324,C10056,Manors
C20758325,C10055,Litigation
C20758325,C10056,Manors
C20758326,C10039,Food and drink
C20758326,C10055,Litigation
C20758326,C10108,Trade and commerce
C20758326,C10025,Debt
C20758327,C10055,Litigation
C20758328,C10055,Litigation
C20758329,C10055,Litigation
C20758330,C10055,Litigation
C20758330,C10108,Trade and commerce
C20758331,C10055,Litigation
C20758332,C10055,Litigation
C20758333,C10055,Litigation
C20758333,C10056,Manors
C20758334,C10055,Litigation
C20758335,C10055,Litigation
C20758336,C10055,Litigation
C20758337,C10055,Litigation
C20758337,C10056,Manors
C20758338,C10055,Litigation
C20758339,C10055,Litigation
C20758339,C10107,Tithes
C20758340,C10055,Litigation
C20758341,C10055,Litigation
C20758342,C10039,Food and drink
C20758342,C10055,Litigation
C20758343,C10055,Litigation
C20758344,C10055,Litigation
C20758345,C10055,Litigation
C20758345,C10056,Manors
C20758346,C10055,Litigation
C20758346,C10025,Debt
C20758347,C10055,Litigation
C20758348,C10055,Litigation
C20758349,C10055,Litigation
C20758349,C10056,Manors
C20758349,C10116,Wills and probate
C20758350,C10055,Litigation
C20758351,C10055,Litigation
C20758352,C10055,Litigation
C20758352,C10056,Manors
C20758353,C10055,Litigation
C20758354,C10055,Litigation
C20758354,C10056,Manors
C20758355,C10055,Litigation
C20758356,C10055,Litigation
C20758356,C10025,Debt
C20758357,C10055,Litigation
C20758358,C10055,Litigation
C20758359,C10055,Litigation
C20758360,C10055,Litigation
C20758360,C10108,Trade and commerce
C20758361,C10055,Litigation
C20758362,C10055,Litigation
C20758362,C10056,Manors
C20758363,C10055,Litigation
C20758363,C10056,Manors
C20758364,C10055,Litigation
C20758365,C10059,Marriage and divorce
C20758365,C10055,Litigation
C20758366,C10131,Europe and Russia
C20758366,C10055,Litigation
C20758366,C10125,Americas
C20758367,C10055,Litigation
C20758367,C10056,Manors
C20758368,C10055,Litigation
C20758369,C10023,Crime
C20758369,C10055,Litigation
C20758369,C10056,Manors
C20758370,C10055,Litigation
C20758371,C10055,Litigation
C20758372,C10055,Litigation
C20758372,C10056,Manors
C20758373,C10055,Litigation
C20758373,C10025,Debt
C20758374,C10055,Litigation
C20758375,C10055,Litigation
C20758375,C10056,Manors
C20758376,C10055,Litigation
C20758377,C10055,Litigation
C20758378,C10055,Litigation
C20758379,C10055,Litigation
C20758379,C10025,Debt
C20758380,C10055,Litigation
C20758381,C10055,Litigation
C20758382,C10055,Litigation
C20758383,C10055,Litigation
C20758384,C10055,Litigation
C20758385,C10055,Litigation
C20758385,C10056,Manors
C20758386,C10055,Litigation
C20758386,C10108,Trade and commerce
C20758387,C10055,Litigation
C20758388,C10055,Litigation
C20758389,C10055,Litigation
C20758389,C10025,Debt
C20758390,C10055,Litigation
C20758391,C10055,Litigation
C20758391,C10056,Manors
C20758392,C10055,Litigation
C20758393,C10055,Litigation
C20758393,C10108,Trade and commerce
C20758393,C10025,Debt
C20758394,C10055,Litigation
C20758394,C10056,Manors
C20758395,C10055,Litigation
C20758395,C10056,Manors
C20758396,C10039,Food and drink
C20758396,C10055,Litigation
C20758397,C10055,Litigation
C20758397,C10056,Manors
C20758398,C10055,Litigation
C20758398,C10108,Trade and commerce
C20758399,C10055,Litigation
C20758400,C10055,Litigation
C20758400,C10056,Manors
C20758401,C10055,Litigation
C20758402,C10055,Litigation
C20758402,C10056,Manors
C20758402,C10077,Pay and pensions
C20758403,C10055,Litigation
C20758403,C10108,Trade and commerce
C20758404,C10055,Litigation
C20758404,C10056,Manors
C20758405,C10055,Litigation
C20758406,C10055,Litigation
C20758407,C10055,Litigation
C20758407,C10056,Manors
C20758408,C10059,Marriage and divorce
C20758408,C10055,Litigation
C20758409,C10055,Litigation
C20758409,C10056,Manors
C20758410,C10055,Litigation
C20758411,C10055,Litigation
C20758411,C10108,Trade and commerce
C20758412,C10055,Litigation
C20758412,C10052,Labour
C20758413,C10059,Marriage and divorce
C20758413,C10055,Litigation
C20758413,C10107,Tithes
C20758414,C10055,Litigation
C20758414,C10012,Children
C20758415,C10055,Litigation
C20758415,C10025,Debt
C20758415,C10114,Weapons
C20758415,C10116,Wills and probate
C20758416,C10093,Religions
C20758416,C10055,Litigation
C20758417,C10055,Litigation
C20758417,C10056,Manors
C20758418,C10055,Litigation
C20758418,C10025,Debt
C20758419,C10055,Litigation
C20758420,C10059,Marriage and divorce
C20758420,C10055,Litigation
C20758421,C10055,Litigation
C20758422,C10055,Litigation
C20758423,C10055,Litigation
C20758424,C10055,Litigation
C20758424,C10056,Manors
C20758425,C10055,Litigation
C20758425,C10025,Debt
C20758426,C10055,Litigation
C20758427,C10055,Litigation
C20758427,C10056,Manors
C20758428,C10055,Litigation
C20758428,C10056,Manors
C20758429,C10055,Litigation
C20758430,C10055,Litigation
C20758431,C10055,Litigation
C20758432,C10055,Litigation
C20758433,C10055,Litigation
C20758434,C10055,Litigation
C20758435,C10055,Litigation
C20758436,C10055,Litigation
C20758437,C10055,Litigation
C20758437,C10056,Manors
C20758438,C10055,Litigation
C20758439,C10055,Litigation
C20758439,C10036,Farming
C20758440,C10055,Litigation
C20758441,C10055,Litigation
C20758441,C10025,Debt
C20758442,C10055,Litigation
C20758442,C10056,Manors
C20758442,C10116,Wills and probate
C20758443,C10055,Litigation
C20758444,C10055,Litigation
C20758444,C10108,Trade and commerce
C20758444,C10056,Manors
C20758445,C10055,Litigation
C20758445,C10056,Manors
C20758446,C10055,Litigation
C20758446,C10025,Debt
C20758447,C10055,Litigation
C20758447,C10056,Manors
C20758448,C10055,Litigation
C20758449,C10055,Litigation
C20758450,C10055,Litigation
C20758451,C10055,Litigation
C20758451,C10052,Labour
C20758452,C10055,Litigation
C20758452,C10010,Charities
C20758453,C10055,Litigation
C20758454,C10055,Litigation
C20758455,C10055,Litigation
C20758455,C10056,Manors
C20758456,C10055,Litigation
C20758457,C10055,Litigation
C20758457,C10056,Manors
C20758458,C10055,Litigation
C20758459,C10055,Litigation
C20758459,C10056,Manors
C20758460,C10055,Litigation
C20758460,C10025,Debt
C20758461,C10055,Litigation
C20758462,C10055,Litigation
C20758463,C10055,Litigation
C20758463,C10107,Tithes
C20758463,C10007,Banking
C20758463,C10022,Conveyancing
C20758464,C10055,Litigation
C20758465,C10131,Europe and Russia
C20758465,C10055,Litigation
C20758465,C10025,Debt
C20758465,C10057,Manufacturing
C20758466,C10055,Litigation
C20758466,C10108,Trade and commerce
C20758466,C10116,Wills and probate
C20758467,C10055,Litigation
C20758467,C10056,Manors
C20758468,C10055,Litigation
C20758469,C10055,Litigation
C20758470,C10055,Litigation
C20758471,C10055,Litigation
C20758472,C10055,Litigation
C20758473,C10055,Litigation
C20758473,C10056,Manors
C20758474,C10055,Litigation
C20758474,C10025,Debt
C20758475,C10055,Litigation
C20758475,C10116,Wills and probate
C20758476,C10055,Litigation
C20758477,C10055,Litigation
C20758477,C10025,Debt
C20758478,C10055,Litigation
C20758479,C10055,Litigation
C20758479,C10056,Manors
C20758480,C10055,Litigation
C20758480,C10108,Trade and commerce
C20758481,C10055,Litigation
C20758482,C10055,Litigation
C20758483,C10055,Litigation
C20758483,C10108,Trade and commerce
C20758484,C10055,Litigation
C20758485,C10059,Marriage and divorce
C20758485,C10055,Litigation
C20758485,C10056,Manors
C20758486,C10059,Marriage and divorce
C20758486,C10039,Food and drink
C20758486,C10055,Litigation
C20758487,C10055,Litigation
C20758487,C10056,Manors
C20758488,C10055,Litigation
C20758489,C10055,Litigation
C20758489,C10056,Manors
C20758490,C10055,Litigation
C20758491,C10059,Marriage and divorce
C20758491,C10055,Litigation
C20758492,C10055,Litigation
C20758493,C10055,Litigation
C20758494,C10059,Marriage and divorce
C20758494,C10055,Litigation
C20758495,C10055,Litigation
C20758495,C10056,Manors
C20758496,C10055,Litigation
C20758496,C10025,Debt
C20758497,C10055,Litigation
C20758498,C10055,Litigation
C20758499,C10055,Litigation
C20758499,C10108,Trade and commerce
C20758500,C10055,Litigation
C20758501,C10059,Marriage and divorce
C20758501,C10055,Litigation
C20758501,C10025,Debt
C20758501,C10116,Wills and probate
C20758502,C10055,Litigation
C20758502,C10056,Manors
C20758503,C10055,Litigation
C20758503,C10025,Debt
C20758504,C10055,Litigation
C20758505,C10055,Litigation
C20758505,C10056,Manors
C20758506,C10055,Litigation
C20758507,C10055,Litigation
C20758507,C10056,Manors
C20758507,C10007,Banking
C20758507,C10022,Conveyancing
C20758508,C10055,Litigation
C20758509,C10055,Litigation
C20758510,C10055,Litigation
C20758510,C10107,Tithes
C20758511,C10055,Litigation
C20758512,C10055,Litigation
C20758513,C10055,Litigation
C20758513,C10056,Manors
C20758513,C10116,Wills and probate
C20758514,C10055,Litigation
C20758514,C10056,Manors
C20758515,C10059,Marriage and divorce
C20758515,C10055,Litigation
C20758516,C10055,Litigation
C20758517,C10059,Marriage and divorce
C20758517,C10055,Litigation
C20758518,C10055,Litigation
C20758519,C10055,Litigation
C20758520,C10055,Litigation
C20827326,C10059,Marriage and divorce
C20827326,C10055,Litigation
C20827326,C10022,Conveyancing
C20827327,C10055,Litigation
C20827328,C10055,Litigation
C20827328,C10116,Wills and probate
C20827329,C10055,Litigation
C20827330,C10055,Litigation
C20827330,C10056,Manors
C20827331,C10055,Litigation
C20827332,C10055,Litigation
C20827332,C10056,Manors
C20827333,C10055,Litigation
C20827333,C10077,Pay and pensions
C20827334,C10055,Litigation
C20827335,C10055,Litigation
C20827336,C10055,Litigation
C20827337,C10055,Litigation
C20827337,C10056,Manors
C20827338,C10055,Litigation
C20827338,C10056,Manors
C20827339,C10055,Litigation
C20827339,C10007,Banking
C20827339,C10022,Conveyancing
C20827340,C10131,Europe and Russia
C20827340,C10055,Litigation
C20827341,C10055,Litigation
C20827342,C10055,Litigation
C20827343,C10055,Litigation
C20827344,C10055,Litigation
C20827344,C10116,Wills and probate
C20827345,C10055,Litigation
C20827345,C10025,Debt
C20827346,C10055,Litigation
C20827346,C10108,Trade and commerce
C20827346,C10071,Nationality
C20827347,C10055,Litigation
C20827348,C10055,Litigation
C20827348,C10025,Debt
C20827349,C10055,Litigation
C20827350,C10055,Litigation
C20827351,C10055,Litigation
C20827351,C10025,Debt
C20827352,C10055,Litigation
C20827353,C10055,Litigation
C20827353,C10107,Tithes
C20827354,C10055,Litigation
C20827354,C10107,Tithes
C20827355,C10055,Litigation
C20827355,C10025,Debt
C20827356,C10055,Litigation
C20827356,C10025,Debt
C20827357,C10055,Litigation
C20827357,C10025,Debt
C20827358,C10055,Litigation
C20827358,C10025,Debt
C20827359,C10055,Litigation
C20827359,C10052,Labour
C20827360,C10055,Litigation
C20827361,C10055,Litigation
C20827361,C10056,Manors
C20827362,C10055,Litigation
C20827363,C10055,Litigation
C20827363,C10108,Trade and commerce
C20827364,C10055,Litigation
C20827364,C10036,Farming
C20827365,C10055,Litigation
C20827365,C10056,Manors
C20827366,C10055,Litigation
C20827366,C10025,Debt
C20827367,C10055,Litigation
C20827368,C10055,Litigation
C20827368,C10012,Children
C20827369,C10055,Litigation
C20827370,C10055,Litigation
C20827371,C10055,Litigation
C20827372,C10055,Litigation
C20827373,C10055,Litigation
C20827374,C10055,Litigation
C20827374,C10012,Children
C20827374,C10116,Wills and probate
C20827375,C10055,Litigation
C20827375,C10108,Trade and commerce
C20827376,C10093,Religions
C20827376,C10055,Litigation
C20827377,C10055,Litigation
C20827377,C10056,Manors
C20827378,C10055,Litigation
C20827378,C10056,Manors
C20827379,C10055,Litigation
C20827379,C10056,Manors
C20827380,C10055,Litigation
C20827381,C10055,Litigation
C20827381,C10056,Manors
C20827382,C10055,Litigation
C20827382,C10108,Trade and commerce
C20827383,C10055,Litigation
C20827384,C10055,Litigation
C20827385,C10055,Litigation
C20827385,C10107,Tithes
C20827386,C10055,Litigation
C20827386,C10056,Manors
C20827387,C10055,Litigation
C20827387,C10056,Manors
C20827388,C10055,Litigation
C20827389,C10055,Litigation
C20827389,C10116,Wills and probate
C20827390,C10055,Litigation
C20827390,C10025,Debt
C20827391,C10055,Litigation
C20827392,C10055,Litigation
C20827393,C10055,Litigation
C20827394,C10055,Litigation
C20827395,C10059,Marriage and divorce
C20827395,C10055,Litigation
C20827395,C10056,Manors
C20827396,C10055,Litigation
C20827396,C10077,Pay and pensions
C20827397,C10055,Litigation
C20827398,C10055,Litigation
C20827398,C10025,Debt
C20827399,C10055,Litigation
C20827399,C10077,Pay and pensions
C20827400,C10039,Food and drink
C20827400,C10055,Litigation
C20827401,C10055,Litigation
C20827402,C10055,Litigation
C20827403,C10055,Litigation
C20827404,C10023,Crime
C20827404,C10055,Litigation
C20827405,C10055,Litigation
C20827405,C10025,Debt
C20827406,C10055,Litigation
C20827407,C10055,Litigation
C20827408,C10055,Litigation
C20827408,C10056,Manors
C20827409,C10055,Litigation
C20827410,C10055,Litigation
C20827410,C10056,Manors
C20827411,C10055,Litigation
C20827411,C10108,Trade and commerce
C20827411,C10025,Debt
C20827411,C10007,Banking
C20827411,C10022,Conveyancing
C20827412,C10055,Litigation
C20827412,C10056,Manors
C20827413,C10055,Litigation
C20827414,C10055,Litigation
C20827414,C10108,Trade and commerce
C20827415,C10055,Litigation
C20827415,C10025,Debt
C20827416,C10059,Marriage and divorce
C20827416,C10131,Europe and Russia
C20827416,C10055,Litigation
C20827417,C10055,Litigation
C20827418,C10055,Litigation
C20827418,C10025,Debt
C20827419,C10055,Litigation
C20827420,C10055,Litigation
C20827421,C10055,Litigation
C20827421,C10025,Debt
C20827422,C10055,Litigation
C20827422,C10056,Manors
C20827423,C10055,Litigation
C20827423,C10056,Manors
C20827423,C10012,Children
C20827423,C10036,Farming
C20827424,C10055,Litigation
C20827424,C10012,Children
C20827425,C10055,Litigation
C20827425,C10025,Debt
C20827426,C10055,Litigation
C20827427,C10055,Litigation
C20827427,C10056,Manors
C20827428,C10055,Litigation
C20827428,C10056,Manors
C20827429,C10055,Litigation
C20827429,C10056,Manors
C20827430,C10055,Litigation
C20827431,C10055,Litigation
C20827431,C10116,Wills and probate
C20827432,C10055,Litigation
C20827432,C10056,Manors
C20827432,C10116,Wills and probate
C20827433,C10055,Litigation
C20846807,C10055,Litigation
C20846807,C10056,Manors
C20846808,C10055,Litigation
C20846809,C10055,Litigation
C20846810,C10055,Litigation
C20846811,C10055,Litigation
C20846812,C10055,Litigation
C20846813,C10055,Litigation
C20846814,C10055,Litigation
C20846814,C10036,Farming
C20846815,C10055,Litigation
C20846815,C10052,Labour
C20846816,C10055,Litigation
C20846817,C10055,Litigation
C20846817,C10056,Manors
C20846818,C10055,Litigation
C20846818,C10056,Manors
C20846819,C10055,Litigation
C20846820,C10055,Litigation
C20846821,C10055,Litigation
C20846822,C10055,Litigation
C20846823,C10055,Litigation
C20846824,C10055,Litigation
C20846824,C10108,Trade and commerce
C20846825,C10055,Litigation
C20846825,C10036,Farming
C20846826,C10059,Marriage and divorce
C20846826,C10055,Litigation
C20846827,C10055,Litigation
C20846827,C10025,Debt
C20846828,C10055,Litigation
C20846829,C10055,Litigation
C20846829,C10056,Manors
C20846830,C10055,Litigation
C20846831,C10055,Litigation
C20846831,C10056,Manors
C20846832,C10055,Litigation
C20846832,C10025,Debt
C20846833,C10055,Litigation
C20846834,C10055,Litigation
C20846834,C10025,Debt
C20846834,C10036,Farming
C20846835,C10131,Europe and Russia
C20846835,C10055,Litigation
C20846835,C10025,Debt
C20846836,C10055,Litigation
C20846836,C10056,Manors
C20846837,C10055,Litigation
C20846838,C10055,Litigation
C20846839,C10055,Litigation
C20846840,C10055,Litigation
C20846841,C10055,Litigation
C20846841,C10056,Manors
C20846842,C10055,Litigation
C20846843,C10055,Litigation
C20846843,C10108,Trade and commerce
C20846843,C10025,Debt
C20846844,C10039,Food and drink
C20846844,C10055,Litigation
C20846845,C10055,Litigation
C20846846,C10055,Litigation
C20846847,C10055,Litigation
C20846848,C10055,Litigation
C20846849,C10055,Litigation
C20846849,C10040,Forestry
C20846850,C10055,Litigation
C20846851,C10055,Litigation
C20846852,C10023,Crime
C20846852,C10055,Litigation
C20846853,C10055,Litigation
C20846853,C10025,Debt
C20846854,C10055,Litigation
C20846855,C10055,Litigation
C20846856,C10055,Litigation
C20846856,C10056,Manors
C20846857,C10055,Litigation
C20846858,C10055,Litigation
C20846859,C10055,Litigation
C20846860,C10055,Litigation
C20846861,C10055,Litigation
C20846863,C10055,Litigation
C20846863,C10040,Forestry
C20846864,C10055,Litigation
C20846865,C10055,Litigation
C20846866,C10055,Litigation
C20846866,C10056,Manors
C20846867,C10055,Litigation
C20846867,C10056,Manors
C20846868,C10055,Litigation
C20846868,C10056,Manors
C20846869,C10055,Litigation
C20846869,C10108,Trade and commerce
C20846870,C10055,Litigation
C20846871,C10055,Litigation
C20846872,C10055,Litigation
C20846873,C10055,Litigation
C20846873,C10056,Manors
C20846874,C10059,Marriage and divorce
C20846874,C10055,Litigation
C20846875,C10055,Litigation
C20846875,C10056,Manors
C20846876,C10055,Litigation
C20846876,C10108,Trade and commerce
C20846876,C10080,Piracy and privateering
C20846877,C10055,Litigation
C20846878,C10055,Litigation
C20846878,C10056,Manors
C20846878,C10077,Pay and pensions
C20846879,C10055,Litigation
C20846880,C10055,Litigation
C20846881,C10055,Litigation
C20846882,C10055,Litigation
C20846882,C10025,Debt
C20846883,C10055,Litigation
C20846884,C10055,Litigation
C20846884,C10056,Manors
C20846885,C10055,Litigation
C20846886,C10055,Litigation
C20846887,C10055,Litigation
C20846888,C10055,Litigation
C20846889,C10055,Litigation
C20846890,C10059,Marriage and divorce
C20846890,C10055,Litigation
C20846890,C10012,Children
C20846891,C10055,Litigation
C20846891,C10056,Manors
C20846892,C10055,Litigation
C20846893,C10055,Litigation
C20846894,C10131,Europe and Russia
C20846894,C10055,Litigation
C20846894,C10108,Trade and commerce
C20846895,C10055,Litigation
C20846896,C10055,Litigation
C20846897,C10055,Litigation
C20846897,C10077,Pay and pensions
C20846898,C10055,Litigation
C20846899,C10055,Litigation
C20846899,C10036,Farming
C20846900,C10059,Marriage and divorce
C20846900,C10055,Litigation
C20846900,C10007,Banking
C20846900,C10022,Conveyancing
C20846901,C10055,Litigation
C20846902,C10055,Litigation
C20846903,C10055,Litigation
C20846904,C10055,Litigation
C20846905,C10055,Litigation
C20846905,C10056,Manors
C20846906,C10055,Litigation
C20846907,C10055,Litigation
C20846908,C10055,Litigation
C20846909,C10055,Litigation
C20846909,C10056,Manors
C20846910,C10055,Litigation
C20846910,C10025,Debt
C20846911,C10055,Litigation
C20846912,C10055,Litigation
C20846912,C10056,Manors
C20846913,C10055,Litigation
C20846914,C10055,Litigation
C20846915,C10055,Litigation
C20846916,C10055,Litigation
C20846916,C10056,Manors
C20846917,C10055,Litigation
C20846918,C10023,Crime
C20846918,C10055,Litigation
C20846919,C10055,Litigation
C20846919,C10056,Manors
C20846920,C10055,Litigation
C20846920,C10116,Wills and probate
C20846921,C10039,Food and drink
C20846921,C10055,Litigation
C20846922,C10055,Litigation
C20846922,C10056,Manors
C20846923,C10059,Marriage and divorce
C20846923,C10055,Litigation
C20846924,C10055,Litigation
C20846925,C10055,Litigation
C20846926,C10055,Litigation
C20846927,C10055,Litigation
C20846928,C10055,Litigation
C20846929,C10055,Litigation
C20846930,C10055,Litigation
C20846930,C10025,Debt
C20846931,C10055,Litigation
C20846931,C10056,Manors
C20846932,C10059,Marriage and divorce
C20846932,C10055,Litigation
C20846933,C10055,Litigation
C20846933,C10025,Debt
C20846934,C10055,Litigation
C20846935,C10055,Litigation
C20846936,C10055,Litigation
C20846936,C10007,Banking
C20846936,C10022,Conveyancing
C20846937,C10055,Litigation
C20846938,C10055,Litigation
C20846939,C10055,Litigation
C20846940,C10055,Litigation
C20846941,C10055,Litigation
C20846941,C10108,Trade and commerce
C20846942,C10059,Marriage and divorce
C20846942,C10055,Litigation
C20846942,C10108,Trade and commerce
C20846943,C10055,Litigation
C20846943,C10025,Debt
C20846944,C10055,Litigation
C20846945,C10055,Litigation
C20846945,C10056,Manors
C20846946,C10055,Litigation
C20846946,C10056,Manors
C20846947,C10059,Marriage and divorce
C20846947,C10055,Litigation
C20846947,C10056,Manors
C20846948,C10055,Litigation
C20846949,C10055,Litigation
C20846950,C10055,Litigation
C20864885,C10055,Litigation
C20864886,C10055,Litigation
C20864886,C10056,Manors
C20864887,C10055,Litigation
C20864887,C10056,Manors
C20864888,C10055,Litigation
C20864888,C10025,Debt
C20864889,C10055,Litigation
C20864890,C10055,Litigation
C20864890,C10056,Manors
C20864891,C10055,Litigation
C20864891,C10012,Children
C20864892,C10055,Litigation
C20864893,C10055,Litigation
C20864894,C10055,Litigation
C20864894,C10025,Debt
C20864895,C10055,Litigation
C20864895,C10040,Forestry
C20864895,C10056,Manors
C20864896,C10055,Litigation
C20864897,C10055,Litigation
C20864897,C10056,Manors
C20864898,C10055,Litigation
C20864899,C10055,Litigation
C20864900,C10055,Litigation
C20864901,C10055,Litigation
C20864902,C10055,Litigation
C20864902,C10108,Trade and commerce
C20864903,C10055,Litigation
C20864904,C10055,Litigation
C20864904,C10056,Manors
C20864905,C10055,Litigation
C20864905,C10025,Debt
C20864906,C10055,Litigation
C20864906,C10116,Wills and probate
C20864907,C10055,Litigation
C20864908,C10055,Litigation
C20864909,C10039,Food and drink
C20864909,C10055,Litigation
C20864909,C10025,Debt
C20864910,C10055,Litigation
C20864911,C10055,Litigation
C20864911,C10056,Manors
C20864912,C10055,Litigation
C20864912,C10056,Manors
C20864913,C10055,Litigation
C20864913,C10056,Manors
C20864914,C10055,Litigation
C20864915,C10055,Litigation
C20864916,C10055,Litigation
C20864916,C10025,Debt
C20864916,C10013,Clothing
C20864917,C10055,Litigation
C20864918,C10055,Litigation
C20864918,C10056,Manors
C20864919,C10055,Litigation
C20864920,C10055,Litigation
C20864921,C10055,Litigation
C20864921,C10036,Farming
C20864922,C10055,Litigation
C20864923,C10055,Litigation
C20864924,C10055,Litigation
C20864924,C10056,Manors
C20864925,C10055,Litigation
C20864925,C10025,Debt
C20864926,C10055,Litigation
C20864926,C10052,Labour
C20864927,C10055,Litigation
C20864927,C10025,Debt
C20864928,C10055,Litigation
C20864929,C10055,Litigation
C20864929,C10025,Debt
C20864930,C10055,Litigation
C20864931,C10055,Litigation
C20864932,C10131,Europe and Russia
C20864932,C10055,Litigation
C20864932,C10108,Trade and commerce
C20864933,C10055,Litigation
C20864933,C10012,Children
C20864934,C10055,Litigation
C20864935,C10055,Litigation
C20864936,C10055,Litigation
C20864936,C10056,Manors
C20864937,C10055,Litigation
C20864938,C10055,Litigation
C20864938,C10108,Trade and commerce
C20864939,C10055,Litigation
C20864940,C10055,Litigation
C20864941,C10059,Marriage and divorce
C20864941,C10055,Litigation
C20864942,C10055,Litigation
C20864942,C10056,Manors
C20864943,C10055,Litigation
C20864943,C10033,Education
C20864943,C10056,Manors
C20864944,C10055,Litigation
C20864944,C10025,Debt
C20864945,C10055,Litigation
C20864946,C10055,Litigation
C20864947,C10055,Litigation
C20864947,C10040,Forestry
C20864947,C10056,Manors
C20864948,C10055,Litigation
C20864948,C10025,Debt
C20864949,C10055,Litigation
C20864950,C10055,Litigation
C20864951,C10055,Litigation
C20864952,C10055,Litigation
C20864952,C10025,Debt
C20864953,C10055,Litigation
C20864954,C10055,Litigation
C20864955,C10055,Litigation
C20864955,C10108,Trade and commerce
C20864956,C10055,Litigation
C20864957,C10055,Litigation
C20864958,C10059,Marriage and divorce
C20864958,C10055,Litigation
C20864958,C10116,Wills and probate
C20864959,C10055,Litigation
C20864960,C10055,Litigation
C20864960,C10056,Manors
C20864960,C10012,Children
C20864961,C10055,Litigation
C20864962,C10059,Marriage and divorce
C20864962,C10055,Litigation
C20864962,C10107,Tithes
C20864962,C10056,Manors
C20864963,C10055,Litigation
C20864963,C10056,Manors
C20864964,C10131,Europe and Russia
C20864964,C10055,Litigation
C20864964,C10025,Debt
C20864965,C10055,Litigation
C20864965,C10025,Debt
C20864966,C10055,Litigation
C20864967,C10055,Litigation
C20864967,C10007,Banking
C20864967,C10022,Conveyancing
C20864968,C10055,Litigation
C20864969,C10055,Litigation
C20864969,C10108,Trade and commerce
C20864970,C10055,Litigation
C20864970,C10056,Manors
C20864971,C10055,Litigation
C20864971,C10056,Manors
C20864972,C10055,Litigation
C20864973,C10055,Litigation
C20864974,C10055,Litigation
C20864974,C10108,Trade and commerce
C20893701,C10055,Litigation
C20893701,C10036,Farming
C20893702,C10055,Litigation
C20893702,C10056,Manors
C20893702,C10007,Banking
C20893702,C10022,Conveyancing
C20893703,C10055,Litigation
C20893703,C10025,Debt
C20893704,C10055,Litigation
C20893705,C10055,Litigation
C20893705,C10108,Trade and commerce
C20893705,C10056,Manors
C20893706,C10055,Litigation
C20893707,C10055,Litigation
C20893708,C10055,Litigation
C20893708,C10056,Manors
C20893709,C10055,Litigation
C20893709,C10025,Debt
C20893710,C10055,Litigation
C20893711,C10055,Litigation
C20893711,C10036,Farming
C20893712,C10055,Litigation
C20893713,C10055,Litigation
C20893714,C10055,Litigation
C20893714,C10012,Children
C20893715,C10055,Litigation
C20893716,C10055,Litigation
C20893716,C10056,Manors
C20893717,C10055,Litigation
C20893717,C10056,Manors
C20893718,C10055,Litigation
C20893719,C10055,Litigation
C20893720,C10055,Litigation
C20893721,C10055,Litigation
C20893721,C10025,Debt
C20893722,C10055,Litigation
C20893722,C10056,Manors
C20893723,C10055,Litigation
C20893723,C10056,Manors
C20893724,C10055,Litigation
C20893725,C10055,Litigation
C20893725,C10108,Trade and commerce
C20893725,C10025,Debt
C20893726,C10055,Litigation
C20893726,C10056,Manors
C20893727,C10059,Marriage and divorce
C20893727,C10055,Litigation
C20893728,C10055,Litigation
C20893728,C10056,Manors
C20893729,C10055,Litigation
C20893729,C10056,Manors
C20893730,C10055,Litigation
C20893730,C10025,Debt
C20893731,C10055,Litigation
C20893732,C10055,Litigation
C20893733,C10055,Litigation
C20893734,C10055,Litigation
C20893734,C10056,Manors
C20893735,C10055,Litigation
C20893736,C10055,Litigation
C20893736,C10036,Farming
C20893737,C10055,Litigation
C20893738,C10055,Litigation
C20893738,C10056,Manors
C20893739,C10055,Litigation
C20893740,C10055,Litigation
C20893740,C10025,Debt
C20893740,C10071,Nationality
C20893741,C10055,Litigation
C20893742,C10055,Litigation
C20893742,C10056,Manors
C20893743,C10055,Litigation
C20893743,C10056,Manors
C20893744,C10059,Marriage and divorce
C20893744,C10055,Litigation
C20893744,C10058,Maps and plans
C20893745,C10055,Litigation
C20893745,C10036,Farming
C20893746,C10055,Litigation
C20893746,C10056,Manors
C20893747,C10055,Litigation
C20893748,C10055,Litigation
C20893749,C10093,Religions
C20893749,C10055,Litigation
C20893750,C10059,Marriage and divorce
C20893750,C10055,Litigation
C20893751,C10055,Litigation
C20893752,C10055,Litigation
C20893753,C10055,Litigation
C20893754,C10055,Litigation
C20893755,C10055,Litigation
C20893755,C10056,Manors
C20893756,C10055,Litigation
C20893757,C10023,Crime
C20893757,C10055,Litigation
C20893758,C10055,Litigation
C20893758,C10056,Manors
C20893759,C10055,Litigation
C20893760,C10055,Litigation
C20893761,C10055,Litigation
C20893761,C10007,Banking
C20893761,C10022,Conveyancing
C20893762,C10055,Litigation
C20893762,C10056,Manors
C20893763,C10055,Litigation
C20893764,C10055,Litigation
C20893765,C10039,Food and drink
C20893765,C10055,Litigation
C20893766,C10055,Litigation
C20893767,C10055,Litigation
C20893768,C10055,Litigation
C20893769,C10055,Litigation
C20893770,C10055,Litigation
C20893771,C10055,Litigation
C20893771,C10007,Banking
C20893771,C10022,Conveyancing
C20893772,C10055,Litigation
C20893772,C10056,Manors
C20893773,C10055,Litigation
C20893773,C10025,Debt
C20893774,C10055,Litigation
C20893775,C10055,Litigation
C20893775,C10056,Manors
C20893776,C10055,Litigation
C20893776,C10012,Children
C20893777,C10055,Litigation
C20893778,C10055,Litigation
C20893778,C10056,Manors
C20893779,C10055,Litigation
C20893780,C10055,Litigation
C20893780,C10057,Manufacturing
C20893781,C10055,Litigation
C20893782,C10093,Religions
C20893782,C10055,Litigation
C20893782,C10116,Wills and probate
C20893783,C10055,Litigation
C20893784,C10059,Marriage and divorce
C20893784,C10055,Litigation
C20893785,C10055,Litigation
C20893786,C10055,Litigation
C20893787,C10055,Litigation
C20893787,C10025,Debt
C20893787,C10056,Manors
C20893788,C10055,Litigation
C20893789,C10039,Food and drink
C20893789,C10055,Litigation
C20893789,C10025,Debt
C20893790,C10055,Litigation
C20893790,C10025,Debt
C20893791,C10055,Litigation
C20893792,C10055,Litigation
C20893793,C10055,Litigation
C20893794,C10055,Litigation
C20893795,C10055,Litigation
C20893796,C10055,Litigation
C20893796,C10056,Manors
C20893797,C10055,Litigation
C20893797,C10056,Manors
C20893798,C10055,Litigation
C20893798,C10056,Manors
C20893799,C10055,Litigation
C20893800,C10055,Litigation
C20893800,C10056,Manors
C20893801,C10055,Litigation
C20893802,C10055,Litigation
C20893803,C10055,Litigation
C20893804,C10055,Litigation
C20893804,C10116,Wills and probate
C20893805,C10055,Litigation
C20893805,C10052,Labour
C20893805,C10116,Wills and probate
C20893806,C10055,Litigation
C20893806,C10056,Manors
C20893807,C10055,Litigation
C20893807,C10132,Ireland
C20893808,C10055,Litigation
C20893809,C10055,Litigation
C20893809,C10056,Manors
C20893810,C10055,Litigation
C20893811,C10055,Litigation
C20893811,C10056,Manors
C20893812,C10055,Litigation
C20893812,C10056,Manors
C20893813,C10055,Litigation
C20893814,C10055,Litigation
C20893815,C10131,Europe and Russia
C20893815,C10039,Food and drink
C20893815,C10055,Litigation
C20893816,C10055,Litigation
C20893817,C10055,Litigation
C20893818,C10055,Litigation
C20893819,C10055,Litigation
C20893819,C10056,Manors
C20893820,C10055,Litigation
C20893820,C10056,Manors
C20893821,C10055,Litigation
C20893822,C10055,Litigation
C20893823,C10055,Litigation
C20893824,C10055,Litigation
C20893824,C10025,Debt
C20893825,C10055,Litigation
C20893825,C10056,Manors
C20893826,C10055,Litigation
C20893827,C10055,Litigation
C20893827,C10056,Manors
C20893828,C10055,Litigation
C20893828,C10056,Manors
C20893829,C10055,Litigation
C20893829,C10056,Manors
C20893830,C10055,Litigation
C20893831,C10055,Litigation
C20893832,C10055,Litigation
C20893832,C10025,Debt
C20893833,C10055,Litigation
C20893833,C10056,Manors
C20893834,C10055,Litigation
C20893835,C10055,Litigation
C20893835,C10108,Trade and commerce
C20893836,C10055,Litigation
C20893836,C10025,Debt
C20893837,C10055,Litigation
C20893838,C10055,Litigation
C20893839,C10055,Litigation
C20893839,C10108,Trade and commerce
C20893839,C10025,Debt
C20893840,C10055,Litigation
C20893840,C10056,Manors
C20893840,C10077,Pay and pensions
C20893841,C10055,Litigation
C20893842,C10055,Litigation
C20893843,C10055,Litigation
C20893844,C10055,Litigation
C20893844,C10056,Manors
C20893845,C10055,Litigation
C20893846,C10055,Litigation
C20893847,C10055,Litigation
C20893847,C10025,Debt
C20893848,C10055,Litigation
C20893848,C10056,Manors
C20893849,C10055,Litigation
C20893850,C10055,Litigation
C20893851,C10055,Litigation
C20893852,C10055,Litigation
C20893852,C10025,Debt
C20893853,C10055,Litigation
C20893853,C10056,Manors
C20893854,C10055,Litigation
C20893855,C10055,Litigation
C20893856,C10055,Litigation
C20893856,C10056,Manors
C20893857,C10055,Litigation
C20893858,C10055,Litigation
C20893859,C10055,Litigation
C20893860,C10055,Litigation
C20893861,C10055,Litigation
C20893861,C10108,Trade and commerce
C20893861,C10036,Farming
C20893862,C10055,Litigation
C20893863,C10055,Litigation
C20893863,C10056,Manors
C20893864,C10055,Litigation
C20893864,C10056,Manors
C20893865,C10055,Litigation
C20893866,C10055,Litigation
C20893867,C10059,Marriage and divorce
C20893867,C10055,Litigation
C20893868,C10055,Litigation
C20893869,C10055,Litigation
C20893869,C10056,Manors
C20893870,C10055,Litigation
C20893871,C10055,Litigation
C20893871,C10025,Debt
C20893872,C10055,Litigation
C20893873,C10055,Litigation
C20893873,C10116,Wills and probate
C20893874,C10055,Litigation
C20893875,C10055,Litigation
C20893876,C10055,Litigation
C20893876,C10056,Manors
C20893877,C10055,Litigation
C20893877,C10056,Manors
C20893877,C10036,Farming
C20893878,C10055,Litigation
C20893879,C10055,Litigation
C20893879,C10025,Debt
C20893880,C10055,Litigation
C20893881,C10055,Litigation
C20893881,C10132,Ireland
C20893882,C10055,Litigation
C20893882,C10056,Manors
C20893883,C10055,Litigation
C20893884,C10055,Litigation
C20893884,C10025,Debt
C20893885,C10055,Litigation
C20893886,C10055,Litigation
C20893886,C10056,Manors
C20893887,C10055,Litigation
C20893887,C10056,Manors
C20893888,C10055,Litigation
C20893889,C10055,Litigation
C20893889,C10056,Manors
C20893890,C10055,Litigation
C20893890,C10108,Trade and commerce
C20893890,C10025,Debt
C20893890,C10116,Wills and probate
C20893891,C10055,Litigation
C20893891,C10108,Trade and commerce
C20893892,C10055,Litigation
C20893892,C10056,Manors
C20893893,C10055,Litigation
C20893893,C10056,Manors
C20893894,C10055,Litigation
C20893894,C10056,Manors
C20893895,C10055,Litigation
C20893896,C10055,Litigation
C20893897,C10055,Litigation
C20893898,C10055,Litigation
C20893898,C10077,Pay and pensions
C20893899,C10055,Litigation
C20893899,C10040,Forestry
C20893900,C10055,Litigation
C21005473,C10055,Litigation
C21005473,C10108,Trade and commerce
C21005474,C10055,Litigation
C21005474,C10025,Debt
C21005475,C10055,Litigation
C21005475,C10107,Tithes
C21005475,C10056,Manors
C21005476,C10055,Litigation
C21005476,C10108,Trade and commerce
C21005477,C10055,Litigation
C21005478,C10055,Litigation
C21005479,C10055,Litigation
C21005480,C10055,Litigation
C21005481,C10055,Litigation
C21005482,C10055,Litigation
C21005482,C10012,Children
C21005483,C10055,Litigation
C21005483,C10056,Manors
C21005484,C10055,Litigation
C21005485,C10055,Litigation
C21005485,C10025,Debt
C21005486,C10055,Litigation
C21005486,C10116,Wills and probate
C21005487,C10055,Litigation
C21005487,C10114,Weapons
C21005488,C10055,Litigation
C21005489,C10055,Litigation
C21005490,C10055,Litigation
C21005491,C10055,Litigation
C21005491,C10056,Manors
C21005492,C10055,Litigation
C21005493,C10055,Litigation
C21005494,C10055,Litigation
C21005495,C10055,Litigation
C21005496,C10055,Litigation
C21005497,C10055,Litigation
C21005498,C10055,Litigation
C21005498,C10056,Manors
C21005499,C10055,Litigation
C21005499,C10056,Manors
C21005500,C10055,Litigation
C21005500,C10056,Manors
C21005501,C10055,Litigation
C21005501,C10056,Manors
C21005502,C10055,Litigation
C21005502,C10107,Tithes
C21005502,C10056,Manors
C21005502,C10013,Clothing
C21005503,C10055,Litigation
C21005504,C10055,Litigation
C21005505,C10055,Litigation
C21005505,C10108,Trade and commerce
C21005506,C10055,Litigation
C21005506,C10056,Manors
C21005507,C10055,Litigation
C21005507,C10056,Manors
C21005508,C10055,Litigation
C21005509,C10055,Litigation
C21005510,C10055,Litigation
C21005511,C10055,Litigation
C21005511,C10025,Debt
C21005512,C10055,Litigation
C21005512,C10025,Debt
C21005513,C10055,Litigation
C21005514,C10055,Litigation
C21005515,C10055,Litigation
C21005516,C10055,Litigation
C21005516,C10056,Manors
C21005516,C10007,Banking
C21005516,C10022,Conveyancing
C21005517,C10055,Litigation
C21005517,C10025,Debt
C21005517,C10056,Manors
C21005518,C10055,Litigation
C21005518,C10056,Manors
C21005519,C10131,Europe and Russia
C21005519,C10055,Litigation
C21005520,C10055,Litigation
C21005521,C10055,Litigation
C21005521,C10056,Manors
C21005521,C10052,Labour
C21005522,C10055,Litigation
C21005522,C10056,Manors
C21005522,C10094,Religious discrimination and persecution
C21005523,C10055,Litigation
C21005524,C10055,Litigation
C21005524,C10056,Manors
C21005525,C10055,Litigation
C21005526,C10055,Litigation
C21005526,C10056,Manors
C21005527,C10055,Litigation
C21005527,C10056,Manors
C21005528,C10055,Litigation
C21005528,C10056,Manors
C21005528,C10022,Conveyancing
C21005529,C10055,Litigation
C21005530,C10055,Litigation
C21005531,C10055,Litigation
C21005532,C10055,Litigation
C21005532,C10025,Debt
C21005533,C10055,Litigation
C21005533,C10056,Manors
C21005534,C10055,Litigation
C21005534,C10052,Labour
C21005535,C10055,Litigation
C21005536,C10055,Litigation
C21005536,C10056,Manors
C21005537,C10055,Litigation
C21005538,C10055,Litigation
C21005538,C10040,Forestry
C21005538,C10056,Manors
C21005539,C10055,Litigation
C21005539,C10056,Manors
C21005540,C10039,Food and drink
C21005540,C10055,Litigation
C21005540,C10025,Debt
C21005541,C10055,Litigation
C21005541,C10056,Manors
C21005542,C10055,Litigation
C21005543,C10055,Litigation
C21005544,C10055,Litigation
C21005545,C10055,Litigation
C21005546,C10055,Litigation
C21005547,C10055,Litigation
C21005547,C10040,Forestry
C21005548,C10055,Litigation
C21005548,C10108,Trade and commerce
C21005548,C10025,Debt
C21005549,C10055,Litigation
C21005549,C10108,Trade and commerce
C21005549,C10056,Manors
C21005550,C10055,Litigation
C21005551,C10055,Litigation
C21005552,C10131,Europe and Russia
C21005552,C10039,Food and drink
C21005552,C10055,Litigation
C21005552,C10108,Trade and commerce
C21005552,C10025,Debt
C21005553,C10055,Litigation
C21005553,C10007,Banking
C21005553,C10022,Conveyancing
C21005554,C10055,Litigation
C21005554,C10108,Trade and commerce
C21005555,C10005,"Art, architecture and design"
C21005555,C10055,Litigation
C21005555,C10056,Manors
C21005556,C10055,Litigation
C21005557,C10055,Litigation
C21005558,C10055,Litigation
C21005559,C10055,Litigation
C21005560,C10055,Litigation
C21005561,C10055,Litigation
C21005561,C10056,Manors
C21005562,C10055,Litigation
C21005563,C10055,Litigation
C21005564,C10055,Litigation
C21005565,C10055,Litigation
C21005565,C10108,Trade and commerce
C21005566,C10055,Litigation
C21005566,C10007,Banking
C21005566,C10022,Conveyancing
C21005566,C10036,Farming
C21005567,C10055,Litigation
C21005567,C10056,Manors
C21005568,C10055,Litigation
C21005568,C10056,Manors
C21005569,C10055,Litigation
C21005570,C10055,Litigation
C21005571,C10093,Religions
C21005571,C10055,Litigation
C21005572,C10131,Europe and Russia
C21005572,C10055,Litigation
C21005572,C10108,Trade and commerce
C21005573,C10055,Litigation
C21005573,C10108,Trade and commerce
C21005574,C10055,Litigation
C21005574,C10062,Mental illness
C21005575,C10023,Crime
C21005575,C10055,Litigation
C21005575,C10007,Banking
C21005575,C10022,Conveyancing
C21005576,C10055,Litigation
C21005576,C10033,Education
C21005577,C10055,Litigation
C21005578,C10055,Litigation
C21005578,C10025,Debt
C21005579,C10055,Litigation
C21005580,C10055,Litigation
C21005581,C10055,Litigation
C21005582,C10055,Litigation
C21005583,C10055,Litigation
C21005584,C10055,Litigation
C21005585,C10055,Litigation
C21005586,C10055,Litigation
C21005586,C10056,Manors
C21005587,C10055,Litigation
C21005587,C10116,Wills and probate
C21005588,C10055,Litigation
C21005589,C10055,Litigation
C21005590,C10055,Litigation
C21005590,C10025,Debt
C21005591,C10055,Litigation
C21005591,C10108,Trade and commerce
C21005591,C10012,Children
C21005592,C10055,Litigation
C21005593,C10055,Litigation
C21005594,C10055,Litigation
C21005595,C10055,Litigation
C21005596,C10055,Litigation
C21005596,C10036,Farming
C21005597,C10055,Litigation
C21005598,C10055,Litigation
C21005598,C10022,Conveyancing
C21005599,C10055,Litigation
C21005599,C10056,Manors
C21005600,C10055,Litigation
C21005601,C10055,Litigation
C21005601,C10108,Trade and commerce
C21005601,C10025,Debt
C21005601,C10012,Children
C21005602,C10055,Litigation
C21005603,C10055,Litigation
C21005604,C10055,Litigation
C21005605,C10055,Litigation
C21005606,C10059,Marriage and divorce
C21005606,C10055,Litigation
C21005606,C10056,Manors
C21005606,C10036,Farming
C21005607,C10131,Europe and Russia
C21005607,C10039,Food and drink
C21005607,C10055,Litigation
C21005607,C10108,Trade and commerce
C21005607,C10132,Ireland
C21005608,C10055,Litigation
C21005609,C10055,Litigation
C21005610,C10055,Litigation
C21005610,C10108,Trade and commerce
C21005611,C10055,Litigation
C21005612,C10055,Litigation
C21005612,C10056,Manors
C21005613,C10055,Litigation
C21005614,C10055,Litigation
C21005614,C10025,Debt
C21005615,C10055,Litigation
C21005616,C10055,Litigation
C21005617,C10055,Litigation
C21005617,C10025,Debt
C21005618,C10055,Litigation
C21005619,C10055,Litigation
C21005620,C10055,Litigation
C21005620,C10056,Manors
C21005621,C10055,Litigation
C21005621,C10025,Debt
C21005622,C10055,Litigation
C21005623,C10055,Litigation
C21005624,C10055,Litigation
C21005625,C10055,Litigation
C21005626,C10055,Litigation
C21005626,C10056,Manors
C21005627,C10055,Litigation
C21005627,C10108,Trade and commerce
C21005627,C10025,Debt
C21005628,C10055,Litigation
C21005628,C10056,Manors
C21005629,C10055,Litigation
C21005630,C10055,Litigation
C21005631,C10055,Litigation
C21005632,C10055,Litigation
C21005632,C10108,Trade and commerce
C21005632,C10007,Banking
C21005632,C10022,Conveyancing
C21005633,C10055,Litigation
C21005634,C10059,Marriage and divorce
C21005634,C10055,Litigation
C21005634,C10108,Trade and commerce
C21005635,C10055,Litigation
C21005635,C10108,Trade and commerce
C21005635,C10056,Manors
C21005636,C10055,Litigation
C21005637,C10055,Litigation
C21005637,C10056,Manors
C21005638,C10055,Litigation
C21005638,C10056,Manors
C21005639,C10055,Litigation
C21005639,C10056,Manors
C21005640,C10055,Litigation
C21005640,C10040,Forestry
C21005641,C10055,Litigation
C21005641,C10025,Debt
C21005642,C10055,Litigation
C21005642,C10056,Manors
C21005643,C10055,Litigation
C21005644,C10055,Litigation
C21005645,C10055,Litigation
C21005645,C10025,Debt
C21005646,C10055,Litigation
C21005647,C10055,Litigation
C21005647,C10056,Manors
C21005648,C10055,Litigation
C21005649,C10055,Litigation
C21005649,C10025,Debt
C21005650,C10055,Litigation
C21005650,C10108,Trade and commerce
C21005651,C10055,Litigation
C21005651,C10025,Debt
C21005652,C10055,Litigation
C21005653,C10055,Litigation
C21005653,C10108,Trade and commerce
C21005653,C10056,Manors
C21005654,C10055,Litigation
C21005654,C10036,Farming
C21005655,C10055,Litigation
C21005655,C10036,Farming
C21005656,C10055,Litigation
C21005657,C10055,Litigation
C21005657,C10108,Trade and commerce
C21005658,C10059,Marriage and divorce
C21005658,C10055,Litigation
C21005658,C10056,Manors
C21005659,C10059,Marriage and divorce
C21005659,C10055,Litigation
C21005660,C10055,Litigation
C21005660,C10025,Debt
C21005660,C10012,Children
C21005661,C10055,Litigation
C21005661,C10025,Debt
C21005661,C10012,Children
C21005662,C10055,Litigation
C21005663,C10055,Litigation
C21005663,C10025,Debt
C21005664,C10055,Litigation
C21005664,C10025,Debt
C21005665,C10131,Europe and Russia
C21005665,C10055,Litigation
C21005665,C10108,Trade and commerce
C21005666,C10055,Litigation
C21005667,C10055,Litigation
C21005668,C10055,Litigation
C21005668,C10025,Debt
C21005668,C10116,Wills and probate
C21005669,C10055,Litigation
C21005669,C10108,Trade and commerce
C21005669,C10025,Debt
C21005670,C10055,Litigation
C21005670,C10056,Manors
C21005671,C10055,Litigation
C21005671,C10025,Debt
C21005672,C10055,Litigation
C21005673,C10055,Litigation
C21005673,C10094,Religious discrimination and persecution
C21005674,C10055,Litigation
C21005674,C10065,Armed Forces (General Administration)
C21005674,C10072,Navy
C21005675,C10055,Litigation
C21005675,C10056,Manors
C21005676,C10055,Litigation
C21005677,C10055,Litigation
C21005677,C10056,Manors
C21005678,C10055,Litigation
C21005679,C10055,Litigation
C21005679,C10108,Trade and commerce
C21005679,C10025,Debt
C21005680,C10055,Litigation
C21005681,C10055,Litigation
C21005681,C10025,Debt
C21005682,C10055,Litigation
C21005682,C10025,Debt
C21005683,C10055,Litigation
C21005683,C10056,Manors
C21005684,C10055,Litigation
C21005685,C10038,Fishing
C21005685,C10055,Litigation
C21005686,C10055,Litigation
C21005686,C10108,Trade and commerce
C21005687,C10055,Litigation
C21005687,C10108,Trade and commerce
C21005687,C10025,Debt
C21005688,C10055,Litigation
C21005688,C10108,Trade and commerce
C21005689,C10055,Litigation
C21005689,C10025,Debt
C21005690,C10055,Litigation
C21005691,C10055,Litigation
C21005692,C10055,Litigation
C21005693,C10131,Europe and Russia
C21005693,C10039,Food and drink
C21005693,C10055,Litigation
C21005693,C10108,Trade and commerce
C21005693,C10128,Middle East
C21005694,C10055,Litigation
C21005695,C10055,Litigation
C21005696,C10055,Litigation
C21005696,C10056,Manors
C21005697,C10055,Litigation
C21005697,C10056,Manors
C21005698,C10055,Litigation
C21005699,C10055,Litigation
C21005700,C10055,Litigation
C21005700,C10056,Manors
C21005701,C10055,Litigation
C21005701,C10056,Manors
C21005702,C10055,Litigation
C21005703,C10055,Litigation
C21005703,C10116,Wills and probate
C21005704,C10055,Litigation
C21005705,C10055,Litigation
C21005706,C10055,Litigation
C21005707,C10055,Litigation
C21005708,C10055,Litigation
C21005708,C10056,Manors
C21005708,C10116,Wills and probate
C21009664,C10055,Litigation
C21009664,C10056,Manors
C21009664,C10012,Children
C21009665,C10055,Litigation
C21009666,C10055,Litigation
C21009666,C10052,Labour
C21009667,C10055,Litigation
C21009667,C10116,Wills and probate
C21009668,C10093,Religions
C21009668,C10055,Litigation
C21009669,C10055,Litigation
C21009669,C10025,Debt
C21009669,C10036,Farming
C21009670,C10055,Litigation
C21009671,C10055,Litigation
C21009671,C10025,Debt
C21009672,C10055,Litigation
C21009672,C10056,Manors
C21009673,C10059,Marriage and divorce
C21009673,C10055,Litigation
C21009674,C10055,Litigation
C21009674,C10116,Wills and probate
C21009675,C10055,Litigation
C21009675,C10025,Debt
C21009676,C10055,Litigation
C21009677,C10055,Litigation
C21009678,C10055,Litigation
C21009678,C10056,Manors
C21009679,C10055,Litigation
C21009680,C10055,Litigation
C21009680,C10025,Debt
C21009681,C10055,Litigation
C21009682,C10055,Litigation
C21009682,C10025,Debt
C21009683,C10055,Litigation
C21009683,C10036,Farming
C21009684,C10055,Litigation
C21009685,C10055,Litigation
C21009685,C10025,Debt
C21009686,C10055,Litigation
C21009687,C10059,Marriage and divorce
C21009687,C10055,Litigation
C21009687,C10056,Manors
C21009688,C10055,Litigation
C21009688,C10025,Debt
C21009689,C10055,Litigation
C21009689,C10116,Wills and probate
C21009690,C10055,Litigation
C21009691,C10055,Litigation
C21009692,C10055,Litigation
C21009693,C10055,Litigation
C21009694,C10059,Marriage and divorce
C21009694,C10055,Litigation
C21009695,C10055,Litigation
C21009695,C10025,Debt
C21009696,C10055,Litigation
C21009697,C10023,Crime
C21009697,C10055,Litigation
C21009697,C10065,Armed Forces (General Administration)
C21009697,C10072,Navy
C21009697,C10108,Trade and commerce
C21009698,C10055,Litigation
C21009698,C10056,Manors
C21009698,C10015,Common land
C21009699,C10055,Litigation
C21009700,C10055,Litigation
C21009700,C10025,Debt
C21009701,C10055,Litigation
C21009701,C10025,Debt
C21009702,C10055,Litigation
C21009703,C10055,Litigation
C21009704,C10055,Litigation
C21009704,C10056,Manors
C21009705,C10055,Litigation
C21009705,C10025,Debt
C21009706,C10055,Litigation
C21009706,C10108,Trade and commerce
C21009706,C10036,Farming
C21009707,C10055,Litigation
C21009708,C10055,Litigation
C21009709,C10055,Litigation
C21009710,C10055,Litigation
C21009711,C10055,Litigation
C21009711,C10025,Debt
C21009711,C10036,Farming
C21009712,C10055,Litigation
C21009712,C10056,Manors
C21009713,C10055,Litigation
C21009713,C10041,Freemasons
C21009714,C10055,Litigation
C21009715,C10055,Litigation
C21009715,C10056,Manors
C21009716,C10055,Litigation
C21009717,C10055,Litigation
C21009717,C10012,Children
C21009717,C10116,Wills and probate
C21009718,C10055,Litigation
C21009718,C10108,Trade and commerce
C21009718,C10052,Labour
C21009719,C10055,Litigation
C21009719,C10025,Debt
C21009719,C10056,Manors
C21009720,C10055,Litigation
C21009721,C10055,Litigation
C21009721,C10056,Manors
C21009722,C10059,Marriage and divorce
C21009722,C10055,Litigation
C21009723,C10055,Litigation
C21009724,C10055,Litigation
C21009725,C10055,Litigation
C21009726,C10055,Litigation
C21009727,C10055,Litigation
C21009728,C10055,Litigation
C21009729,C10055,Litigation
C21009730,C10055,Litigation
C21009730,C10025,Debt
C21009731,C10055,Litigation
C21009732,C10055,Litigation
C21009733,C10055,Litigation
C21009734,C10055,Litigation
C21009734,C10056,Manors
C21009735,C10055,Litigation
C21009735,C10056,Manors
C21009736,C10059,Marriage and divorce
C21009736,C10055,Litigation
C21009737,C10055,Litigation
C21009738,C10055,Litigation
C21009739,C10055,Litigation
C21009740,C10055,Litigation
C21009741,C10055,Litigation
C21009742,C10055,Litigation
C21009742,C10056,Manors
C21009743,C10055,Litigation
C21009743,C10056,Manors
C21009744,C10055,Litigation
C21009744,C10056,Manors
C21009745,C10055,Litigation
C21009746,C10055,Litigation
C21009747,C10055,Litigation
C21009748,C10055,Litigation
C21009748,C10025,Debt
C21009749,C10055,Litigation
C21009750,C10055,Litigation
C21009750,C10108,Trade and commerce
C21009751,C10055,Litigation
C21009751,C10025,Debt
C21009752,C10055,Litigation
C21009752,C10056,Manors
C21009753,C10055,Litigation
C21009753,C10025,Debt
C21009754,C10055,Litigation
C21009755,C10055,Litigation
C21009755,C10040,Forestry
C21009756,C10055,Litigation
C21009757,C10055,Litigation
C21009758,C10055,Litigation
C21009759,C10055,Litigation
C21009759,C10108,Trade and commerce
C21009759,C10025,Debt
C21009759,C10071,Nationality
C21009760,C10055,Litigation
C21009761,C10055,Litigation
C21009762,C10055,Litigation
C21009763,C10055,Litigation
C21009764,C10055,Litigation
C21009764,C10056,Manors
C21009765,C10055,Litigation
C21009765,C10056,Manors
C21009766,C10055,Litigation
C21009766,C10056,Manors
C21009767,C10055,Litigation
C21009768,C10055,Litigation
C21009769,C10055,Litigation
C21009769,C10036,Farming
C21009770,C10055,Litigation
C21009770,C10108,Trade and commerce
C21009770,C10107,Tithes
C21009770,C10056,Manors
C21009770,C10012,Children
C21009771,C10055,Litigation
C21009772,C10055,Litigation
C21009773,C10055,Litigation
C21009773,C10012,Children
C21009774,C10055,Litigation
C21009775,C10055,Litigation
C21009775,C10116,Wills and probate
C21009776,C10055,Litigation
C21009777,C10055,Litigation
C21009777,C10108,Trade and commerce
C21009778,C10055,Litigation
C21009778,C10108,Trade and commerce
C21009778,C10025,Debt
C21009778,C10116,Wills and probate
C21009779,C10055,Litigation
C21009780,C10055,Litigation
C21009781,C10087,Race relations
C21009781,C10039,Food and drink
C21009781,C10055,Litigation
C21009782,C10055,Litigation
C21009782,C10056,Manors
C21009783,C10093,Religions
C21009783,C10055,Litigation
C21009784,C10131,Europe and Russia
C21009784,C10055,Litigation
C21009784,C10108,Trade and commerce
C21009784,C10116,Wills and probate
C21009785,C10055,Litigation
C21009786,C10039,Food and drink
C21009786,C10055,Litigation
C21009787,C10055,Litigation
C21009788,C10055,Litigation
C21009788,C10012,Children
C21009789,C10059,Marriage and divorce
C21009789,C10055,Litigation
C21009790,C10055,Litigation
C21009791,C10055,Litigation
C21009792,C10055,Litigation
C21009793,C10055,Litigation
C21009794,C10055,Litigation
C21009795,C10055,Litigation
C21009795,C10108,Trade and commerce
C21009796,C10055,Litigation
C21009796,C10071,Nationality
C21009797,C10055,Litigation
C21009797,C10036,Farming
C21009798,C10055,Litigation
C21009799,C10055,Litigation
C21009799,C10056,Manors
C21009800,C10130,Caribbean
C21009800,C10055,Litigation
C21009801,C10055,Litigation
C21009801,C10056,Manors
C21009802,C10055,Litigation
C21009803,C10055,Litigation
C21009803,C10108,Trade and commerce
C21009804,C10055,Litigation
C21009805,C10055,Litigation
C21009806,C10055,Litigation
C21009806,C10056,Manors
C21009807,C10055,Litigation
C21009808,C10131,Europe and Russia
C21009808,C10055,Litigation
C21009808,C10085,Prisons
C21009809,C10055,Litigation
C21009810,C10055,Litigation
C21009811,C10055,Litigation
C21009811,C10116,Wills and probate
C21009812,C10055,Litigation
C21009813,C10055,Litigation
C21009813,C10056,Manors
C21009814,C10055,Litigation
C21009815,C10055,Litigation
C21009815,C10108,Trade and commerce
C21009815,C10071,Nationality
C21009815,C10116,Wills and probate
C21009816,C10055,Litigation
C21009817,C10055,Litigation
C21009818,C10055,Litigation
C21009818,C10116,Wills and probate
C21009819,C10055,Litigation
C21009820,C10055,Litigation
C21009821,C10055,Litigation
C21009822,C10055,Litigation
C21009822,C10056,Manors
C21009823,C10055,Litigation
C21009823,C10056,Manors
C21009824,C10055,Litigation
C21009824,C10056,Manors
C21009825,C10055,Litigation
C21009825,C10056,Manors
C21009826,C10055,Litigation
C21009827,C10055,Litigation
C21009827,C10056,Manors
C21009828,C10055,Litigation
C21009828,C10108,Trade and commerce
C21009829,C10055,Litigation
C21009829,C10108,Trade and commerce
C21009830,C10055,Litigation
C21009830,C10108,Trade and commerce
C21009831,C10055,Litigation
C21009832,C10055,Litigation
C21009833,C10055,Litigation
C21009834,C10055,Litigation
C21009835,C10055,Litigation
C21009835,C10007,Banking
C21009835,C10022,Conveyancing
C21009836,C10055,Litigation
C21009836,C10056,Manors
C21009836,C10036,Farming
C21009837,C10055,Litigation
C21009837,C10007,Banking
C21009837,C10022,Conveyancing
C21009838,C10055,Litigation
C21009839,C10055,Litigation
C21009840,C10055,Litigation
C21009840,C10056,Manors
C21009841,C10055,Litigation
C21009842,C10055,Litigation
C21009842,C10007,Banking
C21009842,C10022,Conveyancing
C21009843,C10055,Litigation
C21009844,C10055,Litigation
C21009844,C10056,Manors
C21009845,C10055,Litigation
C21009846,C10055,Litigation
C21009947,C10055,Litigation
C21009847,C10055,Litigation
C21009848,C10055,Litigation
C21009849,C10055,Litigation
C21009850,C10055,Litigation
C21009850,C10108,Trade and commerce
C21009851,C10055,Litigation
C21009852,C10055,Litigation
C21009853,C10055,Litigation
C21009853,C10056,Manors
C21009854,C10055,Litigation
C21009855,C10055,Litigation
C21009856,C10055,Litigation
C21009857,C10055,Litigation
C21009858,C10055,Litigation
C21009858,C10114,Weapons
C21009859,C10055,Litigation
C21009860,C10055,Litigation
C21009861,C10055,Litigation
C21009862,C10055,Litigation
C21009862,C10036,Farming
C21009863,C10055,Litigation
C21009863,C10108,Trade and commerce
C21009863,C10056,Manors
C21009864,C10055,Litigation
C21009865,C10055,Litigation
C21009866,C10055,Litigation
C21009867,C10055,Litigation
C21009868,C10055,Litigation
C21009869,C10055,Litigation
C21009870,C10055,Litigation
C21009871,C10055,Litigation
C21009871,C10062,Mental illness
C21009872,C10055,Litigation
C21009873,C10055,Litigation
C21009874,C10055,Litigation
C21009875,C10055,Litigation
C21009876,C10055,Litigation
C21009877,C10055,Litigation
C21009878,C10055,Litigation
C21009878,C10056,Manors
C21009879,C10055,Litigation
C21009880,C10055,Litigation
C21009881,C10055,Litigation
C21009882,C10055,Litigation
C21009883,C10055,Litigation
C21009884,C10055,Litigation
C21009885,C10055,Litigation
C21009885,C10056,Manors
C21009886,C10055,Litigation
C21009887,C10055,Litigation
C21009887,C10116,Wills and probate
C21009888,C10055,Litigation
C21009889,C10055,Litigation
C21009889,C10025,Debt
C21009890,C10055,Litigation
C21009890,C10056,Manors
C21009891,C10055,Litigation
C21009891,C10056,Manors
C21009892,C10055,Litigation
C21009893,C10055,Litigation
C21009893,C10056,Manors
C21009894,C10055,Litigation
C21009895,C10055,Litigation
C21009896,C10055,Litigation
C21009897,C10055,Litigation
C21009897,C10056,Manors
C21009898,C10055,Litigation
C21009899,C10055,Litigation
C21009900,C10055,Litigation
C21009901,C10055,Litigation
C21009902,C10055,Litigation
C21009903,C10055,Litigation
C21009904,C10055,Litigation
C21009904,C10056,Manors
C21009905,C10055,Litigation
C21009906,C10055,Litigation
C21009907,C10055,Litigation
C21009908,C10055,Litigation
C21009909,C10055,Litigation
C21009909,C10036,Farming
C21009910,C10055,Litigation
C21009911,C10055,Litigation
C21009912,C10055,Litigation
C21009912,C10025,Debt
C21009913,C10055,Litigation
C21009914,C10055,Litigation
C21009914,C10056,Manors
C21009915,C10055,Litigation
C21009915,C10056,Manors
C21009916,C10055,Litigation
C21009917,C10055,Litigation
C21009918,C10055,Litigation
C21009918,C10036,Farming
C21009919,C10055,Litigation
C21009919,C10056,Manors
C21009920,C10055,Litigation
C21009920,C10056,Manors
C21009921,C10055,Litigation
C21009921,C10056,Manors
C21009922,C10055,Litigation
C21009923,C10055,Litigation
C21009924,C10055,Litigation
C21009924,C10056,Manors
C21009925,C10055,Litigation
C21009926,C10055,Litigation
C21009927,C10055,Litigation
C21009928,C10055,Litigation
C21009928,C10056,Manors
C21009929,C10055,Litigation
C21009929,C10025,Debt
C21009930,C10055,Litigation
C21009931,C10055,Litigation
C21009932,C10055,Litigation
C21009933,C10055,Litigation
C21009933,C10107,Tithes
C21009933,C10056,Manors
C21009934,C10055,Litigation
C21009935,C10055,Litigation
C21009935,C10056,Manors
C21009936,C10055,Litigation
C21009936,C10056,Manors
C21009936,C10012,Children
C21009937,C10055,Litigation
C21009938,C10055,Litigation
C21009938,C10056,Manors
C21009939,C10055,Litigation
C21009939,C10056,Manors
C21009940,C10055,Litigation
C21009941,C10055,Litigation
C21009942,C10055,Litigation
C21009943,C10055,Litigation
C21009944,C10055,Litigation
C21009944,C10025,Debt
C21009945,C10055,Litigation
C21009946,C10055,Litigation
C21078661,C10055,Litigation
C21078662,C10055,Litigation
C21078662,C10108,Trade and commerce
C21078663,C10059,Marriage and divorce
C21078663,C10055,Litigation
C21078663,C10056,Manors
C21078664,C10055,Litigation
C21078665,C10055,Litigation
C21078666,C10055,Litigation
C21078666,C10025,Debt
C21078666,C10036,Farming
C21078667,C10055,Litigation
C21078667,C10025,Debt
C21078668,C10055,Litigation
C21078669,C10055,Litigation
C21078669,C10056,Manors
C21078670,C10055,Litigation
C21078670,C10056,Manors
C21078671,C10055,Litigation
C21078671,C10056,Manors
C21078672,C10039,Food and drink
C21078672,C10055,Litigation
C21078672,C10025,Debt
C21078673,C10055,Litigation
C21078674,C10059,Marriage and divorce
C21078674,C10055,Litigation
C21078675,C10055,Litigation
C21078675,C10108,Trade and commerce
C21078676,C10055,Litigation
C21078676,C10116,Wills and probate
C21078677,C10055,Litigation
C21078678,C10059,Marriage and divorce
C21078678,C10055,Litigation
C21078679,C10055,Litigation
C21078679,C10056,Manors
C21078680,C10055,Litigation
C21078681,C10055,Litigation
C21078682,C10055,Litigation
C21078683,C10055,Litigation
C21078683,C10077,Pay and pensions
C21078684,C10059,Marriage and divorce
C21078684,C10055,Litigation
C21078684,C10040,Forestry
C21078685,C10055,Litigation
C21078685,C10056,Manors
C21078685,C10101,Sewerage
C21078686,C10055,Litigation
C21078686,C10056,Manors
C21078687,C10055,Litigation
C21078688,C10055,Litigation
C21078688,C10116,Wills and probate
C21078689,C10055,Litigation
C21078689,C10036,Farming
C21078690,C10055,Litigation
C21078691,C10055,Litigation
C21078691,C10025,Debt
C21078692,C10055,Litigation
C21078692,C10025,Debt
C21078693,C10059,Marriage and divorce
C21078693,C10055,Litigation
C21078694,C10055,Litigation
C21078694,C10056,Manors
C21078695,C10055,Litigation
C21078695,C10056,Manors
C21078696,C10055,Litigation
C21078697,C10055,Litigation
C21078697,C10056,Manors
C21078697,C10066,Mining and quarrying
C21078698,C10055,Litigation
C21078699,C10023,Crime
C21078699,C10055,Litigation
C21078700,C10055,Litigation
C21078700,C10056,Manors
C21078701,C10055,Litigation
C21078701,C10056,Manors
C21078702,C10055,Litigation
C21078702,C10116,Wills and probate
C21078703,C10055,Litigation
C21078703,C10108,Trade and commerce
C21078703,C10040,Forestry
C21078703,C10056,Manors
C21078703,C10007,Banking
C21078703,C10022,Conveyancing
C21078704,C10055,Litigation
C21078705,C10055,Litigation
C21078706,C10055,Litigation
C21078707,C10055,Litigation
C21078708,C10131,Europe and Russia
C21078708,C10055,Litigation
C21078708,C10108,Trade and commerce
C21078708,C10025,Debt
C21078708,C10036,Farming
C21078709,C10055,Litigation
C21078709,C10108,Trade and commerce
C21078709,C10056,Manors
C21078710,C10055,Litigation
C21078711,C10055,Litigation
C21078712,C10055,Litigation
C21078712,C10025,Debt
C21078713,C10055,Litigation
C21078714,C10055,Litigation
C21078715,C10055,Litigation
C21078716,C10055,Litigation
C21078717,C10055,Litigation
C21078718,C10055,Litigation
C21078718,C10056,Manors
C21078719,C10055,Litigation
C21078720,C10055,Litigation
C21078721,C10055,Litigation
C21078721,C10007,Banking
C21078721,C10022,Conveyancing
C21078722,C10055,Litigation
C21078723,C10055,Litigation
C21078723,C10056,Manors
C21078723,C10116,Wills and probate
C21078724,C10055,Litigation
C21078724,C10025,Debt
C21078725,C10055,Litigation
C21078726,C10055,Litigation
C21078727,C10055,Litigation
C21078728,C10055,Litigation
C21078729,C10055,Litigation
C21078729,C10108,Trade and commerce
C21078729,C10025,Debt
C21078730,C10055,Litigation
C21078730,C10077,Pay and pensions
C21078731,C10055,Litigation
C21078732,C10055,Litigation
C21078733,C10055,Litigation
C21078734,C10059,Marriage and divorce
C21078734,C10055,Litigation
C21078734,C10108,Trade and commerce
C21078735,C10055,Litigation
C21078735,C10025,Debt
C21078735,C10116,Wills and probate
C21078736,C10059,Marriage and divorce
C21078736,C10055,Litigation
C21078737,C10055,Litigation
C21078738,C10055,Litigation
C21078739,C10055,Litigation
C21078739,C10025,Debt
C21078740,C10055,Litigation
C21078741,C10055,Litigation
C21078741,C10108,Trade and commerce
C21078741,C10025,Debt
C21078742,C10055,Litigation
C21078743,C10055,Litigation
C21078743,C10025,Debt
C21078744,C10055,Litigation
C21078744,C10056,Manors
C21078745,C10055,Litigation
C21078745,C10108,Trade and commerce
C21078746,C10055,Litigation
C21078747,C10055,Litigation
C21078747,C10025,Debt
C21078747,C10007,Banking
C21078747,C10022,Conveyancing
C21078748,C10055,Litigation
C21078748,C10025,Debt
C21078749,C10059,Marriage and divorce
C21078749,C10055,Litigation
C21078749,C10108,Trade and commerce
C21078749,C10025,Debt
C21078749,C10116,Wills and probate
C21078750,C10055,Litigation
C21078751,C10055,Litigation
C21078752,C10055,Litigation
C21078753,C10055,Litigation
C21078753,C10025,Debt
C21078754,C10055,Litigation
C21078754,C10056,Manors
C21078755,C10055,Litigation
C21078756,C10059,Marriage and divorce
C21078756,C10055,Litigation
C21078757,C10055,Litigation
C21078758,C10059,Marriage and divorce
C21078758,C10055,Litigation
C21078758,C10108,Trade and commerce
C21078758,C10052,Labour
C21078758,C10012,Children
C21078759,C10055,Litigation
C21078760,C10055,Litigation
C21078760,C10056,Manors
C21078761,C10055,Litigation
C21078761,C10025,Debt
C21078761,C10007,Banking
C21078761,C10022,Conveyancing
C21078762,C10055,Litigation
C21078763,C10055,Litigation
C21078763,C10108,Trade and commerce
C21078763,C10025,Debt
C21078764,C10055,Litigation
C21078764,C10052,Labour
C21078765,C10055,Litigation
C21078766,C10055,Litigation
C21078767,C10055,Litigation
C21078768,C10055,Litigation
C21078769,C10059,Marriage and divorce
C21078769,C10055,Litigation
C21078770,C10055,Litigation
C21078771,C10055,Litigation
C21078772,C10055,Litigation
C21078773,C10039,Food and drink
C21078773,C10055,Litigation
C21078773,C10025,Debt
C21078774,C10055,Litigation
C21078774,C10025,Debt
C21078775,C10055,Litigation
C21078775,C10108,Trade and commerce
C21078775,C10116,Wills and probate
C21078776,C10055,Litigation
C21078776,C10077,Pay and pensions
C21078777,C10055,Litigation
C21078777,C10025,Debt
C21078778,C10055,Litigation
C21078778,C10108,Trade and commerce
C21078778,C10056,Manors
C21078779,C10055,Litigation
C21078780,C10055,Litigation
C21078781,C10055,Litigation
C21078782,C10059,Marriage and divorce
C21078782,C10055,Litigation
C21078783,C10055,Litigation
C21078784,C10055,Litigation
C21078785,C10055,Litigation
C21078785,C10084,Poverty
C21078786,C10055,Litigation
C21078786,C10025,Debt
C21078787,C10055,Litigation
C21078787,C10094,Religious discrimination and persecution
C21078788,C10055,Litigation
C21078788,C10108,Trade and commerce
C21078789,C10055,Litigation
C21078790,C10055,Litigation
C21078790,C10108,Trade and commerce
C21078790,C10025,Debt
C21078791,C10055,Litigation
C21078792,C10059,Marriage and divorce
C21078792,C10055,Litigation
C21078792,C10108,Trade and commerce
C21078793,C10055,Litigation
C21078793,C10025,Debt
C21078794,C10055,Litigation
C21078795,C10131,Europe and Russia
C21078795,C10055,Litigation
C21078795,C10108,Trade and commerce
C21078796,C10059,Marriage and divorce
C21078796,C10055,Litigation
C21078797,C10059,Marriage and divorce
C21078797,C10055,Litigation
C21078798,C10055,Litigation
C21078798,C10108,Trade and commerce
C21078798,C10116,Wills and probate
C21078799,C10055,Litigation
C21078799,C10025,Debt
C21078800,C10055,Litigation
C21078800,C10056,Manors
C21078800,C10012,Children
C21078801,C10055,Litigation
C21078802,C10055,Litigation
C21078802,C10012,Children
C21078803,C10055,Litigation
C21078804,C10055,Litigation
C21078804,C10116,Wills and probate
C21078805,C10039,Food and drink
C21078805,C10055,Litigation
C21078806,C10055,Litigation
C21078807,C10131,Europe and Russia
C21078807,C10055,Litigation
C21078807,C10080,Piracy and privateering
C21078808,C10055,Litigation
C21078808,C10056,Manors
C21078809,C10055,Litigation
C21078809,C10077,Pay and pensions
C21078810,C10055,Litigation
C21078810,C10036,Farming
C21078811,C10055,Litigation
C21078812,C10055,Litigation
C21078813,C10055,Litigation
C21078813,C10056,Manors
C21078814,C10055,Litigation
C21078815,C10055,Litigation
C21078815,C10108,Trade and commerce
C21078816,C10055,Litigation
C21078816,C10108,Trade and commerce
C21078817,C10055,Litigation
C21078818,C10055,Litigation
C21078819,C10055,Litigation
C21078820,C10055,Litigation
C21078820,C10022,Conveyancing
C21078821,C10055,Litigation
C21078822,C10055,Litigation
C21078822,C10056,Manors
C21078823,C10055,Litigation
C21078824,C10055,Litigation
C21078824,C10056,Manors
C21078825,C10055,Litigation
C21078826,C10055,Litigation
C21078826,C10116,Wills and probate
C21078827,C10055,Litigation
C21078827,C10056,Manors
C21078828,C10055,Litigation
C21078829,C10055,Litigation
C21078830,C10055,Litigation
C21078830,C10025,Debt
C21078831,C10055,Litigation
C21078832,C10055,Litigation
C21078832,C10040,Forestry
C21078833,C10055,Litigation
C21078834,C10059,Marriage and divorce
C21078834,C10055,Litigation
C21078835,C10055,Litigation
C21078835,C10025,Debt
C21078836,C10055,Litigation
C21078836,C10056,Manors
C21078837,C10055,Litigation
C21078838,C10055,Litigation
C21078838,C10025,Debt
C21078839,C10055,Litigation
C21078840,C10055,Litigation
C21078841,C10055,Litigation
C21078841,C10108,Trade and commerce
C21078842,C10055,Litigation
C21078842,C10007,Banking
C21078842,C10022,Conveyancing
C21078843,C10055,Litigation
C21078843,C10056,Manors
C21078844,C10055,Litigation
C21078845,C10055,Litigation
C21078845,C10056,Manors
C21078846,C10055,Litigation
C21078846,C10056,Manors
C21078847,C10055,Litigation
C21078847,C10025,Debt
C21078848,C10055,Litigation
C21078848,C10056,Manors
C21078849,C10055,Litigation
C21078849,C10056,Manors
C21078850,C10055,Litigation
C21078851,C10055,Litigation
C21078852,C10055,Litigation
C21078852,C10108,Trade and commerce
C21078853,C10055,Litigation
C21078853,C10056,Manors
C21078854,C10055,Litigation
C21078855,C10055,Litigation
C21078856,C10059,Marriage and divorce
C21078856,C10055,Litigation
C21078857,C10055,Litigation
C21078857,C10025,Debt
C21078858,C10055,Litigation
C21078858,C10056,Manors
C21078859,C10055,Litigation
C21078860,C10055,Litigation
C21078860,C10108,Trade and commerce
C21078861,C10055,Litigation
C21078862,C10055,Litigation
C21078862,C10077,Pay and pensions
C21078863,C10055,Litigation
C21078864,C10055,Litigation
C21078864,C10056,Manors
C21078865,C10039,Food and drink
C21078865,C10055,Litigation
C21078866,C10055,Litigation
C21078866,C10056,Manors
C21078867,C10059,Marriage and divorce
C21078867,C10055,Litigation
C21078868,C10055,Litigation
C21078868,C10025,Debt
C21078869,C10055,Litigation
C21078869,C10108,Trade and commerce
C21078870,C10055,Litigation
C21078871,C10055,Litigation
C21078872,C10055,Litigation
C21078873,C10055,Litigation
C21078874,C10055,Litigation
C21078874,C10116,Wills and probate
C21078875,C10055,Litigation
C21078876,C10059,Marriage and divorce
C21078876,C10055,Litigation
C21078877,C10023,Crime
C21078877,C10055,Litigation
C21078877,C10056,Manors
C21078878,C10055,Litigation
C21078878,C10025,Debt
C21078879,C10055,Litigation
C21078880,C10055,Litigation
C21078881,C10055,Litigation
C21078881,C10056,Manors
C21078882,C10055,Litigation
C21078883,C10055,Litigation
C21078884,C10055,Litigation
C21078885,C10059,Marriage and divorce
C21078885,C10055,Litigation
C21078886,C10055,Litigation
C21078886,C10056,Manors
C21078887,C10055,Litigation
C21078888,C10055,Litigation
C21078889,C10059,Marriage and divorce
C21078889,C10055,Litigation
C21078890,C10055,Litigation
C21078890,C10025,Debt
C21078891,C10055,Litigation
C21078892,C10055,Litigation
C21078892,C10052,Labour
C21078893,C10055,Litigation
C21078894,C10055,Litigation
C21078894,C10108,Trade and commerce
C21078895,C10055,Litigation
C21078895,C10056,Manors
C21078896,C10059,Marriage and divorce
C21078896,C10055,Litigation
C21078897,C10055,Litigation
C21078897,C10025,Debt
C21078897,C10116,Wills and probate
C21078898,C10055,Litigation
C21078898,C10056,Manors
C21078899,C10055,Litigation
C21078899,C10108,Trade and commerce
C21078900,C10055,Litigation
C21078900,C10056,Manors
C21078901,C10055,Litigation
C21078902,C10055,Litigation
C21078903,C10055,Litigation
C21078904,C10055,Litigation
C21078904,C10056,Manors
C21078905,C10055,Litigation
C21078905,C10077,Pay and pensions
C21078906,C10055,Litigation
C21078907,C10055,Litigation
C21078907,C10007,Banking
C21078907,C10022,Conveyancing
C21078907,C10116,Wills and probate
C21078908,C10055,Litigation
C21078908,C10056,Manors
C21078909,C10055,Litigation
C21078909,C10025,Debt
C21078910,C10055,Litigation
C21078910,C10108,Trade and commerce
C21078910,C10116,Wills and probate
C21078911,C10055,Litigation
C21078911,C10108,Trade and commerce
C21078911,C10116,Wills and probate
C21078912,C10055,Litigation
C21078912,C10056,Manors
C21078913,C10055,Litigation
C21078914,C10055,Litigation
C21078914,C10025,Debt
C21078915,C10055,Litigation
C21078916,C10055,Litigation
C21078917,C10055,Litigation
C21078917,C10012,Children
C21078918,C10055,Litigation
C21078918,C10052,Labour
C21078919,C10055,Litigation
C21078920,C10055,Litigation
C21078920,C10056,Manors
C21078921,C10055,Litigation
C21078921,C10108,Trade and commerce
C21078922,C10059,Marriage and divorce
C21078922,C10055,Litigation
C21078922,C10056,Manors
C21078922,C10077,Pay and pensions
C21078923,C10055,Litigation
C21078923,C10056,Manors
C21078924,C10055,Litigation
C21078925,C10055,Litigation
C21078926,C10055,Litigation
C21078927,C10055,Litigation
C21078927,C10012,Children
C21078928,C10055,Litigation
C21078929,C10055,Litigation
C21078930,C10055,Litigation
C21078931,C10055,Litigation
C21078931,C10013,Clothing
C21078932,C10055,Litigation
C21078932,C10056,Manors
C21078933,C10055,Litigation
C21078934,C10131,Europe and Russia
C21078934,C10055,Litigation
C21078934,C10108,Trade and commerce
C21078934,C10071,Nationality
C21078935,C10055,Litigation
C21078935,C10107,Tithes
C21078935,C10056,Manors
C21078936,C10055,Litigation
C21078937,C10055,Litigation
C21078938,C10055,Litigation
C21078938,C10056,Manors
C21078939,C10055,Litigation
C21078940,C10055,Litigation
C21078940,C10056,Manors
C21078941,C10055,Litigation
C21078941,C10025,Debt
C21078942,C10055,Litigation
C21078943,C10055,Litigation
C21078944,C10059,Marriage and divorce
C21078944,C10055,Litigation
C21078944,C10056,Manors
C21078945,C10055,Litigation
C21078945,C10108,Trade and commerce
C21078946,C10055,Litigation
C21078946,C10056,Manors
C21078947,C10055,Litigation
C21078947,C10056,Manors
C21078948,C10055,Litigation
C21078949,C10055,Litigation
C21078950,C10055,Litigation
C21078950,C10022,Conveyancing
C21078951,C10055,Litigation
C21078951,C10025,Debt
C21078952,C10055,Litigation
C21078953,C10055,Litigation
C21078954,C10055,Litigation
C21078955,C10055,Litigation
C21078955,C10025,Debt
C21078955,C10056,Manors
C21078956,C10055,Litigation
C21078957,C10055,Litigation
C21078957,C10036,Farming
C21078958,C10055,Litigation
C21078958,C10056,Manors
C21078959,C10055,Litigation
C21078960,C10055,Litigation
C21078961,C10055,Litigation
C21078961,C10108,Trade and commerce
C21078962,C10055,Litigation
C21078963,C10055,Litigation
C21078964,C10055,Litigation
C21078964,C10116,Wills and probate
C21078965,C10055,Litigation
C21078966,C10055,Litigation
C21078967,C10055,Litigation
C21078968,C10055,Litigation
C21078968,C10025,Debt
C21078969,C10093,Religions
C21078969,C10055,Litigation
C21078969,C10056,Manors
C21078970,C10055,Litigation
C21078971,C10055,Litigation
C21078971,C10056,Manors
C21078972,C10055,Litigation
C21078972,C10025,Debt
C21078973,C10055,Litigation
C21078973,C10012,Children
C21078974,C10055,Litigation
C21078975,C10055,Litigation
C21078976,C10055,Litigation
C21078976,C10108,Trade and commerce
C21078976,C10025,Debt
C21078977,C10055,Litigation
C21078977,C10025,Debt
C21078977,C10056,Manors
C21078978,C10055,Litigation
C21078978,C10025,Debt
C21078979,C10059,Marriage and divorce
C21078979,C10055,Litigation
C21078980,C10055,Litigation
C21078981,C10055,Litigation
C21078981,C10025,Debt
C21078982,C10055,Litigation
C21078983,C10055,Litigation
C21078983,C10056,Manors
C21078984,C10055,Litigation
C21078985,C10055,Litigation
C21078986,C10055,Litigation
C21078986,C10025,Debt
C21078986,C10036,Farming
C21078987,C10055,Litigation
C21078987,C10056,Manors
C21078988,C10055,Litigation
C21078989,C10055,Litigation
C21078990,C10055,Litigation
C21078991,C10055,Litigation
C21078992,C10059,Marriage and divorce
C21078992,C10055,Litigation
C21078993,C10055,Litigation
C21078994,C10055,Litigation
C21078995,C10055,Litigation
C21078996,C10055,Litigation
C21078996,C10025,Debt
C21078997,C10055,Litigation
C21078998,C10055,Litigation
C21078999,C10055,Litigation
C21078999,C10056,Manors
C21079000,C10055,Litigation
C21079001,C10055,Litigation
C21079002,C10023,Crime
C21079002,C10055,Litigation
C21079003,C10055,Litigation
C21079003,C10056,Manors
C21079004,C10055,Litigation
C21079004,C10056,Manors
C21079005,C10055,Litigation
C21079006,C10055,Litigation
C21079006,C10108,Trade and commerce
C21079006,C10025,Debt
C21079006,C10022,Conveyancing
C21079007,C10059,Marriage and divorce
C21079007,C10055,Litigation
C21079008,C10055,Litigation
C21079008,C10056,Manors
C21079009,C10055,Litigation
C21079009,C10056,Manors
C21079010,C10055,Litigation
C21079010,C10077,Pay and pensions
C21079011,C10055,Litigation
C21079012,C10055,Litigation
C21079013,C10055,Litigation
C21079014,C10055,Litigation
C21079014,C10025,Debt
C21079014,C10116,Wills and probate
C21079015,C10055,Litigation
C21079016,C10055,Litigation
C21079016,C10056,Manors
C21079017,C10055,Litigation
C21079018,C10055,Litigation
C21079019,C10055,Litigation
C21079020,C10055,Litigation
C21079021,C10055,Litigation
C21079021,C10056,Manors
C21079021,C10114,Weapons
C21079022,C10055,Litigation
C21079022,C10056,Manors
C21079023,C10055,Litigation
C21079024,C10055,Litigation
C21079025,C10055,Litigation
C21079025,C10056,Manors
C21079026,C10055,Litigation
C21079026,C10036,Farming
C21079027,C10055,Litigation
C21079027,C10056,Manors
C21079028,C10055,Litigation
C21079029,C10023,Crime
C21079029,C10055,Litigation
C21079030,C10055,Litigation
C21079031,C10059,Marriage and divorce
C21079031,C10055,Litigation
C21079032,C10055,Litigation
C21079032,C10025,Debt
C21079033,C10055,Litigation
C21079033,C10056,Manors
C21079033,C10007,Banking
C21079033,C10022,Conveyancing
C21079034,C10055,Litigation
C21079035,C10055,Litigation
C21079036,C10055,Litigation
C21079036,C10056,Manors
C21079037,C10039,Food and drink
C21079037,C10055,Litigation
C21080741,C10055,Litigation
C21080742,C10055,Litigation
C21080743,C10055,Litigation
C21080743,C10056,Manors
C21080744,C10055,Litigation
C21080744,C10052,Labour
C21080745,C10055,Litigation
C21080745,C10056,Manors
C21080746,C10055,Litigation
C21080747,C10055,Litigation
C21080747,C10007,Banking
C21080747,C10022,Conveyancing
C21080748,C10055,Litigation
C21080748,C10056,Manors
C21080749,C10055,Litigation
C21080749,C10012,Children
C21080750,C10055,Litigation
C21080750,C10025,Debt
C21080751,C10055,Litigation
C21080751,C10025,Debt
C21080752,C10055,Litigation
C21080753,C10055,Litigation
C21080753,C10108,Trade and commerce
C21080754,C10055,Litigation
C21080755,C10055,Litigation
C21080755,C10056,Manors
C21080756,C10055,Litigation
C21080757,C10055,Litigation
C21080757,C10056,Manors
C21080758,C10055,Litigation
C21080758,C10025,Debt
C21080759,C10055,Litigation
C21080759,C10013,Clothing
C21080760,C10055,Litigation
C21080761,C10055,Litigation
C21080761,C10056,Manors
C21080762,C10055,Litigation
C21080763,C10055,Litigation
C21080763,C10056,Manors
C21080764,C10055,Litigation
C21080765,C10055,Litigation
C21080765,C10077,Pay and pensions
C21080766,C10055,Litigation
C21080767,C10055,Litigation
C21080768,C10055,Litigation
C21080768,C10056,Manors
C21080769,C10055,Litigation
C21080769,C10108,Trade and commerce
C21080770,C10055,Litigation
C21080770,C10108,Trade and commerce
C21080771,C10055,Litigation
C21080771,C10108,Trade and commerce
C21080772,C10055,Litigation
C21080772,C10108,Trade and commerce
C21080773,C10055,Litigation
C21080773,C10108,Trade and commerce
C21080774,C10039,Food and drink
C21080774,C10055,Litigation
C21080774,C10057,Manufacturing
C21080775,C10055,Litigation
C21080775,C10056,Manors
C21080776,C10055,Litigation
C21080776,C10056,Manors
C21080777,C10055,Litigation
C21080777,C10056,Manors
C21080778,C10055,Litigation
C21080778,C10025,Debt
C21080779,C10055,Litigation
C21080780,C10055,Litigation
C21080781,C10055,Litigation
C21080782,C10055,Litigation
C21080783,C10055,Litigation
C21080784,C10055,Litigation
C21080785,C10055,Litigation
C21080785,C10025,Debt
C21080786,C10055,Litigation
C21080786,C10012,Children
C21080787,C10055,Litigation
C21080788,C10055,Litigation
C21080789,C10055,Litigation
C21080789,C10056,Manors
C21080789,C10007,Banking
C21080789,C10022,Conveyancing
C21080790,C10055,Litigation
C21080790,C10025,Debt
C21080791,C10055,Litigation
C21080791,C10108,Trade and commerce
C21080792,C10055,Litigation
C21080792,C10056,Manors
C21080793,C10131,Europe and Russia
C21080793,C10055,Litigation
C21080793,C10108,Trade and commerce
C21080794,C10055,Litigation
C21080795,C10055,Litigation
C21080796,C10055,Litigation
C21080796,C10107,Tithes
C21080797,C10055,Litigation
C21080797,C10108,Trade and commerce
C21080797,C10056,Manors
C21080798,C10055,Litigation
C21080798,C10056,Manors
C21080799,C10055,Litigation
C21080799,C10056,Manors
C21080800,C10055,Litigation
C21080800,C10056,Manors
C21080801,C10055,Litigation
C21080802,C10055,Litigation
C21080803,C10055,Litigation
C21080803,C10007,Banking
C21080803,C10022,Conveyancing
C21080804,C10055,Litigation
C21080804,C10025,Debt
C21080804,C10036,Farming
C21080805,C10055,Litigation
C21080805,C10025,Debt
C21080805,C10052,Labour
C21080806,C10055,Litigation
C21080807,C10055,Litigation
C21080807,C10036,Farming
C21080808,C10055,Litigation
C21080809,C10055,Litigation
C21080809,C10025,Debt
C21080810,C10055,Litigation
C21080811,C10055,Litigation
C21080812,C10055,Litigation
C21080813,C10059,Marriage and divorce
C21080813,C10055,Litigation
C21080814,C10055,Litigation
C21080814,C10036,Farming
C21080815,C10055,Litigation
C21080815,C10052,Labour
C21080816,C10055,Litigation
C21080817,C10055,Litigation
C21080818,C10055,Litigation
C21080818,C10056,Manors
C21080819,C10055,Litigation
C21080819,C10036,Farming
C21080820,C10055,Litigation
C21080821,C10055,Litigation
C21080821,C10056,Manors
C21080822,C10055,Litigation
C21080822,C10056,Manors
C21080823,C10055,Litigation
C21080823,C10025,Debt
C21080824,C10055,Litigation
C21080824,C10007,Banking
C21080824,C10022,Conveyancing
C21080825,C10055,Litigation
C21080826,C10055,Litigation
C21080826,C10056,Manors
C21080827,C10055,Litigation
C21080827,C10056,Manors
C21080828,C10059,Marriage and divorce
C21080828,C10055,Litigation
C21080829,C10055,Litigation
C21080829,C10056,Manors
C21080830,C10055,Litigation
C21080831,C10055,Litigation
C21080832,C10055,Litigation
C21080832,C10025,Debt
C21080833,C10055,Litigation
C21080833,C10056,Manors
C21080834,C10055,Litigation
C21080835,C10055,Litigation
C21080835,C10056,Manors
C21080836,C10055,Litigation
C21080836,C10108,Trade and commerce
C21080837,C10055,Litigation
C21080837,C10107,Tithes
C21080838,C10055,Litigation
C21080839,C10055,Litigation
C21080839,C10056,Manors
C21080840,C10055,Litigation
C21080840,C10056,Manors
C21080841,C10055,Litigation
C21080841,C10056,Manors
C21080842,C10055,Litigation
C21080842,C10013,Clothing
C21080843,C10055,Litigation
C21080843,C10022,Conveyancing
C21080844,C10055,Litigation
C21080844,C10022,Conveyancing
C21080845,C10055,Litigation
C21080846,C10055,Litigation
C21080847,C10055,Litigation
C21080848,C10055,Litigation
C21080848,C10025,Debt
C21080849,C10055,Litigation
C21080850,C10059,Marriage and divorce
C21080850,C10055,Litigation
C21080850,C10056,Manors
C21080851,C10055,Litigation
C21080852,C10055,Litigation
C21080853,C10055,Litigation
C21080853,C10025,Debt
C21080853,C10056,Manors
C21080854,C10055,Litigation
C21080855,C10059,Marriage and divorce
C21080855,C10055,Litigation
C21080856,C10055,Litigation
C21080856,C10012,Children
C21080857,C10055,Litigation
C21080857,C10108,Trade and commerce
C21080857,C10116,Wills and probate
C21080858,C10055,Litigation
C21080858,C10107,Tithes
C21080859,C10055,Litigation
C21080859,C10108,Trade and commerce
C21080859,C10025,Debt
C21080860,C10055,Litigation
C21080860,C10108,Trade and commerce
C21080861,C10055,Litigation
C21080861,C10108,Trade and commerce
C21080861,C10007,Banking
C21080861,C10022,Conveyancing
C21080861,C10116,Wills and probate
C21080862,C10055,Litigation
C21080862,C10056,Manors
C21080863,C10055,Litigation
C21080864,C10055,Litigation
C21080864,C10056,Manors
C21080865,C10055,Litigation
C21080866,C10055,Litigation
C21080867,C10055,Litigation
C21080867,C10056,Manors
C21080868,C10055,Litigation
C21080869,C10055,Litigation
C21080870,C10055,Litigation
C21080871,C10055,Litigation
C21080872,C10055,Litigation
C21080872,C10056,Manors
C21080872,C10012,Children
C21080873,C10055,Litigation
C21080874,C10055,Litigation
C21080875,C10055,Litigation
C21080876,C10055,Litigation
C21080877,C10055,Litigation
C21080877,C10056,Manors
C21080878,C10055,Litigation
C21080879,C10055,Litigation
C21080879,C10052,Labour
C21080880,C10055,Litigation
C21080881,C10055,Litigation
C21080882,C10055,Litigation
C21080882,C10025,Debt
C21080883,C10055,Litigation
C21080884,C10055,Litigation
C21080885,C10055,Litigation
C21080885,C10108,Trade and commerce
C21080885,C10007,Banking
C21080885,C10022,Conveyancing
C21080886,C10059,Marriage and divorce
C21080886,C10055,Litigation
C21080886,C10056,Manors
C21080887,C10055,Litigation
C21080887,C10108,Trade and commerce
C21080887,C10056,Manors
C21080888,C10055,Litigation
C21080888,C10108,Trade and commerce
C21080889,C10055,Litigation
C21080890,C10055,Litigation
C21080891,C10055,Litigation
C21080892,C10055,Litigation
C21080893,C10055,Litigation
C21080894,C10055,Litigation
C21080895,C10055,Litigation
C21080896,C10055,Litigation
C21080896,C10056,Manors
C21080897,C10059,Marriage and divorce
C21080897,C10055,Litigation
C21080898,C10059,Marriage and divorce
C21080898,C10055,Litigation
C21080899,C10055,Litigation
C21080900,C10055,Litigation
C21080901,C10055,Litigation
C21080901,C10056,Manors
C21080902,C10055,Litigation
C21080902,C10056,Manors
C21080903,C10055,Litigation
C21080903,C10107,Tithes
C21080904,C10055,Litigation
C21080905,C10055,Litigation
C21080906,C10055,Litigation
C21080907,C10055,Litigation
C21080908,C10055,Litigation
C21080908,C10056,Manors
C21080908,C10114,Weapons
C21080908,C10012,Children
C21080909,C10055,Litigation
C21080909,C10065,Armed Forces (General Administration)
C21080909,C10072,Navy
C21080909,C10116,Wills and probate
C21080910,C10055,Litigation
C21080911,C10055,Litigation
C21080911,C10056,Manors
C21080912,C10055,Litigation
C21080912,C10056,Manors
C21080913,C10055,Litigation
C21080914,C10055,Litigation
C21080915,C10055,Litigation
C21080916,C10055,Litigation
C21080917,C10055,Litigation
C21080917,C10056,Manors
C21080917,C10071,Nationality
C21080918,C10055,Litigation
C21080919,C10055,Litigation
C21080920,C10055,Litigation
C21080920,C10056,Manors
C21080921,C10055,Litigation
C21080922,C10055,Litigation
C21080922,C10108,Trade and commerce
C21080922,C10025,Debt
C21080923,C10055,Litigation
C21080923,C10108,Trade and commerce
C21080924,C10055,Litigation
C21080924,C10056,Manors
C21080925,C10059,Marriage and divorce
C21080925,C10055,Litigation
C21080925,C10036,Farming
C21080926,C10055,Litigation
C21080926,C10056,Manors
C21080927,C10055,Litigation
C21080928,C10055,Litigation
C21080928,C10036,Farming
C21080929,C10055,Litigation
C21080929,C10056,Manors
C21080930,C10055,Litigation
C21080930,C10056,Manors
C21080931,C10055,Litigation
C21080931,C10025,Debt
C21080932,C10055,Litigation
C21080932,C10092,Army
C21080933,C10055,Litigation
C21080934,C10055,Litigation
C21080934,C10058,Maps and plans
C21080935,C10055,Litigation
C21080935,C10056,Manors
C21080936,C10055,Litigation
C21080937,C10055,Litigation
C21080937,C10056,Manors
C21080938,C10055,Litigation
C21080938,C10108,Trade and commerce
C21080939,C10055,Litigation
C21080940,C10055,Litigation
C21080940,C10056,Manors
C21080941,C10055,Litigation
C21080942,C10055,Litigation
C21080943,C10059,Marriage and divorce
C21080943,C10055,Litigation
C21080943,C10116,Wills and probate
C21080944,C10055,Litigation
C21080945,C10055,Litigation
C21080945,C10058,Maps and plans
C21080946,C10055,Litigation
C21080947,C10055,Litigation
C21080948,C10055,Litigation
C21080948,C10025,Debt
C21080949,C10055,Litigation
C21080949,C10108,Trade and commerce
C21080949,C10052,Labour
C21080949,C10078,Performing arts
C21080950,C10055,Litigation
C21080950,C10025,Debt
C21080951,C10055,Litigation
C21080952,C10055,Litigation
C21080952,C10056,Manors
C21080953,C10055,Litigation
C21080953,C10025,Debt
C21080954,C10055,Litigation
C21080955,C10055,Litigation
C21080956,C10055,Litigation
C21080957,C10059,Marriage and divorce
C21080957,C10055,Litigation
C21080957,C10056,Manors
C21080958,C10055,Litigation
C21080959,C10059,Marriage and divorce
C21080959,C10055,Litigation
C21080960,C10055,Litigation
C21080961,C10055,Litigation
C21080962,C10055,Litigation
C21080963,C10055,Litigation
C21080963,C10108,Trade and commerce
C21080964,C10055,Litigation
C21080964,C10116,Wills and probate
C21080965,C10055,Litigation
C21080965,C10025,Debt
C21080966,C10055,Litigation
C21080967,C10055,Litigation
C21080968,C10055,Litigation
C21080969,C10055,Litigation
C21080970,C10055,Litigation
C21080971,C10055,Litigation
C21080971,C10056,Manors
C21080972,C10055,Litigation
C21080973,C10055,Litigation
C21080973,C10108,Trade and commerce
C21080974,C10055,Litigation
C21080975,C10055,Litigation
C21080976,C10055,Litigation
C21080977,C10055,Litigation
C21080978,C10055,Litigation
C21080978,C10077,Pay and pensions
C21080979,C10055,Litigation
C21080980,C10055,Litigation
C21080980,C10056,Manors
C21080981,C10055,Litigation
C21080981,C10012,Children
C21080982,C10055,Litigation
C21080983,C10055,Litigation
C21080983,C10012,Children
C21080984,C10055,Litigation
C21080984,C10056,Manors
C21080985,C10055,Litigation
C21080985,C10025,Debt
C21080985,C10056,Manors
C21080986,C10055,Litigation
C21080986,C10056,Manors
C21080987,C10055,Litigation
C21080988,C10055,Litigation
C21080989,C10131,Europe and Russia
C21080989,C10055,Litigation
C21080990,C10055,Litigation
C21080990,C10077,Pay and pensions
C21080991,C10055,Litigation
C21080992,C10055,Litigation
C21080993,C10055,Litigation
C21080993,C10056,Manors
C21080994,C10055,Litigation
C21080994,C10025,Debt
C21080994,C10116,Wills and probate
C21080995,C10055,Litigation
C21080995,C10108,Trade and commerce
C21080996,C10055,Litigation
C21080996,C10056,Manors
C21080997,C10055,Litigation
C21080997,C10056,Manors
C21080997,C10012,Children
C21080998,C10055,Litigation
C21080998,C10056,Manors
C21080999,C10055,Litigation
C21081000,C10055,Litigation
C21081000,C10077,Pay and pensions
C21081001,C10055,Litigation
C21081002,C10055,Litigation
C21081003,C10055,Litigation
C21081003,C10108,Trade and commerce
C21081004,C10055,Litigation
C21081004,C10013,Clothing
C21081005,C10055,Litigation
C21081005,C10056,Manors
C21081006,C10055,Litigation
C21081007,C10055,Litigation
C21081007,C10132,Ireland
C21081008,C10055,Litigation
C21081008,C10116,Wills and probate
C21081009,C10055,Litigation
C21081010,C10059,Marriage and divorce
C21081010,C10055,Litigation
C21081011,C10055,Litigation
C21081011,C10056,Manors
C21081012,C10055,Litigation
C21081013,C10055,Litigation
C21081014,C10131,Europe and Russia
C21081014,C10055,Litigation
C21081014,C10100,Royalty
C21081014,C10080,Piracy and privateering
C21081015,C10055,Litigation
C21081015,C10056,Manors
C21081016,C10055,Litigation
C21081016,C10056,Manors
C21081017,C10055,Litigation
C21081017,C10025,Debt
C21081018,C10055,Litigation
C21081018,C10056,Manors
C21081019,C10055,Litigation
C21081020,C10055,Litigation
C21081020,C10056,Manors
C21081021,C10055,Litigation
C21081022,C10055,Litigation
C21081023,C10055,Litigation
C21081024,C10055,Litigation
C21081025,C10055,Litigation
C21081025,C10108,Trade and commerce
C21081026,C10055,Litigation
C21081026,C10056,Manors
C21081027,C10055,Litigation
C21081028,C10055,Litigation
C21081029,C10055,Litigation
C21081030,C10055,Litigation
C21081030,C10025,Debt
C21081031,C10055,Litigation
C21081031,C10056,Manors
C21081032,C10055,Litigation
C21081032,C10025,Debt
C21081033,C10055,Litigation
C21081034,C10055,Litigation
C21081034,C10116,Wills and probate
C21081035,C10055,Litigation
C21081036,C10055,Litigation
C21081036,C10025,Debt
C21081037,C10055,Litigation
C21081038,C10055,Litigation
C21081039,C10055,Litigation
C21097520,C10059,Marriage and divorce
C21097520,C10055,Litigation
C21097520,C10077,Pay and pensions
C21097521,C10055,Litigation
C21097522,C10055,Litigation
C21097522,C10056,Manors
C21097523,C10055,Litigation
C21097523,C10036,Farming
C21097524,C10055,Litigation
C21097524,C10056,Manors
C21097525,C10055,Litigation
C21097526,C10055,Litigation
C21097527,C10055,Litigation
C21097528,C10059,Marriage and divorce
C21097528,C10055,Litigation
C21097529,C10055,Litigation
C21097530,C10023,Crime
C21097530,C10111,Treason and rebellion
C21097530,C10055,Litigation
C21097531,C10055,Litigation
C21097532,C10055,Litigation
C21097533,C10055,Litigation
C21097534,C10055,Litigation
C21097534,C10056,Manors
C21097535,C10055,Litigation
C21097535,C10056,Manors
C21097536,C10055,Litigation
C21097537,C10055,Litigation
C21097537,C10056,Manors
C21097538,C10059,Marriage and divorce
C21097538,C10055,Litigation
C21097539,C10055,Litigation
C21097540,C10055,Litigation
C21097541,C10055,Litigation
C21097542,C10055,Litigation
C21097543,C10087,Race relations
C21097543,C10055,Litigation
C21097544,C10055,Litigation
C21097544,C10012,Children
C21097545,C10059,Marriage and divorce
C21097545,C10055,Litigation
C21097546,C10055,Litigation
C21097547,C10055,Litigation
C21097547,C10056,Manors
C21097548,C10055,Litigation
C21097549,C10055,Litigation
C21097550,C10055,Litigation
C21097550,C10056,Manors
C21097550,C10077,Pay and pensions
C21097550,C10116,Wills and probate
C21097551,C10055,Litigation
C21097552,C10055,Litigation
C21097552,C10056,Manors
C21097553,C10055,Litigation
C21097554,C10055,Litigation
C21097555,C10059,Marriage and divorce
C21097555,C10055,Litigation
C21097556,C10055,Litigation
C21097556,C10056,Manors
C21097557,C10055,Litigation
C21097557,C10107,Tithes
C21097558,C10055,Litigation
C21097559,C10055,Litigation
C21097560,C10055,Litigation
C21097561,C10059,Marriage and divorce
C21097561,C10055,Litigation
C21097562,C10055,Litigation
C21097562,C10036,Farming
C21097563,C10055,Litigation
C21097563,C10108,Trade and commerce
C21097564,C10059,Marriage and divorce
C21097564,C10055,Litigation
C21097565,C10055,Litigation
C21097566,C10055,Litigation
C21097567,C10055,Litigation
C21097568,C10055,Litigation
C21097569,C10055,Litigation
C21097569,C10108,Trade and commerce
C21097570,C10039,Food and drink
C21097570,C10055,Litigation
C21097570,C10025,Debt
C21097570,C10116,Wills and probate
C21097571,C10055,Litigation
C21097571,C10108,Trade and commerce
C21097572,C10055,Litigation
C21097573,C10055,Litigation
C21097573,C10025,Debt
C21097574,C10059,Marriage and divorce
C21097574,C10055,Litigation
C21097574,C10116,Wills and probate
C21097575,C10055,Litigation
C21097575,C10056,Manors
C21097576,C10055,Litigation
C21097576,C10056,Manors
C21097577,C10093,Religions
C21097577,C10055,Litigation
C21097578,C10055,Litigation
C21097579,C10055,Litigation
C21097580,C10055,Litigation
C21097581,C10055,Litigation
C21097581,C10025,Debt
C21097582,C10055,Litigation
C21097582,C10025,Debt
C21097583,C10055,Litigation
C21097584,C10055,Litigation
C21097585,C10055,Litigation
C21097586,C10055,Litigation
C21097587,C10055,Litigation
C21097587,C10056,Manors
C21097588,C10055,Litigation
C21097588,C10108,Trade and commerce
C21097589,C10055,Litigation
C21097589,C10025,Debt
C21097590,C10055,Litigation
C21097591,C10055,Litigation
C21097591,C10056,Manors
C21097592,C10055,Litigation
C21097592,C10013,Clothing
C21097593,C10055,Litigation
C21097593,C10024,Crown lands and estates
C21097594,C10055,Litigation
C21097595,C10055,Litigation
C21097596,C10055,Litigation
C21097597,C10055,Litigation
C21097598,C10055,Litigation
C21097599,C10055,Litigation
C21097599,C10012,Children
C21097600,C10055,Litigation
C21097600,C10056,Manors
C21097601,C10055,Litigation
C21097602,C10055,Litigation
C21097603,C10055,Litigation
C21097603,C10025,Debt
C21097604,C10131,Europe and Russia
C21097604,C10055,Litigation
C21097604,C10108,Trade and commerce
C21097605,C10055,Litigation
C21097605,C10056,Manors
C21097606,C10055,Litigation
C21097606,C10108,Trade and commerce
C21097606,C10052,Labour
C21097607,C10055,Litigation
C21097608,C10055,Litigation
C21097608,C10116,Wills and probate
C21097609,C10055,Litigation
C21097609,C10116,Wills and probate
C21097610,C10055,Litigation
C21097610,C10056,Manors
C21097611,C10055,Litigation
C21097612,C10055,Litigation
C21097613,C10055,Litigation
C21097613,C10056,Manors
C21097614,C10055,Litigation
C21097614,C10025,Debt
C21097615,C10031,Disasters and emergencies
C21097615,C10055,Litigation
C21097615,C10108,Trade and commerce
C21097615,C10025,Debt
C21097615,C10080,Piracy and privateering
C21097616,C10055,Litigation
C21097617,C10055,Litigation
C21097617,C10007,Banking
C21097617,C10022,Conveyancing
C21097617,C10036,Farming
C21097618,C10055,Litigation
C21097619,C10055,Litigation
C21097619,C10116,Wills and probate
C21097620,C10055,Litigation
C21097621,C10055,Litigation
C21097621,C10007,Banking
C21097621,C10022,Conveyancing
C21097622,C10055,Litigation
C21097623,C10055,Litigation
C21097624,C10055,Litigation
C21097625,C10055,Litigation
C21097626,C10055,Litigation
C21097627,C10055,Litigation
C21097627,C10025,Debt
C21097628,C10055,Litigation
C21097629,C10055,Litigation
C21097630,C10055,Litigation
C21097630,C10056,Manors
C21097631,C10055,Litigation
C21097632,C10055,Litigation
C21097633,C10055,Litigation
C21097633,C10025,Debt
C21097634,C10055,Litigation
C21097634,C10056,Manors
C21097635,C10055,Litigation
C21097636,C10055,Litigation
C21097636,C10025,Debt
C21097636,C10007,Banking
C21097636,C10022,Conveyancing
C21097637,C10055,Litigation
C21097637,C10056,Manors
C21097638,C10055,Litigation
C21097639,C10055,Litigation
C21097639,C10056,Manors
C21097640,C10055,Litigation
C21097640,C10025,Debt
C21097641,C10055,Litigation
C21097641,C10056,Manors
C21097642,C10055,Litigation
C21097643,C10055,Litigation
C21097643,C10056,Manors
C21097644,C10055,Litigation
C21097645,C10055,Litigation
C21097646,C10055,Litigation
C21097647,C10055,Litigation
C21097648,C10055,Litigation
C21097648,C10056,Manors
C21097649,C10055,Litigation
C21097650,C10055,Litigation
C21097650,C10056,Manors
C21097651,C10055,Litigation
C21097651,C10108,Trade and commerce
C21097651,C10025,Debt
C21097651,C10116,Wills and probate
C21097652,C10055,Litigation
C21097653,C10055,Litigation
C21097653,C10056,Manors
C21097654,C10055,Litigation
C21097654,C10025,Debt
C21097654,C10036,Farming
C21097655,C10055,Litigation
C21097656,C10055,Litigation
C21097657,C10055,Litigation
C21097658,C10055,Litigation
C21097659,C10055,Litigation
C21097660,C10055,Litigation
C21097661,C10055,Litigation
C21097662,C10059,Marriage and divorce
C21097662,C10055,Litigation
C21097663,C10059,Marriage and divorce
C21097663,C10055,Litigation
C21097664,C10055,Litigation
C21097665,C10055,Litigation
C21097665,C10056,Manors
C21097666,C10055,Litigation
C21097667,C10055,Litigation
C21097667,C10116,Wills and probate
C21097668,C10055,Litigation
C21097668,C10025,Debt
C21097669,C10055,Litigation
C21097670,C10055,Litigation
C21097670,C10056,Manors
C21097671,C10055,Litigation
C21097672,C10055,Litigation
C21097673,C10055,Litigation
C21097674,C10055,Litigation
C21097674,C10108,Trade and commerce
C21097674,C10052,Labour
C21097675,C10055,Litigation
C21097675,C10025,Debt
C21097676,C10055,Litigation
C21097677,C10055,Litigation
C21097678,C10055,Litigation
C21097679,C10055,Litigation
C21097680,C10055,Litigation
C21097681,C10055,Litigation
C21097682,C10055,Litigation
C21097683,C10055,Litigation
C21097684,C10055,Litigation
C21097685,C10055,Litigation
C21097686,C10055,Litigation
C21097686,C10108,Trade and commerce
C21097687,C10055,Litigation
C21097687,C10056,Manors
C21097688,C10055,Litigation
C21097689,C10055,Litigation
C21097689,C10040,Forestry
C21097690,C10055,Litigation
C21097690,C10022,Conveyancing
C21097691,C10055,Litigation
C21097692,C10055,Litigation
C21097692,C10056,Manors
C21097693,C10055,Litigation
C21097693,C10022,Conveyancing
C21097694,C10055,Litigation
C21097694,C10056,Manors
C21097695,C10055,Litigation
C21097695,C10025,Debt
C21097696,C10055,Litigation
C21097697,C10055,Litigation
C21097697,C10056,Manors
C21097698,C10055,Litigation
C21097699,C10055,Litigation
C21097699,C10056,Manors
C21097700,C10059,Marriage and divorce
C21097700,C10055,Litigation
C21097701,C10055,Litigation
C21097701,C10007,Banking
C21097701,C10022,Conveyancing
C21097702,C10055,Litigation
C21097702,C10056,Manors
C21097703,C10055,Litigation
C21097704,C10055,Litigation
C21097705,C10059,Marriage and divorce
C21097705,C10055,Litigation
C21097706,C10055,Litigation
C21097707,C10055,Litigation
C21097707,C10025,Debt
C21097708,C10055,Litigation
C21097709,C10055,Litigation
C21097709,C10056,Manors
C21097710,C10055,Litigation
C21097710,C10056,Manors
C21097711,C10055,Litigation
C21097712,C10055,Litigation
C21097713,C10055,Litigation
C21097713,C10056,Manors
C21097714,C10055,Litigation
C21097715,C10059,Marriage and divorce
C21097715,C10055,Litigation
C21097716,C10055,Litigation
C21097716,C10116,Wills and probate
C21097717,C10055,Litigation
C21097718,C10055,Litigation
C21097718,C10036,Farming
C21097719,C10055,Litigation
C21097720,C10055,Litigation
C21097720,C10056,Manors
C21097721,C10055,Litigation
C21097721,C10022,Conveyancing
C21097722,C10055,Litigation
C21097722,C10056,Manors
C21097723,C10055,Litigation
C21097724,C10055,Litigation
C21097725,C10055,Litigation
C21097725,C10056,Manors
C21097726,C10055,Litigation
C21097726,C10056,Manors
C21097727,C10055,Litigation
C21097727,C10108,Trade and commerce
C21097727,C10007,Banking
C21097727,C10022,Conveyancing
C21097728,C10055,Litigation
C21097728,C10056,Manors
C21097729,C10055,Litigation
C21097730,C10055,Litigation
C21097731,C10055,Litigation
C21097731,C10108,Trade and commerce
C21097732,C10055,Litigation
C21097733,C10055,Litigation
C21097734,C10055,Litigation
C21097734,C10025,Debt
C21097735,C10055,Litigation
C21097735,C10056,Manors
C21097736,C10055,Litigation
C21097736,C10056,Manors
C21097737,C10059,Marriage and divorce
C21097737,C10055,Litigation
C21097738,C10055,Litigation
C21097738,C10056,Manors
C21097739,C10055,Litigation
C21097740,C10055,Litigation
C21097740,C10056,Manors
C21097741,C10055,Litigation
C21097741,C10025,Debt
C21097742,C10055,Litigation
C21097742,C10108,Trade and commerce
C21097742,C10056,Manors
C21097742,C10077,Pay and pensions
C21097743,C10055,Litigation
C21097744,C10055,Litigation
C21097745,C10055,Litigation
C21097746,C10055,Litigation
C21097746,C10056,Manors
C21097746,C10007,Banking
C21097746,C10022,Conveyancing
C21097747,C10055,Litigation
C21097748,C10055,Litigation
C21097749,C10055,Litigation
C21097750,C10055,Litigation
C21097750,C10056,Manors
C21097751,C10059,Marriage and divorce
C21097751,C10055,Litigation
C21097751,C10056,Manors
C21097752,C10055,Litigation
C21097753,C10055,Litigation
C21097753,C10056,Manors
C21097754,C10055,Litigation
C21097755,C10055,Litigation
C21097756,C10055,Litigation
C21097756,C10056,Manors
C21097757,C10055,Litigation
C21097757,C10036,Farming
C21097758,C10055,Litigation
C21097758,C10025,Debt
C21097759,C10059,Marriage and divorce
C21097759,C10055,Litigation
C21097760,C10055,Litigation
C21097761,C10055,Litigation
C21097762,C10055,Litigation
C21097763,C10055,Litigation
C21097764,C10055,Litigation
C21097765,C10055,Litigation
C21097766,C10055,Litigation
C21097767,C10055,Litigation
C21097768,C10055,Litigation
C21097769,C10059,Marriage and divorce
C21097769,C10055,Litigation
C21097769,C10025,Debt
C21097770,C10055,Litigation
C21097770,C10056,Manors
C21097771,C10055,Litigation
C21097772,C10055,Litigation
C21097773,C10055,Litigation
C21097774,C10055,Litigation
C21097775,C10055,Litigation
C21097775,C10108,Trade and commerce
C21097775,C10025,Debt
C21097776,C10055,Litigation
C21097777,C10055,Litigation
C21097778,C10055,Litigation
C21097779,C10055,Litigation
C21097779,C10084,Poverty
C21097779,C10116,Wills and probate
C21097780,C10055,Litigation
C21097780,C10116,Wills and probate
C21097781,C10055,Litigation
C21097781,C10116,Wills and probate
C21097782,C10055,Litigation
C21097783,C10055,Litigation
C21097783,C10108,Trade and commerce
C21097783,C10025,Debt
C21097784,C10055,Litigation
C21097785,C10055,Litigation
C21097786,C10055,Litigation
C21097786,C10107,Tithes
C21097786,C10025,Debt
C21097787,C10055,Litigation
C21097787,C10056,Manors
C21097788,C10055,Litigation
C21097788,C10025,Debt
C21097789,C10055,Litigation
C21097789,C10108,Trade and commerce
C21097789,C10116,Wills and probate
C21097790,C10059,Marriage and divorce
C21097790,C10055,Litigation
C21097791,C10055,Litigation
C21097791,C10056,Manors
C21097792,C10055,Litigation
C21097792,C10056,Manors
C21097792,C10036,Farming
C21097793,C10055,Litigation
C21097793,C10056,Manors
C21097794,C10055,Litigation
C21097794,C10012,Children
C21097794,C10022,Conveyancing
C21097795,C10055,Litigation
C21097795,C10108,Trade and commerce
C21097796,C10055,Litigation
C21097796,C10116,Wills and probate
C21097797,C10055,Litigation
C21097797,C10108,Trade and commerce
C21097797,C10132,Ireland
C21097798,C10055,Litigation
C21097798,C10116,Wills and probate
C21097799,C10055,Litigation
C21097799,C10056,Manors
C21097800,C10055,Litigation
C21097801,C10055,Litigation
C21097802,C10055,Litigation
C21097802,C10025,Debt
C21097803,C10055,Litigation
C21097803,C10056,Manors
C21097804,C10055,Litigation
C21097804,C10056,Manors
C21097805,C10055,Litigation
C21097806,C10055,Litigation
C21097807,C10055,Litigation
C21097807,C10108,Trade and commerce
C21097807,C10025,Debt
C21097808,C10055,Litigation
C21097809,C10055,Litigation
C21097809,C10040,Forestry
C21097809,C10015,Common land
C21097810,C10055,Litigation
C21097810,C10056,Manors
C21097811,C10055,Litigation
C21097811,C10056,Manors
C21097812,C10055,Litigation
C21097812,C10056,Manors
C21097813,C10055,Litigation
C21097813,C10116,Wills and probate
C21097814,C10055,Litigation
C21097815,C10055,Litigation
C21097816,C10055,Litigation
C21097816,C10056,Manors
C21097816,C10007,Banking
C21097816,C10022,Conveyancing
C21097817,C10055,Litigation
C21097818,C10055,Litigation
C21097819,C10055,Litigation
C21097820,C10055,Litigation
C21097821,C10055,Litigation
C21097821,C10056,Manors
C21097822,C10055,Litigation
C21097822,C10056,Manors
C21097823,C10055,Litigation
C21097824,C10055,Litigation
C21097824,C10056,Manors
C21097825,C10055,Litigation
C21097826,C10055,Litigation
C21097827,C10055,Litigation
C21097828,C10055,Litigation
C21097829,C10055,Litigation
C21097830,C10055,Litigation
C21097831,C10059,Marriage and divorce
C21097831,C10055,Litigation
C21097831,C10056,Manors
C21097832,C10055,Litigation
C21097833,C10055,Litigation
C21097833,C10012,Children
C21097834,C10055,Litigation
C21097835,C10055,Litigation
C21097836,C10055,Litigation
C21097836,C10056,Manors
C21097837,C10055,Litigation
C21097838,C10055,Litigation
C21097839,C10055,Litigation
C21097839,C10025,Debt
C21097840,C10055,Litigation
C21097840,C10077,Pay and pensions
C21097841,C10055,Litigation
C21097841,C10108,Trade and commerce
C21097841,C10132,Ireland
C21097842,C10055,Litigation
C21097843,C10131,Europe and Russia
C21097843,C10055,Litigation
C21097843,C10056,Manors
C21097843,C10077,Pay and pensions
C21097844,C10055,Litigation
C21097844,C10056,Manors
C21097845,C10055,Litigation
C21097846,C10055,Litigation
C21097847,C10055,Litigation
C21097848,C10059,Marriage and divorce
C21097848,C10055,Litigation
C21097849,C10055,Litigation
C21097849,C10025,Debt
C21097850,C10055,Litigation
C21097851,C10059,Marriage and divorce
C21097851,C10055,Litigation
C21097852,C10055,Litigation
C21097852,C10056,Manors
C21097853,C10055,Litigation
C21097854,C10023,Crime
C21097854,C10055,Litigation
C21097855,C10055,Litigation
C21097855,C10056,Manors
C21097855,C10036,Farming
C21097856,C10055,Litigation
C21097857,C10055,Litigation
C21097857,C10056,Manors
C21097858,C10055,Litigation
C21097858,C10025,Debt
C21097858,C10116,Wills and probate
C21097859,C10059,Marriage and divorce
C21097859,C10055,Litigation
C21097860,C10039,Food and drink
C21097860,C10055,Litigation
C21097861,C10055,Litigation
C21097862,C10023,Crime
C21097862,C10055,Litigation
C21097862,C10056,Manors
C21097863,C10055,Litigation
C21097864,C10055,Litigation
C21097865,C10055,Litigation
C21097865,C10108,Trade and commerce
C21097865,C10025,Debt
C21097866,C10055,Litigation
C21097867,C10055,Litigation
C21097867,C10056,Manors
C21097868,C10055,Litigation
C21097868,C10056,Manors
C21097869,C10055,Litigation
C21097870,C10055,Litigation
C21097870,C10056,Manors
C21097870,C10077,Pay and pensions
C21097871,C10055,Litigation
C21097872,C10055,Litigation
C21097873,C10055,Litigation
C21097873,C10056,Manors
C21097874,C10055,Litigation
C21097874,C10056,Manors
C21097875,C10055,Litigation
C21097876,C10055,Litigation
C21097877,C10055,Litigation
C21097877,C10108,Trade and commerce
C21097878,C10055,Litigation
C21097878,C10056,Manors
C21097879,C10055,Litigation
C21097879,C10108,Trade and commerce
C21097879,C10052,Labour
C21097879,C10080,Piracy and privateering
C21097880,C10055,Litigation
C21097880,C10108,Trade and commerce
C21097881,C10055,Litigation
C21097881,C10056,Manors
C21097882,C10055,Litigation
C21097883,C10055,Litigation
C21097884,C10055,Litigation
C21097885,C10055,Litigation
C21097885,C10056,Manors
C21097886,C10055,Litigation
C21097886,C10056,Manors
C21097887,C10055,Litigation
C21097888,C10055,Litigation
C21097889,C10055,Litigation
C21097889,C10077,Pay and pensions
C21097890,C10055,Litigation
C21097890,C10077,Pay and pensions
C21097891,C10055,Litigation
C21097892,C10055,Litigation
C21097892,C10077,Pay and pensions
C21097893,C10055,Litigation
C21097893,C10056,Manors
C21097894,C10055,Litigation
C21097895,C10055,Litigation
C21097895,C10108,Trade and commerce
C21097895,C10056,Manors
C21097896,C10055,Litigation
C21097897,C10055,Litigation
C21097898,C10055,Litigation
C21097899,C10055,Litigation
C21097900,C10055,Litigation
C21097901,C10055,Litigation
C21097902,C10055,Litigation
C21097903,C10093,Religions
C21097903,C10111,Treason and rebellion
C21097903,C10131,Europe and Russia
C21097903,C10055,Litigation
C21097903,C10108,Trade and commerce
C21097903,C10132,Ireland
C21097903,C10071,Nationality
C21097904,C10055,Litigation
C21097904,C10056,Manors
C21097905,C10055,Litigation
C21097906,C10055,Litigation
C21097906,C10077,Pay and pensions
C21097907,C10055,Litigation
C21097908,C10055,Litigation
C21097908,C10014,Coal
C21097909,C10055,Litigation
C21097910,C10055,Litigation
C21097911,C10055,Litigation
C21097911,C10025,Debt
C21097912,C10055,Litigation
C21097913,C10059,Marriage and divorce
C21097913,C10055,Litigation
C21097914,C10055,Litigation
C21097914,C10108,Trade and commerce
C21097914,C10012,Children
C21097915,C10055,Litigation
C21097915,C10025,Debt
C21097915,C10036,Farming
C21097916,C10055,Litigation
C21097917,C10055,Litigation
C21097917,C10116,Wills and probate
C21097918,C10055,Litigation
C21097918,C10007,Banking
C21097918,C10022,Conveyancing
C21097919,C10055,Litigation
C21097919,C10056,Manors
C21097920,C10055,Litigation
C21097920,C10116,Wills and probate
C21097921,C10055,Litigation
C21097921,C10116,Wills and probate
C21097922,C10055,Litigation
C21097922,C10056,Manors
C21097923,C10055,Litigation
C21097924,C10055,Litigation
C21097924,C10025,Debt
C21097924,C10012,Children
C21097925,C10055,Litigation
C21097925,C10025,Debt
C21097926,C10055,Litigation
C21097926,C10056,Manors
C21097926,C10066,Mining and quarrying
C21097927,C10131,Europe and Russia
C21097927,C10055,Litigation
C21097927,C10108,Trade and commerce
C21097928,C10055,Litigation
C21097928,C10108,Trade and commerce
C21097928,C10025,Debt
C21097929,C10055,Litigation
C21097930,C10055,Litigation
C21097931,C10005,"Art, architecture and design"
C21097931,C10055,Litigation
C21097931,C10108,Trade and commerce
C21097931,C10013,Clothing
C21097932,C10055,Litigation
C21097932,C10036,Farming
C21097933,C10055,Litigation
C21097933,C10056,Manors
C21097934,C10055,Litigation
C21097934,C10108,Trade and commerce
C21097934,C10025,Debt
C21097935,C10055,Litigation
C21097936,C10055,Litigation
C21097936,C10025,Debt
C21097937,C10055,Litigation
C21097937,C10056,Manors
C21097937,C10036,Farming
C21097938,C10023,Crime
C21097938,C10055,Litigation
C21097938,C10025,Debt
C21097939,C10055,Litigation
C21097939,C10056,Manors
C21097940,C10055,Litigation
C21097940,C10108,Trade and commerce
C21097941,C10059,Marriage and divorce
C21097941,C10055,Litigation
C21097941,C10128,Middle East
C21097941,C10056,Manors
C21097941,C10012,Children
C21097942,C10055,Litigation
C21097942,C10107,Tithes
C21097943,C10055,Litigation
C21097944,C10055,Litigation
C21097945,C10055,Litigation
C21097946,C10055,Litigation
C21097946,C10056,Manors
C21097947,C10055,Litigation
C21097948,C10055,Litigation
C21097949,C10055,Litigation
C21097950,C10055,Litigation
C21097950,C10056,Manors
C21097951,C10055,Litigation
C21097952,C10055,Litigation
C21097952,C10132,Ireland
C21097952,C10092,Army
C21097953,C10055,Litigation
C21097953,C10056,Manors
C21097954,C10055,Litigation
C21097954,C10108,Trade and commerce
C21097954,C10025,Debt
C21097955,C10055,Litigation
C21097955,C10108,Trade and commerce
C21097955,C10025,Debt
C21097956,C10055,Litigation
C21097957,C10055,Litigation
C21097957,C10056,Manors
C21097958,C10055,Litigation
C21097959,C10055,Litigation
C21097959,C10077,Pay and pensions
C21097959,C10116,Wills and probate
C21097960,C10055,Litigation
C21097960,C10108,Trade and commerce
C21097961,C10055,Litigation
C21097961,C10056,Manors
C21097962,C10055,Litigation
C21097962,C10025,Debt
C21097963,C10055,Litigation
C21097964,C10055,Litigation
C21097965,C10059,Marriage and divorce
C21097965,C10055,Litigation
C21097965,C10116,Wills and probate
C21097966,C10055,Litigation
C21097966,C10107,Tithes
C21097967,C10055,Litigation
C21097967,C10116,Wills and probate
C21097968,C10023,Crime
C21097968,C10111,Treason and rebellion
C21097968,C10055,Litigation
C21097969,C10055,Litigation
C21097969,C10056,Manors
C21097970,C10055,Litigation
C21097970,C10025,Debt
C21097971,C10055,Litigation
C21097972,C10055,Litigation
C21097973,C10055,Litigation
C21097973,C10108,Trade and commerce
C21097973,C10107,Tithes
C21097974,C10055,Litigation
C21097974,C10056,Manors
C21097975,C10055,Litigation
C21097975,C10036,Farming
C21097976,C10055,Litigation
C21097976,C10036,Farming
C21097976,C10116,Wills and probate
C21097977,C10055,Litigation
C21097977,C10116,Wills and probate
C21097978,C10055,Litigation
C21097978,C10025,Debt
C21097979,C10055,Litigation
C21097979,C10056,Manors
C21097980,C10055,Litigation
C21097981,C10055,Litigation
C21097981,C10025,Debt
C21097981,C10036,Farming
C21097982,C10055,Litigation
C21097982,C10012,Children
C21097983,C10055,Litigation
C21097983,C10007,Banking
C21097983,C10022,Conveyancing
C21097984,C10055,Litigation
C21097985,C10055,Litigation
C21097986,C10059,Marriage and divorce
C21097986,C10055,Litigation
C21097987,C10055,Litigation
C21097988,C10039,Food and drink
C21097988,C10055,Litigation
C21097989,C10055,Litigation
C21097990,C10059,Marriage and divorce
C21097990,C10055,Litigation
C21097990,C10056,Manors
C21097990,C10012,Children
C21097991,C10055,Litigation
C21097991,C10108,Trade and commerce
C21097991,C10025,Debt
C21097992,C10055,Litigation
C21097993,C10055,Litigation
C21097993,C10056,Manors
C21097994,C10055,Litigation
C21097994,C10056,Manors
C21097995,C10055,Litigation
C21097995,C10056,Manors
C21097996,C10055,Litigation
C21097996,C10056,Manors
C21097996,C10116,Wills and probate
C21097997,C10055,Litigation
C21097998,C10055,Litigation
C21097999,C10055,Litigation
C21097999,C10056,Manors
C21098000,C10055,Litigation
C21098001,C10055,Litigation
C21098001,C10056,Manors
C21098002,C10055,Litigation
C21098003,C10055,Litigation
C21098003,C10025,Debt
C21098003,C10056,Manors
C21098004,C10055,Litigation
C21098005,C10055,Litigation
C21098006,C10055,Litigation
C21098007,C10055,Litigation
C21098008,C10055,Litigation
C21098008,C10056,Manors
C21098009,C10055,Litigation
C21098009,C10056,Manors
C21098010,C10055,Litigation
C21098010,C10025,Debt
C21098011,C10055,Litigation
C21098012,C10055,Litigation
C21098012,C10056,Manors
C21098013,C10055,Litigation
C21098014,C10055,Litigation
C21098015,C10055,Litigation
C21098016,C10055,Litigation
C21098017,C10055,Litigation
C21098018,C10055,Litigation
C21098019,C10055,Litigation
C21098020,C10023,Crime
C21098020,C10055,Litigation
C21098021,C10055,Litigation
C21098022,C10055,Litigation
C21098023,C10055,Litigation
C21098024,C10055,Litigation
C21098024,C10056,Manors
C21098025,C10055,Litigation
C21098025,C10056,Manors
C21098026,C10055,Litigation
C21098027,C10055,Litigation
C21098027,C10056,Manors
C21098028,C10055,Litigation
C21098029,C10055,Litigation
C21098029,C10036,Farming
C21098030,C10055,Litigation
C21098031,C10055,Litigation
C21098032,C10055,Litigation
C21098033,C10055,Litigation
C21098034,C10055,Litigation
C21098035,C10059,Marriage and divorce
C21098035,C10055,Litigation
C21098036,C10055,Litigation
C21098036,C10025,Debt
C21098037,C10055,Litigation
C21098037,C10025,Debt
C21098038,C10055,Litigation
C21098039,C10055,Litigation
C21098040,C10055,Litigation
C21098041,C10055,Litigation
C21098042,C10055,Litigation
C21098042,C10108,Trade and commerce
C21098043,C10055,Litigation
C21098044,C10055,Litigation
C21098045,C10055,Litigation
C21098046,C10055,Litigation
C21098047,C10055,Litigation
C21098047,C10025,Debt
C21098048,C10055,Litigation
C21098048,C10116,Wills and probate
C21098049,C10055,Litigation
C21098049,C10056,Manors
C21098050,C10055,Litigation
C21098051,C10055,Litigation
C21098052,C10055,Litigation
C21098052,C10132,Ireland
C21098052,C10083,Population
C21098053,C10055,Litigation
C21098053,C10025,Debt
C21098054,C10055,Litigation
C21098055,C10055,Litigation
C21098056,C10055,Litigation
C21098057,C10055,Litigation
C21098058,C10055,Litigation
C21098059,C10055,Litigation
C21098060,C10055,Litigation
C21098060,C10025,Debt
C21098061,C10055,Litigation
C21098062,C10055,Litigation
C21098062,C10056,Manors
C21098063,C10055,Litigation
C21098064,C10055,Litigation
C21098065,C10055,Litigation
C21098066,C10055,Litigation
C21098067,C10055,Litigation
C21098068,C10055,Litigation
C21098069,C10055,Litigation
C21098069,C10056,Manors
C21098070,C10055,Litigation
C21098071,C10055,Litigation
C21098072,C10055,Litigation
C21098072,C10056,Manors
C21098073,C10055,Litigation
C21098073,C10056,Manors
C21098074,C10055,Litigation
C21098074,C10056,Manors
C21098075,C10055,Litigation
C21098075,C10056,Manors
C21098076,C10055,Litigation
C21098077,C10055,Litigation
C21098077,C10056,Manors
C21098078,C10055,Litigation
C21098078,C10025,Debt
C21098078,C10013,Clothing
C21098079,C10059,Marriage and divorce
C21098079,C10055,Litigation
C21098080,C10055,Litigation
C21098081,C10055,Litigation
C21098081,C10012,Children
C21098082,C10055,Litigation
C21098083,C10055,Litigation
C21098083,C10056,Manors
C21098083,C10012,Children
C21098084,C10055,Litigation
C21098085,C10055,Litigation
C21098086,C10055,Litigation
C21098087,C10055,Litigation
C21098088,C10055,Litigation
C21098088,C10056,Manors
C21098089,C10055,Litigation
C21098090,C10055,Litigation
C21098091,C10055,Litigation
C21098092,C10055,Litigation
C21098093,C10059,Marriage and divorce
C21098093,C10055,Litigation
C21098094,C10055,Litigation
C21098095,C10055,Litigation
C21098095,C10056,Manors
C21098096,C10055,Litigation
C21098096,C10056,Manors
C21098097,C10055,Litigation
C21098097,C10108,Trade and commerce
C21098097,C10116,Wills and probate
C21098098,C10055,Litigation
C21098098,C10108,Trade and commerce
C21098099,C10055,Litigation
C21098099,C10025,Debt
C21098100,C10055,Litigation
C21098101,C10055,Litigation
C21098101,C10025,Debt
C21098102,C10055,Litigation
C21098103,C10055,Litigation
C21098104,C10055,Litigation
C21098105,C10055,Litigation
C21098105,C10036,Farming
C21098105,C10116,Wills and probate
C21098106,C10055,Litigation
C21098106,C10056,Manors
C21098107,C10055,Litigation
C21098107,C10132,Ireland
C21098107,C10025,Debt
C21098108,C10055,Litigation
C21098108,C10056,Manors
C21098109,C10055,Litigation
C21098109,C10056,Manors
C21098110,C10059,Marriage and divorce
C21098110,C10055,Litigation
C21098111,C10055,Litigation
C21098112,C10055,Litigation
C21098113,C10055,Litigation
C21098113,C10025,Debt
C21098114,C10055,Litigation
C21098115,C10055,Litigation
C21098115,C10056,Manors
C21098116,C10055,Litigation
C21098116,C10025,Debt
C21098117,C10055,Litigation
C21098118,C10055,Litigation
C21098119,C10055,Litigation
C21098119,C10108,Trade and commerce
C21098119,C10025,Debt
C21098120,C10038,Fishing
C21098120,C10055,Litigation
C21098120,C10056,Manors
C21098121,C10055,Litigation
C21098121,C10025,Debt
C21098122,C10055,Litigation
C21098123,C10055,Litigation
C21205049,C10039,Food and drink
C21205057,C10055,Litigation
C21205057,C10108,Trade and commerce
C21205083,C10012,Children
C21205113,C10131,Europe and Russia
C21205247,C10056,Manors
C21205247,C10012,Children
C21205268,C10056,Manors
C21205282,C10025,Debt
C21205339,C10055,Litigation
C21205339,C10036,Farming
C21259924,C10056,Manors
C21260011,C10056,Manors
C21260011,C10077,Pay and pensions
C21260058,C10013,Clothing
C21260064,C10025,Debt
C21260118,C10056,Manors
C21260133,C10056,Manors
C21260139,C10025,Debt
C21260238,C10056,Manors
C21260241,C10040,Forestry
C21260255,C10108,Trade and commerce
C21260255,C10025,Debt
C21260258,C10056,Manors
C21260292,C10025,Debt
C21260292,C10013,Clothing
C21260294,C10033,Education
C21260317,C10059,Marriage and divorce
C21260317,C10012,Children
C21260317,C10036,Farming
C21260388,C10059,Marriage and divorce
C21260388,C10025,Debt
C21260431,C10056,Manors
C21260444,C10107,Tithes
C21279442,C10025,Debt
C21279492,C10025,Debt
C21279495,C10023,Crime
C21279495,C10107,Tithes
C21279503,C10056,Manors
C21279529,C10025,Debt
C21279551,C10056,Manors
C21798615,C10055,Litigation
C21798616,C10055,Litigation
C21798617,C10055,Litigation
C21798618,C10055,Litigation
C21798619,C10055,Litigation
C21798620,C10055,Litigation
C21798621,C10055,Litigation
C21798622,C10055,Litigation
C21798622,C10056,Manors
C21798623,C10055,Litigation
C21798624,C10055,Litigation
C21798625,C10055,Litigation
C21798626,C10055,Litigation
C21798627,C10055,Litigation
C21798628,C10055,Litigation
C21798629,C10055,Litigation
C21798630,C10055,Litigation
C21798631,C10055,Litigation
C21798632,C10055,Litigation
C21798633,C10055,Litigation
C21798634,C10055,Litigation
C21798635,C10055,Litigation
C21798636,C10055,Litigation
C21798637,C10055,Litigation
C21798638,C10055,Litigation
C21798639,C10055,Litigation
C21798640,C10055,Litigation
C21798641,C10055,Litigation
C21798642,C10055,Litigation
C21798643,C10055,Litigation
C21798644,C10055,Litigation
C21798645,C10055,Litigation
C21798645,C10056,Manors
C21798646,C10055,Litigation
C21798647,C10055,Litigation
C21798648,C10055,Litigation
C21798649,C10055,Litigation
C21798650,C10055,Litigation
C21798651,C10055,Litigation
C21798652,C10055,Litigation
C21798653,C10055,Litigation
C21798654,C10055,Litigation
C21798655,C10055,Litigation
C21798656,C10055,Litigation
C21798657,C10055,Litigation
C21798658,C10055,Litigation
C21798659,C10055,Litigation
C21798660,C10055,Litigation
C21798661,C10055,Litigation
C21798662,C10055,Litigation
C21798663,C10055,Litigation
C21798664,C10055,Litigation
C21798665,C10055,Litigation
C21798666,C10055,Litigation
C21798667,C10055,Litigation
C21798668,C10055,Litigation
C21798669,C10055,Litigation
C21798670,C10055,Litigation
C21798671,C10055,Litigation
C21798672,C10055,Litigation
C21798673,C10055,Litigation
C21798674,C10055,Litigation
C21798675,C10055,Litigation
C21798676,C10055,Litigation
C21798677,C10055,Litigation
C21798678,C10055,Litigation
C21798679,C10055,Litigation
C21798680,C10055,Litigation
C21798681,C10055,Litigation
C21798681,C10108,Trade and commerce
C21798682,C10055,Litigation
C21798683,C10055,Litigation
C21798684,C10055,Litigation
C21798685,C10055,Litigation
C21798686,C10055,Litigation
C21798687,C10055,Litigation
C21798688,C10055,Litigation
C21798689,C10055,Litigation
C21798690,C10055,Litigation
C21798691,C10055,Litigation
C21798692,C10055,Litigation
C21798693,C10055,Litigation
C21798694,C10055,Litigation
C21798695,C10055,Litigation
C21798696,C10055,Litigation
C21798697,C10055,Litigation
C21798698,C10055,Litigation
C21798699,C10055,Litigation
C21798700,C10055,Litigation
C21798701,C10055,Litigation
C21798702,C10055,Litigation
C21798703,C10055,Litigation
C21798704,C10055,Litigation
C21798704,C10012,Children
C21798705,C10055,Litigation
C21798706,C10055,Litigation
C21798707,C10055,Litigation
C21798708,C10055,Litigation
C21798709,C10055,Litigation
C21798710,C10055,Litigation
C21798711,C10055,Litigation
C21798712,C10055,Litigation
C21798713,C10055,Litigation
C21798714,C10055,Litigation
C21798715,C10055,Litigation
C21798716,C10055,Litigation
C21798717,C10055,Litigation
C21798718,C10055,Litigation
C21798719,C10055,Litigation
C21798720,C10055,Litigation
C21798721,C10055,Litigation
C21798722,C10055,Litigation
C21798723,C10055,Litigation
C21798724,C10055,Litigation
C21798725,C10055,Litigation
C21798726,C10055,Litigation
C21798727,C10055,Litigation
C21798728,C10055,Litigation
C21798729,C10055,Litigation
C21798730,C10055,Litigation
C21798731,C10055,Litigation
C21798732,C10055,Litigation
C21798733,C10055,Litigation
C21798734,C10055,Litigation
C21798735,C10055,Litigation
C21798736,C10055,Litigation
C21798736,C10025,Debt
C21798737,C10055,Litigation
C21798738,C10055,Litigation
C21798738,C10056,Manors
C21798739,C10055,Litigation
C21798740,C10055,Litigation
C21798741,C10055,Litigation
C21798742,C10055,Litigation
C21798743,C10055,Litigation
C21798744,C10055,Litigation
C21798745,C10055,Litigation
C21798746,C10055,Litigation
C21798747,C10055,Litigation
C21798748,C10055,Litigation
C21798749,C10055,Litigation
C21798750,C10055,Litigation
C21798751,C10055,Litigation
C21798752,C10055,Litigation
C21798753,C10055,Litigation
C21798754,C10055,Litigation
C21798755,C10055,Litigation
C21798756,C10055,Litigation
C21798757,C10055,Litigation
C21798758,C10055,Litigation
C21798759,C10055,Litigation
C21798760,C10055,Litigation
C21798761,C10055,Litigation
C21798762,C10055,Litigation
C21798763,C10055,Litigation
C21798764,C10055,Litigation
C21798765,C10055,Litigation
C21798766,C10055,Litigation
C21798766,C10132,Ireland
C21798767,C10055,Litigation
C21798768,C10055,Litigation
C21798769,C10055,Litigation
C21798770,C10055,Litigation
C21798771,C10055,Litigation
C21798772,C10055,Litigation
C21798773,C10055,Litigation
C21798774,C10055,Litigation
C21798775,C10055,Litigation
C21798776,C10055,Litigation
C21798777,C10055,Litigation
C21798778,C10055,Litigation
C21798779,C10055,Litigation
C21798780,C10055,Litigation
C21798781,C10055,Litigation
C21798782,C10055,Litigation
C21798783,C10055,Litigation
C21798783,C10025,Debt
C21798784,C10055,Litigation
C21798785,C10055,Litigation
C21798786,C10055,Litigation
C21798787,C10055,Litigation
C21798788,C10055,Litigation
C21798789,C10055,Litigation
C21798790,C10055,Litigation
C21798791,C10055,Litigation
C21798792,C10055,Litigation
C21798793,C10055,Litigation
C21798794,C10055,Litigation
C21798795,C10055,Litigation
C21798796,C10055,Litigation
C21798797,C10055,Litigation
C21798798,C10055,Litigation
C21798799,C10055,Litigation
C21798800,C10055,Litigation
C21798801,C10055,Litigation
C21798802,C10055,Litigation
C21798803,C10055,Litigation
C21798804,C10055,Litigation
C21798805,C10055,Litigation
C21798806,C10055,Litigation
C21798807,C10055,Litigation
C21798808,C10055,Litigation
C21798809,C10055,Litigation
C21798810,C10055,Litigation
C21798811,C10055,Litigation
C21798812,C10055,Litigation
C21798813,C10055,Litigation
C21798815,C10055,Litigation
C21798816,C10055,Litigation
C21798817,C10055,Litigation
C21798818,C10055,Litigation
C21798819,C10055,Litigation
C21798820,C10055,Litigation
C21798821,C10055,Litigation
C21798822,C10055,Litigation
C21798823,C10055,Litigation
C21798824,C10055,Litigation
C21798825,C10055,Litigation
C21798826,C10055,Litigation
C21798827,C10055,Litigation
C21798828,C10055,Litigation
C21798829,C10055,Litigation
C21798830,C10055,Litigation
C21798831,C10055,Litigation
C21798832,C10055,Litigation
C21798833,C10055,Litigation
C21798834,C10055,Litigation
C21798834,C10056,Manors
C21798835,C10055,Litigation
C21798836,C10131,Europe and Russia
C21798836,C10055,Litigation
C21798836,C10056,Manors
C21798837,C10055,Litigation
C21798838,C10055,Litigation
C21798838,C10025,Debt
C21798839,C10055,Litigation
C21798840,C10055,Litigation
C21798841,C10055,Litigation
C21798842,C10055,Litigation
C21798843,C10055,Litigation
C21798844,C10055,Litigation
C21798845,C10055,Litigation
C21798846,C10055,Litigation
C21798847,C10055,Litigation
C21798848,C10055,Litigation
C21798849,C10055,Litigation
C21798850,C10055,Litigation
C21798851,C10055,Litigation
C21798852,C10055,Litigation
C21798853,C10055,Litigation
C21798854,C10055,Litigation
C21798855,C10055,Litigation
C21798856,C10055,Litigation
C21798857,C10055,Litigation
C21798858,C10055,Litigation
C21798859,C10055,Litigation
C21798860,C10055,Litigation
C21798861,C10055,Litigation
C21798862,C10055,Litigation
C21798863,C10055,Litigation
C21798864,C10055,Litigation
C21798865,C10055,Litigation
C21798866,C10055,Litigation
C21798867,C10055,Litigation
C21798868,C10055,Litigation
C21798869,C10059,Marriage and divorce
C21798869,C10055,Litigation
C21798870,C10055,Litigation
C21798871,C10055,Litigation
C21798871,C10056,Manors
C21798872,C10055,Litigation
C21798873,C10055,Litigation
C21798874,C10055,Litigation
C21798875,C10055,Litigation
C21798876,C10055,Litigation
C21798877,C10055,Litigation
C21798878,C10055,Litigation
C21798879,C10055,Litigation
C21798880,C10055,Litigation
C21798881,C10055,Litigation
C21798882,C10055,Litigation
C21798883,C10055,Litigation
C21798884,C10055,Litigation
C21798885,C10055,Litigation
C21798886,C10055,Litigation
C21798887,C10055,Litigation
C21798888,C10055,Litigation
C21798889,C10055,Litigation
C21798890,C10055,Litigation
C21798891,C10055,Litigation
C21798892,C10055,Litigation
C21798893,C10055,Litigation
C21798894,C10055,Litigation
C21798894,C10025,Debt
C21798895,C10055,Litigation
C21798896,C10055,Litigation
C21798897,C10055,Litigation
C21798898,C10055,Litigation
C21798899,C10055,Litigation
C21798900,C10055,Litigation
C21798901,C10055,Litigation
C21304513,C10056,Manors
C21304550,C10107,Tithes
C21304550,C10056,Manors
C21304550,C10036,Farming
C21304582,C10025,Debt
C21304592,C10086,Public disorder
C21459809,C10025,Debt
C21459847,C10025,Debt
C21459864,C10023,Crime
C21459881,C10056,Manors
C21459969,C10056,Manors
C21459972,C10025,Debt
C21459974,C10108,Trade and commerce
C21459974,C10025,Debt
C21460005,C10059,Marriage and divorce
C21460008,C10025,Debt
C21460009,C10039,Food and drink
C21460009,C10108,Trade and commerce
C21460015,C10025,Debt
C21460041,C10132,Ireland
C21460071,C10056,Manors
C21460100,C10131,Europe and Russia
C21460105,C10025,Debt
C21460122,C10025,Debt
C21460132,C10056,Manors
C21460133,C10025,Debt
C21445894,C10025,Debt
C21445888,C10025,Debt
C21445939,C10116,Wills and probate
C21445961,C10023,Crime
C21445967,C10059,Marriage and divorce
C21445993,C10116,Wills and probate
C21446087,C10025,Debt
C21446088,C10025,Debt
C21446129,C10056,Manors
C21446129,C10071,Nationality
C21446158,C10025,Debt
C21446171,C10056,Manors
C21446347,C10025,Debt
C21446347,C10007,Banking
C21446347,C10022,Conveyancing
C21579846,C10056,Manors
C21579876,C10056,Manors
C21579906,C10025,Debt
C21579931,C10107,Tithes
C21579957,C10108,Trade and commerce
C21579976,C10025,Debt
C21598243,C10072,Navy
C21598305,C10013,Clothing
C21598306,C10025,Debt
C21626350,C10056,Manors
C21626390,C10039,Food and drink
C21626486,C10056,Manors
C21626487,C10056,Manors
C21626487,C10029,Disability
C21665376,C10025,Debt
C21665393,C10108,Trade and commerce
C21665393,C10025,Debt
C21665528,C10056,Manors
C21665551,C10116,Wills and probate
C21679363,C10056,Manors
C21679367,C10059,Marriage and divorce
C21679382,C10056,Manors
C21679382,C10052,Labour
C21679412,C10056,Manors
C21679429,C10040,Forestry
C21679453,C10056,Manors
C21679460,C10025,Debt
C21679469,C10077,Pay and pensions
C21679470,C10085,Prisons
C21692250,C10039,Food and drink
C21692250,C10025,Debt
C21692256,C10055,Litigation
C21692269,C10056,Manors
C21692281,C10056,Manors
C21692321,C10055,Litigation
C21692323,C10039,Food and drink
C21692323,C10025,Debt
C21692333,C10131,Europe and Russia
C21692333,C10056,Manors
C21692377,C10059,Marriage and divorce
C21692397,C10056,Manors
C21692404,C10056,Manors
C21692424,C10040,Forestry
C21692448,C10059,Marriage and divorce
C21692454,C10055,Litigation
C21692454,C10025,Debt
C21692454,C10057,Manufacturing
C21692458,C10056,Manors
C21692496,C10025,Debt
C21738990,C10056,Manors
C21738993,C10059,Marriage and divorce
C21739043,C10059,Marriage and divorce
C21739065,C10108,Trade and commerce
C21739065,C10025,Debt
C21739105,C10012,Children
C21739128,C10108,Trade and commerce
C21739128,C10056,Manors
C21798978,C10056,Manors
C21799000,C10025,Debt
C21799034,C10025,Debt
C21799117,C10025,Debt
C21872779,C10056,Manors
C21872838,C10025,Debt
C21872892,C10025,Debt
C21873019,C10056,Manors
C21873022,C10025,Debt
C21994242,C10023,Crime
C21994248,C10055,Litigation
C21994321,C10025,Debt
C21994329,C10025,Debt
C21994356,C10025,Debt
C21994423,C10039,Food and drink
C21994423,C10108,Trade and commerce
C21994423,C10025,Debt
C21994444,C10132,Ireland
C21994466,C10116,Wills and probate
C21994485,C10025,Debt
C22001967,C10056,Manors
C22002063,C10025,Debt
C22002064,C10131,Europe and Russia
C22002064,C10025,Debt
C22002094,C10025,Debt
C22002179,C10025,Debt
C22002232,C10107,Tithes
C22002232,C10116,Wills and probate
C22002271,C10056,Manors
C22002286,C10025,Debt
C22002286,C10056,Manors
C22002309,C10025,Debt
C22016929,C10056,Manors
C22016936,C10056,Manors
C22016952,C10056,Manors
C22017028,C10056,Manors
C22017030,C10108,Trade and commerce
C22017030,C10025,Debt
C22017039,C10116,Wills and probate
C22017075,C10025,Debt
C22017084,C10056,Manors
C22017084,C10012,Children
C22017087,C10025,Debt
C22017087,C10056,Manors
C22017142,C10056,Manors
C22017143,C10040,Forestry
C22017147,C10056,Manors
C22017147,C10116,Wills and probate
C22017177,C10007,Banking
C22017177,C10012,Children
C22017177,C10022,Conveyancing
C22017188,C10056,Manors
C22017260,C10059,Marriage and divorce
C22017260,C10077,Pay and pensions
C22017267,C10036,Farming
C22017288,C10025,Debt
C22017288,C10116,Wills and probate
C22017300,C10059,Marriage and divorce
C22057968,C10025,Debt
C22057991,C10056,Manors
C22057995,C10107,Tithes
C22057995,C10036,Farming
C22057998,C10108,Trade and commerce
C22057998,C10056,Manors
C22058016,C10036,Farming
C22058048,C10116,Wills and probate
C22058054,C10025,Debt
C22058063,C10025,Debt
C22058152,C10039,Food and drink
C22058152,C10025,Debt
C22058152,C10013,Clothing
C22058172,C10056,Manors
C22058180,C10056,Manors
C22058241,C10055,Litigation
C22058241,C10025,Debt
C22058255,C10025,Debt
C22058267,C10025,Debt
C22058283,C10036,Farming
C22058285,C10025,Debt
C22058285,C10036,Farming
C22058288,C10077,Pay and pensions
C22058292,C10059,Marriage and divorce
C22058341,C10059,Marriage and divorce
C22058341,C10025,Debt
C22058353,C10059,Marriage and divorce
C22058353,C10106,Taxation
C22058353,C10107,Tithes
C22058353,C10116,Wills and probate
C22058426,C10025,Debt
C22058465,C10025,Debt
C22058472,C10025,Debt
C22058474,C10025,Debt
C22058490,C10107,Tithes
C22058506,C10056,Manors
C22058506,C10007,Banking
C22058506,C10036,Farming
C22058528,C10023,Crime
C22058528,C10052,Labour
C22058547,C10056,Manors
C22058586,C10025,Debt
C22058623,C10025,Debt
