burial_id,gender
4260,male
4261,male
4262,male
4263,male
4264,male
4265,female
4266,female
4267,female
4270,male
4271,male
4272,female
4273,female
4274,male
4275,female
4276,female
4277,male
4278,male
4279,female
4280,female
4281,female
4284,female
4285,male
4287,female
4288,female
4289,female
4290,female
4291,male
4292,male
4293,female
4294,male
4295,male
4296,male
4297,female
4298,female
4300,male
4302,male
4303,female
4304,male
4305,female
4306,male
4307,male
4309,male
4310,male
4311,male
4312,female
4313,male
4314,female
4316,male
4317,male
4319,female
4320,female
4321,female
4322,male
4323,male
4324,male
4325,female
4326,female
4327,female
4328,female
4329,female
4330,female
4331,female
4332,male
4333,male
4334,male
4335,female
4336,male
4337,male
4338,female
4339,male
4340,male
4341,female
4342,male
4343,female
4344,female
4346,male
4348,female
4350,male
4351,female
4352,male
4353,male
4354,female
4355,male
4356,male
4357,female
4358,female
4359,female
4361,male
4362,female
4363,female
4364,female
4365,male
4367,female
4368,male
4369,female
4370,female
4371,male
4372,male
4373,female
4374,female
4375,male
4376,male
4377,female
4378,male
4379,male
4380,male
4381,male
4383,female
4384,female
4385,male
4386,male
4387,female
4388,male
4389,male
4390,male
4391,male
4392,male
4393,female
4394,female
4395,female
4396,female
4397,male
4398,female
4399,male
4400,female
4401,female
4402,male
4403,female
4404,female
4405,female
4407,female
4408,female
4409,female
4414,male
4415,female
4418,male
4420,female
4421,male
4422,male
4423,male
4424,male
4425,male
4426,female
4427,female
4428,male
4429,male
4430,male
4431,female
4432,male
4433,male
4434,male
4435,male
4436,male
4437,female
4438,male
4439,male
4440,male
4441,male
4443,male
4445,male
4446,male
4447,female
4448,female
4449,male
4451,male
4453,female
4454,female
4455,female
4456,female
4457,female
4458,male
4459,male
4460,male
4461,male
4462,male
4463,female
4464,male
4465,female
4466,male
4467,male
4468,female
4469,female
4470,female
4472,male
4473,female
4474,female
4476,female
4477,male
4479,female
4480,female
4481,male
4482,female
4483,male
4484,female
4485,female
4486,male
4487,male
4488,female
4489,female
4490,male
4491,male
4492,female
4493,male
4495,female
4497,female
4498,female
4500,female
4501,female
4502,male
4503,female
4504,male
4505,female
4506,male
4507,male
4508,female
4511,male
4512,female
4515,female
4516,male
4517,female
4518,male
4519,female
4520,female
4521,male
4522,male
4523,female
4525,female
4526,female
4527,male
4528,male
4531,female
4532,female
4533,male
4534,male
4535,male
4536,female
4537,female
4538,female
4539,female
4540,male
4542,male
4543,female
4546,female
4547,male
4548,male
4549,female
4550,male
4553,male
4554,male
4555,male
4556,female
4557,male
4558,male
4559,male
4560,female
4561,female
4562,male
4563,female
4565,male
4566,female
4567,male
4568,female
4569,male
4570,male
4571,female
4573,male
4574,male
4575,male
4576,male
4577,female
4578,female
4579,male
4580,male
4582,male
4583,male
4584,female
4585,male
4586,female
4587,male
4588,female
4589,male
4590,male
4591,male
4593,female
4594,male
4595,female
4596,male
4601,female
4602,female
4603,female
4604,male
4605,female
4606,female
4607,male
4608,female
4609,female
4610,male
4611,female
4612,male
4613,male
4614,female
4615,female
4616,female
4619,male
4620,female
4621,female
4622,male
4623,female
4624,male
4625,male
4626,male
4627,male
4628,female
4629,male
4632,male
4633,male
4634,male
4635,female
4636,male
4637,male
4638,male
4639,female
4640,male
4641,male
4643,female
4644,male
4645,female
4646,female
4647,male
4648,male
4649,female
4650,male
4651,female
4652,male
4653,male
4654,male
4655,male
4657,male
4658,male
4659,male
4660,female
4661,female
4663,female
4664,male
4665,male
4666,female
4667,male
4668,female
4669,female
4671,male
4672,female
4673,male
4674,male
4675,female
4677,female
4678,female
4679,female
4680,male
4681,female
4682,male
4683,male
4685,male
4686,female
4687,male
4690,female
4691,male
4692,male
4693,female
4694,female
4695,female
4696,male
4697,male
4698,male
4699,female
4700,female
4701,female
4702,male
4703,female
4704,male
4707,female
4708,female
4709,male
4710,male
4711,female
4712,male
4713,female
4714,female
4715,female
4716,female
4717,male
4718,female
4719,female
4720,female
4721,female
4722,female
4723,male
4724,male
4725,female
4726,male
4728,female
4730,male
4732,male
4733,female
4734,male
4735,male
4736,female
4737,male
4738,male
4739,male
4740,male
4741,female
4742,female
4743,male
4744,female
4745,male
4746,female
4747,male
4748,female
4749,male
4751,male
4754,male
4755,female
4756,female
4757,male
4758,female
4759,female
4760,female
4761,female
4762,male
4763,male
4764,female
4765,male
4766,male
4767,male
4768,male
4770,male
4771,female
4772,female
4773,male
4774,male
4775,male
4776,male
4777,male
4779,female
4781,male
4782,male
4783,male
4784,female
4785,male
4786,male
4787,male
4788,male
4789,male
4790,male
4791,female
4792,female
4793,male
4794,male
4795,male
4796,male
4797,male
4798,male
4799,female
4800,female
4801,male
4802,male
4803,male
4804,male
4805,male
4806,male
4808,male
4809,female
4810,male
4812,male
4813,male
4814,female
4815,female
4816,male
4817,male
4818,female
4820,male
4821,female
4822,male
4823,male
4824,male
4825,male
4826,male
4827,female
4828,female
4829,male
4830,female
4831,male
4832,female
4833,female
4834,male
4835,male
4836,female
4837,female
4838,female
4839,male
4840,male
4841,male
4842,female
4843,female
4844,male
4845,male
4846,male
4847,male
4848,female
4849,female
4850,female
4851,female
4853,male
4854,female
4855,male
4857,male
4858,female
4859,female
4860,female
4861,female
4862,male
4863,female
4864,female
4865,male
4866,female
4867,male
4868,male
4870,female
4871,female
4872,male
4873,male
4874,female
4875,male
4876,male
4878,female
4879,male
4880,female
4881,female
4882,male
4883,female
4885,female
4886,male
4887,male
4889,female
4890,female
4891,male
4892,male
4893,female
4894,female
4895,female
4896,female
4897,male
4899,female
4900,male
4901,male
4902,male
4903,female
4904,male
4905,male
4906,female
4907,male
4908,female
4909,female
4910,female
4912,male
4913,male
4914,male
4915,female
4916,male
4917,female
4918,female
4919,female
4921,female
4922,male
4924,female
4925,male
4926,male
4927,male
4928,male
4929,male
4930,female
4931,male
4932,female
4934,female
4935,female
4936,female
4937,male
4938,male
4939,male
4940,female
4941,female
4942,female
4943,male
4944,female
4945,male
4946,female
4947,male
4948,female
4951,male
4952,male
4953,female
4954,female
4955,male
4956,female
4957,male
4959,male
4960,female
4961,male
4962,female
4964,female
4965,female
4966,female
4967,female
4968,male
4969,female
4970,male
4972,male
4973,male
4974,male
4975,male
4977,female
4978,male
4980,male
4981,male
4982,female
4983,female
4984,male
4985,female
4986,male
4987,female
4988,female
4989,male
4991,male
4992,female
4993,female
4994,male
4995,female
4996,male
4997,female
4999,female
5000,male
5001,female
5002,female
5003,female
5004,male
5005,male
5006,male
5007,female
5008,male
5010,female
5011,female
5013,female
5014,female
5015,male
5017,female
5018,female
5020,female
5021,female
5022,female
5023,male
5024,female
5025,female
5026,female
5027,male
5028,female
5029,male
5030,male
5031,male
5032,male
5033,male
5034,male
5035,male
5036,female
5037,male
5038,female
5039,female
5040,female
5043,female
5044,female
5046,female
5047,male
5048,male
5049,female
5050,female
5051,female
5052,female
5054,male
5055,female
5056,female
5057,male
5058,female
5059,male
5060,female
5061,male
5062,female
5063,male
5064,male
5065,male
5066,male
5067,female
5068,male
5069,male
5070,male
5071,female
5072,female
5074,male
5075,male
5076,male
5077,male
5078,male
5079,male
5082,male
5083,male
5085,female
5086,female
5087,male
5088,female
5089,female
5090,female
5091,female
5093,female
5097,female
5098,female
5100,female
5101,female
5103,female
5104,male
5105,female
5106,female
5107,male
5108,female
5109,female
5110,male
5111,male
5112,female
5113,male
5114,female
5115,female
5116,male
5117,male
5118,male
5119,female
5120,female
5121,male
5122,female
5123,male
5124,female
5125,male
5126,male
5127,female
5128,female
5129,female
5130,female
5131,female
5132,male
5133,male
5134,female
5135,male
5136,female
5137,male
5138,male
5139,male
5140,male
5141,male
5142,female
5143,male
5144,female
5145,male
5146,male
5147,male
5148,female
5150,female
5151,female
5152,male
5153,female
5155,male
5156,male
5157,male
5158,male
5159,male
5161,male
5162,female
5164,female
5165,female
5166,female
5167,female
5168,male
5169,female
5170,male
5171,female
5172,female
5173,female
5174,male
5175,male
5176,female
5177,female
5178,male
5179,female
5180,male
5181,male
5182,female
5183,female
5184,female
5185,female
5186,female
5187,male
5188,female
5189,male
5190,male
5191,female
5192,male
5193,male
5194,female
5195,female
5196,male
5197,female
5198,male
5199,male
5200,female
5201,male
5202,male
5203,female
5204,male
5205,male
5206,male
5208,male
5209,male
5210,female
5212,female
5213,male
5214,male
5215,female
5216,female
5217,female
5219,female
5220,male
5221,female
5222,female
5224,male
5225,male
5226,female
5228,female
5229,female
5230,female
5231,male
5232,female
5233,female
5234,female
5236,male
5237,male
5238,female
5239,female
5240,male
5241,female
5242,male
5243,male
5244,female
5245,male
5246,female
5247,male
5248,female
5251,female
5254,male
5255,male
5256,male
5257,female
5258,female
5259,male
5260,male
5261,male
5262,female
5263,male
5264,male
5265,male
5266,male
5267,male
5268,female
5270,female
5271,male
5272,female
5273,female
5274,female
5275,female
5276,female
5277,female
5278,male
5279,female
5280,male
5281,female
5282,female
5283,male
5284,male
5285,male
5286,female
5287,male
5288,female
5289,female
5290,female
5291,male
5292,female
5293,female
5294,female
5295,male
5296,male
5297,male
5298,female
5299,female
5300,female
5302,male
5303,female
5305,female
5306,male
5307,male
5308,female
5309,male
5310,male
5311,female
5312,male
5313,female
5314,male
5315,male
5316,male
5317,male
5318,female
5319,male
5320,female
5321,male
5322,female
5323,male
5324,female
5325,female
5327,male
5328,female
5329,male
5330,female
5331,female
5332,male
5333,female
5334,male
5335,male
5336,male
5337,male
5338,male
5339,male
5340,female
5341,male
5342,male
5343,female
5344,female
5346,male
5347,female
5348,male
5349,male
5350,male
5351,male
5352,female
5353,female
5354,female
5355,female
5356,male
5357,male
5358,female
5359,female
5360,female
5361,female
5362,female
5363,female
5364,male
5365,female
5367,male
5368,male
5370,female
5371,female
5374,female
5375,female
5376,male
5377,male
5378,female
5379,female
5380,female
5381,female
5382,female
5383,female
5384,female
5385,male
5386,male
5387,female
5388,female
5389,male
5390,male
5391,female
5392,male
5393,male
5394,female
5395,male
5396,female
5397,female
5398,female
5399,female
5400,female
5401,male
5402,female
5403,male
5404,female
5405,male
5406,female
5407,male
5408,male
5409,female
5410,female
5411,female
5412,male
5414,female
5415,male
5416,female
5417,female
5418,male
5420,male
5421,male
5422,male
5423,female
5424,male
5425,female
5426,male
5427,male
5428,female
5429,female
5430,male
5432,female
5433,male
5434,male
5435,female
5436,male
5437,male
5438,female
5439,female
5440,female
5442,male
5443,female
5445,male
5446,male
5447,male
5448,male
5450,male
5451,female
5452,male
5453,female
5454,male
5455,male
5456,male
5457,male
5458,male
5459,male
5461,female
5462,male
5463,male
5464,female
5465,male
5466,female
5467,male
5468,male
5469,female
5470,female
5471,female
5472,female
5473,male
5474,female
5475,female
5476,female
5477,female
5478,female
5479,female
5480,male
5481,female
5482,male
5483,female
5484,female
5485,male
5486,female
5487,female
5488,female
5489,female
5491,male
5492,male
5493,male
5494,female
5495,male
5496,male
5497,female
5498,female
5499,female
5500,female
5501,male
5502,female
5503,male
5504,male
5505,male
5506,female
5507,female
5508,male
5509,female
5510,male
5511,female
5512,male
5513,female
5514,male
5515,male
5516,female
5517,female
5518,male
5519,male
5520,female
5521,female
5522,female
5523,female
5524,female
5525,male
5526,male
5527,male
5528,female
5529,female
5530,male
5531,female
5532,female
5533,female
5534,female
5535,female
5536,female
5537,male
5538,male
5539,female
5540,male
5541,male
5542,female
5543,male
5544,male
5545,female
5546,female
5547,female
5548,male
5549,female
5550,female
5551,male
5552,male
5553,male
5555,female
5556,male
5557,male
5558,male
5559,female
5560,male
5561,male
5562,male
5563,male
5564,female
5566,female
5567,female
5568,male
5569,male
5570,male
5571,male
5572,female
5573,female
5574,male
5575,female
5576,male
5577,male
5578,male
5579,female
5580,female
5581,female
5582,female
5583,female
5584,male
5585,female
5587,male
5588,female
5589,female
5590,male
5591,female
5592,male
5593,female
5595,female
5596,female
5597,male
5598,male
5599,male
5600,female
5601,female
5602,male
5604,female
5605,female
5606,female
5607,male
5608,male
5609,female
5610,male
5611,female
5612,male
5613,male
5614,female
5615,female
5616,male
5617,male
5620,female
5621,female
5622,male
5623,male
5624,female
5625,female
5626,female
5627,female
5628,male
5629,male
5630,female
5631,male
5632,male
5633,male
5634,male
5635,female
5636,female
5637,female
5638,male
5639,female
5641,male
5644,female
5645,female
5646,female
5647,female
5648,male
5649,male
5650,female
5652,male
5653,male
5654,male
5655,female
5656,female
5657,male
5658,male
5659,male
5660,male
5662,male
5663,male
5664,male
5668,female
5669,female
5670,male
5671,male
5672,female
5673,female
5674,female
5675,male
5676,male
5677,female
5678,female
5679,male
5680,male
5681,female
5682,male
5683,female
5684,male
5685,female
5686,female
5687,male
5688,female
5689,female
5690,female
5692,male
5693,female
5695,male
5697,male
5698,female
5699,male
5700,female
5701,male
5702,male
5703,female
5704,male
5705,female
5706,male
5707,male
5708,female
5709,female
5710,male
5711,male
5712,female
5713,male
5714,male
5715,male
5716,female
5717,female
5718,female
5719,female
5720,male
5721,female
5722,male
5723,male
5724,male
5725,female
5726,male
5728,male
5729,male
5730,female
5731,female
5733,male
5734,male
5735,female
5736,male
5737,male
5739,male
5740,female
5741,female
5743,female
5744,female
5745,female
5746,male
5747,male
5748,male
5749,male
5751,male
5752,male
5753,female
5754,male
5755,female
5757,male
5758,female
5759,female
5760,female
5761,male
5762,female
5763,female
5765,male
5768,female
5769,female
5770,male
5772,male
5773,male
5775,female
5776,male
5777,male
5778,male
5779,female
5780,male
5781,female
5782,female
5783,female
5784,female
5785,female
5786,female
5787,female
5788,male
5789,female
5790,female
5791,male
5792,female
5793,male
5794,female
5797,female
5798,female
5799,male
5800,female
5801,male
5802,male
5803,male
5804,male
5805,female
5806,male
5807,female
5808,female
5809,female
5810,male
5811,female
5813,female
5814,female
5815,male
5816,male
5817,male
5818,male
5819,male
5820,male
5821,female
5822,male
5823,female
5825,male
5826,female
5827,male
5829,female
5830,male
5831,male
5832,female
5834,female
5836,female
5837,male
5838,female
5839,male
5840,male
5841,female
5842,male
5843,male
5844,male
5846,male
5847,male
5848,male
5849,female
5850,male
5851,male
5852,male
5853,male
5854,male
5855,female
5856,female
5857,male
5858,female
5859,female
5860,male
5861,male
5862,male
5863,male
5864,female
5865,female
5866,male
5867,female
5868,male
5869,female
5870,male
5871,male
5872,male
5873,male
5874,male
5875,male
5876,male
5877,female
5878,female
5879,female
5880,female
5881,female
5882,male
5883,male
5884,male
5885,male
5887,male
5888,male
5889,female
5890,male
5891,female
5892,female
5893,male
5894,female
5895,female
5896,male
5898,female
5899,female
5900,male
5901,male
5902,male
5903,female
5904,female
5905,female
5906,female
5907,male
5908,female
5909,male
5911,male
5912,male
5913,female
5914,male
5915,female
5916,male
5917,female
5918,male
5919,female
5920,female
5921,male
5922,female
5923,female
5924,female
5925,male
5926,female
5927,female
5928,female
5930,female
5931,male
5932,female
5933,female
5934,female
5935,male
5936,male
5937,female
5939,female
5940,male
5941,male
5942,female
5943,female
5944,male
5945,female
5946,male
5947,female
5949,female
5950,female
5951,male
5952,female
5953,female
5954,female
5955,female
5956,male
5957,female
5958,female
5959,female
5960,male
5962,male
5964,male
5965,male
5966,male
5967,male
5968,male
5969,male
5970,male
5971,female
5972,male
5973,male
5974,female
5975,male
5977,female
5978,male
5979,male
5980,male
5981,female
5982,male
5983,male
5984,female
5985,male
5986,male
5987,female
5988,male
5989,male
5991,female
5992,male
5993,male
5994,male
5995,male
5996,male
5997,male
6000,female
6001,male
6002,male
6003,male
6004,female
6005,male
6006,female
6007,male
6008,male
6009,male
6010,male
6011,female
6012,female
6013,female
6014,male
6015,female
6016,male
6017,female
6018,male
6019,male
6021,male
6022,female
6023,male
6024,female
6025,female
6026,female
6028,female
6029,male
6030,female
6031,female
6032,male
6033,male
6034,female
6035,female
6036,male
6037,female
6038,male
6039,male
6040,female
6042,female
6043,female
6044,male
6045,male
6046,male
6047,female
6048,male
6049,male
6050,male
6051,female
6052,female
6053,female
6054,male
6055,female
6058,male
6059,female
6061,male
6062,female
6063,female
6064,female
6065,female
6066,male
6067,female
6068,male
6069,female
6070,male
6071,female
6073,male
6074,male
6075,male
6076,male
6078,female
6079,male
6080,male
6081,female
6082,female
6083,male
6084,male
6085,male
6086,female
6087,male
6088,female
6089,female
6090,female
6091,male
6092,female
6094,female
6096,female
6097,female
6098,female
6099,male
6100,female
6101,female
6103,female
6104,female
6105,female
6106,female
6108,male
6109,male
6110,male
6111,male
6112,female
6113,male
6114,female
6117,female
6118,female
6119,female
6121,female
6122,female
6123,male
6124,male
6125,female
6126,female
6127,male
6128,male
6129,female
6130,male
6131,male
6132,female
6133,female
6134,female
6135,male
6136,male
6137,male
6138,male
6139,male
6141,male
6142,female
6144,male
6145,female
6147,female
6148,female
6149,male
6150,male
6151,female
6152,female
6153,male
6154,male
6156,female
6157,male
6158,female
6159,female
6160,male
6161,female
6162,female
6163,female
6164,male
6166,female
6167,female
6168,female
6169,male
6170,male
6171,female
6173,female
6175,female
6176,male
6177,male
6178,male
6179,male
6180,male
6181,female
6183,male
6184,male
6185,female
6186,female
6188,male
6189,female
6191,female
6192,male
6193,female
6194,female
6195,male
6196,female
6197,male
6198,male
6199,female
6200,female
6202,male
6203,female
6206,male
6207,female
6208,male
6209,female
6210,male
6211,male
6212,male
6213,female
6214,male
6217,male
6218,male
6219,female
6221,male
6222,male
6223,female
6224,male
6225,female
6226,female
6227,male
6228,male
6229,female
6230,male
6231,female
6232,female
6233,male
6234,female
6235,female
6236,male
6237,female
6238,female
6239,male
6240,male
6241,male
6242,male
6243,male
6244,male
6245,male
6246,male
6247,female
6249,female
6250,female
6251,male
6252,female
6253,male
6254,female
6255,male
6256,male
6258,female
6259,male
6260,male
6261,male
6262,female
6264,male
6265,female
6266,male
6267,female
6269,female
6271,male
6272,female
6273,male
6274,male
6275,female
6276,male
6277,male
6279,male
6280,female
6281,female
6282,male
6283,male
6284,female
6285,male
6286,female
6287,male
6288,female
6290,female
6291,female
6292,female
6293,female
6295,female
6296,male
6301,female
6302,male
6303,male
6304,female
6305,male
6306,female
6307,female
6308,male
6309,male
6310,male
6311,female
6312,male
6313,male
6314,male
6315,male
6316,male
6319,male
6320,female
6321,male
6322,male
6323,female
6324,female
6325,female
6326,male
6327,male
6328,female
6329,female
6330,female
6333,female
6334,female
6335,male
6337,female
6338,male
6339,male
6340,male
6341,male
6343,male
6344,male
6345,male
6347,male
6348,male
6349,female
6350,male
6351,male
6352,male
6353,male
6354,female
6355,female
6356,female
6357,male
6358,female
6359,female
6361,female
6362,male
6363,male
6364,female
6365,male
6366,female
6367,male
6368,male
6369,male
6370,male
6371,male
6372,male
6373,male
6374,female
6375,male
6376,female
6377,male
6378,female
6379,male
6380,male
6381,male
6382,male
6383,male
6385,female
6386,male
6388,male
6390,male
6391,male
6392,female
6393,female
6394,male
6395,female
6396,male
6397,female
6398,female
6399,female
6400,female
6401,female
6402,male
6403,male
6404,female
6407,male
6408,male
6409,female
6410,male
6411,male
6412,female
6413,female
6416,male
6417,male
6418,female
6419,female
6421,male
6422,male
6423,female
6425,male
6426,female
6427,female
6428,female
6429,female
6431,male
6432,female
6433,female
6434,male
6435,male
6436,female
6437,female
6438,female
6439,female
6440,female
6441,male
6442,male
6443,male
6444,female
6445,female
6447,female
6448,male
6449,female
6450,male
6451,female
6453,female
6454,female
6455,male
6456,male
6457,male
6458,female
6460,female
6461,male
6462,female
6463,male
6464,female
6465,male
6466,female
6467,male
6468,male
6469,male
6470,male
6471,female
6472,male
6473,male
6474,male
6475,male
6476,female
6477,female
6478,female
6479,female
6480,female
6481,female
6483,female
6484,female
6485,female
6486,female
6487,male
6488,male
6489,male
6490,male
6491,female
6492,male
6493,male
6494,female
6495,male
6496,male
6497,male
6498,male
6499,male
6500,female
6501,female
6502,male
6503,female
6504,female
6505,female
6506,male
6507,female
6509,male
6510,female
6511,male
6512,male
6513,female
6514,male
6515,female
6516,male
6517,male
6518,male
6519,male
6520,male
6521,female
6522,male
6523,female
6524,female
6525,female
6526,female
6527,female
6528,female
6529,female
6530,male
6531,male
6532,female
6533,female
6534,male
6535,female
6536,female
6537,male
6538,female
6539,female
6540,female
6541,male
6542,female
6543,male
6545,female
6546,female
6547,female
6548,female
6549,male
6550,male
6551,female
6552,female
6553,female
6554,male
6555,female
6556,female
6557,female
6560,male
6563,male
6564,female
6565,male
6566,male
6567,female
6568,male
6569,male
6570,female
6571,female
6572,female
6573,female
6574,male
6575,male
6576,female
6577,male
6578,female
6579,male
6580,male
6581,female
6582,female
6583,male
6584,male
6585,female
6586,male
6587,female
6588,male
6589,female
6590,male
6591,male
6592,female
6593,male
6594,female
6595,female
6596,female
6597,female
6598,male
6599,female
6600,male
6601,male
6602,female
6603,female
6604,male
6605,female
6606,female
6607,male
6608,male
6609,male
6610,female
6611,male
6612,female
6613,female
6614,male
6615,male
6616,male
6617,female
6618,male
6619,male
6620,male
6621,female
6622,male
6623,male
6624,male
6625,male
6626,male
6627,male
6628,male
6629,male
6630,female
6631,male
6632,female
6633,male
6634,female
6635,male
6636,male
6637,female
6638,female
6639,male
6640,female
6641,female
6642,male
6643,female
6644,male
6645,female
6646,male
6647,female
6649,male
6650,male
6651,female
6652,male
6653,female
6654,male
6655,male
6656,female
6658,male
6659,male
6660,female
6661,male
6662,female
6663,female
6664,male
6665,female
6666,female
6667,female
6668,female
6669,female
6670,male
6671,female
6675,male
6677,male
6678,male
6679,female
6680,female
6681,female
6683,male
6684,male
6685,male
6686,male
6687,female
6688,male
6689,male
6691,male
6692,male
6693,male
6694,male
6696,female
6698,female
6699,male
6700,male
6701,male
6703,male
6704,male
6705,female
6706,male
6707,female
6708,female
6709,female
6710,male
6711,male
6712,female
6713,female
6714,female
6715,female
6716,male
6719,male
6720,male
6721,female
6722,female
6723,female
6724,male
6725,male
6726,male
6727,male
6728,male
6729,male
6730,male
6731,female
6732,male
6733,male
6734,female
6735,male
6737,female
6738,female
6739,female
6740,female
6741,female
6742,female
6743,male
6744,male
6745,male
6746,male
6747,male
6748,male
6749,female
6750,female
6751,female
6752,female
6753,male
6754,female
6755,male
6756,male
6757,male
6758,male
6759,male
6760,male
6761,male
6762,male
6763,male
6764,female
6765,female
6766,male
6767,male
6768,female
6769,male
6770,male
6771,female
6772,male
6773,male
6774,male
6775,male
6776,male
6777,female
6778,male
6779,male
6780,female
6781,female
6782,female
6783,female
6784,male
6785,female
6786,female
6787,female
6788,female
6789,male
6790,female
6791,male
6792,male
6793,female
6794,male
6795,male
6796,female
6797,male
6798,male
6799,female
6800,male
6801,female
6802,female
6803,female
6804,female
6805,male
6806,male
6807,male
6808,male
6809,female
6810,male
6811,female
6812,male
6813,female
6814,male
6816,male
6817,male
6818,female
6819,male
6820,female
6821,male
6822,female
6823,female
6824,female
6825,male
6826,male
6827,female
6828,male
6829,male
6830,female
6831,female
6832,male
6833,male
6834,male
6835,female
6836,female
6837,male
6838,male
6839,female
6840,female
6841,female
6842,female
6843,female
6844,male
6845,male
6846,male
6847,female
6848,male
6849,male
6850,male
6851,male
6852,male
6853,female
6854,female
6855,female
6856,male
6857,female
6858,female
6859,male
6860,female
6861,male
6862,male
6863,female
6864,female
6865,male
6866,female
6867,female
6869,male
6870,female
6871,female
6872,male
6873,female
6874,male
6875,female
6876,female
6877,female
6878,female
6879,male
6880,male
6881,male
6882,female
6883,male
6884,male
6886,female
6887,female
6888,male
6890,female
6891,female
6892,female
6893,female
6894,female
6895,male
6896,male
6897,male
6898,male
6899,male
6900,male
6901,male
6902,female
6903,male
6904,female
6905,male
6906,male
6907,male
6910,female
6911,female
6912,male
6913,female
6914,female
6915,female
6916,male
6919,female
6920,female
6921,male
6922,female
6924,male
6925,male
6926,male
6927,female
6929,female
6930,male
6931,female
6932,female
6933,female
6934,male
6935,male
6936,female
6937,female
6938,female
6939,female
6940,female
6941,female
6942,female
6943,male
6944,female
6945,male
6946,female
6947,female
6948,male
6949,female
6950,female
6951,female
6952,female
6953,female
6954,male
6955,female
6956,male
6957,female
6958,female
6959,male
6960,female
6962,male
6963,female
6964,male
6965,male
6966,male
6967,female
6969,male
6970,female
6971,female
6972,male
6973,male
6974,male
6975,female
6976,female
6978,female
6980,female
6981,female
6982,male
6983,male
6984,male
6985,female
6986,male
6987,female
6988,female
6989,male
6990,male
6991,male
6992,female
6993,male
6994,female
6995,female
6997,female
6998,female
6999,female
7000,male
7001,female
7002,male
7003,male
7004,male
7005,male
7006,female
7007,male
7008,female
7009,female
7010,male
7011,female
7012,female
7014,male
7015,female
7016,female
7017,female
7018,male
7020,female
7021,female
7024,male
7025,male
7026,female
7027,male
7028,male
7029,female
7030,male
7031,male
7032,male
7033,male
7034,female
7035,female
7036,female
7037,female
7038,male
7039,male
7040,female
7042,female
7043,female
7045,male
7046,male
7047,male
7048,male
7049,female
7050,female
7051,female
7052,female
7054,female
7055,female
7056,female
7057,female
7058,male
7059,male
7060,female
7061,female
7064,female
7065,female
7067,male
7068,male
7069,male
7070,female
7072,male
7073,female
7074,male
7075,male
7076,female
7077,male
7080,male
7081,male
7082,male
7083,female
7084,male
7085,female
7086,female
7087,male
7088,male
7089,male
7090,male
7091,male
7092,male
7093,male
7094,female
7095,male
7096,male
7097,male
7098,male
7099,male
7100,male
7101,male
7102,female
7104,male
7105,female
7106,male
7107,male
7108,female
7109,male
7110,male
7111,female
7112,female
7114,female
7115,male
7116,female
7117,female
7118,female
7120,male
7121,male
7122,male
7123,female
7124,male
7125,female
7127,male
7128,male
7129,female
7130,female
7131,male
7132,male
7133,female
7136,female
7137,female
7138,male
7139,female
7140,male
7141,male
7142,male
7143,male
7144,male
7147,male
7148,female
7149,male
7150,female
7151,female
7152,female
7153,male
7154,female
7155,male
7156,female
7157,female
7158,male
7159,male
7160,female
7161,male
7162,male
7163,female
7164,female
7165,female
7166,female
7167,male
7168,female
7169,male
7170,male
7171,male
7172,female
7174,male
7175,male
7176,male
7177,female
7179,female
7180,male
7181,male
7183,female
7184,male
7185,female
7188,female
7189,female
7191,female
7192,female
7193,male
7194,female
7195,male
7196,female
7197,female
7198,female
7200,female
7201,male
7202,female
7203,female
7206,female
7207,female
7208,female
7209,female
7210,female
7211,female
7213,female
7214,male
7215,male
7216,female
7217,male
7219,male
7220,female
7222,male
7223,male
7224,male
7225,female
7226,female
7227,male
7229,male
7231,female
7232,male
7233,male
7234,female
7235,female
7236,male
7238,female
7239,male
7240,male
7241,female
7242,male
7244,male
7245,male
7246,female
7247,female
7249,female
7250,female
7251,male
7252,female
7253,female
7254,female
7255,male
7256,female
7257,male
7258,female
7259,female
7260,male
7261,female
7262,female
7263,male
7265,female
7267,female
7268,female
7270,male
7271,female
7272,male
7273,female
7275,female
7276,male
7277,female
7279,male
7280,male
7281,female
7283,female
7284,female
7285,female
7286,male
7287,male
7288,female
7289,female
7290,male
7292,female
7293,male
7294,male
7295,female
7296,female
7297,male
7299,male
7300,female
7301,female
7302,female
7304,male
7305,female
7306,male
7307,male
7308,male
7309,male
7310,male
7311,male
7312,male
7313,male
7316,male
7317,male
7318,female
7319,female
7320,male
7321,female
7322,male
7323,male
7324,female
7325,male
7326,female
7327,male
7328,female
7329,female
7330,male
7331,female
7332,male
7333,female
7334,male
7335,female
7336,female
7337,female
7338,male
7339,male
7340,male
7341,male
7342,female
7343,female
7344,male
7345,female
7346,female
7347,female
7348,male
7349,female
7350,male
7351,female
7352,male
7353,female
7354,male
7355,male
7356,female
7357,male
7358,female
7359,female
7361,male
7362,male
7363,male
7364,male
7365,female
7368,male
7369,male
7370,male
7371,female
7372,female
7373,female
7374,male
7375,female
7376,female
7377,female
7378,male
7379,female
7380,female
7382,male
7383,female
7385,female
7387,female
7388,female
7389,female
7390,male
7391,male
7392,male
7393,male
7396,male
7397,female
7398,female
7399,female
7400,female
7401,male
7402,male
7403,male
7404,female
7405,female
7406,male
7407,male
7409,male
7411,male
7413,female
7414,female
7415,female
7416,female
7417,male
7418,male
7420,female
7421,male
7422,female
7424,male
7425,male
7426,female
7428,male
7429,male
7430,male
7431,male
7432,female
7433,male
7434,female
7435,male
7437,female
7438,male
7439,male
7440,female
7441,male
7442,male
7445,female
7446,female
7447,male
7448,female
7449,male
7450,male
7451,male
7452,male
7453,female
7454,male
7456,male
7457,female
7458,male
7460,male
7462,male
7463,female
7464,female
7465,female
7466,female
7468,male
7469,male
7471,male
7472,male
7473,male
7474,male
7476,male
7477,female
7478,female
7479,male
7480,female
7481,female
7482,male
7483,female
7484,female
7485,female
7487,male
7488,male
7490,female
7491,male
7492,male
7493,male
7494,female
7495,male
7496,female
7497,male
7498,female
7499,male
7500,female
7501,female
7502,male
7503,male
7504,male
7505,female
7506,female
7507,male
7508,female
7510,male
7511,female
7512,male
7513,female
7515,male
7516,male
7517,male
7518,male
7520,male
7521,male
7522,female
7523,female
7524,female
7525,female
7526,male
7527,female
7528,female
7529,male
7530,female
7531,male
7534,female
7536,female
7537,male
7538,male
7539,male
7540,female
7541,male
7542,male
7543,male
7544,male
7545,female
7546,female
7547,male
7548,male
7551,female
7553,female
7554,male
7555,female
7556,male
7557,male
7558,male
7559,female
7560,female
7562,male
7563,female
7564,female
7565,male
7566,female
7567,male
7568,male
7569,female
7570,male
7571,male
7572,male
7573,female
7574,male
7575,male
7576,male
7577,male
7578,female
7579,male
7580,female
7581,male
7582,female
7583,male
7584,female
7585,female
7586,female
7587,male
7588,male
7589,female
7590,male
7591,male
7592,male
7593,female
7594,male
7595,male
7596,female
7597,male
7598,male
7601,male
7602,male
7603,female
7604,female
7605,female
7606,male
7607,female
7608,female
7609,male
7610,male
7611,female
7613,female
7614,female
7615,female
7616,female
7618,female
7619,female
7620,male
7621,male
7622,female
7623,female
7624,male
7625,male
7626,female
7627,male
7628,male
7629,female
7630,male
7631,male
7632,female
7633,male
7634,male
7635,male
7636,male
7637,female
7638,male
7640,male
7641,female
7642,female
7643,male
7645,male
7646,female
7647,male
7648,female
7649,female
7650,male
7651,male
7652,male
7654,female
7655,male
7656,male
7658,female
7659,female
7660,female
7661,male
7662,female
7663,female
7664,female
7666,male
7667,female
7668,male
7669,male
7670,male
7671,male
7673,male
7674,male
7678,male
7679,male
7680,female
7681,male
7682,female
7683,male
7684,female
7685,female
7686,male
7687,female
7688,male
7689,male
7690,male
7691,male
7692,female
7693,male
7694,female
7695,female
7696,male
7698,female
7699,male
7700,male
7703,male
7705,male
7706,female
7707,female
7708,female
7709,female
7710,male
7711,female
7712,female
7713,male
7715,female
7716,male
7717,female
7718,female
7719,female
7720,male
7722,female
7723,male
7724,female
7725,female
7726,male
7727,male
7728,male
7729,female
7730,female
7731,male
7733,female
7734,male
7735,female
7736,female
7737,female
7738,female
7739,female
7741,female
7742,male
7743,female
7744,female
7745,female
7746,male
7747,female
7748,female
7749,male
7750,female
7751,male
7752,male
7753,male
7754,male
7755,male
7756,female
7759,male
7760,female
7762,female
7763,male
7764,female
7765,male
7766,male
7767,male
7768,male
7769,male
7770,female
7771,male
7773,male
7774,male
7775,male
7776,male
7777,female
7778,male
7779,male
7780,female
7781,female
7782,male
7783,male
7784,female
7785,male
7786,female
7788,male
7789,male
7790,male
7791,male
7792,female
7793,male
7794,female
7795,female
7796,female
7797,male
7799,male
7800,female
7801,male
7804,female
7805,male
7808,female
7809,female
7810,male
7811,female
7812,female
7813,female
7814,male
7815,male
7816,male
7817,female
7818,male
7819,female
7820,male
7821,male
7822,female
7823,female
7824,male
7825,male
7826,female
7827,male
7828,male
7829,male
7830,female
7831,female
7833,male
7834,female
7835,male
7836,female
7837,male
7838,male
7839,female
7840,female
7841,male
7842,female
7843,male
7845,male
7846,male
7848,male
7849,male
7851,female
7852,female
7853,male
7854,male
7855,female
7856,female
7857,female
7858,male
7859,female
7860,male
7861,female
7862,female
7863,female
7864,female
7865,male
7866,female
7867,male
7869,female
7870,female
7871,female
7872,female
7873,male
7874,female
7876,female
7878,female
7879,male
7881,male
7883,female
7884,female
7885,female
7886,female
7887,male
7888,female
7890,male
7891,male
7892,female
7894,male
7895,female
7896,male
7897,female
7898,male
7899,male
7900,female
7901,male
7902,male
7903,male
7904,female
7905,male
7906,female
7907,female
7908,female
7909,male
7910,female
7911,female
7912,female
7913,female
7914,male
7915,male
7916,female
7917,female
7918,female
7919,male
7920,female
7921,male
7922,male
7923,male
7925,female
7926,female
7927,male
7928,male
7929,male
7930,female
7931,female
7933,male
7935,female
7936,male
7937,male
7938,male
7939,male
7940,male
7941,female
7942,female
7943,female
7944,male
7945,female
7946,male
7947,female
7948,female
7949,male
7950,male
7951,male
7952,female
7953,male
7955,female
7957,female
7958,female
7959,female
7960,male
7961,female
7964,female
7965,male
7966,male
7967,male
7968,female
7969,female
7970,male
7971,female
7972,female
7973,female
7974,male
7975,female
7976,female
7977,female
7978,female
7979,female
7980,female
7981,male
7982,female
7983,male
7984,female
7985,female
7986,female
7987,male
7988,female
7989,male
7990,male
7991,male
7992,female
7993,male
7994,female
7995,male
7996,male
7997,female
7998,female
7999,male
8000,male
8001,female
8003,male
8004,male
8005,female
8006,male
8007,female
8008,male
8009,female
8010,female
8011,male
8013,male
8014,male
8015,female
8016,male
8017,male
8018,female
8020,male
8021,male
8022,female
8023,female
8024,female
8025,male
8026,male
8028,female
8029,male
8030,male
8031,male
8032,male
8035,male
8038,female
8039,male
8040,female
8041,female
8042,female
8044,female
8045,male
8046,female
8047,female
8048,male
8049,female
8050,female
8051,male
8052,male
8053,male
8054,male
8055,male
8057,male
8058,male
8059,female
8060,male
8061,male
8062,male
8064,male
8066,male
8067,female
8068,female
8069,male
8070,female
8071,female
8073,female
8074,male
8076,male
8077,male
8078,male
8080,male
8081,female
8082,female
8083,female
8084,female
8085,male
8086,female
8087,male
8088,male
8089,female
8090,male
8091,male
8092,male
8093,male
8094,male
8095,male
8096,female
8098,female
8100,male
8101,male
8102,male
8103,male
8104,female
8105,male
8106,female
8107,male
8108,male
8109,male
8111,female
8112,male
8113,female
8114,male
8115,female
8116,female
8117,male
8118,male
8119,male
8120,female
8121,male
8122,male
8123,female
8124,male
8125,male
8126,male
8129,female
8130,male
8131,male
8132,female
8134,female
8135,female
8136,male
8137,male
8139,female
8140,female
8141,male
8143,female
8144,female
8145,female
8146,male
8147,male
8148,male
8149,female
8150,male
8151,male
8152,male
8153,female
8154,female
8155,female
8157,female
8158,male
8159,female
8160,male
8161,male
8162,male
8163,female
8164,female
8165,female
8166,male
8167,male
8168,female
8169,male
8170,male
8171,male
8172,male
8174,male
8175,male
8177,male
8178,female
8179,male
8180,male
8181,male
8182,male
8185,male
8186,male
8187,female
8188,male
8189,female
8190,male
8191,female
8192,male
8193,female
8194,male
8195,female
8196,male
8197,male
8198,male
8199,male
8201,female
8202,male
8203,male
8204,female
8206,male
8207,male
8208,female
8209,female
8210,male
8211,male
8212,female
8213,female
8214,male
8215,female
8216,male
8217,female
8220,male
8221,male
8222,male
8224,male
8225,female
8226,male
8227,female
8228,female
8229,male
8230,male
8231,female
8232,female
8233,male
8234,female
8235,male
8236,male
8237,female
8238,female
8240,male
8241,male
8242,female
8243,male
8244,female
8245,female
8246,female
8247,male
8248,female
8249,female
8250,male
8251,male
8252,female
8253,female
8254,male
8255,male
8256,female
8257,female
8259,female
8260,male
8261,male
8262,male
8264,male
8265,female
8266,female
8267,female
8268,female
8269,male
8270,female
8272,female
8275,female
8276,male
8277,male
8278,female
8279,male
8280,male
8281,male
8282,male
8283,female
8284,male
8285,female
8286,male
8287,female
8288,female
8290,female
8291,male
8292,female
8294,female
8295,female
8296,female
8297,male
8298,male
8299,female
8300,female
8301,male
8302,female
8303,male
8304,male
8305,male
8306,female
8307,female
8308,male
8309,male
8310,male
8311,male
8312,male
8313,female
8314,male
8315,male
8316,female
8317,male
8318,female
8319,female
8320,male
8321,male
8322,female
8323,female
8324,female
8325,female
8326,male
8327,female
8328,male
8329,female
8330,female
8331,female
8332,male
8333,male
8335,male
8336,female
8337,male
8338,male
8339,female
8340,female
8341,female
8342,male
8343,female
8344,female
8345,male
8346,male
8347,female
8348,male
8349,male
8352,female
8353,male
8354,male
8355,female
8356,female
8357,female
8358,male
8359,female
8360,female
8361,male
8363,male
8364,female
8365,male
8366,female
8367,female
8368,male
8369,female
8371,female
8372,male
8373,female
8376,female
8377,female
8378,male
8379,male
8380,male
8382,female
8383,female
8384,female
8385,male
8386,male
8388,female
8389,male
8390,female
8392,female
8393,female
8394,female
8395,male
8396,female
8397,female
8399,female
8400,female
8401,female
8404,female
8405,female
8406,female
8408,male
8409,male
8411,female
8412,female
8413,female
8414,female
8415,female
8416,female
8417,male
8418,male
8419,male
8420,male
8421,male
8422,male
8423,male
8424,male
8425,female
8427,female
8428,female
8429,female
8430,male
8432,male
8433,female
8434,female
8435,female
8436,male
8437,male
8438,male
8439,male
8440,female
8441,male
8442,male
8443,female
8444,female
8445,female
8446,female
8447,female
8449,female
8450,female
8451,male
8452,male
8453,female
8454,male
8455,female
8456,female
8457,male
8458,female
8459,female
8460,female
8461,male
8462,male
8463,female
8464,female
8465,female
8466,male
8467,female
8468,female
8469,male
8470,male
8471,male
8472,male
8473,male
8474,female
8475,female
8476,male
8477,female
8478,female
8479,male
8481,male
8482,female
8483,male
8484,male
8485,female
8486,male
8487,female
8488,female
8489,female
8490,female
8492,female
8493,male
8494,male
8496,male
8497,male
8498,female
8500,female
8501,male
8502,female
8503,male
8504,male
8505,female
8506,female
8507,female
8508,male
8509,male
8511,male
8512,male
8514,male
8515,male
8516,female
8517,female
8518,female
8519,female
8520,male
8521,male
8522,female
8523,male
8524,male
8525,female
8526,female
8527,female
8528,male
8529,female
8530,female
8531,female
8532,female
8533,male
8534,male
8535,female
8536,female
8537,female
8538,male
8539,female
8540,male
8541,male
8542,male
8544,female
8545,male
8546,male
8547,male
8548,male
8549,male
8550,male
8551,male
8552,male
8553,male
8554,male
8555,male
8556,female
8557,male
8558,male
8559,female
8560,female
8563,female
8564,male
8565,female
8566,female
8568,male
8569,female
8570,female
8571,male
8572,male
8573,male
8574,male
8575,female
8576,male
8577,female
8578,female
8579,female
8580,female
8581,male
8582,female
8583,female
8584,male
8585,male
8586,male
8587,female
8588,female
8589,female
8590,male
8591,female
8592,male
8594,female
8595,male
8596,male
8597,male
8598,female
8599,male
8600,female
8601,male
8602,male
8603,male
8604,female
8605,female
8606,male
8607,male
8608,male
8609,female
8610,male
8612,female
8613,male
8614,female
8615,male
8616,male
8617,male
8618,female
8620,male
8621,male
8622,male
8624,female
8625,female
8626,female
8627,female
8628,male
8629,female
8630,male
8631,male
8632,male
8636,female
8637,female
8638,male
8639,female
8640,male
8641,female
8642,female
8643,female
8644,female
8645,female
8646,male
8647,female
8648,male
8649,female
8650,female
8651,male
8652,male
8653,male
8654,male
8655,female
8656,female
8657,female
8658,male
8659,male
8660,male
8661,female
8663,male
8664,female
8665,male
8666,female
8667,female
8668,male
8669,male
8670,male
8671,female
8672,female
8675,male
8676,male
8677,female
8678,female
8679,male
8680,male
8681,male
8682,male
8683,male
8684,female
8685,male
8686,female
8687,female
8688,male
8689,female
8690,female
8692,female
8694,male
8695,female
8696,male
8697,female
8698,male
8699,male
8701,male
8703,male
8704,male
8705,male
8707,male
8710,female
8711,male
8712,male
8713,female
8714,male
8715,female
8716,female
8719,female
8720,female
8722,male
8723,male
8725,female
8727,male
8728,male
8729,female
8730,male
8731,female
8732,female
8733,female
8734,female
8736,female
8737,male
8739,male
8742,female
8744,female
8745,female
8746,female
8747,female
8748,male
8749,male
8750,female
8751,female
8752,male
8753,male
8754,female
8755,male
8756,male
8757,female
8758,male
8759,male
8760,female
8761,female
8762,male
8764,female
8765,female
8766,female
8767,male
8768,female
8769,male
8771,male
8772,female
8773,male
8774,female
8775,female
8776,female
8777,female
8778,female
8779,male
8780,female
8781,male
8783,male
8784,male
8785,female
8786,male
8787,female
8788,female
8790,female
8792,male
8793,female
8794,female
8795,male
8796,male
8797,male
8798,female
8799,male
8800,male
8801,male
8802,male
8803,female
8804,female
8805,female
8806,female
8807,male
8808,male
8810,male
8811,male
8812,male
8813,female
8814,male
8815,male
8817,female
8818,female
8819,male
8820,female
8821,female
8822,male
8823,male
8824,female
8825,male
8826,female
8829,female
8830,female
8831,male
8832,male
8833,male
8835,female
8836,male
8837,male
8838,male
8840,female
8841,female
8842,female
8843,female
8844,male
8845,female
8846,female
8847,female
8848,female
8849,male
8850,male
8851,female
8852,female
8853,male
8854,female
8856,male
8857,male
8858,female
8859,male
8860,male
8861,male
8862,male
8863,male
8864,male
8865,female
8866,male
8867,female
8869,female
8870,male
8871,male
8872,female
8873,female
8874,male
8875,female
8876,male
8877,female
8878,male
8879,female
8880,female
8881,female
8882,male
8883,female
8885,male
8886,male
8887,female
8888,male
8889,male
8890,male
8892,female
8893,male
8894,male
8895,male
8896,male
8897,female
8900,female
8901,female
8902,female
8903,female
8904,female
8905,female
8906,male
8907,male
8908,male
8909,male
8910,female
8911,male
8912,male
8913,male
8914,male
8915,female
8916,female
8917,female
8918,male
8919,female
8920,male
8921,female
8922,female
8923,female
8924,female
8925,male
8927,male
8928,female
8929,male
8930,male
8931,male
8932,female
8933,male
8934,female
8935,female
8936,female
8937,female
8938,male
8939,female
8940,male
8941,female
8942,female
8943,male
8944,male
8945,female
8947,male
8948,male
8950,male
8951,female
8952,female
8953,female
8954,female
8956,female
8957,male
8958,female
8959,female
8960,female
8961,female
8963,female
8964,female
8965,male
8966,female
8967,female
8968,male
8969,female
8970,male
8971,female
8973,female
8974,male
8975,male
8976,female
8977,female
8978,female
8980,female
8981,male
8982,male
8983,female
8984,male
8985,female
8986,male
8987,female
8988,male
8989,female
8990,male
8991,female
8992,female
8993,female
8994,female
8995,male
8996,male
8997,male
8998,female
8999,male
9000,female
9001,male
9002,male
9003,female
9004,female
9005,male
9006,male
9009,male
9010,male
9011,female
9012,female
9013,female
9014,male
9015,female
9016,female
9017,female
9018,male
9019,female
9020,male
9021,female
9022,male
9023,female
9024,female
9025,male
9026,female
9027,male
9028,male
9029,male
9030,female
9031,female
9032,female
9033,male
9034,male
9035,female
9036,male
9037,female
9038,female
9039,male
9040,male
9041,female
9042,female
9043,male
9044,male
9045,male
9046,female
9047,female
9048,female
9049,male
9050,male
9051,female
9052,female
9053,male
9054,male
9055,female
9056,male
9057,female
9058,male
9059,female
9060,male
9061,female
9062,male
9063,male
9064,male
9065,male
9066,female
9067,female
9068,male
9069,male
9070,female
9071,female
9072,male
9073,female
9075,female
9077,male
9078,male
9079,male
9080,male
9081,female
9082,male
9083,male
9084,female
9085,male
9086,male
9087,female
9088,female
9089,female
9090,female
9091,female
9092,male
9094,male
9095,female
9096,male
9097,male
9098,male
9099,male
9100,male
9101,male
9102,male
9103,female
9104,male
9105,female
9106,male
9107,female
9108,male
9109,female
9110,male
9111,male
9112,male
9114,male
9117,female
9119,female
9120,male
9121,male
9122,male
9123,female
9124,male
9125,female
9126,male
9127,male
9128,male
9129,male
9130,female
9131,male
9132,female
9133,female
9134,female
9135,male
9136,male
9137,female
9138,female
9139,female
9140,male
9141,female
9142,female
9143,female
9144,male
9146,female
9148,male
9150,female
9151,female
9152,female
9153,female
9154,male
9155,male
9156,female
9157,female
9158,female
9159,female
9160,female
9161,male
9162,female
9163,male
9164,female
9165,male
9167,female
9168,male
9169,male
9170,female
9171,male
9173,male
9174,male
9175,male
9176,female
9177,female
9178,male
9179,male
9180,male
9181,male
9182,female
9183,female
9185,male
9186,male
9188,female
9189,female
9190,female
9191,female
9192,female
9194,male
9195,male
9196,female
9198,female
9199,female
9200,male
9201,male
9202,female
9203,female
9204,female
9205,male
9206,male
9207,female
9208,male
9209,male
9210,male
9211,female
9212,female
9213,male
9215,female
9216,female
9217,female
9218,male
9219,male
9220,male
9221,female
9222,female
9223,female
9224,male
9225,female
9226,female
9227,female
9228,female
9229,male
9230,male
9231,female
9232,female
9233,male
9234,female
9235,female
9236,male
9237,female
9238,female
9242,male
9244,male
9246,male
9247,female
9249,male
9250,male
9251,female
9252,male
9253,male
9254,male
9255,female
9256,male
9257,female
9258,female
9263,female
9264,female
9265,female
9266,male
9267,male
9269,male
9270,female
9271,male
9272,female
9273,female
9275,female
9276,male
9277,female
9278,female
9279,female
9280,male
9281,female
9282,female
9283,female
9284,male
9285,male
9286,female
9287,male
9288,male
9289,female
9290,female
9291,female
9292,male
9293,male
9295,female
9296,female
9297,female
9298,male
9299,female
9300,male
9301,female
9302,male
9303,female
9304,male
9305,female
9306,male
9307,female
9308,male
9309,female
9310,female
9311,female
9313,male
9314,male
9315,male
9317,male
9318,male
9319,male
9320,female
9321,female
9322,male
9323,female
9324,female
9325,male
9326,female
9327,male
9329,male
9330,male
9331,male
9332,female
9333,male
9334,female
9336,female
9337,female
9338,female
9339,female
9340,female
9342,male
9343,female
9344,female
9345,female
9346,male
9347,female
9348,female
9349,female
9350,male
9351,male
9352,male
9353,male
9354,female
9355,female
9357,female
9358,female
9359,male
9360,female
9361,female
9362,male
9363,male
9364,female
9365,female
9366,male
9367,female
9368,male
9370,male
9372,female
9374,male
9375,male
9376,male
9378,female
9379,male
9380,female
9381,female
9382,male
9384,male
9385,female
9386,female
9387,female
9388,male
9389,female
9390,male
9391,female
9392,female
9393,male
9394,female
9396,male
9397,female
9398,female
9399,male
9400,female
9401,female
9402,female
9403,female
9404,female
9405,male
9406,male
9407,male
9408,male
9409,male
9410,male
9411,male
9412,male
9413,male
9414,male
9415,male
9416,female
9417,male
9418,male
9419,male
9420,male
9421,male
9422,female
9423,male
9424,male
9425,female
9426,female
9427,male
9428,male
9429,male
9430,female
9432,male
9433,female
9434,male
9435,female
9436,male
9437,female
9438,male
9439,male
9440,male
9441,male
9442,male
9445,female
9446,female
9448,female
9449,female
9450,male
9451,female
9452,male
9453,male
9454,male
9455,female
9456,male
9458,male
9459,female
9460,male
9461,male
9462,female
9463,female
9464,female
9465,male
9466,male
9467,male
9468,female
9469,male
9470,female
9471,male
9472,female
9473,male
9474,female
9475,male
9476,male
9477,male
9478,male
9479,male
9480,female
9481,male
9482,female
9483,male
9484,female
9485,male
9486,female
9487,female
9488,male
9489,male
9490,female
9491,male
9492,male
9493,male
9494,male
9495,female
9496,male
9497,female
9499,female
9500,male
9501,male
9502,male
9503,female
9504,male
9505,female
9507,female
9508,female
9509,female
9510,male
9511,female
9513,female
9514,male
9515,female
9516,female
9517,male
9518,male
9519,male
9520,female
9521,female
9522,female
9523,female
9524,male
9525,male
9526,female
9527,female
9529,female
9530,male
9531,male
9532,female
9533,male
9534,female
9535,female
9536,male
9537,female
9539,female
9540,female
9541,female
9542,male
9544,female
9545,female
9547,male
9548,female
9549,female
9550,female
9551,male
9552,male
9553,male
9555,male
9556,female
9557,male
9558,male
9559,female
9560,female
9561,male
9562,male
9563,male
9564,female
9566,female
9567,male
9568,female
9569,male
9570,male
9572,male
9573,male
9574,male
9575,female
9576,female
9577,male
9579,male
9580,male
9582,female
9583,male
9584,female
9585,female
9586,male
9587,male
9588,male
9589,female
9590,female
9591,female
9592,male
9593,male
9594,female
9595,male
9596,male
9597,male
9598,female
9599,male
9602,male
9603,male
9604,female
9605,male
9606,female
9607,female
9608,male
9609,male
9611,female
9612,male
9613,male
9615,female
9616,female
9617,male
9618,female
9619,male
9621,male
9622,male
9623,male
9624,male
9625,female
9626,male
9627,female
9628,female
9629,male
9630,female
9631,male
9632,female
9633,male
9634,male
9635,male
9636,male
9637,male
9638,male
9639,female
9640,female
9641,female
9642,male
9643,male
9644,male
9645,male
9646,male
9647,male
9648,female
9649,female
9650,male
9651,male
9652,male
9654,female
9655,male
9656,male
9657,male
9658,female
9660,male
9661,male
9663,male
9664,female
9665,male
9666,male
9669,female
9670,male
9671,male
9674,female
9675,female
9676,female
9677,female
9678,female
9679,male
9681,female
9682,female
9683,female
9684,male
9685,male
9686,male
9687,male
9688,male
9689,male
9690,female
9691,female
9692,female
9693,male
9694,male
9697,female
9698,female
9699,female
9700,female
9701,female
9702,female
9708,male
9709,female
9710,male
9711,male
9712,male
9714,female
9715,male
9716,male
9717,male
9718,female
9719,male
9720,female
9722,female
9723,female
9724,male
9725,female
9726,female
9727,male
9729,female
9730,male
9731,female
9732,female
9733,female
9734,male
9735,female
9736,male
9737,male
9738,male
9739,male
9740,male
9741,male
9742,female
9743,male
9744,male
9745,female
9746,female
9747,male
9748,female
9749,female
9750,male
9751,male
9752,male
9753,female
9754,female
9755,female
9756,male
9757,female
9759,male
9760,female
9761,male
9762,male
9763,male
9764,female
9765,female
9766,male
9767,male
9768,female
9769,female
9770,female
9771,female
9772,male
9774,male
9775,female
9776,female
9777,male
9778,male
9779,male
9780,male
9782,male
9783,female
9784,female
9785,female
9786,female
9787,male
9789,male
9790,female
9791,male
9792,male
9793,male
9794,male
9796,male
9797,female
9798,male
9799,male
9800,male
9801,male
9802,female
9804,female
9805,male
9806,male
9807,female
9808,male
9809,female
9810,female
9811,male
9812,female
9813,male
9814,male
9815,female
9816,male
9817,female
9818,female
9819,female
9820,male
9822,female
9823,male
9825,male
9826,female
9827,female
9828,male
9829,female
9830,male
9831,male
9832,female
9833,female
9834,female
9835,male
9840,male
9841,female
9842,female
9843,female
9844,male
9845,female
9846,female
9849,female
9850,female
9851,female
9852,male
9853,female
9854,female
9855,female
9856,male
9857,female
9858,female
9859,female
9861,male
9862,male
9863,male
9864,female
9865,female
9866,male
9867,female
9868,female
9870,female
9871,female
9872,male
9873,female
9874,female
9875,female
9878,male
9879,male
9880,female
9881,male
9883,female
9884,female
9885,male
9886,female
9887,female
9889,male
9890,male
9892,female
9893,female
9894,female
9896,female
9897,female
9898,female
9899,female
9900,female
9901,female
9902,male
9903,male
9904,female
9906,male
9907,female
9908,female
9909,female
9910,male
9911,male
9912,female
9913,female
9914,male
9915,female
9917,female
9918,female
9919,male
9920,female
9921,female
9922,female
9923,female
9925,female
9926,male
9927,female
9930,female
9931,female
9932,female
9933,female
9934,male
9935,male
9936,female
9939,male
9940,male
9942,male
9943,male
9944,female
9945,male
9946,female
9947,male
9948,male
9949,male
9950,female
9952,male
9954,male
9955,female
9956,male
9957,female
9958,male
9959,male
9960,female
9961,female
9962,female
9963,female
9964,female
9965,male
9966,male
9967,male
9969,male
9970,male
9971,male
9972,female
9974,male
9976,male
9977,male
9978,male
9979,male
9980,female
9981,female
9982,male
9983,male
9984,female
9985,male
9986,male
9987,female
9988,male
9989,male
9990,female
9991,female
9993,male
9994,female
9995,male
9996,female
9997,male
9998,female
9999,male
10000,female
10001,male
10002,male
10003,male
10004,male
10005,male
10006,female
10008,female
10009,female
10010,female
10011,male
10012,male
10013,male
10014,female
10015,female
10016,female
10018,female
10019,female
10020,male
10021,male
10022,male
10023,female
10024,female
10027,male
10028,female
10029,male
10030,female
10034,male
10035,female
10037,male
10038,female
10039,male
10040,male
10041,female
10042,male
10043,female
10044,male
10046,female
10047,male
10050,male
10051,female
10052,male
10053,female
10054,male
10056,male
10057,female
10058,female
10059,female
10060,male
10061,female
10062,male
10063,female
10064,male
10065,female
10066,male
10067,female
10068,female
10069,female
10070,male
10071,female
10072,male
10073,male
10074,male
10075,female
10076,female
10077,female
10078,male
10079,female
10080,male
10081,male
10082,male
10083,female
10084,male
10085,female
10086,female
10087,male
10088,female
10089,female
10090,male
10091,male
10092,male
10093,male
10094,male
10095,male
10096,male
10097,male
10098,male
10099,male
10100,female
10101,male
10102,male
10103,male
10104,female
10105,female
10106,male
10107,male
10108,female
10109,male
10110,female
10111,male
10112,female
10114,female
10115,male
10116,female
10117,female
10118,male
10120,male
10123,male
10124,male
10125,female
10126,male
10127,female
10128,female
10129,male
10130,male
10131,female
10132,male
10133,female
10134,female
10135,female
10136,female
10137,female
10138,male
10140,female
10141,female
10142,female
10143,female
10144,male
10145,female
10146,male
10147,male
10148,female
10149,male
10150,female
10151,female
10152,male
10155,male
10156,male
10157,male
10158,female
10160,male
10162,male
10163,female
10164,male
10165,female
10166,female
10167,female
10168,female
10170,female
10171,female
10172,male
10173,female
10174,female
10175,male
10176,female
10177,female
10178,male
10179,male
10180,female
10181,male
10182,female
10183,female
10184,male
10185,male
10186,male
10187,male
10188,female
10189,female
10190,male
10191,female
10192,male
10193,female
10194,male
10195,female
10196,female
10198,female
10199,female
10200,male
10201,male
10202,female
10204,female
10205,male
10206,female
10207,male
10208,female
10209,female
10210,male
10212,female
10213,male
10214,male
10215,female
10216,male
10217,female
10218,male
10220,male
10221,male
10222,female
10223,male
10224,male
10225,female
10226,female
10227,male
10228,male
10229,male
10230,male
10231,female
10232,male
10233,female
10234,male
10235,female
10236,male
10237,female
10238,female
10239,male
10240,male
10242,male
10243,female
10244,female
10245,female
10246,female
10247,female
10248,female
10252,female
10253,male
10255,female
10256,male
10258,female
10259,male
10260,female
10261,female
10262,female
10263,male
10266,female
10267,female
10268,male
10269,male
10270,male
10273,male
10274,male
10275,male
10276,male
10277,female
10280,male
10281,male
10282,female
10285,male
10286,female
10287,female
10288,male
10290,male
10291,female
10293,female
10294,female
10295,female
10297,female
10298,female
10299,female
10300,male
10301,female
10302,male
10303,female
10304,male
10305,male
10306,male
10308,male
10309,male
10310,female
10311,female
10312,female
10313,female
10314,female
10315,female
10316,male
10317,male
10318,male
10319,female
10320,female
10321,female
10322,female
10323,male
10324,female
10325,female
10327,female
10328,male
10329,female
10330,male
10331,female
10332,male
10333,male
10334,female
10336,male
10337,female
10338,male
10339,male
10340,male
10341,female
10342,male
10343,female
10344,female
10345,female
10346,male
10347,male
10348,male
10349,female
10351,female
10353,male
10355,female
10356,male
10357,male
10359,male
10360,female
10361,female
10362,male
10363,female
10364,female
10365,female
10366,female
10367,female
10368,female
10369,female
10370,male
10371,male
10372,male
10373,female
10374,male
10375,male
10377,female
10378,male
10379,female
10380,male
10381,female
10382,female
10383,female
10384,female
10385,male
10386,female
10388,female
10389,male
10390,female
10391,male
10392,male
10394,female
10395,male
10396,female
10397,male
10398,female
10401,female
10402,male
10403,female
10404,male
10405,male
10409,male
10410,male
10411,female
10414,female
10415,female
10416,male
10418,female
10421,male
10423,female
10424,female
10425,female
10426,female
10428,female
10429,female
10432,male
10433,female
10434,male
10438,female
10439,male
10440,female
10443,male
10444,male
10446,female
10447,female
10448,female
10449,female
10450,male
10451,male
10452,male
10453,male
10454,male
10455,female
10456,female
10457,female
10458,female
10459,female
10460,female
10461,male
10462,female
10464,female
10465,male
10466,male
10467,female
10468,male
10469,male
10470,male
10471,female
10472,male
10473,male
10475,male
10477,female
10478,male
10479,female
10480,male
10481,female
10482,female
10483,male
10484,male
10486,male
10488,male
10489,female
10491,male
10493,female
10494,male
10495,female
10496,female
10497,female
10498,male
10499,male
10501,female
10502,male
10503,male
10505,male
10506,female
10507,female
10509,female
10510,male
10511,female
10512,male
10513,male
10514,male
10515,female
10516,male
10517,female
10518,male
10522,male
10523,female
10524,female
10525,male
10526,male
10527,male
10528,male
10530,male
10531,female
10532,male
10534,male
10535,female
10536,female
10537,female
10538,female
10539,female
10540,female
10541,male
10542,female
10543,female
10545,male
10546,female
10548,female
10549,female
10550,male
10551,female
10553,female
10554,female
10555,male
10556,male
10557,female
10558,male
10559,female
10561,female
10563,male
10564,male
10565,female
10567,female
10568,male
10569,female
10570,female
10571,male
10574,male
10575,male
10576,female
10577,male
10578,female
10580,female
10581,male
10582,male
10584,male
10585,male
10586,female
10587,female
10589,male
10590,male
10591,male
10592,female
10594,male
10595,female
10596,female
10597,male
10598,female
10599,female
10601,female
10602,female
10603,female
10604,male
10606,male
10607,male
10608,female
10609,female
10610,male
10611,male
10612,male
10613,female
10614,male
10616,male
10617,male
10618,female
10619,female
10620,female
10621,male
10622,male
10623,female
10624,female
10626,female
10627,male
10628,female
10629,male
10630,female
10631,male
10632,male
10633,male
10635,male
10637,female
10638,male
10639,male
10640,female
10641,female
10642,male
10644,female
10645,female
10646,male
10647,female
10648,male
10649,female
10650,male
10651,male
10652,male
10653,male
10654,male
10655,female
10656,male
10657,male
10658,male
10659,female
10660,male
10661,male
10664,male
10666,male
10667,male
10669,female
10670,male
10671,male
10672,female
10673,male
10674,female
10675,female
10676,female
10677,male
10679,male
10680,male
10681,female
10682,male
10683,female
10685,male
10686,female
10687,female
10689,male
10690,female
10691,male
10692,female
10693,female
10694,male
10695,male
10696,male
10697,male
10698,female
10699,female
10700,male
10701,male
10702,male
10704,male
10707,male
10708,male
10709,male
10710,female
10711,female
10713,male
10714,male
10715,female
10716,male
10717,female
10719,male
10720,female
10721,female
10722,male
10723,male
10724,female
10725,female
10726,male
10727,male
10729,female
10730,male
10731,female
10732,female
10733,female
10735,female
10736,female
10737,female
10738,male
10739,female
10740,male
10741,female
10742,male
10744,male
10745,female
10746,male
10747,female
10748,male
10749,male
10750,male
10751,female
10753,female
10755,female
10756,female
10757,male
10758,male
10761,female
10762,female
10764,male
10765,male
10767,male
10768,female
10769,male
10770,male
10771,female
10773,male
10774,male
10775,female
10776,male
10777,female
10778,male
10779,male
10780,female
10782,female
10783,female
10784,female
10785,male
10786,female
10787,male
10788,male
10789,male
10791,female
10792,female
10793,male
10796,male
10797,female
10798,female
10799,male
10800,female
10802,female
10803,female
10804,male
10805,female
10806,female
10809,female
10810,female
10811,female
10812,female
10813,female
10814,female
10815,male
10816,female
10817,female
10818,male
10820,male
10821,male
10822,male
10823,female
10824,male
10825,female
10826,male
10827,female
10828,female
10829,female
10830,female
10832,female
10833,female
10835,female
10836,female
10839,male
10840,male
10842,female
10843,male
10844,male
10845,female
10846,female
10849,female
10850,female
10851,female
10852,male
10853,female
10854,male
10855,female
10856,female
10857,female
10858,male
10859,male
10860,female
10861,male
10862,male
10865,female
10866,male
10867,female
10868,male
10869,female
10870,female
10871,male
10872,female
10873,male
10874,female
10875,female
10876,male
10877,male
10878,male
10880,male
10881,male
10883,female
10884,female
10885,male
10887,male
10888,male
10890,male
10891,male
10892,female
10893,male
10894,female
10895,male
10897,male
10898,female
10900,female
10902,female
10903,female
10904,male
10905,male
10906,male
10907,male
10908,male
10909,male
10911,male
10914,male
10915,male
10916,male
10918,female
10919,male
10920,male
10921,male
10922,male
10923,female
10924,male
10925,female
10926,female
10928,male
10929,female
10931,female
10932,male
10933,male
10934,female
10935,male
10937,male
10938,male
10940,female
10941,male
10942,female
10944,female
10945,male
10946,male
10947,male
10948,female
10949,male
10950,female
10952,male
10953,female
10954,male
10955,female
10956,female
10957,female
10958,male
10959,male
10961,female
10962,female
10963,male
10964,male
10966,male
10967,female
10968,male
10969,male
10970,male
10971,female
10972,female
10973,male
10975,male
10976,female
10977,female
10978,female
10979,female
10980,male
10981,male
10982,female
10983,male
10984,female
10985,male
10986,female
10987,male
10988,male
10989,female
10990,male
10991,male
10992,male
10993,male
10994,female
10995,female
10996,female
10997,female
10998,female
10999,male
11001,female
11002,female
11003,female
11004,male
11005,male
11006,female
11007,female
11008,male
11009,male
11011,male
11012,female
11013,male
11014,female
11015,female
11016,male
11017,male
11018,male
11019,female
11021,female
11022,female
11023,male
11024,female
11025,female
11026,male
11027,female
11028,female
11029,female
11030,female
11031,female
11032,female
11034,male
11035,female
11036,male
11037,male
11038,female
11039,male
11040,female
11042,female
11043,male
11044,male
11047,female
11048,female
11049,male
11050,female
11052,female
11055,male
11056,female
11057,male
11058,male
11059,female
11060,female
11061,male
11062,male
11064,male
11065,male
11066,female
11067,female
11068,male
11069,male
11070,female
11071,male
11072,female
11073,female
11074,male
11075,female
11076,male
11077,female
11078,male
11079,male
11080,male
11081,male
11082,male
11084,female
11085,female
11086,female
11087,male
11088,male
11090,male
11091,male
11092,female
11093,female
11094,male
11095,male
11096,male
11098,male
11099,female
11100,male
11101,female
11102,male
11103,male
11104,female
11105,male
11106,male
11107,female
11108,male
11110,female
11111,female
11112,male
11113,male
11114,female
11115,female
11116,male
11117,female
11118,male
11120,male
11121,female
11122,female
11123,female
11124,female
11126,female
11127,female
11128,female
11129,female
11130,female
11131,male
11132,male
11133,male
11134,male
11135,male
11136,male
11137,female
11138,male
11139,female
11140,female
11142,male
11143,male
11144,female
11145,male
11146,female
11147,male
11148,male
11149,female
11150,male
11152,female
11153,male
11154,female
11155,male
11156,male
11157,male
11158,female
11159,female
11160,female
11161,male
11162,male
11164,female
11165,female
11166,male
11167,female
11170,male
11171,male
11172,male
11173,female
11174,female
11175,female
11177,female
11178,male
11179,female
11180,male
11181,male
11182,male
11184,female
11185,male
11186,female
11187,male
11188,male
11192,male
11193,male
11194,female
11195,male
11196,male
11197,female
11198,male
11199,female
11201,male
11202,female
11203,male
11205,male
11206,female
11207,male
11208,female
11209,female
11210,male
11211,male
11212,male
11213,female
11214,female
11215,female
11217,female
11218,female
11220,female
11221,female
11222,male
11223,male
11224,female
11225,male
11226,male
11227,male
11228,male
11230,male
11231,female
11232,male
11233,female
11234,female
11235,male
11236,male
11237,male
11238,male
11239,female
11241,female
11242,female
11243,male
11244,female
11246,male
11247,female
11248,female
11249,female
11253,female
11254,male
11255,female
11256,female
11257,female
11258,female
11259,female
11260,male
11261,male
11262,male
11263,male
11265,male
11266,male
11267,male
11268,female
11269,male
11270,female
11271,female
11272,male
11273,male
11274,male
11275,female
11276,male
11278,female
11279,female
11280,male
11281,female
11282,female
11283,male
11284,male
11285,male
11286,male
11287,male
11288,female
11289,female
11291,female
11292,male
11293,male
11294,female
11295,male
11296,female
11297,female
11298,female
11299,female
11300,male
11301,female
11304,male
11305,male
11308,male
11310,male
11311,female
11312,female
11313,male
11314,female
11315,female
11316,female
11317,male
11318,male
11321,male
11322,male
11323,male
11324,male
11325,male
11326,female
11327,female
11328,male
11329,female
11330,male
11331,female
11332,male
11333,male
11334,male
11335,female
11336,female
11337,female
11338,male
11339,female
11340,female
11341,male
11344,female
11345,male
11346,female
11347,male
11348,female
11349,male
11350,male
11353,male
11354,female
11356,female
11357,female
11358,female
11359,female
11360,male
11361,female
11362,female
11363,male
11365,female
11366,female
11367,male
11368,female
11369,female
11370,male
11371,female
11372,male
11373,female
11374,male
11375,male
11376,male
11377,female
11378,male
11379,female
11380,female
11381,male
11383,male
11384,male
11385,female
11386,female
11387,female
11388,male
11389,female
11390,male
11391,female
11392,male
11394,male
11395,female
11396,male
11397,female
11398,male
11399,male
11400,male
11401,female
11402,female
11403,male
11404,female
11405,male
11406,female
11407,female
11409,male
11410,male
11411,male
11412,female
11414,male
11415,female
11416,male
11417,female
11418,female
11419,male
11420,female
11421,male
11423,male
11424,male
11425,male
11426,male
11427,female
11428,male
11429,female
11430,male
11432,male
11433,female
11434,male
11435,female
11436,male
11438,male
11439,female
11440,female
11441,female
11442,female
11443,female
11444,male
11445,female
11446,female
11447,female
11448,male
11449,female
11450,female
11451,female
11452,female
11453,female
11454,male
11455,female
11456,female
11457,female
11458,male
11459,male
11460,male
11461,male
11462,male
11463,female
11464,male
11466,male
11467,female
11468,female
11469,female
11470,male
11471,male
11472,female
11473,female
11474,female
11475,male
11476,male
11477,male
11478,female
11479,female
11480,male
11484,female
11485,female
11488,male
11489,female
11490,male
11492,male
11493,male
11494,male
11495,male
11496,female
11498,male
11499,female
11500,female
11501,male
11502,female
11503,female
11504,male
11505,female
11506,male
11507,male
11508,male
11509,female
11510,female
11511,male
11512,male
11513,male
11514,male
11515,female
11516,male
11517,female
11518,male
11519,male
11520,female
11523,male
11524,male
11525,male
11526,female
11527,male
11528,female
11530,male
11531,female
11532,female
11533,female
11536,female
11537,female
11538,female
11540,female
11541,male
11542,female
11543,female
11544,female
11545,female
11546,male
11547,female
11548,female
11549,female
11551,male
11552,female
11553,male
11554,female
11556,female
11557,male
11558,female
11559,male
11560,male
11561,male
11562,female
11563,male
11564,male
11565,female
11566,male
11567,male
11569,female
11570,male
11572,female
11573,female
11575,female
11576,female
11577,male
11578,male
11579,female
11581,female
11582,female
11583,male
11585,female
11586,male
11587,male
11590,female
11591,male
11592,male
11593,female
11594,male
11595,male
11596,male
11597,female
11598,female
11599,male
11600,female
11601,male
11604,male
11605,male
11606,male
11607,female
11609,female
11610,male
11611,male
11612,female
11615,male
11616,male
11617,female
11620,male
11621,male
11622,male
11623,male
11624,female
11625,female
11627,male
11628,male
11629,male
11630,female
11631,female
11632,male
11633,female
11634,female
11635,female
11637,male
11640,female
11641,female
11642,male
11643,female
11645,female
11646,male
11648,male
11649,male
11651,male
11652,male
11654,male
11655,female
11656,female
11657,male
11658,female
11659,male
11660,male
11661,female
11662,male
11663,male
11664,male
11665,male
11666,male
11667,female
11668,female
11669,female
11670,male
11671,female
11672,male
11676,female
11678,female
11679,male
11680,male
11681,male
11683,female
11684,female
11685,female
11686,female
11687,male
11688,male
11690,male
11691,female
11692,male
11693,male
11694,male
11695,female
11697,female
11698,male
11699,male
11700,male
11701,male
11702,female
11705,male
11706,female
11707,female
11708,female
11709,male
11710,male
11712,male
11713,female
11714,male
11716,male
11717,male
11719,female
11720,male
11721,male
11722,male
11723,female
11724,female
11725,male
11726,female
11727,male
11729,male
11730,female
11731,female
11732,male
11734,female
11735,female
11737,male
11738,female
11739,male
11740,female
11741,female
11742,female
11743,male
11747,female
11748,male
11749,male
11751,male
11752,male
11753,female
11755,male
11756,female
11758,male
11759,female
11760,male
11761,female
11762,male
11763,female
11765,male
11766,male
11767,male
11768,male
11769,female
11770,female
11771,male
11772,male
11773,female
11776,male
11777,female
11778,male
11779,male
11782,female
11783,male
11784,male
11785,male
11786,male
11788,female
11789,female
11790,female
11791,female
11792,male
11793,male
11794,female
11796,male
11797,male
11798,female
11799,male
11800,female
11801,female
11802,male
11803,female
11804,female
11805,male
11806,female
11807,male
11808,female
11809,male
11810,female
11812,male
11813,female
11814,male
11815,female
11816,male
11817,male
11819,male
11820,male
11821,female
11822,male
11823,female
11824,female
11825,female
11826,male
11827,female
11828,female
11829,female
11830,female
11832,male
11833,male
11834,male
11836,male
11837,male
11838,male
11839,male
11840,male
11841,male
11842,female
11843,male
11844,female
11846,female
11847,female
11848,female
11849,female
11851,female
11852,male
11853,female
11855,female
11856,male
11857,female
11858,male
11859,female
11860,female
11861,male
11862,female
11863,male
11864,male
11869,female
11870,male
11872,female
11873,male
11874,male
11875,male
11876,female
11877,male
11878,male
11879,male
11880,female
11881,female
11882,male
11883,female
11884,male
11885,male
11886,female
11887,female
11888,female
11889,female
11890,male
11891,male
11892,male
11893,female
11894,male
11895,female
11896,female
11897,male
11898,female
11899,male
11900,male
11901,female
11902,female
11903,female
11904,male
11905,female
11906,male
11908,male
11909,female
11910,female
11911,female
11912,female
11913,female
11914,female
11915,male
11916,male
11917,male
11918,female
11920,male
11921,female
11922,male
11923,female
11924,female
11925,female
11927,female
11928,female
11929,female
11930,male
11931,female
11934,female
11935,male
11936,female
11937,male
11938,female
11939,male
11940,male
11941,female
11942,male
11943,male
11945,female
11946,male
11947,female
11948,male
11949,male
11950,male
11951,female
11952,male
11953,female
11954,male
11955,male
11956,female
11957,female
11958,female
11959,male
11960,female
11961,male
11963,male
11964,male
11965,male
11966,female
11967,female
11968,male
11969,female
11971,female
11972,male
11973,female
11974,male
11975,female
11976,female
11977,female
11978,female
11979,male
11980,female
11981,male
11982,female
11983,male
11985,male
11986,male
11987,female
11988,female
11989,female
11990,female
11991,male
11992,male
11993,male
11995,male
11996,female
11997,female
12000,female
12001,female
12002,female
12003,male
12005,female
12006,female
12009,male
12011,male
12012,male
12013,female
12014,male
12015,female
12017,female
12018,female
12021,male
12022,male
12023,male
12024,male
12025,female
12026,male
12028,female
12031,female
12032,male
12033,male
12034,male
12035,male
12036,female
12037,female
12038,female
12039,female
12040,male
12041,female
12043,female
12044,female
12045,female
12046,female
12047,male
12048,male
12049,male
12050,male
12051,female
12052,male
12053,female
12054,female
12055,female
12056,male
12057,female
12058,female
12059,male
12060,male
12062,female
12063,male
12064,female
12065,male
12067,male
12068,female
12069,female
12070,female
12072,female
12073,male
12074,male
12075,male
12076,male
12077,female
12078,female
12079,female
12081,female
12082,female
12084,male
12085,male
12086,male
12087,male
12088,male
12089,male
12090,female
12092,female
12093,female
12094,female
12095,male
12096,male
12097,female
12098,male
12099,female
12100,female
12103,male
12104,female
12105,male
12106,male
12107,female
12108,male
12109,female
12110,male
12111,male
12112,female
12113,female
12114,female
12115,female
12116,male
12118,male
12119,male
12121,female
12122,female
12123,female
12124,male
12125,male
12126,female
12127,female
12128,male
12129,male
12131,female
12132,female
12133,male
12134,female
12135,male
12137,female
12138,female
12139,female
12140,female
12141,male
12143,female
12144,male
12147,male
12148,female
12149,male
12150,female
12151,female
12152,female
12153,female
12154,female
12156,female
12157,female
12158,male
12159,female
12160,female
12162,female
12163,male
12165,female
12166,female
12167,female
12168,male
12170,male
12172,male
12173,male
12174,female
12176,male
12177,male
12178,female
12180,female
12182,female
12183,female
12184,female
12185,male
12186,female
12187,female
12188,female
12189,female
12190,male
12191,female
12192,female
12194,male
12195,female
12196,female
12197,female
12198,male
12199,female
12200,female
12201,male
12202,female
12203,female
12204,male
12205,male
12207,female
12208,male
12209,female
12210,female
12211,female
12214,female
12216,female
12217,male
12218,male
12219,female
12220,male
12221,female
12222,male
12223,male
12224,male
12225,male
12226,male
12227,male
12229,female
12230,female
12231,female
12234,male
12235,male
12236,male
12237,male
12238,male
12239,male
12240,female
12241,female
12242,male
12243,male
12244,female
12246,male
12247,female
12249,female
12250,female
12251,male
12253,male
12254,female
12255,female
12256,male
12257,male
12258,female
12261,male
12262,female
12263,male
12264,female
12265,male
12266,male
12267,male
12268,female
12269,female
12270,female
12271,female
12272,male
12273,female
12274,female
12275,male
12276,male
12277,female
12278,female
12279,female
12280,male
12281,male
12282,female
12283,male
12284,male
12285,male
12286,female
12288,male
12289,female
12290,female
12291,male
12295,male
12296,male
12297,male
12298,female
12299,female
12300,female
12301,female
12302,female
12303,female
12306,female
12307,male
12308,female
12309,female
12310,female
12311,male
12312,male
12313,female
12314,female
12315,female
12317,male
12318,female
12319,female
12320,female
12321,male
12322,male
12324,male
12325,female
12326,female
12327,male
12328,male
12329,male
12330,male
12331,male
12333,male
12334,male
12335,female
12336,male
12337,female
12338,female
12339,male
12340,female
12341,male
12343,female
12344,male
12345,female
12346,female
12347,male
12348,female
12350,female
12351,female
12352,male
12353,female
12354,female
12355,male
12356,male
12357,female
12358,female
12359,male
12360,female
12361,male
12362,female
12363,male
12364,male
12365,female
12366,female
12367,male
12368,male
12369,male
12370,male
12371,male
12372,male
12375,male
12376,female
12377,male
12378,male
12379,male
12380,male
12381,male
12382,male
12383,male
12384,male
12385,male
12386,female
12387,female
12388,male
12389,female
12390,female
12391,male
12392,male
12393,male
12394,male
12397,male
12398,male
12399,female
12400,female
12402,female
12403,female
12404,male
12406,female
12407,female
12408,male
12409,female
12411,male
12412,male
12413,male
12414,female
12415,female
12416,male
12417,male
12418,male
12419,male
12420,female
12421,female
12422,female
12423,female
12424,male
12425,male
12426,female
12427,male
12428,male
12429,female
12431,male
12432,female
12433,male
12434,female
12435,male
12436,female
12437,female
12438,female
12439,female
12440,female
12441,male
12442,male
12443,female
12445,female
12447,female
12448,female
12449,female
12450,female
12451,male
12453,male
12454,male
12455,male
12456,male
12457,male
12458,female
12459,female
12460,female
12461,male
12462,male
12463,female
12465,male
12466,male
12467,female
12468,male
12469,male
12471,female
12472,male
12473,male
12474,male
12475,female
12476,male
12477,male
12478,male
12479,female
12480,female
12481,female
12482,female
12483,male
12484,female
12486,female
12487,male
12488,male
12489,male
12491,male
12492,female
12494,female
12495,female
12496,male
12497,female
12498,female
12499,female
12500,female
12501,male
12502,female
12503,male
12504,female
12505,male
12506,female
12507,female
12508,female
12509,female
12510,female
12511,female
12513,female
12514,male
12515,male
12518,male
12519,female
12520,female
12521,male
12522,female
12523,female
12524,male
12525,male
12526,female
12527,female
12528,female
12532,female
12533,male
12535,male
12536,female
12537,female
12539,female
12540,male
12541,male
12542,female
12543,male
12544,male
12545,female
12546,male
12547,male
12548,female
12549,female
12550,male
12551,male
12552,female
12553,male
12554,male
12555,male
12556,male
12558,male
12559,female
12560,male
12561,female
12562,male
12563,male
12564,male
12566,female
12567,male
12568,female
12569,male
12570,male
12571,female
12572,female
12573,female
12574,female
12575,female
12576,male
12577,female
12578,male
12579,male
12580,female
12581,female
12582,male
12583,female
12585,male
12586,female
12587,male
12588,female
12589,female
12592,female
12593,male
12594,male
12595,male
12596,female
12597,female
12598,female
12599,female
12600,female
12601,female
12602,female
12603,male
12604,male
12606,male
12607,female
12608,male
12609,female
12610,female
12611,male
12612,male
12613,male
12614,male
12615,female
12616,male
12617,female
12618,male
12619,male
12620,male
12621,male
12622,female
12623,male
12624,female
12626,female
12627,male
12628,female
12629,male
12630,male
12633,female
12634,female
12635,female
12636,female
12637,male
12638,female
12639,male
12640,female
12642,male
12643,female
12644,female
12645,male
12646,male
12647,male
12648,male
12650,female
12651,female
12652,male
12653,male
12654,female
12655,female
12656,male
12659,female
12660,male
12662,female
12663,male
12664,female
12665,male
12666,female
12667,female
12669,male
12670,male
12671,male
12672,female
12675,female
12676,male
12677,male
12678,female
12679,male
12680,female
12681,male
12682,male
12683,female
12684,male
12685,male
12687,male
12688,female
12689,female
12690,female
12691,female
12692,male
12693,female
12694,female
12695,female
12696,male
12697,female
12698,female
12699,male
12700,male
12701,male
12702,male
12703,male
12704,female
12706,female
12707,female
12708,female
12710,male
12711,male
12712,female
12713,female
12716,female
12717,female
12718,female
12719,male
12720,female
12722,female
12723,male
12724,male
12725,female
12726,male
12727,female
12728,female
12729,female
12730,female
12731,male
12732,male
12733,male
12734,female
12735,female
12736,female
12739,male
12740,male
12741,male
12742,female
12743,male
12744,female
12745,male
12746,male
12748,female
12749,male
12750,male
12751,female
12752,male
12753,male
12754,male
12755,male
12756,male
12757,male
12759,male
12760,male
12761,male
12762,female
12763,male
12764,female
12765,male
12766,female
12767,female
12768,female
12769,female
12772,male
12773,male
12774,male
12775,female
12778,male
12779,male
12780,female
12781,male
12784,male
12785,male
12786,male
12787,male
12788,female
12789,male
12790,male
12791,male
12792,female
12793,male
12794,female
12795,female
12796,female
12797,male
12798,male
12799,male
12800,male
12801,male
12802,female
12803,male
12805,male
12806,male
12807,female
12808,female
12809,female
12810,male
12811,male
12812,female
12813,male
12814,female
12815,female
12816,male
12820,male
12821,female
12822,female
12823,male
12824,male
12825,male
12826,female
12828,female
12829,female
12830,female
12831,female
12835,female
12836,female
12837,male
12838,male
12839,female
12840,male
12841,male
12843,male
12844,male
12845,male
12846,female
12848,female
12849,male
12850,male
12851,female
12853,male
12854,male
12856,female
12857,female
12858,female
12860,male
12862,male
12863,female
12864,female
12865,female
12867,female
12868,male
12869,male
12870,female
12871,female
12873,female
12874,male
12875,female
12876,female
12877,female
12879,female
12880,male
12881,female
12882,female
12883,male
12884,female
12885,female
12886,female
12887,male
12888,female
12889,male
12890,female
12893,female
12894,female
12895,female
12896,male
12898,female
12899,male
12901,female
12902,female
12903,male
12904,female
12905,male
12907,female
12908,female
12910,male
12911,female
12912,female
12914,male
12915,male
12916,male
12917,female
12918,female
12921,female
12922,male
12923,male
12924,male
12925,female
12926,female
12927,female
12928,male
12929,male
12930,male
12932,female
12933,male
12934,female
12935,male
12936,female
12937,male
12940,male
12941,female
12942,male
12943,female
12944,male
12945,female
12946,female
12947,male
12948,female
12949,female
12950,female
12951,female
12952,female
12953,female
12954,male
12956,male
12957,female
12958,male
12959,female
12960,male
12961,male
12962,male
12963,female
12964,female
12965,male
12966,female
12969,male
12970,male
12972,male
12973,female
12979,male
12981,female
12982,male
12983,female
12984,male
12985,female
12986,female
12987,male
12988,male
12989,male
12990,female
12991,male
12992,female
12993,male
12994,female
12995,male
12996,female
12997,male
12998,female
12999,male
13000,female
13003,male
13004,male
13005,male
13006,female
13007,male
13008,female
13009,female
13011,female
13012,male
13013,female
13014,female
13015,female
13016,male
13018,male
13019,female
13020,male
13021,male
13022,female
13023,male
13025,male
13026,male
13027,female
13028,female
13029,male
13030,female
13031,male
13033,female
13034,male
13035,male
13036,male
13037,female
13038,male
13039,female
13040,female
13041,male
13042,female
13043,male
13044,female
13045,female
13046,female
13047,male
13048,female
13049,female
13050,male
13051,female
13052,female
13053,female
13054,female
13055,female
13056,male
13057,female
13058,female
13059,female
13060,male
13061,male
13062,male
13064,male
13065,male
13066,male
13067,male
13068,male
13069,male
13070,male
13071,male
13075,male
13076,male
13077,female
13078,male
13084,female
13085,male
13086,female
13087,male
13091,male
13092,female
13093,male
13094,male
13096,female
13098,male
13099,male
13105,male
13108,female
13111,female
13112,male
13115,female
13118,female
13119,male
13120,male
13121,male
13126,male
13129,female
13130,female
13134,female
13135,male
13136,female
13137,male
13138,male
13139,female
13142,male
13143,female
13144,male
13145,female
13146,female
13147,male
13148,female
13149,male
13150,female
13152,male
13153,female
13154,male
13155,male
13156,male
13157,female
13158,male
13159,female
13160,female
13161,male
13162,male
13164,female
13165,female
13166,female
13167,male
13168,male
13169,male
13170,female
13173,male
13174,female
13176,female
13177,female
13178,male
13179,female
13180,female
13181,female
13182,male
13183,male
13184,male
13185,male
13186,female
13187,male
13188,female
13189,female
13190,male
13191,female
13192,female
13193,male
13194,male
13195,female
13196,male
13197,female
13198,male
13199,male
13200,male
13202,male
13203,male
13204,female
13206,female
13207,male
13208,male
13209,female
13210,female
13211,male
13212,male
13213,female
13214,male
13215,female
13216,female
13217,male
13218,female
13219,female
13220,female
13221,male
13222,male
13224,female
13227,female
13228,female
13230,female
13231,male
13233,female
13234,male
13237,female
13239,female
13240,male
13242,female
13244,male
13245,female
13246,male
13250,male
13253,female
13255,female
13258,male
13259,male
13260,female
13261,female
13262,male
13263,male
13264,male
13265,male
13266,female
13267,male
13268,male
13269,male
13270,male
13271,male
13276,male
13277,female
13278,male
13279,male
13282,female
13283,female
13284,female
13285,female
13288,female
13291,male
13292,male
13293,male
13294,female
13295,female
13296,male
13302,female
13303,male
13304,female
13305,male
13308,male
13309,female
13310,female
13311,female
13312,male
13313,female
13314,female
13318,female
13322,female
13323,male
13327,male
13329,female
13330,male
13331,female
13332,female
13335,male
13336,female
13339,male
13340,female
13341,female
13342,female
13343,male
13344,female
13345,female
13348,male
13349,female
13351,female
13353,female
13356,female
13359,male
13360,female
13361,female
13363,male
13364,male
13365,female
13366,female
13367,female
13368,female
13369,male
13370,female
13371,male
13372,male
13373,male
13374,female
13375,female
13376,female
13377,male
13378,female
13380,female
13381,male
13382,female
13384,male
13385,female
13386,male
13387,male
13388,male
13389,male
13391,male
13392,female
13393,female
13394,female
13395,female
13396,male
13397,female
13398,female
13401,female
13402,male
13403,male
13404,male
13405,female
13406,female
13407,male
13408,male
13409,male
13410,male
13411,female
13413,male
13414,female
13415,female
13416,female
13417,female
13418,male
13419,male
13420,male
13421,female
13422,female
13424,male
13425,male
13426,female
13427,male
13428,female
13429,female
13430,male
13431,female
13432,female
13433,female
13434,male
13435,male
13436,male
13437,male
13439,female
13440,male
13441,female
13442,female
13443,female
13444,male
13445,male
13447,female
13448,male
13449,male
13450,male
13451,female
13452,male
13454,male
13455,male
13456,male
13457,female
13458,female
13459,female
13460,female
13461,male
13462,male
13463,male
13464,male
13465,female
13467,male
13468,female
13469,male
13470,male
13471,female
13472,male
13473,female
13475,male
13476,male
13477,female
13478,male
13479,female
13480,male
13481,male
13482,male
13483,female
13484,male
13485,female
13486,male
13488,male
13489,male
13490,female
13491,male
13492,male
13493,female
13494,female
13496,female
13497,female
13498,male
13499,female
13500,female
13501,male
13502,female
13503,male
13505,female
13506,male
13507,female
13508,male
13509,female
13510,male
13511,male
13512,male
13513,female
13514,male
13515,male
13516,female
13518,male
13519,female
13521,male
13522,female
13523,female
13524,male
13525,male
13527,male
13528,male
13529,male
13530,male
13531,female
13532,female
13533,male
13534,male
13535,female
13536,female
13537,male
13538,female
13539,male
13541,male
13542,male
13543,male
13545,male
13546,male
13547,male
13548,male
13549,female
13550,female
13551,female
13552,male
13553,female
13554,male
13555,male
13556,female
13557,male
13558,female
13559,female
13560,male
13563,male
13564,male
13565,male
13566,female
13567,male
13568,female
13569,female
13570,male
13571,female
13572,male
13574,male
13575,female
13576,female
13577,male
13578,female
13579,male
13580,female
13581,female
13582,female
13583,male
13584,male
13585,male
13586,male
13587,male
13588,male
13589,female
13590,female
13591,male
13593,male
13594,female
13596,female
13597,male
13598,female
13599,female
13600,female
13601,female
13602,female
13603,male
13604,male
13605,female
13606,male
13607,male
13608,female
13610,female
13611,male
13612,female
13614,male
13615,female
13618,female
13620,male
13621,male
13622,female
13623,female
13624,male
13625,female
13626,female
13627,male
13628,female
13629,male
13630,female
13631,female
13632,male
13633,male
13634,male
13635,female
13636,male
13637,male
13638,female
13639,female
13640,female
13641,female
13642,female
13643,male
13644,male
13645,female
13646,female
13647,female
13648,male
13649,female
13650,male
13651,female
13652,female
13653,female
13654,female
13655,female
13656,male
13657,female
13658,male
13659,male
13660,female
13661,female
13662,male
13663,male
13664,female
13666,male
13667,female
13668,female
13669,female
13672,male
13674,male
13675,male
13677,male
13678,male
13679,female
13680,female
13681,male
13682,male
13683,female
13684,male
13685,female
13686,male
13689,female
13690,male
13692,female
13693,female
13694,male
13695,female
13697,male
13698,male
13699,female
13700,female
13701,female
13702,female
13703,female
13704,male
13705,female
13706,male
13707,male
13708,male
13709,female
13710,male
13711,male
13712,male
13713,female
13714,female
13715,female
13716,female
13717,female
13718,male
13719,female
13720,female
13721,female
13722,female
13723,female
13724,female
13725,male
13727,female
13728,female
13729,female
13730,female
13731,male
13733,female
13734,female
13735,female
13736,female
13737,female
13738,male
13739,female
13740,male
13742,female
13743,male
13744,male
13745,male
13746,female
13747,male
13749,female
13750,female
13751,male
13752,male
13753,male
13754,female
13755,male
13757,male
13758,female
13759,female
13760,female
13761,male
13762,male
13764,male
13765,female
13766,male
13767,female
13768,female
13769,female
13771,female
13772,female
13773,male
13774,female
13775,female
13776,female
13777,female
13778,female
13780,male
13781,male
13782,female
13783,female
13784,male
13785,male
13787,male
13788,female
13789,female
13790,female
13791,male
13792,female
13794,male
13795,female
13796,female
13797,female
13799,male
13800,male
13801,male
13802,female
13803,female
13804,male
13805,female
13806,female
13807,male
13808,female
13809,female
13810,female
13811,female
13812,female
13813,male
13814,male
13815,female
13816,male
13817,male
13818,female
13819,female
13820,female
13821,female
13822,male
13823,male
13825,female
13826,male
13827,female
13828,male
13830,male
13831,female
13832,male
13833,male
13834,female
13835,female
13836,male
13837,male
13838,female
13839,male
13840,female
13841,male
13842,male
13843,male
13844,male
13845,male
13846,female
13847,female
13848,female
13849,female
13850,female
13851,female
13853,male
13854,female
13856,male
13857,female
13858,male
13859,male
13860,female
13863,female
13864,female
13865,male
13866,female
13868,male
13869,male
13870,male
13872,male
13873,female
13874,male
13875,male
13876,female
13877,female
13878,male
13879,female
13880,female
13882,male
13883,male
13884,female
13885,male
13886,female
13887,female
13889,female
13890,male
13891,female
13892,female
13893,male
13894,female
13896,female
13897,male
13898,male
13899,male
13900,female
13902,male
13903,male
13904,female
13905,female
13906,female
13907,male
13908,female
13909,female
13910,male
13911,female
13913,male
13914,male
13915,male
13916,male
13917,male
13918,male
13919,male
13920,male
13921,female
13922,female
13923,female
13924,male
13925,male
13926,male
13927,female
13928,female
13929,female
13930,female
13931,male
13932,male
13935,female
13936,female
13937,female
13940,female
13941,female
13942,male
13943,female
13944,female
13945,female
13946,female
13947,male
13948,male
13949,female
13950,male
13951,female
13952,male
13953,female
13954,male
13955,male
13956,female
13957,female
13958,male
13959,male
13960,male
13963,female
13964,male
13965,male
13966,female
13967,male
13968,male
13969,male
13970,female
13971,male
13972,female
13973,male
13975,female
13976,female
13977,male
13978,female
13979,male
13980,male
13981,male
13982,female
13983,male
13984,female
13985,female
13986,female
13987,male
13988,female
13989,female
13990,male
13991,female
13992,female
13993,female
13994,female
13995,male
13996,female
13997,male
13998,female
13999,male
14000,female
14001,male
14002,male
14003,female
14004,male
14005,male
14006,male
14007,female
14008,male
14009,male
14010,female
14011,female
14012,female
14013,female
14014,female
14015,male
14016,male
14017,female
14018,female
14019,female
14020,female
14021,male
14022,male
14023,female
14024,male
14025,female
14026,male
14027,female
14028,male
14029,female
14030,male
14031,male
14032,female
14033,male
14034,male
14035,male
14036,female
14037,female
14038,male
14039,male
14040,female
14041,female
14042,male
14043,male
14044,female
14045,male
14046,female
14047,female
14048,female
14049,female
14050,female
14051,male
14052,female
14053,female
14054,female
14055,male
14056,male
14057,female
14058,male
14059,female
14060,male
14061,male
14062,male
14064,male
14065,female
14066,female
14067,female
14068,male
14069,male
14070,male
14071,female
14072,male
14073,male
14074,male
14075,female
14076,male
14077,male
14078,female
14079,male
14080,female
14081,male
14082,male
14083,male
14084,male
14085,male
14086,female
14088,male
14089,male
14090,female
14091,male
14092,male
14094,male
14096,female
14097,female
14098,male
14099,male
14100,female
14101,female
14102,male
14103,female
14106,male
14107,male
14108,female
14109,male
14110,male
14111,male
14112,male
14113,male
14114,female
14115,male
14116,female
14117,male
14118,male
14119,male
14120,male
14121,male
14122,female
14123,male
14124,male
14125,female
14126,female
14127,male
14128,female
14129,male
14130,male
14131,female
14132,male
14133,female
14134,female
14135,female
14136,female
14137,male
14138,female
14139,male
14140,female
14145,female
14146,male
14147,female
14148,female
14149,female
14150,male
14152,male
14153,female
14155,male
14156,male
14157,female
14158,male
14159,male
14160,female
14161,male
14162,female
14163,female
14164,male
14165,female
14166,female
14167,female
14168,male
14169,female
14171,male
14172,female
14174,female
14175,female
14177,male
14178,male
14180,male
14181,male
14182,female
14183,male
14184,female
14185,female
14187,male
14188,female
14189,female
14190,male
14191,female
14192,female
14193,male
14195,male
14196,male
14197,female
14200,male
14201,female
14202,male
14203,male
14204,male
14205,male
14206,female
14207,male
14208,male
14209,female
14210,male
14211,female
14212,male
14213,female
14214,male
14215,female
14216,male
14217,male
14218,female
14219,female
14220,female
14221,male
14222,male
14223,female
14224,male
14225,female
14226,female
14227,female
14228,female
14229,female
14230,female
14231,female
14232,male
14233,male
14234,female
14235,female
14236,female
14237,female
14238,female
14239,male
14240,male
14241,male
14242,female
14243,male
14244,female
14245,male
14246,male
14247,male
14248,male
14249,male
14250,male
14251,male
14252,male
14253,female
14254,male
14255,male
14256,female
14257,male
14258,male
14259,female
14260,male
14261,female
14262,male
14263,female
14264,female
14265,female
14266,female
14267,male
14268,female
14269,female
14270,female
14271,male
14272,female
14273,female
14274,female
14275,male
14277,female
14278,male
14279,male
14280,female
14281,male
14282,male
14283,female
14284,male
14286,female
14287,male
14288,male
14289,male
14290,female
14294,female
14295,male
14296,female
14297,male
14298,male
14299,male
14300,male
14301,male
14302,male
14303,male
14304,male
14305,female
14306,female
14307,male
14308,female
14309,female
14310,female
14311,male
14312,male
14313,male
14314,male
14315,female
14316,male
14317,male
14318,female
14319,male
14321,male
14322,male
14323,male
14324,male
14325,male
14326,male
14327,male
14328,female
14329,female
14330,female
14331,male
14332,male
14333,female
14334,male
14335,male
14336,female
14337,female
14338,female
14339,female
14340,male
14341,female
14342,female
14343,female
14344,male
14345,female
14346,male
14347,male
14348,female
14349,male
14350,male
14351,male
14352,male
14353,female
14354,male
14355,male
14356,female
14357,female
14359,male
14360,male
14361,male
14362,female
14363,female
14364,female
14365,male
14366,female
14367,female
14368,male
14369,male
14370,male
14371,male
14372,female
14373,female
14374,female
14375,female
14376,female
14377,female
14378,male
14379,male
14380,male
14382,male
14383,female
14384,female
14385,female
14386,male
14387,male
14388,male
14389,female
14390,female
14391,female
14392,male
14393,male
14394,male
14395,male
14396,male
14397,female
14398,male
14399,male
14400,female
14401,female
14402,female
14403,male
14404,male
14405,male
14406,female
14407,female
14408,male
14409,female
14410,male
14411,female
14412,male
14413,male
14414,male
14415,female
14416,male
14417,male
14418,male
14419,female
14420,male
14421,female
14422,male
14424,female
14425,female
14426,female
14427,male
14428,female
14429,female
14431,male
14432,female
14433,male
14434,male
14435,female
14436,male
14437,male
14438,male
14439,male
14440,female
14441,male
14442,female
14443,male
14444,male
14446,female
14447,male
14448,male
14449,female
14451,male
14452,male
14453,male
14454,male
14455,male
14456,female
14457,male
14458,female
14459,male
14460,male
14461,male
14462,female
14463,female
14464,female
14465,female
14466,male
14468,female
14469,female
14470,female
14471,male
14472,male
14473,male
14474,female
14475,female
14476,male
14477,male
14478,female
14479,female
14480,female
14481,female
14482,male
14483,male
14484,male
14485,female
14486,female
14487,female
14488,male
14489,female
14490,male
14491,female
14492,female
14493,female
14494,male
14495,female
14496,female
14497,male
14498,male
14499,male
14500,male
14501,female
14502,female
14503,male
14504,male
14505,male
14506,female
14507,male
14508,male
14509,female
14510,male
14511,male
14512,male
14513,male
14514,male
14515,female
14516,female
14517,female
14519,female
14520,female
14521,female
14522,male
14523,male
14524,female
14525,male
14526,female
14527,female
14528,male
14530,female
14531,male
14532,female
14533,male
14534,female
14535,female
14536,female
14537,female
14538,female
14539,male
14540,male
14542,female
14543,female
14544,male
14546,female
14547,female
14548,male
14549,female
14550,male
14551,female
14552,female
14553,male
14554,male
14555,female
14556,female
14557,female
14558,male
14559,female
14560,male
14561,female
14562,male
14563,female
14564,female
14565,female
14566,male
14568,female
14569,female
14570,female
14571,female
14572,male
14573,female
14574,male
14575,male
14577,female
14578,male
14579,female
14580,female
14581,male
14582,female
14583,female
14584,female
14585,male
14586,male
14587,female
14591,male
14592,female
14593,male
14594,female
14595,male
14596,female
14597,female
14598,female
14599,male
14600,female
14601,male
14602,male
14605,female
14606,male
14607,male
14608,female
14609,male
14610,male
14611,male
14612,female
14613,male
14614,female
14615,male
14616,female
14617,female
14618,female
14619,female
14620,female
14621,male
14622,male
14623,female
14624,female
14625,male
14626,female
14627,female
14628,female
14629,female
14630,female
14631,female
14632,male
14633,female
14634,male
14635,male
14636,male
14637,male
14638,male
14639,male
14640,male
14641,female
14642,female
14643,female
14644,female
14645,female
14646,female
14647,female
14648,female
14649,female
14651,male
14652,female
14653,male
14654,male
14655,female
14656,female
14657,female
14658,female
14659,female
14660,female
14661,male
14662,female
14663,female
14664,male
14665,male
14666,male
14667,male
14668,male
14669,female
14670,female
14671,male
14672,male
14673,male
14674,male
14675,male
14676,male
14677,male
14678,female
14679,female
14680,female
14681,male
14682,female
14683,female
14684,female
14685,male
14686,male
14687,male
14688,male
14689,female
14690,female
14691,female
14692,female
14693,male
14694,male
14695,male
14696,female
14697,male
14698,female
14699,female
14700,male
14701,male
14702,female
14703,male
14704,female
14705,male
14706,female
14707,male
14708,female
14710,male
14711,female
14712,female
14713,male
14714,male
14715,male
14716,female
14717,male
14718,male
14719,male
14720,male
14721,male
14722,female
14723,female
14724,female
14725,female
14726,male
14727,female
14728,male
14729,male
14730,male
14731,male
14732,male
14733,female
14734,female
14735,female
14736,female
14737,female
14738,female
14739,female
14740,female
14741,female
14743,male
14744,male
14745,female
14746,female
14747,male
14748,female
14749,male
14750,female
14751,female
14752,male
14753,male
14754,female
14755,male
14756,male
14757,female
14760,female
14761,male
14763,female
14764,female
14765,female
14766,male
14767,female
14768,female
14769,female
14770,male
14772,female
14773,female
14774,female
14776,male
14777,male
14778,male
14779,female
14780,male
14781,male
14782,male
14783,female
14784,male
14785,female
14786,female
14787,male
14788,female
14789,female
14790,female
14791,male
14792,male
14793,male
14794,male
14795,male
14796,female
14797,male
14798,female
14799,male
14800,female
14801,male
14802,female
14803,male
14804,male
14805,male
14806,male
14807,female
14808,female
14809,female
14810,male
14811,female
14812,male
14813,male
14814,male
14815,female
14816,male
14818,female
14819,female
14820,male
14821,female
14822,female
14823,male
14824,female
14825,male
14826,female
14827,male
14828,male
14829,female
14830,male
14831,female
14832,female
14833,male
14834,male
14835,male
14836,male
14837,female
14838,male
14839,female
14840,female
14842,female
14843,male
14844,male
14845,male
14846,male
14847,male
14848,male
14849,male
14850,female
14851,female
14852,female
14853,male
14854,male
14855,female
14856,female
14857,male
14858,male
14859,female
14860,female
14862,male
14863,male
14864,male
14865,female
14866,male
14867,female
14868,male
14869,male
14870,male
14871,male
14872,female
14873,female
14874,female
14875,female
14877,female
14878,female
14879,female
14880,male
14881,male
14882,male
14883,female
14884,female
14885,male
14886,male
14887,male
14888,male
14889,female
14890,male
14891,male
14892,male
14893,male
14894,male
14895,male
14896,male
14897,female
14898,female
14899,female
14900,male
14901,male
14902,female
14903,male
14904,male
14905,male
14906,male
14908,female
14909,female
14910,male
14911,female
14914,male
14915,male
14916,female
14917,male
14918,female
14919,female
14920,male
14921,male
14922,female
14923,male
14924,female
14925,male
14926,female
14927,female
14928,female
14929,female
14930,female
14931,male
14932,female
14933,male
14934,female
14935,male
14936,female
14937,male
14938,male
14939,female
14940,female
14941,female
14942,female
14943,male
14944,male
14945,male
14946,female
14947,male
14948,male
14950,male
14951,male
14952,male
14953,male
14954,female
14955,female
14956,male
14957,male
14958,female
14959,female
14960,male
14961,female
14962,female
14963,male
14964,female
14965,male
14966,male
14967,female
14968,female
14969,female
14970,female
14971,male
14972,female
14973,female
14974,female
14975,male
14977,female
14978,female
14979,male
14980,female
14981,female
14982,male
14983,female
14984,female
14985,female
14986,female
14987,male
14988,female
14989,female
14990,male
14991,female
14992,male
14993,male
14995,male
14996,male
14997,male
14998,male
14999,female
15000,male
15001,female
15002,female
15003,male
15004,male
15005,female
15006,male
15007,female
15011,female
15012,female
15013,male
15014,male
15015,female
15016,female
15017,female
15018,male
15019,male
15020,female
15021,female
15022,female
15025,female
15026,male
15027,female
15028,female
15029,male
15030,female
15031,male
15032,male
15033,female
15034,male
15035,female
15036,female
15037,male
15038,female
15039,male
15040,female
15041,female
15042,female
15043,female
15044,female
15045,male
15046,female
15047,female
15048,female
15049,male
15050,male
15052,male
15053,male
15054,male
15055,female
15056,female
15057,female
15058,male
15059,female
15060,female
15061,female
15062,female
15063,female
15064,female
15065,female
15066,female
15067,female
15068,female
15069,male
15070,male
15071,female
15072,female
15073,female
15075,female
15076,male
15078,female
15079,female
15080,male
15081,female
15082,male
15083,male
15084,female
15085,male
15086,male
15089,female
15090,male
15091,female
15092,female
15093,female
15094,female
15095,male
15097,male
15098,female
15099,female
15100,female
15101,male
15102,male
15103,male
15104,male
15105,male
15106,male
15107,male
15108,female
15109,male
15110,female
15111,female
15112,female
15113,female
15114,male
15115,female
15116,male
15117,female
15118,male
15119,male
15120,male
15121,male
15122,male
15123,female
15124,male
15125,male
15126,female
15127,female
15128,female
15129,male
15130,male
15131,female
15132,female
15133,male
15134,male
15135,male
15136,female
15137,female
15138,male
15139,female
15140,female
15141,female
15142,female
15143,male
15144,female
15146,female
15147,female
15148,female
15149,male
15150,male
15151,male
15152,male
15153,female
15154,male
15155,female
15156,female
15157,male
15158,male
15159,male
15160,male
15161,female
15162,male
15163,female
15164,male
15165,male
15166,male
15167,female
15168,male
15169,male
15170,female
15171,male
15172,female
15173,female
15174,male
15175,male
15176,male
15177,female
15178,male
15179,male
15180,male
15181,male
15183,male
15184,male
15185,female
15186,male
15187,female
15188,female
15189,male
15190,male
15191,male
15192,male
15193,male
15194,male
15195,male
15196,female
15197,female
15198,female
15199,male
15200,male
15201,male
15202,male
15203,female
15204,male
15205,female
15206,male
15207,female
15208,male
15209,male
15210,male
15212,female
15213,female
15214,male
15215,female
15216,female
15217,male
15218,male
15219,female
15220,female
15221,female
15222,male
15223,female
15224,male
15225,male
15226,female
15227,female
15228,male
15229,male
15230,male
15231,female
15232,female
15233,female
15234,male
15235,female
15236,male
15237,male
15238,female
15239,male
15240,female
15241,female
15242,female
15243,male
15244,male
15245,female
15246,female
15247,female
15248,male
15249,male
15250,female
15251,male
15252,male
15253,male
15254,female
15255,male
15256,male
15257,male
15258,male
15259,female
15260,female
15261,female
15262,female
15263,female
15264,female
15265,female
15267,female
15268,female
15270,female
15271,male
15272,male
15273,male
15274,female
15275,male
15276,male
15277,male
15278,female
15279,female
15280,female
15281,male
15282,female
15283,female
15284,male
15285,male
15287,male
15288,male
15289,male
15290,female
15291,male
15292,female
15293,female
15294,female
15295,female
15296,male
15297,male
15298,male
15299,female
15300,female
15302,male
15303,female
15304,male
15305,male
15306,female
15307,male
15308,female
15309,male
15310,female
15311,male
15312,female
15313,male
15314,female
15315,male
15316,female
15317,female
15318,female
15319,male
15320,male
15321,male
15322,male
15323,female
15324,male
15325,female
15326,male
15327,female
15328,male
15329,female
15330,male
15331,male
15332,female
15333,male
15334,female
15335,female
15336,female
15337,male
15338,female
15339,male
15340,female
15341,male
15342,male
15343,male
15344,male
15345,male
15346,female
15347,female
15348,female
15349,male
15350,male
15351,male
15352,female
15353,female
15354,female
15355,female
15356,male
15357,male
15358,female
15361,male
15362,male
15363,female
15364,male
15365,female
15366,female
15367,male
15368,female
15369,male
15370,male
15371,female
15372,male
15373,male
15374,male
15375,male
15376,female
15377,female
15378,female
15379,male
15380,female
15381,female
15383,female
15384,male
15387,male
15388,male
15389,female
15390,female
15391,male
15392,female
15393,female
15394,female
15395,male
15396,male
15397,female
15398,male
15399,male
15400,male
15401,female
15402,female
15403,male
15404,female
15405,male
15406,male
15407,male
15408,male
15409,female
15410,male
15411,male
15412,male
15413,female
15414,female
15415,female
15416,female
15417,female
15418,male
15419,male
15420,female
15421,male
15422,male
15423,male
15425,male
15426,female
15427,female
15428,female
15429,female
15430,female
15431,male
15433,female
15434,male
15435,female
15436,male
15437,female
15439,female
15440,female
15441,female
15442,male
15443,male
15444,female
15445,female
15446,female
15447,female
15448,female
15449,male
15450,male
15451,male
15452,female
15453,female
15454,male
15455,male
15457,female
15458,female
15459,male
15460,male
15461,male
15462,male
15463,female
15464,female
15465,female
15466,male
15467,male
15468,male
15469,female
15474,female
15475,male
15476,female
15477,female
15478,female
15479,male
15480,female
15481,female
15482,male
15483,female
15484,male
15485,male
15486,male
15487,female
15488,female
15489,male
15490,male
15491,male
15492,male
15493,female
15494,male
15495,female
15496,female
15497,female
15498,female
15499,male
15500,female
15501,male
15502,male
15503,male
15504,male
15505,female
15506,female
15507,male
15508,female
15509,female
15510,female
15511,female
15512,female
15513,male
15514,female
15515,female
15516,male
15517,male
15518,female
15519,male
15520,female
15521,female
15522,male
15523,female
15524,female
15525,male
15526,female
15527,male
15528,female
15529,female
15530,male
15531,male
15532,male
15533,male
15534,female
15535,male
15536,male
15537,female
15538,male
15540,male
15541,female
15542,female
15543,male
15544,male
15545,male
15546,male
15547,male
15548,male
15549,male
15551,male
15552,male
15553,female
15554,male
15555,male
15556,male
15557,male
15558,female
15559,female
15560,male
15561,male
15562,female
15563,male
15564,female
15565,male
15566,male
15567,female
15568,female
15569,male
15570,female
15571,male
15572,male
15573,male
15575,male
15576,female
15577,female
15578,female
15579,female
15580,male
15581,male
15582,male
15583,female
15584,female
15585,male
15586,male
15587,female
15588,male
15589,male
15590,male
15591,female
15592,male
15593,male
15594,male
15596,female
15597,male
15598,female
15599,male
15600,male
15601,male
15602,female
15603,female
15604,female
15605,female
15606,male
15607,female
15608,male
15609,female
15610,female
15611,female
15613,female
15614,male
15615,female
15616,female
15617,male
15618,male
15619,female
15621,male
15622,male
15623,male
15624,female
15625,female
15626,female
15628,male
15629,female
15630,female
15631,male
15632,male
15633,male
15634,female
15636,female
15637,male
15638,female
15639,female
15640,male
15641,male
15642,male
15643,male
15645,female
15646,male
15647,male
15648,male
15649,female
15650,male
15651,female
15652,male
15653,male
15654,female
15655,male
15656,male
15657,male
15658,female
15660,male
15661,male
15662,male
15663,male
15664,female
15665,female
15666,female
15667,female
15668,female
15669,female
15670,female
15671,female
15672,male
15673,female
15674,male
15675,male
15676,female
15677,male
15678,male
15679,female
15680,female
15681,female
15682,male
15684,male
15685,male
15686,female
15687,male
15688,female
15689,female
15690,female
15691,female
15692,male
15693,female
15694,male
15695,male
15696,male
15698,male
15699,female
15700,female
15701,male
15702,female
15703,female
15704,male
15705,male
15706,female
15707,male
15708,male
15709,female
15710,male
15711,female
15712,male
15713,female
15714,female
15717,male
15718,female
15719,male
15720,female
15721,male
15722,female
15723,male
15724,female
15725,female
15726,male
15727,female
15728,male
15729,female
15730,male
15731,male
15732,female
15733,female
15735,male
15736,female
15737,male
15738,male
15739,female
15740,female
15741,male
15742,male
15743,female
15744,female
15745,male
15746,male
15747,female
15748,male
15749,female
15750,female
15751,female
15752,female
15753,female
15754,female
15755,male
15756,male
15757,male
15758,female
15759,female
15760,male
15762,female
15763,female
15764,female
15765,female
15766,female
15768,female
15769,male
15770,female
15771,male
15772,female
15773,male
15774,male
15775,male
15776,male
15777,male
15778,female
15779,female
15780,female
15781,female
15782,female
15783,female
15784,male
15785,male
15786,female
15787,male
15788,female
15789,male
15790,male
15791,male
15792,female
15793,female
15794,female
15795,female
15796,male
15797,male
15800,female
15801,female
15802,female
15803,female
15804,female
15805,female
15806,male
15807,male
15808,male
15809,female
15810,male
15812,female
15813,male
15814,male
15815,female
15817,female
15818,female
15819,male
15820,female
15822,female
15823,female
15824,female
15825,male
15826,male
15827,male
15828,male
15829,female
15830,female
15831,male
15832,male
15833,female
15834,male
15835,female
15836,male
15837,female
15838,female
15839,male
15840,male
15841,male
15842,male
15843,female
15844,female
15845,female
15846,male
15849,female
15850,female
15851,female
15852,female
15853,male
15854,male
15855,male
15856,male
15857,female
15858,female
15859,male
15860,female
15861,male
15862,female
15863,female
15864,male
15865,male
15866,male
15867,male
15868,female
15869,male
15870,male
15872,male
15873,female
15874,male
15875,male
15876,female
15877,male
15878,female
15879,male
15880,male
15881,male
15882,male
15883,female
15884,female
15885,male
15886,male
15887,male
15888,male
15889,female
15890,female
15891,male
15892,male
15893,male
15894,male
15895,male
15896,male
15897,male
15898,male
15899,female
15900,female
15901,female
15902,male
15903,female
15904,male
15905,male
15906,male
15907,female
15908,female
15909,female
15910,male
15911,female
15912,male
15913,female
15914,male
15915,male
15916,female
15917,female
15918,female
15919,male
15920,male
15921,male
15922,female
15923,male
15924,male
15925,male
15926,male
15927,female
15928,male
15929,female
15931,male
15932,female
15933,male
15934,male
15935,male
15936,female
15937,female
15938,male
15939,female
15940,male
15941,male
15942,female
15943,male
15944,female
15945,male
15946,male
15947,female
15948,male
15949,male
15950,male
15951,male
15952,female
15953,female
15954,female
15955,male
15956,male
15957,female
15958,female
15959,male
15960,female
15961,male
15962,female
15963,female
15964,female
15965,male
15966,female
15967,male
15968,female
15969,male
15970,female
15971,male
15972,female
15973,male
15974,male
15975,female
15976,female
15977,female
15978,female
15979,female
15980,male
15981,male
15982,female
15983,female
15984,female
15985,female
15986,male
15987,male
15988,female
15989,male
15990,male
15991,male
15992,female
15993,female
15994,female
15997,female
15998,male
15999,male
16000,male
16001,female
16002,male
16003,female
16004,male
16005,male
16006,male
16007,female
16008,male
16009,female
16011,female
16012,female
16013,male
16014,male
16015,male
16016,female
16017,female
16018,male
16019,male
16020,female
16021,male
16022,male
16023,male
16024,male
16025,female
16027,female
16029,male
16030,male
16031,male
16032,female
16033,female
16034,male
16035,female
16036,female
16037,female
16038,male
16039,male
16040,male
16041,female
16042,male
16043,male
16044,female
16045,female
16046,female
16047,male
16048,male
16049,male
16050,male
16051,female
16052,male
16053,female
16054,female
16055,female
16056,female
16057,male
16058,female
16059,female
16060,female
16061,female
16062,female
16063,male
16064,male
16065,female
16066,female
16067,female
16068,female
16069,female
16070,male
16071,male
16072,male
16073,female
16074,female
16075,female
16076,male
16077,male
16078,female
16079,female
16080,female
16081,male
16082,female
16083,female
16084,male
16085,male
16086,male
16087,male
16089,female
16090,female
16091,male
16092,male
16093,male
16094,male
16095,male
16096,female
16097,male
16098,male
16099,male
16100,male
16101,male
16102,female
16103,female
16104,male
16105,female
16106,male
16107,female
16108,female
16109,female
16110,female
16111,male
16112,male
16113,male
16114,female
16115,male
16116,female
16117,female
16118,male
16119,female
16120,male
16121,female
16122,male
16123,male
16124,male
16125,female
16126,female
16127,male
16128,female
16129,male
16130,female
16131,male
16132,male
16133,female
16134,female
16135,male
16136,male
16137,male
16138,male
16139,male
16140,female
16141,male
16142,female
16143,male
16144,male
16145,female
16146,female
16147,female
16148,male
16149,male
16150,female
16151,female
16152,female
16153,male
16154,female
16155,female
16156,male
16157,male
16159,female
16160,female
16161,female
16162,female
16163,male
16164,female
16165,male
16166,male
16167,female
16168,female
16169,female
16170,male
16171,female
16172,female
16173,female
16176,male
16177,male
16178,female
16179,female
16180,female
16181,female
16182,male
16183,male
16184,female
16185,female
16186,male
16187,male
16188,male
16189,male
16190,male
16191,female
16192,male
16193,female
16194,female
16195,male
16196,female
16197,male
16199,female
16200,female
16202,female
16203,female
16204,male
16206,male
16207,male
16208,female
16209,male
16210,female
16211,female
16212,male
16213,male
16214,female
16215,male
16216,male
16217,male
16218,female
16220,male
16221,female
16222,female
16223,female
16224,female
16225,male
16227,male
16228,male
16229,male
16230,female
16231,male
16232,male
16233,male
16234,female
16235,female
16236,male
16237,male
16238,female
16239,male
16240,female
16241,male
16242,male
16243,male
16244,female
16245,male
16246,female
16247,female
16248,female
16249,male
16250,female
16251,female
16252,male
16253,male
16254,female
16255,male
16256,male
16257,male
16258,female
16259,female
16260,male
16261,female
16262,male
16263,male
16264,male
16265,female
16266,female
16267,male
16268,female
16269,male
16270,female
16271,female
16272,male
16273,female
16274,female
16275,female
16276,male
16277,female
16278,male
16279,female
16280,female
16281,female
16282,male
16283,male
16284,male
16285,female
16286,male
16287,male
16288,female
16289,female
16290,female
16291,female
16292,male
16293,female
16294,female
16295,female
16296,female
16297,female
16298,female
16299,male
16300,male
16301,male
16302,male
16303,male
16307,female
16308,female
16309,male
16310,male
16311,female
16312,female
16313,male
16314,male
16315,male
16316,male
16317,female
16318,male
16319,female
16320,male
16321,female
16322,female
16323,male
16324,male
16325,male
16326,male
16329,female
16330,male
16331,female
16332,male
16333,female
16336,male
16337,female
16338,female
16339,male
16340,male
16341,male
16342,male
16343,male
16344,male
16345,female
16346,male
16348,female
16349,female
16350,male
16351,male
16352,female
16353,female
16354,female
16355,male
16356,male
16357,male
16358,female
16359,male
16360,male
16361,female
16362,male
16363,female
16364,male
16365,female
16366,male
16367,female
16368,female
16369,female
16370,female
16371,male
16372,female
16373,female
16374,male
16375,male
16377,female
16378,male
16379,male
16380,female
16381,male
16382,male
16383,female
16384,female
16385,male
16386,male
16387,male
16388,male
16389,male
16390,female
16391,female
16393,male
16394,male
16395,female
16396,male
16397,male
16398,male
16400,female
16401,male
16402,female
16403,female
16404,male
16405,male
16406,male
16407,male
16408,female
16409,male
16410,female
16411,female
16412,male
16413,female
16415,female
16416,male
16417,female
16418,male
16419,female
16420,female
16421,male
16422,male
16423,female
16424,female
16425,female
16426,female
16427,male
16428,female
16429,male
16431,male
16432,male
16433,male
16434,female
16435,female
16436,male
16437,male
16438,female
16439,male
16440,male
16441,male
16442,male
16443,male
16444,male
16445,female
16446,male
16447,female
16448,female
16449,male
16450,male
16451,male
16452,male
16453,male
16454,male
16455,female
16456,female
16457,male
16458,male
16459,female
16460,male
16461,male
16462,male
16463,male
16464,male
16465,male
16466,male
16467,female
16468,male
16469,female
16470,female
16471,male
16472,male
16473,male
16474,male
16475,female
16476,male
16477,female
16479,female
16480,male
16482,male
16483,male
16484,female
16485,male
16486,female
16487,female
16488,male
16489,female
16490,female
16491,female
16492,female
16493,female
16494,female
16495,male
16496,male
16497,male
16498,female
16499,male
16500,female
16501,female
16502,male
16503,male
16504,male
16505,male
16506,male
16507,female
16508,male
16509,female
16510,male
16511,female
16512,male
16513,male
16514,male
16515,female
16516,male
16517,male
16518,male
16519,female
16520,male
16521,female
16522,male
16523,male
16524,male
16526,female
16527,female
16528,female
16529,male
16530,female
16531,male
16532,female
16533,female
16534,female
16535,female
16536,male
16537,female
16538,female
16539,male
16540,female
16541,male
16542,male
16543,male
16544,female
16545,male
16546,female
16548,male
16549,male
16550,male
16551,male
16552,male
16553,female
16554,female
16555,male
16557,female
16559,male
16561,male
16562,female
16563,male
16564,female
16565,male
16566,female
16567,female
16568,female
16569,female
16570,female
16571,male
16572,male
16573,male
16574,male
16575,female
16576,female
16579,female
16580,female
16581,male
16582,female
16583,male
16584,male
16585,male
16586,male
16587,female
16588,male
16589,male
16590,male
16591,male
16592,female
16593,male
16594,male
16597,male
16598,female
16599,male
16600,female
16601,male
16603,male
16604,male
16605,female
16606,male
16607,female
16608,male
16609,female
16610,male
16611,female
16612,female
16613,female
16614,female
16615,male
16616,female
16617,female
16618,male
16619,female
16620,male
16621,female
16622,female
16623,male
16624,female
16625,female
16626,male
16627,female
16628,male
16629,male
16630,male
16631,male
16632,female
16633,male
16634,male
16635,female
16636,female
16637,male
16638,female
16639,female
16640,female
16641,female
16642,male
16643,female
16644,male
16645,female
16646,male
16647,female
16648,female
16649,male
16650,male
16651,female
16652,male
16653,female
16654,female
16655,male
16656,female
16657,male
16658,male
16659,female
16660,male
16661,female
16662,male
16663,female
16664,male
16665,female
16666,female
16667,male
16668,female
16669,female
16670,female
16671,female
16672,male
16673,male
16674,female
16675,female
16676,female
16677,male
16678,female
16679,male
16680,female
16681,female
16682,female
16683,female
16684,female
16685,female
16686,female
16687,female
16688,male
36725,male
36726,female
36727,female
36728,female
36729,female
36730,female
36731,male
36732,male
36733,male
36734,female
36735,female
36736,female
36737,female
36738,female
36739,male
36740,female
36741,male
36742,male
36743,female
36744,male
36745,female
36747,male
36748,female
36749,male
36751,female
36752,male
36753,male
36754,male
36755,female
36756,male
36757,male
36758,male
36759,female
36760,male
36761,female
36762,male
36763,male
36764,male
36765,female
36766,female
36767,male
36768,female
36770,male
36771,female
36772,male
36773,male
36774,male
36775,male
36776,male
36777,female
36778,male
36779,female
36780,female
36781,male
36782,male
36783,male
36784,female
36785,male
36786,female
36787,male
36788,male
36789,female
36790,female
36791,male
36792,female
36793,female
36794,female
36795,male
36796,male
36797,male
36798,female
36799,female
36801,female
36802,male
36803,male
36804,female
36805,male
36806,female
36807,female
36808,female
36809,male
36810,male
36811,male
36812,male
36813,male
36814,male
36815,male
36816,female
36817,male
36818,male
36819,female
36820,female
36822,male
36823,male
36824,female
36825,female
36826,male
36827,female
36828,female
36829,female
36830,male
36831,female
36832,male
36833,male
36834,female
36835,male
36836,male
36837,male
36838,female
36839,female
36840,female
36841,female
36842,male
36843,female
36844,female
36845,male
36846,male
36847,male
36848,female
36849,female
36850,male
36852,female
36853,female
36854,male
36855,male
36856,female
36857,female
36858,female
36859,female
36860,male
36861,male
36862,female
36863,male
36864,male
36865,male
36866,male
36867,female
36869,female
36870,female
36871,male
36872,male
36873,male
36874,male
36875,male
36876,female
36877,female
36878,male
36879,female
36880,female
36881,female
36882,female
36883,female
36884,male
36885,female
36886,male
36887,female
36888,female
36889,female
36890,female
36891,male
36892,female
36893,male
36894,female
36895,female
36896,male
36897,male
36898,female
36899,female
36900,female
36901,female
36902,female
36903,female
36904,female
36905,female
36906,female
36907,female
36908,female
36909,female
36910,male
36911,female
36912,male
36913,female
36914,female
36915,male
36916,male
36917,female
36918,female
36919,male
36920,male
36921,male
36922,female
36923,female
36924,male
36925,male
36926,female
36927,female
36928,male
36929,female
36930,female
36931,male
36932,male
36934,female
36935,female
36936,male
36937,male
36938,female
36939,female
36940,male
36941,female
36942,female
36943,male
36944,female
36945,male
36946,male
36947,male
36948,female
36949,male
36950,female
36951,male
36952,male
36953,female
36954,male
36955,female
36956,female
36957,female
36958,male
36959,female
36960,female
36961,male
36962,male
36963,male
36964,female
36965,male
36966,male
36967,male
36968,male
36969,male
36970,female
36971,male
36972,male
36973,female
36974,female
36975,female
36977,female
36978,male
36979,female
36980,male
36981,male
36982,male
36983,female
36984,male
36985,male
36986,female
36987,male
36988,male
36989,female
36990,male
36991,female
36992,male
36993,female
36995,male
36996,female
36997,female
36998,female
36999,male
37000,female
37001,male
37002,female
37003,male
37004,female
37005,male
37006,male
37007,male
37009,female
37010,male
37011,male
37012,female
37014,female
37015,female
37016,male
37017,male
37018,male
37019,female
37020,female
37021,male
37022,female
37023,male
37024,male
37025,male
37026,male
37028,female
37029,female
37030,female
37031,male
37032,male
37033,male
37034,female
37035,male
37036,female
37037,female
37038,male
37039,male
37040,female
37041,male
37042,female
37043,female
37044,male
37045,female
37046,female
37047,female
37048,male
37050,female
37051,male
37052,female
37053,female
37054,male
37055,female
37056,male
37057,male
37058,female
37059,female
37060,male
37061,female
37064,female
37065,female
37066,male
37067,female
37068,female
37069,female
37070,female
37071,male
37072,male
37073,male
37074,male
37075,female
37076,female
37077,female
37078,male
37079,female
37081,male
37082,female
37083,male
37084,male
37085,female
37087,female
37088,male
37089,female
37090,female
37091,male
37092,male
37093,female
37094,male
37095,male
37096,female
37097,female
37098,male
37099,female
37100,male
37101,male
37102,male
37103,female
37104,male
37105,male
37106,female
37107,female
37108,male
37109,male
37111,female
37112,female
37113,female
37114,male
37115,female
37116,female
37117,female
37118,male
37119,male
37120,male
37121,female
37122,male
37123,female
37124,male
37125,female
37126,male
37127,male
37128,male
37129,male
37130,male
37131,female
37132,male
37133,female
37134,male
37135,male
37136,female
37137,male
37138,female
37139,male
37140,female
37141,male
37143,female
37144,female
37145,male
37146,male
37147,male
37148,female
37149,female
37150,female
37151,female
37152,male
37153,male
37154,female
37155,male
37156,female
37157,female
37158,male
37159,female
37160,male
37161,male
37162,male
37163,male
37164,female
37165,female
37166,female
37167,female
37168,male
37170,female
37171,female
37172,female
37173,male
37174,female
37175,male
37176,female
37177,female
37178,male
37179,male
37181,female
37182,female
37183,female
37184,female
37185,female
37186,male
37187,male
37188,female
37189,male
37190,female
37191,female
37192,female
37193,female
37194,female
37195,male
37196,female
37197,female
37198,female
37199,male
37200,male
37201,male
37202,female
37203,female
37204,male
37205,female
37206,female
37207,female
37208,male
37209,male
37210,male
37211,female
37212,male
37213,male
37215,male
37216,male
37217,female
37218,male
37219,female
37220,female
37221,female
37222,female
37223,male
37224,female
37225,male
37227,female
37228,female
37229,female
37230,female
37231,female
37232,male
37233,female
37234,male
37235,male
37236,male
37237,male
37238,female
37239,male
37240,male
37241,female
37242,female
37243,female
37244,male
37245,male
37246,female
37247,female
37248,male
37249,male
37250,female
37251,male
37253,female
37254,male
37255,female
37256,male
37257,female
37258,female
37259,male
37260,male
37261,male
37262,female
37263,female
37265,male
37267,female
37268,male
37269,male
37270,male
37271,male
37272,male
37273,female
37274,male
37275,female
37276,male
37277,male
37278,male
37279,female
37280,male
37281,male
37282,male
37283,male
37284,male
37285,male
37286,male
37287,female
37288,female
37289,male
37290,female
37291,female
37292,male
37293,male
37294,male
37295,female
37296,female
37297,female
37298,male
37299,female
37300,female
37301,female
37302,male
37303,female
37304,male
37305,male
37306,female
37307,female
37308,male
37309,female
37310,female
37311,male
37312,male
37313,female
37314,male
37315,female
37317,male
37318,female
37319,male
37320,male
37321,male
37322,female
37323,female
37324,male
37325,male
37326,male
37327,female
37328,male
37329,male
37330,male
37331,female
37332,male
37333,female
37334,female
37335,male
37336,female
37338,male
37339,female
37340,male
37341,female
37342,female
37343,male
37344,female
37345,female
37346,male
37348,female
37349,male
37350,female
37351,female
37352,male
37353,female
37354,male
37355,female
37356,female
37357,male
37358,female
37359,male
37360,male
37361,female
37362,female
37363,male
37364,male
37365,female
37367,female
37368,female
37369,female
37370,female
37371,female
37372,female
37373,male
37374,female
37375,female
37376,female
37377,male
37378,male
37379,female
37380,male
37381,female
37382,female
37383,female
37384,male
37385,male
37386,male
37387,female
37388,male
37389,female
37390,female
37391,male
37392,male
37393,male
37394,female
37395,female
37396,male
37397,male
37398,male
37399,male
37400,female
37401,male
37402,female
37403,male
37404,female
37405,female
37406,male
37407,female
37408,female
37409,male
37410,female
37411,male
37412,male
37413,female
37414,female
37415,female
37416,female
37417,male
37418,female
37419,male
37420,female
37421,female
37422,male
37423,female
37424,female
37425,female
37426,female
37427,male
37428,female
37429,male
37430,male
37431,female
37432,female
37433,female
37434,male
37436,male
37437,male
37438,female
37439,female
37440,male
37442,male
37443,male
37444,female
37445,female
37446,male
37447,male
37448,male
37449,female
37450,female
37452,male
37453,male
37454,male
37455,female
37456,female
37457,male
37458,female
37459,female
37460,male
37461,female
37462,male
37463,female
37464,male
37465,male
37466,male
37467,male
37468,male
37469,male
37470,male
37471,male
37472,male
37473,female
37474,male
37475,female
37476,female
37477,female
37478,male
37479,female
37480,female
37481,female
37482,male
37483,female
37484,male
37485,male
37486,female
37487,male
37489,male
37490,female
37491,female
37492,female
37494,male
37495,female
37496,male
37497,male
37498,female
37499,female
37501,male
37502,male
37503,female
37504,female
37506,female
37507,female
37508,female
37509,male
37510,male
37511,male
37512,male
37513,male
37514,male
37515,female
37516,male
37517,female
37518,female
37519,male
37520,female
37522,male
37523,female
37524,male
37525,male
37526,male
37527,male
37528,male
37529,male
37530,female
37532,male
37533,male
37534,male
37535,female
37536,female
37537,female
37538,male
37539,male
37540,female
37541,female
37542,male
37543,female
37544,male
37545,male
37546,male
37547,male
37548,female
37549,female
37550,female
37551,female
37552,male
37553,male
37554,male
37555,female
37556,male
37557,male
37558,female
37559,female
37560,female
37561,male
37563,female
37564,male
37565,female
37566,female
37569,male
37572,male
37573,male
37574,male
37576,male
37578,female
37579,male
37580,female
37581,male
37582,female
37583,male
37584,female
37585,female
37586,female
37587,female
37588,female
37589,female
37590,female
37591,female
37592,male
37593,male
37594,female
37596,male
37597,male
37598,female
37599,female
37600,male
37601,male
37602,female
37603,male
37604,female
37605,male
37606,male
37607,male
37608,female
37609,female
37610,male
37611,male
37612,female
37613,female
37614,male
37616,male
37617,female
37618,female
37620,male
37621,male
37622,male
37623,female
37624,female
37625,female
37626,male
37627,male
37628,male
37629,male
37630,male
37631,male
37632,male
37633,male
37634,female
37635,female
37636,female
37637,male
37638,female
37639,male
37640,female
37641,male
37642,female
37643,female
37644,male
37645,female
37646,male
37648,female
37649,female
37651,female
37652,male
37653,male
37654,male
37655,female
37657,male
37658,female
37659,male
37660,male
37662,female
37663,female
37664,male
37665,male
37666,male
37667,female
37668,male
37669,female
37670,female
37671,male
37672,female
37673,male
37674,female
37675,female
37676,female
37677,female
37678,female
37679,male
37680,male
37681,male
37682,female
37684,female
37685,male
37686,female
37687,female
37688,male
37689,male
37690,male
37691,male
37692,male
37693,female
37694,female
37695,male
37696,female
37697,male
37698,male
37699,male
37700,female
37701,male
37702,male
37703,male
37704,female
37705,male
37707,female
37708,female
37709,male
37710,female
37711,female
37712,male
37713,male
37714,female
37715,female
37716,female
37717,female
37718,male
37719,female
37720,female
37721,male
37722,male
37723,male
37724,male
37725,female
37726,male
37727,male
37728,male
37729,male
37730,male
37731,female
37732,male
37733,male
37734,female
37735,female
37736,male
37737,male
37738,female
37739,female
37740,male
37741,male
37742,male
37743,female
37744,male
37745,female
37746,male
37747,female
37748,male
37750,male
37751,female
37752,female
37753,female
37754,male
37755,male
37756,male
37757,male
37758,male
37759,female
37760,female
37761,male
37762,male
37763,female
37764,male
37765,female
37766,female
37767,male
37768,female
37769,female
37771,female
37773,male
37774,male
37775,male
37777,female
37778,male
37779,female
37780,male
37781,male
37783,female
37784,male
37785,female
37786,female
37787,male
37788,female
37789,female
37790,male
37791,female
37792,female
37793,female
37794,male
37795,female
37796,female
37797,female
37798,female
37799,male
37800,male
37801,male
37802,male
37803,male
37804,female
37805,male
37806,female
37807,male
37808,female
37809,female
37810,female
37811,male
37812,female
37813,female
37814,male
37815,male
37816,female
37817,male
37818,female
37819,male
37820,female
37821,female
37822,male
37823,male
37824,male
37825,male
37826,female
37827,female
37828,male
37829,male
37830,male
37831,female
37832,female
37833,female
37834,female
37835,male
37836,female
37837,female
37838,female
37839,female
37840,male
37841,female
37842,male
37843,female
37844,male
37845,female
37846,male
37847,female
37849,female
37850,male
37851,female
37852,female
37853,male
37854,male
37855,male
37856,male
37857,female
37858,male
37859,male
37860,female
37861,female
37862,female
37863,male
37864,male
37865,male
37866,female
37867,male
37869,male
37870,female
37871,male
37872,female
37873,male
37874,male
37875,female
37876,female
37877,male
37878,female
37879,female
37880,male
37881,male
37882,female
37883,male
37884,female
37885,male
37886,female
37887,female
37888,female
37889,female
37890,male
37891,male
37892,male
37893,female
37894,female
37895,male
37896,male
37897,female
37898,male
37899,male
37900,female
37901,male
37902,male
37903,female
37904,male
37905,female
37907,female
37908,female
37909,female
37910,female
37911,female
37912,female
37913,male
37914,male
37915,female
37916,male
37917,male
37918,male
37919,male
37920,female
37921,female
37922,male
37923,female
37924,male
37925,female
37926,female
37927,male
37928,female
37929,male
37930,male
37931,male
37932,male
37933,male
37934,male
37935,female
37936,female
37937,female
37938,female
37939,male
37940,female
37941,male
37942,male
37943,female
37944,male
37945,female
37946,female
37947,male
37948,female
37949,female
37950,male
37951,female
37952,male
37953,male
37954,female
37955,female
37956,female
37957,male
37958,male
37959,male
37960,male
37961,female
37962,female
37963,male
37964,male
37965,female
37966,male
37967,male
37968,male
37969,female
37970,female
37971,female
37972,female
37973,male
37975,female
37976,female
37977,female
37978,male
37979,male
37980,female
37981,female
37982,female
37983,female
37984,female
37985,male
37986,male
37987,male
37988,male
37989,male
37990,male
37991,female
37992,female
37993,male
37994,male
37995,male
37996,male
37997,female
37998,female
37999,male
38000,female
38001,female
38002,male
38003,male
38004,male
38005,female
38006,female
38007,male
38008,female
38009,male
38010,female
38011,male
38012,female
38013,male
38014,male
38015,male
38016,female
38017,female
38018,male
38019,male
38020,female
38021,female
38022,female
38023,female
38024,male
38025,female
38026,female
38028,female
38029,female
38030,female
38031,male
38032,male
38033,female
38034,female
38035,male
38036,female
38037,female
38038,male
38039,male
38040,female
38041,male
38042,female
38043,female
38044,male
38045,male
38046,male
38047,male
38048,male
38049,female
38050,female
38051,female
38052,male
38053,male
38054,male
38055,female
38057,female
38058,male
38059,female
38060,male
38061,female
38062,male
38063,male
38064,female
38065,female
38066,male
38067,male
38068,female
38069,female
38070,female
38071,female
38072,male
38073,female
38074,female
38075,female
38076,female
38077,female
38078,female
38079,male
38080,female
38082,male
38083,female
38084,female
38085,female
38086,male
38087,female
38088,male
38089,female
38090,male
38091,female
38092,male
38093,female
38094,male
38095,male
38096,female
38097,male
38098,male
38099,female
38100,male
38101,female
38102,female
38103,male
38104,female
38105,male
38106,male
38107,male
38108,female
38109,female
38110,female
38112,male
38113,female
38114,female
38115,male
38116,male
38117,male
38118,female
38119,female
38120,male
38121,female
38122,male
38123,male
38124,male
38125,female
38126,male
38127,female
38129,female
38131,female
38132,male
38133,male
38134,male
38135,female
38136,male
38137,male
38138,male
38139,female
38140,female
38141,male
38142,male
38143,male
38144,female
38145,female
38146,male
38147,female
38148,male
38149,female
38150,male
38151,female
38152,female
38153,female
38154,female
38155,female
38156,male
38157,male
38158,male
38159,female
38160,male
38161,female
38162,female
38163,male
38165,female
38166,female
38168,male
38169,female
38170,male
38171,male
38172,female
38173,female
38174,female
38175,male
38176,male
38177,male
38178,male
38179,female
38180,female
38181,female
38182,male
38183,female
38185,male
38186,male
38187,male
38188,male
38189,female
38190,male
38191,female
38192,female
38193,male
38194,female
38195,male
38196,female
38197,male
38198,female
38199,male
38200,male
38201,male
38202,male
38203,male
38204,female
38205,male
38206,female
38207,male
38208,male
38210,female
38211,female
38212,female
38213,male
38214,male
38215,female
38216,female
38217,male
38219,male
38220,female
38221,female
38222,female
38223,female
38224,female
38225,female
38226,female
38227,female
38228,male
38229,female
38230,male
38231,female
38232,female
38233,male
38234,female
38235,female
38236,female
38237,female
38238,female
38239,female
38240,female
38241,male
38242,male
38243,male
38244,female
38245,female
38246,female
38247,male
38248,female
38249,male
38250,female
38251,male
38253,male
38254,female
38255,male
38256,female
38257,male
38258,female
38259,male
38260,male
38261,male
38262,female
38263,male
38264,female
38265,male
38266,male
38267,female
38268,male
38269,female
38270,male
38271,male
38272,female
38273,male
38274,female
38275,female
38276,male
38277,female
38278,male
38279,male
38280,male
38281,male
38282,male
38284,male
38285,male
38286,female
38287,male
38288,female
38289,male
38290,male
38291,male
38292,male
38293,female
38294,female
38295,female
38296,male
38297,male
38298,female
38299,female
38300,female
38301,female
38302,male
38303,female
38304,male
38305,male
38306,male
38308,male
38309,female
38310,female
38311,female
38312,male
38313,male
38315,male
38316,male
38317,male
38319,female
38320,female
38321,male
38322,female
38323,male
38324,male
38325,male
38326,male
38327,male
38328,female
38329,male
38330,female
38331,male
38332,female
38333,female
38334,male
38335,female
38336,male
38337,female
38338,male
38339,female
38340,male
38341,male
38342,male
38343,male
38344,female
38345,female
38346,male
38347,male
38348,female
38349,female
38350,female
38351,male
38353,male
38354,female
38355,male
38356,female
38357,male
38358,male
38359,male
38360,female
38361,male
38362,male
38363,male
38364,female
38365,female
38366,male
38367,male
38368,male
38369,female
38370,male
38371,male
38372,female
38373,male
38374,male
38375,male
38376,male
38377,female
38378,female
38379,male
38380,male
38381,female
38382,male
38383,female
38384,female
38385,female
38386,female
38387,male
38388,male
38389,female
38390,female
38391,male
38392,male
38393,male
38394,male
38395,female
38396,female
38397,male
38398,female
38399,female
38400,female
38401,female
38402,female
38403,female
38404,female
38406,female
38407,female
38408,female
38409,male
38410,male
38411,male
38412,female
38413,female
38414,female
38416,male
38417,female
38418,female
38419,female
38420,male
38421,female
38422,male
38423,male
38424,male
38425,male
38426,male
38427,female
38428,female
38429,female
38430,female
38431,male
38432,male
38433,male
38434,male
38435,male
38436,female
38437,male
38438,female
38439,male
38440,male
38441,female
38442,male
38443,female
38444,female
38445,male
38446,female
38447,female
38448,female
38449,female
38450,male
38451,female
38452,female
38453,male
38454,male
38455,female
38457,female
38458,male
38459,male
38460,female
38461,male
38462,male
38463,female
38464,male
38465,male
38466,female
38467,male
38469,female
38470,female
38471,female
38472,female
38473,female
38474,female
38475,male
38476,female
38477,male
38478,female
38479,female
38480,female
38481,male
38482,female
38483,male
38484,female
38485,female
38486,male
38487,female
38488,female
38489,female
38490,male
38491,male
38492,female
38493,female
38494,female
38495,male
38496,female
38497,female
38498,female
38499,female
38500,female
38501,female
38502,female
38503,female
38504,male
38505,female
38506,female
38507,female
38508,female
38509,male
38510,female
38511,male
38512,male
38513,male
38514,female
38515,female
38516,male
38517,female
38518,male
38519,male
38520,female
38521,female
38522,female
38523,female
38524,male
38525,female
38526,female
38527,male
38529,male
38530,male
38531,female
38532,male
38533,male
38534,female
38535,male
38536,male
38537,male
38538,male
38539,female
38540,male
38541,female
38542,female
38544,female
38545,female
38546,female
38547,female
38548,male
38549,male
38550,male
38551,male
38552,female
38553,male
38554,female
38555,male
38556,female
38557,male
38559,male
38560,male
38561,female
38562,male
38563,female
38564,female
38565,female
38566,male
38567,male
38568,female
38569,male
38570,female
38571,male
38572,male
38573,female
38574,female
38575,male
38576,female
38577,male
38578,male
38579,male
38580,male
38581,female
38582,male
38583,female
38584,female
38585,male
38587,female
38588,female
38589,female
38590,male
38591,female
38592,male
38593,male
38594,female
38596,male
38597,female
38598,male
38599,male
38600,female
38602,male
38603,female
38604,male
38605,female
38606,female
38607,male
38608,female
38609,male
38610,male
38611,male
38612,male
38613,male
38614,female
38616,female
38617,female
38618,female
38619,female
38620,male
38621,female
38622,female
38623,female
38625,female
38626,male
38627,female
38628,male
38629,female
38630,male
38631,female
38632,female
38633,male
38634,male
38635,female
38636,female
38637,female
38638,female
38639,female
38640,female
38641,female
38642,female
38643,male
38644,male
38645,female
38646,female
38647,female
38648,male
38649,male
38650,female
38651,male
38652,female
38653,female
38654,female
38655,male
38656,male
38657,female
38658,male
38659,female
38660,female
38661,male
38662,male
38664,male
38665,female
38666,female
38667,female
38668,female
38669,female
38670,female
38672,male
38673,male
38674,female
38675,female
38676,male
38677,male
38678,female
38680,male
38681,female
38683,male
38684,male
38685,male
38686,female
38687,female
38688,female
38689,male
38690,male
38691,female
38692,male
38693,male
38694,female
38695,male
38696,female
38697,male
38698,female
38699,male
38700,male
38701,male
38702,male
38703,male
38704,female
38705,male
38706,male
38707,female
38708,female
38709,male
38710,male
38711,male
38712,female
38713,female
38714,female
38715,female
38716,male
38718,female
38719,male
38722,female
38723,male
38724,male
38725,female
38726,female
38727,female
38728,female
38729,female
38730,female
38731,female
38732,male
38733,male
38734,male
38735,female
38736,female
38737,male
38738,male
38739,female
38740,female
38741,male
38742,male
38743,female
38744,female
38745,female
38746,male
38747,male
38748,female
38749,female
38750,female
38751,male
38752,male
38753,male
38754,female
38756,female
38757,male
38758,male
38759,male
38760,female
38761,female
38762,female
38764,male
38765,female
38766,male
38767,female
38768,male
38770,male
38771,female
38772,male
38773,male
38774,male
38775,female
38776,male
38777,male
38778,male
38779,male
38780,male
38781,female
38782,male
38784,female
38785,female
38786,male
38787,female
38788,male
38789,female
38790,male
38791,female
38792,male
38793,male
38794,female
38795,female
38796,female
38797,female
38798,male
38799,male
38800,male
38801,female
38802,male
38803,female
38804,male
38805,female
38806,female
38807,male
38808,female
38809,female
38811,female
38812,male
38813,male
38814,male
38815,male
38816,male
38817,male
38818,female
38819,female
38820,female
38821,male
38822,female
38823,male
38824,male
38825,male
38826,female
38827,male
38828,female
38829,male
38830,female
38831,female
38832,female
38833,male
38834,male
38835,male
38836,female
38837,female
38838,male
38839,male
38840,male
38841,male
38843,female
38844,male
38845,male
38846,male
38847,male
38848,male
38849,male
38850,male
38851,female
38853,male
38854,female
38855,male
38856,male
38857,male
38858,female
38859,female
38860,male
38861,male
38862,female
38863,female
38864,male
38865,male
38866,female
38867,male
38868,female
38869,female
38870,male
38871,male
38872,male
38873,male
38874,male
38875,male
38876,female
38877,female
38878,female
38879,male
38880,female
38881,female
38882,female
38883,male
38884,male
38885,female
38886,female
38887,female
38888,female
38889,male
38890,male
38891,female
38892,male
38893,female
38894,female
38895,male
38896,female
38897,female
38898,male
38899,female
38901,male
38902,male
38903,female
38905,male
38906,female
38907,female
38908,female
38909,male
38910,male
38911,female
38912,female
38913,male
38914,male
38915,female
38916,male
38917,female
38918,female
38920,male
38921,female
38922,male
38923,male
38924,female
38925,male
38926,female
38927,male
38928,male
38929,female
38930,female
38931,female
38932,male
38934,male
38935,female
38936,male
38937,female
38938,male
38939,male
38940,male
38941,male
38942,male
38943,male
38944,male
38945,female
38946,female
38947,male
38948,male
38949,female
38950,male
38951,male
38953,male
38954,male
38955,male
38956,male
38957,female
38958,female
38959,female
38960,female
38961,male
38962,male
38963,female
38964,female
38965,female
38966,female
38967,male
38968,male
38969,male
38970,male
38971,female
38972,male
38973,female
38974,female
38975,female
38976,female
38977,male
38978,female
38979,male
38980,male
38981,female
38982,female
38983,female
38984,male
38985,female
38986,female
38987,male
38988,male
38989,female
38990,female
38991,male
38992,male
38993,female
38994,male
38995,male
38996,female
38997,female
38998,female
38999,female
39000,male
39001,male
39002,male
39003,female
39004,female
39005,male
39006,male
39007,male
39008,female
39009,male
39010,male
39011,female
39012,male
39013,female
39014,male
39015,male
39016,female
39017,female
39018,female
39019,male
39020,female
39021,male
39022,male
39025,female
39026,male
39027,female
39028,female
39029,male
39030,male
39031,male
39032,male
39033,female
39034,female
39035,male
39036,male
39037,male
39038,female
39039,female
39040,female
39041,male
39044,female
39045,male
39046,female
39047,female
39048,male
39049,male
39050,female
39051,female
39054,male
39055,female
39056,female
39057,female
39058,female
39059,male
39060,female
39061,male
39062,female
39063,male
39064,female
39065,female
39067,female
39069,female
39070,male
39071,female
39072,female
39073,male
39074,male
39075,male
39077,female
39078,male
39079,male
39080,female
39081,male
39082,female
39083,female
39084,female
39085,male
39086,female
39087,female
39088,male
39090,female
39091,female
39092,female
39093,male
39094,female
39095,female
39096,male
39097,male
39098,male
39100,male
39101,female
39102,female
39104,male
39105,male
39106,female
39107,male
39108,female
39109,female
39110,female
39111,male
39112,female
39113,male
39114,female
39115,female
39116,female
39117,female
39118,male
39119,female
39120,male
39121,female
39122,male
39123,male
39124,female
39125,female
39126,male
39127,female
39128,female
39129,female
39130,female
39131,female
39132,male
39133,male
39134,female
39135,female
39136,female
39137,female
39138,male
39139,male
39140,female
39141,female
39142,male
39143,male
39144,male
39145,male
39146,female
39147,female
39148,male
39149,female
39150,male
39151,male
39152,male
39153,female
39154,male
39155,female
39156,male
39158,female
39159,male
39160,female
39161,male
39163,male
39164,male
39165,female
39166,male
39167,female
39168,male
39169,female
39170,male
39172,male
39173,female
39174,male
39175,female
39176,female
39177,female
39178,male
39179,female
39180,female
39181,female
39182,male
39183,female
39184,male
39185,male
39186,female
39187,female
39188,male
39189,male
39191,male
39192,male
39193,female
39194,male
39195,female
39196,male
39199,female
39200,female
39203,male
39204,female
39205,female
39206,male
39207,female
39208,male
39209,female
39210,female
39211,female
39212,female
39213,female
39215,male
39216,female
39217,female
39218,male
39220,male
39221,female
39222,female
39223,female
39224,female
39225,female
39226,female
39227,male
39228,female
39229,female
39230,male
39231,female
39232,female
39233,male
39234,male
39235,female
39236,female
39238,male
39239,male
39240,female
39241,male
39243,male
39244,female
39245,female
39246,female
39247,male
39248,female
39249,female
39250,male
39251,female
39252,female
39253,female
39254,female
39255,female
39256,male
39257,male
39258,male
39259,female
39260,female
39261,female
39262,male
39263,female
39264,female
39265,female
39266,male
39267,female
39268,female
39269,female
39270,female
39271,male
39272,female
39273,female
39274,female
39275,female
39276,male
39277,female
39278,male
39279,male
39280,male
39281,male
39282,male
39283,female
39284,male
39285,female
39286,female
39287,female
39288,male
39289,male
39290,female
39291,female
39292,male
39293,female
39294,male
39295,male
39297,female
39298,female
39299,male
39300,male
39301,male
39302,male
39303,female
39304,female
39305,male
39306,female
39307,female
39308,female
39309,male
39310,male
39311,male
39312,female
39313,female
39314,male
39315,male
39316,male
39317,female
39318,female
39319,male
39320,female
39321,male
39323,male
39324,male
39325,male
39326,male
39327,male
39328,female
39329,female
39330,male
39331,male
39332,female
39333,male
39334,female
39335,male
39336,male
39337,male
39338,female
39339,female
39340,male
39341,female
39342,male
39343,female
39344,male
39345,male
39346,female
39347,female
39349,female
39350,female
39351,male
39352,female
39354,female
39355,female
39356,male
39357,female
39358,female
39359,male
39360,female
39361,male
39362,male
39363,male
39364,male
39365,male
39366,male
39367,male
39368,male
39369,female
39370,male
39371,female
39372,male
39373,female
39374,male
39375,male
39377,female
39378,female
39379,female
39381,male
39382,male
39383,male
39384,male
39385,male
39386,male
39387,male
39388,female
39389,female
39390,male
39391,female
39392,male
39393,male
39394,female
39395,female
39396,female
39397,male
39399,female
39400,male
39401,male
39402,female
39403,male
39404,male
39406,male
39407,male
39408,male
39409,female
39410,male
39411,female
39412,male
39413,male
39414,female
39415,male
39416,female
39417,male
39419,male
39420,male
39421,female
39422,male
39423,male
39424,male
39425,female
39426,female
39427,female
39428,male
39429,female
39430,female
39432,female
39433,male
39434,female
39435,male
39436,male
39437,male
39438,male
39439,male
39440,female
39441,female
39442,female
39443,female
39444,male
39445,female
39446,female
39447,female
39448,male
39449,male
39450,male
39451,female
39452,male
39453,female
39454,male
39455,female
39456,male
39457,male
39458,female
39459,female
39460,male
39461,female
39462,female
39463,female
39464,female
39465,male
39466,male
39467,male
39468,female
39469,male
39470,male
39471,female
39472,female
39473,male
39474,female
39475,female
39476,male
39477,male
39478,female
39479,female
39480,male
39481,male
39482,male
39483,male
39484,female
39485,male
39486,female
39487,female
39488,female
39489,male
39490,male
39491,male
39492,female
39493,female
39494,female
39495,male
39496,male
39497,female
39498,female
39499,female
39500,female
39501,female
39502,female
39503,male
39504,male
39505,female
39506,male
39507,male
39508,female
39509,male
39510,male
39511,female
39512,male
39513,female
39514,male
39515,male
39516,male
39517,female
39518,male
39519,female
39520,male
39521,female
39522,male
39523,male
39524,female
39525,female
39526,male
39527,female
39528,female
39529,male
39530,female
39531,male
39532,female
39533,male
39534,female
39535,female
39536,male
39537,female
39538,female
39539,female
39540,female
39541,male
39542,male
39543,female
39544,male
39545,female
39546,male
39547,male
39548,female
39549,female
39550,female
39551,male
39552,male
39553,male
39555,male
39556,female
39557,female
39558,female
39559,male
39560,female
39561,male
39562,male
39563,male
39564,female
39565,male
39566,male
39567,male
39568,male
39569,male
39570,female
39571,female
39572,male
39573,male
39575,male
39576,female
39577,female
39578,female
39579,female
39580,male
39581,male
39582,female
39583,male
39584,female
39585,female
39586,female
39587,female
39588,male
39589,female
39590,female
39591,male
39592,male
39593,male
39594,male
39595,male
39596,male
39597,male
39598,female
39599,male
39600,female
39601,male
39602,male
39603,male
39604,female
39605,male
39606,male
39607,male
39608,male
39609,male
39610,male
39611,male
39612,female
39613,female
39614,female
39615,female
39616,female
39617,female
39618,female
39619,female
39621,female
39623,female
39624,female
39625,male
39627,female
39628,male
39629,male
39630,female
39631,female
39632,male
39633,female
39634,female
39635,female
39636,male
39637,female
39638,male
39639,female
39640,male
39641,male
39642,male
39643,male
39644,male
39645,male
39646,male
39647,male
39648,female
39649,female
39650,female
39651,male
39652,male
39653,male
39654,female
39655,female
39656,female
39657,female
39658,male
39659,female
39660,female
39661,male
39662,female
39663,male
39664,male
39665,female
39666,male
39667,female
39668,female
39669,male
39670,male
39671,female
39672,male
39673,female
39674,female
39675,male
39676,male
39677,male
39678,female
39679,male
39680,male
39681,female
39682,male
39683,female
39684,male
39685,female
39686,male
39687,female
39688,male
39689,female
39690,female
39691,female
39693,male
39694,female
39695,female
39696,male
39697,female
39698,male
39700,female
39701,female
39702,male
39703,female
39704,male
39705,male
39706,female
39707,female
39708,female
39709,female
39710,female
39711,female
39712,female
39713,male
39714,male
39715,female
39716,female
39717,male
39718,male
39719,female
39720,male
39721,female
39723,male
39724,male
39725,female
39726,female
39727,female
39728,female
39729,female
39731,male
39732,male
39733,male
39734,male
39735,female
39736,female
39737,female
39738,male
39739,female
39740,male
39741,female
39742,male
39743,female
39744,female
39745,female
39746,female
39747,male
39748,female
39749,male
39750,female
39751,male
39752,female
39753,male
39754,female
39755,female
39756,female
39757,female
39758,male
39760,female
39762,female
39763,male
39764,male
39765,male
39766,female
39767,male
39768,female
39769,male
39770,male
39771,female
39772,female
39773,female
39774,male
39775,female
39776,female
39777,female
39778,male
39779,male
39780,male
39781,female
39782,female
39783,male
39784,female
39785,female
39786,female
39787,male
39788,female
39789,male
39790,female
39791,female
39792,male
39793,male
39794,male
39795,female
39796,female
39797,female
39798,female
39799,female
39800,female
39801,male
39802,male
39804,female
39805,female
39806,male
39807,female
39808,male
39810,male
39811,male
39812,female
39813,female
39814,male
39815,female
39816,male
39817,female
39818,female
39819,male
39820,female
39821,male
39822,female
39823,female
39825,female
39826,male
39827,female
39828,female
39829,female
39830,female
39831,female
39832,female
39833,female
39834,male
39835,female
39836,male
39837,female
39838,female
39839,male
39841,male
39842,male
39843,female
39844,male
39845,male
39846,female
39847,male
39848,male
39849,male
39850,male
39851,female
39852,male
39853,female
39854,female
39855,male
39856,female
39857,female
39858,male
39859,female
39860,female
39861,female
39862,female
39863,female
39864,male
39865,female
39866,female
39867,female
39868,male
39869,female
39870,male
39871,female
39872,male
39873,female
39874,female
39875,male
39876,male
39877,female
39878,male
39879,female
39880,male
39881,female
39882,female
39883,female
39884,female
39885,female
39886,female
39887,female
39888,male
39889,female
39890,male
39891,male
39892,female
39893,female
39894,female
39895,male
39896,female
39897,male
39898,female
39899,female
39900,male
39901,male
39902,female
39903,female
39904,female
39905,male
39906,male
39907,male
39909,male
39910,male
39911,female
39912,male
39913,female
39914,male
39917,female
39918,male
39919,male
39921,male
39922,male
39923,male
39924,female
39925,female
39926,female
39927,female
39928,male
39929,female
39930,female
39931,male
39932,male
39933,female
39934,male
39935,female
39936,female
39937,female
39938,male
39939,male
39940,female
39941,male
39942,male
39943,female
39944,female
39945,female
39947,female
39948,female
39949,male
39950,female
39951,female
39952,female
39953,female
39954,female
39955,female
39956,male
39957,male
39958,male
39959,female
39960,female
39961,male
39962,male
39963,female
39964,female
39965,female
39966,female
39967,male
39968,female
39969,male
39970,female
39971,male
39972,male
39973,male
39974,female
39976,female
39977,female
39978,female
39979,female
39980,male
39981,female
39982,female
39983,female
39984,male
39985,male
39986,male
39987,male
39988,female
39989,male
39990,female
39991,male
39992,female
39993,male
39994,female
39995,male
39996,female
39997,female
39998,female
39999,male
40002,male
40003,female
40004,female
40005,male
40006,female
40007,female
40008,male
40009,female
40010,male
40011,male
40013,male
40014,female
40015,female
40016,female
40017,male
40018,female
40019,male
40020,male
40021,female
40022,female
40023,female
40024,female
40025,male
40026,female
40027,male
40029,female
40030,female
40031,female
40032,female
40034,male
40035,male
40036,male
40037,female
40038,female
40039,male
40040,male
40041,male
40042,female
40043,male
40044,female
40045,male
40046,female
40047,female
40048,male
40049,male
40050,female
40051,male
40052,male
40053,female
40054,male
40055,female
40056,female
40057,male
40058,male
40059,male
40060,female
40061,male
40062,male
40063,female
40064,female
40065,male
40067,male
40068,male
40070,female
40071,female
40072,male
40073,male
40074,male
40075,male
40076,male
40077,female
40078,female
40080,female
40081,female
40082,male
40084,male
40085,male
40086,female
40087,male
40088,male
40089,male
40090,male
40091,female
40092,male
40094,female
40095,female
40096,female
40097,female
40098,female
40099,male
40100,male
40101,male
40102,female
40103,male
40104,female
40105,male
40106,male
40107,male
40108,female
40109,male
40110,male
40111,male
40112,male
40113,male
40114,female
40115,male
40116,male
40117,male
40118,female
40119,male
40120,male
40121,male
40122,male
40123,female
40124,male
40125,male
40126,male
40127,female
40128,female
40129,male
40130,female
40131,female
40132,male
40133,male
40134,male
40135,male
40136,male
40137,male
40138,male
40139,male
40140,female
40141,female
40142,male
40143,male
40144,male
40145,female
40146,female
40147,female
40148,female
40149,female
40150,male
40151,male
40152,male
40154,female
40155,male
40157,male
40158,female
40159,female
40160,male
40161,male
40162,male
40163,female
40164,male
40165,female
40166,male
40167,female
40168,female
40169,female
40170,female
40171,male
40172,male
40173,female
40174,male
40175,male
40176,male
40177,male
40178,male
40179,male
40180,female
40182,female
40183,female
40184,male
40185,male
40186,male
40187,male
40188,male
40189,female
40190,male
40191,male
40192,male
40193,female
40194,female
40195,female
40196,female
40197,male
40198,female
40199,female
40200,female
40201,male
40202,female
40203,female
40204,male
40205,female
40206,female
40207,male
40208,female
40209,female
40210,male
40211,male
40212,female
40213,male
40214,male
40215,male
40217,male
40218,female
40219,female
40220,male
40221,female
40222,female
40223,female
40224,male
40225,male
40226,female
40227,female
40228,female
40229,female
40230,male
40231,female
40232,female
40233,female
40234,male
40236,male
40237,female
40238,female
40239,female
40240,male
40241,female
40242,male
40243,male
40244,male
40245,male
40247,male
40248,male
40249,female
40250,male
40251,male
40252,female
40253,female
40254,female
40255,male
40256,male
40257,female
40258,female
40259,male
40260,female
40261,female
40262,male
40263,female
40264,male
40265,female
40266,female
40268,female
40269,female
40270,female
40271,female
40272,male
40273,male
40274,male
40275,male
40276,male
40277,male
40278,female
40279,male
40280,female
40281,female
40282,male
40283,female
40285,female
40286,female
40287,male
40288,female
40289,male
40290,male
40291,male
40292,male
40293,male
40294,male
40295,male
40296,female
40297,male
40298,female
40299,female
40300,female
40301,female
40302,female
40303,male
40304,male
40306,female
40307,female
40308,female
40310,male
40311,male
40312,male
40313,male
40314,male
40315,female
40317,male
40318,female
40319,male
40320,female
40321,male
40322,male
40323,male
40325,male
40326,female
40327,male
40328,female
40329,male
40330,male
40331,male
40333,male
40334,male
40335,male
40336,male
40337,female
40338,male
40339,male
40340,female
40341,male
40342,female
40343,male
40344,male
40345,female
40346,female
40347,female
40348,female
40349,female
40350,female
40351,male
40352,male
40353,female
40354,male
40355,male
40356,female
40358,female
40359,male
40360,male
40361,male
40362,female
40363,female
40364,male
40365,male
40366,male
40367,male
40368,male
40369,male
40370,female
40371,male
40372,female
40373,female
40374,female
40375,male
40376,female
40377,female
40378,female
40379,male
40380,male
40381,male
40382,male
40383,female
40384,male
40385,male
40386,male
40387,male
40388,male
40389,female
40390,female
40391,female
40392,female
40393,male
40394,male
40396,female
40397,female
40398,female
40400,female
40401,male
40402,male
40403,female
40404,female
40405,male
40406,female
40407,male
40408,male
40409,female
40410,female
40411,female
40412,female
40413,male
40414,male
40415,female
40416,female
40417,male
40418,female
40419,male
40420,female
40421,male
40422,male
40423,male
40424,female
40425,female
40426,male
40427,female
40428,male
40429,male
40430,male
40431,male
40432,male
40433,female
40434,female
40435,male
40436,male
40437,male
40438,male
40439,female
40440,female
40441,male
40442,female
40443,male
40444,male
40445,male
40446,male
40447,male
40448,male
40449,female
40450,male
40451,female
40452,female
40453,male
40454,female
40455,female
40456,female
40457,female
40458,male
40459,male
40460,female
40461,male
40462,male
40463,male
40465,male
40466,male
40467,male
40468,female
40469,male
40471,male
40472,female
40473,female
40474,female
40475,female
40476,female
40477,female
40478,male
40479,male
40480,male
40481,male
40482,female
40484,male
40485,male
40486,male
40487,female
40488,male
40489,female
40490,male
40491,male
40492,male
40493,male
40494,male
40495,female
40496,male
40498,female
40499,female
40500,female
40501,female
40502,male
40503,female
40504,male
40505,female
40506,female
40507,female
40508,female
40510,female
40511,female
40512,female
40513,female
40514,male
40515,male
40516,female
40517,female
40519,female
40520,male
40521,female
40522,female
40523,female
40524,female
40525,male
40526,male
40527,female
40528,female
40529,male
40530,female
40531,female
40532,male
40533,female
40534,male
40535,male
40536,male
40537,female
40538,male
40539,male
40540,male
40541,male
40542,male
40543,male
40545,male
40546,male
40547,female
40548,female
40549,male
40550,male
40551,male
40552,female
40553,female
40554,male
40555,female
40556,female
40557,female
40558,male
40559,female
40560,female
40561,female
40562,male
40563,female
40564,male
40565,female
40566,female
40567,female
40568,female
40569,male
40570,female
40571,male
40572,female
40573,male
40574,male
40575,male
40576,male
40577,male
40578,female
40579,male
40580,female
40581,female
40582,male
40583,male
40584,male
40585,male
40586,male
40587,female
40588,female
40589,female
40590,male
40591,female
40592,male
40593,female
40594,male
40595,male
40596,female
40597,male
40599,male
40600,male
40601,female
40602,female
40603,male
40604,female
40605,male
40606,female
40608,female
40609,male
40610,male
40611,male
40612,male
40613,female
40614,female
40615,male
40616,female
40617,female
40618,male
40619,male
40620,male
40621,male
40622,male
40623,female
40624,female
40625,male
40626,female
40627,female
40628,female
40629,male
40630,female
40631,female
40632,male
40633,female
40634,male
40635,male
40636,female
40637,female
40638,female
40639,male
40640,female
40641,female
40642,male
40643,female
40644,male
40645,male
40646,female
40647,male
40648,female
40649,female
40650,male
40651,male
40652,male
40653,female
40654,male
40655,female
40656,female
40657,male
40658,female
40660,male
40661,female
40662,female
40663,female
40664,female
40665,male
40666,female
40668,male
40669,male
40670,male
40671,male
40672,female
40673,female
40674,female
40675,male
40676,female
40677,male
40678,male
40679,female
40680,female
40681,female
40682,male
40683,female
40685,male
40686,male
40687,female
40688,female
40689,female
40690,male
40691,female
40692,male
40693,female
40694,female
40695,male
40696,female
40697,female
40698,male
40699,female
40700,male
40701,male
40702,male
40703,male
40704,male
40705,male
40706,female
40707,female
40708,male
40709,female
40710,female
40711,male
40712,male
40713,female
40714,male
40715,female
40716,male
40717,male
40718,male
40719,female
40720,male
40721,male
40722,female
40723,female
40724,female
40725,female
40726,male
40727,male
40728,female
40729,male
40731,female
40732,female
40733,female
40734,male
40735,female
40736,male
40737,male
40738,male
40739,female
40740,female
40741,female
40742,female
40743,female
40744,female
40745,female
40746,female
40747,female
40748,male
40749,male
40751,male
40752,male
40753,male
40754,male
40755,male
40756,female
40757,female
40758,male
40759,female
40760,male
40761,male
40762,female
40763,female
40764,female
40765,male
40766,male
40768,female
40769,female
40770,female
40771,male
40772,female
40773,male
40774,male
40775,female
40776,male
40777,female
40778,female
40779,male
40780,female
40781,male
40782,male
40783,male
40784,female
40785,male
40786,female
40787,female
40788,female
40789,male
40790,female
40791,male
40792,female
40793,female
40794,female
40795,male
40796,male
40797,male
40798,female
40799,female
40800,male
40801,male
40802,male
40803,male
40804,female
40805,male
40806,female
40807,male
40809,male
40810,female
40811,male
40812,male
40813,male
40814,female
40815,female
40816,female
40817,male
40818,female
40820,male
40821,male
40822,female
40823,male
40824,male
40825,female
40826,female
40827,male
40828,female
40829,female
40830,female
40831,male
40832,male
40833,female
40834,female
40835,female
40836,male
40837,male
40838,male
40839,male
40840,male
40841,male
40842,male
40843,male
40844,male
40845,male
40846,female
40847,male
40848,male
40849,female
40850,female
40851,female
40852,female
40853,female
40854,female
40855,male
40856,female
40857,female
40858,male
40859,female
40860,female
40861,male
40862,male
40863,female
40864,female
40865,male
40866,female
40867,female
40868,male
40869,male
40870,female
40872,female
40874,male
40875,female
40876,male
40877,female
40878,male
40879,male
40880,female
40881,female
40882,male
40883,female
40884,male
40885,female
40886,female
40887,female
40888,male
40889,male
40890,female
40891,male
40892,female
40893,male
40894,male
40895,male
40896,male
40897,female
40898,male
40899,male
40901,male
40902,male
40903,male
40904,male
40905,male
40906,male
40907,female
40908,male
40909,male
40910,female
40911,female
40912,male
40913,female
40914,female
40915,female
40916,male
40917,male
40918,female
40919,female
40920,male
40921,female
40922,female
40923,female
40924,female
40925,male
40926,male
40927,female
40928,female
40929,female
40930,female
40931,male
40934,female
40935,female
40936,male
40937,male
40938,male
40939,female
40940,male
40941,female
40942,female
40943,female
40944,male
40945,female
40946,male
40947,female
40948,female
40949,female
40950,male
40951,female
40952,male
40953,male
40954,male
40955,female
40956,female
40957,female
40958,female
40959,female
40960,male
40961,female
40962,female
40963,female
40964,female
40965,female
40966,male
40967,female
40968,female
40969,male
40970,male
40971,female
40972,male
40973,male
40974,female
40975,male
40976,female
40977,male
40978,female
40979,male
40980,male
40981,female
40982,male
40983,male
40984,female
40985,female
40986,male
40987,male
40988,male
40989,female
40990,female
40991,female
40992,female
40993,male
40994,female
40995,male
40996,female
40997,male
40998,male
40999,male
41000,female
41001,male
41002,male
41003,female
41004,female
41005,male
41006,male
41007,female
41008,male
41009,female
41010,male
41011,male
41012,male
41013,male
41014,male
41015,female
41016,male
41017,male
41018,female
41019,female
41021,male
41022,male
41024,female
41025,female
41026,male
41027,male
41028,male
41030,male
41031,female
41032,female
41033,female
41034,male
41035,male
41036,female
41037,female
41038,female
41039,female
41040,female
41041,female
41042,female
41043,female
41044,male
41045,male
41046,male
41047,female
41048,female
41050,female
41051,female
41052,male
41053,male
41054,male
41056,male
41057,male
41058,female
41059,male
41060,male
41061,male
41062,male
41063,male
41064,male
41065,female
41066,male
41067,male
41068,female
41069,male
41070,male
41072,male
41073,female
41075,male
41076,female
41077,male
41078,male
41079,male
41080,female
41081,male
41082,male
41083,male
41084,male
41085,female
41086,male
41087,male
41088,female
41089,female
41090,female
41091,male
41092,female
41095,male
41096,male
41097,male
41098,male
41099,male
41100,female
41101,female
41103,male
41104,female
41105,female
41106,female
41107,female
41108,male
41109,female
41110,male
41111,female
41112,female
41113,female
41114,female
41115,male
41116,male
41117,male
41118,female
41119,female
41120,female
41121,female
41122,female
41123,female
41124,male
41125,female
41126,female
41127,male
41128,male
41129,female
41130,female
41131,male
41132,female
41133,female
41134,male
41135,female
41136,male
41137,male
41138,female
41140,male
41141,female
41142,male
41143,male
41144,female
41145,male
41146,female
41147,female
41148,female
41149,female
41150,male
41152,female
41153,female
41154,male
41155,male
41156,male
41157,male
41158,female
41159,female
41160,male
41161,male
41162,female
41163,female
41166,male
41167,female
41168,male
41169,female
41170,male
41171,male
41172,male
41173,female
41174,male
41176,female
41178,female
41179,female
41180,female
41181,female
41182,female
41183,male
41184,male
41185,male
41186,female
41187,male
41188,female
41189,female
41190,male
41191,female
41192,male
41194,female
41195,male
41196,female
41197,female
41198,male
41199,male
41200,female
41201,male
41202,male
41203,female
41204,male
41205,male
41206,male
41207,male
41208,male
41209,male
41210,female
41211,female
41212,male
41213,male
41214,female
41215,male
41216,female
41217,male
41218,female
41219,male
41220,male
41221,male
41222,female
41223,female
41225,female
41227,male
41228,female
41229,male
41230,female
41231,male
41232,female
41233,male
41235,female
41236,male
41237,female
41238,female
41239,male
41242,female
41243,male
41244,female
41246,female
41247,male
41249,male
41250,male
41251,female
41252,male
41255,male
41256,male
41257,male
41258,female
41260,female
41261,female
41262,male
41263,male
41264,male
41266,male
41268,female
41269,female
41271,female
41272,female
41273,male
41274,female
41275,female
41276,male
41277,female
41278,male
41280,male
41281,female
41282,male
41283,female
41285,female
41286,male
41287,male
41288,female
41289,male
41290,female
41291,female
41292,female
41293,male
41294,female
41295,male
41296,female
41298,female
41299,female
41300,female
41302,female
41303,female
41304,female
41305,male
41306,female
41308,male
41309,male
41310,male
41312,female
41313,female
41314,female
41315,female
41316,female
41317,female
41318,female
41319,male
41320,female
41321,male
41322,male
41323,male
41324,male
41325,female
41326,male
41327,male
41328,male
41329,male
41330,female
41331,female
41332,female
41333,male
41334,male
41335,female
41336,male
41337,female
41338,male
41339,male
41340,male
41341,female
41342,female
41343,female
41344,female
41345,female
41346,male
41347,female
41348,male
41349,male
41350,female
41351,male
41352,female
41353,female
41354,male
41355,female
41356,female
41357,male
41358,male
41359,female
41360,male
41361,male
41362,female
41363,male
41364,female
41365,female
41366,male
41367,female
41368,female
41369,male
41370,female
41371,male
41372,male
41373,male
41374,female
41375,female
41376,male
41377,female
41378,male
41379,female
41380,male
41381,female
41382,female
41383,female
41384,male
41385,female
41386,male
41387,male
41388,female
41389,female
41390,female
41391,female
41392,male
41393,female
41394,female
41395,male
41396,male
41397,male
41398,female
41400,male
41401,female
41402,female
41403,female
41404,female
41405,male
41406,female
41407,male
41408,male
41410,female
41412,male
41413,female
41414,female
41415,male
41416,female
41418,male
41419,male
41420,female
41421,male
41422,male
41423,male
41424,male
41425,male
41426,male
41427,male
41428,male
41429,male
41430,male
41431,female
41432,male
41433,female
41434,female
41435,male
41436,female
41437,male
41438,female
41439,female
41440,female
41441,female
41442,male
41443,male
41444,male
41445,female
41446,male
41447,female
41448,male
41449,female
41450,female
41451,female
41452,female
41453,male
41454,male
41455,male
41456,male
41457,female
41458,male
41459,female
41460,female
41461,male
41462,male
41463,male
41464,female
41465,female
41466,female
41467,female
41469,female
41470,male
41472,male
41473,female
41474,male
41475,male
41476,male
41477,female
41478,male
41479,female
41480,female
41481,female
41482,male
41483,female
41484,male
41486,male
41487,male
41488,male
41490,male
41491,male
41492,female
41493,female
41494,female
41495,male
41496,male
41497,female
41498,female
41499,male
41500,female
41502,female
41503,female
41504,female
41505,female
41506,male
41507,female
41508,female
41509,female
41510,male
41511,female
41512,female
41513,female
41514,female
41515,male
41516,female
41517,female
41518,female
41519,female
41520,male
41521,male
41522,male
41523,female
41524,male
41525,male
41526,male
41527,male
41528,male
41530,male
41531,female
41532,male
41533,female
41534,female
41535,female
41536,female
41537,female
41538,male
41539,male
41540,female
41541,male
41542,male
41543,male
41544,female
41545,female
41546,male
41547,female
41548,female
41549,female
41550,male
41551,female
41552,female
41553,female
41554,female
41556,female
41557,male
41558,female
41559,male
41560,male
41561,male
41562,female
41563,male
41564,female
41565,female
41566,male
41567,female
41569,male
41570,female
41571,male
41572,male
41573,female
41574,female
41575,male
41576,male
41577,female
41578,female
41579,male
41580,female
41581,male
41582,male
41583,male
41584,male
41585,male
41586,male
41587,female
41588,female
41589,female
41590,male
41591,female
41592,male
41594,female
41595,female
41596,female
41597,female
41598,male
41599,male
41600,female
41601,female
41602,male
41603,male
41604,female
41605,female
41606,female
41607,male
41608,female
41609,male
41611,female
41612,male
41613,female
41616,female
41617,male
41618,female
41619,female
41621,female
41622,female
41623,female
41624,male
41625,female
41626,male
41627,female
41628,male
41629,female
41630,male
41631,male
41632,male
41633,male
41634,male
41635,female
41636,male
41637,male
41638,female
41639,female
41640,male
41641,male
41642,male
41643,female
41644,male
41645,male
41646,female
41647,female
41648,male
41649,female
41650,female
41651,female
41652,male
41653,female
41654,male
41655,male
41656,female
41657,female
41658,female
41659,male
41660,male
41662,female
41663,male
41664,male
41665,female
41666,female
41667,male
41668,female
41669,female
41671,male
41672,male
41673,male
41674,male
41675,male
41676,female
41677,male
41678,female
41679,female
41680,male
41681,male
41682,male
41683,female
41684,female
41685,female
41686,male
41687,female
41688,male
41689,male
41690,female
41691,male
41692,female
41693,female
41694,female
41695,female
41697,female
41698,male
41699,male
41701,male
41702,female
41703,male
41704,female
41705,female
41706,female
41707,male
41708,male
41709,female
41711,female
41712,female
41713,male
41714,female
41715,female
41716,male
41717,female
41719,female
41720,female
41721,male
41722,male
41723,male
41724,female
41725,male
41726,male
41727,male
41728,male
41729,male
41730,female
41731,female
41732,male
41733,female
41734,male
41735,female
41736,female
41737,female
41738,male
41739,female
41740,female
41741,male
41742,female
41743,female
41744,male
41745,female
41746,female
41747,male
41748,male
41749,female
41750,female
41751,female
41752,male
41753,male
41754,male
41755,female
41756,female
41757,male
41758,female
41759,female
41760,female
41761,female
41762,male
41763,male
41764,male
41765,male
41766,female
41767,male
41768,male
41769,female
41770,male
41771,male
41772,female
41773,female
41774,male
41775,female
41776,male
41777,female
41778,male
41779,male
41780,male
41781,male
41782,male
41783,female
41784,male
41785,male
41786,male
41787,male
41788,male
41789,female
41790,male
41791,female
41793,male
41794,male
41795,female
41796,female
41798,male
41799,female
41800,female
41801,female
41802,female
41803,male
41804,female
41805,female
41806,male
41807,female
41808,male
41809,female
41810,male
41811,female
41812,male
41814,male
41815,female
41816,male
41817,female
41818,female
41819,male
41820,female
41821,female
41822,male
41823,male
41824,female
41825,male
41826,male
41827,male
41828,female
41829,male
41830,female
41831,male
41832,male
41833,male
41834,male
41835,female
41836,male
41838,female
41839,female
41840,male
41841,female
41842,female
41843,male
41844,female
41845,female
41846,male
41847,female
41848,male
41849,male
41850,female
41851,female
41852,female
41853,male
41855,male
41856,female
41857,female
41858,male
41859,female
41860,male
41862,female
41863,male
41864,male
41865,male
41866,female
41868,male
41869,male
41870,female
41871,male
41872,male
41874,male
41875,female
41876,male
41877,male
41878,male
41879,male
41880,female
41881,female
41882,male
41883,female
41884,male
41885,male
41886,male
41887,female
41888,male
41889,male
41891,male
41892,female
41893,female
41894,female
41895,male
41896,female
41897,male
41898,female
41899,female
41900,female
41901,female
41902,male
41903,female
41904,female
41905,female
41906,female
41907,male
41908,male
41909,female
41910,female
41911,male
41912,male
41913,male
41914,female
41915,male
41916,male
41917,female
41918,female
41919,female
41920,female
41921,male
41922,male
41923,male
41924,male
41925,female
41926,male
41927,female
41928,female
41929,female
41930,male
41931,male
41932,female
41933,female
41934,male
41935,female
41936,female
41937,male
41938,male
41939,male
41940,female
41941,male
41942,male
41943,male
41944,male
41945,female
41946,male
41947,female
41948,female
41949,male
41950,male
41951,male
41952,female
41953,male
41954,male
41955,male
41956,male
41959,female
41960,male
41962,female
41963,male
41964,female
41965,female
41966,female
41967,male
41968,female
41969,male
41970,male
41971,female
41972,male
41973,female
41975,female
41976,female
41977,female
41979,male
41980,female
41981,male
41982,female
41983,male
41984,female
41985,female
41986,female
41987,female
41988,female
41989,male
41990,male
41991,female
41992,female
41993,female
41994,female
41995,female
41996,male
41997,female
41998,female
41999,female
42000,female
42001,male
42002,female
42003,male
42004,male
42005,female
42006,male
42007,female
42008,male
42009,male
42010,female
42011,male
42012,female
42013,female
42014,male
42015,male
42016,female
42017,female
42018,male
42019,male
42020,female
42021,female
42022,female
42023,male
42024,female
42025,male
42026,male
42028,female
42029,female
42030,female
42031,male
42032,female
42033,male
42034,female
42035,male
42037,female
42038,male
42039,male
42040,male
42042,male
42043,male
42044,male
42045,male
42046,male
42047,female
42048,female
42049,male
42050,male
42051,male
42052,female
42054,male
42055,male
42056,female
42057,female
42058,female
42059,male
42060,male
42061,male
42062,male
42064,male
42065,female
42066,male
42067,male
42068,male
42069,male
42070,female
42071,male
42072,male
42073,male
42074,female
42075,female
42076,female
42077,male
42078,female
42079,male
42080,female
42081,male
42082,female
42084,male
42085,male
42086,male
42087,female
42088,male
42089,male
42090,female
42091,female
42092,female
42093,female
42094,female
42095,female
42097,male
42098,female
42099,female
42100,male
42101,male
42102,female
42103,female
42104,male
42105,male
42106,female
42107,male
42108,female
42109,female
42110,male
42111,female
42112,male
42113,male
42114,female
42115,female
42116,male
42117,female
42118,male
42119,male
42120,male
42121,male
42122,female
42123,female
42124,male
42125,male
42126,female
42127,female
42128,female
42129,female
42130,female
42131,male
42132,female
42133,male
42134,male
42135,female
42136,female
42137,female
42138,female
42139,female
42140,male
42141,female
42142,female
42143,male
42144,female
42145,male
42146,male
42147,female
42148,female
42149,male
42150,male
42151,male
42152,male
42153,female
42154,female
42155,male
42156,female
42157,male
42158,female
42159,female
42160,female
42161,male
42162,male
42163,female
42165,male
42166,female
42167,male
42168,female
42169,male
42170,female
42171,female
42172,female
42173,female
42174,female
42175,male
42176,male
42177,male
42178,female
42179,male
42180,male
42181,female
42183,female
42185,female
42186,male
42187,female
42188,female
42189,female
42190,male
42191,female
42192,male
42193,male
42194,male
42195,female
42196,female
42197,male
42198,male
42199,female
42200,male
42201,male
42202,male
42203,male
42204,female
42205,male
42206,female
42207,male
42208,female
42209,female
42210,female
42211,female
42212,male
42214,male
42215,female
42216,male
42217,female
42218,male
42219,female
42220,male
42221,female
42223,female
42224,male
42225,female
42226,male
42227,female
42228,male
42229,male
42230,female
42231,female
42233,female
42234,male
42235,male
42236,female
42237,male
42238,male
42239,male
42240,male
42241,female
42242,female
42243,female
42244,female
42245,female
42246,female
42247,male
42249,female
42250,male
42251,male
42252,female
42253,female
42254,female
42255,female
42256,male
42257,female
42258,male
42259,female
42260,female
42261,female
42262,male
42264,female
42265,female
42266,male
42267,male
42268,male
42269,male
42270,male
42271,female
42272,male
42273,male
42274,female
42275,male
42276,male
42277,female
42278,male
42279,female
42280,male
42281,female
42282,female
42283,female
42284,male
42285,male
42286,female
42287,female
42288,male
42289,male
42290,female
42291,male
42292,male
42293,male
42294,male
42296,female
42297,male
42298,male
42299,male
42300,female
42301,male
42302,male
42303,male
42304,female
42305,female
42306,male
42307,female
42308,female
42309,female
42310,male
42311,male
42312,female
42313,female
42315,male
42317,male
42318,male
42319,male
42320,male
42321,female
42322,male
42323,female
42324,male
42325,female
42326,female
42327,male
42328,female
42329,male
42330,male
42331,male
42332,male
42333,male
42334,female
42335,male
42336,female
42337,female
42338,female
42339,female
42340,male
42341,male
42342,male
42343,female
42344,female
42345,male
42346,female
42348,female
42349,female
42350,female
42351,male
42352,female
42353,male
42355,female
42356,male
42357,female
42360,female
42361,female
42362,male
42364,female
42365,male
42366,male
42367,male
42368,male
42369,female
42370,male
42371,female
42372,male
42373,male
42374,female
42375,female
42376,female
42377,male
42378,male
42379,male
42380,female
42381,male
42382,female
42383,male
42384,male
42385,male
42386,male
42387,male
42388,female
42389,female
42390,female
42392,male
42393,male
42395,female
42396,female
42397,female
42398,female
42399,male
42400,female
42401,male
42402,male
42403,male
42404,male
42405,female
42406,female
42407,female
42408,female
42409,male
42410,male
42411,male
42412,male
42413,male
42414,female
42415,male
42416,female
42417,female
42418,male
42419,female
42420,female
42421,female
42422,male
42423,female
42424,female
42425,female
42426,male
42427,female
42428,male
42429,female
42430,female
42431,female
42432,male
42433,male
42434,male
42435,male
42436,male
42438,female
42439,male
42440,female
42441,female
42442,male
42443,female
42444,male
42445,female
42446,male
42447,female
42448,female
42449,male
42450,male
42451,male
42452,female
42453,female
42454,male
42455,male
42456,female
42457,female
42458,female
42459,male
42460,male
42461,male
42462,male
42463,male
42464,male
42465,female
42466,female
42467,female
42468,male
42469,female
42470,female
42471,female
42472,female
42473,male
42474,male
42475,female
42476,male
42477,male
42478,male
42479,male
42480,female
42481,female
42483,female
42484,male
42485,female
42486,male
42488,female
42489,female
42490,female
42491,female
42492,male
42493,male
42494,female
42495,male
42496,female
42497,male
42498,female
42499,male
42500,male
42501,female
42502,male
42504,female
42505,female
42506,female
42507,female
42508,male
42509,male
42510,male
42511,male
42512,male
42513,male
42514,female
42515,male
42516,male
42517,male
42518,male
42519,male
42520,male
42521,female
42522,female
42523,female
42524,male
42525,female
42526,female
42527,female
42528,male
42529,female
42530,male
42531,female
42532,male
42533,male
42534,male
42535,female
42536,female
42537,male
42538,female
42539,female
42542,female
42544,male
42545,female
42546,male
42547,female
42548,male
42549,male
42550,male
42552,female
42553,male
42554,male
42555,female
42556,female
42557,female
42558,male
42559,female
42560,female
42561,female
42562,female
42563,female
42564,male
42565,male
42566,female
42567,male
42569,male
42570,male
42571,male
42573,female
42575,female
42576,male
42577,female
42578,male
42579,male
42580,male
42581,male
42582,male
42583,female
42584,male
42585,male
42586,male
42587,male
42588,female
42589,male
42590,female
42591,male
42592,male
42593,male
42594,female
42595,male
42596,female
42597,male
42598,female
42599,male
42601,male
42602,male
42603,male
42604,male
42605,female
42606,female
42607,female
42608,female
42609,female
42610,male
42611,female
42612,male
42613,female
42614,female
42615,female
42616,male
42617,male
42618,male
42619,female
42620,male
42621,male
42622,male
42623,male
42624,male
42625,female
42626,male
42627,male
42628,male
42629,female
42630,female
42631,male
42632,male
42633,male
42634,male
42635,female
42636,female
42637,female
42638,male
42639,female
42640,female
42641,female
42642,female
42643,female
42644,male
42645,male
42646,female
42647,male
42648,male
42649,male
42651,female
42652,male
42653,female
42655,female
42656,female
42657,male
42658,female
42659,male
42660,female
42661,female
42662,female
42663,female
42664,female
42665,male
42666,male
42667,male
42668,female
42671,male
42672,female
42673,female
42674,female
42675,female
42676,male
42677,male
42678,female
42679,male
42680,male
42681,male
42683,male
42684,male
42685,male
42686,male
42687,male
42688,female
42689,male
42690,male
42691,female
42692,male
42694,male
42695,female
42696,male
42697,female
42698,male
42699,female
42700,male
42701,male
42702,male
42703,male
42704,female
42705,male
42706,male
42707,male
42708,male
42710,female
42711,female
42712,male
42713,female
42714,male
42715,male
42716,female
42717,female
42718,male
42719,female
42720,male
42721,female
42722,male
42723,female
42724,female
42725,female
42726,male
42727,male
42728,male
42729,female
42730,male
42731,male
42732,male
42733,male
42734,female
42735,female
42736,female
42737,female
42738,male
42739,male
42740,female
42741,male
42742,female
42743,male
42744,female
42745,male
42746,female
42748,female
42749,male
42750,male
42751,male
42752,female
42753,male
42754,female
42755,male
42756,male
42757,female
42758,female
42759,male
42760,female
42761,female
42762,male
42763,female
42764,male
42765,male
42766,female
42767,female
42768,male
42769,female
42770,female
42771,male
42774,female
42775,female
42776,female
42777,male
42778,female
42780,female
42781,female
42782,female
42783,male
42784,male
42785,male
42786,male
42787,male
42788,male
42789,male
42790,female
42791,female
42792,female
42793,female
42794,male
42795,male
42796,female
42797,male
42798,female
42799,female
42800,male
42801,male
42802,female
42803,male
42804,female
42805,female
42806,female
42807,female
42808,male
42809,male
42810,male
42811,male
42812,female
42813,female
42814,female
42815,female
42816,male
42817,female
42818,male
42819,male
42820,female
42821,female
42823,female
42824,female
42825,female
42826,male
42827,female
42828,male
42830,female
42831,male
42832,female
42833,male
42835,female
42836,female
42837,female
42838,female
42839,female
42840,male
42841,female
42842,female
42844,male
42845,female
42846,male
42848,male
42849,female
42850,male
42851,male
42852,male
42853,male
42854,female
42855,male
42856,male
42857,female
42858,female
42859,male
42860,male
42861,female
42862,male
42863,male
42864,female
42865,female
42866,female
42867,female
42868,male
42869,female
42870,female
42871,female
42873,male
42875,male
42876,female
42877,male
42878,male
42879,female
42880,female
42881,male
42882,female
42883,male
42884,male
42885,female
42886,female
42887,male
42888,male
42889,male
42890,female
42891,female
42892,female
42893,male
42894,female
42895,female
42896,male
42897,female
42898,female
42899,female
42900,male
42901,female
42902,female
42903,male
42904,female
42905,male
42906,male
42907,male
42908,male
42909,male
42910,female
42911,male
42912,male
42913,male
42914,male
42915,female
42916,female
42917,female
42918,female
42919,female
42920,female
42921,female
42922,male
42923,male
42924,male
42925,female
42926,male
42927,female
42928,female
42929,male
42930,female
42931,male
42933,male
42934,female
42935,male
42936,female
42937,male
42938,male
42939,male
42940,female
42941,male
42942,male
42943,female
42944,female
42945,female
42946,male
42947,female
42948,female
42949,female
42950,male
42952,male
42953,male
42954,male
42955,female
42956,female
42957,male
42958,female
42959,female
42960,male
42961,female
42962,male
42963,male
42964,male
42965,female
42966,male
42967,female
42968,female
42969,female
42970,male
42971,male
42972,male
42973,female
42974,female
42975,female
42976,female
42977,female
42978,female
42979,female
42980,male
42981,male
42982,female
42983,male
42984,female
42985,male
42986,female
42987,female
42988,male
42989,male
42990,female
42991,male
42992,male
42993,male
42994,male
42995,female
42996,female
42997,female
42998,female
42999,male
43000,female
43001,male
43002,male
43003,female
43004,female
43005,female
43006,female
43007,male
43008,female
43009,male
43010,female
43011,female
43012,female
43013,female
43014,female
43015,male
43016,female
43017,male
43018,female
43019,female
43020,female
43021,female
43022,male
43023,female
43024,male
43025,male
43026,female
43027,female
43028,male
43029,male
43030,male
43031,male
43032,female
43033,female
43034,female
43036,male
43037,female
43038,female
43039,male
43040,male
43041,female
43042,female
43043,female
43044,female
43045,female
43046,male
43047,female
43048,male
43049,male
43050,female
43051,male
43052,male
43053,male
43054,male
43055,female
43056,male
43057,male
43058,female
43059,female
43060,female
43061,female
43062,male
43063,female
43064,female
43065,male
43067,female
43068,male
43069,male
43070,female
43071,male
43072,female
43073,female
43074,male
43075,male
43076,female
43078,male
43079,male
43080,female
43081,female
43082,female
43083,male
43084,male
43085,female
43086,female
43087,female
43088,female
43089,female
43090,male
43091,female
43092,female
43094,male
43095,female
43096,female
43097,male
43098,male
43099,female
43100,male
43101,male
43102,male
43103,male
43104,female
43105,male
43106,male
43107,female
43108,male
43109,male
43110,male
43111,female
43112,female
43113,male
43114,male
43115,female
43116,male
43117,female
43118,male
43119,male
43120,male
43121,male
43122,female
43123,female
43124,male
43125,male
43126,female
43128,female
43129,male
43131,male
43132,male
43133,female
43134,male
43135,male
43136,female
43137,female
43138,male
43139,female
43140,male
43141,male
43142,male
43143,female
43144,male
43145,female
43146,female
43147,male
43148,female
43149,female
43150,female
43151,male
43152,female
43153,male
43154,male
43155,female
43156,male
43157,male
43158,male
43159,male
43160,male
43161,female
43162,female
43163,female
43164,female
43165,female
43167,male
43168,female
43169,male
43170,male
43171,female
43172,female
43173,female
43174,female
43175,male
43176,female
43177,male
43178,male
43179,male
43180,female
43181,male
43182,male
43183,female
43184,female
43186,female
43187,female
43188,female
43189,male
43191,female
43192,male
43193,female
43194,female
43195,male
43196,female
43197,female
43198,female
43199,female
43200,male
43202,male
43203,female
43204,male
43205,male
43206,male
43207,male
43208,female
43209,male
43210,male
43211,female
43212,female
43213,female
43214,female
43215,female
43216,male
43217,female
43218,female
43219,male
43220,female
43221,female
43222,female
43223,male
43224,male
43225,male
43226,male
43227,female
43228,female
43230,female
43231,female
43232,female
43233,female
43234,male
43235,female
43236,male
43237,male
43238,female
43239,male
43240,male
43241,female
43242,female
43243,male
43244,male
43245,male
43246,female
43247,male
43248,female
43249,female
43250,male
43251,female
43252,female
43253,male
43254,male
43255,female
43256,male
43257,female
43258,female
43259,female
43260,female
43261,female
43262,female
43263,male
43264,female
43265,female
43266,male
43267,male
43268,female
43269,male
43270,female
43271,male
43272,male
43273,female
43274,male
43275,female
43276,male
43277,female
43278,male
43279,female
43280,female
43281,male
43282,female
43283,female
43284,male
43285,male
43286,female
43287,male
43288,female
43289,female
43290,female
43291,female
43292,female
43293,female
43294,female
43295,male
43296,female
43297,male
43298,male
43300,male
43301,female
43302,male
43303,female
43304,male
43305,female
43306,female
43307,male
43308,male
43309,male
43310,female
43311,male
43312,female
43313,male
43314,female
43315,male
43316,female
43317,female
43318,female
43319,male
43320,female
43321,male
43322,female
43323,female
43324,male
43325,female
43327,male
43328,female
43329,female
43330,male
43331,female
43332,female
43333,female
43334,female
43335,female
43336,male
43337,male
43338,female
43339,female
43340,male
43341,female
43342,female
43343,male
43344,male
43345,male
43346,male
43347,female
43348,male
43349,female
43350,female
43352,male
43353,female
43354,male
43355,male
43357,male
43358,female
43359,female
43361,female
43362,female
43363,female
43364,female
43365,female
43366,female
43367,male
43368,female
43369,female
43370,male
43371,male
43372,female
43373,male
43375,female
43376,female
43377,male
43378,male
43379,female
43380,male
43381,female
43382,male
43383,female
43384,male
43385,female
43386,female
43387,female
43388,male
43389,male
43390,male
43393,male
43394,male
43395,male
43396,male
43397,female
43398,female
43399,female
43400,female
43401,male
43402,female
43403,male
43404,male
43405,male
43406,male
43407,female
43408,female
43409,female
43410,male
43411,male
43412,male
43413,female
43414,male
43415,male
43416,male
43417,male
43418,female
43419,female
43420,male
43421,female
43422,female
43423,female
43424,male
43425,male
43426,male
43427,male
43428,female
43429,male
43430,female
43431,female
43432,male
43433,male
43434,female
43435,male
43436,female
43437,female
43438,female
43439,male
43440,female
43441,male
43442,male
43443,male
43444,male
43445,female
43446,female
43447,female
43449,female
43450,male
43451,female
43452,female
43453,female
43454,female
43455,male
43456,female
43457,male
43458,male
43459,female
43460,female
43461,male
43463,female
43464,female
43465,female
43467,female
43468,female
43469,male
43470,female
43471,female
43472,male
43473,male
43474,male
43475,male
43476,female
43477,male
43478,female
43479,male
43480,female
43481,male
43482,male
43484,female
43485,male
43486,male
43487,male
43489,male
43490,male
43491,female
43492,female
43493,male
43494,male
43495,male
43496,female
43497,male
43498,male
43499,male
43500,male
43501,male
43502,female
43503,male
43504,male
43505,male
43506,male
43507,male
43508,female
43510,male
43511,male
43512,female
43513,female
43514,female
43515,male
43516,male
43517,female
43518,female
43519,female
43520,female
43521,male
43522,female
43523,female
43525,male
43526,male
43527,male
43528,female
43529,male
43530,male
43531,female
43532,female
43533,female
43534,female
43535,male
43536,male
43537,female
43538,female
43539,male
43540,female
43541,female
43542,male
43543,female
43544,male
43545,female
43546,female
43547,female
43548,male
43549,female
43551,female
43552,female
43553,male
43554,male
43555,male
43556,male
43557,male
43558,male
43560,male
43561,female
43562,female
43563,female
43564,male
43565,female
43566,male
43567,female
43568,female
43569,male
43570,male
43571,male
43572,male
43573,female
43574,female
43575,male
43576,female
43577,male
43578,male
43579,male
43580,female
43581,female
43582,male
43583,male
43584,male
43585,male
43586,female
43587,female
43589,female
43590,female
43591,female
43592,female
43593,male
43594,male
43596,male
43597,female
43598,female
43599,female
43600,female
43601,male
43603,female
43604,female
43605,male
43606,female
43607,male
43608,female
43609,male
43610,female
43612,male
43613,female
43614,female
43615,male
43616,male
43617,female
43618,male
43619,male
43620,female
43621,male
43622,female
43623,male
43625,female
43626,female
43627,male
43628,female
43629,female
43630,female
43631,male
43632,male
43633,male
43634,female
43635,female
43636,female
43637,male
43638,female
43640,male
43641,female
43642,female
43643,female
43644,female
43646,female
43647,female
43648,female
43649,female
43650,male
43651,male
43652,female
43653,male
43654,male
43655,female
43657,male
43658,male
43659,male
43660,female
43661,male
43662,female
43663,female
43664,male
43665,female
43666,male
43667,female
43668,male
43671,female
43672,female
43673,male
43674,male
43675,female
43676,male
43677,female
43678,female
43679,female
43680,male
43681,male
43682,female
43683,male
43684,male
43685,female
43686,male
43687,female
43688,male
43689,male
43690,female
43691,male
43692,female
43693,male
43694,female
43695,female
43696,female
43697,female
43698,female
43699,male
43700,female
43701,female
43702,male
43703,female
43705,female
43706,female
43707,male
43708,female
43709,female
43711,female
43712,female
43713,female
43714,male
43715,female
43716,male
43717,female
43718,male
43719,male
43720,female
43721,male
43722,female
43723,female
43724,female
43725,female
43726,male
43727,male
43728,male
43729,female
43730,female
43731,male
43732,male
43733,female
43734,female
43735,male
43736,male
43737,male
43738,male
43739,female
43740,female
43741,male
43742,female
43743,female
43744,male
43745,female
43746,female
43747,female
43748,male
43749,female
43750,male
43751,female
43752,male
43753,male
43754,male
43755,female
43756,male
43757,male
43758,male
43759,female
43760,female
43761,female
43762,female
43763,male
43765,female
43766,female
43767,female
43768,female
43769,female
43770,female
43771,male
43772,female
43773,female
43774,female
43775,male
43776,male
43777,female
43778,female
43779,male
43780,female
43781,female
43782,female
43784,male
43785,male
43786,male
43787,female
43788,female
43789,male
43790,female
43791,male
43792,male
43793,female
43794,male
43795,male
43796,female
43797,male
43798,female
43799,male
43800,female
43801,male
43802,female
43803,female
43804,male
43805,female
43806,male
43807,female
43808,female
43809,female
43810,female
43811,female
43812,female
43813,female
43814,female
43815,female
43816,male
43817,male
43818,male
43819,female
43820,female
43822,female
43823,male
43825,female
43826,female
43827,female
43828,male
43830,female
43831,male
43832,male
43833,female
43834,female
43835,female
43836,male
43837,female
43838,female
43839,male
43841,female
43843,female
43844,female
43845,female
43846,female
43847,male
43848,male
43849,female
43850,male
43851,female
43852,male
43853,male
43854,male
43855,male
43856,female
43857,male
43858,male
43859,male
43860,female
43861,female
43862,male
43863,female
43864,female
43865,male
43866,male
43869,female
43870,male
43871,female
43872,female
43873,female
43874,female
43875,male
43876,male
43877,male
43878,male
43879,female
43880,female
43881,male
43882,male
43883,female
43884,male
43885,male
43886,female
43887,male
43888,female
43889,female
43890,female
43891,female
43892,female
43893,male
43894,male
43895,male
43896,female
43897,female
43898,male
43899,male
43900,male
43901,male
43902,female
43903,male
43904,female
43905,female
43906,female
43907,female
43908,male
43909,female
43910,female
43911,female
43912,male
43913,female
43914,male
43915,female
43916,female
43917,female
43918,female
43919,male
43920,male
43921,female
43922,female
43923,female
43924,male
43925,female
43927,female
43929,female
43930,male
43931,male
43932,male
43933,female
43934,female
43935,female
43936,male
43937,male
43938,female
43939,male
43940,female
43941,male
43942,male
43944,male
43945,female
43946,female
43947,female
43948,male
43949,male
43950,female
43951,male
43952,female
43953,male
43955,male
43956,male
43957,female
43958,male
43959,male
43960,female
43961,male
43962,male
43963,female
43964,female
43965,female
43966,female
43967,male
43968,male
43969,male
43970,male
43971,female
43972,female
43973,female
43974,female
43975,male
43976,male
43977,female
43978,female
43979,male
43980,male
43981,female
43982,male
43983,female
43984,female
43985,male
43986,male
43987,female
43988,male
43989,male
43990,male
43991,male
43992,female
43993,female
43994,male
43995,female
43996,male
43997,male
43998,female
43999,male
44000,female
44001,male
44003,female
44004,male
44005,female
44006,male
44007,male
44008,male
44009,female
44010,male
44011,female
44012,female
44013,male
44015,male
44016,male
44017,female
44018,female
44019,male
44020,male
44021,female
44022,male
44023,female
44024,female
44025,male
44026,female
44027,male
44028,male
44029,male
44030,female
44031,female
44032,female
44033,female
44034,female
44035,male
44036,male
44038,male
44039,female
44040,male
44041,male
44042,female
44043,male
44044,male
44045,male
44046,male
44047,female
44048,female
44049,male
44050,female
44051,female
44052,female
44053,male
44054,male
44055,female
44056,male
44057,female
44058,female
44059,male
44060,male
44061,male
44062,female
44063,female
44064,male
44065,male
44066,female
44067,female
44068,male
44069,male
44070,male
44071,male
44072,male
44073,female
44074,male
44075,male
44076,female
44077,female
44078,male
44079,female
44080,female
44081,female
44082,female
44083,male
44084,female
44085,male
44086,female
44087,female
44089,male
44090,female
44091,female
44092,male
44093,male
44094,male
44095,female
44096,male
44097,female
44098,female
44099,female
44100,male
44101,male
44103,female
44104,female
44105,male
44106,male
44107,male
44108,male
44109,female
44110,female
44111,female
44112,male
44113,male
44114,male
44115,female
44116,male
44117,female
44118,male
44119,female
44120,male
44121,female
44122,female
44123,male
44125,male
44126,male
44127,male
44129,female
44130,female
44131,female
44132,female
44133,female
44135,male
44136,female
44137,female
44138,female
44139,female
44140,male
44141,female
44143,male
44144,female
44145,male
44146,female
44147,male
44148,male
44149,male
44150,male
44151,male
44152,male
44153,female
44154,male
44155,female
44156,male
44157,female
44158,male
44159,male
44160,female
44161,male
44163,male
44164,male
44165,male
44166,male
44167,female
44168,female
44170,female
44171,male
44172,female
44173,male
44175,female
44176,male
44177,female
44178,male
44179,male
44180,male
44181,male
44182,female
44183,male
44184,male
44185,male
44186,male
44187,male
44188,female
44189,female
44190,male
44191,female
44192,male
44193,female
44194,female
44195,female
44196,female
44198,male
44200,female
44202,female
44203,female
44204,male
44205,female
44206,male
44207,female
44208,male
44209,female
44210,male
44211,female
44212,male
44213,female
44214,male
44215,male
44216,male
44217,female
44218,male
44219,female
44220,male
44221,female
44222,male
44223,female
44224,female
44225,male
44226,male
44227,male
44229,female
44230,female
44231,male
44233,male
44234,female
44235,male
44236,female
44237,male
44238,female
44239,female
44240,female
44241,male
44242,female
44243,female
44244,male
44245,female
44246,female
44247,male
44248,female
44249,female
44250,male
44252,male
44253,male
44254,female
44255,female
44256,male
44257,male
44258,female
44259,female
44260,male
44261,female
44262,female
44263,female
44264,male
44265,female
44266,female
44267,female
44268,male
44269,male
44270,female
44271,female
44272,female
44274,male
44276,male
44277,female
44278,male
44279,female
44280,female
44281,male
44282,male
44283,female
44285,male
44286,male
44287,male
44288,female
44289,female
44290,male
44291,male
44292,male
44293,male
44294,female
44295,male
44296,male
44297,male
44298,female
44299,female
44300,female
44301,female
44302,female
44303,female
44304,male
44305,female
44306,female
44307,male
44308,male
44309,female
44310,male
44311,male
44312,female
44313,female
44314,male
44316,female
44317,female
44318,male
44319,female
44320,female
44321,female
44322,male
44324,female
44325,female
44327,male
44328,male
44329,male
44330,male
44331,male
44332,female
44333,male
44334,male
44335,female
44336,male
44338,male
44339,male
44340,female
44341,female
44342,female
44343,male
44344,male
44346,female
44347,female
44348,female
44349,female
44350,male
44351,male
44352,male
44353,female
44354,male
44355,male
44356,male
44357,female
44358,male
44359,male
44360,male
44361,female
44362,female
44363,female
44364,male
44365,female
44366,male
44367,male
44368,male
44369,female
44370,female
44371,male
44372,male
44373,female
44374,female
44375,male
44376,male
44377,female
44378,male
44379,male
44380,male
44381,female
44382,male
44383,female
44384,male
44385,male
44386,female
44387,male
44388,male
44389,female
44390,female
44391,male
44392,male
44393,female
44394,male
44395,female
44396,female
44397,female
44398,male
44399,male
44400,male
44401,female
44402,male
44403,male
44404,female
44405,male
44406,male
44407,female
44408,male
44409,female
44410,male
44411,male
44412,female
44413,male
44414,male
44415,male
44416,male
44417,male
44418,male
44419,male
44420,male
44421,male
44422,male
44423,female
44424,female
44425,female
44426,male
44427,female
44428,male
44429,female
44430,male
44432,female
44433,male
44434,male
44435,female
44436,male
44437,female
44438,male
44439,male
44440,female
44441,female
44442,female
44443,female
44444,female
44445,female
44446,male
44447,male
44448,male
44449,male
44450,female
44451,female
44455,female
44456,female
44457,male
44458,male
44459,female
44460,male
44461,female
44462,female
44463,male
44464,male
44465,female
44466,male
44467,male
44468,female
44469,male
44470,female
44471,male
44472,female
44473,female
44474,female
44475,male
44476,female
44477,male
44478,male
44479,female
44481,female
44482,female
44483,female
44484,male
44485,female
44486,female
44487,male
44488,male
44489,male
44490,male
44491,male
44492,female
44493,female
44494,male
44495,female
44496,male
44497,female
44498,male
44499,male
44500,female
44501,male
44502,female
44503,female
44504,female
44505,male
44506,female
44507,male
44508,female
44509,male
44510,female
44512,male
44513,male
44514,female
44515,female
44516,male
44517,male
44518,male
44519,female
44520,female
44521,female
44522,male
44523,female
44524,female
44525,male
44526,male
44527,female
44528,male
44529,female
44530,female
44531,female
44532,female
44533,female
44534,female
44535,male
44536,female
44537,female
44538,male
44540,male
44541,male
44542,female
44543,male
44544,male
44545,male
44546,male
44547,male
44549,female
44550,female
44551,male
44552,female
44553,male
44554,female
44555,male
44556,male
44557,male
44558,male
44559,female
44560,male
44561,male
44562,male
44563,male
44564,female
44565,female
44566,female
44567,male
44568,female
44569,male
44570,male
44571,female
44572,male
44573,female
44574,male
44575,male
44576,male
44577,male
44578,female
44579,male
44580,male
44581,female
44582,female
44583,male
44584,female
44585,male
44586,female
44587,female
44588,female
44589,male
44591,male
44592,male
44593,male
44594,male
44595,female
44596,female
44597,male
44598,female
44599,female
44600,male
44601,male
44602,male
44603,male
44604,male
44605,female
44606,female
44607,female
44608,female
44609,female
44610,female
44611,male
44612,male
44613,female
44614,female
44615,female
44616,female
44617,male
44618,male
44619,male
44620,female
44621,female
44622,male
44623,male
44624,female
44625,female
44626,male
44627,male
44628,female
44629,male
44630,male
44631,female
44632,male
44633,male
44634,female
44635,female
44637,male
44638,male
44639,male
44640,female
44641,female
44642,female
44643,male
44644,female
44645,male
44646,female
44647,female
44648,male
44649,male
44650,female
44652,female
44653,female
44654,female
44655,female
44656,male
44657,female
44658,male
44659,male
44660,female
44661,female
44662,female
44663,female
44664,female
44665,female
44666,female
44667,male
44668,female
44669,female
44670,male
44671,male
44672,male
44673,male
44674,female
44675,male
44676,male
44677,female
44679,female
44680,female
44681,female
44682,female
44683,female
44684,female
44685,female
44687,female
44688,male
44689,female
44690,male
44692,male
44693,male
44694,male
44695,female
44696,female
44697,male
44698,male
44699,female
44700,female
44701,female
44702,female
44703,male
44705,female
44706,male
44707,male
44708,female
44710,male
44711,male
44712,female
44713,male
44715,male
44716,female
44717,male
44718,female
44719,male
44720,male
44721,female
44722,female
44723,male
44725,female
44726,female
44728,male
44729,male
44730,male
44731,female
44732,male
44733,female
44734,male
44735,female
44736,male
44737,male
44738,female
44739,female
44740,male
44741,male
44742,female
44743,male
44744,female
44745,female
44746,female
44747,female
44748,female
44749,female
44750,female
44751,female
44752,female
44753,female
44754,female
44755,male
44756,female
44757,male
44758,female
44759,male
44760,female
44761,female
44762,male
44763,female
44764,male
44765,male
44767,male
44768,female
44769,male
44770,female
44772,female
44773,male
44774,male
44775,female
44776,male
44777,female
44778,female
44779,male
44780,female
44781,male
44782,female
44783,female
44784,female
44785,male
44786,male
44787,female
44788,male
44789,male
44790,male
44791,female
44792,female
44793,female
44794,male
44795,female
44796,female
44797,female
44799,female
44800,male
44801,female
44802,male
44803,male
44804,female
44805,female
44807,male
44808,female
44809,female
44810,female
44811,female
44812,female
44813,female
44814,female
44815,male
44817,male
44818,male
44819,female
44820,female
44821,female
44822,female
44823,male
44824,female
44825,male
44826,female
44827,male
44828,male
44829,female
44830,female
44831,female
44832,female
44833,female
44834,male
44835,male
44836,female
44837,male
44838,male
44839,female
44840,female
44841,female
44842,female
44843,female
44844,male
44845,female
44846,female
44847,female
44849,female
44850,male
44851,female
44852,male
44853,male
44854,male
44855,female
44856,male
44858,female
44859,male
44860,female
44862,female
44863,female
44864,female
44865,male
44866,female
44867,female
44869,female
44870,male
44871,female
44872,male
44874,female
44875,male
44876,female
44877,male
44878,female
44879,female
44880,female
44881,female
44882,male
44883,male
44884,male
44885,male
44886,female
44887,male
44888,female
44889,female
44890,male
44891,male
44892,male
44893,male
44894,male
44895,male
44897,female
44898,female
44899,female
44900,female
44901,male
44902,female
44903,male
44904,male
44905,female
44907,male
44908,female
44909,male
44910,male
44911,male
44912,female
44913,female
44914,female
44915,female
44916,male
44917,female
44918,male
44919,male
44920,male
44921,male
44922,male
44924,female
44925,male
44926,male
44927,female
44928,male
44929,male
44930,female
44931,female
44932,female
44933,male
44934,female
44935,female
44936,male
44937,female
44938,female
44939,female
44940,female
44941,female
44942,female
44943,female
44944,male
44945,male
44946,female
44947,female
44948,male
44949,male
44950,male
44951,female
44953,male
44954,female
44955,female
44956,female
44957,female
44958,female
44959,male
44960,female
44962,male
44963,female
44964,female
44966,male
44967,female
44968,female
44969,male
44970,female
44971,male
44972,male
44973,female
44974,female
44975,female
44976,male
44977,female
44978,male
44979,male
44980,female
44981,female
44982,male
44983,female
44984,female
44985,male
44986,female
44987,female
44988,female
44989,male
44990,female
44991,male
44992,female
44993,female
44994,female
44995,female
44996,female
44997,male
44998,female
44999,male
45000,female
45001,female
45002,female
45003,female
45005,female
45006,female
45007,female
45008,female
45009,male
45010,male
45011,male
45012,male
45014,male
45016,female
45018,male
45019,female
45020,male
45021,female
45022,male
45023,female
45024,male
45025,male
45026,female
45027,female
45029,male
45030,male
45031,male
45032,male
45033,male
45035,male
45036,female
45037,female
45038,male
45039,male
45040,female
45041,male
45043,male
45044,male
45045,female
45046,male
45047,female
45048,male
45049,female
45050,female
45052,female
45053,female
45054,female
45055,female
45056,female
45057,male
45058,female
45059,female
45060,male
45061,male
45062,female
45063,female
45064,male
45065,female
45066,female
45067,female
45068,female
45069,female
45070,male
45071,female
45072,female
45073,female
45074,female
45075,female
45076,male
45077,female
45078,male
45079,female
45080,female
45081,male
45082,female
45083,male
45084,male
45085,male
45086,female
45087,female
45088,female
45089,male
45090,male
45092,female
45093,female
45094,female
45095,male
45096,female
45097,female
45098,female
45099,female
45100,male
45101,male
45102,female
45103,female
45104,female
45105,male
45106,female
45107,female
45109,female
45111,female
45112,male
45113,male
45114,female
45115,male
45116,female
45117,male
45118,male
45120,female
45121,male
45122,female
45123,female
45124,male
45125,male
45126,male
45127,female
45128,male
45129,female
45130,female
45131,male
45132,male
45133,female
45134,female
45135,female
45136,male
45137,male
45138,female
45139,male
45140,male
45141,female
45142,male
45143,male
45146,male
45147,male
45148,male
45149,male
45150,female
45151,female
45152,female
45153,female
45154,female
45155,male
45156,male
45157,male
45158,male
45159,female
45160,female
45161,male
45162,female
45163,male
45164,male
45165,female
45166,female
45167,male
45168,female
45169,female
45170,female
45171,male
45172,female
45173,female
45174,male
45175,male
45176,female
45177,male
45178,female
45179,male
45180,male
45181,female
45182,female
45183,female
45184,male
45185,female
45186,male
45187,female
45188,male
45189,female
45190,female
45191,female
45192,male
45193,female
45194,male
45195,male
45196,male
45197,male
45198,female
45199,female
45200,male
45201,female
45202,male
45203,male
45204,male
45205,male
45206,female
45207,female
45208,female
45209,male
45211,female
45212,male
45213,male
45214,male
45215,female
45216,female
45217,female
45218,female
45219,male
45220,male
45221,female
45222,female
45223,male
45224,female
45225,male
45226,female
45227,female
45228,female
45229,female
45230,female
45231,female
45232,male
45233,male
45234,male
45235,male
45236,female
45237,female
45238,male
45239,male
45241,male
45242,female
45243,female
45244,female
45245,male
45246,male
45247,female
45248,female
45249,female
45250,male
45251,female
45252,female
45253,male
45255,male
45256,female
45257,female
45258,male
45259,male
45260,male
45261,female
45262,female
45264,male
45265,male
45266,male
45267,male
45269,male
45270,female
45271,female
45272,female
45273,female
45274,female
45275,male
45276,female
45277,male
45278,female
45279,female
45280,male
45281,male
45282,female
45283,male
45284,male
45285,female
45286,female
45287,male
45288,male
45289,male
45291,male
45292,male
45293,male
45295,female
45296,female
45297,female
45298,male
45299,female
45301,male
45302,female
45303,female
45304,male
45305,male
45306,male
45307,female
45309,male
45310,male
45311,male
45312,female
45313,male
45314,male
45315,female
45316,female
45317,female
45318,male
45319,male
45320,male
45321,female
45322,male
45323,male
45324,female
45325,female
45326,female
45327,male
45328,male
45329,male
45330,female
45331,female
45332,male
45333,male
45334,male
45335,male
45336,male
45337,male
45338,male
45339,female
45340,male
45341,female
45342,male
45343,female
45345,female
45346,female
45347,female
45350,male
45351,female
45352,male
45353,female
45354,male
45355,male
45356,female
45357,male
45358,male
45359,female
45360,female
45361,male
45362,male
45363,male
45364,female
45365,male
45366,male
45367,female
45368,female
45369,female
45370,female
45371,male
45372,female
45373,male
45374,female
45375,female
45376,female
45377,female
45380,male
45381,male
45382,female
45383,male
45384,female
45385,male
45386,female
45387,male
45388,male
45389,male
45390,female
45391,female
45392,male
45393,female
45394,male
45395,male
45396,female
45397,male
45398,female
45399,male
45400,female
45401,male
45402,female
45403,male
45404,male
45405,female
45406,male
45407,female
45408,male
45409,male
45410,male
45411,female
45412,male
45413,female
45414,female
45415,male
45416,male
45417,male
45418,female
45419,male
45420,male
45421,female
45422,male
45423,female
45424,female
45425,male
45426,female
45427,male
45428,female
45430,female
45431,male
45432,female
45433,male
45434,male
45435,female
45436,female
45437,male
45438,female
45439,female
45440,female
45441,male
45442,male
45443,male
45444,female
45445,male
45446,male
45447,female
45448,male
45449,male
45450,male
45451,male
45452,female
45453,male
45454,male
45455,female
45456,female
45457,female
45458,male
45459,female
45460,male
45461,female
45462,male
45463,male
45464,female
45465,male
45466,female
45468,female
45469,male
45470,male
45471,male
45472,female
45473,male
45474,male
45475,male
45476,male
45477,male
45478,female
45479,female
45480,male
45481,female
45482,male
45483,male
45484,female
45485,male
45486,female
45487,male
45488,male
45490,female
45491,male
45492,male
45493,male
45494,male
45495,female
45496,female
45498,female
45499,male
45500,male
45502,female
45503,male
45504,male
45505,male
45506,female
45507,male
45508,female
45509,female
45510,female
45511,male
45512,male
45514,male
45515,female
45516,female
45517,male
45518,female
45519,male
45520,female
45522,male
45523,male
45525,female
45526,female
45527,female
45528,female
45529,male
45530,male
45531,female
45532,female
45533,female
45534,male
45535,female
45536,female
45537,male
45538,male
45539,female
45540,female
45541,female
45542,female
45543,female
45544,male
45545,male
45546,male
45547,female
45548,female
45549,male
45550,male
45551,male
45552,female
45553,male
45554,male
45555,female
45557,female
45558,female
45559,female
45560,female
45561,female
45562,female
45563,female
45564,female
45565,male
45566,female
45567,female
45568,male
45569,female
45570,female
45571,female
45572,female
45573,female
45574,female
45575,female
45576,male
45577,female
45578,male
45579,male
45580,female
45581,female
45582,female
45583,male
45584,female
45585,male
45586,female
45587,male
45588,male
45590,female
45591,female
45592,male
45593,female
45594,male
45595,female
45596,male
45597,male
45598,female
45599,female
45600,male
45601,male
45602,male
45603,male
45604,male
45605,female
45606,male
45607,female
45608,male
45609,male
45610,male
45611,female
45612,male
45613,male
45614,male
45615,female
45616,female
45617,female
45618,male
45619,male
45620,female
45621,male
45622,male
45623,female
45624,female
45625,female
45626,male
45627,male
45628,male
45629,female
45630,female
45631,female
45632,female
45633,female
45635,male
45636,female
45637,male
45638,female
45639,female
45640,female
45641,male
45642,female
45643,male
45644,male
45645,male
45646,male
45647,female
45648,female
45649,male
45650,male
45652,female
45653,male
45654,male
45655,male
45656,female
45657,female
45658,female
45659,female
45660,male
45661,female
45662,male
45663,female
45664,female
45665,female
45666,female
45667,male
45668,male
45670,male
45671,male
45672,female
45673,male
45674,male
45675,male
45676,male
45677,male
45678,male
45679,female
45680,female
45681,female
45682,female
45683,female
45684,male
45685,female
45686,male
45687,female
45688,female
45689,male
45690,male
45691,male
45692,male
45693,female
45694,female
45696,female
45697,female
45698,female
45699,female
45700,male
45701,male
45702,female
45703,male
45704,female
45705,male
45706,female
45707,female
45708,male
45709,male
45710,female
45711,male
45712,female
45713,male
45714,female
45715,male
45716,male
45717,female
45718,male
45719,female
45720,female
45721,male
45722,female
45723,male
45724,male
45725,male
45726,female
45728,female
45729,female
45730,male
45731,male
45732,male
45733,female
45734,female
45735,male
45736,male
45737,male
45738,male
45739,male
45740,male
45741,male
45742,male
45744,male
45745,male
45746,female
45747,male
45748,female
45749,female
45750,female
45751,male
45752,male
45753,female
45754,male
45755,male
45756,female
45757,female
45758,male
45759,male
45760,male
45761,male
45762,female
45763,male
45764,female
45765,male
45766,male
45767,male
45768,female
45769,female
45770,female
45771,female
45772,male
45773,male
45774,male
45775,female
45776,female
45777,female
45778,female
45779,male
45780,female
45781,male
45782,female
45783,female
45784,female
45785,female
45786,male
45787,female
45788,male
45789,male
45790,female
45791,female
45792,male
45793,female
45794,male
45795,female
45796,female
45797,female
45798,female
45799,female
45800,male
45801,male
45802,male
45804,female
45805,male
45806,female
45808,female
45809,male
45810,female
45811,female
45812,female
45813,male
45814,female
45815,female
45816,female
45817,female
45818,female
45819,female
45820,female
45821,female
45822,female
45823,male
45824,male
45826,female
45827,female
45828,female
45829,female
45831,male
45832,male
45833,male
45834,female
45836,female
45837,male
45838,female
45839,male
45840,female
45841,female
45843,male
45844,male
45845,female
45846,female
45847,male
45848,female
45849,male
45851,female
45852,male
45853,male
45854,female
45855,male
45856,male
45857,male
45858,male
45859,female
45860,female
45862,male
45863,male
45864,male
45865,female
45866,male
45867,female
45868,female
45869,female
45870,male
45871,female
45872,female
45873,male
45875,male
45876,female
45877,male
45878,male
45879,male
45880,male
45881,male
45882,male
45883,male
45884,male
45885,female
45886,female
45887,male
45888,female
45889,female
45890,male
45891,male
45892,male
45893,male
45894,male
45895,male
45896,male
45897,male
45898,male
45899,female
45900,female
45901,male
45902,male
45903,female
45904,male
45905,male
45906,female
45907,male
45908,female
45909,male
45910,female
45911,male
45912,female
45913,male
45914,female
45915,male
45916,female
45917,female
45919,female
45920,male
45921,female
45922,male
45923,female
45924,male
45925,male
45926,female
45927,female
45928,male
45929,male
45930,female
45931,male
45932,male
45933,female
45934,female
45935,male
45936,male
45937,female
45938,female
45939,male
45940,female
45941,male
45942,female
45943,female
45944,female
45945,male
45946,male
45947,male
45948,male
45949,female
45950,female
45951,female
45952,male
45953,female
45954,female
45955,male
45956,male
45957,male
45958,male
45959,female
45960,female
45961,male
45962,female
45963,male
45964,female
45966,male
45967,female
45968,female
45969,female
45970,male
45971,female
45972,female
45973,male
45975,female
45976,male
45977,male
45979,male
45980,male
45982,male
45983,male
45984,male
45986,female
45987,male
45988,male
45990,female
45991,female
45992,female
45993,male
45994,male
45995,male
45996,male
45998,female
45999,male
46000,male
46001,female
46002,male
46003,male
46004,female
46005,female
46006,male
46007,male
46008,female
46009,male
46010,male
46011,female
46012,male
46013,male
46014,male
46015,female
46016,male
46017,female
46018,female
46019,female
46020,female
46021,female
46022,female
46023,male
46025,female
46026,female
46027,female
46028,female
46029,female
46030,female
46031,female
46033,female
46034,male
46035,female
46036,female
46037,male
46038,male
46039,male
46040,female
46041,female
46042,male
46043,male
46044,female
46045,male
46046,male
46050,male
46051,female
46052,female
46053,male
46054,female
46055,female
46056,female
46057,female
46058,male
46060,male
46061,male
46062,female
46063,female
46064,female
46065,male
46066,female
46067,male
46068,female
46069,male
46070,female
46071,male
46072,male
46073,male
46074,female
46077,female
46078,male
46079,male
46080,female
46081,male
46082,female
46083,female
46084,male
46085,female
46086,male
46087,female
46088,female
46089,male
46090,male
46091,male
46092,female
46093,male
46094,male
46095,male
46096,female
46097,male
46098,male
46099,female
46100,female
46101,female
46102,male
46103,male
46104,male
46105,male
46106,female
46107,male
46108,male
46109,female
46110,female
46111,female
46112,male
46113,male
46114,female
46115,female
46116,female
46117,female
46118,female
46119,female
46120,female
46121,female
46122,female
46123,female
46124,female
46125,male
46126,male
46127,male
46128,male
46129,female
46130,female
46131,male
46132,male
46133,male
46134,male
46135,male
46136,male
46137,female
46138,female
46139,female
46140,female
46141,female
46142,male
46143,male
46144,male
46145,female
46146,female
46147,male
46148,male
46149,male
46150,female
46151,male
46152,female
46153,female
46154,female
46155,female
46156,male
46157,male
46158,female
46159,female
46160,male
46161,female
46162,male
46163,male
46164,male
46165,female
46166,male
46167,female
46168,male
46169,male
46170,male
46171,female
46172,male
46173,male
46174,male
46175,male
46176,male
46177,male
46178,male
46179,female
46180,male
46181,female
46182,male
46184,female
46185,male
46187,male
46188,male
46189,male
46190,male
46191,male
46192,female
46193,male
46194,female
46195,female
46196,male
46197,female
46198,male
46199,male
46200,female
46201,male
46202,female
46203,female
46204,female
46206,male
46207,female
46208,male
46209,male
46211,female
46213,male
46215,female
46216,male
46217,male
46218,male
46219,female
46220,female
46221,male
46222,female
46223,male
46224,male
46225,male
46228,male
46229,female
46230,male
46231,female
46232,female
46233,female
46234,female
46235,male
46236,male
46238,male
46239,female
46240,male
46241,female
46242,female
46243,male
46244,female
46245,female
46246,male
46247,male
46248,female
46249,male
46250,female
46251,male
46252,female
46253,female
46254,male
46255,female
46256,female
46257,male
46258,male
46259,female
46260,female
46261,female
46262,male
46263,female
46264,male
46265,female
46266,female
46267,male
46268,female
46270,male
46271,female
46272,male
46273,female
46274,female
46275,male
46276,female
46277,male
46278,female
46279,male
46280,male
46281,female
46282,female
46283,male
46284,female
46285,female
46286,male
46287,female
46288,male
46290,female
46292,female
46293,female
46294,male
46295,male
46296,male
46297,male
46298,male
46300,male
46301,male
46302,female
46303,female
46304,male
46305,male
46306,female
46307,female
46308,female
46309,female
46311,female
46312,male
46313,female
46314,female
46315,male
46316,female
46317,female
46318,female
46319,male
46320,female
46321,female
46322,female
46323,male
46324,female
46326,female
46328,female
46329,female
46330,male
46331,male
46332,male
46333,female
46334,female
46335,female
46336,female
46337,male
46338,male
46339,female
46340,male
46341,female
46342,female
46344,male
46345,male
46346,female
46347,female
46348,female
46349,male
46350,male
46351,female
46352,female
46353,female
46354,male
46355,male
46356,male
46357,male
46358,female
46359,female
46360,female
46361,male
46362,male
46363,male
46364,female
46365,male
46366,female
46367,male
46368,male
46369,male
46370,female
46371,female
46372,female
46373,female
46374,female
46375,female
46377,female
46378,male
46379,male
46380,female
46383,male
46384,female
46385,male
46386,male
46387,male
46388,female
46389,female
46390,female
46391,female
46392,male
46393,male
46394,male
46395,male
46396,male
46397,male
46398,female
46399,male
46400,male
46401,female
46402,male
46403,male
46404,female
46405,male
46406,female
46407,male
46408,male
46409,female
46410,female
46411,male
46412,male
46414,female
46415,male
46416,male
46417,female
46418,male
46419,female
46420,male
46421,male
46422,female
46423,male
46424,female
46425,male
46426,male
46427,male
46428,female
46429,female
46430,male
46431,male
46432,male
46433,female
46434,female
46435,female
46436,female
46437,female
46438,male
46439,male
46441,female
46442,male
46443,male
46444,male
46446,female
46447,male
46448,male
46449,female
46450,male
46451,male
46452,female
46453,male
46454,male
46455,female
46456,female
46458,female
46459,female
46460,male
46462,female
46463,male
46465,female
46466,male
46467,male
46468,male
46469,male
46470,male
46471,female
46472,male
46473,female
46474,male
46475,male
46476,male
46477,female
46479,male
46480,male
46481,male
46482,male
46483,female
46484,female
46485,female
46486,female
46488,female
46489,male
46490,male
46491,male
46492,female
46493,female
46494,female
46495,male
46496,female
46497,female
46498,female
46499,male
46500,male
46501,female
46503,male
46504,male
46506,female
46507,male
46508,male
46509,male
46510,female
46511,male
46512,male
46513,female
46514,female
46515,female
46516,female
46517,male
46518,male
46519,female
46520,female
46521,female
46522,male
46523,female
46524,male
46525,female
46526,female
46527,female
46528,male
46529,male
46530,female
46531,male
46532,male
46533,male
46534,male
46535,male
46536,male
46537,male
46538,female
46539,male
46540,female
46541,male
46542,female
46544,female
46545,female
46547,female
46548,male
46549,female
46550,female
46552,female
46553,female
46555,female
46556,female
46557,female
46558,male
46559,male
46561,female
46563,female
46564,male
46565,female
46567,female
46568,male
46569,male
46570,male
46571,female
46572,male
46574,female
46575,male
46576,male
46577,male
46578,male
46579,female
46581,male
46582,female
46583,female
46584,female
46585,female
46586,female
46587,male
46588,male
46590,male
46591,male
46592,female
46594,female
46595,female
46596,male
46597,male
46598,female
46599,male
46600,female
46601,female
46602,female
46603,male
46604,male
46605,male
46606,male
46607,female
46608,male
46609,female
46610,male
46611,female
46612,male
46613,male
46614,female
46615,female
46616,male
46617,female
46618,female
46619,male
46620,male
46621,female
46622,male
46623,male
46624,female
46625,male
46626,male
46627,male
46628,male
46629,male
46630,male
46631,male
46632,male
46633,male
46634,female
46635,male
46636,male
46637,male
46638,female
46639,female
46640,male
46641,male
46642,female
46643,male
46644,male
46645,male
46646,male
46647,female
46648,female
46649,female
46650,female
46651,male
46652,female
46653,female
46654,female
46655,female
46656,male
46657,female
46658,male
46659,female
46660,female
46661,female
46662,female
46663,female
46664,male
46665,male
46666,male
46667,female
46668,male
46670,female
46671,male
46672,female
46673,male
46674,female
46675,female
46677,male
46678,male
46679,female
46680,female
46681,male
46682,female
46683,female
46685,male
46686,male
46687,female
46688,male
46689,female
46690,male
46691,male
46692,female
46693,male
46694,male
46695,male
46696,female
46697,female
46698,male
46699,male
46700,female
46701,female
46702,male
46703,female
46704,female
46705,male
46706,female
46707,male
46708,male
46709,female
46710,female
46711,male
46712,male
46713,male
46714,female
46715,female
46716,female
46717,male
46718,female
46719,female
46720,male
46721,female
46722,female
46723,female
46724,male
46725,male
46727,male
46729,female
46730,female
46731,female
46732,male
46733,male
46734,female
46735,female
46736,female
46737,female
46740,male
46741,male
46742,male
46743,male
46745,male
46746,female
46747,male
46748,male
46749,male
46750,male
46751,female
46752,male
46753,female
46754,female
46755,male
46756,male
46757,female
46758,female
46759,male
46760,female
46761,male
46762,female
46763,male
46764,male
46765,female
46766,male
46767,male
46768,male
46769,male
46770,female
46772,female
46773,female
46775,female
46776,male
46777,male
46778,female
46779,female
46780,male
46781,female
46782,female
46783,female
46784,female
46785,female
46786,male
46787,male
46788,male
46789,female
46790,female
46791,female
46792,male
46794,female
46795,female
46796,female
46797,female
46798,female
46799,male
46800,male
46801,male
46802,male
46803,male
46804,female
46806,female
46810,male
46811,female
46812,male
46813,female
46814,female
46815,female
46816,female
46817,female
46818,female
46819,female
46820,female
46821,male
46822,male
46823,male
46824,male
46825,female
46826,female
46827,male
46828,female
46829,male
46830,male
46831,male
46832,female
46833,female
46834,female
46835,female
46836,female
46837,female
46838,male
46839,male
46840,female
46841,female
46842,male
46844,female
46845,male
46846,female
46847,male
46848,male
46849,female
46850,female
46851,male
46852,female
46853,male
46854,male
46855,female
46856,female
46857,female
46858,male
46859,male
46860,male
46861,male
46862,female
46863,male
46865,female
46866,male
46867,female
46868,female
46869,female
46870,female
46871,male
46872,male
46873,female
46874,female
46875,female
46876,male
46877,female
46878,male
46879,male
46880,female
46881,female
46882,female
46883,female
46884,female
46885,male
46886,male
46887,male
46888,male
46889,male
46890,male
46891,male
46892,male
46893,male
46894,male
46895,male
46896,male
46898,male
46899,male
46900,male
46901,male
46902,female
46903,male
46905,female
46907,female
46908,female
46909,male
46910,male
46911,male
46912,male
46913,female
46914,female
46915,male
46916,male
46917,female
46918,male
46919,male
46920,male
46922,female
46923,female
46924,male
46926,male
46927,female
46928,male
46930,male
46931,male
46932,female
46933,male
46934,female
46935,female
46936,female
46937,male
46938,male
46939,male
46940,male
46941,male
46943,female
46944,male
46945,male
46946,male
46947,female
46948,male
46949,male
46950,female
46951,female
46952,male
46953,female
46954,female
46955,male
46956,male
46957,female
46958,male
46959,female
46961,female
46962,female
46963,female
46964,male
46965,male
46966,male
46967,female
46969,male
46970,male
46972,male
46973,female
46974,female
46975,male
46976,female
46977,male
46978,male
46980,male
46981,female
46982,female
46983,female
46984,female
46985,female
46987,female
46988,male
46989,male
46990,male
46991,female
46992,female
46993,female
46994,female
46995,female
46996,male
46998,male
46999,male
47000,female
47001,female
47002,male
47003,male
47004,male
47005,male
47006,female
47007,male
47008,male
47009,male
47010,female
47011,male
47012,male
47013,female
47014,male
47015,female
47017,male
47018,male
47019,male
47020,male
47021,female
47022,female
47023,female
47024,male
47025,female
47026,male
47027,male
47028,male
47029,female
47030,male
47031,male
47032,male
47033,male
47034,male
47035,male
47036,male
47037,male
47038,male
47039,female
47040,female
47041,male
47042,male
47043,male
47044,male
47045,female
47047,female
47048,female
47049,female
47050,male
47051,female
47052,male
47053,male
47054,female
47055,male
47056,male
47057,female
47058,male
47060,female
47061,female
47062,male
47063,female
47064,female
47065,male
47066,male
47067,female
47068,female
47069,female
47070,male
47071,female
47072,female
47073,female
47075,female
47076,male
47077,male
47078,female
47079,female
47081,male
47082,female
47083,male
47084,male
47085,male
47086,female
47087,male
47089,male
47090,female
47091,male
47092,male
47093,female
47094,female
47095,female
47096,female
47097,female
47098,male
47099,male
47100,male
47101,female
47102,female
47103,male
47104,female
47105,male
47106,male
47107,male
47108,female
47109,male
47110,male
47111,female
47112,female
47113,female
47114,male
47115,male
47116,male
47118,male
47119,female
47120,male
47121,male
47122,male
47123,male
47124,male
47125,male
47126,male
47127,male
47128,female
47129,male
47130,male
47131,male
47132,male
47133,female
47134,female
47135,male
47136,male
47139,female
47140,male
47141,female
47144,male
47145,male
47146,female
47147,female
47148,female
47149,male
47150,female
47151,female
47152,male
47153,male
47154,male
47155,female
47156,male
47157,male
47159,female
47160,male
47161,male
47162,male
47163,female
47164,female
47165,male
47166,female
47167,male
47168,male
47169,female
47170,female
47171,male
47172,male
47173,female
47174,male
47175,female
47177,female
47178,male
47179,male
47180,male
47181,male
47182,female
47183,male
47184,male
47185,male
47186,male
47188,male
47189,female
47190,female
47191,female
47192,female
47193,female
47194,male
47195,female
47196,male
47197,female
47198,female
47199,male
47200,male
47201,female
47202,female
47204,female
47205,male
47206,female
47207,female
47208,male
47209,male
47210,male
47211,male
47212,male
47213,male
47214,male
47215,female
47216,female
47217,female
47219,female
47220,female
47221,female
47222,male
47223,male
47224,female
47226,male
47227,female
47228,female
47229,female
47230,female
47231,male
47232,male
47233,female
47234,male
47235,female
47236,male
47237,male
47239,male
47240,female
47242,female
47243,female
47244,female
47245,male
47246,female
47247,female
47248,male
47249,female
47250,female
47251,female
47252,male
47253,female
47254,male
47255,male
47256,female
47257,female
47258,female
47259,female
47260,female
47261,male
47262,male
47263,female
47264,female
47265,female
47266,male
47267,male
47268,male
47269,female
47270,male
47271,female
47272,female
47273,male
47274,male
47275,female
47276,male
47277,female
47278,female
47279,male
47280,male
47281,female
47282,male
47283,male
47284,female
47285,male
47286,male
47287,female
47288,male
47289,male
47290,female
47291,female
47292,female
47293,male
47294,female
47295,male
47296,female
47297,male
47298,female
47299,female
47300,female
47301,male
47302,female
47303,female
47304,female
47305,male
47306,male
47307,female
47308,female
47309,male
47310,male
47311,male
47313,male
47314,male
47315,male
47316,female
47317,female
47318,male
47319,male
47320,male
47321,female
47322,female
47323,female
47324,male
47325,female
47326,male
47327,female
47328,female
47329,female
47330,male
47331,male
47332,female
47333,male
47334,male
47335,female
47336,male
47337,female
47338,male
47339,female
47340,female
47341,female
47342,male
47343,male
47344,female
47345,male
47346,male
47347,male
47348,female
47352,male
47353,male
47354,male
47355,male
47356,male
47357,male
47358,male
47359,male
47360,female
47362,female
47363,male
47364,female
47365,male
47366,male
47367,female
47368,female
47369,male
47370,female
47371,male
47372,male
47373,female
47374,male
47375,female
47376,female
47377,male
47378,female
47379,male
47380,female
47381,male
47383,female
47384,male
47385,female
47386,male
47387,female
47389,male
47390,male
47391,female
47392,female
47394,male
47395,male
47396,female
47397,female
47398,male
47399,female
47400,female
47402,male
47403,male
47404,male
47405,male
47406,female
47407,male
47408,male
47409,male
47410,female
47411,male
47412,female
47413,male
47415,female
47416,female
47417,female
47418,male
47419,female
47420,female
47421,female
47423,female
47424,female
47425,female
47426,female
47427,female
47428,male
47429,female
47430,female
47431,female
47432,female
47433,female
47434,male
47435,female
47436,female
47437,male
47438,female
47439,male
47440,male
47441,male
47442,male
47443,male
47445,female
47447,female
47448,female
47449,male
47450,male
47451,male
47452,female
47453,male
47455,male
47456,female
47457,female
47459,male
47460,female
47461,male
47462,male
47463,male
47464,female
47465,male
47466,male
47467,male
47468,male
47469,male
47470,male
47471,female
47472,female
47473,female
47474,male
47475,female
47476,female
47477,male
47478,female
47479,female
47480,female
47481,male
47482,male
47483,female
47484,male
47485,male
47486,female
47487,male
47488,female
47489,female
47490,male
47491,male
47492,female
47493,male
47494,female
47495,male
47496,female
47498,female
47499,male
47500,female
47501,male
47502,male
47503,female
47504,female
47505,male
47506,female
47507,female
47509,female
47510,male
47511,female
47512,male
47513,female
47514,male
47515,male
47516,female
47517,female
47518,male
47520,male
47521,male
47522,female
47523,female
47524,female
47526,female
47527,male
47528,female
47529,male
47530,male
47531,female
47532,male
47534,female
47535,male
47536,female
47537,female
47538,female
47540,male
47541,female
47542,female
47543,male
47544,male
47545,female
47546,female
47547,male
47548,male
47549,male
47550,male
47551,female
47552,female
47553,female
47554,female
47555,male
47556,female
47557,male
47558,male
47559,female
47560,male
47561,male
47562,female
47563,female
47564,male
47565,female
47566,male
47567,male
47568,male
47569,female
47570,female
47571,female
47572,female
47573,male
47574,male
47575,female
47576,female
47577,male
47579,male
47580,male
47581,female
47582,male
47583,male
47584,female
47585,female
47586,female
47587,male
47588,female
47589,male
47590,male
47591,female
47592,female
47593,female
47594,female
47595,female
47596,female
47597,female
47598,male
47599,female
47600,male
47601,female
47603,female
47605,female
47606,male
47608,female
47610,female
47611,female
47613,female
47614,male
47616,female
47619,male
47620,female
47621,female
47622,male
47623,female
47624,female
47625,male
47626,male
47628,male
47629,male
47630,male
47631,male
47632,male
47633,male
47634,male
47635,male
47636,female
47637,female
47638,male
47639,female
47640,female
47641,male
47642,male
47643,female
47644,female
47645,male
47646,male
47647,male
47648,female
47649,male
47650,male
47651,female
47652,male
47653,male
47654,male
47655,male
47656,male
47657,male
47658,female
47659,female
47660,male
47661,female
47662,female
47663,female
47664,male
47665,female
47666,female
47667,male
47668,female
47669,female
47671,female
47672,female
47673,female
47674,male
47675,female
47676,female
47677,male
47678,female
47679,female
47680,female
47681,male
47682,female
47683,male
47684,female
47685,male
47687,male
47688,female
47689,female
47690,male
47691,female
47692,female
47693,male
47694,male
47695,female
47696,female
47697,male
47698,female
47699,female
47700,female
47701,female
47702,female
47703,female
47704,female
47705,male
47706,male
47707,female
47708,male
47709,male
47710,female
47711,female
47712,male
47713,female
47714,female
47715,female
47716,male
47717,female
47718,female
47719,female
47720,male
47721,female
47722,male
47723,female
47724,female
47725,female
47726,male
47728,male
47729,male
47730,male
47731,male
47732,female
47733,female
47734,male
47735,female
47736,male
47737,male
47738,female
47739,female
47740,male
47741,female
47742,female
47743,female
47744,female
47745,female
47746,female
47747,female
47748,male
47749,male
47750,male
47751,female
47752,female
47753,female
47754,male
47755,female
47756,female
47757,female
47758,male
47760,male
47761,male
47762,female
47763,male
47764,male
47765,male
47766,female
47767,female
47768,male
47769,male
47770,female
47771,male
47772,female
47773,male
47774,male
47775,male
47776,male
47777,male
47778,male
47779,male
47780,female
47781,female
47782,male
47784,male
47785,male
47786,male
47787,male
47788,male
47789,male
47790,female
47791,male
47792,male
47793,male
47794,female
47795,male
47796,male
47798,female
47799,female
47800,male
47801,female
47803,male
47804,male
47805,female
47806,female
47807,female
47808,female
47810,female
47811,female
47812,male
47814,male
47815,male
47816,male
47817,female
47818,male
47819,male
47820,female
47821,female
47822,male
47823,female
47824,female
47825,male
47826,female
47827,female
47828,female
47829,male
47830,female
47831,female
47832,male
47833,female
47834,male
47835,male
47836,female
47837,female
47838,male
47839,male
47840,female
47841,female
47842,female
47843,female
47844,male
47845,female
47847,female
47848,female
47849,female
47850,male
47851,male
47852,male
47853,female
47854,male
47856,male
47857,male
47858,male
47859,male
47860,male
47861,male
47862,male
47863,female
47864,male
47865,female
47866,female
47867,female
47868,female
47869,male
47870,female
47871,male
47873,female
47874,male
47875,male
47876,male
47877,male
47878,male
47879,male
47880,female
47881,female
47882,female
47883,female
47884,female
47885,female
47886,female
47887,female
47888,female
47889,female
47890,female
47891,male
47892,male
47893,male
47894,female
47896,male
47897,male
47898,male
47899,male
47900,male
47902,female
47903,female
47904,female
47905,male
47906,male
47907,female
47908,male
47910,male
47911,male
47912,female
47913,female
47914,male
47915,female
47917,female
47918,female
47920,female
47921,female
47922,male
47924,male
47925,female
47928,female
47929,male
47930,male
47931,male
47932,male
47933,male
47934,male
47935,female
47936,female
47937,male
47940,female
47941,male
47942,male
47944,female
47945,male
47946,female
47947,male
47948,female
47949,male
47950,male
47951,female
47953,female
47954,female
47955,female
47956,female
47958,male
47959,female
47960,male
47962,female
47963,female
47964,female
47965,female
47966,male
47967,male
47968,male
47969,male
47970,male
47971,female
47972,female
47973,male
47974,female
47975,female
47976,female
47977,female
47979,female
47980,male
47981,male
47982,female
47983,female
47985,female
47986,female
47987,female
47988,female
47989,female
47990,female
47991,male
47992,male
47993,male
47995,male
47996,male
47998,female
47999,female
48001,male
48002,female
48004,female
48005,female
48006,female
48007,female
48010,male
48011,male
48012,male
48013,female
48015,female
48016,male
48019,male
48020,male
48021,female
48022,female
48023,male
48026,female
48028,female
48029,female
48030,male
48031,male
48033,female
48034,female
48035,female
48037,female
48039,female
48040,male
48041,female
48042,female
48043,male
48044,male
48045,male
48046,male
48047,male
48048,female
48049,female
48050,male
48052,male
48053,male
48056,female
48057,female
48058,male
48059,female
48060,male
48061,female
48062,male
48063,male
48064,male
48065,female
48066,male
48069,male
48070,female
48072,male
48073,female
48076,male
48077,male
48078,male
48080,female
48081,female
48082,female
48083,male
48084,male
48085,female
48086,male
48087,female
48088,male
48091,male
48092,female
48094,female
48095,female
48096,female
48097,female
48098,male
48099,female
48100,female
48101,female
48102,female
48103,female
48104,male
48105,male
48106,male
48107,female
48110,male
48111,female
48112,female
48113,male
48114,female
48115,male
48116,male
48117,female
48118,female
48119,male
48120,female
48121,female
48122,female
48123,male
48124,male
48125,male
48126,male
48127,female
48128,female
48129,female
48130,male
48131,male
48132,female
48133,female
48134,male
48135,male
48136,male
48137,female
48138,female
48139,male
48140,female
48141,male
48142,female
48143,male
48144,male
48145,male
48146,male
48147,female
48148,female
48150,male
48151,male
48152,female
48153,male
48155,male
48157,male
48158,female
48160,female
48161,female
48163,male
48164,male
48165,male
48166,male
48167,female
48168,female
48169,female
48171,male
48172,male
48173,female
48174,male
48175,female
48176,female
48177,male
48178,male
48180,male
48181,female
48182,female
48183,female
48185,male
48186,female
48188,male
48189,female
48190,female
48192,male
48193,female
48194,male
48195,female
48196,female
48197,male
48198,female
48199,female
48201,female
48202,male
48203,male
48204,female
48205,female
48206,female
48207,male
48208,male
48209,male
48210,female
48211,female
48212,female
48213,female
48214,male
48215,male
48217,male
48218,female
48219,male
48220,female
48221,female
48222,female
48223,male
48224,female
48225,male
48226,male
48227,female
48228,male
48229,female
48230,female
48231,female
48232,female
48233,female
48234,male
48235,male
48236,male
48238,female
48239,female
48240,male
48241,female
48242,female
48243,female
48244,male
48245,female
48246,male
48247,female
48248,female
48250,female
48251,male
48252,male
48253,male
48255,female
48256,male
48257,female
48259,female
48260,male
48261,male
48262,male
48263,female
48264,female
48265,female
48266,male
48267,female
48268,female
48269,male
48270,female
48271,female
48272,female
48273,male
48274,male
48275,female
48276,female
48277,male
48278,male
48279,female
48280,female
48282,male
48283,female
48284,male
48285,female
48286,female
48287,female
48288,male
48289,female
48290,female
48292,male
48293,male
48294,female
48297,female
48298,male
48299,male
48300,female
48301,male
48302,female
48303,male
48304,female
48305,male
48307,female
48308,male
48309,female
48310,female
48311,male
48313,female
48315,male
48316,female
48317,female
48318,female
48319,male
48320,female
48321,male
48323,male
48324,female
48325,female
48326,male
48327,female
48328,male
48329,male
48331,male
48332,female
48334,female
48335,female
48336,female
48337,male
48338,female
48339,female
48340,female
48341,male
48342,female
48343,female
48344,female
48345,female
48346,male
48347,female
48348,female
48349,male
48350,female
48352,male
48354,female
48355,male
48356,female
48358,male
48359,male
48360,male
48361,female
48362,female
48363,female
48364,female
48365,female
48366,female
48367,male
48368,female
48369,male
48370,male
48372,male
48373,female
48375,female
48376,female
48377,male
48378,male
48381,female
48382,female
48383,female
48384,male
48385,male
48387,male
48388,female
48389,female
48390,female
48391,female
48392,female
48393,female
48394,female
48395,female
48397,male
48400,female
48401,female
48402,female
48403,female
48404,male
48405,male
48406,male
48407,female
48408,female
48409,male
48410,female
48411,female
48412,male
48413,male
48414,female
48416,female
48417,female
48418,female
48419,female
48420,female
48421,female
48422,male
48423,male
48424,female
48425,male
48427,female
48428,female
48429,female
48430,female
48431,male
48432,female
48433,male
48434,female
48435,male
48436,male
48437,female
48438,male
48439,female
48440,male
48441,female
48442,female
48443,female
48444,female
48445,female
48446,male
48447,male
48448,male
48449,female
48450,female
48451,female
48452,male
48453,male
48454,male
48456,female
48457,male
48458,female
48459,male
48460,female
48461,female
48462,male
48463,female
48464,female
48465,female
48467,female
48468,female
48469,male
48470,female
48471,female
48472,male
48473,male
48474,male
48475,female
48476,female
48477,male
48478,male
48479,female
48480,female
48481,female
48482,female
48483,male
48484,male
48485,male
48486,male
48488,female
48489,female
48490,female
48491,female
48492,female
48493,female
48494,male
48495,male
48496,female
48497,female
48498,male
48499,male
48500,female
48501,male
48502,female
48503,male
48504,female
48505,female
48506,male
48507,female
48508,female
48510,female
48511,female
48512,female
48513,male
48515,male
48516,male
48517,female
48518,female
48519,male
48520,female
48522,female
48523,female
48524,female
48526,male
48527,female
48528,female
48529,female
48530,male
48531,female
48532,female
48533,female
48534,male
48535,female
48536,female
48538,female
48539,female
48540,male
48541,male
48542,male
48543,male
48544,female
48545,female
48546,male
48547,female
48548,female
48549,female
48550,female
48551,male
48552,female
48553,female
48554,female
48555,male
48556,male
48557,male
48559,male
48560,male
48561,female
48564,male
48565,male
48566,male
48567,male
48568,female
48569,female
48570,male
48571,female
48572,male
48573,male
48574,male
48575,female
48576,male
48577,female
48578,female
48579,female
48580,female
48581,female
48582,female
48583,female
48584,female
48585,male
48586,female
48587,male
48588,female
48589,female
48590,female
48591,male
48592,female
48593,female
48595,male
48596,female
48597,male
48598,female
48599,male
48600,male
48601,female
48602,male
48603,male
48604,female
48605,female
48606,male
48607,male
48608,male
48609,female
48610,female
48611,female
48613,female
48614,male
48615,female
48616,female
48617,female
48618,male
48619,female
48620,male
48621,female
48622,male
48623,male
48624,female
48625,male
48626,female
48627,female
48628,female
48629,male
48630,female
48632,female
48633,male
48634,male
48635,male
48636,female
48637,male
48638,female
48639,female
48640,male
48641,male
48642,male
48643,male
48644,male
48645,female
48646,female
48647,female
48648,female
48649,male
48650,male
48651,male
48652,male
48653,female
48654,male
48655,male
48656,male
48657,male
48658,female
48659,male
48660,female
48661,female
48662,male
48663,female
48664,male
48665,female
48666,male
48667,female
48668,male
48669,male
48670,male
48671,male
48672,female
48673,male
48674,female
48675,female
48676,male
48677,male
48678,female
48679,female
48680,female
48681,female
48682,male
48683,female
48684,male
48685,female
48686,male
48688,female
48689,male
48690,male
48691,male
48692,male
48693,female
48694,male
48695,male
48696,female
48697,male
48698,male
48699,female
48700,female
48701,female
48702,male
48703,male
48704,female
48705,female
48706,female
48707,female
48708,female
48709,male
48710,male
48711,female
48712,male
48713,female
48714,male
48715,male
48716,female
48717,male
48718,female
48719,female
48720,male
48721,male
48722,male
48723,male
48724,female
48725,female
48727,female
48728,female
48729,male
48730,female
48731,male
48732,male
48733,male
48734,female
48735,female
48737,male
48738,female
48739,male
48741,female
48742,male
48743,female
48744,male
48745,female
48746,female
48747,male
48748,female
48749,female
48750,male
48751,female
48752,female
48753,male
48754,female
48755,female
48756,female
48757,female
48759,female
48761,female
48762,male
48763,male
48764,female
48765,male
48766,male
48767,male
48768,male
48770,female
48771,male
48772,male
48773,male
48775,female
48776,male
48777,female
48778,male
48780,female
48781,female
48782,female
48783,female
48784,female
48785,male
48786,male
48787,male
48788,male
48789,male
48791,female
48793,female
48795,female
48796,male
48797,female
48798,male
48799,male
48800,male
48801,female
48802,female
48803,male
48804,female
48805,female
48806,female
48807,female
48808,female
48810,female
48811,male
48812,female
48813,female
48814,male
48815,male
48816,female
48817,male
48818,male
48819,female
48820,female
48821,male
48822,male
48823,male
48824,male
48825,female
48826,male
48827,female
48828,male
48829,male
48830,female
48831,male
48832,male
48833,female
48834,male
48835,female
48836,male
48837,female
48838,male
48839,female
48840,male
48842,female
48843,male
48844,male
48845,male
48846,male
48847,female
48848,male
48849,male
48850,female
48851,female
48852,female
48854,female
48855,female
48856,female
48857,female
48858,male
48862,female
48863,male
48864,male
48865,female
48867,female
48868,male
48869,male
48873,male
48874,female
48875,female
48876,female
48877,male
48878,female
48879,male
48881,male
48882,female
48883,male
48884,female
48885,female
48888,female
48889,male
48890,female
48893,female
48894,female
48895,female
48896,female
48897,male
48898,female
48899,male
48900,female
48901,female
48902,female
48903,female
48904,female
48905,male
48907,female
48908,female
48909,male
48910,male
48911,male
48912,female
48914,female
48915,female
48916,female
48918,female
48919,female
48920,female
48923,female
48924,female
48925,female
48926,male
48927,male
48928,male
48929,female
48930,male
48931,female
48932,male
48933,male
48934,male
48937,female
48938,male
48940,male
48941,female
48942,male
48943,male
48944,male
48945,male
48946,female
48947,female
48948,male
48949,male
48950,male
48951,female
48952,female
48953,male
48956,female
48957,female
48958,female
48959,female
48960,male
48961,male
48962,female
48963,male
48964,female
48965,female
48966,male
48967,female
48968,male
48969,male
48970,female
48971,female
48972,male
48973,male
48974,female
48975,male
48976,female
48977,male
48978,male
48979,female
48980,male
48981,male
48982,female
48983,male
48984,male
48985,female
48986,male
48987,female
48988,male
48991,male
48992,male
48993,female
48994,female
48996,male
48997,male
48998,male
48999,male
49000,female
49001,male
49003,male
49004,male
49005,female
49007,male
49008,male
49009,female
49011,male
49012,female
49013,female
49015,female
49016,female
49017,female
49018,female
49021,male
49022,female
49023,male
49024,male
49025,male
49026,male
49027,male
49028,female
49029,male
49030,female
49032,female
49033,female
49034,male
49035,female
49036,male
49037,female
49038,male
49039,female
49040,female
49041,male
49042,female
49043,female
49044,female
49045,female
49046,male
49048,male
49049,male
49050,male
49051,female
49052,female
49053,female
49054,male
49055,male
49056,female
49057,male
49058,female
49059,female
49060,male
49061,female
49062,male
49063,male
49065,male
49066,male
49067,male
49068,male
49069,female
49070,male
49072,male
49073,female
49074,male
49075,female
49076,male
49077,female
49078,male
49079,female
49080,male
49081,female
49082,male
49083,male
49084,male
49085,male
49086,female
49087,female
49088,male
49089,male
49090,female
49091,female
49092,male
49093,female
49094,female
49095,female
49096,female
49097,male
49098,female
49099,male
49101,female
49102,male
49103,male
49104,male
49105,male
49106,female
49107,female
49108,male
49109,female
49110,female
49111,female
49112,male
49113,male
49114,female
49115,male
49116,male
49118,female
49119,female
49120,female
49121,female
49122,female
49123,female
49124,male
49125,male
49126,female
49127,male
49128,male
49129,female
49130,male
49131,male
49132,female
49133,female
49134,male
49135,male
49136,female
49137,female
49138,female
49139,female
49140,female
49141,male
49143,female
49144,male
49145,female
49146,female
49147,male
49148,male
49149,female
49150,male
49151,female
49152,male
49153,male
49154,male
49155,male
49156,male
49157,female
49158,male
49159,female
49160,female
49161,female
49163,male
49164,female
49165,female
49166,male
49167,male
49168,male
49169,male
49170,male
49171,female
49172,female
49176,male
49177,female
49178,male
49179,female
49180,male
49182,female
49183,female
49184,female
49185,male
49186,male
49187,female
49188,female
49189,female
49190,male
49191,female
49192,male
49193,female
49194,female
49195,female
49196,female
49197,male
49198,male
49199,female
49200,male
49201,female
49202,male
49203,female
49204,male
49205,male
49206,male
49207,female
49208,female
49209,female
49210,male
49211,male
49213,female
49214,male
49215,female
49216,female
49217,male
49218,male
49219,female
49220,female
49221,male
49222,male
49223,female
49224,male
49225,male
49226,male
49227,female
49228,male
49230,male
49231,female
49232,male
49233,female
49234,male
49235,male
49236,male
49237,male
49238,male
49239,male
49240,male
49241,male
49242,female
49244,male
49245,female
49246,male
49247,male
49248,male
49249,male
49250,male
49251,male
49252,male
49253,male
49254,female
49256,female
49257,male
49258,male
49259,female
49260,male
49261,female
49262,female
49263,female
49264,female
49265,female
49266,female
49267,male
49268,male
49269,male
49270,female
49271,male
49272,female
49273,female
49274,male
49275,male
49276,female
49277,male
49278,female
49279,female
49280,female
49281,female
49282,female
49284,female
49285,female
49286,female
49287,female
49288,female
49289,female
49291,female
49292,male
49293,female
49294,female
49295,male
49296,female
49297,female
49298,female
49299,male
49300,female
49301,female
49302,female
49303,female
49304,female
49305,female
49306,male
49307,male
49308,female
49309,male
49310,male
49311,male
49312,female
49313,female
49314,female
49315,female
49316,male
49317,female
49318,male
49319,female
49320,female
49321,male
49322,female
49323,male
49324,female
49325,male
49326,male
49327,female
49328,male
49329,female
49330,female
49331,male
49332,male
49334,female
49336,male
49337,male
49338,female
49339,male
49340,male
49341,female
49342,male
49343,female
49344,female
49345,female
49346,female
49347,female
49348,male
49349,male
49350,male
49351,female
49352,male
49353,male
49354,female
49355,female
49356,male
49357,male
49358,male
49359,male
49360,female
49361,male
49362,female
49363,female
49364,female
49365,male
49366,female
49367,female
49368,female
49369,female
49370,male
49371,female
49372,female
49373,female
49374,female
49375,male
49376,male
49377,female
49378,female
49379,male
49380,male
49381,female
49382,female
49383,male
49384,male
49385,female
49386,female
49387,male
49388,male
49389,female
49390,male
49391,male
49392,male
49393,male
49394,male
49395,male
49396,male
49397,female
49398,male
49399,male
49400,male
49401,male
49402,female
49403,female
49404,female
49405,male
49406,male
49407,female
49408,female
49409,female
49410,female
49411,female
49412,female
49414,female
49415,male
49416,female
49417,male
49418,female
49419,male
49420,male
49421,female
49422,female
49423,female
49424,female
49425,female
49426,male
49427,female
49428,male
49429,female
49430,male
49431,female
49432,male
49433,female
49435,male
49436,female
49437,female
49438,male
49439,male
49440,male
49441,female
49442,female
49443,male
49444,male
49445,female
49446,male
49447,female
49449,male
49450,male
49452,male
49453,male
49455,male
49456,female
49457,male
49458,female
49459,female
49460,female
49461,male
49462,female
49463,female
49464,male
49465,male
49466,female
49467,female
49468,male
49469,male
49470,male
49471,female
49472,female
49473,male
49475,male
49476,male
49477,female
49478,female
49479,male
49480,female
49481,male
49482,male
49483,male
49484,female
49485,male
49486,male
49487,male
49488,female
49489,female
49490,female
49491,female
49493,male
49494,female
49495,male
49496,male
49497,male
49498,male
49499,male
49500,male
49501,female
49503,female
49504,female
49505,female
49506,female
49507,female
49508,male
49509,female
49510,male
49511,female
49512,male
49513,female
49514,female
49515,female
49516,male
49517,female
49518,male
49519,male
49520,male
49521,female
49522,female
49525,male
49526,female
49527,male
49528,female
49529,male
49530,female
49531,male
49532,female
49533,female
49534,male
49535,female
49536,female
49537,male
49538,female
49539,female
49540,male
49541,male
49542,female
49543,male
49544,male
49545,male
49546,male
49547,female
49548,female
49550,female
49551,male
49552,female
49553,male
49554,female
49556,male
49557,male
49558,female
49559,female
49560,male
49561,female
49562,female
49563,male
49564,male
49565,female
49567,female
49568,female
49569,female
49571,male
49572,male
49573,male
49574,male
49575,male
49576,female
49577,female
49578,female
49579,male
49580,female
49581,female
49582,female
49583,female
49584,male
49585,male
49586,female
49587,male
49588,female
49589,female
49590,female
49591,male
49592,male
49593,female
49594,female
49595,female
49596,female
49597,male
49598,male
49599,female
49600,female
49603,female
49604,female
49605,male
49606,male
49607,female
49608,male
49609,female
49610,male
49611,female
49613,male
49615,female
49616,male
49617,male
49618,female
49619,female
49620,male
49621,male
49622,male
49623,female
49624,female
49625,male
49627,female
49628,female
49629,female
49631,female
49632,male
49633,male
49634,male
49635,male
49636,female
49637,female
49638,female
49639,male
49640,female
49641,female
49642,male
49643,male
49644,female
49645,male
49646,female
49647,female
49648,female
49649,male
49650,male
49651,female
49652,female
49653,male
49654,female
49655,female
49656,female
49657,female
49659,female
49660,female
49661,female
49662,male
49663,male
49664,male
49665,female
49666,female
49667,male
49668,female
49669,female
49670,male
49673,female
49674,female
49675,male
49676,female
49677,male
49678,male
49679,female
49680,female
49681,female
49682,male
49683,female
49684,female
49685,male
49686,female
49687,female
49688,female
49689,male
49690,female
49691,female
49692,female
49693,female
49694,female
49695,female
49696,male
49697,female
49699,male
49700,male
49701,female
49702,female
49703,male
49705,female
49706,female
49707,male
49708,male
49709,female
49710,male
49711,male
49712,male
49713,male
49714,male
49715,male
49716,female
49717,female
49718,female
49719,male
49720,male
49721,female
49722,female
49723,female
49724,female
49725,male
49726,male
49727,male
49729,male
49730,male
49731,male
49732,male
49733,male
49734,female
49735,male
49736,male
49737,female
49738,male
49739,male
49740,female
49741,female
49742,female
49743,male
49744,male
49745,male
49746,male
49747,male
49748,female
49749,female
49750,female
49751,female
49752,female
49753,male
49754,female
49755,female
49757,female
49759,male
49761,female
49762,female
49763,female
49764,female
49765,female
49766,male
49767,male
49768,male
49769,female
49770,female
49771,female
49772,male
49773,male
49775,male
49776,male
49777,male
49778,female
49779,female
49780,male
49781,male
49783,male
49784,male
49786,male
49787,female
49788,female
49789,female
49790,male
49791,male
49793,female
49794,female
49795,female
49796,male
49797,male
49799,male
49800,female
49801,male
49802,female
49803,female
49804,male
49805,female
49806,female
49808,female
49809,male
49810,female
49811,female
49812,female
49814,female
49815,female
49816,female
49817,male
49818,female
49819,female
49820,female
49821,male
49823,male
49824,female
49825,female
49826,female
49827,female
49828,male
49829,female
49830,female
49831,male
49832,male
49833,female
49834,male
49835,male
49837,female
49839,male
49840,male
49841,male
49843,female
49844,male
49845,female
49846,male
49847,male
49848,female
49849,male
49850,male
49851,female
49852,male
49853,female
49854,female
49855,female
49856,male
49857,female
49858,male
49859,female
49860,female
49861,male
49862,female
49863,female
49864,male
49866,female
49867,female
49868,female
49869,female
49870,male
49871,male
49872,female
49873,female
49874,female
49875,male
49876,female
49877,female
49878,male
49879,female
49880,male
49881,male
49882,female
49883,male
49884,male
49886,male
49887,female
49889,male
49890,male
49891,male
49892,female
49893,male
49894,male
49895,female
49897,female
49898,male
49899,female
49900,male
49901,female
49902,male
49903,male
49904,female
49905,female
49906,male
49907,female
49908,female
49910,male
49911,female
49912,female
49913,female
49914,male
49915,male
49916,female
49917,male
49918,female
49919,male
49920,male
49921,male
49922,female
49923,female
49924,male
49925,male
49926,male
49927,female
49928,female
49929,female
49930,male
49931,female
49932,female
49935,female
49936,female
49937,female
49938,female
49939,male
49940,female
49941,male
49942,female
49944,female
49945,male
49946,male
49948,male
49949,male
49950,female
49951,male
49952,female
49953,female
49954,male
49955,female
49956,male
49957,female
49958,male
49959,male
49960,male
49961,female
49962,female
49963,female
49964,female
49965,male
49966,female
49967,male
49968,male
49969,male
49970,female
49971,female
49972,male
49973,female
49974,female
49975,male
49976,female
49977,male
49978,female
49979,female
49980,male
49981,male
49982,female
49983,male
49985,male
49986,male
49987,male
49988,male
49989,male
49990,male
49991,male
49992,male
49993,male
49994,male
49995,male
49996,female
49997,female
49998,male
49999,male
50001,male
50002,female
50003,male
50005,female
50007,female
50009,female
50010,female
50011,female
50012,male
50013,male
50014,female
50015,female
50016,female
50017,male
50018,female
50019,male
50020,female
50021,female
50022,male
50023,male
50024,male
50025,male
50026,male
50027,male
50030,female
50031,female
50032,female
50033,male
50034,female
50035,female
50036,male
50037,female
50038,male
50039,female
50040,male
50041,female
50042,male
50043,female
50044,female
50045,female
50046,female
50047,female
50048,male
50049,female
50050,male
50051,male
50052,male
50053,female
50054,male
50055,male
50057,female
50058,female
50059,male
50060,male
50062,female
50064,male
50065,female
50066,female
50069,female
50070,male
50071,male
50072,female
50073,female
50074,male
50075,female
50076,female
50077,female
50078,male
50079,female
50080,female
50081,female
50082,female
50084,male
50085,male
50086,female
50087,male
50088,male
50089,male
50090,male
50091,male
50092,female
50093,male
50094,female
50095,female
50096,male
50097,male
50098,female
50099,female
50100,female
50101,male
50102,male
50103,male
50104,female
50105,male
50106,female
50107,female
50108,male
50109,male
50110,female
50111,female
50113,female
50115,male
50116,female
50117,female
50118,male
50120,male
50121,male
50123,female
50124,male
50125,male
50128,female
50129,female
50130,female
50131,male
50132,female
50133,female
50134,female
50135,male
50136,female
50137,male
50138,male
50139,male
50140,male
50141,male
50142,female
50143,male
50144,female
50145,female
50146,male
50147,male
50148,female
50149,male
50150,female
50151,female
50152,female
50153,male
50154,female
50156,male
50157,female
50158,male
50159,female
50160,female
50162,male
50164,male
50165,female
50166,female
50167,male
50168,female
50169,female
50170,female
50171,male
50172,male
50173,male
50174,male
50175,female
50176,male
50177,male
50178,male
50179,male
50180,female
50182,female
50183,female
50184,female
50185,male
50186,male
50188,female
50189,female
50190,male
50191,male
50192,male
50193,male
50194,female
50195,female
50197,female
50199,male
50200,male
50201,female
50202,male
50204,male
50205,male
50206,male
50209,male
50210,female
50211,female
50212,male
50213,female
50214,female
50215,male
50216,male
50217,female
50218,male
50219,female
50220,male
50221,male
50223,female
50224,male
50225,male
50227,female
50229,male
50231,female
50232,female
50233,female
50234,female
50235,male
50236,female
50237,female
50238,male
50239,female
50240,male
50241,female
50242,male
50243,male
50244,female
50245,male
50246,female
50247,female
50248,female
50249,female
50250,female
50251,female
50254,male
50255,female
50256,male
50257,female
50258,male
50260,female
50261,female
50262,male
50263,male
50264,female
50265,female
50266,male
50267,female
50268,male
50269,female
50270,male
50271,male
50272,female
50273,male
50274,male
50276,female
50277,male
50278,female
50279,male
50280,female
50282,male
50283,female
50284,female
50285,male
50286,female
50287,male
50288,female
50290,male
50291,female
50292,female
50293,male
50294,male
50295,female
50296,female
50297,female
50298,female
50299,male
50300,female
50301,male
50302,female
50303,male
50304,female
50305,male
50306,female
50307,female
50308,male
50311,male
50312,female
50313,female
50314,female
50316,male
50317,female
50318,female
50319,female
50320,female
50321,male
50322,female
50324,female
50325,female
50326,female
50327,female
50328,female
50329,male
50330,male
50331,female
50332,male
50333,female
50334,male
50336,female
50337,female
50338,male
50339,female
50340,female
50341,male
50342,female
50343,female
50344,female
50345,male
50347,male
50348,female
50349,female
50350,female
50351,male
50352,female
50353,female
50354,male
50355,male
50356,female
50357,male
50358,male
50359,female
50360,female
50361,female
50362,male
50364,male
50366,female
50368,female
50369,male
50370,female
50371,male
50372,female
50373,male
50374,male
50375,male
50376,male
50377,female
50378,female
50380,male
50381,female
50382,male
50383,male
50384,male
50385,male
50386,female
50387,male
50388,female
50389,male
50391,male
50392,male
50393,male
50394,male
50395,female
50396,male
50397,male
50398,male
50399,male
50400,male
50401,female
50402,male
50403,male
50404,male
50405,female
50407,male
50408,female
50409,female
50410,female
50411,male
50412,female
50413,female
50414,female
50416,female
50417,female
50418,male
50419,female
50420,male
50421,female
50422,female
50423,male
50424,female
50426,female
50427,female
50428,female
50429,female
50430,male
50431,female
50432,male
50434,female
50435,female
50437,male
50438,male
50439,male
50440,male
50441,female
50442,male
50443,female
50444,male
50445,male
50446,female
50447,male
50448,male
50449,male
50450,female
50451,male
50452,male
50453,female
50454,female
50455,male
50456,female
50458,male
50459,female
50460,male
50462,female
50463,female
50464,female
50465,male
50466,female
50467,female
50470,female
50471,female
50472,male
50473,male
50474,male
50475,female
50476,female
50478,male
50479,female
50480,male
50481,female
50482,male
50483,male
50484,female
50485,female
50486,male
50488,male
50489,male
50490,female
50491,male
50492,male
50493,male
50494,male
50495,female
50496,female
50497,male
50498,male
50499,female
50500,female
50502,female
50503,female
50504,female
50506,female
50507,female
50508,female
50509,male
50510,male
50511,male
50512,female
50513,male
50514,male
50515,male
50516,female
50517,male
50518,male
50519,female
50520,male
50521,male
50522,male
50523,female
50524,male
50526,female
50527,male
50528,female
50529,female
50530,female
50531,female
50532,male
50533,female
50534,male
50535,male
50536,male
50537,male
50538,male
50539,female
50540,female
50541,female
50542,female
50543,male
50544,female
50545,male
50546,female
50547,female
50548,female
50549,male
50550,female
50551,female
50552,male
50554,male
50555,female
50556,male
50557,female
50558,male
50559,female
50560,male
50561,male
50562,male
50563,female
50564,female
50565,female
50566,female
50567,female
50568,male
50569,female
50570,female
50571,female
50572,male
50573,male
50574,female
50575,male
50576,female
50577,female
50578,female
50579,male
50580,female
50581,female
50582,male
50583,female
50584,male
50585,male
50586,female
50587,male
50588,male
50589,female
50590,male
50591,male
50592,female
50593,female
50594,male
50596,female
50597,female
50598,female
50599,male
50600,female
50601,female
50602,female
50603,female
50604,female
50605,female
50606,male
50607,male
50608,female
50609,female
50610,female
50611,female
50612,male
50613,male
50614,male
50615,male
50616,male
50617,male
50618,female
50619,female
50621,female
50622,female
50623,male
50624,male
50625,female
50626,female
50627,male
50628,male
50629,male
50630,female
50631,male
50632,female
50634,male
50635,female
50636,male
50637,male
50638,female
50639,female
50640,female
50641,male
50642,female
50643,male
50644,female
50645,male
50646,female
50647,male
50648,female
50649,male
50650,female
50651,male
50652,female
50653,male
50654,female
50656,male
50658,male
50659,male
50660,male
50661,female
50662,male
50663,male
50665,female
50666,female
50667,male
50668,male
50669,male
50670,male
50671,male
50672,male
50673,female
50674,male
50675,male
50676,male
50677,male
50678,female
50679,female
50680,male
50682,male
50684,male
50685,male
50687,male
50688,female
50689,male
50690,female
50691,male
50692,male
50693,female
50694,female
50695,female
50696,female
50697,female
50698,male
50699,male
50701,male
50702,male
50703,female
50704,female
50705,female
50706,male
50707,female
50708,female
50709,male
50710,female
50711,female
50712,male
50713,male
50714,male
50715,male
50716,male
50717,male
50718,female
50719,male
50720,male
50721,male
50722,female
50724,female
50725,male
50726,male
50727,male
50728,female
50729,female
50730,male
50731,female
50733,female
50734,male
50735,male
50736,female
50737,female
50738,male
50739,male
50740,male
50741,male
50742,female
50743,male
50744,female
50745,female
50746,male
50747,female
50748,male
50749,female
50750,female
50751,male
50752,female
50753,female
50754,female
50755,male
50756,male
50759,male
50760,female
50761,female
50762,female
50765,male
50766,male
50767,male
50768,male
50769,female
50770,female
50771,male
50772,male
50773,female
50774,male
50775,male
50776,female
50777,female
50778,male
50779,female
50780,female
50781,female
50782,male
50783,female
50784,male
50785,male
50788,female
50789,male
50790,female
50791,male
50792,male
50793,male
50794,male
50795,female
50796,female
50797,male
50798,male
50799,male
50800,female
50801,male
50802,male
50804,female
50805,male
50806,female
50807,female
50808,female
50809,male
50810,female
50811,male
50812,male
50813,female
50814,female
50815,female
50816,female
50817,female
50818,female
50819,male
50820,female
50821,male
50822,male
50823,female
50824,male
50825,female
50826,female
50827,male
50828,female
50829,male
50830,female
50831,male
50832,male
50833,male
50834,female
50835,male
50836,female
50837,male
50838,male
50839,male
50840,female
50841,female
50842,female
50843,male
50844,male
50845,male
50846,male
50847,female
50848,female
50849,male
50850,female
50851,female
50852,female
50853,female
50854,male
50855,male
50856,male
50857,female
50858,male
50859,female
50860,male
50861,male
50862,male
50863,female
50864,female
50865,female
50866,male
50867,female
50868,female
50869,female
50870,male
50871,female
50872,male
50873,female
50874,male
50875,male
50876,female
50877,male
50878,male
50879,male
50880,female
50882,male
50883,female
50884,male
50885,male
50886,female
50887,male
50888,male
50889,female
50890,male
50891,female
50892,male
50893,female
50894,female
50895,female
50896,male
50897,male
50898,female
50899,female
50900,female
50901,male
50902,male
50903,female
50904,female
50905,male
50906,male
50907,female
50908,male
50909,female
50910,male
50911,male
50912,male
50913,female
50914,female
50915,male
50917,female
50918,male
50919,male
50920,female
50921,female
50922,male
50924,female
50925,male
50926,female
50927,female
50928,male
50929,male
50930,male
50931,male
50932,female
50933,male
50934,female
50935,male
50936,male
50937,female
50939,female
50940,female
50941,male
50942,female
50943,male
50944,male
50945,male
50946,female
50947,male
50948,female
50949,female
50950,female
50951,male
50952,male
50953,male
50954,male
50955,male
50956,male
50957,male
50958,female
50960,male
50961,female
50962,female
50963,male
50964,female
50965,male
50966,male
50967,female
50969,male
50970,female
50971,male
50972,female
50973,female
50974,male
50975,female
50976,male
50977,female
50978,male
50979,male
50980,female
50981,female
50982,female
50983,female
50984,female
50985,female
50986,male
50987,female
50988,female
50989,female
50990,female
50991,male
50992,male
50993,female
50994,male
50995,male
50996,female
50997,male
50998,male
50999,female
51000,male
51001,male
51002,male
51003,male
51004,female
51005,female
51006,male
51007,male
51008,male
51010,female
51011,male
51012,male
51013,male
51014,male
51015,male
51016,female
51017,male
51018,female
51019,female
51021,female
51022,male
51023,female
51024,male
51025,female
51026,female
51028,male
51029,male
51030,male
51032,male
51033,male
51034,female
51037,female
51038,female
51039,male
51041,male
51042,male
51043,female
51044,female
51045,female
51046,female
51047,female
51048,male
51049,female
51050,female
51051,male
51052,male
51053,female
51054,female
51055,female
51056,male
51057,male
51058,male
51059,female
51060,male
51061,male
51062,female
51063,male
51064,female
51065,male
51066,male
51067,female
51068,female
51070,female
51071,male
51072,female
51073,female
51074,male
51075,male
51076,male
51077,male
51078,female
51079,male
51080,female
51081,female
51082,female
51083,female
51084,female
51085,female
51086,male
51087,male
51088,female
51089,male
51090,female
51093,male
51094,female
51095,male
51096,female
51098,female
51099,male
51100,female
51101,female
51102,female
51103,male
51104,male
51105,male
51106,female
51107,female
51109,male
51110,female
51111,male
51112,female
51113,female
51115,male
51116,female
51117,male
51119,male
51120,male
51121,female
51123,female
51124,male
51125,male
51126,male
51127,male
51128,female
51130,female
51131,male
51132,male
51133,female
51134,male
51135,female
51136,male
51137,female
51139,male
51140,female
51142,female
51143,male
51144,male
51145,male
51146,female
51149,female
51150,male
51151,female
51152,female
51154,male
51155,female
51156,male
51157,female
51158,male
51159,female
51160,male
51161,male
51162,male
51163,female
51164,male
51166,male
51167,female
51169,male
51170,female
51171,male
51172,male
51174,female
51175,female
51176,female
51177,female
51178,male
51179,male
51180,female
51181,male
51182,female
51183,female
51184,male
51185,female
51186,male
51187,male
51188,male
51189,female
51190,female
51191,male
51192,female
51193,female
51194,female
51197,male
51198,female
51199,male
51200,male
51201,male
51202,male
51203,male
51204,female
51205,female
51206,male
51207,male
51208,male
51210,female
51211,female
51212,male
51213,male
51214,male
51216,female
51217,female
51218,male
51220,male
51221,female
51223,female
51224,male
51225,male
51226,male
51227,male
51228,male
51230,female
51231,female
51232,female
51233,male
51234,female
51235,male
51236,female
51237,male
51238,female
51239,male
51240,female
51241,female
51242,male
51243,male
51244,female
51245,male
51246,male
51247,male
51248,female
51249,male
51251,male
51252,female
51254,female
51255,male
51256,female
51257,male
51258,female
51259,male
51260,female
51262,male
51263,female
51264,male
51265,female
51267,female
51268,male
51270,male
51271,female
51272,female
51274,male
51275,male
51276,female
51278,male
51279,female
51280,female
51281,male
51282,male
51283,male
51284,male
51285,male
51288,female
51289,male
51290,female
51291,female
51292,female
51293,female
51294,male
51295,male
51296,female
51297,female
51298,male
51299,male
51300,male
51301,female
51303,male
51305,female
51306,male
51307,male
51308,female
51310,female
51311,female
51312,male
51313,male
51314,female
51315,female
51317,male
51318,female
51319,female
51320,female
51321,male
51322,female
51323,male
51324,female
51325,female
51327,male
51329,male
51330,female
51331,female
51332,female
51333,male
51334,male
51335,female
51336,male
51337,male
51338,female
51339,male
51340,female
51342,male
51343,male
51344,male
51345,male
51346,male
51348,female
51349,female
51351,male
51352,male
51353,female
51354,male
51355,female
51356,male
51357,female
51358,male
51359,male
51360,female
51361,male
51362,female
51363,female
51364,female
51365,female
51366,female
51367,male
51368,female
51369,female
51370,male
51371,female
51372,female
51373,female
51374,female
51375,female
51376,female
51377,male
51378,male
51379,male
51380,female
51381,female
51382,female
51383,female
51384,male
51385,male
51386,male
51387,female
51388,female
51389,male
51391,male
51393,female
51394,male
51395,male
51396,female
51397,female
51398,female
51399,male
51401,female
51402,female
51404,female
51405,male
51406,female
51407,female
51408,male
51409,female
51410,male
51411,male
51412,male
51413,male
51415,male
51416,female
51417,male
51418,male
51419,male
51420,female
51421,male
51422,female
51423,male
51425,male
51427,female
51428,male
51429,male
51431,female
51432,female
51433,female
51434,male
51435,female
51436,male
51437,male
51438,female
51439,female
51440,male
51441,male
51442,female
51443,female
51444,female
51445,female
51446,male
51447,female
51449,male
51450,male
51452,male
51453,female
51454,female
51455,male
51456,male
51457,male
51458,female
51459,male
51460,female
51462,female
51463,male
51464,male
51466,male
51467,female
51468,male
51470,male
51471,female
51472,female
51473,male
51474,male
51475,female
51476,male
51477,male
51478,male
51479,female
51480,female
51481,female
51482,female
51483,female
51484,female
51485,female
51487,female
51488,female
51489,male
51492,female
51494,male
51495,female
51498,male
51499,male
51502,male
51503,female
51504,male
51506,female
51507,male
51509,male
51511,male
51512,female
51513,male
51515,female
51516,female
51518,male
51519,male
51521,male
51522,female
51523,female
51525,male
51526,female
51527,male
51528,female
51529,female
51530,male
51531,male
51532,male
51533,female
51534,female
51535,female
51536,male
51537,male
51538,male
51539,male
51540,male
51541,female
51542,male
51543,female
51544,male
51545,male
51546,female
51547,male
51548,male
51549,male
51550,male
51551,male
51552,female
51553,male
51554,male
51555,female
51556,female
51558,female
51559,female
51560,female
51561,female
51562,male
51563,male
51564,male
51565,female
51566,male
51567,male
51568,female
51569,female
51570,female
51571,female
51572,female
51573,female
51574,female
51575,female
51576,female
51577,male
51578,male
51579,female
51580,male
51581,male
51582,male
51583,female
51584,female
51585,female
51586,female
51587,male
51588,female
51589,female
51590,male
51591,female
51592,male
51594,female
51595,male
51596,female
51597,female
51598,female
51599,female
51600,female
51601,male
51602,female
51603,male
51604,female
51605,male
51606,female
51607,male
51608,male
51609,female
51610,female
51611,female
51612,male
51613,male
51614,male
51616,female
51617,female
51618,female
51619,male
51620,female
51621,male
51622,female
51623,female
51624,male
51625,female
51626,male
51627,male
51628,female
51629,male
51630,male
51631,female
51632,female
51633,male
51634,male
51636,male
51637,male
51638,male
51639,male
51640,male
51641,male
51642,male
51643,male
51645,female
51646,female
51647,male
51648,male
51649,male
51650,male
51651,female
51652,male
51653,female
51654,male
51655,male
51657,male
51658,female
51659,female
51660,female
51661,female
51662,female
51663,female
51664,female
51665,female
51666,female
51667,male
51668,male
51669,male
51670,female
51671,female
51672,male
51675,male
51676,female
51677,male
51678,male
51679,male
51680,male
51681,female
51682,male
51683,female
51684,male
51685,female
51687,male
51688,male
51689,female
51690,female
51691,female
51692,female
51695,female
51696,male
51697,male
51698,male
51699,male
51700,male
51701,female
51702,female
51703,male
51704,male
51705,female
51707,male
51708,male
51709,female
51710,female
51711,male
51712,female
51713,female
51714,female
51715,female
51716,male
51718,female
51719,female
51720,male
51722,female
51723,female
51724,male
51725,male
51726,male
51727,male
51728,male
51729,female
51730,male
51731,male
51732,female
51733,male
51734,female
51735,female
51736,female
51737,female
51738,male
51739,male
51740,female
51741,female
51743,female
51744,male
51745,male
51746,male
51748,male
51749,male
51750,female
51751,male
51752,female
51753,male
51754,male
51756,male
51757,female
51758,male
51759,male
51760,male
51761,female
51762,male
51763,female
51764,female
51765,female
51766,male
51767,male
51768,male
51769,male
51770,male
51771,female
51772,male
51773,female
51774,female
51775,female
51776,male
51777,male
51778,male
51779,female
51780,female
51781,male
51782,male
51783,male
51784,female
51785,female
51786,female
51787,male
51788,female
51789,female
51790,male
51791,female
51793,male
51794,male
51795,male
51796,male
51797,female
51798,male
51799,female
51800,male
51802,female
51803,male
51804,female
51806,male
51809,female
51810,male
51811,male
51812,male
51813,female
51814,female
51815,female
51816,male
51817,male
51818,male
51819,male
51820,male
51821,male
51822,female
51823,male
51824,female
51825,female
51826,female
51827,female
51828,female
51829,female
51830,female
51831,female
51832,male
51833,male
51835,male
51836,female
51837,female
51838,female
51839,male
51840,male
51841,male
51842,female
51843,female
51844,female
51846,male
51847,female
51848,female
51851,male
51853,female
51854,female
51855,male
51856,male
51858,male
51859,female
51860,female
51862,female
51863,male
51865,female
51866,female
51868,female
51869,male
51870,female
51871,female
51872,male
51873,female
51874,female
51875,female
51877,male
51878,female
51879,male
51881,male
51882,female
51883,male
51884,female
51885,female
51886,male
51887,female
51888,male
51889,female
51890,male
51891,female
51892,male
51893,female
51894,male
51895,male
51896,male
51897,female
51898,male
51899,male
51900,female
51902,female
51903,male
51904,male
51905,female
51906,female
51908,female
51909,female
51911,female
51913,male
51915,female
51916,male
51917,male
51918,male
51919,male
51920,female
51921,female
51922,female
51923,female
51924,male
51926,female
51927,male
51928,male
51929,male
51930,female
51931,male
51932,female
51933,female
51934,female
51935,male
51936,male
51937,female
51938,female
51939,male
51940,female
51941,male
51942,female
51943,male
51944,female
51946,female
51947,female
51948,male
51949,female
51950,female
51955,female
51956,female
51957,female
51958,female
51959,male
51960,female
51961,male
51962,female
51963,male
51966,female
51967,male
51968,female
51969,female
51970,male
51971,female
51972,female
51973,male
51974,male
51975,female
51976,male
51977,female
51978,female
51979,male
51980,male
51981,female
51982,female
51983,female
51984,male
51985,female
51986,female
51987,female
51988,female
51989,male
51990,male
51991,male
51992,male
51993,male
51994,male
51995,male
51996,female
51997,female
51999,male
52000,male
52001,male
52003,male
52004,male
52005,male
52006,male
52007,female
52009,female
52010,male
52011,male
52012,male
52013,female
52014,female
52015,female
52016,male
52017,female
52018,female
52019,male
52020,female
52021,female
52022,female
52023,female
52024,male
52027,male
52028,male
52029,male
52030,male
52031,male
52032,male
52033,male
52035,female
52036,male
52037,male
52039,female
52040,male
52041,female
52042,female
52043,male
52044,male
52045,male
52046,male
52047,male
52049,male
52052,female
52054,male
52055,male
52056,male
52057,female
52058,female
52059,female
52060,female
52061,male
52062,male
52063,male
52064,female
52065,male
52066,male
52068,male
52069,female
52070,female
52071,female
52074,male
52075,female
52076,female
52078,female
52080,female
52081,female
52082,female
52083,female
52084,female
52085,female
52086,male
52087,male
52088,female
52089,male
52091,male
52092,male
52093,female
52094,female
52095,male
52096,female
52097,female
52098,male
52099,male
52101,male
52102,male
52104,female
52106,female
52107,female
52108,male
52109,male
52110,female
52111,male
52113,female
52114,female
52115,female
52116,female
52117,female
52118,male
52119,female
52120,male
52121,male
52122,female
52124,male
52126,female
52127,male
52128,female
52129,male
52130,male
52131,female
52132,female
52133,female
52134,male
52135,male
52136,female
52137,male
52138,male
52139,female
52140,male
52141,female
52142,male
52143,female
52144,male
52145,female
52147,female
52148,male
52151,male
52152,male
52153,male
52154,male
52155,female
52156,female
52157,female
52158,male
52159,female
52160,female
52161,male
52162,male
52163,female
52164,female
52165,male
52166,female
52168,female
52169,male
52170,female
52171,female
52172,male
52173,male
52174,male
52175,female
52176,male
52177,female
52178,male
52179,female
52180,female
52181,male
52182,female
52183,female
52184,female
52186,male
52187,male
52188,female
52189,female
52190,male
52191,female
52192,female
52193,female
52194,female
52195,male
52196,female
52197,female
52198,female
52199,female
52200,male
52201,male
52202,male
52203,male
52204,female
52205,female
52208,male
52209,female
52210,male
52211,male
52212,female
52214,male
52217,male
52218,female
52219,female
52220,female
52221,male
52222,female
52223,female
52224,male
52225,male
52226,male
52227,male
52228,female
52230,female
52231,male
52232,female
52233,female
52234,female
52236,female
52237,female
52238,male
52239,male
52240,female
52241,male
52242,female
52244,female
52245,male
52246,male
52247,female
52248,female
52249,male
52250,male
52251,female
52252,male
52253,male
52254,female
52256,female
52257,female
52258,female
52259,male
52260,female
52261,male
52262,female
52263,female
52264,male
52266,male
52268,female
52269,male
52270,male
52271,male
52272,female
52273,female
52274,male
52275,female
52277,male
52278,female
52280,male
52283,male
52284,female
52285,male
52286,female
52287,female
52288,female
52289,female
52290,female
52291,male
52292,female
52293,female
52294,male
52295,female
52296,female
52297,male
52298,female
52299,female
52300,male
52301,male
52302,female
52303,male
52305,female
52307,male
52308,male
52309,male
52310,male
52312,female
52313,female
52315,male
52316,female
52317,male
52318,female
52319,female
52320,male
52322,male
52324,female
52325,male
52326,female
52327,female
52328,female
52329,female
52330,male
52331,male
52332,male
52333,male
52335,male
52336,female
52337,male
52338,male
52339,male
52341,male
52343,female
52344,male
52345,female
52347,male
52348,male
52349,female
52350,female
52351,male
52352,male
52353,female
52354,male
52355,female
52356,male
52357,female
52358,male
52359,male
52360,male
52361,female
52362,male
52363,female
52364,female
52365,female
52366,male
52367,male
52368,female
52369,female
52370,male
52371,female
52372,female
52373,male
52375,male
52376,male
52377,male
52378,female
52379,male
52380,male
52381,female
52382,male
52383,male
52384,male
52385,female
52386,female
52387,male
52388,male
52389,female
52390,female
52391,male
52392,male
52393,female
52394,female
52395,male
52396,male
52397,male
52398,female
52399,male
52400,female
52401,male
52402,female
52403,male
52404,female
52406,female
52407,male
52408,male
52409,male
52410,male
52411,male
52412,male
52414,female
52415,male
52416,female
52417,male
52419,female
52420,female
52421,female
52422,female
52423,female
52424,male
52425,male
52426,female
52427,female
52428,male
52429,male
52430,female
52431,female
52432,female
52434,male
52435,female
52436,female
52437,male
52438,female
52439,male
52440,female
52441,male
52442,female
52443,male
52444,male
52446,female
52447,female
52448,female
52451,female
52452,male
52453,female
52455,female
52456,male
52458,female
52459,female
52460,female
52461,female
52463,female
52464,male
52465,female
52467,female
52468,male
52469,female
52470,female
52471,female
52472,male
52474,male
52475,male
52476,male
52477,female
52478,male
52479,female
52480,female
52481,male
52482,male
52483,male
52484,female
52486,female
52487,male
52491,female
52492,female
52493,female
52494,male
52496,female
52497,male
52499,male
52500,male
52501,female
52502,male
52503,female
52506,female
52507,female
52508,male
52509,male
52510,female
52511,male
52513,female
52514,male
52515,female
52516,female
52517,female
52518,female
52519,female
52520,male
52521,female
52522,male
52523,male
52524,female
52525,male
52526,female
52527,female
52528,female
52529,male
52531,female
52532,male
52533,male
52534,female
52535,female
52536,female
52537,female
52538,male
52539,male
52540,female
52541,male
52542,female
52545,male
52546,male
52547,male
52548,female
52550,male
52551,female
52552,female
52553,male
52554,male
52555,male
52556,male
52557,female
52558,male
52559,male
52560,male
52561,male
52562,male
52563,male
52564,female
52566,male
52567,male
52568,male
52569,female
52571,male
52572,male
52574,male
52575,male
52576,male
52577,male
52578,female
52579,male
52580,male
52582,male
52583,male
52584,female
52586,male
52587,female
52588,female
52589,male
52590,male
52591,male
52592,female
52593,female
52595,female
52596,male
52597,male
52598,female
52599,female
52600,female
52602,female
52604,female
52605,male
52606,female
52607,male
52608,male
52609,female
52610,male
52611,male
52612,male
52615,male
52616,female
52619,female
52620,female
52621,male
52622,male
52623,male
52624,male
52626,female
52627,female
52628,female
52630,female
52631,male
52632,male
52633,female
52634,male
52635,female
52636,male
52637,female
52639,female
52640,female
52641,female
52642,male
52643,female
52644,male
52646,female
52647,female
52648,female
52649,female
52651,male
52652,male
52653,male
52654,male
52655,female
52656,female
52657,male
52658,female
52661,female
52662,female
52663,male
52664,female
52665,female
52666,male
52667,male
52668,male
52669,male
52670,male
52671,female
52672,male
52673,male
52674,male
52675,male
52676,male
52677,female
52678,male
52679,male
52680,female
52681,male
52682,female
52683,female
52684,male
52686,male
52688,male
52689,male
52691,male
52692,female
52693,female
52694,female
52695,male
52696,female
52698,female
52699,male
52700,male
52702,male
52703,female
52704,male
52705,male
52706,male
52707,male
52708,male
52709,male
52710,male
52711,male
52712,female
52713,male
52714,male
52715,male
52716,male
52718,male
52719,female
52721,male
52723,male
52724,female
52725,female
52726,female
52727,male
52728,female
52729,male
52730,male
52731,female
52732,male
52733,male
52734,female
52735,male
52736,female
52737,female
52738,female
52739,male
52740,male
52741,male
52742,male
52743,female
52744,male
52745,male
52747,female
52748,male
52749,male
52750,female
52751,female
52752,male
52753,male
52755,female
52756,male
52757,female
52758,male
52760,male
52761,male
52762,female
52764,male
52765,male
52766,male
52767,female
52768,male
52769,male
52770,female
52771,female
52773,male
52774,female
52776,female
52777,female
52778,female
52779,female
52780,male
52782,female
52784,female
52786,female
52787,female
52790,female
52791,female
52793,female
52795,male
52796,female
52797,male
52798,male
52799,female
52800,male
52801,male
52802,male
52803,male
52804,male
52805,male
52806,male
52807,female
52808,female
52809,male
52811,female
52812,male
52813,male
52814,female
52815,male
52816,female
52817,female
52819,female
52820,female
52821,male
52822,male
52823,female
52824,male
52825,male
52826,female
52828,female
52829,male
52830,female
52831,female
52832,female
52834,female
52835,female
52837,female
52838,female
52839,female
52840,male
52841,male
52842,female
52843,male
52844,male
52845,male
52846,female
52847,female
52848,male
52849,female
52850,female
52851,female
52852,male
52853,female
52854,male
52856,female
52858,male
52859,male
52860,female
52861,female
52862,female
52863,male
52864,female
52865,male
52866,male
52867,female
52868,female
52869,male
52870,female
52873,male
52874,male
52875,male
52876,male
52877,female
52878,male
52879,female
52880,male
52881,male
52882,male
52883,female
52884,male
52885,male
52886,male
52887,female
52888,male
52889,female
52890,female
52892,female
52893,male
52894,female
52895,female
52896,male
52897,male
52898,female
52899,female
52900,male
52901,male
52902,female
52903,male
52904,female
52905,female
52907,male
52908,male
52909,female
52910,male
52911,female
52912,female
52913,male
52914,female
52915,male
52916,female
52917,female
52918,male
52919,female
52920,male
52921,male
52922,male
52923,female
52924,female
52925,male
52926,male
52927,male
52928,female
52929,male
52930,female
52931,female
52932,female
52933,male
52934,female
52935,male
52940,female
52941,female
52942,female
52945,female
52946,male
52948,male
52949,female
52950,male
52952,male
52953,female
52954,female
52955,male
52956,male
52957,male
52958,male
52959,male
52960,male
52961,female
52962,male
52963,female
52964,female
52965,male
52966,male
52967,male
52968,female
52969,female
52970,male
52971,female
52972,male
52973,male
52974,male
52975,female
52976,male
52977,female
52978,male
52979,female
52980,female
52981,male
52983,female
52984,male
52986,male
52987,female
52988,female
52989,female
52990,female
52991,female
52992,female
52993,female
52994,male
52995,male
52996,female
52997,male
52998,male
53000,female
53001,female
53002,female
53003,female
53005,female
53006,male
53007,male
53008,female
53009,male
53010,male
53011,male
53012,female
53013,female
53015,male
53016,female
53017,female
53018,female
53019,female
53020,female
53021,female
53022,female
53024,male
53025,male
53026,female
53027,female
53028,female
53029,female
53030,male
53031,female
53032,male
53033,male
53034,female
53036,male
53037,male
53038,female
53040,male
53041,male
53042,male
53043,female
53044,female
53046,female
53047,male
53049,male
53050,male
53051,female
53053,female
53054,female
53055,male
53056,male
53057,female
53058,male
53059,female
53060,male
53061,female
53062,male
53063,male
53065,male
53066,male
53067,female
53068,female
53069,male
53070,male
53071,male
53072,male
53073,female
53074,female
53075,female
53076,male
53077,female
53078,male
53079,female
53080,female
53081,female
53082,female
53083,male
53084,male
53085,female
53086,female
53087,female
53088,male
53089,male
53090,female
53091,male
53092,female
53093,female
53094,male
53095,female
53096,female
53097,female
53098,male
53099,male
53100,female
53101,male
53103,female
53105,male
53106,female
53107,male
53108,female
53109,male
53110,male
53111,female
53112,male
53113,male
53115,female
53116,male
53117,male
53118,male
53119,female
53120,male
53121,female
53122,male
53123,male
53124,female
53125,female
53126,male
53127,male
53128,male
53129,female
53130,female
53131,female
53132,female
53134,male
53135,male
53136,male
53139,female
53140,female
53141,male
53142,male
53143,male
53144,female
53145,male
53146,male
53147,male
53148,male
53149,male
53150,female
53152,female
53153,female
53154,female
53155,male
53156,female
53157,male
53158,male
53159,male
53160,male
53161,male
53164,male
53166,female
53167,female
53168,female
53169,male
53170,male
53171,female
53172,female
53173,male
53174,female
53175,male
53176,male
53177,female
53178,female
53180,female
53182,female
53183,male
53184,male
53185,female
53186,female
53187,female
53188,female
53189,male
53190,female
53191,male
53192,female
53193,male
53194,male
53195,female
53196,male
53197,female
53198,male
53199,male
53200,male
53201,female
53202,female
53203,female
53204,female
53205,male
53206,female
53207,male
53209,male
53210,male
53211,female
53212,female
53213,female
53214,female
53215,male
53217,female
53218,female
53219,male
53220,male
53221,male
53222,male
53223,male
53225,female
53227,male
53228,female
53229,male
53230,male
53232,male
53233,female
53234,male
53235,male
53236,female
53237,female
53238,female
53239,female
53240,male
53241,female
53243,female
53245,female
53246,female
53247,female
53248,male
53249,male
53250,female
53251,male
53252,male
53253,male
53254,female
53255,male
53256,male
53257,male
53258,female
53259,male
53260,male
53262,male
53264,female
53265,female
53268,female
53269,male
53270,male
53271,male
53272,female
53273,male
53274,female
53275,male
53276,female
53277,female
53278,male
53280,female
53281,female
53282,male
53284,male
53286,male
53287,female
53288,female
53289,male
53290,male
53291,male
53292,male
53294,female
53295,male
53296,female
53297,female
53298,female
53299,female
53300,male
53301,male
53302,male
53303,male
53304,female
53305,female
53306,female
53307,female
53308,female
53310,male
53311,female
53312,female
53313,male
53314,male
53315,female
53316,female
53317,male
53318,male
53319,female
53320,female
53321,female
53322,female
53323,female
53324,male
53325,female
53327,male
53328,female
53329,female
53330,female
53331,female
53332,female
53333,female
53334,female
53335,male
53336,female
53337,male
53338,male
53339,female
53340,female
53341,male
53342,male
53343,male
53344,male
53346,male
53347,female
53348,male
53349,female
53351,male
53352,male
53353,male
53354,male
53355,female
53356,female
53357,male
53358,female
53359,male
53361,female
53362,male
53364,female
53366,female
53367,male
53368,female
53369,female
53370,female
53371,male
53372,male
53373,female
53374,female
53375,male
53376,female
53377,female
53378,male
53379,female
53381,male
53382,female
53383,male
53385,female
53386,male
53387,female
53388,male
53389,male
53390,female
53391,male
53392,female
53393,male
53395,male
53396,female
53397,male
53398,female
53400,male
53401,male
53402,male
53403,female
53404,female
53405,female
53407,female
53409,female
53410,female
53411,male
53412,female
53413,male
53414,male
53415,male
53416,female
53417,male
53418,female
53419,female
53420,male
53421,male
53422,female
53423,female
53424,male
53425,male
53426,female
53427,female
53428,male
53429,female
53430,male
53431,female
53432,male
53433,female
53434,male
53435,female
53437,male
53438,male
53439,male
53441,male
53442,male
53443,female
53444,male
53445,female
53446,female
53447,male
53448,male
53449,female
53450,female
53452,male
53453,female
53454,male
53455,female
53456,male
53457,male
53459,male
53460,male
53461,male
53462,male
53463,female
53464,female
53465,male
53466,female
53467,male
53469,female
53470,female
53471,female
53472,female
53473,female
53474,male
53475,female
53476,male
53477,female
53478,male
53479,male
53481,female
53482,female
53484,male
53485,male
53486,female
53487,female
53488,male
53489,female
53490,female
53491,female
53493,male
53494,male
53496,female
53497,female
53498,male
53499,male
53500,male
53501,male
53502,female
53503,female
53504,male
53506,male
53507,male
53508,female
53509,male
53510,female
53512,male
53513,female
53514,female
53515,male
53516,female
53517,female
53519,female
53520,female
53521,female
53522,female
53523,female
53525,female
53527,male
53528,female
53530,female
53531,male
53532,male
53533,male
53534,male
53535,male
53538,female
53539,male
53540,female
53541,female
53544,female
53545,female
53546,female
53547,male
53548,male
53549,male
53550,female
53551,female
53552,male
53553,female
53554,male
53555,male
53556,male
53557,male
53558,male
53559,female
53560,female
53561,female
53562,male
53563,female
53564,male
53565,female
53566,female
53567,male
53569,female
53571,male
53572,male
53573,female
53574,male
53575,female
53576,male
53577,female
53579,male
53580,female
53582,male
53583,male
53584,female
53585,male
53587,male
53588,male
53589,female
53590,female
53591,male
53592,female
53593,male
53595,male
53596,female
53597,male
53598,female
53600,female
53601,male
53603,male
53604,female
53605,male
53606,female
53607,male
