age,gender,year,deaths
0,female,1963,7641
0,male,1963,10401
1,female,1963,537
1,male,1963,665
2,female,1963,288
2,male,1963,378
3,female,1963,221
3,male,1963,261
4,female,1963,186
4,male,1963,244
5,female,1963,145
5,male,1963,198
6,female,1963,115
6,male,1963,181
7,female,1963,92
7,male,1963,167
8,female,1963,98
8,male,1963,154
9,female,1963,72
9,male,1963,143
10,female,1963,71
10,male,1963,136
11,female,1963,58
11,male,1963,111
12,female,1963,79
12,male,1963,126
13,female,1963,92
13,male,1963,142
14,female,1963,87
14,male,1963,170
15,female,1963,97
15,male,1963,208
16,female,1963,142
16,male,1963,328
17,female,1963,127
17,male,1963,329
18,female,1963,138
18,male,1963,387
19,female,1963,128
19,male,1963,410
20,female,1963,125
20,male,1963,385
21,female,1963,140
21,male,1963,345
22,female,1963,126
22,male,1963,302
23,female,1963,142
23,male,1963,302
24,female,1963,119
24,male,1963,322
25,female,1963,162
25,male,1963,278
26,female,1963,155
26,male,1963,313
27,female,1963,165
27,male,1963,296
28,female,1963,160
28,male,1963,291
29,female,1963,215
29,male,1963,299
30,female,1963,200
30,male,1963,311
31,female,1963,215
31,male,1963,338
32,female,1963,283
32,male,1963,386
33,female,1963,282
33,male,1963,385
34,female,1963,307
34,male,1963,407
35,female,1963,330
35,male,1963,454
36,female,1963,384
36,male,1963,476
37,female,1963,383
37,male,1963,586
38,female,1963,495
38,male,1963,613
39,female,1963,545
39,male,1963,679
40,female,1963,544
40,male,1963,834
41,female,1963,652
41,male,1963,872
42,female,1963,819
42,male,1963,1189
43,female,1963,884
43,male,1963,1227
44,female,1963,689
44,male,1963,992
45,female,1963,732
45,male,1963,1099
46,female,1963,912
46,male,1963,1227
47,female,1963,1114
47,male,1963,1659
48,female,1963,1263
48,male,1963,1864
49,female,1963,1515
49,male,1963,2068
50,female,1963,1452
50,male,1963,2395
51,female,1963,1548
51,male,1963,2506
52,female,1963,1779
52,male,1963,2945
53,female,1963,1852
53,male,1963,3237
54,female,1963,2073
54,male,1963,3637
55,female,1963,2183
55,male,1963,3998
56,female,1963,2419
56,male,1963,4415
57,female,1963,2554
57,male,1963,4872
58,female,1963,2744
58,male,1963,5322
59,female,1963,3078
59,male,1963,6022
60,female,1963,3207
60,male,1963,6201
61,female,1963,3376
61,male,1963,6275
62,female,1963,4013
62,male,1963,7248
63,female,1963,4249
63,male,1963,7383
64,female,1963,4343
64,male,1963,7268
65,female,1963,4648
65,male,1963,7291
66,female,1963,4786
66,male,1963,7168
67,female,1963,5578
67,male,1963,7644
68,female,1963,6073
68,male,1963,7951
69,female,1963,6303
69,male,1963,8045
70,female,1963,6823
70,male,1963,8364
71,female,1963,6955
71,male,1963,8139
72,female,1963,7705
72,male,1963,8665
73,female,1963,8334
73,male,1963,8779
74,female,1963,8803
74,male,1963,8815
75,female,1963,9150
75,male,1963,8609
76,female,1963,9465
76,male,1963,8679
77,female,1963,9685
77,male,1963,8487
78,female,1963,10269
78,male,1963,8479
79,female,1963,10241
79,male,1963,7983
80,female,1963,10326
80,male,1963,7505
81,female,1963,9989
81,male,1963,7118
82,female,1963,10510
82,male,1963,7190
83,female,1963,9900
83,male,1963,6446
84,female,1963,9024
84,male,1963,5668
85,female,1963,8570
85,male,1963,5054
86,female,1963,7749
86,male,1963,4592
87,female,1963,6969
87,male,1963,3882
88,female,1963,5941
88,male,1963,3207
89,female,1963,4970
89,male,1963,2570
90,female,1963,3987
90,male,1963,1869
91,female,1963,3193
91,male,1963,1432
92,female,1963,2608
92,male,1963,1079
93,female,1963,1980
93,male,1963,722
94,female,1963,1461
94,male,1963,503
95,female,1963,1014
95,male,1963,329
96,female,1963,751
96,male,1963,216
97,female,1963,503
97,male,1963,105
98,female,1963,353
98,male,1963,70
99,female,1963,192
99,male,1963,45
100,female,1963,142
100,male,1963,20
101,female,1963,82
101,male,1963,15
102,female,1963,34
102,male,1963,7
103,female,1963,21
103,male,1963,2
104,female,1963,14
104,male,1963,3
105,female,1963,16
105,male,1963,1
0,female,1964,7434
0,male,1964,10011
1,female,1964,476
1,male,1964,588
2,female,1964,283
2,male,1964,354
3,female,1964,208
3,male,1964,254
4,female,1964,171
4,male,1964,218
5,female,1964,145
5,male,1964,212
6,female,1964,109
6,male,1964,157
7,female,1964,102
7,male,1964,160
8,female,1964,100
8,male,1964,144
9,female,1964,81
9,male,1964,135
10,female,1964,74
10,male,1964,122
11,female,1964,72
11,male,1964,123
12,female,1964,77
12,male,1964,135
13,female,1964,93
13,male,1964,143
14,female,1964,86
14,male,1964,164
15,female,1964,107
15,male,1964,197
16,female,1964,167
16,male,1964,355
17,female,1964,141
17,male,1964,467
18,female,1964,141
18,male,1964,416
19,female,1964,167
19,male,1964,424
20,female,1964,161
20,male,1964,389
21,female,1964,153
21,male,1964,369
22,female,1964,127
22,male,1964,313
23,female,1964,132
23,male,1964,317
24,female,1964,132
24,male,1964,303
25,female,1964,167
25,male,1964,321
26,female,1964,159
26,male,1964,282
27,female,1964,163
27,male,1964,286
28,female,1964,173
28,male,1964,308
29,female,1964,204
29,male,1964,312
30,female,1964,202
30,male,1964,313
31,female,1964,192
31,male,1964,333
32,female,1964,244
32,male,1964,344
33,female,1964,264
33,male,1964,393
34,female,1964,272
34,male,1964,417
35,female,1964,294
35,male,1964,444
36,female,1964,312
36,male,1964,502
37,female,1964,386
37,male,1964,550
38,female,1964,452
38,male,1964,647
39,female,1964,453
39,male,1964,716
40,female,1964,557
40,male,1964,792
41,female,1964,595
41,male,1964,870
42,female,1964,780
42,male,1964,1026
43,female,1964,890
43,male,1964,1174
44,female,1964,994
44,male,1964,1306
45,female,1964,719
45,male,1964,1100
46,female,1964,844
46,male,1964,1198
47,female,1964,996
47,male,1964,1490
48,female,1964,1083
48,male,1964,1604
49,female,1964,1390
49,male,1964,2060
50,female,1964,1482
50,male,1964,2293
51,female,1964,1484
51,male,1964,2439
52,female,1964,1657
52,male,1964,2891
53,female,1964,1869
53,male,1964,3134
54,female,1964,2065
54,male,1964,3554
55,female,1964,2040
55,male,1964,3859
56,female,1964,2355
56,male,1964,4312
57,female,1964,2408
57,male,1964,4724
58,female,1964,2702
58,male,1964,5187
59,female,1964,2903
59,male,1964,5574
60,female,1964,3182
60,male,1964,5868
61,female,1964,3230
61,male,1964,6146
62,female,1964,3604
62,male,1964,6804
63,female,1964,4052
63,male,1964,7333
64,female,1964,4310
64,male,1964,7526
65,female,1964,4497
65,male,1964,7147
66,female,1964,4667
66,male,1964,6853
67,female,1964,5224
67,male,1964,7361
68,female,1964,5461
68,male,1964,7393
69,female,1964,5886
69,male,1964,7694
70,female,1964,6336
70,male,1964,7665
71,female,1964,6411
71,male,1964,7766
72,female,1964,6994
72,male,1964,8055
73,female,1964,7758
73,male,1964,8097
74,female,1964,8283
74,male,1964,8225
75,female,1964,8387
75,male,1964,7996
76,female,1964,8624
76,male,1964,8028
77,female,1964,8707
77,male,1964,7623
78,female,1964,9067
78,male,1964,7626
79,female,1964,9254
79,male,1964,7324
80,female,1964,9382
80,male,1964,6811
81,female,1964,9166
81,male,1964,6255
82,female,1964,9075
82,male,1964,6174
83,female,1964,9176
83,male,1964,5661
84,female,1964,8634
84,male,1964,5302
85,female,1964,7700
85,male,1964,4536
86,female,1964,7027
86,male,1964,4047
87,female,1964,6218
87,male,1964,3327
88,female,1964,5306
88,male,1964,2812
89,female,1964,4696
89,male,1964,2304
90,female,1964,3631
90,male,1964,1682
91,female,1964,2940
91,male,1964,1204
92,female,1964,2358
92,male,1964,968
93,female,1964,1802
93,male,1964,689
94,female,1964,1341
94,male,1964,443
95,female,1964,909
95,male,1964,298
96,female,1964,719
96,male,1964,205
97,female,1964,464
97,male,1964,124
98,female,1964,306
98,male,1964,82
99,female,1964,188
99,male,1964,52
100,female,1964,135
100,male,1964,20
101,female,1964,81
101,male,1964,10
102,female,1964,41
102,male,1964,7
103,female,1964,32
103,male,1964,2
104,female,1964,8
104,male,1964,2
105,female,1964,6
105,male,1964,1
0,female,1965,6877
0,male,1965,9518
1,female,1965,489
1,male,1965,571
2,female,1965,310
2,male,1965,354
3,female,1965,215
3,male,1965,292
4,female,1965,199
4,male,1965,235
5,female,1965,154
5,male,1965,215
6,female,1965,116
6,male,1965,187
7,female,1965,105
7,male,1965,166
8,female,1965,76
8,male,1965,158
9,female,1965,73
9,male,1965,146
10,female,1965,77
10,male,1965,129
11,female,1965,103
11,male,1965,122
12,female,1965,82
12,male,1965,140
13,female,1965,90
13,male,1965,153
14,female,1965,105
14,male,1965,159
15,female,1965,96
15,male,1965,204
16,female,1965,144
16,male,1965,337
17,female,1965,150
17,male,1965,464
18,female,1965,160
18,male,1965,511
19,female,1965,172
19,male,1965,387
20,female,1965,137
20,male,1965,373
21,female,1965,149
21,male,1965,348
22,female,1965,144
22,male,1965,326
23,female,1965,144
23,male,1965,303
24,female,1965,142
24,male,1965,316
25,female,1965,162
25,male,1965,306
26,female,1965,156
26,male,1965,293
27,female,1965,164
27,male,1965,302
28,female,1965,187
28,male,1965,292
29,female,1965,182
29,male,1965,316
30,female,1965,206
30,male,1965,332
31,female,1965,189
31,male,1965,295
32,female,1965,205
32,male,1965,345
33,female,1965,243
33,male,1965,355
34,female,1965,273
34,male,1965,413
35,female,1965,312
35,male,1965,465
36,female,1965,325
36,male,1965,516
37,female,1965,385
37,male,1965,545
38,female,1965,448
38,male,1965,627
39,female,1965,509
39,male,1965,654
40,female,1965,568
40,male,1965,755
41,female,1965,637
41,male,1965,911
42,female,1965,742
42,male,1965,994
43,female,1965,783
43,male,1965,1159
44,female,1965,930
44,male,1965,1310
45,female,1965,1030
45,male,1965,1491
46,female,1965,881
46,male,1965,1238
47,female,1965,887
47,male,1965,1298
48,female,1965,1017
48,male,1965,1594
49,female,1965,1249
49,male,1965,1896
50,female,1965,1457
50,male,1965,2250
51,female,1965,1504
51,male,1965,2582
52,female,1965,1735
52,male,1965,2842
53,female,1965,1838
53,male,1965,3162
54,female,1965,1979
54,male,1965,3697
55,female,1965,2135
55,male,1965,3776
56,female,1965,2200
56,male,1965,4274
57,female,1965,2587
57,male,1965,4704
58,female,1965,2794
58,male,1965,5140
59,female,1965,2969
59,male,1965,5578
60,female,1965,3109
60,male,1965,6063
61,female,1965,3345
61,male,1965,6346
62,female,1965,3710
62,male,1965,7208
63,female,1965,3951
63,male,1965,7234
64,female,1965,4402
64,male,1965,7954
65,female,1965,4752
65,male,1965,7981
66,female,1965,4669
66,male,1965,7300
67,female,1965,5220
67,male,1965,7719
68,female,1965,5698
68,male,1965,7783
69,female,1965,6030
69,male,1965,7939
70,female,1965,6438
70,male,1965,7887
71,female,1965,6471
71,male,1965,7865
72,female,1965,7685
72,male,1965,8472
73,female,1965,7680
73,male,1965,8365
74,female,1965,8214
74,male,1965,8436
75,female,1965,8487
75,male,1965,8150
76,female,1965,8937
76,male,1965,8139
77,female,1965,9113
77,male,1965,7873
78,female,1965,9356
78,male,1965,7859
79,female,1965,9413
79,male,1965,7497
80,female,1965,9737
80,male,1965,7182
81,female,1965,9172
81,male,1965,6517
82,female,1965,9253
82,male,1965,6357
83,female,1965,9123
83,male,1965,5786
84,female,1965,8966
84,male,1965,5451
85,female,1965,8202
85,male,1965,4642
86,female,1965,7420
86,male,1965,4111
87,female,1965,6745
87,male,1965,3514
88,female,1965,5742
88,male,1965,2934
89,female,1965,4913
89,male,1965,2457
90,female,1965,4060
90,male,1965,1858
91,female,1965,3315
91,male,1965,1377
92,female,1965,2614
92,male,1965,1116
93,female,1965,2051
93,male,1965,739
94,female,1965,1500
94,male,1965,496
95,female,1965,1086
95,male,1965,340
96,female,1965,732
96,male,1965,234
97,female,1965,501
97,male,1965,150
98,female,1965,339
98,male,1965,74
99,female,1965,211
99,male,1965,42
100,female,1965,130
100,male,1965,32
101,female,1965,95
101,male,1965,17
102,female,1965,36
102,male,1965,6
103,female,1965,24
103,male,1965,4
104,female,1965,11
104,male,1965,1
105,female,1965,16
105,male,1965,0
0,female,1966,6790
0,male,1966,9357
1,female,1966,508
1,male,1966,616
2,female,1966,293
2,male,1966,389
3,female,1966,214
3,male,1966,301
4,female,1966,205
4,male,1966,257
5,female,1966,135
5,male,1966,208
6,female,1966,115
6,male,1966,166
7,female,1966,101
7,male,1966,144
8,female,1966,88
8,male,1966,162
9,female,1966,79
9,male,1966,143
10,female,1966,75
10,male,1966,117
11,female,1966,90
11,male,1966,131
12,female,1966,79
12,male,1966,138
13,female,1966,71
13,male,1966,153
14,female,1966,83
14,male,1966,167
15,female,1966,127
15,male,1966,186
16,female,1966,111
16,male,1966,381
17,female,1966,149
17,male,1966,428
18,female,1966,143
18,male,1966,480
19,female,1966,207
19,male,1966,526
20,female,1966,159
20,male,1966,383
21,female,1966,125
21,male,1966,345
22,female,1966,152
22,male,1966,374
23,female,1966,153
23,male,1966,329
24,female,1966,153
24,male,1966,294
25,female,1966,147
25,male,1966,252
26,female,1966,167
26,male,1966,288
27,female,1966,167
27,male,1966,287
28,female,1966,200
28,male,1966,284
29,female,1966,172
29,male,1966,334
30,female,1966,182
30,male,1966,316
31,female,1966,202
31,male,1966,336
32,female,1966,202
32,male,1966,322
33,female,1966,242
33,male,1966,363
34,female,1966,300
34,male,1966,411
35,female,1966,312
35,male,1966,471
36,female,1966,314
36,male,1966,495
37,female,1966,374
37,male,1966,490
38,female,1966,405
38,male,1966,592
39,female,1966,451
39,male,1966,675
40,female,1966,540
40,male,1966,762
41,female,1966,542
41,male,1966,823
42,female,1966,686
42,male,1966,1002
43,female,1966,792
43,male,1966,1082
44,female,1966,819
44,male,1966,1228
45,female,1966,1037
45,male,1966,1507
46,female,1966,1133
46,male,1966,1679
47,female,1966,922
47,male,1966,1422
48,female,1966,975
48,male,1966,1432
49,female,1966,1179
49,male,1966,1760
50,female,1966,1431
50,male,1966,2150
51,female,1966,1565
51,male,1966,2444
52,female,1966,1721
52,male,1966,2929
53,female,1966,1857
53,male,1966,3264
54,female,1966,2069
54,male,1966,3450
55,female,1966,2117
55,male,1966,3737
56,female,1966,2326
56,male,1966,4220
57,female,1966,2526
57,male,1966,4743
58,female,1966,2772
58,male,1966,5450
59,female,1966,2964
59,male,1966,5612
60,female,1966,3100
60,male,1966,5994
61,female,1966,3372
61,male,1966,6418
62,female,1966,3798
62,male,1966,7043
63,female,1966,4064
63,male,1966,7469
64,female,1966,4311
64,male,1966,7987
65,female,1966,4869
65,male,1966,8193
66,female,1966,5024
66,male,1966,8363
67,female,1966,5159
67,male,1966,8022
68,female,1966,5687
68,male,1966,8013
69,female,1966,6233
69,male,1966,8139
70,female,1966,6579
70,male,1966,8073
71,female,1966,6763
71,male,1966,8155
72,female,1966,7460
72,male,1966,8547
73,female,1966,7956
73,male,1966,8677
74,female,1966,8392
74,male,1966,8600
75,female,1966,8619
75,male,1966,8491
76,female,1966,9315
76,male,1966,8328
77,female,1966,9228
77,male,1966,8114
78,female,1966,9888
78,male,1966,7818
79,female,1966,9738
79,male,1966,7659
80,female,1966,9999
80,male,1966,7113
81,female,1966,9818
81,male,1966,6840
82,female,1966,9631
82,male,1966,6573
83,female,1966,9637
83,male,1966,5937
84,female,1966,9140
84,male,1966,5505
85,female,1966,8626
85,male,1966,4798
86,female,1966,7861
86,male,1966,4357
87,female,1966,6916
87,male,1966,3775
88,female,1966,6060
88,male,1966,2961
89,female,1966,5347
89,male,1966,2630
90,female,1966,4468
90,male,1966,2042
91,female,1966,3480
91,male,1966,1564
92,female,1966,2861
92,male,1966,1195
93,female,1966,2201
93,male,1966,885
94,female,1966,1601
94,male,1966,542
95,female,1966,1193
95,male,1966,390
96,female,1966,855
96,male,1966,259
97,female,1966,528
97,male,1966,143
98,female,1966,395
98,male,1966,113
99,female,1966,223
99,male,1966,50
100,female,1966,172
100,male,1966,23
101,female,1966,92
101,male,1966,17
102,female,1966,60
102,male,1966,12
103,female,1966,31
103,male,1966,1
104,female,1966,18
104,male,1966,2
105,female,1966,19
105,male,1966,5
0,female,1967,6593
0,male,1967,8673
1,female,1967,490
1,male,1967,549
2,female,1967,295
2,male,1967,374
3,female,1967,194
3,male,1967,281
4,female,1967,168
4,male,1967,223
5,female,1967,124
5,male,1967,215
6,female,1967,106
6,male,1967,172
7,female,1967,104
7,male,1967,160
8,female,1967,106
8,male,1967,164
9,female,1967,95
9,male,1967,140
10,female,1967,95
10,male,1967,156
11,female,1967,92
11,male,1967,111
12,female,1967,82
12,male,1967,128
13,female,1967,88
13,male,1967,145
14,female,1967,81
14,male,1967,168
15,female,1967,112
15,male,1967,200
16,female,1967,122
16,male,1967,307
17,female,1967,150
17,male,1967,375
18,female,1967,166
18,male,1967,423
19,female,1967,160
19,male,1967,444
20,female,1967,156
20,male,1967,450
21,female,1967,146
21,male,1967,357
22,female,1967,131
22,male,1967,316
23,female,1967,159
23,male,1967,306
24,female,1967,163
24,male,1967,289
25,female,1967,141
25,male,1967,320
26,female,1967,137
26,male,1967,295
27,female,1967,156
27,male,1967,272
28,female,1967,172
28,male,1967,281
29,female,1967,178
29,male,1967,240
30,female,1967,187
30,male,1967,315
31,female,1967,218
31,male,1967,313
32,female,1967,199
32,male,1967,303
33,female,1967,215
33,male,1967,313
34,female,1967,240
34,male,1967,351
35,female,1967,294
35,male,1967,395
36,female,1967,330
36,male,1967,467
37,female,1967,339
37,male,1967,476
38,female,1967,385
38,male,1967,567
39,female,1967,461
39,male,1967,633
40,female,1967,508
40,male,1967,695
41,female,1967,546
41,male,1967,787
42,female,1967,626
42,male,1967,931
43,female,1967,727
43,male,1967,1024
44,female,1967,816
44,male,1967,1143
45,female,1967,927
45,male,1967,1365
46,female,1967,1122
46,male,1967,1681
47,female,1967,1230
47,male,1967,1845
48,female,1967,930
48,male,1967,1472
49,female,1967,1036
49,male,1967,1543
50,female,1967,1243
50,male,1967,1924
51,female,1967,1382
51,male,1967,2179
52,female,1967,1644
52,male,1967,2679
53,female,1967,1819
53,male,1967,2992
54,female,1967,1995
54,male,1967,3301
55,female,1967,1991
55,male,1967,3588
56,female,1967,2304
56,male,1967,4180
57,female,1967,2381
57,male,1967,4487
58,female,1967,2748
58,male,1967,5032
59,female,1967,2952
59,male,1967,5615
60,female,1967,3108
60,male,1967,5748
61,female,1967,3276
61,male,1967,6164
62,female,1967,3623
62,male,1967,6690
63,female,1967,4040
63,male,1967,7280
64,female,1967,4234
64,male,1967,7848
65,female,1967,4434
65,male,1967,7942
66,female,1967,5007
66,male,1967,8218
67,female,1967,5313
67,male,1967,8533
68,female,1967,5495
68,male,1967,7883
69,female,1967,5828
69,male,1967,8106
70,female,1967,6197
70,male,1967,8068
71,female,1967,6493
71,male,1967,7759
72,female,1967,7280
72,male,1967,8215
73,female,1967,7598
73,male,1967,8303
74,female,1967,8187
74,male,1967,8403
75,female,1967,8312
75,male,1967,8020
76,female,1967,8900
76,male,1967,7969
77,female,1967,8600
77,male,1967,7640
78,female,1967,9052
78,male,1967,7480
79,female,1967,9390
79,male,1967,7271
80,female,1967,9439
80,male,1967,6842
81,female,1967,9269
81,male,1967,6434
82,female,1967,9422
82,male,1967,5988
83,female,1967,9064
83,male,1967,5590
84,female,1967,8876
84,male,1967,5194
85,female,1967,8085
85,male,1967,4563
86,female,1967,7760
86,male,1967,4143
87,female,1967,6949
87,male,1967,3517
88,female,1967,5703
88,male,1967,2937
89,female,1967,5199
89,male,1967,2415
90,female,1967,4397
90,male,1967,1890
91,female,1967,3568
91,male,1967,1416
92,female,1967,2896
92,male,1967,1153
93,female,1967,2228
93,male,1967,816
94,female,1967,1687
94,male,1967,599
95,female,1967,1223
95,male,1967,371
96,female,1967,868
96,male,1967,259
97,female,1967,585
97,male,1967,161
98,female,1967,387
98,male,1967,101
99,female,1967,262
99,male,1967,47
100,female,1967,141
100,male,1967,40
101,female,1967,86
101,male,1967,16
102,female,1967,56
102,male,1967,10
103,female,1967,30
103,male,1967,4
104,female,1967,20
104,male,1967,2
105,female,1967,14
105,male,1967,0
0,female,1968,6277
0,male,1968,8705
1,female,1968,473
1,male,1968,552
2,female,1968,291
2,male,1968,381
3,female,1968,229
3,male,1968,316
4,female,1968,202
4,male,1968,243
5,female,1968,139
5,male,1968,220
6,female,1968,119
6,male,1968,195
7,female,1968,106
7,male,1968,163
8,female,1968,119
8,male,1968,135
9,female,1968,90
9,male,1968,155
10,female,1968,81
10,male,1968,111
11,female,1968,67
11,male,1968,140
12,female,1968,89
12,male,1968,132
13,female,1968,103
13,male,1968,115
14,female,1968,90
14,male,1968,179
15,female,1968,104
15,male,1968,190
16,female,1968,124
16,male,1968,288
17,female,1968,122
17,male,1968,353
18,female,1968,132
18,male,1968,364
19,female,1968,142
19,male,1968,349
20,female,1968,162
20,male,1968,374
21,female,1968,158
21,male,1968,422
22,female,1968,135
22,male,1968,316
23,female,1968,148
23,male,1968,310
24,female,1968,137
24,male,1968,293
25,female,1968,163
25,male,1968,262
26,female,1968,140
26,male,1968,269
27,female,1968,155
27,male,1968,248
28,female,1968,164
28,male,1968,268
29,female,1968,171
29,male,1968,298
30,female,1968,188
30,male,1968,260
31,female,1968,198
31,male,1968,306
32,female,1968,215
32,male,1968,328
33,female,1968,231
33,male,1968,293
34,female,1968,245
34,male,1968,365
35,female,1968,277
35,male,1968,350
36,female,1968,277
36,male,1968,436
37,female,1968,351
37,male,1968,485
38,female,1968,402
38,male,1968,569
39,female,1968,433
39,male,1968,604
40,female,1968,497
40,male,1968,679
41,female,1968,539
41,male,1968,763
42,female,1968,638
42,male,1968,961
43,female,1968,704
43,male,1968,1092
44,female,1968,776
44,male,1968,1157
45,female,1968,920
45,male,1968,1245
46,female,1968,1009
46,male,1968,1542
47,female,1968,1205
47,male,1968,1831
48,female,1968,1344
48,male,1968,1983
49,female,1968,1092
49,male,1968,1671
50,female,1968,1099
50,male,1968,1718
51,female,1968,1341
51,male,1968,2191
52,female,1968,1557
52,male,1968,2632
53,female,1968,1782
53,male,1968,3069
54,female,1968,2071
54,male,1968,3405
55,female,1968,2068
55,male,1968,3752
56,female,1968,2295
56,male,1968,4028
57,female,1968,2501
57,male,1968,4669
58,female,1968,2794
58,male,1968,5212
59,female,1968,2945
59,male,1968,5706
60,female,1968,3292
60,male,1968,6046
61,female,1968,3366
61,male,1968,6289
62,female,1968,3765
62,male,1968,6949
63,female,1968,4259
63,male,1968,7469
64,female,1968,4511
64,male,1968,8019
65,female,1968,4574
65,male,1968,8329
66,female,1968,4917
66,male,1968,8473
67,female,1968,5818
67,male,1968,9246
68,female,1968,5791
68,male,1968,8939
69,female,1968,6134
69,male,1968,8703
70,female,1968,6598
70,male,1968,8588
71,female,1968,6924
71,male,1968,8519
72,female,1968,7624
72,male,1968,8698
73,female,1968,8061
73,male,1968,8852
74,female,1968,8727
74,male,1968,8757
75,female,1968,8872
75,male,1968,8929
76,female,1968,9332
76,male,1968,8758
77,female,1968,9286
77,male,1968,8302
78,female,1968,10027
78,male,1968,8158
79,female,1968,10199
79,male,1968,7845
80,female,1968,10149
80,male,1968,7540
81,female,1968,9883
81,male,1968,6694
82,female,1968,10254
82,male,1968,6631
83,female,1968,10051
83,male,1968,6130
84,female,1968,9598
84,male,1968,5670
85,female,1968,8940
85,male,1968,4847
86,female,1968,8651
86,male,1968,4448
87,female,1968,7717
87,male,1968,3919
88,female,1968,6709
88,male,1968,3359
89,female,1968,5796
89,male,1968,2618
90,female,1968,4891
90,male,1968,2062
91,female,1968,4065
91,male,1968,1700
92,female,1968,3346
92,male,1968,1257
93,female,1968,2594
93,male,1968,909
94,female,1968,1907
94,male,1968,692
95,female,1968,1396
95,male,1968,493
96,female,1968,1039
96,male,1968,306
97,female,1968,669
97,male,1968,186
98,female,1968,442
98,male,1968,98
99,female,1968,277
99,male,1968,59
100,female,1968,202
100,male,1968,34
101,female,1968,105
101,male,1968,26
102,female,1968,74
102,male,1968,9
103,female,1968,41
103,male,1968,6
104,female,1968,17
104,male,1968,2
105,female,1968,25
105,male,1968,2
0,female,1969,6060
0,male,1969,8331
1,female,1969,465
1,male,1969,567
2,female,1969,254
2,male,1969,381
3,female,1969,175
3,male,1969,275
4,female,1969,181
4,male,1969,261
5,female,1969,147
5,male,1969,212
6,female,1969,94
6,male,1969,173
7,female,1969,92
7,male,1969,184
8,female,1969,89
8,male,1969,144
9,female,1969,76
9,male,1969,126
10,female,1969,53
10,male,1969,135
11,female,1969,76
11,male,1969,111
12,female,1969,61
12,male,1969,115
13,female,1969,86
13,male,1969,145
14,female,1969,76
14,male,1969,156
15,female,1969,90
15,male,1969,175
16,female,1969,116
16,male,1969,291
17,female,1969,146
17,male,1969,363
18,female,1969,131
18,male,1969,391
19,female,1969,151
19,male,1969,354
20,female,1969,138
20,male,1969,325
21,female,1969,154
21,male,1969,397
22,female,1969,189
22,male,1969,394
23,female,1969,152
23,male,1969,295
24,female,1969,177
24,male,1969,316
25,female,1969,144
25,male,1969,321
26,female,1969,159
26,male,1969,296
27,female,1969,158
27,male,1969,270
28,female,1969,192
28,male,1969,251
29,female,1969,152
29,male,1969,292
30,female,1969,176
30,male,1969,316
31,female,1969,172
31,male,1969,300
32,female,1969,254
32,male,1969,318
33,female,1969,196
33,male,1969,332
34,female,1969,253
34,male,1969,387
35,female,1969,279
35,male,1969,387
36,female,1969,293
36,male,1969,397
37,female,1969,316
37,male,1969,452
38,female,1969,395
38,male,1969,552
39,female,1969,446
39,male,1969,592
40,female,1969,479
40,male,1969,745
41,female,1969,579
41,male,1969,816
42,female,1969,697
42,male,1969,839
43,female,1969,743
43,male,1969,1006
44,female,1969,838
44,male,1969,1166
45,female,1969,837
45,male,1969,1357
46,female,1969,986
46,male,1969,1562
47,female,1969,1199
47,male,1969,1775
48,female,1969,1335
48,male,1969,2131
49,female,1969,1530
49,male,1969,2474
50,female,1969,1224
50,male,1969,1904
51,female,1969,1193
51,male,1969,1937
52,female,1969,1528
52,male,1969,2409
53,female,1969,1770
53,male,1969,2907
54,female,1969,2000
54,male,1969,3481
55,female,1969,2215
55,male,1969,3877
56,female,1969,2441
56,male,1969,4308
57,female,1969,2523
57,male,1969,4537
58,female,1969,2818
58,male,1969,5122
59,female,1969,3065
59,male,1969,5591
60,female,1969,3355
60,male,1969,6275
61,female,1969,3598
61,male,1969,6640
62,female,1969,3877
62,male,1969,7293
63,female,1969,4177
63,male,1969,7635
64,female,1969,4527
64,male,1969,8485
65,female,1969,4925
65,male,1969,8764
66,female,1969,5087
66,male,1969,8924
67,female,1969,5607
67,male,1969,9438
68,female,1969,6376
68,male,1969,9726
69,female,1969,6630
69,male,1969,9846
70,female,1969,6640
70,male,1969,9210
71,female,1969,7164
71,male,1969,8839
72,female,1969,7864
72,male,1969,9090
73,female,1969,8305
73,male,1969,8959
74,female,1969,8621
74,male,1969,9129
75,female,1969,8871
75,male,1969,8767
76,female,1969,9376
76,male,1969,8749
77,female,1969,9268
77,male,1969,8203
78,female,1969,9850
78,male,1969,8024
79,female,1969,9917
79,male,1969,7525
80,female,1969,10291
80,male,1969,7271
81,female,1969,9668
81,male,1969,6795
82,female,1969,9882
82,male,1969,6306
83,female,1969,9591
83,male,1969,5759
84,female,1969,9307
84,male,1969,5423
85,female,1969,8605
85,male,1969,4747
86,female,1969,8168
86,male,1969,4152
87,female,1969,7431
87,male,1969,3530
88,female,1969,6587
88,male,1969,3052
89,female,1969,5592
89,male,1969,2498
90,female,1969,4803
90,male,1969,1959
91,female,1969,3746
91,male,1969,1587
92,female,1969,3261
92,male,1969,1257
93,female,1969,2562
93,male,1969,900
94,female,1969,1881
94,male,1969,631
95,female,1969,1440
95,male,1969,410
96,female,1969,1010
96,male,1969,292
97,female,1969,703
97,male,1969,174
98,female,1969,475
98,male,1969,115
99,female,1969,279
99,male,1969,61
100,female,1969,189
100,male,1969,48
101,female,1969,117
101,male,1969,24
102,female,1969,70
102,male,1969,11
103,female,1969,60
103,male,1969,9
104,female,1969,23
104,male,1969,1
105,female,1969,27
105,male,1969,4
0,female,1970,5998
0,male,1970,8269
1,female,1970,410
1,male,1970,508
2,female,1970,251
2,male,1970,329
3,female,1970,183
3,male,1970,270
4,female,1970,167
4,male,1970,208
5,female,1970,146
5,male,1970,182
6,female,1970,121
6,male,1970,203
7,female,1970,100
7,male,1970,168
8,female,1970,94
8,male,1970,127
9,female,1970,77
9,male,1970,136
10,female,1970,86
10,male,1970,135
11,female,1970,79
11,male,1970,122
12,female,1970,96
12,male,1970,124
13,female,1970,75
13,male,1970,127
14,female,1970,65
14,male,1970,141
15,female,1970,80
15,male,1970,181
16,female,1970,97
16,male,1970,304
17,female,1970,118
17,male,1970,367
18,female,1970,129
18,male,1970,359
19,female,1970,146
19,male,1970,340
20,female,1970,179
20,male,1970,411
21,female,1970,163
21,male,1970,382
22,female,1970,167
22,male,1970,379
23,female,1970,193
23,male,1970,382
24,female,1970,147
24,male,1970,282
25,female,1970,160
25,male,1970,292
26,female,1970,177
26,male,1970,300
27,female,1970,146
27,male,1970,317
28,female,1970,149
28,male,1970,258
29,female,1970,164
29,male,1970,268
30,female,1970,183
30,male,1970,300
31,female,1970,187
31,male,1970,336
32,female,1970,201
32,male,1970,339
33,female,1970,222
33,male,1970,331
34,female,1970,213
34,male,1970,348
35,female,1970,233
35,male,1970,387
36,female,1970,272
36,male,1970,412
37,female,1970,311
37,male,1970,447
38,female,1970,377
38,male,1970,488
39,female,1970,430
39,male,1970,563
40,female,1970,500
40,male,1970,692
41,female,1970,545
41,male,1970,718
42,female,1970,580
42,male,1970,897
43,female,1970,704
43,male,1970,1005
44,female,1970,763
44,male,1970,1108
45,female,1970,853
45,male,1970,1288
46,female,1970,953
46,male,1970,1390
47,female,1970,1152
47,male,1970,1603
48,female,1970,1338
48,male,1970,1933
49,female,1970,1424
49,male,1970,2335
50,female,1970,1620
50,male,1970,2571
51,female,1970,1299
51,male,1970,2035
52,female,1970,1365
52,male,1970,2124
53,female,1970,1536
53,male,1970,2719
54,female,1970,1752
54,male,1970,3164
55,female,1970,2122
55,male,1970,3899
56,female,1970,2272
56,male,1970,4139
57,female,1970,2566
57,male,1970,4601
58,female,1970,2629
58,male,1970,4985
59,female,1970,2943
59,male,1970,5515
60,female,1970,3360
60,male,1970,5994
61,female,1970,3427
61,male,1970,6438
62,female,1970,3861
62,male,1970,7112
63,female,1970,3971
63,male,1970,7317
64,female,1970,4426
64,male,1970,8099
65,female,1970,4794
65,male,1970,8561
66,female,1970,5156
66,male,1970,8720
67,female,1970,5607
67,male,1970,9228
68,female,1970,5973
68,male,1970,9447
69,female,1970,6491
69,male,1970,9765
70,female,1970,7056
70,male,1970,9741
71,female,1970,6978
71,male,1970,8946
72,female,1970,7548
72,male,1970,8969
73,female,1970,8131
73,male,1970,8884
74,female,1970,8485
74,male,1970,8776
75,female,1970,8949
75,male,1970,8692
76,female,1970,9261
76,male,1970,8316
77,female,1970,9321
77,male,1970,8430
78,female,1970,9555
78,male,1970,7994
79,female,1970,9719
79,male,1970,7763
80,female,1970,10075
80,male,1970,7242
81,female,1970,10007
81,male,1970,6771
82,female,1970,9972
82,male,1970,6391
83,female,1970,9543
83,male,1970,5590
84,female,1970,9515
84,male,1970,5436
85,female,1970,8910
85,male,1970,4819
86,female,1970,8287
86,male,1970,4109
87,female,1970,7328
87,male,1970,3687
88,female,1970,6782
88,male,1970,2992
89,female,1970,5879
89,male,1970,2594
90,female,1970,5084
90,male,1970,2098
91,female,1970,4030
91,male,1970,1532
92,female,1970,3479
92,male,1970,1174
93,female,1970,2714
93,male,1970,911
94,female,1970,2014
94,male,1970,694
95,female,1970,1612
95,male,1970,477
96,female,1970,1115
96,male,1970,321
97,female,1970,702
97,male,1970,186
98,female,1970,511
98,male,1970,132
99,female,1970,302
99,male,1970,90
100,female,1970,196
100,male,1970,40
101,female,1970,130
101,male,1970,22
102,female,1970,73
102,male,1970,6
103,female,1970,47
103,male,1970,3
104,female,1970,24
104,male,1970,0
105,female,1970,33
105,male,1970,1
0,female,1971,5746
0,male,1971,7974
1,female,1971,399
1,male,1971,450
2,female,1971,234
2,male,1971,324
3,female,1971,196
3,male,1971,235
4,female,1971,147
4,male,1971,219
5,female,1971,137
5,male,1971,214
6,female,1971,120
6,male,1971,191
7,female,1971,113
7,male,1971,178
8,female,1971,96
8,male,1971,168
9,female,1971,102
9,male,1971,165
10,female,1971,97
10,male,1971,137
11,female,1971,66
11,male,1971,125
12,female,1971,75
12,male,1971,117
13,female,1971,89
13,male,1971,149
14,female,1971,92
14,male,1971,162
15,female,1971,97
15,male,1971,175
16,female,1971,126
16,male,1971,294
17,female,1971,141
17,male,1971,347
18,female,1971,122
18,male,1971,346
19,female,1971,145
19,male,1971,376
20,female,1971,146
20,male,1971,344
21,female,1971,143
21,male,1971,378
22,female,1971,171
22,male,1971,346
23,female,1971,153
23,male,1971,377
24,female,1971,174
24,male,1971,326
25,female,1971,150
25,male,1971,298
26,female,1971,142
26,male,1971,307
27,female,1971,164
27,male,1971,298
28,female,1971,160
28,male,1971,288
29,female,1971,160
29,male,1971,254
30,female,1971,159
30,male,1971,273
31,female,1971,191
31,male,1971,294
32,female,1971,221
32,male,1971,329
33,female,1971,240
33,male,1971,341
34,female,1971,249
34,male,1971,364
35,female,1971,238
35,male,1971,418
36,female,1971,281
36,male,1971,448
37,female,1971,343
37,male,1971,445
38,female,1971,338
38,male,1971,453
39,female,1971,385
39,male,1971,572
40,female,1971,492
40,male,1971,678
41,female,1971,514
41,male,1971,774
42,female,1971,564
42,male,1971,841
43,female,1971,665
43,male,1971,947
44,female,1971,708
44,male,1971,1107
45,female,1971,832
45,male,1971,1284
46,female,1971,950
46,male,1971,1449
47,female,1971,1121
47,male,1971,1594
48,female,1971,1205
48,male,1971,1793
49,female,1971,1380
49,male,1971,2123
50,female,1971,1521
50,male,1971,2558
51,female,1971,1710
51,male,1971,2755
52,female,1971,1478
52,male,1971,2181
53,female,1971,1425
53,male,1971,2392
54,female,1971,1652
54,male,1971,2917
55,female,1971,1928
55,male,1971,3396
56,female,1971,2181
56,male,1971,3941
57,female,1971,2515
57,male,1971,4325
58,female,1971,2726
58,male,1971,4749
59,female,1971,2859
59,male,1971,5292
60,female,1971,3125
60,male,1971,5766
61,female,1971,3341
61,male,1971,6280
62,female,1971,3718
62,male,1971,6847
63,female,1971,4118
63,male,1971,7271
64,female,1971,4249
64,male,1971,7832
65,female,1971,4604
65,male,1971,8326
66,female,1971,4799
66,male,1971,8527
67,female,1971,5458
67,male,1971,8806
68,female,1971,5721
68,male,1971,9298
69,female,1971,6071
69,male,1971,9533
70,female,1971,6647
70,male,1971,9661
71,female,1971,7177
71,male,1971,9579
72,female,1971,7410
72,male,1971,8817
73,female,1971,7786
73,male,1971,8723
74,female,1971,8344
74,male,1971,8532
75,female,1971,8707
75,male,1971,8489
76,female,1971,9069
76,male,1971,8321
77,female,1971,9105
77,male,1971,7935
78,female,1971,9626
78,male,1971,8006
79,female,1971,9802
79,male,1971,7566
80,female,1971,9934
80,male,1971,7262
81,female,1971,9771
81,male,1971,6713
82,female,1971,9917
82,male,1971,6464
83,female,1971,9883
83,male,1971,5861
84,female,1971,9144
84,male,1971,5290
85,female,1971,8857
85,male,1971,4755
86,female,1971,8419
86,male,1971,4160
87,female,1971,7583
87,male,1971,3591
88,female,1971,6750
88,male,1971,2994
89,female,1971,5994
89,male,1971,2587
90,female,1971,5223
90,male,1971,2028
91,female,1971,4294
91,male,1971,1738
92,female,1971,3393
92,male,1971,1308
93,female,1971,2832
93,male,1971,896
94,female,1971,2128
94,male,1971,687
95,female,1971,1620
95,male,1971,495
96,female,1971,1146
96,male,1971,322
97,female,1971,787
97,male,1971,191
98,female,1971,519
98,male,1971,142
99,female,1971,331
99,male,1971,68
100,female,1971,225
100,male,1971,51
101,female,1971,159
101,male,1971,26
102,female,1971,51
102,male,1971,15
103,female,1971,39
103,male,1971,3
104,female,1971,25
104,male,1971,0
105,female,1971,28
105,male,1971,2
0,female,1972,5288
0,male,1972,7210
1,female,1972,409
1,male,1972,470
2,female,1972,276
2,male,1972,304
3,female,1972,220
3,male,1972,254
4,female,1972,168
4,male,1972,207
5,female,1972,130
5,male,1972,183
6,female,1972,121
6,male,1972,195
7,female,1972,106
7,male,1972,173
8,female,1972,113
8,male,1972,161
9,female,1972,109
9,male,1972,135
10,female,1972,83
10,male,1972,124
11,female,1972,72
11,male,1972,137
12,female,1972,69
12,male,1972,127
13,female,1972,61
13,male,1972,135
14,female,1972,82
14,male,1972,170
15,female,1972,104
15,male,1972,180
16,female,1972,128
16,male,1972,239
17,female,1972,147
17,male,1972,344
18,female,1972,135
18,male,1972,344
19,female,1972,144
19,male,1972,375
20,female,1972,153
20,male,1972,338
21,female,1972,141
21,male,1972,359
22,female,1972,160
22,male,1972,371
23,female,1972,165
23,male,1972,354
24,female,1972,164
24,male,1972,335
25,female,1972,182
25,male,1972,366
26,female,1972,158
26,male,1972,328
27,female,1972,154
27,male,1972,298
28,female,1972,163
28,male,1972,282
29,female,1972,186
29,male,1972,286
30,female,1972,178
30,male,1972,291
31,female,1972,139
31,male,1972,297
32,female,1972,193
32,male,1972,293
33,female,1972,216
33,male,1972,317
34,female,1972,235
34,male,1972,345
35,female,1972,271
35,male,1972,402
36,female,1972,300
36,male,1972,436
37,female,1972,316
37,male,1972,444
38,female,1972,338
38,male,1972,496
39,female,1972,384
39,male,1972,558
40,female,1972,430
40,male,1972,591
41,female,1972,513
41,male,1972,731
42,female,1972,594
42,male,1972,835
43,female,1972,638
43,male,1972,963
44,female,1972,728
44,male,1972,1055
45,female,1972,850
45,male,1972,1257
46,female,1972,914
46,male,1972,1448
47,female,1972,1032
47,male,1972,1568
48,female,1972,1139
48,male,1972,1787
49,female,1972,1390
49,male,1972,2125
50,female,1972,1552
50,male,1972,2423
51,female,1972,1797
51,male,1972,2795
52,female,1972,1913
52,male,1972,3187
53,female,1972,1537
53,male,1972,2507
54,female,1972,1562
54,male,1972,2740
55,female,1972,1827
55,male,1972,3185
56,female,1972,2153
56,male,1972,3760
57,female,1972,2568
57,male,1972,4412
58,female,1972,2837
58,male,1972,4907
59,female,1972,2938
59,male,1972,5404
60,female,1972,3212
60,male,1972,5748
61,female,1972,3413
61,male,1972,6361
62,female,1972,3722
62,male,1972,6854
63,female,1972,4204
63,male,1972,7443
64,female,1972,4456
64,male,1972,8128
65,female,1972,4718
65,male,1972,8528
66,female,1972,4912
66,male,1972,8926
67,female,1972,5661
67,male,1972,9451
68,female,1972,6003
68,male,1972,9591
69,female,1972,6573
69,male,1972,10181
70,female,1972,6897
70,male,1972,10270
71,female,1972,7382
71,male,1972,10290
72,female,1972,8255
72,male,1972,10324
73,female,1972,8250
73,male,1972,9560
74,female,1972,8564
74,male,1972,9208
75,female,1972,9057
75,male,1972,8987
76,female,1972,9534
76,male,1972,8926
77,female,1972,9855
77,male,1972,8493
78,female,1972,9920
78,male,1972,8223
79,female,1972,10447
79,male,1972,8028
80,female,1972,10387
80,male,1972,7613
81,female,1972,10202
81,male,1972,6896
82,female,1972,10548
82,male,1972,6683
83,female,1972,10316
83,male,1972,6118
84,female,1972,9714
84,male,1972,5597
85,female,1972,9236
85,male,1972,5008
86,female,1972,8997
86,male,1972,4429
87,female,1972,7868
87,male,1972,3819
88,female,1972,7125
88,male,1972,3277
89,female,1972,6361
89,male,1972,2652
90,female,1972,5377
90,male,1972,2149
91,female,1972,4621
91,male,1972,1712
92,female,1972,3923
92,male,1972,1386
93,female,1972,2952
93,male,1972,957
94,female,1972,2320
94,male,1972,785
95,female,1972,1733
95,male,1972,495
96,female,1972,1297
96,male,1972,353
97,female,1972,842
97,male,1972,248
98,female,1972,622
98,male,1972,150
99,female,1972,384
99,male,1972,85
100,female,1972,256
100,male,1972,50
101,female,1972,133
101,male,1972,27
102,female,1972,82
102,male,1972,15
103,female,1972,45
103,male,1972,12
104,female,1972,28
104,male,1972,9
105,female,1972,23
105,male,1972,1
0,female,1973,4808
0,male,1973,6599
1,female,1973,349
1,male,1973,448
2,female,1973,227
2,male,1973,303
3,female,1973,188
3,male,1973,239
4,female,1973,132
4,male,1973,213
5,female,1973,138
5,male,1973,198
6,female,1973,115
6,male,1973,188
7,female,1973,94
7,male,1973,150
8,female,1973,93
8,male,1973,144
9,female,1973,70
9,male,1973,137
10,female,1973,85
10,male,1973,109
11,female,1973,89
11,male,1973,136
12,female,1973,71
12,male,1973,128
13,female,1973,66
13,male,1973,138
14,female,1973,82
14,male,1973,166
15,female,1973,114
15,male,1973,186
16,female,1973,136
16,male,1973,222
17,female,1973,135
17,male,1973,354
18,female,1973,140
18,male,1973,387
19,female,1973,156
19,male,1973,361
20,female,1973,136
20,male,1973,381
21,female,1973,154
21,male,1973,363
22,female,1973,142
22,male,1973,378
23,female,1973,143
23,male,1973,348
24,female,1973,165
24,male,1973,366
25,female,1973,191
25,male,1973,361
26,female,1973,178
26,male,1973,381
27,female,1973,181
27,male,1973,329
28,female,1973,157
28,male,1973,334
29,female,1973,185
29,male,1973,323
30,female,1973,159
30,male,1973,324
31,female,1973,175
31,male,1973,263
32,female,1973,207
32,male,1973,300
33,female,1973,205
33,male,1973,320
34,female,1973,238
34,male,1973,401
35,female,1973,254
35,male,1973,416
36,female,1973,262
36,male,1973,452
37,female,1973,302
37,male,1973,442
38,female,1973,322
38,male,1973,462
39,female,1973,376
39,male,1973,524
40,female,1973,441
40,male,1973,616
41,female,1973,494
41,male,1973,729
42,female,1973,609
42,male,1973,850
43,female,1973,630
43,male,1973,935
44,female,1973,672
44,male,1973,1029
45,female,1973,847
45,male,1973,1281
46,female,1973,906
46,male,1973,1329
47,female,1973,1025
47,male,1973,1525
48,female,1973,1138
48,male,1973,1791
49,female,1973,1278
49,male,1973,2067
50,female,1973,1431
50,male,1973,2271
51,female,1973,1520
51,male,1973,2581
52,female,1973,1865
52,male,1973,2967
53,female,1973,2052
53,male,1973,3410
54,female,1973,1549
54,male,1973,2701
55,female,1973,1637
55,male,1973,2877
56,female,1973,1960
56,male,1973,3517
57,female,1973,2185
57,male,1973,4130
58,female,1973,2698
58,male,1973,4876
59,female,1973,2911
59,male,1973,5274
60,female,1973,3175
60,male,1973,5581
61,female,1973,3331
61,male,1973,6045
62,female,1973,3637
62,male,1973,6626
63,female,1973,4017
63,male,1973,7097
64,female,1973,4321
64,male,1973,7953
65,female,1973,4881
65,male,1973,8395
66,female,1973,5007
66,male,1973,8582
67,female,1973,5514
67,male,1973,9192
68,female,1973,6001
68,male,1973,9579
69,female,1973,6552
69,male,1973,9943
70,female,1973,6911
70,male,1973,10018
71,female,1973,7220
71,male,1973,9948
72,female,1973,8075
72,male,1973,10297
73,female,1973,8446
73,male,1973,10174
74,female,1973,8530
74,male,1973,9477
75,female,1973,8966
75,male,1973,9128
76,female,1973,9465
76,male,1973,8798
77,female,1973,9686
77,male,1973,8479
78,female,1973,9995
78,male,1973,8099
79,female,1973,10367
79,male,1973,7846
80,female,1973,10522
80,male,1973,7575
81,female,1973,10265
81,male,1973,6898
82,female,1973,10298
82,male,1973,6666
83,female,1973,10398
83,male,1973,6218
84,female,1973,10331
84,male,1973,5593
85,female,1973,9514
85,male,1973,4893
86,female,1973,8931
86,male,1973,4227
87,female,1973,8054
87,male,1973,3796
88,female,1973,7470
88,male,1973,3222
89,female,1973,6411
89,male,1973,2587
90,female,1973,5687
90,male,1973,2143
91,female,1973,4556
91,male,1973,1790
92,female,1973,3896
92,male,1973,1326
93,female,1973,3129
93,male,1973,1049
94,female,1973,2431
94,male,1973,744
95,female,1973,1823
95,male,1973,545
96,female,1973,1319
96,male,1973,388
97,female,1973,928
97,male,1973,255
98,female,1973,603
98,male,1973,157
99,female,1973,395
99,male,1973,77
100,female,1973,248
100,male,1973,55
101,female,1973,164
101,male,1973,25
102,female,1973,95
102,male,1973,12
103,female,1973,49
103,male,1973,9
104,female,1973,24
104,male,1973,7
105,female,1973,26
105,male,1973,2
0,female,1974,4322
0,male,1974,6137
1,female,1974,324
1,male,1974,410
2,female,1974,196
2,male,1974,258
3,female,1974,171
3,male,1974,252
4,female,1974,136
4,male,1974,175
5,female,1974,117
5,male,1974,176
6,female,1974,100
6,male,1974,157
7,female,1974,108
7,male,1974,149
8,female,1974,102
8,male,1974,123
9,female,1974,78
9,male,1974,115
10,female,1974,93
10,male,1974,121
11,female,1974,106
11,male,1974,119
12,female,1974,74
12,male,1974,129
13,female,1974,78
13,male,1974,144
14,female,1974,91
14,male,1974,136
15,female,1974,117
15,male,1974,177
16,female,1974,119
16,male,1974,216
17,female,1974,133
17,male,1974,374
18,female,1974,133
18,male,1974,398
19,female,1974,128
19,male,1974,417
20,female,1974,151
20,male,1974,381
21,female,1974,138
21,male,1974,327
22,female,1974,118
22,male,1974,315
23,female,1974,137
23,male,1974,327
24,female,1974,144
24,male,1974,316
25,female,1974,136
25,male,1974,315
26,female,1974,190
26,male,1974,333
27,female,1974,176
27,male,1974,350
28,female,1974,150
28,male,1974,285
29,female,1974,175
29,male,1974,319
30,female,1974,195
30,male,1974,354
31,female,1974,167
31,male,1974,274
32,female,1974,188
32,male,1974,305
33,female,1974,193
33,male,1974,319
34,female,1974,215
34,male,1974,387
35,female,1974,278
35,male,1974,367
36,female,1974,301
36,male,1974,386
37,female,1974,344
37,male,1974,439
38,female,1974,309
38,male,1974,501
39,female,1974,352
39,male,1974,512
40,female,1974,438
40,male,1974,589
41,female,1974,456
41,male,1974,675
42,female,1974,532
42,male,1974,783
43,female,1974,600
43,male,1974,932
44,female,1974,681
44,male,1974,1038
45,female,1974,759
45,male,1974,1142
46,female,1974,853
46,male,1974,1353
47,female,1974,1058
47,male,1974,1478
48,female,1974,1104
48,male,1974,1720
49,female,1974,1247
49,male,1974,1979
50,female,1974,1407
50,male,1974,2242
51,female,1974,1506
51,male,1974,2437
52,female,1974,1730
52,male,1974,2921
53,female,1974,1953
53,male,1974,3309
54,female,1974,2211
54,male,1974,3807
55,female,1974,1676
55,male,1974,2888
56,female,1974,1725
56,male,1974,3014
57,female,1974,2175
57,male,1974,3705
58,female,1974,2501
58,male,1974,4358
59,female,1974,2889
59,male,1974,5208
60,female,1974,3248
60,male,1974,5691
61,female,1974,3350
61,male,1974,5973
62,female,1974,3725
62,male,1974,6474
63,female,1974,3892
63,male,1974,6875
64,female,1974,4290
64,male,1974,7697
65,female,1974,4752
65,male,1974,8272
66,female,1974,5245
66,male,1974,8664
67,female,1974,5406
67,male,1974,9078
68,female,1974,5871
68,male,1974,9613
69,female,1974,6366
69,male,1974,9997
70,female,1974,6839
70,male,1974,9927
71,female,1974,7288
71,male,1974,10366
72,female,1974,7909
72,male,1974,10372
73,female,1974,8264
73,male,1974,10691
74,female,1974,9052
74,male,1974,10351
75,female,1974,8929
75,male,1974,9083
76,female,1974,9496
76,male,1974,8591
77,female,1974,9725
77,male,1974,8470
78,female,1974,9950
78,male,1974,8076
79,female,1974,10080
79,male,1974,7746
80,female,1974,10287
80,male,1974,7296
81,female,1974,10511
81,male,1974,7030
82,female,1974,10464
82,male,1974,6721
83,female,1974,10091
83,male,1974,6122
84,female,1974,9865
84,male,1974,5635
85,female,1974,9596
85,male,1974,4983
86,female,1974,8935
86,male,1974,4454
87,female,1974,8076
87,male,1974,3616
88,female,1974,7323
88,male,1974,3238
89,female,1974,6511
89,male,1974,2607
90,female,1974,5753
90,male,1974,2251
91,female,1974,4809
91,male,1974,1785
92,female,1974,4005
92,male,1974,1405
93,female,1974,3326
93,male,1974,1027
94,female,1974,2619
94,male,1974,740
95,female,1974,1719
95,male,1974,530
96,female,1974,1288
96,male,1974,390
97,female,1974,997
97,male,1974,230
98,female,1974,666
98,male,1974,141
99,female,1974,447
99,male,1974,112
100,female,1974,279
100,male,1974,62
101,female,1974,188
101,male,1974,36
102,female,1974,108
102,male,1974,14
103,female,1974,77
103,male,1974,2
104,female,1974,45
104,male,1974,5
105,female,1974,31
105,male,1974,3
0,female,1975,4058
0,male,1975,5430
1,female,1975,285
1,male,1975,356
2,female,1975,152
2,male,1975,231
3,female,1975,142
3,male,1975,224
4,female,1975,137
4,male,1975,172
5,female,1975,99
5,male,1975,153
6,female,1975,95
6,male,1975,142
7,female,1975,96
7,male,1975,136
8,female,1975,81
8,male,1975,127
9,female,1975,92
9,male,1975,119
10,female,1975,60
10,male,1975,132
11,female,1975,69
11,male,1975,128
12,female,1975,76
12,male,1975,131
13,female,1975,68
13,male,1975,147
14,female,1975,81
14,male,1975,154
15,female,1975,100
15,male,1975,155
16,female,1975,139
16,male,1975,248
17,female,1975,129
17,male,1975,398
18,female,1975,139
18,male,1975,404
19,female,1975,125
19,male,1975,379
20,female,1975,136
20,male,1975,382
21,female,1975,133
21,male,1975,380
22,female,1975,139
22,male,1975,360
23,female,1975,142
23,male,1975,294
24,female,1975,161
24,male,1975,281
25,female,1975,164
25,male,1975,319
26,female,1975,191
26,male,1975,307
27,female,1975,162
27,male,1975,331
28,female,1975,214
28,male,1975,355
29,female,1975,186
29,male,1975,287
30,female,1975,193
30,male,1975,301
31,female,1975,214
31,male,1975,337
32,female,1975,172
32,male,1975,340
33,female,1975,215
33,male,1975,332
34,female,1975,210
34,male,1975,320
35,female,1975,257
35,male,1975,380
36,female,1975,265
36,male,1975,429
37,female,1975,308
37,male,1975,445
38,female,1975,350
38,male,1975,412
39,female,1975,371
39,male,1975,505
40,female,1975,379
40,male,1975,582
41,female,1975,485
41,male,1975,598
42,female,1975,495
42,male,1975,763
43,female,1975,578
43,male,1975,823
44,female,1975,692
44,male,1975,998
45,female,1975,722
45,male,1975,1102
46,female,1975,813
46,male,1975,1258
47,female,1975,906
47,male,1975,1444
48,female,1975,1075
48,male,1975,1607
49,female,1975,1225
49,male,1975,1953
50,female,1975,1348
50,male,1975,2160
51,female,1975,1519
51,male,1975,2393
52,female,1975,1646
52,male,1975,2720
53,female,1975,1777
53,male,1975,3123
54,female,1975,2022
54,male,1975,3577
55,female,1975,2340
55,male,1975,3885
56,female,1975,1856
56,male,1975,3035
57,female,1975,1832
57,male,1975,3291
58,female,1975,2237
58,male,1975,3957
59,female,1975,2646
59,male,1975,4623
60,female,1975,3031
60,male,1975,5427
61,female,1975,3367
61,male,1975,6076
62,female,1975,3638
62,male,1975,6600
63,female,1975,3853
63,male,1975,6825
64,female,1975,4392
64,male,1975,7369
65,female,1975,4695
65,male,1975,8149
66,female,1975,5156
66,male,1975,8680
67,female,1975,5383
67,male,1975,9151
68,female,1975,5791
68,male,1975,9284
69,female,1975,6228
69,male,1975,9841
70,female,1975,6749
70,male,1975,9947
71,female,1975,7154
71,male,1975,10239
72,female,1975,7688
72,male,1975,10556
73,female,1975,8097
73,male,1975,10525
74,female,1975,8881
74,male,1975,10562
75,female,1975,9351
75,male,1975,9958
76,female,1975,9062
76,male,1975,9145
77,female,1975,9548
77,male,1975,8598
78,female,1975,9956
78,male,1975,8219
79,female,1975,10292
79,male,1975,7945
80,female,1975,10504
80,male,1975,7528
81,female,1975,10337
81,male,1975,6974
82,female,1975,10586
82,male,1975,6606
83,female,1975,10294
83,male,1975,6275
84,female,1975,10070
84,male,1975,5631
85,female,1975,9489
85,male,1975,4880
86,female,1975,9144
86,male,1975,4454
87,female,1975,8368
87,male,1975,3788
88,female,1975,7219
88,male,1975,3152
89,female,1975,6529
89,male,1975,2725
90,female,1975,5885
90,male,1975,2209
91,female,1975,4904
91,male,1975,1695
92,female,1975,4002
92,male,1975,1396
93,female,1975,3334
93,male,1975,1086
94,female,1975,2494
94,male,1975,780
95,female,1975,2024
95,male,1975,558
96,female,1975,1339
96,male,1975,366
97,female,1975,964
97,male,1975,261
98,female,1975,698
98,male,1975,156
99,female,1975,483
99,male,1975,94
100,female,1975,281
100,male,1975,49
101,female,1975,187
101,male,1975,35
102,female,1975,95
102,male,1975,9
103,female,1975,58
103,male,1975,9
104,female,1975,37
104,male,1975,4
105,female,1975,31
105,male,1975,3
0,female,1976,3455
0,male,1976,4879
1,female,1976,239
1,male,1976,328
2,female,1976,138
2,male,1976,203
3,female,1976,107
3,male,1976,180
4,female,1976,109
4,male,1976,165
5,female,1976,123
5,male,1976,162
6,female,1976,89
6,male,1976,142
7,female,1976,85
7,male,1976,131
8,female,1976,80
8,male,1976,117
9,female,1976,74
9,male,1976,124
10,female,1976,83
10,male,1976,116
11,female,1976,84
11,male,1976,105
12,female,1976,71
12,male,1976,129
13,female,1976,96
13,male,1976,136
14,female,1976,83
14,male,1976,153
15,female,1976,104
15,male,1976,146
16,female,1976,130
16,male,1976,266
17,female,1976,107
17,male,1976,426
18,female,1976,156
18,male,1976,420
19,female,1976,126
19,male,1976,402
20,female,1976,131
20,male,1976,369
21,female,1976,138
21,male,1976,327
22,female,1976,134
22,male,1976,354
23,female,1976,123
23,male,1976,305
24,female,1976,145
24,male,1976,308
25,female,1976,152
25,male,1976,285
26,female,1976,156
26,male,1976,306
27,female,1976,186
27,male,1976,345
28,female,1976,185
28,male,1976,335
29,female,1976,203
29,male,1976,340
30,female,1976,190
30,male,1976,320
31,female,1976,205
31,male,1976,311
32,female,1976,196
32,male,1976,352
33,female,1976,241
33,male,1976,326
34,female,1976,225
34,male,1976,325
35,female,1976,216
35,male,1976,346
36,female,1976,294
36,male,1976,409
37,female,1976,326
37,male,1976,445
38,female,1976,317
38,male,1976,469
39,female,1976,323
39,male,1976,559
40,female,1976,405
40,male,1976,558
41,female,1976,448
41,male,1976,662
42,female,1976,510
42,male,1976,745
43,female,1976,559
43,male,1976,818
44,female,1976,643
44,male,1976,917
45,female,1976,734
45,male,1976,1050
46,female,1976,811
46,male,1976,1211
47,female,1976,919
47,male,1976,1413
48,female,1976,1014
48,male,1976,1495
49,female,1976,1201
49,male,1976,1832
50,female,1976,1372
50,male,1976,2093
51,female,1976,1399
51,male,1976,2300
52,female,1976,1572
52,male,1976,2732
53,female,1976,1781
53,male,1976,2897
54,female,1976,2003
54,male,1976,3426
55,female,1976,2254
55,male,1976,3961
56,female,1976,2521
56,male,1976,4379
57,female,1976,2001
57,male,1976,3462
58,female,1976,2048
58,male,1976,3630
59,female,1976,2428
59,male,1976,4362
60,female,1976,2842
60,male,1976,5143
61,female,1976,3451
61,male,1976,5929
62,female,1976,3776
62,male,1976,6452
63,female,1976,3946
63,male,1976,7201
64,female,1976,4338
64,male,1976,7529
65,female,1976,4628
65,male,1976,8003
66,female,1976,5090
66,male,1976,8582
67,female,1976,5574
67,male,1976,9212
68,female,1976,5855
68,male,1976,9486
69,female,1976,6391
69,male,1976,10155
70,female,1976,6967
70,male,1976,10329
71,female,1976,7423
71,male,1976,10612
72,female,1976,7903
72,male,1976,10560
73,female,1976,8510
73,male,1976,10953
74,female,1976,8766
74,male,1976,10762
75,female,1976,9587
75,male,1976,10562
76,female,1976,10141
76,male,1976,10225
77,female,1976,9957
77,male,1976,8866
78,female,1976,10106
78,male,1976,8550
79,female,1976,10593
79,male,1976,8247
80,female,1976,10960
80,male,1976,7699
81,female,1976,10816
81,male,1976,7224
82,female,1976,10868
82,male,1976,6888
83,female,1976,11098
83,male,1976,6361
84,female,1976,10547
84,male,1976,5726
85,female,1976,9993
85,male,1976,5184
86,female,1976,9475
86,male,1976,4509
87,female,1976,8858
87,male,1976,3966
88,female,1976,7843
88,male,1976,3466
89,female,1976,6935
89,male,1976,2825
90,female,1976,6267
90,male,1976,2242
91,female,1976,5164
91,male,1976,1838
92,female,1976,4353
92,male,1976,1432
93,female,1976,3603
93,male,1976,1123
94,female,1976,2790
94,male,1976,760
95,female,1976,2213
95,male,1976,594
96,female,1976,1592
96,male,1976,383
97,female,1976,1064
97,male,1976,267
98,female,1976,710
98,male,1976,169
99,female,1976,486
99,male,1976,91
100,female,1976,312
100,male,1976,68
101,female,1976,179
101,male,1976,41
102,female,1976,98
102,male,1976,18
103,female,1976,60
103,male,1976,8
104,female,1976,36
104,male,1976,3
105,female,1976,46
105,male,1976,6
0,female,1977,3322
0,male,1977,4519
1,female,1977,227
1,male,1977,262
2,female,1977,157
2,male,1977,193
3,female,1977,134
3,male,1977,156
4,female,1977,96
4,male,1977,158
5,female,1977,96
5,male,1977,140
6,female,1977,72
6,male,1977,153
7,female,1977,75
7,male,1977,116
8,female,1977,73
8,male,1977,117
9,female,1977,57
9,male,1977,109
10,female,1977,76
10,male,1977,102
11,female,1977,74
11,male,1977,110
12,female,1977,69
12,male,1977,113
13,female,1977,88
13,male,1977,134
14,female,1977,87
14,male,1977,139
15,female,1977,90
15,male,1977,186
16,female,1977,137
16,male,1977,236
17,female,1977,161
17,male,1977,415
18,female,1977,115
18,male,1977,388
19,female,1977,113
19,male,1977,395
20,female,1977,136
20,male,1977,341
21,female,1977,125
21,male,1977,338
22,female,1977,144
22,male,1977,342
23,female,1977,162
23,male,1977,305
24,female,1977,135
24,male,1977,273
25,female,1977,146
25,male,1977,282
26,female,1977,131
26,male,1977,311
27,female,1977,155
27,male,1977,317
28,female,1977,159
28,male,1977,315
29,female,1977,195
29,male,1977,360
30,female,1977,204
30,male,1977,342
31,female,1977,166
31,male,1977,315
32,female,1977,243
32,male,1977,347
33,female,1977,218
33,male,1977,343
34,female,1977,253
34,male,1977,338
35,female,1977,240
35,male,1977,319
36,female,1977,263
36,male,1977,363
37,female,1977,282
37,male,1977,432
38,female,1977,343
38,male,1977,505
39,female,1977,359
39,male,1977,521
40,female,1977,383
40,male,1977,553
41,female,1977,420
41,male,1977,601
42,female,1977,511
42,male,1977,696
43,female,1977,524
43,male,1977,779
44,female,1977,558
44,male,1977,926
45,female,1977,673
45,male,1977,1001
46,female,1977,774
46,male,1977,1201
47,female,1977,880
47,male,1977,1396
48,female,1977,1032
48,male,1977,1542
49,female,1977,1114
49,male,1977,1703
50,female,1977,1174
50,male,1977,2079
51,female,1977,1406
51,male,1977,2224
52,female,1977,1483
52,male,1977,2500
53,female,1977,1607
53,male,1977,2864
54,female,1977,1786
54,male,1977,3090
55,female,1977,2183
55,male,1977,3676
56,female,1977,2462
56,male,1977,3977
57,female,1977,2687
57,male,1977,4641
58,female,1977,2061
58,male,1977,3686
59,female,1977,2145
59,male,1977,3779
60,female,1977,2563
60,male,1977,4634
61,female,1977,3077
61,male,1977,5296
62,female,1977,3529
62,male,1977,6090
63,female,1977,3886
63,male,1977,6850
64,female,1977,4235
64,male,1977,7226
65,female,1977,4462
65,male,1977,7617
66,female,1977,4782
66,male,1977,8170
67,female,1977,5409
67,male,1977,8816
68,female,1977,5648
68,male,1977,9536
69,female,1977,6399
69,male,1977,9772
70,female,1977,6533
70,male,1977,10149
71,female,1977,6998
71,male,1977,10157
72,female,1977,7815
72,male,1977,10546
73,female,1977,8240
73,male,1977,10511
74,female,1977,8617
74,male,1977,10599
75,female,1977,8782
75,male,1977,10447
76,female,1977,9468
76,male,1977,10383
77,female,1977,10173
77,male,1977,9511
78,female,1977,9793
78,male,1977,8409
79,female,1977,10229
79,male,1977,7730
80,female,1977,10440
80,male,1977,7453
81,female,1977,10468
81,male,1977,6751
82,female,1977,10570
82,male,1977,6457
83,female,1977,10345
83,male,1977,5891
84,female,1977,10268
84,male,1977,5496
85,female,1977,9612
85,male,1977,4902
86,female,1977,8988
86,male,1977,4258
87,female,1977,8071
87,male,1977,3737
88,female,1977,7434
88,male,1977,3172
89,female,1977,6838
89,male,1977,2541
90,female,1977,5673
90,male,1977,2152
91,female,1977,4962
91,male,1977,1702
92,female,1977,4111
92,male,1977,1347
93,female,1977,3384
93,male,1977,1047
94,female,1977,2560
94,male,1977,779
95,female,1977,1994
95,male,1977,548
96,female,1977,1538
96,male,1977,411
97,female,1977,1043
97,male,1977,248
98,female,1977,712
98,male,1977,168
99,female,1977,463
99,male,1977,69
100,female,1977,316
100,male,1977,57
101,female,1977,231
101,male,1977,39
102,female,1977,113
102,male,1977,14
103,female,1977,71
103,male,1977,12
104,female,1977,35
104,male,1977,4
105,female,1977,36
105,male,1977,5
0,female,1978,3368
0,male,1978,4513
1,female,1978,238
1,male,1978,293
2,female,1978,137
2,male,1978,165
3,female,1978,124
3,male,1978,151
4,female,1978,108
4,male,1978,130
5,female,1978,86
5,male,1978,130
6,female,1978,80
6,male,1978,134
7,female,1978,91
7,male,1978,124
8,female,1978,72
8,male,1978,103
9,female,1978,88
9,male,1978,137
10,female,1978,71
10,male,1978,129
11,female,1978,67
11,male,1978,123
12,female,1978,90
12,male,1978,106
13,female,1978,93
13,male,1978,122
14,female,1978,100
14,male,1978,139
15,female,1978,98
15,male,1978,172
16,female,1978,137
16,male,1978,263
17,female,1978,160
17,male,1978,450
18,female,1978,163
18,male,1978,482
19,female,1978,133
19,male,1978,409
20,female,1978,149
20,male,1978,399
21,female,1978,124
21,male,1978,356
22,female,1978,153
22,male,1978,341
23,female,1978,143
23,male,1978,325
24,female,1978,141
24,male,1978,340
25,female,1978,144
25,male,1978,322
26,female,1978,152
26,male,1978,303
27,female,1978,174
27,male,1978,288
28,female,1978,191
28,male,1978,321
29,female,1978,198
29,male,1978,306
30,female,1978,217
30,male,1978,352
31,female,1978,242
31,male,1978,395
32,female,1978,224
32,male,1978,329
33,female,1978,232
33,male,1978,338
34,female,1978,268
34,male,1978,371
35,female,1978,253
35,male,1978,425
36,female,1978,251
36,male,1978,390
37,female,1978,292
37,male,1978,420
38,female,1978,335
38,male,1978,498
39,female,1978,379
39,male,1978,581
40,female,1978,398
40,male,1978,579
41,female,1978,446
41,male,1978,637
42,female,1978,507
42,male,1978,700
43,female,1978,539
43,male,1978,746
44,female,1978,604
44,male,1978,873
45,female,1978,611
45,male,1978,1064
46,female,1978,731
46,male,1978,1168
47,female,1978,869
47,male,1978,1377
48,female,1978,987
48,male,1978,1464
49,female,1978,1094
49,male,1978,1636
50,female,1978,1229
50,male,1978,1849
51,female,1978,1431
51,male,1978,2209
52,female,1978,1442
52,male,1978,2569
53,female,1978,1701
53,male,1978,2798
54,female,1978,1816
54,male,1978,3173
55,female,1978,1995
55,male,1978,3447
56,female,1978,2268
56,male,1978,3951
57,female,1978,2677
57,male,1978,4600
58,female,1978,2911
58,male,1978,5130
59,female,1978,2274
59,male,1978,3908
60,female,1978,2342
60,male,1978,4158
61,female,1978,2807
61,male,1978,5004
62,female,1978,3302
62,male,1978,5751
63,female,1978,3773
63,male,1978,6659
64,female,1978,4258
64,male,1978,7368
65,female,1978,4496
65,male,1978,7764
66,female,1978,4906
66,male,1978,8124
67,female,1978,5358
67,male,1978,8892
68,female,1978,5785
68,male,1978,9509
69,female,1978,6346
69,male,1978,9875
70,female,1978,6741
70,male,1978,10258
71,female,1978,7089
71,male,1978,10365
72,female,1978,7641
72,male,1978,10563
73,female,1978,8225
73,male,1978,10947
74,female,1978,8824
74,male,1978,10897
75,female,1978,9190
75,male,1978,10848
76,female,1978,9656
76,male,1978,10475
77,female,1978,10105
77,male,1978,9884
78,female,1978,10372
78,male,1978,9407
79,female,1978,10282
79,male,1978,8425
80,female,1978,10715
80,male,1978,7763
81,female,1978,10546
81,male,1978,7195
82,female,1978,10681
82,male,1978,6506
83,female,1978,10426
83,male,1978,6006
84,female,1978,10085
84,male,1978,5558
85,female,1978,9869
85,male,1978,4959
86,female,1978,9279
86,male,1978,4452
87,female,1978,8169
87,male,1978,3812
88,female,1978,7654
88,male,1978,3119
89,female,1978,7017
89,male,1978,2742
90,female,1978,5937
90,male,1978,2178
91,female,1978,5032
91,male,1978,1680
92,female,1978,4219
92,male,1978,1398
93,female,1978,3369
93,male,1978,1031
94,female,1978,2787
94,male,1978,744
95,female,1978,2045
95,male,1978,558
96,female,1978,1599
96,male,1978,392
97,female,1978,1099
97,male,1978,272
98,female,1978,747
98,male,1978,151
99,female,1978,481
99,male,1978,120
100,female,1978,317
100,male,1978,58
101,female,1978,221
101,male,1978,42
102,female,1978,132
102,male,1978,18
103,female,1978,77
103,male,1978,17
104,female,1978,56
104,male,1978,4
105,female,1978,43
105,male,1978,4
0,female,1979,3447
0,male,1979,4731
1,female,1979,227
1,male,1979,224
2,female,1979,116
2,male,1979,159
3,female,1979,99
3,male,1979,128
4,female,1979,85
4,male,1979,130
5,female,1979,79
5,male,1979,113
6,female,1979,81
6,male,1979,119
7,female,1979,64
7,male,1979,110
8,female,1979,77
8,male,1979,137
9,female,1979,67
9,male,1979,123
10,female,1979,66
10,male,1979,95
11,female,1979,72
11,male,1979,109
12,female,1979,77
12,male,1979,107
13,female,1979,77
13,male,1979,119
14,female,1979,94
14,male,1979,175
15,female,1979,81
15,male,1979,183
16,female,1979,114
16,male,1979,247
17,female,1979,136
17,male,1979,411
18,female,1979,159
18,male,1979,453
19,female,1979,132
19,male,1979,433
20,female,1979,120
20,male,1979,369
21,female,1979,125
21,male,1979,376
22,female,1979,131
22,male,1979,332
23,female,1979,135
23,male,1979,285
24,female,1979,124
24,male,1979,287
25,female,1979,130
25,male,1979,307
26,female,1979,157
26,male,1979,313
27,female,1979,148
27,male,1979,314
28,female,1979,169
28,male,1979,287
29,female,1979,189
29,male,1979,337
30,female,1979,204
30,male,1979,336
31,female,1979,193
31,male,1979,355
32,female,1979,241
32,male,1979,402
33,female,1979,246
33,male,1979,382
34,female,1979,261
34,male,1979,393
35,female,1979,256
35,male,1979,409
36,female,1979,279
36,male,1979,418
37,female,1979,275
37,male,1979,435
38,female,1979,311
38,male,1979,426
39,female,1979,352
39,male,1979,528
40,female,1979,422
40,male,1979,609
41,female,1979,382
41,male,1979,644
42,female,1979,482
42,male,1979,714
43,female,1979,500
43,male,1979,772
44,female,1979,609
44,male,1979,867
45,female,1979,638
45,male,1979,1015
46,female,1979,766
46,male,1979,1053
47,female,1979,777
47,male,1979,1302
48,female,1979,979
48,male,1979,1490
49,female,1979,1045
49,male,1979,1601
50,female,1979,1184
50,male,1979,1890
51,female,1979,1312
51,male,1979,2076
52,female,1979,1444
52,male,1979,2369
53,female,1979,1638
53,male,1979,2794
54,female,1979,1888
54,male,1979,3017
55,female,1979,1980
55,male,1979,3343
56,female,1979,2108
56,male,1979,3790
57,female,1979,2470
57,male,1979,4364
58,female,1979,2899
58,male,1979,5161
59,female,1979,3082
59,male,1979,5483
60,female,1979,2522
60,male,1979,4343
61,female,1979,2584
61,male,1979,4486
62,female,1979,3097
62,male,1979,5380
63,female,1979,3609
63,male,1979,6125
64,female,1979,4273
64,male,1979,7111
65,female,1979,4539
65,male,1979,7753
66,female,1979,4929
66,male,1979,8297
67,female,1979,5361
67,male,1979,8771
68,female,1979,5617
68,male,1979,9165
69,female,1979,6089
69,male,1979,9479
70,female,1979,6771
70,male,1979,10204
71,female,1979,7174
71,male,1979,10309
72,female,1979,7708
72,male,1979,10691
73,female,1979,8294
73,male,1979,10956
74,female,1979,9164
74,male,1979,11139
75,female,1979,9213
75,male,1979,10858
76,female,1979,9984
76,male,1979,10824
77,female,1979,9957
77,male,1979,10421
78,female,1979,10592
78,male,1979,9775
79,female,1979,11306
79,male,1979,9137
80,female,1979,10601
80,male,1979,8029
81,female,1979,10916
81,male,1979,7363
82,female,1979,10867
82,male,1979,6813
83,female,1979,10646
83,male,1979,6298
84,female,1979,10725
84,male,1979,5573
85,female,1979,10115
85,male,1979,5097
86,female,1979,9513
86,male,1979,4543
87,female,1979,8635
87,male,1979,3834
88,female,1979,7744
88,male,1979,3252
89,female,1979,6955
89,male,1979,2757
90,female,1979,6321
90,male,1979,2338
91,female,1979,5152
91,male,1979,1829
92,female,1979,4479
92,male,1979,1422
93,female,1979,3696
93,male,1979,1067
94,female,1979,2827
94,male,1979,786
95,female,1979,2153
95,male,1979,612
96,female,1979,1586
96,male,1979,377
97,female,1979,1211
97,male,1979,280
98,female,1979,857
98,male,1979,175
99,female,1979,535
99,male,1979,107
100,female,1979,350
100,male,1979,58
101,female,1979,204
101,male,1979,40
102,female,1979,130
102,male,1979,18
103,female,1979,71
103,male,1979,9
104,female,1979,43
104,male,1979,5
105,female,1979,41
105,male,1979,5
0,female,1980,3428
0,male,1980,4471
1,female,1980,226
1,male,1980,270
2,female,1980,128
2,male,1980,166
3,female,1980,90
3,male,1980,107
4,female,1980,74
4,male,1980,125
5,female,1980,77
5,male,1980,110
6,female,1980,75
6,male,1980,97
7,female,1980,51
7,male,1980,112
8,female,1980,86
8,male,1980,99
9,female,1980,60
9,male,1980,99
10,female,1980,82
10,male,1980,94
11,female,1980,77
11,male,1980,102
12,female,1980,68
12,male,1980,92
13,female,1980,67
13,male,1980,104
14,female,1980,79
14,male,1980,154
15,female,1980,81
15,male,1980,165
16,female,1980,150
16,male,1980,222
17,female,1980,139
17,male,1980,462
18,female,1980,168
18,male,1980,471
19,female,1980,129
19,male,1980,425
20,female,1980,144
20,male,1980,389
21,female,1980,122
21,male,1980,351
22,female,1980,126
22,male,1980,307
23,female,1980,154
23,male,1980,281
24,female,1980,150
24,male,1980,285
25,female,1980,125
25,male,1980,283
26,female,1980,143
26,male,1980,288
27,female,1980,174
27,male,1980,293
28,female,1980,139
28,male,1980,288
29,female,1980,172
29,male,1980,284
30,female,1980,190
30,male,1980,295
31,female,1980,198
31,male,1980,322
32,female,1980,214
32,male,1980,367
33,female,1980,279
33,male,1980,402
34,female,1980,227
34,male,1980,381
35,female,1980,270
35,male,1980,423
36,female,1980,289
36,male,1980,394
37,female,1980,308
37,male,1980,454
38,female,1980,334
38,male,1980,455
39,female,1980,304
39,male,1980,471
40,female,1980,345
40,male,1980,555
41,female,1980,440
41,male,1980,645
42,female,1980,438
42,male,1980,606
43,female,1980,514
43,male,1980,784
44,female,1980,529
44,male,1980,923
45,female,1980,605
45,male,1980,937
46,female,1980,677
46,male,1980,1079
47,female,1980,722
47,male,1980,1174
48,female,1980,862
48,male,1980,1343
49,female,1980,1026
49,male,1980,1600
50,female,1980,1109
50,male,1980,1850
51,female,1980,1193
51,male,1980,2003
52,female,1980,1262
52,male,1980,2248
53,female,1980,1598
53,male,1980,2512
54,female,1980,1703
54,male,1980,2947
55,female,1980,1787
55,male,1980,3252
56,female,1980,2074
56,male,1980,3667
57,female,1980,2358
57,male,1980,3871
58,female,1980,2620
58,male,1980,4687
59,female,1980,3124
59,male,1980,5334
60,female,1980,3366
60,male,1980,5925
61,female,1980,2609
61,male,1980,4577
62,female,1980,2749
62,male,1980,4673
63,female,1980,3268
63,male,1980,5554
64,female,1980,3902
64,male,1980,6513
65,female,1980,4415
65,male,1980,7420
66,female,1980,4881
66,male,1980,7936
67,female,1980,5317
67,male,1980,8467
68,female,1980,5445
68,male,1980,8808
69,female,1980,6015
69,male,1980,9261
70,female,1980,6599
70,male,1980,9759
71,female,1980,7009
71,male,1980,10246
72,female,1980,7578
72,male,1980,10926
73,female,1980,8089
73,male,1980,10623
74,female,1980,8739
74,male,1980,10742
75,female,1980,9198
75,male,1980,10711
76,female,1980,9640
76,male,1980,10556
77,female,1980,10136
77,male,1980,10428
78,female,1980,10360
78,male,1980,9876
79,female,1980,10634
79,male,1980,9291
80,female,1980,10998
80,male,1980,8577
81,female,1980,10425
81,male,1980,7279
82,female,1980,10497
82,male,1980,6665
83,female,1980,10523
83,male,1980,6447
84,female,1980,10317
84,male,1980,5470
85,female,1980,9964
85,male,1980,4915
86,female,1980,9341
86,male,1980,4509
87,female,1980,8635
87,male,1980,4009
88,female,1980,7756
88,male,1980,3283
89,female,1980,7092
89,male,1980,2614
90,female,1980,6080
90,male,1980,2238
91,female,1980,5450
91,male,1980,1789
92,female,1980,4518
92,male,1980,1357
93,female,1980,3532
93,male,1980,1027
94,female,1980,2747
94,male,1980,807
95,female,1980,2209
95,male,1980,545
96,female,1980,1618
96,male,1980,393
97,female,1980,1124
97,male,1980,240
98,female,1980,847
98,male,1980,188
99,female,1980,498
99,male,1980,104
100,female,1980,416
100,male,1980,68
101,female,1980,248
101,male,1980,40
102,female,1980,161
102,male,1980,19
103,female,1980,72
103,male,1980,7
104,female,1980,56
104,male,1980,7
105,female,1980,60
105,male,1980,3
0,female,1981,2902
0,male,1981,4119
1,female,1981,226
1,male,1981,271
2,female,1981,133
2,male,1981,166
3,female,1981,97
3,male,1981,106
4,female,1981,73
4,male,1981,108
5,female,1981,63
5,male,1981,87
6,female,1981,65
6,male,1981,99
7,female,1981,64
7,male,1981,89
8,female,1981,52
8,male,1981,86
9,female,1981,58
9,male,1981,86
10,female,1981,70
10,male,1981,89
11,female,1981,64
11,male,1981,95
12,female,1981,62
12,male,1981,106
13,female,1981,75
13,male,1981,136
14,female,1981,97
14,male,1981,147
15,female,1981,114
15,male,1981,171
16,female,1981,113
16,male,1981,227
17,female,1981,133
17,male,1981,452
18,female,1981,168
18,male,1981,438
19,female,1981,122
19,male,1981,446
20,female,1981,136
20,male,1981,371
21,female,1981,117
21,male,1981,303
22,female,1981,134
22,male,1981,314
23,female,1981,145
23,male,1981,298
24,female,1981,110
24,male,1981,290
25,female,1981,119
25,male,1981,260
26,female,1981,148
26,male,1981,265
27,female,1981,150
27,male,1981,296
28,female,1981,152
28,male,1981,296
29,female,1981,149
29,male,1981,310
30,female,1981,174
30,male,1981,304
31,female,1981,204
31,male,1981,331
32,female,1981,192
32,male,1981,342
33,female,1981,247
33,male,1981,380
34,female,1981,286
34,male,1981,397
35,female,1981,267
35,male,1981,356
36,female,1981,274
36,male,1981,416
37,female,1981,294
37,male,1981,427
38,female,1981,329
38,male,1981,498
39,female,1981,287
39,male,1981,446
40,female,1981,357
40,male,1981,568
41,female,1981,380
41,male,1981,593
42,female,1981,479
42,male,1981,684
43,female,1981,500
43,male,1981,739
44,female,1981,575
44,male,1981,808
45,female,1981,618
45,male,1981,952
46,female,1981,675
46,male,1981,1044
47,female,1981,760
47,male,1981,1146
48,female,1981,823
48,male,1981,1204
49,female,1981,944
49,male,1981,1574
50,female,1981,1094
50,male,1981,1785
51,female,1981,1191
51,male,1981,1850
52,female,1981,1260
52,male,1981,2104
53,female,1981,1470
53,male,1981,2472
54,female,1981,1678
54,male,1981,2758
55,female,1981,1890
55,male,1981,3189
56,female,1981,1962
56,male,1981,3429
57,female,1981,2261
57,male,1981,3864
58,female,1981,2371
58,male,1981,4198
59,female,1981,2784
59,male,1981,5008
60,female,1981,3304
60,male,1981,5619
61,female,1981,3548
61,male,1981,6108
62,female,1981,2805
62,male,1981,4753
63,female,1981,2850
63,male,1981,4838
64,female,1981,3436
64,male,1981,5852
65,female,1981,4025
65,male,1981,6790
66,female,1981,4646
66,male,1981,7537
67,female,1981,5169
67,male,1981,8255
68,female,1981,5483
68,male,1981,8703
69,female,1981,5777
69,male,1981,9013
70,female,1981,6395
70,male,1981,9652
71,female,1981,6973
71,male,1981,10160
72,female,1981,7691
72,male,1981,10521
73,female,1981,8070
73,male,1981,10926
74,female,1981,8533
74,male,1981,10632
75,female,1981,9184
75,male,1981,10630
76,female,1981,9529
76,male,1981,10582
77,female,1981,9955
77,male,1981,10169
78,female,1981,10297
78,male,1981,9999
79,female,1981,10355
79,male,1981,9579
80,female,1981,10989
80,male,1981,8795
81,female,1981,11258
81,male,1981,8140
82,female,1981,10679
82,male,1981,7020
83,female,1981,10724
83,male,1981,6171
84,female,1981,10584
84,male,1981,5689
85,female,1981,9792
85,male,1981,5051
86,female,1981,9589
86,male,1981,4479
87,female,1981,8672
87,male,1981,3833
88,female,1981,7915
88,male,1981,3295
89,female,1981,7448
89,male,1981,2748
90,female,1981,6096
90,male,1981,2206
91,female,1981,5457
91,male,1981,1762
92,female,1981,4709
92,male,1981,1488
93,female,1981,3644
93,male,1981,1099
94,female,1981,2921
94,male,1981,802
95,female,1981,2249
95,male,1981,569
96,female,1981,1679
96,male,1981,420
97,female,1981,1252
97,male,1981,258
98,female,1981,864
98,male,1981,185
99,female,1981,583
99,male,1981,131
100,female,1981,398
100,male,1981,78
101,female,1981,261
101,male,1981,41
102,female,1981,144
102,male,1981,21
103,female,1981,91
103,male,1981,14
104,female,1981,46
104,male,1981,7
105,female,1981,62
105,male,1981,9
0,female,1982,2861
0,male,1982,3914
1,female,1982,210
1,male,1982,287
2,female,1982,140
2,male,1982,149
3,female,1982,75
3,male,1982,121
4,female,1982,60
4,male,1982,95
5,female,1982,52
5,male,1982,77
6,female,1982,55
6,male,1982,75
7,female,1982,48
7,male,1982,77
8,female,1982,58
8,male,1982,85
9,female,1982,40
9,male,1982,77
10,female,1982,74
10,male,1982,82
11,female,1982,62
11,male,1982,101
12,female,1982,63
12,male,1982,97
13,female,1982,70
13,male,1982,119
14,female,1982,84
14,male,1982,147
15,female,1982,97
15,male,1982,163
16,female,1982,128
16,male,1982,228
17,female,1982,111
17,male,1982,423
18,female,1982,115
18,male,1982,452
19,female,1982,137
19,male,1982,403
20,female,1982,147
20,male,1982,405
21,female,1982,131
21,male,1982,330
22,female,1982,136
22,male,1982,319
23,female,1982,113
23,male,1982,322
24,female,1982,145
24,male,1982,292
25,female,1982,146
25,male,1982,276
26,female,1982,134
26,male,1982,307
27,female,1982,135
27,male,1982,254
28,female,1982,142
28,male,1982,285
29,female,1982,145
29,male,1982,287
30,female,1982,175
30,male,1982,315
31,female,1982,186
31,male,1982,310
32,female,1982,227
32,male,1982,348
33,female,1982,223
33,male,1982,340
34,female,1982,268
34,male,1982,400
35,female,1982,312
35,male,1982,468
36,female,1982,299
36,male,1982,363
37,female,1982,288
37,male,1982,459
38,female,1982,313
38,male,1982,455
39,female,1982,364
39,male,1982,501
40,female,1982,369
40,male,1982,520
41,female,1982,382
41,male,1982,602
42,female,1982,398
42,male,1982,648
43,female,1982,456
43,male,1982,683
44,female,1982,527
44,male,1982,827
45,female,1982,573
45,male,1982,905
46,female,1982,634
46,male,1982,1018
47,female,1982,711
47,male,1982,1145
48,female,1982,799
48,male,1982,1185
49,female,1982,922
49,male,1982,1394
50,female,1982,1029
50,male,1982,1572
51,female,1982,1081
51,male,1982,1829
52,female,1982,1293
52,male,1982,2083
53,female,1982,1387
53,male,1982,2362
54,female,1982,1561
54,male,1982,2651
55,female,1982,1762
55,male,1982,3030
56,female,1982,1936
56,male,1982,3264
57,female,1982,2140
57,male,1982,3812
58,female,1982,2345
58,male,1982,4125
59,female,1982,2671
59,male,1982,4589
60,female,1982,3125
60,male,1982,5299
61,female,1982,3591
61,male,1982,5686
62,female,1982,3912
62,male,1982,6468
63,female,1982,3101
63,male,1982,4996
64,female,1982,3168
64,male,1982,5252
65,female,1982,3686
65,male,1982,6205
66,female,1982,4353
66,male,1982,7047
67,female,1982,5130
67,male,1982,8028
68,female,1982,5605
68,male,1982,8704
69,female,1982,5824
69,male,1982,9187
70,female,1982,6469
70,male,1982,9447
71,female,1982,6861
71,male,1982,9811
72,female,1982,7480
72,male,1982,10529
73,female,1982,8152
73,male,1982,10944
74,female,1982,8661
74,male,1982,11177
75,female,1982,9145
75,male,1982,10824
76,female,1982,9584
76,male,1982,10609
77,female,1982,9988
77,male,1982,10575
78,female,1982,10372
78,male,1982,10285
79,female,1982,10777
79,male,1982,9803
80,female,1982,11168
80,male,1982,9222
81,female,1982,11149
81,male,1982,8535
82,female,1982,11489
82,male,1982,7925
83,female,1982,10606
83,male,1982,6389
84,female,1982,10467
84,male,1982,5773
85,female,1982,10342
85,male,1982,5163
86,female,1982,9792
86,male,1982,4590
87,female,1982,8784
87,male,1982,3898
88,female,1982,8214
88,male,1982,3380
89,female,1982,7500
89,male,1982,2844
90,female,1982,6580
90,male,1982,2183
91,female,1982,5465
91,male,1982,1795
92,female,1982,4657
92,male,1982,1468
93,female,1982,3880
93,male,1982,1113
94,female,1982,3152
94,male,1982,874
95,female,1982,2291
95,male,1982,579
96,female,1982,1777
96,male,1982,394
97,female,1982,1310
97,male,1982,278
98,female,1982,929
98,male,1982,174
99,female,1982,587
99,male,1982,105
100,female,1982,444
100,male,1982,61
101,female,1982,244
101,male,1982,41
102,female,1982,160
102,male,1982,22
103,female,1982,71
103,male,1982,17
104,female,1982,46
104,male,1982,9
105,female,1982,62
105,male,1982,6
0,female,1983,2727
0,male,1983,3654
1,female,1983,198
1,male,1983,230
2,female,1983,130
2,male,1983,154
3,female,1983,81
3,male,1983,118
4,female,1983,80
4,male,1983,102
5,female,1983,59
5,male,1983,79
6,female,1983,63
6,male,1983,78
7,female,1983,47
7,male,1983,77
8,female,1983,52
8,male,1983,76
9,female,1983,48
9,male,1983,81
10,female,1983,54
10,male,1983,72
11,female,1983,60
11,male,1983,91
12,female,1983,72
12,male,1983,108
13,female,1983,69
13,male,1983,103
14,female,1983,77
14,male,1983,140
15,female,1983,84
15,male,1983,179
16,female,1983,110
16,male,1983,243
17,female,1983,149
17,male,1983,348
18,female,1983,140
18,male,1983,397
19,female,1983,146
19,male,1983,413
20,female,1983,136
20,male,1983,416
21,female,1983,133
21,male,1983,353
22,female,1983,108
22,male,1983,341
23,female,1983,107
23,male,1983,260
24,female,1983,113
24,male,1983,265
25,female,1983,141
25,male,1983,288
26,female,1983,142
26,male,1983,287
27,female,1983,136
27,male,1983,292
28,female,1983,139
28,male,1983,284
29,female,1983,147
29,male,1983,273
30,female,1983,155
30,male,1983,286
31,female,1983,172
31,male,1983,302
32,female,1983,189
32,male,1983,340
33,female,1983,202
33,male,1983,347
34,female,1983,232
34,male,1983,372
35,female,1983,288
35,male,1983,448
36,female,1983,328
36,male,1983,486
37,female,1983,284
37,male,1983,417
38,female,1983,356
38,male,1983,454
39,female,1983,352
39,male,1983,537
40,female,1983,342
40,male,1983,549
41,female,1983,363
41,male,1983,588
42,female,1983,398
42,male,1983,615
43,female,1983,460
43,male,1983,714
44,female,1983,537
44,male,1983,773
45,female,1983,611
45,male,1983,919
46,female,1983,614
46,male,1983,1021
47,female,1983,713
47,male,1983,1131
48,female,1983,784
48,male,1983,1269
49,female,1983,864
49,male,1983,1387
50,female,1983,957
50,male,1983,1512
51,female,1983,1035
51,male,1983,1694
52,female,1983,1261
52,male,1983,1981
53,female,1983,1444
53,male,1983,2201
54,female,1983,1503
54,male,1983,2517
55,female,1983,1706
55,male,1983,2755
56,female,1983,1818
56,male,1983,3226
57,female,1983,2038
57,male,1983,3671
58,female,1983,2347
58,male,1983,4013
59,female,1983,2538
59,male,1983,4339
60,female,1983,2911
60,male,1983,4842
61,female,1983,3227
61,male,1983,5547
62,female,1983,3726
62,male,1983,6425
63,female,1983,4147
63,male,1983,7154
64,female,1983,3334
64,male,1983,5343
65,female,1983,3265
65,male,1983,5509
66,female,1983,4000
66,male,1983,6448
67,female,1983,4685
67,male,1983,7585
68,female,1983,5352
68,male,1983,8630
69,female,1983,5870
69,male,1983,9060
70,female,1983,6373
70,male,1983,9577
71,female,1983,6621
71,male,1983,9815
72,female,1983,7239
72,male,1983,10166
73,female,1983,7946
73,male,1983,10799
74,female,1983,8562
74,male,1983,11033
75,female,1983,9143
75,male,1983,10947
76,female,1983,9469
76,male,1983,10749
77,female,1983,9701
77,male,1983,10457
78,female,1983,10431
78,male,1983,10397
79,female,1983,10683
79,male,1983,9806
80,female,1983,11024
80,male,1983,9353
81,female,1983,11168
81,male,1983,8693
82,female,1983,11338
82,male,1983,7943
83,female,1983,11389
83,male,1983,7163
84,female,1983,10498
84,male,1983,6023
85,female,1983,10120
85,male,1983,5122
86,female,1983,9783
86,male,1983,4650
87,female,1983,9221
87,male,1983,3950
88,female,1983,8343
88,male,1983,3352
89,female,1983,7546
89,male,1983,2760
90,female,1983,6780
90,male,1983,2354
91,female,1983,5634
91,male,1983,1867
92,female,1983,4724
92,male,1983,1465
93,female,1983,3876
93,male,1983,1130
94,female,1983,3211
94,male,1983,861
95,female,1983,2411
95,male,1983,604
96,female,1983,1827
96,male,1983,423
97,female,1983,1363
97,male,1983,273
98,female,1983,890
98,male,1983,191
99,female,1983,616
99,male,1983,106
100,female,1983,442
100,male,1983,92
101,female,1983,296
101,male,1983,42
102,female,1983,160
102,male,1983,23
103,female,1983,105
103,male,1983,13
104,female,1983,42
104,male,1983,2
105,female,1983,58
105,male,1983,9
0,female,1984,2594
0,male,1984,3443
1,female,1984,201
1,male,1984,259
2,female,1984,103
2,male,1984,140
3,female,1984,81
3,male,1984,135
4,female,1984,69
4,male,1984,76
5,female,1984,66
5,male,1984,80
6,female,1984,48
6,male,1984,70
7,female,1984,52
7,male,1984,60
8,female,1984,41
8,male,1984,71
9,female,1984,53
9,male,1984,67
10,female,1984,46
10,male,1984,84
11,female,1984,50
11,male,1984,83
12,female,1984,63
12,male,1984,97
13,female,1984,72
13,male,1984,97
14,female,1984,71
14,male,1984,140
15,female,1984,104
15,male,1984,169
16,female,1984,105
16,male,1984,216
17,female,1984,137
17,male,1984,337
18,female,1984,108
18,male,1984,353
19,female,1984,121
19,male,1984,409
20,female,1984,131
20,male,1984,402
21,female,1984,128
21,male,1984,360
22,female,1984,120
22,male,1984,343
23,female,1984,124
23,male,1984,323
24,female,1984,118
24,male,1984,300
25,female,1984,141
25,male,1984,280
26,female,1984,142
26,male,1984,287
27,female,1984,147
27,male,1984,292
28,female,1984,143
28,male,1984,323
29,female,1984,157
29,male,1984,273
30,female,1984,141
30,male,1984,264
31,female,1984,162
31,male,1984,285
32,female,1984,174
32,male,1984,320
33,female,1984,225
33,male,1984,344
34,female,1984,244
34,male,1984,365
35,female,1984,261
35,male,1984,411
36,female,1984,269
36,male,1984,425
37,female,1984,328
37,male,1984,540
38,female,1984,323
38,male,1984,463
39,female,1984,386
39,male,1984,500
40,female,1984,368
40,male,1984,544
41,female,1984,384
41,male,1984,589
42,female,1984,405
42,male,1984,612
43,female,1984,450
43,male,1984,643
44,female,1984,484
44,male,1984,785
45,female,1984,573
45,male,1984,915
46,female,1984,634
46,male,1984,983
47,female,1984,686
47,male,1984,1054
48,female,1984,739
48,male,1984,1265
49,female,1984,858
49,male,1984,1372
50,female,1984,865
50,male,1984,1484
51,female,1984,1043
51,male,1984,1625
52,female,1984,1140
52,male,1984,1819
53,female,1984,1307
53,male,1984,2184
54,female,1984,1498
54,male,1984,2412
55,female,1984,1599
55,male,1984,2693
56,female,1984,1799
56,male,1984,2966
57,female,1984,2040
57,male,1984,3321
58,female,1984,2259
58,male,1984,3802
59,female,1984,2482
59,male,1984,4282
60,female,1984,2757
60,male,1984,4652
61,female,1984,3030
61,male,1984,5242
62,female,1984,3514
62,male,1984,5928
63,female,1984,3968
63,male,1984,6820
64,female,1984,4316
64,male,1984,7198
65,female,1984,3442
65,male,1984,5473
66,female,1984,3574
66,male,1984,5756
67,female,1984,4223
67,male,1984,6703
68,female,1984,4883
68,male,1984,7869
69,female,1984,5746
69,male,1984,8488
70,female,1984,6415
70,male,1984,9198
71,female,1984,6633
71,male,1984,9426
72,female,1984,7003
72,male,1984,9946
73,female,1984,7581
73,male,1984,10202
74,female,1984,8313
74,male,1984,10667
75,female,1984,8843
75,male,1984,10744
76,female,1984,9326
76,male,1984,10585
77,female,1984,9675
77,male,1984,10389
78,female,1984,10118
78,male,1984,10012
79,female,1984,10498
79,male,1984,9713
80,female,1984,10817
80,male,1984,9465
81,female,1984,10844
81,male,1984,8622
82,female,1984,10848
82,male,1984,7967
83,female,1984,10933
83,male,1984,7210
84,female,1984,10842
84,male,1984,6276
85,female,1984,10001
85,male,1984,5226
86,female,1984,9488
86,male,1984,4482
87,female,1984,9047
87,male,1984,3943
88,female,1984,8292
88,male,1984,3254
89,female,1984,7284
89,male,1984,2691
90,female,1984,6666
90,male,1984,2288
91,female,1984,5743
91,male,1984,1885
92,female,1984,4743
92,male,1984,1483
93,female,1984,3938
93,male,1984,1084
94,female,1984,3107
94,male,1984,849
95,female,1984,2457
95,male,1984,606
96,female,1984,1904
96,male,1984,388
97,female,1984,1272
97,male,1984,278
98,female,1984,954
98,male,1984,176
99,female,1984,671
99,male,1984,134
100,female,1984,432
100,male,1984,94
101,female,1984,313
101,male,1984,53
102,female,1984,175
102,male,1984,26
103,female,1984,103
103,male,1984,17
104,female,1984,55
104,male,1984,3
105,female,1984,75
105,male,1984,10
0,female,1985,2631
0,male,1985,3510
1,female,1985,238
1,male,1985,250
2,female,1985,112
2,male,1985,166
3,female,1985,86
3,male,1985,126
4,female,1985,61
4,male,1985,96
5,female,1985,56
5,male,1985,83
6,female,1985,58
6,male,1985,56
7,female,1985,41
7,male,1985,79
8,female,1985,44
8,male,1985,56
9,female,1985,61
9,male,1985,54
10,female,1985,48
10,male,1985,67
11,female,1985,53
11,male,1985,99
12,female,1985,67
12,male,1985,84
13,female,1985,68
13,male,1985,114
14,female,1985,72
14,male,1985,139
15,female,1985,83
15,male,1985,145
16,female,1985,94
16,male,1985,211
17,female,1985,135
17,male,1985,316
18,female,1985,111
18,male,1985,358
19,female,1985,121
19,male,1985,344
20,female,1985,131
20,male,1985,404
21,female,1985,127
21,male,1985,386
22,female,1985,128
22,male,1985,348
23,female,1985,127
23,male,1985,313
24,female,1985,117
24,male,1985,287
25,female,1985,114
25,male,1985,281
26,female,1985,135
26,male,1985,279
27,female,1985,115
27,male,1985,272
28,female,1985,151
28,male,1985,301
29,female,1985,134
29,male,1985,272
30,female,1985,173
30,male,1985,289
31,female,1985,184
31,male,1985,284
32,female,1985,182
32,male,1985,321
33,female,1985,194
33,male,1985,322
34,female,1985,201
34,male,1985,332
35,female,1985,274
35,male,1985,398
36,female,1985,296
36,male,1985,459
37,female,1985,308
37,male,1985,492
38,female,1985,390
38,male,1985,511
39,female,1985,360
39,male,1985,558
40,female,1985,400
40,male,1985,637
41,female,1985,411
41,male,1985,631
42,female,1985,439
42,male,1985,670
43,female,1985,443
43,male,1985,709
44,female,1985,482
44,male,1985,711
45,female,1985,553
45,male,1985,896
46,female,1985,572
46,male,1985,1015
47,female,1985,715
47,male,1985,1035
48,female,1985,777
48,male,1985,1195
49,female,1985,847
49,male,1985,1291
50,female,1985,908
50,male,1985,1429
51,female,1985,953
51,male,1985,1591
52,female,1985,1132
52,male,1985,1839
53,female,1985,1208
53,male,1985,2104
54,female,1985,1446
54,male,1985,2443
55,female,1985,1639
55,male,1985,2578
56,female,1985,1809
56,male,1985,2938
57,female,1985,1930
57,male,1985,3219
58,female,1985,2185
58,male,1985,3799
59,female,1985,2442
59,male,1985,4154
60,female,1985,2774
60,male,1985,4672
61,female,1985,3062
61,male,1985,5144
62,female,1985,3506
62,male,1985,5508
63,female,1985,3881
63,male,1985,6352
64,female,1985,4436
64,male,1985,7340
65,female,1985,4836
65,male,1985,7941
66,female,1985,3748
66,male,1985,5806
67,female,1985,3889
67,male,1985,5977
68,female,1985,4594
68,male,1985,7283
69,female,1985,5417
69,male,1985,8141
70,female,1985,6362
70,male,1985,9412
71,female,1985,6732
71,male,1985,9882
72,female,1985,7570
72,male,1985,10239
73,female,1985,7884
73,male,1985,10378
74,female,1985,8253
74,male,1985,10636
75,female,1985,9253
75,male,1985,11081
76,female,1985,9742
76,male,1985,11391
77,female,1985,10053
77,male,1985,11091
78,female,1985,10368
78,male,1985,10541
79,female,1985,10795
79,male,1985,10340
80,female,1985,11523
80,male,1985,9922
81,female,1985,11585
81,male,1985,9245
82,female,1985,11646
82,male,1985,8785
83,female,1985,11555
83,male,1985,7930
84,female,1985,11579
84,male,1985,7036
85,female,1985,11236
85,male,1985,6097
86,female,1985,10424
86,male,1985,4952
87,female,1985,9635
87,male,1985,4052
88,female,1985,8920
88,male,1985,3592
89,female,1985,8052
89,male,1985,3017
90,female,1985,7299
90,male,1985,2461
91,female,1985,6026
91,male,1985,2001
92,female,1985,5395
92,male,1985,1631
93,female,1985,4435
93,male,1985,1224
94,female,1985,3347
94,male,1985,938
95,female,1985,2688
95,male,1985,635
96,female,1985,2061
96,male,1985,471
97,female,1985,1444
97,male,1985,328
98,female,1985,1019
98,male,1985,198
99,female,1985,722
99,male,1985,131
100,female,1985,497
100,male,1985,78
101,female,1985,328
101,male,1985,48
102,female,1985,202
102,male,1985,28
103,female,1985,112
103,male,1985,14
104,female,1985,73
104,male,1985,7
105,female,1985,77
105,male,1985,5
0,female,1986,2589
0,male,1986,3724
1,female,1986,213
1,male,1986,224
2,female,1986,115
2,male,1986,144
3,female,1986,79
3,male,1986,121
4,female,1986,84
4,male,1986,84
5,female,1986,54
5,male,1986,79
6,female,1986,62
6,male,1986,66
7,female,1986,48
7,male,1986,74
8,female,1986,39
8,male,1986,59
9,female,1986,45
9,male,1986,47
10,female,1986,42
10,male,1986,56
11,female,1986,49
11,male,1986,63
12,female,1986,54
12,male,1986,63
13,female,1986,61
13,male,1986,87
14,female,1986,66
14,male,1986,111
15,female,1986,84
15,male,1986,173
16,female,1986,97
16,male,1986,197
17,female,1986,109
17,male,1986,310
18,female,1986,138
18,male,1986,385
19,female,1986,134
19,male,1986,364
20,female,1986,138
20,male,1986,357
21,female,1986,120
21,male,1986,368
22,female,1986,150
22,male,1986,368
23,female,1986,153
23,male,1986,343
24,female,1986,113
24,male,1986,310
25,female,1986,128
25,male,1986,296
26,female,1986,137
26,male,1986,305
27,female,1986,136
27,male,1986,309
28,female,1986,137
28,male,1986,306
29,female,1986,157
29,male,1986,284
30,female,1986,179
30,male,1986,294
31,female,1986,169
31,male,1986,287
32,female,1986,183
32,male,1986,342
33,female,1986,190
33,male,1986,318
34,female,1986,230
34,male,1986,363
35,female,1986,233
35,male,1986,346
36,female,1986,250
36,male,1986,425
37,female,1986,292
37,male,1986,500
38,female,1986,376
38,male,1986,543
39,female,1986,432
39,male,1986,593
40,female,1986,407
40,male,1986,602
41,female,1986,398
41,male,1986,609
42,female,1986,467
42,male,1986,675
43,female,1986,482
43,male,1986,736
44,female,1986,497
44,male,1986,738
45,female,1986,555
45,male,1986,838
46,female,1986,626
46,male,1986,977
47,female,1986,669
47,male,1986,1064
48,female,1986,713
48,male,1986,1167
49,female,1986,849
49,male,1986,1306
50,female,1986,903
50,male,1986,1456
51,female,1986,958
51,male,1986,1632
52,female,1986,1040
52,male,1986,1730
53,female,1986,1185
53,male,1986,1964
54,female,1986,1263
54,male,1986,2236
55,female,1986,1538
55,male,1986,2480
56,female,1986,1726
56,male,1986,2889
57,female,1986,1755
57,male,1986,3105
58,female,1986,2107
58,male,1986,3434
59,female,1986,2344
59,male,1986,4149
60,female,1986,2623
60,male,1986,4591
61,female,1986,2829
61,male,1986,5066
62,female,1986,3203
62,male,1986,5483
63,female,1986,3580
63,male,1986,5863
64,female,1986,4080
64,male,1986,6577
65,female,1986,4615
65,male,1986,7528
66,female,1986,5125
66,male,1986,8063
67,female,1986,3993
67,male,1986,6270
68,female,1986,4094
68,male,1986,6325
69,female,1986,5014
69,male,1986,7488
70,female,1986,5572
70,male,1986,8472
71,female,1986,6590
71,male,1986,9303
72,female,1986,7337
72,male,1986,10113
73,female,1986,7701
73,male,1986,10292
74,female,1986,8319
74,male,1986,10583
75,female,1986,8762
75,male,1986,10601
76,female,1986,9270
76,male,1986,11167
77,female,1986,9944
77,male,1986,11028
78,female,1986,10362
78,male,1986,10781
79,female,1986,10982
79,male,1986,10264
80,female,1986,11104
80,male,1986,9787
81,female,1986,11583
81,male,1986,9209
82,female,1986,11585
82,male,1986,8595
83,female,1986,11601
83,male,1986,7785
84,female,1986,11270
84,male,1986,6984
85,female,1986,10968
85,male,1986,6225
86,female,1986,10591
86,male,1986,5427
87,female,1986,9543
87,male,1986,4096
88,female,1986,8751
88,male,1986,3621
89,female,1986,8112
89,male,1986,2957
90,female,1986,7262
90,male,1986,2394
91,female,1986,6053
91,male,1986,1944
92,female,1986,5097
92,male,1986,1512
93,female,1986,4469
93,male,1986,1220
94,female,1986,3485
94,male,1986,884
95,female,1986,2721
95,male,1986,652
96,female,1986,2038
96,male,1986,467
97,female,1986,1507
97,male,1986,302
98,female,1986,1037
98,male,1986,207
99,female,1986,728
99,male,1986,115
100,female,1986,512
100,male,1986,71
101,female,1986,304
101,male,1986,58
102,female,1986,211
102,male,1986,21
103,female,1986,107
103,male,1986,15
104,female,1986,68
104,male,1986,7
105,female,1986,60
105,male,1986,6
0,female,1987,2635
0,male,1987,3637
1,female,1987,213
1,male,1987,234
2,female,1987,120
2,male,1987,154
3,female,1987,89
3,male,1987,98
4,female,1987,67
4,male,1987,92
5,female,1987,58
5,male,1987,77
6,female,1987,53
6,male,1987,73
7,female,1987,44
7,male,1987,49
8,female,1987,34
8,male,1987,61
9,female,1987,48
9,male,1987,49
10,female,1987,38
10,male,1987,45
11,female,1987,40
11,male,1987,65
12,female,1987,45
12,male,1987,74
13,female,1987,55
13,male,1987,103
14,female,1987,68
14,male,1987,117
15,female,1987,72
15,male,1987,144
16,female,1987,88
16,male,1987,199
17,female,1987,111
17,male,1987,309
18,female,1987,134
18,male,1987,354
19,female,1987,120
19,male,1987,383
20,female,1987,128
20,male,1987,361
21,female,1987,118
21,male,1987,407
22,female,1987,116
22,male,1987,362
23,female,1987,134
23,male,1987,344
24,female,1987,143
24,male,1987,337
25,female,1987,142
25,male,1987,316
26,female,1987,138
26,male,1987,330
27,female,1987,136
27,male,1987,312
28,female,1987,141
28,male,1987,286
29,female,1987,160
29,male,1987,262
30,female,1987,159
30,male,1987,330
31,female,1987,183
31,male,1987,337
32,female,1987,197
32,male,1987,322
33,female,1987,223
33,male,1987,355
34,female,1987,229
34,male,1987,368
35,female,1987,240
35,male,1987,377
36,female,1987,270
36,male,1987,417
37,female,1987,312
37,male,1987,431
38,female,1987,301
38,male,1987,485
39,female,1987,415
39,male,1987,565
40,female,1987,474
40,male,1987,624
41,female,1987,419
41,male,1987,645
42,female,1987,436
42,male,1987,721
43,female,1987,519
43,male,1987,741
44,female,1987,511
44,male,1987,817
45,female,1987,562
45,male,1987,811
46,female,1987,598
46,male,1987,911
47,female,1987,677
47,male,1987,1043
48,female,1987,739
48,male,1987,1081
49,female,1987,805
49,male,1987,1257
50,female,1987,893
50,male,1987,1439
51,female,1987,941
51,male,1987,1566
52,female,1987,1107
52,male,1987,1670
53,female,1987,1165
53,male,1987,1800
54,female,1987,1287
54,male,1987,2100
55,female,1987,1399
55,male,1987,2463
56,female,1987,1701
56,male,1987,2786
57,female,1987,1763
57,male,1987,3190
58,female,1987,2050
58,male,1987,3429
59,female,1987,2224
59,male,1987,3750
60,female,1987,2564
60,male,1987,4101
61,female,1987,2905
61,male,1987,4807
62,female,1987,3141
62,male,1987,5146
63,female,1987,3442
63,male,1987,5529
64,female,1987,3811
64,male,1987,6166
65,female,1987,4394
65,male,1987,6947
66,female,1987,4876
66,male,1987,7785
67,female,1987,5410
67,male,1987,8509
68,female,1987,4126
68,male,1987,6415
69,female,1987,4335
69,male,1987,6507
70,female,1987,5158
70,male,1987,7495
71,female,1987,5990
71,male,1987,8579
72,female,1987,6917
72,male,1987,9558
73,female,1987,7565
73,male,1987,10039
74,female,1987,8087
74,male,1987,10187
75,female,1987,8411
75,male,1987,10467
76,female,1987,8913
76,male,1987,10516
77,female,1987,9470
77,male,1987,10544
78,female,1987,10130
78,male,1987,10223
79,female,1987,10689
79,male,1987,10243
80,female,1987,10853
80,male,1987,9757
81,female,1987,11021
81,male,1987,9008
82,female,1987,11384
82,male,1987,8353
83,female,1987,11223
83,male,1987,7929
84,female,1987,11260
84,male,1987,7020
85,female,1987,10636
85,male,1987,6148
86,female,1987,10446
86,male,1987,5290
87,female,1987,9749
87,male,1987,4431
88,female,1987,8390
88,male,1987,3422
89,female,1987,7862
89,male,1987,2924
90,female,1987,7010
90,male,1987,2360
91,female,1987,5933
91,male,1987,1896
92,female,1987,5291
92,male,1987,1456
93,female,1987,4229
93,male,1987,1139
94,female,1987,3519
94,male,1987,892
95,female,1987,2610
95,male,1987,653
96,female,1987,2110
96,male,1987,453
97,female,1987,1472
97,male,1987,300
98,female,1987,1068
98,male,1987,213
99,female,1987,728
99,male,1987,99
100,female,1987,531
100,male,1987,86
101,female,1987,335
101,male,1987,47
102,female,1987,207
102,male,1987,33
103,female,1987,135
103,male,1987,18
104,female,1987,104
104,male,1987,14
105,female,1987,90
105,male,1987,8
0,female,1988,2621
0,male,1988,3649
1,female,1988,198
1,male,1988,250
2,female,1988,126
2,male,1988,146
3,female,1988,103
3,male,1988,113
4,female,1988,71
4,male,1988,78
5,female,1988,48
5,male,1988,73
6,female,1988,51
6,male,1988,71
7,female,1988,55
7,male,1988,74
8,female,1988,46
8,male,1988,90
9,female,1988,32
9,male,1988,66
10,female,1988,33
10,male,1988,64
11,female,1988,36
11,male,1988,68
12,female,1988,41
12,male,1988,57
13,female,1988,49
13,male,1988,106
14,female,1988,59
14,male,1988,107
15,female,1988,92
15,male,1988,125
16,female,1988,85
16,male,1988,188
17,female,1988,120
17,male,1988,314
18,female,1988,125
18,male,1988,330
19,female,1988,120
19,male,1988,322
20,female,1988,137
20,male,1988,378
21,female,1988,131
21,male,1988,360
22,female,1988,116
22,male,1988,364
23,female,1988,134
23,male,1988,370
24,female,1988,132
24,male,1988,330
25,female,1988,134
25,male,1988,334
26,female,1988,133
26,male,1988,319
27,female,1988,150
27,male,1988,317
28,female,1988,140
28,male,1988,335
29,female,1988,139
29,male,1988,309
30,female,1988,154
30,male,1988,323
31,female,1988,204
31,male,1988,315
32,female,1988,183
32,male,1988,351
33,female,1988,179
33,male,1988,382
34,female,1988,254
34,male,1988,382
35,female,1988,259
35,male,1988,381
36,female,1988,252
36,male,1988,406
37,female,1988,313
37,male,1988,408
38,female,1988,330
38,male,1988,464
39,female,1988,354
39,male,1988,560
40,female,1988,442
40,male,1988,631
41,female,1988,553
41,male,1988,759
42,female,1988,482
42,male,1988,648
43,female,1988,505
43,male,1988,765
44,female,1988,535
44,male,1988,833
45,female,1988,584
45,male,1988,883
46,female,1988,615
46,male,1988,926
47,female,1988,634
47,male,1988,968
48,female,1988,759
48,male,1988,1156
49,female,1988,755
49,male,1988,1259
50,female,1988,851
50,male,1988,1427
51,female,1988,952
51,male,1988,1491
52,female,1988,992
52,male,1988,1658
53,female,1988,1131
53,male,1988,1900
54,female,1988,1175
54,male,1988,2033
55,female,1988,1364
55,male,1988,2276
56,female,1988,1531
56,male,1988,2620
57,female,1988,1767
57,male,1988,2948
58,female,1988,1975
58,male,1988,3175
59,female,1988,2185
59,male,1988,3564
60,female,1988,2328
60,male,1988,3999
61,female,1988,2751
61,male,1988,4594
62,female,1988,3135
62,male,1988,5016
63,female,1988,3413
63,male,1988,5498
64,female,1988,3655
64,male,1988,6101
65,female,1988,4077
65,male,1988,6527
66,female,1988,4665
66,male,1988,7405
67,female,1988,5175
67,male,1988,8155
68,female,1988,5833
68,male,1988,8818
69,female,1988,4628
69,male,1988,6622
70,female,1988,4623
70,male,1988,6709
71,female,1988,5653
71,male,1988,7523
72,female,1988,6272
72,male,1988,8944
73,female,1988,7459
73,male,1988,9893
74,female,1988,8182
74,male,1988,10274
75,female,1988,8429
75,male,1988,10390
76,female,1988,8979
76,male,1988,10462
77,female,1988,9342
77,male,1988,10396
78,female,1988,9872
78,male,1988,10401
79,female,1988,10542
79,male,1988,10335
80,female,1988,10896
80,male,1988,10111
81,female,1988,11200
81,male,1988,9386
82,female,1988,11490
82,male,1988,8528
83,female,1988,11633
83,male,1988,8036
84,female,1988,11283
84,male,1988,7261
85,female,1988,11240
85,male,1988,6527
86,female,1988,10718
86,male,1988,5594
87,female,1988,10080
87,male,1988,4784
88,female,1988,9319
88,male,1988,3849
89,female,1988,8234
89,male,1988,3067
90,female,1988,7339
90,male,1988,2428
91,female,1988,6396
91,male,1988,1899
92,female,1988,5560
92,male,1988,1581
93,female,1988,4565
93,male,1988,1232
94,female,1988,3574
94,male,1988,904
95,female,1988,2836
95,male,1988,681
96,female,1988,2203
96,male,1988,470
97,female,1988,1686
97,male,1988,327
98,female,1988,1121
98,male,1988,236
99,female,1988,843
99,male,1988,156
100,female,1988,598
100,male,1988,88
101,female,1988,373
101,male,1988,51
102,female,1988,224
102,male,1988,31
103,female,1988,126
103,male,1988,15
104,female,1988,97
104,male,1988,14
105,female,1988,104
105,male,1988,14
0,female,1989,2440
0,male,1989,3368
1,female,1989,187
1,male,1989,245
2,female,1989,112
2,male,1989,156
3,female,1989,90
3,male,1989,118
4,female,1989,83
4,male,1989,87
5,female,1989,64
5,male,1989,89
6,female,1989,52
6,male,1989,72
7,female,1989,44
7,male,1989,85
8,female,1989,37
8,male,1989,64
9,female,1989,44
9,male,1989,61
10,female,1989,36
10,male,1989,64
11,female,1989,32
11,male,1989,56
12,female,1989,47
12,male,1989,67
13,female,1989,47
13,male,1989,62
14,female,1989,64
14,male,1989,88
15,female,1989,60
15,male,1989,130
16,female,1989,95
16,male,1989,187
17,female,1989,107
17,male,1989,319
18,female,1989,139
18,male,1989,344
19,female,1989,130
19,male,1989,345
20,female,1989,114
20,male,1989,343
21,female,1989,132
21,male,1989,346
22,female,1989,123
22,male,1989,356
23,female,1989,137
23,male,1989,347
24,female,1989,144
24,male,1989,390
25,female,1989,143
25,male,1989,371
26,female,1989,124
26,male,1989,324
27,female,1989,126
27,male,1989,333
28,female,1989,161
28,male,1989,336
29,female,1989,177
29,male,1989,328
30,female,1989,160
30,male,1989,321
31,female,1989,190
31,male,1989,336
32,female,1989,178
32,male,1989,326
33,female,1989,201
33,male,1989,368
34,female,1989,218
34,male,1989,337
35,female,1989,236
35,male,1989,400
36,female,1989,268
36,male,1989,454
37,female,1989,293
37,male,1989,466
38,female,1989,303
38,male,1989,492
39,female,1989,335
39,male,1989,531
40,female,1989,396
40,male,1989,599
41,female,1989,453
41,male,1989,663
42,female,1989,545
42,male,1989,787
43,female,1989,524
43,male,1989,716
44,female,1989,572
44,male,1989,839
45,female,1989,585
45,male,1989,920
46,female,1989,569
46,male,1989,970
47,female,1989,648
47,male,1989,1047
48,female,1989,701
48,male,1989,1035
49,female,1989,782
49,male,1989,1211
50,female,1989,867
50,male,1989,1333
51,female,1989,962
51,male,1989,1459
52,female,1989,1025
52,male,1989,1605
53,female,1989,1086
53,male,1989,1829
54,female,1989,1181
54,male,1989,1998
55,female,1989,1380
55,male,1989,2047
56,female,1989,1508
56,male,1989,2431
57,female,1989,1704
57,male,1989,2777
58,female,1989,1791
58,male,1989,3113
59,female,1989,2183
59,male,1989,3476
60,female,1989,2401
60,male,1989,3841
61,female,1989,2553
61,male,1989,4328
62,female,1989,2875
62,male,1989,4751
63,female,1989,3288
63,male,1989,5163
64,female,1989,3653
64,male,1989,5753
65,female,1989,4005
65,male,1989,6294
66,female,1989,4375
66,male,1989,6820
67,female,1989,5068
67,male,1989,7747
68,female,1989,5661
68,male,1989,8333
69,female,1989,6209
69,male,1989,9147
70,female,1989,4942
70,male,1989,6967
71,female,1989,4996
71,male,1989,6878
72,female,1989,5966
72,male,1989,7900
73,female,1989,6867
73,male,1989,8923
74,female,1989,7843
74,male,1989,10003
75,female,1989,8554
75,male,1989,10393
76,female,1989,9111
76,male,1989,10509
77,female,1989,9414
77,male,1989,10581
78,female,1989,9915
78,male,1989,10310
79,female,1989,10780
79,male,1989,10382
80,female,1989,11446
80,male,1989,10153
81,female,1989,11605
81,male,1989,9695
82,female,1989,11771
82,male,1989,9050
83,female,1989,11696
83,male,1989,8295
84,female,1989,11708
84,male,1989,7659
85,female,1989,11421
85,male,1989,7048
86,female,1989,11078
86,male,1989,6074
87,female,1989,10418
87,male,1989,5115
88,female,1989,9692
88,male,1989,4346
89,female,1989,9037
89,male,1989,3517
90,female,1989,7656
90,male,1989,2692
91,female,1989,6816
91,male,1989,2142
92,female,1989,5835
92,male,1989,1676
93,female,1989,4917
93,male,1989,1306
94,female,1989,3982
94,male,1989,954
95,female,1989,3075
95,male,1989,673
96,female,1989,2367
96,male,1989,549
97,female,1989,1691
97,male,1989,340
98,female,1989,1218
98,male,1989,227
99,female,1989,893
99,male,1989,156
100,female,1989,642
100,male,1989,104
101,female,1989,404
101,male,1989,60
102,female,1989,251
102,male,1989,28
103,female,1989,159
103,male,1989,18
104,female,1989,78
104,male,1989,8
105,female,1989,115
105,male,1989,15
0,female,1990,2357
0,male,1990,3207
1,female,1990,200
1,male,1990,239
2,female,1990,86
2,male,1990,153
3,female,1990,88
3,male,1990,113
4,female,1990,60
4,male,1990,88
5,female,1990,43
5,male,1990,77
6,female,1990,50
6,male,1990,77
7,female,1990,41
7,male,1990,51
8,female,1990,41
8,male,1990,66
9,female,1990,45
9,male,1990,62
10,female,1990,35
10,male,1990,62
11,female,1990,57
11,male,1990,62
12,female,1990,46
12,male,1990,50
13,female,1990,38
13,male,1990,71
14,female,1990,54
14,male,1990,93
15,female,1990,66
15,male,1990,136
16,female,1990,93
16,male,1990,190
17,female,1990,99
17,male,1990,308
18,female,1990,99
18,male,1990,336
19,female,1990,115
19,male,1990,325
20,female,1990,108
20,male,1990,372
21,female,1990,134
21,male,1990,362
22,female,1990,122
22,male,1990,388
23,female,1990,115
23,male,1990,400
24,female,1990,137
24,male,1990,367
25,female,1990,141
25,male,1990,385
26,female,1990,161
26,male,1990,402
27,female,1990,152
27,male,1990,377
28,female,1990,160
28,male,1990,376
29,female,1990,159
29,male,1990,387
30,female,1990,156
30,male,1990,346
31,female,1990,179
31,male,1990,365
32,female,1990,196
32,male,1990,381
33,female,1990,192
33,male,1990,344
34,female,1990,206
34,male,1990,351
35,female,1990,237
35,male,1990,386
36,female,1990,263
36,male,1990,433
37,female,1990,286
37,male,1990,474
38,female,1990,300
38,male,1990,489
39,female,1990,345
39,male,1990,528
40,female,1990,355
40,male,1990,549
41,female,1990,451
41,male,1990,701
42,female,1990,536
42,male,1990,810
43,female,1990,557
43,male,1990,915
44,female,1990,545
44,male,1990,775
45,female,1990,607
45,male,1990,944
46,female,1990,631
46,male,1990,1013
47,female,1990,683
47,male,1990,1086
48,female,1990,724
48,male,1990,1039
49,female,1990,711
49,male,1990,1109
50,female,1990,856
50,male,1990,1328
51,female,1990,928
51,male,1990,1519
52,female,1990,996
52,male,1990,1580
53,female,1990,1064
53,male,1990,1786
54,female,1990,1137
54,male,1990,1938
55,female,1990,1283
55,male,1990,2182
56,female,1990,1425
56,male,1990,2423
57,female,1990,1638
57,male,1990,2622
58,female,1990,1801
58,male,1990,2978
59,female,1990,2042
59,male,1990,3283
60,female,1990,2314
60,male,1990,3750
61,female,1990,2533
61,male,1990,4094
62,female,1990,2755
62,male,1990,4453
63,female,1990,3107
63,male,1990,4980
64,female,1990,3613
64,male,1990,5640
65,female,1990,3842
65,male,1990,6196
66,female,1990,4093
66,male,1990,6458
67,female,1990,4696
67,male,1990,7221
68,female,1990,5100
68,male,1990,7966
69,female,1990,6019
69,male,1990,9053
70,female,1990,6471
70,male,1990,9311
71,female,1990,4941
71,male,1990,7075
72,female,1990,5208
72,male,1990,7058
73,female,1990,6296
73,male,1990,8148
74,female,1990,7104
74,male,1990,9118
75,female,1990,8200
75,male,1990,9941
76,female,1990,8723
76,male,1990,10356
77,female,1990,9289
77,male,1990,10296
78,female,1990,9674
78,male,1990,10203
79,female,1990,10221
79,male,1990,10203
80,female,1990,10679
80,male,1990,10033
81,female,1990,11236
81,male,1990,9451
82,female,1990,11500
82,male,1990,8986
83,female,1990,11641
83,male,1990,8412
84,female,1990,11277
84,male,1990,7658
85,female,1990,11289
85,male,1990,6867
86,female,1990,10971
86,male,1990,6130
87,female,1990,10339
87,male,1990,5222
88,female,1990,9376
88,male,1990,4206
89,female,1990,8667
89,male,1990,3485
90,female,1990,7739
90,male,1990,2769
91,female,1990,6719
91,male,1990,2172
92,female,1990,5753
92,male,1990,1683
93,female,1990,4777
93,male,1990,1255
94,female,1990,3865
94,male,1990,981
95,female,1990,3129
95,male,1990,736
96,female,1990,2417
96,male,1990,523
97,female,1990,1752
97,male,1990,380
98,female,1990,1215
98,male,1990,218
99,female,1990,939
99,male,1990,151
100,female,1990,571
100,male,1990,100
101,female,1990,416
101,male,1990,51
102,female,1990,258
102,male,1990,40
103,female,1990,156
103,male,1990,21
104,female,1990,97
104,male,1990,9
105,female,1990,101
105,male,1990,18
0,female,1991,2192
0,male,1991,2966
1,female,1991,188
1,male,1991,231
2,female,1991,117
2,male,1991,132
3,female,1991,66
3,male,1991,116
4,female,1991,68
4,male,1991,75
5,female,1991,57
5,male,1991,80
6,female,1991,51
6,male,1991,64
7,female,1991,49
7,male,1991,67
8,female,1991,43
8,male,1991,64
9,female,1991,48
9,male,1991,66
10,female,1991,44
10,male,1991,62
11,female,1991,45
11,male,1991,63
12,female,1991,41
12,male,1991,60
13,female,1991,34
13,male,1991,79
14,female,1991,58
14,male,1991,90
15,female,1991,64
15,male,1991,133
16,female,1991,71
16,male,1991,178
17,female,1991,114
17,male,1991,245
18,female,1991,94
18,male,1991,329
19,female,1991,119
19,male,1991,323
20,female,1991,112
20,male,1991,322
21,female,1991,116
21,male,1991,335
22,female,1991,141
22,male,1991,348
23,female,1991,145
23,male,1991,389
24,female,1991,130
24,male,1991,366
25,female,1991,140
25,male,1991,367
26,female,1991,143
26,male,1991,388
27,female,1991,160
27,male,1991,348
28,female,1991,162
28,male,1991,346
29,female,1991,148
29,male,1991,365
30,female,1991,160
30,male,1991,373
31,female,1991,166
31,male,1991,379
32,female,1991,215
32,male,1991,374
33,female,1991,200
33,male,1991,366
34,female,1991,235
34,male,1991,381
35,female,1991,231
35,male,1991,400
36,female,1991,234
36,male,1991,425
37,female,1991,275
37,male,1991,489
38,female,1991,294
38,male,1991,488
39,female,1991,331
39,male,1991,579
40,female,1991,342
40,male,1991,559
41,female,1991,371
41,male,1991,630
42,female,1991,468
42,male,1991,771
43,female,1991,509
43,male,1991,855
44,female,1991,648
44,male,1991,964
45,female,1991,608
45,male,1991,876
46,female,1991,638
46,male,1991,1093
47,female,1991,719
47,male,1991,968
48,female,1991,758
48,male,1991,1159
49,female,1991,740
49,male,1991,1166
50,female,1991,748
50,male,1991,1246
51,female,1991,927
51,male,1991,1432
52,female,1991,1024
52,male,1991,1642
53,female,1991,1057
53,male,1991,1789
54,female,1991,1150
54,male,1991,1945
55,female,1991,1322
55,male,1991,2125
56,female,1991,1387
56,male,1991,2265
57,female,1991,1429
57,male,1991,2517
58,female,1991,1606
58,male,1991,2763
59,female,1991,1944
59,male,1991,3217
60,female,1991,2273
60,male,1991,3563
61,female,1991,2583
61,male,1991,3951
62,female,1991,2610
62,male,1991,4189
63,female,1991,2890
63,male,1991,4868
64,female,1991,3259
64,male,1991,5395
65,female,1991,3750
65,male,1991,6011
66,female,1991,4015
66,male,1991,6448
67,female,1991,4495
67,male,1991,7009
68,female,1991,4957
68,male,1991,7365
69,female,1991,5618
69,male,1991,8294
70,female,1991,6479
70,male,1991,9285
71,female,1991,6896
71,male,1991,9850
72,female,1991,5540
72,male,1991,7437
73,female,1991,5767
73,male,1991,7180
74,female,1991,6639
74,male,1991,8348
75,female,1991,7539
75,male,1991,9167
76,female,1991,8627
76,male,1991,10074
77,female,1991,9499
77,male,1991,10465
78,female,1991,9944
78,male,1991,10297
79,female,1991,10303
79,male,1991,10234
80,female,1991,10900
80,male,1991,9880
81,female,1991,11263
81,male,1991,9709
82,female,1991,11729
82,male,1991,9258
83,female,1991,11713
83,male,1991,8635
84,female,1991,11751
84,male,1991,8096
85,female,1991,11596
85,male,1991,6969
86,female,1991,11401
86,male,1991,6242
87,female,1991,10784
87,male,1991,5572
88,female,1991,10032
88,male,1991,4689
89,female,1991,9062
89,male,1991,3866
90,female,1991,8362
90,male,1991,3141
91,female,1991,7398
91,male,1991,2346
92,female,1991,6165
92,male,1991,1759
93,female,1991,5109
93,male,1991,1400
94,female,1991,4171
94,male,1991,1042
95,female,1991,3273
95,male,1991,742
96,female,1991,2569
96,male,1991,548
97,female,1991,1834
97,male,1991,354
98,female,1991,1298
98,male,1991,255
99,female,1991,972
99,male,1991,179
100,female,1991,657
100,male,1991,91
101,female,1991,394
101,male,1991,59
102,female,1991,272
102,male,1991,44
103,female,1991,169
103,male,1991,22
104,female,1991,92
104,male,1991,12
105,female,1991,117
105,male,1991,9
0,female,1992,1933
0,male,1992,2606
1,female,1992,167
1,male,1992,191
2,female,1992,97
2,male,1992,118
3,female,1992,73
3,male,1992,90
4,female,1992,50
4,male,1992,88
5,female,1992,38
5,male,1992,72
6,female,1992,50
6,male,1992,60
7,female,1992,39
7,male,1992,68
8,female,1992,41
8,male,1992,50
9,female,1992,46
9,male,1992,52
10,female,1992,34
10,male,1992,55
11,female,1992,30
11,male,1992,54
12,female,1992,40
12,male,1992,75
13,female,1992,36
13,male,1992,62
14,female,1992,59
14,male,1992,76
15,female,1992,57
15,male,1992,97
16,female,1992,68
16,male,1992,128
17,female,1992,95
17,male,1992,205
18,female,1992,104
18,male,1992,257
19,female,1992,108
19,male,1992,282
20,female,1992,120
20,male,1992,285
21,female,1992,127
21,male,1992,333
22,female,1992,121
22,male,1992,337
23,female,1992,122
23,male,1992,316
24,female,1992,125
24,male,1992,350
25,female,1992,131
25,male,1992,316
26,female,1992,137
26,male,1992,355
27,female,1992,124
27,male,1992,365
28,female,1992,176
28,male,1992,388
29,female,1992,172
29,male,1992,377
30,female,1992,157
30,male,1992,382
31,female,1992,196
31,male,1992,400
32,female,1992,206
32,male,1992,373
33,female,1992,205
33,male,1992,385
34,female,1992,218
34,male,1992,410
35,female,1992,256
35,male,1992,432
36,female,1992,253
36,male,1992,433
37,female,1992,268
37,male,1992,436
38,female,1992,289
38,male,1992,559
39,female,1992,328
39,male,1992,553
40,female,1992,370
40,male,1992,554
41,female,1992,379
41,male,1992,636
42,female,1992,486
42,male,1992,659
43,female,1992,470
43,male,1992,773
44,female,1992,618
44,male,1992,917
45,female,1992,693
45,male,1992,1016
46,female,1992,666
46,male,1992,949
47,female,1992,685
47,male,1992,1072
48,female,1992,735
48,male,1992,1156
49,female,1992,752
49,male,1992,1214
50,female,1992,808
50,male,1992,1262
51,female,1992,795
51,male,1992,1300
52,female,1992,980
52,male,1992,1559
53,female,1992,1079
53,male,1992,1749
54,female,1992,1143
54,male,1992,1840
55,female,1992,1218
55,male,1992,2104
56,female,1992,1322
56,male,1992,2237
57,female,1992,1530
57,male,1992,2453
58,female,1992,1636
58,male,1992,2736
59,female,1992,1794
59,male,1992,2984
60,female,1992,2074
60,male,1992,3422
61,female,1992,2369
61,male,1992,3835
62,female,1992,2624
62,male,1992,4229
63,female,1992,2830
63,male,1992,4615
64,female,1992,3188
64,male,1992,5059
65,female,1992,3603
65,male,1992,5497
66,female,1992,3843
66,male,1992,6191
67,female,1992,4231
67,male,1992,6700
68,female,1992,4814
68,male,1992,7176
69,female,1992,5190
69,male,1992,7780
70,female,1992,5882
70,male,1992,8563
71,female,1992,6692
71,male,1992,9583
72,female,1992,7451
72,male,1992,9948
73,female,1992,5757
73,male,1992,7464
74,female,1992,5960
74,male,1992,7455
75,female,1992,6996
75,male,1992,8178
76,female,1992,7990
76,male,1992,9282
77,female,1992,9011
77,male,1992,10095
78,female,1992,9569
78,male,1992,10244
79,female,1992,10066
79,male,1992,9897
80,female,1992,10494
80,male,1992,9875
81,female,1992,10879
81,male,1992,9323
82,female,1992,11211
82,male,1992,9155
83,female,1992,11570
83,male,1992,8650
84,female,1992,11762
84,male,1992,7963
85,female,1992,11441
85,male,1992,7094
86,female,1992,11245
86,male,1992,6317
87,female,1992,10895
87,male,1992,5576
88,female,1992,9923
88,male,1992,4676
89,female,1992,9215
89,male,1992,3933
90,female,1992,8353
90,male,1992,3151
91,female,1992,7198
91,male,1992,2514
92,female,1992,6288
92,male,1992,1963
93,female,1992,5070
93,male,1992,1402
94,female,1992,4066
94,male,1992,1046
95,female,1992,3379
95,male,1992,741
96,female,1992,2490
96,male,1992,507
97,female,1992,1937
97,male,1992,357
98,female,1992,1324
98,male,1992,228
99,female,1992,937
99,male,1992,159
100,female,1992,637
100,male,1992,101
101,female,1992,438
101,male,1992,68
102,female,1992,265
102,male,1992,34
103,female,1992,156
103,male,1992,20
104,female,1992,103
104,male,1992,10
105,female,1992,110
105,male,1992,15
0,female,1993,1840
0,male,1993,2418
1,female,1993,150
1,male,1993,204
2,female,1993,90
2,male,1993,131
3,female,1993,75
3,male,1993,96
4,female,1993,52
4,male,1993,77
5,female,1993,48
5,male,1993,65
6,female,1993,46
6,male,1993,61
7,female,1993,37
7,male,1993,49
8,female,1993,33
8,male,1993,54
9,female,1993,31
9,male,1993,45
10,female,1993,46
10,male,1993,54
11,female,1993,30
11,male,1993,59
12,female,1993,41
12,male,1993,66
13,female,1993,58
13,male,1993,73
14,female,1993,64
14,male,1993,90
15,female,1993,64
15,male,1993,104
16,female,1993,80
16,male,1993,118
17,female,1993,83
17,male,1993,205
18,female,1993,82
18,male,1993,244
19,female,1993,98
19,male,1993,260
20,female,1993,120
20,male,1993,318
21,female,1993,116
21,male,1993,318
22,female,1993,105
22,male,1993,333
23,female,1993,103
23,male,1993,307
24,female,1993,134
24,male,1993,321
25,female,1993,125
25,male,1993,345
26,female,1993,159
26,male,1993,342
27,female,1993,184
27,male,1993,381
28,female,1993,174
28,male,1993,360
29,female,1993,154
29,male,1993,416
30,female,1993,189
30,male,1993,374
31,female,1993,197
31,male,1993,426
32,female,1993,209
32,male,1993,357
33,female,1993,189
33,male,1993,427
34,female,1993,228
34,male,1993,411
35,female,1993,216
35,male,1993,437
36,female,1993,269
36,male,1993,443
37,female,1993,270
37,male,1993,436
38,female,1993,258
38,male,1993,510
39,female,1993,313
39,male,1993,534
40,female,1993,357
40,male,1993,580
41,female,1993,436
41,male,1993,621
42,female,1993,443
42,male,1993,666
43,female,1993,508
43,male,1993,709
44,female,1993,541
44,male,1993,836
45,female,1993,691
45,male,1993,975
46,female,1993,756
46,male,1993,1101
47,female,1993,717
47,male,1993,1052
48,female,1993,733
48,male,1993,1183
49,female,1993,763
49,male,1993,1239
50,female,1993,907
50,male,1993,1360
51,female,1993,887
51,male,1993,1414
52,female,1993,954
52,male,1993,1469
53,female,1993,1044
53,male,1993,1746
54,female,1993,1150
54,male,1993,1890
55,female,1993,1248
55,male,1993,2055
56,female,1993,1332
56,male,1993,2246
57,female,1993,1518
57,male,1993,2589
58,female,1993,1633
58,male,1993,2731
59,female,1993,1821
59,male,1993,2889
60,female,1993,2006
60,male,1993,3280
61,female,1993,2324
61,male,1993,3726
62,female,1993,2619
62,male,1993,4136
63,female,1993,2916
63,male,1993,4531
64,female,1993,3046
64,male,1993,5085
65,female,1993,3488
65,male,1993,5478
66,female,1993,3864
66,male,1993,6057
67,female,1993,4241
67,male,1993,6781
68,female,1993,4592
68,male,1993,7072
69,female,1993,5111
69,male,1993,7656
70,female,1993,5792
70,male,1993,8113
71,female,1993,6482
71,male,1993,9253
72,female,1993,7349
72,male,1993,10018
73,female,1993,8082
73,male,1993,10472
74,female,1993,6261
74,male,1993,7836
75,female,1993,6271
75,male,1993,7676
76,female,1993,7515
76,male,1993,8667
77,female,1993,8692
77,male,1993,9491
78,female,1993,9724
78,male,1993,10288
79,female,1993,10465
79,male,1993,10571
80,female,1993,10981
80,male,1993,10259
81,female,1993,11250
81,male,1993,9844
82,female,1993,11665
82,male,1993,9345
83,female,1993,12123
83,male,1993,8986
84,female,1993,12234
84,male,1993,8590
85,female,1993,12223
85,male,1993,7916
86,female,1993,11787
86,male,1993,6912
87,female,1993,11593
87,male,1993,5989
88,female,1993,10891
88,male,1993,5214
89,female,1993,10212
89,male,1993,4353
90,female,1993,9221
90,male,1993,3652
91,female,1993,7969
91,male,1993,2756
92,female,1993,6995
92,male,1993,2267
93,female,1993,5954
93,male,1993,1739
94,female,1993,4707
94,male,1993,1128
95,female,1993,3678
95,male,1993,822
96,female,1993,2918
96,male,1993,561
97,female,1993,2103
97,male,1993,435
98,female,1993,1559
98,male,1993,275
99,female,1993,1103
99,male,1993,181
100,female,1993,765
100,male,1993,115
101,female,1993,482
101,male,1993,65
102,female,1993,314
102,male,1993,35
103,female,1993,188
103,male,1993,28
104,female,1993,105
104,male,1993,9
105,female,1993,151
105,male,1993,19
0,female,1994,1747
0,male,1994,2351
1,female,1994,161
1,male,1994,178
2,female,1994,98
2,male,1994,112
3,female,1994,61
3,male,1994,76
4,female,1994,45
4,male,1994,74
5,female,1994,48
5,male,1994,43
6,female,1994,42
6,male,1994,59
7,female,1994,32
7,male,1994,55
8,female,1994,35
8,male,1994,66
9,female,1994,38
9,male,1994,51
10,female,1994,34
10,male,1994,39
11,female,1994,31
11,male,1994,54
12,female,1994,41
12,male,1994,74
13,female,1994,48
13,male,1994,65
14,female,1994,55
14,male,1994,92
15,female,1994,52
15,male,1994,105
16,female,1994,59
16,male,1994,119
17,female,1994,74
17,male,1994,190
18,female,1994,74
18,male,1994,193
19,female,1994,91
19,male,1994,227
20,female,1994,84
20,male,1994,292
21,female,1994,106
21,male,1994,276
22,female,1994,114
22,male,1994,318
23,female,1994,110
23,male,1994,314
24,female,1994,113
24,male,1994,331
25,female,1994,117
25,male,1994,329
26,female,1994,135
26,male,1994,376
27,female,1994,153
27,male,1994,349
28,female,1994,141
28,male,1994,373
29,female,1994,179
29,male,1994,358
30,female,1994,183
30,male,1994,399
31,female,1994,195
31,male,1994,436
32,female,1994,227
32,male,1994,409
33,female,1994,230
33,male,1994,464
34,female,1994,212
34,male,1994,455
35,female,1994,248
35,male,1994,426
36,female,1994,270
36,male,1994,456
37,female,1994,289
37,male,1994,461
38,female,1994,287
38,male,1994,468
39,female,1994,337
39,male,1994,527
40,female,1994,378
40,male,1994,548
41,female,1994,407
41,male,1994,618
42,female,1994,438
42,male,1994,652
43,female,1994,487
43,male,1994,727
44,female,1994,538
44,male,1994,827
45,female,1994,637
45,male,1994,850
46,female,1994,752
46,male,1994,1017
47,female,1994,853
47,male,1994,1176
48,female,1994,768
48,male,1994,1040
49,female,1994,809
49,male,1994,1235
50,female,1994,913
50,male,1994,1310
51,female,1994,875
51,male,1994,1456
52,female,1994,922
52,male,1994,1522
53,female,1994,1043
53,male,1994,1546
54,female,1994,1106
54,male,1994,1729
55,female,1994,1193
55,male,1994,1972
56,female,1994,1288
56,male,1994,2123
57,female,1994,1438
57,male,1994,2456
58,female,1994,1463
58,male,1994,2549
59,female,1994,1710
59,male,1994,2865
60,female,1994,1833
60,male,1994,2998
61,female,1994,2081
61,male,1994,3468
62,female,1994,2336
62,male,1994,3862
63,female,1994,2690
63,male,1994,4266
64,female,1994,2942
64,male,1994,4765
65,female,1994,3261
65,male,1994,5222
66,female,1994,3627
66,male,1994,5558
67,female,1994,3987
67,male,1994,6231
68,female,1994,4424
68,male,1994,6784
69,female,1994,4813
69,male,1994,7021
70,female,1994,5367
70,male,1994,7696
71,female,1994,5871
71,male,1994,8195
72,female,1994,6694
72,male,1994,8892
73,female,1994,7566
73,male,1994,10226
74,female,1994,8168
74,male,1994,10315
75,female,1994,6324
75,male,1994,7618
76,female,1994,6370
76,male,1994,7437
77,female,1994,7570
77,male,1994,8387
78,female,1994,8666
78,male,1994,9268
79,female,1994,9651
79,male,1994,9754
80,female,1994,10588
80,male,1994,9959
81,female,1994,10808
81,male,1994,9522
82,female,1994,11155
82,male,1994,9131
83,female,1994,11319
83,male,1994,8596
84,female,1994,11544
84,male,1994,8323
85,female,1994,11703
85,male,1994,7457
86,female,1994,11466
86,male,1994,6628
87,female,1994,10970
87,male,1994,5853
88,female,1994,10457
88,male,1994,5046
89,female,1994,9621
89,male,1994,4275
90,female,1994,8779
90,male,1994,3557
91,female,1994,7773
91,male,1994,2731
92,female,1994,6690
92,male,1994,2224
93,female,1994,5678
93,male,1994,1662
94,female,1994,4581
94,male,1994,1186
95,female,1994,3560
95,male,1994,805
96,female,1994,2815
96,male,1994,581
97,female,1994,2105
97,male,1994,417
98,female,1994,1516
98,male,1994,228
99,female,1994,995
99,male,1994,174
100,female,1994,714
100,male,1994,97
101,female,1994,514
101,male,1994,70
102,female,1994,324
102,male,1994,37
103,female,1994,171
103,male,1994,25
104,female,1994,124
104,male,1994,12
105,female,1994,126
105,male,1994,12
0,female,1995,1683
0,male,1995,2285
1,female,1995,153
1,male,1995,154
2,female,1995,76
2,male,1995,101
3,female,1995,63
3,male,1995,87
4,female,1995,47
4,male,1995,56
5,female,1995,55
5,male,1995,59
6,female,1995,41
6,male,1995,59
7,female,1995,39
7,male,1995,50
8,female,1995,30
8,male,1995,54
9,female,1995,27
9,male,1995,56
10,female,1995,40
10,male,1995,67
11,female,1995,43
11,male,1995,47
12,female,1995,40
12,male,1995,61
13,female,1995,47
13,male,1995,72
14,female,1995,56
14,male,1995,85
15,female,1995,68
15,male,1995,90
16,female,1995,72
16,male,1995,109
17,female,1995,76
17,male,1995,192
18,female,1995,82
18,male,1995,247
19,female,1995,92
19,male,1995,252
20,female,1995,84
20,male,1995,278
21,female,1995,101
21,male,1995,324
22,female,1995,108
22,male,1995,290
23,female,1995,107
23,male,1995,330
24,female,1995,121
24,male,1995,333
25,female,1995,117
25,male,1995,337
26,female,1995,133
26,male,1995,350
27,female,1995,190
27,male,1995,391
28,female,1995,152
28,male,1995,398
29,female,1995,161
29,male,1995,415
30,female,1995,184
30,male,1995,413
31,female,1995,177
31,male,1995,448
32,female,1995,231
32,male,1995,443
33,female,1995,250
33,male,1995,449
34,female,1995,247
34,male,1995,455
35,female,1995,271
35,male,1995,437
36,female,1995,234
36,male,1995,476
37,female,1995,268
37,male,1995,484
38,female,1995,317
38,male,1995,516
39,female,1995,340
39,male,1995,526
40,female,1995,358
40,male,1995,560
41,female,1995,404
41,male,1995,646
42,female,1995,424
42,male,1995,683
43,female,1995,464
43,male,1995,763
44,female,1995,562
44,male,1995,769
45,female,1995,614
45,male,1995,887
46,female,1995,680
46,male,1995,991
47,female,1995,781
47,male,1995,1124
48,female,1995,909
48,male,1995,1359
49,female,1995,872
49,male,1995,1258
50,female,1995,925
50,male,1995,1410
51,female,1995,1040
51,male,1995,1448
52,female,1995,1043
52,male,1995,1564
53,female,1995,1052
53,male,1995,1662
54,female,1995,1071
54,male,1995,1696
55,female,1995,1274
55,male,1995,1932
56,female,1995,1368
56,male,1995,2192
57,female,1995,1418
57,male,1995,2386
58,female,1995,1607
58,male,1995,2580
59,female,1995,1686
59,male,1995,2797
60,female,1995,1830
60,male,1995,3144
61,female,1995,1986
61,male,1995,3248
62,female,1995,2226
62,male,1995,3709
63,female,1995,2551
63,male,1995,4141
64,female,1995,2864
64,male,1995,4698
65,female,1995,3369
65,male,1995,5046
66,female,1995,3528
66,male,1995,5605
67,female,1995,3713
67,male,1995,6034
68,female,1995,4332
68,male,1995,6455
69,female,1995,4765
69,male,1995,7160
70,female,1995,5273
70,male,1995,7588
71,female,1995,5769
71,male,1995,8061
72,female,1995,6370
72,male,1995,8612
73,female,1995,7299
73,male,1995,9548
74,female,1995,8248
74,male,1995,10415
75,female,1995,8795
75,male,1995,10693
76,female,1995,6855
76,male,1995,8004
77,female,1995,6797
77,male,1995,7633
78,female,1995,8105
78,male,1995,8775
79,female,1995,9359
79,male,1995,9527
80,female,1995,10537
80,male,1995,9871
81,female,1995,11152
81,male,1995,9877
82,female,1995,11373
82,male,1995,9737
83,female,1995,11514
83,male,1995,9124
84,female,1995,11929
84,male,1995,8376
85,female,1995,11919
85,male,1995,7736
86,female,1995,11935
86,male,1995,7200
87,female,1995,11484
87,male,1995,6315
88,female,1995,11017
88,male,1995,5429
89,female,1995,10137
89,male,1995,4547
90,female,1995,9505
90,male,1995,3825
91,female,1995,8401
91,male,1995,3071
92,female,1995,7315
92,male,1995,2503
93,female,1995,6184
93,male,1995,1859
94,female,1995,5267
94,male,1995,1382
95,female,1995,4068
95,male,1995,1016
96,female,1995,3142
96,male,1995,633
97,female,1995,2273
97,male,1995,416
98,female,1995,1559
98,male,1995,264
99,female,1995,1174
99,male,1995,178
100,female,1995,789
100,male,1995,107
101,female,1995,532
101,male,1995,67
102,female,1995,330
102,male,1995,44
103,female,1995,191
103,male,1995,19
104,female,1995,113
104,male,1995,18
105,female,1995,144
105,male,1995,16
0,female,1996,1704
0,male,1996,2285
1,female,1996,140
1,male,1996,174
2,female,1996,97
2,male,1996,104
3,female,1996,51
3,male,1996,81
4,female,1996,43
4,male,1996,77
5,female,1996,38
5,male,1996,54
6,female,1996,47
6,male,1996,45
7,female,1996,29
7,male,1996,38
8,female,1996,29
8,male,1996,44
9,female,1996,38
9,male,1996,56
10,female,1996,30
10,male,1996,42
11,female,1996,25
11,male,1996,54
12,female,1996,28
12,male,1996,55
13,female,1996,42
13,male,1996,71
14,female,1996,64
14,male,1996,86
15,female,1996,72
15,male,1996,111
16,female,1996,80
16,male,1996,134
17,female,1996,84
17,male,1996,208
18,female,1996,90
18,male,1996,230
19,female,1996,99
19,male,1996,225
20,female,1996,97
20,male,1996,241
21,female,1996,108
21,male,1996,267
22,female,1996,90
22,male,1996,284
23,female,1996,111
23,male,1996,295
24,female,1996,111
24,male,1996,318
25,female,1996,136
25,male,1996,348
26,female,1996,146
26,male,1996,313
27,female,1996,157
27,male,1996,339
28,female,1996,169
28,male,1996,392
29,female,1996,165
29,male,1996,400
30,female,1996,192
30,male,1996,429
31,female,1996,182
31,male,1996,469
32,female,1996,236
32,male,1996,458
33,female,1996,239
33,male,1996,433
34,female,1996,260
34,male,1996,446
35,female,1996,262
35,male,1996,482
36,female,1996,302
36,male,1996,457
37,female,1996,283
37,male,1996,470
38,female,1996,336
38,male,1996,488
39,female,1996,328
39,male,1996,586
40,female,1996,354
40,male,1996,613
41,female,1996,397
41,male,1996,602
42,female,1996,433
42,male,1996,656
43,female,1996,494
43,male,1996,741
44,female,1996,483
44,male,1996,766
45,female,1996,566
45,male,1996,924
46,female,1996,634
46,male,1996,981
47,female,1996,720
47,male,1996,1062
48,female,1996,817
48,male,1996,1244
49,female,1996,921
49,male,1996,1493
50,female,1996,949
50,male,1996,1289
51,female,1996,1038
51,male,1996,1416
52,female,1996,1045
52,male,1996,1663
53,female,1996,1090
53,male,1996,1696
54,female,1996,1061
54,male,1996,1778
55,female,1996,1168
55,male,1996,1867
56,female,1996,1262
56,male,1996,2154
57,female,1996,1492
57,male,1996,2294
58,female,1996,1617
58,male,1996,2572
59,female,1996,1733
59,male,1996,2807
60,female,1996,1837
60,male,1996,3085
61,female,1996,2009
61,male,1996,3326
62,female,1996,2171
62,male,1996,3559
63,female,1996,2304
63,male,1996,3974
64,female,1996,2721
64,male,1996,4473
65,female,1996,3132
65,male,1996,4993
66,female,1996,3336
66,male,1996,5292
67,female,1996,3778
67,male,1996,5701
68,female,1996,4197
68,male,1996,6270
69,female,1996,4664
69,male,1996,6798
70,female,1996,5213
70,male,1996,7569
71,female,1996,5552
71,male,1996,7825
72,female,1996,6193
72,male,1996,8458
73,female,1996,6819
73,male,1996,8820
74,female,1996,7578
74,male,1996,9733
75,female,1996,8624
75,male,1996,10673
76,female,1996,9305
76,male,1996,10777
77,female,1996,7249
77,male,1996,7722
78,female,1996,7391
78,male,1996,7611
79,female,1996,8610
79,male,1996,8507
80,female,1996,9784
80,male,1996,9404
81,female,1996,10993
81,male,1996,9615
82,female,1996,11582
82,male,1996,9460
83,female,1996,11929
83,male,1996,9035
84,female,1996,11849
84,male,1996,8360
85,female,1996,11843
85,male,1996,7900
86,female,1996,12059
86,male,1996,7181
87,female,1996,11707
87,male,1996,6464
88,female,1996,11208
88,male,1996,5609
89,female,1996,10414
89,male,1996,4807
90,female,1996,9579
90,male,1996,3925
91,female,1996,8583
91,male,1996,3139
92,female,1996,7401
92,male,1996,2596
93,female,1996,6340
93,male,1996,1987
94,female,1996,5303
94,male,1996,1441
95,female,1996,4221
95,male,1996,1035
96,female,1996,3265
96,male,1996,723
97,female,1996,2311
97,male,1996,467
98,female,1996,1683
98,male,1996,280
99,female,1996,1200
99,male,1996,202
100,female,1996,797
100,male,1996,130
101,female,1996,597
101,male,1996,81
102,female,1996,323
102,male,1996,53
103,female,1996,216
103,male,1996,30
104,female,1996,152
104,male,1996,12
105,female,1996,146
105,male,1996,16
0,female,1997,1665
0,male,1997,2160
1,female,1997,121
1,male,1997,178
2,female,1997,79
2,male,1997,103
3,female,1997,57
3,male,1997,72
4,female,1997,42
4,male,1997,68
5,female,1997,39
5,male,1997,61
6,female,1997,36
6,male,1997,57
7,female,1997,37
7,male,1997,41
8,female,1997,32
8,male,1997,62
9,female,1997,39
9,male,1997,47
10,female,1997,46
10,male,1997,57
11,female,1997,29
11,male,1997,58
12,female,1997,38
12,male,1997,64
13,female,1997,45
13,male,1997,64
14,female,1997,48
14,male,1997,84
15,female,1997,83
15,male,1997,99
16,female,1997,75
16,male,1997,157
17,female,1997,92
17,male,1997,211
18,female,1997,91
18,male,1997,261
19,female,1997,87
19,male,1997,242
20,female,1997,84
20,male,1997,281
21,female,1997,103
21,male,1997,310
22,female,1997,96
22,male,1997,271
23,female,1997,92
23,male,1997,290
24,female,1997,128
24,male,1997,316
25,female,1997,125
25,male,1997,375
26,female,1997,119
26,male,1997,346
27,female,1997,119
27,male,1997,318
28,female,1997,131
28,male,1997,344
29,female,1997,186
29,male,1997,406
30,female,1997,170
30,male,1997,380
31,female,1997,213
31,male,1997,428
32,female,1997,203
32,male,1997,414
33,female,1997,214
33,male,1997,444
34,female,1997,231
34,male,1997,460
35,female,1997,283
35,male,1997,415
36,female,1997,303
36,male,1997,408
37,female,1997,315
37,male,1997,485
38,female,1997,322
38,male,1997,513
39,female,1997,355
39,male,1997,557
40,female,1997,356
40,male,1997,570
41,female,1997,360
41,male,1997,607
42,female,1997,425
42,male,1997,663
43,female,1997,485
43,male,1997,721
44,female,1997,530
44,male,1997,779
45,female,1997,546
45,male,1997,811
46,female,1997,597
46,male,1997,879
47,female,1997,760
47,male,1997,1080
48,female,1997,818
48,male,1997,1162
49,female,1997,882
49,male,1997,1359
50,female,1997,1054
50,male,1997,1567
51,female,1997,991
51,male,1997,1482
52,female,1997,1085
52,male,1997,1584
53,female,1997,1130
53,male,1997,1776
54,female,1997,1192
54,male,1997,1865
55,female,1997,1153
55,male,1997,1845
56,female,1997,1200
56,male,1997,1993
57,female,1997,1438
57,male,1997,2371
58,female,1997,1575
58,male,1997,2539
59,female,1997,1715
59,male,1997,2772
60,female,1997,1928
60,male,1997,3009
61,female,1997,2069
61,male,1997,3283
62,female,1997,2213
62,male,1997,3468
63,female,1997,2246
63,male,1997,3683
64,female,1997,2516
64,male,1997,4147
65,female,1997,2990
65,male,1997,4683
66,female,1997,3404
66,male,1997,5048
67,female,1997,3675
67,male,1997,5642
68,female,1997,4034
68,male,1997,6066
69,female,1997,4285
69,male,1997,6446
70,female,1997,4879
70,male,1997,7027
71,female,1997,5485
71,male,1997,7673
72,female,1997,6096
72,male,1997,8026
73,female,1997,6651
73,male,1997,8495
74,female,1997,7054
74,male,1997,9169
75,female,1997,8108
75,male,1997,9727
76,female,1997,9125
76,male,1997,10712
77,female,1997,9807
77,male,1997,10860
78,female,1997,7543
78,male,1997,7779
79,female,1997,7536
79,male,1997,7515
80,female,1997,8922
80,male,1997,8399
81,female,1997,9969
81,male,1997,8795
82,female,1997,11458
82,male,1997,9292
83,female,1997,11783
83,male,1997,9077
84,female,1997,11758
84,male,1997,8503
85,female,1997,11827
85,male,1997,7982
86,female,1997,11817
86,male,1997,7133
87,female,1997,11543
87,male,1997,6624
88,female,1997,11364
88,male,1997,5759
89,female,1997,10876
89,male,1997,5010
90,female,1997,9744
90,male,1997,4138
91,female,1997,8814
91,male,1997,3349
92,female,1997,7732
92,male,1997,2697
93,female,1997,6671
93,male,1997,2029
94,female,1997,5521
94,male,1997,1500
95,female,1997,4407
95,male,1997,1085
96,female,1997,3349
96,male,1997,766
97,female,1997,2522
97,male,1997,504
98,female,1997,1752
98,male,1997,268
99,female,1997,1244
99,male,1997,187
100,female,1997,865
100,male,1997,113
101,female,1997,530
101,male,1997,69
102,female,1997,368
102,male,1997,55
103,female,1997,255
103,male,1997,16
104,female,1997,129
104,male,1997,17
105,female,1997,159
105,male,1997,7
0,female,1998,1547
0,male,1998,2058
1,female,1998,137
1,male,1998,168
2,female,1998,79
2,male,1998,106
3,female,1998,51
3,male,1998,77
4,female,1998,34
4,male,1998,64
5,female,1998,42
5,male,1998,52
6,female,1998,42
6,male,1998,52
7,female,1998,39
7,male,1998,61
8,female,1998,28
8,male,1998,46
9,female,1998,34
9,male,1998,43
10,female,1998,28
10,male,1998,49
11,female,1998,40
11,male,1998,55
12,female,1998,53
12,male,1998,55
13,female,1998,44
13,male,1998,67
14,female,1998,42
14,male,1998,83
15,female,1998,52
15,male,1998,87
16,female,1998,99
16,male,1998,153
17,female,1998,92
17,male,1998,178
18,female,1998,97
18,male,1998,273
19,female,1998,92
19,male,1998,271
20,female,1998,88
20,male,1998,241
21,female,1998,80
21,male,1998,251
22,female,1998,101
22,male,1998,284
23,female,1998,96
23,male,1998,302
24,female,1998,101
24,male,1998,326
25,female,1998,137
25,male,1998,322
26,female,1998,123
26,male,1998,371
27,female,1998,142
27,male,1998,380
28,female,1998,152
28,male,1998,386
29,female,1998,163
29,male,1998,393
30,female,1998,195
30,male,1998,429
31,female,1998,198
31,male,1998,423
32,female,1998,190
32,male,1998,470
33,female,1998,245
33,male,1998,493
34,female,1998,223
34,male,1998,444
35,female,1998,265
35,male,1998,492
36,female,1998,280
36,male,1998,492
37,female,1998,300
37,male,1998,515
38,female,1998,325
38,male,1998,497
39,female,1998,340
39,male,1998,556
40,female,1998,375
40,male,1998,550
41,female,1998,426
41,male,1998,629
42,female,1998,395
42,male,1998,629
43,female,1998,449
43,male,1998,719
44,female,1998,550
44,male,1998,807
45,female,1998,561
45,male,1998,880
46,female,1998,586
46,male,1998,908
47,female,1998,640
47,male,1998,1049
48,female,1998,740
48,male,1998,1113
49,female,1998,881
49,male,1998,1216
50,female,1998,1035
50,male,1998,1419
51,female,1998,1181
51,male,1998,1682
52,female,1998,1066
52,male,1998,1641
53,female,1998,1119
53,male,1998,1746
54,female,1998,1268
54,male,1998,1952
55,female,1998,1294
55,male,1998,2051
56,female,1998,1245
56,male,1998,2052
57,female,1998,1346
57,male,1998,2108
58,female,1998,1535
58,male,1998,2550
59,female,1998,1704
59,male,1998,2714
60,female,1998,1864
60,male,1998,2946
61,female,1998,1968
61,male,1998,3243
62,female,1998,2158
62,male,1998,3487
63,female,1998,2259
63,male,1998,3740
64,female,1998,2499
64,male,1998,4056
65,female,1998,2687
65,male,1998,4417
66,female,1998,3106
66,male,1998,4906
67,female,1998,3604
67,male,1998,5465
68,female,1998,3848
68,male,1998,5829
69,female,1998,4349
69,male,1998,6219
70,female,1998,4711
70,male,1998,6829
71,female,1998,5261
71,male,1998,7287
72,female,1998,5915
72,male,1998,7934
73,female,1998,6331
73,male,1998,8225
74,female,1998,6930
74,male,1998,8878
75,female,1998,7335
75,male,1998,9064
76,female,1998,8535
76,male,1998,9915
77,female,1998,9528
77,male,1998,10542
78,female,1998,10217
78,male,1998,10867
79,female,1998,7761
79,male,1998,7881
80,female,1998,7817
80,male,1998,7424
81,female,1998,9180
81,male,1998,8100
82,female,1998,10431
82,male,1998,8605
83,female,1998,11479
83,male,1998,9015
84,female,1998,11998
84,male,1998,8635
85,female,1998,11683
85,male,1998,8049
86,female,1998,11771
86,male,1998,7281
87,female,1998,11460
87,male,1998,6531
88,female,1998,11259
88,male,1998,5759
89,female,1998,10795
89,male,1998,5083
90,female,1998,10045
90,male,1998,4379
91,female,1998,8923
91,male,1998,3463
92,female,1998,7905
92,male,1998,2770
93,female,1998,6776
93,male,1998,2113
94,female,1998,5655
94,male,1998,1547
95,female,1998,4545
95,male,1998,1125
96,female,1998,3525
96,male,1998,767
97,female,1998,2654
97,male,1998,520
98,female,1998,1883
98,male,1998,338
99,female,1998,1342
99,male,1998,199
100,female,1998,971
100,male,1998,124
101,female,1998,557
101,male,1998,85
102,female,1998,364
102,male,1998,41
103,female,1998,228
103,male,1998,22
104,female,1998,109
104,male,1998,9
105,female,1998,200
105,male,1998,8
0,female,1999,1555
0,male,1999,2080
1,female,1999,120
1,male,1999,172
2,female,1999,99
2,male,1999,110
3,female,1999,55
3,male,1999,71
4,female,1999,34
4,male,1999,55
5,female,1999,36
5,male,1999,46
6,female,1999,38
6,male,1999,41
7,female,1999,28
7,male,1999,47
8,female,1999,36
8,male,1999,41
9,female,1999,30
9,male,1999,46
10,female,1999,47
10,male,1999,46
11,female,1999,46
11,male,1999,52
12,female,1999,44
12,male,1999,59
13,female,1999,36
13,male,1999,53
14,female,1999,46
14,male,1999,79
15,female,1999,60
15,male,1999,80
16,female,1999,66
16,male,1999,129
17,female,1999,97
17,male,1999,198
18,female,1999,90
18,male,1999,234
19,female,1999,86
19,male,1999,264
20,female,1999,93
20,male,1999,239
21,female,1999,105
21,male,1999,240
22,female,1999,110
22,male,1999,246
23,female,1999,73
23,male,1999,266
24,female,1999,103
24,male,1999,274
25,female,1999,95
25,male,1999,297
26,female,1999,129
26,male,1999,334
27,female,1999,129
27,male,1999,364
28,female,1999,178
28,male,1999,384
29,female,1999,139
29,male,1999,400
30,female,1999,186
30,male,1999,409
31,female,1999,181
31,male,1999,396
32,female,1999,190
32,male,1999,458
33,female,1999,238
33,male,1999,463
34,female,1999,242
34,male,1999,473
35,female,1999,269
35,male,1999,513
36,female,1999,301
36,male,1999,490
37,female,1999,301
37,male,1999,495
38,female,1999,302
38,male,1999,544
39,female,1999,352
39,male,1999,559
40,female,1999,366
40,male,1999,592
41,female,1999,420
41,male,1999,653
42,female,1999,459
42,male,1999,651
43,female,1999,484
43,male,1999,676
44,female,1999,519
44,male,1999,745
45,female,1999,561
45,male,1999,827
46,female,1999,591
46,male,1999,958
47,female,1999,663
47,male,1999,993
48,female,1999,758
48,male,1999,1055
49,female,1999,822
49,male,1999,1226
50,female,1999,1002
50,male,1999,1396
51,female,1999,1073
51,male,1999,1611
52,female,1999,1222
52,male,1999,1863
53,female,1999,1077
53,male,1999,1790
54,female,1999,1230
54,male,1999,1914
55,female,1999,1302
55,male,1999,2025
56,female,1999,1340
56,male,1999,2151
57,female,1999,1393
57,male,1999,2344
58,female,1999,1419
58,male,1999,2296
59,female,1999,1678
59,male,1999,2621
60,female,1999,1902
60,male,1999,2948
61,female,1999,1998
61,male,1999,3155
62,female,1999,2134
62,male,1999,3415
63,female,1999,2297
63,male,1999,3651
64,female,1999,2486
64,male,1999,3926
65,female,1999,2680
65,male,1999,4286
66,female,1999,2917
66,male,1999,4706
67,female,1999,3397
67,male,1999,5262
68,female,1999,3718
68,male,1999,5666
69,female,1999,4141
69,male,1999,6180
70,female,1999,4600
70,male,1999,6581
71,female,1999,4993
71,male,1999,7132
72,female,1999,5554
72,male,1999,7603
73,female,1999,6164
73,male,1999,8226
74,female,1999,6794
74,male,1999,8375
75,female,1999,7254
75,male,1999,8930
76,female,1999,8054
76,male,1999,9241
77,female,1999,8884
77,male,1999,10095
78,female,1999,10212
78,male,1999,10771
79,female,1999,10590
79,male,1999,10919
80,female,1999,8220
80,male,1999,7571
81,female,1999,8151
81,male,1999,7221
82,female,1999,9646
82,male,1999,8095
83,female,1999,10644
83,male,1999,8471
84,female,1999,11705
84,male,1999,8649
85,female,1999,12295
85,male,1999,8139
86,female,1999,12040
86,male,1999,7393
87,female,1999,11649
87,male,1999,6650
88,female,1999,11201
88,male,1999,6025
89,female,1999,10912
89,male,1999,5228
90,female,1999,10294
90,male,1999,4494
91,female,1999,9532
91,male,1999,3646
92,female,1999,8349
92,male,1999,2865
93,female,1999,7100
93,male,1999,2236
94,female,1999,5892
94,male,1999,1684
95,female,1999,4648
95,male,1999,1245
96,female,1999,3795
96,male,1999,835
97,female,1999,2824
97,male,1999,582
98,female,1999,2046
98,male,1999,392
99,female,1999,1379
99,male,1999,240
100,female,1999,970
100,male,1999,128
101,female,1999,614
101,male,1999,96
102,female,1999,404
102,male,1999,39
103,female,1999,215
103,male,1999,17
104,female,1999,174
104,male,1999,8
105,female,1999,154
105,male,1999,15
0,female,2000,1497
0,male,2000,1902
1,female,2000,95
1,male,2000,143
2,female,2000,51
2,male,2000,89
3,female,2000,65
3,male,2000,61
4,female,2000,46
4,male,2000,52
5,female,2000,37
5,male,2000,36
6,female,2000,28
6,male,2000,62
7,female,2000,29
7,male,2000,44
8,female,2000,36
8,male,2000,44
9,female,2000,30
9,male,2000,41
10,female,2000,37
10,male,2000,49
11,female,2000,40
11,male,2000,36
12,female,2000,31
12,male,2000,54
13,female,2000,37
13,male,2000,57
14,female,2000,46
14,male,2000,67
15,female,2000,44
15,male,2000,79
16,female,2000,65
16,male,2000,135
17,female,2000,69
17,male,2000,176
18,female,2000,118
18,male,2000,258
19,female,2000,107
19,male,2000,250
20,female,2000,101
20,male,2000,258
21,female,2000,88
21,male,2000,256
22,female,2000,98
22,male,2000,259
23,female,2000,105
23,male,2000,279
24,female,2000,112
24,male,2000,276
25,female,2000,116
25,male,2000,286
26,female,2000,116
26,male,2000,287
27,female,2000,136
27,male,2000,368
28,female,2000,140
28,male,2000,360
29,female,2000,156
29,male,2000,399
30,female,2000,174
30,male,2000,394
31,female,2000,195
31,male,2000,401
32,female,2000,195
32,male,2000,456
33,female,2000,227
33,male,2000,442
34,female,2000,247
34,male,2000,456
35,female,2000,286
35,male,2000,499
36,female,2000,316
36,male,2000,552
37,female,2000,300
37,male,2000,595
38,female,2000,334
38,male,2000,534
39,female,2000,343
39,male,2000,586
40,female,2000,394
40,male,2000,620
41,female,2000,418
41,male,2000,669
42,female,2000,459
42,male,2000,653
43,female,2000,492
43,male,2000,677
44,female,2000,511
44,male,2000,750
45,female,2000,541
45,male,2000,783
46,female,2000,630
46,male,2000,879
47,female,2000,680
47,male,2000,1005
48,female,2000,695
48,male,2000,1059
49,female,2000,806
49,male,2000,1253
50,female,2000,919
50,male,2000,1473
51,female,2000,975
51,male,2000,1474
52,female,2000,1234
52,male,2000,1713
53,female,2000,1355
53,male,2000,1994
54,female,2000,1273
54,male,2000,1722
55,female,2000,1339
55,male,2000,1982
56,female,2000,1429
56,male,2000,2287
57,female,2000,1481
57,male,2000,2288
58,female,2000,1460
58,male,2000,2245
59,female,2000,1547
59,male,2000,2423
60,female,2000,1774
60,male,2000,2834
61,female,2000,1919
61,male,2000,3188
62,female,2000,2069
62,male,2000,3347
63,female,2000,2184
63,male,2000,3628
64,female,2000,2520
64,male,2000,3781
65,female,2000,2608
65,male,2000,4192
66,female,2000,2862
66,male,2000,4399
67,female,2000,3109
67,male,2000,4871
68,female,2000,3470
68,male,2000,5332
69,female,2000,3999
69,male,2000,5893
70,female,2000,4343
70,male,2000,6206
71,female,2000,4762
71,male,2000,6611
72,female,2000,5088
72,male,2000,7111
73,female,2000,5604
73,male,2000,7784
74,female,2000,6473
74,male,2000,8402
75,female,2000,6897
75,male,2000,8510
76,female,2000,7543
76,male,2000,8766
77,female,2000,8275
77,male,2000,9216
78,female,2000,9073
78,male,2000,10007
79,female,2000,10222
79,male,2000,10468
80,female,2000,10872
80,male,2000,10467
81,female,2000,8188
81,male,2000,7475
82,female,2000,8287
82,male,2000,7025
83,female,2000,9647
83,male,2000,7603
84,female,2000,10647
84,male,2000,7912
85,female,2000,11677
85,male,2000,7891
86,female,2000,11723
86,male,2000,7478
87,female,2000,11465
87,male,2000,6736
88,female,2000,11064
88,male,2000,5940
89,female,2000,10422
89,male,2000,5078
90,female,2000,9909
90,male,2000,4513
91,female,2000,9199
91,male,2000,3651
92,female,2000,8211
92,male,2000,3056
93,female,2000,7004
93,male,2000,2309
94,female,2000,5726
94,male,2000,1734
95,female,2000,4797
95,male,2000,1279
96,female,2000,3757
96,male,2000,898
97,female,2000,2872
97,male,2000,625
98,female,2000,2057
98,male,2000,392
99,female,2000,1401
99,male,2000,230
100,female,2000,970
100,male,2000,158
101,female,2000,647
101,male,2000,69
102,female,2000,368
102,male,2000,56
103,female,2000,250
103,male,2000,20
104,female,2000,134
104,male,2000,14
105,female,2000,160
105,male,2000,16
0,female,2001,1449
0,male,2001,1818
1,female,2001,102
1,male,2001,136
2,female,2001,66
2,male,2001,84
3,female,2001,59
3,male,2001,56
4,female,2001,45
4,male,2001,53
5,female,2001,40
5,male,2001,42
6,female,2001,42
6,male,2001,44
7,female,2001,36
7,male,2001,43
8,female,2001,46
8,male,2001,37
9,female,2001,34
9,male,2001,26
10,female,2001,25
10,male,2001,51
11,female,2001,41
11,male,2001,48
12,female,2001,36
12,male,2001,65
13,female,2001,30
13,male,2001,72
14,female,2001,39
14,male,2001,84
15,female,2001,59
15,male,2001,83
16,female,2001,81
16,male,2001,112
17,female,2001,83
17,male,2001,189
18,female,2001,86
18,male,2001,263
19,female,2001,77
19,male,2001,280
20,female,2001,92
20,male,2001,256
21,female,2001,104
21,male,2001,250
22,female,2001,96
22,male,2001,248
23,female,2001,92
23,male,2001,229
24,female,2001,88
24,male,2001,293
25,female,2001,100
25,male,2001,288
26,female,2001,128
26,male,2001,281
27,female,2001,126
27,male,2001,324
28,female,2001,124
28,male,2001,320
29,female,2001,154
29,male,2001,394
30,female,2001,152
30,male,2001,361
31,female,2001,197
31,male,2001,418
32,female,2001,216
32,male,2001,418
33,female,2001,210
33,male,2001,491
34,female,2001,258
34,male,2001,535
35,female,2001,315
35,male,2001,493
36,female,2001,309
36,male,2001,505
37,female,2001,301
37,male,2001,520
38,female,2001,350
38,male,2001,581
39,female,2001,354
39,male,2001,623
40,female,2001,369
40,male,2001,663
41,female,2001,414
41,male,2001,621
42,female,2001,424
42,male,2001,700
43,female,2001,535
43,male,2001,728
44,female,2001,487
44,male,2001,750
45,female,2001,548
45,male,2001,828
46,female,2001,614
46,male,2001,904
47,female,2001,642
47,male,2001,1010
48,female,2001,709
48,male,2001,1074
49,female,2001,787
49,male,2001,1227
50,female,2001,916
50,male,2001,1252
51,female,2001,984
51,male,2001,1440
52,female,2001,1093
52,male,2001,1630
53,female,2001,1198
53,male,2001,1861
54,female,2001,1493
54,male,2001,2198
55,female,2001,1302
55,male,2001,1957
56,female,2001,1410
56,male,2001,2197
57,female,2001,1515
57,male,2001,2340
58,female,2001,1546
58,male,2001,2491
59,female,2001,1579
59,male,2001,2505
60,female,2001,1632
60,male,2001,2580
61,female,2001,1929
61,male,2001,2976
62,female,2001,2029
62,male,2001,3316
63,female,2001,2304
63,male,2001,3519
64,female,2001,2362
64,male,2001,3718
65,female,2001,2596
65,male,2001,3981
66,female,2001,2720
66,male,2001,4307
67,female,2001,2948
67,male,2001,4605
68,female,2001,3299
68,male,2001,4895
69,female,2001,3667
69,male,2001,5525
70,female,2001,4224
70,male,2001,6035
71,female,2001,4675
71,male,2001,6483
72,female,2001,5048
72,male,2001,6840
73,female,2001,5522
73,male,2001,7171
74,female,2001,5940
74,male,2001,7796
75,female,2001,6701
75,male,2001,8440
76,female,2001,7229
76,male,2001,8651
77,female,2001,7849
77,male,2001,8967
78,female,2001,8414
78,male,2001,9216
79,female,2001,9569
79,male,2001,9877
80,female,2001,10765
80,male,2001,10435
81,female,2001,11474
81,male,2001,10163
82,female,2001,8609
82,male,2001,7309
83,female,2001,8518
83,male,2001,6898
84,female,2001,9908
84,male,2001,7282
85,female,2001,10705
85,male,2001,7644
86,female,2001,11435
86,male,2001,7368
87,female,2001,11642
87,male,2001,6660
88,female,2001,11141
88,male,2001,6203
89,female,2001,10741
89,male,2001,5379
90,female,2001,9750
90,male,2001,4501
91,female,2001,9173
91,male,2001,3738
92,female,2001,8192
92,male,2001,3173
93,female,2001,7396
93,male,2001,2432
94,female,2001,5974
94,male,2001,1836
95,female,2001,4882
95,male,2001,1304
96,female,2001,3782
96,male,2001,904
97,female,2001,2879
97,male,2001,683
98,female,2001,2209
98,male,2001,416
99,female,2001,1520
99,male,2001,260
100,female,2001,1070
100,male,2001,154
101,female,2001,679
101,male,2001,89
102,female,2001,433
102,male,2001,38
103,female,2001,248
103,male,2001,22
104,female,2001,147
104,male,2001,15
105,female,2001,154
105,male,2001,14
0,female,2002,1337
0,male,2002,1831
1,female,2002,104
1,male,2002,143
2,female,2002,51
2,male,2002,84
3,female,2002,37
3,male,2002,48
4,female,2002,48
4,male,2002,54
5,female,2002,38
5,male,2002,41
6,female,2002,34
6,male,2002,41
7,female,2002,30
7,male,2002,39
8,female,2002,31
8,male,2002,32
9,female,2002,27
9,male,2002,45
10,female,2002,41
10,male,2002,35
11,female,2002,23
11,male,2002,56
12,female,2002,37
12,male,2002,41
13,female,2002,42
13,male,2002,77
14,female,2002,61
14,male,2002,77
15,female,2002,43
15,male,2002,96
16,female,2002,79
16,male,2002,138
17,female,2002,84
17,male,2002,192
18,female,2002,86
18,male,2002,251
19,female,2002,99
19,male,2002,235
20,female,2002,84
20,male,2002,277
21,female,2002,97
21,male,2002,252
22,female,2002,87
22,male,2002,278
23,female,2002,97
23,male,2002,249
24,female,2002,102
24,male,2002,254
25,female,2002,103
25,male,2002,276
26,female,2002,105
26,male,2002,282
27,female,2002,108
27,male,2002,298
28,female,2002,118
28,male,2002,330
29,female,2002,142
29,male,2002,349
30,female,2002,153
30,male,2002,406
31,female,2002,196
31,male,2002,396
32,female,2002,201
32,male,2002,435
33,female,2002,216
33,male,2002,434
34,female,2002,255
34,male,2002,459
35,female,2002,251
35,male,2002,474
36,female,2002,276
36,male,2002,536
37,female,2002,300
37,male,2002,577
38,female,2002,340
38,male,2002,541
39,female,2002,364
39,male,2002,604
40,female,2002,376
40,male,2002,644
41,female,2002,378
41,male,2002,671
42,female,2002,446
42,male,2002,687
43,female,2002,497
43,male,2002,776
44,female,2002,539
44,male,2002,745
45,female,2002,571
45,male,2002,900
46,female,2002,643
46,male,2002,912
47,female,2002,664
47,male,2002,1020
48,female,2002,754
48,male,2002,1051
49,female,2002,785
49,male,2002,1226
50,female,2002,823
50,male,2002,1306
51,female,2002,896
51,male,2002,1353
52,female,2002,1018
52,male,2002,1554
53,female,2002,1170
53,male,2002,1730
54,female,2002,1365
54,male,2002,1959
55,female,2002,1530
55,male,2002,2314
56,female,2002,1440
56,male,2002,2095
57,female,2002,1534
57,male,2002,2318
58,female,2002,1560
58,male,2002,2547
59,female,2002,1639
59,male,2002,2650
60,female,2002,1730
60,male,2002,2734
61,female,2002,1770
61,male,2002,2718
62,female,2002,2013
62,male,2002,3185
63,female,2002,2181
63,male,2002,3453
64,female,2002,2410
64,male,2002,3793
65,female,2002,2480
65,male,2002,4057
66,female,2002,2828
66,male,2002,4238
67,female,2002,2959
67,male,2002,4584
68,female,2002,3198
68,male,2002,4868
69,female,2002,3469
69,male,2002,5309
70,female,2002,3867
70,male,2002,5721
71,female,2002,4562
71,male,2002,6420
72,female,2002,5045
72,male,2002,6784
73,female,2002,5432
73,male,2002,7031
74,female,2002,5805
74,male,2002,7572
75,female,2002,6617
75,male,2002,8127
76,female,2002,7190
76,male,2002,8647
77,female,2002,7681
77,male,2002,8864
78,female,2002,8451
78,male,2002,8986
79,female,2002,9010
79,male,2002,9461
80,female,2002,10244
80,male,2002,9954
81,female,2002,11397
81,male,2002,10620
82,female,2002,12038
82,male,2002,10269
83,female,2002,8839
83,male,2002,7103
84,female,2002,8746
84,male,2002,6462
85,female,2002,10101
85,male,2002,6962
86,female,2002,10827
86,male,2002,7067
87,female,2002,11580
87,male,2002,6864
88,female,2002,11590
88,male,2002,6354
89,female,2002,11074
89,male,2002,5644
90,female,2002,10303
90,male,2002,4716
91,female,2002,9453
91,male,2002,3941
92,female,2002,8645
92,male,2002,3235
93,female,2002,7672
93,male,2002,2597
94,female,2002,6348
94,male,2002,1970
95,female,2002,5057
95,male,2002,1482
96,female,2002,4020
96,male,2002,1026
97,female,2002,2954
97,male,2002,682
98,female,2002,2255
98,male,2002,460
99,female,2002,1642
99,male,2002,285
100,female,2002,1118
100,male,2002,180
101,female,2002,707
101,male,2002,113
102,female,2002,490
102,male,2002,71
103,female,2002,272
103,male,2002,26
104,female,2002,161
104,male,2002,12
105,female,2002,180
105,male,2002,22
0,female,2003,1479
0,male,2003,1827
1,female,2003,113
1,male,2003,116
2,female,2003,70
2,male,2003,78
3,female,2003,50
3,male,2003,64
4,female,2003,45
4,male,2003,52
5,female,2003,40
5,male,2003,45
6,female,2003,34
6,male,2003,47
7,female,2003,27
7,male,2003,33
8,female,2003,28
8,male,2003,37
9,female,2003,30
9,male,2003,41
10,female,2003,38
10,male,2003,31
11,female,2003,36
11,male,2003,43
12,female,2003,53
12,male,2003,53
13,female,2003,33
13,male,2003,63
14,female,2003,49
14,male,2003,73
15,female,2003,49
15,male,2003,85
16,female,2003,64
16,male,2003,121
17,female,2003,76
17,male,2003,175
18,female,2003,83
18,male,2003,251
19,female,2003,98
19,male,2003,220
20,female,2003,92
20,male,2003,275
21,female,2003,90
21,male,2003,253
22,female,2003,108
22,male,2003,279
23,female,2003,103
23,male,2003,286
24,female,2003,92
24,male,2003,255
25,female,2003,98
25,male,2003,266
26,female,2003,123
26,male,2003,257
27,female,2003,112
27,male,2003,242
28,female,2003,134
28,male,2003,307
29,female,2003,155
29,male,2003,335
30,female,2003,176
30,male,2003,363
31,female,2003,174
31,male,2003,399
32,female,2003,193
32,male,2003,426
33,female,2003,210
33,male,2003,428
34,female,2003,261
34,male,2003,455
35,female,2003,249
35,male,2003,483
36,female,2003,285
36,male,2003,510
37,female,2003,288
37,male,2003,555
38,female,2003,359
38,male,2003,556
39,female,2003,359
39,male,2003,614
40,female,2003,420
40,male,2003,674
41,female,2003,419
41,male,2003,706
42,female,2003,447
42,male,2003,734
43,female,2003,501
43,male,2003,813
44,female,2003,557
44,male,2003,795
45,female,2003,551
45,male,2003,797
46,female,2003,623
46,male,2003,931
47,female,2003,704
47,male,2003,1019
48,female,2003,723
48,male,2003,1075
49,female,2003,770
49,male,2003,1133
50,female,2003,872
50,male,2003,1317
51,female,2003,919
51,male,2003,1366
52,female,2003,1014
52,male,2003,1481
53,female,2003,1128
53,male,2003,1670
54,female,2003,1250
54,male,2003,1908
55,female,2003,1518
55,male,2003,2300
56,female,2003,1657
56,male,2003,2513
57,female,2003,1411
57,male,2003,2416
58,female,2003,1617
58,male,2003,2467
59,female,2003,1782
59,male,2003,2672
60,female,2003,1871
60,male,2003,2930
61,female,2003,1853
61,male,2003,2892
62,female,2003,1830
62,male,2003,2993
63,female,2003,2091
63,male,2003,3363
64,female,2003,2371
64,male,2003,3745
65,female,2003,2642
65,male,2003,3943
66,female,2003,2682
66,male,2003,4208
67,female,2003,2975
67,male,2003,4570
68,female,2003,3191
68,male,2003,4906
69,female,2003,3473
69,male,2003,5090
70,female,2003,3743
70,male,2003,5361
71,female,2003,4202
71,male,2003,6057
72,female,2003,4886
72,male,2003,6478
73,female,2003,5380
73,male,2003,6999
74,female,2003,5827
74,male,2003,7452
75,female,2003,6343
75,male,2003,7717
76,female,2003,6937
76,male,2003,8229
77,female,2003,7650
77,male,2003,8658
78,female,2003,8171
78,male,2003,8723
79,female,2003,8992
79,male,2003,9371
80,female,2003,9721
80,male,2003,9368
81,female,2003,10719
81,male,2003,10009
82,female,2003,12172
82,male,2003,10443
83,female,2003,12576
83,male,2003,10215
84,female,2003,9413
84,male,2003,6863
85,female,2003,9277
85,male,2003,6624
86,female,2003,10429
86,male,2003,6594
87,female,2003,11218
87,male,2003,6640
88,female,2003,11586
88,male,2003,6300
89,female,2003,11440
89,male,2003,5782
90,female,2003,10731
90,male,2003,5076
91,female,2003,9539
91,male,2003,4164
92,female,2003,8725
92,male,2003,3501
93,female,2003,7952
93,male,2003,2837
94,female,2003,6653
94,male,2003,1991
95,female,2003,5531
95,male,2003,1603
96,female,2003,4323
96,male,2003,1054
97,female,2003,3298
97,male,2003,732
98,female,2003,2406
98,male,2003,450
99,female,2003,1669
99,male,2003,286
100,female,2003,1214
100,male,2003,192
101,female,2003,787
101,male,2003,116
102,female,2003,524
102,male,2003,61
103,female,2003,314
103,male,2003,29
104,female,2003,165
104,male,2003,18
105,female,2003,187
105,male,2003,14
0,female,2004,1462
0,male,2004,1809
1,female,2004,110
1,male,2004,131
2,female,2004,58
2,male,2004,70
3,female,2004,42
3,male,2004,64
4,female,2004,41
4,male,2004,38
5,female,2004,31
5,male,2004,27
6,female,2004,36
6,male,2004,37
7,female,2004,28
7,male,2004,34
8,female,2004,25
8,male,2004,39
9,female,2004,20
9,male,2004,37
10,female,2004,27
10,male,2004,43
11,female,2004,24
11,male,2004,32
12,female,2004,44
12,male,2004,53
13,female,2004,41
13,male,2004,54
14,female,2004,37
14,male,2004,70
15,female,2004,59
15,male,2004,102
16,female,2004,79
16,male,2004,112
17,female,2004,72
17,male,2004,177
18,female,2004,87
18,male,2004,224
19,female,2004,113
19,male,2004,218
20,female,2004,89
20,male,2004,257
21,female,2004,98
21,male,2004,212
22,female,2004,95
22,male,2004,262
23,female,2004,114
23,male,2004,274
24,female,2004,98
24,male,2004,252
25,female,2004,110
25,male,2004,268
26,female,2004,115
26,male,2004,268
27,female,2004,103
27,male,2004,263
28,female,2004,116
28,male,2004,275
29,female,2004,132
29,male,2004,299
30,female,2004,167
30,male,2004,299
31,female,2004,169
31,male,2004,360
32,female,2004,186
32,male,2004,428
33,female,2004,204
33,male,2004,414
34,female,2004,234
34,male,2004,407
35,female,2004,257
35,male,2004,490
36,female,2004,277
36,male,2004,532
37,female,2004,309
37,male,2004,541
38,female,2004,364
38,male,2004,550
39,female,2004,372
39,male,2004,625
40,female,2004,374
40,male,2004,652
41,female,2004,430
41,male,2004,610
42,female,2004,452
42,male,2004,729
43,female,2004,488
43,male,2004,810
44,female,2004,532
44,male,2004,821
45,female,2004,563
45,male,2004,826
46,female,2004,640
46,male,2004,911
47,female,2004,688
47,male,2004,974
48,female,2004,696
48,male,2004,1047
49,female,2004,717
49,male,2004,1150
50,female,2004,855
50,male,2004,1197
51,female,2004,908
51,male,2004,1387
52,female,2004,877
52,male,2004,1532
53,female,2004,1047
53,male,2004,1591
54,female,2004,1148
54,male,2004,1802
55,female,2004,1264
55,male,2004,1932
56,female,2004,1531
56,male,2004,2241
57,female,2004,1760
57,male,2004,2686
58,female,2004,1570
58,male,2004,2328
59,female,2004,1687
59,male,2004,2525
60,female,2004,1858
60,male,2004,2829
61,female,2004,1848
61,male,2004,2991
62,female,2004,1913
62,male,2004,3139
63,female,2004,1985
63,male,2004,2951
64,female,2004,2233
64,male,2004,3495
65,female,2004,2420
65,male,2004,3864
66,female,2004,2717
66,male,2004,4180
67,female,2004,2850
67,male,2004,4382
68,female,2004,3213
68,male,2004,4677
69,female,2004,3371
69,male,2004,5024
70,female,2004,3526
70,male,2004,5246
71,female,2004,3865
71,male,2004,5529
72,female,2004,4460
72,male,2004,6241
73,female,2004,5038
73,male,2004,6635
74,female,2004,5581
74,male,2004,6931
75,female,2004,6015
75,male,2004,7436
76,female,2004,6456
76,male,2004,7636
77,female,2004,7022
77,male,2004,8152
78,female,2004,7796
78,male,2004,8662
79,female,2004,8059
79,male,2004,8775
80,female,2004,8870
80,male,2004,8896
81,female,2004,9691
81,male,2004,8908
82,female,2004,10686
82,male,2004,9475
83,female,2004,11695
83,male,2004,9785
84,female,2004,12114
84,male,2004,9642
85,female,2004,9117
85,male,2004,6356
86,female,2004,8732
86,male,2004,5890
87,female,2004,9659
87,male,2004,6029
88,female,2004,10276
88,male,2004,5846
89,female,2004,10511
89,male,2004,5433
90,female,2004,10099
90,male,2004,4821
91,female,2004,9426
91,male,2004,4186
92,female,2004,8519
92,male,2004,3387
93,female,2004,7175
93,male,2004,2629
94,female,2004,6443
94,male,2004,2076
95,female,2004,5162
95,male,2004,1570
96,female,2004,4207
96,male,2004,1104
97,female,2004,3212
97,male,2004,748
98,female,2004,2273
98,male,2004,513
99,female,2004,1645
99,male,2004,327
100,female,2004,1119
100,male,2004,185
101,female,2004,795
101,male,2004,104
102,female,2004,467
102,male,2004,51
103,female,2004,299
103,male,2004,46
104,female,2004,166
104,male,2004,15
105,female,2004,186
105,male,2004,13
0,female,2005,1371
0,male,2005,1877
1,female,2005,113
1,male,2005,131
2,female,2005,51
2,male,2005,73
3,female,2005,38
3,male,2005,57
4,female,2005,20
4,male,2005,36
5,female,2005,23
5,male,2005,36
6,female,2005,32
6,male,2005,46
7,female,2005,32
7,male,2005,29
8,female,2005,21
8,male,2005,28
9,female,2005,26
9,male,2005,27
10,female,2005,27
10,male,2005,37
11,female,2005,29
11,male,2005,47
12,female,2005,41
12,male,2005,60
13,female,2005,45
13,male,2005,59
14,female,2005,47
14,male,2005,69
15,female,2005,43
15,male,2005,76
16,female,2005,72
16,male,2005,115
17,female,2005,80
17,male,2005,193
18,female,2005,90
18,male,2005,226
19,female,2005,94
19,male,2005,246
20,female,2005,96
20,male,2005,231
21,female,2005,85
21,male,2005,248
22,female,2005,94
22,male,2005,242
23,female,2005,107
23,male,2005,260
24,female,2005,96
24,male,2005,236
25,female,2005,106
25,male,2005,281
26,female,2005,114
26,male,2005,248
27,female,2005,128
27,male,2005,248
28,female,2005,112
28,male,2005,212
29,female,2005,127
29,male,2005,280
30,female,2005,127
30,male,2005,329
31,female,2005,152
31,male,2005,311
32,female,2005,181
32,male,2005,365
33,female,2005,207
33,male,2005,433
34,female,2005,227
34,male,2005,439
35,female,2005,214
35,male,2005,450
36,female,2005,269
36,male,2005,515
37,female,2005,308
37,male,2005,562
38,female,2005,316
38,male,2005,534
39,female,2005,359
39,male,2005,581
40,female,2005,395
40,male,2005,643
41,female,2005,396
41,male,2005,724
42,female,2005,485
42,male,2005,728
43,female,2005,502
43,male,2005,822
44,female,2005,561
44,male,2005,803
45,female,2005,537
45,male,2005,899
46,female,2005,571
46,male,2005,927
47,female,2005,660
47,male,2005,990
48,female,2005,757
48,male,2005,1109
49,female,2005,794
49,male,2005,1107
50,female,2005,832
50,male,2005,1247
51,female,2005,878
51,male,2005,1363
52,female,2005,982
52,male,2005,1424
53,female,2005,1020
53,male,2005,1462
54,female,2005,1144
54,male,2005,1630
55,female,2005,1252
55,male,2005,1897
56,female,2005,1429
56,male,2005,2048
57,female,2005,1708
57,male,2005,2459
58,female,2005,1856
58,male,2005,2764
59,female,2005,1672
59,male,2005,2578
60,female,2005,1719
60,male,2005,2888
61,female,2005,1956
61,male,2005,2991
62,female,2005,2035
62,male,2005,3169
63,female,2005,2036
63,male,2005,3219
64,female,2005,2134
64,male,2005,3279
65,female,2005,2401
65,male,2005,3647
66,female,2005,2772
66,male,2005,3939
67,female,2005,2932
67,male,2005,4333
68,female,2005,3013
68,male,2005,4555
69,female,2005,3331
69,male,2005,4775
70,female,2005,3486
70,male,2005,5039
71,female,2005,3736
71,male,2005,5556
72,female,2005,4301
72,male,2005,5840
73,female,2005,4628
73,male,2005,6353
74,female,2005,5313
74,male,2005,6982
75,female,2005,5887
75,male,2005,7025
76,female,2005,6389
76,male,2005,7647
77,female,2005,6767
77,male,2005,7918
78,female,2005,7470
78,male,2005,8203
79,female,2005,8194
79,male,2005,8593
80,female,2005,8633
80,male,2005,8702
81,female,2005,9445
81,male,2005,8994
82,female,2005,10058
82,male,2005,8809
83,female,2005,11261
83,male,2005,9227
84,female,2005,12205
84,male,2005,9543
85,female,2005,12407
85,male,2005,8902
86,female,2005,9016
86,male,2005,6191
87,female,2005,8663
87,male,2005,5484
88,female,2005,9604
88,male,2005,5533
89,female,2005,10120
89,male,2005,5461
90,female,2005,9930
90,male,2005,5058
91,female,2005,9620
91,male,2005,4371
92,female,2005,8621
92,male,2005,3531
93,female,2005,7768
93,male,2005,2883
94,female,2005,6439
94,male,2005,2093
95,female,2005,5408
95,male,2005,1622
96,female,2005,4324
96,male,2005,1198
97,female,2005,3357
97,male,2005,832
98,female,2005,2486
98,male,2005,561
99,female,2005,1781
99,male,2005,341
100,female,2005,1179
100,male,2005,227
101,female,2005,871
101,male,2005,124
102,female,2005,550
102,male,2005,67
103,female,2005,333
103,male,2005,30
104,female,2005,173
104,male,2005,17
105,female,2005,220
105,male,2005,21
0,female,2006,1505
0,male,2006,1863
1,female,2006,124
1,male,2006,133
2,female,2006,63
2,male,2006,72
3,female,2006,44
3,male,2006,48
4,female,2006,36
4,male,2006,39
5,female,2006,31
5,male,2006,39
6,female,2006,31
6,male,2006,29
7,female,2006,21
7,male,2006,30
8,female,2006,36
8,male,2006,42
9,female,2006,16
9,male,2006,47
10,female,2006,23
10,male,2006,42
11,female,2006,30
11,male,2006,46
12,female,2006,31
12,male,2006,43
13,female,2006,42
13,male,2006,63
14,female,2006,42
14,male,2006,67
15,female,2006,56
15,male,2006,79
16,female,2006,62
16,male,2006,129
17,female,2006,84
17,male,2006,193
18,female,2006,91
18,male,2006,212
19,female,2006,88
19,male,2006,231
20,female,2006,88
20,male,2006,243
21,female,2006,83
21,male,2006,229
22,female,2006,88
22,male,2006,262
23,female,2006,86
23,male,2006,241
24,female,2006,99
24,male,2006,237
25,female,2006,107
25,male,2006,276
26,female,2006,128
26,male,2006,253
27,female,2006,110
27,male,2006,288
28,female,2006,129
28,male,2006,238
29,female,2006,111
29,male,2006,283
30,female,2006,133
30,male,2006,303
31,female,2006,129
31,male,2006,323
32,female,2006,140
32,male,2006,382
33,female,2006,193
33,male,2006,378
34,female,2006,202
34,male,2006,408
35,female,2006,234
35,male,2006,467
36,female,2006,265
36,male,2006,494
37,female,2006,289
37,male,2006,520
38,female,2006,308
38,male,2006,550
39,female,2006,370
39,male,2006,595
40,female,2006,387
40,male,2006,619
41,female,2006,417
41,male,2006,704
42,female,2006,462
42,male,2006,736
43,female,2006,514
43,male,2006,774
44,female,2006,556
44,male,2006,856
45,female,2006,594
45,male,2006,881
46,female,2006,573
46,male,2006,927
47,female,2006,665
47,male,2006,1010
48,female,2006,762
48,male,2006,1087
49,female,2006,748
49,male,2006,1135
50,female,2006,855
50,male,2006,1207
51,female,2006,840
51,male,2006,1328
52,female,2006,967
52,male,2006,1403
53,female,2006,1022
53,male,2006,1596
54,female,2006,1073
54,male,2006,1682
55,female,2006,1186
55,male,2006,1834
56,female,2006,1409
56,male,2006,2109
57,female,2006,1456
57,male,2006,2298
58,female,2006,1699
58,male,2006,2646
59,female,2006,2039
59,male,2006,2925
60,female,2006,1735
60,male,2006,2777
61,female,2006,1958
61,male,2006,3033
62,female,2006,2100
62,male,2006,3220
63,female,2006,2170
63,male,2006,3362
64,female,2006,2196
64,male,2006,3347
65,female,2006,2191
65,male,2006,3412
66,female,2006,2521
66,male,2006,3824
67,female,2006,2803
67,male,2006,4188
68,female,2006,3127
68,male,2006,4515
69,female,2006,3105
69,male,2006,4647
70,female,2006,3485
70,male,2006,5001
71,female,2006,3748
71,male,2006,5331
72,female,2006,4004
72,male,2006,5604
73,female,2006,4436
73,male,2006,5887
74,female,2006,5082
74,male,2006,6472
75,female,2006,5642
75,male,2006,7010
76,female,2006,6028
76,male,2006,7352
77,female,2006,6559
77,male,2006,7624
78,female,2006,7060
78,male,2006,7845
79,female,2006,7791
79,male,2006,8360
80,female,2006,8253
80,male,2006,8602
81,female,2006,8935
81,male,2006,8539
82,female,2006,9431
82,male,2006,8821
83,female,2006,10230
83,male,2006,8779
84,female,2006,11281
84,male,2006,8980
85,female,2006,12224
85,male,2006,9092
86,female,2006,12180
86,male,2006,8653
87,female,2006,8837
87,male,2006,5577
88,female,2006,8336
88,male,2006,4816
89,female,2006,8907
89,male,2006,4961
90,female,2006,9155
90,male,2006,4714
91,female,2006,9266
91,male,2006,4390
92,female,2006,8582
92,male,2006,3657
93,female,2006,7595
93,male,2006,2936
94,female,2006,6384
94,male,2006,2269
95,female,2006,5297
95,male,2006,1657
96,female,2006,4267
96,male,2006,1198
97,female,2006,3334
97,male,2006,877
98,female,2006,2531
98,male,2006,554
99,female,2006,1722
99,male,2006,323
100,female,2006,1206
100,male,2006,229
101,female,2006,799
101,male,2006,132
102,female,2006,537
102,male,2006,74
103,female,2006,311
103,male,2006,33
104,female,2006,171
104,male,2006,19
105,female,2006,227
105,male,2006,21
0,female,2007,1456
0,male,2007,1889
1,female,2007,99
1,male,2007,141
2,female,2007,57
2,male,2007,95
3,female,2007,49
3,male,2007,56
4,female,2007,30
4,male,2007,47
5,female,2007,27
5,male,2007,37
6,female,2007,27
6,male,2007,37
7,female,2007,25
7,male,2007,30
8,female,2007,19
8,male,2007,41
9,female,2007,23
9,male,2007,37
10,female,2007,40
10,male,2007,20
11,female,2007,31
11,male,2007,37
12,female,2007,41
12,male,2007,43
13,female,2007,36
13,male,2007,59
14,female,2007,44
14,male,2007,67
15,female,2007,43
15,male,2007,96
16,female,2007,65
16,male,2007,116
17,female,2007,83
17,male,2007,173
18,female,2007,85
18,male,2007,193
19,female,2007,81
19,male,2007,219
20,female,2007,75
20,male,2007,229
21,female,2007,99
21,male,2007,252
22,female,2007,89
22,male,2007,241
23,female,2007,83
23,male,2007,243
24,female,2007,107
24,male,2007,253
25,female,2007,88
25,male,2007,255
26,female,2007,113
26,male,2007,280
27,female,2007,94
27,male,2007,269
28,female,2007,116
28,male,2007,294
29,female,2007,132
29,male,2007,262
30,female,2007,130
30,male,2007,298
31,female,2007,126
31,male,2007,322
32,female,2007,165
32,male,2007,370
33,female,2007,179
33,male,2007,382
34,female,2007,217
34,male,2007,406
35,female,2007,236
35,male,2007,461
36,female,2007,229
36,male,2007,487
37,female,2007,276
37,male,2007,498
38,female,2007,311
38,male,2007,526
39,female,2007,355
39,male,2007,607
40,female,2007,422
40,male,2007,646
41,female,2007,441
41,male,2007,656
42,female,2007,476
42,male,2007,804
43,female,2007,523
43,male,2007,773
44,female,2007,518
44,male,2007,806
45,female,2007,614
45,male,2007,885
46,female,2007,599
46,male,2007,911
47,female,2007,666
47,male,2007,954
48,female,2007,746
48,male,2007,1026
49,female,2007,729
49,male,2007,1132
50,female,2007,840
50,male,2007,1156
51,female,2007,861
51,male,2007,1261
52,female,2007,869
52,male,2007,1340
53,female,2007,1026
53,male,2007,1568
54,female,2007,1122
54,male,2007,1660
55,female,2007,1215
55,male,2007,1857
56,female,2007,1290
56,male,2007,2014
57,female,2007,1448
57,male,2007,2098
58,female,2007,1590
58,male,2007,2501
59,female,2007,1832
59,male,2007,2825
60,female,2007,2124
60,male,2007,3065
61,female,2007,2028
61,male,2007,2992
62,female,2007,1996
62,male,2007,3236
63,female,2007,2324
63,male,2007,3371
64,female,2007,2319
64,male,2007,3549
65,female,2007,2248
65,male,2007,3596
66,female,2007,2380
66,male,2007,3597
67,female,2007,2699
67,male,2007,3981
68,female,2007,2885
68,male,2007,4471
69,female,2007,3312
69,male,2007,4793
70,female,2007,3558
70,male,2007,4825
71,female,2007,3709
71,male,2007,5153
72,female,2007,3991
72,male,2007,5541
73,female,2007,4344
73,male,2007,5699
74,female,2007,4777
74,male,2007,6174
75,female,2007,5262
75,male,2007,6782
76,female,2007,6020
76,male,2007,7354
77,female,2007,6544
77,male,2007,7584
78,female,2007,6858
78,male,2007,7774
79,female,2007,7539
79,male,2007,8001
80,female,2007,8193
80,male,2007,8278
81,female,2007,8808
81,male,2007,8682
82,female,2007,9398
82,male,2007,8790
83,female,2007,10065
83,male,2007,8677
84,female,2007,10724
84,male,2007,8651
85,female,2007,11637
85,male,2007,8710
86,female,2007,12527
86,male,2007,8744
87,female,2007,12297
87,male,2007,8119
88,female,2007,8697
88,male,2007,5262
89,female,2007,8161
89,male,2007,4599
90,female,2007,8712
90,male,2007,4681
91,female,2007,8639
91,male,2007,4048
92,female,2007,8650
92,male,2007,3676
93,female,2007,7888
93,male,2007,3023
94,female,2007,6747
94,male,2007,2271
95,female,2007,5641
95,male,2007,1865
96,female,2007,4530
96,male,2007,1309
97,female,2007,3405
97,male,2007,943
98,female,2007,2667
98,male,2007,664
99,female,2007,1953
99,male,2007,412
100,female,2007,1366
100,male,2007,246
101,female,2007,865
101,male,2007,177
102,female,2007,577
102,male,2007,99
103,female,2007,374
103,male,2007,37
104,female,2007,210
104,male,2007,22
105,female,2007,209
105,male,2007,23
0,female,2008,1449
0,male,2008,1920
1,female,2008,109
1,male,2008,124
2,female,2008,66
2,male,2008,62
3,female,2008,53
3,male,2008,56
4,female,2008,42
4,male,2008,42
5,female,2008,29
5,male,2008,46
6,female,2008,27
6,male,2008,31
7,female,2008,23
7,male,2008,33
8,female,2008,26
8,male,2008,37
9,female,2008,32
9,male,2008,33
10,female,2008,23
10,male,2008,38
11,female,2008,28
11,male,2008,31
12,female,2008,25
12,male,2008,31
13,female,2008,36
13,male,2008,40
14,female,2008,28
14,male,2008,50
15,female,2008,49
15,male,2008,72
16,female,2008,47
16,male,2008,122
17,female,2008,71
17,male,2008,174
18,female,2008,90
18,male,2008,198
19,female,2008,94
19,male,2008,213
20,female,2008,86
20,male,2008,266
21,female,2008,94
21,male,2008,222
22,female,2008,92
22,male,2008,245
23,female,2008,92
23,male,2008,264
24,female,2008,94
24,male,2008,258
25,female,2008,98
25,male,2008,236
26,female,2008,120
26,male,2008,287
27,female,2008,111
27,male,2008,277
28,female,2008,120
28,male,2008,303
29,female,2008,137
29,male,2008,287
30,female,2008,134
30,male,2008,289
31,female,2008,140
31,male,2008,307
32,female,2008,171
32,male,2008,300
33,female,2008,198
33,male,2008,378
34,female,2008,216
34,male,2008,424
35,female,2008,215
35,male,2008,496
36,female,2008,224
36,male,2008,468
37,female,2008,289
37,male,2008,498
38,female,2008,325
38,male,2008,600
39,female,2008,358
39,male,2008,581
40,female,2008,393
40,male,2008,659
41,female,2008,440
41,male,2008,742
42,female,2008,472
42,male,2008,727
43,female,2008,532
43,male,2008,823
44,female,2008,563
44,male,2008,825
45,female,2008,597
45,male,2008,929
46,female,2008,675
46,male,2008,975
47,female,2008,659
47,male,2008,1072
48,female,2008,727
48,male,2008,1065
49,female,2008,744
49,male,2008,1159
50,female,2008,907
50,male,2008,1297
51,female,2008,939
51,male,2008,1322
52,female,2008,915
52,male,2008,1360
53,female,2008,961
53,male,2008,1455
54,female,2008,1167
54,male,2008,1635
55,female,2008,1178
55,male,2008,1778
56,female,2008,1230
56,male,2008,1875
57,female,2008,1345
57,male,2008,2095
58,female,2008,1499
58,male,2008,2227
59,female,2008,1803
59,male,2008,2608
60,female,2008,2055
60,male,2008,2997
61,female,2008,2380
61,male,2008,3364
62,female,2008,2047
62,male,2008,3108
63,female,2008,2211
63,male,2008,3439
64,female,2008,2439
64,male,2008,3602
65,female,2008,2499
65,male,2008,3714
66,female,2008,2392
66,male,2008,3689
67,female,2008,2568
67,male,2008,3729
68,female,2008,2913
68,male,2008,4346
69,female,2008,3198
69,male,2008,4688
70,female,2008,3492
70,male,2008,4981
71,female,2008,3692
71,male,2008,5290
72,female,2008,4004
72,male,2008,5562
73,female,2008,4441
73,male,2008,5963
74,female,2008,4684
74,male,2008,5900
75,female,2008,5054
75,male,2008,6506
76,female,2008,5782
76,male,2008,7015
77,female,2008,6327
77,male,2008,7517
78,female,2008,6956
78,male,2008,7772
79,female,2008,7445
79,male,2008,8210
80,female,2008,8040
80,male,2008,8236
81,female,2008,8771
81,male,2008,8635
82,female,2008,9222
82,male,2008,8631
83,female,2008,9817
83,male,2008,8586
84,female,2008,10413
84,male,2008,8691
85,female,2008,11024
85,male,2008,8491
86,female,2008,11694
86,male,2008,8671
87,female,2008,12668
87,male,2008,8262
88,female,2008,12730
88,male,2008,7699
89,female,2008,8836
89,male,2008,4943
90,female,2008,7878
90,male,2008,4215
91,female,2008,8510
91,male,2008,4165
92,female,2008,8388
92,male,2008,3615
93,female,2008,7941
93,male,2008,3123
94,female,2008,7096
94,male,2008,2469
95,female,2008,5891
95,male,2008,1949
96,female,2008,4698
96,male,2008,1489
97,female,2008,3603
97,male,2008,1049
98,female,2008,2878
98,male,2008,642
99,female,2008,2072
99,male,2008,444
100,female,2008,1463
100,male,2008,283
101,female,2008,929
101,male,2008,156
102,female,2008,622
102,male,2008,101
103,female,2008,403
103,male,2008,53
104,female,2008,232
104,male,2008,34
105,female,2008,271
105,male,2008,23
0,female,2009,1456
0,male,2009,1856
1,female,2009,84
1,male,2009,112
2,female,2009,63
2,male,2009,65
3,female,2009,50
3,male,2009,37
4,female,2009,43
4,male,2009,31
5,female,2009,35
5,male,2009,39
6,female,2009,24
6,male,2009,28
7,female,2009,21
7,male,2009,22
8,female,2009,19
8,male,2009,33
9,female,2009,33
9,male,2009,25
10,female,2009,24
10,male,2009,28
11,female,2009,32
11,male,2009,33
12,female,2009,32
12,male,2009,36
13,female,2009,35
13,male,2009,48
14,female,2009,42
14,male,2009,50
15,female,2009,48
15,male,2009,92
16,female,2009,61
16,male,2009,95
17,female,2009,60
17,male,2009,165
18,female,2009,80
18,male,2009,206
19,female,2009,79
19,male,2009,220
20,female,2009,86
20,male,2009,210
21,female,2009,93
21,male,2009,241
22,female,2009,74
22,male,2009,208
23,female,2009,94
23,male,2009,230
24,female,2009,82
24,male,2009,232
25,female,2009,111
25,male,2009,248
26,female,2009,109
26,male,2009,277
27,female,2009,108
27,male,2009,252
28,female,2009,131
28,male,2009,302
29,female,2009,142
29,male,2009,292
30,female,2009,135
30,male,2009,325
31,female,2009,147
31,male,2009,273
32,female,2009,147
32,male,2009,313
33,female,2009,159
33,male,2009,323
34,female,2009,206
34,male,2009,369
35,female,2009,219
35,male,2009,447
36,female,2009,221
36,male,2009,449
37,female,2009,269
37,male,2009,512
38,female,2009,307
38,male,2009,578
39,female,2009,323
39,male,2009,600
40,female,2009,406
40,male,2009,693
41,female,2009,411
41,male,2009,717
42,female,2009,436
42,male,2009,776
43,female,2009,494
43,male,2009,819
44,female,2009,563
44,male,2009,882
45,female,2009,633
45,male,2009,956
46,female,2009,630
46,male,2009,996
47,female,2009,651
47,male,2009,986
48,female,2009,698
48,male,2009,1054
49,female,2009,755
49,male,2009,1124
50,female,2009,844
50,male,2009,1177
51,female,2009,760
51,male,2009,1338
52,female,2009,945
52,male,2009,1375
53,female,2009,995
53,male,2009,1477
54,female,2009,1088
54,male,2009,1492
55,female,2009,1170
55,male,2009,1781
56,female,2009,1269
56,male,2009,1883
57,female,2009,1308
57,male,2009,1978
58,female,2009,1445
58,male,2009,2276
59,female,2009,1672
59,male,2009,2488
60,female,2009,1818
60,male,2009,2810
61,female,2009,2107
61,male,2009,3170
62,female,2009,2390
62,male,2009,3493
63,female,2009,2226
63,male,2009,3238
64,female,2009,2341
64,male,2009,3490
65,female,2009,2436
65,male,2009,3636
66,female,2009,2643
66,male,2009,3849
67,female,2009,2532
67,male,2009,3820
68,female,2009,2661
68,male,2009,3983
69,female,2009,2952
69,male,2009,4458
70,female,2009,3405
70,male,2009,4665
71,female,2009,3583
71,male,2009,5143
72,female,2009,3793
72,male,2009,5478
73,female,2009,4143
73,male,2009,5724
74,female,2009,4595
74,male,2009,5992
75,female,2009,4739
75,male,2009,6206
76,female,2009,5253
76,male,2009,6744
77,female,2009,5838
77,male,2009,7086
78,female,2009,6501
78,male,2009,7461
79,female,2009,7170
79,male,2009,7813
80,female,2009,7722
80,male,2009,8193
81,female,2009,8002
81,male,2009,8178
82,female,2009,8595
82,male,2009,8460
83,female,2009,9344
83,male,2009,8474
84,female,2009,9692
84,male,2009,8453
85,female,2009,10115
85,male,2009,8233
86,female,2009,10755
86,male,2009,7949
87,female,2009,11383
87,male,2009,8078
88,female,2009,11999
88,male,2009,7656
89,female,2009,11477
89,male,2009,6826
90,female,2009,7913
90,male,2009,4321
91,female,2009,7153
91,male,2009,3623
92,female,2009,7540
92,male,2009,3449
93,female,2009,7033
93,male,2009,2991
94,female,2009,6563
94,male,2009,2539
95,female,2009,5770
95,male,2009,2035
96,female,2009,4584
96,male,2009,1453
97,female,2009,3475
97,male,2009,1006
98,female,2009,2663
98,male,2009,662
99,female,2009,1927
99,male,2009,428
100,female,2009,1364
100,male,2009,255
101,female,2009,1016
101,male,2009,166
102,female,2009,598
102,male,2009,92
103,female,2009,346
103,male,2009,58
104,female,2009,202
104,male,2009,26
105,female,2009,272
105,male,2009,29
0,female,2010,1420
0,male,2010,1720
1,female,2010,107
1,male,2010,118
2,female,2010,43
2,male,2010,66
3,female,2010,46
3,male,2010,51
4,female,2010,33
4,male,2010,36
5,female,2010,26
5,male,2010,35
6,female,2010,27
6,male,2010,31
7,female,2010,26
7,male,2010,21
8,female,2010,34
8,male,2010,34
9,female,2010,22
9,male,2010,36
10,female,2010,22
10,male,2010,28
11,female,2010,21
11,male,2010,34
12,female,2010,29
12,male,2010,38
13,female,2010,26
13,male,2010,35
14,female,2010,49
14,male,2010,45
15,female,2010,51
15,male,2010,57
16,female,2010,57
16,male,2010,76
17,female,2010,78
17,male,2010,129
18,female,2010,76
18,male,2010,182
19,female,2010,80
19,male,2010,157
20,female,2010,75
20,male,2010,198
21,female,2010,59
21,male,2010,229
22,female,2010,68
22,male,2010,211
23,female,2010,95
23,male,2010,237
24,female,2010,97
24,male,2010,227
25,female,2010,97
25,male,2010,223
26,female,2010,102
26,male,2010,221
27,female,2010,126
27,male,2010,237
28,female,2010,140
28,male,2010,239
29,female,2010,112
29,male,2010,288
30,female,2010,156
30,male,2010,311
31,female,2010,132
31,male,2010,305
32,female,2010,162
32,male,2010,315
33,female,2010,158
33,male,2010,299
34,female,2010,164
34,male,2010,354
35,female,2010,209
35,male,2010,343
36,female,2010,248
36,male,2010,384
37,female,2010,295
37,male,2010,456
38,female,2010,312
38,male,2010,546
39,female,2010,299
39,male,2010,589
40,female,2010,361
40,male,2010,615
41,female,2010,428
41,male,2010,665
42,female,2010,434
42,male,2010,693
43,female,2010,491
43,male,2010,754
44,female,2010,545
44,male,2010,932
45,female,2010,566
45,male,2010,963
46,female,2010,615
46,male,2010,951
47,female,2010,681
47,male,2010,996
48,female,2010,719
48,male,2010,1065
49,female,2010,770
49,male,2010,1135
50,female,2010,797
50,male,2010,1184
51,female,2010,902
51,male,2010,1292
52,female,2010,998
52,male,2010,1436
53,female,2010,1008
53,male,2010,1449
54,female,2010,1102
54,male,2010,1533
55,female,2010,1106
55,male,2010,1661
56,female,2010,1242
56,male,2010,1934
57,female,2010,1373
57,male,2010,1988
58,female,2010,1478
58,male,2010,2126
59,female,2010,1545
59,male,2010,2334
60,female,2010,1761
60,male,2010,2672
61,female,2010,1989
61,male,2010,2925
62,female,2010,2219
62,male,2010,3386
63,female,2010,2539
63,male,2010,3860
64,female,2010,2278
64,male,2010,3491
65,female,2010,2434
65,male,2010,3674
66,female,2010,2637
66,male,2010,3991
67,female,2010,2649
67,male,2010,4070
68,female,2010,2726
68,male,2010,4092
69,female,2010,2901
69,male,2010,4179
70,female,2010,3321
70,male,2010,4624
71,female,2010,3557
71,male,2010,5018
72,female,2010,3841
72,male,2010,5477
73,female,2010,4178
73,male,2010,5741
74,female,2010,4455
74,male,2010,5994
75,female,2010,4766
75,male,2010,6300
76,female,2010,5160
76,male,2010,6480
77,female,2010,5679
77,male,2010,6886
78,female,2010,6362
78,male,2010,7489
79,female,2010,7048
79,male,2010,7675
80,female,2010,7557
80,male,2010,8042
81,female,2010,8011
81,male,2010,8296
82,female,2010,8541
82,male,2010,8223
83,female,2010,9139
83,male,2010,8243
84,female,2010,9760
84,male,2010,8427
85,female,2010,10207
85,male,2010,8338
86,female,2010,10510
86,male,2010,7960
87,female,2010,10826
87,male,2010,7699
88,female,2010,11433
88,male,2010,7358
89,female,2010,11886
89,male,2010,7267
90,female,2010,11518
90,male,2010,6202
91,female,2010,7629
91,male,2010,3813
92,female,2010,6780
92,male,2010,3114
93,female,2010,6800
93,male,2010,2917
94,female,2010,6429
94,male,2010,2626
95,female,2010,5647
95,male,2010,2046
96,female,2010,4809
96,male,2010,1518
97,female,2010,3845
97,male,2010,1045
98,female,2010,2797
98,male,2010,766
99,female,2010,2032
99,male,2010,447
100,female,2010,1492
100,male,2010,326
101,female,2010,1043
101,male,2010,193
102,female,2010,680
102,male,2010,88
103,female,2010,434
103,male,2010,48
104,female,2010,231
104,male,2010,23
105,female,2010,250
105,male,2010,20
0,female,2011,1309
0,male,2011,1845
1,female,2011,106
1,male,2011,127
2,female,2011,56
2,male,2011,73
3,female,2011,38
3,male,2011,41
4,female,2011,34
4,male,2011,37
5,female,2011,24
5,male,2011,40
6,female,2011,25
6,male,2011,30
7,female,2011,15
7,male,2011,27
8,female,2011,15
8,male,2011,31
9,female,2011,18
9,male,2011,34
10,female,2011,12
10,male,2011,29
11,female,2011,27
11,male,2011,24
12,female,2011,30
12,male,2011,35
13,female,2011,25
13,male,2011,29
14,female,2011,31
14,male,2011,46
15,female,2011,31
15,male,2011,60
16,female,2011,40
16,male,2011,84
17,female,2011,57
17,male,2011,115
18,female,2011,62
18,male,2011,139
19,female,2011,72
19,male,2011,159
20,female,2011,67
20,male,2011,193
21,female,2011,86
21,male,2011,196
22,female,2011,87
22,male,2011,208
23,female,2011,92
23,male,2011,180
24,female,2011,93
24,male,2011,181
25,female,2011,102
25,male,2011,224
26,female,2011,104
26,male,2011,214
27,female,2011,133
27,male,2011,213
28,female,2011,114
28,male,2011,258
29,female,2011,114
29,male,2011,256
30,female,2011,143
30,male,2011,275
31,female,2011,164
31,male,2011,292
32,female,2011,172
32,male,2011,278
33,female,2011,168
33,male,2011,285
34,female,2011,177
34,male,2011,323
35,female,2011,205
35,male,2011,336
36,female,2011,214
36,male,2011,399
37,female,2011,232
37,male,2011,455
38,female,2011,271
38,male,2011,487
39,female,2011,297
39,male,2011,520
40,female,2011,353
40,male,2011,589
41,female,2011,404
41,male,2011,626
42,female,2011,434
42,male,2011,741
43,female,2011,495
43,male,2011,720
44,female,2011,515
44,male,2011,838
45,female,2011,575
45,male,2011,885
46,female,2011,676
46,male,2011,965
47,female,2011,627
47,male,2011,950
48,female,2011,715
48,male,2011,1088
49,female,2011,776
49,male,2011,1117
50,female,2011,828
50,male,2011,1158
51,female,2011,884
51,male,2011,1251
52,female,2011,948
52,male,2011,1404
53,female,2011,987
53,male,2011,1533
54,female,2011,1089
54,male,2011,1532
55,female,2011,1086
55,male,2011,1663
56,female,2011,1182
56,male,2011,1799
57,female,2011,1326
57,male,2011,1915
58,female,2011,1323
58,male,2011,2177
59,female,2011,1563
59,male,2011,2172
60,female,2011,1698
60,male,2011,2475
61,female,2011,1851
61,male,2011,2687
62,female,2011,2058
62,male,2011,3075
63,female,2011,2372
63,male,2011,3533
64,female,2011,2757
64,male,2011,3996
65,female,2011,2443
65,male,2011,3570
66,female,2011,2630
66,male,2011,3918
67,female,2011,2834
67,male,2011,4091
68,female,2011,2911
68,male,2011,4158
69,female,2011,2902
69,male,2011,4130
70,female,2011,3087
70,male,2011,4479
71,female,2011,3395
71,male,2011,4983
72,female,2011,3904
72,male,2011,5314
73,female,2011,3954
73,male,2011,5501
74,female,2011,4387
74,male,2011,6000
75,female,2011,4699
75,male,2011,5992
76,female,2011,5062
76,male,2011,6503
77,female,2011,5457
77,male,2011,6540
78,female,2011,5973
78,male,2011,6868
79,female,2011,6578
79,male,2011,7563
80,female,2011,7352
80,male,2011,7927
81,female,2011,7789
81,male,2011,8061
82,female,2011,8338
82,male,2011,8244
83,female,2011,8812
83,male,2011,8196
84,female,2011,9191
84,male,2011,8277
85,female,2011,9613
85,male,2011,8214
86,female,2011,10117
86,male,2011,7752
87,female,2011,10350
87,male,2011,7535
88,female,2011,10641
88,male,2011,7188
89,female,2011,10922
89,male,2011,6935
90,female,2011,11345
90,male,2011,6546
91,female,2011,10492
91,male,2011,5595
92,female,2011,6969
92,male,2011,3268
93,female,2011,5911
93,male,2011,2696
94,female,2011,5838
94,male,2011,2309
95,female,2011,5547
95,male,2011,1917
96,female,2011,4654
96,male,2011,1546
97,female,2011,3838
97,male,2011,1162
98,female,2011,2924
98,male,2011,765
99,female,2011,2129
99,male,2011,522
100,female,2011,1482
100,male,2011,297
101,female,2011,1042
101,male,2011,201
102,female,2011,648
102,male,2011,106
103,female,2011,426
103,male,2011,56
104,female,2011,246
104,male,2011,37
105,female,2011,291
105,male,2011,31
0,female,2012,1310
0,male,2012,1730
1,female,2012,91
1,male,2012,126
2,female,2012,39
2,male,2012,67
3,female,2012,41
3,male,2012,40
4,female,2012,32
4,male,2012,40
5,female,2012,34
5,male,2012,37
6,female,2012,31
6,male,2012,31
7,female,2012,25
7,male,2012,24
8,female,2012,20
8,male,2012,32
9,female,2012,20
9,male,2012,24
10,female,2012,23
10,male,2012,27
11,female,2012,16
11,male,2012,35
12,female,2012,30
12,male,2012,35
13,female,2012,28
13,male,2012,36
14,female,2012,31
14,male,2012,39
15,female,2012,39
15,male,2012,49
16,female,2012,37
16,male,2012,61
17,female,2012,55
17,male,2012,114
18,female,2012,53
18,male,2012,181
19,female,2012,67
19,male,2012,159
20,female,2012,79
20,male,2012,173
21,female,2012,81
21,male,2012,173
22,female,2012,66
22,male,2012,183
23,female,2012,80
23,male,2012,212
24,female,2012,82
24,male,2012,192
25,female,2012,95
25,male,2012,196
26,female,2012,81
26,male,2012,214
27,female,2012,105
27,male,2012,207
28,female,2012,127
28,male,2012,233
29,female,2012,107
29,male,2012,247
30,female,2012,130
30,male,2012,274
31,female,2012,155
31,male,2012,286
32,female,2012,159
32,male,2012,273
33,female,2012,164
33,male,2012,314
34,female,2012,179
34,male,2012,281
35,female,2012,180
35,male,2012,323
36,female,2012,182
36,male,2012,327
37,female,2012,229
37,male,2012,395
38,female,2012,251
38,male,2012,429
39,female,2012,313
39,male,2012,488
40,female,2012,328
40,male,2012,602
41,female,2012,362
41,male,2012,598
42,female,2012,412
42,male,2012,622
43,female,2012,448
43,male,2012,734
44,female,2012,493
44,male,2012,804
45,female,2012,579
45,male,2012,858
46,female,2012,593
46,male,2012,914
47,female,2012,683
47,male,2012,1022
48,female,2012,715
48,male,2012,1052
49,female,2012,793
49,male,2012,1116
50,female,2012,824
50,male,2012,1188
51,female,2012,895
51,male,2012,1248
52,female,2012,948
52,male,2012,1284
53,female,2012,994
53,male,2012,1435
54,female,2012,1044
54,male,2012,1542
55,female,2012,1158
55,male,2012,1607
56,female,2012,1192
56,male,2012,1751
57,female,2012,1238
57,male,2012,1833
58,female,2012,1417
58,male,2012,1997
59,female,2012,1628
59,male,2012,2216
60,female,2012,1631
60,male,2012,2347
61,female,2012,1805
61,male,2012,2670
62,female,2012,2057
62,male,2012,2917
63,female,2012,2181
63,male,2012,3219
64,female,2012,2538
64,male,2012,3736
65,female,2012,2905
65,male,2012,4184
66,female,2012,2651
66,male,2012,3818
67,female,2012,2899
67,male,2012,4188
68,female,2012,2987
68,male,2012,4268
69,female,2012,3167
69,male,2012,4596
70,female,2012,3216
70,male,2012,4488
71,female,2012,3210
71,male,2012,4629
72,female,2012,3792
72,male,2012,5228
73,female,2012,4152
73,male,2012,5585
74,female,2012,4504
74,male,2012,5962
75,female,2012,4806
75,male,2012,6346
76,female,2012,5197
76,male,2012,6562
77,female,2012,5611
77,male,2012,6819
78,female,2012,5945
78,male,2012,7101
79,female,2012,6491
79,male,2012,7292
80,female,2012,7394
80,male,2012,7787
81,female,2012,8045
81,male,2012,8443
82,female,2012,8482
82,male,2012,8545
83,female,2012,9122
83,male,2012,8631
84,female,2012,9619
84,male,2012,8483
85,female,2012,9942
85,male,2012,8432
86,female,2012,10579
86,male,2012,8543
87,female,2012,10550
87,male,2012,7983
88,female,2012,10873
88,male,2012,7461
89,female,2012,11173
89,male,2012,6916
90,female,2012,11415
90,male,2012,6575
91,female,2012,11330
91,male,2012,6133
92,female,2012,10607
92,male,2012,5135
93,female,2012,6720
93,male,2012,3000
94,female,2012,5630
94,male,2012,2221
95,female,2012,5300
95,male,2012,2033
96,female,2012,4895
96,male,2012,1659
97,female,2012,3941
97,male,2012,1263
98,female,2012,3173
98,male,2012,863
99,female,2012,2386
99,male,2012,613
100,female,2012,1660
100,male,2012,363
101,female,2012,1109
101,male,2012,216
102,female,2012,714
102,male,2012,115
103,female,2012,458
103,male,2012,64
104,female,2012,279
104,male,2012,37
105,female,2012,341
105,male,2012,39
0,female,2013,1188
0,male,2013,1579
1,female,2013,108
1,male,2013,125
2,female,2013,49
2,male,2013,67
3,female,2013,42
3,male,2013,40
4,female,2013,30
4,male,2013,36
5,female,2013,31
5,male,2013,36
6,female,2013,27
6,male,2013,26
7,female,2013,20
7,male,2013,40
8,female,2013,24
8,male,2013,25
9,female,2013,20
9,male,2013,24
10,female,2013,29
10,male,2013,27
11,female,2013,23
11,male,2013,19
12,female,2013,19
12,male,2013,34
13,female,2013,25
13,male,2013,38
14,female,2013,37
14,male,2013,44
15,female,2013,36
15,male,2013,52
16,female,2013,42
16,male,2013,75
17,female,2013,40
17,male,2013,99
18,female,2013,61
18,male,2013,137
19,female,2013,60
19,male,2013,169
20,female,2013,68
20,male,2013,160
21,female,2013,76
21,male,2013,170
22,female,2013,81
22,male,2013,162
23,female,2013,80
23,male,2013,202
24,female,2013,81
24,male,2013,203
25,female,2013,95
25,male,2013,227
26,female,2013,102
26,male,2013,226
27,female,2013,113
27,male,2013,241
28,female,2013,130
28,male,2013,214
29,female,2013,114
29,male,2013,253
30,female,2013,147
30,male,2013,254
31,female,2013,157
31,male,2013,298
32,female,2013,168
32,male,2013,313
33,female,2013,175
33,male,2013,316
34,female,2013,194
34,male,2013,333
35,female,2013,199
35,male,2013,334
36,female,2013,209
36,male,2013,355
37,female,2013,206
37,male,2013,424
38,female,2013,240
38,male,2013,463
39,female,2013,314
39,male,2013,516
40,female,2013,301
40,male,2013,541
41,female,2013,383
41,male,2013,636
42,female,2013,403
42,male,2013,711
43,female,2013,451
43,male,2013,717
44,female,2013,546
44,male,2013,788
45,female,2013,520
45,male,2013,912
46,female,2013,562
46,male,2013,932
47,female,2013,688
47,male,2013,987
48,female,2013,687
48,male,2013,1067
49,female,2013,814
49,male,2013,1174
50,female,2013,847
50,male,2013,1204
51,female,2013,890
51,male,2013,1334
52,female,2013,963
52,male,2013,1374
53,female,2013,1023
53,male,2013,1475
54,female,2013,1063
54,male,2013,1586
55,female,2013,1193
55,male,2013,1605
56,female,2013,1235
56,male,2013,1755
57,female,2013,1338
57,male,2013,1953
58,female,2013,1402
58,male,2013,2024
59,female,2013,1451
59,male,2013,2330
60,female,2013,1589
60,male,2013,2499
61,female,2013,1778
61,male,2013,2602
62,female,2013,1933
62,male,2013,2928
63,female,2013,2182
63,male,2013,3157
64,female,2013,2323
64,male,2013,3548
65,female,2013,2766
65,male,2013,4048
66,female,2013,3064
66,male,2013,4610
67,female,2013,2915
67,male,2013,4026
68,female,2013,3035
68,male,2013,4312
69,female,2013,3268
69,male,2013,4691
70,female,2013,3380
70,male,2013,4859
71,female,2013,3363
71,male,2013,4700
72,female,2013,3527
72,male,2013,5008
73,female,2013,4122
73,male,2013,5520
74,female,2013,4542
74,male,2013,6013
75,female,2013,4899
75,male,2013,6436
76,female,2013,5269
76,male,2013,6740
77,female,2013,5639
77,male,2013,6855
78,female,2013,5998
78,male,2013,7340
79,female,2013,6429
79,male,2013,7281
80,female,2013,7165
80,male,2013,7867
81,female,2013,7784
81,male,2013,8402
82,female,2013,8650
82,male,2013,8901
83,female,2013,9133
83,male,2013,8869
84,female,2013,9774
84,male,2013,8666
85,female,2013,10142
85,male,2013,8608
86,female,2013,10253
86,male,2013,8514
87,female,2013,10771
87,male,2013,8099
88,female,2013,10720
88,male,2013,7706
89,female,2013,11013
89,male,2013,7200
90,female,2013,10871
90,male,2013,6588
91,female,2013,10936
91,male,2013,6004
92,female,2013,10679
92,male,2013,5497
93,female,2013,9735
93,male,2013,4480
94,female,2013,6095
94,male,2013,2453
95,female,2013,4996
95,male,2013,1919
96,female,2013,4694
96,male,2013,1548
97,female,2013,3870
97,male,2013,1255
98,female,2013,3146
98,male,2013,880
99,female,2013,2443
99,male,2013,573
100,female,2013,1726
100,male,2013,397
101,female,2013,1138
101,male,2013,233
102,female,2013,722
102,male,2013,139
103,female,2013,474
103,male,2013,59
104,female,2013,272
104,male,2013,48
105,female,2013,362
105,male,2013,46
0,female,2014,1229
0,male,2014,1460
1,female,2014,76
1,male,2014,132
2,female,2014,51
2,male,2014,61
3,female,2014,44
3,male,2014,51
4,female,2014,27
4,male,2014,27
5,female,2014,24
5,male,2014,32
6,female,2014,29
6,male,2014,39
7,female,2014,32
7,male,2014,30
8,female,2014,22
8,male,2014,24
9,female,2014,23
9,male,2014,37
10,female,2014,21
10,male,2014,34
11,female,2014,13
11,male,2014,28
12,female,2014,15
12,male,2014,34
13,female,2014,31
13,male,2014,35
14,female,2014,39
14,male,2014,42
15,female,2014,44
15,male,2014,49
16,female,2014,59
16,male,2014,78
17,female,2014,51
17,male,2014,98
18,female,2014,70
18,male,2014,151
19,female,2014,69
19,male,2014,160
20,female,2014,66
20,male,2014,166
21,female,2014,78
21,male,2014,180
22,female,2014,92
22,male,2014,181
23,female,2014,92
23,male,2014,224
24,female,2014,85
24,male,2014,208
25,female,2014,95
25,male,2014,182
26,female,2014,103
26,male,2014,267
27,female,2014,91
27,male,2014,242
28,female,2014,133
28,male,2014,241
29,female,2014,136
29,male,2014,264
30,female,2014,128
30,male,2014,299
31,female,2014,160
31,male,2014,276
32,female,2014,162
32,male,2014,279
33,female,2014,196
33,male,2014,312
34,female,2014,215
34,male,2014,357
35,female,2014,209
35,male,2014,373
36,female,2014,220
36,male,2014,339
37,female,2014,224
37,male,2014,361
38,female,2014,277
38,male,2014,468
39,female,2014,268
39,male,2014,476
40,female,2014,344
40,male,2014,559
41,female,2014,371
41,male,2014,628
42,female,2014,423
42,male,2014,609
43,female,2014,494
43,male,2014,716
44,female,2014,493
44,male,2014,770
45,female,2014,585
45,male,2014,915
46,female,2014,600
46,male,2014,946
47,female,2014,644
47,male,2014,1010
48,female,2014,712
48,male,2014,1047
49,female,2014,745
49,male,2014,1190
50,female,2014,881
50,male,2014,1221
51,female,2014,919
51,male,2014,1368
52,female,2014,989
52,male,2014,1406
53,female,2014,1004
53,male,2014,1499
54,female,2014,1063
54,male,2014,1582
55,female,2014,1175
55,male,2014,1702
56,female,2014,1228
56,male,2014,1752
57,female,2014,1324
57,male,2014,1884
58,female,2014,1334
58,male,2014,2104
59,female,2014,1440
59,male,2014,2247
60,female,2014,1645
60,male,2014,2390
61,female,2014,1778
61,male,2014,2585
62,female,2014,1867
62,male,2014,2831
63,female,2014,2046
63,male,2014,3046
64,female,2014,2341
64,male,2014,3437
65,female,2014,2560
65,male,2014,3764
66,female,2014,2805
66,male,2014,4209
67,female,2014,3261
67,male,2014,4910
68,female,2014,3126
68,male,2014,4355
69,female,2014,3186
69,male,2014,4663
70,female,2014,3585
70,male,2014,4983
71,female,2014,3709
71,male,2014,5156
72,female,2014,3782
72,male,2014,5208
73,female,2014,3830
73,male,2014,5107
74,female,2014,4362
74,male,2014,5857
75,female,2014,4880
75,male,2014,6284
76,female,2014,5207
76,male,2014,6677
77,female,2014,5589
77,male,2014,6851
78,female,2014,5802
78,male,2014,7266
79,female,2014,6439
79,male,2014,7511
80,female,2014,6872
80,male,2014,7827
81,female,2014,7440
81,male,2014,8010
82,female,2014,8175
82,male,2014,8497
83,female,2014,8978
83,male,2014,8800
84,female,2014,9564
84,male,2014,8697
85,female,2014,9684
85,male,2014,8671
86,female,2014,10035
86,male,2014,8239
87,female,2014,10323
87,male,2014,8243
88,female,2014,10368
88,male,2014,7823
89,female,2014,10499
89,male,2014,7150
90,female,2014,10556
90,male,2014,6558
91,female,2014,9993
91,male,2014,5703
92,female,2014,9811
92,male,2014,5315
93,female,2014,9281
93,male,2014,4584
94,female,2014,8280
94,male,2014,3475
95,female,2014,5167
95,male,2014,2076
96,female,2014,4073
96,male,2014,1460
97,female,2014,3575
97,male,2014,1113
98,female,2014,2958
98,male,2014,896
99,female,2014,2385
99,male,2014,599
100,female,2014,1619
100,male,2014,338
101,female,2014,1212
101,male,2014,232
102,female,2014,781
102,male,2014,138
103,female,2014,461
103,male,2014,67
104,female,2014,281
104,male,2014,44
105,female,2014,344
105,male,2014,45
0,female,2015,1138
0,male,2015,1583
1,female,2015,92
1,male,2015,108
2,female,2015,44
2,male,2015,59
3,female,2015,41
3,male,2015,47
4,female,2015,26
4,male,2015,43
5,female,2015,24
5,male,2015,28
6,female,2015,24
6,male,2015,31
7,female,2015,29
7,male,2015,35
8,female,2015,27
8,male,2015,24
9,female,2015,23
9,male,2015,29
10,female,2015,18
10,male,2015,35
11,female,2015,17
11,male,2015,37
12,female,2015,22
12,male,2015,29
13,female,2015,37
13,male,2015,33
14,female,2015,35
14,male,2015,32
15,female,2015,50
15,male,2015,59
16,female,2015,49
16,male,2015,64
17,female,2015,50
17,male,2015,100
18,female,2015,70
18,male,2015,142
19,female,2015,79
19,male,2015,169
20,female,2015,74
20,male,2015,167
21,female,2015,62
21,male,2015,181
22,female,2015,71
22,male,2015,191
23,female,2015,94
23,male,2015,209
24,female,2015,79
24,male,2015,222
25,female,2015,89
25,male,2015,255
26,female,2015,110
26,male,2015,205
27,female,2015,97
27,male,2015,230
28,female,2015,111
28,male,2015,244
29,female,2015,147
29,male,2015,237
30,female,2015,146
30,male,2015,248
31,female,2015,139
31,male,2015,258
32,female,2015,172
32,male,2015,358
33,female,2015,167
33,male,2015,328
34,female,2015,190
34,male,2015,365
35,female,2015,218
35,male,2015,372
36,female,2015,248
36,male,2015,415
37,female,2015,246
37,male,2015,383
38,female,2015,266
38,male,2015,434
39,female,2015,288
39,male,2015,456
40,female,2015,327
40,male,2015,518
41,female,2015,322
41,male,2015,571
42,female,2015,429
42,male,2015,664
43,female,2015,426
43,male,2015,691
44,female,2015,495
44,male,2015,800
45,female,2015,566
45,male,2015,818
46,female,2015,634
46,male,2015,910
47,female,2015,644
47,male,2015,1046
48,female,2015,723
48,male,2015,1064
49,female,2015,777
49,male,2015,1223
50,female,2015,881
50,male,2015,1425
51,female,2015,929
51,male,2015,1359
52,female,2015,1011
52,male,2015,1422
53,female,2015,1120
53,male,2015,1543
54,female,2015,1153
54,male,2015,1615
55,female,2015,1186
55,male,2015,1776
56,female,2015,1256
56,male,2015,1913
57,female,2015,1319
57,male,2015,2055
58,female,2015,1383
58,male,2015,2090
59,female,2015,1570
59,male,2015,2145
60,female,2015,1693
60,male,2015,2465
61,female,2015,1772
61,male,2015,2646
62,female,2015,1929
62,male,2015,2802
63,female,2015,2096
63,male,2015,3103
64,female,2015,2185
64,male,2015,3402
65,female,2015,2467
65,male,2015,3640
66,female,2015,2790
66,male,2015,4050
67,female,2015,3234
67,male,2015,4676
68,female,2015,3844
68,male,2015,5284
69,female,2015,3297
69,male,2015,4696
70,female,2015,3620
70,male,2015,5012
71,female,2015,3954
71,male,2015,5467
72,female,2015,4001
72,male,2015,5586
73,female,2015,4222
73,male,2015,5470
74,female,2015,4323
74,male,2015,5730
75,female,2015,4828
75,male,2015,6380
76,female,2015,5429
76,male,2015,6915
77,female,2015,5704
77,male,2015,7320
78,female,2015,6167
78,male,2015,7461
79,female,2015,6741
79,male,2015,7847
80,female,2015,7382
80,male,2015,8281
81,female,2015,7897
81,male,2015,8259
82,female,2015,8413
82,male,2015,8821
83,female,2015,9286
83,male,2015,9249
84,female,2015,10197
84,male,2015,9323
85,female,2015,10581
85,male,2015,9395
86,female,2015,10810
86,male,2015,9039
87,female,2015,10977
87,male,2015,8515
88,female,2015,11265
88,male,2015,8303
89,female,2015,11346
89,male,2015,7650
90,female,2015,11306
90,male,2015,7134
91,female,2015,10693
91,male,2015,6386
92,female,2015,10288
92,male,2015,5417
93,female,2015,9756
93,male,2015,4753
94,female,2015,9360
94,male,2015,4173
95,female,2015,7633
95,male,2015,3021
96,female,2015,4635
96,male,2015,1664
97,female,2015,3535
97,male,2015,1139
98,female,2015,3030
98,male,2015,892
99,female,2015,2438
99,male,2015,631
100,female,2015,1864
100,male,2015,474
101,female,2015,1367
101,male,2015,283
102,female,2015,820
102,male,2015,172
103,female,2015,537
103,male,2015,98
104,female,2015,304
104,male,2015,51
105,female,2015,372
105,male,2015,39
0,female,2016,1205
0,male,2016,1506
1,female,2016,93
1,male,2016,99
2,female,2016,55
2,male,2016,48
3,female,2016,33
3,male,2016,50
4,female,2016,34
4,male,2016,31
5,female,2016,20
5,male,2016,40
6,female,2016,25
6,male,2016,23
7,female,2016,20
7,male,2016,26
8,female,2016,13
8,male,2016,21
9,female,2016,25
9,male,2016,27
10,female,2016,20
10,male,2016,25
11,female,2016,27
11,male,2016,30
12,female,2016,22
12,male,2016,34
13,female,2016,23
13,male,2016,28
14,female,2016,31
14,male,2016,45
15,female,2016,35
15,male,2016,50
16,female,2016,44
16,male,2016,71
17,female,2016,48
17,male,2016,97
18,female,2016,72
18,male,2016,130
19,female,2016,63
19,male,2016,149
20,female,2016,71
20,male,2016,181
21,female,2016,85
21,male,2016,185
22,female,2016,80
22,male,2016,195
23,female,2016,73
23,male,2016,209
24,female,2016,95
24,male,2016,220
25,female,2016,98
25,male,2016,242
26,female,2016,97
26,male,2016,250
27,female,2016,115
27,male,2016,234
28,female,2016,131
28,male,2016,261
29,female,2016,128
29,male,2016,267
30,female,2016,161
30,male,2016,295
31,female,2016,153
31,male,2016,306
32,female,2016,190
32,male,2016,344
33,female,2016,189
33,male,2016,337
34,female,2016,213
34,male,2016,353
35,female,2016,215
35,male,2016,380
36,female,2016,245
36,male,2016,428
37,female,2016,239
37,male,2016,395
38,female,2016,248
38,male,2016,419
39,female,2016,263
39,male,2016,457
40,female,2016,304
40,male,2016,495
41,female,2016,345
41,male,2016,580
42,female,2016,375
42,male,2016,598
43,female,2016,430
43,male,2016,757
44,female,2016,523
44,male,2016,854
45,female,2016,605
45,male,2016,830
46,female,2016,601
46,male,2016,912
47,female,2016,682
47,male,2016,1078
48,female,2016,707
48,male,2016,1123
49,female,2016,770
49,male,2016,1207
50,female,2016,854
50,male,2016,1348
51,female,2016,996
51,male,2016,1399
52,female,2016,1062
52,male,2016,1499
53,female,2016,1109
53,male,2016,1580
54,female,2016,1199
54,male,2016,1639
55,female,2016,1265
55,male,2016,1891
56,female,2016,1366
56,male,2016,1916
57,female,2016,1427
57,male,2016,1930
58,female,2016,1517
58,male,2016,2152
59,female,2016,1663
59,male,2016,2301
60,female,2016,1666
60,male,2016,2489
61,female,2016,1762
61,male,2016,2625
62,female,2016,2046
62,male,2016,2830
63,female,2016,2110
63,male,2016,3129
64,female,2016,2220
64,male,2016,3272
65,female,2016,2400
65,male,2016,3598
66,female,2016,2840
66,male,2016,3963
67,female,2016,3057
67,male,2016,4321
68,female,2016,3478
68,male,2016,5061
69,female,2016,4106
69,male,2016,5741
70,female,2016,3606
70,male,2016,5104
71,female,2016,3944
71,male,2016,5508
72,female,2016,4422
72,male,2016,5795
73,female,2016,4453
73,male,2016,5885
74,female,2016,4378
74,male,2016,5896
75,female,2016,4509
75,male,2016,6014
76,female,2016,5389
76,male,2016,6589
77,female,2016,5781
77,male,2016,7287
78,female,2016,6366
78,male,2016,7764
79,female,2016,6520
79,male,2016,7930
80,female,2016,7168
80,male,2016,8155
81,female,2016,7576
81,male,2016,8454
82,female,2016,8102
82,male,2016,8554
83,female,2016,8842
83,male,2016,8897
84,female,2016,9498
84,male,2016,9260
85,female,2016,10268
85,male,2016,9307
86,female,2016,10689
86,male,2016,9024
87,female,2016,10833
87,male,2016,8517
88,female,2016,10743
88,male,2016,8155
89,female,2016,10840
89,male,2016,7727
90,female,2016,10654
90,male,2016,7174
91,female,2016,10297
91,male,2016,6186
92,female,2016,9715
92,male,2016,5316
93,female,2016,8944
93,male,2016,4665
94,female,2016,8123
94,male,2016,3858
95,female,2016,7588
95,male,2016,3204
96,female,2016,6254
96,male,2016,2368
97,female,2016,3598
97,male,2016,1227
98,female,2016,2593
98,male,2016,783
99,female,2016,2155
99,male,2016,559
100,female,2016,1653
100,male,2016,444
101,female,2016,1290
101,male,2016,259
102,female,2016,803
102,male,2016,149
103,female,2016,493
103,male,2016,86
104,female,2016,316
104,male,2016,54
105,female,2016,352
105,male,2016,51
0,female,2017,1190
0,male,2017,1517
1,female,2017,60
1,male,2017,89
2,female,2017,50
2,male,2017,51
3,female,2017,32
3,male,2017,43
4,female,2017,30
4,male,2017,37
5,female,2017,26
5,male,2017,38
6,female,2017,27
6,male,2017,28
7,female,2017,26
7,male,2017,31
8,female,2017,26
8,male,2017,29
9,female,2017,15
9,male,2017,33
10,female,2017,14
10,male,2017,21
11,female,2017,26
11,male,2017,25
12,female,2017,28
12,male,2017,35
13,female,2017,21
13,male,2017,38
14,female,2017,28
14,male,2017,34
15,female,2017,27
15,male,2017,56
16,female,2017,50
16,male,2017,77
17,female,2017,49
17,male,2017,108
18,female,2017,66
18,male,2017,129
19,female,2017,61
19,male,2017,144
20,female,2017,60
20,male,2017,168
21,female,2017,70
21,male,2017,167
22,female,2017,64
22,male,2017,173
23,female,2017,80
23,male,2017,173
24,female,2017,71
24,male,2017,185
25,female,2017,90
25,male,2017,222
26,female,2017,98
26,male,2017,212
27,female,2017,103
27,male,2017,230
28,female,2017,119
28,male,2017,255
29,female,2017,112
29,male,2017,255
30,female,2017,124
30,male,2017,254
31,female,2017,156
31,male,2017,285
32,female,2017,174
32,male,2017,305
33,female,2017,197
33,male,2017,321
34,female,2017,185
34,male,2017,345
35,female,2017,215
35,male,2017,376
36,female,2017,244
36,male,2017,449
37,female,2017,303
37,male,2017,469
38,female,2017,252
38,male,2017,423
39,female,2017,278
39,male,2017,462
40,female,2017,312
40,male,2017,485
41,female,2017,353
41,male,2017,587
42,female,2017,368
42,male,2017,605
43,female,2017,414
43,male,2017,702
44,female,2017,481
44,male,2017,713
45,female,2017,528
45,male,2017,856
46,female,2017,607
46,male,2017,899
47,female,2017,654
47,male,2017,1051
48,female,2017,715
48,male,2017,1103
49,female,2017,786
49,male,2017,1269
50,female,2017,892
50,male,2017,1303
51,female,2017,961
51,male,2017,1410
52,female,2017,1079
52,male,2017,1547
53,female,2017,1118
53,male,2017,1552
54,female,2017,1168
54,male,2017,1712
55,female,2017,1236
55,male,2017,1789
56,female,2017,1298
56,male,2017,1986
57,female,2017,1311
57,male,2017,2102
58,female,2017,1463
58,male,2017,2183
59,female,2017,1554
59,male,2017,2367
60,female,2017,1656
60,male,2017,2526
61,female,2017,1792
61,male,2017,2600
62,female,2017,1901
62,male,2017,2777
63,female,2017,2083
63,male,2017,3079
64,female,2017,2278
64,male,2017,3352
65,female,2017,2337
65,male,2017,3448
66,female,2017,2607
66,male,2017,3874
67,female,2017,2967
67,male,2017,4269
68,female,2017,3246
68,male,2017,4655
69,female,2017,3830
69,male,2017,5330
70,female,2017,4277
70,male,2017,6056
71,female,2017,3818
71,male,2017,5378
72,female,2017,4234
72,male,2017,5874
73,female,2017,4726
73,male,2017,6345
74,female,2017,4697
74,male,2017,6447
75,female,2017,4913
75,male,2017,6330
76,female,2017,5084
76,male,2017,6496
77,female,2017,5595
77,male,2017,6991
78,female,2017,6431
78,male,2017,7636
79,female,2017,6793
79,male,2017,8078
80,female,2017,7299
80,male,2017,8461
81,female,2017,7678
81,male,2017,8669
82,female,2017,8298
82,male,2017,8869
83,female,2017,8737
83,male,2017,8946
84,female,2017,9497
84,male,2017,9204
85,female,2017,10123
85,male,2017,9339
86,female,2017,10867
86,male,2017,9366
87,female,2017,11055
87,male,2017,9103
88,female,2017,11121
88,male,2017,8435
89,female,2017,10837
89,male,2017,7765
90,female,2017,10726
90,male,2017,7338
91,female,2017,10460
91,male,2017,6727
92,female,2017,9824
92,male,2017,5739
93,female,2017,9016
93,male,2017,4697
94,female,2017,8259
94,male,2017,3812
95,female,2017,7565
95,male,2017,3258
96,female,2017,6747
96,male,2017,2610
97,female,2017,5121
97,male,2017,1828
98,female,2017,2868
98,male,2017,859
99,female,2017,2069
99,male,2017,602
100,female,2017,1636
100,male,2017,397
101,female,2017,1177
101,male,2017,245
102,female,2017,850
102,male,2017,183
103,female,2017,582
103,male,2017,75
104,female,2017,338
104,male,2017,47
105,female,2017,415
105,male,2017,50
0,female,2018,1131
0,male,2018,1440
1,female,2018,81
1,male,2018,91
2,female,2018,30
2,male,2018,44
3,female,2018,36
3,male,2018,39
4,female,2018,17
4,male,2018,41
5,female,2018,37
5,male,2018,31
6,female,2018,25
6,male,2018,33
7,female,2018,22
7,male,2018,30
8,female,2018,23
8,male,2018,26
9,female,2018,26
9,male,2018,17
10,female,2018,27
10,male,2018,35
11,female,2018,20
11,male,2018,36
12,female,2018,16
12,male,2018,36
13,female,2018,25
13,male,2018,41
14,female,2018,28
14,male,2018,46
15,female,2018,40
15,male,2018,68
16,female,2018,42
16,male,2018,69
17,female,2018,45
17,male,2018,110
18,female,2018,67
18,male,2018,152
19,female,2018,76
19,male,2018,162
20,female,2018,68
20,male,2018,182
21,female,2018,78
21,male,2018,199
22,female,2018,85
22,male,2018,189
23,female,2018,65
23,male,2018,196
24,female,2018,82
24,male,2018,215
25,female,2018,116
25,male,2018,211
26,female,2018,100
26,male,2018,232
27,female,2018,112
27,male,2018,243
28,female,2018,132
28,male,2018,270
29,female,2018,121
29,male,2018,286
30,female,2018,154
30,male,2018,297
31,female,2018,137
31,male,2018,341
32,female,2018,181
32,male,2018,291
33,female,2018,173
33,male,2018,367
34,female,2018,231
34,male,2018,362
35,female,2018,225
35,male,2018,399
36,female,2018,233
36,male,2018,410
37,female,2018,290
37,male,2018,492
38,female,2018,296
38,male,2018,469
39,female,2018,303
39,male,2018,490
40,female,2018,263
40,male,2018,525
41,female,2018,313
41,male,2018,537
42,female,2018,359
42,male,2018,650
43,female,2018,418
43,male,2018,717
44,female,2018,482
44,male,2018,756
45,female,2018,536
45,male,2018,882
46,female,2018,623
46,male,2018,976
47,female,2018,699
47,male,2018,1045
48,female,2018,782
48,male,2018,1096
49,female,2018,814
49,male,2018,1252
50,female,2018,849
50,male,2018,1321
51,female,2018,952
51,male,2018,1458
52,female,2018,1020
52,male,2018,1586
53,female,2018,1130
53,male,2018,1720
54,female,2018,1143
54,male,2018,1785
55,female,2018,1291
55,male,2018,1909
56,female,2018,1390
56,male,2018,1995
57,female,2018,1498
57,male,2018,2213
58,female,2018,1602
58,male,2018,2306
59,female,2018,1644
59,male,2018,2332
60,female,2018,1765
60,male,2018,2518
61,female,2018,1831
61,male,2018,2710
62,female,2018,1997
62,male,2018,2838
63,female,2018,2104
63,male,2018,3092
64,female,2018,2253
64,male,2018,3197
65,female,2018,2506
65,male,2018,3532
66,female,2018,2595
66,male,2018,3800
67,female,2018,2771
67,male,2018,4064
68,female,2018,3231
68,male,2018,4609
69,female,2018,3513
69,male,2018,5227
70,female,2018,4224
70,male,2018,5861
71,female,2018,4654
71,male,2018,6606
72,female,2018,4319
72,male,2018,5747
73,female,2018,4557
73,male,2018,6361
74,female,2018,5130
74,male,2018,6721
75,female,2018,5314
75,male,2018,6893
76,female,2018,5255
76,male,2018,6682
77,female,2018,5540
77,male,2018,6871
78,female,2018,6204
78,male,2018,7514
79,female,2018,6882
79,male,2018,8081
80,female,2018,7332
80,male,2018,8577
81,female,2018,8003
81,male,2018,8920
82,female,2018,8292
82,male,2018,8905
83,female,2018,9113
83,male,2018,9181
84,female,2018,9211
84,male,2018,9152
85,female,2018,9851
85,male,2018,9183
86,female,2018,10629
86,male,2018,9576
87,female,2018,11273
87,male,2018,9334
88,female,2018,11533
88,male,2018,8901
89,female,2018,11034
89,male,2018,8296
90,female,2018,10889
90,male,2018,7372
91,female,2018,10487
91,male,2018,6644
92,female,2018,9886
92,male,2018,5871
93,female,2018,9111
93,male,2018,4853
94,female,2018,8162
94,male,2018,4021
95,female,2018,7150
95,male,2018,3128
96,female,2018,6166
96,male,2018,2544
97,female,2018,5328
97,male,2018,1907
98,female,2018,4015
98,male,2018,1293
99,female,2018,2057
99,male,2018,635
100,female,2018,1484
100,male,2018,382
101,female,2018,1161
101,male,2018,249
102,female,2018,809
102,male,2018,152
103,female,2018,493
103,male,2018,103
104,female,2018,323
104,male,2018,61
105,female,2018,388
105,male,2018,47
0,female,2019,1119
0,male,2019,1435
1,female,2019,78
1,male,2019,79
2,female,2019,51
2,male,2019,49
3,female,2019,34
3,male,2019,33
4,female,2019,27
4,male,2019,27
5,female,2019,31
5,male,2019,30
6,female,2019,33
6,male,2019,40
7,female,2019,21
7,male,2019,21
8,female,2019,19
8,male,2019,19
9,female,2019,18
9,male,2019,19
10,female,2019,26
10,male,2019,27
11,female,2019,17
11,male,2019,30
12,female,2019,13
12,male,2019,43
13,female,2019,32
13,male,2019,51
14,female,2019,34
14,male,2019,36
15,female,2019,30
15,male,2019,45
16,female,2019,40
16,male,2019,66
17,female,2019,50
17,male,2019,83
18,female,2019,76
18,male,2019,117
19,female,2019,66
19,male,2019,147
20,female,2019,59
20,male,2019,202
21,female,2019,70
21,male,2019,196
22,female,2019,91
22,male,2019,192
23,female,2019,76
23,male,2019,182
24,female,2019,93
24,male,2019,207
25,female,2019,86
25,male,2019,223
26,female,2019,108
26,male,2019,229
27,female,2019,121
27,male,2019,255
28,female,2019,118
28,male,2019,274
29,female,2019,129
29,male,2019,288
30,female,2019,154
30,male,2019,313
31,female,2019,165
31,male,2019,316
32,female,2019,162
32,male,2019,319
33,female,2019,179
33,male,2019,354
34,female,2019,220
34,male,2019,344
35,female,2019,217
35,male,2019,380
36,female,2019,227
36,male,2019,383
37,female,2019,298
37,male,2019,478
38,female,2019,285
38,male,2019,482
39,female,2019,304
39,male,2019,516
40,female,2019,341
40,male,2019,556
41,female,2019,316
41,male,2019,503
42,female,2019,367
42,male,2019,538
43,female,2019,380
43,male,2019,597
44,female,2019,457
44,male,2019,705
45,female,2019,534
45,male,2019,819
46,female,2019,600
46,male,2019,894
47,female,2019,640
47,male,2019,1005
48,female,2019,717
48,male,2019,1084
49,female,2019,765
49,male,2019,1184
50,female,2019,887
50,male,2019,1354
51,female,2019,967
51,male,2019,1440
52,female,2019,1042
52,male,2019,1515
53,female,2019,1041
53,male,2019,1668
54,female,2019,1195
54,male,2019,1797
55,female,2019,1296
55,male,2019,1899
56,female,2019,1382
56,male,2019,2141
57,female,2019,1461
57,male,2019,2141
58,female,2019,1527
58,male,2019,2288
59,female,2019,1613
59,male,2019,2405
60,female,2019,1744
60,male,2019,2553
61,female,2019,1799
61,male,2019,2667
62,female,2019,2100
62,male,2019,2923
63,female,2019,2082
63,male,2019,3019
64,female,2019,2168
64,male,2019,3171
65,female,2019,2415
65,male,2019,3517
66,female,2019,2493
66,male,2019,3728
67,female,2019,2701
67,male,2019,3957
68,female,2019,3007
68,male,2019,4344
69,female,2019,3321
69,male,2019,4832
70,female,2019,3865
70,male,2019,5232
71,female,2019,4256
71,male,2019,6195
72,female,2019,5045
72,male,2019,6847
73,female,2019,4662
73,male,2019,6144
74,female,2019,4929
74,male,2019,6529
75,female,2019,5188
75,male,2019,7092
76,female,2019,5489
76,male,2019,7163
77,female,2019,5613
77,male,2019,6828
78,female,2019,5740
78,male,2019,7078
79,female,2019,6726
79,male,2019,7822
80,female,2019,7312
80,male,2019,8489
81,female,2019,7771
81,male,2019,8795
82,female,2019,8204
82,male,2019,8951
83,female,2019,8787
83,male,2019,9137
84,female,2019,9237
84,male,2019,9364
85,female,2019,9588
85,male,2019,9141
86,female,2019,10037
86,male,2019,9087
87,female,2019,10505
87,male,2019,8935
88,female,2019,10882
88,male,2019,8883
89,female,2019,10860
89,male,2019,8340
90,female,2019,10530
90,male,2019,7405
91,female,2019,9917
91,male,2019,6655
92,female,2019,9318
92,male,2019,5725
93,female,2019,8453
93,male,2019,4950
94,female,2019,7574
94,male,2019,4081
95,female,2019,6769
95,male,2019,3159
96,female,2019,5799
96,male,2019,2449
97,female,2019,4814
97,male,2019,1792
98,female,2019,4032
98,male,2019,1346
99,female,2019,2971
99,male,2019,964
100,female,2019,1475
100,male,2019,398
101,female,2019,944
101,male,2019,221
102,female,2019,740
102,male,2019,151
103,female,2019,466
103,male,2019,80
104,female,2019,309
104,male,2019,37
105,female,2019,399
105,male,2019,61
