{
"type": "FeatureCollection",
"name": "hcp_counties",
"crs": { "type": "name", "properties": { "name": "urn:ogc:def:crs:OGC:1.3:CRS84" } },
"features": [
{ "type": "Feature", "properties": { "hcs_county": "Anglesey", "abbr": "Angle", "hcs_name": "Anglesey", "hcs_code": "AGL", "hcs_number": 2, "county": "Anglesey", "region": "Wales" }, "geometry": { "type": "Polygon", "coordinates": [ [ [ -4.632797240405771, 53.316977972003301 ], [ -4.675607005608583, 53.32117747495758 ], [ -4.697524686365842, 53.307208376516371 ], [ -4.666115963570574, 53.281731296407848 ], [ -4.660565209164474, 53.285818748274394 ], [ -4.627941810427897, 53.279446347663352 ], [ -4.625521216971094, 53.269272088056837 ], [ -4.608670468603562, 53.255903560949449 ], [ -4.614439807746226, 53.248473822394089 ], [ -4.595952328537634, 53.240420610265822 ], [ -4.568385798702216, 53.243818260085888 ], [ -4.557782937270228, 53.252707412702506 ], [ -4.575530597158374, 53.265586744653106 ], [ -4.565992292454364, 53.268466599014289 ], [ -4.552693682161641, 53.255371434695462 ], [ -4.555267176890879, 53.2495045945616 ], [ -4.522301932028561, 53.232179363203308 ], [ -4.523867281138132, 53.226537339847397 ], [ -4.503954655696332, 53.215222713965517 ], [ -4.500249426646017, 53.205259384304945 ], [ -4.504062844072387, 53.187056661621888 ], [ -4.466733137786983, 53.184291064499682 ], [ -4.44837835334464, 53.161513502399544 ], [ -4.428258740108659, 53.160564679035936 ], [ -4.414463623053474, 53.1707162923867 ], [ -4.411144655845928, 53.178560736800748 ], [ -4.385247836831473, 53.191966152045516 ], [ -4.380309119573611, 53.182461228594576 ], [ -4.386970807731313, 53.16965279032398 ], [ -4.406512132919486, 53.168869344610528 ], [ -4.419727338894656, 53.163885592394749 ], [ -4.407633032740139, 53.144236037278176 ], [ -4.383240409271118, 53.142357439125462 ], [ -4.358388935194506, 53.131432953371416 ], [ -4.345146613596909, 53.134112385352331 ], [ -4.335930079864251, 53.145577421148374 ], [ -4.318084321465815, 53.144113549794533 ], [ -4.283133514821601, 53.155781197702915 ], [ -4.245056571118669, 53.179193557080602 ], [ -4.230582698861742, 53.181586099783445 ], [ -4.216152351279093, 53.189539574398729 ], [ -4.214695867220794, 53.20452894372 ], [ -4.207841825811369, 53.211951532031293 ], [ -4.178196789387957, 53.223728259235692 ], [ -4.161825468117482, 53.222181511705465 ], [ -4.155757582233663, 53.232540097560658 ], [ -4.088481029170691, 53.262757727374307 ], [ -4.085467767557547, 53.275521148380577 ], [ -4.057572621842229, 53.301720518185483 ], [ -4.040257429860387, 53.310455428853352 ], [ -4.057008947621646, 53.314836760923747 ], [ -4.070894489919853, 53.312182381778648 ], [ -4.098391456468809, 53.317788384188148 ], [ -4.118347160446172, 53.319242907725901 ], [ -4.1349379752133, 53.314764771126669 ], [ -4.14347898209884, 53.305269047543632 ], [ -4.201136764314586, 53.295400244265835 ], [ -4.214500959234879, 53.298557946792457 ], [ -4.20419502384321, 53.31361657607961 ], [ -4.219104516055005, 53.319076183716589 ], [ -4.229603842604644, 53.345700531114318 ], [ -4.247200673506164, 53.360562949081199 ], [ -4.264428739401501, 53.360825425950829 ], [ -4.266909580136964, 53.369969856123902 ], [ -4.285905683885161, 53.372912662326613 ], [ -4.270268294286105, 53.386461524487437 ], [ -4.269942869131381, 53.394790274374571 ], [ -4.283646737269443, 53.411213670897268 ], [ -4.324812978953257, 53.418205650388032 ], [ -4.356074264204343, 53.414715369117346 ], [ -4.370888686229611, 53.424604805900998 ], [ -4.435320752749471, 53.428077150960263 ], [ -4.452457693597376, 53.417667443376892 ], [ -4.484128220095809, 53.419792124657441 ], [ -4.487419314190796, 53.413085280114139 ], [ -4.50450517540007, 53.409005645830526 ], [ -4.517031324226333, 53.414194872543035 ], [ -4.528128767565286, 53.406851749417051 ], [ -4.562810991245585, 53.407275423840908 ], [ -4.573442509619786, 53.404085330702294 ], [ -4.572053620149294, 53.391988752746983 ], [ -4.555519094490154, 53.374861066272615 ], [ -4.561531638145246, 53.35862468563024 ], [ -4.569024292819256, 53.353182702348136 ], [ -4.573968757841555, 53.333361776014748 ], [ -4.571890693266655, 53.324075551973465 ], [ -4.561232747403512, 53.313570795625488 ], [ -4.566816798216832, 53.293945921933357 ], [ -4.575713036777517, 53.287940624912707 ], [ -4.58788909557815, 53.291910293567923 ], [ -4.596194028371094, 53.30556609264179 ], [ -4.615100620128783, 53.308693675492577 ], [ -4.632797240405771, 53.316977972003301 ] ] ] } },
{ "type": "Feature", "properties": { "hcs_county": "Bedford", "abbr": "Beds", "hcs_name": "Bedfordshire", "hcs_code": "BED", "hcs_number": 9, "county": "Bedfordshire", "region": "East of England" }, "geometry": { "type": "Polygon", "coordinates": [ [ [ -0.537630929253858, 51.83148056788955 ], [ -0.505761121407195, 51.829067215903017 ], [ -0.501839324345978, 51.836811756907245 ], [ -0.481352890348778, 51.833947160768474 ], [ -0.460535641340238, 51.836027373116679 ], [ -0.471166560766704, 51.845481589867134 ], [ -0.496599896739029, 51.84404071345304 ], [ -0.520091101036645, 51.853888728543318 ], [ -0.536908672029076, 51.868517170763305 ], [ -0.537188475500437, 51.88075990278022 ], [ -0.518410028519456, 51.878464244243887 ], [ -0.48578535738227, 51.888927700322533 ], [ -0.464228210268197, 51.869788853432397 ], [ -0.432712683684305, 51.848094087613319 ], [ -0.422753196960656, 51.850851585802026 ], [ -0.397869653787854, 51.83712328867054 ], [ -0.376138233114346, 51.829612477799195 ], [ -0.339568228483099, 51.849569231452222 ], [ -0.355238677661517, 51.867251138558331 ], [ -0.351974569827505, 51.879628815098521 ], [ -0.3647106819011, 51.894070567025253 ], [ -0.373909286384437, 51.895312439954246 ], [ -0.384911931426964, 51.911251941705494 ], [ -0.38977479764581, 51.92601940845136 ], [ -0.402114936451521, 51.930034850443718 ], [ -0.406348546939573, 51.941220870906378 ], [ -0.400279836972911, 51.964876565749186 ], [ -0.391356685413839, 51.976901237479836 ], [ -0.378186046305847, 51.97157128289399 ], [ -0.382683972843659, 51.950957756321095 ], [ -0.372043229385847, 51.948162706301673 ], [ -0.350174915555355, 51.957514017878005 ], [ -0.3515071048927, 51.973492440124929 ], [ -0.368013085480166, 51.980150638867492 ], [ -0.358461350522638, 51.985511654531777 ], [ -0.315301257482494, 51.981957116853465 ], [ -0.290650502640537, 51.974256110690675 ], [ -0.292444735465793, 51.991062934685829 ], [ -0.300008460408508, 52.000769699042216 ], [ -0.283887148517792, 52.001795965545497 ], [ -0.272261547481892, 51.988057960437594 ], [ -0.271935252754834, 51.976786749935314 ], [ -0.253306769506369, 51.977931760072877 ], [ -0.238841974277783, 51.996596233002727 ], [ -0.213402702615022, 52.008515670481437 ], [ -0.2012386428704, 52.009829413790357 ], [ -0.219523024280585, 52.036678053612484 ], [ -0.194959107395435, 52.062400700313795 ], [ -0.172087473728176, 52.062276417888341 ], [ -0.157618392101052, 52.080438370742712 ], [ -0.150450773686186, 52.088830735464342 ], [ -0.146191190386623, 52.106036652096194 ], [ -0.144113892855307, 52.132968248864643 ], [ -0.154722521825693, 52.144397611782402 ], [ -0.171686462327641, 52.139471404417293 ], [ -0.234480561585102, 52.14527989430438 ], [ -0.227750359743016, 52.150679911658429 ], [ -0.255472932238401, 52.163682755351829 ], [ -0.267076170020473, 52.164883720712687 ], [ -0.260779190347597, 52.176399405913827 ], [ -0.241052740886985, 52.189737306129402 ], [ -0.260439110672063, 52.205384261929467 ], [ -0.282893321734778, 52.214629479968572 ], [ -0.271848064851016, 52.223675899861213 ], [ -0.270695088967309, 52.238845734750655 ], [ -0.298475249113209, 52.240986752476601 ], [ -0.313680319636643, 52.238948177147165 ], [ -0.323028801231908, 52.243141806631712 ], [ -0.343406008476597, 52.241901934787627 ], [ -0.344157450922558, 52.235175620427469 ], [ -0.37347946467627, 52.233383457577915 ], [ -0.38063227816932, 52.273235510178615 ], [ -0.375014446682858, 52.280504765662549 ], [ -0.403718171118455, 52.285435453435582 ], [ -0.419000079691988, 52.284254550309605 ], [ -0.426970298015211, 52.290788724890923 ], [ -0.405870413262124, 52.320931176193824 ], [ -0.392545863952412, 52.329791925587465 ], [ -0.396501620391035, 52.338166349152502 ], [ -0.413635180247467, 52.329649286593131 ], [ -0.451779496383121, 52.317463027958176 ], [ -0.465306913767058, 52.322965923135108 ], [ -0.506597683030346, 52.319883259586483 ], [ -0.519821125400553, 52.316613432310227 ], [ -0.521591922067083, 52.304682573041084 ], [ -0.540140092279322, 52.291854055181389 ], [ -0.531194437588095, 52.270386033951446 ], [ -0.541747806908567, 52.256129230354375 ], [ -0.554686414833352, 52.258180823924917 ], [ -0.565608841726664, 52.25353595596745 ], [ -0.585556092104088, 52.272440942407883 ], [ -0.601638984003095, 52.278444785848187 ], [ -0.627057296094676, 52.274844452180766 ], [ -0.649715758145846, 52.254072447085605 ], [ -0.637314157499035, 52.227274539133688 ], [ -0.661795476241458, 52.207764456420833 ], [ -0.668096308047599, 52.195036555507478 ], [ -0.643936087656536, 52.189009826369102 ], [ -0.627650775753686, 52.181599106530257 ], [ -0.63501467959355, 52.168544857374087 ], [ -0.631087917074015, 52.154800216850802 ], [ -0.63459404881902, 52.13797440447339 ], [ -0.607469039540578, 52.133990232816082 ], [ -0.59891777541148, 52.125836660879862 ], [ -0.590539648895167, 52.108824087301635 ], [ -0.603926694872922, 52.099110372593699 ], [ -0.605770179869864, 52.092081681041499 ], [ -0.635496726466791, 52.078095898157081 ], [ -0.674840499798599, 52.04284002517025 ], [ -0.655356382431326, 52.044925150347382 ], [ -0.64201989252023, 52.041142895008313 ], [ -0.643009910590081, 52.025931425159975 ], [ -0.649462866770009, 52.015755467618426 ], [ -0.637996689521062, 51.999384041871224 ], [ -0.641077574159714, 51.992458494728133 ], [ -0.659282929022687, 51.992953265154043 ], [ -0.656121591915432, 51.981997170101749 ], [ -0.6456577451123, 51.972216240272751 ], [ -0.655264890699443, 51.960576726374988 ], [ -0.673077225092056, 51.952212347372999 ], [ -0.682957766977286, 51.94181991361291 ], [ -0.669786177052304, 51.933914938208588 ], [ -0.669282969642769, 51.907155335522475 ], [ -0.672909527110259, 51.901979993782575 ], [ -0.654679904079494, 51.887854117262144 ], [ -0.637416917977962, 51.88264197735117 ], [ -0.620134046028517, 51.885488181426446 ], [ -0.608124024348432, 51.87534150924639 ], [ -0.577367421158826, 51.866032935012257 ], [ -0.571445556972163, 51.855064931987712 ], [ -0.54841057639497, 51.836057230386508 ], [ -0.537630929253858, 51.83148056788955 ] ] ] } },
{ "type": "Feature", "properties": { "hcs_county": "Berks", "abbr": "Berks", "hcs_name": "Berkshire", "hcs_code": "BER", "hcs_number": 10, "county": "Berkshire", "region": "South East England" }, "geometry": { "type": "Polygon", "coordinates": [ [ [ -0.571700814472357, 51.45099916149497 ], [ -0.572670705844521, 51.459939236447106 ], [ -0.5625094477992, 51.468099328845206 ], [ -0.584906889650192, 51.472837107241794 ], [ -0.580649909096965, 51.478859672198737 ], [ -0.60045344118249, 51.493711267747891 ], [ -0.607868070056576, 51.486475967775142 ], [ -0.622476871551116, 51.486784654887757 ], [ -0.633850454888763, 51.492663485508317 ], [ -0.655322225306743, 51.48717447843768 ], [ -0.678670432957527, 51.494631208161437 ], [ -0.683214225601598, 51.504556708649211 ], [ -0.703540396670082, 51.512827694797672 ], [ -0.690729999535689, 51.556299657762999 ], [ -0.699109588731676, 51.56541953941769 ], [ -0.711161363973464, 51.564892209598007 ], [ -0.715050501802873, 51.576761316157928 ], [ -0.72774636408343, 51.577707783673937 ], [ -0.756570088470108, 51.564927854847362 ], [ -0.776489412832233, 51.565788775507208 ], [ -0.782377676655945, 51.55626417368488 ], [ -0.796842371211642, 51.55142659295818 ], [ -0.825754615731857, 51.549742657601143 ], [ -0.8464719796677, 51.545100892120594 ], [ -0.863494931699392, 51.549633316302163 ], [ -0.874019029664187, 51.561014519455078 ], [ -0.888072953038828, 51.558698318936287 ], [ -0.893629924919374, 51.549322495741698 ], [ -0.90015936913481, 51.540251930268212 ], [ -0.896338989052648, 51.533758818292043 ], [ -0.878678100914104, 51.523595412986609 ], [ -0.880602729313052, 51.514099704188439 ], [ -0.87193890443591, 51.507583935065988 ], [ -0.892344658846533, 51.496932965502566 ], [ -0.897811495728586, 51.486879587884758 ], [ -0.92339983374259, 51.467197174244959 ], [ -0.949835439161804, 51.459536813500321 ], [ -0.967824714625489, 51.460942195008442 ], [ -0.996151566816025, 51.46983324803152 ], [ -1.013997807530854, 51.466295177345984 ], [ -1.037949023560748, 51.475833098982477 ], [ -1.037405465023564, 51.483852720186562 ], [ -1.050765171814679, 51.491756240183406 ], [ -1.087871224972298, 51.485794577967042 ], [ -1.104335907252224, 51.492222674657945 ], [ -1.108907793865719, 51.504569209523069 ], [ -1.118963276087171, 51.511795645263092 ], [ -1.13407580610143, 51.511365405312972 ], [ -1.143946516353319, 51.522996192711275 ], [ -1.134629613075839, 51.532875260920328 ], [ -1.147013051425591, 51.551750153556355 ], [ -1.141859382944982, 51.560476456864563 ], [ -1.126448171271501, 51.570016120255247 ], [ -1.126442125310221, 51.581811103856815 ], [ -1.114943967419866, 51.608055481265332 ], [ -1.115510662263097, 51.618893088189417 ], [ -1.140919305716219, 51.62415756710039 ], [ -1.15734349181134, 51.636147893755201 ], [ -1.180776882070779, 51.635524534015495 ], [ -1.180954478693323, 51.653794207136748 ], [ -1.197101331741863, 51.658777575470872 ], [ -1.208278638774423, 51.655918632072449 ], [ -1.211101597703217, 51.644468203906229 ], [ -1.233120322543748, 51.641630975880076 ], [ -1.262602539039265, 51.650047014711646 ], [ -1.279201010888193, 51.646012741402366 ], [ -1.281144324013638, 51.66828320918755 ], [ -1.262809097905303, 51.670271021487608 ], [ -1.246698113830834, 51.667164808422513 ], [ -1.227029223565829, 51.675824227389171 ], [ -1.221835271787471, 51.684461798507769 ], [ -1.230807941570996, 51.699317758637704 ], [ -1.235356480731775, 51.714880077050289 ], [ -1.242297425047923, 51.720388179714554 ], [ -1.24404070413124, 51.743561830259246 ], [ -1.261560853973442, 51.746757305259422 ], [ -1.276454624584865, 51.743871045729705 ], [ -1.288935346352266, 51.750999487407718 ], [ -1.289333968537939, 51.758602055068003 ], [ -1.300977399778348, 51.770562954361793 ], [ -1.306882088793418, 51.790063209931454 ], [ -1.337436858070581, 51.784656932964346 ], [ -1.361249401098177, 51.773690908384744 ], [ -1.365251643933278, 51.748116798951251 ], [ -1.374074164190168, 51.737161425805247 ], [ -1.366967528182217, 51.729615369965728 ], [ -1.372554467991408, 51.718630066244678 ], [ -1.391599601201942, 51.706403088178448 ], [ -1.442037889900143, 51.712416489422942 ], [ -1.463306753042583, 51.712420948484933 ], [ -1.462822629015188, 51.701782635833347 ], [ -1.482877538752913, 51.701526023779628 ], [ -1.492070077520731, 51.693847659262786 ], [ -1.516646098376279, 51.701703867503873 ], [ -1.534452620672994, 51.698206789498371 ], [ -1.545507357802167, 51.703159904861806 ], [ -1.580352234517995, 51.69594626083871 ], [ -1.598501516041806, 51.68794087859024 ], [ -1.606830145973512, 51.692054723809591 ], [ -1.627910701480598, 51.683930547798894 ], [ -1.64826412702385, 51.684051847248199 ], [ -1.675114230266884, 51.682418261138523 ], [ -1.676105920462778, 51.688481111753411 ], [ -1.693836973528796, 51.69267803999346 ], [ -1.705646860272621, 51.685030984770798 ], [ -1.71141468669828, 51.671719501114879 ], [ -1.719265354496698, 51.669826510271328 ], [ -1.69498610382943, 51.66906941103224 ], [ -1.689173377584385, 51.656744907493135 ], [ -1.662747148646476, 51.631289904495972 ], [ -1.673150533428102, 51.622593095229618 ], [ -1.666842271441099, 51.617603304753807 ], [ -1.690405936759968, 51.605543635660375 ], [ -1.684757528218107, 51.590345412561909 ], [ -1.691105875098278, 51.583508733931431 ], [ -1.676489322305284, 51.569383355950293 ], [ -1.655042806947729, 51.576482934250855 ], [ -1.64779139300739, 51.572003058954998 ], [ -1.634108551402017, 51.553261832026422 ], [ -1.613741977877423, 51.536538886833917 ], [ -1.6028129891105, 51.518299288704206 ], [ -1.588018757592845, 51.513016591755267 ], [ -1.582122198166569, 51.495082070521079 ], [ -1.572405048714041, 51.490537351907555 ], [ -1.566789067223185, 51.476890367081992 ], [ -1.545561388694602, 51.45892430414434 ], [ -1.529266025535368, 51.455490253343015 ], [ -1.524082193038822, 51.440875585876029 ], [ -1.531979528103395, 51.429500233785106 ], [ -1.511941485505648, 51.421675409527879 ], [ -1.532640491241757, 51.410951874811566 ], [ -1.529583080635597, 51.403461871660447 ], [ -1.537629985498194, 51.388290171636726 ], [ -1.556299711570659, 51.396560847304713 ], [ -1.559495445303733, 51.385420348363077 ], [ -1.570445993927806, 51.378058633088372 ], [ -1.570047672779219, 51.3679888935132 ], [ -1.550932476354785, 51.370788904823904 ], [ -1.544497110343175, 51.356095441091561 ], [ -1.548558169106296, 51.332848260621191 ], [ -1.565191417858482, 51.339761817416118 ], [ -1.579983255524006, 51.339490082929039 ], [ -1.574195263827936, 51.320981249642053 ], [ -1.560616619177024, 51.326355983508897 ], [ -1.537121238812632, 51.330524610544195 ], [ -1.539581619000813, 51.337535367848766 ], [ -1.53844335829374, 51.368503864804971 ], [ -1.513723305559645, 51.37249350036582 ], [ -1.502355287179308, 51.368796734610285 ], [ -1.500642348254152, 51.356320760293158 ], [ -1.486701254368774, 51.349388935326168 ], [ -1.477738536602183, 51.358021956595714 ], [ -1.449664276369493, 51.350252404960216 ], [ -1.432377496603978, 51.355788356808368 ], [ -1.411158847010331, 51.372855080046961 ], [ -1.378151123198999, 51.367839460003957 ], [ -1.347719419264904, 51.367200762895862 ], [ -1.312167831627892, 51.373048761804434 ], [ -1.272424099839327, 51.367749832868178 ], [ -1.251899505065864, 51.371963758640355 ], [ -1.240257620395236, 51.366207183986468 ], [ -1.222381563154131, 51.369728459844332 ], [ -1.188763616183883, 51.363147911958286 ], [ -1.138835188365552, 51.357204032588655 ], [ -1.116275215335136, 51.358437897349518 ], [ -1.115346349309606, 51.37427338310529 ], [ -1.084440808634422, 51.384441629283096 ], [ -1.050079311650305, 51.358112598046354 ], [ -1.011852483378723, 51.359240419881935 ], [ -0.990117802898898, 51.363213293806965 ], [ -0.972591890945211, 51.359944736890498 ], [ -0.923475294686846, 51.366023021865523 ], [ -0.9056286074095, 51.357982986295923 ], [ -0.847572093398069, 51.352449217027186 ], [ -0.828192090067425, 51.352861876194645 ], [ -0.813003523448823, 51.3412762924359 ], [ -0.793961759624697, 51.34103418610033 ], [ -0.77541541791168, 51.331959921930029 ], [ -0.764673883709874, 51.337000599250601 ], [ -0.735352778605605, 51.365009430121539 ], [ -0.696524949903587, 51.374548932331528 ], [ -0.664321509556766, 51.385747685172078 ], [ -0.641499602629811, 51.387951542910315 ], [ -0.617977719652553, 51.399140159637319 ], [ -0.605076321220472, 51.417593979858552 ], [ -0.605091750005263, 51.431306915586951 ], [ -0.571700814472357, 51.45099916149497 ] ] ] } },
{ "type": "Feature", "properties": { "hcs_county": "Brecknock", "abbr": "Breck", "hcs_name": "Brecknockshire", "hcs_code": "BRN", "hcs_number": 12, "county": "Breconshire", "region": "Wales" }, "geometry": { "type": "Polygon", "coordinates": [ [ [ -3.758637703650871, 52.128227540782028 ], [ -3.720308334111601, 52.117491014787852 ], [ -3.715277701564853, 52.103076799524821 ], [ -3.722755462138224, 52.099442098920925 ], [ -3.720248843944371, 52.087590414245774 ], [ -3.701070738922719, 52.082432122847337 ], [ -3.668813329647907, 52.069428946702637 ], [ -3.679884370233547, 52.062119401268092 ], [ -3.662786402694388, 52.052423164390426 ], [ -3.64713165121728, 52.038758557211757 ], [ -3.660093859581658, 52.033062718689088 ], [ -3.675224067169811, 52.021046804215352 ], [ -3.691404431006113, 51.995634749802882 ], [ -3.708325595879237, 51.986778986846126 ], [ -3.713265868564815, 51.978571456726144 ], [ -3.710725983529231, 51.9611731316771 ], [ -3.695810693133819, 51.946506532579917 ], [ -3.721036370833608, 51.942071629495032 ], [ -3.719060375059101, 51.927656123996854 ], [ -3.727520647014647, 51.910584586041082 ], [ -3.718035381270807, 51.901170668961797 ], [ -3.714216826400147, 51.888341059817542 ], [ -3.721890922014464, 51.877634150668541 ], [ -3.740630800202613, 51.863020787178385 ], [ -3.763555469665344, 51.853783503695695 ], [ -3.772618617779038, 51.84608946834225 ], [ -3.784189196880302, 51.828375497391171 ], [ -3.788023944172774, 51.812428630518227 ], [ -3.80561183671573, 51.799517460461651 ], [ -3.806788830936016, 51.787770526769627 ], [ -3.801877604107797, 51.782223969997872 ], [ -3.779379113632459, 51.772703770807901 ], [ -3.774138524898222, 51.762507787408815 ], [ -3.759045326026978, 51.768653781824597 ], [ -3.745906861863306, 51.763580789054451 ], [ -3.728882292508017, 51.775692537389759 ], [ -3.711374534370211, 51.770714896238943 ], [ -3.696308254474816, 51.778106630036632 ], [ -3.669323261415977, 51.785473291201932 ], [ -3.655075898879042, 51.785104780487586 ], [ -3.628823283325827, 51.774831507619446 ], [ -3.601133845812282, 51.772663049500714 ], [ -3.590049702284567, 51.756709267591035 ], [ -3.572237069343276, 51.760684756076287 ], [ -3.567312870773785, 51.75578741411595 ], [ -3.542986805660054, 51.748752309382255 ], [ -3.527611517203262, 51.753046662384385 ], [ -3.506173336397159, 51.737679458782459 ], [ -3.483477894457892, 51.734099523011103 ], [ -3.467549580098817, 51.745364663123233 ], [ -3.461971376140888, 51.758866017823614 ], [ -3.438598807355929, 51.762498781841543 ], [ -3.420658024598612, 51.756679276097309 ], [ -3.406830460313593, 51.759475513011658 ], [ -3.393774963897063, 51.768458665286062 ], [ -3.385005752300879, 51.780474252077546 ], [ -3.364498694932293, 51.782734527396251 ], [ -3.363787101076182, 51.791037724113309 ], [ -3.334457749984374, 51.790383179028275 ], [ -3.309924092644882, 51.793490305034908 ], [ -3.293601168756092, 51.772534973580719 ], [ -3.280015774555184, 51.782977096617437 ], [ -3.257305079798458, 51.786453667715605 ], [ -3.245787565570173, 51.783410329325314 ], [ -3.238540002239984, 51.795820836769344 ], [ -3.206224682659747, 51.793566544787559 ], [ -3.187631384959099, 51.798347987186851 ], [ -3.164411249282574, 51.797428235540401 ], [ -3.130249749892708, 51.792770913335744 ], [ -3.105960590462322, 51.795486315186714 ], [ -3.100670363833409, 51.810731048208083 ], [ -3.092066252777516, 51.818363382857683 ], [ -3.079661186590475, 51.818842879162681 ], [ -3.069761603486556, 51.826849745256389 ], [ -3.075905662281778, 51.834668976577937 ], [ -3.091223217026733, 51.839442880353069 ], [ -3.083811553621893, 51.850146236074806 ], [ -3.063495972067791, 51.863301279312829 ], [ -3.073338277539692, 51.871932315033547 ], [ -3.064260399982089, 51.878504015050488 ], [ -3.045781159925638, 51.880852706343042 ], [ -3.038828050660649, 51.894010534087471 ], [ -3.049507548524291, 51.911454901858534 ], [ -3.078879139991495, 51.924828033064259 ], [ -3.080191672211289, 51.93494419582656 ], [ -3.090021274473853, 51.950309816978859 ], [ -3.079181778559121, 51.957266290533539 ], [ -3.093104660382202, 51.965152643467022 ], [ -3.078114899049323, 51.973220319287137 ], [ -3.068034449205827, 51.983720825412874 ], [ -3.088844886683155, 52.015089956958015 ], [ -3.099204799314928, 52.022637529662106 ], [ -3.086261610766531, 52.040320096807562 ], [ -3.090603527795137, 52.050311747852213 ], [ -3.111515056936986, 52.06492005377509 ], [ -3.12580294374192, 52.078257594565869 ], [ -3.145317593462457, 52.070812846001154 ], [ -3.166601397549802, 52.071360614648597 ], [ -3.17213322610526, 52.057066521475008 ], [ -3.189924489784514, 52.057700871174738 ], [ -3.201033152781211, 52.043112916076332 ], [ -3.207668632273135, 52.043871187027158 ], [ -3.22575868373906, 52.033253634380223 ], [ -3.27271669204215, 52.039141766010424 ], [ -3.279895992932482, 52.054585568996018 ], [ -3.30001926922068, 52.068448315150107 ], [ -3.311665880873411, 52.08055575562507 ], [ -3.322241414250521, 52.079961738954886 ], [ -3.350261400650981, 52.090440210501058 ], [ -3.354410132552319, 52.101610632979927 ], [ -3.350447246791952, 52.113782441113017 ], [ -3.360438441506894, 52.12049098630559 ], [ -3.366644820341708, 52.13491120547053 ], [ -3.363322314799191, 52.143658331761749 ], [ -3.371357721005453, 52.152718686575859 ], [ -3.390465301075778, 52.155656692536901 ], [ -3.401419253400742, 52.150385254488128 ], [ -3.435330802800485, 52.169757000873268 ], [ -3.462624966515612, 52.177483300271895 ], [ -3.461087271095133, 52.185686862612357 ], [ -3.446273963283241, 52.196860203497792 ], [ -3.456377965729093, 52.207661006296938 ], [ -3.443139537335627, 52.211551532290088 ], [ -3.443483972972255, 52.219968925708535 ], [ -3.45623367324704, 52.24145918827346 ], [ -3.473316253005009, 52.253630156513665 ], [ -3.497106485878648, 52.253443158880145 ], [ -3.508436511964152, 52.275948972094653 ], [ -3.527881104046025, 52.283472965110917 ], [ -3.533132131303605, 52.289898398653143 ], [ -3.55887197366874, 52.278076105156011 ], [ -3.58782064565346, 52.259572391042475 ], [ -3.588130227291115, 52.251275367887885 ], [ -3.604439233411978, 52.240207140842806 ], [ -3.632850168309529, 52.247044524949501 ], [ -3.636521266559938, 52.251742334866726 ], [ -3.657253734636265, 52.256620552619587 ], [ -3.663587223747205, 52.268939493727949 ], [ -3.705960335758954, 52.275139253655361 ], [ -3.73030023102835, 52.27174480523761 ], [ -3.752957553168514, 52.251198778222751 ], [ -3.744246895078815, 52.246009984823942 ], [ -3.749956898397838, 52.233726905824589 ], [ -3.742802841223471, 52.229056564878995 ], [ -3.75050102724294, 52.217157011190643 ], [ -3.746059869278013, 52.210706403450565 ], [ -3.752260218082141, 52.197592584040542 ], [ -3.750811290977345, 52.164305975195504 ], [ -3.741548507753953, 52.139108489504217 ], [ -3.758637703650871, 52.128227540782028 ] ] ] } },
{ "type": "Feature", "properties": { "hcs_county": "Buckingham", "abbr": "Bucks", "hcs_name": "Buckinghamshire", "hcs_code": "BUC", "hcs_number": 13, "county": "Buckinghamshire", "region": "South East England" }, "geometry": { "type": "Polygon", "coordinates": [ [ [ -0.893629924919374, 51.549322495741698 ], [ -0.888072953038828, 51.558698318936287 ], [ -0.874019029664187, 51.561014519455078 ], [ -0.863494931699392, 51.549633316302163 ], [ -0.8464719796677, 51.545100892120594 ], [ -0.825754615731857, 51.549742657601143 ], [ -0.796842371211642, 51.55142659295818 ], [ -0.782377676655945, 51.55626417368488 ], [ -0.776489412832233, 51.565788775507208 ], [ -0.756570088470108, 51.564927854847362 ], [ -0.72774636408343, 51.577707783673937 ], [ -0.715050501802873, 51.576761316157928 ], [ -0.711161363973464, 51.564892209598007 ], [ -0.699109588731676, 51.56541953941769 ], [ -0.690729999535689, 51.556299657762999 ], [ -0.703540396670082, 51.512827694797672 ], [ -0.683214225601598, 51.504556708649211 ], [ -0.678670432957527, 51.494631208161437 ], [ -0.655322225306743, 51.48717447843768 ], [ -0.633850454888763, 51.492663485508317 ], [ -0.622476871551116, 51.486784654887757 ], [ -0.607868070056576, 51.486475967775142 ], [ -0.60045344118249, 51.493711267747891 ], [ -0.580649909096965, 51.478859672198737 ], [ -0.584906889650192, 51.472837107241794 ], [ -0.5625094477992, 51.468099328845206 ], [ -0.572670705844521, 51.459939236447106 ], [ -0.571700814472357, 51.45099916149497 ], [ -0.554444218969461, 51.441389772950757 ], [ -0.522800616694982, 51.434985688772485 ], [ -0.534263, 51.455311620684391 ], [ -0.523711444172042, 51.472431581194506 ], [ -0.52317089195568, 51.482438577414477 ], [ -0.504158014120756, 51.481114093956691 ], [ -0.491398701584325, 51.493106266929665 ], [ -0.483226074104676, 51.507083782697904 ], [ -0.492392643119462, 51.517136940188855 ], [ -0.489053292574006, 51.529250909878456 ], [ -0.495466107063092, 51.538618825880839 ], [ -0.477204672549392, 51.555710246710767 ], [ -0.500571749238835, 51.59968129438024 ], [ -0.519682159106293, 51.60096826316699 ], [ -0.529944768639105, 51.61691990885317 ], [ -0.537863221705536, 51.642365967059739 ], [ -0.514779062090762, 51.660713126373501 ], [ -0.505050451906494, 51.673059386241704 ], [ -0.511272540656704, 51.679893180453163 ], [ -0.547930315962119, 51.677339359299822 ], [ -0.542944922730775, 51.693917461528514 ], [ -0.54830073536961, 51.703555288918608 ], [ -0.563411876978286, 51.711836272994312 ], [ -0.5559317294036, 51.723856498714589 ], [ -0.545014671133222, 51.724854543781696 ], [ -0.531552926628981, 51.736071107938606 ], [ -0.53993490335093, 51.742670414100125 ], [ -0.555989401715595, 51.743676895332612 ], [ -0.576040355985968, 51.737670577685982 ], [ -0.5863401005731, 51.752110549468803 ], [ -0.613563128690154, 51.748426151600995 ], [ -0.617150234793698, 51.752608929841806 ], [ -0.643398397559451, 51.754010813657509 ], [ -0.673871480249213, 51.76873626456166 ], [ -0.682554063494288, 51.797212821854565 ], [ -0.709307687892673, 51.820527881334797 ], [ -0.72855492974202, 51.821398221272879 ], [ -0.745839399801141, 51.841866027294003 ], [ -0.736398194346126, 51.842381539912175 ], [ -0.722577828145101, 51.854235169162678 ], [ -0.710475006171886, 51.857841884027714 ], [ -0.692344766620946, 51.857055326164158 ], [ -0.6903124209075, 51.841277582818172 ], [ -0.672446449690097, 51.819622735180346 ], [ -0.645233326978317, 51.815352821864089 ], [ -0.632970477081686, 51.819946753193186 ], [ -0.561503118926038, 51.800175486034334 ], [ -0.547032360458887, 51.783197356856157 ], [ -0.526793701403915, 51.777971009877888 ], [ -0.512739101294195, 51.790011258332399 ], [ -0.519820630909294, 51.800825350876906 ], [ -0.536930683186698, 51.81415379093891 ], [ -0.545840875216938, 51.814776045832232 ], [ -0.551355375747753, 51.799660214344698 ], [ -0.56796924239472, 51.817005670672117 ], [ -0.557043905061101, 51.83094975327888 ], [ -0.543955787588587, 51.824787456641062 ], [ -0.537630929253858, 51.83148056788955 ], [ -0.54841057639497, 51.836057230386508 ], [ -0.571445556972163, 51.855064931987712 ], [ -0.577367421158826, 51.866032935012257 ], [ -0.608124024348432, 51.87534150924639 ], [ -0.620134046028517, 51.885488181426446 ], [ -0.637416917977962, 51.88264197735117 ], [ -0.654679904079494, 51.887854117262144 ], [ -0.672909527110259, 51.901979993782575 ], [ -0.669282969642769, 51.907155335522475 ], [ -0.669786177052304, 51.933914938208588 ], [ -0.682957766977286, 51.94181991361291 ], [ -0.673077225092056, 51.952212347372999 ], [ -0.655264890699443, 51.960576726374988 ], [ -0.6456577451123, 51.972216240272751 ], [ -0.656121591915432, 51.981997170101749 ], [ -0.659282929022687, 51.992953265154043 ], [ -0.641077574159714, 51.992458494728133 ], [ -0.637996689521062, 51.999384041871224 ], [ -0.649462866770009, 52.015755467618426 ], [ -0.643009910590081, 52.025931425159975 ], [ -0.64201989252023, 52.041142895008313 ], [ -0.655356382431326, 52.044925150347382 ], [ -0.674840499798599, 52.04284002517025 ], [ -0.635496726466791, 52.078095898157081 ], [ -0.605770179869864, 52.092081681041499 ], [ -0.603926694872922, 52.099110372593699 ], [ -0.590539648895167, 52.108824087301635 ], [ -0.59891777541148, 52.125836660879862 ], [ -0.607469039540578, 52.133990232816082 ], [ -0.63459404881902, 52.13797440447339 ], [ -0.631087917074015, 52.154800216850802 ], [ -0.63501467959355, 52.168544857374087 ], [ -0.627650775753686, 52.181599106530257 ], [ -0.643936087656536, 52.189009826369102 ], [ -0.668096308047599, 52.195036555507478 ], [ -0.684755863209142, 52.196359676178147 ], [ -0.702621395926141, 52.192950578772304 ], [ -0.734619265233419, 52.17356112085217 ], [ -0.750619878754507, 52.167655988145263 ], [ -0.777809804674007, 52.168848216577054 ], [ -0.787683407813747, 52.154269322009362 ], [ -0.799850487607981, 52.157216894650816 ], [ -0.827857535425559, 52.151490309009816 ], [ -0.832854699550886, 52.131719709754428 ], [ -0.869372310272356, 52.130007296096366 ], [ -0.879827267614565, 52.126658353625366 ], [ -0.88358793756466, 52.116690740935013 ], [ -0.873017436598211, 52.11262202172847 ], [ -0.854828579333241, 52.092312936358475 ], [ -0.837443898505012, 52.082277637896169 ], [ -0.833086343331841, 52.069483804330766 ], [ -0.838835893872983, 52.064203024238694 ], [ -0.859174710479903, 52.063689439804378 ], [ -0.860996503751466, 52.055349143311531 ], [ -0.877654851852324, 52.029868533802833 ], [ -0.891584236627197, 52.029769074349254 ], [ -0.906076522181601, 52.021154833342287 ], [ -0.930414722616711, 52.043631025228976 ], [ -0.931838754521316, 52.054104952551597 ], [ -0.94164848014114, 52.06425812952132 ], [ -0.945161404116152, 52.076894364016397 ], [ -0.95943748373765, 52.079299724043423 ], [ -0.967799889942911, 52.070914129118449 ], [ -0.99453731243831, 52.073126338908658 ], [ -1.012853967515903, 52.07159206708053 ], [ -1.026397174595672, 52.075438071661111 ], [ -1.052920842805985, 52.059696908052793 ], [ -1.062019538184136, 52.062758402440849 ], [ -1.082247850289401, 52.052893425353695 ], [ -1.122021547341566, 52.04516914534225 ], [ -1.132809797845155, 52.031547914543637 ], [ -1.136133510326155, 52.02005987770508 ], [ -1.11802012652818, 52.015421241984697 ], [ -1.093744426270181, 52.013315894437447 ], [ -1.089578684019685, 52.006280484651818 ], [ -1.061054069714924, 52.008603388857857 ], [ -1.059056991968, 51.997894470472467 ], [ -1.078130673058397, 51.981024255054635 ], [ -1.095248105193217, 51.957081477868513 ], [ -1.076011904642999, 51.943323147290279 ], [ -1.059361233898741, 51.949296421519904 ], [ -1.062050533246341, 51.935143882475046 ], [ -1.075703335613716, 51.93237851696388 ], [ -1.082650926353638, 51.92309715381446 ], [ -1.086110696384169, 51.89792610146322 ], [ -1.07051120214941, 51.888767249519205 ], [ -1.076636835317111, 51.87870128378092 ], [ -1.065051141057564, 51.869360754882145 ], [ -1.06203160243235, 51.844231021216231 ], [ -1.049046267290836, 51.83898398817049 ], [ -1.08627981651183, 51.831313653997185 ], [ -1.102525780975112, 51.840274057440809 ], [ -1.121645120596904, 51.845334768386017 ], [ -1.149238174187131, 51.831123681349304 ], [ -1.141934605106397, 51.818225934506032 ], [ -1.126291458157682, 51.809540168315621 ], [ -1.117381171766629, 51.799189611602372 ], [ -1.121937289941978, 51.787096147468176 ], [ -1.106291960495972, 51.781628859534521 ], [ -1.085732319900488, 51.781280118659978 ], [ -1.078893005074327, 51.771260358204749 ], [ -1.082851266584522, 51.764131636843565 ], [ -1.045301233347532, 51.744622404168922 ], [ -1.029638725243863, 51.745972650695293 ], [ -1.031969714991521, 51.757001572705498 ], [ -0.980804998371783, 51.753368162314331 ], [ -0.97386, 51.757992 ], [ -0.950060972539963, 51.757114518722737 ], [ -0.926074772501341, 51.760829693338373 ], [ -0.926972695791931, 51.754431744789535 ], [ -0.946486080544612, 51.749117359712059 ], [ -0.952800949230459, 51.730693181371372 ], [ -0.946864390239455, 51.726051319825402 ], [ -0.910512087622625, 51.731578925063232 ], [ -0.887736345817801, 51.718411013636363 ], [ -0.887224257809348, 51.703283999496477 ], [ -0.894681251793528, 51.692613428145293 ], [ -0.881889428613178, 51.684640349229539 ], [ -0.893766393784395, 51.679091567712469 ], [ -0.862001052226306, 51.659058863509493 ], [ -0.845671036580517, 51.640558805536834 ], [ -0.862397269414299, 51.626089644570257 ], [ -0.882645527335013, 51.626862663175856 ], [ -0.899755714759828, 51.631972175941407 ], [ -0.921401967475238, 51.624151847366257 ], [ -0.93784516536531, 51.635287265543468 ], [ -0.94989591722584, 51.629178637150929 ], [ -0.939566844500511, 51.618533980415187 ], [ -0.943227499896063, 51.605238868728819 ], [ -0.920044098207384, 51.603548316106277 ], [ -0.92471266101984, 51.590944908750707 ], [ -0.941444598086628, 51.585502343215701 ], [ -0.938394019537204, 51.571183585031214 ], [ -0.92771702099149, 51.568100888579941 ], [ -0.902283121958942, 51.551772312686353 ], [ -0.893629924919374, 51.549322495741698 ] ] ] } },
{ "type": "Feature", "properties": { "hcs_county": "Caernarfon", "abbr": "Caern", "hcs_name": "Caernarfonshire", "hcs_code": "CRN", "hcs_number": 15, "county": "Caernarvonshire", "region": "Wales" }, "geometry": { "type": "MultiPolygon", "coordinates": [ [ [ [ -4.779688004060366, 52.765769806607665 ], [ -4.796149934510829, 52.76627999564829 ], [ -4.796116378883027, 52.754020921558336 ], [ -4.78578539660906, 52.753195123890436 ], [ -4.779688004060366, 52.765769806607665 ] ] ], [ [ [ -3.833736360482737, 52.962041025375754 ], [ -3.810510571197805, 52.982576634692059 ], [ -3.796135263962213, 52.987843184959395 ], [ -3.766893620843721, 52.993057901585118 ], [ -3.753283751952686, 53.006515162657827 ], [ -3.734943322833427, 53.014545942505336 ], [ -3.727090957964981, 53.025123399837511 ], [ -3.703960610562103, 53.042209614082012 ], [ -3.711696204016324, 53.047557797062616 ], [ -3.733518856182128, 53.048179749221383 ], [ -3.745023346299609, 53.054823735573848 ], [ -3.795665933758152, 53.07255661337426 ], [ -3.794114354009515, 53.094728367244528 ], [ -3.797349015557823, 53.101173364843675 ], [ -3.787944035536759, 53.110401513815283 ], [ -3.797294862679123, 53.136913975012938 ], [ -3.808774968519669, 53.140298849687944 ], [ -3.810231149071562, 53.159658394880672 ], [ -3.792074713053974, 53.1616930490325 ], [ -3.78351604039209, 53.170572052253696 ], [ -3.771377372742733, 53.163795490278609 ], [ -3.750589017996125, 53.165408823457469 ], [ -3.743288995693303, 53.157642762187443 ], [ -3.731262590590253, 53.162780014326287 ], [ -3.742045578120396, 53.17083545083144 ], [ -3.769204954479244, 53.173577003985145 ], [ -3.787274890481207, 53.183141377751056 ], [ -3.79540405632306, 53.193981487620171 ], [ -3.834235324951372, 53.201012833251241 ], [ -3.827984717147626, 53.220311960740496 ], [ -3.821343928103026, 53.228778062971188 ], [ -3.808681841910147, 53.233478185645055 ], [ -3.808270135533194, 53.242648065805902 ], [ -3.822294941169786, 53.251145681512916 ], [ -3.807475378256963, 53.265067096545195 ], [ -3.814800690374909, 53.274430845138397 ], [ -3.796761181672371, 53.277910135604643 ], [ -3.768848204107051, 53.290623449971577 ], [ -3.766978946004573, 53.305791735634195 ], [ -3.75720974399733, 53.313670540637794 ], [ -3.738581462558951, 53.308652384092142 ], [ -3.739085261147989, 53.314032178153958 ], [ -3.764338296748565, 53.31865081365676 ], [ -3.77833139661033, 53.329028707292828 ], [ -3.811058930509614, 53.322508130884422 ], [ -3.82862229156655, 53.325485115863891 ], [ -3.835940783692192, 53.33728270369167 ], [ -3.86840977095087, 53.342690722590326 ], [ -3.876963149279218, 53.332639584549071 ], [ -3.844382546657927, 53.31868186877135 ], [ -3.838114131000814, 53.295684332460723 ], [ -3.820943056933554, 53.288029349364535 ], [ -3.829808501240858, 53.283539629592433 ], [ -3.841401450929107, 53.295375935235029 ], [ -3.862731185160487, 53.288598845247634 ], [ -3.880516728016299, 53.289404234688085 ], [ -3.913019350742381, 53.275234773418447 ], [ -3.932097135903791, 53.269079438289431 ], [ -3.949869688688386, 53.26714239213409 ], [ -3.983612432486216, 53.259369157823848 ], [ -4.002345507593858, 53.252385701713131 ], [ -4.011500753150437, 53.244075636815062 ], [ -4.030857438529853, 53.237543176356134 ], [ -4.065220733304551, 53.233643773390838 ], [ -4.083421990295665, 53.22922208634543 ], [ -4.094072619657753, 53.235876876468218 ], [ -4.115730842297275, 53.231611155834813 ], [ -4.122365276325223, 53.23705751755616 ], [ -4.146512426909756, 53.228968103768501 ], [ -4.16289353838962, 53.218899005743744 ], [ -4.194597489301524, 53.212676179636958 ], [ -4.209050954031408, 53.201769702614705 ], [ -4.208189855472951, 53.187235521413449 ], [ -4.221461713995837, 53.177751381317691 ], [ -4.243551952256365, 53.17041827458371 ], [ -4.257817394376201, 53.161108872642785 ], [ -4.278110642131917, 53.141495164567488 ], [ -4.311861178612319, 53.127170145437248 ], [ -4.311588165544546, 53.105323521388698 ], [ -4.320103993427463, 53.098828147470954 ], [ -4.337889918764285, 53.122452924059111 ], [ -4.347430062974857, 53.108176666418629 ], [ -4.336560069630279, 53.084712260945452 ], [ -4.338962869756305, 53.053998567040544 ], [ -4.349115162150059, 53.044964334890317 ], [ -4.353550540302899, 53.033443620027661 ], [ -4.390849561777683, 53.012728191357937 ], [ -4.413192498403772, 52.997132518673787 ], [ -4.437059009105875, 52.998703443660993 ], [ -4.443378400355791, 52.990414677986394 ], [ -4.461243490110747, 52.981745537281917 ], [ -4.47278443489097, 52.966042784609357 ], [ -4.481916489311384, 52.966026635862448 ], [ -4.498720942554896, 52.950949025429203 ], [ -4.52911943837367, 52.937386697059338 ], [ -4.565532596942832, 52.93929157311787 ], [ -4.579798721204122, 52.9377943267639 ], [ -4.594501585958566, 52.926738372160855 ], [ -4.617420704521725, 52.922406563219901 ], [ -4.633644290886483, 52.905456507215469 ], [ -4.64843296864818, 52.906138344759462 ], [ -4.666727719847163, 52.889245372863755 ], [ -4.673791604725787, 52.875746140289863 ], [ -4.69143224366186, 52.87203888553789 ], [ -4.692458399078743, 52.862891372643453 ], [ -4.716963244499725, 52.855215505627434 ], [ -4.726388776293017, 52.847033810783607 ], [ -4.721936085715462, 52.838195296776895 ], [ -4.751565443605151, 52.815666429617309 ], [ -4.750528165843439, 52.806523008856047 ], [ -4.767463379061914, 52.794839448239003 ], [ -4.755810764379361, 52.788078741531827 ], [ -4.732355869549227, 52.781845981098442 ], [ -4.720738435253876, 52.802842242771845 ], [ -4.692330977905341, 52.799535909105757 ], [ -4.661493367153833, 52.806082401335111 ], [ -4.642630647156102, 52.80028423515553 ], [ -4.62466152188783, 52.809501657312431 ], [ -4.610769022523086, 52.824583690496262 ], [ -4.588792492065101, 52.822989359970755 ], [ -4.553922230171627, 52.810085434565167 ], [ -4.536149687636332, 52.800226063499487 ], [ -4.542478720071019, 52.786928889197242 ], [ -4.527935798264952, 52.777776367940348 ], [ -4.514719269168879, 52.792972901974125 ], [ -4.486789716884228, 52.794531273622077 ], [ -4.483170343158561, 52.805060075320803 ], [ -4.497290448805471, 52.810023348194619 ], [ -4.503523000640257, 52.8266656730761 ], [ -4.495872732403674, 52.837417713934762 ], [ -4.470356406635407, 52.849920106460957 ], [ -4.478780326428437, 52.853274529510294 ], [ -4.459291234962974, 52.870431226703147 ], [ -4.42937264173871, 52.878581713680241 ], [ -4.416694169617803, 52.887440347813381 ], [ -4.387193768314321, 52.895839090362699 ], [ -4.370122551227552, 52.89613053712894 ], [ -4.326226686767348, 52.892052178035271 ], [ -4.323791470377547, 52.905670376241112 ], [ -4.313023718749076, 52.909108399044094 ], [ -4.267040672011868, 52.91023419177283 ], [ -4.217782901376558, 52.918883722635485 ], [ -4.195028070167557, 52.914512938370457 ], [ -4.169646962654497, 52.9058067415897 ], [ -4.151859112666338, 52.906366479889357 ], [ -4.120696617540461, 52.922625342233438 ], [ -4.106965800407323, 52.923386733909126 ], [ -4.089421647038114, 52.93863203527934 ], [ -4.097437428074888, 52.944993842879981 ], [ -4.100790165684232, 52.958665489902145 ], [ -4.089842268660998, 52.985622730013645 ], [ -4.100167185466311, 53.002041028344422 ], [ -4.100913579961224, 53.011862326379159 ], [ -4.091588750729146, 53.018468543019843 ], [ -4.067676650465309, 53.021769703972105 ], [ -4.072202831375598, 53.011299544498144 ], [ -4.046247658499547, 53.015905760400621 ], [ -4.032534659042431, 53.025587166281078 ], [ -4.018041195382562, 53.0297100516648 ], [ -3.990025191405361, 53.026571503552802 ], [ -3.994230594573378, 53.016881372169713 ], [ -3.981472969041138, 53.009506796622432 ], [ -3.969030802826665, 53.008693617436222 ], [ -3.950505986177084, 53.018825380476258 ], [ -3.928498612861814, 53.019453406223576 ], [ -3.898922974097304, 53.015376499389625 ], [ -3.88994886074957, 53.009207380302911 ], [ -3.889323331223317, 52.994334478189622 ], [ -3.873867449946868, 52.986668415546617 ], [ -3.847266710565301, 52.982677438962035 ], [ -3.849846695819445, 52.973087162942839 ], [ -3.833736360482737, 52.962041025375754 ] ] ] ] } },
{ "type": "Feature", "properties": { "hcs_county": "Cambridge", "abbr": "Cambs", "hcs_name": "Cambridgeshire", "hcs_code": "CMB", "hcs_number": 17, "county": "Cambridgeshire", "region": "East of England" }, "geometry": { "type": "Polygon", "coordinates": [ [ [ 0.039882645146736, 52.053243238507243 ], [ 0.035997148045552, 52.060022652206726 ], [ 0.061315790127589, 52.069117914181525 ], [ 0.106755275308797, 52.0663476834482 ], [ 0.119381446279141, 52.060521003748981 ], [ 0.1281070945685, 52.047311982385025 ], [ 0.160620686323664, 52.052078889071787 ], [ 0.193202203453622, 52.059018406683734 ], [ 0.182082086613802, 52.072973454954941 ], [ 0.193590278726438, 52.075161500063018 ], [ 0.20346074641996, 52.092650333472193 ], [ 0.235312577970559, 52.088920083247274 ], [ 0.254020761491481, 52.080002277734472 ], [ 0.272500208276956, 52.088786977607882 ], [ 0.292650871147671, 52.088820856208429 ], [ 0.317399093434735, 52.079268395043243 ], [ 0.350959028472303, 52.047604639876447 ], [ 0.36952318527317, 52.037969721030734 ], [ 0.386852142669005, 52.035320193056435 ], [ 0.388229188031618, 52.043717740837053 ], [ 0.379582434667602, 52.049564930971997 ], [ 0.394050424172501, 52.062777256353449 ], [ 0.404582564095651, 52.065500407464597 ], [ 0.402965943124693, 52.078191110460267 ], [ 0.390864691039811, 52.088516925987584 ], [ 0.392650735962391, 52.095326359415985 ], [ 0.38180512634, 52.102693975537179 ], [ 0.38956983798063, 52.117507718922226 ], [ 0.404848062387873, 52.129529067565549 ], [ 0.417458237168448, 52.133138272475755 ], [ 0.421836143393295, 52.160341289979186 ], [ 0.435901258410515, 52.159504346070776 ], [ 0.444496149077891, 52.171084331212874 ], [ 0.462809319352649, 52.170862448563923 ], [ 0.472277985920629, 52.163846224634867 ], [ 0.493205652821286, 52.17553009637556 ], [ 0.503065238759504, 52.207048553787672 ], [ 0.512570830007782, 52.214071596151499 ], [ 0.512953532529798, 52.228217002464582 ], [ 0.494918500173289, 52.239292419885714 ], [ 0.477957005580506, 52.234473274975258 ], [ 0.4557941982356, 52.247207617972059 ], [ 0.443893662875667, 52.242125391367559 ], [ 0.426919835682212, 52.253607196813157 ], [ 0.379280972939669, 52.231119848462903 ], [ 0.339937889113447, 52.26776278553217 ], [ 0.349965312156584, 52.273417640674388 ], [ 0.35061512908986, 52.282911212772134 ], [ 0.359186925030062, 52.289119595840617 ], [ 0.377905807159362, 52.291284729877923 ], [ 0.37922717562923, 52.282942728588459 ], [ 0.395312304602926, 52.280497726128083 ], [ 0.426131658688473, 52.254379324965953 ], [ 0.459248954501909, 52.265546752494828 ], [ 0.495041942917836, 52.272227777435333 ], [ 0.504747082028942, 52.286207832156208 ], [ 0.469347903337931, 52.30705164231199 ], [ 0.4566036843939, 52.316513815024834 ], [ 0.431365688092462, 52.315852631551557 ], [ 0.424195378978316, 52.32925091607639 ], [ 0.436643984640814, 52.33490354540357 ], [ 0.442593340357475, 52.34860061439506 ], [ 0.409655471484422, 52.360222382493021 ], [ 0.38428558058685, 52.392629315817061 ], [ 0.374691041450185, 52.409746917704254 ], [ 0.417759807680038, 52.4281910914845 ], [ 0.429298968096893, 52.436440408216441 ], [ 0.424860388489243, 52.442446119981014 ], [ 0.397563634313929, 52.449876374034758 ], [ 0.399321707066128, 52.459749050004334 ], [ 0.371623407139687, 52.474629004959482 ], [ 0.369223715125061, 52.483887009315971 ], [ 0.357245327388949, 52.494381497113949 ], [ 0.330853815541422, 52.509142740605739 ], [ 0.318459001335054, 52.50767496308297 ], [ 0.308940911919151, 52.513566821923455 ], [ 0.278583406275125, 52.508586508437965 ], [ 0.254704445404016, 52.511160808860637 ], [ 0.254752948124269, 52.518279025116442 ], [ 0.24419949076289, 52.533121011650451 ], [ 0.233605100177173, 52.529161610409673 ], [ 0.224884094349261, 52.540405117186467 ], [ 0.20471414525823, 52.554671806262334 ], [ 0.20612475123673, 52.564128297641915 ], [ 0.218454576033792, 52.571191440117133 ], [ 0.216001267407238, 52.580449946144398 ], [ 0.205583746212817, 52.583646093357046 ], [ 0.215050635014004, 52.600946619879551 ], [ 0.233471621621875, 52.610625614826269 ], [ 0.218207073702912, 52.621977483581873 ], [ 0.208741085850228, 52.640244793527472 ], [ 0.195681996559366, 52.634086301233758 ], [ 0.175554488974878, 52.644053821636227 ], [ 0.163675202499713, 52.663585203029605 ], [ 0.175398422179986, 52.666356389136233 ], [ 0.169949921398943, 52.678571030737579 ], [ 0.149644096698053, 52.680535073122329 ], [ 0.144165452531956, 52.699266912968831 ], [ 0.150562904817194, 52.707649890765083 ], [ 0.147114535020691, 52.725220307565252 ], [ 0.182650286558772, 52.727575153686246 ], [ 0.188556327288186, 52.736396401199102 ], [ 0.158366753661108, 52.738248479915903 ], [ 0.132232086075975, 52.743853435997622 ], [ 0.132170598500609, 52.734796360730122 ], [ 0.113520921097718, 52.729974967036753 ], [ 0.098904, 52.730376 ], [ 0.090034352110067, 52.72400393209842 ], [ 0.063230808432188, 52.727200661173519 ], [ 0.048216950719934, 52.718836966736589 ], [ 0.04473063753269, 52.692120996333628 ], [ 0.049500744442, 52.679987131037549 ], [ 0.014744581259573, 52.6647927664633 ], [ -0.014968634240189, 52.657771344793986 ], [ -0.009276281680729, 52.633736224286586 ], [ -0.0245122266326, 52.630211384438745 ], [ -0.032148231526798, 52.66547434250203 ], [ -0.058027755865001, 52.674130790305689 ], [ -0.090561025825091, 52.666680997414879 ], [ -0.101519765204547, 52.671925938573146 ], [ -0.139490431947145, 52.654898939106737 ], [ -0.140964794180037, 52.651523723132989 ], [ -0.161870315343174, 52.62221886944161 ], [ -0.159552950981632, 52.610328426602415 ], [ -0.173457846387172, 52.584994079962279 ], [ -0.19068968976184, 52.574872982297798 ], [ -0.207195402163012, 52.569522130675693 ], [ -0.239514323527398, 52.568168943541892 ], [ -0.186103974981941, 52.54545407456316 ], [ -0.185872235411751, 52.535598787103417 ], [ -0.171070481493386, 52.53149005430199 ], [ -0.114356377356639, 52.489063134679363 ], [ -0.090377408837842, 52.496270657720558 ], [ -0.070904260139876, 52.505873559978163 ], [ -0.069717523810244, 52.516852759131098 ], [ -0.048221308347518, 52.510937988253517 ], [ -0.051412558427595, 52.502421533794454 ], [ -0.039044107576615, 52.499178003434039 ], [ -0.040341613283505, 52.482933270892659 ], [ -0.032434252202815, 52.47307814798792 ], [ -0.009305016742141, 52.462164657560599 ], [ -0.001772240710067, 52.454362567790739 ], [ 0.024065970267602, 52.440641233851387 ], [ 0.022190542016003, 52.433915408393254 ], [ 0.034056194692306, 52.427263407144189 ], [ 0.019357599105709, 52.414766093023395 ], [ 0.027334554472653, 52.405904079709948 ], [ 0.028142855098486, 52.390018919539514 ], [ 0.041909668134602, 52.380647753464785 ], [ 0.051349424280042, 52.358163136577765 ], [ 0.043720465859368, 52.352745371684904 ], [ 0.026476069269416, 52.351286937691739 ], [ 0.009366445484795, 52.341557468448315 ], [ 0.008359101117913, 52.334828397329851 ], [ -0.01420358747743, 52.312927332637578 ], [ -0.031169162611128, 52.316774059200938 ], [ -0.046456438828661, 52.314677442459441 ], [ -0.062613496798338, 52.290051832425512 ], [ -0.085393086747011, 52.272488464188832 ], [ -0.101711537040233, 52.276975118272546 ], [ -0.118289554992381, 52.262268750087287 ], [ -0.131256498849402, 52.257831092322625 ], [ -0.14655393747107, 52.269777420505093 ], [ -0.151417513185331, 52.284335014418879 ], [ -0.175434103750741, 52.280216406171121 ], [ -0.184147786501176, 52.260641137199791 ], [ -0.182438822338121, 52.256147985587766 ], [ -0.15705348904887, 52.254319401863803 ], [ -0.132226033532763, 52.243294418391258 ], [ -0.137836631497542, 52.231272065385944 ], [ -0.155936145066729, 52.22645500787678 ], [ -0.175461060629858, 52.230429956604823 ], [ -0.186945477058697, 52.228836013890295 ], [ -0.195583639389885, 52.204478453428258 ], [ -0.17315345882421, 52.197637261223512 ], [ -0.152830279467333, 52.212020669324481 ], [ -0.130378675222275, 52.207229429265603 ], [ -0.107163438607238, 52.205568548745859 ], [ -0.100370797799635, 52.183036158928083 ], [ -0.116270910077155, 52.179544971689289 ], [ -0.144959107195874, 52.182731751028768 ], [ -0.156208469115638, 52.167256263343447 ], [ -0.189542404483237, 52.169199339001928 ], [ -0.215913615983614, 52.159004241349614 ], [ -0.224750557594833, 52.165081185138064 ], [ -0.260779190347597, 52.176399405913827 ], [ -0.267076170020473, 52.164883720712687 ], [ -0.255472932238401, 52.163682755351829 ], [ -0.227750359743016, 52.150679911658429 ], [ -0.234480561585102, 52.14527989430438 ], [ -0.171686462327641, 52.139471404417293 ], [ -0.154722521825693, 52.144397611782402 ], [ -0.144113892855307, 52.132968248864643 ], [ -0.146191190386623, 52.106036652096194 ], [ -0.150450773686186, 52.088830735464342 ], [ -0.157618392101052, 52.080438370742712 ], [ -0.147462884853095, 52.069353237741758 ], [ -0.154602549389515, 52.052437189876471 ], [ -0.13386334960279, 52.046323780435472 ], [ -0.1223770406608, 52.029581920366887 ], [ -0.10798766625792, 52.028258971857277 ], [ -0.067037503842004, 52.042127877506182 ], [ -0.044830595071548, 52.047663226480211 ], [ 0.011081954160392, 52.049655337230007 ], [ 0.039882645146736, 52.053243238507243 ] ] ] } },
{ "type": "Feature", "properties": { "hcs_county": "Cardigan", "abbr": "Cards", "hcs_name": "Cardiganshire", "hcs_code": "CRD", "hcs_number": 18, "county": "Cardiganshire", "region": "Wales" }, "geometry": { "type": "Polygon", "coordinates": [ [ [ -3.663677224706266, 52.354620466917346 ], [ -3.685415468500392, 52.368243047957151 ], [ -3.695976667393392, 52.371158052254486 ], [ -3.712881287867091, 52.4014696611342 ], [ -3.712081020318254, 52.413375882878185 ], [ -3.725773349184182, 52.41632409714434 ], [ -3.730829702910472, 52.425435136771412 ], [ -3.771603900930008, 52.442178045094266 ], [ -3.764433323045825, 52.47151012691296 ], [ -3.751321710909964, 52.472931079369161 ], [ -3.73886385152675, 52.486684144749624 ], [ -3.74191416163311, 52.507602430461468 ], [ -3.765637111765492, 52.499793369328451 ], [ -3.770199549639843, 52.490515283632568 ], [ -3.797916473174306, 52.487751203082361 ], [ -3.806186203535177, 52.480382827267839 ], [ -3.825352760595514, 52.483664157936118 ], [ -3.837968746527226, 52.501813164058426 ], [ -3.844463503697755, 52.516931102820294 ], [ -3.836266528185336, 52.52581149473086 ], [ -3.840867140776125, 52.551340103482268 ], [ -3.859722252011113, 52.560855856515616 ], [ -3.926928537555985, 52.560753930167522 ], [ -3.959875376933865, 52.559752621581424 ], [ -3.967291098060456, 52.553651954570533 ], [ -3.985513497253384, 52.553404983882572 ], [ -3.998110953649537, 52.541669028451032 ], [ -4.028880006980289, 52.545735030334228 ], [ -4.050721485200139, 52.539647427977158 ], [ -4.05863884931873, 52.523813896409166 ], [ -4.053000034926996, 52.498962851930919 ], [ -4.052874708537617, 52.479611923852289 ], [ -4.067839402048142, 52.469726227348332 ], [ -4.082046693936725, 52.43835752481769 ], [ -4.079513093431789, 52.432756332944166 ], [ -4.089269013348826, 52.414374821671643 ], [ -4.089251666119158, 52.39933415772358 ], [ -4.111064291355193, 52.3738631486843 ], [ -4.127571765407603, 52.338843096139726 ], [ -4.140345307410223, 52.322529338873217 ], [ -4.167745314166967, 52.297293074723783 ], [ -4.182635651728006, 52.29142527345239 ], [ -4.202604546641026, 52.267377893542672 ], [ -4.233799812682554, 52.251511194181774 ], [ -4.255899273549241, 52.247994043210667 ], [ -4.292682921200306, 52.228041158684768 ], [ -4.326919775755589, 52.213079601901001 ], [ -4.354529901084098, 52.210616401832937 ], [ -4.364712810627925, 52.21877749745672 ], [ -4.378812773748324, 52.214433946043584 ], [ -4.407778461641803, 52.191637284403441 ], [ -4.446254431691712, 52.169611728551907 ], [ -4.464412395308202, 52.168296985480985 ], [ -4.4920710112799, 52.147533414451019 ], [ -4.518338856709077, 52.135061406163409 ], [ -4.547999563180267, 52.135050741253622 ], [ -4.569220654715594, 52.144365796363616 ], [ -4.583510669002179, 52.137873228273016 ], [ -4.643288553274813, 52.138146528395737 ], [ -4.67450491166834, 52.1290646731509 ], [ -4.687348115151049, 52.12882758581943 ], [ -4.689463996873875, 52.107529619904021 ], [ -4.680187390790347, 52.099504941200671 ], [ -4.681625956329023, 52.085196449509738 ], [ -4.645057956166008, 52.080085866401376 ], [ -4.631307065813904, 52.056014548164541 ], [ -4.590908983460261, 52.058230103755221 ], [ -4.566821990092878, 52.057546925384315 ], [ -4.559621785707052, 52.043582799118674 ], [ -4.520646120217116, 52.04573959369629 ], [ -4.502038462245105, 52.04257025446605 ], [ -4.486800741128803, 52.048669082230639 ], [ -4.459315021994702, 52.037200542596892 ], [ -4.451017816153061, 52.043682741798335 ], [ -4.436570942339966, 52.043713249861263 ], [ -4.394411314757317, 52.034917837144974 ], [ -4.383126608093255, 52.039687082181096 ], [ -4.350013720242889, 52.026988437050456 ], [ -4.329915552603309, 52.037536582987315 ], [ -4.315766968913405, 52.037290917658936 ], [ -4.303063032959209, 52.046748940412705 ], [ -4.281771182913809, 52.039677917688344 ], [ -4.255338977410711, 52.037830550386246 ], [ -4.230145843304255, 52.039601953881736 ], [ -4.230442640569509, 52.048292014090734 ], [ -4.214237503634795, 52.051233395526623 ], [ -4.212835343883088, 52.058090323545613 ], [ -4.19722850995714, 52.064888010745825 ], [ -4.190621511897603, 52.059465024185954 ], [ -4.172883014510279, 52.064462443551314 ], [ -4.154271495716317, 52.086519488993837 ], [ -4.144169455123218, 52.094228575627497 ], [ -4.128883732241865, 52.093283699974812 ], [ -4.100066497212635, 52.096347955034211 ], [ -4.09227499542372, 52.103236571905555 ], [ -4.057957029488851, 52.113896559328239 ], [ -4.039402270663087, 52.10720235494238 ], [ -4.026069140623386, 52.098096519413509 ], [ -4.009368662533221, 52.099336094509162 ], [ -3.995828767552345, 52.11190217622817 ], [ -3.978882677028215, 52.112716147458229 ], [ -3.969640637427788, 52.122971845481139 ], [ -3.940500135405898, 52.138445822749574 ], [ -3.929865726192548, 52.129336871654168 ], [ -3.908966735085343, 52.121164311899186 ], [ -3.894116751308538, 52.125378947702963 ], [ -3.88566499576164, 52.13311429347246 ], [ -3.864990261278392, 52.14231901958216 ], [ -3.853762673152751, 52.140481932854783 ], [ -3.822714617177528, 52.124287625889679 ], [ -3.804894959413749, 52.118870012129754 ], [ -3.786440146835337, 52.107220952188229 ], [ -3.758637703650871, 52.128227540782028 ], [ -3.741548507753953, 52.139108489504217 ], [ -3.750811290977345, 52.164305975195504 ], [ -3.752260218082141, 52.197592584040542 ], [ -3.746059869278013, 52.210706403450565 ], [ -3.75050102724294, 52.217157011190643 ], [ -3.742802841223471, 52.229056564878995 ], [ -3.749956898397838, 52.233726905824589 ], [ -3.744246895078815, 52.246009984823942 ], [ -3.752957553168514, 52.251198778222751 ], [ -3.73030023102835, 52.27174480523761 ], [ -3.705960335758954, 52.275139253655361 ], [ -3.723550625865714, 52.287594653883275 ], [ -3.729212397062422, 52.308692704585106 ], [ -3.744965572974211, 52.31729455909462 ], [ -3.705026676366124, 52.341457424382931 ], [ -3.692016758132693, 52.339550475143064 ], [ -3.658515073598539, 52.347803571421515 ], [ -3.663677224706266, 52.354620466917346 ] ] ] } },
{ "type": "Feature", "properties": { "hcs_county": "Carmarthen", "abbr": "Carms", "hcs_name": "Carmarthenshire", "hcs_code": "CRM", "hcs_number": 19, "county": "Carmarthenshire", "region": "Wales" }, "geometry": { "type": "Polygon", "coordinates": [ [ [ -4.559621785707052, 52.043582799118674 ], [ -4.551257394782335, 52.038027454203082 ], [ -4.54560608997002, 52.018355217045453 ], [ -4.523272807646492, 52.011418324868515 ], [ -4.512321133972872, 51.994934972360603 ], [ -4.488109594188338, 51.989463003875969 ], [ -4.485594864126399, 51.975776147974081 ], [ -4.493055276535788, 51.962371795536178 ], [ -4.532732469050801, 51.954404663925175 ], [ -4.540810390784875, 51.956707897148853 ], [ -4.559996059079719, 51.946909165245458 ], [ -4.566547634347989, 51.937026549926394 ], [ -4.587255665086852, 51.931717414251963 ], [ -4.598844462731807, 51.941156067497957 ], [ -4.637475142289913, 51.918901531982208 ], [ -4.665204959885983, 51.92946287620434 ], [ -4.695718134388874, 51.9233778363322 ], [ -4.724106914763585, 51.911411563826867 ], [ -4.745424822868439, 51.882375285355174 ], [ -4.71852224295082, 51.871623452722552 ], [ -4.71885911768469, 51.858618703917806 ], [ -4.745312243701399, 51.845790762058456 ], [ -4.761433217767999, 51.855366618854703 ], [ -4.782351223838002, 51.840745644712307 ], [ -4.778844915977653, 51.833011288026526 ], [ -4.741358609987232, 51.836520931726433 ], [ -4.732253191483161, 51.831609514401208 ], [ -4.697405291178656, 51.829049763242395 ], [ -4.704156412470017, 51.839125788477872 ], [ -4.703770206492863, 51.851881226832433 ], [ -4.663095696118951, 51.8328296343308 ], [ -4.644706836522413, 51.839303140007218 ], [ -4.637316635810462, 51.832661814641341 ], [ -4.640729819078132, 51.824717249568877 ], [ -4.618287946122594, 51.807595444470408 ], [ -4.644580402026922, 51.79722291849604 ], [ -4.637177057469699, 51.789186544984275 ], [ -4.645424577929903, 51.778484264631928 ], [ -4.635112057177902, 51.770520970888334 ], [ -4.622619497738618, 51.768156535052292 ], [ -4.630578786144412, 51.756832000151995 ], [ -4.627292048688319, 51.750702649021754 ], [ -4.64550589242242, 51.733942864684266 ], [ -4.628693959641839, 51.733828731802866 ], [ -4.61289618403358, 51.738122724263057 ], [ -4.578586901873718, 51.734306877452582 ], [ -4.559885594277701, 51.741876134307972 ], [ -4.463831043971465, 51.731682898443147 ], [ -4.445512342079381, 51.733526186327772 ], [ -4.418274328911718, 51.744188240532139 ], [ -4.372918901681109, 51.717896061943812 ], [ -4.34786364975448, 51.694738898763163 ], [ -4.318770421747293, 51.676060107128698 ], [ -4.298501693505036, 51.668715367219257 ], [ -4.2825534560885, 51.667663720710735 ], [ -4.254136344047327, 51.678718724710421 ], [ -4.225880953391933, 51.679813971687913 ], [ -4.235795621443708, 51.668564602073744 ], [ -4.209830035468993, 51.673258910513702 ], [ -4.200069917940703, 51.671425721899944 ], [ -4.185648488565645, 51.65826890353248 ], [ -4.167188942436143, 51.650415072541605 ], [ -4.146730156390896, 51.651736573732514 ], [ -4.106783364217907, 51.658938316621757 ], [ -4.091594230778861, 51.657491725311225 ], [ -4.070144947825519, 51.669171645225312 ], [ -4.079649607972003, 51.67990143450762 ], [ -4.070053459104012, 51.684040452111361 ], [ -4.064117130465782, 51.696117699071287 ], [ -4.047559654382154, 51.708195544292771 ], [ -4.045290710634228, 51.720472912630967 ], [ -4.049408651376412, 51.729348699039157 ], [ -4.030361472132921, 51.74051417861434 ], [ -4.025968440170997, 51.748309303403332 ], [ -4.003013503493048, 51.762799324633498 ], [ -3.994312499255024, 51.773752050275789 ], [ -3.979635264458804, 51.764681617672366 ], [ -3.951989154327427, 51.764689022437061 ], [ -3.928507749196141, 51.773735689576206 ], [ -3.916158200438399, 51.765449317419517 ], [ -3.901888533547458, 51.770953840392771 ], [ -3.889562125978586, 51.768293582487217 ], [ -3.882073922398881, 51.787819683014902 ], [ -3.891817069928527, 51.796092551147858 ], [ -3.886925591040491, 51.804227791471277 ], [ -3.866187595107093, 51.81012839367223 ], [ -3.842197881012339, 51.809467347177815 ], [ -3.817014673128712, 51.801560077687597 ], [ -3.806788830936016, 51.787770526769627 ], [ -3.80561183671573, 51.799517460461651 ], [ -3.788023944172774, 51.812428630518227 ], [ -3.784189196880302, 51.828375497391171 ], [ -3.772618617779038, 51.84608946834225 ], [ -3.763555469665344, 51.853783503695695 ], [ -3.740630800202613, 51.863020787178385 ], [ -3.721890922014464, 51.877634150668541 ], [ -3.714216826400147, 51.888341059817542 ], [ -3.718035381270807, 51.901170668961797 ], [ -3.727520647014647, 51.910584586041082 ], [ -3.719060375059101, 51.927656123996854 ], [ -3.721036370833608, 51.942071629495032 ], [ -3.695810693133819, 51.946506532579917 ], [ -3.710725983529231, 51.9611731316771 ], [ -3.713265868564815, 51.978571456726144 ], [ -3.708325595879237, 51.986778986846126 ], [ -3.691404431006113, 51.995634749802882 ], [ -3.675224067169811, 52.021046804215352 ], [ -3.660093859581658, 52.033062718689088 ], [ -3.64713165121728, 52.038758557211757 ], [ -3.662786402694388, 52.052423164390426 ], [ -3.679884370233547, 52.062119401268092 ], [ -3.668813329647907, 52.069428946702637 ], [ -3.701070738922719, 52.082432122847337 ], [ -3.720248843944371, 52.087590414245774 ], [ -3.722755462138224, 52.099442098920925 ], [ -3.715277701564853, 52.103076799524821 ], [ -3.720308334111601, 52.117491014787852 ], [ -3.758637703650871, 52.128227540782028 ], [ -3.786440146835337, 52.107220952188229 ], [ -3.804894959413749, 52.118870012129754 ], [ -3.822714617177528, 52.124287625889679 ], [ -3.853762673152751, 52.140481932854783 ], [ -3.864990261278392, 52.14231901958216 ], [ -3.88566499576164, 52.13311429347246 ], [ -3.894116751308538, 52.125378947702963 ], [ -3.908966735085343, 52.121164311899186 ], [ -3.929865726192548, 52.129336871654168 ], [ -3.940500135405898, 52.138445822749574 ], [ -3.969640637427788, 52.122971845481139 ], [ -3.978882677028215, 52.112716147458229 ], [ -3.995828767552345, 52.11190217622817 ], [ -4.009368662533221, 52.099336094509162 ], [ -4.026069140623386, 52.098096519413509 ], [ -4.039402270663087, 52.10720235494238 ], [ -4.057957029488851, 52.113896559328239 ], [ -4.09227499542372, 52.103236571905555 ], [ -4.100066497212635, 52.096347955034211 ], [ -4.128883732241865, 52.093283699974812 ], [ -4.144169455123218, 52.094228575627497 ], [ -4.154271495716317, 52.086519488993837 ], [ -4.172883014510279, 52.064462443551314 ], [ -4.190621511897603, 52.059465024185954 ], [ -4.19722850995714, 52.064888010745825 ], [ -4.212835343883088, 52.058090323545613 ], [ -4.214237503634795, 52.051233395526623 ], [ -4.230442640569509, 52.048292014090734 ], [ -4.230145843304255, 52.039601953881736 ], [ -4.255338977410711, 52.037830550386246 ], [ -4.281771182913809, 52.039677917688344 ], [ -4.303063032959209, 52.046748940412705 ], [ -4.315766968913405, 52.037290917658936 ], [ -4.329915552603309, 52.037536582987315 ], [ -4.350013720242889, 52.026988437050456 ], [ -4.383126608093255, 52.039687082181096 ], [ -4.394411314757317, 52.034917837144974 ], [ -4.436570942339966, 52.043713249861263 ], [ -4.451017816153061, 52.043682741798335 ], [ -4.459315021994702, 52.037200542596892 ], [ -4.486800741128803, 52.048669082230639 ], [ -4.502038462245105, 52.04257025446605 ], [ -4.520646120217116, 52.04573959369629 ], [ -4.559621785707052, 52.043582799118674 ] ] ] } },
{ "type": "Feature", "properties": { "hcs_county": "Chester", "abbr": "Ches", "hcs_name": "Cheshire", "hcs_code": "CHE", "hcs_number": 20, "county": "Cheshire", "region": "North West England" }, "geometry": { "type": "Polygon", "coordinates": [ [ [ -1.987359772051254, 53.213619059072883 ], [ -1.990183487372667, 53.22309334730231 ], [ -1.976111834175072, 53.227471958174988 ], [ -1.975700293739298, 53.241588088984336 ], [ -1.984393875323573, 53.267195530648912 ], [ -1.977733038083989, 53.276203620400771 ], [ -1.981497168516079, 53.299656784813365 ], [ -1.989909902985671, 53.314090430894318 ], [ -1.978701419211678, 53.341479762795117 ], [ -1.987104918836542, 53.3521748791904 ], [ -2.001438608338698, 53.360905005192038 ], [ -2.033812353144635, 53.367494538390346 ], [ -2.05436511397453, 53.395878410519479 ], [ -2.05942152101558, 53.413534156892219 ], [ -2.023298588111971, 53.431061239293321 ], [ -2.021855022409189, 53.436195738380299 ], [ -1.995709752416517, 53.446097377510888 ], [ -1.995554804242543, 53.4518582521181 ], [ -1.980222525022785, 53.466300758211062 ], [ -1.93548100535158, 53.479491326473671 ], [ -1.923341762913271, 53.480421729312042 ], [ -1.883065756474957, 53.491126594399091 ], [ -1.829670466099914, 53.495197531703106 ], [ -1.820691663255323, 53.491597358995406 ], [ -1.800276600106698, 53.49337882298969 ], [ -1.796048832215244, 53.502596418495038 ], [ -1.810250544452871, 53.506396512992353 ], [ -1.822544778283945, 53.522578611627246 ], [ -1.841606165790467, 53.519753878428304 ], [ -1.871493057307301, 53.5396371049533 ], [ -1.89436779610796, 53.533681131454927 ], [ -1.90864289300322, 53.538685056882841 ], [ -1.92239435288729, 53.53078438072194 ], [ -1.92681976660215, 53.520898325467023 ], [ -1.916666476788233, 53.514405881813481 ], [ -1.935459834462474, 53.505768190812333 ], [ -1.955872511363646, 53.504470035783839 ], [ -1.963284214148467, 53.509704523046409 ], [ -1.99697791881484, 53.522041580884803 ], [ -2.00929123888209, 53.51917808956577 ], [ -2.023177028962574, 53.528405782323929 ], [ -2.03821656614753, 53.519092126635009 ], [ -2.043152441343973, 53.507092095297303 ], [ -2.03829755099134, 53.497460133560963 ], [ -2.048369061431301, 53.486546628151885 ], [ -2.065069923843396, 53.480376065178447 ], [ -2.100713989757525, 53.481585652982275 ], [ -2.108212343748166, 53.471127555435423 ], [ -2.095652821829479, 53.4606651817234 ], [ -2.09294846858642, 53.437299628444379 ], [ -2.139141820490651, 53.43980902115122 ], [ -2.142742590744859, 53.426799421302917 ], [ -2.163060347045145, 53.409484386988673 ], [ -2.205624152351536, 53.404987558146253 ], [ -2.217329392058055, 53.401407169132732 ], [ -2.249490709862524, 53.399642499515977 ], [ -2.253755724645052, 53.409462196677325 ], [ -2.250279518530754, 53.421041500877905 ], [ -2.265279499446787, 53.420101199434292 ], [ -2.284103863447982, 53.42538222392465 ], [ -2.302403982269932, 53.438368915386661 ], [ -2.323242402148714, 53.432535729698749 ], [ -2.349280835253232, 53.439393656169301 ], [ -2.357340821106043, 53.431397888162671 ], [ -2.373865151720698, 53.436956409257263 ], [ -2.4044374746941, 53.440008446104081 ], [ -2.415334574805537, 53.432884060663802 ], [ -2.426978863089059, 53.434060275958814 ], [ -2.434670319803693, 53.422623518270761 ], [ -2.454185830159248, 53.413785536874407 ], [ -2.457769571469113, 53.40266596797936 ], [ -2.471148298913056, 53.397596388363169 ], [ -2.498535444371612, 53.394213452744616 ], [ -2.53499745741779, 53.393990425019091 ], [ -2.546325584800416, 53.395953286074842 ], [ -2.578773069246331, 53.385432263297332 ], [ -2.585162660187974, 53.375440811457111 ], [ -2.623514841680401, 53.374983985604921 ], [ -2.636822344574974, 53.377966226412433 ], [ -2.659544191366612, 53.37371411001115 ], [ -2.667277775091641, 53.360218952289109 ], [ -2.679493628046816, 53.355433340046929 ], [ -2.702036175144003, 53.359589058396217 ], [ -2.713144919172863, 53.353259224993622 ], [ -2.738785298768922, 53.346151347633359 ], [ -2.76185241142872, 53.332893575305427 ], [ -2.76328757519793, 53.327565128733092 ], [ -2.75241593033758, 53.313583904185847 ], [ -2.78833461643301, 53.296387945021863 ], [ -2.82126511109873, 53.307203669300932 ], [ -2.84774269130934, 53.306443882066922 ], [ -2.84144011237712, 53.298166565978143 ], [ -2.86094938536289, 53.292739952414159 ], [ -2.880475291533, 53.291145243025383 ], [ -2.89994952915656, 53.296744799499407 ], [ -2.91582382348775, 53.305842874750113 ], [ -2.93363849842202, 53.311122131405149 ], [ -2.95774026585587, 53.331401813377333 ], [ -2.96818224717285, 53.347738445604101 ], [ -2.98367294142804, 53.36205086093721 ], [ -3.00144752035897, 53.373747838108457 ], [ -3.01734335896444, 53.412152926528123 ], [ -3.02947657812069, 53.425427923702031 ], [ -3.03663485228922, 53.439689352984523 ], [ -3.06028455058224, 53.439365258218778 ], [ -3.07573258395466, 53.434201556280982 ], [ -3.10155806555004, 53.420900218148986 ], [ -3.14212711617539, 53.411581088947379 ], [ -3.17080735413088, 53.402021096953412 ], [ -3.1969173338287, 53.387402715574943 ], [ -3.19861024275087, 53.375988678490486 ], [ -3.16255070591498, 53.348421419360292 ], [ -3.14815330149459, 53.34181614123893 ], [ -3.12338229573387, 53.324958418694983 ], [ -3.11976201033789, 53.310050171391843 ], [ -3.10836995557873, 53.290291409367363 ], [ -3.09088549570545, 53.28412674980418 ], [ -3.10121948777327, 53.267050025953068 ], [ -3.09142621363547, 53.259573641012523 ], [ -3.082965872267788, 53.255689526108412 ], [ -3.079833951424501, 53.25483694351292 ], [ -3.079484223118813, 53.254741733408771 ], [ -3.076198273779404, 53.253994401385654 ], [ -3.074022872022753, 53.253571406886223 ], [ -3.03606605675474, 53.251843380239357 ], [ -2.992360907532433, 53.232880827901639 ], [ -2.949247967901915, 53.211115917484413 ], [ -2.935340570220337, 53.196267222464563 ], [ -2.922290237606771, 53.189302792207428 ], [ -2.920948411859569, 53.177123624991239 ], [ -2.927817908191882, 53.171459391374903 ], [ -2.992320034392459, 53.156663124324766 ], [ -2.977027222888485, 53.147947736193252 ], [ -2.963923216057036, 53.132746139790207 ], [ -2.94502197010457, 53.122260082621892 ], [ -2.903291534907737, 53.111749375690685 ], [ -2.884203932914627, 53.112951727267024 ], [ -2.890555101126976, 53.099439925913707 ], [ -2.900517358758825, 53.090758641319894 ], [ -2.875722996132144, 53.08119263422607 ], [ -2.859550902566915, 53.05457712461282 ], [ -2.868483336579216, 53.045942565301623 ], [ -2.858297363310756, 53.038111131327831 ], [ -2.861046381541654, 53.022853991357408 ], [ -2.846328977862507, 53.018863964746735 ], [ -2.829826674542087, 52.995577876151252 ], [ -2.798064466428755, 52.989474468694077 ], [ -2.790995503380892, 52.995282905394539 ], [ -2.766707013494058, 52.99459803625188 ], [ -2.75379845004711, 52.986158447974468 ], [ -2.726886572950517, 52.983256310567448 ], [ -2.715879788049871, 52.98438392267304 ], [ -2.70064138373168, 52.993405936726589 ], [ -2.684545421665153, 52.986166766195083 ], [ -2.664359285590635, 52.989012965589978 ], [ -2.648853324478941, 52.99573170299395 ], [ -2.628031204613854, 52.995149732707681 ], [ -2.621298128585764, 52.986597860497646 ], [ -2.608343188475192, 52.988146650053217 ], [ -2.595470497243423, 52.978891707582662 ], [ -2.597586499696466, 52.963012994144208 ], [ -2.578142023378463, 52.955744114382981 ], [ -2.561582652376017, 52.964311139555377 ], [ -2.535595293675299, 52.948457765454322 ], [ -2.527584229989829, 52.93077177580966 ], [ -2.516867008141562, 52.93280450709549 ], [ -2.513895852041071, 52.945456477145534 ], [ -2.525110507385678, 52.951975168246719 ], [ -2.521375048205504, 52.974336417863263 ], [ -2.507455776302411, 52.965462133682713 ], [ -2.498966892828717, 52.968445151705367 ], [ -2.481740265945076, 52.958888556764535 ], [ -2.452898855887379, 52.965439670470921 ], [ -2.434155429435801, 52.979567024308231 ], [ -2.438612663244315, 52.984636650346815 ], [ -2.410460799675119, 52.988055534918615 ], [ -2.380763085563663, 52.998369443885629 ], [ -2.383035993810452, 53.007677919692469 ], [ -2.365667825645169, 53.016861053083709 ], [ -2.384028919823121, 53.031788883226511 ], [ -2.383798793493971, 53.040963186805477 ], [ -2.374894903853703, 53.05681660069525 ], [ -2.362131616267429, 53.060442787321222 ], [ -2.348566271073869, 53.055851073901295 ], [ -2.318040528437544, 53.081401423433114 ], [ -2.29485534647216, 53.078323948257605 ], [ -2.277056090315848, 53.085934353108527 ], [ -2.247159503927661, 53.089692350164853 ], [ -2.234712335075771, 53.10338671350258 ], [ -2.217125133046107, 53.109757120131512 ], [ -2.173892494486373, 53.146835249872332 ], [ -2.151042225964761, 53.159666408448338 ], [ -2.140269119889312, 53.183879195378942 ], [ -2.11543965117401, 53.169538386339923 ], [ -2.071113907679123, 53.171968252490053 ], [ -2.047393278646733, 53.192287257339181 ], [ -2.028834224050936, 53.193392468394663 ], [ -2.016379674885886, 53.189287110833753 ], [ -2.001757884686675, 53.192953044289013 ], [ -1.987359772051254, 53.213619059072883 ] ] ] } },
{ "type": "Feature", "properties": { "hcs_county": "Cornwall", "abbr": "Corn", "hcs_name": "Cornwall", "hcs_code": "CNW", "hcs_number": 22, "county": "Cornwall", "region": "South West England" }, "geometry": { "type": "MultiPolygon", "coordinates": [ [ [ [ -4.203528623750298, 50.41058366217402 ], [ -4.202942566061918, 50.424544049169704 ], [ -4.197340544799141, 50.434419162460422 ], [ -4.208593303989468, 50.458175903346856 ], [ -4.223259212036718, 50.466667236508748 ], [ -4.21889216580434, 50.475109431476263 ], [ -4.223715502719223, 50.489901552772793 ], [ -4.220478131054413, 50.498232200248438 ], [ -4.194968891638709, 50.493411506003739 ], [ -4.203291878291396, 50.505253639012039 ], [ -4.201733581640133, 50.512688731017469 ], [ -4.214858446961627, 50.534646731846905 ], [ -4.233518550380654, 50.531594050143795 ], [ -4.240880383664105, 50.542495301780718 ], [ -4.259078594076448, 50.545738135097011 ], [ -4.263452647359324, 50.557394931334976 ], [ -4.279298780926617, 50.569244398079192 ], [ -4.271412306950177, 50.582603013949949 ], [ -4.289565579142461, 50.581636647071754 ], [ -4.311277554982218, 50.584850227356085 ], [ -4.303552, 50.611095 ], [ -4.307552700304601, 50.618505435720685 ], [ -4.300555756099848, 50.634191381709712 ], [ -4.332556380121806, 50.640730744551213 ], [ -4.336816953678975, 50.652619452379675 ], [ -4.366215776491774, 50.655457185313082 ], [ -4.371571450679429, 50.660568988780319 ], [ -4.414359989749682, 50.665104479174687 ], [ -4.423734230129625, 50.661909094154723 ], [ -4.447651134053255, 50.673061477817363 ], [ -4.462700815864336, 50.67135194573715 ], [ -4.49395023845782, 50.680459643393554 ], [ -4.504375480097591, 50.691933773672176 ], [ -4.500179709425121, 50.700691680998411 ], [ -4.505157332593456, 50.713583368592239 ], [ -4.498872226652304, 50.718691055670504 ], [ -4.465683070552081, 50.723251542770434 ], [ -4.442970264651503, 50.723809690293969 ], [ -4.417580281252946, 50.693396292406398 ], [ -4.395576580038811, 50.689202493938957 ], [ -4.366349801970648, 50.699385067083789 ], [ -4.369370113114857, 50.707311735935221 ], [ -4.362003868938952, 50.718995008956483 ], [ -4.369257621896531, 50.724088188138893 ], [ -4.374059781318658, 50.737843732095683 ], [ -4.38500037674078, 50.74773231056917 ], [ -4.380560188302847, 50.769797490574291 ], [ -4.393563139209472, 50.778237898396895 ], [ -4.412974333971737, 50.775208444748209 ], [ -4.422098368023912, 50.764281849969969 ], [ -4.445784935514416, 50.776623492034503 ], [ -4.453813026603922, 50.788947587285442 ], [ -4.452895294199654, 50.805880092339862 ], [ -4.438540392959676, 50.823334456131249 ], [ -4.44294172708355, 50.826173836820296 ], [ -4.441874805319411, 50.847034794740253 ], [ -4.433743025714995, 50.865517373594109 ], [ -4.425347212623144, 50.873292937694984 ], [ -4.445572146698331, 50.890465928073468 ], [ -4.44635187402354, 50.900699971448745 ], [ -4.458458572327418, 50.907600800251942 ], [ -4.463666, 50.916428 ], [ -4.456879248775984, 50.928493015724506 ], [ -4.470993482205483, 50.931303759901667 ], [ -4.499256445773007, 50.927461156874344 ], [ -4.545994547975895, 50.928398667391875 ], [ -4.562058560542686, 50.916972260680389 ], [ -4.566681838803933, 50.886363755804197 ], [ -4.558872106511356, 50.875933072598109 ], [ -4.553584919947411, 50.832168829325454 ], [ -4.558243818880252, 50.788108429217978 ], [ -4.561963485973127, 50.781365884179664 ], [ -4.590185166352878, 50.766291454848869 ], [ -4.613264612881984, 50.760688627836394 ], [ -4.617771996189891, 50.75319818830075 ], [ -4.631927125162036, 50.75013078969517 ], [ -4.649835677966571, 50.726906354356842 ], [ -4.65517222044098, 50.715419684729511 ], [ -4.681175832994666, 50.704300814188024 ], [ -4.685644826966657, 50.69582174934304 ], [ -4.698686464366317, 50.694205323482983 ], [ -4.703379744177584, 50.687327589054462 ], [ -4.727782640635072, 50.681727884748568 ], [ -4.734767486573507, 50.671723226384046 ], [ -4.764743799942169, 50.669021057038009 ], [ -4.766373704476506, 50.654730097780117 ], [ -4.760404244405397, 50.646358622675457 ], [ -4.772574418334443, 50.628739453638936 ], [ -4.770525437159598, 50.622276644196411 ], [ -4.796105252491575, 50.598124995627487 ], [ -4.823863205235233, 50.593979391052635 ], [ -4.846728748744508, 50.59777363936238 ], [ -4.884232868907424, 50.583245276624126 ], [ -4.909043862547066, 50.585195729267042 ], [ -4.919083645418646, 50.591603595808927 ], [ -4.93432387486902, 50.588169429787079 ], [ -4.915471736804691, 50.576015335876477 ], [ -4.940506706598703, 50.554251507870219 ], [ -4.949799046390488, 50.556245299619611 ], [ -4.944723544923247, 50.56851877083551 ], [ -4.972207642188703, 50.557582281464981 ], [ -4.977248607769249, 50.546281238467287 ], [ -4.996160835966903, 50.540354850742183 ], [ -5.006015152658272, 50.546349160757053 ], [ -5.026378609466782, 50.541664216613597 ], [ -5.022989107602718, 50.535571425591286 ], [ -5.029168675091043, 50.524791169993883 ], [ -5.028532743154077, 50.509566619777978 ], [ -5.045339192047198, 50.496594890296429 ], [ -5.035242691244826, 50.494066197613918 ], [ -5.033731056888337, 50.483767456871171 ], [ -5.041206941895338, 50.465525180753737 ], [ -5.039371069511272, 50.452199760346517 ], [ -5.057913003889151, 50.424156815875087 ], [ -5.085097278520977, 50.415053851811535 ], [ -5.124172458550981, 50.410672935393386 ], [ -5.126170946984516, 50.404437346573701 ], [ -5.147649758035734, 50.404873188934879 ], [ -5.142881168026077, 50.395379779758095 ], [ -5.15466261321686, 50.389068864609797 ], [ -5.146639298822312, 50.37536005618108 ], [ -5.155636779044617, 50.347775584143513 ], [ -5.181363193610134, 50.340412247627114 ], [ -5.180076697637043, 50.334198600703758 ], [ -5.20009762798229, 50.320767390936531 ], [ -5.233017889977891, 50.319365465555954 ], [ -5.233858260017902, 50.304789989385554 ], [ -5.24609886272313, 50.28465408752011 ], [ -5.278072873543596, 50.273915877774925 ], [ -5.284675233096976, 50.265981743434615 ], [ -5.300812144209605, 50.262862347987223 ], [ -5.315703005268614, 50.249344016542224 ], [ -5.336169246698695, 50.239677412617787 ], [ -5.356548722829559, 50.240437759819251 ], [ -5.368808192162733, 50.236243831296889 ], [ -5.38289963101936, 50.241056352147091 ], [ -5.39616122410981, 50.239870894692864 ], [ -5.392678308532115, 50.226909288858195 ], [ -5.405360031798554, 50.212789855804012 ], [ -5.434269876709044, 50.192432028673593 ], [ -5.46899720611516, 50.199686829978631 ], [ -5.479702807204504, 50.214397227240987 ], [ -5.495662431949111, 50.21932191248716 ], [ -5.555489377958243, 50.208270937234296 ], [ -5.565264699560122, 50.199719134635544 ], [ -5.613987425252549, 50.181611945608999 ], [ -5.628874677008173, 50.167854702384453 ], [ -5.645407286212472, 50.168879450052003 ], [ -5.671190877691329, 50.162756600130713 ], [ -5.691804134024618, 50.150324185374132 ], [ -5.6938073595069, 50.138602040377748 ], [ -5.705341612557633, 50.122413714290509 ], [ -5.694452697037002, 50.094484487892238 ], [ -5.69389298710416, 50.0811697690134 ], [ -5.708065419463581, 50.077887037530026 ], [ -5.714503153779623, 50.062916027241947 ], [ -5.698760232576594, 50.055398139386533 ], [ -5.68462625629838, 50.037923180642984 ], [ -5.672873147005514, 50.034693449507081 ], [ -5.642514890708936, 50.044476439398579 ], [ -5.635093568009732, 50.04090816057122 ], [ -5.623595300407482, 50.049994479881555 ], [ -5.607658023856755, 50.04828675934192 ], [ -5.596115824282307, 50.05265002653244 ], [ -5.576137352392065, 50.052205623791423 ], [ -5.554302275569796, 50.060056252859169 ], [ -5.542591988672424, 50.070993701190631 ], [ -5.533307473012003, 50.088526029282257 ], [ -5.548978956448735, 50.103045452297813 ], [ -5.545073738400393, 50.109999709277808 ], [ -5.530792861684612, 50.11569073777715 ], [ -5.523386863665782, 50.126183867133037 ], [ -5.494486296888327, 50.12869095285447 ], [ -5.46054282564086, 50.122041367090219 ], [ -5.453211490916392, 50.114990812193923 ], [ -5.419610028635914, 50.099001408009215 ], [ -5.410499835688175, 50.104428497239667 ], [ -5.391578402118755, 50.103486475990621 ], [ -5.366438302068451, 50.093714125508505 ], [ -5.329073449192279, 50.089076730254611 ], [ -5.29019474470076, 50.065997128222101 ], [ -5.278310681608849, 50.054875402451373 ], [ -5.281030945176004, 50.044377696628857 ], [ -5.266409931186422, 50.037575360103091 ], [ -5.265628143635107, 50.029470933786861 ], [ -5.255972863895947, 50.022903440399865 ], [ -5.265082395590698, 49.998682494705598 ], [ -5.251452206232571, 49.991181674663281 ], [ -5.245341884799094, 49.975481959589942 ], [ -5.220606843136014, 49.971923112839939 ], [ -5.215565039994106, 49.960286578855438 ], [ -5.199478649057514, 49.959407263682145 ], [ -5.185714709616216, 49.963060534475922 ], [ -5.188421004750985, 49.974162981314898 ], [ -5.172512062094751, 49.990732352678371 ], [ -5.166336278054573, 50.003907779546282 ], [ -5.155750305671434, 50.007750640435233 ], [ -5.121707759688737, 50.009018134239838 ], [ -5.101363505469644, 50.004237641462744 ], [ -5.094139226844416, 50.017234087745791 ], [ -5.096484735655158, 50.026613884923002 ], [ -5.06973628229535, 50.034725995872911 ], [ -5.062700056983982, 50.061986319049993 ], [ -5.078873820779281, 50.068284179040738 ], [ -5.075135168427439, 50.082171668236697 ], [ -5.099090916969463, 50.085481289223544 ], [ -5.102201984055425, 50.099880995750958 ], [ -5.084776405913209, 50.109537414047459 ], [ -5.090689924219242, 50.124570676157809 ], [ -5.072969474626968, 50.13437541767837 ], [ -5.076873213631876, 50.140025781917949 ], [ -5.057599705762316, 50.147765464461074 ], [ -5.073513198526873, 50.158762077273266 ], [ -5.0540849438965, 50.162019089203348 ], [ -5.045735130423343, 50.175816983501683 ], [ -5.055102241280487, 50.177958283698423 ], [ -5.055823415691532, 50.195362411162648 ], [ -5.03330439955539, 50.212407308500211 ], [ -5.027269394806622, 50.184882894696052 ], [ -5.019736210264702, 50.181794212834767 ], [ -5.024182696442525, 50.154874380602429 ], [ -4.997074071405692, 50.163081185817923 ], [ -5.009622854175451, 50.139317706428386 ], [ -4.972515874072382, 50.164672342473331 ], [ -4.974574459905796, 50.179797462771745 ], [ -4.968237879042391, 50.192519007594974 ], [ -4.957557946486038, 50.202140744416617 ], [ -4.933163257367714, 50.206965070601015 ], [ -4.92357914988398, 50.20219100140892 ], [ -4.896091994331749, 50.212957571495075 ], [ -4.865801586834164, 50.234822831485936 ], [ -4.84503412539488, 50.234837707037713 ], [ -4.819287938955751, 50.231653667875825 ], [ -4.803785358356754, 50.218800817937094 ], [ -4.798160561807447, 50.230245428948685 ], [ -4.777639502489028, 50.250510466400215 ], [ -4.783812661543585, 50.262956266311711 ], [ -4.78432264233419, 50.28494331493264 ], [ -4.754063745307531, 50.30596540268921 ], [ -4.765057662318819, 50.312955739185362 ], [ -4.766762318614115, 50.322193682586331 ], [ -4.753012618962073, 50.332122727320751 ], [ -4.706119818470161, 50.340491059789969 ], [ -4.689809642802461, 50.346394857668862 ], [ -4.681944411383899, 50.338339608804965 ], [ -4.682354372771279, 50.322229305891653 ], [ -4.652297953712054, 50.326523253710313 ], [ -4.601744538493486, 50.324330155487445 ], [ -4.587340729218307, 50.332113147245096 ], [ -4.538539016976104, 50.323964946636274 ], [ -4.498861536606745, 50.33620259633058 ], [ -4.474230520909528, 50.332953716041992 ], [ -4.473334941535517, 50.33812884302305 ], [ -4.452342401693278, 50.345010728551443 ], [ -4.449202018574447, 50.353044938027367 ], [ -4.436474399526388, 50.361051120165875 ], [ -4.388458262737361, 50.364557540394479 ], [ -4.36697306518642, 50.360297343740299 ], [ -4.338263738763179, 50.359515432999238 ], [ -4.331532549117934, 50.362266885076608 ], [ -4.307677909396729, 50.361330382529687 ], [ -4.282524747734901, 50.356831008990447 ], [ -4.244923437226983, 50.342183225239843 ], [ -4.209406491834591, 50.318471950157921 ], [ -4.188561488306728, 50.317742144264272 ], [ -4.201145264294561, 50.332988393516899 ], [ -4.190929358482961, 50.339636184114269 ], [ -4.171086387259971, 50.34379143545204 ], [ -4.166877793045428, 50.351902587865112 ], [ -4.174996510952592, 50.360643003500861 ], [ -4.193124221294133, 50.35379829601829 ], [ -4.220539024056983, 50.368906531893927 ], [ -4.199819974468484, 50.370201813341069 ], [ -4.193047218427135, 50.375830553428685 ], [ -4.21266710419943, 50.392721627121965 ], [ -4.203528623750298, 50.41058366217402 ] ] ], [ [ [ -6.275585489931819, 49.92151001323947 ], [ -6.293138811099537, 49.935439239350934 ], [ -6.309037631055342, 49.933588602643972 ], [ -6.31367487730299, 49.927602874862309 ], [ -6.303398899728043, 49.910221921284425 ], [ -6.287832349678369, 49.9100602723992 ], [ -6.275585489931819, 49.92151001323947 ] ] ], [ [ [ -6.319127337887384, 49.953306295187744 ], [ -6.342621592690447, 49.967907925406614 ], [ -6.351770574725951, 49.965049115113217 ], [ -6.338312334181106, 49.954019755666067 ], [ -6.338925330803818, 49.946588072316011 ], [ -6.321941410556588, 49.944490737266548 ], [ -6.319127337887384, 49.953306295187744 ] ] ] ] } },
{ "type": "Feature", "properties": { "hcs_county": "Cumberland", "abbr": "Cumb", "hcs_name": "Cumberland", "hcs_code": "CUM", "hcs_number": 24, "county": "Cumberland", "region": "North West England" }, "geometry": { "type": "Polygon", "coordinates": [ [ [ -2.312092104966675, 54.79102769992484 ], [ -2.328644975012388, 54.805271561861453 ], [ -2.345399042753517, 54.806230244182643 ], [ -2.369816490881791, 54.820914428320187 ], [ -2.372718, 54.827354 ], [ -2.392728194086982, 54.83449052641388 ], [ -2.40170816687214, 54.851485856593669 ], [ -2.411662693341684, 54.856456753278337 ], [ -2.422892641325392, 54.842788714459402 ], [ -2.468541452370095, 54.826294266454802 ], [ -2.496272274614168, 54.810048692807221 ], [ -2.534823624241545, 54.807097813758247 ], [ -2.567846391093517, 54.823578649179304 ], [ -2.582608781409732, 54.84587413505718 ], [ -2.573353084324165, 54.853517258921478 ], [ -2.590257491977896, 54.873832713582523 ], [ -2.605322547905028, 54.883816670491022 ], [ -2.57836337938869, 54.895463091696065 ], [ -2.567580029360438, 54.909224488424492 ], [ -2.566218418113898, 54.919211647484637 ], [ -2.547009, 54.926655 ], [ -2.567650001279508, 54.940854990555309 ], [ -2.568487950150583, 54.958342043615197 ], [ -2.595592175069941, 54.963461442771781 ], [ -2.585994612149018, 54.982396568674424 ], [ -2.573324770657687, 54.98763688715762 ], [ -2.567693621344204, 55.002745720964825 ], [ -2.573214214279997, 55.01608207517716 ], [ -2.555673513066318, 55.019988508648986 ], [ -2.544265387329758, 55.026876807520352 ], [ -2.501877883518566, 55.037099032048587 ], [ -2.482848906623436, 55.043468618093968 ], [ -2.5034528211725, 55.063138869198475 ], [ -2.500843912820549, 55.074452875801171 ], [ -2.489567080882434, 55.083484818894014 ], [ -2.50094912627425, 55.090292787128973 ], [ -2.517786079764459, 55.085006958204339 ], [ -2.55049259137356, 55.081714091230189 ], [ -2.572771965297858, 55.097553983460138 ], [ -2.591954609228707, 55.104244927897149 ], [ -2.6009543028122, 55.12368281342517 ], [ -2.621280284251127, 55.129174885875912 ], [ -2.632258202767177, 55.127751800254693 ], [ -2.657047669326218, 55.136112133786185 ], [ -2.683220009044033, 55.166281395363704 ], [ -2.674549868144938, 55.175888489347678 ], [ -2.689770498861873, 55.189013082053748 ], [ -2.703389097000385, 55.173240826463605 ], [ -2.73311393940818, 55.167038559991269 ], [ -2.784870870494381, 55.141815799961705 ], [ -2.832039583836997, 55.13343933060257 ], [ -2.845454877714443, 55.111430857824303 ], [ -2.858533637308471, 55.10834448491385 ], [ -2.892561049848914, 55.085202557503045 ], [ -2.91017432132075, 55.076755846455129 ], [ -2.94147321957738, 55.068487775729515 ], [ -2.936497911513682, 55.059504615689605 ], [ -2.971807557769449, 55.050179182330602 ], [ -3.029202116274868, 55.055349247872748 ], [ -3.05056890927808, 55.052841742012575 ], [ -3.035348029999288, 55.038999726309896 ], [ -3.025989933315484, 55.036544994079946 ], [ -3.049318847817216, 55.009313735926732 ], [ -3.044633139812517, 54.998226344462928 ], [ -3.063213144640663, 54.986655685164301 ], [ -3.058308577478841, 54.981447499504327 ], [ -3.067178679516928, 54.970247422859828 ], [ -3.088058528698432, 54.958992228869683 ], [ -3.087237049017006, 54.950049428194149 ], [ -3.073816469644614, 54.946334900695661 ], [ -3.074099288090113, 54.936782909796378 ], [ -3.115458038207392, 54.927085763876185 ], [ -3.134165370456854, 54.927963496017227 ], [ -3.157067445662876, 54.937808932429704 ], [ -3.179713521489223, 54.943038414567731 ], [ -3.185841869398011, 54.94979949093095 ], [ -3.209412271627825, 54.954599475394907 ], [ -3.23089941388497, 54.952343183396287 ], [ -3.247898703713665, 54.944392167322462 ], [ -3.284658992371817, 54.941733972019065 ], [ -3.312990646474615, 54.919536105261848 ], [ -3.303165357646529, 54.909186261040794 ], [ -3.280234147450629, 54.903047403010099 ], [ -3.259469698652786, 54.911153705826059 ], [ -3.251113840382014, 54.904248780225203 ], [ -3.264542231593352, 54.892081791939269 ], [ -3.287929457795725, 54.890468257295176 ], [ -3.284287479476815, 54.881876283548593 ], [ -3.337164480957828, 54.893368671541133 ], [ -3.33908169951694, 54.900179234808981 ], [ -3.366922516424271, 54.89143646269784 ], [ -3.38584274765245, 54.875169197830623 ], [ -3.399843746323114, 54.867406043997299 ], [ -3.410927847014085, 54.838620903826225 ], [ -3.437711976851945, 54.801991573571819 ], [ -3.431400575974057, 54.781207285965444 ], [ -3.43899943174757, 54.756336551857771 ], [ -3.463271180865847, 54.739270121790142 ], [ -3.490356126393365, 54.727803361275818 ], [ -3.507428468068457, 54.715919160386868 ], [ -3.518824511481716, 54.693182748310349 ], [ -3.548018864634632, 54.673494657878521 ], [ -3.575420897374332, 54.645373634301038 ], [ -3.570148775524415, 54.624755580199952 ], [ -3.571032675651888, 54.602265304209702 ], [ -3.582878321348045, 54.590743274160751 ], [ -3.580357242592993, 54.572208947455735 ], [ -3.59871939313197, 54.550908283684521 ], [ -3.607208875311339, 54.530904738200178 ], [ -3.614359006032819, 54.524769107131611 ], [ -3.638661066121229, 54.517707456090932 ], [ -3.635998964178917, 54.507271357119201 ], [ -3.620129779631173, 54.491358910978718 ], [ -3.608172777422902, 54.490973818678327 ], [ -3.592144345828685, 54.481403732233588 ], [ -3.563699187346753, 54.452157819922903 ], [ -3.541967238405184, 54.438805690222097 ], [ -3.476393748804139, 54.38633116303297 ], [ -3.472765995370922, 54.376180308834059 ], [ -3.461046297834427, 54.36476322791848 ], [ -3.430242132916891, 54.341995897753335 ], [ -3.4161326577159, 54.309190714673299 ], [ -3.4211549308044, 54.284721142344601 ], [ -3.3929522993831, 54.253409049651403 ], [ -3.3794861916446, 54.244474178364499 ], [ -3.3533630397607, 54.220946810027797 ], [ -3.3274016667052, 54.194007174773503 ], [ -3.318875206923, 54.189231405945002 ], [ -3.3002082709331, 54.188323780985797 ], [ -3.2797979722721, 54.195878083138297 ], [ -3.2676792651056, 54.190080953881498 ], [ -3.2542576400206, 54.191568947122398 ], [ -3.240080238243, 54.204206521183202 ], [ -3.2501260172857, 54.210014648093299 ], [ -3.2487539643936, 54.222343048330401 ], [ -3.2257187576246, 54.239746001986603 ], [ -3.222864593297, 54.251881780954903 ], [ -3.227699322172743, 54.259959768380696 ], [ -3.237862334066058, 54.290303644998502 ], [ -3.231300874209895, 54.31500244460323 ], [ -3.24174835973901, 54.323700199047906 ], [ -3.218381007625582, 54.336069249258053 ], [ -3.220032458557681, 54.340944994532201 ], [ -3.206894624689823, 54.353031927732111 ], [ -3.195954060279344, 54.355932306158927 ], [ -3.180968505376367, 54.375390488246715 ], [ -3.181604284332785, 54.384637618081385 ], [ -3.172458066243064, 54.389070003280906 ], [ -3.170698058140536, 54.399744541676 ], [ -3.158823265768548, 54.407286722011698 ], [ -3.115259545194016, 54.41501288059721 ], [ -3.115317904759856, 54.422369204141525 ], [ -3.135905170233392, 54.421839864107042 ], [ -3.154035279322417, 54.429667157725213 ], [ -3.167174, 54.454109 ], [ -3.145330436361029, 54.468586138433594 ], [ -3.119473451103928, 54.460276326463905 ], [ -3.109611219048144, 54.474029998155203 ], [ -3.097755570289382, 54.471942082120712 ], [ -3.088264, 54.483944 ], [ -3.061944014606097, 54.492547129102093 ], [ -3.014814880309558, 54.499795016494481 ], [ -3.01516892292011, 54.525657084618011 ], [ -3.025790968029616, 54.530185702991353 ], [ -3.025087067157591, 54.540997280038908 ], [ -3.016637016376443, 54.547962394957906 ], [ -3.020419032690033, 54.558998191722509 ], [ -2.988452633336088, 54.561557505271864 ], [ -2.964274008847475, 54.558938237691841 ], [ -2.942091640848997, 54.560129331980711 ], [ -2.910661, 54.570618 ], [ -2.877458888739556, 54.578922367363454 ], [ -2.863899621475168, 54.576574564803117 ], [ -2.851570434591932, 54.591535162160362 ], [ -2.82232970441761, 54.612032383269337 ], [ -2.809830827260643, 54.63217317635678 ], [ -2.760012447923763, 54.649696066582031 ], [ -2.715138684576755, 54.655235697729474 ], [ -2.684883803556657, 54.665413977124913 ], [ -2.671030312987952, 54.664150612560675 ], [ -2.652794299848973, 54.668696935095078 ], [ -2.636881232979453, 54.661183227089843 ], [ -2.621976588319314, 54.659323471762001 ], [ -2.604312940699574, 54.646835947713242 ], [ -2.575141053769681, 54.654428800753522 ], [ -2.573837920852471, 54.660845445296466 ], [ -2.550996056528577, 54.670048478194303 ], [ -2.524201864694185, 54.675454740338822 ], [ -2.506791784947264, 54.675477197004923 ], [ -2.477803603555569, 54.691262490231303 ], [ -2.465473202126562, 54.700508 ], [ -2.42547694904357, 54.703505399079141 ], [ -2.418764234640177, 54.707168728601673 ], [ -2.391411167648541, 54.705133702926332 ], [ -2.373669915125468, 54.698351423367498 ], [ -2.355407591867333, 54.697226405456888 ], [ -2.34464471306485, 54.701810720737527 ], [ -2.34141685616621, 54.71665256301543 ], [ -2.325805704184625, 54.726636177106997 ], [ -2.332018474861196, 54.731236779823433 ], [ -2.320876, 54.75499 ], [ -2.32236222133375, 54.764084595917346 ], [ -2.309911557094508, 54.771890552569602 ], [ -2.312092104966675, 54.79102769992484 ] ] ] } },
{ "type": "Feature", "properties": { "hcs_county": "Denbigh", "abbr": "Denb", "hcs_name": "Denbighshire", "hcs_code": "DBH", "hcs_number": 25, "county": "Denbighshire", "region": "Wales" }, "geometry": { "type": "Polygon", "coordinates": [ [ [ -2.858297363310756, 53.038111131327831 ], [ -2.868483336579216, 53.045942565301623 ], [ -2.859550902566915, 53.05457712461282 ], [ -2.875722996132144, 53.08119263422607 ], [ -2.900517358758825, 53.090758641319894 ], [ -2.890555101126976, 53.099439925913707 ], [ -2.884203932914627, 53.112951727267024 ], [ -2.903291534907737, 53.111749375690685 ], [ -2.94502197010457, 53.122260082621892 ], [ -2.963923216057036, 53.132746139790207 ], [ -2.995210874927269, 53.13064455952874 ], [ -3.005185035710922, 53.124127423032064 ], [ -3.006180782719571, 53.115668450136411 ], [ -3.029194173916591, 53.103523474873427 ], [ -3.040789008407067, 53.090542770745202 ], [ -3.064655212954009, 53.087148985304943 ], [ -3.076386512226216, 53.088560602807341 ], [ -3.095097911689807, 53.079424981228939 ], [ -3.117674183300634, 53.072157819687099 ], [ -3.141209633861932, 53.076447696733545 ], [ -3.161814863917596, 53.058426419553363 ], [ -3.179972964126315, 53.059869933813353 ], [ -3.181909652561941, 53.077060831147037 ], [ -3.198279831419506, 53.070391392506288 ], [ -3.205387350059161, 53.077871253427325 ], [ -3.18820470331239, 53.085318789853972 ], [ -3.166984784153972, 53.085444802130738 ], [ -3.151765925629976, 53.092958062515763 ], [ -3.145916429159576, 53.103947306727363 ], [ -3.169902670113602, 53.108247558131197 ], [ -3.185893565363819, 53.141962120474858 ], [ -3.182431901234534, 53.153941454668754 ], [ -3.208226624861842, 53.159827864992451 ], [ -3.225874500540296, 53.153189296265325 ], [ -3.244147303326949, 53.152297277746115 ], [ -3.271202804931674, 53.157472370548213 ], [ -3.280985454369668, 53.168585465663355 ], [ -3.275119962069645, 53.179038532699558 ], [ -3.27960327884787, 53.184969493578649 ], [ -3.264875148805535, 53.192531228592117 ], [ -3.26141267689119, 53.200311216520888 ], [ -3.24158844511823, 53.204243289037542 ], [ -3.263962938129045, 53.213659205279271 ], [ -3.275066890929474, 53.208454449774059 ], [ -3.28641040559156, 53.188453070333019 ], [ -3.307748283553783, 53.197763334136177 ], [ -3.317348293794021, 53.209910630445385 ], [ -3.316934297567782, 53.221481810392547 ], [ -3.305459218005542, 53.231126848758549 ], [ -3.317327208641128, 53.243479455802806 ], [ -3.317553784496848, 53.253135547162515 ], [ -3.344838384270128, 53.24744376326349 ], [ -3.332731567008062, 53.238368551389719 ], [ -3.346923816973331, 53.229300384923505 ], [ -3.359519894512133, 53.215233762001759 ], [ -3.379557245722113, 53.213749265898372 ], [ -3.410656726759973, 53.235423248170697 ], [ -3.418664392378969, 53.244592953610713 ], [ -3.433385711409292, 53.240620989315516 ], [ -3.452636324023347, 53.252875007769369 ], [ -3.463675834386785, 53.247869960374217 ], [ -3.474921121019317, 53.253252145759475 ], [ -3.524193861299516, 53.252539931603955 ], [ -3.52863807306292, 53.263809297163682 ], [ -3.520787399468734, 53.284187620078988 ], [ -3.496425668425813, 53.303295817835256 ], [ -3.51001463730058, 53.313164381150322 ], [ -3.512871880055766, 53.316640306529095 ], [ -3.557448521477042, 53.302040019138694 ], [ -3.613162872495676, 53.290079636339755 ], [ -3.634371910401839, 53.294525952411163 ], [ -3.654445060566287, 53.292168564462351 ], [ -3.718670879742137, 53.295558020922464 ], [ -3.737220347676335, 53.303602814135182 ], [ -3.738581462558951, 53.308652384092142 ], [ -3.75720974399733, 53.313670540637794 ], [ -3.766978946004573, 53.305791735634195 ], [ -3.768848204107051, 53.290623449971577 ], [ -3.796761181672371, 53.277910135604643 ], [ -3.814800690374909, 53.274430845138397 ], [ -3.807475378256963, 53.265067096545195 ], [ -3.822294941169786, 53.251145681512916 ], [ -3.808270135533194, 53.242648065805902 ], [ -3.808681841910147, 53.233478185645055 ], [ -3.821343928103026, 53.228778062971188 ], [ -3.827984717147626, 53.220311960740496 ], [ -3.834235324951372, 53.201012833251241 ], [ -3.79540405632306, 53.193981487620171 ], [ -3.787274890481207, 53.183141377751056 ], [ -3.769204954479244, 53.173577003985145 ], [ -3.742045578120396, 53.17083545083144 ], [ -3.731262590590253, 53.162780014326287 ], [ -3.743288995693303, 53.157642762187443 ], [ -3.750589017996125, 53.165408823457469 ], [ -3.771377372742733, 53.163795490278609 ], [ -3.78351604039209, 53.170572052253696 ], [ -3.792074713053974, 53.1616930490325 ], [ -3.810231149071562, 53.159658394880672 ], [ -3.808774968519669, 53.140298849687944 ], [ -3.797294862679123, 53.136913975012938 ], [ -3.787944035536759, 53.110401513815283 ], [ -3.797349015557823, 53.101173364843675 ], [ -3.794114354009515, 53.094728367244528 ], [ -3.795665933758152, 53.07255661337426 ], [ -3.745023346299609, 53.054823735573848 ], [ -3.733518856182128, 53.048179749221383 ], [ -3.711696204016324, 53.047557797062616 ], [ -3.703960610562103, 53.042209614082012 ], [ -3.727090957964981, 53.025123399837511 ], [ -3.734943322833427, 53.014545942505336 ], [ -3.753283751952686, 53.006515162657827 ], [ -3.766893620843721, 52.993057901585118 ], [ -3.796135263962213, 52.987843184959395 ], [ -3.810510571197805, 52.982576634692059 ], [ -3.833736360482737, 52.962041025375754 ], [ -3.82870668316712, 52.953815480824517 ], [ -3.813203675265333, 52.949550036097271 ], [ -3.767269521558899, 52.960403253492828 ], [ -3.748915603136667, 52.974806428687103 ], [ -3.70938997135151, 52.986471644218767 ], [ -3.683005909708376, 52.986784095629595 ], [ -3.672970132913008, 52.997041766214856 ], [ -3.659529913842534, 52.996911083456475 ], [ -3.635094086898189, 53.007700672360755 ], [ -3.606819569236231, 53.012043336176589 ], [ -3.599574604548917, 53.009923143770074 ], [ -3.610478170126059, 52.995842155478336 ], [ -3.602310158294429, 52.993048536477296 ], [ -3.590544571047234, 52.970787448379184 ], [ -3.544199682844059, 52.968322231749767 ], [ -3.533931408032918, 52.973684738593832 ], [ -3.500866551990748, 52.967511954896679 ], [ -3.48306046674355, 52.969502741322309 ], [ -3.454646230830068, 52.987898999954083 ], [ -3.457593532465838, 52.994930898521837 ], [ -3.448108853779928, 53.003232569382455 ], [ -3.452275892289323, 53.009715783683745 ], [ -3.467572414596038, 53.010430307674575 ], [ -3.476281993006538, 53.026361148923598 ], [ -3.496692124686848, 53.027590518446289 ], [ -3.511296617138725, 53.032135686259082 ], [ -3.51152879847101, 53.04294286320652 ], [ -3.447967757135771, 53.045243703453828 ], [ -3.436519692454926, 53.05112306129493 ], [ -3.428897954672241, 53.042714718412974 ], [ -3.436089147825002, 53.032026678440864 ], [ -3.360541877244678, 53.044395303508317 ], [ -3.3627858814787, 53.027115041129633 ], [ -3.341613561873265, 53.01798116168807 ], [ -3.3241422390737, 53.000935462577075 ], [ -3.302436626694809, 53.007750124843128 ], [ -3.284819721131198, 52.988721782030339 ], [ -3.278116638208465, 52.976933310496818 ], [ -3.259060380394073, 52.976462306759103 ], [ -3.245555744992815, 52.981118964606388 ], [ -3.2165078201451, 52.970211982972003 ], [ -3.245179094789497, 52.959294345128022 ], [ -3.237263880724197, 52.949414474502298 ], [ -3.250977514188613, 52.945744991844606 ], [ -3.297446568478243, 52.943000602400083 ], [ -3.314380193267909, 52.946801437368464 ], [ -3.32434490330897, 52.931820456683546 ], [ -3.355069582392864, 52.921315777315208 ], [ -3.35516827523364, 52.911120190348853 ], [ -3.372938895304485, 52.901452011024894 ], [ -3.382039335683782, 52.880038505083277 ], [ -3.388823791081848, 52.876070124734895 ], [ -3.397439837585333, 52.860902329334678 ], [ -3.373976620990624, 52.854127221446333 ], [ -3.367003460041048, 52.847830891471808 ], [ -3.344302952132611, 52.84208979663979 ], [ -3.308601696270145, 52.829788235984559 ], [ -3.281285302154154, 52.809792522409481 ], [ -3.273364482805508, 52.798049381593181 ], [ -3.271686149635677, 52.786328377746095 ], [ -3.241017202704873, 52.786132522440077 ], [ -3.186926880607515, 52.801475588068399 ], [ -3.161410710367937, 52.803579386455375 ], [ -3.168425557691953, 52.807832856171075 ], [ -3.167890279562914, 52.819263018498056 ], [ -3.154086627375319, 52.832112587052691 ], [ -3.15398522188489, 52.854289708989675 ], [ -3.127735829016741, 52.8671426262 ], [ -3.152442777960122, 52.878761091840417 ], [ -3.147522531489894, 52.8902759670463 ], [ -3.116894797773281, 52.899803843055466 ], [ -3.108656659618964, 52.919910929512298 ], [ -3.095980979795001, 52.93031754823604 ], [ -3.076221104185639, 52.925495466226529 ], [ -3.031394352086553, 52.931436443998876 ], [ -3.009780698148825, 52.956179213524109 ], [ -2.982423328154248, 52.959070329187028 ], [ -2.96852036041481, 52.964181132700951 ], [ -2.967929864896826, 52.973277512734434 ], [ -2.956848001307204, 52.989540840640998 ], [ -2.937670025887023, 52.992096364857325 ], [ -2.920598452692509, 53.001603846933506 ], [ -2.916312363878204, 53.009554918879708 ], [ -2.895192068474538, 53.011264862561148 ], [ -2.867963409765813, 53.025266675823531 ], [ -2.872780157920733, 53.032915900437253 ], [ -2.858297363310756, 53.038111131327831 ] ] ] } },
{ "type": "Feature", "properties": { "hcs_county": "Derby", "abbr": "Derbys", "hcs_name": "Derbyshire", "hcs_code": "DRB", "hcs_number": 26, "county": "Derbyshire", "region": "East Midlands" }, "geometry": { "type": "Polygon", "coordinates": [ [ [ -1.267911408100031, 52.873339758454755 ], [ -1.25480208341368, 52.878782619052437 ], [ -1.239769151893841, 52.894614054165729 ], [ -1.263073723979415, 52.904882446725672 ], [ -1.280009801925816, 52.907873914182801 ], [ -1.286666624009583, 52.925132689789073 ], [ -1.279326973180299, 52.934953271113692 ], [ -1.281109326805104, 52.94903641205979 ], [ -1.300291729884064, 52.982925243438423 ], [ -1.303788819573366, 53.001172844888409 ], [ -1.319214630633827, 53.005265486478542 ], [ -1.319172188470485, 53.013988085084328 ], [ -1.331299212865472, 53.03190963457741 ], [ -1.332776338056199, 53.047298955545749 ], [ -1.344609602402695, 53.063225496304291 ], [ -1.342541323946776, 53.07028350007014 ], [ -1.326099611096017, 53.084041384007463 ], [ -1.308191411590753, 53.087425671028114 ], [ -1.308220784292404, 53.105182998465239 ], [ -1.314936957023961, 53.135833134877252 ], [ -1.321320568675144, 53.143362227665342 ], [ -1.323432036891019, 53.162316095567768 ], [ -1.308032376945326, 53.163400272299974 ], [ -1.296022462809061, 53.17121460925182 ], [ -1.254652281769166, 53.164781539894861 ], [ -1.237335667648318, 53.179189147638226 ], [ -1.201119589164813, 53.182425091097123 ], [ -1.195129880520642, 53.189433864190633 ], [ -1.21017134574069, 53.211754246729626 ], [ -1.20230760983557, 53.235498351643415 ], [ -1.212925460653939, 53.247095812932152 ], [ -1.201568323571185, 53.261554355412926 ], [ -1.16649992259017, 53.277672457419946 ], [ -1.180127886766218, 53.287111799476527 ], [ -1.171540461955469, 53.294660936264663 ], [ -1.172231783469137, 53.309851727912928 ], [ -1.200601030746308, 53.304369431505464 ], [ -1.219005455014982, 53.304139200806127 ], [ -1.230019004618665, 53.308478462068734 ], [ -1.254289511202879, 53.301750105576616 ], [ -1.270815520991376, 53.308943745799709 ], [ -1.291161357651498, 53.309259454565023 ], [ -1.298960296988455, 53.332466794487445 ], [ -1.318123206008878, 53.333064359916307 ], [ -1.325573596691642, 53.348921160169262 ], [ -1.339472604808793, 53.35726270343622 ], [ -1.35769835019805, 53.351339270398199 ], [ -1.386477, 53.355099 ], [ -1.409095440535146, 53.353827418459474 ], [ -1.425529233800924, 53.344592689137215 ], [ -1.477629191143017, 53.360156495620295 ], [ -1.483903142663272, 53.351850312034998 ], [ -1.507684897691579, 53.337737536940637 ], [ -1.514694115175908, 53.329472581461602 ], [ -1.541127985928272, 53.344901431419217 ], [ -1.564684324679922, 53.348691867611819 ], [ -1.590505083075972, 53.346004 ], [ -1.625507634503314, 53.352023685601353 ], [ -1.630593318192519, 53.356143762550275 ], [ -1.664010725372321, 53.367018046515021 ], [ -1.653495123712425, 53.385047993555183 ], [ -1.681829451712376, 53.401763798112846 ], [ -1.705153375015159, 53.405302809212657 ], [ -1.703238301771312, 53.413736427610431 ], [ -1.7140599938717, 53.419078248453594 ], [ -1.729874431101779, 53.415981399767681 ], [ -1.746804554414185, 53.426149480211933 ], [ -1.749642162587618, 53.43928775487003 ], [ -1.743651890749421, 53.445197605351765 ], [ -1.753157185374127, 53.464862531293818 ], [ -1.76664796515165, 53.464255460874092 ], [ -1.779200998335492, 53.474310396183213 ], [ -1.801471549575791, 53.480975606407704 ], [ -1.800276600106698, 53.49337882298969 ], [ -1.820691663255323, 53.491597358995406 ], [ -1.829670466099914, 53.495197531703106 ], [ -1.883065756474957, 53.491126594399091 ], [ -1.923341762913271, 53.480421729312042 ], [ -1.93548100535158, 53.479491326473671 ], [ -1.980222525022785, 53.466300758211062 ], [ -1.995554804242543, 53.4518582521181 ], [ -1.995709752416517, 53.446097377510888 ], [ -2.021855022409189, 53.436195738380299 ], [ -2.023298588111971, 53.431061239293321 ], [ -2.05942152101558, 53.413534156892219 ], [ -2.05436511397453, 53.395878410519479 ], [ -2.033812353144635, 53.367494538390346 ], [ -2.001438608338698, 53.360905005192038 ], [ -1.987104918836542, 53.3521748791904 ], [ -1.978701419211678, 53.341479762795117 ], [ -1.989909902985671, 53.314090430894318 ], [ -1.981497168516079, 53.299656784813365 ], [ -1.977733038083989, 53.276203620400771 ], [ -1.984393875323573, 53.267195530648912 ], [ -1.975700293739298, 53.241588088984336 ], [ -1.976111834175072, 53.227471958174988 ], [ -1.990183487372667, 53.22309334730231 ], [ -1.987359772051254, 53.213619059072883 ], [ -1.962382807640293, 53.226194163100033 ], [ -1.956712036484625, 53.213743246243446 ], [ -1.938324051221791, 53.211965249670641 ], [ -1.909478675803754, 53.198826609716761 ], [ -1.897519546093609, 53.200301947834802 ], [ -1.872054199426859, 53.193944872392613 ], [ -1.832043357182965, 53.172780147100525 ], [ -1.816244973313766, 53.158763481955553 ], [ -1.821431209220807, 53.135796725691407 ], [ -1.811864147605126, 53.131523664161215 ], [ -1.800813826965824, 53.115014814427582 ], [ -1.7878651055942, 53.109177577531433 ], [ -1.783063781465709, 53.093059300897181 ], [ -1.793949771740846, 53.088790187290705 ], [ -1.783088569011467, 53.061397891409598 ], [ -1.778796755088623, 53.043052845383173 ], [ -1.760056390612178, 53.038912234113305 ], [ -1.75771234278025, 53.017317749363471 ], [ -1.766249717663264, 53.007381647969083 ], [ -1.759047401546427, 53.001063635209086 ], [ -1.78460550517643, 52.994689438566589 ], [ -1.806589212056147, 52.980244410647572 ], [ -1.820354890117032, 52.979560821434639 ], [ -1.830207215858224, 52.971410298044418 ], [ -1.820553422102446, 52.962629131525567 ], [ -1.820102049346117, 52.952846014615361 ], [ -1.831958984408405, 52.941792533681031 ], [ -1.853081354985094, 52.935329106374098 ], [ -1.84045512379349, 52.901671623035739 ], [ -1.832458431172086, 52.886860235626045 ], [ -1.810688515172112, 52.880705613753278 ], [ -1.760326195925786, 52.8789416987143 ], [ -1.725892320261105, 52.859806422856913 ], [ -1.715881593850051, 52.864649198836105 ], [ -1.69035090754649, 52.865289686070369 ], [ -1.670494508427129, 52.861203538112541 ], [ -1.664118812897342, 52.854712273310881 ], [ -1.636746416312952, 52.853183951370333 ], [ -1.61920769279157, 52.846013950018104 ], [ -1.598998766801815, 52.831263070031113 ], [ -1.610449390554041, 52.815306186845504 ], [ -1.620768351091644, 52.809095806724969 ], [ -1.624662620036817, 52.795623002202618 ], [ -1.648510158938493, 52.779772895582553 ], [ -1.665789716580448, 52.7853895686805 ], [ -1.670000709673915, 52.773805329233056 ], [ -1.682495209239965, 52.769849688820337 ], [ -1.687350175523568, 52.757747413664958 ], [ -1.703546293895244, 52.751317290908737 ], [ -1.707608323771945, 52.744824719850975 ], [ -1.700407489814902, 52.73383542830608 ], [ -1.715877122915778, 52.727090584427359 ], [ -1.707687971221926, 52.711984368721048 ], [ -1.688850901242808, 52.706891804065229 ], [ -1.659358734546809, 52.714076966022333 ], [ -1.654329459315061, 52.699937975603106 ], [ -1.624519457292926, 52.700770370315233 ], [ -1.616920159197497, 52.708713821304585 ], [ -1.609881896384924, 52.727405569319806 ], [ -1.595289713515174, 52.740043667931829 ], [ -1.562041566187974, 52.750804593445302 ], [ -1.55378177265226, 52.763292131340108 ], [ -1.538479451364023, 52.768712972470219 ], [ -1.52725272866339, 52.765266282608025 ], [ -1.504927387649448, 52.767575993543431 ], [ -1.492456873354569, 52.759397310141885 ], [ -1.462417385780311, 52.772450013915488 ], [ -1.470611338486345, 52.780553745772345 ], [ -1.462503580190072, 52.787000537820553 ], [ -1.441873211228527, 52.793583650487655 ], [ -1.441346098402056, 52.802052927808717 ], [ -1.41778301557495, 52.8015783083126 ], [ -1.387465587834716, 52.834209987936205 ], [ -1.381053590694752, 52.846353412676045 ], [ -1.331454777053308, 52.867408145681701 ], [ -1.314510253919858, 52.869607434742086 ], [ -1.307118228404124, 52.876019151871674 ], [ -1.289232638054331, 52.872415395693537 ], [ -1.267911408100031, 52.873339758454755 ] ] ] } },
{ "type": "Feature", "properties": { "hcs_county": "Devon", "abbr": "Devon", "hcs_name": "Devon", "hcs_code": "DVN", "hcs_number": 27, "county": "Devon", "region": "South West England" }, "geometry": { "type": "MultiPolygon", "coordinates": [ [ [ [ -4.545994547975895, 50.928398667391875 ], [ -4.499256445773007, 50.927461156874344 ], [ -4.470993482205483, 50.931303759901667 ], [ -4.456879248775984, 50.928493015724506 ], [ -4.463666, 50.916428 ], [ -4.458458572327418, 50.907600800251942 ], [ -4.44635187402354, 50.900699971448745 ], [ -4.445572146698331, 50.890465928073468 ], [ -4.425347212623144, 50.873292937694984 ], [ -4.433743025714995, 50.865517373594109 ], [ -4.441874805319411, 50.847034794740253 ], [ -4.44294172708355, 50.826173836820296 ], [ -4.438540392959676, 50.823334456131249 ], [ -4.452895294199654, 50.805880092339862 ], [ -4.453813026603922, 50.788947587285442 ], [ -4.445784935514416, 50.776623492034503 ], [ -4.422098368023912, 50.764281849969969 ], [ -4.412974333971737, 50.775208444748209 ], [ -4.393563139209472, 50.778237898396895 ], [ -4.380560188302847, 50.769797490574291 ], [ -4.38500037674078, 50.74773231056917 ], [ -4.374059781318658, 50.737843732095683 ], [ -4.369257621896531, 50.724088188138893 ], [ -4.362003868938952, 50.718995008956483 ], [ -4.369370113114857, 50.707311735935221 ], [ -4.366349801970648, 50.699385067083789 ], [ -4.395576580038811, 50.689202493938957 ], [ -4.417580281252946, 50.693396292406398 ], [ -4.442970264651503, 50.723809690293969 ], [ -4.465683070552081, 50.723251542770434 ], [ -4.498872226652304, 50.718691055670504 ], [ -4.505157332593456, 50.713583368592239 ], [ -4.500179709425121, 50.700691680998411 ], [ -4.504375480097591, 50.691933773672176 ], [ -4.49395023845782, 50.680459643393554 ], [ -4.462700815864336, 50.67135194573715 ], [ -4.447651134053255, 50.673061477817363 ], [ -4.423734230129625, 50.661909094154723 ], [ -4.414359989749682, 50.665104479174687 ], [ -4.371571450679429, 50.660568988780319 ], [ -4.366215776491774, 50.655457185313082 ], [ -4.336816953678975, 50.652619452379675 ], [ -4.332556380121806, 50.640730744551213 ], [ -4.300555756099848, 50.634191381709712 ], [ -4.307552700304601, 50.618505435720685 ], [ -4.303552, 50.611095 ], [ -4.311277554982218, 50.584850227356085 ], [ -4.289565579142461, 50.581636647071754 ], [ -4.271412306950177, 50.582603013949949 ], [ -4.279298780926617, 50.569244398079192 ], [ -4.263452647359324, 50.557394931334976 ], [ -4.259078594076448, 50.545738135097011 ], [ -4.240880383664105, 50.542495301780718 ], [ -4.233518550380654, 50.531594050143795 ], [ -4.214858446961627, 50.534646731846905 ], [ -4.201733581640133, 50.512688731017469 ], [ -4.203291878291396, 50.505253639012039 ], [ -4.194968891638709, 50.493411506003739 ], [ -4.220478131054413, 50.498232200248438 ], [ -4.223715502719223, 50.489901552772793 ], [ -4.21889216580434, 50.475109431476263 ], [ -4.223259212036718, 50.466667236508748 ], [ -4.208593303989468, 50.458175903346856 ], [ -4.197340544799141, 50.434419162460422 ], [ -4.202942566061918, 50.424544049169704 ], [ -4.203528623750298, 50.41058366217402 ], [ -4.202474543240746, 50.396278649367453 ], [ -4.191795472559182, 50.390958482730845 ], [ -4.183679564834385, 50.375472869373056 ], [ -4.185384276521397, 50.367248896193765 ], [ -4.167105498494356, 50.361752155071578 ], [ -4.133587564852893, 50.363352765404159 ], [ -4.121627881383655, 50.350472487618894 ], [ -4.128637223693627, 50.340372217893936 ], [ -4.119219839822746, 50.331855688198218 ], [ -4.122107299954476, 50.32546420123321 ], [ -4.111618034693462, 50.315967814200533 ], [ -4.085889429475626, 50.317766327480101 ], [ -4.071781452161779, 50.314879390200318 ], [ -4.073632532557129, 50.30338234650447 ], [ -4.051039718267186, 50.294984934851101 ], [ -4.034606409320263, 50.292947313363875 ], [ -4.012072264714327, 50.303094073784074 ], [ -3.991579439503277, 50.307536009198067 ], [ -3.963771680156337, 50.303846367485981 ], [ -3.948397091802652, 50.309961010455659 ], [ -3.945010427693815, 50.297338014686467 ], [ -3.909894154507906, 50.294318705023095 ], [ -3.894899960131194, 50.281745307015875 ], [ -3.87913541304383, 50.284588236573427 ], [ -3.878861568986887, 50.272063317499217 ], [ -3.858506653752236, 50.261482019356038 ], [ -3.85996311641936, 50.234280964441744 ], [ -3.838562199914509, 50.228971390733768 ], [ -3.823026155487822, 50.217330784041955 ], [ -3.784754919734355, 50.210687620644372 ], [ -3.770044356919858, 50.221690508334184 ], [ -3.736501037942036, 50.214295459482493 ], [ -3.722625613078109, 50.202444138343488 ], [ -3.680814692150262, 50.222466110805001 ], [ -3.649967489491824, 50.221786974702553 ], [ -3.658866379899915, 50.242229174389443 ], [ -3.65040587142338, 50.272365179996633 ], [ -3.639928927129253, 50.293376655667871 ], [ -3.611320698207642, 50.318938010584567 ], [ -3.596682295987029, 50.319792981279889 ], [ -3.589005733825674, 50.325622977551795 ], [ -3.572562418439262, 50.326062220676711 ], [ -3.568369516272402, 50.333236584634328 ], [ -3.552929062443152, 50.338635861101338 ], [ -3.534394341791081, 50.33708460190455 ], [ -3.530953977657269, 50.344383857866674 ], [ -3.515316866244556, 50.350414266343819 ], [ -3.520866689503154, 50.356784476827087 ], [ -3.516046672039949, 50.371764877084807 ], [ -3.488845513733809, 50.394507567400495 ], [ -3.498618054213592, 50.401463306093049 ], [ -3.512269163989976, 50.397796394301523 ], [ -3.519347919690897, 50.403074919400815 ], [ -3.544659078023639, 50.40210643534283 ], [ -3.554409836940409, 50.406090079878915 ], [ -3.559077331552163, 50.420405783607251 ], [ -3.557242814176244, 50.442433729551247 ], [ -3.551913474833333, 50.451221953839109 ], [ -3.5339725098801, 50.463103489895246 ], [ -3.51607483331394, 50.453856801231872 ], [ -3.486701306062516, 50.463137408535978 ], [ -3.498920068167342, 50.476283273312433 ], [ -3.514716511802052, 50.48167159695236 ], [ -3.513122291992869, 50.506576760818653 ], [ -3.500823088997595, 50.53270669727717 ], [ -3.509618622462173, 50.54223182528176 ], [ -3.492437485867456, 50.546548390683938 ], [ -3.469166959712567, 50.563543060834597 ], [ -3.466952675667379, 50.578122118373983 ], [ -3.429642106911232, 50.605411805118422 ], [ -3.423434714953147, 50.616526675820104 ], [ -3.409010330432155, 50.611642219980602 ], [ -3.358040838383447, 50.608332134599593 ], [ -3.359068806118728, 50.615050982927215 ], [ -3.334169656479842, 50.62539328626913 ], [ -3.303979484966133, 50.629820910997147 ], [ -3.288910191463035, 50.641057947567781 ], [ -3.285412058723243, 50.651439267845227 ], [ -3.266700189795095, 50.669939055514902 ], [ -3.230391295943245, 50.679449158181981 ], [ -3.193119730288468, 50.684415275247495 ], [ -3.126957454225856, 50.68689485485428 ], [ -3.095695413355312, 50.685360916133725 ], [ -3.092417892945845, 50.695538506130767 ], [ -3.079029200922265, 50.702446172563825 ], [ -3.06082440034279, 50.703030637688045 ], [ -3.027681866548213, 50.698644944883789 ], [ -2.983889244455485, 50.704681262455935 ], [ -2.947820082954494, 50.718335192603959 ], [ -2.95297367395903, 50.728742439745652 ], [ -2.938248663586025, 50.745965008727389 ], [ -2.938814614291853, 50.756825045681715 ], [ -2.954615080994767, 50.767662132948722 ], [ -2.947429458577927, 50.780229541964339 ], [ -2.950009805390549, 50.790788256905977 ], [ -2.96663505396377, 50.804762407649875 ], [ -2.981768219387002, 50.798625516366016 ], [ -3.006426409070672, 50.824174819886451 ], [ -3.006590304274126, 50.835085036698139 ], [ -3.018457588039804, 50.835541189921841 ], [ -3.038157945962932, 50.847638861902297 ], [ -3.03607221250303, 50.855954360599057 ], [ -3.056366289247443, 50.859965489190508 ], [ -3.053984581341282, 50.873019121230321 ], [ -3.055668250676754, 50.891130669926604 ], [ -3.0525497260545, 50.908593670720613 ], [ -3.104632086270072, 50.903868999580666 ], [ -3.102710073118805, 50.917027836429462 ], [ -3.120420442251338, 50.934916372098378 ], [ -3.140177352999783, 50.937150046133858 ], [ -3.163959622243595, 50.947917249797477 ], [ -3.189126757123227, 50.948547560734674 ], [ -3.218385456311699, 50.943246753065502 ], [ -3.254956757976199, 50.941917894039442 ], [ -3.284598275616017, 50.953777728926809 ], [ -3.323461133002144, 50.974472367535675 ], [ -3.333311695304055, 50.982616706903499 ], [ -3.359774927983555, 50.978069925084156 ], [ -3.378650082610966, 50.977540761379032 ], [ -3.38341639152124, 50.994292941806272 ], [ -3.380539012383923, 51.018526391576863 ], [ -3.414134890529954, 51.019688289024323 ], [ -3.421364517661875, 51.030811275179261 ], [ -3.463685042675495, 51.025264356860603 ], [ -3.483296405355542, 51.033877563190785 ], [ -3.51985134695262, 51.025529463481725 ], [ -3.518870444040843, 51.014831017059976 ], [ -3.527824014880227, 51.005455910472307 ], [ -3.571078804330169, 51.004694548038906 ], [ -3.609706209360783, 51.007968000405882 ], [ -3.614605746044558, 51.012822395727078 ], [ -3.61077074703428, 51.024516829296559 ], [ -3.597415646195185, 51.041742160597352 ], [ -3.604817061285134, 51.05752848863024 ], [ -3.624332337861035, 51.061245272169614 ], [ -3.635186514437642, 51.056276273221691 ], [ -3.650211260212956, 51.064068863909277 ], [ -3.680321880218735, 51.07266172286748 ], [ -3.692401677076305, 51.080546977680861 ], [ -3.72004479056742, 51.080873433707325 ], [ -3.738545095905531, 51.088671163994043 ], [ -3.767312632510124, 51.105814108673286 ], [ -3.804415300899694, 51.115770575019027 ], [ -3.834523190194733, 51.138423617306962 ], [ -3.839789571710478, 51.176658199757362 ], [ -3.817583809469018, 51.178508303421211 ], [ -3.782420262313318, 51.172230608787437 ], [ -3.757675997101408, 51.177254100264037 ], [ -3.746140904585491, 51.175570808435332 ], [ -3.723827291835618, 51.180882297711626 ], [ -3.73205748363691, 51.190884597537952 ], [ -3.726232513621382, 51.199179178973303 ], [ -3.733159927248013, 51.222734013645891 ], [ -3.720786304314694, 51.233075959541821 ], [ -3.727457523499466, 51.235320247874903 ], [ -3.768538737671406, 51.237468271562555 ], [ -3.787011306914436, 51.246248299420856 ], [ -3.806729088201908, 51.232316084503829 ], [ -3.832212693272212, 51.231897916901929 ], [ -3.838436112749788, 51.23478227831837 ], [ -3.871893495096189, 51.231171746432445 ], [ -3.891991599868574, 51.223830650358494 ], [ -3.903463709242977, 51.229365303976678 ], [ -3.925123240971962, 51.231409250085861 ], [ -3.947417389840007, 51.221781104775353 ], [ -3.99420056315629, 51.217665979768512 ], [ -4.003407220371434, 51.219170014036713 ], [ -4.031992920313534, 51.214630469097919 ], [ -4.038724680682431, 51.206672844393232 ], [ -4.050506397637472, 51.207436699434915 ], [ -4.066094237788453, 51.2153821187758 ], [ -4.087964355152452, 51.217273242973128 ], [ -4.110832963636445, 51.209089296717593 ], [ -4.121000574760141, 51.212661562312029 ], [ -4.145777440814303, 51.204212861420018 ], [ -4.166173829787329, 51.202792502883575 ], [ -4.17793758437906, 51.197356604534093 ], [ -4.201282908401212, 51.200636560439492 ], [ -4.215961677690335, 51.183301540569957 ], [ -4.209721385984618, 51.172482845777203 ], [ -4.212229784083422, 51.160044335728188 ], [ -4.224838948557906, 51.144240967894639 ], [ -4.255668029117651, 51.146899368528096 ], [ -4.25615739434122, 51.139576799404473 ], [ -4.239240476556137, 51.133362557860771 ], [ -4.238532607771135, 51.120023162483754 ], [ -4.222502558758791, 51.11762381708715 ], [ -4.221750576663035, 51.084623413952293 ], [ -4.215017409868555, 51.075179573418474 ], [ -4.195050984536102, 51.06752821909916 ], [ -4.197263055114437, 51.057909018893639 ], [ -4.206660918967254, 51.053188378815392 ], [ -4.22588638443855, 51.061969623046089 ], [ -4.238746365358151, 51.041267250560679 ], [ -4.255928465152372, 51.038905670579418 ], [ -4.279177559392372, 51.016092181887949 ], [ -4.309229845146394, 50.994912449933466 ], [ -4.345346574067568, 50.988842316035459 ], [ -4.375326709020489, 50.990210608462483 ], [ -4.395537548110244, 50.996717281417197 ], [ -4.404180138068242, 51.004472485796974 ], [ -4.42522968225315, 51.013572647445514 ], [ -4.451685487875128, 51.015127031003743 ], [ -4.469499535709513, 51.021559915841856 ], [ -4.513556292475067, 51.022330158391298 ], [ -4.52773470961627, 51.017936948312141 ], [ -4.533583791012275, 51.009987785297454 ], [ -4.529342385153558, 50.986227046173923 ], [ -4.53313585289301, 50.965246711067792 ], [ -4.543461261744128, 50.953817076041105 ], [ -4.549252012482827, 50.93924513913025 ], [ -4.545994547975895, 50.928398667391875 ] ] ], [ [ [ -4.65318742714664, 51.162212036409215 ], [ -4.661576297855497, 51.167159411873904 ], [ -4.66178715472696, 51.186156805930629 ], [ -4.680490458331262, 51.175424695049713 ], [ -4.671002883469695, 51.159326353744248 ], [ -4.65318742714664, 51.162212036409215 ] ] ] ] } },
{ "type": "Feature", "properties": { "hcs_county": "Dorset", "abbr": "Dorset", "hcs_name": "Dorset", "hcs_code": "DRS", "hcs_number": 28, "county": "Dorset", "region": "South West England" }, "geometry": { "type": "Polygon", "coordinates": [ [ [ -2.325856278557352, 51.079681768480967 ], [ -2.34707160435427, 51.072738702549188 ], [ -2.349572730135429, 51.061557190054323 ], [ -2.333185032424958, 51.051386716988752 ], [ -2.330103164426978, 51.041194426608747 ], [ -2.360673664440086, 51.025142180503337 ], [ -2.381408243243709, 51.004914111437593 ], [ -2.376968012029576, 50.990795999019902 ], [ -2.356849203893623, 50.99136737773015 ], [ -2.344918362487526, 50.980322974891337 ], [ -2.397067829923316, 50.968428007115342 ], [ -2.41489183366563, 50.96057844477221 ], [ -2.428048451908364, 50.971422879165921 ], [ -2.44710129641653, 50.967842351397891 ], [ -2.443624462697609, 50.958389500268758 ], [ -2.460518895730578, 50.947386530585149 ], [ -2.47224919515039, 50.949443822765389 ], [ -2.476254677016834, 50.961196535084788 ], [ -2.492224572213244, 50.974802315208898 ], [ -2.528712041466755, 50.974915084749163 ], [ -2.542988236231034, 50.972355463633285 ], [ -2.559811920011577, 50.96267575330242 ], [ -2.583758665103891, 50.958642755579248 ], [ -2.598282287881754, 50.960296520109829 ], [ -2.599138987073286, 50.947717420419757 ], [ -2.611721338075607, 50.940140269928001 ], [ -2.617475985789613, 50.912279072615597 ], [ -2.624015813566954, 50.908058064074304 ], [ -2.609460846721575, 50.890835612311051 ], [ -2.617544020646223, 50.881064299284837 ], [ -2.630768223948462, 50.885763490862011 ], [ -2.658858826505605, 50.88681815314154 ], [ -2.67470196715447, 50.879182571529853 ], [ -2.695905097173219, 50.875923023734984 ], [ -2.714554578389619, 50.863942690380931 ], [ -2.723030038433001, 50.866222673757314 ], [ -2.782513332980599, 50.859509292240404 ], [ -2.793598933603461, 50.845415799144661 ], [ -2.844564356997737, 50.852482157991957 ], [ -2.838729624210448, 50.838169247675197 ], [ -2.856186813349868, 50.83221024459764 ], [ -2.86712954180282, 50.833890548770775 ], [ -2.872934383781931, 50.848449934511493 ], [ -2.886069050103449, 50.850543563107017 ], [ -2.903192648500093, 50.843765419650531 ], [ -2.944147984419668, 50.834293307768142 ], [ -2.954555612642934, 50.821335573675618 ], [ -2.969835248212303, 50.834207255553416 ], [ -2.972551348863567, 50.846156722801311 ], [ -2.964265561092934, 50.857055266395506 ], [ -2.979334473778212, 50.862963412417606 ], [ -2.98353643194035, 50.875673848000453 ], [ -2.994117623399595, 50.877578386192525 ], [ -3.014721274163389, 50.874190994113661 ], [ -3.035156652674295, 50.87703431444055 ], [ -3.053984581341282, 50.873019121230321 ], [ -3.056366289247443, 50.859965489190508 ], [ -3.03607221250303, 50.855954360599057 ], [ -3.038157945962932, 50.847638861902297 ], [ -3.018457588039804, 50.835541189921841 ], [ -3.006590304274126, 50.835085036698139 ], [ -3.006426409070672, 50.824174819886451 ], [ -2.981768219387002, 50.798625516366016 ], [ -2.96663505396377, 50.804762407649875 ], [ -2.950009805390549, 50.790788256905977 ], [ -2.947429458577927, 50.780229541964339 ], [ -2.954615080994767, 50.767662132948722 ], [ -2.938814614291853, 50.756825045681715 ], [ -2.938248663586025, 50.745965008727389 ], [ -2.95297367395903, 50.728742439745652 ], [ -2.947820082954494, 50.718335192603959 ], [ -2.92739046134393, 50.729394709214262 ], [ -2.90945953386122, 50.733781480198431 ], [ -2.89492811302077, 50.732809359065939 ], [ -2.8110677481202, 50.717921825909812 ], [ -2.7919461041107, 50.717830902254782 ], [ -2.73976833420836, 50.702440176444661 ], [ -2.67732961340342, 50.679874492823537 ], [ -2.61385785248745, 50.653660082722709 ], [ -2.5700664450612, 50.6325192286358 ], [ -2.49762269709056, 50.592965688691962 ], [ -2.46899732118975, 50.574473466682697 ], [ -2.44797779639634, 50.557280319688488 ], [ -2.45367625467391, 50.538868885590198 ], [ -2.45629182363558, 50.513243689154017 ], [ -2.4423926468539, 50.520877493357617 ], [ -2.43724920334253, 50.530166177810607 ], [ -2.4179604923174, 50.543286301927267 ], [ -2.41587147266518, 50.551153023705119 ], [ -2.4286289280065, 50.566250792994317 ], [ -2.46074864136992, 50.57134574797427 ], [ -2.47098469225032, 50.582737398104229 ], [ -2.46640974313798, 50.591595949455602 ], [ -2.4494674714191, 50.601869056044542 ], [ -2.45240750908518, 50.611563447721501 ], [ -2.44688304706279, 50.621403100528717 ], [ -2.42556583015066, 50.635290153477733 ], [ -2.39508893249119, 50.636679013671802 ], [ -2.36565793554842, 50.631094918391661 ], [ -2.3346052674191, 50.631018289585398 ], [ -2.32333884145311, 50.624838116545057 ], [ -2.31150066402917, 50.62582938484185 ], [ -2.27387940715223, 50.622088364208373 ], [ -2.24026747645547, 50.616109270141528 ], [ -2.19792702456384, 50.62293536982952 ], [ -2.18286693592585, 50.61547552886293 ], [ -2.15761814845102, 50.615399830540291 ], [ -2.1346308008219, 50.61265512511639 ], [ -2.12597095476696, 50.603828647350653 ], [ -2.1048722343447, 50.596943260119019 ], [ -2.073253705594, 50.592380566829902 ], [ -2.05716338759041, 50.576867392246328 ], [ -2.03959832615469, 50.580261560621508 ], [ -2.02626075435353, 50.589006818110803 ], [ -2.00652847122097, 50.591611792475653 ], [ -1.96087769601974, 50.591041099587358 ], [ -1.94984773907336, 50.604926893405889 ], [ -1.95633538609742, 50.617934091680141 ], [ -1.9441251338745, 50.629151880654568 ], [ -1.93322084395227, 50.630927762254721 ], [ -1.95304651639782, 50.652183530148022 ], [ -1.94284647805115, 50.670083500748397 ], [ -1.94990586331294, 50.679813015837937 ], [ -1.92363555513018, 50.69873603156757 ], [ -1.900678266615659, 50.709317785903139 ], [ -1.907575116912448, 50.715836404538358 ], [ -1.905637801072328, 50.725730740448896 ], [ -1.886410614238875, 50.751432839464208 ], [ -1.865371220675025, 50.77385395069043 ], [ -1.863426881164846, 50.813769067903969 ], [ -1.845266685625139, 50.877974895049348 ], [ -1.848564777298783, 50.889877239129035 ], [ -1.841771697216004, 50.89696712231261 ], [ -1.823705337732874, 50.898362589418007 ], [ -1.814982679726334, 50.920599829011245 ], [ -1.834465257583612, 50.929360416889821 ], [ -1.841763530039445, 50.931700326731075 ], [ -1.873634699166356, 50.917237401450983 ], [ -1.881396126656578, 50.926198094389477 ], [ -1.896753787996399, 50.934289657508792 ], [ -1.920697427791295, 50.96130372206509 ], [ -1.95553476449858, 50.978302275989464 ], [ -1.963475083443729, 50.991990328054221 ], [ -1.989731781103422, 50.981543903493581 ], [ -1.993956267762039, 50.975725234064626 ], [ -2.034390657671531, 50.972462759647563 ], [ -2.059508872030368, 50.96280228403198 ], [ -2.068342072745772, 50.951154852142402 ], [ -2.094120858158696, 50.94914222942117 ], [ -2.101806027465238, 50.945029925838277 ], [ -2.119248419290581, 50.959455530701248 ], [ -2.122854859537205, 50.972347063500081 ], [ -2.132066442743831, 50.979907189765058 ], [ -2.163597620202212, 50.99445685097573 ], [ -2.188706467143961, 51.018562662616745 ], [ -2.192049149830007, 51.036265014520026 ], [ -2.205202156920248, 51.042668271056954 ], [ -2.218029926380386, 51.055218175120871 ], [ -2.244726853427392, 51.072302690846371 ], [ -2.268606965421998, 51.068717970893402 ], [ -2.302530245574368, 51.079155249831715 ], [ -2.325856278557352, 51.079681768480967 ] ] ] } },
{ "type": "Feature", "properties": { "hcs_county": "Durham", "abbr": "Durham", "hcs_name": "Durham", "hcs_code": "DRH", "hcs_number": 32, "county": "County Durham", "region": "North East England" }, "geometry": { "type": "Polygon", "coordinates": [ [ [ -2.355407591867333, 54.697226405456888 ], [ -2.352214346561021, 54.68684135493605 ], [ -2.327414754237126, 54.670764704591946 ], [ -2.306222458011663, 54.670175453483999 ], [ -2.293202, 54.664009 ], [ -2.2879234041346, 54.650458121271967 ], [ -2.28053140012734, 54.64651893168584 ], [ -2.25916444875653, 54.653365529090109 ], [ -2.255701370589312, 54.660513291048936 ], [ -2.21563436746409, 54.659248038571548 ], [ -2.196053991811246, 54.647311488598248 ], [ -2.181117340526, 54.652311194237562 ], [ -2.155002678132067, 54.649097017857777 ], [ -2.131152767981998, 54.635219130589455 ], [ -2.102925926571284, 54.625124204862523 ], [ -2.077531130183877, 54.618997826309496 ], [ -2.055285984691149, 54.621082430420508 ], [ -2.041570014726448, 54.617941895744281 ], [ -2.036975555968933, 54.60959196395585 ], [ -2.006015428311709, 54.601439226849529 ], [ -1.997375496589259, 54.5907664761503 ], [ -1.964888269889117, 54.570588572724397 ], [ -1.955422242921478, 54.560074108407925 ], [ -1.942169201722854, 54.554586101935136 ], [ -1.92649411888195, 54.539095521420762 ], [ -1.880280395586342, 54.523936949339067 ], [ -1.845197107112871, 54.528320323899557 ], [ -1.81530064508961, 54.524415890211593 ], [ -1.788730584204708, 54.534922460853309 ], [ -1.773801797466082, 54.548367926906607 ], [ -1.752995709680494, 54.551759737712707 ], [ -1.73006882343567, 54.541547500981082 ], [ -1.683430011668773, 54.533434400508945 ], [ -1.661394206328466, 54.535301880154769 ], [ -1.654178453095408, 54.524382501374333 ], [ -1.636152025402896, 54.525903695548678 ], [ -1.634253832896266, 54.514266423602557 ], [ -1.614210906022017, 54.519539614560315 ], [ -1.603600765374995, 54.512247469085331 ], [ -1.580755821469368, 54.51258927912523 ], [ -1.582713289415987, 54.497045591859795 ], [ -1.573667909855691, 54.490414400865234 ], [ -1.55465740201831, 54.485182219579542 ], [ -1.542946761068157, 54.469619689778149 ], [ -1.529718400099603, 54.475480714752557 ], [ -1.527757671456185, 54.485015044830376 ], [ -1.498206501234321, 54.4749505004146 ], [ -1.475396773585801, 54.473831469380364 ], [ -1.467572258986879, 54.461573376281194 ], [ -1.451722700682936, 54.465752596578099 ], [ -1.463805765604842, 54.474222311235138 ], [ -1.457881755642113, 54.482155110734091 ], [ -1.462245887475188, 54.504257216057255 ], [ -1.441570380448268, 54.490178335203233 ], [ -1.409758449652051, 54.478437219510482 ], [ -1.409775445215681, 54.489078958686854 ], [ -1.398326626908934, 54.491921757020386 ], [ -1.384832368662963, 54.486833861248314 ], [ -1.37173381715046, 54.503742264982748 ], [ -1.338112628987509, 54.50744887342394 ], [ -1.338746092515454, 54.530279185162421 ], [ -1.313656389235903, 54.5339898026714 ], [ -1.308306516675745, 54.547450892928886 ], [ -1.307587895636413, 54.565637082742654 ], [ -1.28799354337801, 54.564312791060857 ], [ -1.278008930660736, 54.573236512900877 ], [ -1.264350945693309, 54.569136229129128 ], [ -1.258033438571276, 54.587043558986885 ], [ -1.236108423314478, 54.586338977611547 ], [ -1.203301393513323, 54.581167071779142 ], [ -1.18860971460482, 54.588558193786568 ], [ -1.15433536816776, 54.611681999432683 ], [ -1.157955699829762, 54.627642454725333 ], [ -1.142108094774293, 54.647723581349418 ], [ -1.16408104265353, 54.647325135786772 ], [ -1.18358366048198, 54.659468187616923 ], [ -1.19906922577127, 54.6805424647305 ], [ -1.19810642262125, 54.691348305153369 ], [ -1.17788635952148, 54.699132483998177 ], [ -1.21751852314825, 54.711466394724461 ], [ -1.24906161829128, 54.727551066636927 ], [ -1.26686972876548, 54.743517698851328 ], [ -1.29224082157465, 54.760948982139887 ], [ -1.30978323363362, 54.782440188551703 ], [ -1.31275433087829, 54.812110328311967 ], [ -1.32580104991209, 54.833050193966173 ], [ -1.34726030001792, 54.858400347113793 ], [ -1.35451931757869, 54.873412358037172 ], [ -1.36092354409529, 54.899844254758641 ], [ -1.35225863967016, 54.905059109043549 ], [ -1.3628242845808, 54.918770204228409 ], [ -1.36761675932623, 54.936581320054778 ], [ -1.35332818754712, 54.957561648655442 ], [ -1.36193236345308, 54.971903130644137 ], [ -1.38001595556081, 54.979597267392251 ], [ -1.38900454953011, 54.988837448967622 ], [ -1.431528591648594, 55.008376026933455 ], [ -1.440313814878088, 55.005635072398483 ], [ -1.44696314933755, 54.991867220465949 ], [ -1.468643203631158, 54.988761850885965 ], [ -1.507483785279432, 54.987873775838146 ], [ -1.526511201555302, 54.985256093148593 ], [ -1.538534626931324, 54.961574114914875 ], [ -1.555013471730571, 54.959240220463315 ], [ -1.594090638734392, 54.970612 ], [ -1.625524769321902, 54.959901364814549 ], [ -1.640401937755054, 54.958366050546829 ], [ -1.683591910652873, 54.965085565521377 ], [ -1.699455728621863, 54.970867423044012 ], [ -1.708572573217165, 54.966970706616657 ], [ -1.728898924702593, 54.970350792823687 ], [ -1.727815481565805, 54.975857962879097 ], [ -1.750260282860807, 54.983338247640802 ], [ -1.773103389400819, 54.980894361471158 ], [ -1.7854233460553, 54.98437020977552 ], [ -1.81288276460805, 54.976148835816772 ], [ -1.815057939810756, 54.967851958364285 ], [ -1.83367433187974, 54.951703360611191 ], [ -1.825181469667077, 54.940973626173886 ], [ -1.827616471583104, 54.930163959725334 ], [ -1.855681282815374, 54.927448770419325 ], [ -1.85048216951848, 54.915214501483497 ], [ -1.824903696874912, 54.908784756336281 ], [ -1.844504068975143, 54.893376597859657 ], [ -1.860083070447273, 54.868243908017355 ], [ -1.870498579336461, 54.859602254462374 ], [ -1.869586275975778, 54.851297898811659 ], [ -1.884860411677164, 54.845583283584304 ], [ -1.91416741224788, 54.83944027725228 ], [ -1.921375635090545, 54.848445284742986 ], [ -1.949299525000546, 54.852975375258829 ], [ -1.991048407893205, 54.870103950174638 ], [ -2.011970631617377, 54.866541240453948 ], [ -2.039692151844405, 54.848376544358118 ], [ -2.054455289862688, 54.847097573980534 ], [ -2.082190012292643, 54.838326973676395 ], [ -2.130928390090911, 54.842724049556828 ], [ -2.139806067127618, 54.841860931017955 ], [ -2.143032535140509, 54.826984654793769 ], [ -2.16103784689822, 54.81841725688696 ], [ -2.173829360394841, 54.806062147084852 ], [ -2.1986476398722, 54.806783483834941 ], [ -2.215061183638351, 54.783875021329891 ], [ -2.226593523816401, 54.782955296441962 ], [ -2.282705825322411, 54.798254530629983 ], [ -2.312092104966675, 54.79102769992484 ], [ -2.309911557094508, 54.771890552569602 ], [ -2.32236222133375, 54.764084595917346 ], [ -2.320876, 54.75499 ], [ -2.332018474861196, 54.731236779823433 ], [ -2.325805704184625, 54.726636177106997 ], [ -2.34141685616621, 54.71665256301543 ], [ -2.34464471306485, 54.701810720737527 ], [ -2.355407591867333, 54.697226405456888 ] ] ] } },
{ "type": "Feature", "properties": { "hcs_county": "Essex", "abbr": "Essex", "hcs_name": "Essex", "hcs_code": "ESE", "hcs_number": 34, "county": "Essex", "region": "East of England" }, "geometry": { "type": "Polygon", "coordinates": [ [ [ 0.404582564095651, 52.065500407464597 ], [ 0.394050424172501, 52.062777256353449 ], [ 0.379582434667602, 52.049564930971997 ], [ 0.388229188031618, 52.043717740837053 ], [ 0.386852142669005, 52.035320193056435 ], [ 0.36952318527317, 52.037969721030734 ], [ 0.350959028472303, 52.047604639876447 ], [ 0.317399093434735, 52.079268395043243 ], [ 0.292650871147671, 52.088820856208429 ], [ 0.272500208276956, 52.088786977607882 ], [ 0.254020761491481, 52.080002277734472 ], [ 0.235312577970559, 52.088920083247274 ], [ 0.20346074641996, 52.092650333472193 ], [ 0.193590278726438, 52.075161500063018 ], [ 0.182082086613802, 52.072973454954941 ], [ 0.193202203453622, 52.059018406683734 ], [ 0.160620686323664, 52.052078889071787 ], [ 0.1281070945685, 52.047311982385025 ], [ 0.119381446279141, 52.060521003748981 ], [ 0.106755275308797, 52.0663476834482 ], [ 0.061315790127589, 52.069117914181525 ], [ 0.035997148045552, 52.060022652206726 ], [ 0.039882645146736, 52.053243238507243 ], [ 0.059210849725273, 52.01430709780248 ], [ 0.074112218633307, 52.001378322265374 ], [ 0.072046, 51.986568 ], [ 0.076190119584254, 51.980852137625092 ], [ 0.096392413607691, 51.984293311088891 ], [ 0.106979110525896, 51.97184833226909 ], [ 0.105766925249712, 51.963203828371554 ], [ 0.114732594333036, 51.955831564631666 ], [ 0.118603856004741, 51.933806138376909 ], [ 0.124520991301959, 51.923991012400755 ], [ 0.122811677155741, 51.900645529184267 ], [ 0.129093, 51.883899 ], [ 0.147039814621704, 51.886730569045326 ], [ 0.167762042184791, 51.894138652851254 ], [ 0.182318668370788, 51.890665103125798 ], [ 0.175844056221859, 51.882559019769488 ], [ 0.196334970679437, 51.866269632098408 ], [ 0.174305173562583, 51.863717646391443 ], [ 0.172851054127099, 51.854427133134237 ], [ 0.161892984533948, 51.846227435819038 ], [ 0.163519302275917, 51.822843664151037 ], [ 0.188386907672438, 51.819656084484151 ], [ 0.190371012681808, 51.813970298670114 ], [ 0.161703783971591, 51.814459306482611 ], [ 0.151471361159424, 51.799180687735202 ], [ 0.130898303029301, 51.796157077763581 ], [ 0.099171107442408, 51.783218926499245 ], [ 0.088783604240263, 51.784239089179586 ], [ 0.053304374617543, 51.780029226630568 ], [ 0.018942927740503, 51.772342115308163 ], [ 0.01038701495956, 51.755679375628546 ], [ 0.000981459191305, 51.74580231072084 ], [ -0.013323156605611, 51.742461249131985 ], [ -0.011400351934009, 51.726019416765936 ], [ -0.020641822297189, 51.688147756120429 ], [ -0.0114553680093, 51.681177334501633 ], [ -0.017757762696669, 51.669206245007118 ], [ -0.012271362055088, 51.64959978055208 ], [ -0.027097275938304, 51.636376064052158 ], [ -0.023729935499229, 51.625562626020169 ], [ -0.038779244653314, 51.613490617897618 ], [ -0.032903591890011, 51.604978567578634 ], [ -0.047463155876409, 51.597149580941135 ], [ -0.060967722596419, 51.580442688161327 ], [ -0.056589360779707, 51.57084882879284 ], [ -0.045103984520399, 51.561758095563256 ], [ -0.030558324321433, 51.561832144301754 ], [ -0.018508400067075, 51.55517044338152 ], [ -0.017183361536852, 51.532834767998146 ], [ -0.008877730510635, 51.519813026306537 ], [ 0.007758910024766, 51.513017242032731 ], [ 0.007698564921912, 51.505498143473538 ], [ 0.021367000766938, 51.496771960421363 ], [ 0.053281682259435, 51.496856095578963 ], [ 0.080426086394004, 51.512377012653324 ], [ 0.110571558304144, 51.511842214881007 ], [ 0.128086922732526, 51.51581828515031 ], [ 0.167053360049367, 51.507036791747268 ], [ 0.179262528582347, 51.489305985626139 ], [ 0.193176191987879, 51.483766101669225 ], [ 0.211812348729831, 51.485857234743037 ], [ 0.272051771382811, 51.459244246687575 ], [ 0.28572223147427, 51.457963319383737 ], [ 0.3057642622774, 51.4697970658776 ], [ 0.321925518424393, 51.466664660376587 ], [ 0.331934962224816, 51.454221042595833 ], [ 0.355994521615396, 51.448342985036369 ], [ 0.40090724171084, 51.448173639024525 ], [ 0.431070308100619, 51.452457608261547 ], [ 0.443101721046822, 51.458494976872714 ], [ 0.458989439163855, 51.486360295451711 ], [ 0.476832394737911, 51.49592668928269 ], [ 0.549374690956918, 51.503549492649135 ], [ 0.614244615558854, 51.499343957905488 ], [ 0.677851593525177, 51.499876502443144 ], [ 0.677441490525498, 51.536483796074691 ], [ 0.736571149863439, 51.529590744847042 ], [ 0.75239943486955, 51.529312589387878 ], [ 0.787369436505466, 51.521898382281812 ], [ 0.817605159342983, 51.539575228445607 ], [ 0.866381858416308, 51.55898416826571 ], [ 0.878955019994765, 51.568680144279917 ], [ 0.907834144442077, 51.580451500084955 ], [ 0.947544217653845, 51.606396321070633 ], [ 0.959192552375378, 51.620624442967255 ], [ 0.939543324456244, 51.620016681281541 ], [ 0.899211638599342, 51.61397800290495 ], [ 0.900513607130949, 51.622667977644582 ], [ 0.934624882412471, 51.633035626684702 ], [ 0.935991018992134, 51.652758476422477 ], [ 0.949964345227497, 51.683614517908083 ], [ 0.94013282328024, 51.699997737357769 ], [ 0.950662162081831, 51.722747508542795 ], [ 0.946162698880777, 51.736916672208046 ], [ 0.930478025917934, 51.74706479251747 ], [ 0.903500507542581, 51.745623396637328 ], [ 0.879830736119356, 51.736875960320688 ], [ 0.865167828086896, 51.748678908669795 ], [ 0.896152018782521, 51.762851737352335 ], [ 0.910048412636513, 51.773816297376172 ], [ 0.936004600308135, 51.773639576968485 ], [ 0.987382459549548, 51.787292777668291 ], [ 1.017792396268496, 51.801159501451949 ], [ 1.037967192753815, 51.788997303139809 ], [ 1.033059817534481, 51.778049115707176 ], [ 1.044751098801305, 51.769547650063103 ], [ 1.080013069823115, 51.772291466813599 ], [ 1.117050763164626, 51.773073200931329 ], [ 1.133687337252865, 51.777202144942549 ], [ 1.17498387340654, 51.794706766495629 ], [ 1.205420472072186, 51.804188536307841 ], [ 1.242583168807059, 51.823884824955172 ], [ 1.26600041631417, 51.841881627295855 ], [ 1.289952272060796, 51.863496156918401 ], [ 1.290584679731797, 51.874120657304722 ], [ 1.246626937250632, 51.896112360172125 ], [ 1.256359692029518, 51.91319591984383 ], [ 1.281503448244085, 51.935002701526408 ], [ 1.260584349646161, 51.947745053613502 ], [ 1.240744867282061, 51.947187793835361 ], [ 1.232790741527982, 51.940583270529331 ], [ 1.218160971235755, 51.940208383714292 ], [ 1.219968516222309, 51.949198837732645 ], [ 1.179807687736912, 51.951882383625374 ], [ 1.156158004011079, 51.947813944543093 ], [ 1.130312470269598, 51.950700497288551 ], [ 1.08308789051457, 51.944548899881219 ], [ 1.063635561115822, 51.947406562983126 ], [ 1.047617438483631, 51.959499839516397 ], [ 1.020055762660831, 51.954048975419148 ], [ 1.004316841831101, 51.962245676335741 ], [ 0.973391450747967, 51.961129299048189 ], [ 0.962754160658447, 51.977135391043475 ], [ 0.94155514484963, 51.970809607641016 ], [ 0.916718436776622, 51.973911337891352 ], [ 0.895659378940908, 51.972149196320849 ], [ 0.879707542424359, 51.966479354011305 ], [ 0.864260147333207, 51.968501609074977 ], [ 0.850241154346843, 51.960725281720144 ], [ 0.825106509388715, 51.968428371072015 ], [ 0.813423040670965, 51.961564309758565 ], [ 0.787409116888839, 51.963134798182153 ], [ 0.774190958580551, 51.969716845745218 ], [ 0.770953417737063, 51.982048681064803 ], [ 0.762312535219343, 51.983917785258278 ], [ 0.760904462941523, 51.997610259817208 ], [ 0.737835726502202, 52.012287522747783 ], [ 0.741813, 52.028214 ], [ 0.720440092457205, 52.035581606163653 ], [ 0.717080891671499, 52.047868222751383 ], [ 0.703404101555445, 52.065754917359207 ], [ 0.711923130918045, 52.072299446764688 ], [ 0.687572791823017, 52.085663333961854 ], [ 0.651863002039417, 52.08314280096274 ], [ 0.634404432210652, 52.086248024593537 ], [ 0.620335158137106, 52.076938768342664 ], [ 0.607330861740901, 52.080910050363649 ], [ 0.599783331987205, 52.075560123858487 ], [ 0.551246399809871, 52.068644723338032 ], [ 0.546486783357667, 52.059954759952696 ], [ 0.504608844863474, 52.054459744123186 ], [ 0.487852558994582, 52.062368627849459 ], [ 0.493087172931161, 52.072099323990031 ], [ 0.489783608098143, 52.087777435978829 ], [ 0.460563060590317, 52.085435774353449 ], [ 0.432044975495924, 52.077463516766976 ], [ 0.429143750443916, 52.068333827253589 ], [ 0.404582564095651, 52.065500407464597 ] ] ] } },
{ "type": "Feature", "properties": { "hcs_county": "Flint", "abbr": "Flints", "hcs_name": "Flintshire", "hcs_code": "FLT", "hcs_number": 37, "county": "Flintshire", "region": "Wales" }, "geometry": { "type": "MultiPolygon", "coordinates": [ [ [ [ -3.51001463730058, 53.313164381150322 ], [ -3.496425668425813, 53.303295817835256 ], [ -3.520787399468734, 53.284187620078988 ], [ -3.52863807306292, 53.263809297163682 ], [ -3.524193861299516, 53.252539931603955 ], [ -3.474921121019317, 53.253252145759475 ], [ -3.463675834386785, 53.247869960374217 ], [ -3.452636324023347, 53.252875007769369 ], [ -3.433385711409292, 53.240620989315516 ], [ -3.418664392378969, 53.244592953610713 ], [ -3.410656726759973, 53.235423248170697 ], [ -3.379557245722113, 53.213749265898372 ], [ -3.359519894512133, 53.215233762001759 ], [ -3.346923816973331, 53.229300384923505 ], [ -3.332731567008062, 53.238368551389719 ], [ -3.344838384270128, 53.24744376326349 ], [ -3.317553784496848, 53.253135547162515 ], [ -3.317327208641128, 53.243479455802806 ], [ -3.305459218005542, 53.231126848758549 ], [ -3.316934297567782, 53.221481810392547 ], [ -3.317348293794021, 53.209910630445385 ], [ -3.307748283553783, 53.197763334136177 ], [ -3.28641040559156, 53.188453070333019 ], [ -3.275066890929474, 53.208454449774059 ], [ -3.263962938129045, 53.213659205279271 ], [ -3.24158844511823, 53.204243289037542 ], [ -3.26141267689119, 53.200311216520888 ], [ -3.264875148805535, 53.192531228592117 ], [ -3.27960327884787, 53.184969493578649 ], [ -3.275119962069645, 53.179038532699558 ], [ -3.280985454369668, 53.168585465663355 ], [ -3.271202804931674, 53.157472370548213 ], [ -3.244147303326949, 53.152297277746115 ], [ -3.225874500540296, 53.153189296265325 ], [ -3.208226624861842, 53.159827864992451 ], [ -3.182431901234534, 53.153941454668754 ], [ -3.185893565363819, 53.141962120474858 ], [ -3.169902670113602, 53.108247558131197 ], [ -3.145916429159576, 53.103947306727363 ], [ -3.151765925629976, 53.092958062515763 ], [ -3.166984784153972, 53.085444802130738 ], [ -3.18820470331239, 53.085318789853972 ], [ -3.205387350059161, 53.077871253427325 ], [ -3.198279831419506, 53.070391392506288 ], [ -3.181909652561941, 53.077060831147037 ], [ -3.179972964126315, 53.059869933813353 ], [ -3.161814863917596, 53.058426419553363 ], [ -3.141209633861932, 53.076447696733545 ], [ -3.117674183300634, 53.072157819687099 ], [ -3.095097911689807, 53.079424981228939 ], [ -3.076386512226216, 53.088560602807341 ], [ -3.064655212954009, 53.087148985304943 ], [ -3.040789008407067, 53.090542770745202 ], [ -3.029194173916591, 53.103523474873427 ], [ -3.006180782719571, 53.115668450136411 ], [ -3.005185035710922, 53.124127423032064 ], [ -2.995210874927269, 53.13064455952874 ], [ -2.963923216057036, 53.132746139790207 ], [ -2.977027222888485, 53.147947736193252 ], [ -2.992320034392459, 53.156663124324766 ], [ -2.927817908191882, 53.171459391374903 ], [ -2.920948411859569, 53.177123624991239 ], [ -2.922290237606771, 53.189302792207428 ], [ -2.935340570220337, 53.196267222464563 ], [ -2.949247967901915, 53.211115917484413 ], [ -2.992360907532433, 53.232880827901639 ], [ -3.03606605675474, 53.251843380239357 ], [ -3.074022872022753, 53.253571406886223 ], [ -3.097336394796878, 53.254652943668418 ], [ -3.098248764636234, 53.24965181220994 ], [ -3.084323223326828, 53.236687617741545 ], [ -3.122751884167075, 53.248723256439199 ], [ -3.173326147513468, 53.275791733639295 ], [ -3.203303103749876, 53.294469381305113 ], [ -3.282613140098789, 53.323796915909497 ], [ -3.30410934458561, 53.335546850874721 ], [ -3.312449599860967, 53.356244321720105 ], [ -3.327669760013849, 53.356655215636835 ], [ -3.376021299376478, 53.350284659073729 ], [ -3.409201494941107, 53.343564957908413 ], [ -3.446636190097566, 53.33323875339115 ], [ -3.48018566532728, 53.328326939625988 ], [ -3.51001463730058, 53.313164381150322 ] ] ], [ [ [ -2.96852036041481, 52.964181132700951 ], [ -2.959844910192119, 52.951202272074219 ], [ -2.93488752439112, 52.94177459272067 ], [ -2.908690884496859, 52.941919798920473 ], [ -2.896563287666316, 52.950889018279831 ], [ -2.883653271221111, 52.946659951714857 ], [ -2.840325235201732, 52.942049482981652 ], [ -2.838496985422709, 52.932179617709679 ], [ -2.812397065383895, 52.914155451344755 ], [ -2.801410626241233, 52.89676918065927 ], [ -2.755356938496379, 52.92459527458734 ], [ -2.728413871738689, 52.925184260425645 ], [ -2.726689400394798, 52.964768566059611 ], [ -2.735294098350265, 52.969931929707073 ], [ -2.726886572950517, 52.983256310567448 ], [ -2.75379845004711, 52.986158447974468 ], [ -2.766707013494058, 52.99459803625188 ], [ -2.790995503380892, 52.995282905394539 ], [ -2.798064466428755, 52.989474468694077 ], [ -2.829826674542087, 52.995577876151252 ], [ -2.846328977862507, 53.018863964746735 ], [ -2.861046381541654, 53.022853991357408 ], [ -2.858297363310756, 53.038111131327831 ], [ -2.872780157920733, 53.032915900437253 ], [ -2.867963409765813, 53.025266675823531 ], [ -2.895192068474538, 53.011264862561148 ], [ -2.916312363878204, 53.009554918879708 ], [ -2.920598452692509, 53.001603846933506 ], [ -2.937670025887023, 52.992096364857325 ], [ -2.956848001307204, 52.989540840640998 ], [ -2.967929864896826, 52.973277512734434 ], [ -2.96852036041481, 52.964181132700951 ] ] ] ] } },
{ "type": "Feature", "properties": { "hcs_county": "Glamorgan", "abbr": "Glam", "hcs_name": "Glamorgan", "hcs_code": "GLM", "hcs_number": 38, "county": "Glamorgan", "region": "Wales" }, "geometry": { "type": "Polygon", "coordinates": [ [ [ -3.806788830936016, 51.787770526769627 ], [ -3.817014673128712, 51.801560077687597 ], [ -3.842197881012339, 51.809467347177815 ], [ -3.866187595107093, 51.81012839367223 ], [ -3.886925591040491, 51.804227791471277 ], [ -3.891817069928527, 51.796092551147858 ], [ -3.882073922398881, 51.787819683014902 ], [ -3.889562125978586, 51.768293582487217 ], [ -3.901888533547458, 51.770953840392771 ], [ -3.916158200438399, 51.765449317419517 ], [ -3.928507749196141, 51.773735689576206 ], [ -3.951989154327427, 51.764689022437061 ], [ -3.979635264458804, 51.764681617672366 ], [ -3.994312499255024, 51.773752050275789 ], [ -4.003013503493048, 51.762799324633498 ], [ -4.025968440170997, 51.748309303403332 ], [ -4.030361472132921, 51.74051417861434 ], [ -4.049408651376412, 51.729348699039157 ], [ -4.045290710634228, 51.720472912630967 ], [ -4.047559654382154, 51.708195544292771 ], [ -4.064117130465782, 51.696117699071287 ], [ -4.070053459104012, 51.684040452111361 ], [ -4.079649607972003, 51.67990143450762 ], [ -4.070144947825519, 51.669171645225312 ], [ -4.091594230778861, 51.657491725311225 ], [ -4.106783364217907, 51.658938316621757 ], [ -4.146730156390896, 51.651736573732514 ], [ -4.167188942436143, 51.650415072541605 ], [ -4.185648488565645, 51.65826890353248 ], [ -4.200069917940703, 51.671425721899944 ], [ -4.209830035468993, 51.673258910513702 ], [ -4.235795621443708, 51.668564602073744 ], [ -4.255346874004243, 51.630610215125003 ], [ -4.273069896319194, 51.624203488200877 ], [ -4.2795346130938, 51.615981210943481 ], [ -4.298754104633871, 51.614759629616621 ], [ -4.305967588371469, 51.608255862593602 ], [ -4.289529202507309, 51.581746816611449 ], [ -4.290645334993167, 51.563011310380347 ], [ -4.2458691014686, 51.546800505816456 ], [ -4.223813054241753, 51.540362355676329 ], [ -4.200959143924878, 51.547573573950125 ], [ -4.182291516047562, 51.548420136454155 ], [ -4.152311060406652, 51.541047565344108 ], [ -4.147319409206307, 51.548044033043759 ], [ -4.161046217068847, 51.555493037476147 ], [ -4.142161304136719, 51.568699901849648 ], [ -4.118684124321176, 51.570508455801416 ], [ -4.102725304291911, 51.56555552563421 ], [ -4.074641844652179, 51.562251970620743 ], [ -4.037194338496811, 51.56827532759857 ], [ -4.024300491326221, 51.563174454736043 ], [ -3.992110295703821, 51.572947079163853 ], [ -4.000610092733453, 51.580207774002311 ], [ -3.992064777467278, 51.599029798931475 ], [ -3.961586519199493, 51.611576941574761 ], [ -3.929352919546174, 51.61341765341529 ], [ -3.918800794782297, 51.609386914616195 ], [ -3.893695177879276, 51.618743406762363 ], [ -3.878829141949092, 51.616692193076403 ], [ -3.855087538373505, 51.618229751432573 ], [ -3.842500680434657, 51.607445229012328 ], [ -3.804705274086837, 51.58366583837504 ], [ -3.796479243082497, 51.572600355784154 ], [ -3.779130151990319, 51.558966379831837 ], [ -3.762686653916988, 51.536409088764707 ], [ -3.743884747615908, 51.500597205421428 ], [ -3.735366429068025, 51.499202876938305 ], [ -3.720029653569175, 51.479700548610694 ], [ -3.71112473731345, 51.475917059903438 ], [ -3.684058768440852, 51.476762011879877 ], [ -3.66653142050079, 51.480657491140327 ], [ -3.647952524927988, 51.476322054306472 ], [ -3.641796580549586, 51.463425868890774 ], [ -3.630340393084962, 51.455728899369298 ], [ -3.598708231017624, 51.442075806028363 ], [ -3.583660182785753, 51.429231940374372 ], [ -3.576280321796543, 51.417700037788457 ], [ -3.559371807109361, 51.401634487678201 ], [ -3.541860755113825, 51.39771972197142 ], [ -3.526598628219563, 51.400078299746163 ], [ -3.473013901517375, 51.393560637439968 ], [ -3.447996289895386, 51.387979331667708 ], [ -3.414903487957271, 51.387760444312235 ], [ -3.405227757086406, 51.381433295844829 ], [ -3.356603981242018, 51.383871745682754 ], [ -3.342527068149268, 51.381169376908488 ], [ -3.310787882296788, 51.392623859453508 ], [ -3.264691717235054, 51.388232407294034 ], [ -3.261220571746254, 51.394414178010258 ], [ -3.239804309633113, 51.396946065827812 ], [ -3.220122153759919, 51.403424933579693 ], [ -3.187503658752826, 51.400409067037543 ], [ -3.169534242037777, 51.407130903491854 ], [ -3.170829337003451, 51.427095008726248 ], [ -3.166872391369578, 51.445334690772185 ], [ -3.135637916862394, 51.46742538674318 ], [ -3.121254860434425, 51.49095535047087 ], [ -3.132585120842075, 51.49212055882969 ], [ -3.13954082459359, 51.501044922258096 ], [ -3.141464029923642, 51.518134975942246 ], [ -3.132147701245778, 51.527205060200778 ], [ -3.11958960852117, 51.530848301921345 ], [ -3.120196305833897, 51.542215301889811 ], [ -3.107367754759846, 51.558420861941919 ], [ -3.090334117195336, 51.569572090695146 ], [ -3.100631807618054, 51.576087579102243 ], [ -3.120298490697557, 51.57980227700105 ], [ -3.136247581021861, 51.595621831965602 ], [ -3.194519254307559, 51.586077280954377 ], [ -3.222451709187811, 51.593454261687242 ], [ -3.228976972072558, 51.603313009294801 ], [ -3.220956721098057, 51.616839088715338 ], [ -3.234850488099865, 51.628742838711709 ], [ -3.230528179322484, 51.640138767695163 ], [ -3.220424928347833, 51.6498709698431 ], [ -3.226564263247113, 51.66879461880729 ], [ -3.221481719749446, 51.679282484637959 ], [ -3.230413414417179, 51.695274067402927 ], [ -3.223122263074396, 51.701889095994268 ], [ -3.229626613594397, 51.71315236956287 ], [ -3.243059831592844, 51.71939400009024 ], [ -3.254661313316777, 51.734216967975243 ], [ -3.281742903050425, 51.749882781745477 ], [ -3.294780655534333, 51.767407148983544 ], [ -3.293601168756092, 51.772534973580719 ], [ -3.309924092644882, 51.793490305034908 ], [ -3.334457749984374, 51.790383179028275 ], [ -3.363787101076182, 51.791037724113309 ], [ -3.364498694932293, 51.782734527396251 ], [ -3.385005752300879, 51.780474252077546 ], [ -3.393774963897063, 51.768458665286062 ], [ -3.406830460313593, 51.759475513011658 ], [ -3.420658024598612, 51.756679276097309 ], [ -3.438598807355929, 51.762498781841543 ], [ -3.461971376140888, 51.758866017823614 ], [ -3.467549580098817, 51.745364663123233 ], [ -3.483477894457892, 51.734099523011103 ], [ -3.506173336397159, 51.737679458782459 ], [ -3.527611517203262, 51.753046662384385 ], [ -3.542986805660054, 51.748752309382255 ], [ -3.567312870773785, 51.75578741411595 ], [ -3.572237069343276, 51.760684756076287 ], [ -3.590049702284567, 51.756709267591035 ], [ -3.601133845812282, 51.772663049500714 ], [ -3.628823283325827, 51.774831507619446 ], [ -3.655075898879042, 51.785104780487586 ], [ -3.669323261415977, 51.785473291201932 ], [ -3.696308254474816, 51.778106630036632 ], [ -3.711374534370211, 51.770714896238943 ], [ -3.728882292508017, 51.775692537389759 ], [ -3.745906861863306, 51.763580789054451 ], [ -3.759045326026978, 51.768653781824597 ], [ -3.774138524898222, 51.762507787408815 ], [ -3.779379113632459, 51.772703770807901 ], [ -3.801877604107797, 51.782223969997872 ], [ -3.806788830936016, 51.787770526769627 ] ] ] } },
{ "type": "Feature", "properties": { "hcs_county": "Gloucester", "abbr": "Glos", "hcs_name": "Gloucestershire", "hcs_code": "GLC", "hcs_number": 39, "county": "Gloucestershire", "region": "South West England" }, "geometry": { "type": "Polygon", "coordinates": [ [ [ -1.851037067921979, 52.129962641577997 ], [ -1.855177782958987, 52.124357878943336 ], [ -1.838347694256632, 52.118930236764115 ], [ -1.83588279383389, 52.113118689376208 ], [ -1.801373407171794, 52.107394516257017 ], [ -1.802441771746204, 52.096869634086488 ], [ -1.820395974728307, 52.090093431428535 ], [ -1.831152935411684, 52.095413264783872 ], [ -1.835752562914386, 52.109945300549342 ], [ -1.844361466684464, 52.107736724929843 ], [ -1.85839634010373, 52.092634705627795 ], [ -1.846677961814722, 52.079408553573217 ], [ -1.868926251407138, 52.073887449292783 ], [ -1.857366763143006, 52.052288379053927 ], [ -1.829688717022586, 52.039112801368283 ], [ -1.810818583300679, 52.002086604486003 ], [ -1.851958621046249, 52.00882640255346 ], [ -1.873557011313444, 52.024348461837668 ], [ -1.899897727055378, 52.037398723493027 ], [ -1.877815226115682, 52.047733925973162 ], [ -1.890819072694289, 52.063476110484515 ], [ -1.928485272026537, 52.06395649359709 ], [ -1.937602703471946, 52.069430662380995 ], [ -1.989865038631194, 52.070163480482627 ], [ -1.997261581565856, 52.054818948393262 ], [ -1.970341233756645, 52.056883256563879 ], [ -1.970002441690973, 52.050527764331711 ], [ -1.952271386546137, 52.040816289092469 ], [ -1.963347806035243, 52.036042686424793 ], [ -1.984122444965273, 52.035836951485294 ], [ -1.988444974942053, 52.048487156156895 ], [ -2.000946244567037, 52.055449730037218 ], [ -2.032922460641263, 52.050793663650651 ], [ -2.046525775799328, 52.028722992443946 ], [ -2.040236643108276, 52.018467104981255 ], [ -2.055130060435852, 52.014665488587752 ], [ -2.054055522470144, 52.002810082590322 ], [ -2.046091839640264, 51.997147193944308 ], [ -2.048489673648463, 51.987628910104704 ], [ -2.071938151394157, 51.995088233968637 ], [ -2.06728349846526, 52.022333991927482 ], [ -2.070742087365786, 52.033491098066882 ], [ -2.059366242042852, 52.056218832107774 ], [ -2.076715536337702, 52.055633244240994 ], [ -2.078603588589553, 52.043147406625032 ], [ -2.094391569298551, 52.017894814083462 ], [ -2.117907174857337, 52.014350337017241 ], [ -2.134031474963689, 52.000549895273522 ], [ -2.154295395805862, 51.999171774763958 ], [ -2.139971678252704, 52.027370555118701 ], [ -2.117950229547704, 52.033046534470337 ], [ -2.118401526907708, 52.042128520664825 ], [ -2.162143498378455, 52.050588203586614 ], [ -2.180420323612529, 52.042264064569203 ], [ -2.176832973594869, 52.022556579399939 ], [ -2.183989467104758, 52.01383860736177 ], [ -2.164747094727445, 52.004255341009888 ], [ -2.184924056386171, 51.990569997552441 ], [ -2.200643044973156, 51.998830115628536 ], [ -2.221206567207214, 51.997703238823668 ], [ -2.238271466544347, 52.003462886432438 ], [ -2.255218351082084, 52.004107705481545 ], [ -2.262911447672715, 51.994352916510486 ], [ -2.252680436964166, 51.985144772298469 ], [ -2.241647483136857, 51.986287645148131 ], [ -2.207729561424536, 51.983074 ], [ -2.19040948631552, 51.975756568952953 ], [ -2.207480949185834, 51.961254754957515 ], [ -2.220745392972352, 51.969683912076931 ], [ -2.242260233382253, 51.965301811445791 ], [ -2.282272042372736, 51.970744266316252 ], [ -2.293249159893253, 51.969674065787345 ], [ -2.315014598320388, 51.951875331434749 ], [ -2.333754716962447, 51.945773246475419 ], [ -2.362640492875625, 51.958513425529894 ], [ -2.381335929501277, 51.971452622281355 ], [ -2.375559998906362, 51.980762466512921 ], [ -2.353802277922884, 51.993936710258318 ], [ -2.355944413374388, 52.002330759038529 ], [ -2.351339765701012, 52.021307163258257 ], [ -2.394127709721185, 52.011809514327958 ], [ -2.402851883594278, 51.996120399461489 ], [ -2.41325123361527, 51.994097327242997 ], [ -2.436459312423076, 51.996818301223414 ], [ -2.435913923573211, 52.014340062630779 ], [ -2.456277259551226, 52.014838809534616 ], [ -2.472850078982209, 52.023894972455281 ], [ -2.491265617970636, 52.006115900588298 ], [ -2.470925124878562, 51.994815146856332 ], [ -2.48918179360688, 51.986973791731195 ], [ -2.496411332633856, 51.977271138883744 ], [ -2.488527872418188, 51.959923396004669 ], [ -2.465572577901296, 51.952419547787372 ], [ -2.46604419604855, 51.927986450708914 ], [ -2.448143672961533, 51.918633850886003 ], [ -2.437057403322783, 51.899335453104783 ], [ -2.44601530118442, 51.894005768822375 ], [ -2.464798848817701, 51.893041776068863 ], [ -2.486920738214316, 51.884254739918056 ], [ -2.507066459226759, 51.88889722093981 ], [ -2.536834541878157, 51.887731602705109 ], [ -2.543423284330778, 51.878858148276471 ], [ -2.518753662909111, 51.861547112873495 ], [ -2.530810512529974, 51.858864081213987 ], [ -2.561649066507593, 51.864277168601909 ], [ -2.598725223164186, 51.85652430060847 ], [ -2.609354549481455, 51.846826808424041 ], [ -2.629892413859837, 51.83876143360385 ], [ -2.635897010086826, 51.841555665740621 ], [ -2.650408637788579, 51.826112776351955 ], [ -2.660885471066962, 51.82281401685578 ], [ -2.659478821465822, 51.810667161407046 ], [ -2.678632462658352, 51.802570025392747 ], [ -2.671328204155366, 51.794956643519363 ], [ -2.675005411995877, 51.777100931498417 ], [ -2.680522941946855, 51.769104999730203 ], [ -2.66293714034569, 51.753299310218928 ], [ -2.674641723738926, 51.734966698342348 ], [ -2.686608869620066, 51.73167284713935 ], [ -2.679619892031113, 51.714460296245704 ], [ -2.668781671129407, 51.706800691416866 ], [ -2.673091335687879, 51.683179726498437 ], [ -2.659854474750488, 51.671307239909446 ], [ -2.684567206154631, 51.668150485902515 ], [ -2.685398468364226, 51.661447881229371 ], [ -2.667119449980334, 51.660123591724563 ], [ -2.679933347628368, 51.64852718074868 ], [ -2.668510609906063, 51.645379403147579 ], [ -2.668757143702186, 51.634373649320075 ], [ -2.656954046180036, 51.62328646229075 ], [ -2.66453226144469, 51.601420787935858 ], [ -2.672306176777328, 51.599232798142786 ], [ -2.698242925206288, 51.581236043006477 ], [ -2.699703819907911, 51.5739780883547 ], [ -2.665550807036491, 51.569308511412252 ], [ -2.672713807140651, 51.54546826230478 ], [ -2.702829577203582, 51.515366225260102 ], [ -2.715570939649294, 51.507353471558353 ], [ -2.708593738953101, 51.497651093020842 ], [ -2.693132486535548, 51.489119209804699 ], [ -2.67496271691456, 51.480093104268562 ], [ -2.66072189068348, 51.486996616459962 ], [ -2.64473135282233, 51.47041486691537 ], [ -2.633631296202991, 51.4672697963274 ], [ -2.623870480034352, 51.447077201294789 ], [ -2.591994855539614, 51.449549134361916 ], [ -2.571903713133154, 51.443100495361321 ], [ -2.543245734247998, 51.455630535703698 ], [ -2.527381467239288, 51.436471314708314 ], [ -2.508841974698005, 51.428470128584173 ], [ -2.491937705973476, 51.429106894710799 ], [ -2.469087902172548, 51.415913819872358 ], [ -2.445763731907538, 51.421800098776679 ], [ -2.409943674416445, 51.426521208950923 ], [ -2.403116004182403, 51.431635262571938 ], [ -2.377295830446373, 51.432904237158077 ], [ -2.343202704638055, 51.439441343107248 ], [ -2.324988991416859, 51.437015829693593 ], [ -2.31414456997086, 51.429159362659149 ], [ -2.294646280017111, 51.428802792330892 ], [ -2.287718882153892, 51.456808315120973 ], [ -2.295745878007286, 51.4585919863854 ], [ -2.288886145563099, 51.478147466131389 ], [ -2.291363166016767, 51.486688562771491 ], [ -2.310453245797509, 51.488164781788797 ], [ -2.325196040658255, 51.484137896414246 ], [ -2.329342255690583, 51.49635345906966 ], [ -2.296319998980823, 51.506756899779106 ], [ -2.298346441015201, 51.511474518592685 ], [ -2.255868097776224, 51.5220698360773 ], [ -2.253597594103111, 51.528809730152545 ], [ -2.265595873805729, 51.535410530075715 ], [ -2.268393840862299, 51.5497013651052 ], [ -2.26412263508524, 51.568017249884711 ], [ -2.276037322089673, 51.572276269819376 ], [ -2.269534554207816, 51.5818211235188 ], [ -2.245073545389987, 51.581379357416282 ], [ -2.235226369271611, 51.607197423159207 ], [ -2.210231051398056, 51.603054779295668 ], [ -2.206690640620636, 51.595939583178215 ], [ -2.177384005738984, 51.597312148468987 ], [ -2.152522857800013, 51.590318172773138 ], [ -2.131119318499061, 51.611060174218437 ], [ -2.130633421285834, 51.621183543397002 ], [ -2.147065496822268, 51.620423154300653 ], [ -2.155865669938203, 51.638427869242506 ], [ -2.137422626494828, 51.645775458264865 ], [ -2.126096553238809, 51.657099791281894 ], [ -2.11222063888979, 51.658271531018819 ], [ -2.084525301563084, 51.650400080166769 ], [ -2.052910803575714, 51.675471991849406 ], [ -2.048996111645027, 51.675847820614187 ], [ -1.999877525398774, 51.701273275222853 ], [ -1.990811919594451, 51.697067413251823 ], [ -1.983196024723171, 51.683678383009592 ], [ -1.973633547230515, 51.677907857631048 ], [ -1.942782748112868, 51.671140081614972 ], [ -1.920997640640151, 51.657262425610092 ], [ -1.903950419955252, 51.656032171331141 ], [ -1.886797986248527, 51.659402732012552 ], [ -1.896778593203585, 51.672785949408983 ], [ -1.873892839651056, 51.682600338757979 ], [ -1.850598287101147, 51.656287285783925 ], [ -1.840101984805958, 51.656133788839433 ], [ -1.81966189808015, 51.662686677863149 ], [ -1.823126406574472, 51.673094152878797 ], [ -1.812484139976937, 51.686316943744828 ], [ -1.819335971247476, 51.694196834568892 ], [ -1.814597343784093, 51.70298698329966 ], [ -1.788539067591313, 51.667069928308401 ], [ -1.770295128249874, 51.667977532067496 ], [ -1.754017243419012, 51.662216467955048 ], [ -1.739362718444274, 51.667417337903153 ], [ -1.719265354496698, 51.669826510271328 ], [ -1.71141468669828, 51.671719501114879 ], [ -1.705646860272621, 51.685030984770798 ], [ -1.693836973528796, 51.69267803999346 ], [ -1.676105920462778, 51.688481111753411 ], [ -1.675114230266884, 51.682418261138523 ], [ -1.64826412702385, 51.684051847248199 ], [ -1.657212299758132, 51.696263153243137 ], [ -1.664629683323644, 51.696847913611151 ], [ -1.687957479380607, 51.71205825899159 ], [ -1.695866613961847, 51.723723457988442 ], [ -1.686822160629624, 51.728537597297141 ], [ -1.687021590902119, 51.739899370032909 ], [ -1.700692415333618, 51.770605504615567 ], [ -1.717677212507259, 51.781546690307685 ], [ -1.693548878788212, 51.794087771568819 ], [ -1.680362944874738, 51.806992484902182 ], [ -1.686478131780276, 51.834484557086299 ], [ -1.678669082028683, 51.849394977295219 ], [ -1.68326992698227, 51.868812500886897 ], [ -1.667994783868551, 51.876342449268058 ], [ -1.669002014603697, 51.881555743037083 ], [ -1.657578004861334, 51.897197245314288 ], [ -1.633168970343461, 51.899186798364155 ], [ -1.635191701172064, 51.912924257227672 ], [ -1.645313221400821, 51.922441460165857 ], [ -1.620003674151962, 51.937429544638952 ], [ -1.628747551944423, 51.952993178762462 ], [ -1.661984706029879, 51.963691358156673 ], [ -1.66894895885103, 51.975133508818409 ], [ -1.665723184828908, 51.987473880631576 ], [ -1.669929211847568, 51.993186973171106 ], [ -1.64294351619802, 52.009189344353203 ], [ -1.64029392004013, 52.018768529588073 ], [ -1.617523815281215, 52.033409922699256 ], [ -1.625108462204512, 52.037677829924803 ], [ -1.644484122374097, 52.034421388632886 ], [ -1.688665269200263, 52.037722686840574 ], [ -1.695003872774588, 52.04054507162018 ], [ -1.689979916873785, 52.053187259638158 ], [ -1.730650868422527, 52.07328616172812 ], [ -1.715043064033146, 52.090191011176863 ], [ -1.704208616802119, 52.092648648595507 ], [ -1.706232116017482, 52.101914340124033 ], [ -1.699185053499247, 52.124952354863034 ], [ -1.693288742393833, 52.133922307912229 ], [ -1.697045845867042, 52.147318924836675 ], [ -1.668493695099164, 52.149749100019449 ], [ -1.667025198624069, 52.157545728131744 ], [ -1.692730430237457, 52.158558573140567 ], [ -1.72170974671809, 52.141506643211137 ], [ -1.733526180858825, 52.147985941523935 ], [ -1.724460604801537, 52.155231117592372 ], [ -1.692915054460328, 52.165558092535626 ], [ -1.722011681090045, 52.169109659039904 ], [ -1.737339640913541, 52.166790170362589 ], [ -1.773010198972734, 52.166675372242715 ], [ -1.779563608895505, 52.174661894498925 ], [ -1.795547680264432, 52.16123768326446 ], [ -1.817115812988496, 52.164038084816731 ], [ -1.812247142561206, 52.15358057494236 ], [ -1.822601839436219, 52.147147628462385 ], [ -1.824560393519161, 52.132800193165608 ], [ -1.83727369723382, 52.124016102411268 ], [ -1.851037067921979, 52.129962641577997 ] ] ] } },
{ "type": "Feature", "properties": { "hcs_county": "Hants", "abbr": "Hants", "hcs_name": "Hampshire", "hcs_code": "HMP", "hcs_number": 40, "county": "Hampshire", "region": "South East England" }, "geometry": { "type": "MultiPolygon", "coordinates": [ [ [ [ -1.501193531522979, 50.707114460558216 ], [ -1.522126165530749, 50.707111204988486 ], [ -1.533446433264047, 50.700711519262718 ], [ -1.535409266331541, 50.69169814448923 ], [ -1.54823609347165, 50.678295044120702 ], [ -1.570249024884817, 50.672924495877126 ], [ -1.569063986940763, 50.66724000928798 ], [ -1.549419643793513, 50.663570302138027 ], [ -1.523562544672521, 50.667935950920416 ], [ -1.484388091655908, 50.666749110096887 ], [ -1.464365930376403, 50.652384382664302 ], [ -1.447148090070437, 50.643482741179525 ], [ -1.410149979306403, 50.634885861909815 ], [ -1.389883279390376, 50.627354101003817 ], [ -1.3608815851713, 50.609503684985221 ], [ -1.343399944488566, 50.604004188295548 ], [ -1.318725987892392, 50.589977145964397 ], [ -1.307767119935681, 50.577353643095897 ], [ -1.285822866970307, 50.577661022123571 ], [ -1.244394976189422, 50.582269239344654 ], [ -1.179303689086886, 50.600925798961789 ], [ -1.17250656758001, 50.615320443527018 ], [ -1.174116937738562, 50.625310888129555 ], [ -1.167994608161335, 50.641523725286987 ], [ -1.160560306590863, 50.64926501212053 ], [ -1.136303857755132, 50.661070124899233 ], [ -1.111708937464686, 50.665787416109929 ], [ -1.0738766785534, 50.681348569294848 ], [ -1.070027201299669, 50.686852769065709 ], [ -1.081882733511038, 50.694195032098293 ], [ -1.098412353659751, 50.690414374964767 ], [ -1.09930317809052, 50.700713686407461 ], [ -1.108275945396943, 50.720130639948557 ], [ -1.157412327350508, 50.733481180859783 ], [ -1.194882557663128, 50.732917565726666 ], [ -1.237586380408786, 50.743504608976608 ], [ -1.272469330744504, 50.765823188235707 ], [ -1.288357194145371, 50.763001348702005 ], [ -1.313740996397189, 50.767337160901938 ], [ -1.344791169559286, 50.750947337100925 ], [ -1.347459613898374, 50.743171589892633 ], [ -1.402330215812903, 50.728193721955634 ], [ -1.425704589837676, 50.726746305243374 ], [ -1.441404859854856, 50.722381393758994 ], [ -1.469756686275734, 50.709765543709622 ], [ -1.501193531522979, 50.707114460558216 ] ] ], [ [ [ -1.486701254368774, 51.349388935326168 ], [ -1.499812678368728, 51.330366481034552 ], [ -1.515844471800751, 51.339095270949237 ], [ -1.527501968870994, 51.338439544528349 ], [ -1.533549870665761, 51.316219390313222 ], [ -1.527018835347207, 51.311410700533735 ], [ -1.527997788646788, 51.299837709887044 ], [ -1.522777907581464, 51.287065420068153 ], [ -1.53445721301721, 51.287123696848987 ], [ -1.540595550284653, 51.260864110030688 ], [ -1.539614123424114, 51.247382784337695 ], [ -1.577638911738799, 51.255593367315122 ], [ -1.603631983545884, 51.253352961122843 ], [ -1.619426934915375, 51.241211126961105 ], [ -1.625052624421199, 51.232484640001118 ], [ -1.680185809822324, 51.237640519378417 ], [ -1.701573563427171, 51.235823436433634 ], [ -1.690431081501941, 51.224060779903269 ], [ -1.694089583808221, 51.204089664937328 ], [ -1.668835235333933, 51.190762871027601 ], [ -1.672241508044339, 51.178680612337835 ], [ -1.654072340422651, 51.156302700693757 ], [ -1.662987311166514, 51.127204364213974 ], [ -1.640637571604285, 51.125421389169972 ], [ -1.626348903265026, 51.117336882556003 ], [ -1.626871808641102, 51.104029172051817 ], [ -1.637306935194001, 51.092195376857461 ], [ -1.628922323270835, 51.080936641889799 ], [ -1.634043256515265, 51.042047664586327 ], [ -1.632357067215194, 51.032780165184555 ], [ -1.619493410404786, 51.033037266282875 ], [ -1.602967339501715, 51.025541320917434 ], [ -1.604992955079496, 51.016072775250393 ], [ -1.597620498021573, 51.008009424404342 ], [ -1.596466421593836, 50.994949279728559 ], [ -1.576752963367963, 50.991773662457334 ], [ -1.574786930618726, 50.974837069005943 ], [ -1.582590712994507, 50.969017615369175 ], [ -1.592226959324917, 50.947949843110678 ], [ -1.597903557430681, 50.926116989400839 ], [ -1.611929653022483, 50.925055132290744 ], [ -1.624430107026242, 50.949081931139638 ], [ -1.634959807867543, 50.959278052172188 ], [ -1.651904728100479, 50.947210330831773 ], [ -1.661698091705972, 50.945341329390523 ], [ -1.689407668895035, 50.954694200633028 ], [ -1.709864709436805, 50.97131882573828 ], [ -1.721742387102049, 50.976932463039823 ], [ -1.73978464685219, 50.976665217528215 ], [ -1.807613138370029, 50.992069824266338 ], [ -1.815430261010337, 50.985929355401886 ], [ -1.817621782477458, 50.974939101765671 ], [ -1.80719555278836, 50.965248145221452 ], [ -1.814723998679395, 50.95835997643934 ], [ -1.834057285204654, 50.978139385716069 ], [ -1.84168975357716, 50.996179889545438 ], [ -1.853704930497818, 51.004364205811207 ], [ -1.873887522240626, 50.98455426089766 ], [ -1.87451820148023, 50.973847902584062 ], [ -1.842381084772401, 50.957303906883645 ], [ -1.834465257583612, 50.929360416889821 ], [ -1.814982679726334, 50.920599829011245 ], [ -1.823705337732874, 50.898362589418007 ], [ -1.841771697216004, 50.89696712231261 ], [ -1.848564777298783, 50.889877239129035 ], [ -1.845266685625139, 50.877974895049348 ], [ -1.863426881164846, 50.813769067903969 ], [ -1.865371220675025, 50.77385395069043 ], [ -1.886410614238875, 50.751432839464208 ], [ -1.905637801072328, 50.725730740448896 ], [ -1.907575116912448, 50.715836404538358 ], [ -1.900678266615659, 50.709317785903139 ], [ -1.86173759988073, 50.717904750112446 ], [ -1.830317720332324, 50.720488441935935 ], [ -1.803487954611471, 50.72038694786572 ], [ -1.74881699152196, 50.712647256216805 ], [ -1.74088714900035, 50.724219442225021 ], [ -1.725204334584093, 50.733811795221662 ], [ -1.690962851563923, 50.737529776541905 ], [ -1.641059173462236, 50.732236619176454 ], [ -1.577031712453628, 50.716404969056754 ], [ -1.552012961238662, 50.72790860433556 ], [ -1.543206735619128, 50.728108292550914 ], [ -1.531027028232267, 50.737314867948392 ], [ -1.525363098526695, 50.748714276074693 ], [ -1.513551016867349, 50.75327270481587 ], [ -1.483632705023763, 50.755965513275761 ], [ -1.456499569584948, 50.762221404555682 ], [ -1.415549317626345, 50.767284321725931 ], [ -1.377341936762, 50.781080087989508 ], [ -1.342627508035851, 50.78571325444603 ], [ -1.327583096792573, 50.803154108448751 ], [ -1.30759700735487, 50.81613239426661 ], [ -1.335500770610443, 50.832549867957852 ], [ -1.341508874759572, 50.843258350903035 ], [ -1.325159628335694, 50.853611179591091 ], [ -1.303925984519802, 50.847792251369299 ], [ -1.301429131230281, 50.837348159422234 ], [ -1.263078492271977, 50.826298023881286 ], [ -1.215343200491922, 50.809976756768641 ], [ -1.197261714790578, 50.794599039163863 ], [ -1.181372158861585, 50.78717308092839 ], [ -1.163575701786809, 50.785034686930658 ], [ -1.137984982432829, 50.773856649243534 ], [ -1.108657815123908, 50.79030792058758 ], [ -1.088983706173593, 50.777671340862241 ], [ -1.030478839356124, 50.787421855199732 ], [ -0.969754848575276, 50.78132074541017 ], [ -0.948973655797982, 50.777118786572885 ], [ -0.935328456526179, 50.777719414786993 ], [ -0.933464551778169, 50.785525343548983 ], [ -0.941961614648051, 50.799683224261003 ], [ -0.946234963260536, 50.82649442994191 ], [ -0.92642011733687, 50.864082619864256 ], [ -0.935573618501952, 50.869100016383257 ], [ -0.956619390971079, 50.893160215319533 ], [ -0.938208147313105, 50.919423934799774 ], [ -0.923984842812606, 50.924156457332835 ], [ -0.935317485262509, 50.941132451779787 ], [ -0.929286001713417, 50.95839368172993 ], [ -0.915343961933669, 50.97176318406769 ], [ -0.917682326918145, 50.978057090358554 ], [ -0.900244451854824, 51.001208424331523 ], [ -0.893465295613303, 51.002710870020863 ], [ -0.898563745936078, 51.017810489825251 ], [ -0.868915115269917, 51.037187097262972 ], [ -0.852888588667825, 51.044827361089453 ], [ -0.845364460666458, 51.064942119713173 ], [ -0.829318714086356, 51.067585936651618 ], [ -0.818708246686531, 51.06072619126779 ], [ -0.787497401699127, 51.066899015311854 ], [ -0.78075552482704, 51.07937577640007 ], [ -0.753440995518659, 51.086479962303656 ], [ -0.758829937045081, 51.090520874604998 ], [ -0.745501185399182, 51.112198494754395 ], [ -0.762419182899993, 51.114883 ], [ -0.782345895040295, 51.128497669016312 ], [ -0.791277132954379, 51.139430012199774 ], [ -0.795839753777352, 51.154098291299611 ], [ -0.808441105434726, 51.160991872402725 ], [ -0.829995374126181, 51.162891945172483 ], [ -0.825403311238, 51.181359089834828 ], [ -0.842654409708354, 51.19935960430201 ], [ -0.849186649087624, 51.211013063639214 ], [ -0.828735463282405, 51.226020168501826 ], [ -0.820831713505205, 51.239284469662671 ], [ -0.804698918655896, 51.245052772695239 ], [ -0.774926682772189, 51.241468397885569 ], [ -0.769720809378821, 51.236420024600108 ], [ -0.74137699114778, 51.230781596863423 ], [ -0.730127509627411, 51.270058311211216 ], [ -0.733305042951958, 51.284026047692826 ], [ -0.744209905671045, 51.309346923552361 ], [ -0.762668962705435, 51.317755419658255 ], [ -0.77541541791168, 51.331959921930029 ], [ -0.793961759624697, 51.34103418610033 ], [ -0.813003523448823, 51.3412762924359 ], [ -0.828192090067425, 51.352861876194645 ], [ -0.847572093398069, 51.352449217027186 ], [ -0.9056286074095, 51.357982986295923 ], [ -0.923475294686846, 51.366023021865523 ], [ -0.972591890945211, 51.359944736890498 ], [ -0.990117802898898, 51.363213293806965 ], [ -1.011852483378723, 51.359240419881935 ], [ -1.050079311650305, 51.358112598046354 ], [ -1.084440808634422, 51.384441629283096 ], [ -1.115346349309606, 51.37427338310529 ], [ -1.116275215335136, 51.358437897349518 ], [ -1.138835188365552, 51.357204032588655 ], [ -1.188763616183883, 51.363147911958286 ], [ -1.222381563154131, 51.369728459844332 ], [ -1.240257620395236, 51.366207183986468 ], [ -1.251899505065864, 51.371963758640355 ], [ -1.272424099839327, 51.367749832868178 ], [ -1.312167831627892, 51.373048761804434 ], [ -1.347719419264904, 51.367200762895862 ], [ -1.378151123198999, 51.367839460003957 ], [ -1.411158847010331, 51.372855080046961 ], [ -1.432377496603978, 51.355788356808368 ], [ -1.449664276369493, 51.350252404960216 ], [ -1.477738536602183, 51.358021956595714 ], [ -1.486701254368774, 51.349388935326168 ] ] ] ] } },
{ "type": "Feature", "properties": { "hcs_county": "Hereford", "abbr": "Herefs", "hcs_name": "Herefordshire", "hcs_code": "HRF", "hcs_number": 41, "county": "Herefordshire", "region": "West Midlands" }, "geometry": { "type": "Polygon", "coordinates": [ [ [ -2.351339765701012, 52.021307163258257 ], [ -2.347527481575816, 52.033112883688908 ], [ -2.351538297390635, 52.056376026421894 ], [ -2.339228407999587, 52.069582712479239 ], [ -2.33830505218038, 52.095449818890692 ], [ -2.363109818490014, 52.094289184930815 ], [ -2.380279459441947, 52.088987763214455 ], [ -2.421569970985964, 52.107444665857869 ], [ -2.41428345347436, 52.112623067085046 ], [ -2.359204980254238, 52.120391821700068 ], [ -2.341792383731799, 52.118033488727988 ], [ -2.342509249828461, 52.130919808316079 ], [ -2.358615334062286, 52.151872997201735 ], [ -2.379383918915697, 52.155043030240911 ], [ -2.414949059363098, 52.145157522443377 ], [ -2.42145308852229, 52.149660127543974 ], [ -2.45383446364092, 52.137883696581468 ], [ -2.47476597701398, 52.143011433848727 ], [ -2.474865459342181, 52.15052243652562 ], [ -2.460664482899621, 52.158686233761713 ], [ -2.436119731277409, 52.160862559360567 ], [ -2.433073315026395, 52.172021047627673 ], [ -2.423332105279545, 52.172548429250703 ], [ -2.419175075316755, 52.187988044755741 ], [ -2.406975848310429, 52.203210503226664 ], [ -2.393403649387238, 52.210738932500853 ], [ -2.403355475517378, 52.221678764968786 ], [ -2.399394014052523, 52.231803486807067 ], [ -2.414364223999621, 52.23179872327605 ], [ -2.423077939580682, 52.237194759467165 ], [ -2.46496635131714, 52.234387630138215 ], [ -2.474702865820454, 52.241365067812637 ], [ -2.472413712934051, 52.252952683071896 ], [ -2.460153571042905, 52.260528255975785 ], [ -2.43071478335094, 52.270421347025732 ], [ -2.45200969896093, 52.284998581459455 ], [ -2.483420852336079, 52.284381413096426 ], [ -2.503141630546099, 52.277406406859917 ], [ -2.514601713759244, 52.269011576171799 ], [ -2.515783817482955, 52.255901277039698 ], [ -2.525979245659834, 52.248345686484122 ], [ -2.543440609251223, 52.267094497785166 ], [ -2.556590163028377, 52.258110516478226 ], [ -2.604409512605627, 52.242809924916656 ], [ -2.629010337034418, 52.240311310881275 ], [ -2.634311384334028, 52.247256811694243 ], [ -2.630900708192281, 52.257449807375849 ], [ -2.615689725716978, 52.264989746596655 ], [ -2.597951073349809, 52.281629691340342 ], [ -2.618245699655158, 52.282192893621207 ], [ -2.625935282738182, 52.28873441118715 ], [ -2.639886057556168, 52.286300854096979 ], [ -2.644386412652582, 52.293695280186256 ], [ -2.661084591324772, 52.300301936610957 ], [ -2.63587004014211, 52.308847397434121 ], [ -2.61807552333872, 52.306922096381079 ], [ -2.643610473201105, 52.333830249002197 ], [ -2.659861898027576, 52.334750842145283 ], [ -2.669884868041908, 52.341387236094775 ], [ -2.689270120411054, 52.316189537192194 ], [ -2.712420717151181, 52.308108262985243 ], [ -2.726441948806143, 52.320294658828381 ], [ -2.737211890895029, 52.319481130938229 ], [ -2.749540685287524, 52.33480791121 ], [ -2.737811285148909, 52.343238357613728 ], [ -2.732733673556949, 52.355512077997354 ], [ -2.712214182663972, 52.35101296791116 ], [ -2.703341219339304, 52.362558674703763 ], [ -2.72326733199386, 52.363985540759622 ], [ -2.743832359695702, 52.359417243355374 ], [ -2.786651624362347, 52.357547908599962 ], [ -2.795456109782487, 52.35927381602599 ], [ -2.79422558088856, 52.370627166091978 ], [ -2.807372375331936, 52.375864421506009 ], [ -2.818806018622304, 52.391244755789479 ], [ -2.854918550668566, 52.395502907041489 ], [ -2.863731186516243, 52.388690721745029 ], [ -2.888411472333856, 52.385167661635506 ], [ -2.88650937658919, 52.378488325240426 ], [ -2.897861478440603, 52.367932155002919 ], [ -2.915117515259219, 52.368819681550825 ], [ -2.93880799770176, 52.361002061250723 ], [ -2.933305546965564, 52.350090084647903 ], [ -2.954681926726682, 52.349163202748144 ], [ -2.961653755136526, 52.335922417017194 ], [ -2.985784268547451, 52.323579255397945 ], [ -2.997083594147428, 52.32456543858062 ], [ -3.003788943817022, 52.311305752978178 ], [ -3.000557442228272, 52.303388010165399 ], [ -3.011980252477862, 52.288038918348995 ], [ -3.011784172585012, 52.277489896311927 ], [ -2.994588063743124, 52.273284426142027 ], [ -2.96712268216868, 52.27367603989903 ], [ -2.964583201516841, 52.262724018484661 ], [ -2.989068829647549, 52.260503522205227 ], [ -3.005831623542008, 52.264255245145762 ], [ -3.044251531299302, 52.253580758138632 ], [ -3.049168681360726, 52.238890616862875 ], [ -3.073986311958015, 52.234207709890953 ], [ -3.070348328400549, 52.229200237624525 ], [ -3.08821141861688, 52.206638817584569 ], [ -3.099988703670998, 52.202229819727464 ], [ -3.09506193862534, 52.183067233336914 ], [ -3.121991717594585, 52.166907918628738 ], [ -3.116885450029559, 52.160459224929852 ], [ -3.094613596795839, 52.155178560883243 ], [ -3.083464286735319, 52.163123344835938 ], [ -3.071564648678927, 52.158195510903781 ], [ -3.082648955282024, 52.148739049035029 ], [ -3.115285355091854, 52.139197144217469 ], [ -3.135962937555965, 52.137827943178451 ], [ -3.141245992271756, 52.129902586070934 ], [ -3.106521478236073, 52.118608902855584 ], [ -3.106508603541177, 52.104830174638771 ], [ -3.122755196825738, 52.102917143954812 ], [ -3.118853900111274, 52.088873474160415 ], [ -3.12580294374192, 52.078257594565869 ], [ -3.111515056936986, 52.06492005377509 ], [ -3.090603527795137, 52.050311747852213 ], [ -3.086261610766531, 52.040320096807562 ], [ -3.099204799314928, 52.022637529662106 ], [ -3.088844886683155, 52.015089956958015 ], [ -3.068034449205827, 51.983720825412874 ], [ -3.025949203831571, 51.957221583453958 ], [ -3.008475870955782, 51.937941217589199 ], [ -3.008088347334739, 51.927184366805228 ], [ -2.999025, 51.923458 ], [ -2.976689073908191, 51.927499680291803 ], [ -2.96831177901553, 51.904532617915933 ], [ -2.941973339907952, 51.909595576932624 ], [ -2.892228980360432, 51.925438267564445 ], [ -2.888633831110804, 51.933482071782237 ], [ -2.859887996620738, 51.927765750096029 ], [ -2.837226489743311, 51.914010790364159 ], [ -2.836285405026964, 51.906155223587383 ], [ -2.82162941159899, 51.905450370675233 ], [ -2.796655273951534, 51.888308297041867 ], [ -2.768505976771586, 51.880090063153737 ], [ -2.776836351285441, 51.873321886439207 ], [ -2.75759700968473, 51.849237039764695 ], [ -2.737986242882191, 51.845658504709178 ], [ -2.729596113493234, 51.858207145551305 ], [ -2.717787733632594, 51.847461480366178 ], [ -2.697293271125174, 51.844816064801535 ], [ -2.682699472808607, 51.837832033730464 ], [ -2.658406860551579, 51.832866545304803 ], [ -2.650408637788579, 51.826112776351955 ], [ -2.635897010086826, 51.841555665740621 ], [ -2.629892413859837, 51.83876143360385 ], [ -2.609354549481455, 51.846826808424041 ], [ -2.598725223164186, 51.85652430060847 ], [ -2.561649066507593, 51.864277168601909 ], [ -2.530810512529974, 51.858864081213987 ], [ -2.518753662909111, 51.861547112873495 ], [ -2.543423284330778, 51.878858148276471 ], [ -2.536834541878157, 51.887731602705109 ], [ -2.507066459226759, 51.88889722093981 ], [ -2.486920738214316, 51.884254739918056 ], [ -2.464798848817701, 51.893041776068863 ], [ -2.44601530118442, 51.894005768822375 ], [ -2.437057403322783, 51.899335453104783 ], [ -2.448143672961533, 51.918633850886003 ], [ -2.46604419604855, 51.927986450708914 ], [ -2.465572577901296, 51.952419547787372 ], [ -2.488527872418188, 51.959923396004669 ], [ -2.496411332633856, 51.977271138883744 ], [ -2.48918179360688, 51.986973791731195 ], [ -2.470925124878562, 51.994815146856332 ], [ -2.491265617970636, 52.006115900588298 ], [ -2.472850078982209, 52.023894972455281 ], [ -2.456277259551226, 52.014838809534616 ], [ -2.435913923573211, 52.014340062630779 ], [ -2.436459312423076, 51.996818301223414 ], [ -2.41325123361527, 51.994097327242997 ], [ -2.402851883594278, 51.996120399461489 ], [ -2.394127709721185, 52.011809514327958 ], [ -2.351339765701012, 52.021307163258257 ] ] ] } },
{ "type": "Feature", "properties": { "hcs_county": "Hertford", "abbr": "Herts", "hcs_name": "Hertfordshire", "hcs_code": "HTF", "hcs_number": 42, "county": "Hertfordshire", "region": "East of England" }, "geometry": { "type": "Polygon", "coordinates": [ [ [ -0.157618392101052, 52.080438370742712 ], [ -0.172087473728176, 52.062276417888341 ], [ -0.194959107395435, 52.062400700313795 ], [ -0.219523024280585, 52.036678053612484 ], [ -0.2012386428704, 52.009829413790357 ], [ -0.213402702615022, 52.008515670481437 ], [ -0.238841974277783, 51.996596233002727 ], [ -0.253306769506369, 51.977931760072877 ], [ -0.271935252754834, 51.976786749935314 ], [ -0.272261547481892, 51.988057960437594 ], [ -0.283887148517792, 52.001795965545497 ], [ -0.300008460408508, 52.000769699042216 ], [ -0.292444735465793, 51.991062934685829 ], [ -0.290650502640537, 51.974256110690675 ], [ -0.315301257482494, 51.981957116853465 ], [ -0.358461350522638, 51.985511654531777 ], [ -0.368013085480166, 51.980150638867492 ], [ -0.3515071048927, 51.973492440124929 ], [ -0.350174915555355, 51.957514017878005 ], [ -0.372043229385847, 51.948162706301673 ], [ -0.382683972843659, 51.950957756321095 ], [ -0.378186046305847, 51.97157128289399 ], [ -0.391356685413839, 51.976901237479836 ], [ -0.400279836972911, 51.964876565749186 ], [ -0.406348546939573, 51.941220870906378 ], [ -0.402114936451521, 51.930034850443718 ], [ -0.38977479764581, 51.92601940845136 ], [ -0.384911931426964, 51.911251941705494 ], [ -0.373909286384437, 51.895312439954246 ], [ -0.3647106819011, 51.894070567025253 ], [ -0.351974569827505, 51.879628815098521 ], [ -0.355238677661517, 51.867251138558331 ], [ -0.339568228483099, 51.849569231452222 ], [ -0.376138233114346, 51.829612477799195 ], [ -0.397869653787854, 51.83712328867054 ], [ -0.422753196960656, 51.850851585802026 ], [ -0.432712683684305, 51.848094087613319 ], [ -0.464228210268197, 51.869788853432397 ], [ -0.48578535738227, 51.888927700322533 ], [ -0.518410028519456, 51.878464244243887 ], [ -0.537188475500437, 51.88075990278022 ], [ -0.536908672029076, 51.868517170763305 ], [ -0.520091101036645, 51.853888728543318 ], [ -0.496599896739029, 51.84404071345304 ], [ -0.471166560766704, 51.845481589867134 ], [ -0.460535641340238, 51.836027373116679 ], [ -0.481352890348778, 51.833947160768474 ], [ -0.501839324345978, 51.836811756907245 ], [ -0.505761121407195, 51.829067215903017 ], [ -0.537630929253858, 51.83148056788955 ], [ -0.543955787588587, 51.824787456641062 ], [ -0.557043905061101, 51.83094975327888 ], [ -0.56796924239472, 51.817005670672117 ], [ -0.551355375747753, 51.799660214344698 ], [ -0.545840875216938, 51.814776045832232 ], [ -0.536930683186698, 51.81415379093891 ], [ -0.519820630909294, 51.800825350876906 ], [ -0.512739101294195, 51.790011258332399 ], [ -0.526793701403915, 51.777971009877888 ], [ -0.547032360458887, 51.783197356856157 ], [ -0.561503118926038, 51.800175486034334 ], [ -0.632970477081686, 51.819946753193186 ], [ -0.645233326978317, 51.815352821864089 ], [ -0.672446449690097, 51.819622735180346 ], [ -0.6903124209075, 51.841277582818172 ], [ -0.692344766620946, 51.857055326164158 ], [ -0.710475006171886, 51.857841884027714 ], [ -0.722577828145101, 51.854235169162678 ], [ -0.736398194346126, 51.842381539912175 ], [ -0.745839399801141, 51.841866027294003 ], [ -0.72855492974202, 51.821398221272879 ], [ -0.709307687892673, 51.820527881334797 ], [ -0.682554063494288, 51.797212821854565 ], [ -0.673871480249213, 51.76873626456166 ], [ -0.643398397559451, 51.754010813657509 ], [ -0.617150234793698, 51.752608929841806 ], [ -0.613563128690154, 51.748426151600995 ], [ -0.5863401005731, 51.752110549468803 ], [ -0.576040355985968, 51.737670577685982 ], [ -0.555989401715595, 51.743676895332612 ], [ -0.53993490335093, 51.742670414100125 ], [ -0.531552926628981, 51.736071107938606 ], [ -0.545014671133222, 51.724854543781696 ], [ -0.5559317294036, 51.723856498714589 ], [ -0.563411876978286, 51.711836272994312 ], [ -0.54830073536961, 51.703555288918608 ], [ -0.542944922730775, 51.693917461528514 ], [ -0.547930315962119, 51.677339359299822 ], [ -0.511272540656704, 51.679893180453163 ], [ -0.505050451906494, 51.673059386241704 ], [ -0.514779062090762, 51.660713126373501 ], [ -0.537863221705536, 51.642365967059739 ], [ -0.529944768639105, 51.61691990885317 ], [ -0.519682159106293, 51.60096826316699 ], [ -0.500571749238835, 51.59968129438024 ], [ -0.495373899864935, 51.619017465081384 ], [ -0.488421856469885, 51.627102584976768 ], [ -0.457131859594192, 51.612295743580937 ], [ -0.438265162727747, 51.619899366081597 ], [ -0.401427907045104, 51.613176303425618 ], [ -0.365934340598686, 51.621167370473188 ], [ -0.305864690348441, 51.643871690335651 ], [ -0.289696215389891, 51.641691950996162 ], [ -0.264456853325717, 51.645173874652031 ], [ -0.228414803939798, 51.636888721577577 ], [ -0.233339901597682, 51.625902860657192 ], [ -0.216107933399822, 51.622970625897139 ], [ -0.205587933747678, 51.625572661654083 ], [ -0.190955659743281, 51.618124574448302 ], [ -0.169454460715897, 51.639185301791699 ], [ -0.154580555822981, 51.624189258212532 ], [ -0.141478129333108, 51.617329482170746 ], [ -0.128424499601743, 51.632156363560838 ], [ -0.143401833264122, 51.638927369058351 ], [ -0.154297094644179, 51.65442158587441 ], [ -0.192475239200076, 51.65533674280622 ], [ -0.221551819777755, 51.652480836024353 ], [ -0.228265952041921, 51.658934519618306 ], [ -0.241477700033252, 51.685473370135298 ], [ -0.244934010105244, 51.701538636617776 ], [ -0.235168498226327, 51.710047469437754 ], [ -0.21434707164392, 51.711052248753184 ], [ -0.184048406256182, 51.706677333811172 ], [ -0.158515382273855, 51.698863949668507 ], [ -0.145603763408578, 51.691596777261296 ], [ -0.116378806773626, 51.692579755089355 ], [ -0.105654346544398, 51.687920742672169 ], [ -0.0114553680093, 51.681177334501633 ], [ -0.020641822297189, 51.688147756120429 ], [ -0.011400351934009, 51.726019416765936 ], [ -0.013323156605611, 51.742461249131985 ], [ 0.000981459191305, 51.74580231072084 ], [ 0.01038701495956, 51.755679375628546 ], [ 0.018942927740503, 51.772342115308163 ], [ 0.053304374617543, 51.780029226630568 ], [ 0.088783604240263, 51.784239089179586 ], [ 0.099171107442408, 51.783218926499245 ], [ 0.130898303029301, 51.796157077763581 ], [ 0.151471361159424, 51.799180687735202 ], [ 0.161703783971591, 51.814459306482611 ], [ 0.190371012681808, 51.813970298670114 ], [ 0.188386907672438, 51.819656084484151 ], [ 0.163519302275917, 51.822843664151037 ], [ 0.161892984533948, 51.846227435819038 ], [ 0.172851054127099, 51.854427133134237 ], [ 0.174305173562583, 51.863717646391443 ], [ 0.196334970679437, 51.866269632098408 ], [ 0.175844056221859, 51.882559019769488 ], [ 0.182318668370788, 51.890665103125798 ], [ 0.167762042184791, 51.894138652851254 ], [ 0.147039814621704, 51.886730569045326 ], [ 0.129093, 51.883899 ], [ 0.122811677155741, 51.900645529184267 ], [ 0.124520991301959, 51.923991012400755 ], [ 0.118603856004741, 51.933806138376909 ], [ 0.114732594333036, 51.955831564631666 ], [ 0.105766925249712, 51.963203828371554 ], [ 0.106979110525896, 51.97184833226909 ], [ 0.096392413607691, 51.984293311088891 ], [ 0.076190119584254, 51.980852137625092 ], [ 0.072046, 51.986568 ], [ 0.074112218633307, 52.001378322265374 ], [ 0.059210849725273, 52.01430709780248 ], [ 0.039882645146736, 52.053243238507243 ], [ 0.011081954160392, 52.049655337230007 ], [ -0.044830595071548, 52.047663226480211 ], [ -0.067037503842004, 52.042127877506182 ], [ -0.10798766625792, 52.028258971857277 ], [ -0.1223770406608, 52.029581920366887 ], [ -0.13386334960279, 52.046323780435472 ], [ -0.154602549389515, 52.052437189876471 ], [ -0.147462884853095, 52.069353237741758 ], [ -0.157618392101052, 52.080438370742712 ] ] ] } },
{ "type": "Feature", "properties": { "hcs_county": "Huntingdon", "abbr": "Hunts", "hcs_name": "Huntingdonshire", "hcs_code": "HNT", "hcs_number": 43, "county": "Huntingdonshire", "region": "East of England" }, "geometry": { "type": "Polygon", "coordinates": [ [ [ -0.465306913767058, 52.322965923135108 ], [ -0.451779496383121, 52.317463027958176 ], [ -0.413635180247467, 52.329649286593131 ], [ -0.396501620391035, 52.338166349152502 ], [ -0.392545863952412, 52.329791925587465 ], [ -0.405870413262124, 52.320931176193824 ], [ -0.426970298015211, 52.290788724890923 ], [ -0.419000079691988, 52.284254550309605 ], [ -0.403718171118455, 52.285435453435582 ], [ -0.375014446682858, 52.280504765662549 ], [ -0.38063227816932, 52.273235510178615 ], [ -0.37347946467627, 52.233383457577915 ], [ -0.344157450922558, 52.235175620427469 ], [ -0.343406008476597, 52.241901934787627 ], [ -0.323028801231908, 52.243141806631712 ], [ -0.313680319636643, 52.238948177147165 ], [ -0.298475249113209, 52.240986752476601 ], [ -0.270695088967309, 52.238845734750655 ], [ -0.271848064851016, 52.223675899861213 ], [ -0.282893321734778, 52.214629479968572 ], [ -0.260439110672063, 52.205384261929467 ], [ -0.241052740886985, 52.189737306129402 ], [ -0.260779190347597, 52.176399405913827 ], [ -0.224750557594833, 52.165081185138064 ], [ -0.215913615983614, 52.159004241349614 ], [ -0.189542404483237, 52.169199339001928 ], [ -0.156208469115638, 52.167256263343447 ], [ -0.144959107195874, 52.182731751028768 ], [ -0.116270910077155, 52.179544971689289 ], [ -0.100370797799635, 52.183036158928083 ], [ -0.107163438607238, 52.205568548745859 ], [ -0.130378675222275, 52.207229429265603 ], [ -0.152830279467333, 52.212020669324481 ], [ -0.17315345882421, 52.197637261223512 ], [ -0.195583639389885, 52.204478453428258 ], [ -0.186945477058697, 52.228836013890295 ], [ -0.175461060629858, 52.230429956604823 ], [ -0.155936145066729, 52.22645500787678 ], [ -0.137836631497542, 52.231272065385944 ], [ -0.132226033532763, 52.243294418391258 ], [ -0.15705348904887, 52.254319401863803 ], [ -0.182438822338121, 52.256147985587766 ], [ -0.184147786501176, 52.260641137199791 ], [ -0.175434103750741, 52.280216406171121 ], [ -0.151417513185331, 52.284335014418879 ], [ -0.14655393747107, 52.269777420505093 ], [ -0.131256498849402, 52.257831092322625 ], [ -0.118289554992381, 52.262268750087287 ], [ -0.101711537040233, 52.276975118272546 ], [ -0.085393086747011, 52.272488464188832 ], [ -0.062613496798338, 52.290051832425512 ], [ -0.046456438828661, 52.314677442459441 ], [ -0.031169162611128, 52.316774059200938 ], [ -0.01420358747743, 52.312927332637578 ], [ 0.008359101117913, 52.334828397329851 ], [ 0.009366445484795, 52.341557468448315 ], [ 0.026476069269416, 52.351286937691739 ], [ 0.043720465859368, 52.352745371684904 ], [ 0.051349424280042, 52.358163136577765 ], [ 0.041909668134602, 52.380647753464785 ], [ 0.028142855098486, 52.390018919539514 ], [ 0.027334554472653, 52.405904079709948 ], [ 0.019357599105709, 52.414766093023395 ], [ 0.034056194692306, 52.427263407144189 ], [ 0.022190542016003, 52.433915408393254 ], [ 0.024065970267602, 52.440641233851387 ], [ -0.001772240710067, 52.454362567790739 ], [ -0.009305016742141, 52.462164657560599 ], [ -0.032434252202815, 52.47307814798792 ], [ -0.040341613283505, 52.482933270892659 ], [ -0.039044107576615, 52.499178003434039 ], [ -0.051412558427595, 52.502421533794454 ], [ -0.048221308347518, 52.510937988253517 ], [ -0.069717523810244, 52.516852759131098 ], [ -0.070904260139876, 52.505873559978163 ], [ -0.090377408837842, 52.496270657720558 ], [ -0.114356377356639, 52.489063134679363 ], [ -0.171070481493386, 52.53149005430199 ], [ -0.185872235411751, 52.535598787103417 ], [ -0.186103974981941, 52.54545407456316 ], [ -0.239514323527398, 52.568168943541892 ], [ -0.265599502550638, 52.568324257454208 ], [ -0.281825333261037, 52.560088415252963 ], [ -0.295735300487492, 52.560482329578868 ], [ -0.309487733271439, 52.572266270585445 ], [ -0.320330754259926, 52.569425408517134 ], [ -0.327267150037286, 52.552871772216037 ], [ -0.34073001619998, 52.555658568501741 ], [ -0.348935424933878, 52.564433713568704 ], [ -0.369334445797015, 52.562975198730655 ], [ -0.384012878907669, 52.566936518005413 ], [ -0.396902423871625, 52.583005235189106 ], [ -0.415343296264639, 52.579593013666162 ], [ -0.419628798759558, 52.558971976583457 ], [ -0.41536483660326, 52.551547676483423 ], [ -0.401973145248963, 52.547792154638053 ], [ -0.400897361925219, 52.539881877467785 ], [ -0.413408036861062, 52.525369485757743 ], [ -0.396920115144965, 52.523779789582704 ], [ -0.37786285192368, 52.510673704685132 ], [ -0.351182818418275, 52.503795776851113 ], [ -0.359369198600978, 52.490249052781877 ], [ -0.35004888193054, 52.482588748929203 ], [ -0.359551592421375, 52.475354454510047 ], [ -0.350600925614939, 52.462963764606883 ], [ -0.373980539350478, 52.436724616361339 ], [ -0.384265157602269, 52.44123901553413 ], [ -0.405699571428163, 52.437082390474743 ], [ -0.387719967853943, 52.420232040642347 ], [ -0.370614625323449, 52.414787397450425 ], [ -0.385065461371026, 52.400709049014992 ], [ -0.417077413683839, 52.411619380606311 ], [ -0.422311422867831, 52.400151401902704 ], [ -0.432909672865064, 52.396264265994589 ], [ -0.44456159255905, 52.383557411179801 ], [ -0.469805844922269, 52.379965488218446 ], [ -0.485456586962778, 52.381292327697821 ], [ -0.499508671965955, 52.366966148738626 ], [ -0.49868066228916, 52.360089175600962 ], [ -0.477337819816218, 52.348419069342782 ], [ -0.467700427121366, 52.338435399523355 ], [ -0.465306913767058, 52.322965923135108 ] ] ] } },
{ "type": "Feature", "properties": { "hcs_county": "Kent", "abbr": "Kent", "hcs_name": "Kent", "hcs_code": "KNT", "hcs_number": 45, "county": "Kent", "region": "South East England" }, "geometry": { "type": "Polygon", "coordinates": [ [ [ 0.050030802041125, 51.142647127148258 ], [ 0.070509404405991, 51.139683073656144 ], [ 0.093080899519098, 51.141419880325728 ], [ 0.128515942178828, 51.147452132864963 ], [ 0.157178856619909, 51.14069071873449 ], [ 0.152327244864006, 51.122455179204451 ], [ 0.162669354952606, 51.116387780976368 ], [ 0.198787865042012, 51.116886809119187 ], [ 0.225367507858372, 51.124360379577318 ], [ 0.252576676699882, 51.124139248231437 ], [ 0.284528783804536, 51.117598351060224 ], [ 0.310642668403704, 51.119353499753707 ], [ 0.334711450093469, 51.106295920592977 ], [ 0.363258637996732, 51.105285441081854 ], [ 0.386062851380306, 51.099028935705739 ], [ 0.422376883674696, 51.10454468820754 ], [ 0.422565691735931, 51.099124733261135 ], [ 0.407584134411597, 51.088904789458333 ], [ 0.397805930427662, 51.070785411273427 ], [ 0.420232351655945, 51.061175889429819 ], [ 0.45179666817476, 51.05807619122816 ], [ 0.471423321490744, 51.049044799737295 ], [ 0.467378351817566, 51.033173610064281 ], [ 0.478022947366999, 51.029057648339162 ], [ 0.496556860750993, 51.030551606226226 ], [ 0.508426739386477, 51.024128054423109 ], [ 0.536503309697578, 51.021886939555721 ], [ 0.541657415964212, 51.011169093670368 ], [ 0.571414595813095, 51.003426968251027 ], [ 0.629003195283158, 51.017817487005765 ], [ 0.636328820191576, 51.012053568503028 ], [ 0.661500164616437, 51.017757054861306 ], [ 0.682207503400301, 51.000509098210813 ], [ 0.708488680913103, 50.99772637727547 ], [ 0.741312983558139, 51.000602068337315 ], [ 0.778557037681845, 50.990854536945704 ], [ 0.782892606669345, 50.977408445242553 ], [ 0.813417847894712, 50.948960782763272 ], [ 0.841276170239177, 50.93221234517376 ], [ 0.83627647325977, 50.926661433162231 ], [ 0.8985322255249, 50.917100776838751 ], [ 0.942099617411553, 50.911887122870887 ], [ 0.970638600300298, 50.910991575227108 ], [ 0.980415576511553, 50.921413093149951 ], [ 0.96649188245632, 50.951082889801761 ], [ 0.964107522646878, 50.968532061122637 ], [ 0.975454398975635, 50.999213199524121 ], [ 0.983047857677245, 51.011682485378962 ], [ 1.004975563307112, 51.03052895624144 ], [ 1.040343818864269, 51.051059834249074 ], [ 1.07720350262691, 51.063870158955041 ], [ 1.100853050275743, 51.068488084566589 ], [ 1.140857133932955, 51.072603346242893 ], [ 1.16925805467223, 51.07354497418104 ], [ 1.200599036777109, 51.084191718115328 ], [ 1.201725737799324, 51.089269110430266 ], [ 1.226203447180423, 51.099519175375079 ], [ 1.267623681580257, 51.101751775023203 ], [ 1.313994189381821, 51.114522357296885 ], [ 1.316672916368646, 51.123142625348294 ], [ 1.328957113435673, 51.123259731791094 ], [ 1.342804729951132, 51.130961771500893 ], [ 1.379629758597874, 51.142204079237786 ], [ 1.394582143159156, 51.156402340436635 ], [ 1.405298663796894, 51.174719736571454 ], [ 1.405011973742273, 51.228356859084663 ], [ 1.399007616934598, 51.247092166878829 ], [ 1.381723935448947, 51.279050920526963 ], [ 1.372957650811353, 51.307327779345627 ], [ 1.361683266905648, 51.319552045133669 ], [ 1.37761872490607, 51.329590688840753 ], [ 1.399275621202759, 51.326058295323712 ], [ 1.424686570806858, 51.331345710178923 ], [ 1.441452011834287, 51.34913434036082 ], [ 1.449500947336026, 51.37748062446726 ], [ 1.437583318659923, 51.3882528050041 ], [ 1.418899567591825, 51.391631285536633 ], [ 1.388612475460903, 51.39280926219638 ], [ 1.377116667751247, 51.387891793877976 ], [ 1.353582517858827, 51.387069014030871 ], [ 1.331734658473039, 51.382656624429799 ], [ 1.290653506686134, 51.382765755155134 ], [ 1.280687075198213, 51.378333223020611 ], [ 1.250226430384402, 51.377017817178718 ], [ 1.199239410537253, 51.379829818401042 ], [ 1.147101185774444, 51.373042891730599 ], [ 1.098948638532212, 51.372619724095784 ], [ 1.095223143203073, 51.368637717512783 ], [ 1.067456933064175, 51.369085633719187 ], [ 1.05971801151736, 51.365828864506611 ], [ 1.032901079305276, 51.365511026019398 ], [ 1.012524737561474, 51.352257400193771 ], [ 0.944330344974904, 51.381053036310114 ], [ 0.938233769278811, 51.389614665195566 ], [ 0.909970859043076, 51.407324515751178 ], [ 0.90091676042186, 51.416879771663297 ], [ 0.883694155941497, 51.421319226597667 ], [ 0.82004471016527, 51.42647016054817 ], [ 0.788264547279363, 51.440206757812078 ], [ 0.772771146139146, 51.440393544583216 ], [ 0.743168304883557, 51.447138000849868 ], [ 0.721919348994323, 51.456549599559267 ], [ 0.700288367864964, 51.4725870592045 ], [ 0.678136782125919, 51.474418207109025 ], [ 0.677851593525177, 51.499876502443144 ], [ 0.614244615558854, 51.499343957905488 ], [ 0.549374690956918, 51.503549492649135 ], [ 0.476832394737911, 51.49592668928269 ], [ 0.458989439163855, 51.486360295451711 ], [ 0.443101721046822, 51.458494976872714 ], [ 0.431070308100619, 51.452457608261547 ], [ 0.40090724171084, 51.448173639024525 ], [ 0.355994521615396, 51.448342985036369 ], [ 0.331934962224816, 51.454221042595833 ], [ 0.321925518424393, 51.466664660376587 ], [ 0.3057642622774, 51.4697970658776 ], [ 0.28572223147427, 51.457963319383737 ], [ 0.272051771382811, 51.459244246687575 ], [ 0.211812348729831, 51.485857234743037 ], [ 0.193176191987879, 51.483766101669225 ], [ 0.179262528582347, 51.489305985626139 ], [ 0.167053360049367, 51.507036791747268 ], [ 0.128086922732526, 51.51581828515031 ], [ 0.110571558304144, 51.511842214881007 ], [ 0.080426086394004, 51.512377012653324 ], [ 0.053281682259435, 51.496856095578963 ], [ 0.021367000766938, 51.496771960421363 ], [ 0.007698564921912, 51.505498143473538 ], [ -0.00450304644923, 51.503151923617878 ], [ -0.000958, 51.488911 ], [ -0.017561929530618, 51.484740027064703 ], [ -0.029907528692039, 51.493977166594867 ], [ -0.045847653723625, 51.490229639045296 ], [ -0.035856318864835, 51.473220951216881 ], [ -0.039965797622043, 51.461448610966521 ], [ -0.073710374406201, 51.425104223114957 ], [ -0.046071936541181, 51.41404257061113 ], [ -0.064362494639249, 51.402046068833258 ], [ -0.044482782490624, 51.389149150167803 ], [ -0.032287577032295, 51.386329419905863 ], [ -0.022809302030724, 51.3663451643569 ], [ -0.005356129845663, 51.352739812446998 ], [ 0.016672744840206, 51.287961135950823 ], [ 0.032922562531155, 51.307542680556601 ], [ 0.044270879383243, 51.298581838664852 ], [ 0.045325344971567, 51.277862665032998 ], [ 0.058248661062948, 51.247784829225154 ], [ 0.052163485278039, 51.235848670935958 ], [ 0.033590474371963, 51.214342737613059 ], [ 0.045189062291065, 51.188609053379345 ], [ 0.052584570211353, 51.180647062456224 ], [ 0.046319933414128, 51.172806582655667 ], [ 0.047448383234077, 51.161539720306635 ], [ 0.05471968590679, 51.150376336901111 ], [ 0.050030802041125, 51.142647127148258 ] ] ] } },
{ "type": "Feature", "properties": { "hcs_county": "Lancaster", "abbr": "Lancs", "hcs_name": "Lancashire", "hcs_code": "LCS", "hcs_number": 50, "county": "Lancashire", "region": "North West England" }, "geometry": { "type": "MultiPolygon", "coordinates": [ [ [ [ -2.883684255507701, 54.197912180965503 ], [ -2.887689283274604, 54.20918162034981 ], [ -2.885071022175444, 54.220428076650272 ], [ -2.875720673721088, 54.222544648416573 ], [ -2.885684036705389, 54.234823245986647 ], [ -2.886467233667983, 54.24611974521337 ], [ -2.895792637282332, 54.25038563202552 ], [ -2.885768586968178, 54.268091424663588 ], [ -2.884082522499025, 54.287168603867009 ], [ -2.905868060909185, 54.303052472160907 ], [ -2.908220626987385, 54.313318663670721 ], [ -2.901627432303207, 54.332978722442334 ], [ -2.923676677596117, 54.337674270801593 ], [ -2.937171060199269, 54.327917388623405 ], [ -2.949947407725821, 54.336678944281523 ], [ -2.940608861802862, 54.352054372831667 ], [ -2.944345608320949, 54.383513214504781 ], [ -2.961905932296983, 54.395149760827181 ], [ -2.971202720040899, 54.419466368358258 ], [ -2.993616245047072, 54.422966443453845 ], [ -3.053341600654778, 54.416674983191903 ], [ -3.075762730141725, 54.419487358148679 ], [ -3.115259545194016, 54.41501288059721 ], [ -3.158823265768548, 54.407286722011698 ], [ -3.170698058140536, 54.399744541676 ], [ -3.172458066243064, 54.389070003280906 ], [ -3.181604284332785, 54.384637618081385 ], [ -3.180968505376367, 54.375390488246715 ], [ -3.195954060279344, 54.355932306158927 ], [ -3.206894624689823, 54.353031927732111 ], [ -3.220032458557681, 54.340944994532201 ], [ -3.218381007625582, 54.336069249258053 ], [ -3.24174835973901, 54.323700199047906 ], [ -3.231300874209895, 54.31500244460323 ], [ -3.237862334066058, 54.290303644998502 ], [ -3.227699322172743, 54.259959768380696 ], [ -3.2140677785166, 54.256502473386298 ], [ -3.2000456328275, 54.237730221282597 ], [ -3.1966311436499, 54.225093216742501 ], [ -3.2039049562357, 54.218310835603098 ], [ -3.2165679668513, 54.189463105651399 ], [ -3.2172507240359, 54.1774362926582 ], [ -3.2283445129265, 54.171385499302403 ], [ -3.2461124939919, 54.1719496149123 ], [ -3.2575586175214, 54.166470936546403 ], [ -3.249509481578, 54.154774022648702 ], [ -3.2369653011942, 54.154581263899601 ], [ -3.2442202916986, 54.1368024095405 ], [ -3.2562432656574, 54.135295718252898 ], [ -3.2766845635237, 54.141024838787999 ], [ -3.2689002988367, 54.108367566775101 ], [ -3.2503436512313, 54.085404964396503 ], [ -3.2105544772955, 54.048142015223902 ], [ -3.1960278641617, 54.0443054232422 ], [ -3.1732920327222, 54.047050000831703 ], [ -3.1786370887818, 54.055255659408502 ], [ -3.1954296889142, 54.048843626750198 ], [ -3.2266987634959, 54.071460793607301 ], [ -3.226396865273, 54.093828748748699 ], [ -3.1944004822767, 54.104178643319798 ], [ -3.1867531145741, 54.090430707608398 ], [ -3.1720839820583, 54.082132805027697 ], [ -3.1314719336491, 54.102267483876098 ], [ -3.11682366424, 54.114784057688603 ], [ -3.1042416441007, 54.120515982235503 ], [ -3.0878141372479, 54.1361496854908 ], [ -3.0836462946461, 54.1471011825858 ], [ -3.0619230166746, 54.161599254844802 ], [ -3.0620953050492, 54.181864001593702 ], [ -3.0497237834362, 54.200565513797201 ], [ -3.0294092119557, 54.193945582743197 ], [ -3.011963919013048, 54.179240624088514 ], [ -3.0026800973375, 54.1599826723766 ], [ -2.9802429564964, 54.152482634773001 ], [ -2.9579511243634, 54.151976341469599 ], [ -2.930350733633415, 54.157203518494391 ], [ -2.929306722823288, 54.167574801628128 ], [ -2.907607038052182, 54.192353541064762 ], [ -2.883684255507701, 54.197912180965503 ] ] ], [ [ [ -2.03821656614753, 53.519092126635009 ], [ -2.047510099898711, 53.519378411801391 ], [ -2.058239601784285, 53.535281416021711 ], [ -2.069278998431363, 53.537231054012402 ], [ -2.062007161280667, 53.54885504876539 ], [ -2.068606089819367, 53.557860650528696 ], [ -2.048568113560508, 53.569950555864487 ], [ -2.060029428365584, 53.578530433949062 ], [ -2.050370393980742, 53.588924092018942 ], [ -2.05591282663063, 53.597173022624105 ], [ -2.007513388020389, 53.613851755081839 ], [ -2.023059463254808, 53.615825511768023 ], [ -2.041164568974235, 53.640815062077458 ], [ -2.037095578037049, 53.662327542580591 ], [ -2.052211218412978, 53.669396504993536 ], [ -2.048939311377051, 53.680219748949497 ], [ -2.053779576057604, 53.687796466734532 ], [ -2.068897754746517, 53.690327200227912 ], [ -2.103723905298026, 53.706882438623005 ], [ -2.09688267482024, 53.716162799569965 ], [ -2.115037151971825, 53.726129317677938 ], [ -2.13896919496229, 53.73221592670663 ], [ -2.141729443078129, 53.745736037828529 ], [ -2.129617758895624, 53.754693338610878 ], [ -2.131363344693142, 53.774518070161321 ], [ -2.136543995747764, 53.779965362701105 ], [ -2.124815334435305, 53.78810089801987 ], [ -2.126073276550903, 53.799567253364827 ], [ -2.085135636316392, 53.818455283356343 ], [ -2.046887, 53.829445 ], [ -2.045973789810206, 53.850092168584617 ], [ -2.075484419230418, 53.862840428530028 ], [ -2.08162276269343, 53.875435443976251 ], [ -2.095674007206908, 53.888111698141294 ], [ -2.105399081433986, 53.890946050241361 ], [ -2.121591879555787, 53.884739752794999 ], [ -2.152986174455242, 53.884781788249903 ], [ -2.176691859509571, 53.891931157132341 ], [ -2.18514208411681, 53.882084818287453 ], [ -2.229130582714001, 53.872419880557594 ], [ -2.238472042431957, 53.886848450897759 ], [ -2.259168062499324, 53.882024045441689 ], [ -2.289104251501493, 53.901175812222711 ], [ -2.308993417689984, 53.900351155424026 ], [ -2.347112724023919, 53.905510245401466 ], [ -2.353284572400828, 53.900497810554249 ], [ -2.386193989855651, 53.893339278328888 ], [ -2.394724586782282, 53.882416431095407 ], [ -2.411417878718751, 53.877507861135363 ], [ -2.419291834817066, 53.867479946088167 ], [ -2.41804699189453, 53.8541061585357 ], [ -2.434939182534823, 53.840048028396318 ], [ -2.451625531883755, 53.847273888925621 ], [ -2.446711853972469, 53.854119329291443 ], [ -2.45987, 53.867615 ], [ -2.487787662918759, 53.882821844417315 ], [ -2.538396274053931, 53.88445549031934 ], [ -2.526934351292268, 53.901713568074875 ], [ -2.526285274165784, 53.929909152158821 ], [ -2.537389454787489, 53.933120085879523 ], [ -2.551606631485263, 53.926367118349447 ], [ -2.614574122174312, 53.920023954245757 ], [ -2.626403039388623, 53.938595612639794 ], [ -2.649761293164201, 53.949953103984107 ], [ -2.64422827861103, 53.957083451020942 ], [ -2.611539393005043, 53.956812245484556 ], [ -2.58888741953362, 53.96023179218551 ], [ -2.575191097085135, 53.972724526602839 ], [ -2.571623943616957, 53.983135226527814 ], [ -2.580669108883697, 54.000009089601583 ], [ -2.572296441883181, 54.014613428631947 ], [ -2.54927686193569, 54.013666017220558 ], [ -2.527353, 54.02623 ], [ -2.502538610463734, 54.020352948256743 ], [ -2.492278248877293, 54.04004033670796 ], [ -2.469501335056175, 54.046190925153894 ], [ -2.46400598118014, 54.061098357295997 ], [ -2.465673108427893, 54.071687033560238 ], [ -2.480748945826444, 54.085367016386634 ], [ -2.520535167755602, 54.095522392261735 ], [ -2.544763437437469, 54.117146805801617 ], [ -2.563365399999621, 54.122757448483632 ], [ -2.560574271547825, 54.153056566219895 ], [ -2.533179946631125, 54.158414519702767 ], [ -2.528766004654529, 54.169456953205867 ], [ -2.511677006601182, 54.178849944498218 ], [ -2.479924585310385, 54.202340289714307 ], [ -2.473255987564104, 54.215744924002387 ], [ -2.463274390028369, 54.222786543130709 ], [ -2.459575545713717, 54.239515459938829 ], [ -2.499629026116965, 54.219489695153811 ], [ -2.520655469779644, 54.215855390506576 ], [ -2.546608445686647, 54.202272022860178 ], [ -2.57589479409682, 54.195646169150208 ], [ -2.625119155008382, 54.195618555631121 ], [ -2.639978109780891, 54.202019857862162 ], [ -2.6532447780935, 54.183099828684043 ], [ -2.67025928201515, 54.176683096222483 ], [ -2.685101416332841, 54.191755552934694 ], [ -2.712186824640381, 54.186089306326238 ], [ -2.710559835553762, 54.178191510684336 ], [ -2.736301, 54.176903 ], [ -2.734374278982501, 54.184107706804127 ], [ -2.753050268618136, 54.187810258144012 ], [ -2.767696311313532, 54.185912077057274 ], [ -2.799506044548948, 54.197678380415766 ], [ -2.816346860193494, 54.189865744986605 ], [ -2.816353613588863, 54.181726013174661 ], [ -2.837357600546892, 54.17400487964138 ], [ -2.8353030668094, 54.162438042298497 ], [ -2.8209374008572, 54.153229432491997 ], [ -2.8288843573008, 54.143507940202902 ], [ -2.800298850482, 54.127779449518698 ], [ -2.8002878817161, 54.115579549088501 ], [ -2.8273732629968, 54.099076334412501 ], [ -2.8214903136188, 54.088965413485099 ], [ -2.8410539024011, 54.079097476416401 ], [ -2.8567136353318, 54.077737368065797 ], [ -2.8873496113718, 54.066002098676201 ], [ -2.9063763360721, 54.039352341958399 ], [ -2.9230103567693, 54.0305974728807 ], [ -2.902295586426, 54.018051746592 ], [ -2.9069829445139, 54.007154366186398 ], [ -2.899350440618, 53.991539716248901 ], [ -2.8806947339946, 53.989616651977798 ], [ -2.8709537521444, 54.004219089496999 ], [ -2.8433952734086, 54.005679221284602 ], [ -2.8705095704433, 53.990307995575698 ], [ -2.8769993113657, 53.979413145994897 ], [ -2.8721211044292, 53.970366268804298 ], [ -2.8597739826305, 53.968237402156802 ], [ -2.8767733298798, 53.946568095938503 ], [ -2.8983666480296, 53.9395248890782 ], [ -2.9195433770898, 53.949749333584201 ], [ -2.9647080691417, 53.940538416561402 ], [ -2.9958995650834, 53.931215795338403 ], [ -3.0447869550076, 53.923186641168598 ], [ -3.0507623096788, 53.918005568836499 ], [ -3.0468605790074, 53.887322637155798 ], [ -3.0481622236099, 53.869971623571601 ], [ -3.0546117178896, 53.8483717672 ], [ -3.0565482247284, 53.7996623512837 ], [ -3.0589800547556, 53.783302454343598 ], [ -3.0549676091423, 53.7619881034569 ], [ -3.0399958092902, 53.7489130276293 ], [ -3.01525030171, 53.739082796571701 ], [ -2.976340360029, 53.734027967196397 ], [ -2.9283445640442, 53.731397617415503 ], [ -2.9398606569139, 53.724116358976303 ], [ -2.9483324081067, 53.7123760462744 ], [ -2.9503439956087, 53.700700618134903 ], [ -2.97712993987, 53.696504864606901 ], [ -2.9897504458597, 53.6826458970353 ], [ -3.0155907334853, 53.672905806548002 ], [ -3.0057397177423, 53.664646731162797 ], [ -3.0305413775727, 53.646856248975503 ], [ -3.0458440768686, 53.631826412916297 ], [ -3.0657483698116, 53.606145522267802 ], [ -3.097597771130121, 53.574174707526879 ], [ -3.104988715308148, 53.547833871341574 ], [ -3.100177987107218, 53.539912192041399 ], [ -3.08462915729509, 53.533222294049651 ], [ -3.077305593577001, 53.521302827972832 ], [ -3.064915031746714, 53.520472732120034 ], [ -3.061116114282663, 53.497939928877592 ], [ -3.040323232856526, 53.474352324930308 ], [ -3.041255432282646, 53.465264892411177 ], [ -3.021271022527386, 53.45423364168856 ], [ -3.007303268691147, 53.433802697285437 ], [ -3.002471763387276, 53.411598549197251 ], [ -2.987472121832974, 53.389285492891723 ], [ -2.969462484564547, 53.375848599163945 ], [ -2.915708769920474, 53.353582404471631 ], [ -2.905008008153968, 53.345773739082411 ], [ -2.878040741079463, 53.334146403222157 ], [ -2.855010579773445, 53.327460779966259 ], [ -2.836424151193705, 53.327016448052241 ], [ -2.819022933119457, 53.332921989863188 ], [ -2.79434266985648, 53.322184061005657 ], [ -2.778807646456466, 53.328022851316277 ], [ -2.769366428261472, 53.345114264658847 ], [ -2.747680135190382, 53.350620737225398 ], [ -2.738785298768922, 53.346151347633359 ], [ -2.713144919172863, 53.353259224993622 ], [ -2.702036175144003, 53.359589058396217 ], [ -2.679493628046816, 53.355433340046929 ], [ -2.667277775091641, 53.360218952289109 ], [ -2.659544191366612, 53.37371411001115 ], [ -2.636822344574974, 53.377966226412433 ], [ -2.623514841680401, 53.374983985604921 ], [ -2.585162660187974, 53.375440811457111 ], [ -2.578773069246331, 53.385432263297332 ], [ -2.546325584800416, 53.395953286074842 ], [ -2.53499745741779, 53.393990425019091 ], [ -2.498535444371612, 53.394213452744616 ], [ -2.471148298913056, 53.397596388363169 ], [ -2.457769571469113, 53.40266596797936 ], [ -2.454185830159248, 53.413785536874407 ], [ -2.434670319803693, 53.422623518270761 ], [ -2.426978863089059, 53.434060275958814 ], [ -2.415334574805537, 53.432884060663802 ], [ -2.4044374746941, 53.440008446104081 ], [ -2.373865151720698, 53.436956409257263 ], [ -2.357340821106043, 53.431397888162671 ], [ -2.349280835253232, 53.439393656169301 ], [ -2.323242402148714, 53.432535729698749 ], [ -2.302403982269932, 53.438368915386661 ], [ -2.284103863447982, 53.42538222392465 ], [ -2.265279499446787, 53.420101199434292 ], [ -2.250279518530754, 53.421041500877905 ], [ -2.253755724645052, 53.409462196677325 ], [ -2.249490709862524, 53.399642499515977 ], [ -2.217329392058055, 53.401407169132732 ], [ -2.205624152351536, 53.404987558146253 ], [ -2.163060347045145, 53.409484386988673 ], [ -2.142742590744859, 53.426799421302917 ], [ -2.139141820490651, 53.43980902115122 ], [ -2.09294846858642, 53.437299628444379 ], [ -2.095652821829479, 53.4606651817234 ], [ -2.108212343748166, 53.471127555435423 ], [ -2.100713989757525, 53.481585652982275 ], [ -2.065069923843396, 53.480376065178447 ], [ -2.048369061431301, 53.486546628151885 ], [ -2.03829755099134, 53.497460133560963 ], [ -2.043152441343973, 53.507092095297303 ], [ -2.03821656614753, 53.519092126635009 ] ] ] ] } },
{ "type": "Feature", "properties": { "hcs_county": "Leicester", "abbr": "Leics", "hcs_name": "Leicestershire", "hcs_code": "LCR", "hcs_number": 51, "county": "Leicestershire", "region": "East Midlands" }, "geometry": { "type": "Polygon", "coordinates": [ [ [ -0.713709077995064, 52.524941979948721 ], [ -0.728536622649563, 52.535832469237775 ], [ -0.742259012100538, 52.539460172748697 ], [ -0.7389436043305, 52.547579736504517 ], [ -0.752821797877601, 52.563347125272557 ], [ -0.759903173915205, 52.564898799943336 ], [ -0.763444057338128, 52.578872132991698 ], [ -0.785982309844949, 52.595750258483854 ], [ -0.820654694335091, 52.597362668597349 ], [ -0.818820444864137, 52.61075177533619 ], [ -0.809485400856939, 52.615663106475466 ], [ -0.810963996393261, 52.625897614589825 ], [ -0.804519855483913, 52.632268956683077 ], [ -0.809709139958887, 52.644424691630256 ], [ -0.790100084311117, 52.667145663598077 ], [ -0.782253491008506, 52.66897190194117 ], [ -0.785481684137738, 52.693060001864801 ], [ -0.795845819489009, 52.696909918346201 ], [ -0.8002748942749, 52.707787159887999 ], [ -0.821471414041533, 52.715616747890294 ], [ -0.813497467336791, 52.729095967740029 ], [ -0.791957279241428, 52.740164184295701 ], [ -0.774852587256652, 52.744038374390634 ], [ -0.75328171763892, 52.736606944110392 ], [ -0.720256730253481, 52.740957360138843 ], [ -0.684424805008829, 52.753083253066279 ], [ -0.664083218627929, 52.756665734407839 ], [ -0.683223624405985, 52.795497900955191 ], [ -0.680565741797509, 52.807159063849674 ], [ -0.697756326172197, 52.825474728890278 ], [ -0.709172442934053, 52.844765991344055 ], [ -0.731713744120027, 52.864614482754895 ], [ -0.742639856781921, 52.883202069219649 ], [ -0.775496348426379, 52.890064246521575 ], [ -0.776893134678626, 52.904800704879037 ], [ -0.764231126270747, 52.924350010410173 ], [ -0.767405412231533, 52.9273055905402 ], [ -0.754985171818144, 52.94960319234022 ], [ -0.778487522391979, 52.959266915292368 ], [ -0.77829998965109, 52.976931206346492 ], [ -0.796215264836102, 52.97670688314313 ], [ -0.832911932165717, 52.949592469324138 ], [ -0.841329540076782, 52.928366807983735 ], [ -0.86369480614052, 52.911352261127973 ], [ -0.860214999408852, 52.90402162381379 ], [ -0.886906491691788, 52.891959437097498 ], [ -0.939385641777987, 52.874498155498806 ], [ -0.928078777955073, 52.866070981704453 ], [ -0.960846568615934, 52.843380428186109 ], [ -0.977179783422027, 52.840685829192694 ], [ -0.977811939855971, 52.825070764651372 ], [ -0.99646914932172, 52.821047378655237 ], [ -1.037471078406432, 52.820359702588149 ], [ -1.036969285089174, 52.810430663345429 ], [ -1.044910054644386, 52.790282459892929 ], [ -1.052608470801949, 52.793626615906277 ], [ -1.051451244128766, 52.804614213631389 ], [ -1.072268997514346, 52.813652967360973 ], [ -1.074459036497229, 52.824763731216272 ], [ -1.091201299981107, 52.820244014415231 ], [ -1.117164964396964, 52.819516233726837 ], [ -1.130760356789898, 52.805827659035899 ], [ -1.16235030731255, 52.806416822351295 ], [ -1.201028227972599, 52.793909828535703 ], [ -1.229121463856729, 52.793212394346341 ], [ -1.241627304542946, 52.805288612511731 ], [ -1.259888614828421, 52.807038904627319 ], [ -1.270955562293179, 52.82380180418383 ], [ -1.274218278602378, 52.836266979470992 ], [ -1.266561352535798, 52.859688705888779 ], [ -1.267911408100031, 52.873339758454755 ], [ -1.289232638054331, 52.872415395693537 ], [ -1.307118228404124, 52.876019151871674 ], [ -1.314510253919858, 52.869607434742086 ], [ -1.331454777053308, 52.867408145681701 ], [ -1.381053590694752, 52.846353412676045 ], [ -1.387465587834716, 52.834209987936205 ], [ -1.41778301557495, 52.8015783083126 ], [ -1.441346098402056, 52.802052927808717 ], [ -1.441873211228527, 52.793583650487655 ], [ -1.462503580190072, 52.787000537820553 ], [ -1.470611338486345, 52.780553745772345 ], [ -1.462417385780311, 52.772450013915488 ], [ -1.492456873354569, 52.759397310141885 ], [ -1.504927387649448, 52.767575993543431 ], [ -1.52725272866339, 52.765266282608025 ], [ -1.538479451364023, 52.768712972470219 ], [ -1.55378177265226, 52.763292131340108 ], [ -1.562041566187974, 52.750804593445302 ], [ -1.595289713515174, 52.740043667931829 ], [ -1.609881896384924, 52.727405569319806 ], [ -1.616920159197497, 52.708713821304585 ], [ -1.587060651014468, 52.694301114806208 ], [ -1.589520324827706, 52.687285207796577 ], [ -1.57939368928572, 52.679669734369256 ], [ -1.553332689741067, 52.668756448194976 ], [ -1.54237372270289, 52.653653269007137 ], [ -1.547078210428867, 52.642289921338758 ], [ -1.559139358634819, 52.63728354925437 ], [ -1.566869628873679, 52.620617646938598 ], [ -1.55421940350021, 52.613493346483757 ], [ -1.560228480847671, 52.596782268892113 ], [ -1.527121600802196, 52.582689100480437 ], [ -1.518630609267842, 52.569032267611121 ], [ -1.464371838139577, 52.553041413945557 ], [ -1.309636371495422, 52.496203300876402 ], [ -1.288997746378702, 52.481612553278062 ], [ -1.255765262231036, 52.45346639705771 ], [ -1.237890923682116, 52.436026857505091 ], [ -1.202665981818337, 52.396685399483765 ], [ -1.183735456666784, 52.392225939422239 ], [ -1.165273526105056, 52.398959145536857 ], [ -1.142189482876645, 52.399708929486252 ], [ -1.134221009972669, 52.412466406889052 ], [ -1.11764677005987, 52.420850606350854 ], [ -1.094420903222478, 52.426961178045275 ], [ -1.084677999136121, 52.436047595856827 ], [ -1.069376056936158, 52.433567339673665 ], [ -1.059194290174637, 52.423193567919434 ], [ -1.039151122407978, 52.430833977423632 ], [ -1.033777928188148, 52.439824647323199 ], [ -1.044555829909502, 52.445723231741347 ], [ -1.027739080092807, 52.458498393785774 ], [ -0.9911936145866, 52.469572496831375 ], [ -0.950692987230537, 52.477181351177208 ], [ -0.940498283165847, 52.472115278229822 ], [ -0.905793444336232, 52.479730243200109 ], [ -0.895561991322443, 52.492124400999053 ], [ -0.882190662540444, 52.493099771264447 ], [ -0.880426749450638, 52.516191398000892 ], [ -0.861346593701123, 52.526800196799151 ], [ -0.845554110218099, 52.519385101441159 ], [ -0.788359912966228, 52.514735535182588 ], [ -0.779064140356237, 52.518110889267184 ], [ -0.758432537359139, 52.511266215492029 ], [ -0.726963466754689, 52.522682060725558 ], [ -0.713709077995064, 52.524941979948721 ] ] ] } },
{ "type": "Feature", "properties": { "hcs_county": "Lincoln", "abbr": "Lincs", "hcs_name": "Lincolnshire", "hcs_code": "LNC", "hcs_number": 52, "county": "Lincolnshire", "region": "East Midlands" }, "geometry": { "type": "Polygon", "coordinates": [ [ [ -0.9437246150664, 53.508599096259502 ], [ -0.903357894798888, 53.477275374663762 ], [ -0.920654714360224, 53.464877818504256 ], [ -0.916245622988566, 53.460279910184688 ], [ -0.886085236244798, 53.462146553143285 ], [ -0.871979208630255, 53.466312846504572 ], [ -0.817924954232717, 53.459470775907214 ], [ -0.797495685190383, 53.455054180842502 ], [ -0.809034748661962, 53.44388144225988 ], [ -0.820571511405603, 53.440672762357735 ], [ -0.817314778172509, 53.425836489681807 ], [ -0.795565510315659, 53.414611965500292 ], [ -0.777273128693621, 53.397113332742862 ], [ -0.784953374788205, 53.375129523478037 ], [ -0.802132036279254, 53.371728422525038 ], [ -0.787934584500669, 53.356618341683571 ], [ -0.773069271885338, 53.36366844502038 ], [ -0.760564744156031, 53.354763685185915 ], [ -0.764819474323707, 53.346513469241934 ], [ -0.756791018383723, 53.340576485352983 ], [ -0.766491435992391, 53.330076566073693 ], [ -0.753845325916535, 53.319379051324439 ], [ -0.747214155843366, 53.30441898781676 ], [ -0.750516081974205, 53.294077314083474 ], [ -0.772613937702381, 53.277492308698363 ], [ -0.764407189471889, 53.27182581206258 ], [ -0.772136426538348, 53.262545592800357 ], [ -0.77703677240299, 53.246903559806434 ], [ -0.735140972185485, 53.243879927851417 ], [ -0.734216632599672, 53.253973889713379 ], [ -0.713270902302154, 53.258095446152915 ], [ -0.688012129723654, 53.25841549330999 ], [ -0.648437217915488, 53.253175563089869 ], [ -0.648676426985603, 53.243359824696356 ], [ -0.665687547392157, 53.240668774038326 ], [ -0.675824232410719, 53.217612152605241 ], [ -0.697711999620122, 53.220051532050945 ], [ -0.714786244222899, 53.207566438208744 ], [ -0.73057769260281, 53.210718753135026 ], [ -0.753765818141644, 53.188176462566169 ], [ -0.764115817729299, 53.181556368490305 ], [ -0.718208765551161, 53.177258897269091 ], [ -0.716041208795676, 53.170389583962198 ], [ -0.723173378322831, 53.155107603439014 ], [ -0.715391757170609, 53.136815552281043 ], [ -0.732413383850909, 53.127779373395761 ], [ -0.716822612066312, 53.11943878885323 ], [ -0.721344498678612, 53.104232751723188 ], [ -0.729687432265177, 53.097883513664499 ], [ -0.710375289200331, 53.079405735917874 ], [ -0.698994629276265, 53.075468613433216 ], [ -0.700604449660045, 53.063796861432586 ], [ -0.730997524520849, 53.054363516780917 ], [ -0.749582381360332, 53.055086280138795 ], [ -0.761125928717809, 53.029237408087774 ], [ -0.788432516225206, 53.025816622059928 ], [ -0.795801571183808, 53.010583673866535 ], [ -0.804102832056735, 53.006368243930702 ], [ -0.777559760426147, 52.983784661941634 ], [ -0.77829998965109, 52.976931206346492 ], [ -0.778487522391979, 52.959266915292368 ], [ -0.754985171818144, 52.94960319234022 ], [ -0.767405412231533, 52.9273055905402 ], [ -0.764231126270747, 52.924350010410173 ], [ -0.776893134678626, 52.904800704879037 ], [ -0.775496348426379, 52.890064246521575 ], [ -0.742639856781921, 52.883202069219649 ], [ -0.731713744120027, 52.864614482754895 ], [ -0.709172442934053, 52.844765991344055 ], [ -0.697756326172197, 52.825474728890278 ], [ -0.680565741797509, 52.807159063849674 ], [ -0.683223624405985, 52.795497900955191 ], [ -0.664083218627929, 52.756665734407839 ], [ -0.608598560974699, 52.759673921908913 ], [ -0.605463579281613, 52.750526206161297 ], [ -0.589534052903014, 52.753803864716275 ], [ -0.5400086288435, 52.738379767394598 ], [ -0.542474189621151, 52.72328073090393 ], [ -0.510689660497539, 52.718921354661092 ], [ -0.493205106718763, 52.710256241762245 ], [ -0.456230829018241, 52.709720625596731 ], [ -0.430441084203461, 52.705362332273602 ], [ -0.434036225404733, 52.683721083171093 ], [ -0.456299846812704, 52.670334945129262 ], [ -0.508229362278891, 52.660151403682967 ], [ -0.519048708846983, 52.666505686738638 ], [ -0.529360704830419, 52.657065413267432 ], [ -0.494962010025056, 52.64857106055711 ], [ -0.501634237901593, 52.640172675808259 ], [ -0.483138992337238, 52.648847922985254 ], [ -0.451755046955076, 52.654956538635709 ], [ -0.420658154243985, 52.646855940169623 ], [ -0.395613134984402, 52.653370002698239 ], [ -0.346538726379573, 52.663127496386551 ], [ -0.336223304055512, 52.674144460921255 ], [ -0.319049527766156, 52.674998257748179 ], [ -0.289108215556172, 52.670242363819035 ], [ -0.278795158479714, 52.665871707197695 ], [ -0.260921388550181, 52.651421718301968 ], [ -0.217902698043649, 52.667118613420094 ], [ -0.206085854556143, 52.66806960296411 ], [ -0.192884356092468, 52.6524400277696 ], [ -0.180006347071602, 52.66060323792356 ], [ -0.140964794180037, 52.651523723132989 ], [ -0.139490431947145, 52.654898939106737 ], [ -0.101519765204547, 52.671925938573146 ], [ -0.090561025825091, 52.666680997414879 ], [ -0.058027755865001, 52.674130790305689 ], [ -0.032148231526798, 52.66547434250203 ], [ -0.0245122266326, 52.630211384438745 ], [ -0.009276281680729, 52.633736224286586 ], [ -0.014968634240189, 52.657771344793986 ], [ 0.014744581259573, 52.6647927664633 ], [ 0.049500744442, 52.679987131037549 ], [ 0.04473063753269, 52.692120996333628 ], [ 0.048216950719934, 52.718836966736589 ], [ 0.063230808432188, 52.727200661173519 ], [ 0.090034352110067, 52.72400393209842 ], [ 0.098904, 52.730376 ], [ 0.113520921097718, 52.729974967036753 ], [ 0.132170598500609, 52.734796360730122 ], [ 0.132232086075975, 52.743853435997622 ], [ 0.158366753661108, 52.738248479915903 ], [ 0.188556327288186, 52.736396401199102 ], [ 0.184240075793515, 52.740835115500772 ], [ 0.214807206727382, 52.765649188107048 ], [ 0.239748526952186, 52.778376658736278 ], [ 0.250732149764304, 52.790785965752058 ], [ 0.258401839387634, 52.788996476893011 ], [ 0.279396675364599, 52.803203366751283 ], [ 0.265844978083529, 52.810091734794185 ], [ 0.2178589262729, 52.817031095820802 ], [ 0.215222090289, 52.824343469039597 ], [ 0.1969591005118, 52.840168147207699 ], [ 0.1959673616602, 52.849225266725902 ], [ 0.1763707824807, 52.8638879884587 ], [ 0.1699667497687, 52.875701459864501 ], [ 0.1231867478288, 52.889764895888199 ], [ 0.0948838796038, 52.890171928647803 ], [ 0.0423899083849, 52.905167964922803 ], [ 0.0464585704457, 52.9179220572845 ], [ 0.0609411545599, 52.922301178399799 ], [ 0.0756099494997, 52.937196287415297 ], [ 0.0867353560864, 52.953841706011701 ], [ 0.1049613684909, 52.973685892076801 ], [ 0.1116921005559, 52.976540784145598 ], [ 0.14920493962, 53.007393343377302 ], [ 0.1693837298244, 53.016388837284403 ], [ 0.1795865995525, 53.024827102951299 ], [ 0.2194935595291, 53.041192926671599 ], [ 0.261902260083, 53.062601013797597 ], [ 0.2686383506823, 53.068851379647903 ], [ 0.3015868558245, 53.088799100192098 ], [ 0.3295012817038, 53.091049362702599 ], [ 0.3402138498913, 53.097711678807798 ], [ 0.3422608200173, 53.119956728196797 ], [ 0.3504133662739, 53.139353734985299 ], [ 0.3493057250171, 53.154174331285297 ], [ 0.3555447781617, 53.192101549782997 ], [ 0.3402427893056, 53.221008583532502 ], [ 0.3401214758298, 53.233288535104201 ], [ 0.3182273468369, 53.273490430610003 ], [ 0.2881781446457, 53.3069886570864 ], [ 0.2737274056378, 53.332521888738903 ], [ 0.2377936775243, 53.380237171418798 ], [ 0.2290023022785, 53.405557902471003 ], [ 0.2151136578362, 53.413034345194397 ], [ 0.2043683493729, 53.429925873239597 ], [ 0.1870244546139, 53.439148765315998 ], [ 0.1834051021655, 53.459450852046899 ], [ 0.1538304191847, 53.4904700838255 ], [ 0.1440397715394, 53.482086289324599 ], [ 0.1284322934772, 53.484691711159499 ], [ 0.1339124486301, 53.497050685571999 ], [ 0.1176129771868, 53.495265122869 ], [ 0.1097363162318, 53.489433475768102 ], [ 0.0896948697723, 53.494064322873299 ], [ 0.078732602609, 53.511060002393002 ], [ 0.0698590200706, 53.5175658487777 ], [ 0.0380015685074, 53.513724416749902 ], [ 0.0203077298644, 53.522218377415697 ], [ 0.0101038019732, 53.533913515118101 ], [ -0.0261935029619, 53.5598086163278 ], [ -0.033992187365, 53.567437512443703 ], [ -0.0612606453611, 53.582197782052603 ], [ -0.0930035553237, 53.581009102904602 ], [ -0.1109153360035, 53.589654230255398 ], [ -0.1527908726931, 53.615372318739396 ], [ -0.2018662830415, 53.637133784871899 ], [ -0.2250375232842, 53.654215458061898 ], [ -0.2524424200155, 53.677525037807598 ], [ -0.275454708011, 53.704969076245803 ], [ -0.2999109730076, 53.714351270837597 ], [ -0.3322243267091, 53.7113347114826 ], [ -0.4000343094116, 53.699187182041598 ], [ -0.4388073862922, 53.697422389654797 ], [ -0.440489892169647, 53.706370910491628 ], [ -0.472842066925378, 53.70775167317943 ], [ -0.519524670223596, 53.694494747568918 ], [ -0.540414764538184, 53.694197991088934 ], [ -0.560855672408917, 53.699900531593897 ], [ -0.601891798179164, 53.721456000239471 ], [ -0.633649870338885, 53.722402253192485 ], [ -0.658443433952134, 53.716603198397792 ], [ -0.689268274988457, 53.700990024672848 ], [ -0.692321894036412, 53.686587881103357 ], [ -0.709131383574816, 53.678644351286259 ], [ -0.723586695604888, 53.678050279457239 ], [ -0.718781480810626, 53.660539041406246 ], [ -0.752382497136097, 53.648210528467814 ], [ -0.751966392243115, 53.633498455354861 ], [ -0.774909808791942, 53.648672731251288 ], [ -0.784508510559877, 53.636353565075837 ], [ -0.808973346582019, 53.629086205169841 ], [ -0.822563104577756, 53.637009621202822 ], [ -0.837413971875608, 53.628935761247462 ], [ -0.841635580982821, 53.612599069594445 ], [ -0.858961247684934, 53.605491032930161 ], [ -0.8724787055118, 53.578757306078103 ], [ -0.887624575984945, 53.586305533064014 ], [ -0.897262882116941, 53.576000672339831 ], [ -0.893050540824654, 53.565559798025717 ], [ -0.894290643613097, 53.547852362551225 ], [ -0.877308937719115, 53.532199813097066 ], [ -0.890778016249571, 53.527665833129753 ], [ -0.92430929030607, 53.531269620439907 ], [ -0.940264814355046, 53.520370032450138 ], [ -0.958755004034554, 53.520258503381314 ], [ -0.9437246150664, 53.508599096259502 ] ] ] } },
{ "type": "Feature", "properties": { "hcs_county": "Merioneth", "abbr": "Merion", "hcs_name": "Merionethshire", "hcs_code": "MRN", "hcs_number": 54, "county": "Merionethshire", "region": "Wales" }, "geometry": { "type": "Polygon", "coordinates": [ [ [ -3.926928537555985, 52.560753930167522 ], [ -3.92309041329528, 52.579335947239187 ], [ -3.891979937836682, 52.57570631041844 ], [ -3.861342347403578, 52.599046926309931 ], [ -3.842162774589883, 52.600977719431739 ], [ -3.849897563636624, 52.619427880308081 ], [ -3.846184335337209, 52.628877676087967 ], [ -3.834732705835622, 52.63272257322933 ], [ -3.84406677726049, 52.641399765104353 ], [ -3.836526182931846, 52.65637874266293 ], [ -3.817934718752283, 52.672784621097144 ], [ -3.803561551892684, 52.678461096439435 ], [ -3.788172690725947, 52.670975413415995 ], [ -3.715029096725543, 52.679116045394281 ], [ -3.701002356288276, 52.683930152421823 ], [ -3.685040719849146, 52.679519157047906 ], [ -3.665976984561134, 52.69173954966972 ], [ -3.64286643887839, 52.696220046155922 ], [ -3.619688424899438, 52.697422772266982 ], [ -3.604547330136798, 52.708783339861888 ], [ -3.599230936778382, 52.725986229449141 ], [ -3.591007177626515, 52.734362705883278 ], [ -3.589405677997205, 52.748765058998885 ], [ -3.595105547322289, 52.756173369156372 ], [ -3.590278905775559, 52.765908586075554 ], [ -3.608001852780877, 52.79635765009094 ], [ -3.596930715868708, 52.805087736148877 ], [ -3.597073885686114, 52.814044372392779 ], [ -3.586446851851863, 52.827704549200277 ], [ -3.566627480207815, 52.830028545371469 ], [ -3.531969712418009, 52.837969476394612 ], [ -3.517303656947443, 52.835042519025137 ], [ -3.5030537105576, 52.839127700714215 ], [ -3.490522551640696, 52.849126243631325 ], [ -3.483009186216412, 52.865439109339079 ], [ -3.452703440520971, 52.860586357439814 ], [ -3.433924296077282, 52.862599192183573 ], [ -3.415814163599871, 52.872336195848327 ], [ -3.388823791081848, 52.876070124734895 ], [ -3.382039335683782, 52.880038505083277 ], [ -3.372938895304485, 52.901452011024894 ], [ -3.35516827523364, 52.911120190348853 ], [ -3.355069582392864, 52.921315777315208 ], [ -3.32434490330897, 52.931820456683546 ], [ -3.314380193267909, 52.946801437368464 ], [ -3.297446568478243, 52.943000602400083 ], [ -3.250977514188613, 52.945744991844606 ], [ -3.237263880724197, 52.949414474502298 ], [ -3.245179094789497, 52.959294345128022 ], [ -3.2165078201451, 52.970211982972003 ], [ -3.245555744992815, 52.981118964606388 ], [ -3.259060380394073, 52.976462306759103 ], [ -3.278116638208465, 52.976933310496818 ], [ -3.284819721131198, 52.988721782030339 ], [ -3.302436626694809, 53.007750124843128 ], [ -3.3241422390737, 53.000935462577075 ], [ -3.341613561873265, 53.01798116168807 ], [ -3.3627858814787, 53.027115041129633 ], [ -3.360541877244678, 53.044395303508317 ], [ -3.436089147825002, 53.032026678440864 ], [ -3.428897954672241, 53.042714718412974 ], [ -3.436519692454926, 53.05112306129493 ], [ -3.447967757135771, 53.045243703453828 ], [ -3.51152879847101, 53.04294286320652 ], [ -3.511296617138725, 53.032135686259082 ], [ -3.496692124686848, 53.027590518446289 ], [ -3.476281993006538, 53.026361148923598 ], [ -3.467572414596038, 53.010430307674575 ], [ -3.452275892289323, 53.009715783683745 ], [ -3.448108853779928, 53.003232569382455 ], [ -3.457593532465838, 52.994930898521837 ], [ -3.454646230830068, 52.987898999954083 ], [ -3.48306046674355, 52.969502741322309 ], [ -3.500866551990748, 52.967511954896679 ], [ -3.533931408032918, 52.973684738593832 ], [ -3.544199682844059, 52.968322231749767 ], [ -3.590544571047234, 52.970787448379184 ], [ -3.602310158294429, 52.993048536477296 ], [ -3.610478170126059, 52.995842155478336 ], [ -3.599574604548917, 53.009923143770074 ], [ -3.606819569236231, 53.012043336176589 ], [ -3.635094086898189, 53.007700672360755 ], [ -3.659529913842534, 52.996911083456475 ], [ -3.672970132913008, 52.997041766214856 ], [ -3.683005909708376, 52.986784095629595 ], [ -3.70938997135151, 52.986471644218767 ], [ -3.748915603136667, 52.974806428687103 ], [ -3.767269521558899, 52.960403253492828 ], [ -3.813203675265333, 52.949550036097271 ], [ -3.82870668316712, 52.953815480824517 ], [ -3.833736360482737, 52.962041025375754 ], [ -3.849846695819445, 52.973087162942839 ], [ -3.847266710565301, 52.982677438962035 ], [ -3.873867449946868, 52.986668415546617 ], [ -3.889323331223317, 52.994334478189622 ], [ -3.88994886074957, 53.009207380302911 ], [ -3.898922974097304, 53.015376499389625 ], [ -3.928498612861814, 53.019453406223576 ], [ -3.950505986177084, 53.018825380476258 ], [ -3.969030802826665, 53.008693617436222 ], [ -3.981472969041138, 53.009506796622432 ], [ -3.994230594573378, 53.016881372169713 ], [ -3.990025191405361, 53.026571503552802 ], [ -4.018041195382562, 53.0297100516648 ], [ -4.032534659042431, 53.025587166281078 ], [ -4.046247658499547, 53.015905760400621 ], [ -4.072202831375598, 53.011299544498144 ], [ -4.067676650465309, 53.021769703972105 ], [ -4.091588750729146, 53.018468543019843 ], [ -4.100913579961224, 53.011862326379159 ], [ -4.100167185466311, 53.002041028344422 ], [ -4.089842268660998, 52.985622730013645 ], [ -4.100790165684232, 52.958665489902145 ], [ -4.097437428074888, 52.944993842879981 ], [ -4.089421647038114, 52.93863203527934 ], [ -4.106965800407323, 52.923386733909126 ], [ -4.120696617540461, 52.922625342233438 ], [ -4.108696138825049, 52.918589992576877 ], [ -4.102678606244891, 52.909117516017787 ], [ -4.083611065792474, 52.920158920971147 ], [ -4.074010986692908, 52.914863956034793 ], [ -4.086570135043591, 52.901911041679313 ], [ -4.115735536576337, 52.895246937948883 ], [ -4.139625518771185, 52.899849369934863 ], [ -4.150279756457112, 52.891609964142148 ], [ -4.126458934523941, 52.861340920593207 ], [ -4.119641392227938, 52.844821066362741 ], [ -4.127027391549176, 52.834388436105677 ], [ -4.119724233527491, 52.825547790212646 ], [ -4.136932607886741, 52.823632747458163 ], [ -4.152288319806088, 52.813203381265765 ], [ -4.133159194091226, 52.790663383577922 ], [ -4.08141078202393, 52.74773839634387 ], [ -4.059656339448081, 52.72028342202811 ], [ -4.049795510337834, 52.715387855566846 ], [ -4.058759226837297, 52.707918424129346 ], [ -4.057524042274901, 52.687087608716915 ], [ -4.082339997562774, 52.672498117453138 ], [ -4.094780240528094, 52.668528809631525 ], [ -4.117206424546433, 52.639185398634865 ], [ -4.12843919438683, 52.613503616387533 ], [ -4.08880603164506, 52.569125356605753 ], [ -4.070105907165146, 52.543189924972481 ], [ -4.050721485200139, 52.539647427977158 ], [ -4.028880006980289, 52.545735030334228 ], [ -3.998110953649537, 52.541669028451032 ], [ -3.985513497253384, 52.553404983882572 ], [ -3.967291098060456, 52.553651954570533 ], [ -3.959875376933865, 52.559752621581424 ], [ -3.926928537555985, 52.560753930167522 ] ] ] } },
{ "type": "Feature", "properties": { "hcs_county": "Middlesex", "abbr": "Mdx", "hcs_name": "Middlesex", "hcs_code": "MSX", "hcs_number": 55, "county": "Middlesex", "region": "London" }, "geometry": { "type": "Polygon", "coordinates": [ [ [ -0.522800616694982, 51.434985688772485 ], [ -0.511401623018369, 51.430789456644931 ], [ -0.512394894081067, 51.419992026756127 ], [ -0.49426092498801, 51.412782231202137 ], [ -0.491924905628187, 51.399541847263087 ], [ -0.470401100797934, 51.382045917048927 ], [ -0.444224132885593, 51.387168294528323 ], [ -0.435774228603687, 51.383915014772981 ], [ -0.408638516046908, 51.405073657304072 ], [ -0.393273246417209, 51.409084811638714 ], [ -0.377702705280959, 51.407969805198711 ], [ -0.360731079711938, 51.412055132201473 ], [ -0.339034498045243, 51.401919471407702 ], [ -0.331257076261426, 51.39305625066288 ], [ -0.318350870797683, 51.393275707680992 ], [ -0.308837645085641, 51.401609049948199 ], [ -0.306085463579526, 51.421826792274643 ], [ -0.327840870282073, 51.433760418639984 ], [ -0.328567735927636, 51.443614635704222 ], [ -0.305671902452013, 51.449208218003612 ], [ -0.30533571476388, 51.45618927628994 ], [ -0.319906332788141, 51.464064382796828 ], [ -0.296655159803448, 51.485834340027033 ], [ -0.284967002369043, 51.486713664218946 ], [ -0.271796057390861, 51.474519486465638 ], [ -0.253720315901682, 51.472734501217651 ], [ -0.242082098510661, 51.488699846299731 ], [ -0.229408093913724, 51.487655222757603 ], [ -0.223965432883286, 51.474400138399631 ], [ -0.211212218188331, 51.46609207686349 ], [ -0.188447231710571, 51.464827924619989 ], [ -0.176516350695525, 51.478838463454544 ], [ -0.168309118877536, 51.482238606184303 ], [ -0.134244600880149, 51.48443932491115 ], [ -0.12414070189331, 51.490804779592509 ], [ -0.12097139591473, 51.505721900445216 ], [ -0.111733789070401, 51.509750888332754 ], [ -0.083395539054007, 51.507476965773037 ], [ -0.057599775676672, 51.502010983922098 ], [ -0.040548042387763, 51.508596381267601 ], [ -0.031580959099355, 51.506438499199824 ], [ -0.029907528692039, 51.493977166594867 ], [ -0.017561929530618, 51.484740027064703 ], [ -0.000958, 51.488911 ], [ -0.00450304644923, 51.503151923617878 ], [ 0.007698564921912, 51.505498143473538 ], [ 0.007758910024766, 51.513017242032731 ], [ -0.008877730510635, 51.519813026306537 ], [ -0.017183361536852, 51.532834767998146 ], [ -0.018508400067075, 51.55517044338152 ], [ -0.030558324321433, 51.561832144301754 ], [ -0.045103984520399, 51.561758095563256 ], [ -0.056589360779707, 51.57084882879284 ], [ -0.060967722596419, 51.580442688161327 ], [ -0.047463155876409, 51.597149580941135 ], [ -0.032903591890011, 51.604978567578634 ], [ -0.038779244653314, 51.613490617897618 ], [ -0.023729935499229, 51.625562626020169 ], [ -0.027097275938304, 51.636376064052158 ], [ -0.012271362055088, 51.64959978055208 ], [ -0.017757762696669, 51.669206245007118 ], [ -0.0114553680093, 51.681177334501633 ], [ -0.105654346544398, 51.687920742672169 ], [ -0.116378806773626, 51.692579755089355 ], [ -0.145603763408578, 51.691596777261296 ], [ -0.158515382273855, 51.698863949668507 ], [ -0.184048406256182, 51.706677333811172 ], [ -0.21434707164392, 51.711052248753184 ], [ -0.235168498226327, 51.710047469437754 ], [ -0.244934010105244, 51.701538636617776 ], [ -0.241477700033252, 51.685473370135298 ], [ -0.228265952041921, 51.658934519618306 ], [ -0.221551819777755, 51.652480836024353 ], [ -0.192475239200076, 51.65533674280622 ], [ -0.154297094644179, 51.65442158587441 ], [ -0.143401833264122, 51.638927369058351 ], [ -0.128424499601743, 51.632156363560838 ], [ -0.141478129333108, 51.617329482170746 ], [ -0.154580555822981, 51.624189258212532 ], [ -0.169454460715897, 51.639185301791699 ], [ -0.190955659743281, 51.618124574448302 ], [ -0.205587933747678, 51.625572661654083 ], [ -0.216107933399822, 51.622970625897139 ], [ -0.233339901597682, 51.625902860657192 ], [ -0.228414803939798, 51.636888721577577 ], [ -0.264456853325717, 51.645173874652031 ], [ -0.289696215389891, 51.641691950996162 ], [ -0.305864690348441, 51.643871690335651 ], [ -0.365934340598686, 51.621167370473188 ], [ -0.401427907045104, 51.613176303425618 ], [ -0.438265162727747, 51.619899366081597 ], [ -0.457131859594192, 51.612295743580937 ], [ -0.488421856469885, 51.627102584976768 ], [ -0.495373899864935, 51.619017465081384 ], [ -0.500571749238835, 51.59968129438024 ], [ -0.477204672549392, 51.555710246710767 ], [ -0.495466107063092, 51.538618825880839 ], [ -0.489053292574006, 51.529250909878456 ], [ -0.492392643119462, 51.517136940188855 ], [ -0.483226074104676, 51.507083782697904 ], [ -0.491398701584325, 51.493106266929665 ], [ -0.504158014120756, 51.481114093956691 ], [ -0.52317089195568, 51.482438577414477 ], [ -0.523711444172042, 51.472431581194506 ], [ -0.534263, 51.455311620684391 ], [ -0.522800616694982, 51.434985688772485 ] ] ] } },
{ "type": "Feature", "properties": { "hcs_county": "Monmouth", "abbr": "Mon", "hcs_name": "Monmouthshire", "hcs_code": "MNM", "hcs_number": 57, "county": "Monmouthshire", "region": "Wales" }, "geometry": { "type": "Polygon", "coordinates": [ [ [ -3.293601168756092, 51.772534973580719 ], [ -3.294780655534333, 51.767407148983544 ], [ -3.281742903050425, 51.749882781745477 ], [ -3.254661313316777, 51.734216967975243 ], [ -3.243059831592844, 51.71939400009024 ], [ -3.229626613594397, 51.71315236956287 ], [ -3.223122263074396, 51.701889095994268 ], [ -3.230413414417179, 51.695274067402927 ], [ -3.221481719749446, 51.679282484637959 ], [ -3.226564263247113, 51.66879461880729 ], [ -3.220424928347833, 51.6498709698431 ], [ -3.230528179322484, 51.640138767695163 ], [ -3.234850488099865, 51.628742838711709 ], [ -3.220956721098057, 51.616839088715338 ], [ -3.228976972072558, 51.603313009294801 ], [ -3.222451709187811, 51.593454261687242 ], [ -3.194519254307559, 51.586077280954377 ], [ -3.136247581021861, 51.595621831965602 ], [ -3.120298490697557, 51.57980227700105 ], [ -3.100631807618054, 51.576087579102243 ], [ -3.090334117195336, 51.569572090695146 ], [ -3.107367754759846, 51.558420861941919 ], [ -3.120196305833897, 51.542215301889811 ], [ -3.11958960852117, 51.530848301921345 ], [ -3.132147701245778, 51.527205060200778 ], [ -3.141464029923642, 51.518134975942246 ], [ -3.13954082459359, 51.501044922258096 ], [ -3.132585120842075, 51.49212055882969 ], [ -3.121254860434425, 51.49095535047087 ], [ -3.110725098485838, 51.491484199608585 ], [ -3.072411261113177, 51.503276294279722 ], [ -3.004565156630791, 51.530496167971677 ], [ -2.994204093219894, 51.540623446509379 ], [ -2.968901821964014, 51.540095322603833 ], [ -2.951032779471544, 51.535092824513548 ], [ -2.924897614072898, 51.536423485715275 ], [ -2.907907712664027, 51.532738021951388 ], [ -2.869631076243742, 51.542474949823998 ], [ -2.844742869186541, 51.545758049763535 ], [ -2.789884758568599, 51.56728420802542 ], [ -2.757665901926114, 51.578373256166273 ], [ -2.730629646117646, 51.581518272109093 ], [ -2.699703819907911, 51.5739780883547 ], [ -2.698242925206288, 51.581236043006477 ], [ -2.672306176777328, 51.599232798142786 ], [ -2.66453226144469, 51.601420787935858 ], [ -2.656954046180036, 51.62328646229075 ], [ -2.668757143702186, 51.634373649320075 ], [ -2.668510609906063, 51.645379403147579 ], [ -2.679933347628368, 51.64852718074868 ], [ -2.667119449980334, 51.660123591724563 ], [ -2.685398468364226, 51.661447881229371 ], [ -2.684567206154631, 51.668150485902515 ], [ -2.659854474750488, 51.671307239909446 ], [ -2.673091335687879, 51.683179726498437 ], [ -2.668781671129407, 51.706800691416866 ], [ -2.679619892031113, 51.714460296245704 ], [ -2.686608869620066, 51.73167284713935 ], [ -2.674641723738926, 51.734966698342348 ], [ -2.66293714034569, 51.753299310218928 ], [ -2.680522941946855, 51.769104999730203 ], [ -2.675005411995877, 51.777100931498417 ], [ -2.671328204155366, 51.794956643519363 ], [ -2.678632462658352, 51.802570025392747 ], [ -2.659478821465822, 51.810667161407046 ], [ -2.660885471066962, 51.82281401685578 ], [ -2.650408637788579, 51.826112776351955 ], [ -2.658406860551579, 51.832866545304803 ], [ -2.682699472808607, 51.837832033730464 ], [ -2.697293271125174, 51.844816064801535 ], [ -2.717787733632594, 51.847461480366178 ], [ -2.729596113493234, 51.858207145551305 ], [ -2.737986242882191, 51.845658504709178 ], [ -2.75759700968473, 51.849237039764695 ], [ -2.776836351285441, 51.873321886439207 ], [ -2.768505976771586, 51.880090063153737 ], [ -2.796655273951534, 51.888308297041867 ], [ -2.82162941159899, 51.905450370675233 ], [ -2.836285405026964, 51.906155223587383 ], [ -2.837226489743311, 51.914010790364159 ], [ -2.859887996620738, 51.927765750096029 ], [ -2.888633831110804, 51.933482071782237 ], [ -2.892228980360432, 51.925438267564445 ], [ -2.941973339907952, 51.909595576932624 ], [ -2.96831177901553, 51.904532617915933 ], [ -2.976689073908191, 51.927499680291803 ], [ -2.999025, 51.923458 ], [ -3.008088347334739, 51.927184366805228 ], [ -3.008475870955782, 51.937941217589199 ], [ -3.025949203831571, 51.957221583453958 ], [ -3.068034449205827, 51.983720825412874 ], [ -3.078114899049323, 51.973220319287137 ], [ -3.093104660382202, 51.965152643467022 ], [ -3.079181778559121, 51.957266290533539 ], [ -3.090021274473853, 51.950309816978859 ], [ -3.080191672211289, 51.93494419582656 ], [ -3.078879139991495, 51.924828033064259 ], [ -3.049507548524291, 51.911454901858534 ], [ -3.038828050660649, 51.894010534087471 ], [ -3.045781159925638, 51.880852706343042 ], [ -3.064260399982089, 51.878504015050488 ], [ -3.073338277539692, 51.871932315033547 ], [ -3.063495972067791, 51.863301279312829 ], [ -3.083811553621893, 51.850146236074806 ], [ -3.091223217026733, 51.839442880353069 ], [ -3.075905662281778, 51.834668976577937 ], [ -3.069761603486556, 51.826849745256389 ], [ -3.079661186590475, 51.818842879162681 ], [ -3.092066252777516, 51.818363382857683 ], [ -3.100670363833409, 51.810731048208083 ], [ -3.105960590462322, 51.795486315186714 ], [ -3.130249749892708, 51.792770913335744 ], [ -3.164411249282574, 51.797428235540401 ], [ -3.187631384959099, 51.798347987186851 ], [ -3.206224682659747, 51.793566544787559 ], [ -3.238540002239984, 51.795820836769344 ], [ -3.245787565570173, 51.783410329325314 ], [ -3.257305079798458, 51.786453667715605 ], [ -3.280015774555184, 51.782977096617437 ], [ -3.293601168756092, 51.772534973580719 ] ] ] } },
{ "type": "Feature", "properties": { "hcs_county": "Montgomery", "abbr": "Monts", "hcs_name": "Montgomeryshire", "hcs_code": "MTG", "hcs_number": 58, "county": "Montgomeryshire", "region": "Wales" }, "geometry": { "type": "Polygon", "coordinates": [ [ [ -3.161410710367937, 52.803579386455375 ], [ -3.186926880607515, 52.801475588068399 ], [ -3.241017202704873, 52.786132522440077 ], [ -3.271686149635677, 52.786328377746095 ], [ -3.273364482805508, 52.798049381593181 ], [ -3.281285302154154, 52.809792522409481 ], [ -3.308601696270145, 52.829788235984559 ], [ -3.344302952132611, 52.84208979663979 ], [ -3.367003460041048, 52.847830891471808 ], [ -3.373976620990624, 52.854127221446333 ], [ -3.397439837585333, 52.860902329334678 ], [ -3.388823791081848, 52.876070124734895 ], [ -3.415814163599871, 52.872336195848327 ], [ -3.433924296077282, 52.862599192183573 ], [ -3.452703440520971, 52.860586357439814 ], [ -3.483009186216412, 52.865439109339079 ], [ -3.490522551640696, 52.849126243631325 ], [ -3.5030537105576, 52.839127700714215 ], [ -3.517303656947443, 52.835042519025137 ], [ -3.531969712418009, 52.837969476394612 ], [ -3.566627480207815, 52.830028545371469 ], [ -3.586446851851863, 52.827704549200277 ], [ -3.597073885686114, 52.814044372392779 ], [ -3.596930715868708, 52.805087736148877 ], [ -3.608001852780877, 52.79635765009094 ], [ -3.590278905775559, 52.765908586075554 ], [ -3.595105547322289, 52.756173369156372 ], [ -3.589405677997205, 52.748765058998885 ], [ -3.591007177626515, 52.734362705883278 ], [ -3.599230936778382, 52.725986229449141 ], [ -3.604547330136798, 52.708783339861888 ], [ -3.619688424899438, 52.697422772266982 ], [ -3.64286643887839, 52.696220046155922 ], [ -3.665976984561134, 52.69173954966972 ], [ -3.685040719849146, 52.679519157047906 ], [ -3.701002356288276, 52.683930152421823 ], [ -3.715029096725543, 52.679116045394281 ], [ -3.788172690725947, 52.670975413415995 ], [ -3.803561551892684, 52.678461096439435 ], [ -3.817934718752283, 52.672784621097144 ], [ -3.836526182931846, 52.65637874266293 ], [ -3.84406677726049, 52.641399765104353 ], [ -3.834732705835622, 52.63272257322933 ], [ -3.846184335337209, 52.628877676087967 ], [ -3.849897563636624, 52.619427880308081 ], [ -3.842162774589883, 52.600977719431739 ], [ -3.861342347403578, 52.599046926309931 ], [ -3.891979937836682, 52.57570631041844 ], [ -3.92309041329528, 52.579335947239187 ], [ -3.926928537555985, 52.560753930167522 ], [ -3.859722252011113, 52.560855856515616 ], [ -3.840867140776125, 52.551340103482268 ], [ -3.836266528185336, 52.52581149473086 ], [ -3.844463503697755, 52.516931102820294 ], [ -3.837968746527226, 52.501813164058426 ], [ -3.825352760595514, 52.483664157936118 ], [ -3.806186203535177, 52.480382827267839 ], [ -3.797916473174306, 52.487751203082361 ], [ -3.770199549639843, 52.490515283632568 ], [ -3.765637111765492, 52.499793369328451 ], [ -3.74191416163311, 52.507602430461468 ], [ -3.73886385152675, 52.486684144749624 ], [ -3.751321710909964, 52.472931079369161 ], [ -3.764433323045825, 52.47151012691296 ], [ -3.771603900930008, 52.442178045094266 ], [ -3.730829702910472, 52.425435136771412 ], [ -3.725773349184182, 52.41632409714434 ], [ -3.712081020318254, 52.413375882878185 ], [ -3.712881287867091, 52.4014696611342 ], [ -3.695976667393392, 52.371158052254486 ], [ -3.685415468500392, 52.368243047957151 ], [ -3.663677224706266, 52.354620466917346 ], [ -3.654766079547793, 52.356325256053843 ], [ -3.635704627459718, 52.370104728877799 ], [ -3.622105201200103, 52.368369911878297 ], [ -3.605858920790879, 52.360645757002189 ], [ -3.591165342070032, 52.361850364756428 ], [ -3.592867664637475, 52.372031659653906 ], [ -3.572245271415994, 52.373920969952557 ], [ -3.565891375610468, 52.382981091486151 ], [ -3.535536943194987, 52.405071776690683 ], [ -3.516183520519697, 52.408957639129078 ], [ -3.498747278614751, 52.404471803882835 ], [ -3.490267183812215, 52.391722615492355 ], [ -3.477220594473585, 52.390731162842457 ], [ -3.456726025210298, 52.40037537594079 ], [ -3.437451510848233, 52.402970585050767 ], [ -3.424268790358503, 52.412314476867522 ], [ -3.411959817175424, 52.430393837930062 ], [ -3.390920917088583, 52.44126441209378 ], [ -3.36664881575837, 52.4444158758008 ], [ -3.343382823408745, 52.43512043983629 ], [ -3.330131387064089, 52.445169159576515 ], [ -3.313366511669728, 52.443591860907475 ], [ -3.287125392415447, 52.458024538329269 ], [ -3.254132545711029, 52.463716613159555 ], [ -3.231371316301489, 52.453207095739131 ], [ -3.212038727102499, 52.468096253843221 ], [ -3.194537621566769, 52.476392635002995 ], [ -3.180666113633353, 52.473815793389733 ], [ -3.14059122161042, 52.491613163127056 ], [ -3.113869636204877, 52.498072949851291 ], [ -3.029228686855983, 52.501251799582001 ], [ -3.036460929337001, 52.511483971209778 ], [ -3.026900585269565, 52.523884403772485 ], [ -3.01073990613887, 52.520082577737114 ], [ -2.997712030859841, 52.548124331735323 ], [ -2.99761315980559, 52.563815228339912 ], [ -3.014122004720517, 52.575395941661299 ], [ -3.036334028213166, 52.571821326962151 ], [ -3.060414434848988, 52.555348142675491 ], [ -3.087280530564427, 52.551337347460866 ], [ -3.093948199361024, 52.544907804379129 ], [ -3.080755350454302, 52.539137296856822 ], [ -3.099985462133217, 52.530830672497601 ], [ -3.13158494628699, 52.527046211251871 ], [ -3.137151743718136, 52.533915761177859 ], [ -3.111502665422583, 52.541363031451631 ], [ -3.128599293972243, 52.567104473680033 ], [ -3.13772797860929, 52.573854857223843 ], [ -3.136026915391704, 52.586051102304104 ], [ -3.119200874764184, 52.585817849809963 ], [ -3.100490926023729, 52.597595077712171 ], [ -3.089337325480954, 52.599645812078229 ], [ -3.093614745125736, 52.609333772968192 ], [ -3.067815588621928, 52.63053402530889 ], [ -3.069590972632185, 52.645834583115949 ], [ -3.051892774735748, 52.647479847544574 ], [ -3.042751645979399, 52.686928306875465 ], [ -3.022609708589744, 52.706709872223634 ], [ -3.020269694336545, 52.72155989903618 ], [ -3.00062426058859, 52.720259513592318 ], [ -2.97542035877939, 52.722383573092912 ], [ -2.965628595291457, 52.732325515748933 ], [ -2.990039859094854, 52.733512210441241 ], [ -2.99770043117477, 52.743878557287886 ], [ -3.014158190647011, 52.754829447491019 ], [ -3.010626247491672, 52.761532960971891 ], [ -3.039594002951879, 52.770173008201112 ], [ -3.046453977409293, 52.767097509051382 ], [ -3.087875853894946, 52.779355503229148 ], [ -3.091400029050325, 52.785915406303211 ], [ -3.130991058293921, 52.787532986331357 ], [ -3.158445683780669, 52.793488411897961 ], [ -3.161410710367937, 52.803579386455375 ] ] ] } },
{ "type": "Feature", "properties": { "hcs_county": "Norfolk", "abbr": "Norf", "hcs_name": "Norfolk", "hcs_code": "NRF", "hcs_number": 61, "county": "Norfolk", "region": "East of England" }, "geometry": { "type": "MultiPolygon", "coordinates": [ [ [ [ 0.706213039880409, 52.980168645578694 ], [ 0.713844923054697, 52.977202927588841 ], [ 0.726667223856479, 52.97805252933 ], [ 0.738185779739638, 52.975968184292057 ], [ 0.74607583331882, 52.980290072924952 ], [ 0.698794773774473, 52.986925587230353 ], [ 0.706213039880409, 52.980168645578694 ] ] ], [ [ [ 0.188556327288186, 52.736396401199102 ], [ 0.182650286558772, 52.727575153686246 ], [ 0.147114535020691, 52.725220307565252 ], [ 0.150562904817194, 52.707649890765083 ], [ 0.144165452531956, 52.699266912968831 ], [ 0.149644096698053, 52.680535073122329 ], [ 0.169949921398943, 52.678571030737579 ], [ 0.175398422179986, 52.666356389136233 ], [ 0.163675202499713, 52.663585203029605 ], [ 0.175554488974878, 52.644053821636227 ], [ 0.195681996559366, 52.634086301233758 ], [ 0.208741085850228, 52.640244793527472 ], [ 0.218207073702912, 52.621977483581873 ], [ 0.233471621621875, 52.610625614826269 ], [ 0.215050635014004, 52.600946619879551 ], [ 0.205583746212817, 52.583646093357046 ], [ 0.216001267407238, 52.580449946144398 ], [ 0.218454576033792, 52.571191440117133 ], [ 0.20612475123673, 52.564128297641915 ], [ 0.20471414525823, 52.554671806262334 ], [ 0.224884094349261, 52.540405117186467 ], [ 0.233605100177173, 52.529161610409673 ], [ 0.24419949076289, 52.533121011650451 ], [ 0.254752948124269, 52.518279025116442 ], [ 0.254704445404016, 52.511160808860637 ], [ 0.278583406275125, 52.508586508437965 ], [ 0.308940911919151, 52.513566821923455 ], [ 0.318459001335054, 52.50767496308297 ], [ 0.330853815541422, 52.509142740605739 ], [ 0.357245327388949, 52.494381497113949 ], [ 0.369223715125061, 52.483887009315971 ], [ 0.371623407139687, 52.474629004959482 ], [ 0.399321707066128, 52.459749050004334 ], [ 0.397563634313929, 52.449876374034758 ], [ 0.424860388489243, 52.442446119981014 ], [ 0.429298968096893, 52.436440408216441 ], [ 0.450008219227085, 52.447762581111292 ], [ 0.466825946971385, 52.44594007518824 ], [ 0.495500052216377, 52.447285841783 ], [ 0.531768084243033, 52.453444602778902 ], [ 0.549312512467909, 52.454402928855117 ], [ 0.582478353741463, 52.451808305620268 ], [ 0.59705035878566, 52.454270078847344 ], [ 0.6156041495321, 52.448961768813227 ], [ 0.642370647745496, 52.451110324386889 ], [ 0.663864154399519, 52.462193442855437 ], [ 0.693432709561789, 52.451106984191682 ], [ 0.720702559712107, 52.449101802028046 ], [ 0.726599291394501, 52.435259573301437 ], [ 0.720748934433059, 52.419183292115555 ], [ 0.746742194838029, 52.413541189958508 ], [ 0.755166175818007, 52.40652468160058 ], [ 0.74089669964446, 52.391399255466489 ], [ 0.746961808995589, 52.383361943742926 ], [ 0.760676439122677, 52.386795549846845 ], [ 0.785900246887603, 52.386470395679446 ], [ 0.823136534496415, 52.393737993402659 ], [ 0.836662482457093, 52.400447557306734 ], [ 0.855267921523584, 52.399490174518171 ], [ 0.865676593748874, 52.390534975871184 ], [ 0.88112492533432, 52.39176930304113 ], [ 0.907791448232295, 52.386264831525317 ], [ 0.924169484504244, 52.389554294382343 ], [ 0.936391085733202, 52.386639064899576 ], [ 0.956777893834918, 52.371929583260595 ], [ 0.980234374440482, 52.369532210124611 ], [ 1.007674760282596, 52.375904561825351 ], [ 1.067947753147445, 52.378544539728772 ], [ 1.075622906962649, 52.373041719773546 ], [ 1.111813481641826, 52.371658956937587 ], [ 1.155518154438177, 52.361495890944816 ], [ 1.192566313518728, 52.361056398053037 ], [ 1.215037728255015, 52.355703756788515 ], [ 1.232890899431753, 52.36478403073076 ], [ 1.260185689442882, 52.371180841355418 ], [ 1.286620204337585, 52.390780966487959 ], [ 1.310609999233663, 52.387964718956049 ], [ 1.330462449663922, 52.393471810077081 ], [ 1.352433236502313, 52.410646207232595 ], [ 1.360824474859944, 52.412907584024062 ], [ 1.357744607988391, 52.424161856861197 ], [ 1.386520931955136, 52.432160168927432 ], [ 1.397273765851551, 52.440629101305639 ], [ 1.434945838155324, 52.447887158766171 ], [ 1.430633367722188, 52.456978606070919 ], [ 1.410818519577404, 52.462137463536415 ], [ 1.422996703803837, 52.471205170855455 ], [ 1.439989590840555, 52.45719942973782 ], [ 1.458672418227356, 52.458083478481846 ], [ 1.464534496622581, 52.464644376057841 ], [ 1.483407619580596, 52.471758181203789 ], [ 1.506834028324189, 52.462447438071024 ], [ 1.535820577410696, 52.466193671240212 ], [ 1.55890772466573, 52.458050142297253 ], [ 1.568225156553084, 52.474728775455418 ], [ 1.587599764679128, 52.478612834764 ], [ 1.606704135998487, 52.466811984896893 ], [ 1.63508417818391, 52.463208188200959 ], [ 1.645457727695321, 52.471712384207983 ], [ 1.658747144708679, 52.468356418867891 ], [ 1.681961013833658, 52.490062519902068 ], [ 1.6692765904006, 52.503809481470597 ], [ 1.654726128700319, 52.501236515591216 ], [ 1.647240815556757, 52.513676933181287 ], [ 1.629751400549432, 52.521552423393906 ], [ 1.608301460383737, 52.540880903851139 ], [ 1.607382262921176, 52.548223840713881 ], [ 1.620344064574497, 52.551744738558341 ], [ 1.633070452788712, 52.560866987829719 ], [ 1.633934504286379, 52.572284689256762 ], [ 1.649789580895175, 52.578115687529518 ], [ 1.646661653690567, 52.58729595035625 ], [ 1.652831764361748, 52.596568935248392 ], [ 1.710882369840404, 52.611974275490432 ], [ 1.724675910656888, 52.604536512036915 ], [ 1.732609656321446, 52.569549299524446 ], [ 1.739059076707579, 52.57481644155429 ], [ 1.737459134346466, 52.587281966320212 ], [ 1.744304687161274, 52.628371268119167 ], [ 1.72767553460741, 52.667341359569157 ], [ 1.706341070961582, 52.702322833970932 ], [ 1.698949178966339, 52.720188575379659 ], [ 1.680682728978136, 52.738266164268403 ], [ 1.659042443315388, 52.755198581713557 ], [ 1.614918079256713, 52.78371827636694 ], [ 1.588109247480993, 52.798589775332523 ], [ 1.541934353627166, 52.820390475034266 ], [ 1.518096991559399, 52.83512249150985 ], [ 1.465814185290789, 52.860675121226379 ], [ 1.441075282501996, 52.87677964644633 ], [ 1.413376675376574, 52.890811007501021 ], [ 1.363624332239894, 52.909076131505017 ], [ 1.3431309156576, 52.91993957738795 ], [ 1.296039742924416, 52.933738226013965 ], [ 1.250773631921724, 52.941750423541791 ], [ 1.206412022497696, 52.946036218700357 ], [ 1.149952883736802, 52.948560748299606 ], [ 1.124538121335879, 52.951249251592785 ], [ 1.052416748958717, 52.964913041780136 ], [ 1.0261364967799, 52.968713154504883 ], [ 1.018057262402718, 52.962559137795523 ], [ 0.97025184940401, 52.963635664045746 ], [ 0.959440074362142, 52.960708172987829 ], [ 0.937613887012194, 52.961909389354837 ], [ 0.89586955810246, 52.970856058126131 ], [ 0.883025711460222, 52.97015890928418 ], [ 0.873905699675794, 52.978157451176493 ], [ 0.860817874493128, 52.970905162114448 ], [ 0.843456581360781, 52.977263430224937 ], [ 0.81812768822162, 52.97687691135863 ], [ 0.803085456960749, 52.972764040381534 ], [ 0.77432735364816, 52.978589087029562 ], [ 0.752354311812353, 52.977274730184838 ], [ 0.752138550641507, 52.972797126263984 ], [ 0.727032986891148, 52.977606995166617 ], [ 0.703132155785406, 52.976689688909005 ], [ 0.696245612766661, 52.978228816169135 ], [ 0.682065386668193, 52.971573489968797 ], [ 0.665637344270024, 52.978271400845209 ], [ 0.61565211331516, 52.973281551623685 ], [ 0.589626528243441, 52.976736693418985 ], [ 0.569552785668096, 52.968720418566072 ], [ 0.564591536719179, 52.976458150125893 ], [ 0.541482208467896, 52.975832295678373 ], [ 0.524482632652643, 52.968968034204138 ], [ 0.489502042311106, 52.947169290414813 ], [ 0.479400801712702, 52.931581960300726 ], [ 0.471779996873574, 52.908157455484528 ], [ 0.446251174207286, 52.875810966598692 ], [ 0.44534224529821, 52.852022739446454 ], [ 0.439813487571494, 52.845601684145386 ], [ 0.393721800641975, 52.829534179698705 ], [ 0.382129792621353, 52.820782371460311 ], [ 0.366562970532091, 52.796782114861699 ], [ 0.33897096840771, 52.806873421048721 ], [ 0.325850013306976, 52.814978839744789 ], [ 0.284724073746062, 52.815188583660721 ], [ 0.265844978083529, 52.810091734794185 ], [ 0.279396675364599, 52.803203366751283 ], [ 0.258401839387634, 52.788996476893011 ], [ 0.250732149764304, 52.790785965752058 ], [ 0.239748526952186, 52.778376658736278 ], [ 0.214807206727382, 52.765649188107048 ], [ 0.184240075793515, 52.740835115500772 ], [ 0.188556327288186, 52.736396401199102 ] ] ] ] } },
{ "type": "Feature", "properties": { "hcs_county": "Northampton", "abbr": "Northants", "hcs_name": "Northamptonshire", "hcs_code": "NHP", "hcs_number": 62, "county": "Northamptonshire", "region": "East Midlands" }, "geometry": { "type": "Polygon", "coordinates": [ [ [ -1.331974312070321, 52.168519803748893 ], [ -1.308517, 52.143527 ], [ -1.276539730543695, 52.117315109816225 ], [ -1.25291764988462, 52.103901651438477 ], [ -1.28238530754555, 52.093672760693231 ], [ -1.307985207239624, 52.092281184444253 ], [ -1.320838330467674, 52.087595216923525 ], [ -1.322227814852561, 52.077169135782555 ], [ -1.335643027719924, 52.072165307700899 ], [ -1.32943522974793, 52.058681641808818 ], [ -1.295192995204834, 52.04031872708417 ], [ -1.292484891036476, 52.027667551464383 ], [ -1.283964239625147, 52.025161339478274 ], [ -1.277082048565064, 52.005323537486639 ], [ -1.282687715481544, 52.000434131246401 ], [ -1.284493737251272, 51.982713928474944 ], [ -1.261066817219411, 51.980917524391792 ], [ -1.241554934508403, 51.98627633461664 ], [ -1.229606472643753, 51.981349689760705 ], [ -1.198175548256398, 51.977322111629732 ], [ -1.174364092106293, 51.983362872960583 ], [ -1.163678025011707, 51.993378289422758 ], [ -1.134228605739844, 51.997386125575218 ], [ -1.11802012652818, 52.015421241984697 ], [ -1.136133510326155, 52.02005987770508 ], [ -1.132809797845155, 52.031547914543637 ], [ -1.122021547341566, 52.04516914534225 ], [ -1.082247850289401, 52.052893425353695 ], [ -1.062019538184136, 52.062758402440849 ], [ -1.052920842805985, 52.059696908052793 ], [ -1.026397174595672, 52.075438071661111 ], [ -1.012853967515903, 52.07159206708053 ], [ -0.99453731243831, 52.073126338908658 ], [ -0.967799889942911, 52.070914129118449 ], [ -0.95943748373765, 52.079299724043423 ], [ -0.945161404116152, 52.076894364016397 ], [ -0.94164848014114, 52.06425812952132 ], [ -0.931838754521316, 52.054104952551597 ], [ -0.930414722616711, 52.043631025228976 ], [ -0.906076522181601, 52.021154833342287 ], [ -0.891584236627197, 52.029769074349254 ], [ -0.877654851852324, 52.029868533802833 ], [ -0.860996503751466, 52.055349143311531 ], [ -0.859174710479903, 52.063689439804378 ], [ -0.838835893872983, 52.064203024238694 ], [ -0.833086343331841, 52.069483804330766 ], [ -0.837443898505012, 52.082277637896169 ], [ -0.854828579333241, 52.092312936358475 ], [ -0.873017436598211, 52.11262202172847 ], [ -0.88358793756466, 52.116690740935013 ], [ -0.879827267614565, 52.126658353625366 ], [ -0.869372310272356, 52.130007296096366 ], [ -0.832854699550886, 52.131719709754428 ], [ -0.827857535425559, 52.151490309009816 ], [ -0.799850487607981, 52.157216894650816 ], [ -0.787683407813747, 52.154269322009362 ], [ -0.777809804674007, 52.168848216577054 ], [ -0.750619878754507, 52.167655988145263 ], [ -0.734619265233419, 52.17356112085217 ], [ -0.702621395926141, 52.192950578772304 ], [ -0.684755863209142, 52.196359676178147 ], [ -0.668096308047599, 52.195036555507478 ], [ -0.661795476241458, 52.207764456420833 ], [ -0.637314157499035, 52.227274539133688 ], [ -0.649715758145846, 52.254072447085605 ], [ -0.627057296094676, 52.274844452180766 ], [ -0.601638984003095, 52.278444785848187 ], [ -0.585556092104088, 52.272440942407883 ], [ -0.565608841726664, 52.25353595596745 ], [ -0.554686414833352, 52.258180823924917 ], [ -0.541747806908567, 52.256129230354375 ], [ -0.531194437588095, 52.270386033951446 ], [ -0.540140092279322, 52.291854055181389 ], [ -0.521591922067083, 52.304682573041084 ], [ -0.519821125400553, 52.316613432310227 ], [ -0.506597683030346, 52.319883259586483 ], [ -0.465306913767058, 52.322965923135108 ], [ -0.467700427121366, 52.338435399523355 ], [ -0.477337819816218, 52.348419069342782 ], [ -0.49868066228916, 52.360089175600962 ], [ -0.499508671965955, 52.366966148738626 ], [ -0.485456586962778, 52.381292327697821 ], [ -0.469805844922269, 52.379965488218446 ], [ -0.44456159255905, 52.383557411179801 ], [ -0.432909672865064, 52.396264265994589 ], [ -0.422311422867831, 52.400151401902704 ], [ -0.417077413683839, 52.411619380606311 ], [ -0.385065461371026, 52.400709049014992 ], [ -0.370614625323449, 52.414787397450425 ], [ -0.387719967853943, 52.420232040642347 ], [ -0.405699571428163, 52.437082390474743 ], [ -0.384265157602269, 52.44123901553413 ], [ -0.373980539350478, 52.436724616361339 ], [ -0.350600925614939, 52.462963764606883 ], [ -0.359551592421375, 52.475354454510047 ], [ -0.35004888193054, 52.482588748929203 ], [ -0.359369198600978, 52.490249052781877 ], [ -0.351182818418275, 52.503795776851113 ], [ -0.37786285192368, 52.510673704685132 ], [ -0.396920115144965, 52.523779789582704 ], [ -0.413408036861062, 52.525369485757743 ], [ -0.400897361925219, 52.539881877467785 ], [ -0.401973145248963, 52.547792154638053 ], [ -0.41536483660326, 52.551547676483423 ], [ -0.419628798759558, 52.558971976583457 ], [ -0.415343296264639, 52.579593013666162 ], [ -0.396902423871625, 52.583005235189106 ], [ -0.384012878907669, 52.566936518005413 ], [ -0.369334445797015, 52.562975198730655 ], [ -0.348935424933878, 52.564433713568704 ], [ -0.34073001619998, 52.555658568501741 ], [ -0.327267150037286, 52.552871772216037 ], [ -0.320330754259926, 52.569425408517134 ], [ -0.309487733271439, 52.572266270585445 ], [ -0.295735300487492, 52.560482329578868 ], [ -0.281825333261037, 52.560088415252963 ], [ -0.265599502550638, 52.568324257454208 ], [ -0.239514323527398, 52.568168943541892 ], [ -0.207195402163012, 52.569522130675693 ], [ -0.19068968976184, 52.574872982297798 ], [ -0.173457846387172, 52.584994079962279 ], [ -0.159552950981632, 52.610328426602415 ], [ -0.161870315343174, 52.62221886944161 ], [ -0.140964794180037, 52.651523723132989 ], [ -0.180006347071602, 52.66060323792356 ], [ -0.192884356092468, 52.6524400277696 ], [ -0.206085854556143, 52.66806960296411 ], [ -0.217902698043649, 52.667118613420094 ], [ -0.260921388550181, 52.651421718301968 ], [ -0.278795158479714, 52.665871707197695 ], [ -0.289108215556172, 52.670242363819035 ], [ -0.319049527766156, 52.674998257748179 ], [ -0.336223304055512, 52.674144460921255 ], [ -0.346538726379573, 52.663127496386551 ], [ -0.395613134984402, 52.653370002698239 ], [ -0.420658154243985, 52.646855940169623 ], [ -0.451755046955076, 52.654956538635709 ], [ -0.483138992337238, 52.648847922985254 ], [ -0.501634237901593, 52.640172675808259 ], [ -0.514680227460867, 52.643101516788306 ], [ -0.541190574505471, 52.624835416260126 ], [ -0.547782618643693, 52.606523531537185 ], [ -0.563092700837312, 52.586099607506377 ], [ -0.602963564161153, 52.588636303992551 ], [ -0.633356116049097, 52.573707673286521 ], [ -0.661317546938719, 52.568723335462288 ], [ -0.671186405438398, 52.563804349674975 ], [ -0.686626255364811, 52.547801601327848 ], [ -0.69781572885411, 52.545635283169091 ], [ -0.699629702808815, 52.535688194330405 ], [ -0.713709077995064, 52.524941979948721 ], [ -0.726963466754689, 52.522682060725558 ], [ -0.758432537359139, 52.511266215492029 ], [ -0.779064140356237, 52.518110889267184 ], [ -0.788359912966228, 52.514735535182588 ], [ -0.845554110218099, 52.519385101441159 ], [ -0.861346593701123, 52.526800196799151 ], [ -0.880426749450638, 52.516191398000892 ], [ -0.882190662540444, 52.493099771264447 ], [ -0.895561991322443, 52.492124400999053 ], [ -0.905793444336232, 52.479730243200109 ], [ -0.940498283165847, 52.472115278229822 ], [ -0.950692987230537, 52.477181351177208 ], [ -0.9911936145866, 52.469572496831375 ], [ -1.027739080092807, 52.458498393785774 ], [ -1.044555829909502, 52.445723231741347 ], [ -1.033777928188148, 52.439824647323199 ], [ -1.039151122407978, 52.430833977423632 ], [ -1.059194290174637, 52.423193567919434 ], [ -1.069376056936158, 52.433567339673665 ], [ -1.084677999136121, 52.436047595856827 ], [ -1.094420903222478, 52.426961178045275 ], [ -1.11764677005987, 52.420850606350854 ], [ -1.134221009972669, 52.412466406889052 ], [ -1.142189482876645, 52.399708929486252 ], [ -1.165273526105056, 52.398959145536857 ], [ -1.183735456666784, 52.392225939422239 ], [ -1.202665981818337, 52.396685399483765 ], [ -1.172059380361703, 52.36126340722609 ], [ -1.191439099963009, 52.351717345604349 ], [ -1.234073419166976, 52.346488125942791 ], [ -1.26131459861391, 52.335663046096478 ], [ -1.264796136850774, 52.328283724822647 ], [ -1.24874029765065, 52.3228960449675 ], [ -1.209206308953526, 52.315183410514877 ], [ -1.22899244261952, 52.298005315387677 ], [ -1.233710555965758, 52.290327075701491 ], [ -1.222393797084026, 52.284599233609477 ], [ -1.215928664205138, 52.263816254559352 ], [ -1.240612064773458, 52.247934214219597 ], [ -1.254309700313079, 52.24765077681954 ], [ -1.267617537093009, 52.237425420048233 ], [ -1.284723501433244, 52.238436823739406 ], [ -1.276951723945414, 52.224880611268937 ], [ -1.260928075404954, 52.215993506266599 ], [ -1.255094043428945, 52.197799102865126 ], [ -1.281209473975291, 52.191952844405563 ], [ -1.308813752790358, 52.189761694560275 ], [ -1.344490525936038, 52.202015311199659 ], [ -1.340439711201789, 52.182773039412965 ], [ -1.326868111657027, 52.178502771416923 ], [ -1.331974312070321, 52.168519803748893 ] ] ] } },
{ "type": "Feature", "properties": { "hcs_county": "Northumberland", "abbr": "Northum", "hcs_name": "Northumberland", "hcs_code": "NHB", "hcs_number": 63, "county": "Northumberland", "region": "North East England" }, "geometry": { "type": "Polygon", "coordinates": [ [ [ -2.689770498861873, 55.189013082053748 ], [ -2.674549868144938, 55.175888489347678 ], [ -2.683220009044033, 55.166281395363704 ], [ -2.657047669326218, 55.136112133786185 ], [ -2.632258202767177, 55.127751800254693 ], [ -2.621280284251127, 55.129174885875912 ], [ -2.6009543028122, 55.12368281342517 ], [ -2.591954609228707, 55.104244927897149 ], [ -2.572771965297858, 55.097553983460138 ], [ -2.55049259137356, 55.081714091230189 ], [ -2.517786079764459, 55.085006958204339 ], [ -2.50094912627425, 55.090292787128973 ], [ -2.489567080882434, 55.083484818894014 ], [ -2.500843912820549, 55.074452875801171 ], [ -2.5034528211725, 55.063138869198475 ], [ -2.482848906623436, 55.043468618093968 ], [ -2.501877883518566, 55.037099032048587 ], [ -2.544265387329758, 55.026876807520352 ], [ -2.555673513066318, 55.019988508648986 ], [ -2.573214214279997, 55.01608207517716 ], [ -2.567693621344204, 55.002745720964825 ], [ -2.573324770657687, 54.98763688715762 ], [ -2.585994612149018, 54.982396568674424 ], [ -2.595592175069941, 54.963461442771781 ], [ -2.568487950150583, 54.958342043615197 ], [ -2.567650001279508, 54.940854990555309 ], [ -2.547009, 54.926655 ], [ -2.566218418113898, 54.919211647484637 ], [ -2.567580029360438, 54.909224488424492 ], [ -2.57836337938869, 54.895463091696065 ], [ -2.605322547905028, 54.883816670491022 ], [ -2.590257491977896, 54.873832713582523 ], [ -2.573353084324165, 54.853517258921478 ], [ -2.582608781409732, 54.84587413505718 ], [ -2.567846391093517, 54.823578649179304 ], [ -2.534823624241545, 54.807097813758247 ], [ -2.496272274614168, 54.810048692807221 ], [ -2.468541452370095, 54.826294266454802 ], [ -2.422892641325392, 54.842788714459402 ], [ -2.411662693341684, 54.856456753278337 ], [ -2.40170816687214, 54.851485856593669 ], [ -2.392728194086982, 54.83449052641388 ], [ -2.372718, 54.827354 ], [ -2.369816490881791, 54.820914428320187 ], [ -2.345399042753517, 54.806230244182643 ], [ -2.328644975012388, 54.805271561861453 ], [ -2.312092104966675, 54.79102769992484 ], [ -2.282705825322411, 54.798254530629983 ], [ -2.226593523816401, 54.782955296441962 ], [ -2.215061183638351, 54.783875021329891 ], [ -2.1986476398722, 54.806783483834941 ], [ -2.173829360394841, 54.806062147084852 ], [ -2.16103784689822, 54.81841725688696 ], [ -2.143032535140509, 54.826984654793769 ], [ -2.139806067127618, 54.841860931017955 ], [ -2.130928390090911, 54.842724049556828 ], [ -2.082190012292643, 54.838326973676395 ], [ -2.054455289862688, 54.847097573980534 ], [ -2.039692151844405, 54.848376544358118 ], [ -2.011970631617377, 54.866541240453948 ], [ -1.991048407893205, 54.870103950174638 ], [ -1.949299525000546, 54.852975375258829 ], [ -1.921375635090545, 54.848445284742986 ], [ -1.91416741224788, 54.83944027725228 ], [ -1.884860411677164, 54.845583283584304 ], [ -1.869586275975778, 54.851297898811659 ], [ -1.870498579336461, 54.859602254462374 ], [ -1.860083070447273, 54.868243908017355 ], [ -1.844504068975143, 54.893376597859657 ], [ -1.824903696874912, 54.908784756336281 ], [ -1.85048216951848, 54.915214501483497 ], [ -1.855681282815374, 54.927448770419325 ], [ -1.827616471583104, 54.930163959725334 ], [ -1.825181469667077, 54.940973626173886 ], [ -1.83367433187974, 54.951703360611191 ], [ -1.815057939810756, 54.967851958364285 ], [ -1.81288276460805, 54.976148835816772 ], [ -1.7854233460553, 54.98437020977552 ], [ -1.773103389400819, 54.980894361471158 ], [ -1.750260282860807, 54.983338247640802 ], [ -1.727815481565805, 54.975857962879097 ], [ -1.728898924702593, 54.970350792823687 ], [ -1.708572573217165, 54.966970706616657 ], [ -1.699455728621863, 54.970867423044012 ], [ -1.683591910652873, 54.965085565521377 ], [ -1.640401937755054, 54.958366050546829 ], [ -1.625524769321902, 54.959901364814549 ], [ -1.594090638734392, 54.970612 ], [ -1.555013471730571, 54.959240220463315 ], [ -1.538534626931324, 54.961574114914875 ], [ -1.526511201555302, 54.985256093148593 ], [ -1.507483785279432, 54.987873775838146 ], [ -1.468643203631158, 54.988761850885965 ], [ -1.44696314933755, 54.991867220465949 ], [ -1.440313814878088, 55.005635072398483 ], [ -1.431528591648594, 55.008376026933455 ], [ -1.417533574244938, 55.014145539530169 ], [ -1.432302321210131, 55.034267630630083 ], [ -1.429455678166417, 55.03819034770563 ], [ -1.448582753967227, 55.050946217880082 ], [ -1.470209659723996, 55.085071946753018 ], [ -1.488870362050001, 55.095355990177325 ], [ -1.498505382036795, 55.111121265215047 ], [ -1.488611955596981, 55.118463464175882 ], [ -1.520987097927107, 55.149401598014293 ], [ -1.525181919364949, 55.158746155459887 ], [ -1.521006808820696, 55.170259638582365 ], [ -1.508199015953953, 55.18520365128569 ], [ -1.500462184468955, 55.186111621986555 ], [ -1.523988630347546, 55.21249466502087 ], [ -1.525259941470613, 55.227054371803455 ], [ -1.551439672732358, 55.24442326433762 ], [ -1.565818430318137, 55.26237453554554 ], [ -1.57166950209838, 55.277406594167431 ], [ -1.570808489116605, 55.289663733104348 ], [ -1.555717147048762, 55.308862396579059 ], [ -1.549702294490068, 55.32226462928444 ], [ -1.588978439625229, 55.345658874845469 ], [ -1.601372769015209, 55.361554055140658 ], [ -1.60974621087315, 55.385661247768972 ], [ -1.592407213475077, 55.402923649112857 ], [ -1.578753525860759, 55.409009080465317 ], [ -1.580295488337406, 55.424528913640309 ], [ -1.575392878791625, 55.431253507550302 ], [ -1.593232871705681, 55.440139619235758 ], [ -1.586467743506868, 55.449313223735885 ], [ -1.592829489899771, 55.472602883534016 ], [ -1.591917305522369, 55.491536355344209 ], [ -1.610836175101717, 55.495529453560891 ], [ -1.620163645713547, 55.523950244797859 ], [ -1.637251432552637, 55.541409963876681 ], [ -1.628166269070078, 55.556408435736905 ], [ -1.644587652759612, 55.570892672047201 ], [ -1.646963749829484, 55.581767451360832 ], [ -1.664856725282877, 55.586094953229392 ], [ -1.694827418618118, 55.607191058133658 ], [ -1.742387781473452, 55.618489197742299 ], [ -1.768110265584161, 55.604183765318574 ], [ -1.77917537867534, 55.614955202052968 ], [ -1.764992112812511, 55.626349743286646 ], [ -1.790017760045579, 55.646821557487407 ], [ -1.81123519445198, 55.633776071805848 ], [ -1.842942117118402, 55.6441275568191 ], [ -1.857309955741284, 55.656082899422671 ], [ -1.874061520170867, 55.675557248313311 ], [ -1.851139846785156, 55.681136331455555 ], [ -1.815469999580101, 55.682170112714502 ], [ -1.802299647750964, 55.668238643012558 ], [ -1.780449494422586, 55.671307564759225 ], [ -1.779066025515919, 55.683974060725298 ], [ -1.801318024110976, 55.689269633450991 ], [ -1.82641149453064, 55.68467206638352 ], [ -1.848767809855358, 55.688205693135494 ], [ -1.85142763885712, 55.681244200973879 ], [ -1.874367581108735, 55.677953397374161 ], [ -1.884369710710711, 55.694573329828536 ], [ -1.91187304879015, 55.70490437402227 ], [ -1.919185541787736, 55.711920797346892 ], [ -1.96073145792484, 55.73322185116151 ], [ -1.983062164734514, 55.750737547790358 ], [ -1.999515182484896, 55.784775776576097 ], [ -2.016359417182884, 55.79410576637494 ], [ -2.034383858346139, 55.811071600396879 ], [ -2.062180449582963, 55.802751337448527 ], [ -2.085867933226928, 55.792885597729232 ], [ -2.08562991320093, 55.762010117319051 ], [ -2.103235916690385, 55.761664185768794 ], [ -2.105861440333634, 55.750590572922519 ], [ -2.123709667741238, 55.73727913922999 ], [ -2.1387681177358, 55.74045363694831 ], [ -2.149861972437511, 55.733282348104275 ], [ -2.152263377475396, 55.722363440306687 ], [ -2.176797540774628, 55.718711544719746 ], [ -2.166642601668941, 55.707025912910403 ], [ -2.180653300939094, 55.703299960350478 ], [ -2.197458804719958, 55.688667973580117 ], [ -2.218736233144184, 55.67582505012458 ], [ -2.218210216711478, 55.664473859876601 ], [ -2.228595817575314, 55.662807830693914 ], [ -2.258988884890982, 55.644611989878364 ], [ -2.287971730038888, 55.643324525601145 ], [ -2.299366280293383, 55.647202659020067 ], [ -2.325382409164641, 55.642555976133508 ], [ -2.335040891871822, 55.634493051652477 ], [ -2.328255325802572, 55.627480376192878 ], [ -2.295191446462773, 55.608607053388781 ], [ -2.28766645315165, 55.600937289333153 ], [ -2.292368323934632, 55.585879254529061 ], [ -2.285425825570245, 55.577720977575233 ], [ -2.253377033564631, 55.561502431475986 ], [ -2.224124522099132, 55.535765523322908 ], [ -2.229014579611001, 55.50988844006045 ], [ -2.211955109430956, 55.499409285221333 ], [ -2.202225225630368, 55.488242126381188 ], [ -2.200712237842348, 55.474971534306711 ], [ -2.173832938492526, 55.472306495970628 ], [ -2.184405653144341, 55.464084135958203 ], [ -2.194708620473482, 55.444703493611776 ], [ -2.205616476482418, 55.43753764893443 ], [ -2.231404801780108, 55.42846105466181 ], [ -2.260648816861372, 55.43294238149074 ], [ -2.284225701128408, 55.422770538359572 ], [ -2.313324993613469, 55.406749698831817 ], [ -2.335622180762802, 55.408206679612015 ], [ -2.33550534923949, 55.392563942932249 ], [ -2.330600055134199, 55.381192353954368 ], [ -2.346226138338769, 55.373059452581757 ], [ -2.337737300876671, 55.367355753635728 ], [ -2.37483051094162, 55.353902365728473 ], [ -2.378783899550034, 55.349206811874247 ], [ -2.399517311223959, 55.348207869327503 ], [ -2.415140936691865, 55.358907433293552 ], [ -2.444670170538751, 55.359169153616911 ], [ -2.461116150599038, 55.35324043281917 ], [ -2.488512988794347, 55.351832577565595 ], [ -2.517692252541103, 55.324662534623087 ], [ -2.543239998480742, 55.319562916125982 ], [ -2.573352301020004, 55.296982034699504 ], [ -2.609077149225343, 55.283383072239523 ], [ -2.644027471669844, 55.258285942531167 ], [ -2.630154899843433, 55.244699004072409 ], [ -2.634578150237057, 55.225382780149125 ], [ -2.648241695091072, 55.21984809208773 ], [ -2.666862524526203, 55.221595861877439 ], [ -2.683306079855368, 55.201913745841061 ], [ -2.689770498861873, 55.189013082053748 ] ] ] } },
{ "type": "Feature", "properties": { "hcs_county": "Nottingham", "abbr": "Notts", "hcs_name": "Nottinghamshire", "hcs_code": "NOT", "hcs_number": 64, "county": "Nottinghamshire", "region": "East Midlands" }, "geometry": { "type": "Polygon", "coordinates": [ [ [ -1.200601030746308, 53.304369431505464 ], [ -1.172231783469137, 53.309851727912928 ], [ -1.171540461955469, 53.294660936264663 ], [ -1.180127886766218, 53.287111799476527 ], [ -1.16649992259017, 53.277672457419946 ], [ -1.201568323571185, 53.261554355412926 ], [ -1.212925460653939, 53.247095812932152 ], [ -1.20230760983557, 53.235498351643415 ], [ -1.21017134574069, 53.211754246729626 ], [ -1.195129880520642, 53.189433864190633 ], [ -1.201119589164813, 53.182425091097123 ], [ -1.237335667648318, 53.179189147638226 ], [ -1.254652281769166, 53.164781539894861 ], [ -1.296022462809061, 53.17121460925182 ], [ -1.308032376945326, 53.163400272299974 ], [ -1.323432036891019, 53.162316095567768 ], [ -1.321320568675144, 53.143362227665342 ], [ -1.314936957023961, 53.135833134877252 ], [ -1.308220784292404, 53.105182998465239 ], [ -1.308191411590753, 53.087425671028114 ], [ -1.326099611096017, 53.084041384007463 ], [ -1.342541323946776, 53.07028350007014 ], [ -1.344609602402695, 53.063225496304291 ], [ -1.332776338056199, 53.047298955545749 ], [ -1.331299212865472, 53.03190963457741 ], [ -1.319172188470485, 53.013988085084328 ], [ -1.319214630633827, 53.005265486478542 ], [ -1.303788819573366, 53.001172844888409 ], [ -1.300291729884064, 52.982925243438423 ], [ -1.281109326805104, 52.94903641205979 ], [ -1.279326973180299, 52.934953271113692 ], [ -1.286666624009583, 52.925132689789073 ], [ -1.280009801925816, 52.907873914182801 ], [ -1.263073723979415, 52.904882446725672 ], [ -1.239769151893841, 52.894614054165729 ], [ -1.25480208341368, 52.878782619052437 ], [ -1.267911408100031, 52.873339758454755 ], [ -1.266561352535798, 52.859688705888779 ], [ -1.274218278602378, 52.836266979470992 ], [ -1.270955562293179, 52.82380180418383 ], [ -1.259888614828421, 52.807038904627319 ], [ -1.241627304542946, 52.805288612511731 ], [ -1.229121463856729, 52.793212394346341 ], [ -1.201028227972599, 52.793909828535703 ], [ -1.16235030731255, 52.806416822351295 ], [ -1.130760356789898, 52.805827659035899 ], [ -1.117164964396964, 52.819516233726837 ], [ -1.091201299981107, 52.820244014415231 ], [ -1.074459036497229, 52.824763731216272 ], [ -1.072268997514346, 52.813652967360973 ], [ -1.051451244128766, 52.804614213631389 ], [ -1.052608470801949, 52.793626615906277 ], [ -1.044910054644386, 52.790282459892929 ], [ -1.036969285089174, 52.810430663345429 ], [ -1.037471078406432, 52.820359702588149 ], [ -0.99646914932172, 52.821047378655237 ], [ -0.977811939855971, 52.825070764651372 ], [ -0.977179783422027, 52.840685829192694 ], [ -0.960846568615934, 52.843380428186109 ], [ -0.928078777955073, 52.866070981704453 ], [ -0.939385641777987, 52.874498155498806 ], [ -0.886906491691788, 52.891959437097498 ], [ -0.860214999408852, 52.90402162381379 ], [ -0.86369480614052, 52.911352261127973 ], [ -0.841329540076782, 52.928366807983735 ], [ -0.832911932165717, 52.949592469324138 ], [ -0.796215264836102, 52.97670688314313 ], [ -0.77829998965109, 52.976931206346492 ], [ -0.777559760426147, 52.983784661941634 ], [ -0.804102832056735, 53.006368243930702 ], [ -0.795801571183808, 53.010583673866535 ], [ -0.788432516225206, 53.025816622059928 ], [ -0.761125928717809, 53.029237408087774 ], [ -0.749582381360332, 53.055086280138795 ], [ -0.730997524520849, 53.054363516780917 ], [ -0.700604449660045, 53.063796861432586 ], [ -0.698994629276265, 53.075468613433216 ], [ -0.710375289200331, 53.079405735917874 ], [ -0.729687432265177, 53.097883513664499 ], [ -0.721344498678612, 53.104232751723188 ], [ -0.716822612066312, 53.11943878885323 ], [ -0.732413383850909, 53.127779373395761 ], [ -0.715391757170609, 53.136815552281043 ], [ -0.723173378322831, 53.155107603439014 ], [ -0.716041208795676, 53.170389583962198 ], [ -0.718208765551161, 53.177258897269091 ], [ -0.764115817729299, 53.181556368490305 ], [ -0.753765818141644, 53.188176462566169 ], [ -0.73057769260281, 53.210718753135026 ], [ -0.714786244222899, 53.207566438208744 ], [ -0.697711999620122, 53.220051532050945 ], [ -0.675824232410719, 53.217612152605241 ], [ -0.665687547392157, 53.240668774038326 ], [ -0.648676426985603, 53.243359824696356 ], [ -0.648437217915488, 53.253175563089869 ], [ -0.688012129723654, 53.25841549330999 ], [ -0.713270902302154, 53.258095446152915 ], [ -0.734216632599672, 53.253973889713379 ], [ -0.735140972185485, 53.243879927851417 ], [ -0.77703677240299, 53.246903559806434 ], [ -0.772136426538348, 53.262545592800357 ], [ -0.764407189471889, 53.27182581206258 ], [ -0.772613937702381, 53.277492308698363 ], [ -0.750516081974205, 53.294077314083474 ], [ -0.747214155843366, 53.30441898781676 ], [ -0.753845325916535, 53.319379051324439 ], [ -0.766491435992391, 53.330076566073693 ], [ -0.756791018383723, 53.340576485352983 ], [ -0.764819474323707, 53.346513469241934 ], [ -0.760564744156031, 53.354763685185915 ], [ -0.773069271885338, 53.36366844502038 ], [ -0.787934584500669, 53.356618341683571 ], [ -0.802132036279254, 53.371728422525038 ], [ -0.784953374788205, 53.375129523478037 ], [ -0.777273128693621, 53.397113332742862 ], [ -0.795565510315659, 53.414611965500292 ], [ -0.817314778172509, 53.425836489681807 ], [ -0.820571511405603, 53.440672762357735 ], [ -0.809034748661962, 53.44388144225988 ], [ -0.797495685190383, 53.455054180842502 ], [ -0.817924954232717, 53.459470775907214 ], [ -0.871979208630255, 53.466312846504572 ], [ -0.886085236244798, 53.462146553143285 ], [ -0.916245622988566, 53.460279910184688 ], [ -0.920654714360224, 53.464877818504256 ], [ -0.903357894798888, 53.477275374663762 ], [ -0.9437246150664, 53.508599096259502 ], [ -0.985946826290753, 53.493460223934321 ], [ -0.990550572252988, 53.486624777325069 ], [ -1.018374398167471, 53.492365539116129 ], [ -1.020012859727027, 53.481184644274528 ], [ -0.985978257168699, 53.471673348790937 ], [ -0.985546293198204, 53.461306757833647 ], [ -0.997378791643396, 53.44412633183363 ], [ -0.995674987529457, 53.436912879912725 ], [ -1.023629811290545, 53.426155021549 ], [ -1.020873568485596, 53.437981928225902 ], [ -1.028770577992385, 53.455203996407583 ], [ -1.059011256820209, 53.4567882249479 ], [ -1.078214155459513, 53.460319346594595 ], [ -1.086437966870574, 53.448568594981388 ], [ -1.05547434323938, 53.447801100880106 ], [ -1.054208647028088, 53.433569522500534 ], [ -1.087078022698103, 53.425524752377378 ], [ -1.09875979730646, 53.418777222899017 ], [ -1.108109757974154, 53.405972473264427 ], [ -1.130901629638196, 53.391047525024952 ], [ -1.130605852977349, 53.378945538348844 ], [ -1.137095846999622, 53.365171908298983 ], [ -1.145100570724708, 53.360237567419091 ], [ -1.141378639769893, 53.346085476111355 ], [ -1.163905537495603, 53.329297573594694 ], [ -1.184691127301887, 53.321369907151137 ], [ -1.200601030746308, 53.304369431505464 ] ] ] } },
{ "type": "Feature", "properties": { "hcs_county": "Oxford", "abbr": "Oxon", "hcs_name": "Oxfordshire", "hcs_code": "OXD", "hcs_number": 66, "county": "Oxfordshire", "region": "South East England" }, "geometry": { "type": "Polygon", "coordinates": [ [ [ -1.11802012652818, 52.015421241984697 ], [ -1.134228605739844, 51.997386125575218 ], [ -1.163678025011707, 51.993378289422758 ], [ -1.174364092106293, 51.983362872960583 ], [ -1.198175548256398, 51.977322111629732 ], [ -1.229606472643753, 51.981349689760705 ], [ -1.241554934508403, 51.98627633461664 ], [ -1.261066817219411, 51.980917524391792 ], [ -1.284493737251272, 51.982713928474944 ], [ -1.282687715481544, 52.000434131246401 ], [ -1.277082048565064, 52.005323537486639 ], [ -1.283964239625147, 52.025161339478274 ], [ -1.292484891036476, 52.027667551464383 ], [ -1.295192995204834, 52.04031872708417 ], [ -1.32943522974793, 52.058681641808818 ], [ -1.335643027719924, 52.072165307700899 ], [ -1.322227814852561, 52.077169135782555 ], [ -1.320838330467674, 52.087595216923525 ], [ -1.307985207239624, 52.092281184444253 ], [ -1.28238530754555, 52.093672760693231 ], [ -1.25291764988462, 52.103901651438477 ], [ -1.276539730543695, 52.117315109816225 ], [ -1.308517, 52.143527 ], [ -1.331974312070321, 52.168519803748893 ], [ -1.333939683659579, 52.159303178454842 ], [ -1.343508783237467, 52.153137503064642 ], [ -1.341086613538873, 52.14483511423667 ], [ -1.354979527982963, 52.135853891332893 ], [ -1.358184259171109, 52.12516535840674 ], [ -1.370138235553496, 52.11629962088896 ], [ -1.35823332485725, 52.101358437436495 ], [ -1.385318214820906, 52.094243695119395 ], [ -1.403778351393534, 52.110011777350593 ], [ -1.425249122948676, 52.118280616657117 ], [ -1.453464473868088, 52.112979449743591 ], [ -1.447175066302695, 52.097630972232338 ], [ -1.470649638279343, 52.097926998549369 ], [ -1.494085988182059, 52.082344542350896 ], [ -1.50182693189817, 52.071633530513793 ], [ -1.497255656138989, 52.060988855067635 ], [ -1.510902688490902, 52.021671477671759 ], [ -1.529144374338603, 51.992620161317397 ], [ -1.539909349160091, 51.99631973539681 ], [ -1.55615957275586, 51.99155772222754 ], [ -1.549532419884759, 51.980838919160107 ], [ -1.591602576789471, 51.970439779828816 ], [ -1.612447744329704, 51.955408744343863 ], [ -1.643346698744165, 51.978045746542413 ], [ -1.665723184828908, 51.987473880631576 ], [ -1.66894895885103, 51.975133508818409 ], [ -1.661984706029879, 51.963691358156673 ], [ -1.628747551944423, 51.952993178762462 ], [ -1.620003674151962, 51.937429544638952 ], [ -1.645313221400821, 51.922441460165857 ], [ -1.635191701172064, 51.912924257227672 ], [ -1.633168970343461, 51.899186798364155 ], [ -1.657578004861334, 51.897197245314288 ], [ -1.669002014603697, 51.881555743037083 ], [ -1.667994783868551, 51.876342449268058 ], [ -1.68326992698227, 51.868812500886897 ], [ -1.678669082028683, 51.849394977295219 ], [ -1.686478131780276, 51.834484557086299 ], [ -1.680362944874738, 51.806992484902182 ], [ -1.693548878788212, 51.794087771568819 ], [ -1.717677212507259, 51.781546690307685 ], [ -1.700692415333618, 51.770605504615567 ], [ -1.687021590902119, 51.739899370032909 ], [ -1.686822160629624, 51.728537597297141 ], [ -1.695866613961847, 51.723723457988442 ], [ -1.687957479380607, 51.71205825899159 ], [ -1.664629683323644, 51.696847913611151 ], [ -1.657212299758132, 51.696263153243137 ], [ -1.64826412702385, 51.684051847248199 ], [ -1.627910701480598, 51.683930547798894 ], [ -1.606830145973512, 51.692054723809591 ], [ -1.598501516041806, 51.68794087859024 ], [ -1.580352234517995, 51.69594626083871 ], [ -1.545507357802167, 51.703159904861806 ], [ -1.534452620672994, 51.698206789498371 ], [ -1.516646098376279, 51.701703867503873 ], [ -1.492070077520731, 51.693847659262786 ], [ -1.482877538752913, 51.701526023779628 ], [ -1.462822629015188, 51.701782635833347 ], [ -1.463306753042583, 51.712420948484933 ], [ -1.442037889900143, 51.712416489422942 ], [ -1.391599601201942, 51.706403088178448 ], [ -1.372554467991408, 51.718630066244678 ], [ -1.366967528182217, 51.729615369965728 ], [ -1.374074164190168, 51.737161425805247 ], [ -1.365251643933278, 51.748116798951251 ], [ -1.361249401098177, 51.773690908384744 ], [ -1.337436858070581, 51.784656932964346 ], [ -1.306882088793418, 51.790063209931454 ], [ -1.300977399778348, 51.770562954361793 ], [ -1.289333968537939, 51.758602055068003 ], [ -1.288935346352266, 51.750999487407718 ], [ -1.276454624584865, 51.743871045729705 ], [ -1.261560853973442, 51.746757305259422 ], [ -1.24404070413124, 51.743561830259246 ], [ -1.242297425047923, 51.720388179714554 ], [ -1.235356480731775, 51.714880077050289 ], [ -1.230807941570996, 51.699317758637704 ], [ -1.221835271787471, 51.684461798507769 ], [ -1.227029223565829, 51.675824227389171 ], [ -1.246698113830834, 51.667164808422513 ], [ -1.262809097905303, 51.670271021487608 ], [ -1.281144324013638, 51.66828320918755 ], [ -1.279201010888193, 51.646012741402366 ], [ -1.262602539039265, 51.650047014711646 ], [ -1.233120322543748, 51.641630975880076 ], [ -1.211101597703217, 51.644468203906229 ], [ -1.208278638774423, 51.655918632072449 ], [ -1.197101331741863, 51.658777575470872 ], [ -1.180954478693323, 51.653794207136748 ], [ -1.180776882070779, 51.635524534015495 ], [ -1.15734349181134, 51.636147893755201 ], [ -1.140919305716219, 51.62415756710039 ], [ -1.115510662263097, 51.618893088189417 ], [ -1.114943967419866, 51.608055481265332 ], [ -1.126442125310221, 51.581811103856815 ], [ -1.126448171271501, 51.570016120255247 ], [ -1.141859382944982, 51.560476456864563 ], [ -1.147013051425591, 51.551750153556355 ], [ -1.134629613075839, 51.532875260920328 ], [ -1.143946516353319, 51.522996192711275 ], [ -1.13407580610143, 51.511365405312972 ], [ -1.118963276087171, 51.511795645263092 ], [ -1.108907793865719, 51.504569209523069 ], [ -1.104335907252224, 51.492222674657945 ], [ -1.087871224972298, 51.485794577967042 ], [ -1.050765171814679, 51.491756240183406 ], [ -1.037405465023564, 51.483852720186562 ], [ -1.037949023560748, 51.475833098982477 ], [ -1.013997807530854, 51.466295177345984 ], [ -0.996151566816025, 51.46983324803152 ], [ -0.967824714625489, 51.460942195008442 ], [ -0.949835439161804, 51.459536813500321 ], [ -0.92339983374259, 51.467197174244959 ], [ -0.897811495728586, 51.486879587884758 ], [ -0.892344658846533, 51.496932965502566 ], [ -0.87193890443591, 51.507583935065988 ], [ -0.880602729313052, 51.514099704188439 ], [ -0.878678100914104, 51.523595412986609 ], [ -0.896338989052648, 51.533758818292043 ], [ -0.90015936913481, 51.540251930268212 ], [ -0.893629924919374, 51.549322495741698 ], [ -0.902283121958942, 51.551772312686353 ], [ -0.92771702099149, 51.568100888579941 ], [ -0.938394019537204, 51.571183585031214 ], [ -0.941444598086628, 51.585502343215701 ], [ -0.92471266101984, 51.590944908750707 ], [ -0.920044098207384, 51.603548316106277 ], [ -0.943227499896063, 51.605238868728819 ], [ -0.939566844500511, 51.618533980415187 ], [ -0.94989591722584, 51.629178637150929 ], [ -0.93784516536531, 51.635287265543468 ], [ -0.921401967475238, 51.624151847366257 ], [ -0.899755714759828, 51.631972175941407 ], [ -0.882645527335013, 51.626862663175856 ], [ -0.862397269414299, 51.626089644570257 ], [ -0.845671036580517, 51.640558805536834 ], [ -0.862001052226306, 51.659058863509493 ], [ -0.893766393784395, 51.679091567712469 ], [ -0.881889428613178, 51.684640349229539 ], [ -0.894681251793528, 51.692613428145293 ], [ -0.887224257809348, 51.703283999496477 ], [ -0.887736345817801, 51.718411013636363 ], [ -0.910512087622625, 51.731578925063232 ], [ -0.946864390239455, 51.726051319825402 ], [ -0.952800949230459, 51.730693181371372 ], [ -0.946486080544612, 51.749117359712059 ], [ -0.926972695791931, 51.754431744789535 ], [ -0.926074772501341, 51.760829693338373 ], [ -0.950060972539963, 51.757114518722737 ], [ -0.97386, 51.757992 ], [ -0.980804998371783, 51.753368162314331 ], [ -1.031969714991521, 51.757001572705498 ], [ -1.029638725243863, 51.745972650695293 ], [ -1.045301233347532, 51.744622404168922 ], [ -1.082851266584522, 51.764131636843565 ], [ -1.078893005074327, 51.771260358204749 ], [ -1.085732319900488, 51.781280118659978 ], [ -1.106291960495972, 51.781628859534521 ], [ -1.121937289941978, 51.787096147468176 ], [ -1.117381171766629, 51.799189611602372 ], [ -1.126291458157682, 51.809540168315621 ], [ -1.141934605106397, 51.818225934506032 ], [ -1.149238174187131, 51.831123681349304 ], [ -1.121645120596904, 51.845334768386017 ], [ -1.102525780975112, 51.840274057440809 ], [ -1.08627981651183, 51.831313653997185 ], [ -1.049046267290836, 51.83898398817049 ], [ -1.06203160243235, 51.844231021216231 ], [ -1.065051141057564, 51.869360754882145 ], [ -1.076636835317111, 51.87870128378092 ], [ -1.07051120214941, 51.888767249519205 ], [ -1.086110696384169, 51.89792610146322 ], [ -1.082650926353638, 51.92309715381446 ], [ -1.075703335613716, 51.93237851696388 ], [ -1.062050533246341, 51.935143882475046 ], [ -1.059361233898741, 51.949296421519904 ], [ -1.076011904642999, 51.943323147290279 ], [ -1.095248105193217, 51.957081477868513 ], [ -1.078130673058397, 51.981024255054635 ], [ -1.059056991968, 51.997894470472467 ], [ -1.061054069714924, 52.008603388857857 ], [ -1.089578684019685, 52.006280484651818 ], [ -1.093744426270181, 52.013315894437447 ], [ -1.11802012652818, 52.015421241984697 ] ] ] } },
{ "type": "Feature", "properties": { "hcs_county": "Pembroke", "abbr": "Pembs", "hcs_name": "Pembrokeshire", "hcs_code": "PMB", "hcs_number": 68, "county": "Pembrokeshire", "region": "Wales" }, "geometry": { "type": "MultiPolygon", "coordinates": [ [ [ [ -5.268740105126474, 51.735427224672755 ], [ -5.300482450933636, 51.745117887682937 ], [ -5.313134309324296, 51.739337893366162 ], [ -5.310942080856902, 51.732759853360434 ], [ -5.292965512664427, 51.728279089651217 ], [ -5.268740105126474, 51.735427224672755 ] ] ], [ [ [ -5.32976647481881, 51.877627461437918 ], [ -5.343871493850772, 51.876975769896163 ], [ -5.353119349059346, 51.865669335819405 ], [ -5.338599512306057, 51.854803401514381 ], [ -5.331453673704956, 51.86490516666732 ], [ -5.32976647481881, 51.877627461437918 ] ] ], [ [ [ -4.64550589242242, 51.733942864684266 ], [ -4.627292048688319, 51.750702649021754 ], [ -4.630578786144412, 51.756832000151995 ], [ -4.622619497738618, 51.768156535052292 ], [ -4.635112057177902, 51.770520970888334 ], [ -4.645424577929903, 51.778484264631928 ], [ -4.637177057469699, 51.789186544984275 ], [ -4.644580402026922, 51.79722291849604 ], [ -4.618287946122594, 51.807595444470408 ], [ -4.640729819078132, 51.824717249568877 ], [ -4.637316635810462, 51.832661814641341 ], [ -4.644706836522413, 51.839303140007218 ], [ -4.663095696118951, 51.8328296343308 ], [ -4.703770206492863, 51.851881226832433 ], [ -4.704156412470017, 51.839125788477872 ], [ -4.697405291178656, 51.829049763242395 ], [ -4.732253191483161, 51.831609514401208 ], [ -4.741358609987232, 51.836520931726433 ], [ -4.778844915977653, 51.833011288026526 ], [ -4.782351223838002, 51.840745644712307 ], [ -4.761433217767999, 51.855366618854703 ], [ -4.745312243701399, 51.845790762058456 ], [ -4.71885911768469, 51.858618703917806 ], [ -4.71852224295082, 51.871623452722552 ], [ -4.745424822868439, 51.882375285355174 ], [ -4.724106914763585, 51.911411563826867 ], [ -4.695718134388874, 51.9233778363322 ], [ -4.665204959885983, 51.92946287620434 ], [ -4.637475142289913, 51.918901531982208 ], [ -4.598844462731807, 51.941156067497957 ], [ -4.587255665086852, 51.931717414251963 ], [ -4.566547634347989, 51.937026549926394 ], [ -4.559996059079719, 51.946909165245458 ], [ -4.540810390784875, 51.956707897148853 ], [ -4.532732469050801, 51.954404663925175 ], [ -4.493055276535788, 51.962371795536178 ], [ -4.485594864126399, 51.975776147974081 ], [ -4.488109594188338, 51.989463003875969 ], [ -4.512321133972872, 51.994934972360603 ], [ -4.523272807646492, 52.011418324868515 ], [ -4.54560608997002, 52.018355217045453 ], [ -4.551257394782335, 52.038027454203082 ], [ -4.559621785707052, 52.043582799118674 ], [ -4.566821990092878, 52.057546925384315 ], [ -4.590908983460261, 52.058230103755221 ], [ -4.631307065813904, 52.056014548164541 ], [ -4.645057956166008, 52.080085866401376 ], [ -4.681625956329023, 52.085196449509738 ], [ -4.680187390790347, 52.099504941200671 ], [ -4.689463996873875, 52.107529619904021 ], [ -4.701808617347861, 52.105790974678882 ], [ -4.73122425980869, 52.117880736348582 ], [ -4.745349448516085, 52.095091426552017 ], [ -4.761649835004843, 52.078364520149563 ], [ -4.78543986419024, 52.061438598320414 ], [ -4.798324405737223, 52.05663456725123 ], [ -4.826619590776397, 52.05419072479954 ], [ -4.840775637901203, 52.046634087682818 ], [ -4.837952437326641, 52.020605000166675 ], [ -4.860105322718579, 52.022987151304598 ], [ -4.879187787943486, 52.020066915899555 ], [ -4.893952238046196, 52.023115804790315 ], [ -4.892882048801005, 52.029999618943627 ], [ -4.911587279032311, 52.034213273438148 ], [ -4.909482085715987, 52.021312415505811 ], [ -4.929223239609618, 52.008625330448787 ], [ -4.944511869255131, 52.00436340899104 ], [ -4.987024361519193, 51.999055754133195 ], [ -4.992916981640509, 52.004805267216845 ], [ -4.983647298401909, 52.014116662805549 ], [ -4.986622094525834, 52.022932914449818 ], [ -5.010398682073554, 52.022510897520192 ], [ -5.039249134914987, 52.027802444606877 ], [ -5.069928352038697, 52.030509261957597 ], [ -5.088373156336445, 52.014671043291784 ], [ -5.072219843274545, 52.004499358353577 ], [ -5.090216696672218, 51.995801212523631 ], [ -5.085766222644514, 51.968218889328419 ], [ -5.105007495068726, 51.968775478654237 ], [ -5.107045496881212, 51.962240971856616 ], [ -5.128017659347649, 51.959878253951253 ], [ -5.15573351464809, 51.952938078792933 ], [ -5.193588730840832, 51.95076927944384 ], [ -5.21004135773795, 51.932264473410491 ], [ -5.233661051006645, 51.930056662805335 ], [ -5.253699414626845, 51.916711685055851 ], [ -5.276518314102572, 51.911460817131172 ], [ -5.289200079149158, 51.914123993719699 ], [ -5.303449131782352, 51.908972044517192 ], [ -5.295925594679035, 51.893134783992359 ], [ -5.308914349432855, 51.878716582984978 ], [ -5.306003857016141, 51.863844640585519 ], [ -5.281620687826883, 51.865419491243266 ], [ -5.265574125808349, 51.871672823574258 ], [ -5.251582291537024, 51.868830282400616 ], [ -5.229429779061666, 51.873171638702445 ], [ -5.198549645637712, 51.867307560407063 ], [ -5.181726451487607, 51.868008671143549 ], [ -5.174539479500761, 51.8631876739665 ], [ -5.133812552717921, 51.862607974791139 ], [ -5.116733805051751, 51.843586354422456 ], [ -5.116156904949093, 51.827829639205262 ], [ -5.103949027914184, 51.812881777345467 ], [ -5.106740890575026, 51.799330221788942 ], [ -5.102055259084636, 51.783359654815747 ], [ -5.119643725901621, 51.768276272956314 ], [ -5.160217762562924, 51.772116876678858 ], [ -5.188210271713673, 51.755079278024731 ], [ -5.202060492929628, 51.750765699842951 ], [ -5.20541587355498, 51.738124837357738 ], [ -5.252035797939324, 51.737775407149769 ], [ -5.252778080798575, 51.733112953334995 ], [ -5.226572389741213, 51.722305261539411 ], [ -5.2145534655011, 51.723617553137771 ], [ -5.186474142828865, 51.707818640663646 ], [ -5.188145368405596, 51.689965522720293 ], [ -5.177385712902624, 51.683757164230443 ], [ -5.153263094694087, 51.69648177047948 ], [ -5.172999205126858, 51.714468753199114 ], [ -5.135772474811639, 51.712721649226019 ], [ -5.115491513052798, 51.713678454499615 ], [ -5.094588569079979, 51.720999537656887 ], [ -5.087772641920046, 51.707484015535634 ], [ -5.041367597597738, 51.707682484045534 ], [ -5.03405711984566, 51.71111454143945 ], [ -5.009007296549579, 51.702865255014864 ], [ -4.984989577690964, 51.699365904889298 ], [ -4.955619310392144, 51.707498036837443 ], [ -4.957601363223613, 51.697796438234306 ], [ -4.974776698930094, 51.686260369667337 ], [ -4.946050190388743, 51.679991483347074 ], [ -4.973094829496613, 51.673991053468121 ], [ -4.989082913381362, 51.688523012520626 ], [ -5.02099326773999, 51.691724358711767 ], [ -5.027419286282933, 51.694641513470344 ], [ -5.051128859454883, 51.693750972443318 ], [ -5.046086157056008, 51.676328580372818 ], [ -5.078417729052214, 51.679237079526288 ], [ -5.080119760065075, 51.689836953246157 ], [ -5.110007324773059, 51.692257510720616 ], [ -5.122783458873235, 51.680600954424321 ], [ -5.107053397608795, 51.668954095646782 ], [ -5.064814040824266, 51.663130801862515 ], [ -5.052328175202963, 51.645481904282455 ], [ -5.050090900429874, 51.634268492397965 ], [ -5.06193004381046, 51.62958600148756 ], [ -5.059252313706414, 51.620573688462429 ], [ -5.019633990972893, 51.613838686 ], [ -5.006573142817114, 51.608530930836856 ], [ -4.989464039280612, 51.612779944259856 ], [ -4.973469112918369, 51.606025968538695 ], [ -4.955270470042363, 51.603364903009059 ], [ -4.949465968873528, 51.598248049868069 ], [ -4.93059526362183, 51.598728296574635 ], [ -4.901015798041199, 51.614387259350003 ], [ -4.896757133906466, 51.628610066023043 ], [ -4.868701950285658, 51.638520716913341 ], [ -4.860886539235151, 51.647067380704598 ], [ -4.834770720403812, 51.64786496331336 ], [ -4.807170239499838, 51.644189662768923 ], [ -4.806491746420506, 51.639057652640275 ], [ -4.775157236127346, 51.63991868664435 ], [ -4.760397415555914, 51.646311458779415 ], [ -4.756694531691341, 51.653662558618208 ], [ -4.714437980709047, 51.652565037411563 ], [ -4.703014825867905, 51.668349151558665 ], [ -4.701786660755377, 51.67687313837736 ], [ -4.688008292154075, 51.699044263820149 ], [ -4.697396904113937, 51.711768054315904 ], [ -4.687761245966598, 51.721536776852879 ], [ -4.663373715268535, 51.731304721390238 ], [ -4.64550589242242, 51.733942864684266 ] ] ] ] } },
{ "type": "Feature", "properties": { "hcs_county": "Radnor", "abbr": "Rad", "hcs_name": "Radnorshire", "hcs_code": "RDN", "hcs_number": 70, "county": "Radnorshire", "region": "Wales" }, "geometry": { "type": "Polygon", "coordinates": [ [ [ -3.231371316301489, 52.453207095739131 ], [ -3.254132545711029, 52.463716613159555 ], [ -3.287125392415447, 52.458024538329269 ], [ -3.313366511669728, 52.443591860907475 ], [ -3.330131387064089, 52.445169159576515 ], [ -3.343382823408745, 52.43512043983629 ], [ -3.36664881575837, 52.4444158758008 ], [ -3.390920917088583, 52.44126441209378 ], [ -3.411959817175424, 52.430393837930062 ], [ -3.424268790358503, 52.412314476867522 ], [ -3.437451510848233, 52.402970585050767 ], [ -3.456726025210298, 52.40037537594079 ], [ -3.477220594473585, 52.390731162842457 ], [ -3.490267183812215, 52.391722615492355 ], [ -3.498747278614751, 52.404471803882835 ], [ -3.516183520519697, 52.408957639129078 ], [ -3.535536943194987, 52.405071776690683 ], [ -3.565891375610468, 52.382981091486151 ], [ -3.572245271415994, 52.373920969952557 ], [ -3.592867664637475, 52.372031659653906 ], [ -3.591165342070032, 52.361850364756428 ], [ -3.605858920790879, 52.360645757002189 ], [ -3.622105201200103, 52.368369911878297 ], [ -3.635704627459718, 52.370104728877799 ], [ -3.654766079547793, 52.356325256053843 ], [ -3.663677224706266, 52.354620466917346 ], [ -3.658515073598539, 52.347803571421515 ], [ -3.692016758132693, 52.339550475143064 ], [ -3.705026676366124, 52.341457424382931 ], [ -3.744965572974211, 52.31729455909462 ], [ -3.729212397062422, 52.308692704585106 ], [ -3.723550625865714, 52.287594653883275 ], [ -3.705960335758954, 52.275139253655361 ], [ -3.663587223747205, 52.268939493727949 ], [ -3.657253734636265, 52.256620552619587 ], [ -3.636521266559938, 52.251742334866726 ], [ -3.632850168309529, 52.247044524949501 ], [ -3.604439233411978, 52.240207140842806 ], [ -3.588130227291115, 52.251275367887885 ], [ -3.58782064565346, 52.259572391042475 ], [ -3.55887197366874, 52.278076105156011 ], [ -3.533132131303605, 52.289898398653143 ], [ -3.527881104046025, 52.283472965110917 ], [ -3.508436511964152, 52.275948972094653 ], [ -3.497106485878648, 52.253443158880145 ], [ -3.473316253005009, 52.253630156513665 ], [ -3.45623367324704, 52.24145918827346 ], [ -3.443483972972255, 52.219968925708535 ], [ -3.443139537335627, 52.211551532290088 ], [ -3.456377965729093, 52.207661006296938 ], [ -3.446273963283241, 52.196860203497792 ], [ -3.461087271095133, 52.185686862612357 ], [ -3.462624966515612, 52.177483300271895 ], [ -3.435330802800485, 52.169757000873268 ], [ -3.401419253400742, 52.150385254488128 ], [ -3.390465301075778, 52.155656692536901 ], [ -3.371357721005453, 52.152718686575859 ], [ -3.363322314799191, 52.143658331761749 ], [ -3.366644820341708, 52.13491120547053 ], [ -3.360438441506894, 52.12049098630559 ], [ -3.350447246791952, 52.113782441113017 ], [ -3.354410132552319, 52.101610632979927 ], [ -3.350261400650981, 52.090440210501058 ], [ -3.322241414250521, 52.079961738954886 ], [ -3.311665880873411, 52.08055575562507 ], [ -3.30001926922068, 52.068448315150107 ], [ -3.279895992932482, 52.054585568996018 ], [ -3.27271669204215, 52.039141766010424 ], [ -3.22575868373906, 52.033253634380223 ], [ -3.207668632273135, 52.043871187027158 ], [ -3.201033152781211, 52.043112916076332 ], [ -3.189924489784514, 52.057700871174738 ], [ -3.17213322610526, 52.057066521475008 ], [ -3.166601397549802, 52.071360614648597 ], [ -3.145317593462457, 52.070812846001154 ], [ -3.12580294374192, 52.078257594565869 ], [ -3.118853900111274, 52.088873474160415 ], [ -3.122755196825738, 52.102917143954812 ], [ -3.106508603541177, 52.104830174638771 ], [ -3.106521478236073, 52.118608902855584 ], [ -3.141245992271756, 52.129902586070934 ], [ -3.135962937555965, 52.137827943178451 ], [ -3.115285355091854, 52.139197144217469 ], [ -3.082648955282024, 52.148739049035029 ], [ -3.071564648678927, 52.158195510903781 ], [ -3.083464286735319, 52.163123344835938 ], [ -3.094613596795839, 52.155178560883243 ], [ -3.116885450029559, 52.160459224929852 ], [ -3.121991717594585, 52.166907918628738 ], [ -3.09506193862534, 52.183067233336914 ], [ -3.099988703670998, 52.202229819727464 ], [ -3.08821141861688, 52.206638817584569 ], [ -3.070348328400549, 52.229200237624525 ], [ -3.073986311958015, 52.234207709890953 ], [ -3.049168681360726, 52.238890616862875 ], [ -3.044251531299302, 52.253580758138632 ], [ -3.005831623542008, 52.264255245145762 ], [ -2.989068829647549, 52.260503522205227 ], [ -2.964583201516841, 52.262724018484661 ], [ -2.96712268216868, 52.27367603989903 ], [ -2.994588063743124, 52.273284426142027 ], [ -3.011784172585012, 52.277489896311927 ], [ -3.011980252477862, 52.288038918348995 ], [ -3.000557442228272, 52.303388010165399 ], [ -3.003788943817022, 52.311305752978178 ], [ -2.997083594147428, 52.32456543858062 ], [ -2.985784268547451, 52.323579255397945 ], [ -2.961653755136526, 52.335922417017194 ], [ -2.954681926726682, 52.349163202748144 ], [ -2.972635738036088, 52.354148735370856 ], [ -2.998183975884785, 52.351885235918225 ], [ -3.041218085718352, 52.344312240196857 ], [ -3.059697865765378, 52.347949022012862 ], [ -3.074167397264944, 52.357409325989991 ], [ -3.09206747862078, 52.362668058723791 ], [ -3.103908018354774, 52.373748210167875 ], [ -3.120212922557755, 52.377480622169905 ], [ -3.130494867577424, 52.384511556598731 ], [ -3.15453564881751, 52.387741223780829 ], [ -3.160548014126797, 52.399874731510586 ], [ -3.198845362347939, 52.416854350510768 ], [ -3.219118430433956, 52.421081107989387 ], [ -3.23067885328627, 52.430480282893548 ], [ -3.235532946183411, 52.442614371794875 ], [ -3.231371316301489, 52.453207095739131 ] ] ] } },
{ "type": "Feature", "properties": { "hcs_county": "Rutland", "abbr": "Rut", "hcs_name": "Rutland", "hcs_code": "RTL", "hcs_number": 74, "county": "Rutland", "region": "East Midlands" }, "geometry": { "type": "Polygon", "coordinates": [ [ [ -0.664083218627929, 52.756665734407839 ], [ -0.684424805008829, 52.753083253066279 ], [ -0.720256730253481, 52.740957360138843 ], [ -0.75328171763892, 52.736606944110392 ], [ -0.774852587256652, 52.744038374390634 ], [ -0.791957279241428, 52.740164184295701 ], [ -0.813497467336791, 52.729095967740029 ], [ -0.821471414041533, 52.715616747890294 ], [ -0.8002748942749, 52.707787159887999 ], [ -0.795845819489009, 52.696909918346201 ], [ -0.785481684137738, 52.693060001864801 ], [ -0.782253491008506, 52.66897190194117 ], [ -0.790100084311117, 52.667145663598077 ], [ -0.809709139958887, 52.644424691630256 ], [ -0.804519855483913, 52.632268956683077 ], [ -0.810963996393261, 52.625897614589825 ], [ -0.809485400856939, 52.615663106475466 ], [ -0.818820444864137, 52.61075177533619 ], [ -0.820654694335091, 52.597362668597349 ], [ -0.785982309844949, 52.595750258483854 ], [ -0.763444057338128, 52.578872132991698 ], [ -0.759903173915205, 52.564898799943336 ], [ -0.752821797877601, 52.563347125272557 ], [ -0.7389436043305, 52.547579736504517 ], [ -0.742259012100538, 52.539460172748697 ], [ -0.728536622649563, 52.535832469237775 ], [ -0.713709077995064, 52.524941979948721 ], [ -0.699629702808815, 52.535688194330405 ], [ -0.69781572885411, 52.545635283169091 ], [ -0.686626255364811, 52.547801601327848 ], [ -0.671186405438398, 52.563804349674975 ], [ -0.661317546938719, 52.568723335462288 ], [ -0.633356116049097, 52.573707673286521 ], [ -0.602963564161153, 52.588636303992551 ], [ -0.563092700837312, 52.586099607506377 ], [ -0.547782618643693, 52.606523531537185 ], [ -0.541190574505471, 52.624835416260126 ], [ -0.514680227460867, 52.643101516788306 ], [ -0.501634237901593, 52.640172675808259 ], [ -0.494962010025056, 52.64857106055711 ], [ -0.529360704830419, 52.657065413267432 ], [ -0.519048708846983, 52.666505686738638 ], [ -0.508229362278891, 52.660151403682967 ], [ -0.456299846812704, 52.670334945129262 ], [ -0.434036225404733, 52.683721083171093 ], [ -0.430441084203461, 52.705362332273602 ], [ -0.456230829018241, 52.709720625596731 ], [ -0.493205106718763, 52.710256241762245 ], [ -0.510689660497539, 52.718921354661092 ], [ -0.542474189621151, 52.72328073090393 ], [ -0.5400086288435, 52.738379767394598 ], [ -0.589534052903014, 52.753803864716275 ], [ -0.605463579281613, 52.750526206161297 ], [ -0.608598560974699, 52.759673921908913 ], [ -0.664083218627929, 52.756665734407839 ] ] ] } },
{ "type": "Feature", "properties": { "hcs_county": "Salop", "abbr": "Salop", "hcs_name": "Shropshire", "hcs_code": "SHP", "hcs_number": 77, "county": "Shropshire", "region": "West Midlands" }, "geometry": { "type": "Polygon", "coordinates": [ [ [ -2.332770044266381, 52.404474014845128 ], [ -2.343812073074225, 52.393292042420519 ], [ -2.372930919151895, 52.401973720216361 ], [ -2.362768818221688, 52.425763533252514 ], [ -2.363583687686609, 52.439458826668634 ], [ -2.338805285713535, 52.43588693848541 ], [ -2.310075799188867, 52.437886008386648 ], [ -2.306188699465249, 52.44589955829052 ], [ -2.293750577887698, 52.451257320433463 ], [ -2.288871545313074, 52.460713320504887 ], [ -2.295709299419562, 52.473917014008499 ], [ -2.31273936717115, 52.489159365848373 ], [ -2.307774297580659, 52.498375804273294 ], [ -2.291369945986894, 52.511683512944387 ], [ -2.240707554832696, 52.530820815869767 ], [ -2.265139078773004, 52.549005467024223 ], [ -2.278695847610552, 52.554224303063727 ], [ -2.261541435133235, 52.564911055960785 ], [ -2.26313815205282, 52.570599615293162 ], [ -2.281580736968889, 52.584451367930576 ], [ -2.322015780235944, 52.593629438460304 ], [ -2.323658, 52.613125 ], [ -2.309652844851265, 52.607396755447063 ], [ -2.279117947263401, 52.605878901606538 ], [ -2.255777678615871, 52.609909992119398 ], [ -2.246231860509151, 52.628047995151441 ], [ -2.236926789698187, 52.636017507855115 ], [ -2.232843507259361, 52.647702328527778 ], [ -2.244578214148086, 52.681002339873231 ], [ -2.264127861405604, 52.682778535709318 ], [ -2.273607068776164, 52.679771002044383 ], [ -2.303016163279727, 52.682962511729428 ], [ -2.313620708614377, 52.69543077156554 ], [ -2.342111463378715, 52.696098021397255 ], [ -2.361799054589797, 52.699383452698797 ], [ -2.353259961673699, 52.730946350892779 ], [ -2.319557655611783, 52.730657140007011 ], [ -2.312210235955461, 52.740805608993128 ], [ -2.330553849211744, 52.758028451954821 ], [ -2.35001771934945, 52.766185021855648 ], [ -2.365038968228118, 52.776678270623904 ], [ -2.374667162183492, 52.775698296944732 ], [ -2.379992993172765, 52.79439515670623 ], [ -2.371528510912635, 52.79504285514227 ], [ -2.377640785139406, 52.811646766280745 ], [ -2.416256137132206, 52.827110252210304 ], [ -2.40765460252053, 52.834569617364984 ], [ -2.396523607581353, 52.833909376722367 ], [ -2.388170343612481, 52.862578473011773 ], [ -2.381023084492831, 52.867269017126738 ], [ -2.386646486945532, 52.888583508649077 ], [ -2.411885303421566, 52.88791657117585 ], [ -2.425921311615399, 52.881999611137914 ], [ -2.451478717260523, 52.878191751207829 ], [ -2.495835200174106, 52.892338891032878 ], [ -2.482431203747926, 52.900747365190469 ], [ -2.470815113546951, 52.901449232059626 ], [ -2.455684206949753, 52.915587442477822 ], [ -2.436626154108613, 52.943895471851775 ], [ -2.42509142905632, 52.950006347975979 ], [ -2.404855443616061, 52.948394458808728 ], [ -2.399129906092359, 52.960660600836803 ], [ -2.387108988105969, 52.952716909397232 ], [ -2.377525058101987, 52.964458009068416 ], [ -2.38274837753032, 52.970638226276101 ], [ -2.368684738757634, 52.979326383249237 ], [ -2.380763085563663, 52.998369443885629 ], [ -2.410460799675119, 52.988055534918615 ], [ -2.438612663244315, 52.984636650346815 ], [ -2.434155429435801, 52.979567024308231 ], [ -2.452898855887379, 52.965439670470921 ], [ -2.481740265945076, 52.958888556764535 ], [ -2.498966892828717, 52.968445151705367 ], [ -2.507455776302411, 52.965462133682713 ], [ -2.521375048205504, 52.974336417863263 ], [ -2.525110507385678, 52.951975168246719 ], [ -2.513895852041071, 52.945456477145534 ], [ -2.516867008141562, 52.93280450709549 ], [ -2.527584229989829, 52.93077177580966 ], [ -2.535595293675299, 52.948457765454322 ], [ -2.561582652376017, 52.964311139555377 ], [ -2.578142023378463, 52.955744114382981 ], [ -2.597586499696466, 52.963012994144208 ], [ -2.595470497243423, 52.978891707582662 ], [ -2.608343188475192, 52.988146650053217 ], [ -2.621298128585764, 52.986597860497646 ], [ -2.628031204613854, 52.995149732707681 ], [ -2.648853324478941, 52.99573170299395 ], [ -2.664359285590635, 52.989012965589978 ], [ -2.684545421665153, 52.986166766195083 ], [ -2.70064138373168, 52.993405936726589 ], [ -2.715879788049871, 52.98438392267304 ], [ -2.726886572950517, 52.983256310567448 ], [ -2.735294098350265, 52.969931929707073 ], [ -2.726689400394798, 52.964768566059611 ], [ -2.728413871738689, 52.925184260425645 ], [ -2.755356938496379, 52.92459527458734 ], [ -2.801410626241233, 52.89676918065927 ], [ -2.812397065383895, 52.914155451344755 ], [ -2.838496985422709, 52.932179617709679 ], [ -2.840325235201732, 52.942049482981652 ], [ -2.883653271221111, 52.946659951714857 ], [ -2.896563287666316, 52.950889018279831 ], [ -2.908690884496859, 52.941919798920473 ], [ -2.93488752439112, 52.94177459272067 ], [ -2.959844910192119, 52.951202272074219 ], [ -2.96852036041481, 52.964181132700951 ], [ -2.982423328154248, 52.959070329187028 ], [ -3.009780698148825, 52.956179213524109 ], [ -3.031394352086553, 52.931436443998876 ], [ -3.076221104185639, 52.925495466226529 ], [ -3.095980979795001, 52.93031754823604 ], [ -3.108656659618964, 52.919910929512298 ], [ -3.116894797773281, 52.899803843055466 ], [ -3.147522531489894, 52.8902759670463 ], [ -3.152442777960122, 52.878761091840417 ], [ -3.127735829016741, 52.8671426262 ], [ -3.15398522188489, 52.854289708989675 ], [ -3.154086627375319, 52.832112587052691 ], [ -3.167890279562914, 52.819263018498056 ], [ -3.168425557691953, 52.807832856171075 ], [ -3.161410710367937, 52.803579386455375 ], [ -3.158445683780669, 52.793488411897961 ], [ -3.130991058293921, 52.787532986331357 ], [ -3.091400029050325, 52.785915406303211 ], [ -3.087875853894946, 52.779355503229148 ], [ -3.046453977409293, 52.767097509051382 ], [ -3.039594002951879, 52.770173008201112 ], [ -3.010626247491672, 52.761532960971891 ], [ -3.014158190647011, 52.754829447491019 ], [ -2.99770043117477, 52.743878557287886 ], [ -2.990039859094854, 52.733512210441241 ], [ -2.965628595291457, 52.732325515748933 ], [ -2.97542035877939, 52.722383573092912 ], [ -3.00062426058859, 52.720259513592318 ], [ -3.020269694336545, 52.72155989903618 ], [ -3.022609708589744, 52.706709872223634 ], [ -3.042751645979399, 52.686928306875465 ], [ -3.051892774735748, 52.647479847544574 ], [ -3.069590972632185, 52.645834583115949 ], [ -3.067815588621928, 52.63053402530889 ], [ -3.093614745125736, 52.609333772968192 ], [ -3.089337325480954, 52.599645812078229 ], [ -3.100490926023729, 52.597595077712171 ], [ -3.119200874764184, 52.585817849809963 ], [ -3.136026915391704, 52.586051102304104 ], [ -3.13772797860929, 52.573854857223843 ], [ -3.128599293972243, 52.567104473680033 ], [ -3.111502665422583, 52.541363031451631 ], [ -3.137151743718136, 52.533915761177859 ], [ -3.13158494628699, 52.527046211251871 ], [ -3.099985462133217, 52.530830672497601 ], [ -3.080755350454302, 52.539137296856822 ], [ -3.093948199361024, 52.544907804379129 ], [ -3.087280530564427, 52.551337347460866 ], [ -3.060414434848988, 52.555348142675491 ], [ -3.036334028213166, 52.571821326962151 ], [ -3.014122004720517, 52.575395941661299 ], [ -2.99761315980559, 52.563815228339912 ], [ -2.997712030859841, 52.548124331735323 ], [ -3.01073990613887, 52.520082577737114 ], [ -3.026900585269565, 52.523884403772485 ], [ -3.036460929337001, 52.511483971209778 ], [ -3.029228686855983, 52.501251799582001 ], [ -3.113869636204877, 52.498072949851291 ], [ -3.14059122161042, 52.491613163127056 ], [ -3.180666113633353, 52.473815793389733 ], [ -3.194537621566769, 52.476392635002995 ], [ -3.212038727102499, 52.468096253843221 ], [ -3.231371316301489, 52.453207095739131 ], [ -3.235532946183411, 52.442614371794875 ], [ -3.23067885328627, 52.430480282893548 ], [ -3.219118430433956, 52.421081107989387 ], [ -3.198845362347939, 52.416854350510768 ], [ -3.160548014126797, 52.399874731510586 ], [ -3.15453564881751, 52.387741223780829 ], [ -3.130494867577424, 52.384511556598731 ], [ -3.120212922557755, 52.377480622169905 ], [ -3.103908018354774, 52.373748210167875 ], [ -3.09206747862078, 52.362668058723791 ], [ -3.074167397264944, 52.357409325989991 ], [ -3.059697865765378, 52.347949022012862 ], [ -3.041218085718352, 52.344312240196857 ], [ -2.998183975884785, 52.351885235918225 ], [ -2.972635738036088, 52.354148735370856 ], [ -2.954681926726682, 52.349163202748144 ], [ -2.933305546965564, 52.350090084647903 ], [ -2.93880799770176, 52.361002061250723 ], [ -2.915117515259219, 52.368819681550825 ], [ -2.897861478440603, 52.367932155002919 ], [ -2.88650937658919, 52.378488325240426 ], [ -2.888411472333856, 52.385167661635506 ], [ -2.863731186516243, 52.388690721745029 ], [ -2.854918550668566, 52.395502907041489 ], [ -2.818806018622304, 52.391244755789479 ], [ -2.807372375331936, 52.375864421506009 ], [ -2.79422558088856, 52.370627166091978 ], [ -2.795456109782487, 52.35927381602599 ], [ -2.786651624362347, 52.357547908599962 ], [ -2.743832359695702, 52.359417243355374 ], [ -2.72326733199386, 52.363985540759622 ], [ -2.703341219339304, 52.362558674703763 ], [ -2.712214182663972, 52.35101296791116 ], [ -2.732733673556949, 52.355512077997354 ], [ -2.737811285148909, 52.343238357613728 ], [ -2.749540685287524, 52.33480791121 ], [ -2.737211890895029, 52.319481130938229 ], [ -2.726441948806143, 52.320294658828381 ], [ -2.712420717151181, 52.308108262985243 ], [ -2.689270120411054, 52.316189537192194 ], [ -2.669884868041908, 52.341387236094775 ], [ -2.659861898027576, 52.334750842145283 ], [ -2.643610473201105, 52.333830249002197 ], [ -2.61807552333872, 52.306922096381079 ], [ -2.594062691321478, 52.313827070511337 ], [ -2.564655195352707, 52.318420956980162 ], [ -2.562564249407361, 52.332484260166019 ], [ -2.537973518215521, 52.344299821282398 ], [ -2.522147466750172, 52.341882588117997 ], [ -2.504410134130617, 52.328222504173979 ], [ -2.481464876523125, 52.331651022074915 ], [ -2.486617724727075, 52.359027634276927 ], [ -2.454938103650015, 52.367935738972548 ], [ -2.426001257213372, 52.365813633603246 ], [ -2.409608958290657, 52.372584730144851 ], [ -2.411011173979768, 52.385175685207571 ], [ -2.378042934373044, 52.383093395048562 ], [ -2.367292324209236, 52.388080215919587 ], [ -2.343390080916108, 52.385910902301845 ], [ -2.322554507737699, 52.37621828823972 ], [ -2.326227416299528, 52.394519370099431 ], [ -2.332770044266381, 52.404474014845128 ] ] ] } },
{ "type": "Feature", "properties": { "hcs_county": "Somerset", "abbr": "Somer", "hcs_name": "Somerset", "hcs_code": "SMS", "hcs_number": 78, "county": "Somerset", "region": "South West England" }, "geometry": { "type": "Polygon", "coordinates": [ [ [ -3.053984581341282, 50.873019121230321 ], [ -3.035156652674295, 50.87703431444055 ], [ -3.014721274163389, 50.874190994113661 ], [ -2.994117623399595, 50.877578386192525 ], [ -2.98353643194035, 50.875673848000453 ], [ -2.979334473778212, 50.862963412417606 ], [ -2.964265561092934, 50.857055266395506 ], [ -2.972551348863567, 50.846156722801311 ], [ -2.969835248212303, 50.834207255553416 ], [ -2.954555612642934, 50.821335573675618 ], [ -2.944147984419668, 50.834293307768142 ], [ -2.903192648500093, 50.843765419650531 ], [ -2.886069050103449, 50.850543563107017 ], [ -2.872934383781931, 50.848449934511493 ], [ -2.86712954180282, 50.833890548770775 ], [ -2.856186813349868, 50.83221024459764 ], [ -2.838729624210448, 50.838169247675197 ], [ -2.844564356997737, 50.852482157991957 ], [ -2.793598933603461, 50.845415799144661 ], [ -2.782513332980599, 50.859509292240404 ], [ -2.723030038433001, 50.866222673757314 ], [ -2.714554578389619, 50.863942690380931 ], [ -2.695905097173219, 50.875923023734984 ], [ -2.67470196715447, 50.879182571529853 ], [ -2.658858826505605, 50.88681815314154 ], [ -2.630768223948462, 50.885763490862011 ], [ -2.617544020646223, 50.881064299284837 ], [ -2.609460846721575, 50.890835612311051 ], [ -2.624015813566954, 50.908058064074304 ], [ -2.617475985789613, 50.912279072615597 ], [ -2.611721338075607, 50.940140269928001 ], [ -2.599138987073286, 50.947717420419757 ], [ -2.598282287881754, 50.960296520109829 ], [ -2.583758665103891, 50.958642755579248 ], [ -2.559811920011577, 50.96267575330242 ], [ -2.542988236231034, 50.972355463633285 ], [ -2.528712041466755, 50.974915084749163 ], [ -2.492224572213244, 50.974802315208898 ], [ -2.476254677016834, 50.961196535084788 ], [ -2.47224919515039, 50.949443822765389 ], [ -2.460518895730578, 50.947386530585149 ], [ -2.443624462697609, 50.958389500268758 ], [ -2.44710129641653, 50.967842351397891 ], [ -2.428048451908364, 50.971422879165921 ], [ -2.41489183366563, 50.96057844477221 ], [ -2.397067829923316, 50.968428007115342 ], [ -2.344918362487526, 50.980322974891337 ], [ -2.356849203893623, 50.99136737773015 ], [ -2.376968012029576, 50.990795999019902 ], [ -2.381408243243709, 51.004914111437593 ], [ -2.360673664440086, 51.025142180503337 ], [ -2.330103164426978, 51.041194426608747 ], [ -2.333185032424958, 51.051386716988752 ], [ -2.349572730135429, 51.061557190054323 ], [ -2.34707160435427, 51.072738702549188 ], [ -2.325856278557352, 51.079681768480967 ], [ -2.321446325886579, 51.09164393526023 ], [ -2.32750858256805, 51.104041306813315 ], [ -2.359718339380669, 51.106600724905469 ], [ -2.362923770280358, 51.115736271077274 ], [ -2.34559614622277, 51.12018024785182 ], [ -2.32057982480376, 51.118554507009485 ], [ -2.290446970180234, 51.113853689055183 ], [ -2.267616330655078, 51.121907735235439 ], [ -2.27923755894191, 51.131324861825874 ], [ -2.290812126638138, 51.148191748101517 ], [ -2.304134815570934, 51.152175481825253 ], [ -2.314912977287973, 51.160755246901232 ], [ -2.311158446399127, 51.167257136848413 ], [ -2.281325135534435, 51.197451267873177 ], [ -2.266953676397432, 51.216753665307671 ], [ -2.268087143798314, 51.224072603352198 ], [ -2.26092217760485, 51.23900610311496 ], [ -2.245299071226621, 51.253923460720159 ], [ -2.245192242437709, 51.272499835385695 ], [ -2.25345786402563, 51.289826588381473 ], [ -2.279669834585699, 51.293014094544809 ], [ -2.276140172109567, 51.318746598244871 ], [ -2.284818006158778, 51.31779744754801 ], [ -2.289664867028452, 51.33031112380349 ], [ -2.3317681606058, 51.352126985185031 ], [ -2.299996003037365, 51.362131663036706 ], [ -2.290411880603984, 51.373952945500896 ], [ -2.297381294506736, 51.384615164636024 ], [ -2.29079199045995, 51.405747124148661 ], [ -2.278543605484677, 51.41591449430728 ], [ -2.294646280017111, 51.428802792330892 ], [ -2.31414456997086, 51.429159362659149 ], [ -2.324988991416859, 51.437015829693593 ], [ -2.343202704638055, 51.439441343107248 ], [ -2.377295830446373, 51.432904237158077 ], [ -2.403116004182403, 51.431635262571938 ], [ -2.409943674416445, 51.426521208950923 ], [ -2.445763731907538, 51.421800098776679 ], [ -2.469087902172548, 51.415913819872358 ], [ -2.491937705973476, 51.429106894710799 ], [ -2.508841974698005, 51.428470128584173 ], [ -2.527381467239288, 51.436471314708314 ], [ -2.543245734247998, 51.455630535703698 ], [ -2.571903713133154, 51.443100495361321 ], [ -2.591994855539614, 51.449549134361916 ], [ -2.623870480034352, 51.447077201294789 ], [ -2.633631296202991, 51.4672697963274 ], [ -2.64473135282233, 51.47041486691537 ], [ -2.66072189068348, 51.486996616459962 ], [ -2.67496271691456, 51.480093104268562 ], [ -2.693132486535548, 51.489119209804699 ], [ -2.723188089804176, 51.501577033360505 ], [ -2.733921625775118, 51.494194594197488 ], [ -2.771813296181249, 51.494802908633538 ], [ -2.783775583490244, 51.487141074115286 ], [ -2.799855962235755, 51.485194918064664 ], [ -2.829907792879714, 51.465471877986289 ], [ -2.850766606759266, 51.454355104698294 ], [ -2.866747298463319, 51.436661881171631 ], [ -2.878855484028294, 51.432075924491713 ], [ -2.887256061391712, 51.415530750065074 ], [ -2.913956938799601, 51.395305301886815 ], [ -2.940193271929793, 51.39812996759477 ], [ -2.971656965128838, 51.386197263669175 ], [ -2.962442414267042, 51.382281428540686 ], [ -2.964857763788374, 51.366172483818424 ], [ -2.994224942491534, 51.356982795727575 ], [ -2.982802265607628, 51.349589050005456 ], [ -2.992433328218781, 51.320378270324589 ], [ -3.011226603216547, 51.320322108029529 ], [ -3.011578950239636, 51.30765180407203 ], [ -3.021433066367384, 51.264970704233228 ], [ -2.999278344451203, 51.238653162058966 ], [ -3.003125399250187, 51.221637085923888 ], [ -3.02445929495734, 51.212214474475971 ], [ -3.032386151948752, 51.217485808109885 ], [ -3.059291157358063, 51.203745961868776 ], [ -3.076108154747337, 51.201311606460251 ], [ -3.100780781723519, 51.208387247436185 ], [ -3.125735032710474, 51.210899459091209 ], [ -3.156197408194893, 51.208192843681879 ], [ -3.180943432458454, 51.199744926860205 ], [ -3.202080061726273, 51.201407595566955 ], [ -3.21623425814479, 51.194336992655238 ], [ -3.2559339796463, 51.187773190018802 ], [ -3.275881120638772, 51.179794473298763 ], [ -3.296571534821779, 51.182216159099731 ], [ -3.307265481179202, 51.179775304011223 ], [ -3.336401068609942, 51.183312125721663 ], [ -3.352624212776316, 51.181576580256305 ], [ -3.372728183516898, 51.184839791972067 ], [ -3.407970182047526, 51.183011862204367 ], [ -3.432573170467517, 51.19569632454504 ], [ -3.447967960043803, 51.208955033842699 ], [ -3.472880382732915, 51.209309998070438 ], [ -3.478650660105195, 51.216791480416511 ], [ -3.533512819687914, 51.230638577327845 ], [ -3.55505530628628, 51.233258370962147 ], [ -3.578699054258109, 51.232131282101491 ], [ -3.592391499616048, 51.222636161264141 ], [ -3.624319422523198, 51.217579728626141 ], [ -3.640862481440404, 51.222894952486669 ], [ -3.720786304314694, 51.233075959541821 ], [ -3.733159927248013, 51.222734013645891 ], [ -3.726232513621382, 51.199179178973303 ], [ -3.73205748363691, 51.190884597537952 ], [ -3.723827291835618, 51.180882297711626 ], [ -3.746140904585491, 51.175570808435332 ], [ -3.757675997101408, 51.177254100264037 ], [ -3.782420262313318, 51.172230608787437 ], [ -3.817583809469018, 51.178508303421211 ], [ -3.839789571710478, 51.176658199757362 ], [ -3.834523190194733, 51.138423617306962 ], [ -3.804415300899694, 51.115770575019027 ], [ -3.767312632510124, 51.105814108673286 ], [ -3.738545095905531, 51.088671163994043 ], [ -3.72004479056742, 51.080873433707325 ], [ -3.692401677076305, 51.080546977680861 ], [ -3.680321880218735, 51.07266172286748 ], [ -3.650211260212956, 51.064068863909277 ], [ -3.635186514437642, 51.056276273221691 ], [ -3.624332337861035, 51.061245272169614 ], [ -3.604817061285134, 51.05752848863024 ], [ -3.597415646195185, 51.041742160597352 ], [ -3.61077074703428, 51.024516829296559 ], [ -3.614605746044558, 51.012822395727078 ], [ -3.609706209360783, 51.007968000405882 ], [ -3.571078804330169, 51.004694548038906 ], [ -3.527824014880227, 51.005455910472307 ], [ -3.518870444040843, 51.014831017059976 ], [ -3.51985134695262, 51.025529463481725 ], [ -3.483296405355542, 51.033877563190785 ], [ -3.463685042675495, 51.025264356860603 ], [ -3.421364517661875, 51.030811275179261 ], [ -3.414134890529954, 51.019688289024323 ], [ -3.380539012383923, 51.018526391576863 ], [ -3.38341639152124, 50.994292941806272 ], [ -3.378650082610966, 50.977540761379032 ], [ -3.359774927983555, 50.978069925084156 ], [ -3.333311695304055, 50.982616706903499 ], [ -3.323461133002144, 50.974472367535675 ], [ -3.284598275616017, 50.953777728926809 ], [ -3.254956757976199, 50.941917894039442 ], [ -3.218385456311699, 50.943246753065502 ], [ -3.189126757123227, 50.948547560734674 ], [ -3.163959622243595, 50.947917249797477 ], [ -3.140177352999783, 50.937150046133858 ], [ -3.120420442251338, 50.934916372098378 ], [ -3.102710073118805, 50.917027836429462 ], [ -3.104632086270072, 50.903868999580666 ], [ -3.0525497260545, 50.908593670720613 ], [ -3.055668250676754, 50.891130669926604 ], [ -3.053984581341282, 50.873019121230321 ] ] ] } },
{ "type": "Feature", "properties": { "hcs_county": "Stafford", "abbr": "Staffs", "hcs_name": "Staffordshire", "hcs_code": "STF", "hcs_number": 79, "county": "Staffordshire", "region": "West Midlands" }, "geometry": { "type": "Polygon", "coordinates": [ [ [ -1.616920159197497, 52.708713821304585 ], [ -1.624519457292926, 52.700770370315233 ], [ -1.654329459315061, 52.699937975603106 ], [ -1.659358734546809, 52.714076966022333 ], [ -1.688850901242808, 52.706891804065229 ], [ -1.707687971221926, 52.711984368721048 ], [ -1.715877122915778, 52.727090584427359 ], [ -1.700407489814902, 52.73383542830608 ], [ -1.707608323771945, 52.744824719850975 ], [ -1.703546293895244, 52.751317290908737 ], [ -1.687350175523568, 52.757747413664958 ], [ -1.682495209239965, 52.769849688820337 ], [ -1.670000709673915, 52.773805329233056 ], [ -1.665789716580448, 52.7853895686805 ], [ -1.648510158938493, 52.779772895582553 ], [ -1.624662620036817, 52.795623002202618 ], [ -1.620768351091644, 52.809095806724969 ], [ -1.610449390554041, 52.815306186845504 ], [ -1.598998766801815, 52.831263070031113 ], [ -1.61920769279157, 52.846013950018104 ], [ -1.636746416312952, 52.853183951370333 ], [ -1.664118812897342, 52.854712273310881 ], [ -1.670494508427129, 52.861203538112541 ], [ -1.69035090754649, 52.865289686070369 ], [ -1.715881593850051, 52.864649198836105 ], [ -1.725892320261105, 52.859806422856913 ], [ -1.760326195925786, 52.8789416987143 ], [ -1.810688515172112, 52.880705613753278 ], [ -1.832458431172086, 52.886860235626045 ], [ -1.84045512379349, 52.901671623035739 ], [ -1.853081354985094, 52.935329106374098 ], [ -1.831958984408405, 52.941792533681031 ], [ -1.820102049346117, 52.952846014615361 ], [ -1.820553422102446, 52.962629131525567 ], [ -1.830207215858224, 52.971410298044418 ], [ -1.820354890117032, 52.979560821434639 ], [ -1.806589212056147, 52.980244410647572 ], [ -1.78460550517643, 52.994689438566589 ], [ -1.759047401546427, 53.001063635209086 ], [ -1.766249717663264, 53.007381647969083 ], [ -1.75771234278025, 53.017317749363471 ], [ -1.760056390612178, 53.038912234113305 ], [ -1.778796755088623, 53.043052845383173 ], [ -1.783088569011467, 53.061397891409598 ], [ -1.793949771740846, 53.088790187290705 ], [ -1.783063781465709, 53.093059300897181 ], [ -1.7878651055942, 53.109177577531433 ], [ -1.800813826965824, 53.115014814427582 ], [ -1.811864147605126, 53.131523664161215 ], [ -1.821431209220807, 53.135796725691407 ], [ -1.816244973313766, 53.158763481955553 ], [ -1.832043357182965, 53.172780147100525 ], [ -1.872054199426859, 53.193944872392613 ], [ -1.897519546093609, 53.200301947834802 ], [ -1.909478675803754, 53.198826609716761 ], [ -1.938324051221791, 53.211965249670641 ], [ -1.956712036484625, 53.213743246243446 ], [ -1.962382807640293, 53.226194163100033 ], [ -1.987359772051254, 53.213619059072883 ], [ -2.001757884686675, 53.192953044289013 ], [ -2.016379674885886, 53.189287110833753 ], [ -2.028834224050936, 53.193392468394663 ], [ -2.047393278646733, 53.192287257339181 ], [ -2.071113907679123, 53.171968252490053 ], [ -2.11543965117401, 53.169538386339923 ], [ -2.140269119889312, 53.183879195378942 ], [ -2.151042225964761, 53.159666408448338 ], [ -2.173892494486373, 53.146835249872332 ], [ -2.217125133046107, 53.109757120131512 ], [ -2.234712335075771, 53.10338671350258 ], [ -2.247159503927661, 53.089692350164853 ], [ -2.277056090315848, 53.085934353108527 ], [ -2.29485534647216, 53.078323948257605 ], [ -2.318040528437544, 53.081401423433114 ], [ -2.348566271073869, 53.055851073901295 ], [ -2.362131616267429, 53.060442787321222 ], [ -2.374894903853703, 53.05681660069525 ], [ -2.383798793493971, 53.040963186805477 ], [ -2.384028919823121, 53.031788883226511 ], [ -2.365667825645169, 53.016861053083709 ], [ -2.383035993810452, 53.007677919692469 ], [ -2.380763085563663, 52.998369443885629 ], [ -2.368684738757634, 52.979326383249237 ], [ -2.38274837753032, 52.970638226276101 ], [ -2.377525058101987, 52.964458009068416 ], [ -2.387108988105969, 52.952716909397232 ], [ -2.399129906092359, 52.960660600836803 ], [ -2.404855443616061, 52.948394458808728 ], [ -2.42509142905632, 52.950006347975979 ], [ -2.436626154108613, 52.943895471851775 ], [ -2.455684206949753, 52.915587442477822 ], [ -2.470815113546951, 52.901449232059626 ], [ -2.482431203747926, 52.900747365190469 ], [ -2.495835200174106, 52.892338891032878 ], [ -2.451478717260523, 52.878191751207829 ], [ -2.425921311615399, 52.881999611137914 ], [ -2.411885303421566, 52.88791657117585 ], [ -2.386646486945532, 52.888583508649077 ], [ -2.381023084492831, 52.867269017126738 ], [ -2.388170343612481, 52.862578473011773 ], [ -2.396523607581353, 52.833909376722367 ], [ -2.40765460252053, 52.834569617364984 ], [ -2.416256137132206, 52.827110252210304 ], [ -2.377640785139406, 52.811646766280745 ], [ -2.371528510912635, 52.79504285514227 ], [ -2.379992993172765, 52.79439515670623 ], [ -2.374667162183492, 52.775698296944732 ], [ -2.365038968228118, 52.776678270623904 ], [ -2.35001771934945, 52.766185021855648 ], [ -2.330553849211744, 52.758028451954821 ], [ -2.312210235955461, 52.740805608993128 ], [ -2.319557655611783, 52.730657140007011 ], [ -2.353259961673699, 52.730946350892779 ], [ -2.361799054589797, 52.699383452698797 ], [ -2.342111463378715, 52.696098021397255 ], [ -2.313620708614377, 52.69543077156554 ], [ -2.303016163279727, 52.682962511729428 ], [ -2.273607068776164, 52.679771002044383 ], [ -2.264127861405604, 52.682778535709318 ], [ -2.244578214148086, 52.681002339873231 ], [ -2.232843507259361, 52.647702328527778 ], [ -2.236926789698187, 52.636017507855115 ], [ -2.246231860509151, 52.628047995151441 ], [ -2.255777678615871, 52.609909992119398 ], [ -2.279117947263401, 52.605878901606538 ], [ -2.309652844851265, 52.607396755447063 ], [ -2.323658, 52.613125 ], [ -2.322015780235944, 52.593629438460304 ], [ -2.281580736968889, 52.584451367930576 ], [ -2.26313815205282, 52.570599615293162 ], [ -2.261541435133235, 52.564911055960785 ], [ -2.278695847610552, 52.554224303063727 ], [ -2.265139078773004, 52.549005467024223 ], [ -2.240707554832696, 52.530820815869767 ], [ -2.291369945986894, 52.511683512944387 ], [ -2.307774297580659, 52.498375804273294 ], [ -2.31273936717115, 52.489159365848373 ], [ -2.295709299419562, 52.473917014008499 ], [ -2.288871545313074, 52.460713320504887 ], [ -2.293750577887698, 52.451257320433463 ], [ -2.306188699465249, 52.44589955829052 ], [ -2.310075799188867, 52.437886008386648 ], [ -2.338805285713535, 52.43588693848541 ], [ -2.363583687686609, 52.439458826668634 ], [ -2.362768818221688, 52.425763533252514 ], [ -2.372930919151895, 52.401973720216361 ], [ -2.343812073074225, 52.393292042420519 ], [ -2.332770044266381, 52.404474014845128 ], [ -2.346697541650252, 52.408077135093905 ], [ -2.342214742375757, 52.415413347092674 ], [ -2.296779617316926, 52.424297057225267 ], [ -2.294926118213851, 52.43082914206304 ], [ -2.279404975430734, 52.443423741558895 ], [ -2.261505842398758, 52.437310557874021 ], [ -2.216664545645763, 52.434568812293215 ], [ -2.192919051717593, 52.42328611686294 ], [ -2.185878395003727, 52.426224401812533 ], [ -2.164130809415465, 52.423700074457074 ], [ -2.176420860419317, 52.455801921687723 ], [ -2.16749899492696, 52.471540874272385 ], [ -2.144501312926082, 52.458272363185365 ], [ -2.116517570233252, 52.462517335882275 ], [ -2.099079894742973, 52.468549628045551 ], [ -2.072016023564184, 52.460655345621689 ], [ -2.055353519763286, 52.462620483718354 ], [ -2.031677737071302, 52.480394622871628 ], [ -2.027517989568349, 52.489094468961184 ], [ -2.041658, 52.499279 ], [ -2.020725914315563, 52.511475814039414 ], [ -1.999565268494087, 52.506798212829551 ], [ -1.985669406732564, 52.48885135147993 ], [ -1.975440098996302, 52.482571348862088 ], [ -1.973586532486726, 52.469524709147755 ], [ -1.982397581112896, 52.461351645544092 ], [ -1.979065263515497, 52.448532758993501 ], [ -1.945297615641838, 52.446520235183677 ], [ -1.944607810792056, 52.463266810391858 ], [ -1.969315770879065, 52.477398343243351 ], [ -1.952701300520462, 52.483231110173797 ], [ -1.943818705186984, 52.498766252357086 ], [ -1.89511935832105, 52.505793873930173 ], [ -1.880928213768212, 52.514635645234378 ], [ -1.890583806790855, 52.53059863322062 ], [ -1.856645582245432, 52.546169851675728 ], [ -1.877956541278026, 52.564581975361698 ], [ -1.875831149725168, 52.580714352655008 ], [ -1.853964595231758, 52.595482950903083 ], [ -1.848375954278868, 52.604848693081394 ], [ -1.819165088147842, 52.609244058913696 ], [ -1.794927013607495, 52.599281897792459 ], [ -1.788035435077952, 52.587884559522429 ], [ -1.742373544432955, 52.594309676576451 ], [ -1.737481084600046, 52.588961453152976 ], [ -1.703937453390024, 52.587580117157962 ], [ -1.688995877644048, 52.606298529557861 ], [ -1.696549244205591, 52.625961510685983 ], [ -1.693910597908779, 52.640786963671182 ], [ -1.681434213420822, 52.648710766585637 ], [ -1.663339792243853, 52.652140366056678 ], [ -1.627997508437859, 52.663484077029096 ], [ -1.589520324827706, 52.687285207796577 ], [ -1.587060651014468, 52.694301114806208 ], [ -1.616920159197497, 52.708713821304585 ] ] ] } },
{ "type": "Feature", "properties": { "hcs_county": "Suffolk", "abbr": "Suff", "hcs_name": "Suffolk", "hcs_code": "SFF", "hcs_number": 81, "county": "Suffolk", "region": "East of England" }, "geometry": { "type": "Polygon", "coordinates": [ [ [ 1.732609656321446, 52.569549299524446 ], [ 1.724675910656888, 52.604536512036915 ], [ 1.710882369840404, 52.611974275490432 ], [ 1.652831764361748, 52.596568935248392 ], [ 1.646661653690567, 52.58729595035625 ], [ 1.649789580895175, 52.578115687529518 ], [ 1.633934504286379, 52.572284689256762 ], [ 1.633070452788712, 52.560866987829719 ], [ 1.620344064574497, 52.551744738558341 ], [ 1.607382262921176, 52.548223840713881 ], [ 1.608301460383737, 52.540880903851139 ], [ 1.629751400549432, 52.521552423393906 ], [ 1.647240815556757, 52.513676933181287 ], [ 1.654726128700319, 52.501236515591216 ], [ 1.6692765904006, 52.503809481470597 ], [ 1.681961013833658, 52.490062519902068 ], [ 1.658747144708679, 52.468356418867891 ], [ 1.645457727695321, 52.471712384207983 ], [ 1.63508417818391, 52.463208188200959 ], [ 1.606704135998487, 52.466811984896893 ], [ 1.587599764679128, 52.478612834764 ], [ 1.568225156553084, 52.474728775455418 ], [ 1.55890772466573, 52.458050142297253 ], [ 1.535820577410696, 52.466193671240212 ], [ 1.506834028324189, 52.462447438071024 ], [ 1.483407619580596, 52.471758181203789 ], [ 1.464534496622581, 52.464644376057841 ], [ 1.458672418227356, 52.458083478481846 ], [ 1.439989590840555, 52.45719942973782 ], [ 1.422996703803837, 52.471205170855455 ], [ 1.410818519577404, 52.462137463536415 ], [ 1.430633367722188, 52.456978606070919 ], [ 1.434945838155324, 52.447887158766171 ], [ 1.397273765851551, 52.440629101305639 ], [ 1.386520931955136, 52.432160168927432 ], [ 1.357744607988391, 52.424161856861197 ], [ 1.360824474859944, 52.412907584024062 ], [ 1.352433236502313, 52.410646207232595 ], [ 1.330462449663922, 52.393471810077081 ], [ 1.310609999233663, 52.387964718956049 ], [ 1.286620204337585, 52.390780966487959 ], [ 1.260185689442882, 52.371180841355418 ], [ 1.232890899431753, 52.36478403073076 ], [ 1.215037728255015, 52.355703756788515 ], [ 1.192566313518728, 52.361056398053037 ], [ 1.155518154438177, 52.361495890944816 ], [ 1.111813481641826, 52.371658956937587 ], [ 1.075622906962649, 52.373041719773546 ], [ 1.067947753147445, 52.378544539728772 ], [ 1.007674760282596, 52.375904561825351 ], [ 0.980234374440482, 52.369532210124611 ], [ 0.956777893834918, 52.371929583260595 ], [ 0.936391085733202, 52.386639064899576 ], [ 0.924169484504244, 52.389554294382343 ], [ 0.907791448232295, 52.386264831525317 ], [ 0.88112492533432, 52.39176930304113 ], [ 0.865676593748874, 52.390534975871184 ], [ 0.855267921523584, 52.399490174518171 ], [ 0.836662482457093, 52.400447557306734 ], [ 0.823136534496415, 52.393737993402659 ], [ 0.785900246887603, 52.386470395679446 ], [ 0.760676439122677, 52.386795549846845 ], [ 0.746961808995589, 52.383361943742926 ], [ 0.74089669964446, 52.391399255466489 ], [ 0.755166175818007, 52.40652468160058 ], [ 0.746742194838029, 52.413541189958508 ], [ 0.720748934433059, 52.419183292115555 ], [ 0.726599291394501, 52.435259573301437 ], [ 0.720702559712107, 52.449101802028046 ], [ 0.693432709561789, 52.451106984191682 ], [ 0.663864154399519, 52.462193442855437 ], [ 0.642370647745496, 52.451110324386889 ], [ 0.6156041495321, 52.448961768813227 ], [ 0.59705035878566, 52.454270078847344 ], [ 0.582478353741463, 52.451808305620268 ], [ 0.549312512467909, 52.454402928855117 ], [ 0.531768084243033, 52.453444602778902 ], [ 0.495500052216377, 52.447285841783 ], [ 0.466825946971385, 52.44594007518824 ], [ 0.450008219227085, 52.447762581111292 ], [ 0.429298968096893, 52.436440408216441 ], [ 0.417759807680038, 52.4281910914845 ], [ 0.374691041450185, 52.409746917704254 ], [ 0.38428558058685, 52.392629315817061 ], [ 0.409655471484422, 52.360222382493021 ], [ 0.442593340357475, 52.34860061439506 ], [ 0.436643984640814, 52.33490354540357 ], [ 0.424195378978316, 52.32925091607639 ], [ 0.431365688092462, 52.315852631551557 ], [ 0.4566036843939, 52.316513815024834 ], [ 0.469347903337931, 52.30705164231199 ], [ 0.504747082028942, 52.286207832156208 ], [ 0.495041942917836, 52.272227777435333 ], [ 0.459248954501909, 52.265546752494828 ], [ 0.426131658688473, 52.254379324965953 ], [ 0.395312304602926, 52.280497726128083 ], [ 0.37922717562923, 52.282942728588459 ], [ 0.377905807159362, 52.291284729877923 ], [ 0.359186925030062, 52.289119595840617 ], [ 0.35061512908986, 52.282911212772134 ], [ 0.349965312156584, 52.273417640674388 ], [ 0.339937889113447, 52.26776278553217 ], [ 0.379280972939669, 52.231119848462903 ], [ 0.426919835682212, 52.253607196813157 ], [ 0.443893662875667, 52.242125391367559 ], [ 0.4557941982356, 52.247207617972059 ], [ 0.477957005580506, 52.234473274975258 ], [ 0.494918500173289, 52.239292419885714 ], [ 0.512953532529798, 52.228217002464582 ], [ 0.512570830007782, 52.214071596151499 ], [ 0.503065238759504, 52.207048553787672 ], [ 0.493205652821286, 52.17553009637556 ], [ 0.472277985920629, 52.163846224634867 ], [ 0.462809319352649, 52.170862448563923 ], [ 0.444496149077891, 52.171084331212874 ], [ 0.435901258410515, 52.159504346070776 ], [ 0.421836143393295, 52.160341289979186 ], [ 0.417458237168448, 52.133138272475755 ], [ 0.404848062387873, 52.129529067565549 ], [ 0.38956983798063, 52.117507718922226 ], [ 0.38180512634, 52.102693975537179 ], [ 0.392650735962391, 52.095326359415985 ], [ 0.390864691039811, 52.088516925987584 ], [ 0.402965943124693, 52.078191110460267 ], [ 0.404582564095651, 52.065500407464597 ], [ 0.429143750443916, 52.068333827253589 ], [ 0.432044975495924, 52.077463516766976 ], [ 0.460563060590317, 52.085435774353449 ], [ 0.489783608098143, 52.087777435978829 ], [ 0.493087172931161, 52.072099323990031 ], [ 0.487852558994582, 52.062368627849459 ], [ 0.504608844863474, 52.054459744123186 ], [ 0.546486783357667, 52.059954759952696 ], [ 0.551246399809871, 52.068644723338032 ], [ 0.599783331987205, 52.075560123858487 ], [ 0.607330861740901, 52.080910050363649 ], [ 0.620335158137106, 52.076938768342664 ], [ 0.634404432210652, 52.086248024593537 ], [ 0.651863002039417, 52.08314280096274 ], [ 0.687572791823017, 52.085663333961854 ], [ 0.711923130918045, 52.072299446764688 ], [ 0.703404101555445, 52.065754917359207 ], [ 0.717080891671499, 52.047868222751383 ], [ 0.720440092457205, 52.035581606163653 ], [ 0.741813, 52.028214 ], [ 0.737835726502202, 52.012287522747783 ], [ 0.760904462941523, 51.997610259817208 ], [ 0.762312535219343, 51.983917785258278 ], [ 0.770953417737063, 51.982048681064803 ], [ 0.774190958580551, 51.969716845745218 ], [ 0.787409116888839, 51.963134798182153 ], [ 0.813423040670965, 51.961564309758565 ], [ 0.825106509388715, 51.968428371072015 ], [ 0.850241154346843, 51.960725281720144 ], [ 0.864260147333207, 51.968501609074977 ], [ 0.879707542424359, 51.966479354011305 ], [ 0.895659378940908, 51.972149196320849 ], [ 0.916718436776622, 51.973911337891352 ], [ 0.94155514484963, 51.970809607641016 ], [ 0.962754160658447, 51.977135391043475 ], [ 0.973391450747967, 51.961129299048189 ], [ 1.004316841831101, 51.962245676335741 ], [ 1.020055762660831, 51.954048975419148 ], [ 1.047617438483631, 51.959499839516397 ], [ 1.063635561115822, 51.947406562983126 ], [ 1.08308789051457, 51.944548899881219 ], [ 1.130312470269598, 51.950700497288551 ], [ 1.156158004011079, 51.947813944543093 ], [ 1.179807687736912, 51.951882383625374 ], [ 1.219968516222309, 51.949198837732645 ], [ 1.223423394750945, 51.955547397385374 ], [ 1.245889179522292, 51.960960719768828 ], [ 1.268893357311282, 51.954575895849949 ], [ 1.294232737039434, 51.960912993560655 ], [ 1.327918235711857, 51.941337256329142 ], [ 1.345991469034174, 51.957748188132953 ], [ 1.370206028276066, 51.964749226745454 ], [ 1.394870393113652, 51.987430891277 ], [ 1.409029353518115, 51.9922766782446 ], [ 1.431226416244007, 52.004843253153339 ], [ 1.446459810899972, 52.028631523865343 ], [ 1.469644041011557, 52.047633437517661 ], [ 1.491731664715244, 52.058304440015363 ], [ 1.567986880181356, 52.080634138208794 ], [ 1.582868157703944, 52.090068359022077 ], [ 1.59134572376271, 52.119910366206319 ], [ 1.607404673035041, 52.166637436948001 ], [ 1.622032390410568, 52.187318347823592 ], [ 1.621971069261014, 52.201809864519909 ], [ 1.633172004768983, 52.278498419433483 ], [ 1.646224651346578, 52.298765232816777 ], [ 1.66597499029027, 52.311429332219959 ], [ 1.674924852552119, 52.313519732875363 ], [ 1.685108162401768, 52.33036143623297 ], [ 1.69304406160059, 52.351009799545757 ], [ 1.724737282288558, 52.3942885180251 ], [ 1.731278376225285, 52.409501833332328 ], [ 1.730141988190164, 52.436008268329253 ], [ 1.746124405720844, 52.465825336246645 ], [ 1.763108032519248, 52.481126675279278 ], [ 1.75782069808849, 52.496620650878256 ], [ 1.739554561602234, 52.533641736807461 ], [ 1.734720859996846, 52.547484186239721 ], [ 1.732609656321446, 52.569549299524446 ] ] ] } },
{ "type": "Feature", "properties": { "hcs_county": "Surrey", "abbr": "Surrey", "hcs_name": "Surrey", "hcs_code": "SUR", "hcs_number": 82, "county": "Surrey", "region": "South East England" }, "geometry": { "type": "Polygon", "coordinates": [ [ [ -0.029907528692039, 51.493977166594867 ], [ -0.031580959099355, 51.506438499199824 ], [ -0.040548042387763, 51.508596381267601 ], [ -0.057599775676672, 51.502010983922098 ], [ -0.083395539054007, 51.507476965773037 ], [ -0.111733789070401, 51.509750888332754 ], [ -0.12097139591473, 51.505721900445216 ], [ -0.12414070189331, 51.490804779592509 ], [ -0.134244600880149, 51.48443932491115 ], [ -0.168309118877536, 51.482238606184303 ], [ -0.176516350695525, 51.478838463454544 ], [ -0.188447231710571, 51.464827924619989 ], [ -0.211212218188331, 51.46609207686349 ], [ -0.223965432883286, 51.474400138399631 ], [ -0.229408093913724, 51.487655222757603 ], [ -0.242082098510661, 51.488699846299731 ], [ -0.253720315901682, 51.472734501217651 ], [ -0.271796057390861, 51.474519486465638 ], [ -0.284967002369043, 51.486713664218946 ], [ -0.296655159803448, 51.485834340027033 ], [ -0.319906332788141, 51.464064382796828 ], [ -0.30533571476388, 51.45618927628994 ], [ -0.305671902452013, 51.449208218003612 ], [ -0.328567735927636, 51.443614635704222 ], [ -0.327840870282073, 51.433760418639984 ], [ -0.306085463579526, 51.421826792274643 ], [ -0.308837645085641, 51.401609049948199 ], [ -0.318350870797683, 51.393275707680992 ], [ -0.331257076261426, 51.39305625066288 ], [ -0.339034498045243, 51.401919471407702 ], [ -0.360731079711938, 51.412055132201473 ], [ -0.377702705280959, 51.407969805198711 ], [ -0.393273246417209, 51.409084811638714 ], [ -0.408638516046908, 51.405073657304072 ], [ -0.435774228603687, 51.383915014772981 ], [ -0.444224132885593, 51.387168294528323 ], [ -0.470401100797934, 51.382045917048927 ], [ -0.491924905628187, 51.399541847263087 ], [ -0.49426092498801, 51.412782231202137 ], [ -0.512394894081067, 51.419992026756127 ], [ -0.511401623018369, 51.430789456644931 ], [ -0.522800616694982, 51.434985688772485 ], [ -0.554444218969461, 51.441389772950757 ], [ -0.571700814472357, 51.45099916149497 ], [ -0.605091750005263, 51.431306915586951 ], [ -0.605076321220472, 51.417593979858552 ], [ -0.617977719652553, 51.399140159637319 ], [ -0.641499602629811, 51.387951542910315 ], [ -0.664321509556766, 51.385747685172078 ], [ -0.696524949903587, 51.374548932331528 ], [ -0.735352778605605, 51.365009430121539 ], [ -0.764673883709874, 51.337000599250601 ], [ -0.77541541791168, 51.331959921930029 ], [ -0.762668962705435, 51.317755419658255 ], [ -0.744209905671045, 51.309346923552361 ], [ -0.733305042951958, 51.284026047692826 ], [ -0.730127509627411, 51.270058311211216 ], [ -0.74137699114778, 51.230781596863423 ], [ -0.769720809378821, 51.236420024600108 ], [ -0.774926682772189, 51.241468397885569 ], [ -0.804698918655896, 51.245052772695239 ], [ -0.820831713505205, 51.239284469662671 ], [ -0.828735463282405, 51.226020168501826 ], [ -0.849186649087624, 51.211013063639214 ], [ -0.842654409708354, 51.19935960430201 ], [ -0.825403311238, 51.181359089834828 ], [ -0.829995374126181, 51.162891945172483 ], [ -0.808441105434726, 51.160991872402725 ], [ -0.795839753777352, 51.154098291299611 ], [ -0.791277132954379, 51.139430012199774 ], [ -0.782345895040295, 51.128497669016312 ], [ -0.762419182899993, 51.114883 ], [ -0.745501185399182, 51.112198494754395 ], [ -0.758829937045081, 51.090520874604998 ], [ -0.753440995518659, 51.086479962303656 ], [ -0.73241707318625, 51.083733808757799 ], [ -0.725273777863403, 51.078222072927538 ], [ -0.706355098738424, 51.07859596335652 ], [ -0.695177907980817, 51.072801719447682 ], [ -0.669112701924875, 51.077335444252178 ], [ -0.664023340341012, 51.081672880322223 ], [ -0.627932884508267, 51.088862028248627 ], [ -0.603900079330237, 51.080027765760946 ], [ -0.577548290034034, 51.086599726492643 ], [ -0.541172057397077, 51.082195321007198 ], [ -0.530546684432831, 51.092521947320762 ], [ -0.5026450345697, 51.089174133844914 ], [ -0.479632217970533, 51.097142400664509 ], [ -0.446005346249587, 51.100557382858263 ], [ -0.441194589892863, 51.097794291461831 ], [ -0.419294553405442, 51.105149912066743 ], [ -0.401797068086005, 51.107771432447343 ], [ -0.385561798080163, 51.116869254180308 ], [ -0.344679185910878, 51.118888484751338 ], [ -0.326250903561393, 51.125791518274454 ], [ -0.303513853208793, 51.124426140525301 ], [ -0.275736061524048, 51.130234139637473 ], [ -0.243131398221148, 51.142816644108187 ], [ -0.216552851567757, 51.142059325139741 ], [ -0.172825883976844, 51.135553569779759 ], [ -0.145469060434371, 51.144493678833925 ], [ -0.124531020893941, 51.138438647389023 ], [ -0.093751130944113, 51.138393209590163 ], [ -0.085482490425258, 51.142748472577622 ], [ -0.014770611986466, 51.136635937430256 ], [ 0.001151038351982, 51.139602323218668 ], [ 0.022530839506425, 51.139074679187878 ], [ 0.050030802041125, 51.142647127148258 ], [ 0.05471968590679, 51.150376336901111 ], [ 0.047448383234077, 51.161539720306635 ], [ 0.046319933414128, 51.172806582655667 ], [ 0.052584570211353, 51.180647062456224 ], [ 0.045189062291065, 51.188609053379345 ], [ 0.033590474371963, 51.214342737613059 ], [ 0.052163485278039, 51.235848670935958 ], [ 0.058248661062948, 51.247784829225154 ], [ 0.045325344971567, 51.277862665032998 ], [ 0.044270879383243, 51.298581838664852 ], [ 0.032922562531155, 51.307542680556601 ], [ 0.016672744840206, 51.287961135950823 ], [ -0.005356129845663, 51.352739812446998 ], [ -0.022809302030724, 51.3663451643569 ], [ -0.032287577032295, 51.386329419905863 ], [ -0.044482782490624, 51.389149150167803 ], [ -0.064362494639249, 51.402046068833258 ], [ -0.046071936541181, 51.41404257061113 ], [ -0.073710374406201, 51.425104223114957 ], [ -0.039965797622043, 51.461448610966521 ], [ -0.035856318864835, 51.473220951216881 ], [ -0.045847653723625, 51.490229639045296 ], [ -0.029907528692039, 51.493977166594867 ] ] ] } },
{ "type": "Feature", "properties": { "hcs_county": "Sussex", "abbr": "Sussex", "hcs_name": "Sussex", "hcs_code": "SUS", "hcs_number": 83, "county": "Sussex", "region": "South East England" }, "geometry": { "type": "Polygon", "coordinates": [ [ [ 0.83627647325977, 50.926661433162231 ], [ 0.841276170239177, 50.93221234517376 ], [ 0.813417847894712, 50.948960782763272 ], [ 0.782892606669345, 50.977408445242553 ], [ 0.778557037681845, 50.990854536945704 ], [ 0.741312983558139, 51.000602068337315 ], [ 0.708488680913103, 50.99772637727547 ], [ 0.682207503400301, 51.000509098210813 ], [ 0.661500164616437, 51.017757054861306 ], [ 0.636328820191576, 51.012053568503028 ], [ 0.629003195283158, 51.017817487005765 ], [ 0.571414595813095, 51.003426968251027 ], [ 0.541657415964212, 51.011169093670368 ], [ 0.536503309697578, 51.021886939555721 ], [ 0.508426739386477, 51.024128054423109 ], [ 0.496556860750993, 51.030551606226226 ], [ 0.478022947366999, 51.029057648339162 ], [ 0.467378351817566, 51.033173610064281 ], [ 0.471423321490744, 51.049044799737295 ], [ 0.45179666817476, 51.05807619122816 ], [ 0.420232351655945, 51.061175889429819 ], [ 0.397805930427662, 51.070785411273427 ], [ 0.407584134411597, 51.088904789458333 ], [ 0.422565691735931, 51.099124733261135 ], [ 0.422376883674696, 51.10454468820754 ], [ 0.386062851380306, 51.099028935705739 ], [ 0.363258637996732, 51.105285441081854 ], [ 0.334711450093469, 51.106295920592977 ], [ 0.310642668403704, 51.119353499753707 ], [ 0.284528783804536, 51.117598351060224 ], [ 0.252576676699882, 51.124139248231437 ], [ 0.225367507858372, 51.124360379577318 ], [ 0.198787865042012, 51.116886809119187 ], [ 0.162669354952606, 51.116387780976368 ], [ 0.152327244864006, 51.122455179204451 ], [ 0.157178856619909, 51.14069071873449 ], [ 0.128515942178828, 51.147452132864963 ], [ 0.093080899519098, 51.141419880325728 ], [ 0.070509404405991, 51.139683073656144 ], [ 0.050030802041125, 51.142647127148258 ], [ 0.022530839506425, 51.139074679187878 ], [ 0.001151038351982, 51.139602323218668 ], [ -0.014770611986466, 51.136635937430256 ], [ -0.085482490425258, 51.142748472577622 ], [ -0.093751130944113, 51.138393209590163 ], [ -0.124531020893941, 51.138438647389023 ], [ -0.145469060434371, 51.144493678833925 ], [ -0.172825883976844, 51.135553569779759 ], [ -0.216552851567757, 51.142059325139741 ], [ -0.243131398221148, 51.142816644108187 ], [ -0.275736061524048, 51.130234139637473 ], [ -0.303513853208793, 51.124426140525301 ], [ -0.326250903561393, 51.125791518274454 ], [ -0.344679185910878, 51.118888484751338 ], [ -0.385561798080163, 51.116869254180308 ], [ -0.401797068086005, 51.107771432447343 ], [ -0.419294553405442, 51.105149912066743 ], [ -0.441194589892863, 51.097794291461831 ], [ -0.446005346249587, 51.100557382858263 ], [ -0.479632217970533, 51.097142400664509 ], [ -0.5026450345697, 51.089174133844914 ], [ -0.530546684432831, 51.092521947320762 ], [ -0.541172057397077, 51.082195321007198 ], [ -0.577548290034034, 51.086599726492643 ], [ -0.603900079330237, 51.080027765760946 ], [ -0.627932884508267, 51.088862028248627 ], [ -0.664023340341012, 51.081672880322223 ], [ -0.669112701924875, 51.077335444252178 ], [ -0.695177907980817, 51.072801719447682 ], [ -0.706355098738424, 51.07859596335652 ], [ -0.725273777863403, 51.078222072927538 ], [ -0.73241707318625, 51.083733808757799 ], [ -0.753440995518659, 51.086479962303656 ], [ -0.78075552482704, 51.07937577640007 ], [ -0.787497401699127, 51.066899015311854 ], [ -0.818708246686531, 51.06072619126779 ], [ -0.829318714086356, 51.067585936651618 ], [ -0.845364460666458, 51.064942119713173 ], [ -0.852888588667825, 51.044827361089453 ], [ -0.868915115269917, 51.037187097262972 ], [ -0.898563745936078, 51.017810489825251 ], [ -0.893465295613303, 51.002710870020863 ], [ -0.900244451854824, 51.001208424331523 ], [ -0.917682326918145, 50.978057090358554 ], [ -0.915343961933669, 50.97176318406769 ], [ -0.929286001713417, 50.95839368172993 ], [ -0.935317485262509, 50.941132451779787 ], [ -0.923984842812606, 50.924156457332835 ], [ -0.938208147313105, 50.919423934799774 ], [ -0.956619390971079, 50.893160215319533 ], [ -0.935573618501952, 50.869100016383257 ], [ -0.92642011733687, 50.864082619864256 ], [ -0.946234963260536, 50.82649442994191 ], [ -0.941961614648051, 50.799683224261003 ], [ -0.933464551778169, 50.785525343548983 ], [ -0.935328456526179, 50.777719414786993 ], [ -0.910111611036076, 50.776647611698593 ], [ -0.8617593551298, 50.761367627892589 ], [ -0.839971786801425, 50.75210126781144 ], [ -0.789357889494609, 50.722403567157656 ], [ -0.776538144158087, 50.729830053927479 ], [ -0.758026814799824, 50.752557589622413 ], [ -0.736101660779419, 50.767962509893053 ], [ -0.719303606593116, 50.773734931744904 ], [ -0.653508911032235, 50.786086694067656 ], [ -0.599685447922012, 50.791230787338435 ], [ -0.560082197238611, 50.799766743764053 ], [ -0.541960700577852, 50.801866540572377 ], [ -0.445888429495543, 50.802376844729046 ], [ -0.372779934772797, 50.80858945248481 ], [ -0.328238621660596, 50.818866859027878 ], [ -0.251909519969113, 50.830319586201995 ], [ -0.161372603168542, 50.82253805230944 ], [ -0.107531209902845, 50.812821453154548 ], [ -0.085543711078417, 50.810340176275467 ], [ -0.056552162114794, 50.801660515535652 ], [ 0.036173858355995, 50.781114007469853 ], [ 0.069973962555774, 50.781743183645517 ], [ 0.122163216314901, 50.758266032426306 ], [ 0.137916351012413, 50.755895587013114 ], [ 0.153830373164199, 50.757886026659463 ], [ 0.187864910939471, 50.748259534116315 ], [ 0.207117714030716, 50.739014129011437 ], [ 0.241103895177825, 50.734515470314605 ], [ 0.258063899218049, 50.737616155584078 ], [ 0.268887925244828, 50.749940072865499 ], [ 0.28681265870886, 50.760614991241319 ], [ 0.309773513954194, 50.778742161740475 ], [ 0.325553923567452, 50.783741468439523 ], [ 0.343697795321512, 50.804502972623027 ], [ 0.363566295038926, 50.816128732946865 ], [ 0.419364465483763, 50.83132113601021 ], [ 0.480352096325259, 50.837465224450526 ], [ 0.519749730028558, 50.84789127140791 ], [ 0.591956114582935, 50.85358405545 ], [ 0.608836281800585, 50.86001370370505 ], [ 0.659950269312923, 50.870073237567972 ], [ 0.681970650504858, 50.885396962413239 ], [ 0.720036736660928, 50.908412960070748 ], [ 0.752457781269471, 50.923282874325082 ], [ 0.795507999526483, 50.932764816659009 ], [ 0.83627647325977, 50.926661433162231 ] ] ] } },
{ "type": "Feature", "properties": { "hcs_county": "Warwick", "abbr": "Warks", "hcs_name": "Warwickshire", "hcs_code": "WRW", "hcs_number": 86, "county": "Warwickshire", "region": "West Midlands" }, "geometry": { "type": "Polygon", "coordinates": [ [ [ -1.331974312070321, 52.168519803748893 ], [ -1.326868111657027, 52.178502771416923 ], [ -1.340439711201789, 52.182773039412965 ], [ -1.344490525936038, 52.202015311199659 ], [ -1.308813752790358, 52.189761694560275 ], [ -1.281209473975291, 52.191952844405563 ], [ -1.255094043428945, 52.197799102865126 ], [ -1.260928075404954, 52.215993506266599 ], [ -1.276951723945414, 52.224880611268937 ], [ -1.284723501433244, 52.238436823739406 ], [ -1.267617537093009, 52.237425420048233 ], [ -1.254309700313079, 52.24765077681954 ], [ -1.240612064773458, 52.247934214219597 ], [ -1.215928664205138, 52.263816254559352 ], [ -1.222393797084026, 52.284599233609477 ], [ -1.233710555965758, 52.290327075701491 ], [ -1.22899244261952, 52.298005315387677 ], [ -1.209206308953526, 52.315183410514877 ], [ -1.24874029765065, 52.3228960449675 ], [ -1.264796136850774, 52.328283724822647 ], [ -1.26131459861391, 52.335663046096478 ], [ -1.234073419166976, 52.346488125942791 ], [ -1.191439099963009, 52.351717345604349 ], [ -1.172059380361703, 52.36126340722609 ], [ -1.202665981818337, 52.396685399483765 ], [ -1.237890923682116, 52.436026857505091 ], [ -1.255765262231036, 52.45346639705771 ], [ -1.288997746378702, 52.481612553278062 ], [ -1.309636371495422, 52.496203300876402 ], [ -1.464371838139577, 52.553041413945557 ], [ -1.518630609267842, 52.569032267611121 ], [ -1.527121600802196, 52.582689100480437 ], [ -1.560228480847671, 52.596782268892113 ], [ -1.55421940350021, 52.613493346483757 ], [ -1.566869628873679, 52.620617646938598 ], [ -1.559139358634819, 52.63728354925437 ], [ -1.547078210428867, 52.642289921338758 ], [ -1.54237372270289, 52.653653269007137 ], [ -1.553332689741067, 52.668756448194976 ], [ -1.57939368928572, 52.679669734369256 ], [ -1.589520324827706, 52.687285207796577 ], [ -1.627997508437859, 52.663484077029096 ], [ -1.663339792243853, 52.652140366056678 ], [ -1.681434213420822, 52.648710766585637 ], [ -1.693910597908779, 52.640786963671182 ], [ -1.696549244205591, 52.625961510685983 ], [ -1.688995877644048, 52.606298529557861 ], [ -1.703937453390024, 52.587580117157962 ], [ -1.737481084600046, 52.588961453152976 ], [ -1.742373544432955, 52.594309676576451 ], [ -1.788035435077952, 52.587884559522429 ], [ -1.794927013607495, 52.599281897792459 ], [ -1.819165088147842, 52.609244058913696 ], [ -1.848375954278868, 52.604848693081394 ], [ -1.853964595231758, 52.595482950903083 ], [ -1.875831149725168, 52.580714352655008 ], [ -1.877956541278026, 52.564581975361698 ], [ -1.856645582245432, 52.546169851675728 ], [ -1.890583806790855, 52.53059863322062 ], [ -1.880928213768212, 52.514635645234378 ], [ -1.89511935832105, 52.505793873930173 ], [ -1.943818705186984, 52.498766252357086 ], [ -1.952701300520462, 52.483231110173797 ], [ -1.969315770879065, 52.477398343243351 ], [ -1.944607810792056, 52.463266810391858 ], [ -1.945297615641838, 52.446520235183677 ], [ -1.908341157585691, 52.449559297242168 ], [ -1.891829952607127, 52.465172034875245 ], [ -1.870893176500995, 52.458532759959986 ], [ -1.850556243848398, 52.457909971982907 ], [ -1.824549105600334, 52.47201105100865 ], [ -1.81112326143449, 52.490763487872208 ], [ -1.787999620873464, 52.495773450362748 ], [ -1.771983484354248, 52.484688402269001 ], [ -1.791530149443337, 52.475615852385054 ], [ -1.816751563380242, 52.432729803098788 ], [ -1.844212376651631, 52.410525607271168 ], [ -1.864841720092273, 52.410412518804868 ], [ -1.869200020072332, 52.396427473512531 ], [ -1.857918913910046, 52.386449218394183 ], [ -1.87608042504738, 52.36363203742674 ], [ -1.893756753791488, 52.359077635827113 ], [ -1.873154061414066, 52.337493271137767 ], [ -1.853816557427717, 52.323301223107912 ], [ -1.839521514928385, 52.316455706469611 ], [ -1.842526119398637, 52.310001575155901 ], [ -1.833448003292432, 52.299511430456192 ], [ -1.814099600792429, 52.290580204514022 ], [ -1.809195834745106, 52.281998935203667 ], [ -1.829386416192384, 52.283019121145522 ], [ -1.837369025976507, 52.296258618072272 ], [ -1.861600921278492, 52.315978356480024 ], [ -1.888396906157979, 52.308139924978946 ], [ -1.939614498001681, 52.304097985602951 ], [ -1.946119728398685, 52.292549944003987 ], [ -1.937915160241087, 52.278042563687386 ], [ -1.93666245089395, 52.251960362531207 ], [ -1.927204427042473, 52.242830075285454 ], [ -1.91884714720489, 52.22486733277826 ], [ -1.921474438936591, 52.21042310190419 ], [ -1.936461640921095, 52.202637382378555 ], [ -1.9348105883767, 52.19298059465271 ], [ -1.941319951639157, 52.177805472931396 ], [ -1.960356239996032, 52.168665531727534 ], [ -1.934182452256068, 52.165381472522824 ], [ -1.944306542321908, 52.15535118053586 ], [ -1.921895019001712, 52.152994131672237 ], [ -1.902181878010394, 52.137743347828511 ], [ -1.89304079294998, 52.138536357771805 ], [ -1.882594991932064, 52.15592584689341 ], [ -1.866909159609118, 52.152979380774163 ], [ -1.86697999974071, 52.144620845586473 ], [ -1.854669968453042, 52.138356856144455 ], [ -1.851037067921979, 52.129962641577997 ], [ -1.83727369723382, 52.124016102411268 ], [ -1.824560393519161, 52.132800193165608 ], [ -1.822601839436219, 52.147147628462385 ], [ -1.812247142561206, 52.15358057494236 ], [ -1.817115812988496, 52.164038084816731 ], [ -1.795547680264432, 52.16123768326446 ], [ -1.779563608895505, 52.174661894498925 ], [ -1.773010198972734, 52.166675372242715 ], [ -1.737339640913541, 52.166790170362589 ], [ -1.722011681090045, 52.169109659039904 ], [ -1.692915054460328, 52.165558092535626 ], [ -1.724460604801537, 52.155231117592372 ], [ -1.733526180858825, 52.147985941523935 ], [ -1.72170974671809, 52.141506643211137 ], [ -1.692730430237457, 52.158558573140567 ], [ -1.667025198624069, 52.157545728131744 ], [ -1.668493695099164, 52.149749100019449 ], [ -1.697045845867042, 52.147318924836675 ], [ -1.693288742393833, 52.133922307912229 ], [ -1.699185053499247, 52.124952354863034 ], [ -1.706232116017482, 52.101914340124033 ], [ -1.704208616802119, 52.092648648595507 ], [ -1.715043064033146, 52.090191011176863 ], [ -1.730650868422527, 52.07328616172812 ], [ -1.689979916873785, 52.053187259638158 ], [ -1.695003872774588, 52.04054507162018 ], [ -1.688665269200263, 52.037722686840574 ], [ -1.644484122374097, 52.034421388632886 ], [ -1.625108462204512, 52.037677829924803 ], [ -1.617523815281215, 52.033409922699256 ], [ -1.64029392004013, 52.018768529588073 ], [ -1.64294351619802, 52.009189344353203 ], [ -1.669929211847568, 51.993186973171106 ], [ -1.665723184828908, 51.987473880631576 ], [ -1.643346698744165, 51.978045746542413 ], [ -1.612447744329704, 51.955408744343863 ], [ -1.591602576789471, 51.970439779828816 ], [ -1.549532419884759, 51.980838919160107 ], [ -1.55615957275586, 51.99155772222754 ], [ -1.539909349160091, 51.99631973539681 ], [ -1.529144374338603, 51.992620161317397 ], [ -1.510902688490902, 52.021671477671759 ], [ -1.497255656138989, 52.060988855067635 ], [ -1.50182693189817, 52.071633530513793 ], [ -1.494085988182059, 52.082344542350896 ], [ -1.470649638279343, 52.097926998549369 ], [ -1.447175066302695, 52.097630972232338 ], [ -1.453464473868088, 52.112979449743591 ], [ -1.425249122948676, 52.118280616657117 ], [ -1.403778351393534, 52.110011777350593 ], [ -1.385318214820906, 52.094243695119395 ], [ -1.35823332485725, 52.101358437436495 ], [ -1.370138235553496, 52.11629962088896 ], [ -1.358184259171109, 52.12516535840674 ], [ -1.354979527982963, 52.135853891332893 ], [ -1.341086613538873, 52.14483511423667 ], [ -1.343508783237467, 52.153137503064642 ], [ -1.333939683659579, 52.159303178454842 ], [ -1.331974312070321, 52.168519803748893 ] ] ] } },
{ "type": "Feature", "properties": { "hcs_county": "Westmorland", "abbr": "Westm", "hcs_name": "Westmorland", "hcs_code": "WML", "hcs_number": 88, "county": "Westmorland", "region": "North West England" }, "geometry": { "type": "Polygon", "coordinates": [ [ [ -2.2879234041346, 54.650458121271967 ], [ -2.293202, 54.664009 ], [ -2.306222458011663, 54.670175453483999 ], [ -2.327414754237126, 54.670764704591946 ], [ -2.352214346561021, 54.68684135493605 ], [ -2.355407591867333, 54.697226405456888 ], [ -2.373669915125468, 54.698351423367498 ], [ -2.391411167648541, 54.705133702926332 ], [ -2.418764234640177, 54.707168728601673 ], [ -2.42547694904357, 54.703505399079141 ], [ -2.465473202126562, 54.700508 ], [ -2.477803603555569, 54.691262490231303 ], [ -2.506791784947264, 54.675477197004923 ], [ -2.524201864694185, 54.675454740338822 ], [ -2.550996056528577, 54.670048478194303 ], [ -2.573837920852471, 54.660845445296466 ], [ -2.575141053769681, 54.654428800753522 ], [ -2.604312940699574, 54.646835947713242 ], [ -2.621976588319314, 54.659323471762001 ], [ -2.636881232979453, 54.661183227089843 ], [ -2.652794299848973, 54.668696935095078 ], [ -2.671030312987952, 54.664150612560675 ], [ -2.684883803556657, 54.665413977124913 ], [ -2.715138684576755, 54.655235697729474 ], [ -2.760012447923763, 54.649696066582031 ], [ -2.809830827260643, 54.63217317635678 ], [ -2.82232970441761, 54.612032383269337 ], [ -2.851570434591932, 54.591535162160362 ], [ -2.863899621475168, 54.576574564803117 ], [ -2.877458888739556, 54.578922367363454 ], [ -2.910661, 54.570618 ], [ -2.942091640848997, 54.560129331980711 ], [ -2.964274008847475, 54.558938237691841 ], [ -2.988452633336088, 54.561557505271864 ], [ -3.020419032690033, 54.558998191722509 ], [ -3.016637016376443, 54.547962394957906 ], [ -3.025087067157591, 54.540997280038908 ], [ -3.025790968029616, 54.530185702991353 ], [ -3.01516892292011, 54.525657084618011 ], [ -3.014814880309558, 54.499795016494481 ], [ -3.061944014606097, 54.492547129102093 ], [ -3.088264, 54.483944 ], [ -3.097755570289382, 54.471942082120712 ], [ -3.109611219048144, 54.474029998155203 ], [ -3.119473451103928, 54.460276326463905 ], [ -3.145330436361029, 54.468586138433594 ], [ -3.167174, 54.454109 ], [ -3.154035279322417, 54.429667157725213 ], [ -3.135905170233392, 54.421839864107042 ], [ -3.115317904759856, 54.422369204141525 ], [ -3.115259545194016, 54.41501288059721 ], [ -3.075762730141725, 54.419487358148679 ], [ -3.053341600654778, 54.416674983191903 ], [ -2.993616245047072, 54.422966443453845 ], [ -2.971202720040899, 54.419466368358258 ], [ -2.961905932296983, 54.395149760827181 ], [ -2.944345608320949, 54.383513214504781 ], [ -2.940608861802862, 54.352054372831667 ], [ -2.949947407725821, 54.336678944281523 ], [ -2.937171060199269, 54.327917388623405 ], [ -2.923676677596117, 54.337674270801593 ], [ -2.901627432303207, 54.332978722442334 ], [ -2.908220626987385, 54.313318663670721 ], [ -2.905868060909185, 54.303052472160907 ], [ -2.884082522499025, 54.287168603867009 ], [ -2.885768586968178, 54.268091424663588 ], [ -2.895792637282332, 54.25038563202552 ], [ -2.886467233667983, 54.24611974521337 ], [ -2.885684036705389, 54.234823245986647 ], [ -2.875720673721088, 54.222544648416573 ], [ -2.885071022175444, 54.220428076650272 ], [ -2.887689283274604, 54.20918162034981 ], [ -2.883684255507701, 54.197912180965503 ], [ -2.8764857878853, 54.201752724514002 ], [ -2.8437889467544, 54.205647104333799 ], [ -2.8365638888859, 54.201352229506497 ], [ -2.8646950097122, 54.1905921909499 ], [ -2.8646946047767, 54.184072142240503 ], [ -2.837357600546892, 54.17400487964138 ], [ -2.816353613588863, 54.181726013174661 ], [ -2.816346860193494, 54.189865744986605 ], [ -2.799506044548948, 54.197678380415766 ], [ -2.767696311313532, 54.185912077057274 ], [ -2.753050268618136, 54.187810258144012 ], [ -2.734374278982501, 54.184107706804127 ], [ -2.736301, 54.176903 ], [ -2.710559835553762, 54.178191510684336 ], [ -2.712186824640381, 54.186089306326238 ], [ -2.685101416332841, 54.191755552934694 ], [ -2.67025928201515, 54.176683096222483 ], [ -2.6532447780935, 54.183099828684043 ], [ -2.639978109780891, 54.202019857862162 ], [ -2.625119155008382, 54.195618555631121 ], [ -2.57589479409682, 54.195646169150208 ], [ -2.546608445686647, 54.202272022860178 ], [ -2.520655469779644, 54.215855390506576 ], [ -2.499629026116965, 54.219489695153811 ], [ -2.459575545713717, 54.239515459938829 ], [ -2.520690949986567, 54.262092774132618 ], [ -2.502805283313592, 54.276287863950792 ], [ -2.511482581999104, 54.284805702241101 ], [ -2.542518681226182, 54.300600058018702 ], [ -2.563339364349, 54.313557381029561 ], [ -2.572215316063074, 54.300610805772742 ], [ -2.583843197078727, 54.30774590352317 ], [ -2.567663822399537, 54.325040683939427 ], [ -2.571476120355234, 54.341434717702128 ], [ -2.588175157991168, 54.359450042493982 ], [ -2.580138710226226, 54.363447052338387 ], [ -2.576479789328071, 54.379811344821441 ], [ -2.579699, 54.391022 ], [ -2.554979932590577, 54.386754744317443 ], [ -2.538686052753349, 54.394194094821174 ], [ -2.534006620563535, 54.381103351597829 ], [ -2.519002, 54.369774 ], [ -2.483513297617302, 54.377355695914979 ], [ -2.46271140397293, 54.368382808030269 ], [ -2.449294479354965, 54.375719912527302 ], [ -2.420898161981428, 54.365858287240457 ], [ -2.404848342304895, 54.370357958540176 ], [ -2.380931235662015, 54.366766672741477 ], [ -2.361472693319833, 54.354831308733523 ], [ -2.326060718240822, 54.368232227451841 ], [ -2.317038126947929, 54.376300264187421 ], [ -2.297355830963304, 54.376901424898961 ], [ -2.291912220641342, 54.39131297414616 ], [ -2.306338460819453, 54.398747116358194 ], [ -2.308283355656584, 54.416071264451269 ], [ -2.303319416041117, 54.426363153878327 ], [ -2.28140595727886, 54.438737670634708 ], [ -2.265231552576787, 54.442859422433692 ], [ -2.265592305102717, 54.449273236363908 ], [ -2.228502305503574, 54.458416993523741 ], [ -2.221371649247724, 54.452472073781443 ], [ -2.18950227776743, 54.448952349606294 ], [ -2.177303612057277, 54.461589867285007 ], [ -2.161662, 54.464741 ], [ -2.159110372070946, 54.472016297598408 ], [ -2.16654408931407, 54.489943321682702 ], [ -2.162130862564017, 54.503303940384818 ], [ -2.168593111866254, 54.519624537973257 ], [ -2.190109589699808, 54.534315875713212 ], [ -2.210152868827369, 54.543703958533023 ], [ -2.209493258980739, 54.551709366063832 ], [ -2.245900963707982, 54.565087990720059 ], [ -2.270948101692587, 54.58221539499025 ], [ -2.304488284718672, 54.596200526963898 ], [ -2.30873471859515, 54.611869508116285 ], [ -2.325015780913883, 54.631613863822551 ], [ -2.2879234041346, 54.650458121271967 ] ] ] } },
{ "type": "Feature", "properties": { "hcs_county": "Wilts", "abbr": "Wilts", "hcs_name": "Wiltshire", "hcs_code": "WTS", "hcs_number": 90, "county": "Wiltshire", "region": "South West England" }, "geometry": { "type": "Polygon", "coordinates": [ [ [ -2.325856278557352, 51.079681768480967 ], [ -2.302530245574368, 51.079155249831715 ], [ -2.268606965421998, 51.068717970893402 ], [ -2.244726853427392, 51.072302690846371 ], [ -2.218029926380386, 51.055218175120871 ], [ -2.205202156920248, 51.042668271056954 ], [ -2.192049149830007, 51.036265014520026 ], [ -2.188706467143961, 51.018562662616745 ], [ -2.163597620202212, 50.99445685097573 ], [ -2.132066442743831, 50.979907189765058 ], [ -2.122854859537205, 50.972347063500081 ], [ -2.119248419290581, 50.959455530701248 ], [ -2.101806027465238, 50.945029925838277 ], [ -2.094120858158696, 50.94914222942117 ], [ -2.068342072745772, 50.951154852142402 ], [ -2.059508872030368, 50.96280228403198 ], [ -2.034390657671531, 50.972462759647563 ], [ -1.993956267762039, 50.975725234064626 ], [ -1.989731781103422, 50.981543903493581 ], [ -1.963475083443729, 50.991990328054221 ], [ -1.95553476449858, 50.978302275989464 ], [ -1.920697427791295, 50.96130372206509 ], [ -1.896753787996399, 50.934289657508792 ], [ -1.881396126656578, 50.926198094389477 ], [ -1.873634699166356, 50.917237401450983 ], [ -1.841763530039445, 50.931700326731075 ], [ -1.834465257583612, 50.929360416889821 ], [ -1.842381084772401, 50.957303906883645 ], [ -1.87451820148023, 50.973847902584062 ], [ -1.873887522240626, 50.98455426089766 ], [ -1.853704930497818, 51.004364205811207 ], [ -1.84168975357716, 50.996179889545438 ], [ -1.834057285204654, 50.978139385716069 ], [ -1.814723998679395, 50.95835997643934 ], [ -1.80719555278836, 50.965248145221452 ], [ -1.817621782477458, 50.974939101765671 ], [ -1.815430261010337, 50.985929355401886 ], [ -1.807613138370029, 50.992069824266338 ], [ -1.73978464685219, 50.976665217528215 ], [ -1.721742387102049, 50.976932463039823 ], [ -1.709864709436805, 50.97131882573828 ], [ -1.689407668895035, 50.954694200633028 ], [ -1.661698091705972, 50.945341329390523 ], [ -1.651904728100479, 50.947210330831773 ], [ -1.634959807867543, 50.959278052172188 ], [ -1.624430107026242, 50.949081931139638 ], [ -1.611929653022483, 50.925055132290744 ], [ -1.597903557430681, 50.926116989400839 ], [ -1.592226959324917, 50.947949843110678 ], [ -1.582590712994507, 50.969017615369175 ], [ -1.574786930618726, 50.974837069005943 ], [ -1.576752963367963, 50.991773662457334 ], [ -1.596466421593836, 50.994949279728559 ], [ -1.597620498021573, 51.008009424404342 ], [ -1.604992955079496, 51.016072775250393 ], [ -1.602967339501715, 51.025541320917434 ], [ -1.619493410404786, 51.033037266282875 ], [ -1.632357067215194, 51.032780165184555 ], [ -1.634043256515265, 51.042047664586327 ], [ -1.628922323270835, 51.080936641889799 ], [ -1.637306935194001, 51.092195376857461 ], [ -1.626871808641102, 51.104029172051817 ], [ -1.626348903265026, 51.117336882556003 ], [ -1.640637571604285, 51.125421389169972 ], [ -1.662987311166514, 51.127204364213974 ], [ -1.654072340422651, 51.156302700693757 ], [ -1.672241508044339, 51.178680612337835 ], [ -1.668835235333933, 51.190762871027601 ], [ -1.694089583808221, 51.204089664937328 ], [ -1.690431081501941, 51.224060779903269 ], [ -1.701573563427171, 51.235823436433634 ], [ -1.680185809822324, 51.237640519378417 ], [ -1.625052624421199, 51.232484640001118 ], [ -1.619426934915375, 51.241211126961105 ], [ -1.603631983545884, 51.253352961122843 ], [ -1.577638911738799, 51.255593367315122 ], [ -1.539614123424114, 51.247382784337695 ], [ -1.540595550284653, 51.260864110030688 ], [ -1.53445721301721, 51.287123696848987 ], [ -1.522777907581464, 51.287065420068153 ], [ -1.527997788646788, 51.299837709887044 ], [ -1.527018835347207, 51.311410700533735 ], [ -1.533549870665761, 51.316219390313222 ], [ -1.527501968870994, 51.338439544528349 ], [ -1.515844471800751, 51.339095270949237 ], [ -1.499812678368728, 51.330366481034552 ], [ -1.486701254368774, 51.349388935326168 ], [ -1.500642348254152, 51.356320760293158 ], [ -1.502355287179308, 51.368796734610285 ], [ -1.513723305559645, 51.37249350036582 ], [ -1.53844335829374, 51.368503864804971 ], [ -1.539581619000813, 51.337535367848766 ], [ -1.537121238812632, 51.330524610544195 ], [ -1.560616619177024, 51.326355983508897 ], [ -1.574195263827936, 51.320981249642053 ], [ -1.579983255524006, 51.339490082929039 ], [ -1.565191417858482, 51.339761817416118 ], [ -1.548558169106296, 51.332848260621191 ], [ -1.544497110343175, 51.356095441091561 ], [ -1.550932476354785, 51.370788904823904 ], [ -1.570047672779219, 51.3679888935132 ], [ -1.570445993927806, 51.378058633088372 ], [ -1.559495445303733, 51.385420348363077 ], [ -1.556299711570659, 51.396560847304713 ], [ -1.537629985498194, 51.388290171636726 ], [ -1.529583080635597, 51.403461871660447 ], [ -1.532640491241757, 51.410951874811566 ], [ -1.511941485505648, 51.421675409527879 ], [ -1.531979528103395, 51.429500233785106 ], [ -1.524082193038822, 51.440875585876029 ], [ -1.529266025535368, 51.455490253343015 ], [ -1.545561388694602, 51.45892430414434 ], [ -1.566789067223185, 51.476890367081992 ], [ -1.572405048714041, 51.490537351907555 ], [ -1.582122198166569, 51.495082070521079 ], [ -1.588018757592845, 51.513016591755267 ], [ -1.6028129891105, 51.518299288704206 ], [ -1.613741977877423, 51.536538886833917 ], [ -1.634108551402017, 51.553261832026422 ], [ -1.64779139300739, 51.572003058954998 ], [ -1.655042806947729, 51.576482934250855 ], [ -1.676489322305284, 51.569383355950293 ], [ -1.691105875098278, 51.583508733931431 ], [ -1.684757528218107, 51.590345412561909 ], [ -1.690405936759968, 51.605543635660375 ], [ -1.666842271441099, 51.617603304753807 ], [ -1.673150533428102, 51.622593095229618 ], [ -1.662747148646476, 51.631289904495972 ], [ -1.689173377584385, 51.656744907493135 ], [ -1.69498610382943, 51.66906941103224 ], [ -1.719265354496698, 51.669826510271328 ], [ -1.739362718444274, 51.667417337903153 ], [ -1.754017243419012, 51.662216467955048 ], [ -1.770295128249874, 51.667977532067496 ], [ -1.788539067591313, 51.667069928308401 ], [ -1.814597343784093, 51.70298698329966 ], [ -1.819335971247476, 51.694196834568892 ], [ -1.812484139976937, 51.686316943744828 ], [ -1.823126406574472, 51.673094152878797 ], [ -1.81966189808015, 51.662686677863149 ], [ -1.840101984805958, 51.656133788839433 ], [ -1.850598287101147, 51.656287285783925 ], [ -1.873892839651056, 51.682600338757979 ], [ -1.896778593203585, 51.672785949408983 ], [ -1.886797986248527, 51.659402732012552 ], [ -1.903950419955252, 51.656032171331141 ], [ -1.920997640640151, 51.657262425610092 ], [ -1.942782748112868, 51.671140081614972 ], [ -1.973633547230515, 51.677907857631048 ], [ -1.983196024723171, 51.683678383009592 ], [ -1.990811919594451, 51.697067413251823 ], [ -1.999877525398774, 51.701273275222853 ], [ -2.048996111645027, 51.675847820614187 ], [ -2.052910803575714, 51.675471991849406 ], [ -2.084525301563084, 51.650400080166769 ], [ -2.11222063888979, 51.658271531018819 ], [ -2.126096553238809, 51.657099791281894 ], [ -2.137422626494828, 51.645775458264865 ], [ -2.155865669938203, 51.638427869242506 ], [ -2.147065496822268, 51.620423154300653 ], [ -2.130633421285834, 51.621183543397002 ], [ -2.131119318499061, 51.611060174218437 ], [ -2.152522857800013, 51.590318172773138 ], [ -2.177384005738984, 51.597312148468987 ], [ -2.206690640620636, 51.595939583178215 ], [ -2.210231051398056, 51.603054779295668 ], [ -2.235226369271611, 51.607197423159207 ], [ -2.245073545389987, 51.581379357416282 ], [ -2.269534554207816, 51.5818211235188 ], [ -2.276037322089673, 51.572276269819376 ], [ -2.26412263508524, 51.568017249884711 ], [ -2.268393840862299, 51.5497013651052 ], [ -2.265595873805729, 51.535410530075715 ], [ -2.253597594103111, 51.528809730152545 ], [ -2.255868097776224, 51.5220698360773 ], [ -2.298346441015201, 51.511474518592685 ], [ -2.296319998980823, 51.506756899779106 ], [ -2.329342255690583, 51.49635345906966 ], [ -2.325196040658255, 51.484137896414246 ], [ -2.310453245797509, 51.488164781788797 ], [ -2.291363166016767, 51.486688562771491 ], [ -2.288886145563099, 51.478147466131389 ], [ -2.295745878007286, 51.4585919863854 ], [ -2.287718882153892, 51.456808315120973 ], [ -2.294646280017111, 51.428802792330892 ], [ -2.278543605484677, 51.41591449430728 ], [ -2.29079199045995, 51.405747124148661 ], [ -2.297381294506736, 51.384615164636024 ], [ -2.290411880603984, 51.373952945500896 ], [ -2.299996003037365, 51.362131663036706 ], [ -2.3317681606058, 51.352126985185031 ], [ -2.289664867028452, 51.33031112380349 ], [ -2.284818006158778, 51.31779744754801 ], [ -2.276140172109567, 51.318746598244871 ], [ -2.279669834585699, 51.293014094544809 ], [ -2.25345786402563, 51.289826588381473 ], [ -2.245192242437709, 51.272499835385695 ], [ -2.245299071226621, 51.253923460720159 ], [ -2.26092217760485, 51.23900610311496 ], [ -2.268087143798314, 51.224072603352198 ], [ -2.266953676397432, 51.216753665307671 ], [ -2.281325135534435, 51.197451267873177 ], [ -2.311158446399127, 51.167257136848413 ], [ -2.314912977287973, 51.160755246901232 ], [ -2.304134815570934, 51.152175481825253 ], [ -2.290812126638138, 51.148191748101517 ], [ -2.27923755894191, 51.131324861825874 ], [ -2.267616330655078, 51.121907735235439 ], [ -2.290446970180234, 51.113853689055183 ], [ -2.32057982480376, 51.118554507009485 ], [ -2.34559614622277, 51.12018024785182 ], [ -2.362923770280358, 51.115736271077274 ], [ -2.359718339380669, 51.106600724905469 ], [ -2.32750858256805, 51.104041306813315 ], [ -2.321446325886579, 51.09164393526023 ], [ -2.325856278557352, 51.079681768480967 ] ] ] } },
{ "type": "Feature", "properties": { "hcs_county": "Worcester", "abbr": "Worcs", "hcs_name": "Worcestershire", "hcs_code": "WRC", "hcs_number": 91, "county": "Worcestershire", "region": "West Midlands" }, "geometry": { "type": "Polygon", "coordinates": [ [ [ -2.61807552333872, 52.306922096381079 ], [ -2.63587004014211, 52.308847397434121 ], [ -2.661084591324772, 52.300301936610957 ], [ -2.644386412652582, 52.293695280186256 ], [ -2.639886057556168, 52.286300854096979 ], [ -2.625935282738182, 52.28873441118715 ], [ -2.618245699655158, 52.282192893621207 ], [ -2.597951073349809, 52.281629691340342 ], [ -2.615689725716978, 52.264989746596655 ], [ -2.630900708192281, 52.257449807375849 ], [ -2.634311384334028, 52.247256811694243 ], [ -2.629010337034418, 52.240311310881275 ], [ -2.604409512605627, 52.242809924916656 ], [ -2.556590163028377, 52.258110516478226 ], [ -2.543440609251223, 52.267094497785166 ], [ -2.525979245659834, 52.248345686484122 ], [ -2.515783817482955, 52.255901277039698 ], [ -2.514601713759244, 52.269011576171799 ], [ -2.503141630546099, 52.277406406859917 ], [ -2.483420852336079, 52.284381413096426 ], [ -2.45200969896093, 52.284998581459455 ], [ -2.43071478335094, 52.270421347025732 ], [ -2.460153571042905, 52.260528255975785 ], [ -2.472413712934051, 52.252952683071896 ], [ -2.474702865820454, 52.241365067812637 ], [ -2.46496635131714, 52.234387630138215 ], [ -2.423077939580682, 52.237194759467165 ], [ -2.414364223999621, 52.23179872327605 ], [ -2.399394014052523, 52.231803486807067 ], [ -2.403355475517378, 52.221678764968786 ], [ -2.393403649387238, 52.210738932500853 ], [ -2.406975848310429, 52.203210503226664 ], [ -2.419175075316755, 52.187988044755741 ], [ -2.423332105279545, 52.172548429250703 ], [ -2.433073315026395, 52.172021047627673 ], [ -2.436119731277409, 52.160862559360567 ], [ -2.460664482899621, 52.158686233761713 ], [ -2.474865459342181, 52.15052243652562 ], [ -2.47476597701398, 52.143011433848727 ], [ -2.45383446364092, 52.137883696581468 ], [ -2.42145308852229, 52.149660127543974 ], [ -2.414949059363098, 52.145157522443377 ], [ -2.379383918915697, 52.155043030240911 ], [ -2.358615334062286, 52.151872997201735 ], [ -2.342509249828461, 52.130919808316079 ], [ -2.341792383731799, 52.118033488727988 ], [ -2.359204980254238, 52.120391821700068 ], [ -2.41428345347436, 52.112623067085046 ], [ -2.421569970985964, 52.107444665857869 ], [ -2.380279459441947, 52.088987763214455 ], [ -2.363109818490014, 52.094289184930815 ], [ -2.33830505218038, 52.095449818890692 ], [ -2.339228407999587, 52.069582712479239 ], [ -2.351538297390635, 52.056376026421894 ], [ -2.347527481575816, 52.033112883688908 ], [ -2.351339765701012, 52.021307163258257 ], [ -2.355944413374388, 52.002330759038529 ], [ -2.353802277922884, 51.993936710258318 ], [ -2.375559998906362, 51.980762466512921 ], [ -2.381335929501277, 51.971452622281355 ], [ -2.362640492875625, 51.958513425529894 ], [ -2.333754716962447, 51.945773246475419 ], [ -2.315014598320388, 51.951875331434749 ], [ -2.293249159893253, 51.969674065787345 ], [ -2.282272042372736, 51.970744266316252 ], [ -2.242260233382253, 51.965301811445791 ], [ -2.220745392972352, 51.969683912076931 ], [ -2.207480949185834, 51.961254754957515 ], [ -2.19040948631552, 51.975756568952953 ], [ -2.207729561424536, 51.983074 ], [ -2.241647483136857, 51.986287645148131 ], [ -2.252680436964166, 51.985144772298469 ], [ -2.262911447672715, 51.994352916510486 ], [ -2.255218351082084, 52.004107705481545 ], [ -2.238271466544347, 52.003462886432438 ], [ -2.221206567207214, 51.997703238823668 ], [ -2.200643044973156, 51.998830115628536 ], [ -2.184924056386171, 51.990569997552441 ], [ -2.164747094727445, 52.004255341009888 ], [ -2.183989467104758, 52.01383860736177 ], [ -2.176832973594869, 52.022556579399939 ], [ -2.180420323612529, 52.042264064569203 ], [ -2.162143498378455, 52.050588203586614 ], [ -2.118401526907708, 52.042128520664825 ], [ -2.117950229547704, 52.033046534470337 ], [ -2.139971678252704, 52.027370555118701 ], [ -2.154295395805862, 51.999171774763958 ], [ -2.134031474963689, 52.000549895273522 ], [ -2.117907174857337, 52.014350337017241 ], [ -2.094391569298551, 52.017894814083462 ], [ -2.078603588589553, 52.043147406625032 ], [ -2.076715536337702, 52.055633244240994 ], [ -2.059366242042852, 52.056218832107774 ], [ -2.070742087365786, 52.033491098066882 ], [ -2.06728349846526, 52.022333991927482 ], [ -2.071938151394157, 51.995088233968637 ], [ -2.048489673648463, 51.987628910104704 ], [ -2.046091839640264, 51.997147193944308 ], [ -2.054055522470144, 52.002810082590322 ], [ -2.055130060435852, 52.014665488587752 ], [ -2.040236643108276, 52.018467104981255 ], [ -2.046525775799328, 52.028722992443946 ], [ -2.032922460641263, 52.050793663650651 ], [ -2.000946244567037, 52.055449730037218 ], [ -1.988444974942053, 52.048487156156895 ], [ -1.984122444965273, 52.035836951485294 ], [ -1.963347806035243, 52.036042686424793 ], [ -1.952271386546137, 52.040816289092469 ], [ -1.970002441690973, 52.050527764331711 ], [ -1.970341233756645, 52.056883256563879 ], [ -1.997261581565856, 52.054818948393262 ], [ -1.989865038631194, 52.070163480482627 ], [ -1.937602703471946, 52.069430662380995 ], [ -1.928485272026537, 52.06395649359709 ], [ -1.890819072694289, 52.063476110484515 ], [ -1.877815226115682, 52.047733925973162 ], [ -1.899897727055378, 52.037398723493027 ], [ -1.873557011313444, 52.024348461837668 ], [ -1.851958621046249, 52.00882640255346 ], [ -1.810818583300679, 52.002086604486003 ], [ -1.829688717022586, 52.039112801368283 ], [ -1.857366763143006, 52.052288379053927 ], [ -1.868926251407138, 52.073887449292783 ], [ -1.846677961814722, 52.079408553573217 ], [ -1.85839634010373, 52.092634705627795 ], [ -1.844361466684464, 52.107736724929843 ], [ -1.835752562914386, 52.109945300549342 ], [ -1.831152935411684, 52.095413264783872 ], [ -1.820395974728307, 52.090093431428535 ], [ -1.802441771746204, 52.096869634086488 ], [ -1.801373407171794, 52.107394516257017 ], [ -1.83588279383389, 52.113118689376208 ], [ -1.838347694256632, 52.118930236764115 ], [ -1.855177782958987, 52.124357878943336 ], [ -1.851037067921979, 52.129962641577997 ], [ -1.854669968453042, 52.138356856144455 ], [ -1.86697999974071, 52.144620845586473 ], [ -1.866909159609118, 52.152979380774163 ], [ -1.882594991932064, 52.15592584689341 ], [ -1.89304079294998, 52.138536357771805 ], [ -1.902181878010394, 52.137743347828511 ], [ -1.921895019001712, 52.152994131672237 ], [ -1.944306542321908, 52.15535118053586 ], [ -1.934182452256068, 52.165381472522824 ], [ -1.960356239996032, 52.168665531727534 ], [ -1.941319951639157, 52.177805472931396 ], [ -1.9348105883767, 52.19298059465271 ], [ -1.936461640921095, 52.202637382378555 ], [ -1.921474438936591, 52.21042310190419 ], [ -1.91884714720489, 52.22486733277826 ], [ -1.927204427042473, 52.242830075285454 ], [ -1.93666245089395, 52.251960362531207 ], [ -1.937915160241087, 52.278042563687386 ], [ -1.946119728398685, 52.292549944003987 ], [ -1.939614498001681, 52.304097985602951 ], [ -1.888396906157979, 52.308139924978946 ], [ -1.861600921278492, 52.315978356480024 ], [ -1.837369025976507, 52.296258618072272 ], [ -1.829386416192384, 52.283019121145522 ], [ -1.809195834745106, 52.281998935203667 ], [ -1.814099600792429, 52.290580204514022 ], [ -1.833448003292432, 52.299511430456192 ], [ -1.842526119398637, 52.310001575155901 ], [ -1.839521514928385, 52.316455706469611 ], [ -1.853816557427717, 52.323301223107912 ], [ -1.873154061414066, 52.337493271137767 ], [ -1.893756753791488, 52.359077635827113 ], [ -1.87608042504738, 52.36363203742674 ], [ -1.857918913910046, 52.386449218394183 ], [ -1.869200020072332, 52.396427473512531 ], [ -1.864841720092273, 52.410412518804868 ], [ -1.844212376651631, 52.410525607271168 ], [ -1.816751563380242, 52.432729803098788 ], [ -1.791530149443337, 52.475615852385054 ], [ -1.771983484354248, 52.484688402269001 ], [ -1.787999620873464, 52.495773450362748 ], [ -1.81112326143449, 52.490763487872208 ], [ -1.824549105600334, 52.47201105100865 ], [ -1.850556243848398, 52.457909971982907 ], [ -1.870893176500995, 52.458532759959986 ], [ -1.891829952607127, 52.465172034875245 ], [ -1.908341157585691, 52.449559297242168 ], [ -1.945297615641838, 52.446520235183677 ], [ -1.979065263515497, 52.448532758993501 ], [ -1.982397581112896, 52.461351645544092 ], [ -1.973586532486726, 52.469524709147755 ], [ -1.975440098996302, 52.482571348862088 ], [ -1.985669406732564, 52.48885135147993 ], [ -1.999565268494087, 52.506798212829551 ], [ -2.020725914315563, 52.511475814039414 ], [ -2.041658, 52.499279 ], [ -2.027517989568349, 52.489094468961184 ], [ -2.031677737071302, 52.480394622871628 ], [ -2.055353519763286, 52.462620483718354 ], [ -2.072016023564184, 52.460655345621689 ], [ -2.099079894742973, 52.468549628045551 ], [ -2.116517570233252, 52.462517335882275 ], [ -2.144501312926082, 52.458272363185365 ], [ -2.16749899492696, 52.471540874272385 ], [ -2.176420860419317, 52.455801921687723 ], [ -2.164130809415465, 52.423700074457074 ], [ -2.185878395003727, 52.426224401812533 ], [ -2.192919051717593, 52.42328611686294 ], [ -2.216664545645763, 52.434568812293215 ], [ -2.261505842398758, 52.437310557874021 ], [ -2.279404975430734, 52.443423741558895 ], [ -2.294926118213851, 52.43082914206304 ], [ -2.296779617316926, 52.424297057225267 ], [ -2.342214742375757, 52.415413347092674 ], [ -2.346697541650252, 52.408077135093905 ], [ -2.332770044266381, 52.404474014845128 ], [ -2.326227416299528, 52.394519370099431 ], [ -2.322554507737699, 52.37621828823972 ], [ -2.343390080916108, 52.385910902301845 ], [ -2.367292324209236, 52.388080215919587 ], [ -2.378042934373044, 52.383093395048562 ], [ -2.411011173979768, 52.385175685207571 ], [ -2.409608958290657, 52.372584730144851 ], [ -2.426001257213372, 52.365813633603246 ], [ -2.454938103650015, 52.367935738972548 ], [ -2.486617724727075, 52.359027634276927 ], [ -2.481464876523125, 52.331651022074915 ], [ -2.504410134130617, 52.328222504173979 ], [ -2.522147466750172, 52.341882588117997 ], [ -2.537973518215521, 52.344299821282398 ], [ -2.562564249407361, 52.332484260166019 ], [ -2.564655195352707, 52.318420956980162 ], [ -2.594062691321478, 52.313827070511337 ], [ -2.61807552333872, 52.306922096381079 ] ] ] } },
{ "type": "Feature", "properties": { "hcs_county": "York", "abbr": "Yorks", "hcs_name": "Yorkshire", "hcs_code": "YRK", "hcs_number": 92, "county": "Yorkshire", "region": "Yorkshire and the Humber" }, "geometry": { "type": "Polygon", "coordinates": [ [ [ -2.03821656614753, 53.519092126635009 ], [ -2.023177028962574, 53.528405782323929 ], [ -2.00929123888209, 53.51917808956577 ], [ -1.99697791881484, 53.522041580884803 ], [ -1.963284214148467, 53.509704523046409 ], [ -1.955872511363646, 53.504470035783839 ], [ -1.935459834462474, 53.505768190812333 ], [ -1.916666476788233, 53.514405881813481 ], [ -1.92681976660215, 53.520898325467023 ], [ -1.92239435288729, 53.53078438072194 ], [ -1.90864289300322, 53.538685056882841 ], [ -1.89436779610796, 53.533681131454927 ], [ -1.871493057307301, 53.5396371049533 ], [ -1.841606165790467, 53.519753878428304 ], [ -1.822544778283945, 53.522578611627246 ], [ -1.810250544452871, 53.506396512992353 ], [ -1.796048832215244, 53.502596418495038 ], [ -1.800276600106698, 53.49337882298969 ], [ -1.801471549575791, 53.480975606407704 ], [ -1.779200998335492, 53.474310396183213 ], [ -1.76664796515165, 53.464255460874092 ], [ -1.753157185374127, 53.464862531293818 ], [ -1.743651890749421, 53.445197605351765 ], [ -1.749642162587618, 53.43928775487003 ], [ -1.746804554414185, 53.426149480211933 ], [ -1.729874431101779, 53.415981399767681 ], [ -1.7140599938717, 53.419078248453594 ], [ -1.703238301771312, 53.413736427610431 ], [ -1.705153375015159, 53.405302809212657 ], [ -1.681829451712376, 53.401763798112846 ], [ -1.653495123712425, 53.385047993555183 ], [ -1.664010725372321, 53.367018046515021 ], [ -1.630593318192519, 53.356143762550275 ], [ -1.625507634503314, 53.352023685601353 ], [ -1.590505083075972, 53.346004 ], [ -1.564684324679922, 53.348691867611819 ], [ -1.541127985928272, 53.344901431419217 ], [ -1.514694115175908, 53.329472581461602 ], [ -1.507684897691579, 53.337737536940637 ], [ -1.483903142663272, 53.351850312034998 ], [ -1.477629191143017, 53.360156495620295 ], [ -1.425529233800924, 53.344592689137215 ], [ -1.409095440535146, 53.353827418459474 ], [ -1.386477, 53.355099 ], [ -1.35769835019805, 53.351339270398199 ], [ -1.339472604808793, 53.35726270343622 ], [ -1.325573596691642, 53.348921160169262 ], [ -1.318123206008878, 53.333064359916307 ], [ -1.298960296988455, 53.332466794487445 ], [ -1.291161357651498, 53.309259454565023 ], [ -1.270815520991376, 53.308943745799709 ], [ -1.254289511202879, 53.301750105576616 ], [ -1.230019004618665, 53.308478462068734 ], [ -1.219005455014982, 53.304139200806127 ], [ -1.200601030746308, 53.304369431505464 ], [ -1.184691127301887, 53.321369907151137 ], [ -1.163905537495603, 53.329297573594694 ], [ -1.141378639769893, 53.346085476111355 ], [ -1.145100570724708, 53.360237567419091 ], [ -1.137095846999622, 53.365171908298983 ], [ -1.130605852977349, 53.378945538348844 ], [ -1.130901629638196, 53.391047525024952 ], [ -1.108109757974154, 53.405972473264427 ], [ -1.09875979730646, 53.418777222899017 ], [ -1.087078022698103, 53.425524752377378 ], [ -1.054208647028088, 53.433569522500534 ], [ -1.05547434323938, 53.447801100880106 ], [ -1.086437966870574, 53.448568594981388 ], [ -1.078214155459513, 53.460319346594595 ], [ -1.059011256820209, 53.4567882249479 ], [ -1.028770577992385, 53.455203996407583 ], [ -1.020873568485596, 53.437981928225902 ], [ -1.023629811290545, 53.426155021549 ], [ -0.995674987529457, 53.436912879912725 ], [ -0.997378791643396, 53.44412633183363 ], [ -0.985546293198204, 53.461306757833647 ], [ -0.985978257168699, 53.471673348790937 ], [ -1.020012859727027, 53.481184644274528 ], [ -1.018374398167471, 53.492365539116129 ], [ -0.990550572252988, 53.486624777325069 ], [ -0.985946826290753, 53.493460223934321 ], [ -0.9437246150664, 53.508599096259502 ], [ -0.958755004034554, 53.520258503381314 ], [ -0.940264814355046, 53.520370032450138 ], [ -0.92430929030607, 53.531269620439907 ], [ -0.890778016249571, 53.527665833129753 ], [ -0.877308937719115, 53.532199813097066 ], [ -0.894290643613097, 53.547852362551225 ], [ -0.893050540824654, 53.565559798025717 ], [ -0.897262882116941, 53.576000672339831 ], [ -0.887624575984945, 53.586305533064014 ], [ -0.8724787055118, 53.578757306078103 ], [ -0.858961247684934, 53.605491032930161 ], [ -0.841635580982821, 53.612599069594445 ], [ -0.837413971875608, 53.628935761247462 ], [ -0.822563104577756, 53.637009621202822 ], [ -0.808973346582019, 53.629086205169841 ], [ -0.784508510559877, 53.636353565075837 ], [ -0.774909808791942, 53.648672731251288 ], [ -0.751966392243115, 53.633498455354861 ], [ -0.752382497136097, 53.648210528467814 ], [ -0.718781480810626, 53.660539041406246 ], [ -0.723586695604888, 53.678050279457239 ], [ -0.709131383574816, 53.678644351286259 ], [ -0.692321894036412, 53.686587881103357 ], [ -0.689268274988457, 53.700990024672848 ], [ -0.658443433952134, 53.716603198397792 ], [ -0.633649870338885, 53.722402253192485 ], [ -0.601891798179164, 53.721456000239471 ], [ -0.560855672408917, 53.699900531593897 ], [ -0.540414764538184, 53.694197991088934 ], [ -0.519524670223596, 53.694494747568918 ], [ -0.472842066925378, 53.70775167317943 ], [ -0.440489892169647, 53.706370910491628 ], [ -0.442146114308373, 53.714915995357373 ], [ -0.370925165379706, 53.727390094410403 ], [ -0.33972333620795, 53.735833867310369 ], [ -0.297033248011991, 53.742739029634137 ], [ -0.273495372580975, 53.740210751358816 ], [ -0.243067256244371, 53.729443102839554 ], [ -0.22602878925464, 53.708086403920412 ], [ -0.207859535525614, 53.701050405538282 ], [ -0.177189529284708, 53.682429308023416 ], [ -0.133276374201675, 53.650876040012463 ], [ -0.103426342455742, 53.6352660580134 ], [ -0.053939185122417, 53.629087093817546 ], [ -0.049674078431144, 53.632069530858679 ], [ 0.033264075478503, 53.649290873128024 ], [ 0.079766618132474, 53.640920705395345 ], [ 0.124644782217558, 53.623348007269549 ], [ 0.141886938044449, 53.619647750843235 ], [ 0.129858130390814, 53.644146524379757 ], [ 0.115283621007555, 53.663410500874924 ], [ 0.096311024501144, 53.681082104688691 ], [ 0.046619906522343, 53.719372776518298 ], [ 0.039281476719998, 53.72808357468459 ], [ -0.02666717150453, 53.780446743101365 ], [ -0.096742098656677, 53.842782315550437 ], [ -0.121842588826959, 53.863870734777187 ], [ -0.156808876555728, 53.903738938420375 ], [ -0.16269599017847, 53.919519732653129 ], [ -0.183236725340837, 53.949097277076461 ], [ -0.213156171769271, 54.007987959814045 ], [ -0.216240804725485, 54.028911150643658 ], [ -0.212242991884819, 54.05570789609019 ], [ -0.198560355045664, 54.077798964879335 ], [ -0.187329033522348, 54.081107878881873 ], [ -0.165480072790221, 54.099391231475032 ], [ -0.140807970558469, 54.104292671605819 ], [ -0.105243161444811, 54.103974151994521 ], [ -0.08173411226244, 54.110793006188338 ], [ -0.08323137150562, 54.122599838611521 ], [ -0.102497097621383, 54.130946096533052 ], [ -0.121040685765071, 54.133023855731714 ], [ -0.170860646688171, 54.150986514006256 ], [ -0.226815801200717, 54.159843248967398 ], [ -0.244025184028338, 54.166307935212451 ], [ -0.272642416216631, 54.182139367276847 ], [ -0.285211467012003, 54.203274810140215 ], [ -0.280019171928946, 54.214989580002189 ], [ -0.292456354689107, 54.224939835938336 ], [ -0.312530211382342, 54.228498438962681 ], [ -0.318483227496608, 54.23391984442349 ], [ -0.363878776591684, 54.245056330971181 ], [ -0.375966305392496, 54.262021877852376 ], [ -0.388833969576957, 54.267038771830258 ], [ -0.397667849321552, 54.278016082790842 ], [ -0.392201768609826, 54.283796034952559 ], [ -0.406283801034256, 54.292369177761813 ], [ -0.407673654535106, 54.305191127606541 ], [ -0.417710375620779, 54.310522239558779 ], [ -0.423428803816397, 54.3390483647512 ], [ -0.430985253011758, 54.344515770403092 ], [ -0.464054671107377, 54.389492664452412 ], [ -0.491779482670458, 54.40791274781504 ], [ -0.504178849734191, 54.407602759183213 ], [ -0.524454129932418, 54.417452002251629 ], [ -0.531675664589264, 54.436176415480077 ], [ -0.520857647971099, 54.446238827732302 ], [ -0.556711941080376, 54.464992824371969 ], [ -0.569384130740409, 54.479883648757763 ], [ -0.598446716627567, 54.489371223922518 ], [ -0.625425414211867, 54.491710352456259 ], [ -0.664218235277702, 54.50025530767001 ], [ -0.673200211920917, 54.512899013175677 ], [ -0.692516650750693, 54.520235886838627 ], [ -0.712941010115335, 54.533530854205488 ], [ -0.73100817452949, 54.52792460204568 ], [ -0.744725607082428, 54.528551927163498 ], [ -0.751290051261172, 54.542109543563392 ], [ -0.767127402953323, 54.546341421931118 ], [ -0.774674429456301, 54.557430814698613 ], [ -0.808782536585848, 54.5585737215278 ], [ -0.853457492508678, 54.571764929526161 ], [ -0.872031608783753, 54.569671238965334 ], [ -0.89623426681745, 54.571176317649169 ], [ -0.926472930481347, 54.586755386859494 ], [ -0.943972418485508, 54.588668411805102 ], [ -0.963167860599971, 54.585171360558611 ], [ -1.001179672257425, 54.593234082661816 ], [ -1.039372989552656, 54.607182100679758 ], [ -1.051883642886982, 54.615894467515275 ], [ -1.072697595068376, 54.621243019004723 ], [ -1.086542502567464, 54.620527486311858 ], [ -1.118887112366544, 54.629241716470375 ], [ -1.138989864562881, 54.640921236913854 ], [ -1.142108094774293, 54.647723581349418 ], [ -1.157955699829762, 54.627642454725333 ], [ -1.15433536816776, 54.611681999432683 ], [ -1.18860971460482, 54.588558193786568 ], [ -1.203301393513323, 54.581167071779142 ], [ -1.236108423314478, 54.586338977611547 ], [ -1.258033438571276, 54.587043558986885 ], [ -1.264350945693309, 54.569136229129128 ], [ -1.278008930660736, 54.573236512900877 ], [ -1.28799354337801, 54.564312791060857 ], [ -1.307587895636413, 54.565637082742654 ], [ -1.308306516675745, 54.547450892928886 ], [ -1.313656389235903, 54.5339898026714 ], [ -1.338746092515454, 54.530279185162421 ], [ -1.338112628987509, 54.50744887342394 ], [ -1.37173381715046, 54.503742264982748 ], [ -1.384832368662963, 54.486833861248314 ], [ -1.398326626908934, 54.491921757020386 ], [ -1.409775445215681, 54.489078958686854 ], [ -1.409758449652051, 54.478437219510482 ], [ -1.441570380448268, 54.490178335203233 ], [ -1.462245887475188, 54.504257216057255 ], [ -1.457881755642113, 54.482155110734091 ], [ -1.463805765604842, 54.474222311235138 ], [ -1.451722700682936, 54.465752596578099 ], [ -1.467572258986879, 54.461573376281194 ], [ -1.475396773585801, 54.473831469380364 ], [ -1.498206501234321, 54.4749505004146 ], [ -1.527757671456185, 54.485015044830376 ], [ -1.529718400099603, 54.475480714752557 ], [ -1.542946761068157, 54.469619689778149 ], [ -1.55465740201831, 54.485182219579542 ], [ -1.573667909855691, 54.490414400865234 ], [ -1.582713289415987, 54.497045591859795 ], [ -1.580755821469368, 54.51258927912523 ], [ -1.603600765374995, 54.512247469085331 ], [ -1.614210906022017, 54.519539614560315 ], [ -1.634253832896266, 54.514266423602557 ], [ -1.636152025402896, 54.525903695548678 ], [ -1.654178453095408, 54.524382501374333 ], [ -1.661394206328466, 54.535301880154769 ], [ -1.683430011668773, 54.533434400508945 ], [ -1.73006882343567, 54.541547500981082 ], [ -1.752995709680494, 54.551759737712707 ], [ -1.773801797466082, 54.548367926906607 ], [ -1.788730584204708, 54.534922460853309 ], [ -1.81530064508961, 54.524415890211593 ], [ -1.845197107112871, 54.528320323899557 ], [ -1.880280395586342, 54.523936949339067 ], [ -1.92649411888195, 54.539095521420762 ], [ -1.942169201722854, 54.554586101935136 ], [ -1.955422242921478, 54.560074108407925 ], [ -1.964888269889117, 54.570588572724397 ], [ -1.997375496589259, 54.5907664761503 ], [ -2.006015428311709, 54.601439226849529 ], [ -2.036975555968933, 54.60959196395585 ], [ -2.041570014726448, 54.617941895744281 ], [ -2.055285984691149, 54.621082430420508 ], [ -2.077531130183877, 54.618997826309496 ], [ -2.102925926571284, 54.625124204862523 ], [ -2.131152767981998, 54.635219130589455 ], [ -2.155002678132067, 54.649097017857777 ], [ -2.181117340526, 54.652311194237562 ], [ -2.196053991811246, 54.647311488598248 ], [ -2.21563436746409, 54.659248038571548 ], [ -2.255701370589312, 54.660513291048936 ], [ -2.25916444875653, 54.653365529090109 ], [ -2.28053140012734, 54.64651893168584 ], [ -2.2879234041346, 54.650458121271967 ], [ -2.325015780913883, 54.631613863822551 ], [ -2.30873471859515, 54.611869508116285 ], [ -2.304488284718672, 54.596200526963898 ], [ -2.270948101692587, 54.58221539499025 ], [ -2.245900963707982, 54.565087990720059 ], [ -2.209493258980739, 54.551709366063832 ], [ -2.210152868827369, 54.543703958533023 ], [ -2.190109589699808, 54.534315875713212 ], [ -2.168593111866254, 54.519624537973257 ], [ -2.162130862564017, 54.503303940384818 ], [ -2.16654408931407, 54.489943321682702 ], [ -2.159110372070946, 54.472016297598408 ], [ -2.161662, 54.464741 ], [ -2.177303612057277, 54.461589867285007 ], [ -2.18950227776743, 54.448952349606294 ], [ -2.221371649247724, 54.452472073781443 ], [ -2.228502305503574, 54.458416993523741 ], [ -2.265592305102717, 54.449273236363908 ], [ -2.265231552576787, 54.442859422433692 ], [ -2.28140595727886, 54.438737670634708 ], [ -2.303319416041117, 54.426363153878327 ], [ -2.308283355656584, 54.416071264451269 ], [ -2.306338460819453, 54.398747116358194 ], [ -2.291912220641342, 54.39131297414616 ], [ -2.297355830963304, 54.376901424898961 ], [ -2.317038126947929, 54.376300264187421 ], [ -2.326060718240822, 54.368232227451841 ], [ -2.361472693319833, 54.354831308733523 ], [ -2.380931235662015, 54.366766672741477 ], [ -2.404848342304895, 54.370357958540176 ], [ -2.420898161981428, 54.365858287240457 ], [ -2.449294479354965, 54.375719912527302 ], [ -2.46271140397293, 54.368382808030269 ], [ -2.483513297617302, 54.377355695914979 ], [ -2.519002, 54.369774 ], [ -2.534006620563535, 54.381103351597829 ], [ -2.538686052753349, 54.394194094821174 ], [ -2.554979932590577, 54.386754744317443 ], [ -2.579699, 54.391022 ], [ -2.576479789328071, 54.379811344821441 ], [ -2.580138710226226, 54.363447052338387 ], [ -2.588175157991168, 54.359450042493982 ], [ -2.571476120355234, 54.341434717702128 ], [ -2.567663822399537, 54.325040683939427 ], [ -2.583843197078727, 54.30774590352317 ], [ -2.572215316063074, 54.300610805772742 ], [ -2.563339364349, 54.313557381029561 ], [ -2.542518681226182, 54.300600058018702 ], [ -2.511482581999104, 54.284805702241101 ], [ -2.502805283313592, 54.276287863950792 ], [ -2.520690949986567, 54.262092774132618 ], [ -2.459575545713717, 54.239515459938829 ], [ -2.463274390028369, 54.222786543130709 ], [ -2.473255987564104, 54.215744924002387 ], [ -2.479924585310385, 54.202340289714307 ], [ -2.511677006601182, 54.178849944498218 ], [ -2.528766004654529, 54.169456953205867 ], [ -2.533179946631125, 54.158414519702767 ], [ -2.560574271547825, 54.153056566219895 ], [ -2.563365399999621, 54.122757448483632 ], [ -2.544763437437469, 54.117146805801617 ], [ -2.520535167755602, 54.095522392261735 ], [ -2.480748945826444, 54.085367016386634 ], [ -2.465673108427893, 54.071687033560238 ], [ -2.46400598118014, 54.061098357295997 ], [ -2.469501335056175, 54.046190925153894 ], [ -2.492278248877293, 54.04004033670796 ], [ -2.502538610463734, 54.020352948256743 ], [ -2.527353, 54.02623 ], [ -2.54927686193569, 54.013666017220558 ], [ -2.572296441883181, 54.014613428631947 ], [ -2.580669108883697, 54.000009089601583 ], [ -2.571623943616957, 53.983135226527814 ], [ -2.575191097085135, 53.972724526602839 ], [ -2.58888741953362, 53.96023179218551 ], [ -2.611539393005043, 53.956812245484556 ], [ -2.64422827861103, 53.957083451020942 ], [ -2.649761293164201, 53.949953103984107 ], [ -2.626403039388623, 53.938595612639794 ], [ -2.614574122174312, 53.920023954245757 ], [ -2.551606631485263, 53.926367118349447 ], [ -2.537389454787489, 53.933120085879523 ], [ -2.526285274165784, 53.929909152158821 ], [ -2.526934351292268, 53.901713568074875 ], [ -2.538396274053931, 53.88445549031934 ], [ -2.487787662918759, 53.882821844417315 ], [ -2.45987, 53.867615 ], [ -2.446711853972469, 53.854119329291443 ], [ -2.451625531883755, 53.847273888925621 ], [ -2.434939182534823, 53.840048028396318 ], [ -2.41804699189453, 53.8541061585357 ], [ -2.419291834817066, 53.867479946088167 ], [ -2.411417878718751, 53.877507861135363 ], [ -2.394724586782282, 53.882416431095407 ], [ -2.386193989855651, 53.893339278328888 ], [ -2.353284572400828, 53.900497810554249 ], [ -2.347112724023919, 53.905510245401466 ], [ -2.308993417689984, 53.900351155424026 ], [ -2.289104251501493, 53.901175812222711 ], [ -2.259168062499324, 53.882024045441689 ], [ -2.238472042431957, 53.886848450897759 ], [ -2.229130582714001, 53.872419880557594 ], [ -2.18514208411681, 53.882084818287453 ], [ -2.176691859509571, 53.891931157132341 ], [ -2.152986174455242, 53.884781788249903 ], [ -2.121591879555787, 53.884739752794999 ], [ -2.105399081433986, 53.890946050241361 ], [ -2.095674007206908, 53.888111698141294 ], [ -2.08162276269343, 53.875435443976251 ], [ -2.075484419230418, 53.862840428530028 ], [ -2.045973789810206, 53.850092168584617 ], [ -2.046887, 53.829445 ], [ -2.085135636316392, 53.818455283356343 ], [ -2.126073276550903, 53.799567253364827 ], [ -2.124815334435305, 53.78810089801987 ], [ -2.136543995747764, 53.779965362701105 ], [ -2.131363344693142, 53.774518070161321 ], [ -2.129617758895624, 53.754693338610878 ], [ -2.141729443078129, 53.745736037828529 ], [ -2.13896919496229, 53.73221592670663 ], [ -2.115037151971825, 53.726129317677938 ], [ -2.09688267482024, 53.716162799569965 ], [ -2.103723905298026, 53.706882438623005 ], [ -2.068897754746517, 53.690327200227912 ], [ -2.053779576057604, 53.687796466734532 ], [ -2.048939311377051, 53.680219748949497 ], [ -2.052211218412978, 53.669396504993536 ], [ -2.037095578037049, 53.662327542580591 ], [ -2.041164568974235, 53.640815062077458 ], [ -2.023059463254808, 53.615825511768023 ], [ -2.007513388020389, 53.613851755081839 ], [ -2.05591282663063, 53.597173022624105 ], [ -2.050370393980742, 53.588924092018942 ], [ -2.060029428365584, 53.578530433949062 ], [ -2.048568113560508, 53.569950555864487 ], [ -2.068606089819367, 53.557860650528696 ], [ -2.062007161280667, 53.54885504876539 ], [ -2.069278998431363, 53.537231054012402 ], [ -2.058239601784285, 53.535281416021711 ], [ -2.047510099898711, 53.519378411801391 ], [ -2.03821656614753, 53.519092126635009 ] ] ] } }
]
}
